Instance,1_threads_time,1_threads_solutions,1_threads_max_blocks,2_threads_time,2_threads_solutions,2_threads_max_blocks,4_threads_time,4_threads_solutions,4_threads_max_blocks,8_threads_time,8_threads_solutions,8_threads_max_blocks
AsnetAm.txt,0.9438,20064184773096211440000,,0.9446,20064184773096211440000,,0.9614,20064184773096211440000,,0.9560,20064184773096211440000,
AttMpls.txt,0.0247,138690000,,0.0247,138690000,,0.0264,138690000,,0.0269,138690000,
Bellcanada.txt,1.1493,1366309453307994000,,1.1511,1366309453307994000,,1.2007,1366309453307994000,,1.2011,1366309453307994000,
Bellsouth.txt,0.2080,794988832250372760,,0.2075,794988832250372760,,0.1339,794988832250372760,,0.1386,794988832250372760,
BeyondTheNetwork.txt,0.3595,7960497608448,,0.3586,7960497608448,,0.1580,7960497608448,,0.1603,7960497608448,
BtNorthAmerica.txt,0.0172,17798747645952,,0.0172,17798747645952,,0.0112,17798747645952,,0.0133,17798747645952,
Cernet.txt,0.0106,13037563816704,,0.0104,13037563816704,,0.0056,13037563816704,,0.0067,13037563816704,
Cesnet200706.txt,0.2077,14399767872,,0.2076,14399767872,,0.2146,14399767872,,0.2178,14399767872,
Cesnet201006.txt,0.0077,61223500800,,0.0077,61223500800,,0.0050,61223500800,,0.0055,61223500800,
Chinanet.txt,0.0037,7691190,,0.0036,7691190,,0.0025,7691190,,0.0028,7691190,
Cogentco.txt,timeout,,,timeout,,,timeout,,,timeout,,
Colt.txt,timeout,,,timeout,,,timeout,,,timeout,,
Columbus.txt,0.5490,7165051704986651567,,0.5475,7165051704986651567,,0.2746,7165051704986651567,,0.2853,7165051704986651567,
Cudi.txt,0.1459,9995373489286260,,0.1463,9995373489286260,,0.0595,9995373489286260,,0.0670,9995373489286260,
Deltacom.txt,0.7362,3951934041188949052559872439407542961305600,,0.7337,3951934041188949052559872439407542961305600,,0.7077,3951934041188949052559872439407542961305600,,0.6994,3951934041188949052559872439407542961305600,
DeutscheTelekom.txt,0.0147,1569482805945600,,0.0148,1569482805945600,,0.0092,1569482805945600,,0.0095,1569482805945600,
Dfn.txt,0.0777,164585098635804000,,0.0778,164585098635804000,,0.0678,164585098635804000,,0.0698,164585098635804000,
DialtelecomCz.txt,8.6371,20368774221577457181929824667570199495600,,8.6338,20368774221577457181929824667570199495600,,6.1221,20368774221577457181929824667570199495600,,6.1270,20368774221577457181929824667570199495600,
Esnet.txt,timeout,,,timeout,,,timeout,,,timeout,,
Forthnet.txt,0.6425,29464511615072976,,0.6430,29464511615072976,,0.6779,29464511615072976,,0.6762,29464511615072976,
Garr200902.txt,0.0252,7824905716064400,,0.0252,7824905716064400,,0.0185,7824905716064400,,0.0196,7824905716064400,
Garr200908.txt,0.0233,463471976167200,,0.0233,463471976167200,,0.0101,463471976167200,,0.0112,463471976167200,
Garr200909.txt,0.0129,622464874416000,,0.0128,622464874416000,,0.0066,622464874416000,,0.0074,622464874416000,
Garr200912.txt,0.0407,2122763494916064,,0.0408,2122763494916064,,0.0319,2122763494916064,,0.0313,2122763494916064,
Garr201001.txt,0.0164,4162117365182599680,,0.0164,4162117365182599680,,0.0101,4162117365182599680,,0.0106,4162117365182599680,
Garr201003.txt,0.0506,39991147739136,,0.0506,39991147739136,,0.0475,39991147739136,,0.0496,39991147739136,
Garr201004.txt,6.2360,2825001498839593800,,6.2356,2825001498839593800,,6.2998,2825001498839593800,,6.3138,2825001498839593800,
Garr201005.txt,0.0405,7087148919474624,,0.0403,7087148919474624,,0.0351,7087148919474624,,0.0355,7087148919474624,
Garr201007.txt,0.3972,5336270947998010944,,0.3960,5336270947998010944,,0.3529,5336270947998010944,,0.3578,5336270947998010944,
Garr201008.txt,0.0432,388166930756280,,0.0431,388166930756280,,0.0311,388166930756280,,0.0328,388166930756280,
Garr201010.txt,2.0725,148027474414443820,,2.0747,148027474414443820,,1.2074,148027474414443820,,1.2394,148027474414443820,
Garr201012.txt,0.0751,97131756402639000,,0.0753,97131756402639000,,0.0455,97131756402639000,,0.0480,97131756402639000,
Garr201101.txt,17.9732,2733651895783360,,17.9783,2733651895783360,,17.8967,2733651895783360,,17.9092,2733651895783360,
Garr201102.txt,0.0566,289823452468285680,,0.0566,289823452468285680,,0.0328,289823452468285680,,0.0345,289823452468285680,
Garr201103.txt,0.1300,188664499520640000,,0.1300,188664499520640000,,0.1112,188664499520640000,,0.1138,188664499520640000,
Garr201104.txt,0.1796,16136087602223714400,,0.1798,16136087602223714400,,0.1210,16136087602223714400,,0.1256,16136087602223714400,
Garr201105.txt,0.1334,1513246451090613120,,0.1325,1513246451090613120,,0.1252,1513246451090613120,,0.1278,1513246451090613120,
Garr201107.txt,0.1454,936844463116800,,0.1446,936844463116800,,0.1138,936844463116800,,0.1154,936844463116800,
Garr201108.txt,0.0594,12012866735768260800,,0.0592,12012866735768260800,,0.0461,12012866735768260800,,0.0459,12012866735768260800,
Garr201109.txt,0.1648,132270243712681500,,0.1646,132270243712681500,,0.1288,132270243712681500,,0.1302,132270243712681500,
Garr201110.txt,0.0563,14056537029740766,,0.0564,14056537029740766,,0.0481,14056537029740766,,0.0495,14056537029740766,
Garr201111.txt,0.1448,5792755250563929648,,0.1447,5792755250563929648,,0.1399,5792755250563929648,,0.1415,5792755250563929648,
Garr201112.txt,3.6051,374638307489310900,,3.6122,374638307489310900,,3.6269,374638307489310900,,3.6432,374638307489310900,
Garr201201.txt,0.0743,503920288213159104,,0.0740,503920288213159104,,0.0505,503920288213159104,,0.0562,503920288213159104,
Geant2009.txt,0.1817,405899646567480,,0.1817,405899646567480,,0.1896,405899646567480,,0.1901,405899646567480,
Geant2010.txt,0.0929,49350233892960,,0.0927,49350233892960,,0.0608,49350233892960,,0.0641,49350233892960,
Geant2012.txt,0.0408,8453062741836,,0.0408,8453062741836,,0.0189,8453062741836,,0.0204,8453062741836,
Globenet.txt,0.9359,3614360512588884541440,,0.9372,3614360512588884541440,,0.8128,3614360512588884541440,,0.8132,3614360512588884541440,
GtsCe.txt,timeout,,,timeout,,,timeout,,,timeout,,
HiberniaGlobal.txt,1.0891,2074561928035084800000,,1.0869,2074561928035084800000,,0.9913,2074561928035084800000,,0.9915,2074561928035084800000,
Highwinds.txt,0.0083,2620625,,0.0082,2620625,,0.0086,2620625,,0.0091,2620625,
Iij.txt,0.7123,74717787200,,0.7174,74717787200,,0.7561,74717787200,,0.7592,74717787200,
Intellifiber.txt,timeout,,,timeout,,,timeout,,,timeout,,
Internode.txt,0.1807,656798976200400,,0.1804,656798976200400,,0.1497,656798976200400,,0.1520,656798976200400,
Interoute.txt,0.1247,92298128982085591042551065289360000,,0.1247,92298128982085591042551065289360000,,0.0505,92298128982085591042551065289360000,,0.0536,92298128982085591042551065289360000,
Intranetwork.txt,0.0219,33747703235280000,,0.0218,33747703235280000,,0.0113,33747703235280000,,0.0115,33747703235280000,
Ion.txt,timeout,,,timeout,,,timeout,,,timeout,,
Iris.txt,0.0106,71342977305600000,,0.0106,71342977305600000,,0.0043,71342977305600000,,0.0055,71342977305600000,
Kdl.txt,timeout,,,timeout,,,timeout,,,timeout,,
Latnet.txt,0.0851,304291353642490026193920,,0.0852,304291353642490026193920,,0.0585,304291353642490026193920,,0.0569,304291353642490026193920,
Missouri.txt,0.0516,57105820983404196432000,,0.0516,57105820983404196432000,,0.0330,57105820983404196432000,,0.0346,57105820983404196432000,
Ntelos.txt,0.0200,12204588447222183936,,0.0199,12204588447222183936,,0.0099,12204588447222183936,,0.0127,12204588447222183936,
Ntt.txt,0.0136,8386993056,,0.0132,8386993056,,0.0087,8386993056,,0.0101,8386993056,
Oteglobe.txt,0.4592,58932142778298816678592512000,,0.4588,58932142778298816678592512000,,0.3407,58932142778298816678592512000,,0.3431,58932142778298816678592512000,
Palmetto.txt,0.0118,873985074811200,,0.0118,873985074811200,,0.0072,873985074811200,,0.0078,873985074811200,
Pern.txt,0.0433,768839913291780,,0.0428,768839913291780,,0.0249,768839913291780,,0.0283,768839913291780,
PionierL3.txt,0.0680,11411355795840,,0.0675,11411355795840,,0.0610,11411355795840,,0.0614,11411355795840,
RedBestel.txt,0.4757,1619510434492756271902713446400,,0.4752,1619510434492756271902713446400,,0.4074,1619510434492756271902713446400,,0.3915,1619510434492756271902713446400,
Renater2010.txt,0.0143,54096125107736880,,0.0142,54096125107736880,,0.0061,54096125107736880,,0.0064,54096125107736880,
RoedunetFibre.txt,0.0109,621254814919200,,0.0109,621254814919200,,0.0057,621254814919200,,0.0064,621254814919200,
Sinet.txt,0.6910,15071837050368,,0.6895,15071837050368,,0.6447,15071837050368,,0.6481,15071837050368,
Surfnet.txt,0.3863,3342855333091997118,,0.3853,3342855333091997118,,0.3458,3342855333091997118,,0.3488,3342855333091997118,
Switch.txt,0.2307,2279438093318474291882336,,0.2301,2279438093318474291882336,,0.1770,2279438093318474291882336,,0.1663,2279438093318474291882336,
SwitchL3.txt,0.0079,2814573775104,,0.0079,2814573775104,,0.0045,2814573775104,,0.0050,2814573775104,
Syringa.txt,1.0197,10089788438219191257523968000,,1.0187,10089788438219191257523968000,,0.9541,10089788438219191257523968000,,0.9472,10089788438219191257523968000,
TataNld.txt,0.6265,116699270316984507028179654846752222085120000,,0.6241,116699270316984507028179654846752222085120000,,0.2952,116699270316984507028179654846752222085120000,,0.2610,116699270316984507028179654846752222085120000,
Telcove.txt,1.3934,74165451814712814103255500,,1.3958,74165451814712814103255500,,0.9292,74165451814712814103255500,,0.9464,74165451814712814103255500,
Tinet.txt,0.2050,13027376900512716134400,,0.2048,13027376900512716134400,,0.1217,13027376900512716134400,,0.1250,13027376900512716134400,
Tw.txt,0.3222,3790029909358778736510720000,,0.3221,3790029909358778736510720000,,0.2412,3790029909358778736510720000,,0.2527,3790029909358778736510720000,
Ulaknet.txt,3.1072,756492510715200,,3.1046,756492510715200,,3.1416,756492510715200,,3.1476,756492510715200,
Uninett2010.txt,1.8549,120545239248463249868042304,,1.8530,120545239248463249868042304,,1.5643,120545239248463249868042304,,1.5709,120545239248463249868042304,
Uninett2011.txt,timeout,,,timeout,,,timeout,,,timeout,,
UsCarrier.txt,6.0692,132299646414148921973967297061663323763487466000,,6.0749,132299646414148921973967297061663323763487466000,,5.8198,132299646414148921973967297061663323763487466000,,5.7510,132299646414148921973967297061663323763487466000,
UsSignal.txt,0.2714,3542621686896383831250,,0.2718,3542621686896383831250,,0.1459,3542621686896383831250,,0.1435,3542621686896383831250,
Uunet.txt,0.0204,1505816007051840,,0.0204,1505816007051840,,0.0125,1505816007051840,,0.0135,1505816007051840,
VtlWavenet2008.txt,1.6226,124108206211482212912333137920,,1.6235,124108206211482212912333137920,,1.2704,124108206211482212912333137920,,1.2543,124108206211482212912333137920,
VtlWavenet2011.txt,3.4253,2067181203168727884189854085729600,,3.4273,2067181203168727884189854085729600,,3.2631,2067181203168727884189854085729600,,3.1870,2067181203168727884189854085729600,
bell-06.ec,0.0016,203,,0.0016,203,,0.0016,203,,0.0016,203,
bell-07.ec,0.0065,877,,0.0065,877,,0.0065,877,,0.0065,877,
bell-08.ec,0.0290,4140,,0.0287,4140,,0.0287,4140,,0.0286,4140,
bell-09.ec,0.1329,21147,,0.1343,21147,,0.1328,21147,,0.1328,21147,
bell-10.ec,0.6383,115975,,0.6387,115975,,0.6378,115975,,0.6384,115975,
bell-11.ec,3.1303,678570,,3.1277,678570,,3.1305,678570,,3.1280,678570,
bell-12.ec,timeout,,,timeout,,,timeout,,,timeout,,
delta.txt,153.0284,78,,153.3323,78,,170.3855,78,,178.4433,78,
dominoes_10x10.txt,0.8207,258500842280,,0.8173,258500842280,,0.8399,258500842280,,0.8467,258500842280,
dominoes_10x12.txt,1.3025,65727306209773,,1.3061,65727306209773,,1.3451,65727306209773,,1.3459,65727306209773,
dominoes_12x12.txt,6.5932,53060477521960000,,6.5960,53060477521960000,,6.7905,53060477521960000,,6.8090,53060477521960000,
dominoes_8x10.txt,0.1554,1031151241,,0.1553,1031151241,,0.1594,1031151241,,0.1613,1031151241,
dominoes_8x8.txt,0.0884,12988816,,0.0886,12988816,,0.0909,12988816,,0.0925,12988816,
doublefact-09.ec,0.0026,945,,0.0026,945,,0.0026,945,,0.0026,945,
doublefact-11.ec,0.0094,10395,,0.0094,10395,,0.0094,10395,,0.0094,10395,
doublefact-13.ec,0.0328,135135,,0.0327,135135,,0.0327,135135,,0.0328,135135,
doublefact-15.ec,0.1098,2027025,,0.1093,2027025,,0.1096,2027025,,0.1095,2027025,
doublefact-17.ec,0.3609,34459425,,0.3591,34459425,,0.3599,34459425,,0.3593,34459425,
doublefact-19.ec,1.1629,654729075,,1.1622,654729075,,1.1614,654729075,,1.1592,654729075,
doublefact-21.ec,3.6835,13749310575,,3.6791,13749310575,,3.6871,13749310575,,3.6845,13749310575,
doublefact-23.ec,11.6108,316234143225,,11.6083,316234143225,,11.5921,316234143225,,11.6055,316234143225,
doublefact-25.ec,35.6933,7905853580625,,35.7319,7905853580625,,35.7483,7905853580625,,35.7165,7905853580625,
doublefact-27.ec,109.3653,213458046676875,,109.3785,213458046676875,,109.4576,213458046676875,,109.5260,213458046676875,
doublefact-29.ec,329.2100,6190283353629375,,329.3024,6190283353629375,,329.0007,6190283353629375,,329.4422,6190283353629375,
exotic_fives.txt,timeout,,,timeout,,,timeout,,,timeout,,
grafo10006.98.txt,1.7295,272471817868228000342011539250,,1.7089,272471817868228000342011539250,,0.8787,272471817868228000342011539250,,0.9140,272471817868228000342011539250,
grafo10017.96.txt,timeout,,,timeout,,,timeout,,,timeout,,
grafo10072.97.txt,6.9687,13259058958914480360125792,,6.9779,13259058958914480360125792,,4.0611,13259058958914480360125792,,4.0857,13259058958914480360125792,
grafo10084.97.txt,0.8669,2215710702367944079837593600,,0.8669,2215710702367944079837593600,,0.6652,2215710702367944079837593600,,0.6397,2215710702367944079837593600,
grafo10093.98.txt,0.1609,12011373629043051434493001680,,0.1610,12011373629043051434493001680,,0.0701,12011373629043051434493001680,,0.0643,12011373629043051434493001680,
grafo10099.94.txt,5.6747,39349088628024795597276038431211520,,5.6936,39349088628024795597276038431211520,,5.8588,39349088628024795597276038431211520,,5.8506,39349088628024795597276038431211520,
grafo10100.99.txt,2.3811,7977811134928620432600,,2.3821,7977811134928620432600,,2.1173,7977811134928620432600,,2.1213,7977811134928620432600,
grafo10105.93.txt,5.5221,1235530189623079694604780000,,5.5167,1235530189623079694604780000,,2.9688,1235530189623079694604780000,,2.9250,1235530189623079694604780000,
grafo10112.98.txt,5.1805,12692276990425636038640681899566220,,5.1624,12692276990425636038640681899566220,,4.8360,12692276990425636038640681899566220,,4.8497,12692276990425636038640681899566220,
grafo10113.94.txt,1.8772,13552406625123665520153488091360,,1.8743,13552406625123665520153488091360,,1.7156,13552406625123665520153488091360,,1.7224,13552406625123665520153488091360,
grafo10116.100.txt,26.0333,971215764779959981172051724,,26.0346,971215764779959981172051724,,11.5095,971215764779959981172051724,,11.5539,971215764779959981172051724,
grafo10124.100.txt,21.9226,148037755648448254547995330500,,21.8753,148037755648448254547995330500,,20.3577,148037755648448254547995330500,,20.3295,148037755648448254547995330500,
grafo10126.98.txt,21.0314,183539511604327781847152690439408,,21.0223,183539511604327781847152690439408,,21.0870,183539511604327781847152690439408,,20.9021,183539511604327781847152690439408,
grafo10129.99.txt,15.8720,198551644286553956304688320,,15.8625,198551644286553956304688320,,15.7177,198551644286553956304688320,,15.7047,198551644286553956304688320,
grafo10130.97.txt,timeout,,,timeout,,,timeout,,,timeout,,
grafo10146.97.txt,1.5119,36084888290235633242565472,,1.5096,36084888290235633242565472,,0.8474,36084888290235633242565472,,0.8888,36084888290235633242565472,
grafo10151.94.txt,96.3362,884237776388877943482121692,,96.4999,884237776388877943482121692,,99.9258,884237776388877943482121692,,99.7168,884237776388877943482121692,
grafo10153.100.txt,25.4236,1522606325222540988002985840,,25.4281,1522606325222540988002985840,,15.0687,1522606325222540988002985840,,15.1080,1522606325222540988002985840,
grafo10156.97.txt,1.6729,20347415726226677046330578319960,,1.6700,20347415726226677046330578319960,,0.9918,20347415726226677046330578319960,,0.9636,20347415726226677046330578319960,
grafo10160.96.txt,timeout,,,timeout,,,timeout,,,timeout,,
grafo10161.99.txt,9.1622,7489193924846362454591106978792,,9.1504,7489193924846362454591106978792,,6.7464,7489193924846362454591106978792,,6.7660,7489193924846362454591106978792,
grafo10162.93.txt,3.0110,16943723066030712130728,,2.9976,16943723066030712130728,,2.3005,16943723066030712130728,,2.3164,16943723066030712130728,
grafo10164.98.txt,timeout,,,timeout,,,timeout,,,timeout,,
grafo10171.99.txt,1.6442,15378287316672584254732985280,,1.6366,15378287316672584254732985280,,1.1615,15378287316672584254732985280,,1.1608,15378287316672584254732985280,
grafo10173.97.txt,74.9793,8321947117800534439910676000,,74.9305,8321947117800534439910676000,,72.9432,8321947117800534439910676000,,73.0344,8321947117800534439910676000,
grafo10175.99.txt,1.1203,85388328645309376216506001872,,1.1178,85388328645309376216506001872,,0.7551,85388328645309376216506001872,,0.7355,85388328645309376216506001872,
grafo10176.97.txt,3.5514,110391288988965933859653042432,,3.5529,110391288988965933859653042432,,1.4055,110391288988965933859653042432,,1.4319,110391288988965933859653042432,
grafo10179.97.txt,33.4885,3283276628857985077912945920,,33.5547,3283276628857985077912945920,,35.0216,3283276628857985077912945920,,34.9486,3283276628857985077912945920,
grafo10184.100.txt,0.7534,774260303763303208390801489920,,0.7525,774260303763303208390801489920,,0.7049,774260303763303208390801489920,,0.7083,774260303763303208390801489920,
grafo10195.99.txt,0.4871,190292079107394297194953680,,0.4876,190292079107394297194953680,,0.2039,190292079107394297194953680,,0.2204,190292079107394297194953680,
grafo10203.97.txt,0.2977,60240136444714215336356779770000,,0.2984,60240136444714215336356779770000,,0.1335,60240136444714215336356779770000,,0.1120,60240136444714215336356779770000,
grafo10204.100.txt,3.8252,29653634898146327380379042234220,,3.8236,29653634898146327380379042234220,,2.2578,29653634898146327380379042234220,,2.2338,29653634898146327380379042234220,
grafo10205.97.txt,0.2704,1047098415602374598602584000,,0.2711,1047098415602374598602584000,,0.0983,1047098415602374598602584000,,0.0955,1047098415602374598602584000,
grafo10207.98.txt,0.4850,407524009110382244942767825920,,0.4870,407524009110382244942767825920,,0.2905,407524009110382244942767825920,,0.2976,407524009110382244942767825920,
grafo10209.99.txt,0.9037,1778405443010598595931612784,,0.9023,1778405443010598595931612784,,0.6127,1778405443010598595931612784,,0.5907,1778405443010598595931612784,
grafo10215.93.txt,0.2288,4429033439896804903015219200,,0.2278,4429033439896804903015219200,,0.1336,4429033439896804903015219200,,0.1392,4429033439896804903015219200,
grafo10218.99.txt,20.6195,38667110457340255402658803488,,20.6033,38667110457340255402658803488,,14.6987,38667110457340255402658803488,,14.7100,38667110457340255402658803488,
grafo10220.97.txt,2.6513,1790803918795800975261000000,,2.6507,1790803918795800975261000000,,2.4678,1790803918795800975261000000,,2.4773,1790803918795800975261000000,
grafo10223.100.txt,1.6544,328837542685158315870007155,,1.6532,328837542685158315870007155,,1.5793,328837542685158315870007155,,1.5871,328837542685158315870007155,
grafo10237.100.txt,48.1308,56690839685714305150282092960,,48.1211,56690839685714305150282092960,,43.5847,56690839685714305150282092960,,43.5549,56690839685714305150282092960,
grafo10244.99.txt,2.8692,9063532329631820153122673664,,2.8635,9063532329631820153122673664,,1.8794,9063532329631820153122673664,,1.8943,9063532329631820153122673664,
grafo10250.100.txt,0.8661,114852967527687017594839695360,,0.8667,114852967527687017594839695360,,0.3830,114852967527687017594839695360,,0.4017,114852967527687017594839695360,
grafo10259.100.txt,26.6550,64165443845633858500762161900,,26.6777,64165443845633858500762161900,,23.4140,64165443845633858500762161900,,23.4274,64165443845633858500762161900,
grafo10262.100.txt,0.3119,6525746259024633846681600,,0.3120,6525746259024633846681600,,0.1843,6525746259024633846681600,,0.1767,6525746259024633846681600,
grafo10265.100.txt,0.2459,32094343893604867070884746240,,0.2468,32094343893604867070884746240,,0.1880,32094343893604867070884746240,,0.1828,32094343893604867070884746240,
grafo10266.94.txt,0.4153,110801121815568366975240,,0.4143,110801121815568366975240,,0.3238,110801121815568366975240,,0.3280,110801121815568366975240,
grafo10269.99.txt,1.6834,380480960212526987313930000,,1.6845,380480960212526987313930000,,1.0185,380480960212526987313930000,,1.0123,380480960212526987313930000,
grafo10273.97.txt,1.8648,33635956333383979125105139200,,1.8694,33635956333383979125105139200,,1.5910,33635956333383979125105139200,,1.5632,33635956333383979125105139200,
grafo10275.97.txt,8.2649,244644070413026379047679107760,,8.2673,244644070413026379047679107760,,7.2784,244644070413026379047679107760,,7.1779,244644070413026379047679107760,
grafo10288.95.txt,0.3049,67924110954574990800416160000,,0.3036,67924110954574990800416160000,,0.1344,67924110954574990800416160000,,0.1462,67924110954574990800416160000,
grafo10291.93.txt,1.6499,8089182960223746111277546359360,,1.6457,8089182960223746111277546359360,,1.4724,8089182960223746111277546359360,,1.4648,8089182960223746111277546359360,
grafo10292.100.txt,timeout,,,timeout,,,timeout,,,timeout,,
grafo10293.99.txt,0.3975,1189967169400391312521176624192,,0.3966,1189967169400391312521176624192,,0.2503,1189967169400391312521176624192,,0.2627,1189967169400391312521176624192,
grafo10297.98.txt,0.4258,5047361956059511058420258045952,,0.4268,5047361956059511058420258045952,,0.2557,5047361956059511058420258045952,,0.2617,5047361956059511058420258045952,
grafo10298.97.txt,0.3488,6411956755318891248938904345600,,0.3475,6411956755318891248938904345600,,0.1503,6411956755318891248938904345600,,0.1322,6411956755318891248938904345600,
grafo10303.96.txt,0.4074,336623282871798635541043488000,,0.4075,336623282871798635541043488000,,0.1758,336623282871798635541043488000,,0.1937,336623282871798635541043488000,
grafo10305.100.txt,1.0481,292616449355000172969265830912,,1.0462,292616449355000172969265830912,,0.5047,292616449355000172969265830912,,0.5246,292616449355000172969265830912,
grafo10318.98.txt,2.8337,160075764596308430431394162528,,2.8326,160075764596308430431394162528,,2.3914,160075764596308430431394162528,,2.4030,160075764596308430431394162528,
grafo10325.96.txt,24.9384,1515397275158045792571669607425,,24.9181,1515397275158045792571669607425,,24.2582,1515397275158045792571669607425,,24.1915,1515397275158045792571669607425,
grafo10327.97.txt,0.5641,6668191872233180852367168,,0.5650,6668191872233180852367168,,0.4197,6668191872233180852367168,,0.4224,6668191872233180852367168,
grafo10339.95.txt,6.4358,154016948980994323270086040,,6.4323,154016948980994323270086040,,5.1431,154016948980994323270086040,,5.1723,154016948980994323270086040,
grafo10346.97.txt,3.4003,85352803321813705564434487680,,3.4073,85352803321813705564434487680,,3.5007,85352803321813705564434487680,,3.4954,85352803321813705564434487680,
grafo10351.97.txt,9.5087,3038891642273243664196962750,,9.5059,3038891642273243664196962750,,9.2815,3038891642273243664196962750,,9.2903,3038891642273243664196962750,
grafo10353.99.txt,3.6721,577765059452569037115956736,,3.6790,577765059452569037115956736,,2.5957,577765059452569037115956736,,2.6170,577765059452569037115956736,
grafo10354.99.txt,0.4419,2635922965070113457943960,,0.4433,2635922965070113457943960,,0.2578,2635922965070113457943960,,0.2642,2635922965070113457943960,
grafo10359.95.txt,23.8135,21232201433844641535018326254080,,23.8299,21232201433844641535018326254080,,25.0835,21232201433844641535018326254080,,25.0792,21232201433844641535018326254080,
grafo10362.94.txt,1.9089,13439932228370461283870400,,1.9046,13439932228370461283870400,,1.4209,13439932228370461283870400,,1.4416,13439932228370461283870400,
grafo10365.97.txt,26.7268,25575653156019543270406020,,26.6845,25575653156019543270406020,,23.4150,25575653156019543270406020,,23.4419,25575653156019543270406020,
grafo10369.100.txt,0.4286,162269574458684398363738080,,0.4271,162269574458684398363738080,,0.2438,162269574458684398363738080,,0.2475,162269574458684398363738080,
grafo10382.94.txt,timeout,,,timeout,,,timeout,,,timeout,,
grafo10383.99.txt,8.4103,48590625751332512262533280,,8.4078,48590625751332512262533280,,5.4500,48590625751332512262533280,,5.4710,48590625751332512262533280,
grafo10387.97.txt,0.1416,928110106585327508832600,,0.1419,928110106585327508832600,,0.0734,928110106585327508832600,,0.0615,928110106585327508832600,
grafo10388.95.txt,1.1233,100871271571286563976946948624,,1.1235,100871271571286563976946948624,,0.4538,100871271571286563976946948624,,0.4816,100871271571286563976946948624,
grafo10393.96.txt,306.2253,425493453186964623118066838730,,306.4411,425493453186964623118066838730,,262.9071,425493453186964623118066838730,,263.3210,425493453186964623118066838730,
grafo10405.97.txt,36.4172,422648839585725195128400,,36.5035,422648839585725195128400,,37.1559,422648839585725195128400,,37.1487,422648839585725195128400,
grafo10409.96.txt,0.4010,139058476479714794419701648,,0.4002,139058476479714794419701648,,0.2040,139058476479714794419701648,,0.2054,139058476479714794419701648,
grafo10416.96.txt,0.4059,271249176254157952533452952,,0.4061,271249176254157952533452952,,0.2508,271249176254157952533452952,,0.2387,271249176254157952533452952,
grafo10418.100.txt,0.3970,147754061920021215867995714457600,,0.3963,147754061920021215867995714457600,,0.2329,147754061920021215867995714457600,,0.2523,147754061920021215867995714457600,
grafo10420.97.txt,0.3306,40799332872710765774848481424384,,0.3313,40799332872710765774848481424384,,0.1390,40799332872710765774848481424384,,0.1587,40799332872710765774848481424384,
grafo10421.99.txt,1.1354,52350402903229612656419750400,,1.1348,52350402903229612656419750400,,0.4463,52350402903229612656419750400,,0.4731,52350402903229612656419750400,
grafo10426.100.txt,37.5443,1827793168247687543855740545483964,,37.5164,1827793168247687543855740545483964,,34.3288,1827793168247687543855740545483964,,34.3973,1827793168247687543855740545483964,
grafo10432.99.txt,1.3504,39585030704867624378340600668160,,1.3530,39585030704867624378340600668160,,1.1139,39585030704867624378340600668160,,1.0941,39585030704867624378340600668160,
grafo10434.98.txt,timeout,,,timeout,,,timeout,,,timeout,,
grafo10436.95.txt,2.9435,4397495877745499771502988640640,,2.9465,4397495877745499771502988640640,,1.7016,4397495877745499771502988640640,,1.7272,4397495877745499771502988640640,
grafo10441.98.txt,timeout,,,timeout,,,timeout,,,timeout,,
grafo10444.100.txt,1.1245,16141694039854526732472576000000,,1.1330,16141694039854526732472576000000,,0.7225,16141694039854526732472576000000,,0.7391,16141694039854526732472576000000,
grafo10445.94.txt,1.8478,139093054073990193881088000,,1.8522,139093054073990193881088000,,0.9510,139093054073990193881088000,,0.9722,139093054073990193881088000,
grafo10446.95.txt,0.3597,1406626619252431805138851200,,0.3586,1406626619252431805138851200,,0.2427,1406626619252431805138851200,,0.2465,1406626619252431805138851200,
grafo10452.94.txt,0.1925,1302522886890895552129225440,,0.1931,1302522886890895552129225440,,0.0772,1302522886890895552129225440,,0.0864,1302522886890895552129225440,
grafo10453.97.txt,0.8917,978126309502359359394781347840,,0.8893,978126309502359359394781347840,,0.7395,978126309502359359394781347840,,0.7233,978126309502359359394781347840,
grafo10467.100.txt,1.3613,829005255557150402856812544000,,1.3636,829005255557150402856812544000,,1.0632,829005255557150402856812544000,,1.0759,829005255557150402856812544000,
grafo10469.100.txt,2.6276,29833371992729329249984,,2.6316,29833371992729329249984,,1.4871,29833371992729329249984,,1.5210,29833371992729329249984,
grafo10474.94.txt,timeout,,,timeout,,,timeout,,,timeout,,
grafo10484.99.txt,1.5265,2800369925851353194772692875,,1.5278,2800369925851353194772692875,,1.0024,2800369925851353194772692875,,1.0063,2800369925851353194772692875,
grafo10488.98.txt,0.4968,147530693993345834083200,,0.4940,147530693993345834083200,,0.2458,147530693993345834083200,,0.2609,147530693993345834083200,
grafo10489.95.txt,timeout,,,timeout,,,timeout,,,timeout,,
grafo10491.97.txt,45.3300,130734696450864539748417120,,45.3025,130734696450864539748417120,,45.1857,130734696450864539748417120,,45.1841,130734696450864539748417120,
grafo10492.96.txt,32.7589,38385060996073952528012304,,32.7461,38385060996073952528012304,,22.8810,38385060996073952528012304,,22.8800,38385060996073952528012304,
grafo10496.98.txt,36.5286,14326602878499623356934254944,,36.5601,14326602878499623356934254944,,26.5376,14326602878499623356934254944,,26.5067,14326602878499623356934254944,
grafo10501.96.txt,2.5709,60200824737438188138649600000,,2.5727,60200824737438188138649600000,,1.4417,60200824737438188138649600000,,1.4756,60200824737438188138649600000,
grafo10502.91.txt,2.2227,17145714310767787059504,,2.2201,17145714310767787059504,,2.0809,17145714310767787059504,,2.0769,17145714310767787059504,
grafo10508.100.txt,56.9962,4511299976859460536969453195036,,57.0051,4511299976859460536969453195036,,29.7521,4511299976859460536969453195036,,29.8290,4511299976859460536969453195036,
grafo10516.94.txt,8.0568,15349626258814572399639360,,8.0571,15349626258814572399639360,,8.0202,15349626258814572399639360,,8.0395,15349626258814572399639360,
grafo10522.99.txt,4.8298,1362396344215079666562581191680,,4.8229,1362396344215079666562581191680,,3.4590,1362396344215079666562581191680,,3.4736,1362396344215079666562581191680,
grafo10523.97.txt,1.0495,2582091752234108448983040,,1.0488,2582091752234108448983040,,0.6311,2582091752234108448983040,,0.6448,2582091752234108448983040,
grafo10532.99.txt,10.6430,462576742767318193685812243872,,10.6701,462576742767318193685812243872,,10.8945,462576742767318193685812243872,,10.9025,462576742767318193685812243872,
grafo10533.100.txt,7.4170,75765334881122745334866192794594400,,7.4140,75765334881122745334866192794594400,,4.5427,75765334881122745334866192794594400,,4.5107,75765334881122745334866192794594400,
grafo10534.100.txt,0.5360,6190404474802541320344211290206208,,0.5372,6190404474802541320344211290206208,,0.2151,6190404474802541320344211290206208,,0.2212,6190404474802541320344211290206208,
grafo10536.99.txt,0.4391,89947113720736152688205852520,,0.4385,89947113720736152688205852520,,0.2491,89947113720736152688205852520,,0.2495,89947113720736152688205852520,
grafo10537.95.txt,timeout,,,timeout,,,timeout,,,timeout,,
grafo10538.100.txt,5.9235,789373682830989325271163816,,5.9132,789373682830989325271163816,,4.7586,789373682830989325271163816,,4.7800,789373682830989325271163816,
grafo10547.94.txt,2.0358,6784952125033040430938400,,2.0408,6784952125033040430938400,,1.5655,6784952125033040430938400,,1.5800,6784952125033040430938400,
grafo10549.99.txt,1.9830,1145040940241452014901674319885248,,1.9761,1145040940241452014901674319885248,,1.1665,1145040940241452014901674319885248,,1.0459,1145040940241452014901674319885248,
grafo10552.96.txt,11.1961,20889029397226285157195570148,,11.2140,20889029397226285157195570148,,9.5557,20889029397226285157195570148,,9.5543,20889029397226285157195570148,
grafo10560.95.txt,0.6619,10454917675207673432929607718912,,0.6643,10454917675207673432929607718912,,0.4434,10454917675207673432929607718912,,0.4118,10454917675207673432929607718912,
grafo10575.99.txt,7.6700,290401904358524035719206484192,,7.6508,290401904358524035719206484192,,5.2284,290401904358524035719206484192,,5.2472,290401904358524035719206484192,
grafo10577.100.txt,3.6624,289452947838024215689962434880,,3.6607,289452947838024215689962434880,,1.3848,289452947838024215689962434880,,1.2464,289452947838024215689962434880,
grafo10578.96.txt,0.6843,59448044221069477278245400,,0.6847,59448044221069477278245400,,0.3860,59448044221069477278245400,,0.3957,59448044221069477278245400,
grafo10586.100.txt,1.0170,3148492073586458925239257920,,1.0196,3148492073586458925239257920,,0.5126,3148492073586458925239257920,,0.4877,3148492073586458925239257920,
grafo10589.93.txt,5.2252,48907832318169911850493546530,,5.2273,48907832318169911850493546530,,3.1264,48907832318169911850493546530,,3.1667,48907832318169911850493546530,
grafo10592.98.txt,1.5378,2607343682329504256862467094951600,,1.5336,2607343682329504256862467094951600,,1.3491,2607343682329504256862467094951600,,1.3685,2607343682329504256862467094951600,
grafo10596.99.txt,1.5151,112465313385181924312362654720,,1.5143,112465313385181924312362654720,,1.5284,112465313385181924312362654720,,1.5237,112465313385181924312362654720,
grafo10603.100.txt,5.0102,670509391789522585608000,,5.0086,670509391789522585608000,,5.1606,670509391789522585608000,,5.1316,670509391789522585608000,
grafo10608.93.txt,0.7580,2731816373006312109429752800,,0.7604,2731816373006312109429752800,,0.3467,2731816373006312109429752800,,0.3503,2731816373006312109429752800,
grafo10624.91.txt,0.2461,28252598579182428029482758660,,0.2453,28252598579182428029482758660,,0.1338,28252598579182428029482758660,,0.1409,28252598579182428029482758660,
grafo10626.100.txt,0.2898,123805968402809495607386400,,0.2895,123805968402809495607386400,,0.1224,123805968402809495607386400,,0.1217,123805968402809495607386400,
grafo10630.94.txt,18.7011,42203028634531492749435200,,18.7029,42203028634531492749435200,,18.5617,42203028634531492749435200,,18.6203,42203028634531492749435200,
grafo10632.100.txt,2.9071,574873638719068404760642606008000,,2.9048,574873638719068404760642606008000,,2.6486,574873638719068404760642606008000,,2.6573,574873638719068404760642606008000,
grafo10633.100.txt,51.1132,4051183497234948245203200,,51.0963,4051183497234948245203200,,27.7597,4051183497234948245203200,,27.6950,4051183497234948245203200,
grafo10634.96.txt,5.7423,1654781544725917620413343427164,,5.7548,1654781544725917620413343427164,,4.2906,1654781544725917620413343427164,,4.3095,1654781544725917620413343427164,
grafo10635.95.txt,1.2117,71356613932690877273184000,,1.2139,71356613932690877273184000,,0.8358,71356613932690877273184000,,0.8559,71356613932690877273184000,
grafo10637.94.txt,1.2631,11214433932496991100576672,,1.2612,11214433932496991100576672,,1.2857,11214433932496991100576672,,1.2828,11214433932496991100576672,
grafo10638.100.txt,1.4122,186453077689245827319552,,1.4069,186453077689245827319552,,1.3837,186453077689245827319552,,1.3783,186453077689245827319552,
grafo10644.100.txt,1.9084,465721805127078320112415926,,1.9019,465721805127078320112415926,,1.7862,465721805127078320112415926,,1.7860,465721805127078320112415926,
grafo10646.100.txt,1.2212,9820844339917672108320000,,1.2257,9820844339917672108320000,,0.7966,9820844339917672108320000,,0.8121,9820844339917672108320000,
grafo10648.98.txt,2.7006,356474569742739338284800,,2.7027,356474569742739338284800,,2.4462,356474569742739338284800,,2.4509,356474569742739338284800,
grafo10650.98.txt,28.6769,34469998616098897969669380,,28.6551,34469998616098897969669380,,18.0966,34469998616098897969669380,,18.1318,34469998616098897969669380,
grafo10652.100.txt,133.2940,3980767004196538169400792876,,133.3038,3980767004196538169400792876,,136.6092,3980767004196538169400792876,,136.5986,3980767004196538169400792876,
grafo10653.100.txt,11.5558,1342937053333865090796414720,,11.5772,1342937053333865090796414720,,11.8938,1342937053333865090796414720,,11.8978,1342937053333865090796414720,
grafo10662.100.txt,4.2008,27178777349470484479346220000,,4.2067,27178777349470484479346220000,,4.2197,27178777349470484479346220000,,4.2264,27178777349470484479346220000,
grafo10663.99.txt,0.5889,10004537904397046812627562880,,0.5894,10004537904397046812627562880,,0.3137,10004537904397046812627562880,,0.3202,10004537904397046812627562880,
grafo10670.100.txt,timeout,,,timeout,,,timeout,,,timeout,,
grafo10671.100.txt,39.3435,624388665254004882462918502728,,39.3162,624388665254004882462918502728,,24.3426,624388665254004882462918502728,,24.3965,624388665254004882462918502728,
grafo10674.99.txt,2.7676,5795087564123430300037643026176,,2.7720,5795087564123430300037643026176,,1.0477,5795087564123430300037643026176,,1.0987,5795087564123430300037643026176,
grafo10676.100.txt,0.5881,88449251051691116273910908805120,,0.5882,88449251051691116273910908805120,,0.5034,88449251051691116273910908805120,,0.4719,88449251051691116273910908805120,
grafo10685.98.txt,0.6534,18933970214606610605994945868800,,0.6552,18933970214606610605994945868800,,0.3004,18933970214606610605994945868800,,0.3198,18933970214606610605994945868800,
grafo10688.95.txt,33.3349,7478181939256863448721096448,,33.3250,7478181939256863448721096448,,26.5864,7478181939256863448721096448,,26.6497,7478181939256863448721096448,
grafo10689.98.txt,1.2192,1370682840424281115042080000,,1.2182,1370682840424281115042080000,,0.8373,1370682840424281115042080000,,0.8410,1370682840424281115042080000,
grafo10693.98.txt,0.2851,15811121663230543469294733740160,,0.2856,15811121663230543469294733740160,,0.1630,15811121663230543469294733740160,,0.1470,15811121663230543469294733740160,
grafo10694.96.txt,timeout,,,timeout,,,timeout,,,timeout,,
grafo10695.98.txt,1.1215,152426309856396886819860480,,1.1239,152426309856396886819860480,,1.0284,152426309856396886819860480,,1.0344,152426309856396886819860480,
grafo10696.99.txt,4.6862,5204307257358901709651572916250,,4.6894,5204307257358901709651572916250,,2.9532,5204307257358901709651572916250,,2.9861,5204307257358901709651572916250,
grafo10698.95.txt,0.1651,195624642073083526902416762880,,0.1648,195624642073083526902416762880,,0.0616,195624642073083526902416762880,,0.0779,195624642073083526902416762880,
grafo10700.98.txt,0.5390,2303423420658486348064432128000,,0.5396,2303423420658486348064432128000,,0.2849,2303423420658486348064432128000,,0.2512,2303423420658486348064432128000,
grafo10712.98.txt,1.0665,87350475221980225179971773660000,,1.0665,87350475221980225179971773660000,,0.7464,87350475221980225179971773660000,,0.7565,87350475221980225179971773660000,
grafo10713.92.txt,64.2337,762510033365435299350000,,64.2029,762510033365435299350000,,66.7979,762510033365435299350000,,66.7178,762510033365435299350000,
grafo10714.99.txt,43.2726,753275972951039162649444000,,43.3229,753275972951039162649444000,,28.2889,753275972951039162649444000,,28.3243,753275972951039162649444000,
grafo10722.96.txt,1.3212,7181570767061926043280,,1.3203,7181570767061926043280,,1.2089,7181570767061926043280,,1.2121,7181570767061926043280,
grafo10726.99.txt,2.1624,1169381234631546957492807274800,,2.1635,1169381234631546957492807274800,,1.1245,1169381234631546957492807274800,,1.1276,1169381234631546957492807274800,
grafo10735.99.txt,timeout,,,timeout,,,timeout,,,timeout,,
grafo10736.99.txt,0.9915,654533353008865416702686400,,0.9965,654533353008865416702686400,,0.3997,654533353008865416702686400,,0.4234,654533353008865416702686400,
grafo10737.99.txt,2.4225,948450972521583413184960,,2.4274,948450972521583413184960,,2.2054,948450972521583413184960,,2.2018,948450972521583413184960,
grafo10750.100.txt,0.8879,79424048531055784214151971742570,,0.8900,79424048531055784214151971742570,,0.5460,79424048531055784214151971742570,,0.5647,79424048531055784214151971742570,
grafo10758.96.txt,0.5923,14393936331269128652052040205472000,,0.5926,14393936331269128652052040205472000,,0.2418,14393936331269128652052040205472000,,0.2604,14393936331269128652052040205472000,
grafo10760.96.txt,10.7118,44506808727552680251881600,,10.7064,44506808727552680251881600,,10.8246,44506808727552680251881600,,10.8397,44506808727552680251881600,
grafo10772.100.txt,timeout,,,timeout,,,timeout,,,timeout,,
grafo10780.99.txt,373.5144,100509289024425000623046414000,,373.6723,100509289024425000623046414000,,382.1382,100509289024425000623046414000,,382.2266,100509289024425000623046414000,
grafo10781.100.txt,2.0986,34326665474148801719856,,2.0964,34326665474148801719856,,1.5440,34326665474148801719856,,1.5600,34326665474148801719856,
grafo10792.98.txt,1.3834,28740760556884933575573102213120,,1.3847,28740760556884933575573102213120,,1.0581,28740760556884933575573102213120,,1.0784,28740760556884933575573102213120,
grafo10806.97.txt,71.5720,35882555281410025625978883552,,71.5398,35882555281410025625978883552,,68.4057,35882555281410025625978883552,,68.4215,35882555281410025625978883552,
grafo10807.95.txt,9.1723,593601167552440538679750,,9.1706,593601167552440538679750,,4.6562,593601167552440538679750,,4.7006,593601167552440538679750,
grafo10808.98.txt,3.1260,378121638730523407451224668000,,3.1288,378121638730523407451224668000,,1.6849,378121638730523407451224668000,,1.6887,378121638730523407451224668000,
grafo10810.97.txt,timeout,,,timeout,,,timeout,,,timeout,,
grafo10811.96.txt,8.1585,62515660367842952114211840,,8.1467,62515660367842952114211840,,7.3730,62515660367842952114211840,,7.4149,62515660367842952114211840,
grafo10814.98.txt,5.0259,1117495863804927164415897312000,,5.0273,1117495863804927164415897312000,,2.9087,1117495863804927164415897312000,,2.9431,1117495863804927164415897312000,
grafo10820.100.txt,timeout,,,timeout,,,timeout,,,timeout,,
grafo10825.98.txt,0.2152,448703730980795389658142516768,,0.2150,448703730980795389658142516768,,0.1158,448703730980795389658142516768,,0.1285,448703730980795389658142516768,
grafo10827.99.txt,11.0667,55037159210177477446446115200,,11.0640,55037159210177477446446115200,,11.0022,55037159210177477446446115200,,10.9763,55037159210177477446446115200,
grafo10829.97.txt,1.5579,353483805373369159926528000,,1.5591,353483805373369159926528000,,1.2250,353483805373369159926528000,,1.2251,353483805373369159926528000,
grafo10831.98.txt,0.7011,132171520291202302513208524800,,0.6983,132171520291202302513208524800,,0.6708,132171520291202302513208524800,,0.6749,132171520291202302513208524800,
grafo10832.94.txt,timeout,,,timeout,,,timeout,,,timeout,,
grafo10836.97.txt,0.4143,53328914740725442127812132608,,0.4173,53328914740725442127812132608,,0.2832,53328914740725442127812132608,,0.2888,53328914740725442127812132608,
grafo10849.95.txt,0.3459,146263666707748943943862272000,,0.3456,146263666707748943943862272000,,0.1955,146263666707748943943862272000,,0.2072,146263666707748943943862272000,
grafo10854.99.txt,0.5695,193278561796094961314540049523200,,0.5709,193278561796094961314540049523200,,0.3004,193278561796094961314540049523200,,0.3170,193278561796094961314540049523200,
grafo10859.97.txt,1.1967,619544659954727747936779866,,1.1961,619544659954727747936779866,,0.9982,619544659954727747936779866,,0.9960,619544659954727747936779866,
grafo10860.93.txt,0.2076,82576179328076510630400,,0.2074,82576179328076510630400,,0.0987,82576179328076510630400,,0.1060,82576179328076510630400,
grafo10861.100.txt,0.7507,7829288665158404488852831676796000,,0.7497,7829288665158404488852831676796000,,0.5082,7829288665158404488852831676796000,,0.4850,7829288665158404488852831676796000,
grafo10862.98.txt,timeout,,,timeout,,,timeout,,,timeout,,
grafo10864.99.txt,6.4694,16665764537733819344371841148,,6.4670,16665764537733819344371841148,,4.5315,16665764537733819344371841148,,4.5056,16665764537733819344371841148,
grafo10865.100.txt,timeout,,,timeout,,,timeout,,,timeout,,
grafo10866.98.txt,43.7294,68356601925166039739547857982,,43.6345,68356601925166039739547857982,,42.7161,68356601925166039739547857982,,42.8100,68356601925166039739547857982,
grafo10876.98.txt,timeout,,,timeout,,,timeout,,,timeout,,
grafo10878.94.txt,0.9379,40448324839475188109531614233600,,0.9373,40448324839475188109531614233600,,0.6669,40448324839475188109531614233600,,0.6665,40448324839475188109531614233600,
grafo10882.95.txt,2.4191,447542272092260259015739440,,2.4188,447542272092260259015739440,,1.2699,447542272092260259015739440,,1.2962,447542272092260259015739440,
grafo10883.93.txt,0.7902,2430118976009979196378800000,,0.7892,2430118976009979196378800000,,0.4362,2430118976009979196378800000,,0.4521,2430118976009979196378800000,
grafo10898.95.txt,0.2901,758521327325540596697880000,,0.2913,758521327325540596697880000,,0.1587,758521327325540596697880000,,0.1601,758521327325540596697880000,
grafo10905.97.txt,0.2610,12135924843732264824121600000,,0.2603,12135924843732264824121600000,,0.1101,12135924843732264824121600000,,0.1135,12135924843732264824121600000,
grafo10907.99.txt,8.9563,32617260794404341954987264,,8.9583,32617260794404341954987264,,8.9564,32617260794404341954987264,,8.9363,32617260794404341954987264,
grafo10908.98.txt,2.1039,6900725645688243858242801600,,2.0999,6900725645688243858242801600,,1.4227,6900725645688243858242801600,,1.4498,6900725645688243858242801600,
grafo10911.100.txt,timeout,,,timeout,,,timeout,,,timeout,,
grafo10918.98.txt,7.0662,32800654433715516623943360,,7.0738,32800654433715516623943360,,4.6938,32800654433715516623943360,,4.7045,32800654433715516623943360,
grafo10919.97.txt,0.9716,4873808896014194882486512200,,0.9736,4873808896014194882486512200,,0.5244,4873808896014194882486512200,,0.5323,4873808896014194882486512200,
grafo10926.99.txt,0.2323,401726519668839391778054937600,,0.2327,401726519668839391778054937600,,0.1490,401726519668839391778054937600,,0.1603,401726519668839391778054937600,
grafo10928.100.txt,18.3207,9190757566031022615122048714700,,18.2767,9190757566031022615122048714700,,16.9086,9190757566031022615122048714700,,16.9221,9190757566031022615122048714700,
grafo10937.100.txt,0.7459,910818728906524523479841616000,,0.7428,910818728906524523479841616000,,0.4759,910818728906524523479841616000,,0.4883,910818728906524523479841616000,
grafo10943.95.txt,5.5776,2232135796878792160387153920000,,5.5931,2232135796878792160387153920000,,5.8709,2232135796878792160387153920000,,5.9009,2232135796878792160387153920000,
grafo10945.98.txt,0.9515,95891009417905168894140000,,0.9495,95891009417905168894140000,,0.4696,95891009417905168894140000,,0.4921,95891009417905168894140000,
grafo10950.97.txt,timeout,,,timeout,,,timeout,,,timeout,,
grafo10952.96.txt,14.0804,391142330406672230736365760,,14.0603,391142330406672230736365760,,7.2793,391142330406672230736365760,,7.3218,391142330406672230736365760,
grafo10958.98.txt,timeout,,,timeout,,,timeout,,,timeout,,
grafo10962.100.txt,timeout,,,timeout,,,timeout,,,timeout,,
grafo10970.100.txt,3.2471,2452216546463682773005463232,,3.2493,2452216546463682773005463232,,2.6542,2452216546463682773005463232,,2.6655,2452216546463682773005463232,
grafo10972.95.txt,32.1286,730242681394420579010813713920,,32.1796,730242681394420579010813713920,,17.3716,730242681394420579010813713920,,17.4204,730242681394420579010813713920,
grafo10976.92.txt,3.2142,10759050697100237213220300916440,,3.1920,10759050697100237213220300916440,,1.3745,10759050697100237213220300916440,,1.4119,10759050697100237213220300916440,
grafo10998.100.txt,timeout,,,timeout,,,timeout,,,timeout,,
grafo11000.99.txt,3.1395,1217725012095539482686059005177080,,3.1513,1217725012095539482686059005177080,,2.9854,1217725012095539482686059005177080,,2.9475,1217725012095539482686059005177080,
grafo11001.97.txt,timeout,,,timeout,,,timeout,,,timeout,,
grafo11003.100.txt,4.0469,3976499213449309516733400000,,4.0459,3976499213449309516733400000,,3.6963,3976499213449309516733400000,,3.7014,3976499213449309516733400000,
grafo11008.99.txt,7.2689,3675203970100782918317392,,7.2767,3675203970100782918317392,,5.9251,3675203970100782918317392,,5.9594,3675203970100782918317392,
grafo11011.100.txt,0.6279,140688757390106390892469346304000,,0.6266,140688757390106390892469346304000,,0.2673,140688757390106390892469346304000,,0.2991,140688757390106390892469346304000,
grafo11014.100.txt,0.9964,102699410881895065529306726096461824,,0.9924,102699410881895065529306726096461824,,0.5803,102699410881895065529306726096461824,,0.5716,102699410881895065529306726096461824,
grafo11015.98.txt,15.0820,5798627185029890446921707036288,,15.0846,5798627185029890446921707036288,,13.8273,5798627185029890446921707036288,,13.8682,5798627185029890446921707036288,
grafo11016.98.txt,0.8568,7526571230364813338624640,,0.8544,7526571230364813338624640,,0.3545,7526571230364813338624640,,0.3644,7526571230364813338624640,
grafo11020.100.txt,1.7614,20444842677214024445820085111800000,,1.7616,20444842677214024445820085111800000,,1.6386,20444842677214024445820085111800000,,1.6111,20444842677214024445820085111800000,
grafo11035.99.txt,0.2397,26848343803661264515276800,,0.2394,26848343803661264515276800,,0.1262,26848343803661264515276800,,0.1349,26848343803661264515276800,
grafo11037.99.txt,185.2202,917919000231868701669522816,,185.4862,917919000231868701669522816,,192.4036,917919000231868701669522816,,192.3823,917919000231868701669522816,
grafo11039.96.txt,5.7667,3389918511944201602117280,,5.7552,3389918511944201602117280,,5.2002,3389918511944201602117280,,5.2239,3389918511944201602117280,
grafo11044.95.txt,0.4157,1197912132516610056000,,0.4154,1197912132516610056000,,0.1891,1197912132516610056000,,0.1955,1197912132516610056000,
grafo11047.92.txt,timeout,,,timeout,,,timeout,,,timeout,,
grafo11050.98.txt,2.0999,21793683158398046358023808,,2.1005,21793683158398046358023808,,1.1225,21793683158398046358023808,,1.1360,21793683158398046358023808,
grafo11056.98.txt,2.1646,139448046035464528744346345472,,2.1596,139448046035464528744346345472,,2.1741,139448046035464528744346345472,,2.1802,139448046035464528744346345472,
grafo11060.99.txt,1.3462,2221581091015208181652619592894,,1.3398,2221581091015208181652619592894,,0.8339,2221581091015208181652619592894,,0.8413,2221581091015208181652619592894,
grafo11067.98.txt,19.3622,4884715904609705915728260,,19.3466,4884715904609705915728260,,18.6310,4884715904609705915728260,,18.6448,4884715904609705915728260,
grafo11069.93.txt,3.1859,67197688711299492990806963592,,3.1813,67197688711299492990806963592,,3.2749,67197688711299492990806963592,,3.2519,67197688711299492990806963592,
grafo11070.94.txt,1.0839,296693280114774832563512784000,,1.0803,296693280114774832563512784000,,0.7841,296693280114774832563512784000,,0.7763,296693280114774832563512784000,
grafo11072.98.txt,timeout,,,timeout,,,timeout,,,timeout,,
grafo11073.100.txt,timeout,,,timeout,,,timeout,,,timeout,,
grafo11076.97.txt,0.5092,3926107989980203149244661760,,0.5081,3926107989980203149244661760,,0.1942,3926107989980203149244661760,,0.2155,3926107989980203149244661760,
grafo11088.97.txt,0.4040,1042994082302208333696820608,,0.4034,1042994082302208333696820608,,0.1606,1042994082302208333696820608,,0.1784,1042994082302208333696820608,
grafo11096.97.txt,0.5342,21190592381506159344503198702400000,,0.5357,21190592381506159344503198702400000,,0.3355,21190592381506159344503198702400000,,0.3149,21190592381506159344503198702400000,
grafo11099.99.txt,timeout,,,timeout,,,timeout,,,timeout,,
grafo11100.95.txt,17.2670,1816713943740179220678036480,,17.2668,1816713943740179220678036480,,16.7945,1816713943740179220678036480,,16.8411,1816713943740179220678036480,
grafo11101.95.txt,3.7219,925307123039192848461312,,3.7335,925307123039192848461312,,2.2510,925307123039192848461312,,2.2772,925307123039192848461312,
grafo11102.98.txt,1.1500,78159853560697776,,1.1463,78159853560697776,,1.1697,78159853560697776,,1.1732,78159853560697776,
grafo11105.95.txt,12.0740,2779410180372288144133818600,,12.0405,2779410180372288144133818600,,9.1704,2779410180372288144133818600,,9.1420,2779410180372288144133818600,
grafo11106.99.txt,2.3275,1800410220099824921841093120,,2.3250,1800410220099824921841093120,,2.1589,1800410220099824921841093120,,2.1448,1800410220099824921841093120,
grafo11110.99.txt,1.5848,3283273471348689681777012,,1.5880,3283273471348689681777012,,0.8200,3283273471348689681777012,,0.8533,3283273471348689681777012,
grafo11112.96.txt,6.5626,32730420111605723465368,,6.5593,32730420111605723465368,,6.3333,32730420111605723465368,,6.3438,32730420111605723465368,
grafo11113.98.txt,0.6911,85282876610070364386506217600,,0.6916,85282876610070364386506217600,,0.6845,85282876610070364386506217600,,0.6797,85282876610070364386506217600,
grafo11114.93.txt,2.3831,19671423926865926171894250009840,,2.3855,19671423926865926171894250009840,,1.3145,19671423926865926171894250009840,,1.3471,19671423926865926171894250009840,
grafo11115.92.txt,0.1601,457952153329344881847182400,,0.1598,457952153329344881847182400,,0.0689,457952153329344881847182400,,0.0806,457952153329344881847182400,
grafo11119.98.txt,34.2220,150138594780901227665744227920,,34.2277,150138594780901227665744227920,,20.7650,150138594780901227665744227920,,20.8491,150138594780901227665744227920,
grafo11125.100.txt,timeout,,,timeout,,,timeout,,,timeout,,
grafo11140.98.txt,0.2792,12949719097651467435583488000,,0.2795,12949719097651467435583488000,,0.1714,12949719097651467435583488000,,0.1588,12949719097651467435583488000,
grafo11142.99.txt,4.1526,1972035514499084401578914190442500,,4.1516,1972035514499084401578914190442500,,4.2420,1972035514499084401578914190442500,,4.2328,1972035514499084401578914190442500,
grafo11143.98.txt,0.1654,21006525537883519741138348800,,0.1649,21006525537883519741138348800,,0.1055,21006525537883519741138348800,,0.1022,21006525537883519741138348800,
grafo11144.92.txt,0.8318,69290945340192171185472000,,0.8330,69290945340192171185472000,,0.7719,69290945340192171185472000,,0.7580,69290945340192171185472000,
grafo11145.99.txt,16.1666,3904010658825695860851839346840,,16.1670,3904010658825695860851839346840,,16.5996,3904010658825695860851839346840,,16.5524,3904010658825695860851839346840,
grafo11148.99.txt,19.4942,26041661467666965604983965281200,,19.4991,26041661467666965604983965281200,,20.1428,26041661467666965604983965281200,,20.1616,26041661467666965604983965281200,
grafo11149.100.txt,timeout,,,timeout,,,timeout,,,timeout,,
grafo11157.100.txt,4.0768,2255220706960252460009775340800,,4.0731,2255220706960252460009775340800,,3.1970,2255220706960252460009775340800,,3.2129,2255220706960252460009775340800,
grafo11162.100.txt,timeout,,,timeout,,,timeout,,,timeout,,
grafo11176.100.txt,timeout,,,timeout,,,timeout,,,timeout,,
grafo11178.95.txt,timeout,,,timeout,,,timeout,,,timeout,,
grafo11181.95.txt,0.1844,204303551180648012431583604480,,0.1857,204303551180648012431583604480,,0.1030,204303551180648012431583604480,,0.1054,204303551180648012431583604480,
grafo11198.98.txt,34.5385,492387302804990856535993500,,34.5184,492387302804990856535993500,,25.6576,492387302804990856535993500,,25.6884,492387302804990856535993500,
grafo11201.99.txt,0.3795,1147720450559495792252226408000,,0.3790,1147720450559495792252226408000,,0.1784,1147720450559495792252226408000,,0.1920,1147720450559495792252226408000,
grafo11204.99.txt,timeout,,,timeout,,,timeout,,,timeout,,
grafo11218.99.txt,4.7329,981634254919532297202912,,4.7340,981634254919532297202912,,2.3916,981634254919532297202912,,2.4168,981634254919532297202912,
grafo11223.99.txt,1.7552,2360818719012081418650711306540,,1.7563,2360818719012081418650711306540,,1.7527,2360818719012081418650711306540,,1.7755,2360818719012081418650711306540,
grafo11227.100.txt,7.2966,2716288583159839941443148,,7.2929,2716288583159839941443148,,5.5770,2716288583159839941443148,,5.6060,2716288583159839941443148,
grafo11250.99.txt,2.6287,8943747317419205357818461381583296,,2.6250,8943747317419205357818461381583296,,1.3200,8943747317419205357818461381583296,,1.3434,8943747317419205357818461381583296,
grafo11251.93.txt,0.5619,4809787111811592399184022526528,,0.5623,4809787111811592399184022526528,,0.2608,4809787111811592399184022526528,,0.2844,4809787111811592399184022526528,
grafo11254.99.txt,6.0132,30139977622287267367176194,,6.0267,30139977622287267367176194,,3.4640,30139977622287267367176194,,3.4872,30139977622287267367176194,
grafo11271.99.txt,3.7411,109664252023274371019546173840,,3.7418,109664252023274371019546173840,,2.1033,109664252023274371019546173840,,2.1156,109664252023274371019546173840,
grafo11280.99.txt,2.6785,83393808943885689836202,,2.6770,83393808943885689836202,,1.6092,83393808943885689836202,,1.6292,83393808943885689836202,
grafo11313.96.txt,2.9323,7003276840515664560,,2.9229,7003276840515664560,,2.9879,7003276840515664560,,2.9819,7003276840515664560,
grafo11324.100.txt,1.8324,560387610526314185205659607711744,,1.8310,560387610526314185205659607711744,,0.9867,560387610526314185205659607711744,,1.0150,560387610526314185205659607711744,
grafo11335.100.txt,0.5690,61471332725994635285503002432000,,0.5691,61471332725994635285503002432000,,0.4845,61471332725994635285503002432000,,0.4716,61471332725994635285503002432000,
grafo11369.96.txt,timeout,,,timeout,,,timeout,,,timeout,,
grafo11458.100.txt,4.3160,32929161513245347400780796768,,4.3057,32929161513245347400780796768,,3.8048,32929161513245347400780796768,,3.7841,32929161513245347400780796768,
grafo11469.96.txt,4.0377,165728243199277045297920000,,4.0461,165728243199277045297920000,,3.7006,165728243199277045297920000,,3.7062,165728243199277045297920000,
grafo11546.97.txt,0.6617,75444469155251576685056404800,,0.6618,75444469155251576685056404800,,0.3070,75444469155251576685056404800,,0.3255,75444469155251576685056404800,
grafo11569.93.txt,1.0105,4844612865840488301571200,,1.0131,4844612865840488301571200,,0.9298,4844612865840488301571200,,0.9364,4844612865840488301571200,
grafo3224.98.txt,timeout,,,timeout,,,timeout,,,timeout,,
grafo3435.99.txt,5.3546,652148706592030102138027610622720,,5.3542,652148706592030102138027610622720,,4.3183,652148706592030102138027610622720,,4.3391,652148706592030102138027610622720,
grafo3532.99.txt,0.3626,28327450894599629841700806720,,0.3621,28327450894599629841700806720,,0.1435,28327450894599629841700806720,,0.1587,28327450894599629841700806720,
grafo3680.99.txt,0.8587,2149519026657629741871667680000,,0.8597,2149519026657629741871667680000,,0.3990,2149519026657629741871667680000,,0.4198,2149519026657629741871667680000,
grafo3712.95.txt,0.5553,5258623445171291339393040,,0.5555,5258623445171291339393040,,0.3646,5258623445171291339393040,,0.3643,5258623445171291339393040,
grafo3861.99.txt,0.8387,16121448104607716575683640617648,,0.8395,16121448104607716575683640617648,,0.4324,16121448104607716575683640617648,,0.4476,16121448104607716575683640617648,
grafo3890.96.txt,1.0555,8944113065325995850718418621147520,,1.0594,8944113065325995850718418621147520,,1.0788,8944113065325995850718418621147520,,1.0804,8944113065325995850718418621147520,
grafo3898.99.txt,5.4277,45437908753940371061101014897360,,5.4235,45437908753940371061101014897360,,4.5962,45437908753940371061101014897360,,4.6118,45437908753940371061101014897360,
grafo3979.98.txt,0.3173,423904573438761629195520,,0.3172,423904573438761629195520,,0.1659,423904573438761629195520,,0.1692,423904573438761629195520,
grafo3995.97.txt,0.9774,5930178410174204526257671736106096,,0.9792,5930178410174204526257671736106096,,0.6375,5930178410174204526257671736106096,,0.6591,5930178410174204526257671736106096,
grafo4091.99.txt,4.6308,32508414237190114299136803240960,,4.6288,32508414237190114299136803240960,,2.2996,32508414237190114299136803240960,,2.3195,32508414237190114299136803240960,
grafo6562.98.txt,0.1650,236273893424318395676761226496,,0.1646,236273893424318395676761226496,,0.0730,236273893424318395676761226496,,0.0693,236273893424318395676761226496,
grafo6625.99.txt,1.5096,1337161524838599745621440,,1.4982,1337161524838599745621440,,1.4892,1337161524838599745621440,,1.4934,1337161524838599745621440,
grafo6975.39.txt,0.7439,320039444695988826981559487100000,,0.7438,320039444695988826981559487100000,,0.4800,320039444695988826981559487100000,,0.4801,320039444695988826981559487100000,
grafo7221.99.txt,0.2285,1525888907338681754882536320000,,0.2282,1525888907338681754882536320000,,0.0920,1525888907338681754882536320000,,0.1072,1525888907338681754882536320000,
grafo7263.99.txt,17.2781,4898217364894297822096937790,,17.2753,4898217364894297822096937790,,13.9416,4898217364894297822096937790,,13.9453,4898217364894297822096937790,
grafo7417.39.txt,0.2078,413427890976458123248101187541280000,,0.2077,413427890976458123248101187541280000,,0.1237,413427890976458123248101187541280000,,0.1248,413427890976458123248101187541280000,
grafo7785.100.txt,0.6537,557646274243607696621728263360,,0.6535,557646274243607696621728263360,,0.4730,557646274243607696621728263360,,0.4819,557646274243607696621728263360,
grafo7797.100.txt,7.0647,18087494243875214914061634240,,7.0754,18087494243875214914061634240,,6.1559,18087494243875214914061634240,,6.1459,18087494243875214914061634240,
grafo7907.80.txt,0.9590,56046368067982192880179200,,0.9607,56046368067982192880179200,,0.8117,56046368067982192880179200,,0.8152,56046368067982192880179200,
grafo7936.89.txt,timeout,,,timeout,,,timeout,,,timeout,,
grafo8008.95.txt,1.3453,2836630049700547381881600,,1.3476,2836630049700547381881600,,0.6936,2836630049700547381881600,,0.7206,2836630049700547381881600,
grafo8127.78.txt,0.0827,66208157321355098849280,,0.0825,66208157321355098849280,,0.0306,66208157321355098849280,,0.0368,66208157321355098849280,
grafo8198.99.txt,0.4440,649388601659380264242499152000,,0.4431,649388601659380264242499152000,,0.2704,649388601659380264242499152000,,0.2509,649388601659380264242499152000,
grafo8223.99.txt,0.3079,334422330310025516401710173429760,,0.3069,334422330310025516401710173429760,,0.1628,334422330310025516401710173429760,,0.1551,334422330310025516401710173429760,
grafo8373.100.txt,0.2588,742658646888847672838471232000,,0.2585,742658646888847672838471232000,,0.1441,742658646888847672838471232000,,0.1450,742658646888847672838471232000,
grafo8478.98.txt,2.9385,12250781027964153710065548,,2.9303,12250781027964153710065548,,1.5345,12250781027964153710065548,,1.5641,12250781027964153710065548,
grafo8490.95.txt,39.6864,6954795444905727972824869260,,39.6482,6954795444905727972824869260,,28.8584,6954795444905727972824869260,,28.8377,6954795444905727972824869260,
grafo8510.100.txt,1.0251,2522290965851353756626557847360,,1.0233,2522290965851353756626557847360,,0.5240,2522290965851353756626557847360,,0.5462,2522290965851353756626557847360,
grafo8513.100.txt,26.1346,17471553262314750778272772500,,26.2089,17471553262314750778272772500,,26.0465,17471553262314750778272772500,,26.1029,17471553262314750778272772500,
grafo8549.100.txt,timeout,,,timeout,,,timeout,,,timeout,,
grafo8566.98.txt,1.9018,33675447534980819354777573856,,1.9073,33675447534980819354777573856,,1.8704,33675447534980819354777573856,,1.8673,33675447534980819354777573856,
grafo8571.94.txt,1.2747,60036648006230924769664308000,,1.2766,60036648006230924769664308000,,1.1491,60036648006230924769664308000,,1.1295,60036648006230924769664308000,
grafo8673.98.txt,2.0863,3665987126814610816771132800,,2.0898,3665987126814610816771132800,,1.5044,3665987126814610816771132800,,1.5072,3665987126814610816771132800,
grafo8674.100.txt,1.7716,4411819550965378162337392234383360,,1.7702,4411819550965378162337392234383360,,0.7693,4411819550965378162337392234383360,,0.8229,4411819550965378162337392234383360,
grafo8719.93.txt,50.0848,2173553529918219502903872,,50.1473,2173553529918219502903872,,46.6138,2173553529918219502903872,,46.6763,2173553529918219502903872,
grafo8739.99.txt,2.5983,3366762140037852540788650000,,2.6032,3366762140037852540788650000,,1.4754,3366762140037852540788650000,,1.4967,3366762140037852540788650000,
grafo8777.98.txt,0.2280,527114627133616421733651616800,,0.2276,527114627133616421733651616800,,0.1116,527114627133616421733651616800,,0.1136,527114627133616421733651616800,
grafo8780.96.txt,0.7152,106865700460093439124794247168,,0.7135,106865700460093439124794247168,,0.4194,106865700460093439124794247168,,0.4348,106865700460093439124794247168,
grafo8791.94.txt,10.6211,41589719173122967105329114,,10.6021,41589719173122967105329114,,8.8525,41589719173122967105329114,,8.8859,41589719173122967105329114,
grafo8793.100.txt,0.5604,6290998565958574189476048,,0.5602,6290998565958574189476048,,0.2276,6290998565958574189476048,,0.2455,6290998565958574189476048,
grafo8805.80.txt,timeout,,,timeout,,,timeout,,,timeout,,
grafo8812.99.txt,timeout,,,timeout,,,timeout,,,timeout,,
grafo8823.93.txt,0.9632,2471867976793564523950612320,,0.9640,2471867976793564523950612320,,0.3773,2471867976793564523950612320,,0.4096,2471867976793564523950612320,
grafo8826.100.txt,0.5231,1834705985117148849612007324569600,,0.5234,1834705985117148849612007324569600,,0.2180,1834705985117148849612007324569600,,0.2402,1834705985117148849612007324569600,
grafo8857.99.txt,0.8989,313543526986779746908720331250,,0.8997,313543526986779746908720331250,,0.6824,313543526986779746908720331250,,0.6901,313543526986779746908720331250,
grafo8864.98.txt,0.9653,1950049320147521882078400,,0.9667,1950049320147521882078400,,0.6649,1950049320147521882078400,,0.6609,1950049320147521882078400,
grafo8865.100.txt,23.6342,133118304148808645048105400,,23.6056,133118304148808645048105400,,18.6053,133118304148808645048105400,,18.6301,133118304148808645048105400,
grafo8867.97.txt,23.9403,685435933677155785309751810400,,23.9807,685435933677155785309751810400,,25.1591,685435933677155785309751810400,,25.1371,685435933677155785309751810400,
grafo8882.100.txt,3.0793,60433143070321573071599902510800,,3.0776,60433143070321573071599902510800,,1.3595,60433143070321573071599902510800,,1.3814,60433143070321573071599902510800,
grafo8892.100.txt,0.3544,156239009903443337640000,,0.3538,156239009903443337640000,,0.2688,156239009903443337640000,,0.2742,156239009903443337640000,
grafo8893.96.txt,0.0933,8420211467291839036389765120,,0.0932,8420211467291839036389765120,,0.0509,8420211467291839036389765120,,0.0423,8420211467291839036389765120,
grafo8921.98.txt,143.9648,1389282415098912869397296334,,144.0341,1389282415098912869397296334,,141.4474,1389282415098912869397296334,,141.4282,1389282415098912869397296334,
grafo8943.98.txt,27.6720,1557799297139741798037095121600,,27.6496,1557799297139741798037095121600,,24.0619,1557799297139741798037095121600,,24.1116,1557799297139741798037095121600,
grafo8963.92.txt,8.9598,22926250524268338334887333870000,,8.9863,22926250524268338334887333870000,,6.1025,22926250524268338334887333870000,,6.1122,22926250524268338334887333870000,
grafo8997.96.txt,66.5972,3200870106329838063898317480,,66.5916,3200870106329838063898317480,,41.9904,3200870106329838063898317480,,42.0565,3200870106329838063898317480,
grafo9008.91.txt,0.8197,72401743992697856645701464672,,0.8215,72401743992697856645701464672,,0.5746,72401743992697856645701464672,,0.5786,72401743992697856645701464672,
grafo9357.99.txt,10.4905,142289610639135533009280,,10.5078,142289610639135533009280,,8.3232,142289610639135533009280,,8.3262,142289610639135533009280,
grafo9362.98.txt,6.5450,211356181498372577399700,,6.5475,211356181498372577399700,,5.8321,211356181498372577399700,,5.8297,211356181498372577399700,
grafo9542.87.txt,timeout,,,timeout,,,timeout,,,timeout,,
grafo9691.79.txt,0.2809,150604398614405598500000,,0.2814,150604398614405598500000,,0.1809,150604398614405598500000,,0.1843,150604398614405598500000,
grafo9738.100.txt,73.7711,174103352259187595283132912000,,73.7703,174103352259187595283132912000,,78.4510,174103352259187595283132912000,,78.4931,174103352259187595283132912000,
grafo9788.80.txt,0.3523,5961858963522559020000,,0.3521,5961858963522559020000,,0.2205,5961858963522559020000,,0.2242,5961858963522559020000,
grafo9973.96.txt,2.8314,2561493285098512987929575760,,2.8291,2561493285098512987929575760,,1.8250,2561493285098512987929575760,,1.8590,2561493285098512987929575760,
grafo9984.96.txt,0.8458,3696278631131858917807872,,0.8441,3696278631131858917807872,,0.4995,3696278631131858917807872,,0.5155,3696278631131858917807872,
grafo9995.94.txt,2.4109,6526238612574319118772318,,2.4110,6526238612574319118772318,,1.8756,6526238612574319118772318,,1.8745,6526238612574319118772318,
heart.txt,timeout,,,timeout,,,timeout,,,timeout,,
kts15-ptpt-0001.ec,timeout,,,timeout,,,timeout,,,timeout,,
kts15-ptpt-0002.ec,timeout,,,timeout,,,timeout,,,timeout,,
kts15-ptpt-0003.ec,1.2656,8,,1.2634,8,,1.3110,8,,1.3671,8,
kts15-ptpt-0004.ec,1.8117,1,,1.8076,1,,1.8907,1,,2.0141,1,
kts15-ptpt-0005.ec,timeout,,,timeout,,,timeout,,,timeout,,
kts15-ptpt-0006.ec,1.5930,8,,1.5943,8,,1.6566,8,,1.7569,8,
kts15-ptpt-0007.ec,1.5414,12,,1.5443,12,,1.6131,12,,1.7012,12,
kts15-ptpt-0008.ec,timeout,,,timeout,,,timeout,,,timeout,,
kts15-ptpt-0009.ec,1.9520,6,,1.9484,6,,2.0316,6,,2.1566,6,
kts15-ptpt-0010.ec,timeout,,,timeout,,,timeout,,,timeout,,
kts15-ptpt-0011.ec,1.9904,4,,1.9902,4,,2.0759,4,,2.2575,4,
kts15-ptpt-0012.ec,1.1570,4,,1.1558,4,,1.2129,4,,1.2615,4,
kts15-ptpt-0013.ec,2.6086,24,,2.6120,24,,2.7173,24,,2.9181,24,
kts15-ptpt-0014.ec,2.0550,8,,2.0551,8,,2.1538,8,,2.3651,8,
kts15-ptpt-0015.ec,1.7865,14,,1.7863,14,,1.8715,14,,2.1079,14,
kts15-ptpt-0016.ec,1.6838,6,,1.6843,6,,1.7595,6,,1.8806,6,
kts15-ptpt-0017.ec,1.4828,24,,1.4832,24,,1.5434,24,,1.6637,24,
kts15-ptpt-0018.ec,1.6833,8,,1.6837,8,,1.7523,8,,1.8917,8,
kts15-ptpt-0019.ec,timeout,,,timeout,,,timeout,,,timeout,,
kts15-ptpt-0020.ec,2.4138,8,,2.4109,8,,2.5087,8,,2.7429,8,
kts15-ptpt-0021.ec,1.9301,72,,1.9256,72,,2.0065,72,,2.1981,72,
kts21-ptpt-0001.ec,timeout,,,timeout,,,timeout,,,timeout,,
kts21-ptpt-0002.ec,timeout,,,timeout,,,timeout,,,timeout,,
kts21-ptpt-0003.ec,timeout,,,timeout,,,timeout,,,timeout,,
kts21-ptpt-0004.ec,timeout,,,timeout,,,timeout,,,timeout,,
kts21-ptpt-0005.ec,timeout,,,timeout,,,timeout,,,timeout,,
kts21-ptpt-0006.ec,timeout,,,timeout,,,timeout,,,timeout,,
kts21-ptpt-0007.ec,timeout,,,timeout,,,timeout,,,timeout,,
kts21-ptpt-0008.ec,timeout,,,timeout,,,timeout,,,timeout,,
kts21-ptpt-0009.ec,timeout,,,timeout,,,timeout,,,timeout,,
kts21-ptpt-0010.ec,timeout,,,timeout,,,timeout,,,timeout,,
kts21-ptpt-0011.ec,timeout,,,timeout,,,timeout,,,timeout,,
kts21-ptpt-0012.ec,timeout,,,timeout,,,timeout,,,timeout,,
kts21-ptpt-0013.ec,timeout,,,timeout,,,timeout,,,timeout,,
kts21-ptpt-0014.ec,timeout,,,timeout,,,timeout,,,timeout,,
kts21-ptpt-0015.ec,timeout,,,timeout,,,timeout,,,timeout,,
kts21-ptpt-0016.ec,timeout,,,timeout,,,timeout,,,timeout,,
kts21-ptpt-0017.ec,timeout,,,timeout,,,timeout,,,timeout,,
kts21-ptpt-0018.ec,timeout,,,timeout,,,timeout,,,timeout,,
kts21-ptpt-0019.ec,timeout,,,timeout,,,timeout,,,timeout,,
kts21-ptpt-0020.ec,timeout,,,timeout,,,timeout,,,timeout,,
kts21-ptpt-0021.ec,timeout,,,timeout,,,timeout,,,timeout,,
kts21-ptpt-0022.ec,timeout,,,timeout,,,timeout,,,timeout,,
kts21-ptpt-0023.ec,timeout,,,timeout,,,timeout,,,timeout,,
kts21-ptpt-0024.ec,timeout,,,timeout,,,timeout,,,timeout,,
kts21-ptpt-0025.ec,timeout,,,timeout,,,timeout,,,timeout,,
kts21-ptpt-0026.ec,timeout,,,timeout,,,timeout,,,timeout,,
kts21-ptpt-0027.ec,timeout,,,timeout,,,timeout,,,timeout,,
kts21-ptpt-0028.ec,timeout,,,timeout,,,timeout,,,timeout,,
kts21-ptpt-0029.ec,timeout,,,timeout,,,timeout,,,timeout,,
kts21-ptpt-0030.ec,timeout,,,timeout,,,timeout,,,timeout,,
kts21-ptpt-0031.ec,timeout,,,timeout,,,timeout,,,timeout,,
kts21-ptpt-0032.ec,timeout,,,timeout,,,timeout,,,timeout,,
kts21-ptpt-0033.ec,timeout,,,timeout,,,timeout,,,timeout,,
kts21-ptpt-0034.ec,timeout,,,timeout,,,timeout,,,timeout,,
kts21-ptpt-0035.ec,timeout,,,timeout,,,timeout,,,timeout,,
kts21-ptpt-0036.ec,timeout,,,timeout,,,timeout,,,timeout,,
kts21-ptpt-0037.ec,timeout,,,timeout,,,timeout,,,timeout,,
kts21-ptpt-0038.ec,timeout,,,timeout,,,timeout,,,timeout,,
kts21-ptpt-0039.ec,timeout,,,timeout,,,timeout,,,timeout,,
kts21-ptpt-0040.ec,timeout,,,timeout,,,timeout,,,timeout,,
kts21-ptpt-0041.ec,timeout,,,timeout,,,timeout,,,timeout,,
kts21-ptpt-0042.ec,timeout,,,timeout,,,timeout,,,timeout,,
kts21-ptpt-0043.ec,timeout,,,timeout,,,timeout,,,timeout,,
kts21-ptpt-0044.ec,timeout,,,timeout,,,timeout,,,timeout,,
kts21-ptpt-0045.ec,timeout,,,timeout,,,timeout,,,timeout,,
kts21-ptpt-0046.ec,timeout,,,timeout,,,timeout,,,timeout,,
kts21-ptpt-0047.ec,timeout,,,timeout,,,timeout,,,timeout,,
kts21-ptpt-0048.ec,timeout,,,timeout,,,timeout,,,timeout,,
kts21-ptpt-0049.ec,timeout,,,timeout,,,timeout,,,timeout,,
kts21-ptpt-0050.ec,timeout,,,timeout,,,timeout,,,timeout,,
kts21-ptpt-0051.ec,timeout,,,timeout,,,timeout,,,timeout,,
kts21-ptpt-0052.ec,timeout,,,timeout,,,timeout,,,timeout,,
kts21-ptpt-0053.ec,timeout,,,timeout,,,timeout,,,timeout,,
kts21-ptpt-0054.ec,timeout,,,timeout,,,timeout,,,timeout,,
kts21-ptpt-0055.ec,timeout,,,timeout,,,timeout,,,timeout,,
kts21-ptpt-0056.ec,timeout,,,timeout,,,timeout,,,timeout,,
kts21-ptpt-0057.ec,timeout,,,timeout,,,timeout,,,timeout,,
kts21-ptpt-0058.ec,timeout,,,timeout,,,timeout,,,timeout,,
kts21-ptpt-0059.ec,timeout,,,timeout,,,timeout,,,timeout,,
kts21-ptpt-0060.ec,timeout,,,timeout,,,timeout,,,timeout,,
kts21-ptpt-0061.ec,timeout,,,timeout,,,timeout,,,timeout,,
kts21-ptpt-0062.ec,timeout,,,timeout,,,timeout,,,timeout,,
kts21-ptpt-0063.ec,timeout,,,timeout,,,timeout,,,timeout,,
kts21-ptpt-0064.ec,timeout,,,timeout,,,timeout,,,timeout,,
kts21-ptpt-0065.ec,timeout,,,timeout,,,timeout,,,timeout,,
kts21-ptpt-0066.ec,timeout,,,timeout,,,timeout,,,timeout,,
kts21-ptpt-0067.ec,timeout,,,timeout,,,timeout,,,timeout,,
kts21-ptpt-0068.ec,timeout,,,timeout,,,timeout,,,timeout,,
kts21-ptpt-0069.ec,timeout,,,timeout,,,timeout,,,timeout,,
kts21-ptpt-0070.ec,timeout,,,timeout,,,timeout,,,timeout,,
kts21-ptpt-0071.ec,timeout,,,timeout,,,timeout,,,timeout,,
kts21-ptpt-0072.ec,timeout,,,timeout,,,timeout,,,timeout,,
kts21-ptpt-0073.ec,timeout,,,timeout,,,timeout,,,timeout,,
kts21-ptpt-0074.ec,timeout,,,timeout,,,timeout,,,timeout,,
kts21-ptpt-0075.ec,timeout,,,timeout,,,timeout,,,timeout,,
kts21-ptpt-0076.ec,timeout,,,timeout,,,timeout,,,timeout,,
kts21-ptpt-0077.ec,timeout,,,timeout,,,timeout,,,timeout,,
kts21-ptpt-0078.ec,timeout,,,timeout,,,timeout,,,timeout,,
kts21-ptpt-0079.ec,timeout,,,timeout,,,timeout,,,timeout,,
kts21-ptpt-0080.ec,timeout,,,timeout,,,timeout,,,timeout,,
kts21-ptpt-0081.ec,timeout,,,timeout,,,timeout,,,timeout,,
kts21-ptpt-0082.ec,timeout,,,timeout,,,timeout,,,timeout,,
kts21-ptpt-0083.ec,timeout,,,timeout,,,timeout,,,timeout,,
kts21-ptpt-0084.ec,timeout,,,timeout,,,timeout,,,timeout,,
kts21-ptpt-0085.ec,timeout,,,timeout,,,timeout,,,timeout,,
kts21-ptpt-0086.ec,timeout,,,timeout,,,timeout,,,timeout,,
kts21-ptpt-0087.ec,timeout,,,timeout,,,timeout,,,timeout,,
kts21-ptpt-0088.ec,timeout,,,timeout,,,timeout,,,timeout,,
kts21-ptpt-0089.ec,timeout,,,timeout,,,timeout,,,timeout,,
kts21-ptpt-0090.ec,timeout,,,timeout,,,timeout,,,timeout,,
kts21-ptpt-0091.ec,timeout,,,timeout,,,timeout,,,timeout,,
kts21-ptpt-0092.ec,timeout,,,timeout,,,timeout,,,timeout,,
kts21-ptpt-0093.ec,timeout,,,timeout,,,timeout,,,timeout,,
kts21-ptpt-0094.ec,timeout,,,timeout,,,timeout,,,timeout,,
kts21-ptpt-0095.ec,timeout,,,timeout,,,timeout,,,timeout,,
kts21-ptpt-0096.ec,timeout,,,timeout,,,timeout,,,timeout,,
kts21-ptpt-0097.ec,timeout,,,timeout,,,timeout,,,timeout,,
kts21-ptpt-0098.ec,timeout,,,timeout,,,timeout,,,timeout,,
kts21-ptpt-0099.ec,timeout,,,timeout,,,timeout,,,timeout,,
kts21-ptpt-0100.ec,timeout,,,timeout,,,timeout,,,timeout,,
latin6-blk-00001.ec,0.0158,48,,0.0157,48,,0.0166,48,,0.0180,48,
latin6-blk-00002.ec,0.0174,56,,0.0174,56,,0.0183,56,,0.0199,56,
latin6-blk-00003.ec,0.0213,80,,0.0212,80,,0.0224,80,,0.0241,80,
latin6-blk-00004.ec,0.0180,72,,0.0179,72,,0.0188,72,,0.0205,72,
latin6-blk-00005.ec,0.0212,80,,0.0212,80,,0.0220,80,,0.0238,80,
latin6-blk-00006.ec,0.0199,88,,0.0198,88,,0.0207,88,,0.0224,88,
latin6-blk-00007.ec,0.0204,80,,0.0202,80,,0.0213,80,,0.0230,80,
latin7-blk-00001.ec,3.1870,10752,,3.1891,10752,,3.3143,10752,,3.7634,10752,
latin7-blk-00002.ec,3.6930,14976,,3.6945,14976,,3.8341,14976,,4.3953,14976,
latin7-blk-00003.ec,3.9608,17280,,3.9652,17280,,4.1079,17280,,4.6950,17280,
latin7-blk-00004.ec,4.3513,19840,,4.3534,19840,,4.5198,19840,,5.1185,19840,
latin7-blk-00005.ec,4.0940,20480,,4.0887,20480,,4.2585,20480,,4.8798,20480,
latin7-blk-00006.ec,4.9395,29056,,4.9335,29056,,5.1396,29056,,5.8155,29056,
latin7-blk-00007.ec,4.4995,23616,,4.5017,23616,,4.6692,23616,,5.2739,23616,
latin7-blk-00008.ec,4.8897,27072,,4.8874,27072,,5.0839,27072,,5.8126,27072,
latin7-blk-00009.ec,4.7929,27776,,4.7951,27776,,4.9733,27776,,5.6387,27776,
latin8-blk-00001.ec,timeout,,,timeout,,,timeout,,,timeout,,
latin8-blk-00002.ec,timeout,,,timeout,,,timeout,,,timeout,,
latin8-blk-00003.ec,timeout,,,timeout,,,timeout,,,timeout,,
latin8-blk-00004.ec,timeout,,,timeout,,,timeout,,,timeout,,
latin8-blk-00005.ec,timeout,,,timeout,,,timeout,,,timeout,,
latin8-blk-00006.ec,timeout,,,timeout,,,timeout,,,timeout,,
latin8-blk-00007.ec,timeout,,,timeout,,,timeout,,,timeout,,
latin8-blk-00008.ec,timeout,,,timeout,,,timeout,,,timeout,,
latin8-blk-00009.ec,timeout,,,timeout,,,timeout,,,timeout,,
latin8-blk-00010.ec,timeout,,,timeout,,,timeout,,,timeout,,
latin8-blk-00011.ec,timeout,,,timeout,,,timeout,,,timeout,,
latin8-blk-00012.ec,timeout,,,timeout,,,timeout,,,timeout,,
latin8-blk-00013.ec,timeout,,,timeout,,,timeout,,,timeout,,
latin8-blk-00014.ec,timeout,,,timeout,,,timeout,,,timeout,,
latin8-blk-00015.ec,timeout,,,timeout,,,timeout,,,timeout,,
meteor.txt,164.1009,9212,,163.9471,9212,,389.3690,9212,,416.0058,9212,
sppaa01.txt,timeout,,,timeout,,,timeout,,,timeout,,
sppaa02.txt,timeout,,,timeout,,,timeout,,,timeout,,
sppaa03.txt,timeout,,,timeout,,,timeout,,,timeout,,
sppaa04.txt,timeout,,,timeout,,,timeout,,,timeout,,
sppaa05.txt,timeout,,,timeout,,,timeout,,,timeout,,
sppaa06.txt,timeout,,,timeout,,,timeout,,,timeout,,
sppkl01.txt,timeout,,,timeout,,,timeout,,,timeout,,
sppkl02.txt,timeout,,,timeout,,,timeout,,,timeout,,
sppnw01.txt,timeout,,,timeout,,,timeout,,,timeout,,
sppnw02.txt,timeout,,,timeout,,,timeout,,,timeout,,
sppnw03.txt,timeout,,,timeout,,,timeout,,,timeout,,
sppnw04.txt,timeout,,,timeout,,,timeout,,,timeout,,
sppnw05.txt,timeout,,,timeout,,,timeout,,,timeout,,
sppnw06.txt,timeout,,,timeout,,,timeout,,,timeout,,
sppnw07.txt,timeout,,,timeout,,,timeout,,,timeout,,
sppnw08.txt,0.5009,285701,,0.5024,285701,,0.5193,285701,,0.5229,285701,
sppnw09.txt,799.2628,24534780667,,799.2921,24534780667,,819.6982,24534780667,,820.7820,24534780667,
sppnw10.txt,2.0611,318168,,2.0637,318168,,2.1204,318168,,2.1623,318168,
sppnw11.txt,timeout,,,timeout,,,timeout,,,timeout,,
sppnw12.txt,timeout,,,timeout,,,timeout,,,timeout,,
sppnw13.txt,timeout,,,timeout,,,timeout,,,timeout,,
sppnw14.txt,timeout,,,timeout,,,timeout,,,timeout,,
sppnw15.txt,0.1401,46,,0.1400,46,,0.1438,46,,0.1443,46,
sppnw16.txt,timeout,,,timeout,,,timeout,,,timeout,,
sppnw17.txt,timeout,,,timeout,,,timeout,,,timeout,,
sppnw18.txt,timeout,,,timeout,,,timeout,,,timeout,,
sppnw19.txt,130.1030,9838227358,,130.2413,9838227358,,134.9285,9838227358,,139.1268,9838227358,
sppnw20.txt,1.1247,538696,,1.1278,538696,,1.1618,538696,,1.2704,538696,
sppnw21.txt,0.5815,291047,,0.5810,291047,,0.6133,291047,,0.6896,291047,
sppnw22.txt,0.8795,286758,,0.8785,286758,,0.9298,286758,,1.0302,286758,
sppnw23.txt,timeout,,,timeout,,,timeout,,,timeout,,
sppnw24.txt,2.7925,725183,,2.7940,725183,,2.8661,725183,,3.0065,725183,
sppnw25.txt,3.8049,2225105,,3.8053,2225105,,3.8537,2225105,,3.8957,2225105,
sppnw26.txt,0.4224,805896,,0.4233,805896,,0.4402,805896,,0.4944,805896,
sppnw27.txt,2.3801,1046161,,2.3787,1046161,,2.4857,1046161,,2.6935,1046161,
sppnw28.txt,0.3194,20117,,0.3181,20117,,0.3243,20117,,0.3638,20117,
sppnw29.txt,39.2651,16937657,,39.2945,16937657,,39.9262,16937657,,40.5228,16937657,
sppnw30.txt,16.8862,4122439,,16.8908,4122439,,17.4744,4122439,,18.0985,4122439,
sppnw31.txt,10.0470,3450340,,10.0395,3450340,,10.2495,3450340,,10.5798,3450340,
sppnw32.txt,timeout,,,timeout,,,timeout,,,timeout,,
sppnw33.txt,25.3960,4589163,,25.3997,4589163,,26.0725,4589163,,26.6379,4589163,
sppnw34.txt,1.1476,977866,,1.1451,977866,,1.2050,977866,,1.3396,977866,
sppnw35.txt,7.0310,184967,,7.0166,184967,,7.4182,184967,,8.0118,184967,
sppnw36.txt,3.0448,25474,,3.0494,25474,,3.2082,25474,,3.4532,25474,
sppnw37.txt,1.6213,3740550,,1.6236,3740550,,1.6931,3740550,,1.8234,3740550,
sppnw38.txt,timeout,,,timeout,,,timeout,,,timeout,,
sppnw39.txt,1.2629,737597,,1.2620,737597,,1.3415,737597,,1.4944,737597,
sppnw40.txt,0.3743,298956,,0.3744,298956,,0.3977,298956,,0.4497,298956,
sppnw41.txt,0.1050,163155,,0.1047,163155,,0.1090,163155,,0.1248,163155,
sppnw42.txt,1.2177,230326,,1.2175,230326,,1.2633,230326,,1.3534,230326,
sppnw43.txt,timeout,,,timeout,,,timeout,,,timeout,,
sppus02.txt,timeout,,,timeout,,,timeout,,,timeout,,
sppus03.txt,timeout,,,timeout,,,timeout,,,timeout,,
sppus04.txt,timeout,,,timeout,,,timeout,,,timeout,,
sts15-blk-00001.ec,0.0418,576,,0.0418,576,,0.0441,576,,0.0484,576,
sts15-blk-00002.ec,0.0223,288,,0.0223,288,,0.0244,288,,0.0263,288,
sts15-blk-00003.ec,0.0191,144,,0.0190,144,,0.0202,144,,0.0221,144,
sts15-blk-00004.ec,0.0190,144,,0.0190,144,,0.0212,144,,0.0237,144,
sts15-blk-00005.ec,timeout,,,timeout,,,timeout,,,timeout,,
sts15-blk-00006.ec,0.0174,40,,0.0171,40,,0.0190,40,,0.0214,40,
sts15-blk-00007.ec,0.0128,8,,0.0126,8,,0.0137,8,,0.0156,8,
sts15-blk-00008.ec,0.0176,40,,0.0171,40,,0.0187,40,,0.0212,40,
sts15-blk-00009.ec,0.0125,8,,0.0123,8,,0.0131,8,,0.0153,8,
sts15-blk-00010.ec,0.0225,64,,0.0219,64,,0.0244,64,,0.0273,64,
sts15-blk-00011.ec,0.0122,8,,0.0118,8,,0.0129,8,,0.0143,8,
sts15-blk-00012.ec,0.0140,16,,0.0138,16,,0.0152,16,,0.0171,16,
sts15-blk-00013.ec,0.0122,8,,0.0120,8,,0.0128,8,,0.0141,8,
sts15-blk-00014.ec,timeout,,,timeout,,,timeout,,,timeout,,
sts15-blk-00015.ec,timeout,,,timeout,,,timeout,,,timeout,,
sts15-blk-00016.ec,timeout,,,timeout,,,timeout,,,timeout,,
sts15-blk-00017.ec,0.0123,16,,0.0123,16,,0.0131,16,,0.0142,16,
sts15-blk-00018.ec,0.0118,8,,0.0119,8,,0.0125,8,,0.0135,8,
sts15-blk-00019.ec,0.0174,32,,0.0174,32,,0.0185,32,,0.0200,32,
sts15-blk-00020.ec,0.0167,28,,0.0167,28,,0.0176,28,,0.0190,28,
sts15-blk-00021.ec,0.0207,40,,0.0207,40,,0.0218,40,,0.0235,40,
sts15-blk-00022.ec,0.0181,24,,0.0181,24,,0.0192,24,,0.0207,24,
sts15-blk-00023.ec,0.0185,20,,0.0185,20,,0.0195,20,,0.0211,20,
sts15-blk-00024.ec,0.0126,16,,0.0124,16,,0.0135,16,,0.0142,16,
sts15-blk-00025.ec,0.0197,20,,0.0198,20,,0.0211,20,,0.0224,20,
sts15-blk-00026.ec,0.0221,40,,0.0221,40,,0.0231,40,,0.0250,40,
sts15-blk-00027.ec,0.0204,40,,0.0204,40,,0.0216,40,,0.0232,40,
sts15-blk-00028.ec,0.0189,24,,0.0189,24,,0.0201,24,,0.0216,24,
sts15-blk-00029.ec,0.0208,16,,0.0211,16,,0.0220,16,,0.0237,16,
sts15-blk-00030.ec,0.0194,20,,0.0191,20,,0.0207,20,,0.0226,20,
sts15-blk-00031.ec,0.0195,20,,0.0191,20,,0.0212,20,,0.0237,20,
sts15-blk-00032.ec,0.0177,24,,0.0174,24,,0.0187,24,,0.0216,24,
sts15-blk-00033.ec,0.0146,48,,0.0146,48,,0.0154,48,,0.0166,48,
sts15-blk-00034.ec,0.0154,24,,0.0154,24,,0.0165,24,,0.0178,24,
sts15-blk-00035.ec,0.0202,48,,0.0202,48,,0.0218,48,,0.0235,48,
sts15-blk-00036.ec,0.0163,16,,0.0163,16,,0.0173,16,,0.0186,16,
sts15-blk-00037.ec,0.0155,8,,0.0154,8,,0.0163,8,,0.0175,8,
sts15-blk-00038.ec,0.0126,8,,0.0126,8,,0.0133,8,,0.0144,8,
sts15-blk-00039.ec,0.0169,24,,0.0169,24,,0.0179,24,,0.0194,24,
sts15-blk-00040.ec,0.0212,32,,0.0211,32,,0.0224,32,,0.0241,32,
sts15-blk-00041.ec,timeout,,,timeout,,,timeout,,,timeout,,
sts15-blk-00042.ec,0.0207,24,,0.0207,24,,0.0220,24,,0.0236,24,
sts15-blk-00043.ec,0.0216,24,,0.0217,24,,0.0229,24,,0.0247,24,
sts15-blk-00044.ec,0.0156,24,,0.0155,24,,0.0165,24,,0.0178,24,
sts15-blk-00045.ec,0.0177,20,,0.0175,20,,0.0187,20,,0.0200,20,
sts15-blk-00046.ec,0.0197,24,,0.0196,24,,0.0214,24,,0.0229,24,
sts15-blk-00047.ec,0.0147,20,,0.0146,20,,0.0154,20,,0.0166,20,
sts15-blk-00048.ec,0.0169,28,,0.0168,28,,0.0177,28,,0.0192,28,
sts15-blk-00049.ec,timeout,,,timeout,,,timeout,,,timeout,,
sts15-blk-00050.ec,0.0147,16,,0.0146,16,,0.0155,16,,0.0167,16,
sts15-blk-00051.ec,timeout,,,timeout,,,timeout,,,timeout,,
sts15-blk-00052.ec,timeout,,,timeout,,,timeout,,,timeout,,
sts15-blk-00053.ec,0.0227,48,,0.0227,48,,0.0241,48,,0.0261,48,
sts15-blk-00054.ec,0.0192,20,,0.0191,20,,0.0202,20,,0.0218,20,
sts15-blk-00055.ec,0.0161,28,,0.0161,28,,0.0169,28,,0.0183,28,
sts15-blk-00056.ec,0.0173,20,,0.0174,20,,0.0184,20,,0.0199,20,
sts15-blk-00057.ec,0.0212,24,,0.0211,24,,0.0224,24,,0.0242,24,
sts15-blk-00058.ec,0.0136,16,,0.0135,16,,0.0144,16,,0.0155,16,
sts15-blk-00059.ec,0.0160,36,,0.0161,36,,0.0169,36,,0.0182,36,
sts15-blk-00060.ec,0.0120,16,,0.0119,16,,0.0126,16,,0.0137,16,
sts15-blk-00061.ec,0.0103,24,,0.0103,24,,0.0109,24,,0.0118,24,
sts15-blk-00062.ec,0.0185,24,,0.0185,24,,0.0196,24,,0.0211,24,
sts15-blk-00063.ec,0.0309,192,,0.0308,192,,0.0320,192,,0.0350,192,
sts15-blk-00064.ec,0.0333,144,,0.0331,144,,0.0345,144,,0.0373,144,
sts15-blk-00065.ec,0.0290,96,,0.0288,96,,0.0299,96,,0.0323,96,
sts15-blk-00066.ec,0.0235,288,,0.0234,288,,0.0241,288,,0.0262,288,
sts15-blk-00067.ec,0.0147,24,,0.0147,24,,0.0156,24,,0.0169,24,
sts15-blk-00068.ec,0.0205,28,,0.0204,28,,0.0217,28,,0.0236,28,
sts15-blk-00069.ec,0.0211,16,,0.0210,16,,0.0223,16,,0.0241,16,
sts15-blk-00070.ec,0.0162,36,,0.0160,36,,0.0168,36,,0.0183,36,
sts15-blk-00071.ec,0.0157,20,,0.0157,20,,0.0166,20,,0.0180,20,
sts15-blk-00072.ec,0.0135,16,,0.0135,16,,0.0143,16,,0.0153,16,
sts15-blk-00073.ec,0.0193,20,,0.0192,20,,0.0203,20,,0.0220,20,
sts15-blk-00074.ec,0.0194,16,,0.0192,16,,0.0203,16,,0.0221,16,
sts15-blk-00075.ec,0.0155,20,,0.0155,20,,0.0165,20,,0.0178,20,
sts15-blk-00076.ec,0.0134,16,,0.0134,16,,0.0141,16,,0.0154,16,
sts15-blk-00077.ec,0.0174,20,,0.0172,20,,0.0182,20,,0.0196,20,
sts15-blk-00078.ec,0.0171,20,,0.0171,20,,0.0181,20,,0.0196,20,
sts15-blk-00079.ec,0.0167,36,,0.0167,36,,0.0177,36,,0.0190,36,
sts15-blk-00080.ec,0.0189,16,,0.0189,16,,0.0203,16,,0.0217,16,
sts15-blk-00081.ec,0.0214,20,,0.0213,20,,0.0227,20,,0.0244,20,
sts15-blk-00082.ec,0.0194,24,,0.0193,24,,0.0204,24,,0.0221,24,
sts15-blk-00083.ec,timeout,,,timeout,,,timeout,,,timeout,,
sts15-blk-00084.ec,0.0222,16,,0.0222,16,,0.0238,16,,0.0255,16,
sts15-blk-00085.ec,0.0134,32,,0.0133,32,,0.0140,32,,0.0151,32,
sts15-blk-00086.ec,0.0241,8,,0.0240,8,,0.0256,8,,0.0275,8,
sts15-blk-00087.ec,0.0148,48,,0.0146,48,,0.0154,48,,0.0166,48,
sts15-blk-00088.ec,0.0151,16,,0.0149,16,,0.0158,16,,0.0172,16,
sts15-blk-00089.ec,0.0213,20,,0.0213,20,,0.0227,20,,0.0244,20,
sts15-blk-00090.ec,0.0146,48,,0.0145,48,,0.0154,48,,0.0166,48,
sts15-blk-00091.ec,0.0175,24,,0.0173,24,,0.0185,24,,0.0200,24,
sts15-blk-00092.ec,0.0172,24,,0.0172,24,,0.0183,24,,0.0199,24,
sts15-blk-00093.ec,0.0179,32,,0.0179,32,,0.0189,32,,0.0206,32,
sts15-blk-00094.ec,0.0165,8,,0.0164,8,,0.0174,8,,0.0187,8,
sts15-blk-00095.ec,0.0101,16,,0.0099,16,,0.0106,16,,0.0113,16,
sts15-blk-00096.ec,0.0103,24,,0.0103,24,,0.0108,24,,0.0114,24,
sts15-blk-00097.ec,0.0160,12,,0.0160,12,,0.0170,12,,0.0183,12,
sts15-blk-00098.ec,0.0118,24,,0.0118,24,,0.0125,24,,0.0134,24,
sts15-blk-00099.ec,0.0125,20,,0.0125,20,,0.0132,20,,0.0142,20,
sts15-blk-00100.ec,0.0132,28,,0.0132,28,,0.0139,28,,0.0150,28,
sts15-blk-00101.ec,0.0102,20,,0.0101,20,,0.0108,20,,0.0116,20,
sts15-blk-00102.ec,0.0168,24,,0.0168,24,,0.0176,24,,0.0190,24,
sts15-blk-00103.ec,0.0139,8,,0.0139,8,,0.0149,8,,0.0160,8,
sts15-blk-00104.ec,0.0177,20,,0.0177,20,,0.0188,20,,0.0201,20,
sts15-blk-00105.ec,0.0206,24,,0.0206,24,,0.0218,24,,0.0234,24,
sts15-blk-00106.ec,0.0179,20,,0.0178,20,,0.0191,20,,0.0206,20,
sts15-blk-00107.ec,0.0188,24,,0.0186,24,,0.0196,24,,0.0212,24,
sts15-blk-00108.ec,0.0240,64,,0.0238,64,,0.0250,64,,0.0269,64,
sts15-blk-00109.ec,0.0186,32,,0.0185,32,,0.0196,32,,0.0212,32,
sts15-blk-00110.ec,0.0180,48,,0.0180,48,,0.0190,48,,0.0206,48,
sts15-blk-00111.ec,0.0207,24,,0.0206,24,,0.0218,24,,0.0233,24,
sts15-blk-00112.ec,0.0149,16,,0.0148,16,,0.0159,16,,0.0168,16,
sts15-blk-00113.ec,timeout,,,timeout,,,timeout,,,timeout,,
sts15-blk-00114.ec,timeout,,,timeout,,,timeout,,,timeout,,
sts15-blk-00115.ec,0.0191,24,,0.0189,24,,0.0204,24,,0.0216,24,
sts15-blk-00116.ec,0.0168,16,,0.0167,16,,0.0177,16,,0.0192,16,
sts15-blk-00117.ec,timeout,,,timeout,,,timeout,,,timeout,,
sts15-blk-00118.ec,timeout,,,timeout,,,timeout,,,timeout,,
sts15-blk-00119.ec,0.0130,16,,0.0128,16,,0.0137,16,,0.0148,16,
sts15-blk-00120.ec,0.0178,24,,0.0178,24,,0.0187,24,,0.0202,24,
sts15-blk-00121.ec,0.0125,20,,0.0124,20,,0.0131,20,,0.0142,20,
sts15-blk-00122.ec,timeout,,,timeout,,,timeout,,,timeout,,
sts15-blk-00123.ec,timeout,,,timeout,,,timeout,,,timeout,,
sts15-blk-00124.ec,timeout,,,timeout,,,timeout,,,timeout,,
sts15-blk-00125.ec,0.0101,16,,0.0101,16,,0.0107,16,,0.0114,16,
sts15-blk-00126.ec,0.0143,24,,0.0143,24,,0.0150,24,,0.0161,24,
sts15-blk-00127.ec,timeout,,,timeout,,,timeout,,,timeout,,
sts15-blk-00128.ec,0.0165,24,,0.0164,24,,0.0175,24,,0.0188,24,
sts15-blk-00129.ec,0.0171,40,,0.0169,40,,0.0180,40,,0.0195,40,
sts15-blk-00130.ec,0.0209,12,,0.0210,12,,0.0222,12,,0.0240,12,
sts15-blk-00131.ec,0.0181,24,,0.0179,24,,0.0189,24,,0.0205,24,
sts15-blk-00132.ec,0.0187,28,,0.0187,28,,0.0198,28,,0.0214,28,
sts15-blk-00133.ec,0.0155,20,,0.0155,20,,0.0164,20,,0.0177,20,
sts15-blk-00134.ec,0.0184,28,,0.0184,28,,0.0194,28,,0.0209,28,
sts15-blk-00135.ec,0.0191,28,,0.0191,28,,0.0201,28,,0.0217,28,
sts15-blk-00136.ec,0.0146,16,,0.0144,16,,0.0153,16,,0.0166,16,
sts15-blk-00137.ec,0.0198,16,,0.0198,16,,0.0210,16,,0.0226,16,
sts15-blk-00138.ec,0.0189,20,,0.0190,20,,0.0198,20,,0.0215,20,
sts15-blk-00139.ec,timeout,,,timeout,,,timeout,,,timeout,,
sts15-blk-00140.ec,0.0230,48,,0.0228,48,,0.0242,48,,0.0259,48,
sts15-blk-00141.ec,0.0219,20,,0.0219,20,,0.0232,20,,0.0251,20,
sts15-blk-00142.ec,0.0195,20,,0.0193,20,,0.0206,20,,0.0221,20,
sts15-blk-00143.ec,0.0217,16,,0.0216,16,,0.0228,16,,0.0252,16,
sts15-blk-00144.ec,0.0199,16,,0.0199,16,,0.0211,16,,0.0226,16,
sts15-blk-00145.ec,0.0179,24,,0.0179,24,,0.0190,24,,0.0206,24,
sts15-blk-00146.ec,0.0159,28,,0.0158,28,,0.0167,28,,0.0184,28,
sts15-blk-00147.ec,0.0182,28,,0.0182,28,,0.0192,28,,0.0207,28,
sts15-blk-00148.ec,0.0175,28,,0.0175,28,,0.0185,28,,0.0200,28,
sts15-blk-00149.ec,0.0166,24,,0.0164,24,,0.0174,24,,0.0187,24,
sts15-blk-00150.ec,0.0192,16,,0.0192,16,,0.0204,16,,0.0224,16,
sts15-blk-00151.ec,0.0155,28,,0.0155,28,,0.0162,28,,0.0175,28,
sts15-blk-00152.ec,0.0168,24,,0.0168,24,,0.0177,24,,0.0192,24,
sts15-blk-00153.ec,0.0234,64,,0.0234,64,,0.0248,64,,0.0268,64,
sts15-blk-00154.ec,0.0215,40,,0.0214,40,,0.0227,40,,0.0246,40,
sts15-blk-00155.ec,0.0185,40,,0.0184,40,,0.0195,40,,0.0210,40,
sts15-blk-00156.ec,0.0145,8,,0.0145,8,,0.0155,8,,0.0167,8,
sts15-blk-00157.ec,0.0178,24,,0.0178,24,,0.0189,24,,0.0207,24,
sts19-blk-00001.ec,timeout,,,timeout,,,timeout,,,timeout,,
sts19-blk-00002.ec,timeout,,,timeout,,,timeout,,,timeout,,
sts19-blk-00003.ec,timeout,,,timeout,,,timeout,,,timeout,,
sts19-blk-00004.ec,timeout,,,timeout,,,timeout,,,timeout,,
sts19-blk-00005.ec,timeout,,,timeout,,,timeout,,,timeout,,
sts19-blk-00006.ec,timeout,,,timeout,,,timeout,,,timeout,,
sts19-blk-00007.ec,timeout,,,timeout,,,timeout,,,timeout,,
sts19-blk-00008.ec,timeout,,,timeout,,,timeout,,,timeout,,
sts19-blk-00009.ec,timeout,,,timeout,,,timeout,,,timeout,,
sts19-blk-00010.ec,timeout,,,timeout,,,timeout,,,timeout,,
sts19-blk-00011.ec,timeout,,,timeout,,,timeout,,,timeout,,
sts19-blk-00012.ec,timeout,,,timeout,,,timeout,,,timeout,,
sts19-blk-00013.ec,timeout,,,timeout,,,timeout,,,timeout,,
sts19-blk-00014.ec,timeout,,,timeout,,,timeout,,,timeout,,
sts19-blk-00015.ec,timeout,,,timeout,,,timeout,,,timeout,,
sts19-blk-00016.ec,timeout,,,timeout,,,timeout,,,timeout,,
sts19-blk-00017.ec,timeout,,,timeout,,,timeout,,,timeout,,
sts19-blk-00018.ec,timeout,,,timeout,,,timeout,,,timeout,,
sts19-blk-00019.ec,timeout,,,timeout,,,timeout,,,timeout,,
sts19-blk-00020.ec,timeout,,,timeout,,,timeout,,,timeout,,
sts19-blk-00021.ec,timeout,,,timeout,,,timeout,,,timeout,,
sts19-blk-00022.ec,timeout,,,timeout,,,timeout,,,timeout,,
sts19-blk-00023.ec,timeout,,,timeout,,,timeout,,,timeout,,
sts19-blk-00024.ec,timeout,,,timeout,,,timeout,,,timeout,,
sts19-blk-00025.ec,timeout,,,timeout,,,timeout,,,timeout,,
sts19-blk-00026.ec,timeout,,,timeout,,,timeout,,,timeout,,
sts19-blk-00027.ec,timeout,,,timeout,,,timeout,,,timeout,,
sts19-blk-00028.ec,timeout,,,timeout,,,timeout,,,timeout,,
sts19-blk-00029.ec,timeout,,,timeout,,,timeout,,,timeout,,
sts19-blk-00030.ec,timeout,,,timeout,,,timeout,,,timeout,,
sts19-blk-00031.ec,timeout,,,timeout,,,timeout,,,timeout,,
sts19-blk-00032.ec,timeout,,,timeout,,,timeout,,,timeout,,
sts19-blk-00033.ec,timeout,,,timeout,,,timeout,,,timeout,,
sts19-blk-00034.ec,timeout,,,timeout,,,timeout,,,timeout,,
sts19-blk-00035.ec,timeout,,,timeout,,,timeout,,,timeout,,
sts19-blk-00036.ec,timeout,,,timeout,,,timeout,,,timeout,,
sts19-blk-00037.ec,timeout,,,timeout,,,timeout,,,timeout,,
sts19-blk-00038.ec,timeout,,,timeout,,,timeout,,,timeout,,
sts19-blk-00039.ec,timeout,,,timeout,,,timeout,,,timeout,,
sts19-blk-00040.ec,timeout,,,timeout,,,timeout,,,timeout,,
sts19-blk-00041.ec,timeout,,,timeout,,,timeout,,,timeout,,
sts19-blk-00042.ec,timeout,,,timeout,,,timeout,,,timeout,,
sts19-blk-00043.ec,timeout,,,timeout,,,timeout,,,timeout,,
sts19-blk-00044.ec,timeout,,,timeout,,,timeout,,,timeout,,
sts19-blk-00045.ec,timeout,,,timeout,,,timeout,,,timeout,,
sts19-blk-00046.ec,timeout,,,timeout,,,timeout,,,timeout,,
sts19-blk-00047.ec,timeout,,,timeout,,,timeout,,,timeout,,
sts19-blk-00048.ec,timeout,,,timeout,,,timeout,,,timeout,,
sts19-blk-00049.ec,timeout,,,timeout,,,timeout,,,timeout,,
sts19-blk-00050.ec,timeout,,,timeout,,,timeout,,,timeout,,
sts19-blk-00051.ec,timeout,,,timeout,,,timeout,,,timeout,,
sts19-blk-00052.ec,timeout,,,timeout,,,timeout,,,timeout,,
sts19-blk-00053.ec,timeout,,,timeout,,,timeout,,,timeout,,
sts19-blk-00054.ec,timeout,,,timeout,,,timeout,,,timeout,,
sts19-blk-00055.ec,timeout,,,timeout,,,timeout,,,timeout,,
sts19-blk-00056.ec,timeout,,,timeout,,,timeout,,,timeout,,
sts19-blk-00057.ec,timeout,,,timeout,,,timeout,,,timeout,,
sts19-blk-00058.ec,timeout,,,timeout,,,timeout,,,timeout,,
sts19-blk-00059.ec,timeout,,,timeout,,,timeout,,,timeout,,
sts19-blk-00060.ec,timeout,,,timeout,,,timeout,,,timeout,,
sts19-blk-00061.ec,timeout,,,timeout,,,timeout,,,timeout,,
sts19-blk-00062.ec,timeout,,,timeout,,,timeout,,,timeout,,
sts19-blk-00063.ec,timeout,,,timeout,,,timeout,,,timeout,,
sts19-blk-00064.ec,timeout,,,timeout,,,timeout,,,timeout,,
sts19-blk-00065.ec,timeout,,,timeout,,,timeout,,,timeout,,
sts19-blk-00066.ec,timeout,,,timeout,,,timeout,,,timeout,,
sts19-blk-00067.ec,timeout,,,timeout,,,timeout,,,timeout,,
sts19-blk-00068.ec,timeout,,,timeout,,,timeout,,,timeout,,
sts19-blk-00069.ec,timeout,,,timeout,,,timeout,,,timeout,,
sts19-blk-00070.ec,timeout,,,timeout,,,timeout,,,timeout,,
sts19-blk-00071.ec,timeout,,,timeout,,,timeout,,,timeout,,
sts19-blk-00072.ec,timeout,,,timeout,,,timeout,,,timeout,,
sts19-blk-00073.ec,timeout,,,timeout,,,timeout,,,timeout,,
sts19-blk-00074.ec,timeout,,,timeout,,,timeout,,,timeout,,
sts19-blk-00075.ec,timeout,,,timeout,,,timeout,,,timeout,,
sts19-blk-00076.ec,timeout,,,timeout,,,timeout,,,timeout,,
sts19-blk-00077.ec,timeout,,,timeout,,,timeout,,,timeout,,
sts19-blk-00078.ec,timeout,,,timeout,,,timeout,,,timeout,,
sts19-blk-00079.ec,timeout,,,timeout,,,timeout,,,timeout,,
sts19-blk-00080.ec,timeout,,,timeout,,,timeout,,,timeout,,
sts19-blk-00081.ec,timeout,,,timeout,,,timeout,,,timeout,,
sts19-blk-00082.ec,timeout,,,timeout,,,timeout,,,timeout,,
sts19-blk-00083.ec,timeout,,,timeout,,,timeout,,,timeout,,
sts19-blk-00084.ec,timeout,,,timeout,,,timeout,,,timeout,,
sts19-blk-00085.ec,timeout,,,timeout,,,timeout,,,timeout,,
sts19-blk-00086.ec,timeout,,,timeout,,,timeout,,,timeout,,
sts19-blk-00087.ec,timeout,,,timeout,,,timeout,,,timeout,,
sts19-blk-00088.ec,timeout,,,timeout,,,timeout,,,timeout,,
sts19-blk-00089.ec,timeout,,,timeout,,,timeout,,,timeout,,
sts19-blk-00090.ec,timeout,,,timeout,,,timeout,,,timeout,,
sts19-blk-00091.ec,timeout,,,timeout,,,timeout,,,timeout,,
sts19-blk-00092.ec,timeout,,,timeout,,,timeout,,,timeout,,
sts19-blk-00093.ec,timeout,,,timeout,,,timeout,,,timeout,,
sts19-blk-00094.ec,timeout,,,timeout,,,timeout,,,timeout,,
sts19-blk-00095.ec,timeout,,,timeout,,,timeout,,,timeout,,
sts19-blk-00096.ec,timeout,,,timeout,,,timeout,,,timeout,,
sts19-blk-00097.ec,timeout,,,timeout,,,timeout,,,timeout,,
sts19-blk-00098.ec,timeout,,,timeout,,,timeout,,,timeout,,
sts19-blk-00099.ec,timeout,,,timeout,,,timeout,,,timeout,,
sts19-blk-00100.ec,timeout,,,timeout,,,timeout,,,timeout,,
sts19-blk-00101.ec,timeout,,,timeout,,,timeout,,,timeout,,
sts19-blk-00102.ec,timeout,,,timeout,,,timeout,,,timeout,,
sts19-blk-00103.ec,timeout,,,timeout,,,timeout,,,timeout,,
sts19-blk-00104.ec,timeout,,,timeout,,,timeout,,,timeout,,
sts19-blk-00105.ec,timeout,,,timeout,,,timeout,,,timeout,,
sts19-blk-00106.ec,timeout,,,timeout,,,timeout,,,timeout,,
sts19-blk-00107.ec,timeout,,,timeout,,,timeout,,,timeout,,
sts19-blk-00108.ec,timeout,,,timeout,,,timeout,,,timeout,,
sts19-blk-00109.ec,timeout,,,timeout,,,timeout,,,timeout,,
sts19-blk-00110.ec,timeout,,,timeout,,,timeout,,,timeout,,
sts19-blk-00111.ec,timeout,,,timeout,,,timeout,,,timeout,,
sts19-blk-00112.ec,timeout,,,timeout,,,timeout,,,timeout,,
sts19-blk-00113.ec,timeout,,,timeout,,,timeout,,,timeout,,
sts19-blk-00114.ec,timeout,,,timeout,,,timeout,,,timeout,,
sts19-blk-00115.ec,timeout,,,timeout,,,timeout,,,timeout,,
sts19-blk-00116.ec,timeout,,,timeout,,,timeout,,,timeout,,
sts19-blk-00117.ec,timeout,,,timeout,,,timeout,,,timeout,,
sts19-blk-00118.ec,timeout,,,timeout,,,timeout,,,timeout,,
sts19-blk-00119.ec,timeout,,,timeout,,,timeout,,,timeout,,
sts19-blk-00120.ec,timeout,,,timeout,,,timeout,,,timeout,,
sts19-blk-00121.ec,timeout,,,timeout,,,timeout,,,timeout,,
sts19-blk-00122.ec,timeout,,,timeout,,,timeout,,,timeout,,
sts19-blk-00123.ec,timeout,,,timeout,,,timeout,,,timeout,,
sts19-blk-00124.ec,timeout,,,timeout,,,timeout,,,timeout,,
sts19-blk-00125.ec,timeout,,,timeout,,,timeout,,,timeout,,
sts19-blk-00126.ec,timeout,,,timeout,,,timeout,,,timeout,,
sts19-blk-00127.ec,timeout,,,timeout,,,timeout,,,timeout,,
sts19-blk-00128.ec,timeout,,,timeout,,,timeout,,,timeout,,
sts19-blk-00129.ec,timeout,,,timeout,,,timeout,,,timeout,,
sts19-blk-00130.ec,timeout,,,timeout,,,timeout,,,timeout,,
sts19-blk-00131.ec,timeout,,,timeout,,,timeout,,,timeout,,
sts19-blk-00132.ec,timeout,,,timeout,,,timeout,,,timeout,,
sts19-blk-00133.ec,timeout,,,timeout,,,timeout,,,timeout,,
sts19-blk-00134.ec,timeout,,,timeout,,,timeout,,,timeout,,
sts19-blk-00135.ec,timeout,,,timeout,,,timeout,,,timeout,,
sts19-blk-00136.ec,timeout,,,timeout,,,timeout,,,timeout,,
sts19-blk-00137.ec,timeout,,,timeout,,,timeout,,,timeout,,
sts19-blk-00138.ec,timeout,,,timeout,,,timeout,,,timeout,,
sts19-blk-00139.ec,timeout,,,timeout,,,timeout,,,timeout,,
sts19-blk-00140.ec,timeout,,,timeout,,,timeout,,,timeout,,
sts19-blk-00141.ec,timeout,,,timeout,,,timeout,,,timeout,,
sts19-blk-00142.ec,timeout,,,timeout,,,timeout,,,timeout,,
sts19-blk-00143.ec,timeout,,,timeout,,,timeout,,,timeout,,
sts19-blk-00144.ec,timeout,,,timeout,,,timeout,,,timeout,,
sts19-blk-00145.ec,timeout,,,timeout,,,timeout,,,timeout,,
sts19-blk-00146.ec,timeout,,,timeout,,,timeout,,,timeout,,
sts19-blk-00147.ec,timeout,,,timeout,,,timeout,,,timeout,,
sts19-blk-00148.ec,timeout,,,timeout,,,timeout,,,timeout,,
sts19-blk-00149.ec,timeout,,,timeout,,,timeout,,,timeout,,
sts19-blk-00150.ec,timeout,,,timeout,,,timeout,,,timeout,,
sts19-blk-00151.ec,timeout,,,timeout,,,timeout,,,timeout,,
sts19-blk-00152.ec,timeout,,,timeout,,,timeout,,,timeout,,
sts19-blk-00153.ec,timeout,,,timeout,,,timeout,,,timeout,,
sts19-blk-00154.ec,timeout,,,timeout,,,timeout,,,timeout,,
sts19-blk-00155.ec,timeout,,,timeout,,,timeout,,,timeout,,
sts19-blk-00156.ec,timeout,,,timeout,,,timeout,,,timeout,,
sts19-blk-00157.ec,timeout,,,timeout,,,timeout,,,timeout,,
sts19-blk-00158.ec,timeout,,,timeout,,,timeout,,,timeout,,
sts19-blk-00159.ec,timeout,,,timeout,,,timeout,,,timeout,,
sts19-blk-00160.ec,timeout,,,timeout,,,timeout,,,timeout,,
sts19-blk-00161.ec,timeout,,,timeout,,,timeout,,,timeout,,
sts19-blk-00162.ec,timeout,,,timeout,,,timeout,,,timeout,,
sts19-blk-00163.ec,timeout,,,timeout,,,timeout,,,timeout,,
sts19-blk-00164.ec,timeout,,,timeout,,,timeout,,,timeout,,
sts19-blk-00165.ec,timeout,,,timeout,,,timeout,,,timeout,,
sts19-blk-00166.ec,timeout,,,timeout,,,timeout,,,timeout,,
sts19-blk-00167.ec,timeout,,,timeout,,,timeout,,,timeout,,
sts19-blk-00168.ec,timeout,,,timeout,,,timeout,,,timeout,,
sts19-blk-00169.ec,timeout,,,timeout,,,timeout,,,timeout,,
sts19-blk-00170.ec,timeout,,,timeout,,,timeout,,,timeout,,
sts19-blk-00171.ec,timeout,,,timeout,,,timeout,,,timeout,,
sts19-blk-00172.ec,timeout,,,timeout,,,timeout,,,timeout,,
sts19-blk-00173.ec,timeout,,,timeout,,,timeout,,,timeout,,
sts19-blk-00174.ec,timeout,,,timeout,,,timeout,,,timeout,,
sts19-blk-00175.ec,timeout,,,timeout,,,timeout,,,timeout,,
sts19-blk-00176.ec,timeout,,,timeout,,,timeout,,,timeout,,
sts19-blk-00177.ec,timeout,,,timeout,,,timeout,,,timeout,,
sts19-blk-00178.ec,timeout,,,timeout,,,timeout,,,timeout,,
sts19-blk-00179.ec,timeout,,,timeout,,,timeout,,,timeout,,
sts19-blk-00180.ec,timeout,,,timeout,,,timeout,,,timeout,,
sts19-blk-00181.ec,timeout,,,timeout,,,timeout,,,timeout,,
sts19-blk-00182.ec,timeout,,,timeout,,,timeout,,,timeout,,
sts19-blk-00183.ec,timeout,,,timeout,,,timeout,,,timeout,,
sts19-blk-00184.ec,timeout,,,timeout,,,timeout,,,timeout,,
sts19-blk-00185.ec,timeout,,,timeout,,,timeout,,,timeout,,
sts19-blk-00186.ec,timeout,,,timeout,,,timeout,,,timeout,,
sts19-blk-00187.ec,timeout,,,timeout,,,timeout,,,timeout,,
sts19-blk-00188.ec,timeout,,,timeout,,,timeout,,,timeout,,
sts19-blk-00189.ec,timeout,,,timeout,,,timeout,,,timeout,,
sts19-blk-00190.ec,timeout,,,timeout,,,timeout,,,timeout,,
sts19-blk-00191.ec,timeout,,,timeout,,,timeout,,,timeout,,
sts19-blk-00192.ec,timeout,,,timeout,,,timeout,,,timeout,,
sts19-blk-00193.ec,timeout,,,timeout,,,timeout,,,timeout,,
sts19-blk-00194.ec,timeout,,,timeout,,,timeout,,,timeout,,
sts19-blk-00195.ec,timeout,,,timeout,,,timeout,,,timeout,,
sts19-blk-00196.ec,timeout,,,timeout,,,timeout,,,timeout,,
sts19-blk-00197.ec,timeout,,,timeout,,,timeout,,,timeout,,
sts19-blk-00198.ec,timeout,,,timeout,,,timeout,,,timeout,,
sts19-blk-00199.ec,timeout,,,timeout,,,timeout,,,timeout,,
sts19-blk-00200.ec,timeout,,,timeout,,,timeout,,,timeout,,
tetrominoes_4x5.txt,0.0218,454,,0.0219,454,,0.0259,454,,0.0279,454,
tetrominoes_4x7.txt,0.0925,9157,,0.0926,9157,,0.1416,9157,,0.1582,9157,
tetrominoes_6x6.txt,3.7915,178939,,3.7979,178939,,4.6987,178939,,5.1216,178939,
tetrominoes_6x8.txt,51.5092,22483379,,51.5878,22483379,,65.9510,22483379,,69.3537,22483379,
tetrominoes_8x8.txt,timeout,,,timeout,,,timeout,,,timeout,,
