Instance,1_threads_time,1_threads_solutions,1_threads_max_blocks,2_threads_time,2_threads_solutions,2_threads_max_blocks,4_threads_time,4_threads_solutions,4_threads_max_blocks,8_threads_time,8_threads_solutions,8_threads_max_blocks
AsnetAm.txt,1.1465,20064184773096211440000,7,1.1503,20064184773096211440000,7,0.6697,20064184773096211440000,7,0.6660,20064184773096211440000,7
AttMpls.txt,0.1635,138690000,6,0.1636,138690000,6,0.0133,138690000,6,0.0144,138690000,6
Bellcanada.txt,0.9648,1366309453307994000,7,0.9633,1366309453307994000,7,0.7663,1366309453307994000,7,0.7728,1366309453307994000,7
Bellsouth.txt,316.3642,991776867396686280,10,316.0009,991776867396686280,10,0.1033,794988832250372760,5,0.1061,794988832250372760,5
BeyondTheNetwork.txt,19.6636,7960497608448,9,19.8651,7960497608448,9,0.1336,7960497608448,3,0.1363,7960497608448,3
BtNorthAmerica.txt,0.3265,17798747645952,8,0.3252,17798747645952,8,0.0071,17798747645952,6,0.0080,17798747645952,6
Cernet.txt,0.3469,13037563816704,6,0.3459,13037563816704,6,0.0044,13037563816704,6,0.0053,13037563816704,6
Cesnet200706.txt,0.6461,14399767872,5,0.6466,14399767872,5,0.1148,14399767872,3,0.1182,14399767872,3
Cesnet201006.txt,0.2657,61223500800,5,0.2653,61223500800,5,0.0039,61223500800,5,0.0044,61223500800,5
Chinanet.txt,0.1620,9709128,4,0.1621,9709128,4,0.0018,7691190,4,0.0020,7691190,4
Cogentco.txt,timeout,,,timeout,,,timeout,,,timeout,,
Colt.txt,timeout,,,timeout,,,timeout,,,timeout,,
Columbus.txt,2.6149,7165051704986651567,6,2.6146,7165051704986651567,6,0.1251,7165051704986651567,4,0.1271,7165051704986651567,4
Cudi.txt,0.3557,9995373489286260,5,0.3550,9995373489286260,5,0.0393,9995373489286260,4,0.0442,9995373489286260,4
Deltacom.txt,0.7965,3951934041188949052559872439407542961305600,13,0.7951,3951934041188949052559872439407542961305600,13,0.2786,3951934041188949052559872439407542961305600,13,0.2813,3951934041188949052559872439407542961305600,13
DeutscheTelekom.txt,0.2178,1569482805945600,7,0.2176,1569482805945600,7,0.0069,1569482805945600,7,0.0073,1569482805945600,7
Dfn.txt,0.7440,168220106949232800,6,0.7430,168220106949232800,6,0.0408,164585098635804000,6,0.0426,164585098635804000,6
DialtelecomCz.txt,83.2236,20631404115811925258683046579736751590000,12,82.6089,20631404115811925258683046579736751590000,12,2.3980,20368774221577457181929824667570199495600,7,2.4609,20368774221577457181929824667570199495600,7
Esnet.txt,timeout,,,timeout,,,timeout,,,timeout,,
Forthnet.txt,0.5289,29464511615072976,6,0.5284,29464511615072976,6,0.2317,29464511615072976,6,0.2303,29464511615072976,6
Garr200902.txt,1.1945,7824905716064400,7,1.1952,7824905716064400,7,0.0128,7824905716064400,7,0.0142,7824905716064400,7
Garr200908.txt,0.7430,463471976167200,8,0.7435,463471976167200,8,0.0079,463471976167200,6,0.0091,463471976167200,6
Garr200909.txt,0.6793,622464874416000,8,0.6781,622464874416000,8,0.0054,622464874416000,7,0.0063,622464874416000,7
Garr200912.txt,0.7371,2122763494916064,6,0.7367,2122763494916064,6,0.0195,2122763494916064,6,0.0207,2122763494916064,6
Garr201001.txt,0.2259,4162117365182599680,8,0.2259,4162117365182599680,8,0.0064,4162117365182599680,8,0.0073,4162117365182599680,8
Garr201003.txt,0.4286,39991147739136,6,0.4289,39991147739136,6,0.0291,39991147739136,6,0.0300,39991147739136,6
Garr201004.txt,190.3956,2825001498839593800,7,190.9782,2825001498839593800,7,5.0406,2825001498839593800,4,5.0540,2825001498839593800,4
Garr201005.txt,0.5986,7087148919474624,6,0.5989,7087148919474624,6,0.0181,7087148919474624,6,0.0191,7087148919474624,6
Garr201007.txt,9.6495,5336270947998010944,6,9.5636,5336270947998010944,6,0.2268,5336270947998010944,5,0.2285,5336270947998010944,5
Garr201008.txt,3.6503,388166930756280,5,3.6472,388166930756280,5,0.0219,388166930756280,5,0.0224,388166930756280,5
Garr201010.txt,4.6367,148027474414443820,6,4.6227,148027474414443820,6,0.7906,148027474414443820,4,0.7941,148027474414443820,4
Garr201012.txt,2.3839,97131756402639000,6,2.3806,97131756402639000,6,0.0252,97131756402639000,6,0.0273,97131756402639000,6
Garr201101.txt,timeout,,,timeout,,,15.9103,2733651895783360,3,16.0149,2733651895783360,3
Garr201102.txt,0.9274,289823452468285680,6,0.9284,289823452468285680,6,0.0212,289823452468285680,6,0.0226,289823452468285680,6
Garr201103.txt,16.0628,188664499520640000,10,15.8216,188664499520640000,10,0.0783,188664499520640000,6,0.0805,188664499520640000,6
Garr201104.txt,0.7819,16136087602223714400,6,0.7844,16136087602223714400,6,0.0804,16136087602223714400,6,0.0844,16136087602223714400,6
Garr201105.txt,1.2861,1513246451090613120,6,1.2885,1513246451090613120,6,0.0737,1513246451090613120,6,0.0753,1513246451090613120,6
Garr201107.txt,15.8880,936844463116800,9,15.8680,936844463116800,9,0.0657,936844463116800,5,0.0690,936844463116800,5
Garr201108.txt,3.5561,12012866735768260800,7,3.5631,12012866735768260800,7,0.0277,12012866735768260800,7,0.0294,12012866735768260800,7
Garr201109.txt,11.4844,132270243712681500,7,11.5776,132270243712681500,7,0.0950,132270243712681500,5,0.0973,132270243712681500,5
Garr201110.txt,15.7056,14056537029740766,9,15.5579,14056537029740766,9,0.0346,14056537029740766,6,0.0363,14056537029740766,6
Garr201111.txt,1.0509,5792755250563929648,7,1.0529,5792755250563929648,7,0.0794,5792755250563929648,7,0.0836,5792755250563929648,7
Garr201112.txt,63.0689,374638307489310900,7,62.6656,374638307489310900,7,2.7390,374638307489310900,4,2.7501,374638307489310900,4
Garr201201.txt,3.6577,503920288213159104,8,3.5937,503920288213159104,8,0.0360,503920288213159104,6,0.0388,503920288213159104,6
Geant2009.txt,0.3012,405899646567480,5,0.3007,405899646567480,5,0.0955,405899646567480,5,0.0965,405899646567480,5
Geant2010.txt,0.5878,49350233892960,5,0.5913,49350233892960,5,0.0376,49350233892960,4,0.0377,49350233892960,4
Geant2012.txt,0.7082,8453062741836,7,0.7071,8453062741836,7,0.0130,8453062741836,4,0.0142,8453062741836,4
Globenet.txt,4.0822,3760637060191819530240,8,4.1002,3760637060191819530240,8,0.5929,3614360512588884541440,5,0.5966,3614360512588884541440,5
GtsCe.txt,timeout,,,timeout,,,timeout,,,timeout,,
HiberniaGlobal.txt,7.7649,2074561928035084800000,7,7.7808,2074561928035084800000,7,0.5500,2074561928035084800000,5,0.5568,2074561928035084800000,5
Highwinds.txt,0.7479,2620625,7,0.7484,2620625,7,0.0057,2620625,5,0.0060,2620625,5
Iij.txt,0.9022,74717787200,5,0.9005,74717787200,5,0.3839,74717787200,3,0.3875,74717787200,3
Intellifiber.txt,timeout,,,timeout,,,timeout,,,timeout,,
Internode.txt,1.2912,656798976200400,5,1.2900,656798976200400,5,0.0892,656798976200400,4,0.0903,656798976200400,4
Interoute.txt,0.3935,92298128982085591042551065289360000,12,0.3953,92298128982085591042551065289360000,12,0.0342,92298128982085591042551065289360000,12,0.0381,92298128982085591042551065289360000,12
Intranetwork.txt,0.1871,33747703235280000,7,0.1877,33747703235280000,7,0.0084,33747703235280000,7,0.0093,33747703235280000,7
Ion.txt,timeout,,,timeout,,,timeout,,,timeout,,
Iris.txt,0.1197,71342977305600000,8,0.1192,71342977305600000,8,0.0038,71342977305600000,8,0.0049,71342977305600000,8
Kdl.txt,timeout,,,timeout,,,timeout,,,timeout,,
Latnet.txt,0.5893,304291353642490026193920,8,0.5866,304291353642490026193920,8,0.0304,304291353642490026193920,8,0.0315,304291353642490026193920,8
Missouri.txt,0.1374,57105820983404196432000,8,0.1374,57105820983404196432000,8,0.0198,57105820983404196432000,8,0.0221,57105820983404196432000,8
Ntelos.txt,0.3711,12713112965856441600,8,0.3703,12713112965856441600,8,0.0077,12204588447222183936,8,0.0085,12204588447222183936,8
Ntt.txt,0.6211,8386993056,5,0.6209,8386993056,5,0.0061,8386993056,4,0.0064,8386993056,4
Oteglobe.txt,1.4436,58932142778298816678592512000,8,1.4442,58932142778298816678592512000,8,0.1844,58932142778298816678592512000,8,0.1882,58932142778298816678592512000,8
Palmetto.txt,0.2182,913711669120800,7,0.2181,913711669120800,7,0.0053,873985074811200,7,0.0058,873985074811200,7
Pern.txt,0.7606,768839913291780,6,0.7599,768839913291780,6,0.0167,768839913291780,5,0.0180,768839913291780,5
PionierL3.txt,0.3072,11411355795840,4,0.3080,11411355795840,4,0.0333,11411355795840,4,0.0363,11411355795840,4
RedBestel.txt,1.5478,1619510434492756271902713446400,8,1.5468,1619510434492756271902713446400,8,0.1788,1619510434492756271902713446400,8,0.1756,1619510434492756271902713446400,8
Renater2010.txt,0.2552,54096125107736880,7,0.2555,54096125107736880,7,0.0051,54096125107736880,7,0.0061,54096125107736880,7
RoedunetFibre.txt,0.1868,621254814919200,7,0.1871,621254814919200,7,0.0043,621254814919200,7,0.0051,621254814919200,7
Sinet.txt,1.0767,15123236284800,4,1.0763,15123236284800,4,0.6112,15071837050368,4,0.6120,15071837050368,4
Surfnet.txt,9.2595,3609619292733656052,6,9.3209,3609619292733656052,6,0.1746,3342855333091997118,5,0.1767,3342855333091997118,5
Switch.txt,0.5348,2279438093318474291882336,7,0.5340,2279438093318474291882336,7,0.0951,2279438093318474291882336,7,0.0919,2279438093318474291882336,7
SwitchL3.txt,0.2999,2814573775104,6,0.2996,2814573775104,6,0.0037,2814573775104,6,0.0040,2814573775104,6
Syringa.txt,0.8785,10089788438219191257523968000,8,0.8802,10089788438219191257523968000,8,0.4254,10089788438219191257523968000,7,0.4261,10089788438219191257523968000,7
TataNld.txt,1.0886,116699270316984507028179654846752222085120000,12,1.0899,116699270316984507028179654846752222085120000,12,0.1767,116699270316984507028179654846752222085120000,12,0.1725,116699270316984507028179654846752222085120000,12
Telcove.txt,24.9463,74165451814712814103255500,6,24.6277,74165451814712814103255500,6,0.8035,74165451814712814103255500,6,0.8122,74165451814712814103255500,6
Tinet.txt,1.0845,13027376900512716134400,7,1.0793,13027376900512716134400,7,0.0597,13027376900512716134400,7,0.0627,13027376900512716134400,7
Tw.txt,6.2669,3790029909358778736510720000,8,6.2901,3790029909358778736510720000,8,0.1670,3790029909358778736510720000,8,0.1762,3790029909358778736510720000,8
Ulaknet.txt,157.5497,756492510715200,7,157.8489,756492510715200,7,2.8979,756492510715200,5,2.8947,756492510715200,5
Uninett2010.txt,12.7116,120545239248463249868042304,6,12.6620,120545239248463249868042304,6,0.9346,120545239248463249868042304,6,0.9327,120545239248463249868042304,6
Uninett2011.txt,timeout,,,timeout,,,timeout,,,timeout,,
UsCarrier.txt,4.9276,132299646414148921973967297061663323763487466000,12,4.9304,132299646414148921973967297061663323763487466000,12,4.7082,132299646414148921973967297061663323763487466000,12,4.6847,132299646414148921973967297061663323763487466000,12
UsSignal.txt,0.5397,3542621686896383831250,6,0.5393,3542621686896383831250,6,0.0879,3542621686896383831250,6,0.0929,3542621686896383831250,6
Uunet.txt,0.1969,1505816007051840,6,0.1974,1505816007051840,6,0.0082,1505816007051840,6,0.0095,1505816007051840,6
VtlWavenet2008.txt,0.7484,124108206211482212912333137920,6,0.7482,124108206211482212912333137920,6,0.4855,124108206211482212912333137920,6,0.4850,124108206211482212912333137920,6
VtlWavenet2011.txt,1.6000,2067181203168727884189854085729600,7,1.6045,2067181203168727884189854085729600,7,1.2882,2067181203168727884189854085729600,7,1.2748,2067181203168727884189854085729600,7
bell-06.ec,0.0042,203,1,0.0042,203,1,0.0042,203,1,0.0042,203,1
bell-07.ec,0.0233,877,1,0.0233,877,1,0.0234,877,1,0.0233,877,1
bell-08.ec,0.1896,4140,1,0.1902,4140,1,0.1902,4140,1,0.1900,4140,1
bell-09.ec,1.3552,21147,1,1.3551,21147,1,1.3589,21147,1,1.3584,21147,1
bell-10.ec,15.2542,115975,1,15.1855,115975,1,15.2425,115975,1,15.2239,115975,1
bell-11.ec,160.6357,678570,1,160.7642,678570,1,160.8320,678570,1,160.8209,678570,1
bell-12.ec,timeout,,,timeout,,,timeout,,,timeout,,
delta.txt,12.9103,78,1,12.9171,78,1,12.9113,78,1,12.8943,78,1
dominoes_10x10.txt,0.0977,258500842280,1,0.0975,258500842280,1,0.0975,258500842280,1,0.0977,258500842280,1
dominoes_10x12.txt,0.1345,65727306209773,1,0.1345,65727306209773,1,0.1345,65727306209773,1,0.1347,65727306209773,1
dominoes_12x12.txt,0.6137,53060477521960000,1,0.6125,53060477521960000,1,0.6136,53060477521960000,1,0.6134,53060477521960000,1
dominoes_8x10.txt,0.0223,1031151241,1,0.0224,1031151241,1,0.0226,1031151241,1,0.0223,1031151241,1
dominoes_8x8.txt,0.0152,12988816,1,0.0152,12988816,1,0.0152,12988816,1,0.0152,12988816,1
doublefact-09.ec,0.0035,945,1,0.0035,945,1,0.0035,945,1,0.0035,945,1
doublefact-11.ec,0.0108,10395,1,0.0108,10395,1,0.0108,10395,1,0.0108,10395,1
doublefact-13.ec,0.0363,135135,1,0.0362,135135,1,0.0362,135135,1,0.0363,135135,1
doublefact-15.ec,0.1030,2027025,1,0.1028,2027025,1,0.1025,2027025,1,0.1026,2027025,1
doublefact-17.ec,0.2994,34459425,1,0.2996,34459425,1,0.3003,34459425,1,0.3002,34459425,1
doublefact-19.ec,0.9025,654729075,1,0.8994,654729075,1,0.8998,654729075,1,0.9088,654729075,1
doublefact-21.ec,2.7863,13749310575,1,2.8017,13749310575,1,2.7946,13749310575,1,2.7881,13749310575,1
doublefact-23.ec,8.4782,316234143225,1,8.4806,316234143225,1,8.4722,316234143225,1,8.4692,316234143225,1
doublefact-25.ec,26.0648,7905853580625,1,25.9785,7905853580625,1,25.9560,7905853580625,1,25.9694,7905853580625,1
doublefact-27.ec,79.3933,213458046676875,1,79.5250,213458046676875,1,79.5301,213458046676875,1,79.4482,213458046676875,1
doublefact-29.ec,238.0468,6190283353629375,1,237.8304,6190283353629375,1,237.9351,6190283353629375,1,237.9530,6190283353629375,1
exotic_fives.txt,timeout,,,timeout,,,timeout,,,timeout,,
grafo10006.98.txt,4.1886,272471817868228000342011539250,8,4.1805,272471817868228000342011539250,8,0.4198,272471817868228000342011539250,6,0.4430,272471817868228000342011539250,6
grafo10017.96.txt,timeout,,,timeout,,,timeout,,,timeout,,
grafo10072.97.txt,19.6547,13882564183497261340443390,6,19.6623,13882564183497261340443390,6,1.8920,13259058958914480360125792,4,1.9206,13259058958914480360125792,4
grafo10084.97.txt,1.1752,2215710702367944079837593600,7,1.1738,2215710702367944079837593600,7,0.3922,2215710702367944079837593600,7,0.3742,2215710702367944079837593600,7
grafo10093.98.txt,0.3189,12011373629043051434493001680,8,0.3194,12011373629043051434493001680,8,0.0462,12011373629043051434493001680,8,0.0470,12011373629043051434493001680,8
grafo10099.94.txt,2.3100,39349088628024795597276038431211520,8,2.3068,39349088628024795597276038431211520,8,2.0245,39349088628024795597276038431211520,8,2.0308,39349088628024795597276038431211520,8
grafo10100.99.txt,4.2123,7977811134928620432600,8,4.2094,7977811134928620432600,8,0.7255,7977811134928620432600,4,0.7214,7977811134928620432600,4
grafo10105.93.txt,118.9249,1676553521883156572140836000,6,118.9782,1676553521883156572140836000,6,1.2757,1235530189623079694604780000,5,1.2393,1235530189623079694604780000,5
grafo10112.98.txt,3.6456,12692278449485651553820752512837640,7,3.6458,12692278449485651553820752512837640,7,2.4615,12692278449485651553820752512837640,7,2.4768,12692278449485651553820752512837640,7
grafo10113.94.txt,1.9362,13552406625123665520153488091360,7,1.9383,13552406625123665520153488091360,7,0.7626,13552406625123665520153488091360,7,0.7724,13552406625123665520153488091360,7
grafo10116.100.txt,460.3371,1074861365331266918556319980,6,461.5829,1074861365331266918556319980,6,5.0543,971200045852944571619939340,4,5.0480,971200045852944571619939340,4
grafo10124.100.txt,8.7573,148038666442429105828825376220,7,8.7748,148038666442429105828825376220,7,7.9309,148038666442429105828825376220,5,7.9046,148038666442429105828825376220,5
grafo10126.98.txt,14.5175,183702897869813818435056667996512,6,14.5222,183702897869813818435056667996512,6,6.5379,183702897869813818435056667996512,6,6.4589,183702897869813818435056667996512,6
grafo10129.99.txt,19.3167,198551644286553956304688320,8,19.1853,198551644286553956304688320,8,14.9492,198551644286553956304688320,6,15.0611,198551644286553956304688320,6
grafo10130.97.txt,timeout,,,timeout,,,timeout,,,timeout,,
grafo10146.97.txt,1.0627,36084888290235633242565472,7,1.0672,36084888290235633242565472,7,0.4398,36084888290235633242565472,5,0.4474,36084888290235633242565472,5
grafo10151.94.txt,387.9196,904656396457139592429885232,11,384.3892,904656396457139592429885232,11,33.3530,884237365362346372854907696,4,33.4577,884237365362346372854907696,4
grafo10153.100.txt,43.8185,1522615820938115230772639040,7,43.7445,1522615820938115230772639040,7,6.0553,1522615820938115230772639040,4,6.1146,1522615820938115230772639040,4
grafo10156.97.txt,9.4804,22914154371865015708952597726940,7,9.6475,22914154371865015708952597726940,7,0.4929,20347415726226677046330578319960,7,0.4857,20347415726226677046330578319960,7
grafo10160.96.txt,timeout,,,timeout,,,timeout,,,timeout,,
grafo10161.99.txt,timeout,,,timeout,,,5.8899,7490630136064430707299085264104,6,5.8969,7490630136064430707299085264104,6
grafo10162.93.txt,22.1469,16943723066030712130728,7,22.2950,16943723066030712130728,7,1.1550,16943723066030712130728,4,1.1702,16943723066030712130728,4
grafo10164.98.txt,timeout,,,timeout,,,timeout,,,timeout,,
grafo10171.99.txt,1.0489,15769200352689912829592729376,6,1.0482,15769200352689912829592729376,6,0.5240,15378287316672584254732985280,6,0.5247,15378287316672584254732985280,6
grafo10173.97.txt,35.0816,8343625169242146934592110560,8,35.0434,8343625169242146934592110560,8,25.7838,8321946898354938015117536160,4,25.5797,8321946898354938015117536160,4
grafo10175.99.txt,0.5819,85388328645309376216506001872,6,0.5823,85388328645309376216506001872,6,0.3500,85388328645309376216506001872,6,0.3553,85388328645309376216506001872,6
grafo10176.97.txt,3.0302,110391288988965933859653042432,7,3.0246,110391288988965933859653042432,7,0.7883,110391288988965933859653042432,5,0.7839,110391288988965933859653042432,5
grafo10179.97.txt,24.8669,3278735562651329679897572100,8,24.9347,3278735562651329679897572100,8,12.6105,3278735562651329679897572100,5,12.6493,3278735562651329679897572100,5
grafo10184.100.txt,0.6008,774260303763303208390801489920,8,0.6014,774260303763303208390801489920,8,0.3876,774260303763303208390801489920,8,0.3934,774260303763303208390801489920,8
grafo10195.99.txt,2.2595,190292079107394297194953680,8,2.2513,190292079107394297194953680,8,0.1244,190292079107394297194953680,6,0.1329,190292079107394297194953680,6
grafo10203.97.txt,0.2426,60240136444714215336356779770000,8,0.2444,60240136444714215336356779770000,8,0.0867,60240136444714215336356779770000,8,0.0880,60240136444714215336356779770000,8
grafo10204.100.txt,3.5957,29653634898146327380379042234220,6,3.6425,29653634898146327380379042234220,6,1.0941,29653634898146327380379042234220,6,1.0838,29653634898146327380379042234220,6
grafo10205.97.txt,16.7724,2450985920965558319691974400,8,16.6759,2450985920965558319691974400,8,0.0645,1047098415602374598602584000,7,0.0694,1047098415602374598602584000,7
grafo10207.98.txt,0.4526,407524009110382244942767825920,8,0.4535,407524009110382244942767825920,8,0.2102,407524009110382244942767825920,8,0.2197,407524009110382244942767825920,8
grafo10209.99.txt,2.4638,1778405443010598595931612784,9,2.4652,1778405443010598595931612784,9,0.2716,1778405443010598595931612784,6,0.2763,1778405443010598595931612784,6
grafo10215.93.txt,0.9435,4429033439896804903015219200,8,0.9425,4429033439896804903015219200,8,0.0760,4429033439896804903015219200,8,0.0821,4429033439896804903015219200,8
grafo10218.99.txt,9.7046,38667060581791729436749880064,6,9.6714,38667060581791729436749880064,6,5.6920,38667060581791729436749880064,5,5.7608,38667060581791729436749880064,5
grafo10220.97.txt,1.8222,1790137382988957253095000000,6,1.8194,1790137382988957253095000000,6,1.4963,1790137382988957253095000000,6,1.4847,1790137382988957253095000000,6
grafo10223.100.txt,50.1852,328757268525449878800124560,7,50.2958,328757268525449878800124560,7,0.9839,328757268525449878800124560,6,0.9946,328757268525449878800124560,6
grafo10237.100.txt,57.2150,56690827752941049802755975480,8,56.7934,56690827752941049802755975480,8,37.6560,56690827752941049802755975480,5,37.9931,56690827752941049802755975480,5
grafo10244.99.txt,6.8101,9494309680695561692995554816,6,6.8063,9494309680695561692995554816,6,1.4488,9063532329631820153122673664,6,1.4586,9063532329631820153122673664,6
grafo10250.100.txt,0.7584,114852967527687017594839695360,7,0.7619,114852967527687017594839695360,7,0.2460,114852967527687017594839695360,7,0.2506,114852967527687017594839695360,7
grafo10259.100.txt,timeout,,,timeout,,,20.2843,64165443845633858500762161900,6,20.4602,64165443845633858500762161900,6
grafo10262.100.txt,2.6774,6525746259024633846681600,8,2.6832,6525746259024633846681600,8,0.0825,6525746259024633846681600,6,0.0834,6525746259024633846681600,6
grafo10265.100.txt,0.2609,32094343893604867070884746240,8,0.2605,32094343893604867070884746240,8,0.0866,32094343893604867070884746240,8,0.0891,32094343893604867070884746240,8
grafo10266.94.txt,2.7276,110801121815568366975240,7,2.7288,110801121815568366975240,7,0.1734,110801121815568366975240,6,0.1766,110801121815568366975240,6
grafo10269.99.txt,184.3933,633497612146150461289860000,6,184.6514,633497612146150461289860000,6,0.4182,380480960212526987313930000,6,0.4014,380480960212526987313930000,6
grafo10273.97.txt,0.9351,33635956333383979125105139200,7,0.9375,33635956333383979125105139200,7,0.6045,33635956333383979125105139200,7,0.6023,33635956333383979125105139200,7
grafo10275.97.txt,20.1508,244644070413026379047679107760,9,20.1778,244644070413026379047679107760,9,2.7628,244644070413026379047679107760,5,2.7610,244644070413026379047679107760,5
grafo10288.95.txt,0.2618,67924110954574990800416160000,7,0.2617,67924110954574990800416160000,7,0.0867,67924110954574990800416160000,7,0.1001,67924110954574990800416160000,7
grafo10291.93.txt,5.7207,8089182960223746111277546359360,8,5.7083,8089182960223746111277546359360,8,0.5749,8089182960223746111277546359360,7,0.5836,8089182960223746111277546359360,7
grafo10292.100.txt,timeout,,,timeout,,,timeout,,,timeout,,
grafo10293.99.txt,0.2762,1189967169400391312521176624192,8,0.2753,1189967169400391312521176624192,8,0.1180,1189967169400391312521176624192,8,0.1245,1189967169400391312521176624192,8
grafo10297.98.txt,0.4564,5047361956059511058420258045952,8,0.4558,5047361956059511058420258045952,8,0.1394,5047361956059511058420258045952,8,0.1433,5047361956059511058420258045952,8
grafo10298.97.txt,2.2234,7156201735846976840333598600000,8,2.2249,7156201735846976840333598600000,8,0.0851,6411956755318891248938904345600,8,0.0911,6411956755318891248938904345600,8
grafo10303.96.txt,0.8078,336623282871798635541043488000,8,0.8076,336623282871798635541043488000,8,0.1003,336623282871798635541043488000,8,0.1084,336623282871798635541043488000,8
grafo10305.100.txt,3.7042,292085589751208531500740959232,7,3.7142,292085589751208531500740959232,7,0.4147,292085589751208531500740959232,7,0.4213,292085589751208531500740959232,7
grafo10318.98.txt,1.5878,160075764596308430431394162528,6,1.5879,160075764596308430431394162528,6,1.3538,160075764596308430431394162528,6,1.3690,160075764596308430431394162528,6
grafo10325.96.txt,14.9861,1515393227078433787636237160475,9,15.0166,1515393227078433787636237160475,9,8.9415,1515393227078433787636237160475,5,8.9825,1515393227078433787636237160475,5
grafo10327.97.txt,0.3342,6668191872233180852367168,6,0.3322,6668191872233180852367168,6,0.1806,6668191872233180852367168,6,0.1859,6668191872233180852367168,6
grafo10339.95.txt,7.5440,154016263775635045484598360,7,7.5340,154016263775635045484598360,7,2.2371,154016263775635045484598360,5,2.2435,154016263775635045484598360,5
grafo10346.97.txt,1.3177,85352803321813705564434487680,7,1.3196,85352803321813705564434487680,7,1.1714,85352803321813705564434487680,7,1.1808,85352803321813705564434487680,7
grafo10351.97.txt,4.9653,3038891535467749895820555375,6,4.9843,3038891535467749895820555375,6,4.7724,3038891535467749895820555375,6,4.7677,3038891535467749895820555375,6
grafo10353.99.txt,24.7551,1036843743939236753336209008,7,24.7493,1036843743939236753336209008,7,1.0553,577765059452569037115956736,5,1.0756,577765059452569037115956736,5
grafo10354.99.txt,0.2888,2635922965070113457943960,6,0.2894,2635922965070113457943960,6,0.1543,2635922965070113457943960,6,0.1545,2635922965070113457943960,6
grafo10359.95.txt,8.3979,21232201433844641535018326254080,9,8.3801,21232201433844641535018326254080,9,7.4273,21232201433844641535018326254080,9,7.4641,21232201433844641535018326254080,9
grafo10362.94.txt,12.7095,13439932228370461283870400,7,12.7035,13439932228370461283870400,7,0.7446,13439932228370461283870400,5,0.7515,13439932228370461283870400,5
grafo10365.97.txt,20.7371,25575509097340632493846860,8,20.7213,25575509097340632493846860,8,6.5198,25575509097340632493846860,4,6.5360,25575509097340632493846860,4
grafo10369.100.txt,26.6831,162269574458684398363738080,10,26.4927,162269574458684398363738080,10,0.1991,162269574458684398363738080,7,0.2100,162269574458684398363738080,7
grafo10382.94.txt,timeout,,,timeout,,,timeout,,,timeout,,
grafo10383.99.txt,263.8166,57257348886332366307365280,10,268.1187,57257348886332366307365280,10,1.9546,48595649564989202639509920,4,2.0716,48595649564989202639509920,4
grafo10387.97.txt,0.2809,928110106585327508832600,7,0.2805,928110106585327508832600,7,0.0342,928110106585327508832600,7,0.0373,928110106585327508832600,7
grafo10388.95.txt,0.7587,100871271571286563976946948624,6,0.7601,100871271571286563976946948624,6,0.2625,100871271571286563976946948624,6,0.2764,100871271571286563976946948624,6
grafo10393.96.txt,123.0988,425475125738358970835202279000,4,120.8065,425475125738358970835202279000,4,92.3024,425475125738358970835202279000,4,92.3298,425475125738358970835202279000,4
grafo10405.97.txt,timeout,,,timeout,,,26.3214,422648508707025457868000,4,26.3745,422648508707025457868000,4
grafo10409.96.txt,7.1503,139058476479714794419701648,8,7.1851,139058476479714794419701648,8,0.1261,139058476479714794419701648,7,0.1304,139058476479714794419701648,7
grafo10416.96.txt,0.9413,275385933690750019991344608,7,0.9406,275385933690750019991344608,7,0.1248,271251496652708144507223744,7,0.1290,271251496652708144507223744,7
grafo10418.100.txt,0.3322,147754061920021215867995714457600,8,0.3332,147754061920021215867995714457600,8,0.1495,147754061920021215867995714457600,8,0.1671,147754061920021215867995714457600,8
grafo10420.97.txt,0.2556,40799332872710765774848481424384,8,0.2558,40799332872710765774848481424384,8,0.0919,40799332872710765774848481424384,8,0.1094,40799332872710765774848481424384,8
grafo10421.99.txt,5.7134,52350402903229612656419750400,7,5.5438,52350402903229612656419750400,7,0.2825,52350402903229612656419750400,6,0.3001,52350402903229612656419750400,6
grafo10426.100.txt,13.5075,1827783263299847235344879849799328,5,13.5021,1827783263299847235344879849799328,5,11.9642,1827783263299847235344879849799328,5,12.3101,1827783263299847235344879849799328,5
grafo10432.99.txt,0.7372,39585030704867624378340600668160,7,0.7383,39585030704867624378340600668160,7,0.4204,39585030704867624378340600668160,7,0.4274,39585030704867624378340600668160,7
grafo10434.98.txt,timeout,,,timeout,,,timeout,,,timeout,,
grafo10436.95.txt,4.3525,4397495877745499771502988640640,7,4.2437,4397495877745499771502988640640,7,1.2441,4397495877745499771502988640640,6,1.2515,4397495877745499771502988640640,6
grafo10441.98.txt,timeout,,,timeout,,,timeout,,,timeout,,
grafo10444.100.txt,0.7656,16141694039854526732472576000000,7,0.7644,16141694039854526732472576000000,7,0.3539,16141694039854526732472576000000,7,0.3710,16141694039854526732472576000000,7
grafo10445.94.txt,1.1362,139093054073990193881088000,6,1.1371,139093054073990193881088000,6,0.5869,139093054073990193881088000,6,0.5881,139093054073990193881088000,6
grafo10446.95.txt,4.9819,1406626619252431805138851200,9,4.9939,1406626619252431805138851200,9,0.1258,1406626619252431805138851200,7,0.1308,1406626619252431805138851200,7
grafo10452.94.txt,0.4823,1309968238419646304729519520,8,0.4836,1309968238419646304729519520,8,0.0510,1302522886890895552129225440,8,0.0560,1302522886890895552129225440,8
grafo10453.97.txt,1.4900,978125278141318365072482158080,8,1.4919,978125278141318365072482158080,8,0.3170,978125278141318365072482158080,8,0.3221,978125278141318365072482158080,8
grafo10467.100.txt,5.6607,829005255557150402856812544000,7,5.6710,829005255557150402856812544000,7,0.5174,829005255557150402856812544000,7,0.5554,829005255557150402856812544000,7
grafo10469.100.txt,1.9150,29833371992729329249984,7,1.8885,29833371992729329249984,7,0.6042,29833371992729329249984,4,0.6092,29833371992729329249984,4
grafo10474.94.txt,timeout,,,timeout,,,timeout,,,timeout,,
grafo10484.99.txt,1.3281,2800369925851353194772692875,6,1.3265,2800369925851353194772692875,6,0.8407,2800369925851353194772692875,6,0.8361,2800369925851353194772692875,6
grafo10488.98.txt,0.3109,147530693993345834083200,7,0.3120,147530693993345834083200,7,0.1110,147530693993345834083200,5,0.1141,147530693993345834083200,5
grafo10489.95.txt,timeout,,,timeout,,,timeout,,,timeout,,
grafo10491.97.txt,69.3540,637331645197964631273533460,5,69.6421,637331645197964631273533460,5,32.5945,130734696450864539748417120,5,32.1763,130734696450864539748417120,5
grafo10492.96.txt,22.0128,38385060996073952528012304,8,21.9334,38385060996073952528012304,8,10.2268,38385060996073952528012304,4,10.9971,38385060996073952528012304,4
grafo10496.98.txt,310.0688,14327587632784029994981186464,7,309.7683,14327587632784029994981186464,7,21.2460,14327821056021815272147866528,4,21.4270,14327821056021815272147866528,4
grafo10501.96.txt,1.2552,60200824737438188138649600000,6,1.2529,60200824737438188138649600000,6,0.7316,60200824737438188138649600000,6,0.7428,60200824737438188138649600000,6
grafo10502.91.txt,2.0465,17145714310767787059504,8,2.0434,17145714310767787059504,8,1.3457,17145714310767787059504,5,1.3627,17145714310767787059504,5
grafo10508.100.txt,timeout,,,timeout,,,23.3677,4511299976859460536969453195036,5,23.4149,4511299976859460536969453195036,5
grafo10516.94.txt,3.6524,15349627360704647668429728,6,3.6404,15349627360704647668429728,6,3.1739,15349627360704647668429728,5,3.1754,15349627360704647668429728,5
grafo10522.99.txt,4.1304,1368022910682647106522103772160,11,4.1316,1368022910682647106522103772160,11,2.2782,1362396344215079666562581191680,6,2.2855,1362396344215079666562581191680,6
grafo10523.97.txt,19.8562,2585358559737244414126080,7,19.8267,2585358559737244414126080,7,0.4661,2582091752234108448983040,6,0.4698,2582091752234108448983040,6
grafo10532.99.txt,4.2215,462577367105788159981438666368,6,4.2154,462577367105788159981438666368,6,3.7702,462577367105788159981438666368,6,3.7904,462577367105788159981438666368,6
grafo10533.100.txt,3.2237,75765351525353878701765811733388000,6,3.2258,75765351525353878701765811733388000,6,2.0634,75765351525353878701765811733388000,6,2.0485,75765351525353878701765811733388000,6
grafo10534.100.txt,3.9419,6190404474802541320344211290206208,8,3.9339,6190404474802541320344211290206208,8,0.1379,6190404474802541320344211290206208,8,0.1503,6190404474802541320344211290206208,8
grafo10536.99.txt,0.7809,90219383710204418073507359520,8,0.7813,90219383710204418073507359520,8,0.1231,89947113720736152688205852520,8,0.1338,89947113720736152688205852520,8
grafo10537.95.txt,timeout,,,timeout,,,71.5818,12253198761407588877701305614,4,72.2796,12253198761407588877701305614,4
grafo10538.100.txt,2.5001,795036054653018287978412196,11,2.4854,795036054653018287978412196,11,1.8068,789373682830989325271163816,5,1.7906,789373682830989325271163816,5
grafo10547.94.txt,1.7495,6784952125033040430938400,10,1.7363,6784952125033040430938400,10,0.6021,6784952125033040430938400,5,0.6038,6784952125033040430938400,5
grafo10549.99.txt,2.6360,1145040940241452014901674319885248,7,2.6241,1145040940241452014901674319885248,7,0.7135,1145040940241452014901674319885248,7,0.6533,1145040940241452014901674319885248,7
grafo10552.96.txt,6.7414,20889029397226285157195570148,9,6.7358,20889029397226285157195570148,9,3.4890,20889029397226285157195570148,5,3.5324,20889029397226285157195570148,5
grafo10560.95.txt,1.2490,10454917675207673432929607718912,7,1.2480,10454917675207673432929607718912,7,0.2123,10454917675207673432929607718912,7,0.2179,10454917675207673432929607718912,7
grafo10575.99.txt,39.7248,290401904358524035719206484192,9,40.7814,290401904358524035719206484192,9,2.2359,290401904358524035719206484192,5,2.2609,290401904358524035719206484192,5
grafo10577.100.txt,6.8660,289452947838024215689962434880,7,6.8505,289452947838024215689962434880,7,0.9146,289452947838024215689962434880,6,0.8112,289452947838024215689962434880,6
grafo10578.96.txt,1.0226,63978261035298507640733940,6,1.0217,63978261035298507640733940,6,0.2340,59448044221069477278245400,6,0.2398,59448044221069477278245400,6
grafo10586.100.txt,1.9477,3159527635877864048932738800,6,1.9478,3159527635877864048932738800,6,0.2694,3148376600393706542824336800,6,0.2611,3148376600393706542824336800,6
grafo10589.93.txt,14.8806,48905720858960060291749968450,8,14.8771,48905720858960060291749968450,8,1.3859,48905720858960060291749968450,5,1.3863,48905720858960060291749968450,5
grafo10592.98.txt,1.2056,2607343682329504256862467094951600,8,1.2001,2607343682329504256862467094951600,8,0.6040,2607343682329504256862467094951600,8,0.6307,2607343682329504256862467094951600,8
grafo10596.99.txt,0.6274,112465313385181924312362654720,8,0.6238,112465313385181924312362654720,8,0.5125,112465313385181924312362654720,8,0.5188,112465313385181924312362654720,8
grafo10603.100.txt,2.0217,670510578138777061840000,5,2.0217,670510578138777061840000,5,1.9009,670510578138777061840000,5,1.8986,670510578138777061840000,5
grafo10608.93.txt,6.9470,2990252860992399674047889600,6,6.9442,2990252860992399674047889600,6,0.1849,2731816373006312109429752800,6,0.1946,2731816373006312109429752800,6
grafo10624.91.txt,0.3320,28252598579182428029482758660,8,0.3271,28252598579182428029482758660,8,0.0876,28252598579182428029482758660,8,0.0972,28252598579182428029482758660,8
grafo10626.100.txt,0.2399,123805968402809495607386400,7,0.2442,123805968402809495607386400,7,0.0705,123805968402809495607386400,7,0.0829,123805968402809495607386400,7
grafo10630.94.txt,7.7523,42203028634531492749435200,6,7.7323,42203028634531492749435200,6,6.2180,42203028634531492749435200,4,6.2628,42203028634531492749435200,4
grafo10632.100.txt,2.1389,574873638719068404760642606008000,8,2.1361,574873638719068404760642606008000,8,1.8958,574873638719068404760642606008000,8,1.9110,574873638719068404760642606008000,8
grafo10633.100.txt,timeout,,,timeout,,,17.7999,4051184213898141958008000,4,17.8400,4051184213898141958008000,4
grafo10634.96.txt,2.7452,1654795573774103110564694557332,6,2.8736,1654795573774103110564694557332,6,1.9773,1654795573774103110564694557332,6,1.9722,1654795573774103110564694557332,6
grafo10635.95.txt,4.8153,71356613932690877273184000,10,4.8066,71356613932690877273184000,10,0.4050,71356613932690877273184000,5,0.4062,71356613932690877273184000,5
grafo10637.94.txt,0.8300,11214433932496991100576672,8,0.8277,11214433932496991100576672,8,0.4857,11214433932496991100576672,7,0.4933,11214433932496991100576672,7
grafo10638.100.txt,6.4299,262011175215511354440192,10,6.4414,262011175215511354440192,10,0.4777,186453077689245827319552,6,0.4819,186453077689245827319552,6
grafo10644.100.txt,1.8306,879696743017814604656785638,8,1.8312,879696743017814604656785638,8,0.8128,465721805127078320112415926,6,0.8320,465721805127078320112415926,6
grafo10646.100.txt,0.6977,9820844339917672108320000,7,0.6910,9820844339917672108320000,7,0.3786,9820844339917672108320000,5,0.3745,9820844339917672108320000,5
grafo10648.98.txt,2.5258,356474569742739338284800,5,2.5270,356474569742739338284800,5,1.8811,356474569742739338284800,5,1.8873,356474569742739338284800,5
grafo10650.98.txt,16.4426,34469998616098897969669380,8,16.3338,34469998616098897969669380,8,8.6545,34469998616098897969669380,4,8.6615,34469998616098897969669380,4
grafo10652.100.txt,48.8159,3980767004196538169400792876,7,49.0534,3980767004196538169400792876,7,47.8312,3980767004196538169400792876,4,47.9536,3980767004196538169400792876,4
grafo10653.100.txt,5.4995,1342945475430854403482774400,6,5.5027,1342945475430854403482774400,6,5.2095,1342945475430854403482774400,6,5.2383,1342945475430854403482774400,6
grafo10662.100.txt,1.6434,27178777349470484479346220000,6,1.6383,27178777349470484479346220000,6,1.5144,27178777349470484479346220000,6,1.5113,27178777349470484479346220000,6
grafo10663.99.txt,0.5866,10004537904397046812627562880,7,0.5871,10004537904397046812627562880,7,0.2032,10004537904397046812627562880,7,0.2151,10004537904397046812627562880,7
grafo10670.100.txt,,,,,,,,,,,,
grafo10671.100.txt,70.1915,624388665254004882462918502728,4,70.0583,624388665254004882462918502728,4,8.9756,624388665254004882462918502728,4,8.9763,624388665254004882462918502728,4
grafo10674.99.txt,1.4468,5795087564123430300037643026176,7,1.4500,5795087564123430300037643026176,7,0.5722,5795087564123430300037643026176,6,0.5859,5795087564123430300037643026176,6
grafo10676.100.txt,0.5901,88449251051691116273910908805120,8,0.5906,88449251051691116273910908805120,8,0.2240,88449251051691116273910908805120,8,0.2175,88449251051691116273910908805120,8
grafo10685.98.txt,2.0978,18933970214606610605994945868800,7,2.1012,18933970214606610605994945868800,7,0.1950,18933970214606610605994945868800,7,0.2111,18933970214606610605994945868800,7
grafo10688.95.txt,90.2101,7478197582294315268144635392,11,88.2163,7478197582294315268144635392,11,12.8978,7478197582294315268144635392,4,12.7179,7478197582294315268144635392,4
grafo10689.98.txt,1.2136,1370682840424281115042080000,7,1.1999,1370682840424281115042080000,7,0.7696,1370682840424281115042080000,7,0.7846,1370682840424281115042080000,7
grafo10693.98.txt,1.2506,15811121663230543469294733740160,8,1.2467,15811121663230543469294733740160,8,0.0891,15811121663230543469294733740160,8,0.0948,15811121663230543469294733740160,8
grafo10694.96.txt,timeout,,,timeout,,,timeout,,,timeout,,
grafo10695.98.txt,1.0353,152426309856396886819860480,8,1.0477,152426309856396886819860480,8,0.4452,152426309856396886819860480,6,0.4542,152426309856396886819860480,6
grafo10696.99.txt,2.8945,5204648458409465990708001445500,6,2.8948,5204648458409465990708001445500,6,1.2963,5204648458409465990708001445500,6,1.2713,5204648458409465990708001445500,6
grafo10698.95.txt,0.3939,195624642073083526902416762880,8,0.3945,195624642073083526902416762880,8,0.0430,195624642073083526902416762880,8,0.0514,195624642073083526902416762880,8
grafo10700.98.txt,1.0441,2303423420658486348064432128000,7,1.0446,2303423420658486348064432128000,7,0.1578,2303423420658486348064432128000,7,0.1578,2303423420658486348064432128000,7
grafo10712.98.txt,4.2447,87350475221980225179971773660000,8,4.2298,87350475221980225179971773660000,8,0.4492,87350475221980225179971773660000,8,0.4732,87350475221980225179971773660000,8
grafo10713.92.txt,22.8780,762509519166958396577520,11,23.1148,762509519166958396577520,11,21.6219,762509519166958396577520,4,22.0555,762509519166958396577520,4
grafo10714.99.txt,691.1512,846684464113913264943210240,7,690.1496,846684464113913264943210240,7,22.1365,753283167545627211408802320,5,22.1335,753283167545627211408802320,5
grafo10722.96.txt,1.8364,7181570767061926043280,8,1.8525,7181570767061926043280,8,1.0719,7181570767061926043280,6,1.0912,7181570767061926043280,6
grafo10726.99.txt,69.3550,1169419974189722162550556681572,9,69.3310,1169419974189722162550556681572,9,0.4332,1169419974189722162550556681572,6,0.4475,1169419974189722162550556681572,6
grafo10735.99.txt,,,,,,,,,,,,
grafo10736.99.txt,27.6441,887785238808388365200371008,9,27.6932,887785238808388365200371008,9,0.1919,654533353008865416702686400,6,0.2024,654533353008865416702686400,6
grafo10737.99.txt,4.1539,948450972521583413184960,9,4.1507,948450972521583413184960,9,1.0233,948450972521583413184960,5,1.0305,948450972521583413184960,5
grafo10750.100.txt,0.5556,79424048531055784214151971742570,8,0.5635,79424048531055784214151971742570,8,0.2652,79424048531055784214151971742570,8,0.2852,79424048531055784214151971742570,8
grafo10758.96.txt,0.6763,14393936331269128652052040205472000,8,0.6737,14393936331269128652052040205472000,8,0.1760,14393936331269128652052040205472000,8,0.2080,14393936331269128652052040205472000,8
grafo10760.96.txt,35.4595,47969850313152624399903360,8,35.4647,47969850313152624399903360,8,4.4135,44506808727552680251881600,5,4.4623,44506808727552680251881600,5
grafo10772.100.txt,,,,,,,,,,,,
grafo10780.99.txt,122.9524,100508535343249538967989285400,6,122.9096,100508535343249538967989285400,6,121.1429,100508603656421891605478760000,4,119.9635,100508603656421891605478760000,4
grafo10781.100.txt,951.4280,115904975589037669173480,8,944.9791,115904975589037669173480,8,1.1760,34326665474148801719856,5,1.1758,34326665474148801719856,5
grafo10792.98.txt,17.7586,54647925002527690601441814067200,7,17.7297,54647925002527690601441814067200,7,0.6450,28740760556884933575573102213120,7,0.6552,28740760556884933575573102213120,7
grafo10806.97.txt,23.9636,35881456142072374461716455296,4,24.0928,35881456142072374461716455296,4,21.9929,35881456142072374461716455296,4,21.9190,35881456142072374461716455296,4
grafo10807.95.txt,1291.5554,714436079805522405813600,14,1294.2558,714436079805522405813600,14,3.2340,593601167552440538679750,4,3.2655,593601167552440538679750,4
grafo10808.98.txt,2.2642,378121638730523407451224668000,6,2.2571,378121638730523407451224668000,6,1.0767,378121638730523407451224668000,6,1.1027,378121638730523407451224668000,6
grafo10810.97.txt,timeout,,,timeout,,,91.8084,1746631086263901572859052425,5,87.8290,1746631086263901572859052425,5
grafo10811.96.txt,15.8956,62515660367842952114211840,9,15.9269,62515660367842952114211840,9,2.7142,62515660367842952114211840,5,2.7147,62515660367842952114211840,5
grafo10814.98.txt,2.4990,1117495720365979210503524659200,6,2.5148,1117495720365979210503524659200,6,1.5041,1117495720365979210503524659200,6,1.5784,1117495720365979210503524659200,6
grafo10820.100.txt,,,,,,,,,,,,
grafo10825.98.txt,0.6045,448703730980795389658142516768,8,0.6039,448703730980795389658142516768,8,0.0660,448703730980795389658142516768,8,0.0761,448703730980795389658142516768,8
grafo10827.99.txt,11.0025,56248332940369085364361434240,7,11.2086,56248332940369085364361434240,7,9.7533,55037159210177477446446115200,7,9.6870,55037159210177477446446115200,7
grafo10829.97.txt,0.9929,353239596240320941062912000,10,1.0018,353239596240320941062912000,10,0.5058,353239596240320941062912000,6,0.5152,353239596240320941062912000,6
grafo10831.98.txt,0.9839,132171520291202302513208524800,8,0.9823,132171520291202302513208524800,8,0.3167,132171520291202302513208524800,8,0.3298,132171520291202302513208524800,8
grafo10832.94.txt,,,,,,,,,,,,
grafo10836.97.txt,6.4093,53328914740725442127812132608,8,6.4034,53328914740725442127812132608,8,0.2243,53328914740725442127812132608,8,0.2308,53328914740725442127812132608,8
grafo10849.95.txt,2.8707,146263666707748943943862272000,8,2.8649,146263666707748943943862272000,8,0.1166,146263666707748943943862272000,8,0.1237,146263666707748943943862272000,8
grafo10854.99.txt,0.4430,193281731960144890703093299425600,8,0.4411,193281731960144890703093299425600,8,0.1954,193281731960144890703093299425600,8,0.2180,193281731960144890703093299425600,8
grafo10859.97.txt,4.6929,619544659954727747936779866,7,4.7112,619544659954727747936779866,7,0.4357,619544659954727747936779866,6,0.4344,619544659954727747936779866,6
grafo10860.93.txt,0.6928,82576179328076510630400,7,0.6945,82576179328076510630400,7,0.0855,82576179328076510630400,7,0.0883,82576179328076510630400,7
grafo10861.100.txt,0.5719,8276820258735217590656236955688000,8,0.5736,8276820258735217590656236955688000,8,0.2624,7829288665158404488852831676796000,8,0.2719,7829288665158404488852831676796000,8
grafo10862.98.txt,,,,,,,,,,,,
grafo10864.99.txt,3.1152,16665764537733819344371841148,5,3.1250,16665764537733819344371841148,5,1.7291,16665764537733819344371841148,5,1.7301,16665764537733819344371841148,5
grafo10865.100.txt,,,,,,,,,,,,
grafo10866.98.txt,301.6187,68356609829134711234891176546,7,308.0424,68356609829134711234891176546,7,19.5927,68356609829134711234891176546,5,19.6211,68356609829134711234891176546,5
grafo10876.98.txt,,,,,,,,,,,,
grafo10878.94.txt,0.6932,40448324839475188109531614233600,8,0.6926,40448324839475188109531614233600,8,0.3616,40448324839475188109531614233600,8,0.3719,40448324839475188109531614233600,8
grafo10882.95.txt,2.5784,447542272092260259015739440,7,2.5673,447542272092260259015739440,7,0.5957,447542272092260259015739440,5,0.5684,447542272092260259015739440,5
grafo10883.93.txt,0.8718,2430118976009979196378800000,8,0.8729,2430118976009979196378800000,8,0.3171,2430118976009979196378800000,8,0.3198,2430118976009979196378800000,8
grafo10898.95.txt,9.7308,775463126655736120469868000,8,9.7049,775463126655736120469868000,8,0.0896,758521327325540596697880000,8,0.1009,758521327325540596697880000,8
grafo10905.97.txt,1.0590,12135924843732264824121600000,8,1.0496,12135924843732264824121600000,8,0.0753,12135924843732264824121600000,8,0.0781,12135924843732264824121600000,8
grafo10907.99.txt,8.5676,32617260794404341954987264,6,8.5803,32617260794404341954987264,6,8.1872,32617260794404341954987264,6,7.9312,32617260794404341954987264,6
grafo10908.98.txt,1.3787,7066137500821101460616320000,6,1.3765,7066137500821101460616320000,6,0.8628,6900725645688243858242801600,6,0.8812,6900725645688243858242801600,6
grafo10911.100.txt,,,,,,,,,,,,
grafo10918.98.txt,2.7518,32800655762924646232844208,9,2.7556,32800655762924646232844208,9,1.8547,32800655762924646232844208,4,1.8122,32800655762924646232844208,4
grafo10919.97.txt,2.4786,4873808896014194882486512200,6,2.4726,4873808896014194882486512200,6,0.2401,4873808896014194882486512200,6,0.2559,4873808896014194882486512200,6
grafo10926.99.txt,0.1878,401726519668839391778054937600,8,0.1877,401726519668839391778054937600,8,0.0841,401726519668839391778054937600,8,0.0946,401726519668839391778054937600,8
grafo10928.100.txt,28.2935,9190775083893630767018589621420,8,28.1976,9190775083893630767018589621420,8,5.3569,9190775083893630767018589621420,5,5.3335,9190775083893630767018589621420,5
grafo10937.100.txt,0.4515,911001366204729030069480720000,7,0.4482,911001366204729030069480720000,7,0.2290,911001366204729030069480720000,7,0.2544,911001366204729030069480720000,7
grafo10943.95.txt,2.3144,2232135796878792160387153920000,8,2.3102,2232135796878792160387153920000,8,2.1862,2232135796878792160387153920000,8,2.1573,2232135796878792160387153920000,8
grafo10945.98.txt,0.6724,95891009417905168894140000,6,0.6695,95891009417905168894140000,6,0.2876,95891009417905168894140000,6,0.3001,95891009417905168894140000,6
grafo10950.97.txt,,,,,,,,,,,,
grafo10952.96.txt,684.8531,391142178847692823817972160,7,680.5217,391142178847692823817972160,7,5.0208,391142178847692823817972160,4,5.0461,391142178847692823817972160,4
grafo10958.98.txt,,,,,,,,,,,,
grafo10962.100.txt,,,,,,,,,,,,
grafo10970.100.txt,1.7111,2682497001892752749227723200,5,1.7197,2682497001892752749227723200,5,0.9362,2452216546463682773005463232,5,0.9589,2452216546463682773005463232,5
grafo10972.95.txt,28.9648,730245111490256436936613455936,9,29.0247,730245111490256436936613455936,9,7.8671,730245111490256436936613455936,4,7.9437,730245111490256436936613455936,4
grafo10976.92.txt,56.9590,10759050697100237213220300916440,8,56.8421,10759050697100237213220300916440,8,0.9970,10759050697100237213220300916440,6,1.0065,10759050697100237213220300916440,6
grafo10998.100.txt,,,,,,,,,,,,
grafo11000.99.txt,1.3340,1217725012095539482686059005177080,7,1.3235,1217725012095539482686059005177080,7,1.0707,1217725012095539482686059005177080,7,1.0712,1217725012095539482686059005177080,7
grafo11001.97.txt,,,,,,,,,,,,
grafo11003.100.txt,1.5279,3976500109492379707984200000,7,1.5238,3976500109492379707984200000,7,1.2328,3976500109492379707984200000,7,1.2319,3976500109492379707984200000,7
grafo11008.99.txt,8.2356,3675202044093204249777040,9,8.2005,3675202044093204249777040,9,2.2562,3675202044093204249777040,4,2.2627,3675202044093204249777040,4
grafo11011.100.txt,2.3851,140688757390106390892469346304000,8,2.3920,140688757390106390892469346304000,8,0.1708,140688757390106390892469346304000,8,0.1871,140688757390106390892469346304000,8
grafo11014.100.txt,0.7622,102697395571048994633321097098231808,8,0.7599,102697395571048994633321097098231808,8,0.2981,102697395571048994633321097098231808,8,0.2797,102697395571048994633321097098231808,8
grafo11015.98.txt,6.4100,5866401355844362270153280797824,6,6.3285,5866401355844362270153280797824,6,4.9984,5806605492006123411920921182848,6,5.0204,5806605492006123411920921182848,6
grafo11016.98.txt,0.6911,7526571230364813338624640,8,0.6877,7526571230364813338624640,8,0.2448,7526571230364813338624640,6,0.2466,7526571230364813338624640,6
grafo11020.100.txt,1.4653,20444842677214024445820085111800000,8,1.4671,20444842677214024445820085111800000,8,0.6453,20444842677214024445820085111800000,8,0.6493,20444842677214024445820085111800000,8
grafo11035.99.txt,0.6545,26848343803661264515276800,8,0.6448,26848343803661264515276800,8,0.0686,26848343803661264515276800,8,0.0835,26848343803661264515276800,8
grafo11037.99.txt,62.2320,929787783209835694443762336,9,62.5363,929787783209835694443762336,9,60.0822,917924589548008635993686208,4,59.8917,917924589548008635993686208,4
grafo11039.96.txt,15.5487,3389918511944201602117280,8,15.5357,3389918511944201602117280,8,2.1825,3389918511944201602117280,4,2.1813,3389918511944201602117280,4
grafo11044.95.txt,0.7043,1375707512184864811680,8,0.7141,1375707512184864811680,8,0.1048,1197912132516610056000,5,0.1079,1197912132516610056000,5
grafo11047.92.txt,timeout,,,timeout,,,timeout,,,timeout,,
grafo11050.98.txt,2.1419,22120517630957638241159616,6,2.1051,22120517630957638241159616,6,0.5841,21793683158398046358023808,5,0.6097,21793683158398046358023808,5
grafo11056.98.txt,1.2210,139448046035464528744346345472,8,1.2313,139448046035464528744346345472,8,1.0946,139448046035464528744346345472,8,1.0834,139448046035464528744346345472,8
grafo11060.99.txt,1.8957,2221581091015208181652619592894,7,1.8873,2221581091015208181652619592894,7,0.4825,2221581091015208181652619592894,7,0.4499,2221581091015208181652619592894,7
grafo11067.98.txt,1166.1083,4884715904609705915728260,9,1177.0823,4884715904609705915728260,9,12.4095,4884715904609705915728260,4,12.4141,4884715904609705915728260,4
grafo11069.93.txt,1.3095,67197688711299492990806963592,7,1.3119,67197688711299492990806963592,7,1.2014,67197688711299492990806963592,7,1.2145,67197688711299492990806963592,7
grafo11070.94.txt,2.2663,296693280114774832563512784000,7,2.2553,296693280114774832563512784000,7,0.3681,296693280114774832563512784000,7,0.3772,296693280114774832563512784000,7
grafo11072.98.txt,timeout,,,timeout,,,timeout,,,timeout,,
grafo11073.100.txt,,,,,,,,,,,,
grafo11076.97.txt,0.3384,3926107989980203149244661760,6,0.3442,3926107989980203149244661760,6,0.1188,3926107989980203149244661760,6,0.1272,3926107989980203149244661760,6
grafo11088.97.txt,5.5921,1132009966041849001850031168,7,5.5948,1132009966041849001850031168,7,0.1336,1042994082302208333696820608,7,0.1398,1042994082302208333696820608,7
grafo11096.97.txt,0.5420,21190592381506159344503198702400000,8,0.5420,21190592381506159344503198702400000,8,0.1639,21190592381506159344503198702400000,8,0.1682,21190592381506159344503198702400000,8
grafo11099.99.txt,timeout,,,timeout,,,timeout,,,timeout,,
grafo11100.95.txt,768.6130,1816713943740179220678036480,10,770.2607,1816713943740179220678036480,10,15.3056,1816713943740179220678036480,6,16.0481,1816713943740179220678036480,6
grafo11101.95.txt,167.7180,1211226137316281427542624,7,167.7026,1211226137316281427542624,7,0.8743,925306741327500304820736,5,0.8723,925306741327500304820736,5
grafo11102.98.txt,1.2954,80652422922542352,10,1.2963,80652422922542352,10,0.3654,78159853560697776,4,0.3833,78159853560697776,4
grafo11105.95.txt,20.2020,4111685478502368575572767024,8,20.1400,4111685478502368575572767024,8,3.5419,2779528186868501348811012384,5,3.4879,2779528186868501348811012384,5
grafo11106.99.txt,2.0235,1800431199418215917984417280,7,2.0227,1800431199418215917984417280,7,0.7693,1800431199418215917984417280,6,0.7849,1800431199418215917984417280,6
grafo11110.99.txt,25.9543,3283273471348689681777012,8,25.9673,3283273471348689681777012,8,0.4015,3283273471348689681777012,5,0.4364,3283273471348689681777012,5
grafo11112.96.txt,2.6416,33738258871239280775996,8,2.6611,33738258871239280775996,8,1.9955,32730420111605723465368,4,2.0883,32730420111605723465368,4
grafo11113.98.txt,0.6838,85282876610070364386506217600,8,0.6899,85282876610070364386506217600,8,0.2690,85282876610070364386506217600,8,0.2754,85282876610070364386506217600,8
grafo11114.93.txt,1.5993,19671423926865926171894250009840,6,1.6003,19671423926865926171894250009840,6,0.6645,19671423926865926171894250009840,6,0.6860,19671423926865926171894250009840,6
grafo11115.92.txt,0.7239,457952153329344881847182400,8,0.7213,457952153329344881847182400,8,0.0477,457952153329344881847182400,8,0.0570,457952153329344881847182400,8
grafo11119.98.txt,13.4903,150210472805527971193234581960,5,13.4964,150210472805527971193234581960,5,8.6480,150210472805527971193234581960,5,8.6265,150210472805527971193234581960,5
grafo11125.100.txt,45.2363,397658988789463106922737830400,6,46.8992,397658988789463106922737830400,6,40.7777,397658988789463106922737830400,5,40.8003,397658988789463106922737830400,5
grafo11140.98.txt,0.2195,12949719097651467435583488000,7,0.2194,12949719097651467435583488000,7,0.0727,12949719097651467435583488000,7,0.0755,12949719097651467435583488000,7
grafo11142.99.txt,1.7859,2008995148165214645462934938126250,8,1.8191,2008995148165214645462934938126250,8,1.5536,1971985225531814615951002616478750,8,1.5858,1971985225531814615951002616478750,8
grafo11143.98.txt,0.2399,21006525537883519741138348800,8,0.2396,21006525537883519741138348800,8,0.0556,21006525537883519741138348800,8,0.0582,21006525537883519741138348800,8
grafo11144.92.txt,18.4250,79925698964277175089456000,9,18.4229,79925698964277175089456000,9,0.3082,69290945340192171185472000,7,0.3053,69290945340192171185472000,7
grafo11145.99.txt,7.0707,3903831925510176287771590588680,6,7.0861,3903831925510176287771590588680,6,5.8286,3903831925510176287771590588680,6,5.8708,3903831925510176287771590588680,6
grafo11148.99.txt,7.8975,26041654890177651406705620615480,7,8.1656,26041654890177651406705620615480,7,7.2294,26041654890177651406705620615480,7,7.2098,26041654890177651406705620615480,7
grafo11149.100.txt,,,,,,,,,,,,
grafo11157.100.txt,2.7455,2255327749858429472655767498496,7,2.7644,2255327749858429472655767498496,7,2.2456,2255327749858429472655767498496,6,2.1976,2255327749858429472655767498496,6
grafo11162.100.txt,,,,,,,,,,,,
grafo11176.100.txt,,,,,,,,,,,,
grafo11178.95.txt,timeout,,,timeout,,,41.2339,4951785341503060339605375,4,41.2902,4951785341503060339605375,4
grafo11181.95.txt,0.2986,204303551180648012431583604480,8,0.2981,204303551180648012431583604480,8,0.0624,204303551180648012431583604480,8,0.0689,204303551180648012431583604480,8
grafo11198.98.txt,183.1041,492387302804990856535993500,5,184.1166,492387302804990856535993500,5,14.9444,492387302804990856535993500,4,15.0309,492387302804990856535993500,4
grafo11201.99.txt,2.3768,1147022433334993234582136574000,8,2.3774,1147022433334993234582136574000,8,0.1090,1147022433334993234582136574000,8,0.1166,1147022433334993234582136574000,8
grafo11204.99.txt,,,,,,,,,,,,
grafo11218.99.txt,204.0666,1076459974594446113826336,10,204.1132,1076459974594446113826336,10,1.8576,981634254919532297202912,4,1.8550,981634254919532297202912,4
grafo11223.99.txt,0.8099,2360818719012081418650711306540,8,0.8048,2360818719012081418650711306540,8,0.6822,2360818719012081418650711306540,8,0.6894,2360818719012081418650711306540,8
grafo11227.100.txt,8.4008,2719845684425853569154744,8,8.4089,2719845684425853569154744,8,2.1469,2716288583159839941443148,4,2.1453,2716288583159839941443148,4
grafo11250.99.txt,1.5385,8943747317419205357818461381583296,7,1.5302,8943747317419205357818461381583296,7,0.6429,8943747317419205357818461381583296,7,0.7251,8943747317419205357818461381583296,7
grafo11251.93.txt,1.0847,4809787111811592399184022526528,7,1.0933,4809787111811592399184022526528,7,0.1543,4809787111811592399184022526528,7,0.1712,4809787111811592399184022526528,7
grafo11254.99.txt,2.7775,31880530248677457232811590,6,2.7961,31880530248677457232811590,6,1.6744,30139977622287267367176194,5,1.6564,30139977622287267367176194,5
grafo11271.99.txt,102.5243,109664252023274371019546173840,9,101.5673,109664252023274371019546173840,9,1.0412,109664252023274371019546173840,5,1.0339,109664252023274371019546173840,5
grafo11280.99.txt,15.9585,88048812952084415878440,9,16.2281,88048812952084415878440,9,0.6016,83393808943885689836202,5,0.5823,83393808943885689836202,5
grafo11313.96.txt,29.4989,40016146276863990540,8,29.3593,40016146276863990540,8,0.8887,7003276840515664560,4,0.9056,7003276840515664560,4
grafo11324.100.txt,1.5786,636719888089739833532108282511360,7,1.5704,636719888089739833532108282511360,7,0.5011,560387610526314185205659607711744,7,0.5102,560387610526314185205659607711744,7
grafo11335.100.txt,1.4395,61471332725994635285503002432000,8,1.4326,61471332725994635285503002432000,8,0.1955,61471332725994635285503002432000,8,0.1917,61471332725994635285503002432000,8
grafo11369.96.txt,,,,,,,,,,,,
grafo11458.100.txt,2.0403,32929356255182046387469994928,6,2.0443,32929356255182046387469994928,6,1.4638,32929356255182046387469994928,6,1.4905,32929356255182046387469994928,6
grafo11469.96.txt,1.6447,165728243199277045297920000,6,1.6351,165728243199277045297920000,6,1.3394,165728243199277045297920000,5,1.3391,165728243199277045297920000,5
grafo11546.97.txt,0.6237,75444469155251576685056404800,7,0.6247,75444469155251576685056404800,7,0.1678,75444469155251576685056404800,7,0.1825,75444469155251576685056404800,7
grafo11569.93.txt,0.7033,4844612865840488301571200,6,0.7049,4844612865840488301571200,6,0.5729,4844612865840488301571200,6,0.5761,4844612865840488301571200,6
grafo3224.98.txt,,,,,,,,,,,,
grafo3435.99.txt,4.5334,652148706592030102138027610622720,7,4.5477,652148706592030102138027610622720,7,3.1600,652148706592030102138027610622720,7,3.1683,652148706592030102138027610622720,7
grafo3532.99.txt,0.2856,28327450894599629841700806720,7,0.2821,28327450894599629841700806720,7,0.0829,28327450894599629841700806720,7,0.0885,28327450894599629841700806720,7
grafo3680.99.txt,0.6860,2149519026657629741871667680000,7,0.6873,2149519026657629741871667680000,7,0.2503,2149519026657629741871667680000,7,0.2683,2149519026657629741871667680000,7
grafo3712.95.txt,0.3622,5258623445171291339393040,6,0.3569,5258623445171291339393040,6,0.1686,5258623445171291339393040,6,0.1689,5258623445171291339393040,6
grafo3861.99.txt,0.7367,16121448104607716575683640617648,8,0.7393,16121448104607716575683640617648,8,0.2287,16121448104607716575683640617648,8,0.2229,16121448104607716575683640617648,8
grafo3890.96.txt,0.4928,8944113065325995850718418621147520,12,0.4914,8944113065325995850718418621147520,12,0.3676,8944113065325995850718418621147520,12,0.3616,8944113065325995850718418621147520,12
grafo3898.99.txt,77.1874,45437831938339492182383236673520,6,77.1768,45437831938339492182383236673520,6,2.8046,45437831938339492182383236673520,6,2.8404,45437831938339492182383236673520,6
grafo3979.98.txt,3.3452,457654341382722084437760,10,3.3476,457654341382722084437760,10,0.1262,423904573438761629195520,6,0.1296,423904573438761629195520,6
grafo3995.97.txt,1.1601,5929679077188049509962370404726016,8,1.1613,5929679077188049509962370404726016,8,0.4490,5929679077188049509962370404726016,8,0.4686,5929679077188049509962370404726016,8
grafo4091.99.txt,4.5737,33559251293718862384757894853120,6,4.5784,33559251293718862384757894853120,6,1.8069,32508414237190114299136803240960,6,1.8262,32508414237190114299136803240960,6
grafo6562.98.txt,4.2111,236273893424318395676761226496,8,4.2095,236273893424318395676761226496,8,0.0430,236273893424318395676761226496,8,0.0484,236273893424318395676761226496,8
grafo6625.99.txt,0.7258,1337161524838599745621440,6,0.7277,1337161524838599745621440,6,0.6066,1337161524838599745621440,6,0.6044,1337161524838599745621440,6
grafo6975.39.txt,7.4458,315436768118385919594480491600000,9,7.4533,315436768118385919594480491600000,9,0.2513,315436768118385919594480491600000,8,0.2599,315436768118385919594480491600000,8
grafo7221.99.txt,0.5126,1525888907338681754882536320000,8,0.5145,1525888907338681754882536320000,8,0.0581,1525888907338681754882536320000,8,0.0671,1525888907338681754882536320000,8
grafo7263.99.txt,33.8549,4898300726541655318609391850,9,33.5290,4898300726541655318609391850,9,6.7920,4898300726541655318609391850,5,6.8178,4898300726541655318609391850,5
grafo7417.39.txt,0.2037,413427890976458123248101187541280000,10,0.2014,413427890976458123248101187541280000,10,0.0790,413427890976458123248101187541280000,10,0.0851,413427890976458123248101187541280000,10
grafo7785.100.txt,0.5333,557646274243607696621728263360,7,0.5324,557646274243607696621728263360,7,0.2515,557646274243607696621728263360,7,0.2685,557646274243607696621728263360,7
grafo7797.100.txt,5.7961,18087494243875214914061634240,6,5.8353,18087494243875214914061634240,6,5.3242,18087494243875214914061634240,6,5.3058,18087494243875214914061634240,6
grafo7907.80.txt,0.6443,56121296367538318806489600,6,0.6439,56121296367538318806489600,6,0.3656,56046368067982192880179200,6,0.3764,56046368067982192880179200,6
grafo7936.89.txt,,,,,,,,,,,,
grafo8008.95.txt,13.1012,2836630049700547381881600,6,13.0981,2836630049700547381881600,6,0.4338,2836630049700547381881600,5,0.4377,2836630049700547381881600,5
grafo8127.78.txt,0.1334,66208157321355098849280,8,0.1342,66208157321355098849280,8,0.0215,66208157321355098849280,8,0.0252,66208157321355098849280,8
grafo8198.99.txt,2.1396,649388601659380264242499152000,7,2.1457,649388601659380264242499152000,7,0.1342,649388601659380264242499152000,7,0.1429,649388601659380264242499152000,7
grafo8223.99.txt,0.2994,334422330310025516401710173429760,8,0.2916,334422330310025516401710173429760,8,0.0996,334422330310025516401710173429760,8,0.1024,334422330310025516401710173429760,8
grafo8373.100.txt,1.0628,742658646888847672838471232000,8,1.0625,742658646888847672838471232000,8,0.0672,742658646888847672838471232000,8,0.0676,742658646888847672838471232000,8
grafo8478.98.txt,3.7544,12250781027964153710065548,10,3.7426,12250781027964153710065548,10,0.6715,12250781027964153710065548,4,0.6835,12250781027964153710065548,4
grafo8490.95.txt,22.0237,6954795444905727972824869260,7,22.0185,6954795444905727972824869260,7,16.3184,6954795444905727972824869260,4,15.5352,6954795444905727972824869260,4
grafo8510.100.txt,0.7445,2522290965851353756626557847360,7,0.7442,2522290965851353756626557847360,7,0.2976,2522290965851353756626557847360,7,0.3037,2522290965851353756626557847360,7
grafo8513.100.txt,539.0807,17470767885488472684314354580,6,537.6293,17470767885488472684314354580,6,15.6102,17470767885488472684314354580,5,16.6871,17470767885488472684314354580,5
grafo8549.100.txt,,,,,,,,,,,,
grafo8566.98.txt,1.2999,33675447534980819354777573856,7,1.2933,33675447534980819354777573856,7,1.1065,33675447534980819354777573856,7,1.1171,33675447534980819354777573856,7
grafo8571.94.txt,0.6410,60036648006230924769664308000,7,0.6349,60036648006230924769664308000,7,0.4421,60036648006230924769664308000,7,0.4520,60036648006230924769664308000,7
grafo8673.98.txt,4.6563,3665987126814610816771132800,6,4.6501,3665987126814610816771132800,6,1.1977,3665987126814610816771132800,6,1.1819,3665987126814610816771132800,6
grafo8674.100.txt,0.8884,4411819550965378162337392234383360,7,0.8926,4411819550965378162337392234383360,7,0.4437,4411819550965378162337392234383360,7,0.4529,4411819550965378162337392234383360,7
grafo8719.93.txt,927.1640,2173452431877931018638582,6,925.2976,2173452431877931018638582,6,29.7042,2173436782026493172777082,4,29.9009,2173436782026493172777082,4
grafo8739.99.txt,83.6338,3372053299594517082360200000,6,83.5641,3372053299594517082360200000,6,0.8382,3372053299594517082360200000,6,0.8347,3372053299594517082360200000,6
grafo8777.98.txt,0.2198,527114627133616421733651616800,8,0.2199,527114627133616421733651616800,8,0.0652,527114627133616421733651616800,8,0.0661,527114627133616421733651616800,8
grafo8780.96.txt,19.5221,106865700460093439124794247168,7,19.5411,106865700460093439124794247168,7,0.3480,106865700460093439124794247168,7,0.3614,106865700460093439124794247168,7
grafo8791.94.txt,19.6146,49109381168868331507647990,6,19.6532,49109381168868331507647990,6,3.6227,41589634340033202069552510,4,3.6535,41589634340033202069552510,4
grafo8793.100.txt,0.6615,6290998565958574189476048,6,0.6599,6290998565958574189476048,6,0.1111,6290998565958574189476048,5,0.1199,6290998565958574189476048,5
grafo8805.80.txt,,,,,,,,,,,,
grafo8812.99.txt,,,,,,,,,,,,
grafo8823.93.txt,2.0292,2471867976793564523950612320,7,2.0296,2471867976793564523950612320,7,0.3337,2471867976793564523950612320,6,0.3476,2471867976793564523950612320,6
grafo8826.100.txt,0.4781,1834705985117148849612007324569600,8,0.4835,1834705985117148849612007324569600,8,0.1247,1834705985117148849612007324569600,8,0.1400,1834705985117148849612007324569600,8
grafo8857.99.txt,29.3036,394901661498590997221838097500,8,29.2079,394901661498590997221838097500,8,0.2892,313543526986779746908720331250,7,0.3041,313543526986779746908720331250,7
grafo8864.98.txt,1.2394,3122459182799518546670400,9,1.2438,3122459182799518546670400,9,0.2990,1950049320147521882078400,6,0.2880,1950049320147521882078400,6
grafo8865.100.txt,timeout,,,timeout,,,14.5524,133118304148808645048105400,4,14.6343,133118304148808645048105400,4
grafo8867.97.txt,19.0602,685436309511446075215860583200,6,19.0415,685436309511446075215860583200,6,9.1413,685436309511446075215860583200,6,9.0879,685436309511446075215860583200,6
grafo8882.100.txt,1.4889,60433208340648577706678660894520,6,1.4984,60433208340648577706678660894520,6,0.8194,60433208340648577706678660894520,6,0.8039,60433208340648577706678660894520,6
grafo8892.100.txt,2.5717,156240682877101153716000,6,2.5769,156240682877101153716000,6,0.1333,156240682877101153716000,6,0.1476,156240682877101153716000,6
grafo8893.96.txt,0.1245,8420211467291839036389765120,8,0.1261,8420211467291839036389765120,8,0.0346,8420211467291839036389765120,8,0.0338,8420211467291839036389765120,8
grafo8921.98.txt,333.7083,1389282225147592783714791516,6,333.3497,1389282225147592783714791516,6,50.5670,1389282225147592783714791516,4,52.3865,1389282225147592783714791516,4
grafo8943.98.txt,9.3960,1557799297139741798037095121600,7,9.4137,1557799297139741798037095121600,7,7.8505,1557799297139741798037095121600,5,7.7681,1557799297139741798037095121600,5
grafo8963.92.txt,22.6771,22926250524268338334887333870000,6,22.6787,22926250524268338334887333870000,6,3.0544,22926250524268338334887333870000,6,3.1048,22926250524268338334887333870000,6
grafo8997.96.txt,timeout,,,timeout,,,29.8281,3200875997699025415944757512,4,27.8234,3200875997699025415944757512,4
grafo9008.91.txt,0.6150,72401743992697856645701464672,7,0.6001,72401743992697856645701464672,7,0.2598,72401743992697856645701464672,7,0.2619,72401743992697856645701464672,7
grafo9357.99.txt,8.8195,149308380670662397866240,9,8.7773,149308380670662397866240,9,7.6649,142289610639135533009280,5,7.7085,142289610639135533009280,5
grafo9362.98.txt,42.2997,211356181498372577399700,9,42.3192,211356181498372577399700,9,2.2076,211356181498372577399700,4,2.0088,211356181498372577399700,4
grafo9542.87.txt,timeout,,,timeout,,,33.7221,2929426583366497844589816780,4,33.7256,2929426583366497844589816780,4
grafo9691.79.txt,0.4230,150604398614405598500000,6,0.4231,150604398614405598500000,6,0.0957,150604398614405598500000,6,0.1021,150604398614405598500000,6
grafo9738.100.txt,26.7566,174103336772488134771154668000,7,26.1018,174103336772488134771154668000,7,25.0367,174103336772488134771154668000,6,25.5667,174103336772488134771154668000,6
grafo9788.80.txt,2.2667,5960749135210559474400,7,2.2665,5960749135210559474400,7,0.1122,5960749135210559474400,6,0.1132,5960749135210559474400,6
grafo9973.96.txt,2.3786,2561493285098512987929575760,6,2.4270,2561493285098512987929575760,6,0.9382,2561493285098512987929575760,5,0.9465,2561493285098512987929575760,5
grafo9984.96.txt,2.7514,3696278631131858917807872,5,2.7585,3696278631131858917807872,5,0.2355,3696278631131858917807872,5,0.2368,3696278631131858917807872,5
grafo9995.94.txt,2.3761,6613783173969439336909794,6,2.3791,6613783173969439336909794,6,0.7573,6526238612574319118772318,5,0.7721,6526238612574319118772318,5
heart.txt,160.9273,6164,1,161.0658,6164,1,160.9727,6164,1,161.0362,6164,1
kts15-ptpt-0001.ec,timeout,,,timeout,,,timeout,,,timeout,,
kts15-ptpt-0002.ec,timeout,,,timeout,,,timeout,,,timeout,,
kts15-ptpt-0003.ec,0.1004,8,1,0.1001,8,1,0.1002,8,1,0.1001,8,1
kts15-ptpt-0004.ec,0.1439,1,1,0.1438,1,1,0.1443,1,1,0.1435,1,1
kts15-ptpt-0005.ec,timeout,,,timeout,,,timeout,,,timeout,,
kts15-ptpt-0006.ec,0.0964,8,1,0.0965,8,1,0.0967,8,1,0.0966,8,1
kts15-ptpt-0007.ec,0.0975,12,1,0.0977,12,1,0.0976,12,1,0.0977,12,1
kts15-ptpt-0008.ec,timeout,,,timeout,,,timeout,,,timeout,,
kts15-ptpt-0009.ec,0.1962,6,1,0.1949,6,1,0.1948,6,1,0.1951,6,1
kts15-ptpt-0010.ec,timeout,,,timeout,,,timeout,,,timeout,,
kts15-ptpt-0011.ec,0.2115,4,1,0.2107,4,1,0.2106,4,1,0.2110,4,1
kts15-ptpt-0012.ec,0.1060,4,1,0.1057,4,1,0.1055,4,1,0.1054,4,1
kts15-ptpt-0013.ec,0.1301,24,1,0.1302,24,1,0.1305,24,1,0.1300,24,1
kts15-ptpt-0014.ec,0.2566,8,1,0.2589,8,1,0.2577,8,1,0.2578,8,1
kts15-ptpt-0015.ec,0.1801,14,1,0.1806,14,1,0.1806,14,1,0.1802,14,1
kts15-ptpt-0016.ec,0.1639,6,1,0.1639,6,1,0.1637,6,1,0.1637,6,1
kts15-ptpt-0017.ec,0.0953,24,1,0.0954,24,1,0.0956,24,1,0.0953,24,1
kts15-ptpt-0018.ec,0.1108,8,1,0.1100,8,1,0.1097,8,1,0.1098,8,1
kts15-ptpt-0019.ec,timeout,,,timeout,,,timeout,,,timeout,,
kts15-ptpt-0020.ec,0.1437,8,1,0.1435,8,1,0.1442,8,1,0.1438,8,1
kts15-ptpt-0021.ec,0.1430,72,1,0.1430,72,1,0.1422,72,1,0.1426,72,1
kts21-ptpt-0001.ec,timeout,,,timeout,,,timeout,,,timeout,,
kts21-ptpt-0002.ec,timeout,,,timeout,,,timeout,,,timeout,,
kts21-ptpt-0003.ec,timeout,,,timeout,,,timeout,,,timeout,,
kts21-ptpt-0004.ec,timeout,,,timeout,,,timeout,,,timeout,,
kts21-ptpt-0005.ec,timeout,,,timeout,,,timeout,,,timeout,,
kts21-ptpt-0006.ec,timeout,,,timeout,,,timeout,,,timeout,,
kts21-ptpt-0007.ec,timeout,,,timeout,,,timeout,,,timeout,,
kts21-ptpt-0008.ec,timeout,,,timeout,,,timeout,,,timeout,,
kts21-ptpt-0009.ec,timeout,,,timeout,,,timeout,,,timeout,,
kts21-ptpt-0010.ec,timeout,,,timeout,,,timeout,,,timeout,,
kts21-ptpt-0011.ec,timeout,,,timeout,,,timeout,,,timeout,,
kts21-ptpt-0012.ec,timeout,,,timeout,,,timeout,,,timeout,,
kts21-ptpt-0013.ec,timeout,,,timeout,,,timeout,,,timeout,,
kts21-ptpt-0014.ec,timeout,,,timeout,,,timeout,,,timeout,,
kts21-ptpt-0015.ec,timeout,,,timeout,,,timeout,,,timeout,,
kts21-ptpt-0016.ec,timeout,,,timeout,,,timeout,,,timeout,,
kts21-ptpt-0017.ec,timeout,,,timeout,,,timeout,,,timeout,,
kts21-ptpt-0018.ec,timeout,,,timeout,,,timeout,,,timeout,,
kts21-ptpt-0019.ec,timeout,,,timeout,,,timeout,,,timeout,,
kts21-ptpt-0020.ec,timeout,,,timeout,,,timeout,,,timeout,,
kts21-ptpt-0021.ec,timeout,,,timeout,,,timeout,,,timeout,,
kts21-ptpt-0022.ec,timeout,,,timeout,,,timeout,,,timeout,,
kts21-ptpt-0023.ec,timeout,,,timeout,,,timeout,,,timeout,,
kts21-ptpt-0024.ec,timeout,,,timeout,,,timeout,,,timeout,,
kts21-ptpt-0025.ec,timeout,,,timeout,,,timeout,,,timeout,,
kts21-ptpt-0026.ec,timeout,,,timeout,,,timeout,,,timeout,,
kts21-ptpt-0027.ec,timeout,,,timeout,,,timeout,,,timeout,,
kts21-ptpt-0028.ec,timeout,,,timeout,,,timeout,,,timeout,,
kts21-ptpt-0029.ec,timeout,,,timeout,,,timeout,,,timeout,,
kts21-ptpt-0030.ec,timeout,,,timeout,,,timeout,,,timeout,,
kts21-ptpt-0031.ec,timeout,,,timeout,,,timeout,,,timeout,,
kts21-ptpt-0032.ec,timeout,,,timeout,,,timeout,,,timeout,,
kts21-ptpt-0033.ec,timeout,,,timeout,,,timeout,,,timeout,,
kts21-ptpt-0034.ec,timeout,,,timeout,,,timeout,,,timeout,,
kts21-ptpt-0035.ec,timeout,,,timeout,,,timeout,,,timeout,,
kts21-ptpt-0036.ec,timeout,,,timeout,,,timeout,,,timeout,,
kts21-ptpt-0037.ec,timeout,,,timeout,,,timeout,,,timeout,,
kts21-ptpt-0038.ec,timeout,,,timeout,,,timeout,,,timeout,,
kts21-ptpt-0039.ec,timeout,,,timeout,,,timeout,,,timeout,,
kts21-ptpt-0040.ec,timeout,,,timeout,,,timeout,,,timeout,,
kts21-ptpt-0041.ec,timeout,,,timeout,,,timeout,,,timeout,,
kts21-ptpt-0042.ec,timeout,,,timeout,,,timeout,,,timeout,,
kts21-ptpt-0043.ec,timeout,,,timeout,,,timeout,,,timeout,,
kts21-ptpt-0044.ec,timeout,,,timeout,,,timeout,,,timeout,,
kts21-ptpt-0045.ec,timeout,,,timeout,,,timeout,,,timeout,,
kts21-ptpt-0046.ec,timeout,,,timeout,,,timeout,,,timeout,,
kts21-ptpt-0047.ec,timeout,,,timeout,,,timeout,,,timeout,,
kts21-ptpt-0048.ec,timeout,,,timeout,,,timeout,,,timeout,,
kts21-ptpt-0049.ec,timeout,,,timeout,,,timeout,,,timeout,,
kts21-ptpt-0050.ec,timeout,,,timeout,,,timeout,,,timeout,,
kts21-ptpt-0051.ec,timeout,,,timeout,,,timeout,,,timeout,,
kts21-ptpt-0052.ec,timeout,,,timeout,,,timeout,,,timeout,,
kts21-ptpt-0053.ec,timeout,,,timeout,,,timeout,,,timeout,,
kts21-ptpt-0054.ec,timeout,,,timeout,,,timeout,,,timeout,,
kts21-ptpt-0055.ec,timeout,,,timeout,,,timeout,,,timeout,,
kts21-ptpt-0056.ec,timeout,,,timeout,,,timeout,,,timeout,,
kts21-ptpt-0057.ec,timeout,,,timeout,,,timeout,,,timeout,,
kts21-ptpt-0058.ec,timeout,,,timeout,,,timeout,,,timeout,,
kts21-ptpt-0059.ec,timeout,,,timeout,,,timeout,,,timeout,,
kts21-ptpt-0060.ec,timeout,,,timeout,,,timeout,,,timeout,,
kts21-ptpt-0061.ec,timeout,,,timeout,,,timeout,,,timeout,,
kts21-ptpt-0062.ec,timeout,,,timeout,,,timeout,,,timeout,,
kts21-ptpt-0063.ec,timeout,,,timeout,,,timeout,,,timeout,,
kts21-ptpt-0064.ec,timeout,,,timeout,,,timeout,,,timeout,,
kts21-ptpt-0065.ec,timeout,,,timeout,,,timeout,,,timeout,,
kts21-ptpt-0066.ec,timeout,,,timeout,,,timeout,,,timeout,,
kts21-ptpt-0067.ec,timeout,,,timeout,,,timeout,,,timeout,,
kts21-ptpt-0068.ec,timeout,,,timeout,,,timeout,,,timeout,,
kts21-ptpt-0069.ec,timeout,,,timeout,,,timeout,,,timeout,,
kts21-ptpt-0070.ec,timeout,,,timeout,,,timeout,,,timeout,,
kts21-ptpt-0071.ec,timeout,,,timeout,,,timeout,,,timeout,,
kts21-ptpt-0072.ec,timeout,,,timeout,,,timeout,,,timeout,,
kts21-ptpt-0073.ec,timeout,,,timeout,,,timeout,,,timeout,,
kts21-ptpt-0074.ec,timeout,,,timeout,,,timeout,,,timeout,,
kts21-ptpt-0075.ec,timeout,,,timeout,,,timeout,,,timeout,,
kts21-ptpt-0076.ec,timeout,,,timeout,,,timeout,,,timeout,,
kts21-ptpt-0077.ec,timeout,,,timeout,,,timeout,,,timeout,,
kts21-ptpt-0078.ec,timeout,,,timeout,,,timeout,,,timeout,,
kts21-ptpt-0079.ec,timeout,,,timeout,,,timeout,,,timeout,,
kts21-ptpt-0080.ec,timeout,,,timeout,,,timeout,,,timeout,,
kts21-ptpt-0081.ec,timeout,,,timeout,,,timeout,,,timeout,,
kts21-ptpt-0082.ec,timeout,,,timeout,,,timeout,,,timeout,,
kts21-ptpt-0083.ec,timeout,,,timeout,,,timeout,,,timeout,,
kts21-ptpt-0084.ec,timeout,,,timeout,,,timeout,,,timeout,,
kts21-ptpt-0085.ec,timeout,,,timeout,,,timeout,,,timeout,,
kts21-ptpt-0086.ec,timeout,,,timeout,,,timeout,,,timeout,,
kts21-ptpt-0087.ec,timeout,,,timeout,,,timeout,,,timeout,,
kts21-ptpt-0088.ec,timeout,,,timeout,,,timeout,,,timeout,,
kts21-ptpt-0089.ec,timeout,,,timeout,,,timeout,,,timeout,,
kts21-ptpt-0090.ec,timeout,,,timeout,,,timeout,,,timeout,,
kts21-ptpt-0091.ec,timeout,,,timeout,,,timeout,,,timeout,,
kts21-ptpt-0092.ec,timeout,,,timeout,,,timeout,,,timeout,,
kts21-ptpt-0093.ec,timeout,,,timeout,,,timeout,,,timeout,,
kts21-ptpt-0094.ec,timeout,,,timeout,,,timeout,,,timeout,,
kts21-ptpt-0095.ec,timeout,,,timeout,,,timeout,,,timeout,,
kts21-ptpt-0096.ec,timeout,,,timeout,,,timeout,,,timeout,,
kts21-ptpt-0097.ec,timeout,,,timeout,,,timeout,,,timeout,,
kts21-ptpt-0098.ec,timeout,,,timeout,,,timeout,,,timeout,,
kts21-ptpt-0099.ec,timeout,,,timeout,,,timeout,,,timeout,,
kts21-ptpt-0100.ec,timeout,,,timeout,,,timeout,,,timeout,,
latin6-blk-00001.ec,0.0044,48,1,0.0044,48,1,0.0044,48,1,0.0044,48,1
latin6-blk-00002.ec,0.0049,56,1,0.0049,56,1,0.0049,56,1,0.0049,56,1
latin6-blk-00003.ec,0.0061,80,1,0.0061,80,1,0.0061,80,1,0.0061,80,1
latin6-blk-00004.ec,0.0051,72,1,0.0051,72,1,0.0051,72,1,0.0051,72,1
latin6-blk-00005.ec,0.0061,80,1,0.0061,80,1,0.0061,80,1,0.0062,80,1
latin6-blk-00006.ec,0.0055,88,1,0.0055,88,1,0.0056,88,1,0.0055,88,1
latin6-blk-00007.ec,0.0057,80,1,0.0058,80,1,0.0057,80,1,0.0057,80,1
latin7-blk-00001.ec,0.5990,10752,1,0.6024,10752,1,0.5982,10752,1,0.5973,10752,1
latin7-blk-00002.ec,0.7095,14976,1,0.7106,14976,1,0.7063,14976,1,0.7095,14976,1
latin7-blk-00003.ec,0.7816,17280,1,0.7828,17280,1,0.7810,17280,1,0.7828,17280,1
latin7-blk-00004.ec,0.8510,19840,1,0.8519,19840,1,0.8509,19840,1,0.8526,19840,1
latin7-blk-00005.ec,0.8332,20480,1,0.8348,20480,1,0.8325,20480,1,0.8341,20480,1
latin7-blk-00006.ec,1.0229,29056,1,1.0231,29056,1,1.0183,29056,1,1.0197,29056,1
latin7-blk-00007.ec,0.8962,23616,1,0.8988,23616,1,0.8988,23616,1,0.8970,23616,1
latin7-blk-00008.ec,0.9856,27072,1,0.9833,27072,1,0.9872,27072,1,0.9845,27072,1
latin7-blk-00009.ec,0.9527,27776,1,0.9516,27776,1,0.9527,27776,1,0.9526,27776,1
latin8-blk-00001.ec,timeout,,,timeout,,,timeout,,,timeout,,
latin8-blk-00002.ec,timeout,,,timeout,,,timeout,,,timeout,,
latin8-blk-00003.ec,timeout,,,timeout,,,timeout,,,timeout,,
latin8-blk-00004.ec,timeout,,,timeout,,,timeout,,,timeout,,
latin8-blk-00005.ec,timeout,,,timeout,,,timeout,,,timeout,,
latin8-blk-00006.ec,timeout,,,timeout,,,timeout,,,timeout,,
latin8-blk-00007.ec,timeout,,,timeout,,,timeout,,,timeout,,
latin8-blk-00008.ec,timeout,,,timeout,,,timeout,,,timeout,,
latin8-blk-00009.ec,timeout,,,timeout,,,timeout,,,timeout,,
latin8-blk-00010.ec,timeout,,,timeout,,,timeout,,,timeout,,
latin8-blk-00011.ec,timeout,,,timeout,,,timeout,,,timeout,,
latin8-blk-00012.ec,timeout,,,timeout,,,timeout,,,timeout,,
latin8-blk-00013.ec,timeout,,,timeout,,,timeout,,,timeout,,
latin8-blk-00014.ec,timeout,,,timeout,,,timeout,,,timeout,,
latin8-blk-00015.ec,timeout,,,timeout,,,timeout,,,timeout,,
meteor.txt,88.5854,9212,1,88.6756,9212,1,88.7916,9212,1,88.4757,9212,1
sppaa01.txt,timeout,,,timeout,,,timeout,,,timeout,,
sppaa02.txt,timeout,,,timeout,,,timeout,,,timeout,,
sppaa03.txt,timeout,,,timeout,,,timeout,,,timeout,,
sppaa04.txt,timeout,,,timeout,,,timeout,,,timeout,,
sppaa05.txt,timeout,,,timeout,,,timeout,,,timeout,,
sppaa06.txt,timeout,,,timeout,,,timeout,,,timeout,,
sppkl01.txt,timeout,,,timeout,,,timeout,,,timeout,,
sppkl02.txt,timeout,,,timeout,,,timeout,,,timeout,,
sppnw01.txt,timeout,,,timeout,,,timeout,,,timeout,,
sppnw02.txt,timeout,,,timeout,,,timeout,,,timeout,,
sppnw03.txt,timeout,,,timeout,,,timeout,,,timeout,,
sppnw04.txt,timeout,,,timeout,,,timeout,,,timeout,,
sppnw05.txt,timeout,,,timeout,,,timeout,,,timeout,,
sppnw06.txt,timeout,,,timeout,,,timeout,,,timeout,,
sppnw07.txt,timeout,,,timeout,,,timeout,,,timeout,,
sppnw08.txt,3.0518,285701,1,3.0483,285701,1,3.0499,285701,1,3.0568,285701,1
sppnw09.txt,1128.0573,24534801581,1,1127.9417,24534801581,1,1128.3012,24534801581,1,1128.7667,24534801581,1
sppnw10.txt,29.0924,318168,1,28.9844,318168,1,29.0342,318168,1,28.9839,318168,1
sppnw11.txt,timeout,,,timeout,,,timeout,,,timeout,,
sppnw12.txt,timeout,,,timeout,,,timeout,,,timeout,,
sppnw13.txt,timeout,,,timeout,,,timeout,,,timeout,,
sppnw14.txt,timeout,,,timeout,,,timeout,,,timeout,,
sppnw15.txt,59.9330,46,3,59.8323,46,3,0.0892,46,3,0.0895,46,3
sppnw16.txt,timeout,,,timeout,,,timeout,,,timeout,,
sppnw17.txt,timeout,,,timeout,,,timeout,,,timeout,,
sppnw18.txt,timeout,,,timeout,,,timeout,,,timeout,,
sppnw19.txt,560.9843,9838227358,1,560.7267,9838227358,1,560.7744,9838227358,1,561.1985,9838227358,1
sppnw20.txt,4.8231,538696,1,4.8253,538696,1,4.8211,538696,1,4.8138,538696,1
sppnw21.txt,3.8055,291047,1,3.7940,291047,1,3.7883,291047,1,3.7915,291047,1
sppnw22.txt,5.4291,286758,1,5.4389,286758,1,5.4509,286758,1,5.4302,286758,1
sppnw23.txt,timeout,,,timeout,,,timeout,,,timeout,,
sppnw24.txt,44.1594,725183,1,44.1466,725183,1,44.1519,725183,1,44.0988,725183,1
sppnw25.txt,21.9054,2225105,1,21.6413,2225105,1,21.7120,2225105,1,21.7349,2225105,1
sppnw26.txt,24.8987,805896,1,24.8866,805896,1,24.9656,805896,1,24.9978,805896,1
sppnw27.txt,57.4947,1046161,1,57.2435,1046161,1,57.3014,1046161,1,57.2526,1046161,1
sppnw28.txt,33.9597,20117,1,33.8824,20117,1,33.8372,20117,1,33.8552,20117,1
sppnw29.txt,959.1547,16937657,1,959.9841,16937657,1,959.3996,16937657,1,958.4357,16937657,1
sppnw30.txt,456.5401,4122439,1,456.0667,4122439,1,456.2025,4122439,1,457.2302,4122439,1
sppnw31.txt,297.6074,3450340,1,299.4377,3450340,1,298.3671,3450340,1,298.0644,3450340,1
sppnw32.txt,timeout,,,timeout,,,timeout,,,timeout,,
sppnw33.txt,686.7160,4589163,1,686.0385,4589163,1,687.4357,4589163,1,688.2692,4589163,1
sppnw34.txt,33.6524,977866,1,33.4499,977866,1,33.5896,977866,1,33.4926,977866,1
sppnw35.txt,78.2707,184967,1,77.8367,184967,1,77.9367,184967,1,77.7586,184967,1
sppnw36.txt,87.9661,25474,1,87.5574,25474,1,87.7960,25474,1,87.7334,25474,1
sppnw37.txt,11.7282,3740550,1,11.6260,3740550,1,11.9001,3740550,1,12.0350,3740550,1
sppnw38.txt,timeout,,,timeout,,,timeout,,,timeout,,
sppnw39.txt,4.8686,737597,1,4.5933,737597,1,4.5766,737597,1,4.8563,737597,1
sppnw40.txt,1.2850,298956,1,1.2861,298956,1,1.2899,298956,1,1.2864,298956,1
sppnw41.txt,0.2875,163155,1,0.2874,163155,1,0.2875,163155,1,0.2881,163155,1
sppnw42.txt,10.5998,230326,1,10.5537,230326,1,10.5488,230326,1,10.6211,230326,1
sppnw43.txt,timeout,,,timeout,,,timeout,,,timeout,,
sppus02.txt,timeout,,,timeout,,,timeout,,,timeout,,
sppus03.txt,timeout,,,timeout,,,timeout,,,timeout,,
sppus04.txt,timeout,,,timeout,,,timeout,,,timeout,,
sts15-blk-00001.ec,0.0123,576,1,0.0123,576,1,0.0123,576,1,0.0123,576,1
sts15-blk-00002.ec,0.0087,288,1,0.0087,288,1,0.0087,288,1,0.0087,288,1
sts15-blk-00003.ec,0.0074,144,1,0.0074,144,1,0.0074,144,1,0.0074,144,1
sts15-blk-00004.ec,0.0075,144,1,0.0074,144,1,0.0075,144,1,0.0075,144,1
sts15-blk-00005.ec,timeout,,,timeout,,,timeout,,,timeout,,
sts15-blk-00006.ec,0.0033,40,1,0.0033,40,1,0.0033,40,1,0.0033,40,1
sts15-blk-00007.ec,0.0043,8,1,0.0043,8,1,0.0043,8,1,0.0043,8,1
sts15-blk-00008.ec,0.0036,40,1,0.0036,40,1,0.0036,40,1,0.0036,40,1
sts15-blk-00009.ec,0.0044,8,1,0.0044,8,1,0.0044,8,1,0.0044,8,1
sts15-blk-00010.ec,0.0046,64,1,0.0046,64,1,0.0046,64,1,0.0046,64,1
sts15-blk-00011.ec,0.0040,8,1,0.0040,8,1,0.0040,8,1,0.0040,8,1
sts15-blk-00012.ec,0.0046,16,1,0.0046,16,1,0.0046,16,1,0.0046,16,1
sts15-blk-00013.ec,0.0041,8,1,0.0041,8,1,0.0041,8,1,0.0041,8,1
sts15-blk-00014.ec,timeout,,,timeout,,,timeout,,,timeout,,
sts15-blk-00015.ec,timeout,,,timeout,,,timeout,,,timeout,,
sts15-blk-00016.ec,timeout,,,timeout,,,timeout,,,timeout,,
sts15-blk-00017.ec,0.0041,16,1,0.0041,16,1,0.0041,16,1,0.0041,16,1
sts15-blk-00018.ec,0.0040,8,1,0.0040,8,1,0.0040,8,1,0.0040,8,1
sts15-blk-00019.ec,0.0039,32,1,0.0039,32,1,0.0039,32,1,0.0039,32,1
sts15-blk-00020.ec,0.0059,28,1,0.0059,28,1,0.0059,28,1,0.0059,28,1
sts15-blk-00021.ec,0.0056,40,1,0.0056,40,1,0.0056,40,1,0.0056,40,1
sts15-blk-00022.ec,0.0059,24,1,0.0059,24,1,0.0059,24,1,0.0059,24,1
sts15-blk-00023.ec,0.0056,20,1,0.0056,20,1,0.0056,20,1,0.0056,20,1
sts15-blk-00024.ec,0.0043,16,1,0.0043,16,1,0.0043,16,1,0.0043,16,1
sts15-blk-00025.ec,0.0046,20,1,0.0046,20,1,0.0046,20,1,0.0046,20,1
sts15-blk-00026.ec,0.0050,40,1,0.0050,40,1,0.0050,40,1,0.0050,40,1
sts15-blk-00027.ec,0.0050,40,1,0.0050,40,1,0.0050,40,1,0.0050,40,1
sts15-blk-00028.ec,0.0033,24,1,0.0034,24,1,0.0034,24,1,0.0033,24,1
sts15-blk-00029.ec,0.0036,16,1,0.0036,16,1,0.0036,16,1,0.0036,16,1
sts15-blk-00030.ec,0.0037,20,1,0.0037,20,1,0.0037,20,1,0.0037,20,1
sts15-blk-00031.ec,0.0037,20,1,0.0037,20,1,0.0037,20,1,0.0037,20,1
sts15-blk-00032.ec,0.0061,24,1,0.0061,24,1,0.0061,24,1,0.0061,24,1
sts15-blk-00033.ec,0.0057,48,1,0.0057,48,1,0.0058,48,1,0.0058,48,1
sts15-blk-00034.ec,0.0058,24,1,0.0057,24,1,0.0057,24,1,0.0057,24,1
sts15-blk-00035.ec,0.0047,48,1,0.0047,48,1,0.0047,48,1,0.0047,48,1
sts15-blk-00036.ec,0.0054,16,1,0.0054,16,1,0.0054,16,1,0.0054,16,1
sts15-blk-00037.ec,0.0053,8,1,0.0053,8,1,0.0053,8,1,0.0053,8,1
sts15-blk-00038.ec,0.0047,8,1,0.0047,8,1,0.0047,8,1,0.0047,8,1
sts15-blk-00039.ec,0.0040,24,1,0.0040,24,1,0.0040,24,1,0.0040,24,1
sts15-blk-00040.ec,0.0036,32,1,0.0036,32,1,0.0036,32,1,0.0036,32,1
sts15-blk-00041.ec,timeout,,,timeout,,,timeout,,,timeout,,
sts15-blk-00042.ec,0.0047,24,1,0.0047,24,1,0.0047,24,1,0.0047,24,1
sts15-blk-00043.ec,0.0052,24,1,0.0052,24,1,0.0052,24,1,0.0052,24,1
sts15-blk-00044.ec,0.0051,24,1,0.0051,24,1,0.0051,24,1,0.0051,24,1
sts15-blk-00045.ec,0.0056,20,1,0.0055,20,1,0.0055,20,1,0.0055,20,1
sts15-blk-00046.ec,0.0050,24,1,0.0050,24,1,0.0050,24,1,0.0050,24,1
sts15-blk-00047.ec,0.0059,20,1,0.0059,20,1,0.0059,20,1,0.0059,20,1
sts15-blk-00048.ec,0.0063,28,1,0.0063,28,1,0.0063,28,1,0.0063,28,1
sts15-blk-00049.ec,timeout,,,timeout,,,timeout,,,timeout,,
sts15-blk-00050.ec,0.0057,16,1,0.0057,16,1,0.0057,16,1,0.0057,16,1
sts15-blk-00051.ec,timeout,,,timeout,,,timeout,,,timeout,,
sts15-blk-00052.ec,timeout,,,timeout,,,timeout,,,timeout,,
sts15-blk-00053.ec,0.0052,48,1,0.0052,48,1,0.0052,48,1,0.0051,48,1
sts15-blk-00054.ec,0.0045,20,1,0.0045,20,1,0.0045,20,1,0.0045,20,1
sts15-blk-00055.ec,0.0044,28,1,0.0044,28,1,0.0044,28,1,0.0045,28,1
sts15-blk-00056.ec,0.0053,20,1,0.0053,20,1,0.0053,20,1,0.0053,20,1
sts15-blk-00057.ec,0.0056,24,1,0.0056,24,1,0.0056,24,1,0.0056,24,1
sts15-blk-00058.ec,0.0038,16,1,0.0038,16,1,0.0038,16,1,0.0038,16,1
sts15-blk-00059.ec,0.0052,36,1,0.0052,36,1,0.0052,36,1,0.0052,36,1
sts15-blk-00060.ec,0.0050,16,1,0.0050,16,1,0.0050,16,1,0.0050,16,1
sts15-blk-00061.ec,0.0054,24,1,0.0054,24,1,0.0054,24,1,0.0054,24,1
sts15-blk-00062.ec,0.0042,24,1,0.0042,24,1,0.0042,24,1,0.0042,24,1
sts15-blk-00063.ec,0.0078,192,1,0.0078,192,1,0.0078,192,1,0.0078,192,1
sts15-blk-00064.ec,0.0083,144,1,0.0083,144,1,0.0083,144,1,0.0083,144,1
sts15-blk-00065.ec,0.0080,96,1,0.0081,96,1,0.0081,96,1,0.0080,96,1
sts15-blk-00066.ec,0.0066,288,1,0.0066,288,1,0.0066,288,1,0.0066,288,1
sts15-blk-00067.ec,0.0051,24,1,0.0051,24,1,0.0051,24,1,0.0051,24,1
sts15-blk-00068.ec,0.0044,28,1,0.0043,28,1,0.0043,28,1,0.0043,28,1
sts15-blk-00069.ec,0.0064,16,1,0.0064,16,1,0.0064,16,1,0.0064,16,1
sts15-blk-00070.ec,0.0039,36,1,0.0039,36,1,0.0039,36,1,0.0039,36,1
sts15-blk-00071.ec,0.0059,20,1,0.0059,20,1,0.0059,20,1,0.0059,20,1
sts15-blk-00072.ec,0.0055,16,1,0.0055,16,1,0.0055,16,1,0.0055,16,1
sts15-blk-00073.ec,0.0061,20,1,0.0061,20,1,0.0061,20,1,0.0061,20,1
sts15-blk-00074.ec,0.0041,16,1,0.0041,16,1,0.0041,16,1,0.0041,16,1
sts15-blk-00075.ec,0.0056,20,1,0.0056,20,1,0.0056,20,1,0.0056,20,1
sts15-blk-00076.ec,0.0056,16,1,0.0056,16,1,0.0057,16,1,0.0056,16,1
sts15-blk-00077.ec,0.0057,20,1,0.0057,20,1,0.0057,20,1,0.0057,20,1
sts15-blk-00078.ec,0.0055,20,1,0.0055,20,1,0.0055,20,1,0.0055,20,1
sts15-blk-00079.ec,0.0065,36,1,0.0065,36,1,0.0065,36,1,0.0066,36,1
sts15-blk-00080.ec,0.0041,16,1,0.0041,16,1,0.0041,16,1,0.0041,16,1
sts15-blk-00081.ec,0.0067,20,1,0.0067,20,1,0.0067,20,1,0.0067,20,1
sts15-blk-00082.ec,0.0042,24,1,0.0042,24,1,0.0042,24,1,0.0042,24,1
sts15-blk-00083.ec,timeout,,,timeout,,,timeout,,,timeout,,
sts15-blk-00084.ec,0.0055,16,1,0.0055,16,1,0.0055,16,1,0.0055,16,1
sts15-blk-00085.ec,0.0054,32,1,0.0054,32,1,0.0054,32,1,0.0054,32,1
sts15-blk-00086.ec,0.0036,8,1,0.0036,8,1,0.0036,8,1,0.0036,8,1
sts15-blk-00087.ec,0.0058,48,1,0.0058,48,1,0.0058,48,1,0.0058,48,1
sts15-blk-00088.ec,0.0052,16,1,0.0052,16,1,0.0052,16,1,0.0052,16,1
sts15-blk-00089.ec,0.0061,20,1,0.0061,20,1,0.0061,20,1,0.0061,20,1
sts15-blk-00090.ec,0.0053,48,1,0.0053,48,1,0.0053,48,1,0.0053,48,1
sts15-blk-00091.ec,0.0055,24,1,0.0055,24,1,0.0055,24,1,0.0055,24,1
sts15-blk-00092.ec,0.0057,24,1,0.0057,24,1,0.0057,24,1,0.0057,24,1
sts15-blk-00093.ec,0.0055,32,1,0.0055,32,1,0.0055,32,1,0.0055,32,1
sts15-blk-00094.ec,0.0050,8,1,0.0050,8,1,0.0050,8,1,0.0050,8,1
sts15-blk-00095.ec,0.0033,16,1,0.0033,16,1,0.0033,16,1,0.0033,16,1
sts15-blk-00096.ec,0.0045,24,1,0.0045,24,1,0.0045,24,1,0.0045,24,1
sts15-blk-00097.ec,0.0046,12,1,0.0045,12,1,0.0046,12,1,0.0046,12,1
sts15-blk-00098.ec,0.0041,24,1,0.0041,24,1,0.0041,24,1,0.0041,24,1
sts15-blk-00099.ec,0.0043,20,1,0.0043,20,1,0.0043,20,1,0.0043,20,1
sts15-blk-00100.ec,0.0051,28,1,0.0051,28,1,0.0051,28,1,0.0050,28,1
sts15-blk-00101.ec,0.0046,20,1,0.0046,20,1,0.0046,20,1,0.0046,20,1
sts15-blk-00102.ec,0.0047,24,1,0.0047,24,1,0.0047,24,1,0.0047,24,1
sts15-blk-00103.ec,0.0045,8,1,0.0046,8,1,0.0045,8,1,0.0046,8,1
sts15-blk-00104.ec,0.0059,20,1,0.0059,20,1,0.0059,20,1,0.0059,20,1
sts15-blk-00105.ec,0.0063,24,1,0.0064,24,1,0.0063,24,1,0.0064,24,1
sts15-blk-00106.ec,0.0045,20,1,0.0045,20,1,0.0045,20,1,0.0045,20,1
sts15-blk-00107.ec,0.0064,24,1,0.0064,24,1,0.0064,24,1,0.0063,24,1
sts15-blk-00108.ec,0.0051,64,1,0.0051,64,1,0.0051,64,1,0.0051,64,1
sts15-blk-00109.ec,0.0047,32,1,0.0047,32,1,0.0047,32,1,0.0047,32,1
sts15-blk-00110.ec,0.0043,48,1,0.0043,48,1,0.0043,48,1,0.0043,48,1
sts15-blk-00111.ec,0.0047,24,1,0.0047,24,1,0.0047,24,1,0.0047,24,1
sts15-blk-00112.ec,0.0052,16,1,0.0052,16,1,0.0052,16,1,0.0052,16,1
sts15-blk-00113.ec,timeout,,,timeout,,,timeout,,,timeout,,
sts15-blk-00114.ec,timeout,,,timeout,,,timeout,,,timeout,,
sts15-blk-00115.ec,0.0062,24,1,0.0062,24,1,0.0062,24,1,0.0062,24,1
sts15-blk-00116.ec,0.0037,16,1,0.0037,16,1,0.0037,16,1,0.0037,16,1
sts15-blk-00117.ec,timeout,,,timeout,,,timeout,,,timeout,,
sts15-blk-00118.ec,timeout,,,timeout,,,timeout,,,timeout,,
sts15-blk-00119.ec,0.0050,16,1,0.0050,16,1,0.0050,16,1,0.0050,16,1
sts15-blk-00120.ec,0.0065,24,1,0.0065,24,1,0.0065,24,1,0.0065,24,1
sts15-blk-00121.ec,0.0053,20,1,0.0053,20,1,0.0053,20,1,0.0053,20,1
sts15-blk-00122.ec,timeout,,,timeout,,,timeout,,,timeout,,
sts15-blk-00123.ec,timeout,,,timeout,,,timeout,,,timeout,,
sts15-blk-00124.ec,timeout,,,timeout,,,timeout,,,timeout,,
sts15-blk-00125.ec,0.0045,16,1,0.0045,16,1,0.0045,16,1,0.0045,16,1
sts15-blk-00126.ec,0.0058,24,1,0.0058,24,1,0.0058,24,1,0.0058,24,1
sts15-blk-00127.ec,timeout,,,timeout,,,timeout,,,timeout,,
sts15-blk-00128.ec,0.0047,24,1,0.0048,24,1,0.0047,24,1,0.0047,24,1
sts15-blk-00129.ec,0.0053,40,1,0.0053,40,1,0.0053,40,1,0.0053,40,1
sts15-blk-00130.ec,0.0058,12,1,0.0058,12,1,0.0058,12,1,0.0058,12,1
sts15-blk-00131.ec,0.0043,24,1,0.0043,24,1,0.0043,24,1,0.0043,24,1
sts15-blk-00132.ec,0.0060,28,1,0.0061,28,1,0.0060,28,1,0.0060,28,1
sts15-blk-00133.ec,0.0041,20,1,0.0041,20,1,0.0041,20,1,0.0041,20,1
sts15-blk-00134.ec,0.0059,28,1,0.0059,28,1,0.0059,28,1,0.0059,28,1
sts15-blk-00135.ec,0.0057,28,1,0.0057,28,1,0.0057,28,1,0.0057,28,1
sts15-blk-00136.ec,0.0054,16,1,0.0054,16,1,0.0054,16,1,0.0054,16,1
sts15-blk-00137.ec,0.0060,16,1,0.0060,16,1,0.0060,16,1,0.0060,16,1
sts15-blk-00138.ec,0.0048,20,1,0.0048,20,1,0.0048,20,1,0.0048,20,1
sts15-blk-00139.ec,timeout,,,timeout,,,timeout,,,timeout,,
sts15-blk-00140.ec,0.0043,48,1,0.0042,48,1,0.0042,48,1,0.0042,48,1
sts15-blk-00141.ec,0.0040,20,1,0.0040,20,1,0.0040,20,1,0.0040,20,1
sts15-blk-00142.ec,0.0051,20,1,0.0051,20,1,0.0051,20,1,0.0051,20,1
sts15-blk-00143.ec,0.0059,16,1,0.0058,16,1,0.0059,16,1,0.0058,16,1
sts15-blk-00144.ec,0.0042,16,1,0.0042,16,1,0.0042,16,1,0.0042,16,1
sts15-blk-00145.ec,0.0047,24,1,0.0047,24,1,0.0047,24,1,0.0047,24,1
sts15-blk-00146.ec,0.0058,28,1,0.0058,28,1,0.0058,28,1,0.0058,28,1
sts15-blk-00147.ec,0.0040,28,1,0.0040,28,1,0.0040,28,1,0.0040,28,1
sts15-blk-00148.ec,0.0039,28,1,0.0039,28,1,0.0039,28,1,0.0039,28,1
sts15-blk-00149.ec,0.0033,24,1,0.0032,24,1,0.0032,24,1,0.0032,24,1
sts15-blk-00150.ec,0.0058,16,1,0.0058,16,1,0.0058,16,1,0.0058,16,1
sts15-blk-00151.ec,0.0058,28,1,0.0058,28,1,0.0058,28,1,0.0058,28,1
sts15-blk-00152.ec,0.0044,24,1,0.0044,24,1,0.0044,24,1,0.0044,24,1
sts15-blk-00153.ec,0.0068,64,1,0.0068,64,1,0.0068,64,1,0.0068,64,1
sts15-blk-00154.ec,0.0060,40,1,0.0060,40,1,0.0060,40,1,0.0060,40,1
sts15-blk-00155.ec,0.0052,40,1,0.0051,40,1,0.0051,40,1,0.0051,40,1
sts15-blk-00156.ec,0.0044,8,1,0.0044,8,1,0.0044,8,1,0.0044,8,1
sts15-blk-00157.ec,0.0052,24,1,0.0052,24,1,0.0052,24,1,0.0052,24,1
sts19-blk-00001.ec,timeout,,,timeout,,,timeout,,,timeout,,
sts19-blk-00002.ec,timeout,,,timeout,,,timeout,,,timeout,,
sts19-blk-00003.ec,timeout,,,timeout,,,timeout,,,timeout,,
sts19-blk-00004.ec,timeout,,,timeout,,,timeout,,,timeout,,
sts19-blk-00005.ec,timeout,,,timeout,,,timeout,,,timeout,,
sts19-blk-00006.ec,timeout,,,timeout,,,timeout,,,timeout,,
sts19-blk-00007.ec,timeout,,,timeout,,,timeout,,,timeout,,
sts19-blk-00008.ec,timeout,,,timeout,,,timeout,,,timeout,,
sts19-blk-00009.ec,timeout,,,timeout,,,timeout,,,timeout,,
sts19-blk-00010.ec,timeout,,,timeout,,,timeout,,,timeout,,
sts19-blk-00011.ec,timeout,,,timeout,,,timeout,,,timeout,,
sts19-blk-00012.ec,timeout,,,timeout,,,timeout,,,timeout,,
sts19-blk-00013.ec,timeout,,,timeout,,,timeout,,,timeout,,
sts19-blk-00014.ec,timeout,,,timeout,,,timeout,,,timeout,,
sts19-blk-00015.ec,timeout,,,timeout,,,timeout,,,timeout,,
sts19-blk-00016.ec,timeout,,,timeout,,,timeout,,,timeout,,
sts19-blk-00017.ec,timeout,,,timeout,,,timeout,,,timeout,,
sts19-blk-00018.ec,timeout,,,timeout,,,timeout,,,timeout,,
sts19-blk-00019.ec,timeout,,,timeout,,,timeout,,,timeout,,
sts19-blk-00020.ec,timeout,,,timeout,,,timeout,,,timeout,,
sts19-blk-00021.ec,timeout,,,timeout,,,timeout,,,timeout,,
sts19-blk-00022.ec,timeout,,,timeout,,,timeout,,,timeout,,
sts19-blk-00023.ec,timeout,,,timeout,,,timeout,,,timeout,,
sts19-blk-00024.ec,timeout,,,timeout,,,timeout,,,timeout,,
sts19-blk-00025.ec,timeout,,,timeout,,,timeout,,,timeout,,
sts19-blk-00026.ec,timeout,,,timeout,,,timeout,,,timeout,,
sts19-blk-00027.ec,timeout,,,timeout,,,timeout,,,timeout,,
sts19-blk-00028.ec,timeout,,,timeout,,,timeout,,,timeout,,
sts19-blk-00029.ec,timeout,,,timeout,,,timeout,,,timeout,,
sts19-blk-00030.ec,timeout,,,timeout,,,timeout,,,timeout,,
sts19-blk-00031.ec,timeout,,,timeout,,,timeout,,,timeout,,
sts19-blk-00032.ec,timeout,,,timeout,,,timeout,,,timeout,,
sts19-blk-00033.ec,timeout,,,timeout,,,timeout,,,timeout,,
sts19-blk-00034.ec,timeout,,,timeout,,,timeout,,,timeout,,
sts19-blk-00035.ec,timeout,,,timeout,,,timeout,,,timeout,,
sts19-blk-00036.ec,timeout,,,timeout,,,timeout,,,timeout,,
sts19-blk-00037.ec,timeout,,,timeout,,,timeout,,,timeout,,
sts19-blk-00038.ec,timeout,,,timeout,,,timeout,,,timeout,,
sts19-blk-00039.ec,timeout,,,timeout,,,timeout,,,timeout,,
sts19-blk-00040.ec,timeout,,,timeout,,,timeout,,,timeout,,
sts19-blk-00041.ec,timeout,,,timeout,,,timeout,,,timeout,,
sts19-blk-00042.ec,timeout,,,timeout,,,timeout,,,timeout,,
sts19-blk-00043.ec,timeout,,,timeout,,,timeout,,,timeout,,
sts19-blk-00044.ec,timeout,,,timeout,,,timeout,,,timeout,,
sts19-blk-00045.ec,timeout,,,timeout,,,timeout,,,timeout,,
sts19-blk-00046.ec,timeout,,,timeout,,,timeout,,,timeout,,
sts19-blk-00047.ec,timeout,,,timeout,,,timeout,,,timeout,,
sts19-blk-00048.ec,timeout,,,timeout,,,timeout,,,timeout,,
sts19-blk-00049.ec,timeout,,,timeout,,,timeout,,,timeout,,
sts19-blk-00050.ec,timeout,,,timeout,,,timeout,,,timeout,,
sts19-blk-00051.ec,timeout,,,timeout,,,timeout,,,timeout,,
sts19-blk-00052.ec,timeout,,,timeout,,,timeout,,,timeout,,
sts19-blk-00053.ec,timeout,,,timeout,,,timeout,,,timeout,,
sts19-blk-00054.ec,timeout,,,timeout,,,timeout,,,timeout,,
sts19-blk-00055.ec,timeout,,,timeout,,,timeout,,,timeout,,
sts19-blk-00056.ec,timeout,,,timeout,,,timeout,,,timeout,,
sts19-blk-00057.ec,timeout,,,timeout,,,timeout,,,timeout,,
sts19-blk-00058.ec,timeout,,,timeout,,,timeout,,,timeout,,
sts19-blk-00059.ec,timeout,,,timeout,,,timeout,,,timeout,,
sts19-blk-00060.ec,timeout,,,timeout,,,timeout,,,timeout,,
sts19-blk-00061.ec,timeout,,,timeout,,,timeout,,,timeout,,
sts19-blk-00062.ec,timeout,,,timeout,,,timeout,,,timeout,,
sts19-blk-00063.ec,timeout,,,timeout,,,timeout,,,timeout,,
sts19-blk-00064.ec,timeout,,,timeout,,,timeout,,,timeout,,
sts19-blk-00065.ec,timeout,,,timeout,,,timeout,,,timeout,,
sts19-blk-00066.ec,timeout,,,timeout,,,timeout,,,timeout,,
sts19-blk-00067.ec,timeout,,,timeout,,,timeout,,,timeout,,
sts19-blk-00068.ec,timeout,,,timeout,,,timeout,,,timeout,,
sts19-blk-00069.ec,timeout,,,timeout,,,timeout,,,timeout,,
sts19-blk-00070.ec,timeout,,,timeout,,,timeout,,,timeout,,
sts19-blk-00071.ec,timeout,,,timeout,,,timeout,,,timeout,,
sts19-blk-00072.ec,timeout,,,timeout,,,timeout,,,timeout,,
sts19-blk-00073.ec,timeout,,,timeout,,,timeout,,,timeout,,
sts19-blk-00074.ec,timeout,,,timeout,,,timeout,,,timeout,,
sts19-blk-00075.ec,557.4680,26302466,1,557.6003,26302466,1,557.7021,26302466,1,557.2475,26302466,1
sts19-blk-00076.ec,594.2876,26772480,1,594.5672,26772480,1,594.8206,26772480,1,594.1612,26772480,1
sts19-blk-00077.ec,557.7189,26302466,1,558.4660,26302466,1,557.5162,26302466,1,558.3417,26302466,1
sts19-blk-00078.ec,595.9752,26772480,1,594.7252,26772480,1,594.5171,26772480,1,594.9756,26772480,1
sts19-blk-00079.ec,timeout,,,timeout,,,timeout,,,timeout,,
sts19-blk-00080.ec,timeout,,,timeout,,,timeout,,,timeout,,
sts19-blk-00081.ec,timeout,,,timeout,,,timeout,,,timeout,,
sts19-blk-00082.ec,timeout,,,timeout,,,timeout,,,timeout,,
sts19-blk-00083.ec,timeout,,,timeout,,,timeout,,,timeout,,
sts19-blk-00084.ec,timeout,,,timeout,,,timeout,,,timeout,,
sts19-blk-00085.ec,timeout,,,timeout,,,timeout,,,timeout,,
sts19-blk-00086.ec,timeout,,,timeout,,,timeout,,,timeout,,
sts19-blk-00087.ec,timeout,,,timeout,,,timeout,,,timeout,,
sts19-blk-00088.ec,timeout,,,timeout,,,timeout,,,timeout,,
sts19-blk-00089.ec,timeout,,,timeout,,,timeout,,,timeout,,
sts19-blk-00090.ec,timeout,,,timeout,,,timeout,,,timeout,,
sts19-blk-00091.ec,timeout,,,timeout,,,timeout,,,timeout,,
sts19-blk-00092.ec,timeout,,,timeout,,,timeout,,,timeout,,
sts19-blk-00093.ec,timeout,,,timeout,,,timeout,,,timeout,,
sts19-blk-00094.ec,timeout,,,timeout,,,timeout,,,timeout,,
sts19-blk-00095.ec,timeout,,,timeout,,,timeout,,,timeout,,
sts19-blk-00096.ec,timeout,,,timeout,,,timeout,,,timeout,,
sts19-blk-00097.ec,timeout,,,timeout,,,timeout,,,timeout,,
sts19-blk-00098.ec,timeout,,,timeout,,,timeout,,,timeout,,
sts19-blk-00099.ec,timeout,,,timeout,,,timeout,,,timeout,,
sts19-blk-00100.ec,timeout,,,timeout,,,timeout,,,timeout,,
sts19-blk-00101.ec,timeout,,,timeout,,,timeout,,,timeout,,
sts19-blk-00102.ec,timeout,,,timeout,,,timeout,,,timeout,,
sts19-blk-00103.ec,timeout,,,timeout,,,timeout,,,timeout,,
sts19-blk-00104.ec,timeout,,,timeout,,,timeout,,,timeout,,
sts19-blk-00105.ec,timeout,,,timeout,,,timeout,,,timeout,,
sts19-blk-00106.ec,timeout,,,timeout,,,timeout,,,timeout,,
sts19-blk-00107.ec,timeout,,,timeout,,,timeout,,,timeout,,
sts19-blk-00108.ec,timeout,,,timeout,,,timeout,,,timeout,,
sts19-blk-00109.ec,timeout,,,timeout,,,timeout,,,timeout,,
sts19-blk-00110.ec,timeout,,,timeout,,,timeout,,,timeout,,
sts19-blk-00111.ec,timeout,,,timeout,,,timeout,,,timeout,,
sts19-blk-00112.ec,timeout,,,timeout,,,timeout,,,timeout,,
sts19-blk-00113.ec,timeout,,,timeout,,,timeout,,,timeout,,
sts19-blk-00114.ec,timeout,,,timeout,,,timeout,,,timeout,,
sts19-blk-00115.ec,timeout,,,timeout,,,timeout,,,timeout,,
sts19-blk-00116.ec,timeout,,,timeout,,,timeout,,,timeout,,
sts19-blk-00117.ec,timeout,,,timeout,,,timeout,,,timeout,,
sts19-blk-00118.ec,timeout,,,timeout,,,timeout,,,timeout,,
sts19-blk-00119.ec,timeout,,,timeout,,,timeout,,,timeout,,
sts19-blk-00120.ec,timeout,,,timeout,,,timeout,,,timeout,,
sts19-blk-00121.ec,timeout,,,timeout,,,timeout,,,timeout,,
sts19-blk-00122.ec,timeout,,,timeout,,,timeout,,,timeout,,
sts19-blk-00123.ec,timeout,,,timeout,,,timeout,,,timeout,,
sts19-blk-00124.ec,timeout,,,timeout,,,timeout,,,timeout,,
sts19-blk-00125.ec,timeout,,,timeout,,,timeout,,,timeout,,
sts19-blk-00126.ec,timeout,,,timeout,,,timeout,,,timeout,,
sts19-blk-00127.ec,timeout,,,timeout,,,timeout,,,timeout,,
sts19-blk-00128.ec,timeout,,,timeout,,,timeout,,,timeout,,
sts19-blk-00129.ec,timeout,,,timeout,,,timeout,,,timeout,,
sts19-blk-00130.ec,timeout,,,timeout,,,timeout,,,timeout,,
sts19-blk-00131.ec,timeout,,,timeout,,,timeout,,,timeout,,
sts19-blk-00132.ec,timeout,,,timeout,,,timeout,,,timeout,,
sts19-blk-00133.ec,timeout,,,timeout,,,timeout,,,timeout,,
sts19-blk-00134.ec,timeout,,,timeout,,,timeout,,,timeout,,
sts19-blk-00135.ec,timeout,,,timeout,,,timeout,,,timeout,,
sts19-blk-00136.ec,timeout,,,timeout,,,timeout,,,timeout,,
sts19-blk-00137.ec,timeout,,,timeout,,,timeout,,,timeout,,
sts19-blk-00138.ec,timeout,,,timeout,,,timeout,,,timeout,,
sts19-blk-00139.ec,timeout,,,timeout,,,timeout,,,timeout,,
sts19-blk-00140.ec,timeout,,,timeout,,,timeout,,,timeout,,
sts19-blk-00141.ec,timeout,,,timeout,,,timeout,,,timeout,,
sts19-blk-00142.ec,timeout,,,timeout,,,timeout,,,timeout,,
sts19-blk-00143.ec,timeout,,,timeout,,,timeout,,,timeout,,
sts19-blk-00144.ec,timeout,,,timeout,,,timeout,,,timeout,,
sts19-blk-00145.ec,timeout,,,timeout,,,timeout,,,timeout,,
sts19-blk-00146.ec,timeout,,,timeout,,,timeout,,,timeout,,
sts19-blk-00147.ec,timeout,,,timeout,,,timeout,,,timeout,,
sts19-blk-00148.ec,timeout,,,timeout,,,timeout,,,timeout,,
sts19-blk-00149.ec,timeout,,,timeout,,,timeout,,,timeout,,
sts19-blk-00150.ec,timeout,,,timeout,,,timeout,,,timeout,,
sts19-blk-00151.ec,timeout,,,timeout,,,timeout,,,timeout,,
sts19-blk-00152.ec,timeout,,,timeout,,,timeout,,,timeout,,
sts19-blk-00153.ec,timeout,,,timeout,,,timeout,,,timeout,,
sts19-blk-00154.ec,timeout,,,timeout,,,timeout,,,timeout,,
sts19-blk-00155.ec,timeout,,,timeout,,,timeout,,,timeout,,
sts19-blk-00156.ec,timeout,,,timeout,,,timeout,,,timeout,,
sts19-blk-00157.ec,timeout,,,timeout,,,timeout,,,timeout,,
sts19-blk-00158.ec,timeout,,,timeout,,,timeout,,,timeout,,
sts19-blk-00159.ec,timeout,,,timeout,,,timeout,,,timeout,,
sts19-blk-00160.ec,timeout,,,timeout,,,timeout,,,timeout,,
sts19-blk-00161.ec,timeout,,,timeout,,,timeout,,,timeout,,
sts19-blk-00162.ec,timeout,,,timeout,,,timeout,,,timeout,,
sts19-blk-00163.ec,timeout,,,timeout,,,timeout,,,timeout,,
sts19-blk-00164.ec,timeout,,,timeout,,,timeout,,,timeout,,
sts19-blk-00165.ec,timeout,,,timeout,,,timeout,,,timeout,,
sts19-blk-00166.ec,timeout,,,timeout,,,timeout,,,timeout,,
sts19-blk-00167.ec,timeout,,,timeout,,,timeout,,,timeout,,
sts19-blk-00168.ec,timeout,,,timeout,,,timeout,,,timeout,,
sts19-blk-00169.ec,timeout,,,timeout,,,timeout,,,timeout,,
sts19-blk-00170.ec,timeout,,,timeout,,,timeout,,,timeout,,
sts19-blk-00171.ec,timeout,,,timeout,,,timeout,,,timeout,,
sts19-blk-00172.ec,timeout,,,timeout,,,timeout,,,timeout,,
sts19-blk-00173.ec,timeout,,,timeout,,,timeout,,,timeout,,
sts19-blk-00174.ec,timeout,,,timeout,,,timeout,,,timeout,,
sts19-blk-00175.ec,timeout,,,timeout,,,timeout,,,timeout,,
sts19-blk-00176.ec,timeout,,,timeout,,,timeout,,,timeout,,
sts19-blk-00177.ec,timeout,,,timeout,,,timeout,,,timeout,,
sts19-blk-00178.ec,timeout,,,timeout,,,timeout,,,timeout,,
sts19-blk-00179.ec,timeout,,,timeout,,,timeout,,,timeout,,
sts19-blk-00180.ec,timeout,,,timeout,,,timeout,,,timeout,,
sts19-blk-00181.ec,timeout,,,timeout,,,timeout,,,timeout,,
sts19-blk-00182.ec,timeout,,,timeout,,,timeout,,,timeout,,
sts19-blk-00183.ec,timeout,,,timeout,,,timeout,,,timeout,,
sts19-blk-00184.ec,timeout,,,timeout,,,timeout,,,timeout,,
sts19-blk-00185.ec,timeout,,,timeout,,,timeout,,,timeout,,
sts19-blk-00186.ec,timeout,,,timeout,,,timeout,,,timeout,,
sts19-blk-00187.ec,timeout,,,timeout,,,timeout,,,timeout,,
sts19-blk-00188.ec,timeout,,,timeout,,,timeout,,,timeout,,
sts19-blk-00189.ec,timeout,,,timeout,,,timeout,,,timeout,,
sts19-blk-00190.ec,timeout,,,timeout,,,timeout,,,timeout,,
sts19-blk-00191.ec,timeout,,,timeout,,,timeout,,,timeout,,
sts19-blk-00192.ec,timeout,,,timeout,,,timeout,,,timeout,,
sts19-blk-00193.ec,timeout,,,timeout,,,timeout,,,timeout,,
sts19-blk-00194.ec,timeout,,,timeout,,,timeout,,,timeout,,
sts19-blk-00195.ec,timeout,,,timeout,,,timeout,,,timeout,,
sts19-blk-00196.ec,timeout,,,timeout,,,timeout,,,timeout,,
sts19-blk-00197.ec,timeout,,,timeout,,,timeout,,,timeout,,
sts19-blk-00198.ec,timeout,,,timeout,,,timeout,,,timeout,,
sts19-blk-00199.ec,timeout,,,timeout,,,timeout,,,timeout,,
sts19-blk-00200.ec,timeout,,,timeout,,,timeout,,,timeout,,
tetrominoes_4x5.txt,0.1065,454,1,0.1067,454,1,0.1066,454,1,0.1069,454,1
tetrominoes_4x7.txt,0.2300,9157,1,0.2297,9157,1,0.2303,9157,1,0.2297,9157,1
tetrominoes_6x6.txt,1.7928,178939,1,1.7911,178939,1,1.7924,178939,1,1.7891,178939,1
tetrominoes_6x8.txt,14.3224,22483379,1,14.3139,22483379,1,14.3198,22483379,1,14.3255,22483379,1
tetrominoes_8x8.txt,timeout,,,timeout,,,timeout,,,timeout,,
