Instance,#cols,#rows,DLX,DXZ,D3X,DXD_S,DXD_M,IDXD_S,IDXD_M,MDLX,SharpSAT-TD,ExactMC,#sols,#Max_B,zdd_compile(s),cnf_compile(s)
grafo106.40,355,1894,,,,,,,,,,,,,0.190958,0.1177
grafo109.84,303,1937,,,,,,,,,,,,,0.189782,0.1315
grafo118.50,302,2408,,,,,,,,,,,,,0.276141,0.1974
grafo124.52,557,2844,,,timeout,,,,,,,,,,0.563847,0.2546
grafo125.20,198,1095,,,,,,,,,,,,,0.057542,0.0612
grafo127.51,256,2067,,,,,,,,,,,,,0.133772,0.102
grafo128.92,280,1775,,,,,,,,,,,,,0.164206,0.1359
grafo135.11,227,1606,,,,,,,,,,,,,0.075644,0.0709
grafo142.76,468,2420,,,,,,,,,,,,,0.34066,0.1893
grafo143.64,275,1884,,,566.8983,,,,,,,,,,0.176379,0.1297
grafo146.60,313,1781,,,,,,,,,,,,,0.140466,0.0987
grafo153.22,373,2508,,,,,,,,,,,,,0.269753,0.1568
grafo155.75,295,1749,,,,,,,,,,,,,0.166033,0.1393
grafo158.21,314,2046,,,,,,,,,,,,,0.178483,0.1209
grafo166.10,254,1989,,,,,,,,,,,,,0.159058,0.1211
grafo175.88,206,1259,,,,,,,,,,,,,0.059828,0.0701
grafo186.43,403,2090,,,,,,,,,,,,,0.334004,0.195
grafo190.92,364,1934,,,timeout,,,,,,,,,,0.229046,0.1465
grafo193.97,310,1814,,,,,,,,,,,,,0.198895,0.1413
grafo196.32,507,3318,,,,,,,,,,,,,0.48344,0.264
grafo200.67,549,2166,,,,,,,,,,,,,0.452952,0.2145
grafo206.83,451,2506,,,,,,,,,,,,,0.349592,0.1928
grafo215.75,446,2269,,,,,,,,,,,,,0.322003,0.1916
grafo217.11,170,1391,,,,,,,,,,,,,0.056782,0.0608
grafo225.45,425,2971,,,,,,,,,,,,,0.444023,0.2567
grafo226.41,347,1769,,,,,,,,,,,,,0.223725,0.1448
grafo228.58,201,961,,,,,,,,,,,,,0.055983,0.0639
grafo232.90,156,1513,,,,,,,,,,,,,0.077969,0.0816
grafo236.23,221,927,,,,,,,,,,,,,0.039564,0.043
grafo252.53,150,1221,,,,,,,,,,,,,0.042229,0.0539
grafo253.11,189,1304,,,,,,,,,,,,,0.070323,0.0766
grafo255.69,159,1073,,,,,,,,,,,,,0.041268,0.0575
grafo258.13,360,1823,,,timeout,,,,,,,,,,0.141035,0.1035
grafo266.31,451,2630,,,,,,,,,,,,,0.424722,0.2211
grafo278.30,285,1591,,,,,,,,,,,,,0.167807,0.1311
grafo286.89,516,2265,,,,,,,,,,,,,0.404684,0.2131
grafo288.69,326,1616,,,,,,,,,,,,,0.175395,0.1255
grafo289.30,475,2766,,,,,,,,,,,,,0.465765,0.2484
grafo300.45,205,1241,,,222.5289,,,,,,,,,,0.067655,0.066
grafo307.81,251,2034,,,,,,,,,,,,,0.152383,0.1248
grafo315.16,514,2497,,,,,,,,,,,,,0.55113,0.2782
grafo318.55,437,1670,,,,,,,,,,,,,0.271832,0.1466
grafo324.97,429,2423,,,,,,,,,,,,,0.370223,0.1992
grafo328.74,304,1424,,,,,,,,,,,,,0.126379,0.0915
grafo331.100,521,2886,,,,,,,,,,,,,0.522727,0.2555
grafo332.61,550,2712,,,,,,,,,,,,,0.630656,0.2794
grafo341.20,427,2174,,,timeout,,,,,,,,,,0.32658,0.1784
grafo343.47,298,1711,,,,,,,,,,,,,0.154934,0.1083
grafo348.100,318,1300,,,,,,,,,,,,,0.13788,0.0971
grafo351.43,452,3131,,,,,,,,,,,,,0.441205,0.2487
grafo358.99,265,1185,,,,,,,,,,,,,0.118648,0.0909
grafo359.80,182,1478,,,,,,,,,,,,,0.048648,0.0567
grafo363.34,645,2529,,,,,,,,,,,,,0.606745,0.2479
grafo366.70,277,1232,,,,,,,,,,,,,0.130725,0.1012
grafo369.17,421,2728,,,,,,,,,,,,,0.29307,0.1648
grafo382.79,368,1922,,,,,,,,,,,,,0.217133,0.1487
grafo397.80,451,2635,,,,,,,,,,,,,0.395866,0.2149
grafo398.73,346,2184,,,,,,,,,,,,,0.294907,0.1772
grafo405.67,169,913,,,,,,,,,,,,,0.039419,0.0476
grafo406.42,533,2639,,,,,,,,,,,,,0.47747,0.244
grafo407.85,409,2872,,,,,,,,,,,,,0.339784,0.1914
grafo411.92,515,3077,,,,,,,,,,,,,0.550821,0.2635
grafo417.50,480,2078,,,,,,,,,,,,,0.295115,0.1604
grafo418.86,247,1405,,,,,,,,,,,,,0.170824,0.1373
grafo419.47,145,1343,,,,,,,,,,,,,0.040447,0.053
grafo420.31,293,1299,,,,,,,,,,,,,0.129476,0.0921
grafo429.89,456,2430,,,,,,,,,,,,,0.363087,0.2104
grafo433.89,326,1543,,,,,,,,,,,,,0.157144,0.1093
grafo437.40,359,2386,,,,,,,,,,,,,0.272459,0.1705
grafo439.90,347,2382,,,,,,,,,,,,,0.204428,0.1448
grafo441.82,371,2128,,,,,,,,,,,,,0.255176,0.1515
grafo444.27,217,1126,,,,,,,,,,,,,0.056283,0.0537
grafo449.39,284,1261,,,,,,,,,,,,,0.138549,0.0942
grafo459.18,211,1355,,,,,,,,,,,,,0.091477,0.0909
grafo470.49,362,1812,,,,,,,,,,,,,0.211166,0.1326
grafo471.16,190,1344,,,,,,,,,,,,,0.058774,0.0631
grafo472.50,344,2451,,,,,,,,,,,,,0.234365,0.1558
grafo487.23,351,2742,,,timeout,,,,,,,,,,0.280977,0.2007
grafo498.59,313,1360,,,,,,,,,,,,,0.181994,0.1234
grafo500.20,292,1784,,,,,,,,,,,,,0.109689,0.0871
grafo506.28,202,1625,,,26.7587,,,,,,,,,,0.101664,0.0923
grafo509.63,277,1188,,,,,,,,,,,,,0.121759,0.0956
grafo510.51,469,2368,,,,,,,,,,,,,0.400614,0.2385
grafo514.77,493,3266,,,,,,,,,,,,,0.546782,0.2565
grafo515.92,421,2807,,,,,,,,,,,,,0.37592,0.2126
grafo519.18,263,1245,,,,,,,,,,,,,0.131779,0.1165
grafo520.57,208,1290,,,,,,,,,,,,,0.108436,0.1061
grafo522.26,378,1859,,,,,,,,,,,,,0.239761,0.1679
grafo523.31,332,2473,,,,,,,,,,,,,0.223701,0.153
grafo524.66,453,2624,,,,,,,,,,,,,0.31284,0.4151
grafo530.97,293,1939,,,,,,,,,,,,,0.180837,0.1237
grafo534.66,281,1652,,,,,,,,,,,,,0.191776,0.1524
grafo536.10,296,1116,,,,,,,,,,,,,0.153122,0.109
grafo541.64,245,1409,,,17.4677,,,,,,,,,,0.107001,0.0889
grafo544.100,293,1544,,,,,,,,,,,,,0.100503,0.0804
grafo552.93,490,2634,,,,,,,,,,,,,0.482602,0.2372
grafo553.86,282,1998,,,,,,,,,,,,,0.139975,0.1165
grafo555.32,198,1081,,,,,,,,,,,,,0.047687,0.0479
grafo561.36,232,1808,,,,,,,,,,,,,0.072883,0.068
grafo570.72,378,2282,,,,,,,,,,,,,0.313477,0.1944
grafo572.90,192,1411,,,38.9770,,,,,,,,,,0.068907,0.0638
grafo574.60,374,2048,,,,,,,,,,,,,0.325276,0.2172
grafo575.94,311,2001,,,,,,,,,,,,,0.228002,0.1617
grafo584.53,485,2724,,,,,,,,,,,,,0.410258,0.2058
grafo588.96,254,1190,,,,,,,,,,,,,0.103002,0.0823
grafo590.70,275,1226,,,,,,,,,,,,,0.117831,0.0907
grafo593.94,227,1603,,,,,,,,,,,,,0.113145,0.0996
grafo602.41,232,1339,,,,,,,,,,,,,0.065467,0.0635
grafo605.58,189,1420,,,,,,,,,,,,,0.076701,0.079
grafo608.54,426,2452,,,,,,,,,,,,,0.377706,0.2166
grafo610.36,478,2291,,,,,,,,,,,,,0.386264,0.1958
grafo614.17,267,2261,,,timeout,,,,,,,,,,0.184484,0.1354
grafo620.86,498,2257,,,,,,,,,,,,,0.35564,0.1888
grafo622.90,338,1712,,,,,,,,,,,,,0.202576,0.1287
grafo625.42,469,2658,,,,,,,,,,,,,0.396145,0.202
grafo630.44,555,2842,,,,,,,,,,,,,0.672106,0.2795
grafo634.46,289,2218,,,,,,,,,,,,,0.175532,0.1279
grafo636.98,392,1404,,,,,,,,,,,,,0.172363,0.1032
grafo638.40,406,2874,,,,,,,,,,,,,0.290569,0.1749
grafo646.83,338,2132,,,,,,,,,,,,,0.230285,0.1556
grafo665.72,372,1957,,,,,,,,,,,,,0.271585,0.1688
grafo670.14,156,999,,,,,,,,,,,,,0.032149,0.044
grafo688.78,476,2322,,,,,,,,,,,,,0.353499,0.1975
grafo690.86,615,3134,,,,,,,,,,,,,0.669712,0.3118
grafo697.47,318,1641,,,,,,,,,,,,,0.138055,0.1069
grafo698.15,482,2706,,,,,,,,,,,,,0.430831,0.2204
grafo699.50,486,2429,,,,,,,,,,,,,0.348855,0.1823
grafo701.98,346,2644,,,,,,,,,,,,,0.315704,0.1925
grafo702.77,482,2539,,,,,,,,,,,,,0.369025,0.1958
grafo704.43,302,1874,,,,,,,,,,,,,0.119359,0.0893
grafo705.26,211,998,,,,,,,,,,,,,0.054735,0.0531
grafo706.79,228,1879,,,timeout,,,,,,,,,,0.107105,0.1121
grafo707.59,204,1183,,,,,,,,,,,,,0.066475,0.0685
grafo709.89,215,2304,,,,,,,,,,,,,0.118218,0.1023
grafo716.81,484,2250,,,timeout,,,,,,,,,,0.3619,0.1989
grafo718.47,209,1328,,,,,,,,,,,,,0.098926,0.0976
grafo726.87,159,1335,,,,,,,,,,,,,0.050282,0.0568
grafo727.24,232,1536,,,,,,,,,,,,,0.075593,0.0725
grafo734.56,368,1687,,,,,,,,,,,,,0.203349,0.129
grafo739.46,363,2483,,,,,,,,,,,,,0.23186,0.1522
grafo741.88,488,2982,,,,,,,,,,,,,0.470044,0.2605
grafo745.30,258,1393,,,,,,,,,,,,,0.118811,0.1071
grafo746.89,155,1257,,,,,,,,,,,,,0.057405,0.0696
grafo747.96,142,1046,,,,,,,,,,,,,0.033241,0.0505
grafo751.82,463,3196,,,,,,,,,,,,,0.389628,0.2181
grafo753.81,368,1495,,,,,,,,,,,,,0.208829,0.1349
grafo757.37,310,1664,,,,,,,,,,,,,0.158085,0.1208
grafo759.24,212,1158,,,,,,,,,,,,,0.0797,0.0837
grafo765.94,543,2780,,,timeout,,,,,,,,,,0.477249,0.226
grafo770.92,154,1214,,,,,,,,,,,,,0.052889,0.0708
grafo772.64,510,3237,,,,,,,,,,,,,0.515786,0.2656
grafo785.62,414,2712,,,,,,,,,,,,,0.379164,0.2236
grafo786.65,149,1106,,,,,,,,,,,,,0.038462,0.0494
grafo793.32,646,3009,,,,,,,,,,,,,0.783126,0.3348
grafo806.13,243,1205,,,,,,,,,,,,,0.075543,0.0736
grafo810.62,246,1373,,,,,,,,,,,,,0.10456,0.0885
grafo811.17,337,2199,,,,,,,,,,,,,0.245632,0.1613
grafo813.97,402,2223,,,,,,,,,,,,,0.300084,0.1809
grafo815.56,428,2703,,,,,,,,,,,,,0.426444,0.232
grafo817.20,281,1823,,,,,,,,,,,,,0.157,0.1183
grafo822.26,232,954,,,,,,,,,,,,,0.059559,0.0559
grafo826.83,182,1140,,,,,,,,,,,,,0.064092,0.0651
grafo827.83,480,2840,,,,,,,,,,,,,0.377795,0.2007
grafo832.38,350,1754,,,,,,,,,,,,,0.209702,0.1405
grafo837.72,208,1196,,,8.7714,,,,,,,,,,0.074185,0.069
grafo842.48,456,2991,,,,,,,,,,,,,0.450261,0.2333
grafo844.50,355,1829,,,timeout,,,,,,,,,,0.208849,0.1446
grafo845.44,366,2688,,,,,,,,,,,,,0.251663,0.1677
grafo850.95,202,1371,,,8.9330,,,,,,,,,,0.107155,0.0983
grafo853.85,226,1236,,,6.7663,,,,,,,,,,0.073697,0.0668
grafo857.23,584,3114,,,,,,,,,,,,,0.737796,0.3535
grafo865.46,217,1232,,,,,,,,,,,,,0.046889,0.0446
grafo871.34,281,2067,,,,,,,,,,,,,0.221261,0.1632
grafo881.67,441,2414,,,,,,,,,,,,,0.333481,0.1939
grafo882.43,246,2029,,,,,,,,,,,,,0.169969,0.1344
grafo883.81,385,1471,,,,,,,,,,,,,0.212797,0.1417
grafo892.38,378,2202,,,,,,,,,,,,,0.306001,0.1808
grafo893.58,203,1006,,,,,,,,,,,,,0.066674,0.0681
grafo903.19,231,1326,,,,,,,,,,,,,0.124446,0.1045
grafo915.77,345,1789,,,,,,,,,,,,,0.22264,0.1532
grafo920.67,367,2635,,,,,,,,,,,,,0.268295,0.1748
grafo921.15,229,1269,,,,,,,,,,,,,0.089904,0.0778
grafo922.43,420,2360,,,,,,,,,,,,,0.314221,0.1719
grafo923.83,565,2802,,,,,,,,,,,,,0.461797,0.2389
grafo928.48,243,1186,,,,,,,,,,,,,0.06943,0.0648
grafo932.66,154,1279,,,,,,,,,,,,,0.062271,0.0722
grafo941.51,412,2578,,,,,,,,,,,,,0.307264,0.1887
grafo942.35,429,2540,,,,,,,,,,,,,0.350085,0.2
grafo945.77,405,2291,,,timeout,,,,,,,,,,0.248004,0.1508
grafo953.59,228,1016,,,,,,,,,,,,,0.064477,0.0629
grafo954.80,151,1575,,,,,,,,,,,,,0.068722,0.0808
grafo957.50,393,2173,,,,,,,,,,,,,0.238376,0.1592
grafo958.67,453,2544,,,,,,,,,,,,,0.391456,0.227
grafo961.63,375,1795,,,,,,,,,,,,,0.279166,0.1755
grafo969.84,349,2241,,,,,,,,,,,,,0.252953,0.1519
grafo972.21,335,1963,,,,,,,,,,,,,0.239847,0.1715
grafo978.44,346,2700,,,,,,,,,,,,,0.266852,0.1767
grafo979.60,442,2064,,,,,,,,,,,,,0.253291,0.1435
grafo980.41,248,1210,,,,,,,,,,,,,0.094055,0.0794
grafo987.32,364,2032,,,,,,,,,,,,,0.301939,0.1711
grafo988.58,216,1231,,,,,,,,,,,,,0.077152,0.0725
grafo993.75,478,2408,,,,,,,,,,,,,0.417833,0.2328
grafo994.52,341,1701,,,,,,,,,,,,,0.177814,0.123
grafo997.13,299,1333,,,,,,,,,,,,,0.156721,0.1173
grafo1000.47,460,3561,,,,,,,,,,,,,0.444027,0.238
grafo1016.59,394,2182,,,,,,,,,,,,,0.281811,0.1721
grafo1019.93,293,1988,,,,,,,,,,,,,0.165031,0.1231
grafo1020.65,483,2707,,,timeout,,,,,,,,,,0.444299,0.2168
grafo1022.27,134,1483,,,,,,,,,,,,,0.03186,0.0458
grafo1024.93,284,1436,,,,,,,,,,,,,0.151047,0.1067
grafo1031.94,181,1022,,,,,,,,,,,,,0.059584,0.0656
grafo1032.98,209,1070,,,,,,,,,,,,,0.057482,0.0547
grafo1036.44,431,2700,,,,,,,,,,,,,0.398921,0.1975
grafo1039.45,204,1496,,,,,,,,,,,,,0.067875,0.0655
grafo1049.58,232,1904,,,,,,,,,,,,,0.122743,0.1009
grafo1052.100,343,2165,,,,,,,,,,,,,0.248224,0.1706
grafo1058.39,209,1196,,,17.8715,,,,,,,,,,0.056495,0.0541
grafo1060.70,452,1687,,,,,,,,,,,,,0.330745,0.1559
grafo1061.96,508,2359,,,,,,,,,,,,,0.497994,0.246
grafo1064.74,221,1526,,,,,,,,,,,,,0.143566,0.1141
grafo1068.79,432,1963,,,timeout,,,,,,,,,,0.324642,0.1951
grafo1071.70,328,1744,,,,,,,,,,,,,0.189858,0.1285
grafo1073.12,365,1901,,,,,,,,,,,,,0.202041,0.1419
grafo1077.66,372,2189,,,,,,,,,,,,,0.300786,0.2
grafo1082.84,559,3830,,,,,,,,,,,,,0.75273,0.3639
grafo1086.84,496,3026,,,,,,,,,,,,,0.469774,0.2459
grafo1092.40,257,1074,,,,,,,,,,,,,0.092895,0.0737
grafo1093.22,246,1427,,,,,,,,,,,,,0.114893,0.0924
grafo1096.67,377,2448,,,,,,,,,,,,,0.224592,0.1518
grafo1098.82,216,1017,,,,,,,,,,,,,0.055092,0.0618
grafo1103.70,420,1734,,,,,,,,,,,,,0.280739,0.1622
grafo1113.83,313,2077,,,,,,,,,,,,,0.235874,0.1729
grafo1117.38,228,1430,,,,,,,,,,,,,0.131904,0.11
grafo1120.53,367,2011,,,,,,,,,,,,,0.272525,0.1599
grafo1125.57,325,2386,,,timeout,,,,,,,,,,0.19061,0.1214
grafo1126.98,369,2677,,,,,,,,,,,,,0.222412,0.1364
grafo1129.38,591,3767,,,timeout,,,,,,,,,,0.87848,0.4003
grafo1133.37,569,2825,,,,,,,,,,,,,0.665114,0.3081
grafo1135.68,264,1304,,,,,,,,,,,,,0.093368,0.0928
grafo1140.100,247,1428,,,,,,,,,,,,,0.138707,0.1147
grafo1141.27,186,1188,,,,,,,,,,,,,0.064091,0.069
grafo1143.95,231,945,,,,,,,,,,,,,0.076295,0.0725
grafo1149.10,224,1059,,,,,,,,,,,,,0.078486,0.0728
grafo1151.92,230,1143,,,,,,,,,,,,,0.076744,0.0763
grafo1152.50,536,3084,,,,,,,,,,,,,0.580508,0.2837
grafo1154.39,157,918,,,,,,,,,,,,,0.032293,0.0433
grafo1157.11,585,3065,,,,,,,,,,,,,0.709118,0.2982
grafo1163.61,328,2328,,,,,,,,,,,,,0.254691,0.1749
grafo1170.72,538,2773,,,,,,,,,,,,,0.378135,0.1907
grafo1171.69,201,1217,,,,,,,,,,,,,0.065149,0.0637
grafo1176.87,443,2575,,,,,,,,,,,,,0.405072,0.2321
grafo1179.91,571,3328,,,timeout,,,,,,,,,,0.702276,0.3192
grafo1180.19,219,1477,,,,,,,,,,,,,0.094249,0.0846
grafo1184.20,210,1372,,,,,,,,,,,,,0.10385,0.091
grafo1189.47,188,1352,,,,,,,,,,,,,0.076254,0.0733
grafo1194.58,412,2379,,,,,,,,,,,,,0.251542,0.1542
grafo1197.98,154,1213,,,,,,,,,,,,,0.041413,0.0581
grafo1199.26,200,940,,,,,,,,,,,,,0.059841,0.0664
grafo1201.52,424,2293,,,,,,,,,,,,,0.326903,0.2006
grafo1204.57,263,1286,,,,,,,,,,,,,0.1354,0.0996
grafo1206.20,211,1392,,,,,,,,,,,,,0.093571,0.0807
grafo1208.80,278,2270,,,,,,,,,,,,,0.19491,0.1354
grafo1209.77,273,1963,,,,,,,,,,,,,0.183683,0.138
grafo1213.36,205,1353,,,,,,,,,,,,,0.086635,0.0851
grafo1218.53,409,2539,,,,,,,,,,,,,0.335489,0.2049
grafo1221.88,402,1952,,,,,,,,,,,,,0.286873,0.2319
grafo1222.12,230,1222,,,,,,,,,,,,,0.074997,0.067
grafo1224.85,324,2028,,,,,,,,,,,,,0.207855,0.1506
grafo1226.12,433,2456,,,,,,,,,,,,,0.435254,0.2302
grafo1227.39,364,2395,,,,,,,,,,,,,0.250774,0.1682
grafo1229.98,569,3249,,,,,,,,,,,,,0.765421,0.3374
grafo1231.66,282,2195,,,,,,,,,,,,,0.161924,0.1307
grafo1233.97,213,1412,,,,,,,,,,,,,0.10428,0.0897
grafo1237.52,499,2894,,,,,,,,,,,,,0.546794,0.2404
grafo1239.92,357,1796,,,,,,,,,,,,,0.239573,0.167
grafo1240.89,300,1566,,,,,,,,,,,,,0.173882,0.1205
grafo1243.46,349,1885,,,,,,,,,,,,,0.256458,0.1683
grafo1245.25,200,1458,,,,,,,,,,,,,0.071576,0.0757
grafo1246.82,470,2427,,,,,,,,,,,,,0.332279,0.1798
grafo1251.27,192,1075,,,,,,,,,,,,,0.04871,0.0602
grafo1254.97,151,1413,,,,,,,,,,,,,0.066306,0.0742
grafo1260.91,476,3343,,,timeout,,,,,,,,,,0.492411,0.2686
grafo1263.37,433,2968,,,,,,,,,,,,,0.508875,0.2702
grafo1266.82,284,2187,,,,,,,,,,,,,0.222958,0.1544
grafo1269.48,492,2885,,,,,,,,,,,,,0.424935,0.2196
grafo1276.38,244,1238,,,,,,,,,,,,,0.092951,0.0781
grafo1280.55,328,1756,,,,,,,,,,,,,0.20099,0.1409
grafo1281.93,408,2149,,,,,,,,,,,,,0.287349,0.1786
grafo1288.19,341,1854,,,,,,,,,,,,,0.22737,0.1565
grafo1293.95,304,1857,,,,,,,,,,,,,0.134556,0.1007
grafo1299.94,375,2553,,,,,,,,,,,,,0.28851,0.1836
grafo1300.60,293,1583,,,369.4020,,,,,,,,,,0.137644,0.1094
grafo1304.97,294,1664,,,,,,,,,,,,,0.193402,0.1413
grafo1310.11,428,2016,,,,,,,,,,,,,0.249709,0.1562
grafo1313.90,223,1203,,,,,,,,,,,,,0.085004,0.0804
grafo1315.93,358,2486,,,,,,,,,,,,,0.301703,0.2024
grafo1320.24,246,1160,,,,,,,,,,,,,0.102748,0.0874
grafo1325.60,381,1984,,,,,,,,,,,,,0.204843,0.1305
grafo1327.42,228,1318,,,,,,,,,,,,,0.074019,0.0646
grafo1329.60,345,2105,,,,,,,,,,,,,0.265298,0.1684
grafo1332.55,236,1569,,,,,,,,,,,,,0.123635,0.1017
grafo1333.63,154,1128,,,123.3785,,,,,,,,,,0.030097,0.0397
grafo1334.77,243,1396,,,25.8343,,,,,,,,,,0.137231,0.1029
grafo1335.82,493,2275,,,,,,,,,,,,,0.429506,0.2181
grafo1340.15,389,3238,,,,,,,,,,,,,0.311121,0.1983
grafo1345.63,453,2223,,,,,,,,,,,,,0.326643,0.1914
grafo1351.10,427,2262,,,,,,,,,,,,,0.23789,0.1475
grafo1353.87,220,1369,,,,,,,,,,,,,0.112893,0.1068
grafo1354.16,388,1967,,,,,,,,,,,,,0.295226,0.1728
grafo1357.38,184,1556,,,,,,,,,,,,,0.095714,0.1
grafo1359.45,427,2489,,,,,,,,,,,,,0.366154,0.2132
grafo1363.45,272,1301,,,,,,,,,,,,,0.118439,0.0861
grafo1364.30,414,2645,,,,,,,,,,,,,0.294211,0.1902
grafo1369.28,300,2038,,,406.5423,,,,,,,,,,0.234532,0.1925
grafo1370.75,457,2436,,,,,,,,,,,,,0.364272,0.1948
grafo1375.99,318,1819,,,,,,,,,,,,,0.154853,0.1125
grafo1388.17,366,2933,,,,,,,,,,,,,0.284402,0.1785
grafo1390.73,287,1257,,,,,,,,,,,,,0.154748,0.095
grafo1391.96,446,3434,,,,,,,,,,,,,0.47713,0.2901
grafo1393.24,166,1267,,,15.2007,,,,,,,,,,0.070095,0.0818
grafo1394.26,285,1801,,,,,,,,,,,,,0.132105,0.1046
grafo1398.21,398,1592,,,,,,,,,,,,,0.222541,0.1403
grafo1405.91,269,1320,,,,,,,,,,,,,0.159379,0.1067
grafo1407.50,455,2572,,,timeout,,,,,,,,,,0.373483,0.2047
grafo1408.28,172,1193,,,,,,,,,,,,,0.050333,0.0589
grafo1411.22,481,2228,,,,,,,,,,,,,0.360876,0.2115
grafo1412.32,354,1985,,,,,,,,,,,,,0.20715,0.1366
grafo1415.63,476,3151,,,,,,,,,,,,,0.456266,0.2403
grafo1417.42,302,2004,,,,,,,,,,,,,0.145906,0.1107
grafo1420.71,363,2037,,,,,,,,,,,,,0.241569,0.1544
grafo1423.48,336,2260,,,561.7293,,,,,,,,,,0.307288,0.1946
grafo1426.92,212,1577,,,,,,,,,,,,,0.097747,0.0813
grafo1430.95,434,2364,,,,,,,,,,,,,0.272182,0.1616
grafo1431.29,398,2525,,,,,,,,,,,,,0.250995,0.1609
grafo1435.43,466,2105,,,,,,,,,,,,,0.343312,0.1804
grafo1436.41,340,2132,,,,,,,,,,,,,0.260661,0.1734
grafo1437.35,487,2610,,,,,,,,,,,,,0.381508,0.2148
grafo1441.77,333,1721,,,,,,,,,,,,,0.199487,0.1304
grafo1443.40,260,1280,,,,,,,,,,,,,0.132745,0.1032
grafo1447.35,520,2696,,,,,,,,,,,,,0.475395,0.2331
grafo1448.100,267,2691,,,,,,,,,,,,,0.160444,0.1219
grafo1453.29,380,1487,,,,,,,,,,,,,0.189651,0.1233
grafo1474.40,366,2473,,,,,,,,,,,,,0.271173,0.172
grafo1475.37,470,1732,,,,,,,,,,,,,0.347594,0.1755
grafo1481.33,226,1021,,,,,,,,,,,,,0.080746,0.0749
grafo1488.42,401,1928,,,,,,,,,,,,,0.306874,0.1748
grafo1489.74,373,1793,,,,,,,,,,,,,0.24828,0.1507
grafo1491.27,327,2175,,,,,,,,,,,,,0.20587,0.1436
grafo1495.67,189,1546,,,,,,,,,,,,,0.088537,0.087
grafo1496.11,383,2739,,,,,,,,,,,,,0.352498,0.1994
grafo1498.61,239,1049,,,,,,,,,,,,,0.08468,0.0757
grafo1502.73,486,3120,,,,,,,,,,,,,0.471391,0.2477
grafo1503.80,376,2126,,,,,,,,,,,,,0.26195,0.1618
grafo1518.68,498,2650,,,,,,,,,,,,,0.434894,0.2112
grafo1519.73,453,2446,,,,,,,,,,,,,0.31795,0.1818
grafo1524.86,430,2601,,,,,,,,,,,,,0.396401,0.2094
grafo1534.94,380,2927,,,,,,,,,,,,,0.333831,0.1966
grafo1537.86,451,3169,,,,,,,,,,,,,0.375451,0.2015
grafo1538.49,239,1393,,,,,,,,,,,,,0.105287,0.0939
grafo1540.55,287,1854,,,,,,,,,,,,,0.162465,0.1314
grafo1542.71,472,2720,,,,,,,,,,,,,0.366215,0.202
grafo1543.79,316,1380,,,,,,,,,,,,,0.13569,0.0918
grafo1562.81,148,886,,,,,,,,,,,,,0.030187,0.0401
grafo1574.100,247,1447,,,,,,,,,,,,,0.158742,0.1356
grafo1576.39,400,2002,,,,,,,,,,,,,0.232776,0.1484
grafo1579.57,193,1512,,,,,,,,,,,,,0.12611,0.1192
grafo1580.49,257,1204,,,,,,,,,,,,,0.094839,0.076
grafo1589.37,225,1173,,,,,,,,,,,,,0.054838,0.0537
grafo1590.75,478,3385,,,,,,,,,,,,,0.480652,0.2598
grafo1594.71,280,2088,,,,,,,,,,,,,0.145037,0.105
grafo1596.16,372,2170,,,,,,,,,,,,,0.303567,0.1685
grafo1601.21,185,1237,,,,,,,,,,,,,0.064839,0.0709
grafo1602.72,408,2711,,,,,,,,,,,,,0.301527,0.188
grafo1603.92,465,2398,,,timeout,,,,,,,,,,0.355722,0.1976
grafo1612.56,212,1243,,,,,,,,,,,,,0.070949,0.0675
grafo1613.27,571,3141,,,,,,,,,,,,,0.641816,0.3021
grafo1619.94,356,1803,,,,,,,,,,,,,0.200233,0.1247
grafo1624.15,240,1548,,,,,,,,,,,,,0.126524,0.1091
grafo1625.71,289,1930,,,,,,,,,,,,,0.16994,0.1222
grafo1626.15,371,2786,,,,,,,,,,,,,0.279593,0.174
grafo1627.37,251,1710,,,,,,,,,,,,,0.089798,0.083
grafo1628.93,413,2295,,,timeout,,,,,,,,,,0.279928,0.1622
grafo1630.14,452,2662,,,,,,,,,,,,,0.410267,0.2107
grafo1631.66,435,2940,,,,,,,,,,,,,0.424553,0.235
grafo1635.100,409,2273,,,,,,,,,,,,,0.242993,0.1687
grafo1644.67,431,2507,,,timeout,,,,,,,,,,0.380103,0.2164
grafo1645.78,306,1917,,,,,,,,,,,,,0.164067,0.1208
grafo1648.100,160,1249,,,,,,,,,,,,,0.056031,0.0644
grafo1655.32,286,1265,,,,,,,,,,,,,0.149854,0.1065
grafo1657.22,448,2499,,,,,,,,,,,,,0.353863,0.2073
grafo1662.43,393,2333,,,,,,,,,,,,,0.28335,0.1706
grafo1675.96,225,1030,,,,,,,,,,,,,0.056974,0.0573
grafo1679.85,133,1236,,,,,,,,,,,,,0.035121,0.0489
grafo1682.90,384,2431,,,,,,,,,,,,,0.289424,0.1752
grafo1684.38,482,3464,,,,,,,,,,,,,0.595226,0.2965
grafo1688.46,537,2954,,,,,,,,,,,,,0.51605,0.2532
grafo1691.57,402,1917,,,,,,,,,,,,,0.298162,0.1928
grafo1692.85,584,3095,,,,,,,,,,,,,0.630366,0.2779
grafo1694.47,266,1615,,,timeout,,,,,,,,,,0.100153,0.0873
grafo1704.38,341,2642,,,,,,,,,,,,,0.266137,0.1695
grafo1708.84,481,2839,,,,,,,,,,,,,0.492652,0.25
grafo1712.23,318,1814,,,,,,,,,,,,,0.17656,0.1326
grafo1722.39,499,2485,,,,,,,,,,,,,0.37512,0.194
grafo1723.91,337,1801,,,timeout,,,,,,,,,,0.154082,0.1023
grafo1724.16,291,1618,,,,,,,,,,,,,0.146355,0.1119
grafo1725.10,192,1528,,,,,,,,,,,,,0.094692,0.0854
grafo1727.23,235,1350,,,,,,,,,,,,,0.104907,0.096
grafo1730.14,371,1775,,,,,,,,,,,,,0.223911,0.1441
grafo1733.85,206,1355,,,,,,,,,,,,,0.07551,0.0739
grafo1738.86,105,1278,,,26.8356,,,,,,,,,,0.026527,0.0471
grafo1744.19,503,2995,,,,,,,,,,,,,0.48723,0.2329
grafo1746.36,240,1987,,,1441.3458,,,,,,,,,,0.110989,0.0999
grafo1747.54,364,1650,,,,,,,,,,,,,0.185297,0.1246
grafo1754.63,505,2382,,,,,,,,,,,,,0.466782,0.2389
grafo1755.30,243,1158,,,,,,,,,,,,,0.127439,0.1002
grafo1756.80,308,2126,,,346.4733,,,,,,,,,,0.222702,0.1668
grafo1757.19,391,2379,,,,,,,,,,,,,0.286715,0.1785
grafo1769.27,257,1593,,,96.2476,,,,,,,,,,0.104647,0.0924
grafo1770.96,420,3020,,,,,,,,,,,,,0.385478,0.2187
grafo1771.52,364,2396,,,,,,,,,,,,,0.198519,0.1311
grafo1774.28,353,1818,,,,,,,,,,,,,0.153807,0.1074
grafo1779.18,401,2113,,,,,,,,,,,,,0.231628,0.1281
grafo1780.17,361,2030,,,,,,,,,,,,,0.180811,0.1252
grafo1782.92,291,1042,,,,,,,,,,,,,0.122749,0.0962
grafo1784.31,306,1653,,,,,,,,,,,,,0.157285,0.1234
grafo1795.82,361,2022,,,,,,,,,,,,,0.288733,0.1865
grafo1797.47,275,1901,,,,,,,,,,,,,0.135129,0.1132
grafo1798.74,354,2127,,,timeout,,,,,,,,,,0.214909,0.1458
grafo1813.97,317,1802,,,,,,,,,,,,,0.134851,0.0953
grafo1826.43,413,2477,,,,,,,,,,,,,0.319781,0.1959
grafo1829.46,456,2606,,,,,,,,,,,,,0.427742,0.2231
grafo1834.32,446,3496,,,,,,,,,,,,,0.411029,0.2243
grafo1843.50,395,2741,,,,,,,,,,,,,0.278632,0.1655
grafo1846.61,224,1630,,,,,,,,,,,,,0.078017,0.0806
grafo1847.25,349,2772,,,,,,,,,,,,,0.290199,0.1932
grafo1852.92,493,2828,,,,,,,,,,,,,0.46173,0.2288
grafo1853.44,334,1972,,,,,,,,,,,,,0.259436,0.183
grafo1862.61,214,1047,,,,,,,,,,,,,0.080914,0.0776
grafo1868.25,380,2656,,,,,,,,,,,,,0.357707,0.2214
grafo1871.71,478,2741,,,timeout,,,,,,,,,,0.520433,0.2724
grafo1873.31,186,1274,,,,,,,,,,,,,0.069817,0.0779
grafo1875.69,211,967,,,,,,,,,,,,,0.039829,0.0432
grafo1876.98,386,2728,,,,,,,,,,,,,0.391316,0.2322
grafo1885.100,211,1246,,,,,,,,,,,,,0.073286,0.0705
grafo1886.31,361,1700,,,,,,,,,,,,,0.241237,0.1478
grafo1889.14,395,2017,,,,,,,,,,,,,0.301563,0.1784
grafo1890.40,472,2715,,,,,,,,,,,,,0.407479,0.23
grafo1895.13,481,3184,,,,,,,,,,,,,0.553609,0.2798
grafo1896.25,479,2810,,,,,,,,,,,,,0.534447,0.2514
grafo1901.94,310,1761,,,,,,,,,,,,,0.141996,0.1052
grafo1909.23,405,2519,,,,,,,,,,,,,0.265698,0.1734
grafo1916.59,200,1459,,,,,,,,,,,,,0.110091,0.1036
grafo1921.58,459,2836,,,,,,,,,,,,,0.412911,0.2271
grafo1924.94,254,1090,,,,,,,,,,,,,0.094692,0.0843
grafo1927.43,297,1800,,,,,,,,,,,,,0.156779,0.114
grafo1932.29,424,2269,,,,,,,,,,,,,0.230588,0.1387
grafo1942.55,285,1820,,,,,,,,,,,,,0.167075,0.121
grafo1947.54,430,3038,,,,,,,,,,,,,0.431278,0.2321
grafo1948.20,473,2336,,,,,,,,,,,,,0.416738,0.2045
grafo1958.22,479,1911,,,,,,,,,,,,,0.335706,0.1772
grafo1962.35,273,2015,,,,,,,,,,,,,0.17382,0.134
grafo1964.82,366,2753,,,,,,,,,,,,,0.333135,0.2105
grafo1968.88,425,2240,,,,,,,,,,,,,0.337354,0.1963
grafo1969.60,288,2081,,,,,,,,,,,,,0.175273,0.1305
grafo1974.88,223,1223,,,,,,,,,,,,,0.093866,0.0849
grafo1976.78,458,1881,,,,,,,,,,,,,0.257727,0.1331
grafo1980.15,267,1852,,,,,,,,,,,,,0.140236,0.1152
grafo1981.46,433,2458,,,,,,,,,,,,,0.338524,0.1987
grafo1982.60,371,2229,,,,,,,,,,,,,0.204572,0.1423
grafo1986.51,360,2028,,,,,,,,,,,,,0.247717,0.153
grafo1987.55,292,1605,,,,,,,,,,,,,0.226591,0.1633
grafo1989.86,196,1247,,,,,,,,,,,,,0.084391,0.0823
grafo1991.20,244,1283,,,,,,,,,,,,,0.094308,0.0792
grafo1994.50,305,1863,,,289.6249,,,,,,,,,,0.17919,0.132
grafo1999.21,307,2173,,,,,,,,,,,,,0.210394,0.1497
grafo2002.57,328,1777,,,,,,,,,,,,,0.191351,0.1302
grafo2007.66,399,2089,,,,,,,,,,,,,0.249199,0.1455
grafo2011.47,329,1024,,,,,,,,,,,,,0.139683,0.0968
grafo2024.25,286,1775,,,,,,,,,,,,,0.155176,0.1147
grafo2029.87,275,1394,,,,,,,,,,,,,0.117136,0.0862
grafo2035.93,515,2491,,,timeout,,,,,,,,,,0.440044,0.223
grafo2040.91,235,1097,,,914.1912,,,,,,,,,,0.07881,0.0747
grafo2058.90,263,1190,,,6.3662,,,,,,,,,,0.080569,0.0659
grafo2060.38,265,1354,,,,,,,,,,,,,0.144759,0.1171
grafo2064.60,354,2019,,,timeout,,,,,,,,,,0.245853,0.1566
grafo2065.22,592,3101,,,,,,,,,,,,,0.64131,0.3009
grafo2072.64,427,3183,,,,,,,,,,,,,0.413558,0.2356
grafo2076.54,321,1979,,,timeout,,,,,,,,,,0.191944,0.1401
grafo2080.89,165,1127,,,,,,,,,,,,,0.035626,0.0448
grafo2082.19,208,1397,,,,,,,,,,,,,0.105773,0.0904
grafo2083.59,365,2165,,,timeout,,,,,,,,,,0.218392,0.1548
grafo2084.22,408,2763,,,,,,,,,,,,,0.245118,0.1644
grafo2086.80,291,2242,,,,,,,,,,,,,0.185043,0.1392
grafo2088.76,161,1199,,,,,,,,,,,,,0.061305,0.0712
grafo2089.37,227,1456,,,,,,,,,,,,,0.068555,0.0647
grafo2096.15,451,3026,,,,,,,,,,,,,0.505392,0.2798
grafo2101.28,326,1874,,,,,,,,,,,,,0.186017,0.1289
grafo2102.43,527,2989,,,,,,,,,,,,,0.474166,0.2301
grafo2106.55,309,2024,,,,,,,,,,,,,0.167636,0.1157
grafo2109.76,376,1695,,,,,,,,,,,,,0.183689,0.122
grafo2119.66,373,1425,,,,,,,,,,,,,0.163333,0.1095
grafo2124.32,202,1008,,,,,,,,,,,,,0.07167,0.0796
grafo2127.67,285,1645,,,,,,,,,,,,,0.12811,0.1031
grafo2130.25,330,2004,,,,,,,,,,,,,0.226963,0.1695
grafo2132.99,528,2762,,,,,,,,,,,,,0.567539,0.2757
grafo2133.53,261,1131,,,,,,,,,,,,,0.118028,0.0881
grafo2137.98,201,1488,,,,,,,,,,,,,0.082433,0.0823
grafo2139.51,446,2427,,,,,,,,,,,,,0.363496,0.2132
grafo2141.79,605,2929,,,,,,,,,,,,,0.520532,0.2554
grafo2142.46,483,2500,,,,,,,,,,,,,0.461664,0.247
grafo2145.32,350,2355,,,,,,,,,,,,,0.172649,0.1133
grafo2152.60,582,3353,,,,,,,,,,,,,0.841906,0.3669
grafo2160.42,231,931,,,4.0091,,,,,,,,,,0.076993,0.0705
grafo2163.57,237,1375,,,,,,,,,,,,,0.122897,0.1063
grafo2167.15,483,2612,,,,,,,,,,,,,0.393624,0.2021
grafo2168.100,268,1555,,,,,,,,,,,,,0.111792,0.0901
grafo2173.47,441,2566,,,,,,,,,,,,,0.280265,0.1661
grafo2176.44,534,2666,,,,,,,,,,,,,0.504485,0.2633
grafo2184.42,430,2715,,,,,,,,,,,,,0.447987,0.2413
grafo2185.47,183,918,,,,,,,,,,,,,0.044176,0.0551
grafo2188.47,408,2437,,,,,,,,,,,,,0.331219,0.2039
grafo2191.67,396,2326,,,,,,,,,,,,,0.327469,0.1924
grafo2193.59,325,1240,,,,,,,,,,,,,0.170266,0.1177
grafo2200.88,512,2801,,,,,,,,,,,,,0.454208,0.2416
grafo2203.72,308,1694,,,,,,,,,,,,,0.131649,0.1002
grafo2207.65,350,1790,,,274.1570,,,,,,,,,,0.190084,0.1191
grafo2212.54,242,1789,,,,,,,,,,,,,0.091466,0.0908
grafo2216.78,258,1851,,,307.4543,,,,,,,,,,0.1507,0.1181
grafo2229.82,518,2590,,,,,,,,,,,,,0.537876,0.2482
grafo2231.20,392,2579,,,,,,,,,,,,,0.347535,0.1959
grafo2236.48,372,2403,,,,,,,,,,,,,0.265648,0.182
grafo2242.54,190,1166,,,22.3109,,,,,,,,,,0.056979,0.0605
grafo2243.65,532,3240,,,,,,,,,,,,,0.614582,0.2952
grafo2244.16,483,2979,,,,,,,,,,,,,0.421537,0.2226
grafo2246.93,446,3055,,,,,,,,,,,,,0.33554,0.1857
grafo2247.50,240,1268,,,,,,,,,,,,,0.09481,0.0709
grafo2253.24,242,1607,,,,,,,,,,,,,0.096257,0.0885
grafo2259.40,315,2715,,,,,,,,,,,,,0.22121,0.1605
grafo2265.15,233,1285,,,,,,,,,,,,,0.08261,0.0734
grafo2266.49,218,928,,,,,,,,,,,,,0.042839,0.0449
grafo2267.10,439,2774,,,,,,,,,,,,,0.39664,0.2077
grafo2268.73,220,1403,,,,,,,,,,,,,0.115549,0.1018
grafo2270.67,270,1125,,,,,,,,,,,,,0.114091,0.0876
grafo2275.47,224,2030,,,,,,,,,,,,,0.1213,0.1029
grafo2284.84,599,2972,,,,,,,,,,,,,0.646189,0.3016
grafo2285.76,318,1974,,,,,,,,,,,,,0.192709,0.1455
grafo2287.90,140,1243,,,30.8644,,,,,,,,,,0.037572,0.0499
grafo2291.34,208,1243,,,,,,,,,,,,,0.086132,0.09
grafo2300.41,410,2089,,,,,,,,,,,,,0.296021,0.1727
grafo2309.31,254,1516,,,,,,,,,,,,,0.131644,0.107
grafo2321.73,183,1147,,,,,,,,,,,,,0.048432,0.0567
grafo2322.35,154,1135,,,,,,,,,,,,,0.030263,0.047
grafo2323.45,160,1123,,,,,,,,,,,,,0.035673,0.0485
grafo2325.51,283,1630,,,,,,,,,,,,,0.096158,0.0811
grafo2335.94,244,2188,,,,,,,,,,,,,0.167454,0.127
grafo2336.87,281,1132,,,,,,,,,,,,,0.132259,0.096
grafo2340.31,531,2252,,,,,,,,,,,,,0.458173,0.2219
grafo2348.55,192,898,,,,,,,,,,,,,0.048192,0.0529
grafo2353.97,183,1324,,,,,,,,,,,,,0.06961,0.0749
grafo2354.70,336,1956,,,,,,,,,,,,,0.225761,0.1427
grafo2355.72,532,2279,,,,,,,,,,,,,0.419657,0.2131
grafo2358.75,476,2354,,,,,,,,,,,,,0.432166,0.2375
grafo2366.52,501,3355,,,,,,,,,,,,,0.549287,0.3057
grafo2367.54,433,2961,,,timeout,,,,,,,,,,0.382175,0.2073
grafo2373.70,259,2002,,,,,,,,,,,,,0.149434,0.1129
grafo2375.41,309,1342,,,,,,,,,,,,,0.174223,0.12
grafo2385.33,243,1880,,,,,,,,,,,,,0.129302,0.1132
grafo2386.36,353,1608,,,,,,,,,,,,,0.22652,0.1574
grafo2387.87,550,3334,,,,,,,,,,,,,0.645124,0.2969
grafo2390.82,396,1968,,,,,,,,,,,,,0.328487,0.1843
grafo2391.72,244,1352,,,14.8472,,,,,,,,,,0.11037,0.1094
grafo2396.44,427,2449,,,,,,,,,,,,,0.381281,0.2356
grafo2404.14,447,2588,,,,,,,,,,,,,0.36147,0.1901
grafo2406.50,94,989,,,,,,,,,,,,,0.0143,0.03
grafo2417.36,200,1261,,,,,,,,,,,,,0.096618,0.0996
grafo2424.88,381,2101,,,,,,,,,,,,,0.304826,0.1657
grafo2426.96,517,2996,,,,,,,,,,,,,0.489468,0.2427
grafo2430.25,243,1266,,,,,,,,,,,,,0.138906,0.1107
grafo2431.34,290,1753,,,,,,,,,,,,,0.139138,0.1047
grafo2438.95,216,1202,,,,,,,,,,,,,0.095445,0.0923
grafo2439.98,159,1375,,,,,,,,,,,,,0.058311,0.073
grafo2440.58,453,1916,,,timeout,,,,,,,,,,0.288147,0.1511
grafo2444.17,122,1418,,,,,,,,,,,,,0.042633,0.0589
grafo2447.14,440,2465,,,,,,,,,,,,,0.439219,0.2293
grafo2451.55,445,3224,,,,,,,,,,,,,0.351101,0.2043
grafo2452.99,459,2428,,,,,,,,,,,,,0.440211,0.2411
grafo2453.36,318,1587,,,429.6135,,,,,,,,,,0.161342,0.1217
grafo2456.54,239,1181,,,,,,,,,,,,,0.0982,0.0928
grafo2457.83,418,2956,,,,,,,,,,,,,0.350319,0.202
grafo2461.37,271,1639,,,,,,,,,,,,,0.120554,0.0979
grafo2464.86,391,2343,,,,,,,,,,,,,0.287233,0.1759
grafo2467.26,365,1739,,,,,,,,,,,,,0.206753,0.1397
grafo2469.41,561,3103,,,,,,,,,,,,,0.608131,0.3075
grafo2470.85,299,1913,,,,,,,,,,,,,0.154335,0.1128
grafo2471.62,453,2294,,,,,,,,,,,,,0.348869,0.2011
grafo2472.97,406,2785,,,,,,,,,,,,,0.422372,0.2302
grafo2477.48,436,2318,,,timeout,,,,,,,,,,0.289092,0.1697
grafo2479.41,364,2674,,,,,,,,,,,,,0.308587,0.188
grafo2485.99,577,2901,,,,,,,,,,,,,0.588776,0.2863
grafo2492.20,233,1441,,,,,,,,,,,,,0.118294,0.0989
grafo2499.28,333,1591,,,,,,,,,,,,,0.117639,0.0875
grafo2514.91,454,2692,,,,,,,,,,,,,0.371554,0.207
grafo2516.32,253,1153,,,7.7429,,,,,,,,,,0.0794,0.0669
grafo2517.96,301,1683,,,,,,,,,,,,,0.136971,0.1231
grafo2519.51,350,2316,,,,,,,,,,,,,0.282955,0.1904
grafo2526.59,213,1285,,,,,,,,,,,,,0.108692,0.0975
grafo2530.99,445,2713,,,,,,,,,,,,,0.388771,0.2068
grafo2534.60,291,1567,,,,,,,,,,,,,0.193427,0.1428
grafo2536.81,475,1738,,,,,,,,,,,,,0.321356,0.183
grafo2538.13,174,1520,,,,,,,,,,,,,0.062174,0.0644
grafo2541.68,525,2493,,,,,,,,,,,,,0.36874,0.1984
grafo2542.80,522,3211,,,,,,,,,,,,,0.537958,0.2846
grafo2544.63,159,1289,,,,,,,,,,,,,0.042647,0.0543
grafo2545.58,478,3216,,,,,,,,,,,,,0.50017,0.2578
grafo2549.33,196,1135,,,,,,,,,,,,,0.081883,0.0858
grafo2551.11,208,1064,,,,,,,,,,,,,0.074473,0.0787
grafo2555.99,345,2069,,,,,,,,,,,,,0.227269,0.1311
grafo2563.67,254,1727,,,timeout,,,,,,,,,,0.113546,0.0949
grafo2571.70,433,2463,,,,,,,,,,,,,0.287883,0.1743
grafo2573.85,372,2465,,,,,,,,,,,,,0.205315,0.1385
grafo2574.70,275,1075,,,,,,,,,,,,,0.104366,0.091
grafo2580.92,346,3022,,,,,,,,,,,,,0.366969,0.2365
grafo2585.90,166,1419,,,,,,,,,,,,,0.076617,0.0778
grafo2591.49,535,2916,,,,,,,,,,,,,0.462287,0.2541
grafo2592.63,398,1978,,,,,,,,,,,,,0.224213,0.1327
grafo2596.32,400,2367,,,,,,,,,,,,,0.327171,0.1978
grafo2600.17,518,3449,,,,,,,,,,,,,0.646777,0.3098
grafo2603.99,287,1759,,,,,,,,,,,,,0.134531,0.1037
grafo2604.71,397,1889,,,,,,,,,,,,,0.286631,0.1688
grafo2606.67,360,1834,,,timeout,,,,,,,,,,0.179944,0.1157
grafo2613.57,574,3103,,,,,,,,,,,,,0.61557,0.278
grafo2620.73,489,2706,,,,,,,,,,,,,0.4254,0.2271
grafo2622.85,339,1855,,,,,,,,,,,,,0.236407,0.1551
grafo2624.43,223,1153,,,,,,,,,,,,,0.082022,0.0762
grafo2627.23,160,1262,,,4.6789,,,,,,,,,,0.067584,0.0846
grafo2629.17,318,1889,,,646.2842,,,,,,,,,,0.235503,0.1708
grafo2631.62,379,2508,,,,,,,,,,,,,0.280436,0.1722
grafo2632.27,518,3543,,,,,,,,,,,,,0.606217,0.2814
grafo2633.57,188,1170,,,,,,,,,,,,,0.06544,0.0656
grafo2635.15,221,1324,,,timeout,,,,,,,,,,0.05083,0.0498
grafo2636.82,306,1061,,,,,,,,,,,,,0.109471,0.0758
grafo2638.38,198,1095,,,,,,,,,,,,,0.065163,0.0798
grafo2646.58,214,1194,,,,,,,,,,,,,0.068309,0.0721
grafo2647.51,378,2530,,,,,,,,,,,,,0.270183,0.177
grafo2649.35,469,2314,,,,,,,,,,,,,0.353364,0.1865
grafo2660.55,378,2550,,,,,,,,,,,,,0.307341,0.2511
grafo2661.90,551,3072,,,,,,,,,,,,,0.571366,0.2756
grafo2664.37,260,1422,,,,,,,,,,,,,0.083953,0.0694
grafo2669.22,252,1621,,,,,,,,,,,,,0.114299,0.1011
grafo2670.61,318,974,,,,,,,,,,,,,0.104255,0.0758
grafo2673.99,353,1579,,,,,,,,,,,,,0.200923,0.1363
grafo2678.17,453,2590,,,,,,,,,,,,,0.493984,0.2708
grafo2679.82,414,2631,,,,,,,,,,,,,0.397919,0.216
grafo2680.82,470,3368,,,,,,,,,,,,,0.472068,0.2504
grafo2684.65,345,2313,,,,,,,,,,,,,0.246297,0.1694
grafo2688.99,501,3066,,,,,,,,,,,,,0.455449,0.2416
grafo2691.73,400,2451,,,,,,,,,,,,,0.232448,0.1468
grafo2694.62,564,2831,,,,,,,,,,,,,0.541681,0.2548
grafo2697.46,561,2739,,,timeout,,,,,,,,,,0.618995,0.2731
grafo2700.23,439,2867,,,,,,,,,,,,,0.431773,0.235
grafo2707.98,596,3511,,,timeout,,,,,,,,,,0.825458,0.3464
grafo2708.48,237,1178,,,11.0475,,,,,,,,,,0.076799,0.0649
grafo2709.99,556,3583,,,,,,,,,,,,,0.786675,0.3478
grafo2714.84,351,1732,,,545.4522,,,,,,,,,,0.211176,0.1524
grafo2715.50,233,1455,,,,,,,,,,,,,0.127655,0.1205
grafo2721.41,230,1472,,,,,,,,,,,,,0.097316,0.0801
grafo2726.22,423,1980,,,,,,,,,,,,,0.355766,0.1931
grafo2731.93,550,3330,,,,,,,,,,,,,0.64388,0.2779
grafo2734.66,308,1812,,,,,,,,,,,,,0.130666,0.0971
grafo2743.45,431,3198,,,,,,,,,,,,,0.377908,0.2173
grafo2746.12,370,2302,,,,,,,,,,,,,0.299678,0.1805
grafo2747.81,407,2055,,,,,,,,,,,,,0.373355,0.2097
grafo2750.87,371,2465,,,,,,,,,,,,,0.215709,0.1498
grafo2755.36,576,3568,,,,,,,,,,,,,0.68391,0.3315
grafo2758.19,388,2019,,,,,,,,,,,,,0.281612,0.1649
grafo2762.48,499,2616,,,,,,,,,,,,,0.430355,0.2052
grafo2764.33,299,1335,,,,,,,,,,,,,0.151508,0.113
grafo2777.17,175,1284,,,,,,,,,,,,,0.040291,0.0446
grafo2782.33,246,1440,,,,,,,,,,,,,0.088121,0.0783
grafo2783.49,384,1803,,,,,,,,,,,,,0.288644,0.178
grafo2786.80,469,2625,,,,,,,,,,,,,0.437211,0.2305
grafo2787.89,392,2340,,,,,,,,,,,,,0.228454,0.1437
grafo2795.14,444,3101,,,,,,,,,,,,,0.436177,0.2356
grafo2797.17,216,1185,,,,,,,,,,,,,0.085627,0.0814
grafo2800.37,390,2851,,,timeout,,,,,,,,,,0.366274,0.1983
grafo2804.88,425,1823,,,515.8193,,,,,,,,,,0.318993,0.1971
grafo2805.68,391,1729,,,,,,,,,,,,,0.187792,0.1143
grafo2808.73,338,2994,,,,,,,,,,,,,0.199189,0.1427
grafo2812.31,626,3111,,,,,,,,,,,,,0.774183,0.3312
grafo2813.89,427,2762,,,,,,,,,,,,,0.321828,0.1856
grafo2818.68,266,1724,,,,,,,,,,,,,0.147534,0.1215
grafo2824.14,366,2232,,,,,,,,,,,,,0.323727,0.1943
grafo2825.78,417,1714,,,,,,,,,,,,,0.224073,0.142
grafo2828.23,444,2250,,,timeout,,,,,,,,,,0.299333,0.1829
grafo2830.59,413,2193,,,,,,,,,,,,,0.22687,0.141
grafo2844.68,281,1973,,,,,,,,,,,,,0.179404,0.1368
grafo2849.25,257,889,,,,,,,,,,,,,0.068457,0.0626
grafo2854.71,331,1991,,,213.2675,,,,,,,,,,0.229573,0.1436
grafo2855.63,443,1798,,,,,,,,,,,,,0.334016,0.186
grafo2861.98,474,2482,,,,,,,,,,,,,0.398881,0.2118
grafo2865.48,285,1949,,,,,,,,,,,,,0.200183,0.1357
grafo2877.85,354,1956,,,,,,,,,,,,,0.291217,0.1831
grafo2880.78,176,1108,,,,,,,,,,,,,0.054926,0.0669
grafo2885.21,475,3156,,,,,,,,,,,,,0.434782,0.2326
grafo2886.93,336,2124,,,,,,,,,,,,,0.26435,0.1747
grafo2903.100,291,1134,,,,,,,,,,,,,0.107583,0.0773
grafo2904.71,428,3161,,,,,,,,,,,,,0.321903,0.1997
grafo2915.82,153,1451,,,,,,,,,,,,,0.067569,0.0741
grafo2922.38,357,1831,,,,,,,,,,,,,0.255798,0.1557
grafo2927.50,473,2886,,,,,,,,,,,,,0.402957,0.2206
grafo2928.30,359,1665,,,,,,,,,,,,,0.195286,0.1304
grafo2929.43,284,1839,,,,,,,,,,,,,0.171435,0.1251
grafo2934.68,473,2565,,,,,,,,,,,,,0.425204,0.2213
grafo2935.57,538,3015,,,,,,,,,,,,,0.538912,0.2757
grafo2937.92,353,1827,,,,,,,,,,,,,0.21391,0.1356
grafo2942.28,421,2164,,,,,,,,,,,,,0.261565,0.1583
grafo2947.18,407,1903,,,558.4764,,,,,,,,,,0.304569,0.1833
grafo2948.77,438,3171,,,,,,,,,,,,,0.388344,0.2458
grafo2951.96,438,3256,,,,,,,,,,,,,0.394116,0.2206
grafo2952.13,565,3292,,,,,,,,,,,,,0.665066,0.2879
grafo2954.51,374,2790,,,,,,,,,,,,,0.309724,0.1859
grafo2957.43,405,3032,,,,,,,,,,,,,0.381039,0.2027
grafo2958.65,205,1516,,,,,,,,,,,,,0.09805,0.0961
grafo2968.65,480,3109,,,,,,,,,,,,,0.410795,0.2279
grafo2970.39,218,1318,,,13.6336,,,,,,,,,,0.087684,0.0765
grafo2977.11,297,2079,,,,,,,,,,,,,0.181258,0.1394
grafo2978.44,128,1283,,,,,,,,,,,,,0.040413,0.0617
grafo2981.23,452,2186,,,,,,,,,,,,,0.33115,0.1688
grafo2985.16,330,1878,,,,,,,,,,,,,0.177336,0.1159
grafo2990.71,260,2137,,,,,,,,,,,,,0.158353,0.1296
grafo3000.44,449,2346,,,timeout,,,,,,,,,,0.302141,0.1734
grafo3002.56,387,2330,,,,,,,,,,,,,0.278484,0.1776
grafo3025.48,303,1404,,,,,,,,,,,,,0.174987,0.2046
grafo3027.36,344,2418,,,,,,,,,,,,,0.241163,0.162
grafo3038.18,270,1052,,,,,,,,,,,,,0.073479,0.0623
grafo3039.31,459,2546,,,timeout,,,,,,,,,,0.364006,0.2063
grafo3045.26,563,3048,,,,,,,,,,,,,0.658015,0.2993
grafo3050.41,380,2468,,,,,,,,,,,,,0.297764,0.173
grafo3053.79,274,2459,,,,,,,,,,,,,0.156544,0.1288
grafo3055.55,383,2571,,,,,,,,,,,,,0.213434,0.1463
grafo3056.84,252,1073,,,,,,,,,,,,,0.09897,0.0866
grafo3062.53,232,1380,,,,,,,,,,,,,0.098902,0.0868
grafo3063.99,259,1331,,,,,,,,,,,,,0.087996,0.0716
grafo3069.68,292,1393,,,,,,,,,,,,,0.176013,0.1423
grafo3072.29,144,1588,,,,,,,,,,,,,0.060685,0.0733
grafo3073.22,424,2355,,,timeout,,,,,,,,,,0.287767,0.1531
grafo3077.18,235,1995,,,,,,,,,,,,,0.130013,0.113
grafo3079.82,352,2368,,,,,,,,,,,,,0.253845,0.1628
grafo3086.32,262,1269,,,,,,,,,,,,,0.158986,0.1074
grafo3095.25,330,2046,,,,,,,,,,,,,0.183094,0.1353
grafo3096.23,204,1390,,,18.2257,,,,,,,,,,0.10503,0.111
grafo3097.85,306,1338,,,,,,,,,,,,,0.187402,0.1251
grafo3106.20,191,1173,,,,,,,,,,,,,0.07688,0.0876
grafo3110.11,217,1264,,,,,,,,,,,,,0.09577,0.0872
grafo3117.75,306,1633,,,,,,,,,,,,,0.11789,0.0876
grafo3120.28,637,3014,,,,,,,,,,,,,0.721252,0.3026
grafo3122.45,240,1223,,,17.5819,,,,,,,,,,0.119078,0.1038
grafo3133.31,211,1362,,,,,,,,,,,,,0.089443,0.0864
grafo3135.70,524,2556,,,,,,,,,,,,,0.448488,0.233
grafo3144.50,362,2187,,,,,,,,,,,,,0.30765,0.1804
grafo3148.51,202,1153,,,,,,,,,,,,,0.064935,0.0686
grafo3157.37,439,2421,,,,,,,,,,,,,0.294545,0.184
grafo3160.85,300,1891,,,,,,,,,,,,,0.189878,0.1363
grafo3167.30,283,1190,,,,,,,,,,,,,0.13328,0.0954
grafo3168.62,353,2097,,,,,,,,,,,,,0.311539,0.2128
grafo3173.27,214,1316,,,,,,,,,,,,,0.054383,0.0616
grafo3177.38,310,2537,,,,,,,,,,,,,0.213929,0.1632
grafo3184.47,320,2410,,,,,,,,,,,,,0.218255,0.1485
grafo3186.61,446,2751,,,,,,,,,,,,,0.532594,0.2844
grafo3190.91,471,3403,,,,,,,,,,,,,0.537556,0.2749
grafo3192.54,395,2485,,,,,,,,,,,,,0.295367,0.1789
grafo3207.42,523,2349,,,,,,,,,,,,,0.444037,0.2194
grafo3209.17,540,2968,,,,,,,,,,,,,0.534897,0.2601
grafo3210.76,525,2880,,,,,,,,,,,,,0.497977,0.2413
grafo3211.22,334,2035,,,timeout,,,,,,,,,,0.253224,0.1567
grafo3214.91,403,2828,,,,,,,,,,,,,0.393136,0.2283
grafo3215.73,437,2202,,,,,,,,,,,,,0.281148,0.1735
grafo3216.77,261,1584,,,,,,,,,,,,,0.093824,0.0811
grafo3219.45,412,2094,,,,,,,,,,,,,0.338135,0.1893
grafo3222.86,533,2945,,,timeout,,,,,,,,,,0.435459,0.2302
grafo3230.82,164,1403,,,,,,,,,,,,,0.047735,0.0524
grafo3231.18,502,3425,,,,,,,,,,,,,0.604619,0.3181
grafo3233.79,229,1001,,,,,,,,,,,,,0.071417,0.0673
grafo3238.88,428,2270,,,,,,,,,,,,,0.294961,0.1618
grafo3239.89,433,2228,,,,,,,,,,,,,0.334775,0.1985
grafo3242.99,459,2904,,,,,,,,,,,,,0.448133,0.2453
grafo3243.98,444,2094,,,,,,,,,,,,,0.335171,0.1932
grafo3245.83,489,3215,,,,,,,,,,,,,0.548748,0.2784
grafo3246.16,323,1968,,,,,,,,,,,,,0.212075,0.143
grafo3250.54,350,1955,,,,,,,,,,,,,0.251458,0.1568
grafo3255.100,381,2620,,,,,,,,,,,,,0.318878,0.1986
grafo3264.27,242,1427,,,,,,,,,,,,,0.107585,0.0871
grafo3276.26,467,2871,,,,,,,,,,,,,0.42204,0.2241
grafo3278.93,195,1010,,,,,,,,,,,,,0.066112,0.0709
grafo3280.78,295,1933,,,,,,,,,,,,,0.219766,0.1706
grafo3285.92,468,2165,,,timeout,,,,,,,,,,0.396571,0.2172
grafo3319.36,406,2651,,,,,,,,,,,,,0.333775,0.2025
grafo3321.26,417,2139,,,,,,,,,,,,,0.333564,0.1842
grafo3326.26,264,1157,,,,,,,,,,,,,0.119237,0.0965
grafo3328.60,350,2883,,,,,,,,,,,,,0.225434,0.1453
grafo3332.100,300,2323,,,,,,,,,,,,,0.321497,0.2279
grafo3341.97,353,1859,,,,,,,,,,,,,0.219235,0.1424
grafo3343.84,454,2856,,,timeout,,,,,,,,,,0.382095,0.1984
grafo3349.59,570,3018,,,,,,,,,,,,,0.651151,0.3067
grafo3352.57,238,2108,,,625.7558,,,,,,,,,,0.121931,0.1066
grafo3357.79,364,2412,,,timeout,,,,,,,,,,0.285711,0.1834
grafo3358.82,439,1389,,,,,,,,,,,,,0.260733,0.1477
grafo3361.72,343,1714,,,,,,,,,,,,,0.180872,0.1301
grafo3362.86,362,1938,,,,,,,,,,,,,0.252621,0.1555
grafo3363.57,218,1220,,,,,,,,,,,,,0.078432,0.0755
grafo3366.68,297,2205,,,timeout,,,,,,,,,,0.147982,0.1046
grafo3368.97,392,1990,,,,,,,,,,,,,0.247355,0.1627
grafo3369.90,127,1501,,,timeout,,,,,,,,,,0.04481,0.0622
grafo3371.34,498,2845,,,,,,,,,,,,,0.439044,0.2228
grafo3379.72,304,1770,,,,,,,,,,,,,0.174375,0.1389
grafo3381.31,351,1759,,,,,,,,,,,,,0.24157,0.152
grafo3383.53,217,1562,,,,,,,,,,,,,0.097771,0.0872
grafo3388.42,382,2456,,,,,,,,,,,,,0.249276,0.1727
grafo3389.41,120,1333,,,,,,,,,,,,,0.023974,0.0365
grafo3392.17,191,1012,,,,,,,,,,,,,0.04406,0.0493
grafo3395.72,498,2910,,,timeout,,,,,,,,,,0.453075,0.2322
grafo3402.64,342,2660,,,,,,,,,,,,,0.264282,0.1865
grafo3403.74,455,3038,,,,,,,,,,,,,0.319678,0.1889
grafo3421.63,221,1270,,,,,,,,,,,,,0.116198,0.1071
grafo3426.94,413,1844,,,,,,,,,,,,,0.232398,0.1398
grafo3433.81,470,2375,,,,,,,,,,,,,0.363956,0.1922
grafo3435.56,251,1056,,,29.4145,,,,,,,,,,0.082895,0.0694
grafo3446.27,393,3080,,,,,,,,,,,,,0.334969,0.2089
grafo3449.17,324,2065,,,,,,,,,,,,,0.23015,0.171
grafo3454.54,264,1050,,,8.3018,,,,,,,,,,0.106409,0.0912
grafo3461.50,215,1261,,,,,,,,,,,,,0.094588,0.0827
grafo3462.68,512,3029,,,,,,,,,,,,,0.521293,0.2764
grafo3465.85,438,3062,,,,,,,,,,,,,0.359717,0.2046
grafo3482.47,401,1895,,,,,,,,,,,,,0.342673,0.1891
grafo3485.21,251,1502,,,,,,,,,,,,,0.170052,0.1336
grafo3488.92,298,2049,,,,,,,,,,,,,0.161827,0.1153
grafo3494.84,436,2716,,,timeout,,,,,,,,,,0.379338,0.1948
grafo3503.32,441,2374,,,,,,,,,,,,,0.407294,0.2199
grafo3504.21,511,2628,,,,,,,,,,,,,0.385931,0.2205
grafo3506.30,403,1749,,,,,,,,,,,,,0.209657,0.1345
grafo3512.59,532,2350,,,,,,,,,,,,,0.454045,0.2161
grafo3523.38,454,2527,,,,,,,,,,,,,0.401712,0.2107
grafo3525.35,339,2485,,,,,,,,,,,,,0.22655,0.1457
grafo3530.32,487,3288,,,,,,,,,,,,,0.470871,0.2624
grafo3532.40,461,2886,,,,,,,,,,,,,0.396528,0.2195
grafo3541.83,354,2472,,,,,,,,,,,,,0.245672,0.1511
grafo3543.29,271,2161,,,,,,,,,,,,,0.163271,0.1235
grafo3550.59,482,2032,,,,,,,,,,,,,0.377284,0.2081
grafo3556.67,326,2097,,,,,,,,,,,,,0.25362,0.1906
grafo3557.68,500,2364,,,,,,,,,,,,,0.421976,0.2106
grafo3560.77,243,1268,,,,,,,,,,,,,0.108987,0.0838
grafo3567.56,193,942,,,4.2357,,,,,,,,,,0.045327,0.0623
grafo3570.27,403,1649,,,,,,,,,,,,,0.212434,0.1235
grafo3574.24,348,2188,,,,,,,,,,,,,0.197659,0.1206
grafo3575.38,236,1838,,,,,,,,,,,,,0.088892,0.0812
grafo3583.78,182,1001,,,,,,,,,,,,,0.046198,0.0575
grafo3585.25,371,2258,,,timeout,,,,,,,,,,0.27732,0.1617
grafo3592.13,345,1785,,,,,,,,,,,,,0.224345,0.1435
grafo3601.71,319,1962,,,,,,,,,,,,,0.232474,0.1474
grafo3602.58,257,965,,,,,,,,,,,,,0.083185,0.0728
grafo3603.98,288,1459,,,,,,,,,,,,,0.136536,0.1007
grafo3605.67,463,2863,,,,,,,,,,,,,0.450365,0.2187
grafo3609.58,190,1237,,,,,,,,,,,,,0.064548,0.0671
grafo3610.72,222,2252,,,,,,,,,,,,,0.160611,0.1441
grafo3615.66,411,2348,,,,,,,,,,,,,0.323052,0.1749
grafo3622.48,324,1640,,,,,,,,,,,,,0.193375,0.1415
grafo3624.47,526,3059,,,,,,,,,,,,,0.4397,0.2427
grafo3627.40,347,2836,,,,,,,,,,,,,0.310377,0.187
grafo3630.38,584,2673,,,,,,,,,,,,,0.648483,0.2955
grafo3631.72,194,1343,,,,,,,,,,,,,0.074718,0.0782
grafo3633.59,215,1614,,,,,,,,,,,,,0.116973,0.1052
grafo3638.22,208,1595,,,,,,,,,,,,,0.128325,0.1106
grafo3644.70,156,1305,,,,,,,,,,,,,0.04953,0.0637
grafo3645.27,234,1380,,,,,,,,,,,,,0.118514,0.0936
grafo3659.52,274,1249,,,,,,,,,,,,,0.131983,0.1009
grafo3666.15,460,2712,,,,,,,,,,,,,0.366692,0.2008
grafo3671.20,183,1267,,,,,,,,,,,,,0.077186,0.0809
grafo3682.16,277,1786,,,,,,,,,,,,,0.122997,0.0957
grafo3685.65,384,1723,,,,,,,,,,,,,0.200919,0.1212
grafo3688.17,449,2448,,,,,,,,,,,,,0.298344,0.1739
grafo3693.36,337,1846,,,,,,,,,,,,,0.18822,0.1323
grafo3695.90,361,2199,,,,,,,,,,,,,0.280501,0.1544
grafo3698.77,668,2544,,,,,,,,,,,,,0.668517,0.2763
grafo3701.43,464,2714,,,,,,,,,,,,,0.48197,0.2313
grafo3708.29,226,1032,,,,,,,,,,,,,0.068876,0.0602
grafo3711.27,440,2355,,,,,,,,,,,,,0.303125,0.1692
grafo3712.86,214,1375,,,,,,,,,,,,,0.093949,0.0816
grafo3713.39,348,1603,,,,,,,,,,,,,0.171346,0.1155
grafo3719.91,517,2737,,,,,,,,,,,,,0.630265,0.3
grafo3723.29,345,2460,,,,,,,,,,,,,0.199604,0.1437
grafo3726.80,258,1311,,,,,,,,,,,,,0.095516,0.0705
grafo3729.50,341,2618,,,,,,,,,,,,,0.282,0.1897
grafo3730.79,555,2632,,,,,,,,,,,,,0.630798,0.2943
grafo3737.29,361,2878,,,,,,,,,,,,,0.298788,0.1787
grafo3744.41,550,3138,,,,,,,,,,,,,0.664338,0.3291
grafo3749.47,184,1158,,,,,,,,,,,,,0.05017,0.0601
grafo3752.68,242,1301,,,24.1705,,,,,,,,,,0.083349,0.0754
grafo3757.40,222,1410,,,,,,,,,,,,,0.122266,0.1138
grafo3759.50,228,1983,,,,,,,,,,,,,0.084642,0.0836
grafo3773.60,486,3294,,,,,,,,,,,,,0.51174,0.2844
grafo3774.16,481,3460,,,,,,,,,,,,,0.538601,0.2976
grafo3778.13,373,1632,,,,,,,,,,,,,0.207595,0.1273
grafo3780.78,440,2655,,,,,,,,,,,,,0.317034,0.193
grafo3781.16,290,1795,,,,,,,,,,,,,0.113485,0.0964
grafo3783.90,348,1940,,,,,,,,,,,,,0.272119,0.1681
grafo3786.16,289,1737,,,,,,,,,,,,,0.133095,0.1065
grafo3789.97,246,1594,,,,,,,,,,,,,0.12884,0.106
grafo3796.44,191,1130,,,,,,,,,,,,,0.070004,0.0729
grafo3797.61,381,2315,,,,,,,,,,,,,0.239416,0.1522
grafo3805.13,305,1574,,,,,,,,,,,,,0.131293,0.0975
grafo3811.93,543,3264,,,,,,,,,,,,,0.598767,0.314
grafo3814.97,214,1249,,,,,,,,,,,,,0.082596,0.082
grafo3815.33,216,1288,,,,,,,,,,,,,0.102679,0.0939
grafo3822.53,439,1913,,,,,,,,,,,,,0.268872,0.1677
grafo3827.86,202,1496,,,,,,,,,,,,,0.123668,0.0985
grafo3828.35,215,885,,,,,,,,,,,,,0.04503,0.0424
grafo3833.58,185,1255,,,148.6005,,,,,,,,,,0.06961,0.0814
grafo3842.75,368,1607,,,,,,,,,,,,,0.181573,0.1104
grafo3843.13,490,3221,,,,,,,,,,,,,0.534021,0.2773
grafo3845.65,497,2505,,,,,,,,,,,,,0.464882,0.2206
grafo3850.68,361,2050,,,,,,,,,,,,,0.247011,0.1521
grafo3852.41,208,1200,,,,,,,,,,,,,0.071877,0.0758
grafo3859.16,216,1246,,,,,,,,,,,,,0.097311,0.0872
grafo3865.44,570,2259,,,,,,,,,,,,,0.464988,0.2119
grafo3870.18,392,2092,,,,,,,,,,,,,0.183848,0.1223
grafo3873.76,327,1662,,,,,,,,,,,,,0.195985,0.1508
grafo3877.98,313,1688,,,408.7437,,,,,,,,,,0.188063,0.1518
grafo3887.64,347,1792,,,,,,,,,,,,,0.243546,0.1594
grafo3888.22,447,2080,,,,,,,,,,,,,0.273048,0.1536
grafo3892.53,281,1360,,,,,,,,,,,,,0.157306,0.1078
grafo3904.49,248,1191,,,,,,,,,,,,,0.102005,0.0906
grafo3911.41,508,2523,,,,,,,,,,,,,0.411129,0.2081
grafo3912.98,220,1236,,,,,,,,,,,,,0.108257,0.103
grafo3914.99,269,1732,,,,,,,,,,,,,0.157228,0.1346
grafo3916.30,541,2986,,,,,,,,,,,,,0.51308,0.2354
grafo3917.74,451,2393,,,,,,,,,,,,,0.35694,0.1995
grafo3921.19,316,2446,,,timeout,,,,,,,,,,0.197084,0.1359
grafo3924.72,405,2138,,,,,,,,,,,,,0.213163,0.1245
grafo3926.77,334,2148,,,,,,,,,,,,,0.210629,0.1467
grafo3928.57,353,1909,,,,,,,,,,,,,0.23025,0.1351
grafo3930.46,442,2530,,,,,,,,,,,,,0.35354,0.1941
grafo3933.71,298,2195,,,,,,,,,,,,,0.16871,0.121
grafo3934.68,347,2208,,,,,,,,,,,,,0.333172,0.2082
grafo3941.49,430,2374,,,,,,,,,,,,,0.302161,0.1844
grafo3946.29,294,1451,,,,,,,,,,,,,0.14108,0.1046
grafo3948.56,179,1025,,,,,,,,,,,,,0.064438,0.0825
grafo3953.85,144,1136,,,,,,,,,,,,,0.043908,0.0647
grafo3955.34,354,2254,,,,,,,,,,,,,0.300172,0.1714
grafo3957.28,342,2109,,,424.0342,,,,,,,,,,0.245284,0.1625
grafo3962.86,244,1467,,,,,,,,,,,,,0.156183,0.1362
grafo3963.11,472,2680,,,,,,,,,,,,,0.391769,0.194
grafo3966.98,502,2980,,,,,,,,,,,,,0.407402,0.202
grafo3967.83,418,2501,,,,,,,,,,,,,0.399003,0.2113
grafo3968.58,332,1360,,,,,,,,,,,,,0.216887,0.1326
grafo3969.50,537,3243,,,,,,,,,,,,,0.670348,0.3132
grafo3971.17,313,2046,,,,,,,,,,,,,0.135887,0.1071
grafo3972.93,411,3520,,,,,,,,,,,,,0.342744,0.2002
grafo3978.44,250,1274,,,,,,,,,,,,,0.095794,0.0741
grafo3980.12,216,1084,,,12.8724,,,,,,,,,,0.067583,0.0636
grafo3986.13,133,1294,,,,,,,,,,,,,0.04538,0.0628
grafo3987.62,305,1775,,,,,,,,,,,,,0.182221,0.1337
grafo3990.27,388,1542,,,,,,,,,,,,,0.196577,0.1199
grafo3991.21,448,2641,,,,,,,,,,,,,0.396422,0.1966
grafo3993.33,298,1944,,,,,,,,,,,,,0.147872,0.107
grafo3996.89,434,1893,,,472.6557,,,,,,,,,,0.362344,0.2027
grafo3998.50,349,2415,,,,,,,,,,,,,0.205295,0.1343
grafo3999.88,410,2332,,,,,,,,,,,,,0.309664,0.1972
grafo4006.66,210,1475,,,,,,,,,,,,,0.081993,0.0875
grafo4008.96,539,3138,,,,,,,,,,,,,0.568735,0.2674
grafo4010.20,461,2431,,,,,,,,,,,,,0.314663,0.1876
grafo4011.91,446,3132,,,,,,,,,,,,,0.450809,0.237
grafo4012.86,152,1114,,,,,,,,,,,,,0.027963,0.0415
grafo4017.28,602,3136,,,,,,,,,,,,,0.666275,0.3175
grafo4018.100,436,3103,,,,,,,,,,,,,0.413206,0.2309
grafo4019.63,424,2666,,,,,,,,,,,,,0.41285,0.2175
grafo4020.29,301,1983,,,,,,,,,,,,,0.141394,0.1083
grafo4021.32,232,1520,,,,,,,,,,,,,0.10506,0.0888
grafo4023.39,266,1896,,,,,,,,,,,,,0.080223,0.0762
grafo4024.11,223,1269,,,,,,,,,,,,,0.123371,0.1056
grafo4029.55,323,2062,,,,,,,,,,,,,0.20453,0.1488
grafo4030.18,281,1607,,,,,,,,,,,,,0.105276,0.0856
grafo4035.10,225,1120,,,,,,,,,,,,,0.069411,0.0661
grafo4037.24,388,1531,,,266.3349,,,,,,,,,,0.213772,0.1291
grafo4041.54,315,2078,,,,,,,,,,,,,0.178568,0.1282
grafo4045.88,203,1428,,,,,,,,,,,,,0.110919,0.1075
grafo4046.82,549,3192,,,,,,,,,,,,,0.63264,0.2853
grafo4050.14,485,2063,,,timeout,,,,,,,,,,0.424576,0.2017
grafo4054.80,392,2514,,,,,,,,,,,,,0.26368,0.1571
grafo4056.95,221,1220,,,,,,,,,,,,,0.092772,0.0827
grafo4063.29,277,1286,,,,,,,,,,,,,0.111504,0.0948
grafo4066.33,446,2475,,,timeout,,,,,,,,,,0.272594,0.1537
grafo4078.86,241,1326,,,,,,,,,,,,,0.097824,0.0831
grafo4081.11,157,1245,,,,,,,,,,,,,0.065484,0.0799
grafo4086.64,213,1520,,,,,,,,,,,,,0.087882,0.0766
grafo4090.99,487,2774,,,,,,,,,,,,,0.346578,0.1851
grafo4093.92,416,2541,,,,,,,,,,,,,0.275271,0.1735
grafo4095.72,365,1858,,,,,,,,,,,,,0.255319,0.1466
grafo4097.92,499,2970,,,,,,,,,,,,,0.450617,0.2283
grafo4100.65,242,1128,,,,,,,,,,,,,0.091789,0.084
grafo4102.55,381,1824,,,545.5683,,,,,,,,,,0.318373,0.182
grafo4104.79,203,1269,,,,,,,,,,,,,0.076232,0.0688
grafo4105.66,490,3095,,,timeout,,,,,,,,,,0.52507,0.2747
grafo4110.69,282,1283,,,,,,,,,,,,,0.112365,0.0864
grafo4111.41,454,2428,,,,,,,,,,,,,0.322597,0.1881
grafo4112.12,236,1602,,,,,,,,,,,,,0.084604,0.0854
grafo4122.93,346,2204,,,,,,,,,,,,,0.216442,0.1443
grafo4133.48,497,2372,,,,,,,,,,,,,0.384715,0.1995
grafo4140.87,372,2220,,,timeout,,,,,,,,,,0.200646,0.1292
grafo4146.91,398,2027,,,,,,,,,,,,,0.259857,0.1446
grafo4150.13,277,1397,,,,,,,,,,,,,0.167984,0.1709
grafo4151.55,567,3243,,,,,,,,,,,,,0.686526,0.2922
grafo4154.78,225,1159,,,,,,,,,,,,,0.081267,0.0788
grafo4158.23,265,2093,,,,,,,,,,,,,0.191787,0.1461
grafo4159.38,428,2672,,,,,,,,,,,,,0.365651,0.2286
grafo4161.95,424,2591,,,,,,,,,,,,,0.253629,0.1555
grafo4165.45,330,2073,,,timeout,,,,,,,,,,0.192054,0.1289
grafo4166.19,391,1855,,,,,,,,,,,,,0.261771,0.1617
grafo4173.34,267,1538,,,,,,,,,,,,,0.108535,0.0888
grafo4174.83,302,1354,,,,,,,,,,,,,0.113184,0.0923
grafo4179.83,350,1889,,,,,,,,,,,,,0.235336,0.1462
grafo4181.17,464,3051,,,,,,,,,,,,,0.366411,0.2011
grafo4182.75,199,1537,,,,,,,,,,,,,0.052666,0.0609
grafo4185.45,402,1546,,,,,,,,,,,,,0.226793,0.137
grafo4188.76,508,2831,,,,,,,,,,,,,0.511444,0.2302
grafo4189.27,501,3051,,,timeout,,,,,,,,,,0.52235,0.2723
grafo4192.68,449,2103,,,,,,,,,,,,,0.331293,0.1705
grafo4196.99,388,2368,,,,,,,,,,,,,0.224055,0.1511
grafo4197.76,357,2172,,,timeout,,,,,,,,,,0.214046,0.1362
grafo4202.93,353,2243,,,,,,,,,,,,,0.276457,0.1613
grafo4206.82,147,888,,,,,,,,,,,,,0.029371,0.0404
grafo4210.64,575,3182,,,,,,,,,,,,,0.667299,0.3146
grafo4214.49,474,2409,,,,,,,,,,,,,0.331257,0.1873
grafo4216.55,468,2423,,,,,,,,,,,,,0.427476,0.2288
grafo4217.48,322,1309,,,,,,,,,,,,,0.132095,0.0955
grafo4218.85,171,1296,,,,,,,,,,,,,0.059626,0.0689
grafo4219.46,500,2270,,,,,,,,,,,,,0.429619,0.2262
grafo4228.52,166,1344,,,,,,,,,,,,,0.063467,0.07
grafo4230.65,346,1474,,,,,,,,,,,,,0.147476,0.0972
grafo4233.72,498,2923,,,timeout,,,,,,,,,,0.431595,0.2206
grafo4235.39,407,1988,,,,,,,,,,,,,0.305205,0.1758
grafo4236.41,416,2128,,,,,,,,,,,,,0.343879,0.1844
grafo4240.88,350,1828,,,,,,,,,,,,,0.273178,0.1599
grafo4250.43,285,1598,,,,,,,,,,,,,0.126248,0.1003
grafo4255.40,174,1171,,,,,,,,,,,,,0.048521,0.049
grafo4261.94,299,1405,,,,,,,,,,,,,0.129359,0.1022
grafo4270.91,168,1487,,,,,,,,,,,,,0.081158,0.0797
grafo4273.72,462,2512,,,,,,,,,,,,,0.53616,0.2734
grafo4275.94,198,1113,,,,,,,,,,,,,0.07279,0.0723
grafo4276.25,394,2700,,,,,,,,,,,,,0.292139,0.1749
grafo4280.34,369,1704,,,,,,,,,,,,,0.202199,0.1229
grafo4283.25,262,1972,,,,,,,,,,,,,0.14863,0.1291
grafo4286.84,444,2295,,,,,,,,,,,,,0.380821,0.1844
grafo4293.85,333,1695,,,,,,,,,,,,,0.232575,0.1574
grafo4298.27,445,2838,,,,,,,,,,,,,0.383654,0.2115
grafo4304.33,326,2384,,,,,,,,,,,,,0.228038,0.1627
grafo4310.80,422,2162,,,,,,,,,,,,,0.254285,0.1579
grafo4316.10,431,2546,,,,,,,,,,,,,0.327663,0.1873
grafo4318.16,352,2479,,,,,,,,,,,,,0.293419,0.1837
grafo4321.41,296,2063,,,,,,,,,,,,,0.128831,0.1023
grafo4323.58,258,1125,,,,,,,,,,,,,0.097167,0.0814
grafo4332.14,358,1880,,,,,,,,,,,,,0.269193,0.1902
grafo4338.37,286,924,,,2.9118,,,,,,,,,,0.077466,0.0645
grafo4344.42,454,3024,,,,,,,,,,,,,0.418234,0.2311
grafo4346.54,428,2349,,,timeout,,,,,,,,,,0.330377,0.1932
grafo4349.89,562,2670,,,,,,,,,,,,,0.623109,0.2614
grafo4350.69,463,2726,,,,,,,,,,,,,0.441374,0.2289
grafo4354.16,470,2995,,,timeout,,,,,,,,,,0.392791,0.2044
grafo4362.23,176,1498,,,,,,,,,,,,,0.086897,0.0904
grafo4364.21,372,2424,,,timeout,,,,,,,,,,0.28366,0.1812
grafo4372.59,290,2253,,,,,,,,,,,,,0.248001,0.1672
grafo4379.27,326,1687,,,,,,,,,,,,,0.175934,0.1184
grafo4388.92,457,2991,,,,,,,,,,,,,0.417847,0.2227
grafo4391.67,299,2836,,,,,,,,,,,,,0.248192,0.1692
grafo4394.95,367,2184,,,timeout,,,,,,,,,,0.243341,0.1567
grafo4395.15,401,1864,,,,,,,,,,,,,0.226679,0.142
grafo4404.34,444,2666,,,,,,,,,,,,,0.352797,0.2066
grafo4406.70,468,2465,,,,,,,,,,,,,0.416041,0.2152
grafo4415.70,536,3287,,,,,,,,,,,,,0.666125,0.3332
grafo4425.23,348,2199,,,,,,,,,,,,,0.264674,0.1883
grafo4426.40,447,3139,,,,,,,,,,,,,0.484881,0.2834
grafo4432.96,329,1919,,,,,,,,,,,,,0.181169,0.1299
grafo4433.45,325,2777,,,,,,,,,,,,,0.193127,0.1386
grafo4434.53,469,3088,,,,,,,,,,,,,0.465427,0.2505
grafo4435.91,451,3008,,,,,,,,,,,,,0.513221,0.2676
grafo4439.96,200,1661,,,,,,,,,,,,,0.068859,0.0701
grafo4442.31,303,1214,,,,,,,,,,,,,0.156976,0.1107
grafo4445.31,180,1471,,,30.4462,,,,,,,,,,0.10055,0.0933
grafo4447.50,293,1787,,,,,,,,,,,,,0.135607,0.1085
grafo4449.51,458,2722,,,,,,,,,,,,,0.392934,0.209
grafo4450.40,250,1472,,,,,,,,,,,,,0.143944,0.1191
grafo4451.74,183,931,,,,,,,,,,,,,0.041461,0.0448
grafo4452.12,149,1288,,,,,,,,,,,,,0.028874,0.0382
grafo4457.59,315,1838,,,,,,,,,,,,,0.213967,0.1567
grafo4460.76,428,2116,,,timeout,,,,,,,,,,0.249595,0.1534
grafo4467.98,206,1226,,,,,,,,,,,,,0.072999,0.0704
grafo4469.63,299,1309,,,,,,,,,,,,,0.161066,0.1112
grafo4470.87,386,2672,,,,,,,,,,,,,0.338505,0.2004
grafo4471.55,499,2690,,,timeout,,,,,,,,,,0.482431,0.2337
grafo4474.38,477,2865,,,timeout,,,,,,,,,,0.38857,0.2253
grafo4475.11,165,1318,,,261.2631,,,,,,,,,,0.05129,0.0575
grafo4477.36,179,1189,,,,,,,,,,,,,0.057397,0.0581
grafo4481.64,361,2022,,,,,,,,,,,,,0.293697,0.1769
grafo4483.89,306,2020,,,,,,,,,,,,,0.212036,0.1577
grafo4486.92,366,1997,,,,,,,,,,,,,0.275104,0.1664
grafo4496.96,242,1560,,,,,,,,,,,,,0.142005,0.1315
grafo4497.81,315,1371,,,,,,,,,,,,,0.183509,0.118
grafo4501.93,352,2684,,,timeout,,,,,,,,,,0.263167,0.1745
grafo4503.98,420,2118,,,,,,,,,,,,,0.322449,0.1897
grafo4512.70,454,2409,,,,,,,,,,,,,0.412184,0.2143
grafo4515.49,250,1848,,,,,,,,,,,,,0.100198,0.0861
grafo4517.56,528,3614,,,,,,,,,,,,,0.617579,0.307
grafo4522.63,267,1330,,,,,,,,,,,,,0.146865,0.1057
grafo4525.11,377,1976,,,,,,,,,,,,,0.245848,0.1552
grafo4533.88,498,2421,,,,,,,,,,,,,0.384445,0.2017
grafo4538.40,380,2368,,,,,,,,,,,,,0.278447,0.17
grafo4549.53,374,2844,,,,,,,,,,,,,0.293299,0.1773
grafo4550.63,418,2557,,,timeout,,,,,,,,,,0.385562,0.2125
grafo4551.53,298,1601,,,timeout,,,,,,,,,,0.150124,0.1114
grafo4558.90,276,2061,,,,,,,,,,,,,0.175458,0.1247
grafo4560.30,250,1659,,,timeout,,,,,,,,,,0.11138,0.0924
grafo4562.91,425,2192,,,,,,,,,,,,,0.22098,0.1205
grafo4565.32,191,1094,,,,,,,,,,,,,0.055327,0.0614
grafo4569.16,485,2774,,,,,,,,,,,,,0.422147,0.2283
grafo4571.33,433,2065,,,timeout,,,,,,,,,,0.304292,0.155
grafo4575.79,199,1448,,,,,,,,,,,,,0.071427,0.0687
grafo4576.80,296,2192,,,,,,,,,,,,,0.170794,0.1221
grafo4577.37,125,1363,,,,,,,,,,,,,0.039028,0.0547
grafo4579.50,512,2587,,,,,,,,,,,,,0.461507,0.2126
grafo4586.63,357,2368,,,,,,,,,,,,,0.217125,0.1638
grafo4594.83,535,2948,,,,,,,,,,,,,0.422744,0.2017
grafo4597.83,358,2343,,,timeout,,,,,,,,,,0.258306,0.167
grafo4598.32,293,1313,,,,,,,,,,,,,0.120013,0.0924
grafo4599.20,201,1520,,,26.1894,,,,,,,,,,0.106554,0.1022
grafo4600.30,349,1804,,,,,,,,,,,,,0.235401,0.1388
grafo4604.53,446,2259,,,,,,,,,,,,,0.381582,0.1972
grafo4605.37,597,3131,,,,,,,,,,,,,0.680701,0.2844
grafo4606.88,420,2099,,,,,,,,,,,,,0.237647,0.1435
grafo4608.61,285,1409,,,,,,,,,,,,,0.159366,0.1234
grafo4612.75,235,1087,,,,,,,,,,,,,0.108093,0.1023
grafo4616.44,218,1209,,,,,,,,,,,,,0.075748,0.0736
grafo4619.60,198,1285,,,,,,,,,,,,,0.114841,0.1061
grafo4620.72,457,2039,,,,,,,,,,,,,0.329561,0.1788
grafo4626.78,305,2102,,,,,,,,,,,,,0.228601,0.1478
grafo4630.36,185,1075,,,,,,,,,,,,,0.041449,0.0466
grafo4632.76,376,2437,,,,,,,,,,,,,0.211129,0.1423
grafo4633.23,411,3347,,,,,,,,,,,,,0.413092,0.2305
grafo4638.100,387,2715,,,,,,,,,,,,,0.274968,0.198
grafo4642.19,181,1466,,,,,,,,,,,,,0.090042,0.0967
grafo4643.71,430,2230,,,,,,,,,,,,,0.282382,0.1711
grafo4652.96,188,1056,,,,,,,,,,,,,0.066987,0.0801
grafo4654.29,514,3174,,,timeout,,,,,,,,,,0.424783,0.2344
grafo4657.39,409,3265,,,,,,,,,,,,,0.338426,0.2071
grafo4658.43,430,1790,,,,,,,,,,,,,0.300222,0.1673
grafo4662.71,265,1299,,,,,,,,,,,,,0.127225,0.103
grafo4663.57,111,1467,,,,,,,,,,,,,0.040335,0.0595
grafo4664.60,230,1500,,,,,,,,,,,,,0.144328,0.1273
grafo4666.39,352,2013,,,,,,,,,,,,,0.163417,0.1086
grafo4669.62,431,2761,,,,,,,,,,,,,0.375023,0.2172
grafo4671.88,165,1313,,,,,,,,,,,,,0.042872,0.0574
grafo4673.89,144,1306,,,,,,,,,,,,,0.044996,0.0586
grafo4677.15,173,1464,,,,,,,,,,,,,0.068728,0.0676
grafo4681.38,444,2349,,,timeout,,,,,,,,,,0.300306,0.1783
grafo4683.91,562,2626,,,,,,,,,,,,,0.618406,0.564
grafo4691.93,168,1274,,,,,,,,,,,,,0.044121,0.055
grafo4694.21,545,2869,,,,,,,,,,,,,0.411913,0.2144
grafo4701.91,295,1848,,,,,,,,,,,,,0.210625,0.1582
grafo4702.48,489,2514,,,,,,,,,,,,,0.429998,0.227
grafo4704.19,511,2860,,,,,,,,,,,,,0.546322,0.2658
grafo4711.87,215,1507,,,,,,,,,,,,,0.146863,0.1278
grafo4716.29,341,1585,,,,,,,,,,,,,0.190435,0.1322
grafo4717.76,189,1568,,,,,,,,,,,,,0.075063,0.0741
grafo4719.25,474,2604,,,,,,,,,,,,,0.379796,0.2014
grafo4721.95,595,2889,,,,,,,,,,,,,0.684505,0.2875
grafo4732.83,627,3262,,,,,,,,,,,,,0.799967,0.353
grafo4734.87,395,3238,,,,,,,,,,,,,0.324906,0.1986
grafo4736.82,569,2474,,,,,,,,,,,,,0.54312,0.2542
grafo4740.44,411,2701,,,timeout,,,,,,,,,,0.34901,0.2212
grafo4749.98,242,1173,,,,,,,,,,,,,0.090392,0.0785
grafo4751.26,436,1978,,,,,,,,,,,,,0.259447,0.1513
grafo4752.34,249,890,,,,,,,,,,,,,0.067734,0.0573
grafo4755.91,521,3203,,,,,,,,,,,,,0.574582,0.2839
grafo4758.93,293,1287,,,,,,,,,,,,,0.123103,0.0913
grafo4768.86,471,2652,,,,,,,,,,,,,0.500874,0.2465
grafo4769.58,211,1380,,,,,,,,,,,,,0.086332,0.0768
grafo4770.48,300,1454,,,,,,,,,,,,,0.117255,0.0937
grafo4771.15,339,2612,,,,,,,,,,,,,0.197117,0.1291
grafo4773.73,468,3115,,,,,,,,,,,,,0.422634,0.2324
grafo4778.37,443,3087,,,,,,,,,,,,,0.44649,0.2678
grafo4781.54,440,2250,,,,,,,,,,,,,0.260561,0.1518
grafo4786.61,471,2642,,,,,,,,,,,,,0.470115,0.259
grafo4787.21,413,2599,,,,,,,,,,,,,0.38926,0.2412
grafo4788.35,328,1925,,,,,,,,,,,,,0.205664,0.1402
grafo4789.68,236,983,,,,,,,,,,,,,0.059186,0.0551
grafo4790.92,291,1481,,,,,,,,,,,,,0.196284,0.1478
grafo4791.16,212,1137,,,59.2589,,,,,,,,,,0.050185,0.0522
grafo4793.47,247,1345,,,,,,,,,,,,,0.091961,0.0832
grafo4797.38,408,1749,,,,,,,,,,,,,0.239344,0.1346
grafo4800.94,371,1616,,,,,,,,,,,,,0.181938,0.1138
grafo4803.55,297,1334,,,,,,,,,,,,,0.183326,0.1199
grafo4808.45,260,1956,,,,,,,,,,,,,0.139563,0.112
grafo4809.30,346,1739,,,,,,,,,,,,,0.210291,0.1397
grafo4812.27,524,2905,,,timeout,,,,,,,,,,0.538347,0.258
grafo4819.31,253,873,,,,,,,,,,,,,0.078163,0.0678
grafo4820.80,460,2452,,,,,,,,,,,,,0.384846,0.2111
grafo4822.53,353,1792,,,,,,,,,,,,,0.223399,0.143
grafo4824.93,179,1171,,,,,,,,,,,,,0.056399,0.0657
grafo4828.64,186,1093,,,,,,,,,,,,,0.056133,0.0614
grafo4831.36,346,1936,,,,,,,,,,,,,0.256337,0.1568
grafo4832.72,204,1215,,,,,,,,,,,,,0.089763,0.0875
grafo4837.29,395,2411,,,,,,,,,,,,,0.280458,0.1766
grafo4838.73,237,1405,,,,,,,,,,,,,0.071108,0.0685
grafo4841.77,548,3712,,,timeout,,,,,,,,,,0.685951,0.3184
grafo4842.39,442,2259,,,timeout,,,,,,,,,,0.332927,0.1863
grafo4843.99,502,3334,,,,,,,,,,,,,0.576805,0.2863
grafo4856.53,414,3179,,,,,,,,,,,,,0.307767,0.1933
grafo4857.27,252,1191,,,,,,,,,,,,,0.099014,0.079
grafo4871.51,339,1989,,,,,,,,,,,,,0.289125,0.1684
grafo4872.95,436,3055,,,,,,,,,,,,,0.360404,0.1991
grafo4877.85,316,1630,,,,,,,,,,,,,0.159126,0.1229
grafo4878.64,533,3108,,,,,,,,,,,,,0.53043,0.2777
grafo4880.40,192,1348,,,,,,,,,,,,,0.073774,0.0764
grafo4881.54,229,1146,,,,,,,,,,,,,0.04902,0.0486
grafo4886.22,352,2237,,,,,,,,,,,,,0.27871,0.185
grafo4903.81,210,926,,,,,,,,,,,,,0.060421,0.0642
grafo4906.97,383,1684,,,,,,,,,,,,,0.202146,0.1292
grafo4907.15,499,2238,,,,,,,,,,,,,0.371798,0.2033
grafo4908.56,299,1369,,,,,,,,,,,,,0.204591,0.1368
grafo4913.22,421,2816,,,,,,,,,,,,,0.354927,0.1893
grafo4915.62,502,2593,,,,,,,,,,,,,0.54684,0.2663
grafo4920.66,354,2467,,,,,,,,,,,,,0.26656,0.1646
grafo4931.41,304,2030,,,,,,,,,,,,,0.220791,0.15
grafo4935.75,565,3310,,,,,,,,,,,,,0.708955,0.3168
grafo4937.77,469,3006,,,,,,,,,,,,,0.474953,0.2454
grafo4943.78,377,1825,,,,,,,,,,,,,0.211182,0.1307
grafo4944.36,287,1979,,,543.6636,,,,,,,,,,0.145544,0.1122
grafo4946.67,462,2581,,,,,,,,,,,,,0.359286,0.1914
grafo4947.44,279,1390,,,,,,,,,,,,,0.14671,0.0965
grafo4948.71,204,1301,,,,,,,,,,,,,0.061064,0.0591
grafo4953.45,320,2213,,,timeout,,,,,,,,,,0.233831,0.168
grafo4961.77,422,2320,,,,,,,,,,,,,0.294775,0.1744
grafo4963.48,230,1994,,,,,,,,,,,,,0.098744,0.0911
grafo4971.68,307,1636,,,,,,,,,,,,,0.146511,0.1058
grafo4980.96,262,1852,,,timeout,,,,,,,,,,0.109077,0.089
grafo4989.62,309,1862,,,,,,,,,,,,,0.184884,0.1345
grafo4991.75,304,1797,,,,,,,,,,,,,0.149284,0.1193
grafo4992.30,251,1262,,,,,,,,,,,,,0.127469,0.1027
grafo4994.35,203,986,,,,,,,,,,,,,0.06148,0.0603
grafo5001.54,158,1236,,,,,,,,,,,,,0.046909,0.0559
grafo5005.89,389,1792,,,,,,,,,,,,,0.255491,0.1631
grafo5006.51,344,1685,,,,,,,,,,,,,0.138998,0.1034
grafo5014.77,399,2602,,,timeout,,,,,,,,,,0.377648,0.2212
grafo5015.22,263,2001,,,,,,,,,,,,,0.093246,0.0847
grafo5020.33,481,2593,,,,,,,,,,,,,0.329586,0.185
grafo5030.27,397,2328,,,,,,,,,,,,,0.283281,0.1766
grafo5034.67,238,1552,,,,,,,,,,,,,0.117543,0.0861
grafo5035.58,408,2710,,,,,,,,,,,,,0.427568,0.2452
grafo5037.25,270,1556,,,,,,,,,,,,,0.085859,0.0805
grafo5038.70,236,1775,,,,,,,,,,,,,0.102064,0.0955
grafo5041.83,451,2373,,,,,,,,,,,,,0.369271,0.2111
grafo5049.31,405,1976,,,,,,,,,,,,,0.231065,0.131
grafo5051.57,276,1279,,,,,,,,,,,,,0.161992,0.1243
grafo5052.51,428,3473,,,,,,,,,,,,,0.42468,0.2527
grafo5056.84,300,1638,,,,,,,,,,,,,0.155706,0.1164
grafo5057.93,445,1882,,,,,,,,,,,,,0.368125,0.1966
grafo5061.27,309,2130,,,,,,,,,,,,,0.186337,0.1232
grafo5062.35,463,2162,,,,,,,,,,,,,0.250362,0.137
grafo5066.63,478,2318,,,,,,,,,,,,,0.387489,0.2261
grafo5069.21,446,2829,,,,,,,,,,,,,0.33417,0.1767
grafo5078.42,519,3158,,,,,,,,,,,,,0.573832,0.2727
grafo5082.93,459,2526,,,,,,,,,,,,,0.452492,0.2248
grafo5086.41,359,2197,,,,,,,,,,,,,0.22158,0.1585
grafo5097.71,251,929,,,,,,,,,,,,,0.04486,0.0441
grafo5100.88,369,3112,,,,,,,,,,,,,0.314223,0.186
grafo5103.51,221,1192,,,9.4817,,,,,,,,,,0.08291,0.0788
grafo5104.87,383,2061,,,,,,,,,,,,,0.231988,0.1517
grafo5105.61,405,2556,,,,,,,,,,,,,0.309463,0.1878
grafo5109.22,273,2068,,,,,,,,,,,,,0.187911,0.1431
grafo5113.25,481,2340,,,,,,,,,,,,,0.41441,0.2091
grafo5116.23,352,1942,,,,,,,,,,,,,0.180776,0.1332
grafo5121.54,379,2293,,,,,,,,,,,,,0.284876,0.1788
grafo5122.70,293,1311,,,,,,,,,,,,,0.135756,0.1007
grafo5123.36,513,2745,,,,,,,,,,,,,0.462162,0.2268
grafo5133.86,507,2745,,,,,,,,,,,,,0.570179,0.2621
grafo5135.76,202,1318,,,16.7767,,,,,,,,,,0.059436,0.0592
grafo5138.52,468,2122,,,,,,,,,,,,,0.269101,0.1473
grafo5139.10,156,1049,,,,,,,,,,,,,0.039072,0.0515
grafo5141.27,213,1014,,,,,,,,,,,,,0.054562,0.0589
grafo5143.45,211,1066,,,,,,,,,,,,,0.051233,0.0538
grafo5150.59,333,1897,,,,,,,,,,,,,0.188629,0.1316
grafo5153.13,540,2904,,,,,,,,,,,,,0.503395,0.2289
grafo5160.54,265,1709,,,272.0503,,,,,,,,,,0.126666,0.114
grafo5161.42,412,1886,,,,,,,,,,,,,0.254435,0.1508
grafo5162.33,236,1169,,,,,,,,,,,,,0.075814,0.0698
grafo5163.14,233,1251,,,,,,,,,,,,,0.097216,0.0848
grafo5167.80,224,1511,,,,,,,,,,,,,0.091417,0.0833
grafo5170.13,463,2234,,,,,,,,,,,,,0.374572,0.2013
grafo5172.23,239,1356,,,,,,,,,,,,,0.108059,0.0849
grafo5176.83,483,3123,,,,,,,,,,,,,0.47086,0.3218
grafo5180.90,369,1294,,,,,,,,,,,,,0.145792,0.0949
grafo5182.98,420,2480,,,,,,,,,,,,,0.304214,0.178
grafo5183.87,454,2685,,,,,,,,,,,,,0.436118,0.2192
grafo5185.99,607,3201,,,,,,,,,,,,,0.659855,0.2967
grafo5191.88,250,1383,,,,,,,,,,,,,0.086388,0.0762
grafo5196.24,420,2236,,,,,,,,,,,,,0.406865,0.2118
grafo5205.45,458,2662,,,,,,,,,,,,,0.364453,0.2156
grafo5207.33,295,1299,,,,,,,,,,,,,0.084662,0.0669
grafo5211.98,306,1852,,,,,,,,,,,,,0.203578,0.1566
grafo5215.45,339,1409,,,timeout,,,,,,,,,,0.105589,0.0836
grafo5219.66,486,3019,,,,,,,,,,,,,0.40772,0.2164
grafo5220.69,426,1945,,,,,,,,,,,,,0.317427,0.1777
grafo5229.55,215,1153,,,,,,,,,,,,,0.071503,0.0663
grafo5237.53,554,2809,,,,,,,,,,,,,0.547677,0.2469
grafo5238.70,242,1992,,,,,,,,,,,,,0.135551,0.1117
grafo5239.50,232,1745,,,,,,,,,,,,,0.082573,0.0875
grafo5243.85,489,3339,,,,,,,,,,,,,0.502796,0.2783
grafo5247.98,312,2000,,,,,,,,,,,,,0.22726,0.1449
grafo5250.22,532,3076,,,,,,,,,,,,,0.500037,0.241
grafo5252.21,227,1308,,,,,,,,,,,,,0.061436,0.0628
grafo5253.19,437,2652,,,,,,,,,,,,,0.43488,0.2259
grafo5254.35,449,2969,,,,,,,,,,,,,0.44603,0.2605
grafo5255.21,302,894,,,,,,,,,,,,,0.104652,0.0693
grafo5268.36,471,2678,,,,,,,,,,,,,0.345053,0.1972
grafo5269.88,379,1966,,,,,,,,,,,,,0.239995,0.1367
grafo5270.35,134,972,,,,,,,,,,,,,0.023881,0.0359
grafo5279.60,483,2974,,,timeout,,,,,,,,,,0.388377,0.1974
grafo5280.39,374,1663,,,,,,,,,,,,,0.185437,0.1289
grafo5283.52,159,1178,,,9.3006,,,,,,,,,,0.043814,0.0576
grafo5288.20,331,2048,,,,,,,,,,,,,0.186497,0.1204
grafo5298.67,415,2081,,,,,,,,,,,,,0.273374,0.1508
grafo5302.23,297,1361,,,,,,,,,,,,,0.168736,0.1111
grafo5313.50,188,1374,,,,,,,,,,,,,0.071018,0.0719
grafo5321.31,328,1464,,,,,,,,,,,,,0.200079,0.2095
grafo5326.68,283,1934,,,,,,,,,,,,,0.167444,0.1209
grafo5332.74,317,1498,,,,,,,,,,,,,0.166319,0.1193
grafo5334.84,466,2529,,,,,,,,,,,,,0.42539,0.215
grafo5336.100,203,1036,,,,,,,,,,,,,0.062262,0.0607
grafo5338.36,301,1689,,,,,,,,,,,,,0.192882,0.1484
grafo5341.93,365,1797,,,,,,,,,,,,,0.22529,0.143
grafo5350.97,324,1887,,,,,,,,,,,,,0.205559,0.1349
grafo5353.23,477,2944,,,,,,,,,,,,,0.432743,0.2286
grafo5354.27,393,1845,,,,,,,,,,,,,0.241465,0.1389
grafo5355.33,166,1337,,,,,,,,,,,,,0.06149,0.0707
grafo5358.78,349,2542,,,,,,,,,,,,,0.21591,0.1395
grafo5360.76,452,2417,,,,,,,,,,,,,0.301676,0.1688
grafo5362.23,472,2675,,,,,,,,,,,,,0.442731,0.2314
grafo5367.26,377,2154,,,,,,,,,,,,,0.311504,0.1854
grafo5369.30,485,2583,,,,,,,,,,,,,0.444972,0.2428
grafo5372.73,307,1799,,,,,,,,,,,,,0.193379,0.1342
grafo5377.100,360,1966,,,,,,,,,,,,,0.167281,0.1139
grafo5379.58,500,3888,,,timeout,,,,,,,,,,0.63052,0.3391
grafo5380.74,360,1711,,,,,,,,,,,,,0.223924,0.1494
grafo5391.68,490,2752,,,,,,,,,,,,,0.508012,0.2682
grafo5395.94,376,1889,,,,,,,,,,,,,0.266181,0.1517
grafo5396.59,471,2861,,,,,,,,,,,,,0.409931,0.2057
grafo5404.60,216,1621,,,,,,,,,,,,,0.099006,0.0946
grafo5410.84,521,3467,,,,,,,,,,,,,0.592131,0.298
grafo5413.27,286,1093,,,17.2278,,,,,,,,,,0.076177,0.0569
grafo5414.91,239,1381,,,,,,,,,,,,,0.11497,0.0922
grafo5421.28,300,1874,,,,,,,,,,,,,0.189433,0.1382
grafo5425.20,206,1359,,,,,,,,,,,,,0.06158,0.0639
grafo5427.51,179,1078,,,,,,,,,,,,,0.05503,0.0633
grafo5429.48,364,2925,,,,,,,,,,,,,0.301584,0.1809
grafo5434.47,430,2866,,,,,,,,,,,,,0.439063,0.2546
grafo5443.68,199,1864,,,,,,,,,,,,,0.087067,0.0899
grafo5444.69,256,1306,,,,,,,,,,,,,0.090647,0.0764
grafo5448.80,114,1486,,,,,,,,,,,,,0.03901,0.0626
grafo5452.10,408,2648,,,,,,,,,,,,,0.433121,0.2479
grafo5453.37,466,2656,,,,,,,,,,,,,0.406463,0.2048
grafo5454.96,429,2745,,,,,,,,,,,,,0.294943,0.176
grafo5455.35,242,1332,,,,,,,,,,,,,0.110239,0.0844
grafo5459.51,279,1874,,,,,,,,,,,,,0.148331,0.1343
grafo5463.33,313,1394,,,,,,,,,,,,,0.145686,0.1127
grafo5470.30,532,2808,,,,,,,,,,,,,0.47632,0.2335
grafo5472.46,396,2376,,,,,,,,,,,,,0.279316,0.1868
grafo5473.81,247,1230,,,,,,,,,,,,,0.080878,0.079
grafo5474.21,297,1989,,,,,,,,,,,,,0.209885,0.14
grafo5475.30,341,2571,,,,,,,,,,,,,0.273113,0.1776
grafo5478.10,301,1750,,,,,,,,,,,,,0.150751,0.1115
grafo5481.16,505,3194,,,,,,,,,,,,,0.555321,0.2898
grafo5483.64,196,986,,,,,,,,,,,,,0.054163,0.059
grafo5496.51,251,1293,,,,,,,,,,,,,0.100432,0.0928
grafo5500.85,218,1022,,,,,,,,,,,,,0.07363,0.072
grafo5501.21,306,1823,,,,,,,,,,,,,0.160818,0.118
grafo5503.11,544,2240,,,,,,,,,,,,,0.403849,0.1975
grafo5509.35,272,2791,,,,,,,,,,,,,0.17575,0.1421
grafo5513.89,292,2156,,,,,,,,,,,,,0.167849,0.1314
grafo5519.21,227,1109,,,,,,,,,,,,,0.091527,0.0757
grafo5521.15,348,2419,,,,,,,,,,,,,0.218057,0.1624
grafo5524.53,418,2724,,,,,,,,,,,,,0.324292,0.1906
grafo5525.65,390,2509,,,,,,,,,,,,,0.259411,0.1634
grafo5538.60,193,1448,,,,,,,,,,,,,0.08857,0.0808
grafo5539.70,208,1237,,,,,,,,,,,,,0.081201,0.0763
grafo5540.36,299,1342,,,,,,,,,,,,,0.119581,0.0906
grafo5542.31,356,1647,,,,,,,,,,,,,0.171632,0.1126
grafo5546.73,208,986,,,,,,,,,,,,,0.077798,0.0783
grafo5547.83,504,2243,,,,,,,,,,,,,0.433896,0.2213
grafo5556.77,308,1254,,,14.7002,,,,,,,,,,0.152185,0.1065
grafo5560.38,198,1131,,,,,,,,,,,,,0.058843,0.0648
grafo5561.11,229,1292,,,,,,,,,,,,,0.075109,0.0657
grafo5564.33,243,1460,,,16.0592,,,,,,,,,,0.130428,0.1094
grafo5570.74,182,969,,,,,,,,,,,,,0.045891,0.0557
grafo5582.31,334,1889,,,,,,,,,,,,,0.247219,0.1726
grafo5587.58,308,1832,,,,,,,,,,,,,0.127747,0.0944
grafo5591.79,408,2333,,,,,,,,,,,,,0.276941,0.1831
grafo5593.47,478,2609,,,timeout,,,,,,,,,,0.45728,0.2328
grafo5602.68,276,1297,,,,,,,,,,,,,0.144925,0.1022
grafo5607.60,196,864,,,,,,,,,,,,,0.05196,0.0547
grafo5609.77,243,1210,,,,,,,,,,,,,0.112395,0.105
grafo5611.66,325,1899,,,timeout,,,,,,,,,,0.194345,0.1222
grafo5614.48,275,1102,,,,,,,,,,,,,0.104785,0.0823
grafo5617.12,345,2453,,,,,,,,,,,,,0.239101,0.154
grafo5619.25,443,2921,,,,,,,,,,,,,0.445363,0.2585
grafo5624.23,549,3606,,,,,,,,,,,,,0.835578,0.3892
grafo5629.68,341,1586,,,,,,,,,,,,,0.181332,0.1175
grafo5636.31,243,978,,,,,,,,,,,,,0.080603,0.077
grafo5639.62,506,3321,,,,,,,,,,,,,0.674615,0.3051
grafo5642.95,167,1324,,,,,,,,,,,,,0.086432,0.0867
grafo5643.54,468,1422,,,,,,,,,,,,,0.250182,0.1321
grafo5646.90,464,2354,,,,,,,,,,,,,0.401327,0.2051
grafo5649.38,153,1233,,,,,,,,,,,,,0.05867,0.0704
grafo5653.67,214,1213,,,,,,,,,,,,,0.075841,0.0744
grafo5654.89,404,2681,,,,,,,,,,,,,0.431052,0.2257
grafo5659.29,297,1691,,,233.6354,,,,,,,,,,0.137171,0.1101
grafo5662.38,543,2966,,,,,,,,,,,,,0.562013,0.2647
grafo5667.45,200,1039,,,,,,,,,,,,,0.060966,0.0675
grafo5668.94,193,1060,,,,,,,,,,,,,0.064038,0.0723
grafo5671.83,186,1312,,,,,,,,,,,,,0.077592,0.0785
grafo5672.100,172,1143,,,,,,,,,,,,,0.048324,0.0578
grafo5673.49,356,2303,,,,,,,,,,,,,0.299501,0.1964
grafo5674.86,267,1921,,,,,,,,,,,,,0.123232,0.1122
grafo5676.45,519,3280,,,,,,,,,,,,,0.524894,0.2786
grafo5680.73,438,2207,,,,,,,,,,,,,0.302515,0.1825
grafo5682.41,193,1298,,,,,,,,,,,,,0.047961,0.0522
grafo5685.71,262,1445,,,,,,,,,,,,,0.174433,0.1375
grafo5690.32,431,2408,,,,,,,,,,,,,0.39781,0.2331
grafo5692.94,300,1586,,,,,,,,,,,,,0.140366,0.0993
grafo5698.22,348,1502,,,,,,,,,,,,,0.134039,0.0894
grafo5711.31,367,2159,,,,,,,,,,,,,0.206927,0.145
grafo5717.50,281,1856,,,timeout,,,,,,,,,,0.145017,0.1144
grafo5720.24,300,1136,,,,,,,,,,,,,0.141785,0.0941
grafo5726.14,430,1583,,,,,,,,,,,,,0.239472,0.132
grafo5732.67,431,2540,,,timeout,,,,,,,,,,0.422451,0.2401
grafo5735.48,408,1539,,,,,,,,,,,,,0.200235,0.1301
grafo5736.76,380,2858,,,,,,,,,,,,,0.306264,0.1834
grafo5741.22,342,1713,,,,,,,,,,,,,0.158315,0.1115
grafo5749.60,471,2548,,,,,,,,,,,,,0.403591,0.2142
grafo5754.40,435,2427,,,,,,,,,,,,,0.297913,0.1764
grafo5755.74,370,2761,,,,,,,,,,,,,0.355328,0.206
grafo5756.56,255,1357,,,,,,,,,,,,,0.097344,0.0804
grafo5761.73,329,2180,,,,,,,,,,,,,0.174085,0.132
grafo5763.71,349,2204,,,,,,,,,,,,,0.241876,0.1476
grafo5775.100,238,1258,,,,,,,,,,,,,0.119278,0.0988
grafo5779.63,508,2509,,,,,,,,,,,,,0.464185,0.239
grafo5788.33,220,1205,,,,,,,,,,,,,0.087072,0.0828
grafo5792.74,416,2537,,,,,,,,,,,,,0.294164,0.1778
grafo5800.26,475,2429,,,timeout,,,,,,,,,,0.345045,0.2032
grafo5803.72,473,3362,,,timeout,,,,,,,,,,0.482724,0.2576
grafo5818.72,208,1255,,,,,,,,,,,,,0.094938,0.0805
grafo5824.53,109,1103,,,,,,,,,,,,,0.018219,0.0339
grafo5827.56,225,1688,,,,,,,,,,,,,0.088843,0.0826
grafo5828.86,194,1325,,,,,,,,,,,,,0.0777,0.0722
grafo5831.41,258,1944,,,,,,,,,,,,,0.124674,0.1054
grafo5833.88,149,1244,,,,,,,,,,,,,0.053222,0.0659
grafo5836.83,607,3136,,,,,,,,,,,,,0.71561,0.3075
grafo5837.16,248,993,,,,,,,,,,,,,0.093632,0.0886
grafo5838.68,387,2138,,,,,,,,,,,,,0.264709,0.1689
grafo5850.46,266,1221,,,,,,,,,,,,,0.101384,0.0839
grafo5851.45,434,2351,,,,,,,,,,,,,0.330612,0.1876
grafo5852.32,229,1087,,,,,,,,,,,,,0.07899,0.0811
grafo5853.58,453,2741,,,timeout,,,,,,,,,,0.323131,0.188
grafo5859.72,415,2557,,,,,,,,,,,,,0.338149,0.1934
grafo5861.26,425,2092,,,,,,,,,,,,,0.310288,0.1671
grafo5863.80,150,1033,,,,,,,,,,,,,0.037131,0.0559
grafo5864.66,399,2354,,,,,,,,,,,,,0.270989,0.1663
grafo5865.75,459,2311,,,,,,,,,,,,,0.385813,0.2055
grafo5866.91,176,1270,,,,,,,,,,,,,0.076358,0.0821
grafo5872.56,447,2467,,,timeout,,,,,,,,,,0.368674,0.1845
grafo5874.71,250,1393,,,timeout,,,,,,,,,,0.129531,0.1115
grafo5875.62,294,1331,,,,,,,,,,,,,0.166057,0.1141
grafo5876.70,236,1816,,,,,,,,,,,,,0.125458,0.1065
grafo5880.95,516,2795,,,,,,,,,,,,,0.440222,0.218
grafo5881.55,414,2889,,,,,,,,,,,,,0.358481,0.2119
grafo5893.12,334,1789,,,,,,,,,,,,,0.164698,0.1139
grafo5894.97,297,2042,,,,,,,,,,,,,0.181168,0.1298
grafo5902.59,446,2307,,,,,,,,,,,,,0.431117,0.2479
grafo5904.74,245,1194,,,,,,,,,,,,,0.105794,0.0852
grafo5905.89,198,1258,,,,,,,,,,,,,0.087087,0.086
grafo5910.58,600,2807,,,,,,,,,,,,,0.649578,0.288
grafo5913.47,536,2374,,,timeout,,,,,,,,,,0.438767,0.2142
grafo5920.70,519,2567,,,,,,,,,,,,,0.434084,0.2299
grafo5945.94,207,1154,,,,,,,,,,,,,0.077634,0.0786
grafo5948.59,248,1749,,,,,,,,,,,,,0.120204,0.103
grafo5950.48,515,2803,,,,,,,,,,,,,0.546614,0.2562
grafo5962.41,183,971,,,,,,,,,,,,,0.047063,0.0595
grafo5969.43,280,1433,,,,,,,,,,,,,0.107782,0.0838
grafo5972.57,252,1803,,,,,,,,,,,,,0.103282,0.0845
grafo5973.92,429,1825,,,,,,,,,,,,,0.316233,0.1683
grafo5976.77,320,1801,,,,,,,,,,,,,0.209304,0.138
grafo5981.62,458,3515,,,,,,,,,,,,,0.528923,0.2623
grafo5984.49,378,1954,,,,,,,,,,,,,0.288368,0.1761
grafo5986.84,459,2264,,,,,,,,,,,,,0.314918,0.1747
grafo5988.67,516,2137,,,,,,,,,,,,,0.396522,0.1914
grafo5990.51,275,1594,,,,,,,,,,,,,0.110835,0.0885
grafo6003.43,241,1284,,,,,,,,,,,,,0.114144,0.0917
grafo6005.99,219,989,,,,,,,,,,,,,0.068239,0.0633
grafo6007.52,249,1142,,,,,,,,,,,,,0.052808,0.0512
grafo6008.39,452,2664,,,,,,,,,,,,,0.369213,0.2063
grafo6009.71,342,1997,,,,,,,,,,,,,0.273417,0.1814
grafo6011.96,580,3361,,,,,,,,,,,,,0.675235,0.3047
grafo6012.78,408,2689,,,,,,,,,,,,,0.44286,0.2234
grafo6021.89,358,2569,,,,,,,,,,,,,0.238984,0.1606
grafo6022.32,284,1746,,,,,,,,,,,,,0.153891,0.1144
grafo6023.70,540,3247,,,,,,,,,,,,,0.608233,0.3098
grafo6025.73,488,3097,,,,,,,,,,,,,0.496526,0.2529
grafo6027.96,514,3480,,,timeout,,,,,,,,,,0.639601,0.3199
grafo6028.73,384,2897,,,,,,,,,,,,,0.456126,0.271
grafo6030.71,418,2031,,,,,,,,,,,,,0.276272,0.1464
grafo6031.29,134,1378,,,,,,,,,,,,,0.039532,0.0535
grafo6033.16,275,1776,,,,,,,,,,,,,0.134162,0.106
grafo6034.33,383,2091,,,,,,,,,,,,,0.277004,0.1587
grafo6039.15,190,1483,,,,,,,,,,,,,0.076571,0.0763
grafo6040.58,364,2412,,,timeout,,,,,,,,,,0.262531,0.1683
grafo6041.35,254,1840,,,,,,,,,,,,,0.148103,0.1107
grafo6042.49,201,1320,,,13.7917,,,,,,,,,,0.093082,0.0921
grafo6047.35,246,1293,,,,,,,,,,,,,0.120169,0.1057
grafo6052.89,302,1392,,,,,,,,,,,,,0.172336,0.1278
grafo6058.31,190,1280,,,,,,,,,,,,,0.08019,0.0756
grafo6059.26,376,2690,,,,,,,,,,,,,0.315492,0.1844
grafo6062.73,245,1081,,,,,,,,,,,,,0.102699,0.0865
grafo6067.56,186,1167,,,,,,,,,,,,,0.06545,0.073
grafo6068.80,284,1606,,,575.5589,,,,,,,,,,0.132103,0.1037
grafo6074.20,235,1380,,,,,,,,,,,,,0.108403,0.0901
grafo6077.58,378,2486,,,,,,,,,,,,,0.30108,0.2021
grafo6089.77,444,3194,,,,,,,,,,,,,0.325563,0.2034
grafo6092.83,423,2341,,,,,,,,,,,,,0.338458,0.1898
grafo6094.56,139,1251,,,,,,,,,,,,,0.0539,0.074
grafo6101.40,192,1360,,,,,,,,,,,,,0.066937,0.0675
grafo6112.99,457,2504,,,,,,,,,,,,,0.419164,0.217
grafo6114.52,205,1931,,,,,,,,,,,,,0.095793,0.0938
grafo6118.36,308,2050,,,,,,,,,,,,,0.161695,0.1107
grafo6122.65,512,2363,,,,,,,,,,,,,0.411578,0.228
grafo6126.31,342,1085,,,,,,,,,,,,,0.141548,0.0997
grafo6127.92,267,1147,,,25.7125,,,,,,,,,,0.081447,0.064
grafo6129.45,300,1450,,,,,,,,,,,,,0.16822,0.122
grafo6134.32,256,1133,,,,,,,,,,,,,0.120479,0.0948
grafo6138.76,263,1224,,,,,,,,,,,,,0.095184,0.079
grafo6141.88,489,3246,,,,,,,,,,,,,0.519679,0.2881
grafo6143.50,544,3398,,,,,,,,,,,,,0.686174,0.3314
grafo6146.93,216,1230,,,,,,,,,,,,,0.089128,0.0868
grafo6149.86,309,1961,,,,,,,,,,,,,0.216375,0.1465
grafo6151.86,386,2211,,,,,,,,,,,,,0.269146,0.1603
grafo6154.80,532,2624,,,,,,,,,,,,,0.469102,0.2914
grafo6156.97,524,2507,,,,,,,,,,,,,0.433455,0.2161
grafo6162.21,445,2715,,,timeout,,,,,,,,,,0.377778,0.2113
grafo6165.78,229,1743,,,,,,,,,,,,,0.0942,0.0876
grafo6169.16,312,1944,,,,,,,,,,,,,0.18696,0.1382
grafo6170.11,365,1973,,,,,,,,,,,,,0.248616,0.15
grafo6171.78,340,1785,,,,,,,,,,,,,0.224434,0.1418
grafo6177.53,318,1676,,,,,,,,,,,,,0.162392,0.115
grafo6178.29,312,1599,,,,,,,,,,,,,0.133335,0.1018
grafo6181.43,329,1600,,,,,,,,,,,,,0.177736,0.1349
grafo6186.18,599,2576,,,,,,,,,,,,,0.660718,0.2978
grafo6195.48,356,1878,,,,,,,,,,,,,0.258123,0.1519
grafo6205.92,448,2550,,,,,,,,,,,,,0.474681,0.2651
grafo6208.28,332,1343,,,,,,,,,,,,,0.193476,0.1276
grafo6209.69,346,2515,,,timeout,,,,,,,,,,0.212024,0.1579
grafo6216.83,379,2308,,,,,,,,,,,,,0.263361,0.1696
grafo6218.92,208,1548,,,23.3158,,,,,,,,,,0.11476,0.1062
grafo6222.16,345,1595,,,,,,,,,,,,,0.229527,0.1557
grafo6225.17,165,1026,,,,,,,,,,,,,0.043507,0.0505
grafo6226.28,199,1395,,,,,,,,,,,,,0.062783,0.0674
grafo6232.11,270,1203,,,59.2731,,,,,,,,,,0.096866,0.0711
grafo6235.31,284,1056,,,,,,,,,,,,,0.093665,0.0774
grafo6241.18,295,1650,,,,,,,,,,,,,0.160252,0.1153
grafo6242.22,348,1869,,,,,,,,,,,,,0.164797,0.1205
grafo6249.28,387,2874,,,,,,,,,,,,,0.382234,0.2425
grafo6263.73,347,2019,,,,,,,,,,,,,0.250412,0.1608
grafo6271.10,469,2439,,,,,,,,,,,,,0.335535,0.1851
grafo6272.43,218,1174,,,,,,,,,,,,,0.073127,0.069
grafo6274.80,406,2696,,,,,,,,,,,,,0.260367,0.1546
grafo6280.24,450,3528,,,,,,,,,,,,,0.593623,0.3167
grafo6282.88,516,2454,,,,,,,,,,,,,0.495021,0.2251
grafo6284.56,318,1430,,,,,,,,,,,,,0.170791,0.1176
grafo6292.81,556,2862,,,,,,,,,,,,,0.517249,0.2417
grafo6294.88,500,2770,,,,,,,,,,,,,0.515903,0.2564
grafo6301.90,142,1188,,,,,,,,,,,,,0.037134,0.0485
grafo6303.59,209,1096,,,,,,,,,,,,,0.087015,0.0775
grafo6304.17,511,2845,,,,,,,,,,,,,0.503567,0.2702
grafo6309.91,482,2467,,,,,,,,,,,,,0.461878,0.2425
grafo6311.62,522,2620,,,,,,,,,,,,,0.520897,0.2516
grafo6316.62,364,2238,,,,,,,,,,,,,0.256884,0.1727
grafo6324.76,320,1788,,,659.2722,,,,,,,,,,0.193233,0.1536
grafo6326.61,437,2849,,,,,,,,,,,,,0.48998,0.2548
grafo6327.62,521,3283,,,,,,,,,,,,,0.565474,0.2746
grafo6329.17,300,1911,,,,,,,,,,,,,0.186324,0.1301
grafo6331.25,634,3182,,,timeout,,,,,,,,,,0.819158,0.361
grafo6332.41,172,1107,,,,,,,,,,,,,0.045769,0.0546
grafo6340.28,385,2610,,,,,,,,,,,,,0.223192,0.1504
grafo6341.55,170,1555,,,,,,,,,,,,,0.067061,0.0681
grafo6342.61,365,2305,,,,,,,,,,,,,0.224488,0.159
grafo6346.59,387,2395,,,,,,,,,,,,,0.241538,0.1467
grafo6348.52,468,2962,,,,,,,,,,,,,0.465586,0.2285
grafo6351.50,545,2940,,,timeout,,,,,,,,,,0.540759,0.2564
grafo6352.60,197,1483,,,,,,,,,,,,,0.08673,0.0821
grafo6356.16,260,2084,,,,,,,,,,,,,0.131955,0.1022
grafo6357.59,210,1323,,,,,,,,,,,,,0.107753,0.0981
grafo6361.27,245,1683,,,,,,,,,,,,,0.10434,0.0882
grafo6367.19,171,1166,,,,,,,,,,,,,0.058791,0.0677
grafo6370.47,240,1409,,,7.7925,,,,,,,,,,0.125299,0.1017
grafo6372.70,388,1800,,,,,,,,,,,,,0.263614,0.1652
grafo6373.38,216,1383,,,,,,,,,,,,,0.119954,0.1089
grafo6374.19,395,2529,,,,,,,,,,,,,0.29109,0.186
grafo6375.66,478,3000,,,,,,,,,,,,,0.458222,0.2442
grafo6382.63,224,1121,,,,,,,,,,,,,0.081911,0.0749
grafo6384.80,384,1969,,,,,,,,,,,,,0.262791,0.1488
grafo6389.12,460,2943,,,,,,,,,,,,,0.389635,0.2197
grafo6391.88,353,2136,,,,,,,,,,,,,0.219859,0.1557
grafo6397.16,409,2936,,,,,,,,,,,,,0.429798,0.2516
grafo6399.32,154,1344,,,,,,,,,,,,,0.045177,0.0526
grafo6400.80,251,1316,,,,,,,,,,,,,0.075924,0.0649
grafo6402.26,163,866,,,,,,,,,,,,,0.027413,0.0333
grafo6404.36,484,3071,,,,,,,,,,,,,0.44513,0.2352
grafo6406.95,320,1385,,,,,,,,,,,,,0.181874,0.1307
grafo6411.47,377,1837,,,,,,,,,,,,,0.262863,0.1597
grafo6414.93,351,2222,,,,,,,,,,,,,0.22712,0.139
grafo6416.13,565,2831,,,,,,,,,,,,,0.585319,0.2722
grafo6417.97,419,2831,,,,,,,,,,,,,0.340614,0.2035
grafo6424.24,181,1034,,,,,,,,,,,,,0.036047,0.0408
grafo6425.82,248,1267,,,,,,,,,,,,,0.116128,0.098
grafo6426.71,369,1549,,,,,,,,,,,,,0.214284,0.139
grafo6432.22,396,2174,,,,,,,,,,,,,0.263158,0.1505
grafo6433.95,635,3362,,,,,,,,,,,,,0.725147,0.3138
grafo6434.99,310,1636,,,,,,,,,,,,,0.133068,0.0995
grafo6438.70,552,3114,,,,,,,,,,,,,0.52078,0.2593
grafo6440.63,270,1207,,,,,,,,,,,,,0.096041,0.0837
grafo6445.95,453,2582,,,,,,,,,,,,,0.379436,0.2097
grafo6447.19,308,1960,,,,,,,,,,,,,0.186936,0.1251
grafo6448.24,459,2445,,,,,,,,,,,,,0.396919,0.205
grafo6458.80,539,2215,,,,,,,,,,,,,0.43753,0.2099
grafo6467.79,543,2904,,,,,,,,,,,,,0.511452,0.2258
grafo6471.65,282,1548,,,,,,,,,,,,,0.13446,0.1084
grafo6481.96,223,1354,,,,,,,,,,,,,0.097883,0.0985
grafo6489.52,435,2308,,,,,,,,,,,,,0.317356,0.1807
grafo6491.36,237,1692,,,,,,,,,,,,,0.123539,0.115
grafo6496.99,381,2311,,,,,,,,,,,,,0.254121,0.1647
grafo6497.63,521,3114,,,,,,,,,,,,,0.603405,0.303
grafo6513.15,200,1335,,,,,,,,,,,,,0.085952,0.0918
grafo6521.18,339,1869,,,timeout,,,,,,,,,,0.219331,0.1482
grafo6550.38,260,1539,,,,,,,,,,,,,0.101369,0.0809
grafo6554.99,380,2549,,,,,,,,,,,,,0.352891,0.2113
grafo6555.59,229,1334,,,16.6622,,,,,,,,,,0.107369,0.08
grafo6564.25,507,2766,,,timeout,,,,,,,,,,0.462548,0.2377
grafo6575.38,372,2507,,,,,,,,,,,,,0.255855,0.1743
grafo6577.84,475,3101,,,,,,,,,,,,,0.420214,0.2278
grafo6582.16,531,2921,,,,,,,,,,,,,0.599401,0.2734
grafo6584.54,461,3323,,,,,,,,,,,,,0.482929,0.2506
grafo6595.47,431,3214,,,,,,,,,,,,,0.322541,0.1867
grafo6598.75,291,1569,,,,,,,,,,,,,0.171429,0.1197
grafo6605.32,422,2752,,,,,,,,,,,,,0.315581,0.1915
grafo6611.19,513,2592,,,,,,,,,,,,,0.402893,0.1989
grafo6612.74,428,2168,,,,,,,,,,,,,0.189593,0.1181
grafo6615.100,325,1971,,,,,,,,,,,,,0.231493,0.1533
grafo6621.97,406,3041,,,,,,,,,,,,,0.478426,0.2616
grafo6623.63,323,2137,,,,,,,,,,,,,0.245929,0.1712
grafo6624.28,279,1441,,,,,,,,,,,,,0.191437,0.1358
grafo6627.35,275,2106,,,,,,,,,,,,,0.176636,0.1306
grafo6628.48,336,2061,,,timeout,,,,,,,,,,0.235429,0.1623
grafo6632.80,324,1924,,,,,,,,,,,,,0.277316,0.1888
grafo6637.79,372,2170,,,,,,,,,,,,,0.312222,0.1873
grafo6643.37,302,1929,,,,,,,,,,,,,0.176515,0.1297
grafo6647.82,132,1359,,,,,,,,,,,,,0.028036,0.0446
grafo6648.66,369,2143,,,,,,,,,,,,,0.16629,0.113
grafo6653.68,267,1602,,,,,,,,,,,,,0.161113,0.1207
grafo6660.21,466,2444,,,,,,,,,,,,,0.450889,0.2415
grafo6661.25,638,2909,,,,,,,,,,,,,0.67372,0.3173
grafo6665.28,337,2010,,,,,,,,,,,,,0.20757,0.1336
grafo6666.88,339,1755,,,,,,,,,,,,,0.176449,0.1187
grafo6669.47,340,2157,,,,,,,,,,,,,0.197949,0.1216
grafo6670.80,499,2573,,,,,,,,,,,,,0.458301,0.2346
grafo6672.52,226,1475,,,timeout,,,,,,,,,,0.063512,0.0651
grafo6680.69,496,2652,,,,,,,,,,,,,0.536213,0.2538
grafo6683.69,446,2713,,,,,,,,,,,,,0.346949,0.199
grafo6686.93,276,1222,,,,,,,,,,,,,0.123148,0.1
grafo6691.65,537,3014,,,,,,,,,,,,,0.526657,0.2612
grafo6692.100,235,1440,,,,,,,,,,,,,0.090872,0.0743
grafo6694.48,420,3040,,,,,,,,,,,,,0.307766,0.1828
grafo6696.77,386,2666,,,,,,,,,,,,,0.311116,0.2011
grafo6710.81,393,2694,,,,,,,,,,,,,0.430742,0.2443
grafo6713.48,428,2555,,,,,,,,,,,,,0.286778,0.1704
grafo6715.28,167,1101,,,,,,,,,,,,,0.050511,0.0608
grafo6722.23,371,1788,,,,,,,,,,,,,0.27506,0.1652
grafo6724.13,366,2022,,,329.0975,,,,,,,,,,0.250716,0.1593
grafo6725.37,503,3218,,,,,,,,,,,,,0.597328,0.309
grafo6726.13,187,1525,,,,,,,,,,,,,0.11047,0.1099
grafo6736.82,477,3110,,,,,,,,,,,,,0.397007,0.2294
grafo6753.91,479,2941,,,,,,,,,,,,,0.441546,0.2145
grafo6755.28,222,1569,,,,,,,,,,,,,0.085941,0.0818
grafo6758.21,162,1343,,,,,,,,,,,,,0.053245,0.059
grafo6764.50,428,2470,,,,,,,,,,,,,0.292594,0.1633
grafo6769.77,188,1356,,,,,,,,,,,,,0.074118,0.0804
grafo6778.48,469,2806,,,,,,,,,,,,,0.459236,0.2496
grafo6782.63,500,2294,,,,,,,,,,,,,0.408408,0.2019
grafo6784.66,414,1933,,,,,,,,,,,,,0.305752,0.1709
grafo6786.54,401,2090,,,,,,,,,,,,,0.307762,0.1586
grafo6788.10,265,1351,,,,,,,,,,,,,0.137873,0.1007
grafo6789.35,482,2276,,,,,,,,,,,,,0.320814,0.1755
grafo6790.85,371,1924,,,,,,,,,,,,,0.214788,0.1297
grafo6791.13,247,1203,,,,,,,,,,,,,0.106489,0.0948
grafo6793.37,326,1583,,,,,,,,,,,,,0.235928,0.1723
grafo6797.40,401,2237,,,,,,,,,,,,,0.242778,0.1393
grafo6804.99,290,1585,,,,,,,,,,,,,0.124374,0.1055
grafo6817.15,344,2002,,,,,,,,,,,,,0.238395,0.154
grafo6830.11,224,1261,,,,,,,,,,,,,0.073277,0.0681
grafo6831.19,265,1703,,,,,,,,,,,,,0.120413,0.1113
grafo6835.96,218,1112,,,,,,,,,,,,,0.070405,0.0767
grafo6844.11,384,1673,,,,,,,,,,,,,0.185034,0.1165
grafo6845.65,266,2041,,,,,,,,,,,,,0.13821,0.1059
grafo6851.17,472,3060,,,,,,,,,,,,,0.405896,0.2368
grafo6855.73,606,3045,,,timeout,,,,,,,,,,0.671407,0.3028
grafo6860.17,182,939,,,,,,,,,,,,,0.040273,0.0522
grafo6863.79,284,2044,,,timeout,,,,,,,,,,0.161578,0.1206
grafo6870.27,338,2850,,,timeout,,,,,,,,,,0.308484,0.19
grafo6874.87,317,1872,,,,,,,,,,,,,0.17747,0.1238
grafo6879.61,346,1919,,,,,,,,,,,,,0.204,0.1375
grafo6882.74,147,1285,,,,,,,,,,,,,0.051617,0.0697
grafo6885.71,445,2638,,,,,,,,,,,,,0.396232,0.2417
grafo6889.59,474,2854,,,,,,,,,,,,,0.465573,0.2403
grafo6890.31,414,2362,,,,,,,,,,,,,0.290757,0.1798
grafo6891.96,429,1618,,,,,,,,,,,,,0.288732,0.1627
grafo6897.18,286,1899,,,,,,,,,,,,,0.126041,0.1079
grafo6898.13,553,2811,,,,,,,,,,,,,0.516864,0.2515
grafo6907.27,179,1436,,,,,,,,,,,,,0.088439,0.0989
grafo6910.11,398,1754,,,,,,,,,,,,,0.262035,0.1472
grafo6912.12,490,3232,,,,,,,,,,,,,0.473098,0.246
grafo6915.41,427,2524,,,,,,,,,,,,,0.356728,0.1989
grafo6918.21,296,1993,,,timeout,,,,,,,,,,0.163087,0.1153
grafo6925.79,358,1566,,,,,,,,,,,,,0.146787,0.0954
grafo6938.40,457,2308,,,,,,,,,,,,,0.326689,0.1824
grafo6943.100,348,2805,,,,,,,,,,,,,0.235996,0.1611
grafo6950.76,458,2314,,,,,,,,,,,,,0.348053,0.1881
grafo6959.52,557,2981,,,,,,,,,,,,,0.571758,0.2702
grafo6961.53,242,1130,,,,,,,,,,,,,0.07771,0.0674
grafo6965.81,113,1175,,,,,,,,,,,,,0.025226,0.0429
grafo6966.10,273,1614,,,,,,,,,,,,,0.13333,0.1106
grafo6968.82,222,1310,,,,,,,,,,,,,0.092732,0.0876
grafo6973.17,348,2509,,,,,,,,,,,,,0.218749,0.1472
grafo6978.62,275,1368,,,,,,,,,,,,,0.137414,0.1016
grafo6982.31,384,2446,,,,,,,,,,,,,0.277186,0.1715
grafo6983.23,417,2526,,,timeout,,,,,,,,,,0.383617,0.2166
grafo6988.18,182,922,,,,,,,,,,,,,0.042887,0.0511
grafo6990.73,281,1770,,,,,,,,,,,,,0.162862,0.1155
grafo6997.39,237,1045,,,,,,,,,,,,,0.059388,0.0553
grafo7002.34,516,3218,,,,,,,,,,,,,0.470457,0.2502
grafo7004.11,446,3061,,,,,,,,,,,,,0.431398,0.2269
grafo7006.95,540,2783,,,,,,,,,,,,,0.52987,0.2599
grafo7012.67,336,2179,,,,,,,,,,,,,0.193248,0.14
grafo7016.99,474,2988,,,,,,,,,,,,,0.385927,0.2175
grafo7024.83,586,3354,,,,,,,,,,,,,0.689297,0.3138
grafo7029.18,187,979,,,,,,,,,,,,,0.038199,0.0525
grafo7030.65,251,1827,,,,,,,,,,,,,0.151141,0.1332
grafo7032.31,466,2440,,,,,,,,,,,,,0.397679,0.204
grafo7034.57,379,2796,,,timeout,,,,,,,,,,0.261774,0.1822
grafo7037.63,409,2792,,,,,,,,,,,,,0.407688,0.2396
grafo7039.99,331,1229,,,,,,,,,,,,,0.193402,0.1227
grafo7040.90,295,1547,,,,,,,,,,,,,0.132839,0.1078
grafo7047.12,143,1397,,,,,,,,,,,,,0.044405,0.0624
grafo7049.94,237,1356,,,,,,,,,,,,,0.102091,0.0864
grafo7051.76,433,2665,,,,,,,,,,,,,0.260054,0.1617
grafo7055.28,527,3278,,,,,,,,,,,,,0.48164,0.2497
grafo7065.52,294,2672,,,timeout,,,,,,,,,,0.198629,0.1487
grafo7071.43,433,2350,,,,,,,,,,,,,0.31689,0.1779
grafo7081.43,328,1866,,,,,,,,,,,,,0.232716,0.1507
grafo7084.43,188,1378,,,14.9880,,,,,,,,,,0.096434,0.101
grafo7091.69,332,1533,,,,,,,,,,,,,0.193602,0.1273
grafo7092.23,549,2735,,,,,,,,,,,,,0.619303,0.2737
grafo7099.66,518,3482,,,timeout,,,,,,,,,,0.58707,0.2821
grafo7107.62,267,964,,,,,,,,,,,,,0.093156,0.0746
grafo7113.51,379,1978,,,,,,,,,,,,,0.306571,0.1736
grafo7118.91,272,1976,,,,,,,,,,,,,0.174853,0.1363
grafo7119.95,377,2817,,,timeout,,,,,,,,,,0.276626,0.1675
grafo7122.36,279,1205,,,,,,,,,,,,,0.110886,0.0813
grafo7125.72,318,2244,,,,,,,,,,,,,0.179203,0.1199
grafo7130.58,183,1552,,,,,,,,,,,,,0.093008,0.0933
grafo7132.22,517,2549,,,,,,,,,,,,,0.396186,0.1969
grafo7133.85,565,3144,,,,,,,,,,,,,0.622043,0.3048
grafo7141.11,320,2111,,,624.7594,,,,,,,,,,0.274009,0.1725
grafo7143.64,334,1807,,,,,,,,,,,,,0.158504,0.1112
grafo7146.43,204,1269,,,,,,,,,,,,,0.076184,0.0751
grafo7147.89,256,1460,,,,,,,,,,,,,0.145652,0.1113
grafo7148.75,416,2462,,,,,,,,,,,,,0.348284,0.2024
grafo7151.57,570,3049,,,,,,,,,,,,,0.600142,0.2765
grafo7155.40,269,1698,,,,,,,,,,,,,0.103898,0.0873
grafo7156.49,345,2694,,,,,,,,,,,,,0.264615,0.1792
grafo7157.38,396,1430,,,,,,,,,,,,,0.182384,0.1102
grafo7162.12,372,1643,,,,,,,,,,,,,0.201337,0.1328
grafo7166.24,273,1315,,,,,,,,,,,,,0.107395,0.0904
grafo7175.97,279,1743,,,timeout,,,,,,,,,,0.117665,0.0924
grafo7176.86,357,1862,,,,,,,,,,,,,0.230172,0.1465
grafo7178.57,173,1245,,,,,,,,,,,,,0.040727,0.0476
grafo7179.29,473,2928,,,,,,,,,,,,,0.384575,0.2018
grafo7188.82,237,1244,,,,,,,,,,,,,0.115944,0.0939
grafo7202.27,451,2478,,,,,,,,,,,,,0.314192,0.1651
grafo7207.26,451,2627,,,,,,,,,,,,,0.499762,0.2392
grafo7210.20,255,1049,,,,,,,,,,,,,0.089424,0.0741
grafo7212.32,265,2798,,,,,,,,,,,,,0.152818,0.12
grafo7219.35,446,2405,,,,,,,,,,,,,0.404514,0.2357
grafo7223.75,350,1790,,,,,,,,,,,,,0.226089,0.1614
grafo7226.14,500,2088,,,,,,,,,,,,,0.322812,0.1732
grafo7235.89,388,2778,,,,,,,,,,,,,0.379919,0.2125
grafo7236.59,459,3299,,,,,,,,,,,,,0.453245,0.2478
grafo7238.14,478,2263,,,,,,,,,,,,,0.41746,0.2179
grafo7240.33,200,1080,,,,,,,,,,,,,0.047093,0.0492
grafo7241.10,380,1650,,,,,,,,,,,,,0.25498,0.1601
grafo7244.41,337,2538,,,,,,,,,,,,,0.244268,0.1698
grafo7245.73,219,1299,,,,,,,,,,,,,0.116331,0.1026
grafo7247.40,518,3344,,,,,,,,,,,,,0.530686,0.2627
grafo7249.32,454,2992,,,,,,,,,,,,,0.499794,0.2565
grafo7250.27,275,1804,,,,,,,,,,,,,0.151161,0.1213
grafo7252.81,444,3045,,,,,,,,,,,,,0.419709,0.2662
grafo7255.49,448,2539,,,,,,,,,,,,,0.348946,0.1904
grafo7259.76,412,2682,,,,,,,,,,,,,0.420064,0.2516
grafo7264.52,281,1985,,,,,,,,,,,,,0.169356,0.1282
grafo7267.80,381,2596,,,,,,,,,,,,,0.371066,0.2141
grafo7269.72,276,1099,,,,,,,,,,,,,0.115174,0.0864
grafo7270.58,419,2755,,,,,,,,,,,,,0.328379,0.1953
grafo7272.56,416,2287,,,,,,,,,,,,,0.315427,0.1829
grafo7277.17,222,1500,,,,,,,,,,,,,0.08107,0.0761
grafo7278.66,233,1386,,,,,,,,,,,,,0.100627,0.099
grafo7279.33,453,2591,,,timeout,,,,,,,,,,0.350638,0.193
grafo7282.23,261,1722,,,,,,,,,,,,,0.150007,0.1147
grafo7292.38,326,1999,,,,,,,,,,,,,0.255983,0.1816
grafo7295.35,382,2924,,,,,,,,,,,,,0.339065,0.2587
grafo7299.82,233,1472,,,,,,,,,,,,,0.110424,0.0918
grafo7301.36,493,3041,,,,,,,,,,,,,0.49708,0.2467
grafo7304.11,270,1515,,,,,,,,,,,,,0.151982,0.1069
grafo7305.22,592,2306,,,timeout,,,,,,,,,,0.554278,0.2555
grafo7306.24,378,2168,,,,,,,,,,,,,0.310192,0.1921
grafo7313.12,246,1795,,,,,,,,,,,,,0.10971,0.0949
grafo7314.21,393,2354,,,,,,,,,,,,,0.270346,0.1717
grafo7316.26,453,2659,,,,,,,,,,,,,0.384743,0.1996
grafo7318.87,146,1152,,,,,,,,,,,,,0.030959,0.0457
grafo7322.23,552,3021,,,timeout,,,,,,,,,,0.545809,0.2694
grafo7327.10,295,1010,,,,,,,,,,,,,0.10008,0.0752
grafo7328.57,229,1059,,,,,,,,,,,,,0.097428,0.0873
grafo7329.54,181,1066,,,,,,,,,,,,,0.063522,0.0707
grafo7337.30,494,2991,,,,,,,,,,,,,0.431104,0.2525
grafo7338.67,219,1235,,,,,,,,,,,,,0.082549,0.078
grafo7339.81,314,1751,,,,,,,,,,,,,0.180561,0.1237
grafo7342.18,235,1443,,,,,,,,,,,,,0.140554,0.1175
grafo7343.97,367,2043,,,,,,,,,,,,,0.274182,0.1578
grafo7344.86,170,1228,,,,,,,,,,,,,0.046614,0.0566
grafo7345.21,545,2984,,,,,,,,,,,,,0.535245,0.251
grafo7351.57,245,1420,,,,,,,,,,,,,0.127398,0.0954
grafo7353.57,521,3676,,,,,,,,,,,,,0.578381,0.2858
grafo7359.79,412,2923,,,,,,,,,,,,,0.308207,0.1822
grafo7360.41,205,1298,,,,,,,,,,,,,0.081462,0.0778
grafo7364.10,312,2257,,,344.2378,,,,,,,,,,0.207916,0.1479
grafo7367.30,283,2065,,,,,,,,,,,,,0.198631,0.1359
grafo7369.29,399,2603,,,,,,,,,,,,,0.23175,0.1447
grafo7372.93,303,1983,,,,,,,,,,,,,0.1607,0.1312
grafo7373.49,333,1799,,,,,,,,,,,,,0.169333,0.1113
grafo7377.53,282,1662,,,,,,,,,,,,,0.144748,0.1148
grafo7382.34,323,1814,,,,,,,,,,,,,0.223986,0.1626
grafo7384.96,297,1672,,,,,,,,,,,,,0.179133,0.1271
grafo7385.94,272,1209,,,,,,,,,,,,,0.085528,0.0652
grafo7392.18,351,1777,,,,,,,,,,,,,0.160853,0.1179
grafo7401.63,456,2442,,,,,,,,,,,,,0.38492,0.2027
grafo7405.85,202,1361,,,,,,,,,,,,,0.076407,0.0775
grafo7411.34,173,1274,,,,,,,,,,,,,0.075257,0.0797
grafo7416.47,517,2465,,,timeout,,,,,,,,,,0.480841,0.242
grafo7425.83,271,2002,,,,,,,,,,,,,0.183685,0.1377
grafo7431.48,515,3553,,,,,,,,,,,,,0.544289,0.3068
grafo7432.71,282,1195,,,,,,,,,,,,,0.147475,0.1051
grafo7438.76,353,1570,,,,,,,,,,,,,0.177681,0.126
grafo7442.56,359,1856,,,,,,,,,,,,,0.225521,0.1415
grafo7444.23,379,2787,,,,,,,,,,,,,0.316669,0.1861
grafo7448.59,330,2012,,,,,,,,,,,,,0.233317,0.1659
grafo7449.94,440,2440,,,,,,,,,,,,,0.392832,0.2241
grafo7450.55,288,2182,,,,,,,,,,,,,0.20315,0.1489
grafo7454.100,512,3421,,,,,,,,,,,,,0.606221,0.3015
grafo7455.88,489,3383,,,,,,,,,,,,,0.492738,0.2372
grafo7459.74,300,1391,,,,,,,,,,,,,0.173625,0.1231
grafo7461.60,284,2074,,,346.6476,,,,,,,,,,0.200366,0.1429
grafo7462.87,322,2841,,,timeout,,,,,,,,,,0.199645,0.14
grafo7463.35,205,1392,,,,,,,,,,,,,0.073998,0.0745
grafo7468.98,480,2936,,,,,,,,,,,,,0.506449,0.2805
grafo7471.12,389,1437,,,,,,,,,,,,,0.189992,0.1148
grafo7473.29,323,1970,,,,,,,,,,,,,0.186427,0.1245
grafo7481.98,182,1074,,,,,,,,,,,,,0.033195,0.0389
grafo7485.97,224,1368,,,,,,,,,,,,,0.097397,0.0896
grafo7489.93,179,1317,,,,,,,,,,,,,0.042918,0.0527
grafo7491.16,176,1102,,,,,,,,,,,,,0.049359,0.0599
grafo7496.97,379,2301,,,,,,,,,,,,,0.245274,0.1493
grafo7497.14,252,1510,,,,,,,,,,,,,0.133374,0.1065
grafo7498.32,353,2402,,,timeout,,,,,,,,,,0.248807,0.1701
grafo7504.100,411,2063,,,timeout,,,,,,,,,,0.276773,0.1708
grafo7505.67,307,1624,,,,,,,,,,,,,0.16603,0.1233
grafo7506.75,414,2406,,,,,,,,,,,,,0.270881,0.1697
grafo7515.61,402,1850,,,,,,,,,,,,,0.191947,0.116
grafo7528.48,241,1217,,,,,,,,,,,,,0.106527,0.0882
grafo7530.81,494,2194,,,,,,,,,,,,,0.362331,0.186
grafo7532.41,457,1725,,,,,,,,,,,,,0.346721,0.1675
grafo7533.69,305,2065,,,,,,,,,,,,,0.175615,0.1129
grafo7534.25,253,1010,,,14.5373,,,,,,,,,,0.099768,0.0813
grafo7537.56,303,1412,,,,,,,,,,,,,0.128553,0.1023
grafo7538.26,158,1098,,,,,,,,,,,,,0.038836,0.0458
grafo7549.51,224,1607,,,,,,,,,,,,,0.151289,0.1282
grafo7550.45,245,1298,,,,,,,,,,,,,0.097815,0.0814
grafo7551.26,346,2045,,,,,,,,,,,,,0.289467,0.171
grafo7554.20,139,890,,,,,,,,,,,,,0.033571,0.0536
grafo7560.40,336,2104,,,timeout,,,,,,,,,,0.24005,0.1571
grafo7561.55,398,2321,,,,,,,,,,,,,0.289363,0.1723
grafo7572.59,475,2445,,,,,,,,,,,,,0.4484,0.2402
grafo7577.42,465,3505,,,,,,,,,,,,,0.518511,0.2645
grafo7578.81,209,1353,,,,,,,,,,,,,0.095478,0.0846
grafo7581.24,279,2115,,,392.0259,,,,,,,,,,0.17285,0.1913
grafo7583.20,448,2302,,,,,,,,,,,,,0.333577,0.1882
grafo7584.43,196,1318,,,,,,,,,,,,,0.096534,0.0907
grafo7586.11,245,1180,,,,,,,,,,,,,0.086189,0.0657
grafo7589.43,214,1321,,,,,,,,,,,,,0.087044,0.0813
grafo7591.65,351,2013,,,,,,,,,,,,,0.258913,0.1669
grafo7598.34,583,2813,,,,,,,,,,,,,0.610254,0.2656
grafo7604.55,266,1206,,,,,,,,,,,,,0.107147,0.0891
grafo7608.87,217,1372,,,,,,,,,,,,,0.079217,0.073
grafo7614.98,564,2801,,,,,,,,,,,,,0.551322,0.2579
grafo7617.44,435,2895,,,,,,,,,,,,,0.370873,0.2052
grafo7627.81,543,3272,,,,,,,,,,,,,0.626011,0.2998
grafo7629.32,462,2917,,,timeout,,,,,,,,,,0.386506,0.2151
grafo7632.50,206,1555,,,,,,,,,,,,,0.096243,0.0884
grafo7633.47,222,1436,,,,,,,,,,,,,0.114933,0.0976
grafo7635.13,335,3231,,,,,,,,,,,,,0.235523,0.1691
grafo7638.34,240,1250,,,,,,,,,,,,,0.124659,0.11
grafo7640.15,528,3146,,,,,,,,,,,,,0.478659,0.2445
grafo7641.73,241,1352,,,,,,,,,,,,,0.100208,0.0826
grafo7648.22,450,3111,,,,,,,,,,,,,0.384945,0.2104
grafo7655.95,419,2246,,,,,,,,,,,,,0.313336,0.1721
grafo7660.27,523,2293,,,,,,,,,,,,,0.456244,0.2239
grafo7662.81,472,3772,,,,,,,,,,,,,0.479296,0.2656
grafo7664.100,481,3047,,,,,,,,,,,,,0.392208,0.21
grafo7665.32,248,1571,,,,,,,,,,,,,0.138128,0.1019
grafo7668.29,316,2358,,,,,,,,,,,,,0.176672,0.1244
grafo7669.48,148,916,,,,,,,,,,,,,0.030419,0.0433
grafo7673.81,348,2088,,,,,,,,,,,,,0.251932,0.1611
grafo7679.61,347,1792,,,,,,,,,,,,,0.221219,0.2173
grafo7681.58,206,1428,,,,,,,,,,,,,0.094665,0.0868
grafo7686.27,279,1844,,,,,,,,,,,,,0.128477,0.0985
grafo7692.59,305,2218,,,,,,,,,,,,,0.192392,0.1405
grafo7701.57,255,1546,,,,,,,,,,,,,0.105165,0.0792
grafo7705.37,328,2161,,,,,,,,,,,,,0.26566,0.1727
grafo7706.11,225,1441,,,,,,,,,,,,,0.109447,0.0954
grafo7710.100,387,1653,,,,,,,,,,,,,0.21568,0.1396
grafo7711.22,202,1331,,,,,,,,,,,,,0.06498,0.0685
grafo7712.98,384,2517,,,,,,,,,,,,,0.355628,0.2243
grafo7713.63,432,3045,,,,,,,,,,,,,0.309514,0.6668
grafo7716.34,525,2606,,,,,,,,,,,,,0.473505,0.2277
grafo7718.19,212,1528,,,,,,,,,,,,,0.093049,0.0832
grafo7719.96,289,2214,,,,,,,,,,,,,0.217815,0.1545
grafo7720.64,308,1659,,,,,,,,,,,,,0.125465,0.0979
grafo7722.100,333,1332,,,,,,,,,,,,,0.157043,0.1086
grafo7729.42,260,1242,,,5.9731,,,,,,,,,,0.115628,0.0902
grafo7733.24,222,1169,,,,,,,,,,,,,0.072958,0.0707
grafo7743.31,311,1586,,,,,,,,,,,,,0.139459,0.1021
grafo7748.50,203,1342,,,9.9180,,,,,,,,,,0.084725,0.0807
grafo7749.20,427,2962,,,,,,,,,,,,,0.451482,0.2302
grafo7750.91,267,1568,,,,,,,,,,,,,0.164551,0.1269
grafo7751.65,307,1815,,,,,,,,,,,,,0.187323,0.1252
grafo7753.41,469,2759,,,,,,,,,,,,,0.469687,0.2389
grafo7755.11,478,2115,,,368.7391,,,,,,,,,,0.386082,0.1989
grafo7757.35,571,2986,,,,,,,,,,,,,0.656641,0.3099
grafo7759.10,440,2773,,,,,,,,,,,,,0.398951,0.2308
grafo7768.80,297,1689,,,,,,,,,,,,,0.155545,0.1159
grafo7773.41,215,1156,,,,,,,,,,,,,0.07861,0.0772
grafo7779.26,385,2888,,,,,,,,,,,,,0.328748,0.2038
grafo7782.48,403,2796,,,,,,,,,,,,,0.318891,0.2015
grafo7784.65,342,2173,,,,,,,,,,,,,0.234675,0.164
grafo7785.72,340,2204,,,,,,,,,,,,,0.292192,0.1826
grafo7789.18,331,1386,,,,,,,,,,,,,0.183928,0.1288
grafo7790.26,194,1434,,,,,,,,,,,,,0.080531,0.0873
grafo7791.31,295,2039,,,,,,,,,,,,,0.225987,0.1471
grafo7792.74,267,1537,,,,,,,,,,,,,0.150418,0.1259
grafo7796.62,213,1383,,,,,,,,,,,,,0.101947,0.0853
grafo7799.44,465,2389,,,,,,,,,,,,,0.388948,0.2108
grafo7800.19,530,3162,,,,,,,,,,,,,0.510782,0.2681
grafo7802.78,494,2685,,,,,,,,,,,,,0.435497,0.2492
grafo7805.91,617,3087,,,,,,,,,,,,,0.791076,0.3214
grafo7807.37,522,3063,,,,,,,,,,,,,0.574972,0.2875
grafo7808.64,304,1697,,,,,,,,,,,,,0.171292,0.1307
grafo7811.42,456,2731,,,,,,,,,,,,,0.461263,0.2592
grafo7812.88,493,1893,,,,,,,,,,,,,0.324594,0.1774
grafo7813.18,349,1939,,,,,,,,,,,,,0.174135,0.1243
grafo7824.49,556,3054,,,,,,,,,,,,,0.6113,0.2824
grafo7836.45,499,2529,,,,,,,,,,,,,0.474422,0.2465
grafo7840.60,484,3092,,,,,,,,,,,,,0.457758,0.2605
grafo7843.21,540,3051,,,,,,,,,,,,,0.566173,0.265
grafo7844.62,288,1811,,,,,,,,,,,,,0.11014,0.0892
grafo7849.12,505,2704,,,,,,,,,,,,,0.416518,0.2025
grafo7852.61,597,3095,,,,,,,,,,,,,0.659172,0.2973
grafo7853.41,295,2578,,,,,,,,,,,,,0.157738,0.1225
grafo7856.86,459,2552,,,,,,,,,,,,,0.359371,0.2092
grafo7858.48,420,2698,,,,,,,,,,,,,0.327408,0.1976
grafo7861.42,340,1902,,,,,,,,,,,,,0.248036,0.1502
grafo7867.39,199,1265,,,,,,,,,,,,,0.073514,0.0718
grafo7870.38,280,1476,,,,,,,,,,,,,0.154262,0.1172
grafo7876.63,255,1580,,,,,,,,,,,,,0.157095,0.1277
grafo7877.74,178,996,,,,,,,,,,,,,0.049302,0.052
grafo7884.94,443,3348,,,,,,,,,,,,,0.527475,0.2572
grafo7887.92,405,2224,,,timeout,,,,,,,,,,0.314338,0.1861
grafo7892.32,408,2401,,,,,,,,,,,,,0.379628,0.2005
grafo7900.44,223,1014,,,,,,,,,,,,,0.053694,0.0548
grafo7902.84,204,1353,,,,,,,,,,,,,0.116178,0.1122
grafo7909.81,260,2411,,,,,,,,,,,,,0.149915,0.1237
grafo7911.97,412,2586,,,timeout,,,,,,,,,,0.385363,0.2109
grafo7914.76,415,1862,,,,,,,,,,,,,0.260946,0.162
grafo7927.96,320,2216,,,,,,,,,,,,,0.20461,0.1421
grafo7934.10,490,2573,,,,,,,,,,,,,0.474932,0.2418
grafo7936.91,236,1974,,,,,,,,,,,,,0.11392,0.1
grafo7940.67,401,1746,,,,,,,,,,,,,0.249893,0.1416
grafo7943.99,324,2189,,,timeout,,,,,,,,,,0.212579,0.1535
grafo7944.17,250,1252,,,,,,,,,,,,,0.122215,0.1137
grafo7947.49,169,1353,,,,,,,,,,,,,0.070989,0.0776
grafo7973.79,454,2284,,,,,,,,,,,,,0.385382,0.1922
grafo7986.58,216,1282,,,,,,,,,,,,,0.098886,0.087
grafo7994.93,428,2054,,,,,,,,,,,,,0.340221,0.2074
grafo7999.11,219,1459,,,,,,,,,,,,,0.094437,0.084
grafo8000.69,408,2022,,,,,,,,,,,,,0.305235,0.1764
grafo8004.45,168,936,,,,,,,,,,,,,0.04629,0.0625
grafo8005.41,328,1778,,,299.7158,,,,,,,,,,0.187866,0.1329
grafo8015.97,368,2145,,,,,,,,,,,,,0.233377,0.1466
grafo8016.44,197,1232,,,,,,,,,,,,,0.062173,0.0617
grafo8018.29,251,1274,,,,,,,,,,,,,0.101218,0.0808
grafo8019.91,142,978,,,,,,,,,,,,,0.020198,0.0294
grafo8021.27,248,1662,,,,,,,,,,,,,0.123042,0.1134
grafo8033.36,251,1327,,,,,,,,,,,,,0.096493,0.0767
grafo8035.16,274,1404,,,,,,,,,,,,,0.109376,0.0875
grafo8038.23,417,2773,,,,,,,,,,,,,0.361108,0.1956
grafo8039.47,419,2441,,,,,,,,,,,,,0.274456,0.1677
grafo8041.54,419,2622,,,,,,,,,,,,,0.271515,0.1613
grafo8045.67,456,2243,,,,,,,,,,,,,0.299767,0.1786
grafo8053.94,180,1247,,,17.5851,,,,,,,,,,0.061501,0.0697
grafo8056.61,419,1484,,,,,,,,,,,,,0.238105,0.1426
grafo8057.58,454,3116,,,timeout,,,,,,,,,,0.489679,0.261
grafo8062.93,525,2986,,,,,,,,,,,,,0.511871,0.2689
grafo8065.21,320,1906,,,,,,,,,,,,,0.202648,0.1527
grafo8067.71,238,1200,,,,,,,,,,,,,0.112453,0.1054
grafo8069.11,516,2376,,,,,,,,,,,,,0.426887,0.2052
grafo8072.33,172,1207,,,17.5799,,,,,,,,,,0.042434,0.0576
grafo8073.52,244,1309,,,,,,,,,,,,,0.125988,0.1025
grafo8087.50,235,1423,,,,,,,,,,,,,0.109559,0.0945
grafo8088.13,227,1247,,,26.2984,,,,,,,,,,0.111255,0.1151
grafo8090.84,389,2912,,,timeout,,,,,,,,,,0.328666,0.1895
grafo8094.91,203,1467,,,,,,,,,,,,,0.092038,0.0881
grafo8099.61,174,1701,,,,,,,,,,,,,0.062654,0.0701
grafo8103.24,266,1975,,,,,,,,,,,,,0.120382,0.0877
grafo8104.10,235,1530,,,,,,,,,,,,,0.104854,0.0811
grafo8105.63,291,1837,,,,,,,,,,,,,0.114568,0.0924
grafo8108.51,390,2638,,,timeout,,,,,,,,,,0.296623,0.1923
grafo8117.79,389,2132,,,,,,,,,,,,,0.291789,0.1674
grafo8119.10,189,1256,,,,,,,,,,,,,0.072258,0.082
grafo8122.34,558,2873,,,,,,,,,,,,,0.564932,0.2717
grafo8131.72,405,1867,,,,,,,,,,,,,0.270648,0.1502
grafo8132.21,529,3507,,,timeout,,,,,,,,,,0.654178,0.3332
grafo8141.79,274,2114,,,474.4614,,,,,,,,,,0.187582,0.1541
grafo8142.62,339,2178,,,,,,,,,,,,,0.184318,0.1268
grafo8147.62,517,3518,,,,,,,,,,,,,0.611149,0.3072
grafo8149.82,400,2484,,,,,,,,,,,,,0.325323,0.1931
grafo8152.74,212,1854,,,,,,,,,,,,,0.092118,0.0885
grafo8156.83,466,2991,,,,,,,,,,,,,0.497922,0.264
grafo8171.69,506,2684,,,,,,,,,,,,,0.533156,0.2783
grafo8175.24,212,1167,,,,,,,,,,,,,0.080127,0.0822
grafo8185.11,463,2441,,,,,,,,,,,,,0.379953,0.1942
grafo8189.55,410,2328,,,,,,,,,,,,,0.27743,0.168
grafo8190.93,503,3280,,,,,,,,,,,,,0.580756,0.2806
grafo8193.90,204,1516,,,,,,,,,,,,,0.087023,0.0833
grafo8194.68,231,1105,,,,,,,,,,,,,0.065014,0.0598
grafo8195.19,262,1249,,,,,,,,,,,,,0.107914,0.0797
grafo8198.31,525,2543,,,,,,,,,,,,,0.521366,0.2338
grafo8199.15,145,989,,,,,,,,,,,,,0.026199,0.0554
grafo8215.56,433,2500,,,,,,,,,,,,,0.290002,0.163
grafo8217.99,331,1862,,,337.5711,,,,,,,,,,0.203925,0.1376
grafo8229.76,356,2139,,,,,,,,,,,,,0.22434,0.1444
grafo8238.73,172,1310,,,,,,,,,,,,,0.072192,0.0767
grafo8249.94,341,2658,,,,,,,,,,,,,0.253576,0.1772
grafo8251.63,388,2726,,,,,,,,,,,,,0.314941,0.2071
grafo8253.87,490,2209,,,timeout,,,,,,,,,,0.453903,0.2295
grafo8255.86,245,1111,,,30.5468,,,,,,,,,,0.09894,0.0776
grafo8262.15,329,1723,,,,,,,,,,,,,0.179463,0.1292
grafo8265.59,462,2380,,,,,,,,,,,,,0.381919,0.201
grafo8267.28,245,1357,,,18.4997,,,,,,,,,,0.099197,0.0974
grafo8276.44,267,1313,,,,,,,,,,,,,0.134149,0.1086
grafo8279.34,289,1658,,,,,,,,,,,,,0.146141,0.1183
grafo8284.23,192,1493,,,,,,,,,,,,,0.076481,0.0711
grafo8289.82,250,844,,,,,,,,,,,,,0.083778,0.0799
grafo8296.83,328,2007,,,,,,,,,,,,,0.270393,0.1694
grafo8299.45,242,1533,,,,,,,,,,,,,0.09251,0.0946
grafo8301.50,318,1578,,,,,,,,,,,,,0.226471,0.1554
grafo8302.91,294,1584,,,,,,,,,,,,,0.192643,0.1404
grafo8314.10,531,2891,,,,,,,,,,,,,0.505461,0.3294
grafo8319.80,398,2515,,,,,,,,,,,,,0.29699,0.1963
grafo8321.29,563,2840,,,,,,,,,,,,,0.641178,0.2716
grafo8324.94,255,1903,,,,,,,,,,,,,0.118103,0.1019
grafo8329.32,315,2624,,,,,,,,,,,,,0.275124,0.1833
grafo8336.91,477,2527,,,,,,,,,,,,,0.439063,0.2433
grafo8338.45,540,2569,,,,,,,,,,,,,0.508382,0.2453
grafo8339.22,278,1603,,,,,,,,,,,,,0.093763,0.0745
grafo8347.52,570,3328,,,,,,,,,,,,,0.757806,0.3338
grafo8354.69,209,1072,,,,,,,,,,,,,0.061906,0.059
grafo8357.48,365,2806,,,,,,,,,,,,,0.277199,0.1839
grafo8359.84,541,3041,,,,,,,,,,,,,0.524531,0.2651
grafo8366.87,384,2388,,,,,,,,,,,,,0.207244,0.1321
grafo8368.13,556,2892,,,,,,,,,,,,,0.538418,0.2764
grafo8370.60,187,1162,,,,,,,,,,,,,0.069842,0.0805
grafo8372.14,378,2637,,,,,,,,,,,,,0.312466,0.1818
grafo8379.15,458,2697,,,timeout,,,,,,,,,,0.407183,0.2814
grafo8380.21,373,3203,,,,,,,,,,,,,0.280431,0.1853
grafo8382.60,515,2345,,,,,,,,,,,,,0.483532,0.2589
grafo8388.91,252,1238,,,,,,,,,,,,,0.105926,0.0853
grafo8389.92,479,2813,,,,,,,,,,,,,0.419855,0.2224
grafo8403.74,420,2834,,,,,,,,,,,,,0.307667,0.194
grafo8407.85,517,3565,,,timeout,,,,,,,,,,0.594443,0.3078
grafo8408.97,405,2005,,,970.6021,,,,,,,,,,0.261956,0.1596
grafo8410.78,323,2448,,,,,,,,,,,,,0.190554,0.1399
grafo8412.72,265,1640,,,,,,,,,,,,,0.177008,0.1314
grafo8413.52,325,2648,,,,,,,,,,,,,0.212544,0.1502
grafo8416.59,575,2803,,,timeout,,,,,,,,,,0.497408,0.2339
grafo8417.57,501,2496,,,,,,,,,,,,,0.481701,0.2571
grafo8418.48,453,3129,,,,,,,,,,,,,0.394405,0.2216
grafo8420.14,535,2421,,,,,,,,,,,,,0.514637,0.2645
grafo8421.94,375,2698,,,,,,,,,,,,,0.274782,0.1779
grafo8423.94,360,1917,,,,,,,,,,,,,0.208523,0.1286
grafo8427.86,199,1375,,,,,,,,,,,,,0.085044,0.0835
grafo8431.31,286,2009,,,,,,,,,,,,,0.163965,0.1202
grafo8434.91,325,1926,,,,,,,,,,,,,0.183403,0.1245
grafo8437.64,472,2209,,,,,,,,,,,,,0.297812,0.1763
grafo8446.52,472,2492,,,,,,,,,,,,,0.381605,0.1993
grafo8448.48,273,1055,,,,,,,,,,,,,0.110092,0.0875
grafo8455.35,386,1583,,,,,,,,,,,,,0.216705,0.1454
grafo8463.52,368,1627,,,,,,,,,,,,,0.198569,0.1198
grafo8475.84,220,1722,,,,,,,,,,,,,0.094041,0.0985
grafo8479.60,355,2876,,,,,,,,,,,,,0.295072,0.1872
grafo8488.68,311,1838,,,369.6820,,,,,,,,,,0.1848,0.1304
grafo8494.54,270,1581,,,,,,,,,,,,,0.097319,0.0782
grafo8499.82,236,1073,,,,,,,,,,,,,0.072995,0.0633
grafo8503.78,496,3146,,,,,,,,,,,,,0.488741,0.2664
grafo8508.23,362,1950,,,,,,,,,,,,,0.172364,0.1209
grafo8517.33,490,2855,,,,,,,,,,,,,0.462723,0.2459
grafo8523.95,373,1785,,,,,,,,,,,,,0.257916,0.1542
grafo8524.75,269,1876,,,,,,,,,,,,,0.146264,0.1221
grafo8530.31,405,1873,,,558.1076,,,,,,,,,,0.285953,0.1741
grafo8531.23,476,2988,,,,,,,,,,,,,0.416706,0.2176
grafo8533.97,280,2200,,,,,,,,,,,,,0.211876,0.1569
grafo8535.44,262,1431,,,,,,,,,,,,,0.140441,0.1055
grafo8545.63,521,2817,,,,,,,,,,,,,0.454887,0.2474
grafo8564.68,555,3343,,,,,,,,,,,,,0.548389,0.2724
grafo8573.47,189,1395,,,,,,,,,,,,,0.079904,0.0746
grafo8579.77,242,1036,,,,,,,,,,,,,0.089087,0.0796
grafo8580.54,127,1288,,,,,,,,,,,,,0.030414,0.0474
grafo8586.11,526,3550,,,timeout,,,,,,,,,,0.594915,0.2913
grafo8588.23,214,1126,,,9.8695,,,,,,,,,,0.079078,0.0754
grafo8594.92,395,1804,,,,,,,,,,,,,0.238803,0.1377
grafo8601.50,201,1326,,,,,,,,,,,,,0.062861,0.0682
grafo8602.93,282,1803,,,,,,,,,,,,,0.164276,0.1309
grafo8605.52,400,2413,,,,,,,,,,,,,0.28545,0.1673
grafo8613.17,380,2668,,,,,,,,,,,,,0.362287,0.2118
grafo8618.58,421,3150,,,,,,,,,,,,,0.461569,0.2699
grafo8622.35,507,2375,,,,,,,,,,,,,0.489111,0.2491
grafo8628.93,598,2386,,,,,,,,,,,,,0.557539,0.2569
grafo8632.98,492,2338,,,,,,,,,,,,,0.316916,0.1785
grafo8633.79,438,3258,,,,,,,,,,,,,0.447879,0.2446
grafo8640.23,326,2165,,,,,,,,,,,,,0.189998,0.131
grafo8643.25,324,1830,,,,,,,,,,,,,0.167873,0.1175
grafo8648.55,279,2202,,,timeout,,,,,,,,,,0.195076,0.1393
grafo8658.62,530,2828,,,,,,,,,,,,,0.447025,0.2221
grafo8661.75,360,2687,,,,,,,,,,,,,0.318393,0.2189
grafo8665.79,304,1597,,,,,,,,,,,,,0.2062,0.1484
grafo8674.87,182,1699,,,,,,,,,,,,,0.066983,0.0718
grafo8683.85,298,1491,,,,,,,,,,,,,0.11948,0.0865
grafo8690.94,352,3024,,,,,,,,,,,,,0.302208,0.2094
grafo8693.19,202,1473,,,,,,,,,,,,,0.052446,0.0539
grafo8695.17,428,2542,,,,,,,,,,,,,0.340968,0.1986
grafo8697.16,508,2912,,,,,,,,,,,,,0.547386,0.2888
grafo8698.87,349,1188,,,,,,,,,,,,,0.181898,0.1196
grafo8702.44,409,2096,,,timeout,,,,,,,,,,0.255933,0.1601
grafo8705.98,253,1824,,,511.6429,,,,,,,,,,0.156184,0.1379
grafo8706.38,455,2510,,,,,,,,,,,,,0.331898,0.1972
grafo8708.63,475,2147,,,,,,,,,,,,,0.27185,0.1435
grafo8709.22,533,2888,,,,,,,,,,,,,0.55632,0.2708
grafo8717.18,282,1066,,,,,,,,,,,,,0.109023,0.0851
grafo8719.19,228,1050,,,,,,,,,,,,,0.071259,0.0643
grafo8722.34,226,1315,,,,,,,,,,,,,0.066678,0.072
grafo8727.69,376,3024,,,,,,,,,,,,,0.364639,0.2138
grafo8745.55,318,1608,,,,,,,,,,,,,0.124832,0.0973
grafo8753.78,247,984,,,,,,,,,,,,,0.081453,0.0727
grafo8754.10,219,950,,,,,,,,,,,,,0.065928,0.0652
grafo8763.76,409,2042,,,,,,,,,,,,,0.286818,0.179
grafo8766.94,497,2564,,,,,,,,,,,,,0.504091,0.5241
grafo8769.51,303,1521,,,,,,,,,,,,,0.207494,0.1391
grafo8771.94,530,3029,,,,,,,,,,,,,0.518441,0.2528
grafo8776.85,343,1969,,,,,,,,,,,,,0.243598,0.146
grafo8777.97,290,1895,,,,,,,,,,,,,0.173899,0.1262
grafo8781.81,397,2337,,,,,,,,,,,,,0.252505,0.1628
grafo8783.27,272,1375,,,,,,,,,,,,,0.16769,0.1299
grafo8789.80,440,2541,,,,,,,,,,,,,0.393948,0.2213
grafo8790.98,493,3057,,,,,,,,,,,,,0.517532,0.2591
grafo8792.21,171,1098,,,,,,,,,,,,,0.050422,0.0635
grafo8797.59,370,1791,,,,,,,,,,,,,0.207311,0.1382
grafo8798.14,314,1906,,,,,,,,,,,,,0.217555,0.1546
grafo8801.79,447,1818,,,,,,,,,,,,,0.327463,0.1812
grafo8802.83,213,1355,,,,,,,,,,,,,0.089611,0.079
grafo8817.97,513,2752,,,,,,,,,,,,,0.546769,0.261
grafo8818.46,452,2508,,,timeout,,,,,,,,,,0.339998,0.1837
grafo8821.60,405,2565,,,,,,,,,,,,,0.322954,0.1845
grafo8827.53,305,2688,,,,,,,,,,,,,0.225741,0.1602
grafo8828.72,418,1870,,,507.8011,,,,,,,,,,0.28238,0.1782
grafo8838.42,166,1206,,,,,,,,,,,,,0.056651,0.0666
grafo8842.99,202,1045,,,,,,,,,,,,,0.063207,0.0716
grafo8851.28,393,2240,,,,,,,,,,,,,0.228588,0.1413
grafo8857.40,197,1488,,,,,,,,,,,,,0.079471,0.0808
grafo8872.67,409,2491,,,,,,,,,,,,,0.354295,0.1876
grafo8873.24,420,2501,,,,,,,,,,,,,0.38848,0.2394
grafo8879.64,357,1664,,,,,,,,,,,,,0.155596,0.1111
grafo8885.85,267,1641,,,,,,,,,,,,,0.121404,0.1084
grafo8886.42,222,976,,,,,,,,,,,,,0.059573,0.0606
grafo8890.80,384,2334,,,,,,,,,,,,,0.300142,0.186
grafo8891.16,311,1816,,,,,,,,,,,,,0.156519,0.1117
grafo8895.81,431,2444,,,,,,,,,,,,,0.352105,0.188
grafo8897.93,515,2839,,,,,,,,,,,,,0.517722,0.244
grafo8908.51,256,1368,,,,,,,,,,,,,0.083218,0.0743
grafo8914.15,276,1534,,,17.1620,,,,,,,,,,0.18056,0.1348
grafo8917.72,485,2783,,,,,,,,,,,,,0.558318,0.2658
grafo8918.64,342,2419,,,,,,,,,,,,,0.316426,0.199
grafo8919.24,476,3114,,,,,,,,,,,,,0.428432,0.2279
grafo8921.45,379,2704,,,,,,,,,,,,,0.301882,0.2406
grafo8922.95,439,2204,,,,,,,,,,,,,0.287312,0.1561
grafo8924.92,416,2231,,,,,,,,,,,,,0.292584,0.1688
grafo8928.56,299,1652,,,,,,,,,,,,,0.128984,0.101
grafo8930.19,425,3396,,,,,,,,,,,,,0.3577,0.2147
grafo8934.12,333,1797,,,,,,,,,,,,,0.207431,0.1354
grafo8935.79,244,1363,,,,,,,,,,,,,0.135336,0.106
grafo8937.43,517,3182,,,,,,,,,,,,,0.492461,0.2486
grafo8940.85,392,1826,,,,,,,,,,,,,0.203294,0.128
grafo8945.63,413,2814,,,,,,,,,,,,,0.418623,0.3169
grafo8947.21,166,1122,,,,,,,,,,,,,0.058504,0.0692
grafo8949.76,477,2267,,,,,,,,,,,,,0.35049,0.1887
grafo8954.77,385,2212,,,,,,,,,,,,,0.190455,0.1207
grafo8955.17,375,2654,,,,,,,,,,,,,0.290875,0.1864
grafo8956.97,423,2945,,,,,,,,,,,,,0.310968,0.1878
grafo8958.96,251,1211,,,9.3159,,,,,,,,,,0.129511,0.1072
grafo8959.38,282,1709,,,,,,,,,,,,,0.116615,0.0916
grafo8964.78,205,1504,,,,,,,,,,,,,0.118844,0.1066
grafo8965.39,514,2638,,,,,,,,,,,,,0.518518,0.2378
grafo8983.98,428,2788,,,,,,,,,,,,,0.397478,0.2206
grafo8985.92,403,2242,,,,,,,,,,,,,0.293855,0.1866
grafo8989.57,303,2079,,,,,,,,,,,,,0.187934,0.142
grafo8990.100,434,3013,,,,,,,,,,,,,0.405538,0.2213
grafo8992.97,447,3188,,,,,,,,,,,,,0.43976,0.2328
grafo8997.82,259,1519,,,,,,,,,,,,,0.117548,0.1008
grafo8998.28,167,1346,,,,,,,,,,,,,0.051791,0.0586
grafo9000.97,365,2130,,,,,,,,,,,,,0.268122,0.165
grafo9003.59,365,1917,,,,,,,,,,,,,0.276567,0.1756
grafo9007.86,482,3367,,,,,,,,,,,,,0.425519,0.2365
grafo9009.16,421,2857,,,,,,,,,,,,,0.314794,0.1864
grafo9010.59,367,2581,,,,,,,,,,,,,0.27458,0.165
grafo9012.32,395,2043,,,,,,,,,,,,,0.245572,0.1443
grafo9020.95,291,1641,,,238.9250,,,,,,,,,,0.14325,0.1211
grafo9022.22,411,2196,,,,,,,,,,,,,0.360492,0.2067
grafo9028.37,260,1261,,,,,,,,,,,,,0.119906,0.0942
grafo9030.27,443,2924,,,,,,,,,,,,,0.406281,0.2041
grafo9033.89,270,2317,,,,,,,,,,,,,0.123447,0.1057
grafo9035.22,588,3357,,,,,,,,,,,,,0.806673,0.32
grafo9038.21,172,1525,,,,,,,,,,,,,0.096389,0.1011
grafo9043.75,467,2314,,,,,,,,,,,,,0.370313,0.2152
grafo9047.69,374,1919,,,,,,,,,,,,,0.251596,0.1474
grafo9048.60,404,2174,,,timeout,,,,,,,,,,0.266314,0.16
grafo9056.30,426,2206,,,timeout,,,,,,,,,,0.266919,0.1605
grafo9057.19,259,1568,,,,,,,,,,,,,0.122146,0.0945
grafo9063.92,246,1742,,,,,,,,,,,,,0.119417,0.1095
grafo9067.24,433,2878,,,timeout,,,,,,,,,,0.342457,0.2024
grafo9069.12,248,1335,,,,,,,,,,,,,0.126245,0.1032
grafo9070.66,197,1131,,,,,,,,,,,,,0.034822,0.0363
grafo9074.52,402,2530,,,,,,,,,,,,,0.245213,0.1537
grafo9075.23,530,2945,,,,,,,,,,,,,0.547503,0.2642
grafo9076.96,311,1830,,,,,,,,,,,,,0.228357,0.1585
grafo9077.48,421,2181,,,,,,,,,,,,,0.362538,0.1878
grafo9091.15,548,2793,,,,,,,,,,,,,0.540894,0.2576
grafo9094.23,480,3600,,,,,,,,,,,,,0.53226,0.2863
grafo9098.88,248,1256,,,,,,,,,,,,,0.089073,0.0736
grafo9099.48,433,2030,,,,,,,,,,,,,0.278275,0.1542
grafo9101.57,321,1916,,,542.0225,,,,,,,,,,0.218647,0.1681
grafo9107.72,261,1012,,,,,,,,,,,,,0.097625,0.0877
grafo9112.64,528,2668,,,,,,,,,,,,,0.597896,0.2844
grafo9116.99,314,1392,,,23.0594,,,,,,,,,,0.197889,0.1328
grafo9117.54,154,897,,,,,,,,,,,,,0.028287,0.0378
grafo9118.79,319,1467,,,254.4736,,,,,,,,,,0.146617,0.1061
grafo9124.59,215,1129,,,,,,,,,,,,,0.067044,0.0647
grafo9134.38,312,2169,,,,,,,,,,,,,0.151358,0.1123
grafo9138.75,418,2228,,,,,,,,,,,,,0.260952,0.1539
grafo9140.54,452,3153,,,,,,,,,,,,,0.443539,0.2496
grafo9143.78,393,2767,,,,,,,,,,,,,0.281304,0.1724
grafo9144.64,293,1925,,,,,,,,,,,,,0.172263,0.1259
grafo9149.35,254,1368,,,,,,,,,,,,,0.073992,0.0601
grafo9152.51,397,2420,,,,,,,,,,,,,0.304831,0.1774
grafo9154.51,424,2038,,,,,,,,,,,,,0.326642,0.1929
grafo9164.58,356,2236,,,,,,,,,,,,,0.300741,0.1674
grafo9166.96,280,1750,,,,,,,,,,,,,0.135486,0.1016
grafo9168.48,168,1342,,,,,,,,,,,,,0.07541,0.0808
grafo9169.91,179,1262,,,,,,,,,,,,,0.077738,0.0909
grafo9173.58,421,1735,,,371.7501,,,,,,,,,,0.263618,0.1585
grafo9175.39,453,3168,,,timeout,,,,,,,,,,0.416758,0.2333
grafo9178.87,316,1943,,,,,,,,,,,,,0.21671,0.1521
grafo9183.66,354,1774,,,,,,,,,,,,,0.240433,0.1585
grafo9186.20,312,2050,,,,,,,,,,,,,0.194374,0.1348
grafo9187.74,543,2801,,,,,,,,,,,,,0.488755,0.236
grafo9188.73,345,2160,,,,,,,,,,,,,0.262618,0.1621
grafo9190.94,351,2180,,,,,,,,,,,,,0.31427,0.2031
grafo9193.67,500,3171,,,,,,,,,,,,,0.397276,0.217
grafo9196.83,350,3233,,,,,,,,,,,,,0.286469,0.2012
grafo9197.57,492,2207,,,timeout,,,,,,,,,,0.339169,0.1852
grafo9198.15,585,2878,,,,,,,,,,,,,0.64908,0.2828
grafo9200.36,556,3416,,,,,,,,,,,,,0.685801,0.3194
grafo9202.60,570,2533,,,,,,,,,,,,,0.608076,0.2731
grafo9205.92,259,1489,,,,,,,,,,,,,0.154936,0.1164
grafo9206.46,233,1432,,,,,,,,,,,,,0.115079,0.0953
grafo9214.81,560,2269,,,,,,,,,,,,,0.478099,0.2369
grafo9221.73,188,1434,,,,,,,,,,,,,0.093351,0.0939
grafo9225.81,552,3244,,,,,,,,,,,,,0.567028,0.2756
grafo9230.35,429,2141,,,,,,,,,,,,,0.346894,0.2083
grafo9232.38,293,1928,,,360.4214,,,,,,,,,,0.178406,0.1355
grafo9233.17,299,1996,,,,,,,,,,,,,0.183224,0.1249
grafo9234.37,498,3063,,,,,,,,,,,,,0.514457,0.2634
grafo9248.94,370,2555,,,,,,,,,,,,,0.269867,0.1782
grafo9250.97,196,1099,,,,,,,,,,,,,0.072977,0.0736
grafo9257.38,470,2432,,,,,,,,,,,,,0.403011,0.2222
grafo9262.20,337,2018,,,,,,,,,,,,,0.272577,0.167
grafo9267.46,375,2310,,,,,,,,,,,,,0.330354,0.2068
grafo9273.58,480,3565,,,,,,,,,,,,,0.499925,0.2884
grafo9285.55,331,2185,,,,,,,,,,,,,0.231893,0.1618
grafo9286.25,285,1753,,,,,,,,,,,,,0.144413,0.1168
grafo9289.23,350,2552,,,,,,,,,,,,,0.219322,0.1536
grafo9293.72,235,1234,,,,,,,,,,,,,0.107633,0.094
grafo9294.74,375,2586,,,,,,,,,,,,,0.281076,0.181
grafo9295.39,262,1733,,,,,,,,,,,,,0.113595,0.094
grafo9297.15,237,1420,,,,,,,,,,,,,0.069644,0.0654
grafo9307.85,306,2218,,,,,,,,,,,,,0.23616,0.1558
grafo9311.61,246,1273,,,,,,,,,,,,,0.074548,0.0601
grafo9312.98,445,2391,,,timeout,,,,,,,,,,0.330156,0.1866
grafo9314.19,176,1493,,,,,,,,,,,,,0.055731,0.0595
grafo9317.15,300,1906,,,,,,,,,,,,,0.169744,0.1211
grafo9323.45,514,3009,,,,,,,,,,,,,0.537689,0.2664
grafo9324.88,365,1945,,,,,,,,,,,,,0.240771,0.1621
grafo9328.74,260,1137,,,,,,,,,,,,,0.076076,0.0623
grafo9331.95,279,1808,,,,,,,,,,,,,0.143506,0.1118
grafo9340.85,243,1060,,,,,,,,,,,,,0.079057,0.0686
grafo9342.50,427,1867,,,,,,,,,,,,,0.316033,0.168
grafo9346.10,315,2144,,,,,,,,,,,,,0.164613,0.1209
grafo9356.49,232,1065,,,,,,,,,,,,,0.087394,0.0808
grafo9358.78,360,2933,,,timeout,,,,,,,,,,0.296632,0.1945
grafo9360.96,561,2037,,,,,,,,,,,,,0.434492,0.2097
grafo9366.52,415,2615,,,,,,,,,,,,,0.34846,0.1919
grafo9377.96,206,1230,,,,,,,,,,,,,0.062437,0.0655
grafo9379.27,402,2637,,,,,,,,,,,,,0.338816,0.1888
grafo9382.76,167,1245,,,583.6647,,,,,,,,,,0.035469,0.0481
grafo9383.47,314,1936,,,,,,,,,,,,,0.209908,0.1423
grafo9385.32,330,2915,,,,,,,,,,,,,0.25873,0.1624
grafo9386.99,265,1246,,,,,,,,,,,,,0.086322,0.0706
grafo9387.20,459,3093,,,,,,,,,,,,,0.331522,0.1887
grafo9388.34,434,2315,,,,,,,,,,,,,0.346425,0.1917
grafo9391.70,322,1368,,,,,,,,,,,,,0.154649,0.1082
grafo9392.57,309,1123,,,,,,,,,,,,,0.128398,0.0907
grafo9395.41,182,927,,,,,,,,,,,,,0.051002,0.0613
grafo9404.24,564,2276,,,,,,,,,,,,,0.473046,0.2193
grafo9405.38,499,2535,,,,,,,,,,,,,0.42695,0.2216
grafo9406.25,373,1790,,,,,,,,,,,,,0.22818,0.1329
grafo9408.65,471,2096,,,,,,,,,,,,,0.280347,0.1584
grafo9409.57,208,1602,,,,,,,,,,,,,0.101939,0.1039
grafo9416.47,325,1386,,,,,,,,,,,,,0.193633,0.1212
grafo9418.64,248,1814,,,,,,,,,,,,,0.120817,0.1144
grafo9420.67,437,2504,,,,,,,,,,,,,0.331244,0.1903
grafo9424.73,220,1521,,,,,,,,,,,,,0.097762,0.092
grafo9433.19,316,1715,,,,,,,,,,,,,0.122099,0.0938
grafo9435.83,370,2108,,,,,,,,,,,,,0.251829,0.1573
grafo9437.72,507,2729,,,timeout,,,,,,,,,,0.450874,0.2299
grafo9438.45,290,1131,,,,,,,,,,,,,0.126217,0.0942
grafo9447.52,172,1350,,,,,,,,,,,,,0.085335,0.0897
grafo9449.13,222,1363,,,,,,,,,,,,,0.11288,0.0925
grafo9455.78,188,1371,,,,,,,,,,,,,0.085882,0.0852
grafo9456.62,367,2510,,,timeout,,,,,,,,,,0.260104,0.1808
grafo9466.97,445,3693,,,,,,,,,,,,,0.442384,0.2224
grafo9476.62,434,2382,,,,,,,,,,,,,0.332751,0.1881
grafo9479.56,442,2763,,,,,,,,,,,,,0.410945,0.2113
grafo9483.40,356,2047,,,530.3416,,,,,,,,,,0.224547,0.1449
grafo9484.25,457,2626,,,,,,,,,,,,,0.484487,0.2465
grafo9487.35,465,3156,,,,,,,,,,,,,0.447827,0.2347
grafo9491.62,259,1347,,,,,,,,,,,,,0.103265,0.087
grafo9492.89,270,1963,,,,,,,,,,,,,0.109681,0.0934
grafo9495.16,486,2550,,,,,,,,,,,,,0.454347,0.2268
grafo9498.91,337,1692,,,,,,,,,,,,,0.195768,0.1319
grafo9511.83,388,2654,,,,,,,,,,,,,0.367788,0.2244
grafo9514.50,360,1511,,,,,,,,,,,,,0.164751,0.1099
grafo9529.51,230,1223,,,17.5005,,,,,,,,,,0.124427,0.1113
grafo9530.74,213,1391,,,,,,,,,,,,,0.087669,0.0771
grafo9531.49,506,2752,,,,,,,,,,,,,0.468655,0.2375
grafo9532.58,252,1535,,,,,,,,,,,,,0.103345,0.0855
grafo9539.78,323,1756,,,,,,,,,,,,,0.207924,0.134
grafo9540.80,616,3523,,,,,,,,,,,,,0.895323,0.3752
grafo9545.74,224,1657,,,,,,,,,,,,,0.15294,0.1366
grafo9546.98,498,2234,,,,,,,,,,,,,0.409703,0.2104
grafo9559.16,432,2436,,,,,,,,,,,,,0.303744,0.1788
grafo9561.43,334,2168,,,,,,,,,,,,,0.284077,0.1793
grafo9564.29,341,1588,,,,,,,,,,,,,0.130503,0.0876
grafo9585.30,269,1349,,,,,,,,,,,,,0.114525,0.091
grafo9587.73,504,3094,,,timeout,,,,,,,,,,0.479475,0.257
grafo9589.37,491,2743,,,,,,,,,,,,,0.479021,0.2277
grafo9590.53,500,3397,,,,,,,,,,,,,0.516246,0.2609
grafo9601.68,381,2454,,,,,,,,,,,,,0.281853,0.1672
grafo9602.33,478,2550,,,,,,,,,,,,,0.450499,0.2392
grafo9612.57,275,1528,,,,,,,,,,,,,0.182152,0.1472
grafo9613.14,356,1918,,,,,,,,,,,,,0.217678,0.1365
grafo9615.75,400,2307,,,,,,,,,,,,,0.259183,0.1542
grafo9618.12,459,2384,,,timeout,,,,,,,,,,0.32317,0.1679
grafo9622.20,107,1205,,,,,,,,,,,,,0.023964,0.0447
grafo9623.76,304,1674,,,,,,,,,,,,,0.158203,0.1106
grafo9624.98,241,1287,,,,,,,,,,,,,0.121616,0.1019
grafo9644.62,425,1828,,,,,,,,,,,,,0.351175,0.1878
grafo9652.24,457,2749,,,,,,,,,,,,,0.423152,0.2279
grafo9655.82,400,1844,,,,,,,,,,,,,0.258967,0.1602
grafo9658.30,241,2283,,,,,,,,,,,,,0.150969,0.1202
grafo9660.81,394,2542,,,,,,,,,,,,,0.29311,0.1737
grafo9662.59,422,2234,,,,,,,,,,,,,0.296121,0.1798
grafo9666.21,282,1864,,,,,,,,,,,,,0.143842,0.1103
grafo9671.19,281,1145,,,,,,,,,,,,,0.112443,0.0836
grafo9673.61,461,2655,,,,,,,,,,,,,0.429222,0.2306
grafo9677.85,257,1969,,,,,,,,,,,,,0.114788,0.0961
grafo9695.43,333,1097,,,,,,,,,,,,,0.154479,0.1066
grafo9715.16,153,1068,,,,,,,,,,,,,0.040162,0.0476
grafo9720.92,405,1745,,,,,,,,,,,,,0.26815,0.1617
grafo9728.82,293,1367,,,,,,,,,,,,,0.186161,0.1385
grafo9729.21,363,2532,,,,,,,,,,,,,0.236514,0.1625
grafo9738.90,170,1301,,,,,,,,,,,,,0.068146,0.0764
grafo9741.100,401,1962,,,,,,,,,,,,,0.214849,0.1286
grafo9744.100,276,1769,,,,,,,,,,,,,0.124941,0.1003
grafo9749.62,197,1383,,,,,,,,,,,,,0.053895,0.0524
grafo9750.91,367,1838,,,,,,,,,,,,,0.254901,0.1663
grafo9751.31,381,1607,,,,,,,,,,,,,0.201201,0.1259
grafo9754.47,285,1462,,,,,,,,,,,,,0.101966,0.0827
grafo9757.76,552,2740,,,,,,,,,,,,,0.567336,0.2541
grafo9769.64,393,1951,,,643.0134,,,,,,,,,,0.30987,0.1837
grafo9774.14,212,1203,,,15.6643,,,,,,,,,,0.088029,0.0923
grafo9777.75,221,1264,,,,,,,,,,,,,0.103825,0.0872
grafo9781.44,257,1453,,,,,,,,,,,,,0.181647,0.1368
grafo9788.26,381,1995,,,,,,,,,,,,,0.272742,0.168
grafo9790.62,560,2963,,,,,,,,,,,,,0.45031,0.2204
grafo9792.99,193,1477,,,,,,,,,,,,,0.075108,0.07
grafo9804.60,344,2177,,,,,,,,,,,,,0.322968,0.2097
grafo9809.44,208,1381,,,,,,,,,,,,,0.07044,0.0706
grafo9810.75,377,2584,,,,,,,,,,,,,0.288878,0.176
grafo9813.71,391,2625,,,,,,,,,,,,,0.307218,0.1808
grafo9816.21,260,1603,,,,,,,,,,,,,0.140968,0.1097
grafo9827.51,409,2497,,,,,,,,,,,,,0.363093,0.1927
grafo9829.83,183,1550,,,,,,,,,,,,,0.073732,0.0775
grafo9830.46,207,1292,,,,,,,,,,,,,0.095504,0.0843
grafo9831.73,370,1985,,,505.7739,,,,,,,,,,0.266455,0.1723
grafo9832.58,342,1952,,,,,,,,,,,,,0.261365,0.1569
grafo9847.21,428,1936,,,314.9292,,,,,,,,,,0.304408,0.1649
grafo9850.80,466,2771,,,,,,,,,,,,,0.347642,0.1799
grafo9853.86,471,1985,,,,,,,,,,,,,0.384832,0.2022
grafo9855.90,560,3113,,,,,,,,,,,,,0.642792,0.3092
grafo9856.24,226,1342,,,10.1782,,,,,,,,,,0.085668,0.0722
grafo9858.14,395,2560,,,,,,,,,,,,,0.387013,0.2182
grafo9859.100,402,2179,,,,,,,,,,,,,0.321894,0.2034
grafo9861.15,511,3377,,,,,,,,,,,,,0.485505,0.2475
grafo9863.40,353,2163,,,,,,,,,,,,,0.259713,0.1667
grafo9866.55,434,2154,,,,,,,,,,,,,0.406815,0.2121
grafo9868.61,339,1860,,,,,,,,,,,,,0.169458,0.1206
grafo9871.87,560,3032,,,,,,,,,,,,,0.477128,0.2292
grafo9872.63,182,1237,,,,,,,,,,,,,0.073717,0.0826
grafo9874.40,449,2873,,,,,,,,,,,,,0.39068,0.2017
grafo9876.29,269,1344,,,,,,,,,,,,,0.114234,0.0847
grafo9877.26,491,2714,,,,,,,,,,,,,0.422852,0.2324
grafo9884.31,439,2550,,,,,,,,,,,,,0.343688,0.2049
grafo9886.87,270,1112,,,,,,,,,,,,,0.093667,0.0814
grafo9887.38,205,1261,,,,,,,,,,,,,0.089268,0.0864
grafo9900.24,196,1197,,,,,,,,,,,,,0.060446,0.0631
grafo9906.12,234,1173,,,,,,,,,,,,,0.087687,0.078
grafo9929.85,230,1234,,,,,,,,,,,,,0.108282,0.1031
grafo9931.30,464,2746,,,,,,,,,,,,,0.435446,0.2305
grafo9937.96,396,3085,,,,,,,,,,,,,0.344523,0.2117
grafo9938.21,500,3209,,,,,,,,,,,,,0.542406,0.2691
grafo9950.26,151,1162,,,,,,,,,,,,,0.030359,0.042
grafo9956.52,594,3120,,,,,,,,,,,,,0.609424,0.2872
grafo9959.19,244,1046,,,13.4052,,,,,,,,,,0.106182,0.0921
grafo9961.64,427,2440,,,,,,,,,,,,,0.39961,0.2335
grafo9963.61,382,2047,,,,,,,,,,,,,0.240977,0.1571
grafo9968.100,238,1951,,,385.4594,,,,,,,,,,0.160654,0.1395
grafo9972.63,274,2010,,,,,,,,,,,,,0.128248,0.1021
grafo9974.100,322,1545,,,,,,,,,,,,,0.119897,0.0903
grafo9981.12,465,3094,,,,,,,,,,,,,0.45762,0.2569
grafo9984.44,189,1207,,,,,,,,,,,,,0.076212,0.0832
grafo9990.60,544,2598,,,,,,,,,,,,,0.487272,0.2175
grafo9997.44,451,2218,,,,,,,,,,,,,0.322994,0.1622
grafo10000.67,381,1729,,,,,,,,,,,,,0.241397,0.1577
