466 2444
77 1 2 3 4 5 6 7 8 9 10 11 12 13 14 15 16 17 18 19 20 21 22 23 24 25 26 27 28 29 30 31 32 33 34 35 36 37 38 39 40 41 42 43 44 45 46 47 48 49 50 51 52 53 54 55 56 57 58 59 60 61 62 63 64 65 66 67 68 69 70 71 72 73 74 75 76 77
28 2 5 8 11 12 15 17 18 19 20 21 22 24 29 31 33 34 36 39 45 46 57 59 65 66 68 70 75
23 2 3 4 9 10 12 15 17 18 20 30 35 37 38 43 47 48 53 66 68 70 72 73
24 6 10 17 18 19 20 24 32 37 42 46 50 51 52 56 59 60 61 62 64 67 71 74 77
55 3 5 7 8 9 10 11 12 15 18 19 20 21 22 24 25 27 29 30 31 33 34 36 37 38 39 40 42 43 44 45 46 48 49 51 52 53 55 56 57 58 59 60 61 62 63 64 65 67 68 69 72 73 75 77
51 1 2 3 4 6 7 9 10 12 13 15 18 23 25 27 30 31 33 34 35 36 37 38 40 42 43 44 46 47 50 51 52 53 54 55 57 58 60 61 62 63 64 65 66 67 68 71 73 74 76 77
44 1 3 4 7 8 10 12 13 14 15 16 17 18 19 20 22 23 26 29 33 37 38 39 42 43 44 45 47 49 50 51 56 57 58 59 63 65 66 67 68 71 72 73 77
40 2 3 6 7 8 9 11 17 18 19 20 21 23 24 26 28 29 31 33 36 37 39 44 46 47 49 51 52 54 55 57 62 63 64 67 70 71 73 74 76
54 1 2 3 4 5 6 8 9 10 11 13 14 16 17 18 21 22 29 30 31 32 33 34 35 36 37 41 42 43 44 46 47 48 49 50 51 52 54 56 57 60 62 63 64 66 67 68 69 71 72 73 75 76 77
44 6 7 8 11 12 13 14 16 20 21 24 25 26 28 29 31 34 35 36 37 39 44 46 47 49 51 54 57 59 61 62 63 64 65 66 67 69 70 71 72 73 74 76 77
40 2 5 7 10 11 12 13 14 15 17 18 20 21 22 23 24 25 27 31 34 35 38 39 41 42 43 44 48 49 52 56 57 58 59 60 61 69 74 75 76
45 1 2 3 4 5 7 10 13 16 18 22 24 27 28 29 30 33 39 40 42 43 44 45 46 47 50 51 52 54 55 56 58 59 60 61 62 65 66 67 68 69 70 73 74 77
49 1 2 3 4 5 8 10 11 12 13 18 22 23 24 25 28 29 30 31 32 33 35 37 38 40 42 43 46 47 50 52 53 58 59 60 61 63 64 65 66 67 68 69 71 73 74 75 76 77
32 1 2 3 5 9 14 17 18 23 25 28 31 34 36 37 39 41 42 44 50 53 56 60 65 66 67 68 69 70 71 74 76
33 2 5 7 8 9 11 12 18 21 22 24 25 26 28 32 33 37 38 39 40 42 45 48 49 54 55 57 64 65 66 72 74 76
60 1 5 6 7 8 9 10 11 12 13 15 16 17 18 19 20 23 24 25 26 27 28 29 31 32 33 34 37 38 39 40 42 43 46 47 49 50 51 53 54 56 57 58 60 61 62 63 64 65 66 67 68 69 70 71 72 73 75 76 77
54 1 2 3 5 6 8 9 11 12 13 14 16 18 19 24 25 26 27 28 29 30 33 35 36 37 39 40 41 44 45 46 47 50 51 52 53 55 59 60 61 62 65 66 67 68 69 70 71 72 73 74 75 76 77
40 1 6 7 8 10 16 18 19 20 22 25 26 27 28 29 30 31 32 34 35 40 41 42 44 45 47 48 51 58 59 61 62 66 69 71 72 73 74 76 77
36 2 5 6 7 8 9 10 11 12 17 21 23 24 25 27 28 29 32 33 36 37 40 45 46 50 51 52 54 57 58 59 60 61 64 66 67
44 3 6 9 10 14 15 16 18 22 23 25 26 28 29 31 32 40 42 43 44 45 46 47 49 51 52 56 57 58 59 60 62 64 65 66 67 69 70 72 73 74 75 76 77
44 1 4 5 6 9 11 12 13 15 17 19 20 23 25 26 29 31 35 36 38 39 41 42 43 44 45 47 49 50 51 52 53 55 58 59 60 63 64 65 68 71 73 74 77
38 3 10 14 15 16 18 19 20 22 24 27 29 33 36 37 39 40 41 44 45 47 48 50 51 53 54 57 58 61 62 66 67 69 70 74 75 76 77
35 1 3 9 10 12 15 17 20 24 26 27 28 32 33 34 36 37 38 41 43 45 46 48 50 51 53 55 65 67 69 71 72 74 75 76
55 3 4 5 6 7 9 10 11 12 15 16 17 18 19 21 22 23 24 25 26 28 29 30 31 34 35 36 37 38 39 41 43 45 46 47 50 52 53 55 56 58 59 60 61 62 63 64 67 68 70 71 72 74 75 76
56 3 4 5 6 10 12 13 14 17 19 20 21 22 23 24 25 26 27 28 32 33 34 35 37 39 40 41 42 44 45 46 47 48 50 51 52 53 54 55 56 58 59 60 61 63 64 65 67 68 69 70 71 72 73 75 77
58 1 2 3 4 5 6 7 9 10 11 14 15 16 17 18 19 21 22 23 24 26 28 29 30 32 33 34 37 38 39 40 41 42 44 45 46 47 48 50 51 52 53 57 59 62 63 64 65 66 67 69 70 71 72 74 75 76 77
26 5 9 10 12 14 17 18 21 23 24 29 32 33 36 37 41 42 43 44 45 46 52 56 61 65 66
26 2 3 4 6 10 12 14 16 20 22 23 27 32 33 38 48 50 51 53 56 59 61 62 66 68 77
54 1 2 3 4 7 8 10 11 12 13 15 16 20 22 24 25 26 27 30 31 32 35 36 37 39 40 42 43 45 46 47 49 50 51 53 54 55 56 57 58 60 63 64 66 67 69 70 71 72 73 74 75 76 77
54 1 3 4 5 6 8 9 12 13 14 15 16 17 18 19 21 22 23 24 25 27 28 32 34 35 36 37 39 40 41 46 47 48 49 50 52 53 55 57 58 59 60 61 64 66 67 68 69 71 73 74 75 76 77
40 3 4 8 10 11 15 17 20 21 23 24 25 26 30 31 32 35 36 37 40 41 43 48 50 51 52 53 56 58 60 61 64 65 66 67 69 72 73 74 75
49 1 3 4 5 6 7 9 11 12 13 18 20 22 24 25 26 27 28 29 30 32 34 35 41 42 43 44 45 49 50 51 52 54 56 57 58 60 62 64 65 66 67 69 70 72 74 75 76 77
26 2 4 5 8 9 10 13 15 20 22 28 33 34 40 42 43 48 57 58 60 63 70 71 72 74 77
35 4 5 6 14 16 17 18 23 25 26 28 30 33 36 37 40 41 43 44 46 47 56 57 58 59 62 63 65 66 69 71 72 73 75 77
47 1 5 7 9 10 12 13 15 18 19 20 21 23 25 27 28 29 32 34 35 38 39 40 42 45 47 48 50 51 52 53 54 55 56 58 59 61 62 63 65 66 67 70 73 75 76 77
58 3 4 5 6 8 9 10 11 12 13 14 15 18 19 21 23 24 25 26 28 32 33 34 36 37 38 39 41 42 43 45 46 48 49 51 52 53 54 55 56 57 58 59 60 61 62 63 64 65 66 67 70 72 73 74 75 76 77
59 1 2 4 6 8 9 10 11 12 13 16 17 18 19 20 21 22 23 24 25 26 27 28 29 30 31 33 34 36 38 39 40 41 42 44 46 47 48 49 50 51 52 55 56 58 59 60 61 62 65 67 68 70 71 72 73 75 76 77
70 78 79 80 81 82 83 84 85 86 87 88 89 90 91 92 93 94 95 96 97 98 99 100 101 102 103 104 105 106 107 108 109 110 111 112 113 114 115 116 117 118 119 120 121 122 123 124 125 126 127 128 129 130 131 132 133 134 135 136 137 138 139 140 141 142 143 144 145 146 147
32 78 80 86 88 89 90 93 98 99 101 103 104 110 111 113 117 118 119 122 124 125 126 128 129 133 135 136 137 139 143 144 145
41 79 80 81 82 83 85 86 87 88 89 90 91 92 95 96 97 98 99 100 101 105 107 108 111 112 114 117 118 119 122 123 124 126 128 129 136 138 141 142 143 147
52 78 80 82 83 84 85 87 88 89 91 92 94 95 97 98 99 100 101 102 105 107 108 109 110 111 112 113 114 115 116 119 120 121 123 125 126 127 129 130 131 132 133 135 136 137 138 140 141 143 144 146 147
43 79 80 81 82 83 84 85 86 88 91 92 93 97 98 99 100 101 104 105 109 111 113 114 115 116 117 118 119 121 123 124 125 126 127 130 131 135 137 141 142 143 145 147
27 79 85 86 87 92 93 94 95 97 98 107 111 113 115 120 121 122 128 132 133 135 139 140 141 143 145 147
38 81 82 83 86 87 88 89 90 93 95 97 101 103 104 106 108 109 110 111 114 115 116 119 121 123 126 127 128 130 133 134 135 137 139 140 142 144 147
32 78 80 81 84 85 86 87 88 89 90 91 92 93 94 96 100 102 104 106 109 114 117 118 119 122 132 133 136 142 143 144 147
49 78 81 82 83 84 86 89 90 91 95 97 98 99 101 102 103 104 105 106 108 109 111 112 114 115 116 117 118 120 121 122 123 126 127 129 130 132 133 134 136 137 138 139 141 142 144 145 146 147
32 78 79 81 83 84 89 90 98 99 101 102 104 105 107 108 111 112 113 114 115 119 122 124 125 128 129 130 132 138 140 143 146
24 78 82 83 85 87 90 93 95 99 104 107 108 111 113 114 118 119 126 128 130 134 138 139 141
35 79 82 83 84 86 88 90 91 96 97 99 101 102 103 107 108 111 112 114 118 122 123 124 127 130 132 136 137 138 139 140 143 144 145 147
40 79 82 83 85 86 89 91 93 94 95 97 101 102 104 105 106 107 108 109 110 111 118 119 122 123 124 125 126 128 129 131 132 133 134 137 139 141 143 144 145
49 78 79 81 83 85 86 88 90 91 92 93 95 98 99 100 101 104 105 107 108 109 111 113 115 117 118 119 121 122 123 124 125 126 127 128 129 130 131 132 136 137 138 139 140 141 142 143 145 147
45 78 80 82 84 86 87 88 89 90 91 96 98 100 101 104 105 106 110 112 113 114 116 117 118 121 122 123 124 125 129 130 131 132 133 135 136 137 138 139 140 141 142 144 145 146
23 83 91 93 94 96 97 98 100 101 103 108 111 113 118 121 125 126 128 132 142 143 145 147
36 78 79 81 82 83 86 87 88 89 91 92 93 94 99 100 103 107 109 110 111 112 113 115 116 117 118 122 123 131 132 134 139 141 144 145 146
27 79 80 83 90 91 92 93 94 95 96 98 101 108 112 114 115 117 121 123 130 134 135 136 138 139 140 142
36 80 81 83 85 87 89 90 91 95 97 98 99 100 103 104 105 106 107 110 114 117 119 122 123 125 127 128 130 132 134 135 136 138 141 143 144
51 78 79 80 81 84 85 87 88 90 91 92 93 94 95 96 97 98 99 100 101 102 104 105 107 109 110 111 112 113 115 117 120 121 122 123 124 125 126 127 128 130 131 135 136 139 141 142 143 145 146 147
31 80 81 82 92 93 99 101 102 103 105 108 111 112 114 116 117 119 122 124 125 127 128 129 131 132 135 138 139 140 142 146
53 78 79 82 83 84 85 94 95 96 97 98 100 102 104 105 106 107 108 109 110 111 112 113 114 115 116 117 119 120 121 122 123 125 126 127 128 129 130 131 133 135 136 137 138 139 140 141 142 143 144 145 146 147
40 79 81 83 84 85 86 89 90 94 96 97 98 100 101 104 106 109 111 112 114 115 116 119 120 122 123 125 126 128 129 130 134 135 136 137 138 140 142 143 146
54 78 79 80 81 84 85 86 87 88 89 90 93 94 95 96 97 99 100 102 104 105 106 107 109 111 112 113 114 115 116 117 118 119 120 121 122 124 126 127 128 129 132 133 134 135 136 137 139 141 142 143 144 145 146
24 80 81 84 93 94 95 97 99 105 111 119 122 125 127 128 130 134 136 137 139 141 142 144 147
32 81 82 83 85 86 87 88 89 90 91 93 99 101 102 103 104 105 111 112 113 117 118 119 121 123 126 132 133 138 141 142 146
40 79 80 81 82 84 85 86 87 88 89 90 95 98 99 100 101 102 107 111 112 113 118 119 121 122 123 124 125 126 127 128 131 132 133 134 136 138 140 141 145
40 78 80 81 83 84 85 86 87 88 93 95 96 99 103 105 107 108 111 115 116 117 119 120 122 124 125 126 127 131 132 133 135 137 138 139 140 142 143 144 145
45 81 84 85 86 87 89 92 93 94 95 97 99 100 101 102 103 104 106 107 109 110 111 112 115 116 117 118 121 122 123 124 125 127 129 130 131 136 138 139 141 143 144 145 146 147
27 80 83 84 85 88 93 95 97 98 102 103 104 107 109 112 116 121 126 129 134 135 136 140 141 143 145 146
50 78 79 80 81 82 83 84 86 87 88 92 94 95 96 97 100 102 103 104 105 106 107 108 109 110 111 112 113 114 115 117 120 121 122 123 125 126 127 128 130 131 132 133 134 137 139 141 142 145 146
44 78 82 83 85 87 88 90 91 94 96 98 99 101 102 103 104 105 106 107 108 110 111 112 113 116 117 118 120 121 124 125 126 128 131 132 133 134 135 139 140 141 142 146 147
42 79 82 83 85 86 88 89 91 92 93 94 96 97 98 99 101 102 103 106 108 111 113 114 117 119 121 122 123 125 128 129 130 132 133 134 136 138 139 140 143 144 145
43 80 82 83 84 85 87 93 94 96 97 98 100 102 104 105 107 111 113 116 117 118 119 121 122 123 124 125 127 129 130 131 132 133 134 135 136 138 139 142 143 144 146 147
37 78 79 81 82 84 87 89 90 91 92 93 95 98 99 100 102 105 106 107 114 116 119 121 122 124 125 129 132 133 135 136 137 138 140 143 144 146
32 79 80 85 86 88 89 92 97 99 101 103 104 105 109 110 116 118 119 120 123 124 125 126 128 129 132 136 139 140 141 143 145
47 78 79 81 84 85 86 88 89 91 94 95 97 99 100 104 105 106 107 109 110 112 113 114 115 116 117 118 120 121 122 123 124 127 129 132 133 134 135 136 138 139 140 141 142 144 145 146
37 78 82 84 86 87 88 92 95 96 97 102 106 107 108 109 110 111 113 114 115 117 118 120 121 123 124 125 126 129 131 132 133 134 137 138 141 147
23 78 82 85 88 95 96 97 98 104 109 112 115 119 123 125 128 130 131 135 136 142 145 146
55 78 79 81 82 83 84 85 87 88 89 90 91 92 94 95 96 97 98 99 101 102 104 105 107 108 109 111 112 113 114 115 116 117 119 120 121 122 123 124 125 128 129 130 131 132 133 135 137 139 140 141 142 143 145 146
21 78 79 87 91 101 105 108 114 115 121 122 125 127 128 130 131 134 136 137 142 144
26 79 80 81 87 92 94 106 109 112 113 114 117 119 120 121 122 123 124 127 129 130 132 133 138 140 141
29 79 80 81 85 96 100 102 103 104 106 108 115 117 118 120 123 124 127 128 130 132 138 139 140 143 144 145 146 147
50 79 81 83 84 85 86 87 88 89 91 92 93 94 99 101 102 103 104 105 106 108 109 111 112 113 114 115 116 117 118 119 121 122 123 124 125 126 127 128 130 131 134 136 137 138 140 143 145 146 147
54 78 79 80 82 83 84 85 86 87 88 89 91 92 93 94 95 98 99 100 101 102 103 104 107 109 110 111 113 114 116 117 118 119 121 123 125 126 127 128 129 130 131 132 133 134 135 136 137 138 140 143 144 145 146
37 78 79 81 82 83 84 85 88 89 91 93 94 102 103 104 110 111 112 114 115 118 121 122 124 125 126 127 128 134 135 138 140 141 142 144 145 146
40 78 79 80 82 83 90 91 95 97 98 99 102 104 106 107 108 109 110 111 112 117 118 119 120 121 122 124 125 126 127 130 131 133 135 137 141 142 143 145 146
31 78 79 80 81 83 85 87 89 90 91 97 98 100 104 108 109 111 112 113 118 119 121 122 126 127 129 132 137 140 143 144
22 82 83 84 88 95 99 107 111 113 119 123 126 128 131 135 136 137 138 139 140 142 143
21 79 86 89 91 92 102 104 110 113 115 119 124 127 128 129 133 134 137 140 142 143
37 78 79 84 90 91 92 95 99 100 101 102 110 111 113 114 116 118 119 121 122 123 125 126 127 129 131 134 135 136 137 139 140 141 142 145 146 147
29 80 81 84 85 86 90 92 93 95 99 101 103 106 108 114 116 119 122 124 125 127 128 136 137 138 139 143 145 146
21 79 83 91 94 96 97 113 116 122 123 128 132 133 134 135 136 139 140 142 143 145
53 78 79 80 81 82 83 84 85 88 89 90 91 92 95 96 97 99 100 101 102 104 105 106 107 108 109 110 112 113 115 116 118 119 120 121 122 123 124 125 128 130 133 134 135 136 137 138 139 141 143 145 146 147
54 78 80 81 82 83 85 86 87 88 90 91 93 95 96 100 101 103 104 106 107 108 109 110 111 112 114 115 116 117 118 119 120 121 122 123 124 125 126 127 128 129 130 131 132 133 134 135 138 139 140 143 144 146 147
43 78 80 81 82 83 86 89 90 92 94 95 96 98 99 101 102 103 104 105 107 108 109 110 111 113 114 116 117 118 119 122 124 125 126 128 129 131 134 135 138 141 144 145
26 78 81 82 84 85 90 93 95 96 99 106 111 112 113 117 121 122 125 126 127 128 130 131 139 140 145
54 81 82 83 84 85 86 87 88 89 90 91 94 95 96 97 98 99 100 101 102 104 105 106 107 108 111 112 113 115 117 118 119 120 121 122 123 124 125 126 127 128 129 130 132 133 134 135 138 140 141 142 143 144 145
53 80 81 82 83 84 85 86 88 89 91 92 93 94 96 98 99 100 101 102 103 105 106 107 108 109 110 111 112 113 114 115 117 118 119 122 127 128 129 130 131 132 134 135 136 138 139 140 141 142 143 144 145 146
35 81 83 87 91 92 93 94 95 96 99 101 102 103 104 108 110 112 116 117 118 119 120 123 128 130 132 133 134 135 136 138 139 141 144 146
34 79 81 83 84 88 89 90 94 96 97 101 102 104 105 106 110 112 113 114 116 117 119 121 122 123 125 129 131 139 140 142 144 145 147
43 78 79 83 85 86 87 90 91 92 94 95 97 98 99 100 103 104 105 110 113 115 119 120 121 122 124 126 127 128 129 130 133 135 136 137 138 139 140 141 143 144 145 147
21 83 84 85 98 99 102 108 109 110 111 112 113 114 117 118 121 131 135 138 141 147
39 78 83 84 85 86 87 89 91 95 97 99 100 102 103 104 108 112 115 116 118 121 122 123 124 125 126 128 129 130 131 133 135 137 140 141 142 143 145 147
21 78 81 84 87 93 95 97 99 102 106 108 118 120 123 126 127 133 138 142 144 147
54 78 79 80 81 82 83 84 85 86 87 88 89 90 91 92 94 97 98 101 102 103 104 106 108 109 110 112 113 114 115 116 117 119 120 121 122 123 124 126 130 131 132 133 134 135 136 137 138 139 140 141 142 143 146
50 78 79 80 81 82 85 86 87 88 89 90 91 92 94 95 96 97 98 100 102 103 104 106 107 108 109 111 113 114 115 116 117 120 121 122 123 124 125 126 127 130 131 134 135 137 139 140 145 146 147
40 79 80 81 83 85 86 87 88 89 91 92 97 99 100 101 102 104 105 106 107 108 110 113 114 118 119 120 121 126 128 129 130 131 134 135 136 142 144 145 147
42 79 80 81 82 83 85 86 90 91 93 94 95 96 98 102 105 106 107 108 112 120 121 122 123 124 125 126 127 128 129 130 132 134 135 137 138 139 141 142 143 146 147
21 78 81 83 84 89 91 92 94 103 104 117 121 123 126 127 129 131 132 137 141 142
40 78 80 81 82 84 85 87 89 90 93 94 96 97 99 100 102 109 111 112 113 115 116 117 118 120 121 122 124 125 126 127 128 130 131 134 136 138 140 144 146
22 80 82 84 85 87 92 93 94 98 101 102 106 112 113 120 121 122 129 132 139 144 145
30 78 80 82 85 89 90 93 99 100 102 105 106 107 109 113 117 121 125 127 128 129 133 134 139 140 141 143 144 146 147
50 78 79 80 81 83 84 85 86 87 90 91 93 97 98 100 101 102 103 104 105 106 109 110 111 112 113 114 115 116 117 118 120 122 123 124 125 127 128 129 130 133 134 135 136 137 140 142 143 146 147
24 80 81 84 87 90 93 94 95 100 102 103 105 107 108 109 110 113 116 124 129 131 136 142 145
30 81 83 84 85 86 87 88 89 90 91 94 96 97 103 106 108 109 110 113 115 116 118 119 124 126 130 133 141 146 147
40 78 79 80 83 90 93 95 97 98 100 102 103 105 106 107 109 110 114 116 117 118 119 122 123 124 125 126 127 130 131 133 137 138 139 140 141 143 144 145 147
45 78 80 81 84 87 88 89 91 92 93 94 95 98 99 101 104 107 108 109 110 111 114 116 117 118 119 120 121 123 124 125 127 129 130 132 133 134 135 137 140 141 143 145 146 147
30 78 81 82 83 88 89 90 91 92 94 97 99 104 105 110 115 116 118 127 128 129 130 133 134 135 137 139 141 146 147
27 80 81 85 90 91 93 94 96 98 99 102 104 108 109 115 116 117 119 129 130 135 136 140 142 143 144 147
28 78 81 86 88 90 91 100 101 102 103 106 109 110 111 116 117 121 123 125 126 128 130 132 136 138 142 143 146
23 89 90 91 95 101 102 103 104 106 109 111 113 117 118 124 125 131 132 133 134 143 145 146
26 78 81 82 90 91 92 95 96 98 99 100 106 107 112 115 117 118 125 130 132 134 135 138 139 141 145
45 78 79 81 83 86 87 88 89 90 94 95 98 99 100 102 103 104 105 108 110 113 114 115 116 118 119 120 121 122 124 125 126 127 128 131 132 133 134 135 137 139 141 143 145 146
28 81 83 87 89 97 98 99 100 102 103 104 106 110 113 115 118 119 120 122 124 126 132 134 135 137 140 141 147
52 78 81 82 83 84 86 88 89 92 93 94 95 96 97 99 100 101 102 103 104 105 106 108 109 110 115 116 117 118 119 120 121 122 125 126 127 129 130 131 132 134 135 136 137 138 139 140 141 143 144 145 147
39 78 79 80 82 84 85 86 87 90 92 97 98 99 100 104 105 106 108 109 110 111 113 114 116 118 119 120 123 124 126 127 129 131 134 136 140 141 143 147
34 78 79 80 83 84 89 91 92 93 94 98 99 101 102 103 106 107 108 113 114 118 122 124 128 130 131 132 134 137 141 142 144 145 147
45 78 79 80 81 82 83 85 86 88 89 92 94 95 96 99 104 106 107 108 109 113 115 116 117 118 119 122 123 124 125 126 127 128 131 133 136 137 138 140 141 142 143 144 145 147
26 79 80 81 82 83 85 86 87 95 97 98 102 105 108 119 120 122 124 125 126 135 136 138 141 143 147
49 79 81 82 83 85 86 87 88 89 91 92 93 96 97 99 100 101 102 103 104 107 108 109 110 111 114 115 118 119 120 121 122 123 124 125 126 128 129 130 131 133 136 137 142 143 144 145 146 147
29 78 81 90 95 96 98 102 103 104 107 108 109 113 114 116 118 119 120 124 126 128 130 132 134 135 137 140 141 143
53 78 79 80 81 82 83 84 85 86 89 90 91 92 93 94 95 97 98 99 100 101 103 104 105 106 108 109 111 112 113 116 117 118 119 120 121 122 126 128 129 130 132 134 135 136 138 141 142 143 144 145 146 147
33 81 82 83 85 86 90 92 93 95 96 97 99 102 105 106 108 110 112 113 120 121 123 124 125 126 131 132 137 139 141 143 146 147
21 82 85 90 96 100 101 103 114 116 117 121 123 125 126 135 136 138 141 142 144 145
40 148 149 150 151 152 153 154 155 156 157 158 159 160 161 162 163 164 165 166 167 168 169 170 171 172 173 174 175 176 177 178 179 180 181 182 183 184 185 186 187
18 148 153 156 157 160 163 164 165 167 170 172 173 174 177 180 181 182 187
30 148 149 150 151 155 156 157 158 160 162 163 164 165 166 167 169 171 172 173 175 176 177 178 179 180 181 182 184 185 187
26 149 150 151 152 154 156 157 158 159 160 162 165 166 168 170 171 172 175 179 180 181 182 183 184 186 187
21 148 149 150 151 153 154 156 157 161 162 163 167 171 172 173 177 178 180 181 182 185
23 149 150 151 152 154 158 159 160 161 164 165 167 169 171 175 176 177 178 180 182 184 186 187
18 149 150 152 153 156 158 159 161 168 169 171 173 175 176 179 180 183 185
16 148 155 157 158 160 164 167 169 171 174 175 178 182 183 184 187
30 148 149 150 152 153 154 155 156 157 159 161 162 163 164 165 166 167 168 169 171 172 173 175 176 177 180 183 185 186 187
27 149 150 151 153 155 156 157 162 163 164 166 167 168 170 171 173 174 175 176 177 178 179 180 181 182 184 186
30 148 150 151 152 154 155 158 159 161 162 163 164 165 166 167 168 169 170 171 174 175 176 177 178 179 180 181 185 186 187
23 149 150 152 153 154 155 156 158 160 161 162 164 165 171 172 173 175 176 178 179 180 181 185
30 148 149 150 151 152 155 156 157 158 159 160 162 164 167 169 170 171 172 173 175 177 178 179 180 181 183 184 185 186 187
16 149 152 153 155 159 161 162 163 166 167 169 171 172 175 176 187
15 148 158 160 161 167 170 171 172 174 175 176 177 180 182 184
30 149 150 151 152 153 154 155 156 157 158 159 160 163 165 166 167 168 170 171 172 173 175 176 177 178 179 183 184 185 187
20 150 151 152 155 156 159 160 163 164 168 170 171 172 175 178 180 182 183 185 187
21 148 151 152 153 154 155 157 161 164 165 166 173 174 177 178 180 182 183 184 186 187
26 149 150 153 155 156 158 162 163 165 166 167 168 169 172 173 174 175 178 179 180 181 182 183 184 186 187
15 148 149 158 159 161 163 166 168 170 172 174 177 178 181 186
28 148 149 151 154 155 156 157 159 160 161 164 165 166 167 169 170 174 175 176 177 179 180 181 182 183 184 185 187
12 151 153 155 158 160 163 166 168 175 176 180 184
22 153 154 155 156 157 158 159 160 163 165 166 167 168 170 175 176 178 179 180 181 182 185
26 148 149 150 151 154 155 156 157 158 159 161 162 165 166 169 170 171 173 178 179 180 181 182 183 184 185
23 150 151 153 154 155 156 160 161 163 167 168 169 170 171 172 177 178 180 181 183 184 185 187
18 150 151 154 156 158 159 161 163 164 168 175 176 180 182 183 184 186 187
14 148 150 156 158 163 164 167 170 171 174 177 180 181 183
19 149 152 153 154 158 166 167 169 171 174 176 177 178 180 182 183 185 186 187
24 148 153 154 156 157 159 160 162 163 164 165 166 167 169 170 171 174 175 176 178 180 185 186 187
19 148 149 151 152 153 154 155 157 162 167 168 173 174 175 178 180 183 184 186
22 149 150 151 154 159 163 164 166 167 168 171 172 173 174 175 176 177 178 184 185 186 187
24 151 152 154 155 156 157 158 160 161 163 165 167 169 173 174 176 177 178 179 180 181 183 185 187
16 148 151 155 158 160 167 169 176 178 180 181 182 183 184 185 187
18 148 150 151 154 156 161 162 165 166 168 171 172 173 174 178 179 184 187
30 149 150 151 152 153 154 155 157 158 161 163 164 165 166 167 168 169 170 171 172 173 175 176 178 179 180 183 185 186 187
16 152 154 157 164 165 167 169 174 176 179 180 181 182 183 186 187
26 188 189 190 191 192 193 194 195 196 197 198 199 200 201 202 203 204 205 206 207 208 209 210 211 212 213
11 189 191 194 195 198 199 201 202 205 210 211
20 188 189 191 192 193 195 197 198 200 201 203 205 206 207 208 209 210 211 212 213
13 190 193 195 196 198 199 201 203 205 206 208 211 212
12 188 192 194 196 203 204 206 207 208 210 211 213
11 193 197 200 201 203 204 206 208 209 212 213
12 188 190 193 194 199 200 203 204 205 206 209 210
14 189 190 191 192 195 196 201 203 204 207 208 209 210 212
19 188 189 190 191 193 194 195 197 198 200 201 202 203 206 207 208 211 212 213
12 188 194 195 198 199 201 203 204 206 208 209 211
17 188 189 190 194 196 197 198 199 200 201 202 203 204 205 208 209 210
19 190 192 193 194 195 196 197 198 199 201 202 203 204 205 207 208 210 211 212
13 189 190 193 194 196 197 201 202 204 207 209 210 213
11 188 190 194 195 198 202 206 208 210 211 212
15 189 190 192 193 194 197 200 202 204 205 208 210 211 212 213
16 188 190 192 193 194 198 199 201 202 204 205 206 207 209 210 212
12 188 189 192 195 199 201 202 205 209 210 211 212
11 192 195 197 198 201 205 206 208 209 211 212
14 188 189 190 192 194 196 199 200 205 206 207 211 212 213
9 196 197 198 201 205 206 208 210 211
19 188 189 190 193 194 195 196 197 198 199 200 201 202 204 208 210 211 212 213
18 189 190 192 193 195 196 197 198 199 202 203 204 206 208 209 211 212 213
16 189 190 191 193 194 195 198 200 201 203 204 207 209 210 211 213
13 190 191 192 193 195 196 197 201 202 207 208 212 213
11 188 193 197 198 203 204 206 208 209 210 212
10 189 192 195 199 201 203 208 211 212 213
13 193 194 197 200 201 202 203 204 207 208 209 210 213
52 214 215 217 218 220 221 223 224 226 227 228 229 230 231 233 234 235 237 239 241 242 243 246 248 250 252 253 255 256 257 258 260 262 263 264 265 266 268 269 270 271 272 273 274 275 276 277 278 283 284 287 289
15 214 223 224 227 236 239 256 257 261 266 278 281 285 287 289
33 215 216 219 220 221 222 229 230 232 235 238 241 242 243 244 246 247 253 254 256 258 264 266 267 268 270 271 273 274 275 280 284 290
10 225 235 245 256 264 265 267 274 277 285
26 220 226 227 228 229 230 235 246 247 250 252 253 254 262 263 267 268 269 272 273 276 277 282 283 289 290
13 219 221 222 229 234 247 251 265 268 271 273 283 284
4 254 282 288 290
17 215 216 221 233 237 239 240 256 260 264 266 274 279 285 286 287 288
40 214 216 219 220 223 227 228 229 230 231 232 233 234 235 240 241 242 243 244 245 246 247 248 252 254 256 257 259 260 266 267 268 273 274 276 277 279 280 281 290
22 216 217 218 220 222 225 230 232 233 234 235 237 240 244 247 249 253 255 275 280 282 284
21 217 218 219 222 223 224 225 231 232 238 243 245 248 251 255 257 258 259 265 270 280
26 214 217 218 224 225 226 228 233 234 239 240 245 248 250 255 261 262 263 265 269 278 282 283 285 287 288
38 214 215 219 221 223 225 228 229 233 235 236 237 238 240 241 242 245 246 247 251 254 257 262 263 266 267 270 272 273 274 275 280 283 284 285 287 288 289
19 215 216 218 219 240 242 251 256 258 261 262 266 268 270 277 279 281 285 286
26 216 217 218 219 221 222 224 228 233 236 240 242 244 247 249 255 260 265 266 269 274 285 286 287 289 290
45 215 216 217 218 219 224 226 227 228 231 232 233 238 240 241 242 243 244 246 247 250 252 253 254 256 257 259 260 262 263 265 267 269 271 272 273 274 275 277 279 280 281 284 285 286
20 218 226 229 232 233 235 238 240 249 251 255 261 262 267 268 275 279 280 282 290
27 214 216 217 223 225 228 230 231 232 233 236 241 242 243 253 259 263 267 270 274 275 277 278 279 285 286 290
21 214 220 223 228 229 234 240 241 242 247 248 250 256 257 262 277 278 286 287 289 290
19 216 219 225 232 236 238 240 244 245 247 249 259 261 267 279 280 281 285 286
25 216 219 221 226 228 234 236 247 248 250 252 254 256 258 259 262 266 267 270 272 274 276 277 282 285
20 214 217 219 220 223 228 240 241 243 251 256 267 270 273 274 279 280 285 287 290
43 216 217 218 219 220 221 222 227 228 229 230 231 232 234 237 239 240 242 246 248 249 250 252 254 255 258 260 262 263 266 268 270 271 272 273 275 276 278 279 280 281 283 290
11 225 239 243 248 257 264 271 276 277 281 283
35 214 218 220 224 225 226 228 232 237 239 241 246 247 252 253 255 256 259 262 265 267 268 271 272 273 274 275 277 280 282 283 285 288 289 290
12 216 230 243 248 250 251 252 258 266 274 284 286
30 214 216 218 220 226 227 229 233 234 235 240 245 249 251 252 253 256 257 261 264 265 266 270 271 272 275 276 277 278 280
42 215 216 217 219 221 222 223 227 229 230 231 233 234 235 236 238 240 242 243 244 245 248 249 250 251 254 257 258 260 261 263 264 266 269 270 276 278 279 281 284 286 287
33 216 217 219 220 221 223 228 233 235 236 238 240 241 242 243 249 253 254 255 256 257 258 259 261 263 269 271 272 274 283 287 289 290
16 225 226 228 234 236 237 247 249 250 251 271 275 281 282 286 289
27 216 217 219 220 221 222 228 237 239 241 244 245 246 247 248 250 252 257 258 259 264 266 272 274 278 287 289
35 217 218 219 221 222 223 228 230 231 232 236 240 241 242 243 245 246 247 250 256 258 259 260 263 265 266 271 273 276 277 279 280 281 287 288
16 220 221 223 225 235 237 250 254 257 268 270 273 275 276 279 282
2 222 251
18 223 227 231 236 237 249 251 252 257 259 260 272 276 277 279 281 286 289
19 214 223 229 230 231 232 239 243 244 249 253 263 265 269 271 278 279 283 286
47 215 217 219 221 222 223 224 225 228 230 231 232 236 237 238 239 241 242 243 244 246 247 248 250 254 255 258 259 260 262 263 267 268 269 273 274 279 281 282 283 284 285 286 287 288 289 290
13 214 234 236 241 242 244 249 261 271 275 278 281 284
15 225 226 229 231 235 236 238 246 259 260 271 283 284 287 290
37 215 217 218 221 222 224 225 226 236 237 238 239 249 250 251 253 255 258 261 262 263 264 265 269 270 271 272 275 278 282 283 284 285 286 287 288 289
38 214 218 219 224 226 228 229 230 232 234 237 243 245 246 248 249 250 252 253 255 259 260 261 262 263 264 265 266 269 270 271 272 273 275 279 281 287 290
12 215 219 231 245 252 260 263 268 269 271 274 276
29 216 218 219 226 227 228 229 232 234 236 239 242 247 248 251 253 254 256 259 264 267 270 273 275 278 279 284 285 287
47 214 216 219 220 222 223 224 225 226 228 229 231 232 233 234 236 238 239 241 242 244 245 247 248 249 250 252 253 255 256 257 258 259 261 263 266 268 271 273 275 278 281 283 284 285 286 287
37 215 218 220 224 226 227 235 237 238 239 240 244 245 246 248 249 250 252 254 255 256 257 258 260 261 262 264 266 269 272 276 280 281 282 287 288 289
6 218 227 237 248 251 266
21 215 222 230 232 237 238 242 247 249 250 254 257 258 259 262 263 271 277 278 281 288
18 216 218 225 226 229 234 245 246 253 255 261 264 265 266 269 272 276 283
24 215 217 218 220 222 224 225 237 241 242 245 251 255 257 260 261 264 268 273 280 281 284 287 290
28 221 226 228 229 238 241 242 243 246 248 250 251 254 258 259 262 264 265 267 270 272 273 277 279 283 286 288 290
48 214 215 217 220 221 222 223 224 225 230 231 233 235 237 238 240 241 243 244 245 246 249 250 252 255 257 258 260 261 262 263 265 266 268 269 271 272 274 276 277 280 281 282 283 286 288 289 290
24 214 217 221 222 225 226 228 229 233 234 236 239 244 249 262 263 264 268 272 273 275 282 287 289
32 215 216 221 222 231 232 235 236 238 243 245 246 249 260 261 263 264 265 267 268 269 270 271 272 273 280 281 282 283 284 285 288
15 214 215 226 227 231 232 234 238 246 254 258 261 275 278 284
23 222 224 230 232 233 235 239 242 246 252 254 262 263 264 265 266 272 276 277 280 284 285 290
25 220 223 229 230 235 237 241 245 250 251 252 253 256 259 262 263 267 268 270 272 273 279 280 282 288
38 214 215 222 224 225 226 229 230 231 232 234 239 244 245 246 247 250 252 260 262 264 265 267 268 270 273 275 276 277 278 279 280 281 282 284 285 286 288
25 214 217 222 228 229 234 236 239 241 244 245 248 249 253 255 262 263 265 271 272 280 286 288 289 290
22 223 224 227 232 237 238 240 241 242 247 253 254 257 265 267 271 277 278 279 280 288 290
12 214 224 226 236 238 241 253 261 269 282 288 289
19 215 218 219 220 231 235 245 246 255 256 259 260 261 269 270 276 281 283 285
39 215 216 217 220 221 222 223 225 227 231 233 235 236 238 239 240 241 242 244 247 251 254 256 257 258 267 268 274 276 277 278 280 282 283 284 285 286 288 289
17 216 217 218 220 227 231 234 239 248 249 250 258 261 264 268 277 282
24 217 218 219 224 225 226 227 230 233 237 239 244 251 252 253 254 255 258 259 266 274 275 276 279
14 222 224 227 228 230 233 248 249 252 254 255 257 263 269
19 215 216 224 227 233 237 238 239 249 251 253 254 257 261 262 264 268 270 283
23 214 220 225 226 229 234 235 244 248 252 255 267 269 272 274 275 278 282 284 285 286 289 290
32 214 220 221 222 223 225 229 230 234 235 236 237 239 245 248 249 251 255 258 261 264 266 268 270 276 278 282 283 287 288 289 290
12 215 223 233 243 244 247 251 257 259 284 286 287
18 218 219 226 227 230 231 233 238 246 256 259 260 261 274 277 281 283 287
9 227 233 235 238 240 246 275 288 289
11 214 224 230 234 243 254 256 260 270 271 281
22 222 224 226 230 232 243 244 252 253 255 256 259 260 265 269 271 276 278 279 281 286 290
18 215 216 224 232 240 242 243 247 251 252 258 264 266 267 269 278 284 285
19 215 223 225 227 231 236 242 253 263 265 269 273 276 277 283 284 285 286 288
38 214 215 216 217 218 219 220 221 223 227 229 231 238 240 241 243 244 245 248 253 255 256 257 258 259 260 261 267 268 269 270 273 274 278 279 283 287 288
29 214 217 220 221 223 232 234 237 239 241 243 244 245 247 250 253 264 265 267 272 273 274 275 276 278 280 282 288 289
30 215 217 218 221 227 230 235 237 240 243 246 251 254 260 262 264 265 267 269 270 272 274 276 277 279 280 282 288 289 290
18 221 224 227 231 233 235 236 239 244 248 252 260 268 275 282 284 286 289
20 216 217 223 225 228 230 231 232 233 236 241 243 253 259 263 267 270 278 279 286
16 214 220 223 230 234 239 245 248 255 258 261 266 282 288 289 290
20 216 223 227 230 232 234 235 240 242 244 246 247 248 252 254 257 268 274 276 280
9 214 224 226 236 238 241 269 288 289
10 221 224 235 236 239 244 268 282 286 289
15 216 219 240 242 251 256 258 262 268 270 277 279 281 285 286
2 254 288
14 217 218 224 225 226 228 234 239 240 245 261 262 265 269
18 224 232 233 235 239 242 246 252 262 263 264 265 266 276 280 284 285 290
14 215 216 221 233 237 239 256 266 274 279 285 286 287 288
30 217 219 221 222 223 228 231 236 240 241 242 243 246 247 250 256 258 259 260 263 265 266 273 276 277 279 280 281 287 288
15 224 230 232 233 239 242 252 262 263 264 266 272 276 280 284
7 233 235 238 246 275 288 289
34 217 219 221 222 230 233 234 235 236 238 240 242 243 244 245 248 250 251 254 257 258 260 261 263 264 266 269 270 276 278 279 281 284 286
24 221 226 229 238 241 242 243 246 248 251 254 258 259 262 265 267 270 272 273 277 279 283 288 290
11 216 219 236 245 247 249 261 280 281 285 286
10 222 224 227 228 230 233 248 254 263 269
19 217 218 220 224 225 241 242 245 251 255 257 260 261 268 280 281 284 287 290
11 221 224 227 231 233 236 248 268 284 286 289
19 222 224 232 234 244 246 247 250 260 262 264 268 270 276 279 281 282 285 286
10 233 235 238 240 251 255 268 275 279 290
8 214 241 242 261 271 275 278 284
17 216 221 226 228 234 248 252 254 258 259 266 267 270 272 274 277 282
10 216 224 243 247 251 258 264 266 267 285
16 227 228 232 234 239 242 247 251 253 259 264 267 275 278 279 285
10 222 224 227 228 233 248 249 255 257 263
5 239 243 264 271 277
40 215 217 219 221 222 223 224 225 228 230 231 232 236 237 238 239 242 243 244 246 247 248 250 254 258 259 262 267 268 273 274 279 281 282 283 285 286 288 289 290
7 224 227 230 233 248 249 255
7 233 244 247 251 257 259 284
19 216 218 220 223 229 240 244 245 253 257 258 259 261 267 268 269 283 287 288
29 215 216 219 220 221 222 229 230 232 238 241 242 243 244 246 253 254 256 258 264 266 268 271 273 274 275 280 284 290
4 227 237 248 251
9 216 230 243 248 252 258 266 284 286
29 216 217 220 223 225 227 231 233 236 238 239 241 247 254 256 257 258 267 268 276 278 280 282 283 284 285 286 288 289
13 214 223 229 230 231 239 243 249 263 269 271 278 279
1 251
22 214 216 217 223 228 230 231 232 236 241 242 243 253 263 267 270 274 275 278 279 286 290
32 214 215 216 217 218 219 220 227 229 231 238 240 241 243 244 245 255 256 257 259 260 261 267 269 270 273 274 278 279 283 287 288
7 225 239 243 248 276 277 283
8 223 227 236 239 256 261 266 287
40 215 219 228 230 231 232 236 237 238 239 241 242 244 246 247 248 250 254 255 258 259 260 262 263 267 268 269 273 274 279 281 282 283 284 285 286 287 288 289 290
14 216 218 225 226 234 245 253 255 261 264 265 266 269 276
23 220 223 228 233 235 236 240 243 249 253 254 255 257 258 259 261 263 271 272 283 287 289 290
31 214 215 219 221 228 233 236 237 238 240 241 245 246 247 254 262 263 266 267 270 272 273 274 275 280 283 284 285 287 288 289
20 214 228 230 232 234 237 243 245 246 250 253 255 260 262 263 269 270 271 279 290
1 222
11 223 227 232 237 238 241 242 247 257 271 278
12 214 223 229 231 232 243 244 265 269 279 283 286
8 225 226 228 234 250 275 281 282
16 217 222 237 241 242 245 251 255 257 261 264 268 280 281 287 290
26 216 217 219 220 221 223 228 233 236 238 240 241 242 243 253 254 255 257 258 269 271 272 274 283 287 289
6 215 219 252 260 271 276
30 215 219 221 223 225 228 229 236 237 238 240 242 246 247 251 254 257 263 266 267 270 272 273 274 280 284 285 287 288 289
18 217 225 228 231 232 236 241 242 243 253 263 267 270 278 279 285 286 290
20 214 217 222 226 229 233 234 236 244 249 262 263 264 268 272 273 275 282 287 289
11 218 219 226 230 231 233 238 256 281 283 287
17 222 230 232 233 239 242 246 252 264 265 266 272 277 280 284 285 290
15 216 219 227 232 248 251 254 256 264 267 273 275 279 284 285
39 214 216 220 222 223 224 225 226 231 232 233 234 236 238 239 241 242 244 245 247 248 250 252 253 255 256 257 258 259 261 268 271 275 278 281 283 284 285 287
31 221 222 223 224 225 230 231 232 236 237 239 242 244 246 247 248 250 254 258 259 262 263 269 273 281 282 285 287 288 289 290
22 214 218 220 224 225 228 232 237 239 241 246 253 255 256 265 267 268 272 273 274 275 285
15 214 223 229 230 231 232 239 244 253 263 265 269 278 283 286
31 217 218 221 222 223 228 230 231 232 236 240 241 242 243 245 246 247 250 256 258 259 260 263 265 271 273 276 279 281 287 288
8 222 224 227 228 230 249 254 269
15 222 224 230 232 233 235 239 254 262 264 265 272 276 284 285
8 222 224 228 230 248 252 255 263
24 219 220 221 223 235 236 238 240 242 243 253 254 256 257 261 263 269 271 272 274 283 287 289 290
19 214 217 221 222 225 226 229 233 234 236 239 249 262 263 268 272 282 287 289
32 218 221 222 224 225 226 236 237 238 249 251 253 255 258 261 262 263 264 265 269 270 271 272 275 278 282 283 284 285 286 287 289
11 214 230 232 239 244 249 263 269 271 279 283
15 215 220 222 225 241 245 251 255 257 260 261 268 273 281 284
10 215 219 231 245 252 268 269 271 274 276
25 219 224 226 228 230 232 234 243 246 248 249 252 255 261 262 263 264 265 266 270 272 273 275 279 290
1 222
25 215 216 217 218 219 221 223 227 229 238 243 248 253 256 257 258 259 261 268 270 273 274 283 287 288
19 214 217 222 228 229 234 239 241 244 248 249 253 262 263 265 271 272 288 290
20 214 216 218 220 229 233 234 235 249 251 252 253 257 261 270 271 272 276 277 280
21 217 219 221 223 227 231 233 234 238 240 243 249 257 258 263 264 269 270 278 279 284
35 215 217 219 221 222 223 224 225 231 236 237 238 244 247 248 250 254 258 259 260 262 263 267 269 273 274 279 281 283 284 286 287 288 289 290
14 217 220 221 228 241 244 245 257 259 264 272 278 287 289
22 217 219 221 222 223 227 229 230 235 236 240 242 245 249 254 258 263 278 281 284 286 287
33 214 216 220 227 228 230 233 234 235 240 241 242 243 244 245 246 248 252 254 257 259 260 266 267 268 273 274 276 277 279 280 281 290
20 217 219 220 222 228 239 241 246 247 248 250 252 257 258 266 272 274 278 287 289
14 217 218 219 222 224 225 231 232 238 243 245 251 258 280
31 215 219 221 223 224 228 230 231 232 237 238 239 241 242 243 258 259 260 262 263 267 269 279 281 282 283 284 286 287 289 290
21 217 219 221 223 228 235 238 241 243 249 253 254 255 258 259 261 263 272 274 289 290
19 221 222 223 229 230 234 236 237 248 251 255 264 268 270 282 283 287 288 290
15 216 219 228 248 250 252 254 262 267 270 274 276 277 282 285
11 223 227 231 236 237 249 259 260 272 286 289
26 214 218 220 226 227 229 233 234 235 245 249 252 256 257 261 264 265 266 270 271 272 275 276 277 278 280
14 215 230 232 237 247 249 250 257 258 259 262 263 281 288
19 217 222 223 228 230 236 241 246 247 260 263 265 271 276 279 280 281 287 288
4 218 237 248 251
21 217 221 222 225 226 228 229 233 234 236 239 244 249 262 263 264 268 275 282 287 289
20 214 215 219 221 223 235 236 237 241 245 254 262 263 270 273 275 280 287 288 289
25 214 224 226 228 229 231 232 234 242 244 249 252 255 256 257 261 263 266 268 271 278 281 283 284 285
20 214 220 225 226 229 234 235 244 248 252 255 269 274 275 278 282 284 285 286 290
11 223 224 227 236 239 257 261 266 278 281 289
25 220 223 224 225 230 233 235 237 240 241 244 245 246 249 250 252 255 260 262 265 266 271 276 277 290
12 223 228 241 247 248 250 256 262 278 287 289 290
10 221 222 229 234 247 251 265 271 273 283
2 254 290
36 215 216 217 219 221 222 223 227 229 230 231 233 236 238 240 242 244 245 248 249 250 251 254 258 260 261 263 264 266 269 270 276 278 284 286 287
21 214 217 218 224 225 226 228 233 234 239 245 248 250 255 261 265 269 278 282 283 287
17 216 219 221 226 228 234 236 248 250 256 258 259 262 266 267 272 282
31 215 220 221 224 226 230 234 237 241 246 248 250 252 253 255 256 258 260 262 263 264 265 266 272 274 275 276 277 278 283 284
9 221 223 237 257 268 270 275 279 282
18 215 222 235 245 246 249 260 261 263 265 268 269 270 271 272 280 283 284
14 218 233 235 238 240 249 255 262 267 275 279 280 282 290
9 223 224 227 239 256 257 266 278 285
28 214 216 219 220 223 227 228 230 231 234 235 240 243 244 247 248 256 257 259 260 266 267 268 274 277 279 281 290
15 214 220 223 228 229 234 242 247 248 257 277 286 287 289 290
21 215 217 221 222 225 236 237 250 251 255 261 264 265 275 282 283 284 285 286 287 289
12 215 222 230 237 242 247 249 250 257 258 259 262
20 216 219 221 226 228 234 236 250 252 254 256 258 262 266 267 270 272 274 276 277
15 214 220 223 229 234 242 247 250 256 277 278 286 287 289 290
5 239 257 276 277 281
13 223 227 231 236 249 251 257 259 272 277 279 286 289
21 220 227 228 230 235 246 247 250 253 254 262 263 267 268 269 272 273 276 277 282 290
9 215 224 240 242 258 266 267 284 285
15 215 224 233 237 238 249 251 253 254 257 261 262 268 270 283
7 214 224 226 238 241 253 289
4 218 227 248 251
8 224 230 234 243 256 260 270 271
25 215 217 218 221 227 235 237 240 243 246 251 254 260 262 267 269 270 272 274 276 279 280 282 288 290
10 235 236 238 246 259 260 271 283 287 290
15 221 227 237 243 246 251 260 264 265 270 274 276 277 288 289
11 225 234 235 248 255 267 269 274 275 282 285
20 222 224 230 232 233 239 242 246 252 254 262 264 265 266 272 276 277 280 284 285
15 216 217 218 221 228 233 236 242 244 260 265 274 287 289 290
9 214 224 236 261 278 281 285 287 289
15 218 221 235 237 240 243 251 254 269 270 274 277 279 288 289
11 215 216 218 219 240 242 251 256 258 262 281
12 214 223 229 230 231 239 244 253 263 269 271 278
10 214 224 226 236 238 253 261 269 288 289
30 215 221 223 224 225 228 230 236 239 241 242 246 247 248 250 255 258 259 263 267 268 279 281 283 284 286 287 288 289 290
14 218 238 240 249 251 255 261 262 267 268 275 279 280 290
14 215 223 225 231 236 263 265 269 273 276 277 283 284 286
4 218 227 237 251
16 214 220 225 226 229 234 235 252 255 267 269 274 275 284 289 290
28 215 217 219 221 223 228 231 232 236 239 243 246 247 248 250 255 267 269 273 274 279 281 282 284 285 287 288 290
9 225 239 243 248 257 264 271 276 281
11 221 223 225 235 237 250 257 268 270 273 275
30 219 220 222 223 224 225 226 228 231 232 234 236 239 242 244 247 248 252 253 256 257 258 259 271 275 278 281 283 285 287
22 215 217 221 222 225 226 237 249 250 251 255 258 262 264 272 275 278 282 283 285 287 288
19 220 223 229 235 237 241 250 251 252 253 256 259 262 263 268 270 272 273 282
14 216 218 247 253 256 259 264 267 270 273 278 284 285 287
18 215 217 218 220 224 225 241 242 251 255 257 260 264 268 273 280 284 287
8 225 237 250 254 268 275 276 279
7 227 233 238 240 275 288 289
8 215 226 234 238 246 258 261 278
11 226 228 234 236 237 247 249 250 271 275 282
13 218 220 222 224 225 251 255 257 260 273 284 287 290
8 215 219 231 252 263 269 271 274
29 214 218 219 224 226 228 232 234 237 245 246 249 250 252 253 255 259 261 262 263 264 265 266 269 270 273 275 281 287
11 216 218 220 231 239 248 250 258 264 277 282
7 222 227 230 233 248 252 255
6 243 248 257 271 276 283
14 223 225 236 242 253 263 265 269 273 276 283 284 285 288
16 216 218 220 230 232 234 235 237 244 247 253 255 275 280 282 284
4 227 248 251 266
25 214 217 220 221 223 232 234 237 239 243 244 245 250 253 264 267 273 274 275 276 278 280 282 288 289
11 215 227 236 242 253 265 269 273 283 285 288
16 215 218 219 220 231 235 246 255 256 260 269 270 276 281 283 285
23 219 220 223 227 229 230 231 232 233 234 241 244 245 247 248 252 266 267 268 273 277 279 280
19 214 217 221 222 225 226 228 233 234 236 239 262 263 264 268 273 275 282 287
21 214 218 226 228 230 234 245 248 250 252 253 255 260 261 263 264 266 270 272 273 279
17 223 224 227 232 237 238 240 241 254 257 265 271 278 279 280 288 290
8 225 245 256 264 265 267 274 277
9 231 236 249 251 252 259 276 277 279
15 218 226 227 230 231 233 238 256 259 261 274 277 281 283 287
13 225 228 234 236 237 249 250 251 271 275 281 282 289
35 214 216 219 224 225 226 228 229 231 232 233 236 238 239 241 242 247 248 249 250 252 253 255 258 259 261 263 273 275 278 283 284 285 286 287
15 217 219 224 225 226 230 237 239 244 251 252 258 266 275 279
12 214 215 226 227 231 234 238 246 254 258 261 275
15 214 222 228 229 236 241 245 248 249 253 255 263 271 289 290
11 227 231 236 252 259 260 276 277 279 281 286
13 225 226 231 235 236 238 246 259 271 283 284 287 290
19 216 217 218 222 225 230 232 233 234 237 240 244 247 249 255 275 280 282 284
14 220 226 227 229 230 246 247 254 263 273 276 282 289 290
31 219 221 222 223 225 231 236 237 238 239 241 244 247 248 254 255 258 259 260 262 268 269 274 281 282 283 284 285 286 287 289
30 215 217 219 230 231 237 239 241 242 244 246 247 250 254 255 258 259 260 262 263 267 268 269 273 279 284 285 286 288 289
12 215 216 224 227 233 237 249 251 254 262 264 268
30 217 221 222 224 225 226 236 237 238 249 250 251 253 255 258 261 263 264 265 269 270 271 272 275 278 282 283 284 288 289
25 215 216 219 223 231 233 235 236 243 244 245 248 257 260 261 264 266 269 270 278 279 281 284 286 287
16 214 220 223 229 234 241 247 248 250 256 257 262 277 278 289 290
17 215 218 221 237 246 251 262 264 265 269 274 276 277 279 282 288 290
36 215 216 217 219 221 223 227 229 230 231 233 234 235 236 238 240 242 243 244 248 249 250 251 254 257 258 260 264 266 270 276 278 281 284 286 287
14 217 218 220 222 230 234 240 244 247 255 275 280 282 284
12 226 231 235 238 246 259 260 271 283 284 287 290
7 224 230 248 254 255 257 263
27 217 218 219 220 221 222 228 229 230 232 234 237 240 246 250 252 260 262 263 266 268 270 271 275 279 280 281
15 215 218 219 220 231 235 245 246 255 256 261 269 281 283 285
13 219 221 224 233 236 242 249 255 265 266 274 286 287
33 214 222 224 225 226 229 230 232 234 239 244 245 246 247 250 252 260 262 264 265 267 268 270 273 276 277 278 279 280 281 284 286 288
9 234 236 242 249 261 271 278 281 284
32 215 217 220 221 223 224 226 228 230 231 235 237 239 241 242 248 250 252 253 255 263 266 268 269 271 272 273 275 276 277 283 287
29 214 216 219 220 222 229 231 232 233 234 236 238 239 241 245 247 248 253 255 256 257 258 259 266 268 278 283 284 287
14 222 226 230 232 244 253 255 256 265 269 271 276 281 286
17 218 219 224 226 227 239 244 251 254 255 258 259 266 274 275 276 279
4 218 227 248 266
19 228 229 238 241 243 246 250 251 254 262 264 265 267 272 277 283 286 288 290
16 216 224 237 238 239 249 251 253 254 257 261 262 264 268 270 283
51 214 216 217 218 219 221 222 223 224 228 229 230 232 235 238 241 242 243 244 245 248 249 250 251 252 253 254 255 257 259 260 263 266 267 268 271 272 273 274 275 277 279 280 281 282 284 286 287 288 289 290
51 214 216 217 218 220 222 223 225 226 227 229 230 232 233 236 237 238 239 240 241 242 243 244 250 254 255 258 259 262 263 264 265 267 269 270 271 272 273 274 276 277 279 280 281 282 283 284 285 287 288 289
24 218 221 222 223 225 232 234 235 239 242 245 246 247 251 252 254 255 258 263 276 279 282 287 290
25 215 218 221 222 227 230 233 234 236 239 241 243 248 254 255 256 260 261 262 273 275 278 281 282 286
37 216 218 219 220 221 225 226 233 234 235 236 238 240 244 248 250 255 257 258 259 260 261 262 263 265 266 268 271 272 274 277 279 280 282 285 289 290
39 215 218 220 221 223 225 229 232 236 237 238 239 240 241 242 244 252 254 256 258 260 262 263 264 266 268 269 272 273 274 275 276 277 278 280 284 286 288 290
39 214 216 218 219 223 225 226 229 231 236 237 238 239 240 241 243 245 248 249 251 254 256 257 266 267 268 269 271 272 273 274 275 277 279 283 284 286 287 289
44 214 216 217 218 219 220 221 222 223 224 226 227 230 232 236 237 238 239 240 241 247 249 250 251 252 254 255 256 258 259 260 263 267 269 270 271 272 274 275 278 280 281 283 289
26 216 218 229 232 237 238 244 246 247 248 251 253 255 257 259 263 265 269 270 273 274 277 279 280 285 289
25 218 224 226 229 231 236 238 240 246 248 250 255 257 258 259 260 263 265 272 273 274 279 283 287 289
29 219 221 225 227 233 235 237 238 240 247 248 249 251 255 256 258 261 262 263 264 266 270 271 272 276 278 282 287 288
49 214 217 219 220 221 224 225 226 228 229 230 231 232 233 237 238 241 242 243 247 250 251 253 255 257 258 259 260 261 262 264 265 266 267 268 269 270 271 272 275 276 278 280 282 284 286 287 288 289
41 216 219 221 222 223 224 225 230 231 233 234 235 236 240 241 242 243 246 248 250 252 254 256 258 259 262 263 264 265 267 270 272 273 277 279 280 283 284 285 287 290
45 214 216 217 219 220 222 224 226 228 229 230 231 232 234 236 237 239 240 241 244 246 248 251 255 256 257 258 259 261 262 263 264 268 271 272 273 274 275 279 280 282 284 285 286 288
44 214 216 217 218 220 221 222 223 226 228 229 232 233 234 235 236 238 241 242 246 247 248 249 252 253 255 256 258 261 264 266 267 268 269 271 272 275 276 277 280 281 284 289 290
40 215 216 219 222 223 224 229 230 231 234 235 236 237 238 239 240 242 243 245 246 250 253 257 262 263 265 267 268 269 272 273 274 277 278 279 280 285 287 288 290
38 214 215 218 220 222 223 225 226 228 229 230 231 235 236 241 243 244 245 247 251 254 258 259 263 266 267 268 269 272 274 276 278 279 282 283 284 285 289
34 217 220 225 228 229 230 231 233 234 235 239 240 242 244 247 248 250 251 253 255 258 259 260 262 265 266 267 272 273 274 278 279 283 284
45 214 217 218 219 223 225 226 228 229 230 234 235 237 238 239 240 241 243 244 246 247 251 252 253 254 255 257 258 260 261 265 266 268 270 271 272 273 274 275 276 281 282 285 286 289
37 214 215 218 220 221 223 224 226 227 231 232 233 234 235 236 243 244 246 250 251 252 254 257 260 261 262 264 270 271 272 274 277 279 282 284 288 289
33 214 215 217 218 230 231 232 233 234 235 236 239 242 246 247 249 251 254 256 258 259 262 267 272 273 275 276 278 282 283 285 286 289
34 215 217 218 219 224 227 228 229 231 232 233 237 239 242 243 246 249 250 251 252 260 262 267 270 275 276 277 279 280 284 285 286 288 290
50 217 218 219 220 221 222 225 226 227 228 229 232 233 235 236 238 239 240 241 242 243 245 246 247 248 250 251 252 253 255 258 259 261 262 263 264 266 267 268 273 274 275 276 278 279 280 281 283 287 289
50 214 215 216 220 221 222 223 224 225 226 228 230 231 232 233 236 239 240 241 244 245 248 251 252 253 254 256 258 259 263 264 265 266 267 268 269 270 271 272 274 275 276 277 280 285 286 287 288 289 290
52 214 215 217 218 219 222 223 225 226 227 228 229 230 232 233 235 236 238 239 240 241 242 243 245 246 250 251 252 253 255 258 259 260 262 264 266 269 271 273 275 276 277 278 279 280 281 282 283 285 287 288 289
35 215 216 218 220 221 223 228 229 231 232 235 238 239 245 252 253 256 257 261 262 263 266 268 269 271 272 273 276 277 278 280 282 285 287 289
26 216 220 221 222 224 230 232 234 242 243 245 246 247 262 263 266 267 268 270 275 276 277 278 282 287 289
34 214 215 216 217 218 220 222 224 226 230 236 243 244 248 249 250 251 254 255 257 258 259 260 263 265 269 274 275 277 278 279 282 287 288
52 215 216 219 220 222 223 224 226 227 228 229 230 231 232 233 234 235 237 238 240 241 244 245 246 248 249 250 252 253 257 258 260 261 262 263 267 268 269 271 272 273 277 278 279 280 281 283 284 285 286 287 289
32 220 223 228 229 231 232 233 238 241 242 244 246 247 252 253 254 256 261 262 263 265 266 267 268 274 275 277 278 282 284 287 289
44 215 217 220 221 224 226 227 228 229 232 233 234 236 237 243 246 248 249 251 252 253 254 255 257 258 259 263 264 266 270 271 272 273 274 277 278 279 280 282 283 284 285 287 289
47 216 219 220 221 224 225 226 228 229 230 235 237 238 239 240 241 243 247 250 251 255 258 259 260 261 263 264 265 266 267 268 269 270 272 273 274 277 279 280 281 283 284 285 287 288 289 290
49 215 217 219 222 223 225 226 227 228 230 231 233 235 237 238 240 241 242 243 244 246 248 249 251 252 253 254 256 257 258 260 261 262 263 264 266 267 268 272 275 277 278 279 281 282 284 285 288 290
23 217 218 219 222 223 225 229 230 236 240 241 246 257 260 262 263 264 268 273 275 277 281 285
50 214 215 216 217 221 222 223 224 227 228 229 230 232 233 235 239 240 244 246 247 248 249 250 251 252 253 254 255 257 260 261 263 266 267 268 269 270 271 273 275 277 278 279 282 283 285 286 287 289 290
32 216 221 223 224 225 226 233 234 237 238 239 240 241 243 248 249 251 254 256 257 258 260 263 265 270 274 275 279 280 283 287 289
31 218 220 224 226 227 228 230 232 236 237 239 242 246 247 248 250 253 254 257 259 261 262 270 275 276 279 280 283 286 287 289
50 215 216 217 218 219 221 226 229 230 231 236 237 238 239 242 243 244 245 246 251 253 254 257 258 259 260 261 262 263 264 265 266 267 268 270 272 273 274 277 278 279 280 281 282 283 284 286 287 289 290
53 216 217 218 221 223 224 226 228 229 230 231 232 233 234 236 237 240 242 243 244 245 246 247 248 251 253 254 255 257 260 261 262 264 265 267 269 270 271 274 275 276 278 279 280 281 282 283 284 285 286 287 288 290
29 214 215 218 222 223 226 228 230 231 232 233 238 240 241 242 251 252 253 258 259 261 262 268 271 277 281 282 284 288
49 214 216 219 221 223 226 227 229 230 231 232 233 234 235 236 237 238 239 242 243 244 245 248 249 251 256 259 261 262 264 266 269 270 272 273 274 275 276 277 278 279 280 282 283 285 287 288 289 290
39 214 215 216 217 219 223 226 228 229 230 232 235 238 239 240 244 248 249 251 252 253 254 256 257 260 261 262 263 264 266 267 268 273 275 277 278 279 284 290
27 214 216 220 221 222 224 245 248 249 251 252 253 254 255 259 263 267 269 273 274 278 281 284 286 287 289 290
45 214 216 217 219 220 221 222 224 225 227 229 230 235 237 238 239 240 242 244 245 246 247 249 251 255 257 258 259 261 262 263 265 267 271 272 273 276 277 279 280 281 282 285 286 287
37 214 215 216 218 220 221 222 223 224 232 234 235 236 239 240 241 245 246 247 253 254 255 257 260 263 264 265 267 269 272 276 277 281 283 286 289 290
30 214 217 218 222 225 231 235 237 238 239 244 245 246 256 258 261 262 263 266 269 271 278 279 281 282 283 285 286 287 290
49 214 216 217 218 220 224 226 227 228 230 232 235 236 237 238 240 241 242 243 244 245 247 248 250 251 253 254 255 256 258 261 263 265 269 270 272 273 274 275 277 278 279 281 284 285 286 288 289 290
45 215 216 218 220 222 223 224 226 227 229 232 233 234 236 238 239 242 244 246 248 249 251 252 254 255 256 258 259 260 261 263 266 267 268 269 270 274 277 278 280 283 284 285 289 290
40 214 215 217 219 221 222 223 225 227 228 229 231 235 238 243 244 245 248 249 252 253 254 257 258 259 262 265 266 268 271 272 273 274 275 276 277 278 281 282 289
53 214 216 218 219 222 223 224 225 226 227 228 229 230 231 232 235 237 238 239 240 244 247 248 249 250 251 252 253 254 255 257 258 261 263 264 265 268 269 270 271 272 273 275 276 278 280 282 283 284 285 286 287 288
48 216 217 218 219 220 221 223 224 226 227 228 230 231 234 235 236 237 238 239 240 241 242 243 245 247 248 249 252 253 258 263 265 266 267 268 269 270 272 274 278 279 281 283 286 287 288 289 290
43 214 217 219 222 227 230 232 234 235 238 240 242 245 246 247 250 251 253 255 258 259 260 261 262 263 264 265 266 267 268 269 275 276 279 280 281 282 283 284 285 286 289 290
36 215 217 218 220 222 225 234 235 237 239 241 242 245 246 247 248 251 252 253 255 256 257 258 260 261 262 263 264 265 266 275 277 281 284 289 290
28 219 224 228 229 237 238 239 241 244 249 250 253 254 255 257 260 262 263 264 265 268 270 271 273 277 281 284 287
38 220 222 223 225 227 231 234 235 238 239 241 242 243 245 246 250 251 252 253 255 256 257 260 262 264 265 267 269 271 274 276 277 283 284 286 288 289 290
34 221 223 224 233 234 236 239 240 241 242 246 248 250 251 252 255 257 259 262 263 267 268 269 271 273 274 275 276 279 280 284 287 288 289
38 214 215 216 219 221 224 225 226 227 228 229 233 236 239 243 245 248 249 256 258 259 260 261 262 264 265 266 267 268 271 275 277 280 281 285 286 288 290
32 215 217 218 221 227 228 231 232 234 236 239 241 243 245 246 250 253 255 256 260 263 265 267 268 271 275 277 278 282 285 286 290
52 217 218 219 220 221 222 223 224 225 227 228 229 230 231 232 233 234 235 236 237 239 241 242 243 244 246 248 249 251 253 254 255 256 257 258 261 265 266 267 269 270 275 276 277 279 280 284 285 286 287 288 289
50 216 217 218 220 221 222 224 225 226 227 229 230 232 240 241 243 244 245 247 249 250 252 253 255 257 258 259 260 264 265 266 267 268 270 271 272 273 274 275 276 277 278 279 280 282 283 284 285 287 288
45 217 218 219 220 221 223 225 227 229 230 231 232 233 234 235 237 239 240 244 245 246 248 249 255 256 257 259 261 262 263 267 268 269 270 271 272 273 274 275 276 280 282 283 288 289
29 214 221 223 226 230 234 235 236 238 239 240 241 243 244 246 248 249 252 260 262 264 268 270 274 275 276 277 281 285
48 214 215 216 217 222 224 225 226 228 230 231 233 234 239 243 244 245 246 247 248 250 251 252 254 257 258 259 262 264 266 267 268 269 274 275 276 278 279 280 281 282 283 284 285 287 288 289 290
27 216 218 219 220 227 237 238 239 241 243 247 250 252 253 254 255 257 259 265 266 272 277 279 281 283 284 290
38 215 216 217 218 219 221 223 224 225 228 231 232 235 237 239 242 244 245 246 247 249 257 260 265 267 268 269 271 274 276 277 278 279 280 281 283 285 290
24 214 216 217 229 231 234 241 242 245 248 249 252 258 263 266 267 270 275 279 282 283 287 288 289
28 216 221 222 225 226 228 229 239 240 241 243 246 250 251 252 256 260 262 264 265 267 271 272 275 281 282 283 288
28 214 217 218 219 220 225 226 228 230 231 239 244 246 252 253 259 262 263 265 266 268 270 271 276 279 282 283 288
40 214 216 219 220 222 226 227 229 231 234 236 237 238 240 241 243 245 246 247 248 251 252 253 254 260 261 266 270 272 273 279 280 281 283 284 285 286 287 288 289
43 214 215 217 218 219 221 224 225 227 231 234 235 236 238 239 240 241 242 243 246 248 249 251 252 254 257 259 260 262 267 270 271 272 274 277 278 280 281 282 284 286 287 290
52 215 216 219 220 221 222 223 225 226 227 232 233 234 238 239 240 241 242 244 245 246 248 249 250 251 254 255 256 257 258 259 260 261 262 264 265 268 269 270 271 272 273 275 277 279 280 282 286 287 288 289 290
29 215 216 217 222 226 229 230 234 237 238 239 241 248 250 256 257 261 263 266 267 268 271 272 273 278 279 281 284 288
38 214 215 216 217 219 222 225 226 228 232 236 237 238 243 244 245 248 249 250 251 253 255 258 261 263 265 267 272 274 275 276 277 278 279 286 287 288 290
43 214 215 217 218 219 221 222 223 224 225 226 227 230 231 236 237 240 242 243 244 245 246 247 248 249 252 255 257 259 260 261 268 269 270 272 273 276 278 281 283 284 286 287
28 214 216 217 219 229 235 237 239 240 244 245 247 248 249 250 251 252 259 264 269 271 279 281 282 283 284 285 286
37 214 220 221 222 224 225 227 228 230 231 235 241 242 244 245 248 249 251 252 254 256 258 260 261 263 264 265 269 270 271 273 276 278 281 283 289 290
34 214 216 218 219 221 223 226 229 230 231 237 239 240 242 244 245 248 254 257 258 259 260 261 265 267 269 277 278 280 281 284 285 288 289
32 214 217 218 222 225 228 229 233 235 239 240 241 243 244 245 246 247 249 255 259 264 265 266 268 275 277 279 280 283 284 285 288
38 214 215 216 217 219 220 223 224 226 228 229 230 232 234 239 244 246 247 248 252 253 256 258 263 265 267 268 269 271 275 278 279 280 282 283 286 288 289
41 215 217 219 222 223 224 226 227 229 230 231 233 235 236 237 241 244 248 250 251 254 261 263 265 266 267 268 269 271 272 273 274 275 276 278 279 280 283 284 289 290
45 214 215 216 217 219 223 227 228 229 230 232 235 238 239 243 244 246 248 249 250 251 253 258 259 260 261 263 265 266 269 270 271 272 273 276 279 280 281 283 284 286 287 288 289 290
32 218 219 220 221 223 225 228 234 237 243 244 246 252 253 257 260 261 264 269 270 271 274 275 276 278 281 282 286 287 288 289 290
44 215 216 217 218 220 222 225 226 228 229 231 232 233 234 236 237 238 239 240 241 242 243 244 245 250 251 255 258 260 261 262 263 264 265 267 268 269 272 274 277 278 286 287 289
37 216 217 218 219 222 223 224 225 228 229 237 238 241 243 244 245 246 249 252 255 257 258 259 263 264 265 266 269 271 275 280 281 282 286 287 288 290
45 214 219 220 223 224 225 226 228 230 231 232 233 234 236 238 239 241 242 243 244 247 248 249 251 258 259 262 263 265 266 267 268 269 270 272 273 275 277 278 280 282 283 284 286 287
37 214 215 216 219 221 222 224 225 227 228 229 231 233 234 235 236 238 241 243 244 245 249 253 255 258 259 260 264 268 273 275 276 277 278 280 283 288
31 220 221 224 225 226 228 229 234 236 237 242 244 248 249 250 253 256 258 259 260 261 265 266 268 271 273 276 280 281 282 288
39 215 216 218 223 224 225 226 227 231 232 235 237 239 242 243 245 247 248 249 253 254 255 257 261 262 263 268 270 271 272 274 275 276 279 281 284 285 287 288
45 214 217 218 219 220 221 223 225 229 230 232 234 235 237 240 241 242 243 245 246 248 249 250 252 253 254 259 262 263 265 266 269 271 273 274 275 278 279 281 283 284 285 287 289 290
24 216 224 225 230 234 236 238 240 241 243 244 245 246 247 252 253 256 260 270 274 275 278 279 283
33 220 221 223 227 228 231 233 236 237 238 239 240 242 243 250 251 254 259 261 262 263 265 270 271 273 275 278 282 283 284 286 289 290
35 214 218 219 221 222 223 224 226 227 231 232 233 234 236 237 238 240 245 246 248 251 254 256 261 267 269 270 274 275 276 280 282 284 285 287
40 216 217 222 223 224 226 227 229 230 232 233 236 239 240 244 245 246 248 249 251 252 253 254 255 256 257 258 259 260 264 265 266 268 271 278 279 280 281 289 290
23 214 217 219 220 226 228 229 240 246 252 254 256 262 263 266 268 269 271 274 276 279 282 286
39 215 216 219 221 222 224 228 232 234 235 239 241 242 245 247 249 250 251 254 256 257 258 263 266 267 271 273 274 275 276 277 279 281 282 283 285 287 289 290
47 214 217 219 220 221 222 223 224 226 227 228 229 233 235 236 237 238 241 242 244 246 247 248 251 254 255 256 257 259 261 262 263 264 267 268 272 274 275 276 277 278 282 283 284 287 288 290
33 215 217 221 225 226 229 230 234 236 239 240 242 245 246 247 251 252 253 255 257 261 263 264 266 268 269 272 274 279 280 281 284 286
53 216 217 218 219 220 221 222 223 225 226 228 230 232 236 238 239 241 242 244 246 249 251 254 255 257 258 259 260 261 262 264 265 266 267 268 269 271 272 275 277 278 279 280 281 282 283 284 285 286 287 288 289 290
33 215 216 219 220 224 226 229 233 238 243 244 245 246 251 252 253 255 260 263 264 265 266 267 268 271 274 278 281 284 285 286 288 290
52 216 220 222 224 225 226 227 228 229 230 232 233 234 235 236 238 239 240 242 243 245 247 249 250 251 252 253 254 256 257 258 260 261 262 264 265 267 268 270 271 273 274 278 279 280 281 282 285 287 288 289 290
34 214 219 220 221 223 224 225 228 231 232 234 236 241 245 248 249 250 251 252 253 256 257 258 260 261 264 270 272 275 276 277 279 280 286
30 214 221 223 229 230 233 234 235 240 242 244 245 247 250 252 255 257 262 263 265 268 271 275 276 279 280 281 284 285 286
30 214 215 218 219 221 223 226 227 235 237 238 240 242 252 259 262 263 265 266 270 271 273 274 275 277 278 282 284 285 290
52 214 215 217 219 220 221 223 224 225 226 227 228 229 232 234 235 237 238 239 242 243 245 246 247 249 251 252 256 257 258 259 260 261 262 263 265 266 268 271 272 274 275 276 278 279 280 282 284 285 288 289 290
40 214 215 216 217 218 219 221 222 223 224 226 228 230 231 233 234 235 237 243 244 246 253 259 263 264 265 267 269 270 271 272 273 274 275 277 278 280 284 285 289
38 217 218 219 222 223 226 227 228 229 231 232 233 234 235 236 237 239 240 241 242 246 247 250 251 253 258 259 260 261 266 268 270 271 277 282 283 284 286
44 214 215 218 219 220 223 225 226 227 230 231 232 233 235 238 241 242 243 247 248 249 255 256 259 260 261 262 264 266 268 269 270 271 272 273 274 275 276 277 279 280 284 287 289
50 214 216 218 219 221 222 224 225 226 227 228 229 230 231 233 238 239 240 241 244 245 246 247 248 251 254 256 259 260 261 262 264 265 266 267 271 272 273 274 275 277 279 281 282 283 284 285 287 288 289
28 217 222 228 230 231 232 241 245 246 248 249 252 253 254 255 256 259 262 263 265 268 272 274 280 282 283 286 290
31 219 221 224 225 226 228 230 231 232 235 236 242 244 246 248 249 252 253 255 256 260 263 265 266 267 272 273 276 277 287 290
37 215 216 217 219 220 221 222 224 225 229 232 233 237 238 241 242 243 246 251 252 253 255 256 257 258 263 264 265 266 268 270 277 278 279 285 287 288
29 215 216 217 219 220 221 222 223 225 228 230 232 233 236 240 242 244 245 249 251 253 255 265 266 267 269 272 276 277
34 216 217 218 221 222 223 230 231 233 234 238 239 240 241 243 244 245 246 249 251 254 258 263 266 271 272 276 277 281 282 283 287 288 290
49 214 218 219 221 222 225 226 229 231 233 234 235 236 237 238 240 242 243 245 246 247 248 249 250 252 253 256 257 258 259 260 265 266 267 268 270 272 274 275 277 278 279 281 283 284 285 286 288 289
32 214 216 220 223 224 225 229 231 232 233 235 236 237 239 242 245 249 251 253 254 257 263 264 267 270 271 276 279 280 281 282 290
34 214 215 218 219 224 225 230 231 234 237 238 239 240 241 244 249 252 254 260 262 266 267 268 273 274 276 277 279 282 283 285 287 288 290
25 214 217 222 224 225 227 228 229 239 240 245 249 250 254 256 258 264 267 268 272 274 284 285 288 289
34 214 215 216 217 218 221 224 225 227 228 232 233 235 238 239 240 244 245 247 248 250 252 259 260 262 263 264 267 270 275 276 278 287 290
33 214 219 222 223 224 232 233 234 236 239 240 241 243 244 247 248 249 256 258 260 262 265 267 268 270 273 279 280 284 285 286 287 288
47 215 216 217 218 219 221 223 224 228 229 230 231 232 233 235 237 239 241 242 244 245 246 248 250 251 253 254 256 257 258 259 260 261 263 265 266 268 269 270 271 276 279 283 284 286 289 290
44 214 215 219 221 222 223 224 226 227 228 230 231 232 233 234 235 238 239 240 242 246 251 253 254 255 256 257 258 259 262 265 266 269 271 272 273 274 276 277 278 279 281 282 285
32 216 219 220 224 225 226 228 229 230 232 234 235 236 237 238 239 246 247 250 254 258 260 267 268 270 274 278 284 286 288 289 290
26 217 219 223 225 236 237 244 245 246 248 249 251 254 256 258 263 264 267 268 270 271 272 276 281 282 284
27 217 219 221 223 228 229 233 234 240 241 245 250 252 253 254 262 265 267 271 272 274 276 279 280 283 284 287
26 216 223 225 226 227 228 229 232 235 237 245 248 252 253 254 257 259 261 270 272 273 274 279 281 282 290
44 214 218 220 222 224 226 227 228 230 233 234 236 237 238 240 242 243 244 245 246 247 248 250 251 252 254 255 258 260 261 262 264 266 267 268 270 272 278 280 281 284 285 286 288
45 214 216 217 218 220 221 224 226 228 229 230 233 237 240 241 242 244 246 247 248 250 252 254 255 256 258 259 260 261 263 266 268 269 270 271 272 277 279 281 282 284 285 287 289 290
51 215 216 217 218 220 221 223 224 227 228 229 230 232 233 234 235 236 237 238 240 242 243 245 248 251 252 254 255 257 259 263 265 266 267 268 269 270 271 272 273 274 275 276 277 278 279 280 284 285 287 289
33 214 216 217 218 221 222 227 229 231 235 236 243 246 247 257 258 259 260 261 265 270 273 274 275 278 279 280 282 283 284 285 289 290
30 214 215 216 217 219 221 222 226 227 229 230 231 232 235 239 247 248 250 252 260 261 266 269 270 272 275 276 279 280 282
50 215 216 217 218 219 221 222 223 224 225 226 227 228 231 233 235 237 238 239 242 243 245 246 247 248 250 251 252 253 255 258 262 264 265 266 268 269 270 271 273 275 276 277 278 279 282 284 285 286 289
52 214 215 216 217 223 224 225 226 227 229 232 233 236 237 238 239 243 244 245 246 248 249 252 253 254 255 256 257 258 260 262 263 264 265 266 267 269 272 273 274 275 276 278 279 281 283 284 286 287 288 289 290
36 214 220 222 223 227 228 229 231 232 233 234 236 238 239 243 246 248 250 251 253 254 260 261 262 265 268 270 271 272 278 280 283 284 287 288 290
25 214 215 219 220 222 225 226 230 231 234 236 242 246 251 255 264 266 269 270 278 280 282 283 287 290
41 214 217 218 219 220 223 227 231 233 235 236 237 238 241 242 245 248 249 250 251 252 256 259 260 261 265 266 267 268 269 271 273 276 277 280 282 284 287 288 289 290
32 215 217 219 222 224 225 227 228 230 231 237 238 241 242 243 245 246 251 253 258 259 260 262 263 264 266 268 272 273 281 287 290
38 214 215 216 219 221 225 226 227 229 230 238 239 240 248 249 250 252 254 255 259 260 261 262 264 265 266 267 268 269 271 273 276 278 279 280 282 285 287
40 219 223 224 226 229 230 231 234 237 239 240 242 246 248 250 251 252 253 256 257 258 259 260 263 265 266 267 268 269 270 271 273 275 277 279 281 282 283 285 290
27 214 216 218 221 231 232 237 238 239 240 248 251 252 254 258 261 262 270 272 278 279 280 281 282 283 284 285
47 214 215 217 218 219 220 221 226 229 233 234 237 238 239 240 241 242 243 246 252 253 254 255 257 258 259 261 262 263 264 265 266 267 268 269 272 273 275 277 279 281 282 283 284 285 287 289
34 214 215 216 219 221 224 225 226 231 233 234 235 236 240 243 248 249 251 252 255 256 265 267 268 269 270 272 273 277 280 281 284 285 287
27 221 224 226 227 231 234 237 239 243 245 246 247 249 251 252 253 255 256 257 260 267 271 275 276 279 285 288
51 215 216 217 218 220 221 223 224 226 230 231 232 233 235 236 238 239 240 241 242 244 245 246 247 248 250 251 252 253 256 257 258 262 263 264 265 267 268 269 270 271 273 277 278 279 281 282 283 284 285 286
24 221 229 230 243 244 248 252 253 256 257 259 261 262 263 268 269 272 273 276 277 279 283 284 290
53 215 216 218 220 222 223 224 226 227 228 229 232 233 234 235 236 237 238 239 241 242 244 246 247 248 250 251 252 255 256 257 260 261 263 264 266 267 268 269 271 273 274 275 277 278 279 280 283 284 285 286 288 290
53 214 215 217 220 221 223 225 226 227 228 229 230 232 233 234 235 236 237 239 240 242 243 246 248 249 250 251 253 256 257 258 259 262 263 264 265 266 267 268 269 272 274 276 278 279 283 284 285 286 287 288 289 290
26 214 216 217 219 220 226 227 228 229 231 232 250 251 252 255 258 259 263 264 266 267 270 273 274 280 284
28 216 218 219 224 232 234 235 236 237 243 245 246 248 250 254 255 256 258 262 267 268 272 273 277 282 283 284 289
43 214 215 216 220 221 223 224 225 226 227 228 232 236 239 240 241 243 248 250 251 256 257 261 262 263 264 267 268 269 270 271 272 273 274 275 277 279 282 283 284 285 286 288
23 214 222 224 225 228 230 232 234 235 239 240 241 243 244 250 258 260 265 266 269 282 286 289
40 217 218 223 225 226 228 230 232 233 236 237 238 239 243 244 245 246 247 249 252 253 254 255 258 261 263 267 268 270 271 274 275 276 278 282 284 285 286 287 288
38 215 220 223 224 225 227 229 231 235 237 238 240 242 246 247 249 251 252 253 254 255 257 258 259 261 264 267 269 271 272 273 275 277 279 281 282 288 290
37 215 217 220 221 223 224 228 229 232 234 235 236 238 239 241 246 247 250 251 254 255 257 262 263 266 267 268 271 275 276 279 282 284 286 288 289 290
50 214 215 217 219 220 221 222 223 224 226 228 229 230 231 233 236 237 238 239 240 241 242 243 245 246 248 250 251 252 255 256 257 258 259 261 262 263 265 267 268 270 273 274 277 278 281 283 284 288 289
35 216 218 219 221 222 224 225 229 231 234 240 241 242 243 244 247 250 251 253 255 257 261 265 267 269 272 273 274 280 281 282 284 286 288 290
32 215 218 224 228 230 231 233 234 237 239 242 244 245 247 251 252 253 254 258 261 262 263 264 268 269 274 275 280 281 282 286 290
35 217 218 221 223 225 226 228 229 230 231 232 233 236 238 239 242 243 245 248 249 250 252 254 263 269 270 271 272 273 275 277 278 279 280 282
34 214 216 218 219 220 221 223 227 231 232 235 241 243 244 249 251 253 256 257 259 261 263 264 265 266 271 273 276 279 282 283 287 288 289
49 214 215 216 219 220 221 223 224 225 226 228 229 230 231 232 233 237 239 241 242 243 246 247 248 249 251 253 254 257 258 262 263 264 266 270 271 272 273 274 275 276 277 278 280 281 282 288 289 290
50 215 216 217 218 223 224 225 227 229 231 233 234 235 236 237 238 239 241 243 244 247 248 249 251 252 253 255 257 258 259 260 262 263 264 265 268 269 272 273 275 276 277 283 284 285 286 287 288 289 290
50 214 216 217 219 223 224 226 231 232 234 235 236 237 241 242 243 245 246 247 248 250 251 253 254 255 256 258 259 260 262 263 264 265 266 267 268 270 271 272 273 275 276 277 279 282 286 287 288 289 290
33 214 217 219 221 222 224 226 227 229 232 234 235 236 238 239 243 251 256 259 261 262 264 270 274 275 276 277 278 280 281 282 284 288
50 215 216 217 218 220 221 222 223 225 226 228 230 231 233 236 239 240 241 242 243 244 246 247 248 249 250 251 254 255 256 257 259 260 262 263 264 265 266 267 268 270 272 275 276 278 279 280 283 285 287
26 216 217 220 223 225 226 228 234 240 242 250 253 258 260 262 266 268 270 274 275 276 281 282 285 287 289
45 214 215 217 218 219 221 223 224 227 229 230 231 232 233 234 235 236 238 239 241 243 245 246 248 249 250 251 253 255 257 260 261 262 263 267 273 274 276 280 281 282 283 284 289 290
42 214 217 222 223 224 225 227 228 229 230 232 233 234 236 237 239 240 241 246 247 251 252 253 255 258 259 262 265 266 267 270 271 274 275 276 279 282 283 286 287 288 289
28 214 215 216 219 225 226 228 229 231 232 234 240 241 243 245 250 252 253 257 258 260 263 268 269 271 275 276 278
23 214 220 222 225 228 229 231 236 242 243 245 246 247 248 251 263 265 267 269 275 283 287 288
48 218 221 223 224 226 227 230 231 232 233 235 236 237 238 239 240 242 243 244 245 247 249 250 256 259 260 261 262 263 264 265 267 269 270 272 273 274 275 276 277 278 279 280 281 283 284 285 289
42 214 215 217 219 220 221 222 223 227 230 232 234 236 239 240 244 248 249 252 253 254 256 258 260 261 262 265 266 268 270 273 275 279 280 281 282 283 285 286 287 288 289
47 214 216 217 218 219 220 221 222 224 225 228 231 232 235 237 239 241 244 246 247 250 251 252 253 254 256 258 259 260 263 264 265 266 268 269 271 272 273 274 276 277 278 280 282 283 284 290
29 217 218 223 224 225 227 228 231 233 236 239 243 246 250 255 256 258 264 266 268 269 272 274 275 278 279 281 286 287
34 214 216 218 219 220 224 226 229 232 233 234 236 237 239 248 249 250 251 252 256 257 259 260 262 263 264 269 275 278 280 283 285 288 290
45 214 215 216 218 219 221 222 223 227 230 233 234 235 239 241 242 243 245 246 247 248 250 252 253 254 255 257 260 262 263 266 267 268 269 270 272 273 274 278 281 283 284 285 286 288
24 214 216 217 218 221 225 226 228 231 240 242 250 251 252 255 264 270 273 274 275 277 279 281 284
39 214 217 218 220 224 225 226 227 228 229 232 235 238 239 241 242 243 244 249 250 252 253 254 256 262 264 265 267 274 276 278 280 281 282 283 284 285 288 289
25 214 218 221 228 232 233 237 243 244 246 247 248 250 255 259 265 270 272 274 279 280 282 287 289 290
34 214 215 222 226 227 233 234 235 237 238 241 242 243 248 249 250 253 254 255 256 258 261 265 268 271 272 273 278 280 281 283 285 288 290
50 214 216 217 220 221 223 225 226 227 230 231 232 233 235 237 238 239 242 244 245 246 248 249 250 251 253 254 255 258 261 262 264 265 266 267 269 270 271 273 274 276 277 278 279 281 284 285 286 288 289
47 214 215 216 217 218 220 221 225 226 227 228 229 231 235 237 238 239 241 242 243 246 247 248 249 252 253 254 256 258 259 262 264 265 266 267 270 271 273 274 275 276 278 282 283 284 287 288
29 217 220 225 227 228 230 232 233 239 240 242 244 246 248 251 252 257 259 260 262 263 267 268 269 275 280 282 284 290
51 214 216 218 221 222 223 225 226 227 229 231 232 233 234 235 236 237 238 239 240 241 242 244 245 247 248 249 251 253 254 255 256 257 258 260 262 263 264 265 268 270 273 275 277 278 282 283 284 285 286 290
36 214 216 223 224 225 226 227 228 229 230 234 240 241 242 243 246 247 249 250 253 256 257 260 261 263 266 267 268 272 273 278 281 285 286 288 289
32 214 215 216 218 221 226 231 232 233 236 238 240 244 250 251 253 254 257 261 264 266 270 271 273 276 277 278 279 280 284 287 288
53 215 216 217 218 220 222 223 225 227 228 231 232 233 234 236 237 238 240 242 243 244 245 247 248 249 251 252 254 255 256 257 258 259 260 262 264 265 266 267 269 270 271 273 274 275 277 278 280 283 285 286 288 290
36 216 217 219 223 224 229 232 238 239 242 243 244 246 248 249 252 254 258 260 261 265 268 269 270 271 272 274 276 277 278 281 282 284 285 286 287
43 214 215 217 218 220 225 226 227 228 230 233 235 236 241 242 246 247 248 249 250 252 253 257 259 260 261 262 264 267 269 273 275 277 278 279 280 281 283 284 286 287 289 290
50 214 216 219 220 221 223 224 225 227 228 229 230 234 235 236 240 244 245 246 247 248 249 250 252 253 255 257 258 259 260 262 263 264 268 270 271 272 273 275 278 279 280 281 282 283 284 286 287 288 290
41 217 219 220 221 222 225 226 228 230 231 236 238 239 240 242 244 246 247 248 250 252 255 257 260 261 263 264 265 266 267 268 270 271 273 274 276 277 281 283 285 290
43 214 215 216 218 220 222 224 225 226 227 228 229 230 231 232 233 234 236 239 240 241 242 243 245 246 250 252 255 256 257 259 261 266 271 272 273 275 280 281 282 284 287 288
49 216 218 220 221 222 223 225 226 228 229 230 231 232 233 237 241 242 244 248 249 250 251 255 257 259 261 262 263 264 266 268 269 270 271 272 274 275 276 277 278 279 281 282 283 284 286 287 289 290
48 214 217 220 221 222 223 224 225 227 229 230 231 232 233 234 235 236 238 240 242 244 245 246 247 250 254 258 259 261 262 263 267 268 269 270 273 274 275 276 277 280 281 282 285 286 288 289 290
27 216 217 218 221 225 226 234 239 243 245 246 247 251 253 254 259 260 267 268 272 274 277 280 284 285 286 288
37 217 218 220 222 232 233 234 236 238 239 241 244 245 246 247 249 250 252 253 255 258 260 261 262 263 268 269 271 272 275 276 277 280 281 283 286 289
25 215 216 217 219 224 229 232 238 241 242 243 245 251 252 254 263 265 266 267 269 271 276 282 284 288
31 214 215 224 226 227 229 230 233 235 238 242 245 250 255 256 258 261 263 265 266 267 273 276 277 278 281 282 284 288 289 290
34 214 215 218 219 221 223 224 225 227 228 230 231 233 235 236 237 238 240 241 242 245 247 250 251 257 258 268 270 271 272 273 275 278 281
31 214 217 220 222 225 228 232 236 237 239 240 241 242 247 250 254 256 259 261 262 265 271 277 279 281 282 284 285 286 288 289
29 214 219 222 223 227 231 235 242 244 249 256 259 260 262 263 264 265 267 269 271 274 275 278 279 281 282 284 287 289
34 214 219 220 221 222 223 224 227 229 230 232 237 242 244 245 246 249 250 254 255 258 259 263 267 270 271 272 273 274 275 277 280 282 285
30 214 216 218 221 224 225 230 232 233 235 237 241 244 245 246 250 251 254 258 262 268 270 274 278 280 281 283 284 286 289
40 217 218 221 225 227 230 232 233 234 236 237 238 239 240 242 244 245 246 247 248 249 250 256 258 259 261 262 263 265 266 267 274 275 276 281 282 284 285 286 287
44 215 218 223 225 228 229 230 231 234 236 238 240 241 245 247 250 251 252 253 254 255 257 258 259 260 262 263 264 266 267 271 272 274 275 276 279 280 281 282 283 284 285 286 288
51 215 216 217 218 219 220 221 222 223 225 226 227 228 229 233 234 237 238 239 240 241 243 245 246 247 250 251 254 256 257 259 260 261 262 264 265 267 269 272 273 274 275 276 277 278 279 281 282 284 285 287
14 298 305 309 310 317 321 323 324 330 331 335 337 345 364
40 292 293 294 295 297 302 303 306 307 309 310 311 313 314 315 316 318 319 322 323 325 326 330 333 334 335 336 337 339 342 347 349 352 355 357 358 359 361 362 363
19 293 295 299 300 303 306 307 308 314 319 320 328 340 346 347 348 349 350 357
27 292 293 294 295 297 301 302 304 309 315 317 323 327 328 332 335 342 345 346 347 349 350 356 358 360 364 365
19 293 295 301 309 313 314 319 321 323 328 329 330 331 332 339 347 352 359 363
28 292 295 297 298 305 306 309 311 314 317 321 325 327 330 331 336 337 339 342 344 345 350 351 355 356 358 361 362
19 296 299 309 313 315 320 321 329 334 335 337 339 343 346 350 362 363 364 365
14 294 299 305 310 320 322 326 327 328 340 341 345 351 360
18 303 311 316 320 321 327 330 332 335 336 341 350 353 354 358 361 362 364
17 297 303 306 309 317 319 321 324 325 330 333 346 347 350 361 362 364
36 294 296 298 303 304 305 306 307 308 310 312 315 317 318 320 325 326 333 334 336 337 338 340 341 342 343 344 349 350 354 355 358 360 361 364 365
28 291 293 294 297 300 308 310 314 315 320 321 327 328 330 331 333 334 335 336 340 342 343 345 350 351 359 363 364
26 295 298 304 307 308 311 312 314 315 319 321 323 324 330 335 336 337 340 345 346 349 352 353 361 362 365
22 294 295 299 300 303 306 308 310 312 317 323 326 334 336 338 340 342 347 350 357 359 363
43 291 293 294 295 296 297 303 304 308 309 310 314 315 316 318 321 322 323 325 326 327 328 329 331 334 335 337 338 340 342 343 344 346 352 354 358 359 360 361 362 363 364 365
26 292 293 295 297 298 299 300 304 305 306 308 312 313 315 319 322 326 328 331 333 334 340 344 345 348 355
13 292 295 296 301 303 305 312 316 317 320 335 347 353
10 296 302 304 313 319 322 339 342 347 353
27 292 295 296 298 302 307 308 312 313 318 323 329 331 332 335 336 337 339 342 343 344 353 354 356 359 363 365
20 292 300 302 308 309 310 319 324 331 332 341 345 351 352 354 356 358 363 364 365
36 292 295 296 298 300 302 305 306 307 308 309 310 313 314 315 316 318 322 323 325 326 330 337 339 341 344 347 349 352 353 354 356 358 359 360 362
39 292 295 296 298 299 301 303 305 306 308 310 312 313 314 315 319 320 321 323 324 325 326 330 331 335 337 341 342 344 345 346 349 351 352 353 354 358 360 364
8 292 305 312 324 339 349 360 362
17 298 301 302 309 314 315 316 320 323 325 336 337 342 354 355 358 359
55 291 293 294 295 296 297 298 299 301 303 304 305 306 307 311 312 313 314 315 316 317 318 320 321 322 323 325 326 327 328 329 330 333 334 335 336 337 338 339 340 342 343 344 346 347 348 349 350 353 355 357 359 360 361 362
17 291 293 300 301 304 311 314 315 316 334 338 348 349 352 355 357 358
11 295 302 303 317 323 337 348 355 356 358 361
19 302 313 319 320 322 324 329 330 333 337 339 344 345 348 349 352 355 361 365
36 291 293 294 297 300 302 304 307 309 311 316 317 318 322 327 328 329 332 333 334 336 338 339 340 343 347 348 350 355 356 357 359 361 362 363 365
18 292 293 295 297 300 302 303 304 310 317 327 338 340 344 345 347 348 349
27 293 303 307 308 309 315 319 321 324 325 329 334 335 342 344 347 350 351 353 354 355 358 359 360 362 364 365
22 291 296 299 300 304 305 320 328 329 332 338 340 341 344 345 346 350 351 353 354 360 365
23 291 293 297 316 322 327 329 331 332 339 341 343 344 347 348 350 351 355 357 358 359 360 364
17 291 299 300 302 311 316 322 324 327 335 345 346 348 351 353 356 362
32 292 298 299 300 301 302 305 306 307 311 312 313 317 319 320 324 330 332 333 336 339 341 345 347 348 349 350 351 353 355 356 357
21 291 292 295 298 299 300 302 312 314 316 317 320 327 332 338 340 343 349 356 361 363
8 308 318 321 323 338 352 359 363
15 299 306 312 313 317 321 329 334 340 344 345 352 357 364 365
15 298 300 301 311 317 323 326 332 334 343 351 356 358 360 362
10 293 304 309 313 324 329 332 335 338 354
42 291 293 295 297 299 301 304 306 307 310 311 315 318 319 322 323 327 328 329 330 331 332 336 339 340 341 343 344 345 347 348 349 351 353 354 355 356 357 358 360 362 363
33 292 294 296 298 300 302 303 305 308 309 312 313 314 316 317 320 321 324 325 326 333 334 335 337 338 342 346 350 352 359 361 364 365
23 298 300 302 306 311 313 314 315 318 324 325 327 329 331 334 337 338 341 343 346 357 360 361
14 300 302 303 304 316 318 333 335 349 352 359 360 364 365
13 292 297 303 308 311 318 333 335 339 341 349 351 356
22 295 297 309 310 312 314 316 320 321 330 333 335 338 340 341 346 349 350 355 357 359 363
27 294 296 297 301 304 305 306 310 311 313 318 322 323 326 328 330 331 333 336 337 339 341 345 346 348 352 357
21 291 298 303 304 307 310 315 316 324 328 332 333 335 337 339 341 346 351 353 360 364
8 296 309 318 324 342 360 363 365
36 292 295 297 299 301 302 303 308 309 310 311 316 318 321 323 324 325 326 327 328 330 331 336 338 339 341 344 345 346 348 350 353 355 357 363 364
51 291 292 293 294 295 296 297 298 302 303 305 306 308 309 312 313 315 316 318 320 321 322 324 325 326 328 330 333 334 335 337 339 340 341 342 343 344 347 348 349 350 351 352 353 357 358 360 361 362 364 365
17 291 294 299 308 309 310 319 321 322 326 333 339 340 344 350 358 365
23 293 294 298 304 306 312 314 315 319 320 329 332 333 340 342 343 349 354 359 360 361 362 365
46 292 293 294 295 296 297 299 300 301 302 305 306 309 311 312 313 314 317 319 320 322 325 326 327 329 330 331 334 336 340 342 343 344 345 347 348 349 350 354 355 356 357 358 361 362 365
3 292 297 357
39 291 293 294 297 299 301 303 304 311 312 317 319 320 321 324 327 328 329 331 332 333 334 335 336 338 340 342 343 345 346 348 350 351 355 357 361 363 364 365
16 291 296 300 305 307 313 317 322 334 335 337 347 351 352 356 358
23 291 294 301 302 307 310 314 317 323 325 329 337 338 339 343 346 347 349 351 352 356 357 359
13 298 301 308 312 317 321 324 327 331 343 348 356 364
28 296 298 299 301 304 306 307 309 311 313 316 318 319 322 325 326 329 332 338 341 344 346 347 352 353 354 357 365
21 291 292 293 298 301 304 305 309 311 314 315 318 321 327 332 343 353 354 356 358 360
23 292 294 295 308 310 317 321 328 331 334 342 344 346 348 350 352 353 355 357 358 360 363 364
22 291 298 306 307 308 312 316 318 322 324 325 330 332 336 342 351 352 353 354 356 357 358
48 291 296 298 299 300 303 305 306 307 308 310 311 312 313 314 316 318 319 320 321 322 324 325 326 329 330 331 333 334 336 337 338 339 340 341 343 344 348 351 352 353 354 355 357 359 361 362 363
9 304 310 317 327 332 336 345 355 356
16 294 301 305 311 314 319 323 326 328 331 333 341 355 359 360 361
33 291 294 296 297 298 300 303 306 309 313 323 324 326 328 329 330 333 334 338 340 342 343 344 346 348 353 355 357 358 360 361 362 365
15 299 300 301 307 311 314 319 323 329 331 338 346 354 359 363
33 291 293 294 296 299 301 307 308 310 312 313 315 319 320 322 323 324 326 328 329 332 334 338 340 341 343 346 347 348 353 354 357 363
30 291 292 294 302 311 312 313 315 316 322 326 327 329 332 333 334 338 339 343 344 351 353 354 355 356 358 359 360 362 365
28 291 292 293 294 299 303 305 306 307 308 315 318 324 325 327 328 329 331 336 337 344 345 348 352 354 361 364 365
26 292 294 296 299 300 301 302 303 305 306 309 310 313 317 318 320 325 326 328 333 334 338 342 354 356 363
23 291 296 306 307 311 312 314 315 316 319 322 325 326 330 337 339 340 345 347 351 359 361 365
13 296 297 307 316 325 328 331 335 341 346 351 362 364
12 296 297 301 304 318 325 336 341 342 352 361 363
19 297 298 299 300 301 302 303 305 318 320 323 327 333 336 341 343 349 356 362
30 291 293 294 295 296 300 304 305 307 310 319 322 324 326 327 328 330 331 332 338 343 346 347 348 350 353 360 361 362 363
22 293 297 304 307 323 328 330 332 336 342 345 348 349 351 352 354 355 356 359 362 363 364
42 292 293 295 299 301 302 304 305 307 308 310 311 312 314 315 316 317 318 319 320 321 322 325 327 331 332 335 336 337 339 341 345 347 349 350 351 352 354 356 359 363 364
8 299 306 312 321 329 344 357 364
15 302 313 320 322 324 333 339 344 345 348 349 352 355 361 365
21 292 299 302 303 308 309 311 318 323 325 328 331 338 344 348 350 353 355 357 363 364
22 291 294 296 297 300 303 309 313 323 326 330 334 340 342 343 346 348 357 360 361 362 365
15 292 294 296 299 302 303 305 309 310 313 325 334 338 354 363
18 292 294 299 300 303 305 306 310 313 317 318 325 326 328 334 338 342 363
11 291 292 293 298 301 304 309 318 327 332 353
8 298 317 324 327 331 343 356 364
10 299 306 312 313 321 340 345 352 357 365
25 296 303 304 305 306 308 315 317 318 320 325 326 333 334 336 338 342 343 344 350 355 358 360 364 365
13 294 296 297 304 306 318 323 333 336 337 339 346 348
6 298 308 312 331 343 356
8 294 301 305 311 314 328 331 333
17 293 297 304 307 323 328 330 332 348 349 351 352 354 355 359 362 363
29 291 293 294 296 299 301 307 308 310 312 315 319 320 323 324 326 329 332 334 338 341 343 346 347 348 353 354 357 363
11 295 297 300 303 317 327 338 340 344 347 348
21 298 299 300 305 306 307 311 312 313 319 324 333 339 341 347 348 349 350 351 355 357
11 291 301 307 310 317 323 329 337 343 347 359
19 293 294 298 306 312 314 315 319 329 332 340 342 343 349 354 360 361 362 365
13 292 293 295 297 300 302 304 310 317 327 338 345 349
17 291 293 297 300 314 315 327 330 333 335 336 340 342 343 345 351 359
39 292 293 294 295 296 297 299 300 301 302 305 306 311 312 313 314 317 319 320 325 326 327 329 330 331 334 336 345 347 348 349 350 354 355 356 358 361 362 365
8 299 306 312 317 340 344 364 365
12 293 304 306 312 319 333 340 342 359 360 362 365
19 292 298 299 306 307 311 312 319 324 336 339 341 345 347 348 350 353 356 357
11 293 297 330 336 348 349 351 355 359 363 364
24 292 298 308 309 310 313 314 315 318 322 323 325 330 339 341 344 347 352 354 356 358 359 360 362
10 298 312 317 321 324 327 343 348 356 364
7 293 304 309 332 335 338 354
8 298 309 310 321 331 335 345 364
40 291 296 298 299 300 303 305 306 307 308 310 312 313 314 316 318 321 322 324 325 326 329 330 331 334 336 337 338 339 340 341 343 344 348 352 353 354 357 359 362
15 296 306 312 314 315 316 319 322 325 326 330 339 345 359 365
6 321 323 338 352 359 363
19 293 294 298 304 306 315 319 320 329 333 340 342 343 349 354 359 360 361 362
14 295 304 305 308 315 319 322 326 328 331 334 340 344 345
8 296 297 307 325 328 331 341 362
24 291 292 294 302 311 313 315 316 322 326 327 332 333 334 339 343 344 351 353 355 356 358 359 362
36 293 294 295 296 298 303 304 305 306 307 311 312 314 315 316 317 318 320 321 323 325 328 330 335 338 339 340 346 347 348 350 355 357 359 361 362
38 293 294 295 296 301 304 305 306 311 313 315 316 317 320 321 322 323 325 326 327 328 329 330 334 336 337 339 340 346 347 348 349 350 355 357 359 360 362
11 291 296 300 305 313 317 322 337 347 351 352
24 291 297 298 300 303 306 309 313 323 324 326 328 329 330 334 342 343 346 353 355 358 360 361 362
23 292 299 300 306 307 311 313 317 319 324 330 332 333 336 341 345 347 349 350 351 355 356 357
29 292 295 301 302 304 305 307 308 310 311 314 318 320 321 322 325 331 335 339 341 345 347 349 350 352 354 359 363 364
16 293 297 327 329 331 332 339 343 344 348 351 355 357 359 360 364
14 293 300 301 304 311 315 316 338 348 349 352 355 357 358
19 292 299 300 301 302 303 305 306 310 317 318 325 326 328 333 334 338 342 356
26 292 294 296 305 306 308 309 312 315 316 318 320 321 324 326 330 334 337 339 341 342 349 353 360 361 365
8 292 303 308 311 318 339 341 351
9 303 304 318 333 349 352 359 360 365
15 291 298 304 307 310 316 324 328 337 339 341 346 351 353 364
19 291 292 293 294 299 303 308 315 318 324 325 327 329 331 336 337 345 348 365
18 300 301 305 306 311 312 320 324 330 332 333 336 339 341 347 353 356 357
5 296 302 304 313 319
23 292 299 301 304 305 307 311 314 315 319 320 321 325 327 335 337 345 347 349 351 359 363 364
22 291 294 296 306 309 313 324 326 328 329 330 333 334 340 343 344 346 353 355 357 360 365
7 296 304 319 322 339 342 347
2 292 297
20 305 306 310 312 313 315 320 323 324 325 326 330 331 335 337 341 345 346 349 353
14 297 303 306 309 317 319 321 324 325 330 333 347 361 364
17 292 294 297 304 315 317 323 328 332 335 342 346 349 356 358 360 365
1 297
16 294 299 306 308 318 324 325 327 328 329 331 336 344 354 361 365
27 291 293 294 297 300 302 304 307 309 316 318 322 327 328 329 338 339 340 343 348 350 356 357 359 361 362 365
20 292 294 295 308 310 317 321 328 331 342 346 348 350 352 353 355 357 358 360 363
22 291 293 294 299 301 308 310 319 320 322 323 324 326 328 332 334 338 340 346 347 348 363
11 296 297 307 316 328 331 335 341 351 362 364
10 296 316 325 328 331 341 346 351 362 364
25 291 299 301 304 306 307 311 315 318 322 327 329 330 336 339 340 341 343 347 354 355 356 358 362 363
12 293 299 303 306 307 319 320 328 347 348 350 357
32 294 299 301 303 304 311 317 319 320 321 324 327 329 331 332 333 334 336 338 342 343 345 346 348 350 351 355 357 361 363 364 365
24 296 298 299 301 304 306 307 311 313 318 319 322 325 326 338 341 344 346 347 352 353 354 357 365
2 297 357
15 295 301 309 313 314 321 323 328 329 330 331 339 352 359 363
26 294 296 298 303 304 305 308 310 315 317 318 320 325 326 333 336 337 338 340 341 343 349 350 354 358 364
13 293 295 297 298 299 305 306 308 319 326 328 334 344
17 294 297 298 300 306 309 323 326 328 329 330 334 340 344 348 357 358
21 293 294 297 301 302 304 309 315 317 323 327 328 332 342 345 347 349 358 360 364 365
7 308 321 323 338 352 359 363
8 293 304 309 313 324 329 338 354
14 298 303 304 307 324 328 332 333 337 339 351 353 360 364
24 292 297 298 305 306 309 311 314 317 321 325 327 330 331 336 337 339 342 344 345 350 355 356 358
10 293 295 313 314 323 328 330 331 347 352
10 298 309 310 317 323 324 331 335 337 364
19 291 296 299 304 305 320 328 329 332 341 344 345 346 350 351 353 354 360 365
22 292 293 295 297 302 310 311 318 319 323 325 326 330 334 336 337 339 347 349 355 361 362
25 291 293 294 297 300 308 310 314 315 320 321 327 328 330 331 333 334 335 340 342 343 345 350 359 364
6 310 317 327 332 345 355
11 297 307 323 328 342 345 349 352 354 362 364
14 291 299 300 302 311 316 322 324 327 335 345 346 353 356
8 299 312 313 317 321 329 340 345
6 308 318 321 323 338 352
14 292 300 302 308 309 319 324 341 345 356 358 363 364 365
2 292 357
12 300 302 304 316 318 333 335 349 352 359 360 365
14 297 305 309 314 321 327 330 336 345 355 356 358 361 362
7 298 327 331 343 348 356 364
1 292
17 293 307 315 319 321 324 325 335 342 350 351 353 359 360 362 364 365
20 294 296 298 306 307 310 312 317 318 325 336 340 341 342 349 350 355 358 361 365
16 293 297 322 327 331 339 341 343 344 348 350 351 355 359 360 364
4 292 312 349 360
15 296 299 309 313 320 321 335 337 339 343 346 362 363 364 365
13 294 301 311 314 319 323 328 331 333 355 359 360 361
35 292 293 295 299 301 302 304 305 307 311 312 314 315 316 317 318 320 321 322 325 327 332 336 337 339 341 345 347 349 350 352 354 356 359 363
13 291 299 300 302 311 316 322 324 327 335 346 348 351
24 291 293 294 299 303 304 311 312 319 324 327 328 329 333 334 336 338 340 343 345 346 361 363 365
4 296 309 324 342
16 295 297 309 312 320 321 330 335 338 340 341 350 355 357 359 363
16 299 306 317 324 332 336 345 347 348 349 350 351 353 355 356 357
11 293 295 299 300 307 308 346 347 349 350 357
24 296 297 301 302 305 311 317 325 327 329 330 334 336 340 342 344 347 350 354 355 357 358 361 362
16 292 293 297 299 300 304 305 306 319 322 326 331 333 334 340 348
18 292 295 307 308 312 313 323 329 331 332 335 339 342 343 344 353 359 363
14 291 293 300 301 304 311 314 315 316 334 338 349 352 355
11 300 308 310 324 331 341 351 354 356 363 364
13 303 311 316 320 321 330 335 336 350 354 358 361 362
22 292 298 299 301 302 305 311 312 313 319 320 330 332 333 341 345 347 348 349 353 355 357
5 308 318 321 352 359
8 312 313 317 329 334 340 357 364
15 291 293 298 301 311 314 315 318 321 332 343 354 356 358 360
12 294 299 305 310 326 327 328 340 341 345 351 360
14 292 294 308 317 331 334 342 344 346 350 352 353 355 364
19 291 293 297 322 327 329 331 332 339 343 344 347 350 355 357 358 359 360 364
15 292 295 297 299 304 305 313 315 326 333 334 344 345 348 355
22 293 303 307 308 315 321 324 325 329 334 335 344 347 350 351 353 354 358 359 360 362 364
6 309 318 342 360 363 365
9 315 320 321 329 335 339 350 363 365
26 292 299 300 301 302 305 306 312 313 317 319 324 330 333 336 339 341 345 347 348 349 350 351 355 356 357
8 292 295 301 305 312 320 335 347
12 291 296 304 320 328 329 332 340 344 350 351 354
9 293 295 309 314 323 329 330 332 347
11 293 298 304 306 320 340 342 343 359 361 362
43 291 294 295 296 298 299 301 303 304 305 306 307 311 312 314 315 316 317 318 320 321 322 323 325 326 327 328 330 333 334 335 336 339 340 342 344 348 349 355 357 359 360 361
10 293 295 297 300 317 327 338 344 348 349
27 291 293 296 299 301 307 308 312 315 319 320 322 323 326 329 332 334 338 340 341 343 346 347 353 354 357 363
37 292 293 295 299 301 302 304 305 307 308 310 311 312 314 316 317 319 320 321 322 325 327 331 336 337 339 341 345 347 350 351 352 354 356 359 363 364
8 296 297 307 316 341 346 351 362
13 296 305 311 313 328 330 331 333 337 339 341 345 348
27 291 294 296 297 298 300 303 306 309 313 324 329 330 333 334 338 340 342 343 346 353 355 357 358 360 361 365
14 298 301 302 314 320 323 325 336 337 342 354 355 358 359
12 292 302 308 309 310 324 341 345 351 352 358 364
14 294 295 300 303 306 310 317 323 334 338 340 357 359 363
27 292 294 296 302 303 305 308 309 313 314 316 317 320 321 324 325 333 334 335 337 346 350 352 359 361 364 365
33 292 295 296 298 299 301 303 306 308 310 312 313 314 319 320 321 323 324 325 326 330 331 335 337 341 342 344 345 351 352 353 358 364
19 291 292 293 299 303 305 306 307 315 324 328 329 331 337 344 352 354 361 365
35 291 293 295 297 299 301 304 306 307 310 311 322 323 327 328 329 330 331 332 336 340 341 343 345 348 349 353 354 355 356 357 358 360 362 363
27 292 295 296 298 305 306 307 310 313 314 315 316 318 322 323 325 337 339 341 344 349 352 356 358 359 360 362
9 291 304 311 348 349 352 355 357 358
11 292 297 303 308 311 318 333 339 341 351 356
5 293 309 324 335 338
32 291 293 295 301 310 311 315 318 319 323 328 329 330 331 332 336 339 340 341 343 344 345 347 348 353 354 355 356 357 358 362 363
8 295 303 323 337 348 356 358 361
7 302 303 323 348 355 356 358
9 299 302 316 324 327 345 351 353 356
15 292 294 296 299 301 302 303 305 309 310 317 318 320 334 356
18 291 294 296 300 303 306 313 328 329 334 340 342 346 348 355 357 361 362
6 308 312 317 324 327 343
14 293 297 316 322 327 329 332 348 350 351 357 358 359 364
8 296 302 304 313 319 339 342 353
4 338 352 359 363
12 294 299 310 320 322 326 327 328 340 341 351 360
24 295 297 298 305 306 309 311 314 317 321 325 327 330 337 339 342 345 350 351 355 356 358 361 362
18 292 294 295 308 310 317 328 331 334 342 344 348 352 353 357 360 363 364
14 295 317 328 331 334 342 344 346 348 350 353 358 360 364
11 302 313 320 322 324 337 344 348 349 355 365
6 304 310 317 327 355 356
15 294 301 310 314 317 323 325 329 337 339 343 346 347 349 359
13 308 309 310 319 324 331 332 341 345 352 356 363 365
29 291 296 298 299 305 308 310 311 313 316 318 320 321 322 325 326 329 333 334 336 337 339 341 344 348 352 354 355 357
19 296 299 304 306 307 311 319 322 325 329 332 338 341 344 346 347 353 354 365
6 292 303 312 316 320 347
25 292 297 299 301 302 303 309 318 323 324 325 326 327 330 331 336 339 341 346 350 353 355 357 363 364
13 291 294 301 310 314 323 338 339 343 347 352 356 359
23 292 295 296 298 300 302 306 307 309 313 314 315 316 322 325 326 337 339 341 349 354 360 362
10 313 314 321 323 328 330 331 339 347 359
18 295 304 307 308 314 315 324 330 336 337 345 346 349 352 353 361 362 365
5 310 317 332 345 355
20 298 300 302 305 308 312 313 320 324 326 333 334 337 338 342 346 350 359 364 365
14 291 303 304 307 310 315 316 324 332 337 339 341 346 351
16 296 298 299 307 311 313 316 319 322 325 332 344 346 352 354 365
11 292 295 296 301 303 305 312 317 320 335 347
22 292 295 297 303 310 316 318 321 323 324 327 328 331 336 338 339 344 345 346 348 353 357
28 291 294 296 297 298 300 303 306 309 313 323 326 329 330 334 338 340 344 346 348 353 355 357 358 360 361 362 365
36 293 294 296 299 300 302 305 309 311 313 314 317 319 320 322 325 326 327 329 330 331 334 336 340 342 343 345 347 348 349 350 354 355 357 358 365
13 300 310 324 331 332 341 345 352 354 356 363 364 365
8 305 311 323 326 331 333 360 361
18 291 294 298 300 303 329 330 338 340 342 343 344 346 348 355 360 361 362
13 299 300 316 322 324 327 345 346 348 351 353 356 362
20 298 299 300 302 305 306 311 317 320 330 332 333 336 339 341 347 348 355 356 357
9 294 301 305 314 319 333 341 359 360
12 291 293 300 301 304 311 334 338 348 355 357 358
25 291 293 297 301 306 310 311 315 319 322 323 328 331 332 336 339 343 344 345 353 356 357 360 362 363
25 291 294 297 299 301 303 304 311 312 317 319 320 321 324 327 329 332 333 334 340 345 348 350 351 361
13 293 297 302 304 310 317 327 338 344 345 347 348 349
8 300 302 303 304 335 349 352 365
14 292 293 301 304 309 315 318 321 327 353 354 356 358 360
14 295 298 307 308 315 319 323 335 336 340 345 346 349 365
7 296 325 328 331 335 341 362
10 291 293 305 309 311 318 321 327 353 358
19 293 316 322 327 329 331 332 339 341 343 344 347 350 351 355 357 358 360 364
26 291 293 294 300 302 304 307 311 317 318 322 327 328 329 332 333 336 338 347 350 356 357 359 361 362 363
14 292 297 305 309 314 317 321 325 327 330 337 351 358 361
16 292 293 295 297 302 304 310 317 327 338 340 344 345 347 348 349
6 302 313 319 322 339 342
22 295 298 304 307 308 312 315 321 323 324 335 336 337 340 345 346 349 352 353 361 362 365
12 299 306 312 313 317 321 329 340 344 352 357 364
9 295 303 317 337 348 355 356 358 361
22 292 297 302 309 310 311 316 324 325 327 328 331 338 339 341 344 346 348 350 353 355 363
14 296 301 305 306 310 318 330 331 339 341 346 348 352 357
21 297 301 302 308 309 310 311 316 321 323 325 330 331 336 341 346 348 350 355 357 364
16 291 294 295 300 307 310 319 322 326 327 330 332 347 348 362 363
11 300 301 317 323 326 332 343 356 358 360 362
24 292 293 294 295 297 301 302 304 315 317 323 327 328 335 342 345 346 347 349 356 358 360 364 365
9 292 293 295 297 310 317 338 340 349
19 292 295 297 306 309 311 317 325 331 336 337 339 342 345 350 351 358 361 362
15 293 294 298 304 306 314 319 320 342 349 354 359 361 362 365
6 308 318 323 338 352 359
36 291 296 299 300 303 305 306 308 310 311 312 314 316 320 321 322 324 326 330 331 333 334 336 337 338 341 343 344 348 351 354 355 357 359 361 363
9 296 297 307 316 325 331 335 341 362
8 296 305 307 313 317 334 347 358
13 295 299 303 306 323 326 334 336 338 340 347 350 363
13 299 300 302 311 316 322 324 327 335 345 351 353 356
17 291 294 296 298 300 303 309 323 324 338 340 342 344 348 357 361 362
11 313 319 320 322 324 330 337 339 344 349 355
10 298 300 301 334 343 351 356 358 360 362
7 294 305 326 327 328 345 351
35 292 293 297 299 300 301 302 305 306 312 317 320 325 326 327 329 330 331 334 336 340 342 343 344 347 348 349 350 354 355 357 358 361 362 365
19 293 294 297 300 307 317 322 327 328 329 332 334 339 340 347 348 350 356 357
10 305 309 323 324 330 331 335 337 345 364
29 296 299 300 303 305 306 310 311 313 314 316 319 320 321 322 330 331 334 336 338 339 344 348 352 353 354 357 362 363
12 291 293 301 314 315 316 334 338 348 349 352 357
6 302 313 322 339 342 347
8 311 318 333 335 339 341 349 356
17 291 295 298 299 300 302 312 314 316 317 327 332 338 340 343 356 361
13 292 295 297 300 305 306 308 312 315 328 333 334 340
16 291 296 306 311 312 314 315 316 319 322 325 326 330 351 361 365
15 295 298 304 305 306 319 322 326 328 331 333 334 340 344 348
9 292 293 295 302 317 327 338 347 349
17 292 296 302 305 309 317 321 324 326 333 334 335 342 346 352 359 365
9 294 301 311 314 319 328 331 341 359
17 291 296 306 312 315 316 319 322 325 326 337 339 345 347 351 359 365
5 313 319 322 342 353
15 293 295 301 309 313 319 321 323 329 330 331 347 352 359 363
13 306 312 313 317 321 329 340 344 345 352 357 364 365
12 295 297 300 303 304 310 317 338 340 344 347 349
25 294 296 298 303 305 308 310 312 315 317 318 320 326 333 334 336 337 338 340 341 342 349 350 358 360
27 294 296 298 303 304 305 306 307 308 312 317 318 320 334 336 337 338 342 343 344 349 350 354 355 358 364 365
9 313 322 339 344 348 352 355 361 365
14 294 308 310 315 327 331 333 334 335 345 350 351 359 363
21 296 297 303 306 309 324 326 328 329 330 333 334 338 342 343 346 348 355 358 361 365
20 293 297 316 322 327 329 332 339 341 343 344 347 348 350 355 357 358 359 360 364
20 291 294 301 302 310 314 317 323 325 329 337 338 339 343 347 349 351 352 357 359
15 297 307 323 330 336 342 345 348 349 351 354 356 359 363 364
21 292 293 295 297 298 299 300 304 305 306 312 322 326 328 331 333 334 340 344 345 348
22 294 297 304 305 310 311 313 318 322 323 326 328 331 336 337 339 341 345 346 348 352 357
11 291 300 301 314 315 316 338 348 355 357 358
24 292 293 299 304 307 308 310 311 314 315 317 318 319 321 322 327 337 345 349 350 351 354 359 364
8 292 295 301 312 317 320 335 347
16 296 299 309 313 320 329 334 335 337 339 343 346 362 363 364 365
19 292 302 311 312 313 326 327 329 332 333 334 351 354 355 358 359 360 362 365
14 292 293 294 297 301 302 304 309 315 332 342 345 360 365
21 293 303 308 315 319 321 324 325 335 342 344 347 350 351 353 354 355 358 359 360 365
11 296 297 307 316 325 331 335 346 351 362 364
15 298 301 302 309 314 315 316 320 325 336 342 354 355 358 359
13 294 299 302 305 306 313 320 325 326 333 334 342 363
26 292 295 301 302 303 308 309 310 318 321 323 324 325 327 330 331 336 339 341 345 346 350 353 355 363 364
8 296 302 304 313 319 322 339 342
19 293 294 298 304 306 312 314 319 320 329 332 340 342 343 359 360 361 362 365
31 292 295 296 298 300 302 307 308 309 310 313 314 315 316 323 325 326 330 337 339 341 344 347 349 353 354 356 358 359 360 362
5 296 309 324 342 365
12 294 301 305 314 319 323 326 328 333 341 360 361
16 293 313 314 319 321 323 328 329 330 331 332 339 347 352 359 363
19 294 295 299 300 303 306 308 323 326 334 336 338 340 342 347 350 357 359 363
14 292 293 297 304 305 306 308 312 313 319 331 344 348 355
6 318 324 342 360 363 365
20 293 294 298 304 306 312 315 319 320 329 332 333 340 343 349 354 359 360 361 365
27 293 299 301 306 311 315 319 323 327 328 331 332 339 340 343 345 347 348 349 351 353 355 356 357 358 362 363
5 292 312 339 349 362
18 291 306 311 312 314 315 316 319 322 326 330 337 339 340 345 347 359 365
22 291 293 294 300 311 318 322 329 332 333 334 336 338 339 340 343 347 348 350 355 363 365
25 296 298 303 305 306 307 308 312 315 318 320 325 326 333 334 336 337 338 340 341 342 349 350 355 365
16 291 292 293 298 304 305 311 315 321 327 332 343 353 354 356 360
5 296 309 342 360 363
13 291 293 300 301 304 311 314 315 334 338 349 352 358
18 292 294 317 321 328 331 334 342 344 346 350 352 353 355 358 360 363 364
21 292 295 304 305 308 310 316 318 319 331 336 337 339 341 345 351 352 356 359 363 364
29 291 293 295 297 299 304 306 307 310 311 318 319 323 328 329 332 339 340 341 343 347 349 351 353 354 355 358 360 362
45 294 295 296 297 298 299 303 304 305 306 307 311 312 314 315 316 318 321 322 323 325 326 327 328 329 330 333 334 335 336 337 338 339 340 342 343 346 347 348 349 350 357 359 360 361
19 298 299 300 305 306 307 311 312 313 330 332 333 336 339 348 350 353 355 356
18 291 292 293 298 301 304 305 311 315 318 321 332 343 353 354 356 358 360
12 291 296 300 305 307 317 322 334 337 347 356 358
9 292 301 305 312 316 320 335 347 353
21 292 296 298 302 305 306 307 308 309 313 314 316 323 326 330 349 352 354 356 360 362
11 293 301 309 314 321 323 328 329 330 347 363
9 300 302 304 316 318 349 352 359 365
7 295 302 303 348 355 358 361
31 292 295 296 301 305 306 308 310 312 313 314 315 319 320 321 323 324 325 331 335 337 341 342 344 345 346 349 352 353 358 364
10 292 295 296 301 303 305 312 320 347 353
14 298 301 302 309 314 315 316 323 325 336 337 342 354 355
31 293 294 297 300 302 304 307 309 311 316 317 318 322 327 332 333 334 336 338 340 343 347 348 350 355 357 359 361 362 363 365
10 294 305 311 314 326 328 333 355 359 361
11 298 299 300 303 318 323 333 336 349 356 362
12 291 293 300 301 315 316 334 338 348 349 352 357
19 294 297 301 304 305 306 310 311 313 322 326 328 330 333 341 345 348 352 357
10 298 301 316 320 323 336 337 355 358 359
11 293 300 301 304 311 315 316 334 338 355 358
21 292 295 297 298 309 311 317 321 327 330 331 337 339 342 344 350 351 355 358 361 362
23 292 295 298 299 301 303 305 312 313 314 319 320 321 325 331 335 346 349 353 354 358 360 364
12 294 295 299 300 308 312 317 326 336 340 357 363
9 291 296 300 305 313 322 334 351 352
20 292 294 301 302 303 305 306 309 310 313 318 320 325 326 333 334 338 354 356 363
17 298 306 307 308 312 316 318 322 324 330 332 342 351 353 356 357 358
14 293 295 301 309 319 321 328 329 330 331 332 339 347 363
8 310 317 327 332 336 345 355 356
25 291 292 302 312 313 315 316 326 327 329 332 334 338 339 343 344 351 353 354 355 356 358 359 360 362
34 293 295 297 299 301 304 307 310 315 318 319 322 323 327 328 329 330 331 336 339 341 343 344 345 347 348 351 353 354 355 356 357 360 362
15 297 298 299 300 302 320 323 327 333 336 341 343 349 356 362
6 296 313 319 322 339 353
20 291 296 306 307 311 312 314 315 319 322 325 326 330 337 339 340 345 347 359 365
13 293 295 301 309 313 314 321 323 332 339 347 352 359
5 292 305 312 324 349
12 295 301 309 319 321 323 329 331 332 339 359 363
22 293 303 308 309 315 319 321 324 329 334 335 342 344 347 351 353 354 355 358 359 360 362
11 294 299 308 309 310 333 339 340 344 350 365
14 291 294 301 307 325 338 339 343 347 349 351 352 357 359
9 302 304 316 318 335 349 352 359 365
6 308 318 321 338 352 359
28 292 295 296 305 306 308 309 310 313 314 315 318 322 323 330 337 339 341 344 347 349 352 353 354 356 358 359 362
5 293 329 335 338 354
35 291 293 296 297 298 299 301 303 305 306 313 316 317 318 320 323 325 326 327 328 333 335 336 337 338 339 342 343 344 347 348 350 353 357 362
12 291 296 300 307 313 322 335 337 347 352 356 358
15 291 316 329 331 332 339 343 347 350 351 355 357 358 359 364
13 297 304 310 322 330 331 333 337 339 341 346 352 357
16 292 308 310 317 321 334 342 344 346 348 350 355 357 358 363 364
19 296 300 306 313 323 324 329 333 334 338 342 343 344 348 353 355 358 362 365
23 291 297 299 301 305 313 315 319 320 324 325 327 328 334 335 337 341 347 351 361 363 364 365
33 291 292 294 301 304 305 307 312 313 314 315 317 319 321 322 324 325 326 327 328 331 332 337 340 342 343 344 345 349 354 356 363 364
35 291 292 293 295 297 299 301 307 308 313 317 318 319 320 328 329 330 331 333 334 335 337 339 340 341 342 344 346 347 348 350 360 361 362 365
29 294 296 297 298 301 302 303 304 307 315 316 318 322 323 329 331 333 334 335 336 346 349 351 353 355 358 361 362 365
44 292 295 296 298 299 301 302 303 305 306 307 308 311 314 316 317 318 319 324 325 326 327 328 329 330 331 332 333 334 335 336 337 339 346 347 349 351 352 353 358 359 361 364 365
22 292 293 294 297 316 319 320 322 324 327 328 329 334 336 337 338 345 348 353 359 360 365
43 291 292 294 298 299 302 305 306 307 308 310 312 313 314 317 320 323 324 325 326 328 329 331 335 336 337 339 341 344 345 347 348 349 350 351 352 353 354 357 358 359 362 365
44 292 296 297 301 303 305 308 311 313 315 316 318 319 320 321 323 324 325 329 333 334 335 336 337 338 339 341 342 343 344 345 346 347 350 351 352 353 354 356 358 359 360 362 365
44 291 293 294 296 298 299 302 304 306 308 311 314 316 317 320 321 323 324 325 326 328 330 331 335 338 339 343 345 346 347 349 351 352 354 355 356 357 358 360 361 362 363 364 365
38 293 294 295 296 298 300 301 303 305 309 310 314 316 317 319 321 324 326 327 329 332 334 335 337 340 344 347 348 349 350 351 353 354 357 359 362 363 364
35 292 293 295 298 304 306 308 309 310 311 312 314 315 318 322 323 325 327 330 331 332 333 336 344 346 348 351 352 353 355 356 357 359 360 362
48 291 292 293 294 295 297 299 300 303 305 306 307 308 309 311 312 314 316 317 318 322 323 324 325 326 328 329 330 337 338 339 340 341 342 343 346 347 349 350 352 354 355 356 357 360 361 362 364
49 291 292 293 294 297 299 300 301 302 303 304 305 306 309 310 311 312 314 317 318 319 320 321 323 324 325 326 330 331 332 334 336 337 338 340 341 342 344 345 348 349 350 351 353 354 357 359 361 362
28 293 298 301 304 307 309 313 316 317 320 323 325 327 328 329 330 333 337 338 341 344 345 346 350 357 358 359 361
29 296 298 299 301 305 308 312 315 316 320 323 328 330 331 332 333 336 337 338 339 342 345 346 352 354 356 357 364 365
29 293 294 295 296 297 299 301 302 312 314 317 318 319 320 321 327 338 339 340 341 344 345 347 348 352 359 360 364 365
50 291 293 294 295 296 298 300 304 305 307 308 314 315 316 317 318 319 320 323 324 325 326 329 330 332 333 334 335 336 337 338 339 341 342 343 344 345 347 348 349 350 353 355 356 358 359 360 362 364 365
31 291 294 295 301 303 305 306 307 308 309 310 312 318 321 324 325 326 328 329 338 342 344 345 348 351 352 357 361 362 363 365
40 293 294 296 298 300 301 304 306 309 312 314 315 316 317 320 322 323 326 328 329 331 332 335 336 337 338 339 341 342 343 345 347 349 350 351 356 357 361 364 365
42 291 296 298 299 302 304 306 307 308 309 310 311 314 315 316 317 318 319 320 322 324 326 328 329 332 334 335 338 340 341 347 349 350 352 353 354 356 358 359 363 364 365
37 291 293 295 305 307 308 309 311 312 313 315 317 318 319 320 321 323 324 325 326 327 328 329 331 332 333 337 338 344 348 350 351 356 358 359 360 363
26 292 295 297 301 304 308 310 312 316 317 318 322 324 328 329 333 334 335 336 338 342 345 347 353 354 358
23 292 297 298 301 302 305 306 308 313 324 325 328 329 335 339 340 346 347 348 350 354 363 365
36 298 300 301 302 304 306 308 311 313 314 315 318 319 321 323 324 325 326 328 331 333 336 338 340 341 348 349 350 351 352 353 354 357 360 362 364
25 292 294 298 302 303 305 306 307 308 310 321 324 328 331 336 337 339 342 344 349 350 360 361 362 365
28 298 303 305 306 311 313 314 316 318 322 325 327 328 329 335 339 340 342 345 346 348 349 352 353 358 359 360 365
41 292 293 299 300 302 303 304 305 306 308 309 310 314 317 318 323 325 326 329 330 332 335 337 338 339 340 342 344 345 346 347 348 350 352 354 357 359 362 363 364 365
27 294 297 302 303 304 306 307 310 312 313 315 317 320 322 323 327 330 334 337 338 340 347 350 354 361 362 363
49 291 293 294 295 297 298 299 300 301 303 305 309 311 312 315 316 317 319 320 321 323 324 325 326 328 330 332 333 335 337 338 341 342 344 345 346 347 348 349 352 354 357 359 360 361 362 363 364 365
40 292 293 294 295 298 299 303 305 307 308 309 310 311 312 314 318 322 323 324 325 327 328 330 332 334 335 338 339 342 344 346 347 350 351 354 355 358 360 361 363
23 292 293 296 299 302 303 314 317 321 322 332 336 337 338 340 342 347 350 351 357 360 361 362
33 291 294 295 297 299 301 302 303 304 305 307 313 314 315 318 319 321 322 323 325 326 327 333 335 337 338 340 345 349 350 352 360 363
24 291 304 309 310 312 313 321 323 329 330 334 336 340 341 343 346 349 355 356 358 359 360 362 363
27 291 293 296 297 298 299 302 303 310 311 316 317 319 321 322 323 326 331 334 337 340 341 346 347 349 355 359
26 294 298 299 305 308 309 310 312 317 318 319 324 326 329 331 332 333 337 340 344 345 351 356 359 364 365
29 291 295 297 301 302 303 306 311 313 315 317 320 322 326 328 329 330 331 335 338 341 342 343 345 348 349 354 358 359
46 292 293 294 295 296 298 299 300 301 302 304 308 309 310 312 316 317 318 320 321 322 323 326 327 330 332 333 335 336 338 340 345 347 348 349 351 352 354 355 357 358 359 360 362 364 365
50 294 297 298 303 305 306 307 308 309 310 311 313 314 315 317 318 319 320 321 322 323 324 325 326 327 330 333 334 335 337 338 341 342 344 345 346 349 352 353 354 355 356 357 358 359 360 362 363 364 365
34 295 296 298 299 302 305 308 310 311 312 314 315 316 317 318 320 322 323 324 326 329 330 331 335 337 338 342 344 346 349 352 360 363 364
48 291 292 294 296 297 298 299 300 301 302 304 305 306 307 309 310 311 312 313 314 315 316 321 322 323 324 327 331 337 338 339 340 341 343 344 346 348 349 350 353 354 356 358 359 361 362 363 364
29 293 297 302 303 306 309 311 312 313 314 318 322 326 327 328 330 334 335 336 338 340 343 348 351 352 360 362 364 365
23 291 293 296 298 299 305 306 311 317 321 324 325 329 340 345 347 349 356 358 361 363 364 365
31 291 294 295 299 301 302 305 306 307 308 309 314 318 324 328 329 331 332 333 336 337 338 339 341 347 351 354 356 362 364 365
41 295 296 298 299 300 301 302 303 306 307 308 309 311 312 313 315 317 318 319 323 324 326 327 330 332 334 336 337 341 346 347 348 350 353 354 357 359 360 361 363 364
38 292 293 295 296 297 299 300 302 303 304 305 307 308 312 314 315 319 321 323 325 327 329 330 331 335 336 337 340 341 342 343 345 352 354 358 361 363 365
34 292 293 294 295 297 302 303 304 305 306 307 308 310 312 316 318 319 323 325 326 330 331 332 333 339 344 345 348 351 355 357 361 363 364
31 291 295 296 298 300 302 303 304 305 306 310 312 313 314 317 322 323 327 332 334 339 340 341 345 348 353 355 356 357 359 362
32 292 296 297 298 299 300 302 304 307 309 311 312 314 316 322 325 328 331 332 334 336 339 342 344 347 348 351 352 354 357 358 361
39 293 294 295 296 297 298 299 300 301 303 306 309 310 311 312 316 319 320 323 325 326 327 328 330 333 335 336 342 344 349 350 353 355 357 360 361 362 363 365
50 292 293 294 295 296 297 298 299 300 305 307 308 311 313 314 316 317 318 319 320 323 327 328 329 331 334 337 338 340 341 342 343 344 345 346 347 348 349 350 352 353 354 355 356 358 359 360 361 362 363
44 292 293 294 296 302 303 305 306 307 308 309 310 313 314 315 317 318 319 320 321 322 323 326 328 331 333 334 336 337 338 340 344 346 347 348 349 350 352 353 358 359 360 361 362
24 296 298 305 306 307 309 315 319 320 322 327 329 333 343 345 346 348 351 352 354 355 360 363 365
50 291 294 295 297 298 299 300 302 303 304 305 306 307 310 311 312 313 314 315 317 318 320 321 322 323 325 326 327 328 329 332 336 338 339 340 342 344 345 347 349 350 351 353 355 356 358 360 362 363 365
34 293 296 300 302 303 304 305 306 309 310 313 317 323 324 325 326 327 328 334 337 338 339 346 347 348 349 350 353 355 356 357 361 363 365
31 293 297 298 300 304 305 306 308 309 310 312 314 323 324 325 329 330 331 337 338 340 344 345 346 350 351 355 359 362 363 364
31 291 292 294 295 297 298 301 302 304 309 313 317 319 320 324 328 329 330 331 332 336 342 343 344 347 350 352 354 359 360 365
45 291 295 296 298 299 301 302 303 307 312 314 317 318 319 320 322 323 324 325 326 327 329 331 332 333 334 338 339 341 345 346 347 348 349 350 353 355 358 359 360 361 362 363 364 365
32 291 293 300 301 306 307 312 315 321 323 324 325 326 329 330 331 333 334 335 336 337 339 340 343 350 353 354 355 359 360 363 365
27 293 296 297 298 299 301 307 308 311 315 317 318 321 322 326 331 334 338 339 340 347 350 352 355 358 359 364
39 292 295 296 297 301 303 304 305 306 311 312 315 316 320 321 322 323 324 325 330 331 332 334 335 336 339 340 342 343 346 347 351 353 354 357 361 362 363 364
38 293 294 296 297 298 300 301 303 306 307 308 310 311 313 315 318 319 320 321 322 329 331 333 334 338 339 340 342 343 346 347 349 350 352 353 357 359 364
31 292 297 302 303 306 307 312 313 316 317 321 322 326 327 328 330 333 335 338 342 345 346 347 349 351 353 354 357 359 361 362
44 292 293 294 296 297 299 300 301 302 303 305 306 307 308 310 311 312 315 316 317 318 321 324 326 327 331 332 333 334 336 337 341 344 345 346 349 351 352 356 358 359 360 364 365
31 296 297 299 302 303 304 306 307 309 311 316 317 319 323 325 326 328 331 332 333 334 336 337 339 342 353 355 356 359 364 365
43 291 293 296 297 300 304 305 306 307 310 311 313 314 315 316 318 320 321 322 325 327 329 333 334 335 336 337 339 341 342 346 347 348 349 350 352 353 355 357 360 361 362 363
44 293 294 295 296 297 298 300 302 304 305 306 309 312 313 314 321 323 324 327 329 332 333 334 336 337 338 339 340 341 344 345 346 348 349 351 352 354 356 357 359 360 361 362 365
27 291 295 296 303 305 306 309 310 318 320 321 323 325 328 329 330 333 334 344 345 349 352 353 355 356 360 362
41 291 292 293 297 298 300 303 305 306 307 308 310 311 313 314 316 317 321 322 325 327 329 332 334 335 336 337 338 340 342 343 344 345 347 348 352 355 356 361 362 365
33 292 293 295 298 306 307 309 311 312 314 323 325 326 327 328 329 331 335 337 338 339 342 343 346 347 348 350 351 360 362 363 364 365
28 295 298 299 301 302 303 306 307 308 309 317 320 323 326 328 337 338 341 342 346 348 352 356 357 358 359 361 362
48 291 296 299 301 303 304 305 306 307 308 310 313 314 317 318 319 320 322 323 324 325 326 327 328 330 331 333 336 338 339 341 343 344 345 346 347 348 350 352 353 354 355 357 358 361 362 364 365
27 292 295 302 303 308 318 319 322 328 329 330 331 333 335 338 339 340 342 344 345 346 348 358 360 361 362 365
28 295 297 299 300 306 307 310 315 319 320 324 325 327 329 331 333 336 340 344 346 349 351 354 355 359 360 362 365
51 292 293 295 296 297 298 299 300 301 302 303 306 308 309 310 311 312 313 317 318 319 320 322 323 324 325 327 328 329 330 331 335 337 338 339 340 341 343 346 347 349 352 354 355 356 357 358 359 360 363 364
49 293 294 295 297 298 299 301 303 304 305 306 307 308 309 311 312 313 314 316 317 319 320 323 324 325 326 327 328 329 330 331 332 334 335 337 338 340 345 347 348 349 350 356 359 360 361 362 363 364
48 293 295 296 297 298 301 303 306 308 309 311 312 313 314 315 316 318 321 322 323 324 326 327 329 330 332 333 335 336 337 339 340 344 345 346 347 348 349 351 352 354 355 357 358 359 360 363 364
51 291 293 294 295 298 299 300 301 304 305 306 308 310 311 312 314 315 316 317 319 320 321 324 325 327 328 329 331 333 334 335 336 338 339 340 341 344 345 346 349 354 355 356 357 358 359 360 361 362 363 364
26 292 293 297 301 304 305 312 316 318 321 326 327 329 330 333 336 339 342 343 347 350 354 356 357 363 364
32 292 293 295 297 298 299 300 303 305 311 312 315 317 318 319 328 331 340 341 343 344 347 349 351 353 354 357 359 361 362 363 364
31 291 292 295 297 299 302 305 307 308 309 311 313 314 316 318 319 322 324 329 337 340 342 344 347 354 355 356 357 361 362 365
30 291 293 294 297 299 300 302 303 305 307 309 310 313 318 327 328 332 336 337 338 342 344 345 348 349 353 356 357 358 359
28 292 297 299 300 303 305 306 307 312 315 318 321 322 323 326 328 329 332 347 350 351 353 354 355 356 357 362 365
29 293 294 295 296 300 303 305 306 310 319 320 321 324 327 328 333 334 335 338 339 340 343 348 350 354 357 359 362 365
29 291 292 298 299 301 305 311 312 315 318 319 321 326 329 330 331 333 335 343 345 346 347 348 353 354 359 361 362 364
32 295 298 300 303 305 312 313 316 317 318 320 324 325 329 330 332 336 337 340 344 345 346 347 350 354 357 358 359 362 363 364 365
45 291 292 294 298 299 300 304 305 306 307 308 310 311 312 313 317 319 320 321 322 323 324 328 329 330 332 333 335 339 340 341 342 344 345 348 349 351 353 354 357 359 360 361 362 363
27 291 292 295 300 303 306 307 312 322 325 329 330 333 334 337 339 340 343 344 351 354 356 357 358 361 362 363
38 292 293 295 300 301 303 306 307 308 314 315 317 319 324 326 327 331 332 334 335 339 341 343 344 347 348 349 351 352 354 355 357 358 359 360 362 363 365
24 292 293 295 300 306 308 309 314 318 320 323 325 331 333 342 343 346 348 351 352 353 355 356 358
32 291 294 295 296 297 299 300 301 302 306 307 309 310 311 312 316 317 320 321 324 328 338 341 343 348 353 354 357 358 360 363 365
42 292 293 294 296 298 299 300 301 303 305 306 309 310 313 314 315 318 319 321 322 325 326 328 331 332 333 337 338 339 340 343 344 347 348 349 352 353 357 358 359 362 365
36 291 292 293 297 299 306 308 310 313 316 318 322 323 327 328 329 330 334 336 338 340 341 342 344 345 347 348 350 353 355 357 358 359 362 363 364
24 292 297 305 306 307 309 310 311 314 317 322 325 330 331 332 335 336 338 342 353 355 360 363 365
36 293 295 296 300 302 303 305 306 307 308 309 311 313 314 316 317 319 320 323 324 325 331 332 337 341 342 344 345 347 348 350 351 356 362 363 364
48 291 292 293 294 296 299 300 302 303 304 305 306 307 308 310 312 313 314 315 316 317 318 319 320 322 323 324 327 329 331 332 336 337 338 340 341 343 345 348 349 351 352 354 355 356 359 364 365
43 291 293 294 295 296 297 298 299 301 303 304 306 308 309 310 312 313 316 319 320 323 326 330 332 333 334 335 337 340 341 342 344 345 347 348 351 353 356 357 358 359 360 365
24 297 304 305 309 311 313 319 321 325 330 334 337 340 341 342 344 350 351 354 355 357 359 361 363
27 293 294 295 297 302 303 308 314 315 319 320 324 325 327 332 337 339 340 343 345 347 352 355 357 362 363 365
23 295 296 298 300 308 310 311 312 315 331 335 339 340 342 346 347 348 349 350 356 357 360 364
34 292 293 297 299 305 306 313 315 316 321 324 326 327 329 331 335 336 340 341 343 344 345 346 348 349 351 352 353 354 356 357 358 359 360
47 291 292 293 295 296 297 300 301 303 304 305 306 308 310 314 316 317 318 319 321 323 324 325 326 327 328 332 333 334 335 337 338 339 340 343 347 351 352 353 354 355 356 358 359 360 361 364
27 291 292 293 296 303 315 321 323 326 329 330 336 337 338 340 342 346 348 349 352 353 354 356 357 360 361 363
42 295 296 297 299 300 303 304 305 306 307 308 309 310 311 313 314 315 316 319 321 322 323 324 325 327 328 332 339 341 343 344 345 347 348 349 350 355 357 358 360 361 365
34 291 292 293 294 296 297 299 300 301 303 304 310 317 318 319 321 324 326 327 328 331 337 341 342 343 351 354 356 357 358 360 361 362 363
31 291 293 295 297 299 300 301 302 303 304 306 307 312 313 318 319 325 330 331 332 334 338 342 344 349 352 355 358 359 360 363
24 299 301 303 304 305 309 311 316 318 324 332 334 335 338 341 343 344 348 349 350 354 359 360 362
33 291 294 299 301 303 304 305 307 310 312 313 316 317 323 325 330 333 334 335 340 341 344 345 346 347 348 349 351 353 357 358 359 362
22 291 296 299 301 305 306 307 308 311 312 322 324 327 330 335 340 343 349 350 354 363 364
45 291 292 295 297 299 300 301 302 303 304 305 306 307 309 312 313 314 318 321 323 325 327 329 331 332 334 336 337 339 340 341 342 343 349 350 351 352 353 355 357 358 359 360 361 362
39 293 296 301 302 306 307 308 309 311 312 314 316 317 319 320 323 324 325 328 330 332 334 335 336 339 342 344 345 346 347 348 352 354 355 361 362 363 364 365
47 291 293 294 295 297 299 302 303 304 306 309 311 312 313 314 315 316 321 322 323 324 326 327 329 330 331 332 334 336 337 339 341 342 343 344 345 347 350 352 353 354 355 356 357 359 360 363
50 291 292 293 294 295 296 297 299 300 301 302 303 305 306 308 309 316 317 319 320 322 323 324 326 327 330 332 333 334 335 337 338 342 343 344 345 346 347 349 350 353 354 355 356 357 359 360 362 364 365
43 293 294 295 296 297 300 301 303 306 307 308 310 312 313 314 315 316 317 320 321 324 325 326 328 329 335 336 338 341 342 343 345 346 348 349 350 351 353 354 355 360 361 362
39 291 292 293 294 295 299 303 304 305 307 309 311 312 313 315 318 320 323 326 327 329 332 333 334 336 337 340 342 344 347 349 353 354 355 356 358 360 362 364
25 294 295 296 298 299 304 311 313 314 319 320 328 331 334 335 338 340 347 349 350 353 358 360 364 365
27 293 296 297 300 301 303 315 317 322 324 330 333 335 337 338 340 341 345 346 348 350 351 354 358 359 361 365
43 292 293 294 295 296 297 300 302 306 308 309 310 312 313 314 315 316 317 318 319 321 322 323 325 326 327 330 331 332 333 334 335 336 337 339 345 349 351 354 358 359 361 363
27 291 293 295 296 300 308 310 311 319 322 323 325 326 328 331 334 336 339 341 342 343 345 348 350 355 356 364
26 294 297 298 304 305 309 311 315 316 319 321 322 325 329 335 337 341 344 349 351 355 356 357 358 360 361
39 293 295 298 299 303 305 306 307 308 309 310 314 319 323 325 326 329 330 331 332 335 336 337 338 340 341 342 344 346 347 349 350 352 355 358 359 362 364 365
37 294 295 299 304 305 306 308 309 311 312 317 318 321 326 327 328 329 331 332 333 335 338 340 342 343 345 346 348 349 350 351 352 355 356 360 361 365
50 291 292 295 297 298 300 301 302 304 305 307 309 310 313 314 315 316 317 322 323 324 325 326 328 332 334 335 336 337 338 339 340 343 344 347 348 349 350 351 352 354 355 356 359 360 361 362 363 364 365
39 296 297 298 300 303 304 305 306 307 310 311 312 314 315 317 318 320 325 327 330 331 332 334 335 338 339 341 345 346 348 349 350 352 353 354 355 356 361 362
39 292 294 295 296 297 300 306 307 308 309 311 312 314 315 318 319 321 323 326 327 330 331 335 336 337 339 342 344 345 348 351 352 353 354 355 356 357 364 365
35 291 292 295 296 298 308 309 311 312 313 316 318 322 323 325 326 327 329 332 333 335 337 338 341 342 345 348 349 351 352 353 354 357 361 365
30 291 295 298 299 301 302 303 305 306 307 313 317 320 324 325 326 327 328 331 337 342 344 347 348 350 354 355 357 359 361
50 291 292 293 294 295 297 298 299 300 301 302 304 305 306 308 309 310 312 313 314 315 316 317 318 321 322 323 324 326 328 330 331 332 334 335 336 337 341 342 344 349 350 351 353 357 358 359 361 364 365
45 291 292 293 294 295 298 299 301 305 307 308 309 310 311 314 315 316 317 318 319 320 322 327 329 331 333 335 337 338 339 340 341 343 344 345 346 348 349 353 358 359 360 361 363 365
32 291 292 293 294 295 296 301 304 306 307 316 323 324 326 328 330 331 332 333 336 337 339 340 344 348 349 352 353 354 355 357 360
33 291 293 295 297 301 302 303 306 312 313 316 317 318 319 321 323 325 326 329 330 336 337 341 343 347 348 350 352 353 354 358 362 364
47 291 292 293 294 295 297 298 299 301 302 304 307 309 311 313 315 316 317 320 321 323 325 326 329 330 332 337 339 340 341 342 343 345 346 348 350 351 353 356 357 358 359 361 362 363 364 365
31 292 296 297 300 302 304 305 306 308 310 313 314 315 319 320 321 323 330 332 337 346 348 351 354 356 359 360 361 362 363 365
35 291 292 295 297 299 302 303 306 307 310 311 316 319 322 323 324 326 328 329 330 331 334 336 339 340 341 342 343 344 346 348 350 356 359 363
44 292 293 294 296 299 300 301 303 306 309 310 311 313 314 315 316 317 319 320 322 323 329 330 332 334 335 338 340 343 344 345 346 347 349 350 351 352 353 354 355 357 362 364 365
40 294 295 297 300 301 302 303 309 310 311 312 316 317 319 320 321 322 324 325 326 327 328 329 331 332 333 334 335 338 341 342 343 344 349 350 351 355 359 361 364
41 291 292 293 295 298 299 300 302 304 306 307 309 310 311 312 314 316 317 321 325 326 328 330 331 332 335 338 339 341 342 343 346 347 349 352 354 358 359 362 363 365
41 291 292 293 294 296 298 300 303 305 308 309 310 311 314 315 316 317 318 320 321 322 325 328 329 331 333 337 338 339 340 342 343 346 347 348 349 351 356 358 360 361
43 292 295 297 298 299 300 302 303 305 306 307 308 309 310 311 312 313 314 316 317 318 319 320 321 322 325 326 327 328 329 330 332 334 336 337 340 341 345 351 353 355 359 364
42 291 292 294 299 301 303 306 307 308 313 315 317 319 325 326 327 328 329 330 335 336 337 338 341 342 344 346 348 349 351 352 353 355 356 358 359 360 361 362 363 364 365
44 292 294 296 299 302 303 305 312 313 315 317 318 319 322 323 324 326 327 328 330 331 332 333 335 337 338 339 341 342 344 346 349 350 351 352 353 356 357 358 360 362 363 364 365
51 291 292 294 295 296 297 299 300 302 303 304 305 306 307 308 310 312 313 314 316 318 319 320 321 323 324 326 327 328 329 330 332 335 338 340 341 342 343 344 346 347 348 349 351 352 354 355 356 358 361 364
37 291 292 294 300 301 302 306 307 308 309 310 312 314 316 319 321 325 326 328 331 332 333 336 337 338 339 340 343 348 349 350 351 353 357 358 360 365
30 291 293 302 304 306 311 313 315 318 319 320 321 322 326 327 331 333 336 337 343 347 348 351 352 353 357 359 362 363 364
39 291 292 293 294 302 303 308 309 311 312 313 314 315 317 319 320 322 324 326 328 332 334 336 337 340 341 342 345 347 348 352 353 354 355 356 358 359 361 365
50 291 292 294 295 296 297 299 300 301 302 303 304 305 307 308 309 313 314 315 316 317 318 319 323 324 325 327 328 329 330 331 335 336 337 338 340 342 345 346 348 350 351 354 355 356 357 358 359 362 365
42 291 294 295 298 299 300 301 302 303 306 307 309 310 311 314 321 322 324 326 328 329 330 331 334 335 336 337 338 339 340 341 342 343 344 349 352 354 356 358 362 364 365
24 297 298 299 303 305 307 313 315 316 317 319 322 328 333 339 343 347 349 354 360 361 362 363 365
32 291 294 299 300 303 305 306 308 310 311 312 313 319 321 323 324 331 332 333 336 337 338 342 343 347 348 354 356 357 360 363 365
49 293 294 295 296 299 301 305 306 308 309 310 311 312 314 315 316 317 318 319 321 322 325 329 330 331 332 333 334 336 337 339 340 343 344 345 346 348 349 350 351 353 357 358 359 360 362 363 364 365
47 291 292 293 294 295 296 297 298 301 303 304 307 308 309 310 313 317 318 320 321 322 323 324 325 330 331 333 334 335 336 337 339 340 341 343 344 347 350 351 353 354 355 358 360 361 363 364
33 292 293 294 296 297 304 306 307 308 313 318 319 322 327 330 331 336 337 338 339 340 342 343 346 347 350 352 354 360 361 362 363 365
32 291 293 295 298 301 306 307 309 311 315 316 317 320 323 326 327 332 334 338 341 343 345 346 349 351 355 356 358 361 362 363 365
45 291 292 294 297 299 301 302 303 304 306 307 308 309 311 312 313 316 318 319 320 321 322 323 324 326 327 331 332 335 336 337 338 341 342 344 347 350 351 352 355 356 357 358 359 364
37 293 294 295 298 299 300 304 308 309 311 313 314 315 316 317 318 320 321 322 323 326 327 328 329 330 335 336 337 338 348 350 352 353 354 355 357 360
49 291 293 294 295 296 297 298 300 301 305 307 308 310 311 313 314 315 316 317 318 319 320 321 322 324 327 328 330 332 333 334 336 339 340 341 345 346 347 348 349 352 355 357 358 360 361 362 363 365
33 291 292 299 300 301 303 304 306 307 308 309 311 312 313 315 318 328 330 332 335 337 338 342 343 345 347 348 349 352 353 358 359 360
24 293 301 305 307 308 312 313 315 319 320 325 334 338 339 340 342 344 346 350 351 355 357 362 364
26 292 295 302 303 304 305 308 312 315 317 318 322 324 325 326 329 334 342 343 344 346 347 353 357 358 360
28 296 298 301 303 305 309 312 319 321 322 326 327 328 330 331 334 336 338 341 342 349 351 352 353 356 357 360 361
24 291 298 308 311 318 321 326 329 330 331 333 335 336 339 343 346 348 351 353 354 355 358 362 365
39 291 298 299 300 301 303 304 306 316 318 322 325 326 329 330 331 332 333 334 335 336 337 339 340 344 345 346 347 349 351 352 353 354 356 359 360 361 364 365
22 291 293 304 305 322 323 324 325 327 328 330 331 333 334 338 342 343 344 345 356 359 361
38 292 294 295 297 301 303 305 306 307 309 310 311 312 316 321 322 323 325 329 330 332 333 335 337 338 341 342 344 347 348 349 350 352 357 358 360 362 363
28 292 296 297 303 304 311 312 318 319 323 324 326 329 332 336 337 339 342 343 345 346 349 352 354 359 361 363 364
39 291 292 295 297 300 302 306 307 308 309 313 315 316 318 320 321 323 325 327 328 332 333 334 338 340 344 345 346 348 350 351 352 353 356 358 360 362 364 365
32 291 292 293 296 299 301 303 310 311 312 315 320 323 325 329 331 336 337 339 344 346 348 350 353 354 357 358 359 361 362 363 364
40 292 293 294 295 298 299 300 302 306 307 309 310 314 315 317 319 320 321 322 323 325 326 328 329 334 336 337 338 340 345 346 348 350 351 354 356 358 360 362 364
45 291 292 294 296 298 299 302 303 304 305 306 307 310 311 313 314 316 318 319 321 322 323 324 325 326 327 329 332 333 335 337 341 343 345 347 348 350 351 352 353 361 362 363 364 365
46 293 294 295 296 297 298 299 300 301 302 304 306 308 310 311 312 314 315 318 322 323 324 325 326 327 328 330 332 333 338 339 340 341 342 344 349 350 353 354 355 358 359 360 361 363 364
25 291 296 317 319 321 324 327 328 329 330 334 335 336 338 341 343 346 350 351 355 359 360 362 364 365
32 291 292 296 298 299 302 304 305 311 312 314 315 316 317 318 320 322 323 325 329 330 332 333 342 344 345 347 351 352 353 356 358
37 291 292 293 294 295 298 306 308 313 314 315 316 318 319 322 325 327 330 332 333 335 336 337 341 343 345 347 348 350 351 352 353 357 359 362 363 365
24 292 299 301 303 306 310 311 316 318 321 324 327 328 333 337 342 343 344 345 346 348 351 359 363
47 291 292 293 295 298 300 304 305 306 307 309 310 311 314 319 320 321 323 324 325 326 327 328 330 331 332 333 334 335 337 339 340 344 345 346 347 349 350 352 354 355 356 357 358 359 360 362
42 292 294 295 296 297 298 300 301 304 305 306 308 309 312 314 316 317 319 320 321 322 327 329 330 331 333 337 338 340 342 343 344 347 348 354 357 358 359 360 362 364 365
34 292 293 294 298 299 305 306 308 311 312 313 314 316 321 322 327 331 332 333 335 336 337 338 346 347 348 351 353 354 357 360 362 364 365
26 295 298 301 302 303 307 308 312 318 325 326 328 332 334 335 341 343 346 347 352 353 357 358 359 363 364
48 291 292 293 297 299 300 303 307 308 309 310 311 312 313 314 315 316 317 318 319 320 322 323 325 326 329 332 334 335 336 338 339 342 343 344 346 349 351 352 353 355 359 360 361 362 363 364 365
32 293 294 298 300 313 314 315 316 319 320 323 325 326 327 328 329 334 337 341 342 344 345 349 350 354 356 359 360 361 363 364 365
24 291 294 303 305 306 309 312 313 314 315 319 321 331 332 333 338 340 344 347 356 358 360 362 364
43 291 292 293 294 295 296 297 300 301 304 307 309 310 311 313 314 315 316 318 319 321 322 324 326 327 328 330 335 336 338 342 343 344 345 347 348 349 350 356 357 360 363 365
40 291 293 294 296 299 300 303 306 307 308 309 311 313 314 315 316 317 319 320 323 324 329 330 333 336 337 340 342 344 345 346 350 351 352 353 355 357 362 363 364
29 292 296 298 299 303 305 307 309 314 315 317 319 323 324 326 329 331 336 343 344 346 348 351 352 353 358 359 362 365
36 291 293 295 296 299 300 302 305 308 310 311 312 313 318 320 321 322 324 326 327 328 332 334 337 338 339 346 347 348 350 351 356 358 360 363 364
42 291 292 294 295 297 300 302 305 308 309 311 312 314 316 317 319 322 323 324 325 327 329 330 331 332 334 337 338 342 346 347 349 350 351 352 354 355 357 358 361 362 364
49 292 294 295 297 298 300 301 302 303 305 306 309 310 312 313 317 318 320 321 322 323 324 328 330 331 332 334 336 337 338 340 342 343 344 345 347 348 349 350 352 353 354 355 356 358 361 363 364 365
30 293 297 298 301 305 308 309 311 312 315 316 319 324 326 327 328 330 331 333 334 337 338 342 343 350 354 356 363 364 365
23 292 294 300 301 310 313 314 318 319 323 326 329 333 337 341 342 345 346 350 352 353 359 363
32 295 299 300 302 304 306 308 310 311 312 316 318 319 320 322 323 324 332 333 336 338 341 342 343 344 347 351 352 356 357 360 363
24 291 298 299 302 304 311 320 321 322 323 324 328 331 342 343 345 346 349 353 357 358 360 362 364
36 292 294 295 296 303 304 308 309 313 315 319 322 323 324 326 328 331 333 334 336 337 338 339 341 342 344 346 347 354 355 356 357 359 360 361 365
29 294 296 299 300 305 307 310 315 316 317 318 319 328 330 332 333 334 335 336 339 342 343 344 350 351 354 360 362 363
45 293 300 302 305 307 309 310 312 313 318 319 320 321 323 324 325 326 327 328 330 331 332 334 335 336 337 338 339 340 341 343 344 346 347 349 351 352 353 354 356 358 359 360 362 365
38 291 293 297 298 299 301 302 303 304 305 307 312 314 320 325 326 327 328 329 331 332 334 338 339 341 344 347 348 349 351 352 357 358 361 362 363 364 365
45 291 292 293 295 296 298 299 302 304 305 306 308 310 311 312 313 318 319 321 322 323 325 329 330 331 332 335 336 338 339 342 345 346 347 348 351 352 353 355 356 360 361 363 364 365
28 293 296 297 300 301 302 308 310 311 312 314 315 316 320 321 324 326 331 334 335 336 338 341 342 357 358 361 365
38 292 293 298 299 301 302 304 306 307 308 311 312 315 316 317 319 324 326 327 331 332 333 334 337 338 343 344 345 346 347 348 350 351 354 355 356 360 362
48 291 292 293 296 297 298 299 300 301 303 306 307 308 309 313 315 316 318 319 322 323 324 325 327 329 330 332 334 335 336 337 339 340 342 343 345 347 348 349 350 353 354 355 357 359 360 364 365
49 291 292 293 294 298 299 300 301 302 304 308 309 310 312 313 315 317 318 319 320 323 325 326 327 328 330 331 332 333 335 336 338 339 341 342 343 346 347 348 350 352 355 357 359 361 362 363 364 365
24 293 294 297 298 302 304 305 307 310 314 318 320 321 322 325 329 331 337 344 349 359 360 362 365
36 292 295 296 299 300 302 307 308 309 310 311 312 313 315 316 317 322 323 328 329 330 334 336 337 342 343 344 346 350 351 352 355 356 357 360 361
42 292 293 295 296 297 301 302 305 306 308 309 310 311 313 314 315 317 318 320 321 324 325 330 331 333 334 335 338 339 342 345 348 351 355 356 357 358 359 361 362 364 365
39 293 294 296 302 304 305 308 310 311 316 317 318 319 320 322 323 324 325 327 329 333 336 339 340 342 344 347 348 349 351 354 356 357 358 359 360 361 364 365
51 291 292 294 295 298 299 301 302 303 304 306 307 308 309 311 313 318 319 322 323 324 325 327 329 330 331 332 335 336 338 340 342 343 344 345 346 347 348 350 351 353 354 355 357 358 359 360 361 362 363 365
39 292 293 294 295 297 301 303 304 305 306 309 310 311 315 318 319 325 327 328 329 331 333 335 336 338 339 340 341 343 347 348 349 350 351 357 358 359 360 362
34 291 292 295 297 298 299 302 303 304 305 309 313 317 320 322 324 325 327 328 330 332 333 334 335 341 346 351 352 356 357 358 361 362 365
40 291 296 297 298 300 302 306 308 309 313 314 316 317 320 322 325 327 328 329 331 333 334 336 337 338 339 341 342 345 347 348 351 352 353 354 356 358 359 360 361
27 291 294 295 299 302 306 308 314 315 316 319 323 324 328 329 336 337 339 340 347 348 350 351 356 358 361 362
29 295 297 300 301 302 306 307 309 311 313 318 320 321 322 325 327 328 329 331 332 335 342 345 351 352 356 359 361 362
47 292 293 296 298 299 300 301 302 304 305 306 308 309 310 311 312 315 318 319 320 321 325 329 330 331 333 334 336 337 338 340 341 343 344 346 347 349 350 352 355 358 360 361 362 363 364 365
33 295 297 299 306 307 308 310 311 312 314 315 318 319 321 322 327 329 330 335 337 340 341 346 349 350 351 355 356 357 359 360 362 363
47 291 292 293 294 295 296 299 301 303 304 305 306 308 311 313 315 316 317 318 319 321 323 324 329 330 331 333 338 339 340 341 344 345 346 349 350 351 352 354 355 356 357 358 359 361 362 365
36 291 292 293 294 297 298 299 300 304 308 310 312 313 320 322 323 329 331 332 336 338 339 340 342 343 345 347 351 352 353 354 356 360 361 363 365
44 292 293 296 297 298 302 305 308 309 310 312 313 314 316 317 318 320 321 322 323 324 325 328 330 332 333 335 336 338 339 340 342 343 345 346 347 348 350 354 357 361 362 363 365
49 293 294 297 299 300 301 304 305 308 309 310 311 312 314 315 316 317 318 319 320 325 326 327 328 330 331 332 333 335 336 337 338 339 340 343 344 345 346 347 348 349 352 355 356 357 358 361 362 363
26 293 297 300 301 303 313 314 317 318 324 325 328 329 333 334 335 336 337 343 345 346 348 361 363 364 365
36 294 297 298 299 303 305 306 308 310 312 316 317 318 319 320 322 323 324 326 327 331 332 337 341 343 344 345 347 348 354 355 356 357 358 362 365
36 291 292 294 296 300 302 303 304 305 308 310 313 314 315 321 324 325 328 329 330 331 332 333 334 335 336 338 339 340 343 348 350 351 352 358 360
32 291 293 294 296 297 298 299 304 305 306 307 310 312 314 319 323 324 325 326 327 328 329 331 335 336 340 341 342 345 351 356 363
25 293 295 298 299 301 305 306 312 316 320 328 335 337 338 339 340 341 343 348 349 350 353 354 358 361
29 291 294 296 299 300 302 303 308 310 311 316 318 321 322 323 324 328 329 331 334 337 339 342 343 344 347 350 352 360
50 291 293 294 296 297 298 299 300 301 303 304 305 306 307 308 309 311 314 315 317 318 319 320 321 322 323 324 325 326 327 328 331 334 335 336 338 342 344 348 351 352 355 356 357 358 359 360 362 363 365
41 293 294 296 297 300 301 302 303 304 305 311 312 320 324 325 326 327 328 331 332 333 335 336 337 338 339 340 342 343 346 347 349 353 354 355 357 358 360 361 362 365
38 293 294 295 297 298 301 305 307 309 310 311 318 323 324 327 331 332 336 337 339 341 342 343 345 346 347 348 349 351 355 356 358 359 360 361 363 364 365
31 291 292 294 295 297 299 304 306 308 310 313 315 319 320 322 323 328 330 331 332 334 340 343 344 346 352 353 355 359 363 364
36 291 293 294 295 296 299 302 306 309 310 312 313 314 315 316 319 324 328 329 330 332 333 338 340 343 344 345 346 347 351 354 356 357 360 361 362
31 291 295 297 299 300 304 305 306 308 310 311 312 318 319 321 322 324 325 331 334 335 336 339 350 351 353 354 355 357 360 362
40 291 294 295 297 298 299 302 305 306 313 314 315 317 318 320 321 326 327 329 334 335 336 339 340 343 344 345 347 348 349 350 351 352 358 359 360 361 362 363 365
27 296 297 300 302 303 306 307 309 310 313 319 321 322 323 327 330 332 334 338 343 344 352 353 354 356 358 361
47 291 292 293 294 296 297 298 299 300 302 303 305 306 307 308 312 314 315 316 318 321 322 323 324 326 327 328 329 330 336 338 342 344 345 346 347 348 349 350 352 353 355 357 359 360 361 365
43 291 292 294 295 296 297 298 299 300 301 302 304 306 308 312 314 315 317 318 320 321 322 325 327 329 331 339 340 341 342 345 347 348 349 350 352 355 356 357 359 362 364 365
25 292 293 297 300 305 310 312 317 318 320 321 322 326 327 333 335 338 344 353 354 356 357 359 363 365
38 291 292 301 302 303 305 306 309 313 315 319 321 322 324 325 327 329 332 334 339 340 341 342 344 346 347 349 352 353 354 355 357 358 359 360 362 364 365
25 291 292 294 296 298 305 309 312 320 322 328 331 333 338 339 341 342 346 348 349 350 352 358 360 362
43 292 293 294 295 298 299 300 301 302 303 307 308 309 310 313 314 316 317 319 321 323 324 326 328 330 332 333 337 338 340 341 342 345 346 348 349 352 354 356 357 358 362 365
24 291 292 293 297 298 299 301 313 314 320 321 323 325 330 334 338 341 344 347 349 350 359 362 365
37 298 299 300 301 306 307 309 310 311 312 313 314 315 317 324 325 327 328 329 332 336 337 338 342 343 346 347 349 352 353 355 356 361 362 363 364 365
32 291 293 294 295 296 298 299 301 305 306 309 310 311 314 317 321 329 330 332 333 337 346 348 349 352 353 357 359 360 361 362 365
47 291 293 295 296 297 301 304 305 306 307 308 310 311 312 316 317 318 319 320 321 325 326 328 329 330 333 334 337 338 339 340 342 343 344 345 347 348 349 350 351 352 353 356 357 360 364 365
22 293 295 296 297 299 301 304 305 306 309 313 316 317 321 324 338 339 342 348 354 355 357
43 291 292 293 295 297 298 299 300 302 303 306 307 310 311 312 316 318 319 320 325 326 327 328 330 332 335 336 337 339 341 343 344 345 346 347 353 356 357 358 360 361 363 365
47 291 292 293 295 296 297 298 299 301 303 304 306 307 308 309 311 313 314 316 317 318 319 320 321 322 323 325 328 330 333 337 339 341 343 344 346 348 349 350 351 352 354 355 358 360 363 365
24 291 292 294 296 302 305 309 318 326 332 333 334 340 343 345 348 351 354 357 358 362 363 364 365
24 295 298 301 302 303 305 310 313 315 319 320 331 335 336 339 345 346 348 351 354 355 357 360 364
43 292 294 296 297 298 299 300 301 302 304 306 309 310 311 313 315 319 320 321 322 325 326 327 328 329 332 333 336 337 338 340 341 346 347 348 350 351 354 355 357 359 361 365
33 291 293 294 299 301 304 307 311 312 316 318 320 321 323 324 325 326 327 333 337 339 341 342 343 345 346 348 349 350 351 354 355 364
50 291 292 293 294 295 296 297 298 299 305 308 309 312 315 316 317 318 319 321 322 323 324 325 326 327 329 330 331 333 335 336 337 338 339 340 341 343 347 349 352 353 354 355 356 357 358 359 361 364 365
27 293 294 295 300 302 303 309 310 312 315 319 320 322 328 331 346 347 348 352 353 355 356 357 361 363 364 365
45 291 292 293 294 295 297 298 299 301 306 307 311 312 314 316 317 319 320 322 324 325 326 327 329 331 332 334 336 340 342 345 346 347 348 349 351 352 354 355 356 358 359 361 362 365
37 291 294 297 300 303 304 306 307 311 312 316 321 322 323 324 325 330 331 332 333 335 336 337 338 340 342 345 346 348 349 350 352 353 357 360 363 364
38 291 293 294 297 299 304 305 307 309 310 311 312 313 316 319 320 321 325 330 331 332 333 335 336 337 341 343 344 346 348 351 352 354 355 357 361 362 363
50 291 292 293 297 298 300 301 302 303 304 306 308 309 310 311 312 314 315 318 321 322 323 326 327 328 329 330 331 333 334 337 338 340 343 344 345 346 347 348 349 350 351 353 356 358 359 361 363 364 365
44 291 292 294 295 296 297 300 303 304 306 307 308 309 310 311 312 314 315 318 322 324 326 328 329 330 332 333 334 336 338 341 342 343 345 346 347 348 352 355 356 359 360 364 365
34 291 298 299 303 305 306 309 310 311 314 315 316 317 319 322 326 329 332 333 334 339 341 342 343 344 345 348 353 356 357 359 361 362 364
37 294 295 296 297 300 304 309 310 312 313 316 318 319 320 323 325 326 328 330 332 335 336 337 339 342 343 344 345 346 350 352 353 358 359 360 361 362
34 291 295 296 299 300 307 308 310 311 312 314 315 318 321 322 323 325 326 327 328 330 331 334 335 338 339 340 341 345 347 350 352 357 359
26 294 296 305 307 309 310 311 314 315 317 321 325 329 330 333 336 337 338 341 345 348 351 352 357 363 364
45 293 294 295 296 297 298 306 307 308 309 313 314 315 316 318 319 320 321 322 323 325 326 327 328 331 332 333 335 336 337 338 339 341 347 349 350 353 356 357 358 359 360 362 363 364
29 298 300 306 310 311 312 313 314 319 322 323 324 325 326 328 330 333 335 337 341 342 343 346 348 351 352 354 356 360
31 292 293 296 297 300 301 302 305 306 307 314 316 318 330 334 336 338 341 343 344 347 348 350 351 352 353 356 358 360 363 364
44 291 292 293 296 298 300 301 303 304 305 306 307 308 309 312 313 315 320 322 323 326 327 328 330 331 332 336 337 340 341 345 346 347 348 349 351 353 354 356 358 359 362 363 365
36 293 294 295 296 297 298 301 302 303 304 308 310 312 314 315 319 320 323 330 332 335 336 340 341 342 343 344 345 350 351 352 354 355 360 361 362
30 292 295 299 300 302 303 304 308 310 312 314 318 326 327 328 329 330 335 336 341 342 347 348 351 352 355 356 359 361 363
48 292 293 294 295 296 297 299 300 301 303 306 308 311 312 313 314 319 320 321 322 323 324 325 328 329 332 333 334 335 336 337 338 339 341 342 343 344 345 346 348 350 353 354 355 358 359 360 361
44 291 292 294 296 297 299 302 303 304 305 307 309 310 314 317 318 319 321 322 323 324 326 327 328 330 331 332 333 334 335 336 340 341 342 343 344 345 346 348 352 353 354 357 364
44 295 296 297 298 299 300 301 302 303 304 305 306 307 314 316 317 325 326 327 328 329 330 332 333 334 335 337 338 340 341 343 344 346 347 348 350 351 352 354 355 357 359 360 362
22 294 295 296 306 310 311 312 314 315 319 321 323 327 330 332 335 342 350 353 359 362 364
44 291 293 295 296 297 298 302 303 308 309 310 312 313 318 319 320 321 324 327 328 331 333 335 336 337 338 340 341 344 345 346 348 349 350 351 353 355 356 357 358 360 362 363 364
28 291 293 296 298 307 308 311 312 317 326 328 329 331 333 334 335 337 340 341 342 350 351 352 353 357 360 361 363
47 292 293 295 297 298 300 303 304 305 307 308 309 310 313 316 317 319 321 322 324 325 326 327 328 329 330 331 332 337 338 340 344 345 346 347 348 349 351 352 353 354 355 357 359 360 363 365
34 291 295 300 305 306 308 309 310 313 317 318 324 326 330 331 332 336 337 338 341 342 344 345 348 349 351 352 355 357 358 360 361 362 364
52 291 292 294 295 296 297 298 299 302 304 305 308 309 310 312 313 316 317 319 320 321 322 324 325 326 327 328 329 330 331 332 333 334 337 340 341 343 344 346 348 350 351 352 355 356 357 358 359 360 361 363 364
48 292 296 297 298 299 300 301 302 303 304 305 306 307 308 310 312 313 316 317 319 320 321 322 324 325 327 328 330 332 333 338 341 342 343 345 347 349 350 351 352 353 354 355 359 360 362 363 365
24 291 299 301 302 306 311 315 316 318 320 323 325 328 329 331 333 334 336 339 342 344 347 348 365
23 293 297 304 305 306 308 309 310 312 315 320 325 327 329 333 335 341 342 344 350 360 363 365
48 292 293 294 299 301 302 304 305 307 309 310 311 312 314 315 316 317 318 320 321 324 325 326 327 328 329 332 333 334 335 338 339 340 341 344 345 348 349 350 351 352 356 357 359 360 362 364 365
43 293 298 299 302 305 308 309 312 313 316 317 319 321 322 323 324 325 326 329 331 332 334 335 336 337 338 342 343 344 346 347 349 350 351 352 353 359 360 361 362 363 364 365
43 291 293 295 296 297 298 299 300 302 304 305 306 307 309 311 312 313 314 315 317 319 321 323 325 326 327 328 330 334 336 338 339 342 345 347 350 352 355 356 357 358 360 362
28 293 295 296 298 304 306 307 309 313 314 319 322 323 327 332 333 334 335 337 344 350 353 354 355 357 358 359 365
35 291 292 293 294 298 299 300 301 302 303 304 307 308 310 315 317 318 321 328 331 332 335 336 337 338 339 340 346 347 354 355 356 361 362 363
31 296 298 299 301 303 306 307 310 311 314 315 316 317 319 321 322 324 326 330 331 332 333 336 337 348 350 351 354 355 361 362
28 292 295 297 301 302 304 310 315 318 320 321 322 325 328 329 332 333 338 339 340 342 344 350 353 356 357 360 362
31 293 297 301 302 304 305 306 307 308 311 315 318 322 323 325 328 330 331 332 333 334 335 339 343 344 347 348 349 353 359 361
29 294 301 303 307 314 316 318 320 322 323 324 325 328 330 332 334 335 336 337 338 340 341 342 344 352 355 361 362 363
51 291 294 295 297 298 299 300 301 303 304 305 306 307 308 311 314 315 318 322 323 325 326 327 329 330 331 333 334 335 337 338 339 340 342 343 344 346 347 348 349 351 352 353 354 357 358 360 361 362 363 365
44 292 293 296 298 299 301 304 305 307 309 310 312 313 314 316 318 319 320 322 323 324 325 326 329 330 332 333 334 335 336 337 338 339 340 342 344 345 348 349 350 354 357 359 360
44 291 295 297 298 301 302 303 305 306 308 309 313 314 315 317 318 319 320 321 322 323 324 325 326 329 330 331 332 334 335 336 340 342 343 344 346 348 350 352 354 356 360 361 362
52 292 293 294 295 296 298 299 300 301 302 304 306 307 308 309 310 311 312 313 315 316 317 319 320 321 323 324 325 326 327 328 329 331 332 333 334 335 336 338 340 343 344 346 352 353 354 355 356 357 358 359 361
30 291 294 299 303 304 311 316 317 319 323 324 325 327 333 338 339 342 345 347 349 350 352 353 354 355 359 362 363 364 365
24 294 298 299 301 305 307 310 312 314 317 318 319 320 322 328 330 337 340 341 344 347 355 363 365
29 291 295 297 299 301 308 309 310 313 316 324 325 329 332 334 336 339 340 342 343 348 349 355 359 360 361 363 364 365
47 291 294 295 296 297 299 302 303 307 309 311 312 313 314 315 317 318 319 321 322 323 324 325 326 327 329 332 336 337 338 339 340 341 343 345 347 348 350 353 356 358 359 360 361 363 364 365
52 291 292 293 294 297 299 300 301 303 304 306 307 309 310 311 314 315 316 317 318 320 322 323 325 326 327 328 330 333 334 335 336 339 340 341 343 344 345 346 349 352 353 354 355 356 357 358 360 361 362 364 365
44 292 294 295 297 298 299 303 304 306 307 312 313 315 316 317 318 320 321 322 325 326 328 330 331 332 333 334 337 339 340 341 344 346 347 348 349 353 354 356 357 360 361 363 365
51 293 294 295 297 298 299 301 303 305 306 308 309 310 312 313 317 318 320 321 322 323 325 326 328 329 333 335 336 337 338 339 340 341 342 343 344 345 346 347 348 349 351 352 353 354 355 357 359 362 363 364
50 291 293 294 296 297 298 299 300 301 305 306 307 309 310 311 312 313 314 315 316 317 323 324 325 326 327 330 331 333 334 335 337 338 339 340 341 342 343 344 345 346 348 351 352 354 357 359 360 363 364
22 291 305 307 308 309 314 318 320 321 323 326 336 337 341 342 344 345 347 355 359 360 365
50 293 294 295 297 299 300 301 302 303 305 306 309 311 312 313 314 315 317 318 320 322 325 326 327 328 329 330 331 332 333 334 336 337 340 341 342 343 344 345 346 347 350 351 352 353 354 357 358 359 360
39 292 295 296 297 298 300 302 303 304 309 312 313 314 317 318 319 320 321 323 324 326 328 330 334 340 342 344 345 346 348 349 350 353 357 358 361 363 364 365
32 291 292 293 295 297 298 307 309 311 325 327 328 329 333 335 340 341 343 345 347 348 351 352 353 355 356 357 358 359 360 363 364
37 291 294 295 296 298 300 301 303 306 309 311 312 313 314 316 317 319 320 322 324 325 330 331 333 335 336 337 338 339 341 344 345 347 349 350 351 361
33 291 292 293 297 299 300 304 308 310 314 318 323 326 331 332 336 338 342 343 344 345 346 348 349 350 351 352 353 354 356 357 360 365
23 291 296 297 303 313 318 319 320 322 323 340 342 343 344 346 347 351 352 353 359 360 364 365
24 293 297 299 300 301 303 306 307 313 316 319 321 327 333 336 339 340 341 345 347 356 357 358 365
39 291 293 294 296 300 301 302 305 306 308 309 311 312 315 316 318 320 321 322 324 326 329 331 334 335 337 340 341 342 343 345 346 348 350 356 357 358 362 364
23 295 297 299 301 303 309 316 319 325 326 328 339 340 342 343 346 348 349 355 359 360 363 364
40 292 293 294 295 297 298 299 303 305 306 307 308 309 312 316 321 322 326 327 328 330 332 338 339 340 341 343 346 348 349 350 351 353 354 355 357 358 362 363 365
42 291 293 296 297 299 300 301 302 306 307 308 309 311 313 314 315 317 318 322 323 324 326 328 331 333 334 335 336 337 339 341 342 346 349 352 355 357 359 360 362 363 365
43 291 292 294 295 296 297 301 303 307 308 309 310 311 312 313 314 318 319 321 323 324 325 326 327 328 329 330 331 333 334 337 338 340 341 347 350 351 352 353 355 357 359 361
39 291 295 296 298 299 300 303 308 310 311 313 314 316 319 320 324 325 326 328 330 331 334 337 339 340 345 346 347 351 352 353 355 356 357 358 360 361 362 365
39 291 293 294 295 296 298 300 302 303 305 306 308 312 313 316 317 318 320 321 323 325 328 329 331 332 334 338 340 343 344 346 349 350 351 352 355 356 359 361
35 292 294 295 301 305 306 308 310 315 317 318 320 322 324 325 326 329 330 331 332 335 336 341 343 344 347 350 356 357 359 360 361 362 364 365
29 292 295 297 299 304 306 307 308 313 314 316 324 330 331 333 337 338 343 345 346 348 350 355 358 359 361 362 363 365
48 291 293 296 297 298 301 302 303 304 306 307 309 310 311 312 313 314 315 316 317 318 321 324 325 326 327 328 331 334 335 336 337 338 339 340 341 344 345 346 347 354 358 360 361 362 363 364 365
26 291 293 295 298 299 300 302 305 307 311 312 313 320 321 325 330 331 333 335 337 341 343 351 356 361 364
48 292 293 294 296 298 300 301 303 307 308 309 310 311 312 313 315 317 319 320 321 322 325 327 328 329 330 331 333 334 335 336 339 340 341 342 343 344 345 350 352 355 356 357 358 359 361 363 364
38 292 294 296 298 299 300 303 305 306 307 308 315 317 319 320 322 324 328 329 330 332 334 335 337 344 345 346 349 350 353 355 356 359 361 362 363 364 365
27 293 297 300 303 308 309 310 312 313 317 320 322 325 327 329 330 331 332 333 335 344 346 350 352 358 362 363
26 291 297 298 303 305 307 308 313 314 316 320 328 330 332 333 337 338 340 341 345 349 351 352 356 359 362
31 292 294 295 296 301 302 309 310 314 315 316 318 319 321 323 325 329 331 337 338 339 342 343 345 350 351 352 359 360 361 365
29 293 296 297 298 303 305 309 310 311 313 322 323 324 329 331 333 335 336 337 339 342 343 348 350 352 358 360 363 364
45 293 294 295 297 299 305 306 307 308 309 310 312 313 315 316 317 318 319 320 321 323 325 326 327 328 329 331 333 334 337 339 341 343 344 345 346 350 351 358 359 360 361 363 364 365
42 291 292 295 296 297 301 305 306 308 309 310 311 313 315 317 318 321 323 324 325 328 329 331 332 333 334 335 339 341 343 344 345 346 347 348 351 356 359 360 362 363 364
29 291 293 296 300 302 307 308 309 313 319 320 321 322 323 326 328 335 340 342 345 347 348 354 355 356 357 358 362 364
37 293 294 295 296 298 299 300 306 309 311 312 318 323 324 325 326 330 332 333 335 336 337 339 342 343 349 350 351 352 353 356 357 358 359 360 363 365
25 292 297 299 300 301 307 314 315 320 321 325 326 328 332 340 341 342 343 345 346 350 351 352 358 363
22 291 294 299 300 301 307 316 327 331 332 334 335 337 338 340 342 345 350 354 355 356 363
28 291 292 296 298 300 303 304 306 308 309 310 311 316 317 318 320 325 331 335 336 338 340 342 347 351 352 355 360
45 291 292 293 294 295 296 299 301 302 304 305 310 311 312 313 315 317 324 325 327 328 330 331 332 333 334 335 337 339 340 342 343 344 345 347 348 349 351 353 356 357 359 360 362 364
31 294 296 302 305 308 309 311 312 317 318 322 324 325 326 334 336 337 339 342 343 344 345 349 350 351 352 359 360 363 364 365
39 294 295 296 298 302 303 304 305 307 308 313 314 315 317 319 322 324 325 326 329 331 332 334 336 337 339 340 343 345 346 348 352 354 358 359 360 361 363 365
44 291 292 293 295 299 300 301 302 303 304 305 306 307 310 311 312 313 314 316 317 318 319 320 322 324 325 326 327 329 332 333 335 340 342 344 345 347 348 351 354 355 360 362 363
37 291 292 293 294 297 298 301 302 303 304 310 311 313 314 318 320 321 322 325 326 327 328 329 332 335 336 340 344 345 346 350 352 355 359 360 361 362
50 291 292 293 296 297 298 300 301 302 303 305 306 308 309 310 311 312 313 314 315 320 321 323 324 325 327 330 333 337 338 340 341 342 343 344 345 348 349 350 351 354 356 358 359 360 361 362 363 364 365
45 291 292 294 296 297 298 299 300 304 305 306 307 308 311 312 313 314 315 318 323 325 327 328 329 330 331 335 336 337 339 341 342 343 344 347 350 351 353 354 356 358 360 361 363 365
50 292 293 295 296 297 298 299 300 301 303 304 307 308 309 310 312 313 315 317 318 322 323 324 326 328 329 330 331 332 333 334 335 336 337 338 340 341 342 345 348 349 350 352 353 354 355 356 359 360 361
14 367 369 370 371 373 376 377 379 381 383 384 387 391 394
11 366 368 371 373 375 376 384 385 386 388 392
9 366 372 374 378 386 389 390 392 393
7 373 374 375 378 380 391 392
18 366 367 368 370 373 375 376 377 379 380 382 383 384 385 390 392 393 394
9 367 376 377 380 382 385 389 390 391
11 366 367 368 369 370 372 374 375 376 377 393
7 368 376 378 382 383 386 388
20 367 369 372 374 377 378 379 380 381 382 384 385 386 387 388 389 390 391 392 393
18 368 370 371 374 375 377 380 382 383 384 387 388 389 390 391 392 393 394
11 366 372 373 374 376 378 379 384 388 390 391
10 366 367 376 379 383 388 389 390 392 393
6 368 376 379 380 386 394
11 367 369 370 372 373 375 378 381 387 389 390
8 366 368 369 370 375 378 383 388
10 366 371 375 376 380 382 385 386 390 391
8 369 373 374 375 379 381 384 389
6 368 375 380 382 385 388
9 368 369 372 376 381 382 384 389 394
14 368 371 372 373 376 377 378 379 380 383 384 385 389 391
5 366 369 371 386 392
16 367 372 373 377 378 379 380 381 382 383 384 385 386 389 391 394
5 372 373 379 386 394
11 367 369 372 373 374 376 377 378 382 385 394
8 366 367 375 381 382 390 393 394
6 368 370 375 386 390 392
7 371 374 381 384 387 392 393
7 366 370 377 379 385 387 393
11 367 372 374 378 379 381 382 387 389 391 394
9 366 368 370 371 373 375 376 383 394
18 366 368 369 371 372 374 375 376 377 379 382 383 387 388 390 391 392 394
7 373 374 375 379 383 385 389
11 366 372 373 376 378 379 382 384 388 391 394
7 369 370 371 378 380 381 394
13 366 368 369 370 371 374 375 376 387 388 390 392 393
5 372 384 387 390 391
8 368 372 373 375 383 385 391 392
4 376 377 379 387
7 369 371 380 384 385 386 391
4 368 380 386 392
8 368 379 384 387 390 391 392 393
7 369 370 374 386 387 388 392
10 366 370 371 375 380 381 383 386 388 389
4 372 385 387 394
3 370 374 394
11 369 371 372 374 378 381 386 387 388 389 391
24 367 368 369 370 371 372 373 374 375 376 377 378 379 380 381 382 383 386 387 388 389 391 392 393
18 366 367 369 371 373 377 379 380 381 383 384 385 386 387 389 390 393 394
6 367 371 383 386 388 390
8 370 371 375 377 381 385 389 393
10 367 368 369 380 382 383 386 387 392 394
8 367 372 373 381 384 387 392 394
5 369 370 377 379 389
10 366 367 370 371 377 380 390 391 392 393
6 368 374 378 383 388 393
9 367 368 369 372 373 377 384 391 392
13 366 367 369 371 375 376 380 385 387 388 389 391 393
18 366 367 369 370 371 373 374 375 377 378 381 382 383 385 388 389 392 393
16 368 370 372 373 374 377 378 379 381 382 383 384 386 390 392 394
6 374 376 379 383 384 393
9 368 372 373 375 377 378 381 382 387
10 367 370 372 376 377 378 381 382 387 390
11 366 367 369 372 373 376 378 379 381 385 386
5 366 384 385 390 394
7 369 370 377 380 383 390 393
11 368 370 372 374 375 376 378 382 388 391 392
11 367 370 373 378 380 381 384 385 386 389 393
18 371 373 378 379 380 381 382 383 384 385 386 387 388 389 390 391 392 394
12 367 369 371 374 377 380 381 383 385 387 389 393
20 366 370 371 374 375 376 378 379 380 381 382 383 385 386 387 388 389 390 393 394
10 366 367 374 382 384 386 388 389 390 393
7 368 380 384 388 391 393 394
8 366 371 377 382 385 388 391 394
3 368 380 392
4 367 372 387 394
9 370 371 380 387 388 389 390 393 394
5 368 376 378 382 383
5 369 374 375 379 381
3 376 379 380
4 368 375 380 382
3 376 380 394
7 367 377 380 382 385 389 390
10 370 372 374 377 381 382 383 390 392 394
3 368 378 383
4 368 376 382 388
7 366 367 376 378 379 385 386
4 372 384 387 391
4 366 367 381 393
7 369 371 381 386 387 389 391
15 368 371 374 375 377 380 382 383 384 387 388 389 390 393 394
14 367 373 377 378 379 380 381 382 383 384 385 386 389 394
3 368 375 390
2 374 394
13 366 371 374 376 378 379 382 383 385 386 387 389 394
10 375 377 380 382 383 388 390 391 392 393
10 368 372 374 378 379 382 384 386 392 394
6 366 372 374 386 389 390
6 366 375 381 382 393 394
6 372 373 375 383 385 392
9 369 371 374 377 380 381 385 387 393
3 375 380 388
5 370 375 377 381 393
7 366 376 383 389 390 392 393
4 372 373 379 394
5 376 377 380 390 391
2 386 392
12 368 371 372 373 376 377 378 379 380 385 389 391
2 379 387
5 367 373 385 386 393
14 366 367 368 370 373 375 377 379 380 383 385 392 393 394
4 371 384 385 391
5 368 370 375 386 390
11 367 369 370 371 376 377 379 383 384 387 391
10 367 369 373 377 381 382 383 385 389 392
4 366 375 378 388
7 367 372 378 379 381 382 394
9 367 368 369 370 372 374 375 376 377
3 380 381 394
4 370 375 381 385
9 366 368 371 373 376 384 385 386 388
4 373 384 387 392
8 367 370 373 380 384 385 386 389
3 369 371 386
5 370 377 379 385 393
6 366 368 369 375 383 388
7 367 371 385 387 388 389 393
1 394
5 369 370 377 383 390
6 366 378 386 389 390 393
9 368 371 376 378 380 383 384 385 389
5 366 375 381 390 394
3 376 377 387
7 367 376 377 380 385 390 391
7 369 372 373 376 378 385 394
5 371 377 381 389 393
6 367 372 374 379 382 389
12 370 373 374 377 378 379 382 384 386 390 392 394
6 366 371 375 380 389 391
7 366 367 376 379 383 388 389
4 367 371 388 390
6 373 375 376 384 386 388
2 370 374
4 368 375 386 390
9 366 372 373 376 378 379 382 388 394
4 366 369 371 392
9 367 369 372 373 376 378 379 381 386
5 366 367 382 393 394
7 366 370 371 373 375 376 383
4 380 384 391 393
12 367 368 370 374 375 379 380 381 387 388 389 392
7 366 367 376 378 379 381 385
2 373 379
5 368 374 378 383 388
5 373 379 382 384 394
5 372 375 383 391 392
5 375 380 381 388 389
3 374 383 384
5 368 380 384 388 394
9 369 370 373 375 378 381 387 389 390
5 368 375 380 382 388
13 366 368 369 371 372 375 377 382 383 387 391 392 394
3 383 386 388
10 366 368 370 374 375 376 387 388 390 392
8 368 370 374 375 378 382 388 391
5 367 371 386 388 390
7 368 372 373 377 378 382 387
16 371 373 378 380 381 382 383 385 386 387 388 389 390 391 392 394
4 379 384 391 393
4 369 370 377 393
4 380 391 393 394
6 372 373 381 387 392 394
9 367 372 378 379 382 383 386 391 394
5 366 370 377 385 387
15 366 367 369 371 373 377 380 383 384 385 387 389 390 393 394
18 368 370 372 373 374 376 377 378 379 380 381 383 386 387 388 389 391 392
7 367 369 372 373 376 381 385
1 370
4 368 370 375 386
9 367 369 372 376 377 378 382 385 394
4 372 373 383 385
2 368 386
4 372 384 390 391
7 367 369 371 374 377 380 381
5 368 369 380 387 394
3 379 383 384
7 367 374 379 382 387 391 394
6 367 372 381 387 392 394
7 368 369 372 376 382 389 394
6 368 380 384 388 393 394
5 370 377 383 390 393
8 367 372 376 377 378 382 387 390
11 371 373 379 381 383 384 386 390 391 392 394
14 371 373 378 379 380 383 385 386 387 388 389 390 391 394
6 366 375 382 390 393 394
7 366 372 386 389 390 392 393
8 366 376 378 379 384 388 391 394
10 367 369 374 381 385 387 389 391 392 393
5 369 371 386 387 391
3 374 383 393
2 385 394
9 371 372 374 378 381 386 387 388 391
8 372 373 376 378 379 384 390 391
5 376 377 380 385 390
5 368 380 386 387 392
6 378 381 385 386 389 393
3 369 371 386
6 371 375 376 382 385 391
3 367 371 383
16 367 369 372 374 377 378 379 380 381 382 385 386 387 388 390 391
10 367 377 378 381 382 383 384 386 389 394
5 369 370 387 388 392
4 366 384 390 394
3 376 377 379
10 368 370 374 377 380 388 390 392 393 394
3 373 378 392
5 371 380 383 386 389
3 377 379 387
5 375 381 383 386 388
5 376 377 380 385 391
7 369 373 375 379 381 384 389
4 372 379 386 394
9 369 372 373 374 376 377 382 385 394
7 368 384 387 390 391 392 393
5 367 375 390 393 394
4 372 381 382 394
7 367 377 380 382 385 390 391
5 366 370 371 381 389
14 371 373 378 381 383 385 386 387 388 389 390 391 392 394
3 372 379 386
5 366 374 378 386 393
7 366 372 378 389 390 392 393
2 366 371
5 368 370 375 390 392
6 366 368 370 375 377 393
6 366 368 370 371 373 376
5 368 369 382 392 394
5 369 373 374 375 389
7 368 369 372 381 382 384 394
16 367 369 374 377 378 380 382 384 385 386 387 389 390 391 392 393
6 366 368 373 375 383 394
8 366 369 372 373 376 379 381 385
12 368 371 372 373 377 378 379 380 383 384 389 391
18 366 369 370 371 372 377 378 379 381 383 384 386 387 388 389 390 391 393
11 369 375 376 377 378 379 381 386 387 391 393
13 366 367 368 373 374 375 376 378 380 384 386 387 388
13 366 367 369 370 372 375 377 380 383 388 390 392 394
10 366 368 369 371 378 381 383 387 389 393
18 366 367 369 372 373 375 376 378 379 381 383 384 386 387 389 392 393 394
15 366 369 370 372 373 374 377 378 379 382 383 385 386 387 389
16 366 367 368 372 375 376 377 379 380 383 385 388 389 391 393 394
18 367 370 371 372 373 375 376 377 378 379 381 383 385 386 387 388 390 392
16 366 369 370 372 377 378 380 381 383 384 386 387 388 389 390 392
12 367 372 374 375 376 379 384 385 386 388 389 393
17 366 370 373 374 375 378 379 380 381 382 383 384 388 390 391 392 394
9 367 370 371 372 385 388 391 393 394
15 367 369 372 375 376 378 381 383 385 387 388 389 391 393 394
11 366 367 368 369 376 377 382 383 385 390 393
10 366 369 374 375 377 378 386 387 388 389
19 366 367 368 370 372 373 374 376 378 380 381 382 385 386 387 388 389 391 393
16 366 367 368 371 372 373 375 376 377 380 383 384 387 389 392 393
19 368 369 370 372 374 376 377 380 382 383 384 385 386 387 388 389 391 393 394
15 366 369 370 375 376 377 379 381 382 383 384 385 386 390 391
17 369 371 373 375 377 378 379 380 382 383 384 386 387 388 389 390 392
19 366 369 370 371 373 375 376 377 378 379 382 384 386 388 389 391 392 393 394
10 367 368 372 373 376 377 378 379 391 394
8 367 369 371 372 379 388 390 394
17 366 367 368 369 372 373 374 376 378 379 380 386 388 390 392 393 394
11 367 369 373 375 381 383 384 385 387 390 393
14 366 367 368 370 371 373 379 384 385 388 390 391 392 394
12 367 368 370 371 372 373 375 379 380 387 390 391
13 366 367 370 373 376 379 380 384 388 389 391 392 394
10 368 370 372 377 379 384 385 387 392 393
15 367 370 372 374 375 376 377 381 384 386 389 390 391 393 394
14 366 367 369 374 375 376 378 382 383 384 385 387 390 391
17 366 368 370 371 375 376 377 378 379 380 381 382 385 387 390 392 393
10 370 371 374 375 376 377 381 384 389 390
17 366 368 370 371 374 375 377 378 380 381 382 383 384 385 390 391 394
18 367 368 370 371 373 374 376 378 379 380 381 384 386 388 390 391 392 393
14 366 367 371 372 376 377 380 382 384 385 387 388 391 394
20 367 368 370 372 374 375 377 378 379 380 382 383 385 386 388 389 390 391 392 394
12 366 367 374 375 376 377 378 380 384 388 389 390
14 366 369 371 375 379 380 383 385 387 388 389 392 393 394
16 368 369 372 373 375 376 377 378 379 383 384 385 386 389 390 394
16 369 370 371 373 375 376 377 378 379 381 382 384 386 387 390 394
17 366 367 368 370 372 374 375 380 381 383 385 386 388 389 390 393 394
18 366 367 368 369 370 372 376 377 380 382 383 384 385 387 388 390 392 393
15 369 371 372 373 374 375 376 378 380 384 385 387 390 391 393
19 366 367 368 369 370 371 375 376 379 380 382 384 385 386 387 389 391 392 393
16 366 367 368 369 370 373 377 380 381 385 386 387 388 389 392 394
15 369 370 371 373 375 376 377 379 380 381 382 383 388 393 394
18 367 371 373 375 376 377 378 379 380 382 383 384 385 386 387 389 391 394
14 369 371 373 374 376 379 380 382 384 385 386 387 388 389
15 366 367 370 372 373 374 375 376 378 381 385 387 388 390 393
16 366 371 372 373 375 376 378 379 380 381 385 387 388 389 390 392
9 366 371 375 376 378 379 383 388 389
16 367 368 369 373 376 377 378 379 380 385 387 389 391 392 393 394
17 366 367 368 369 371 374 376 378 379 380 383 386 387 388 389 392 394
15 367 370 371 372 375 376 377 378 380 385 386 387 389 393 394
18 366 368 369 370 371 374 375 376 377 379 380 381 382 383 384 390 391 393
17 367 371 372 375 376 377 378 379 381 383 384 386 387 389 390 391 393
16 366 367 369 370 375 377 379 381 382 387 388 389 390 391 392 394
14 366 368 369 370 372 375 378 379 380 382 383 392 393 394
9 369 373 375 377 383 387 389 390 394
17 367 369 370 371 373 374 375 376 377 379 381 382 384 386 387 388 391
11 366 369 372 374 376 377 379 380 382 383 392
12 368 370 373 374 375 378 380 381 384 389 391 394
10 366 371 372 380 382 383 387 389 392 394
14 366 367 369 371 373 376 377 378 383 384 386 387 388 393
15 368 369 370 371 372 373 375 377 378 382 383 388 390 393 394
16 367 368 374 376 378 379 380 381 382 383 387 388 389 391 392 394
11 370 372 374 375 376 383 384 386 390 393 394
12 367 371 372 375 377 382 383 384 385 387 392 393
14 367 371 374 375 377 378 379 385 386 387 390 391 392 393
14 367 368 371 373 374 376 378 380 382 384 386 389 393 394
19 366 367 369 370 371 372 373 374 376 377 378 380 384 385 388 390 391 392 394
19 366 367 368 370 371 374 378 379 380 384 385 386 388 389 390 391 392 393 394
9 366 372 373 376 385 386 387 389 393
10 367 373 377 378 384 386 387 388 389 391
14 367 369 370 372 376 377 382 383 384 385 386 387 390 391
10 367 368 370 372 376 378 380 381 388 390
14 366 367 368 373 377 378 381 385 386 387 388 391 392 394
15 369 370 371 372 374 376 378 379 380 381 383 384 385 388 389
11 370 372 374 375 376 379 383 384 385 392 394
8 367 369 370 371 375 379 382 388
12 367 369 370 375 376 381 383 387 390 391 392 394
12 366 369 373 375 378 379 381 382 384 390 392 394
13 366 369 372 375 376 377 378 379 381 384 387 389 391
9 369 374 376 384 385 387 390 393 394
19 366 367 368 369 370 371 372 378 379 380 381 382 383 384 386 387 389 391 392
15 367 369 373 374 375 376 378 379 380 381 385 386 388 389 394
13 367 370 371 372 378 379 382 383 386 389 390 391 393
11 371 372 377 378 379 382 385 386 389 390 394
18 367 368 369 372 373 374 375 377 381 382 383 384 385 386 387 389 390 391
9 369 370 371 372 373 376 386 389 391
10 366 367 371 373 376 382 390 391 392 394
14 371 374 378 379 380 381 384 385 386 387 388 391 393 394
14 368 370 373 374 376 378 384 386 387 388 390 392 393 394
16 366 367 369 373 374 377 379 381 382 386 387 388 389 391 392 394
19 366 367 368 369 370 373 374 375 378 382 383 384 386 387 388 389 390 392 393
11 368 372 373 374 376 378 379 387 389 390 392
17 366 369 371 372 373 374 376 377 379 380 381 384 387 388 390 391 393
10 367 368 369 370 371 374 381 385 389 393
12 367 368 370 371 375 376 378 379 380 383 389 391
19 369 371 373 374 376 377 378 379 381 382 383 384 385 386 388 389 391 392 394
9 367 374 375 377 380 381 387 388 391
14 366 367 368 369 372 373 374 380 383 384 386 390 392 394
18 367 368 369 370 372 375 376 378 379 380 382 383 384 386 387 389 390 394
9 373 374 376 379 382 383 384 393 394
19 367 369 370 373 374 375 376 377 378 380 382 383 385 386 388 389 390 392 393
16 367 368 369 372 374 376 379 381 382 383 384 385 386 387 388 393
16 366 367 368 370 371 373 375 377 378 379 380 385 388 391 392 394
15 367 369 370 371 373 374 378 381 382 383 384 385 388 392 394
17 366 367 369 370 371 374 376 377 381 385 386 388 390 391 392 393 394
14 367 369 371 372 373 374 378 379 380 382 385 387 392 394
11 366 367 370 375 379 383 384 385 386 388 391
16 368 369 370 372 373 374 378 380 383 384 385 387 388 389 392 394
12 366 370 372 376 383 385 387 388 390 391 393 394
16 367 368 372 373 375 376 379 380 381 383 384 386 388 389 392 394
16 367 369 370 372 375 376 377 379 381 382 387 388 390 392 393 394
19 366 367 369 370 371 372 373 375 378 379 380 381 382 386 387 388 391 392 394
9 368 369 371 372 374 375 379 386 391
18 366 367 368 371 372 373 375 377 379 381 383 386 387 388 389 391 392 394
17 366 370 371 372 375 376 378 379 381 382 384 385 388 391 392 393 394
13 367 370 372 373 376 378 380 381 383 386 389 391 392
13 367 369 370 372 374 377 380 385 387 388 390 391 393
13 367 369 371 374 375 376 379 381 382 383 384 387 394
16 366 367 368 370 371 373 374 375 376 377 379 382 383 385 389 394
13 366 367 368 371 374 377 378 382 383 384 387 390 394
13 366 367 368 372 373 376 377 378 384 386 388 393 394
11 367 368 370 375 378 383 385 386 388 390 394
15 366 368 374 375 376 378 379 380 381 382 384 385 386 387 393
17 366 367 370 372 374 376 377 378 379 380 381 383 384 387 388 389 390
18 368 369 370 371 372 373 374 376 377 379 381 382 386 387 389 390 391 392
15 366 369 370 371 375 376 377 379 380 383 384 385 387 388 391
15 366 367 368 369 370 371 374 375 376 377 378 380 390 391 392
17 367 368 369 371 372 374 376 377 378 379 380 381 384 385 388 391 392
11 370 371 376 379 382 385 386 388 390 392 394
18 366 367 368 369 370 373 374 375 378 380 381 382 384 385 388 390 393 394
9 366 369 380 381 387 388 389 393 394
16 366 367 368 370 373 374 375 376 377 382 383 385 387 388 392 393
11 366 368 371 379 384 385 388 389 391 392 393
10 367 370 371 373 374 377 379 381 384 394
15 367 368 372 374 376 377 379 381 382 384 385 386 387 391 393
11 366 367 372 373 379 380 384 385 387 392 393
18 367 368 369 370 371 372 373 374 375 376 377 379 381 383 386 389 392 393
17 366 370 372 373 375 376 377 379 380 381 382 385 386 387 389 391 393
11 369 371 373 376 377 380 381 382 383 386 394
12 366 367 369 371 373 377 380 381 382 388 391 394
15 366 367 370 374 376 377 378 380 382 384 385 388 391 393 394
9 366 368 371 374 375 376 377 378 381
18 368 371 372 373 374 375 376 377 378 381 382 386 388 390 391 392 393 394
18 367 370 372 373 374 375 377 378 383 384 385 387 388 389 390 391 392 393
15 367 372 374 375 376 377 379 380 383 386 389 390 391 392 394
16 366 367 370 371 372 373 374 375 376 379 381 382 388 390 392 394
19 369 371 372 373 375 376 378 379 380 381 383 384 385 386 389 391 392 393 394
19 367 369 370 371 372 373 376 377 378 379 381 382 383 384 385 386 387 388 394
13 371 372 373 377 378 381 383 384 386 390 391 392 394
9 370 372 374 378 380 382 383 384 385
15 366 371 372 373 374 376 378 381 382 385 386 387 390 391 393
13 367 369 370 372 375 376 384 387 389 390 391 392 393
14 367 369 371 374 375 377 381 382 383 387 390 391 392 393
14 366 367 371 372 374 375 376 379 383 385 388 390 391 394
11 368 369 371 372 377 378 383 386 388 390 392
8 370 373 379 380 381 385 387 388
15 367 368 369 371 373 375 376 380 382 386 387 388 389 390 394
14 367 370 371 372 373 374 378 381 383 385 386 387 392 394
14 370 371 372 375 376 377 378 379 383 385 386 390 392 394
17 368 369 370 371 372 373 379 380 381 382 383 384 386 388 389 390 393
19 366 367 368 369 373 374 375 376 379 380 381 383 384 386 388 390 392 393 394
19 366 368 370 371 372 373 374 375 376 380 381 382 383 386 388 389 390 391 393
8 368 376 379 381 382 388 391 394
19 366 367 368 371 372 373 374 375 376 377 378 383 384 385 386 387 388 390 391
14 398 399 405 406 413 420 423 424 426 429 443 447 458 459
18 396 399 401 403 404 422 423 428 434 436 441 445 447 452 459 464 465 466
21 403 404 405 409 412 418 427 431 437 440 441 442 443 444 445 447 448 450 457 465 466
22 398 399 401 402 404 407 414 419 421 422 423 424 427 428 429 440 443 452 453 454 463 464
25 395 400 407 410 413 414 416 427 429 432 435 438 440 441 442 444 450 453 455 456 457 461 462 464 466
33 396 397 398 399 401 402 403 406 408 409 411 412 415 417 420 421 422 424 426 428 431 433 434 439 443 445 446 447 448 449 451 460 465
26 396 399 400 403 406 412 415 417 420 425 426 428 429 431 434 435 436 437 445 446 447 449 450 458 464 466
19 396 398 401 405 410 413 415 416 419 420 428 431 433 439 444 446 449 450 466
10 400 407 422 435 438 444 453 457 462 465
22 396 397 403 406 409 411 425 427 434 436 440 441 443 444 446 447 450 451 452 457 460 462
29 396 399 400 401 404 406 407 409 410 411 414 415 416 417 418 419 420 430 437 438 441 443 445 446 447 450 452 453 463
36 395 396 398 402 404 405 408 410 411 412 414 415 416 417 419 420 421 422 428 430 431 432 434 435 437 438 440 443 444 447 449 451 456 459 460 465
36 397 399 400 401 403 406 407 409 413 418 423 424 425 426 427 429 433 436 439 441 442 445 446 448 450 452 453 454 455 457 458 461 462 463 464 466
26 397 399 400 402 404 409 413 416 418 419 426 431 435 436 437 438 440 450 452 454 456 457 459 462 465 466
34 400 401 403 404 405 406 410 411 414 415 416 418 419 424 425 430 431 433 434 436 438 439 441 444 446 450 452 455 456 458 461 464 465 466
45 395 398 399 400 401 402 403 405 406 407 408 409 410 411 415 416 419 420 421 422 426 427 428 429 432 433 434 436 439 442 444 446 448 449 450 451 452 453 454 455 457 461 463 464 466
21 395 396 397 404 406 410 411 417 420 422 434 437 438 439 442 446 450 453 459 461 465
24 401 405 407 412 416 420 427 428 429 432 433 435 436 438 439 440 444 445 447 450 454 455 458 463
33 395 396 398 401 404 405 407 408 409 415 419 420 421 424 425 426 429 431 433 434 435 436 437 438 449 455 457 458 459 460 462 463 466
18 395 396 398 403 406 410 415 420 425 427 430 445 446 449 451 453 458 460
27 396 397 404 412 413 414 417 418 423 424 425 430 431 435 437 438 440 441 443 445 447 456 458 459 460 462 465
25 395 397 398 403 411 425 427 429 431 433 434 435 436 438 439 443 445 447 451 456 458 460 461 462 465
38 395 396 397 398 399 402 407 408 409 412 413 417 420 421 422 423 426 427 428 429 432 435 437 440 442 443 445 447 448 449 451 453 454 457 459 460 462 463
9 407 413 418 422 430 443 456 459 462
25 395 401 402 409 410 414 419 421 424 427 433 438 440 441 442 444 451 452 453 454 455 457 460 463 465
14 404 405 418 419 423 425 430 436 437 452 454 458 459 463
42 395 397 398 399 400 402 403 406 408 409 411 412 414 415 417 418 419 421 422 423 424 426 429 431 434 436 437 440 441 442 447 448 450 452 453 456 457 458 461 462 463 464
36 395 400 404 405 406 407 408 409 410 411 412 413 419 421 422 424 426 427 428 431 432 434 435 437 439 443 444 448 451 455 456 457 460 461 464 466
22 400 406 408 409 410 411 422 426 431 434 435 437 438 439 445 447 449 456 457 459 460 465
33 395 396 401 402 404 406 407 409 410 414 416 419 423 424 426 434 436 437 441 442 444 446 448 450 453 455 456 457 458 459 460 461 465
27 395 396 398 401 407 408 414 415 416 417 419 420 422 423 424 426 433 435 436 438 439 446 449 454 458 460 461
17 395 400 412 415 430 431 433 434 436 438 444 448 450 451 455 458 462
33 395 398 401 405 406 410 411 412 413 418 420 423 424 427 428 429 430 432 433 444 446 447 448 450 451 454 455 456 459 460 463 465 466
6 408 413 419 423 442 458
30 395 396 397 398 399 401 402 404 406 407 411 414 418 419 420 423 424 431 432 436 437 442 443 446 450 452 454 460 462 463
23 396 404 405 406 407 410 415 416 419 420 421 422 423 430 432 437 441 442 448 453 454 459 464
12 400 402 408 413 417 424 426 428 446 449 450 452
16 395 401 402 412 415 416 420 424 426 430 432 438 448 449 453 465
16 396 397 398 415 416 417 425 429 430 433 438 442 446 454 458 463
25 399 400 404 406 411 418 421 422 424 426 427 434 435 445 447 448 452 454 455 457 458 460 461 464 465
5 425 427 432 444 455
14 397 402 421 423 425 426 431 432 442 444 449 454 457 465
16 406 410 411 414 417 419 421 431 442 443 449 451 453 461 465 466
18 413 415 416 421 428 429 430 435 440 441 445 453 455 457 458 464 465 466
28 401 405 407 408 411 412 414 417 421 422 423 424 428 429 432 433 434 439 441 442 443 444 447 448 455 461 463 464
12 397 398 404 405 408 411 416 423 432 439 448 461
54 395 397 398 400 402 405 406 407 408 409 410 411 412 413 414 415 416 417 418 419 420 421 424 425 426 427 429 430 431 432 433 435 437 438 439 440 442 443 444 446 448 449 450 451 453 454 455 456 457 458 460 461 462 463
10 404 405 416 420 425 436 443 451 461 462
28 395 397 402 403 407 408 409 412 414 417 423 425 429 430 432 436 437 438 440 441 442 443 451 453 456 459 462 463
51 398 399 400 401 402 403 405 407 408 409 412 413 414 415 416 418 419 421 423 424 425 426 427 428 429 430 431 432 433 435 436 440 441 443 444 445 447 448 449 451 452 454 455 456 457 458 460 462 463 464 466
39 397 399 400 402 403 406 410 411 412 413 414 416 417 418 422 423 427 428 430 432 439 440 441 442 443 444 445 446 447 448 450 451 452 453 454 456 461 464 465
12 399 401 409 412 414 418 440 444 455 457 463 466
20 399 401 402 403 414 418 420 423 436 440 441 445 447 449 450 452 453 459 462 465
47 396 397 398 399 401 402 404 408 410 413 416 418 420 421 422 423 425 426 428 429 430 431 432 433 435 436 439 440 442 443 444 446 447 448 450 451 452 453 454 455 456 457 458 459 460 461 464
23 396 397 399 401 406 411 415 416 418 419 420 427 428 431 448 452 455 456 458 461 463 464 466
29 395 398 403 405 408 412 413 422 424 427 428 429 433 434 435 436 439 440 448 451 455 456 458 459 460 461 462 464 466
7 428 433 435 445 449 451 460
58 395 396 397 400 401 402 403 404 407 408 409 410 411 412 414 415 416 417 418 419 421 422 425 427 428 430 431 432 433 434 435 436 437 438 439 440 441 442 444 445 446 448 449 450 451 452 453 454 455 456 457 460 461 462 463 464 465 466
39 396 397 399 400 402 403 404 407 408 409 414 415 416 417 419 421 422 425 426 431 434 435 436 437 438 439 440 441 442 443 445 449 452 453 457 458 461 462 464
23 398 399 401 403 407 412 415 417 418 419 423 429 430 432 440 442 444 452 453 454 463 464 466
39 397 398 399 400 403 405 408 411 412 413 415 417 418 420 421 422 425 427 428 429 430 431 432 433 435 438 439 440 443 445 447 449 451 452 454 462 463 464 466
18 395 398 404 409 413 417 423 425 426 429 430 437 441 443 445 446 450 454
33 396 397 403 405 406 408 409 410 411 413 416 417 418 420 425 426 432 435 437 439 441 442 445 446 447 449 456 457 459 460 461 465 466
24 397 399 400 402 406 410 411 413 421 425 428 429 430 432 434 451 452 453 455 456 459 462 463 464
25 395 400 403 405 406 407 409 411 412 414 415 417 419 424 427 434 437 438 441 445 449 462 463 465 466
24 400 403 405 408 409 410 412 417 422 425 426 427 433 434 438 439 444 447 448 449 451 456 459 461
28 398 399 400 404 405 407 410 414 417 418 421 422 428 429 431 433 435 437 439 445 454 455 456 459 461 463 464 466
21 402 403 405 408 410 412 414 421 424 432 433 434 436 439 440 442 447 449 451 459 460
17 395 396 397 402 413 414 421 424 427 428 433 441 446 448 450 455 458
18 396 401 404 405 407 410 413 416 420 430 438 439 443 446 454 459 465 466
32 395 396 397 398 399 400 402 403 404 408 409 413 415 418 422 423 424 425 426 430 434 437 441 446 448 452 456 457 459 460 462 464
15 396 404 405 407 413 420 430 438 439 443 446 454 459 465 466
12 395 412 430 431 433 434 436 438 444 450 458 462
25 396 399 400 401 404 406 407 409 411 414 415 416 418 419 420 437 438 443 445 446 447 450 452 453 463
13 399 401 402 418 436 445 447 449 450 452 453 459 462
43 395 400 401 402 407 409 410 411 412 414 415 416 417 418 419 422 425 427 428 431 432 434 435 436 437 438 439 440 441 442 444 448 449 450 454 455 456 457 460 461 462 463 465
12 398 413 416 419 420 428 431 433 446 449 450 466
7 425 430 437 452 454 458 463
12 399 402 418 420 436 440 445 450 452 453 459 465
13 395 396 402 413 414 424 427 428 433 441 448 450 455
22 395 400 403 405 406 409 411 412 414 415 419 424 427 434 437 438 441 449 462 463 465 466
24 398 401 405 410 412 413 418 420 427 428 429 444 446 447 448 450 451 455 456 459 460 463 465 466
6 399 412 414 455 457 466
13 403 411 425 427 429 433 434 439 443 447 460 461 465
17 399 401 402 403 414 418 420 423 440 441 447 449 450 453 459 462 465
13 398 401 410 413 415 419 420 428 431 444 446 449 450
7 398 404 405 411 416 423 432
15 399 404 405 407 410 417 418 422 428 429 431 435 445 455 463
14 396 401 404 405 407 413 416 430 438 439 446 454 459 465
21 404 405 411 415 416 419 425 434 436 439 441 444 446 450 452 455 456 458 461 464 465
9 415 416 421 428 429 440 441 457 458
14 401 405 407 412 416 420 428 432 435 438 439 440 444 450
6 400 407 422 438 457 462
17 396 397 399 406 411 415 416 418 419 427 428 431 452 455 456 458 464
20 395 400 403 405 406 409 412 414 417 419 424 427 434 437 438 441 449 462 463 465
17 399 401 406 411 415 416 418 420 427 431 448 452 456 458 461 463 466
30 398 399 401 402 403 406 407 408 411 415 416 420 421 426 428 429 433 436 439 442 448 449 451 452 453 455 457 461 464 466
23 395 396 397 398 399 407 408 409 412 413 420 423 428 429 443 445 447 448 449 454 457 462 463
23 399 404 405 407 410 414 418 421 422 428 429 431 433 435 437 439 445 455 456 459 461 463 466
27 395 400 404 405 406 407 408 411 412 413 419 424 426 427 428 432 434 435 437 439 443 444 448 451 455 456 457
16 397 398 411 425 429 431 433 436 438 439 443 447 456 458 460 462
21 395 396 398 399 400 404 408 409 415 422 423 424 425 426 430 434 441 448 459 462 464
22 398 401 404 405 407 408 409 415 419 420 421 424 425 429 433 434 436 437 438 455 458 466
14 398 401 405 410 413 415 416 420 431 433 444 446 450 466
27 398 403 405 407 409 412 414 415 416 418 419 421 424 431 435 436 440 441 445 448 451 455 457 460 462 463 464
3 408 413 458
11 428 429 435 440 441 445 453 455 457 458 464
17 396 399 401 411 415 416 418 419 420 427 428 431 448 452 456 463 466
15 395 396 403 406 415 420 425 427 430 445 446 451 453 458 460
6 407 430 443 456 459 462
8 404 405 416 420 436 443 461 462
12 405 412 416 428 432 435 436 440 444 447 455 458
23 396 399 400 404 406 407 409 410 411 414 415 416 418 419 430 437 438 443 446 447 450 452 453
8 404 405 416 420 425 443 451 461
34 398 400 401 407 408 409 412 413 414 415 416 418 419 421 425 426 429 431 432 433 440 441 443 444 448 449 451 454 455 456 457 460 462 464
24 395 400 404 405 406 407 409 411 412 413 419 422 424 427 431 432 434 443 444 451 455 456 460 466
19 400 403 404 405 410 411 414 415 418 430 433 438 444 450 455 458 464 465 466
33 396 397 398 401 404 410 413 416 418 420 421 422 423 425 429 433 435 436 443 444 447 448 450 451 452 453 454 456 457 458 460 461 464
20 397 399 402 403 406 411 412 413 416 418 422 428 432 440 443 445 446 456 461 464
10 412 415 430 431 433 434 436 438 448 450
16 396 398 405 410 413 415 416 419 420 428 431 433 444 446 450 466
13 399 401 402 404 414 423 424 427 428 440 453 454 463
7 398 408 411 416 432 448 461
9 404 405 423 425 430 436 437 452 454
11 398 399 405 406 413 420 423 426 443 458 459
13 395 401 402 412 415 416 424 426 430 438 448 449 453
18 395 396 398 401 424 426 429 431 436 437 438 449 455 457 458 459 460 466
47 395 398 400 402 405 407 408 409 410 412 413 414 416 417 418 419 420 421 424 426 427 429 431 432 433 435 437 438 439 440 442 443 444 446 449 450 451 453 454 455 456 457 458 460 461 462 463
15 400 404 407 410 414 418 421 433 437 439 455 459 463 464 466
13 396 399 400 403 417 426 429 435 437 445 446 450 464
22 397 398 400 403 408 411 412 413 415 417 421 422 425 427 428 429 432 443 452 454 463 464
11 412 418 419 423 430 432 442 444 452 454 463
18 398 399 402 403 406 415 417 420 421 422 424 426 434 443 448 451 460 465
32 396 397 398 404 410 413 416 418 422 426 428 429 430 431 432 433 436 439 440 444 446 447 448 451 453 455 456 457 458 459 460 464
12 399 401 403 415 418 419 423 429 442 444 453 454
6 428 433 445 449 451 460
18 395 398 406 410 411 412 423 427 432 433 444 450 451 455 460 463 465 466
2 425 427
13 396 398 413 416 419 428 431 433 439 444 446 449 466
14 396 399 401 403 404 422 428 434 436 445 447 452 464 465
28 396 397 403 405 406 408 409 410 411 417 418 420 426 432 435 437 439 441 442 445 446 447 449 456 459 460 461 466
10 404 418 425 430 436 452 454 458 459 463
19 398 399 401 403 407 412 415 417 419 430 432 440 442 444 453 454 463 464 466
22 396 397 404 412 413 414 417 423 424 430 431 437 438 440 441 445 456 458 459 460 462 465
16 403 405 409 412 427 431 437 440 441 442 444 445 447 448 450 465
14 405 407 412 416 420 427 429 432 436 440 444 445 455 458
7 413 418 422 430 456 459 462
28 396 399 400 408 409 414 415 416 417 419 421 422 425 426 431 434 436 437 438 439 440 442 449 457 458 461 462 464
12 400 418 421 422 424 445 452 454 455 457 461 464
14 397 399 401 415 416 427 428 448 455 456 458 461 463 466
16 406 408 409 410 426 431 435 437 438 439 445 449 457 459 460 465
22 395 397 398 403 411 425 427 429 431 434 435 436 439 443 445 447 451 458 460 461 462 465
10 406 417 419 431 442 451 453 461 465 466
28 396 403 406 408 410 411 413 416 417 418 420 425 426 432 435 437 441 442 445 446 447 449 456 459 460 461 465 466
4 425 427 432 455
7 422 435 438 444 453 457 465
14 395 401 402 412 416 420 424 426 430 432 448 449 453 465
20 395 402 409 410 414 419 421 424 427 438 440 441 451 452 453 454 455 457 463 465
24 398 399 400 404 405 407 414 417 418 421 422 428 429 433 435 437 439 454 455 456 459 461 464 466
10 395 398 415 420 430 446 451 453 458 460
35 395 398 399 400 401 402 405 406 407 408 409 410 411 415 416 419 421 422 426 427 432 436 439 444 448 450 451 452 453 454 455 457 461 463 466
14 395 396 398 403 406 415 420 425 427 430 445 449 453 460
7 404 405 418 419 436 452 463
21 402 403 407 408 409 412 414 417 423 425 429 430 436 437 438 441 442 443 451 453 456
10 398 399 406 413 420 424 429 443 447 458
17 395 400 413 414 416 427 432 435 438 440 441 442 450 453 457 461 464
33 397 398 399 403 406 409 411 412 414 415 421 422 424 426 429 431 434 436 437 440 441 442 447 450 452 453 456 457 458 461 462 463 464
23 396 397 403 405 406 409 410 413 417 418 425 426 437 441 445 446 447 449 457 460 461 465 466
22 395 398 403 405 408 412 413 422 427 429 434 435 436 440 448 451 455 460 461 462 464 466
34 397 398 399 400 403 406 409 411 412 414 415 418 421 423 424 426 431 434 436 437 440 441 442 447 450 452 453 456 457 458 461 462 463 464
15 399 401 403 404 422 423 428 434 436 441 445 447 459 464 466
14 398 400 404 407 414 421 429 431 435 439 455 461 463 464
11 406 408 410 411 422 431 434 438 447 456 465
21 401 407 408 411 412 417 421 422 424 429 432 434 439 441 442 443 444 448 461 463 464
20 396 397 399 406 411 415 416 418 420 427 428 431 452 455 456 458 461 463 464 466
10 395 396 406 410 425 445 446 449 451 460
13 395 396 397 404 411 422 434 438 442 450 453 459 465
13 400 430 431 433 436 438 444 448 450 451 455 458 462
22 399 406 407 409 418 423 425 426 427 433 436 441 445 450 452 453 454 458 462 463 464 466
19 395 400 403 406 407 409 411 412 414 417 419 424 434 441 445 449 462 463 466
29 397 398 403 406 408 409 414 417 419 421 422 423 424 426 429 431 434 437 440 441 442 447 448 450 452 456 457 458 462
30 399 400 403 406 411 412 413 414 416 417 423 427 428 430 439 440 441 442 443 444 445 446 447 448 450 451 452 461 464 465
17 397 405 408 410 413 416 420 425 432 442 445 446 447 449 457 465 466
33 395 396 397 398 399 408 409 412 413 417 420 421 422 426 427 428 429 432 435 437 440 442 443 445 447 448 449 451 453 454 459 460 462
22 396 399 400 403 406 412 415 417 420 428 429 434 435 436 437 445 447 449 450 458 464 466
21 400 404 406 408 409 410 411 412 419 421 424 426 427 428 431 434 437 444 448 457 466
12 396 399 401 403 404 423 428 436 441 445 464 465
19 396 403 406 412 415 417 420 426 428 429 431 434 435 437 445 449 450 464 466
12 399 404 421 427 435 447 452 454 457 458 461 465
39 399 401 402 403 405 409 412 413 414 415 416 418 421 423 424 425 427 428 429 430 431 432 433 435 436 441 443 444 445 447 448 449 451 452 454 455 458 463 466
15 396 401 405 410 413 415 416 428 431 433 439 444 446 449 450
6 428 433 435 445 451 460
8 397 404 405 408 411 416 432 439
5 413 422 443 459 462
12 404 406 418 422 424 427 434 445 448 452 458 460
16 396 404 405 407 415 419 420 421 423 430 432 437 448 453 459 464
22 395 396 397 399 401 402 404 406 411 414 419 420 423 432 436 442 443 446 452 460 462 463
29 399 400 401 403 406 407 409 413 418 423 425 426 427 429 436 439 441 442 445 446 448 450 453 455 457 458 461 464 466
16 400 406 408 409 410 426 434 435 439 445 447 449 456 457 460 465
13 396 398 401 410 413 416 419 420 439 444 446 449 466
10 400 402 408 413 417 424 428 446 450 452
6 407 422 438 444 453 457
15 396 401 404 405 407 410 416 420 430 439 443 446 459 465 466
14 402 403 408 410 412 414 432 433 436 440 442 449 451 459
9 399 401 409 412 414 440 444 455 457
12 400 406 422 426 431 434 435 447 449 456 457 465
6 397 398 408 411 432 461
12 401 404 405 410 413 416 430 438 454 459 465 466
31 396 399 400 402 403 404 407 408 414 415 416 417 419 421 422 425 426 431 434 435 436 437 438 440 449 453 457 458 461 462 464
30 397 398 399 400 402 403 406 408 411 412 414 417 418 419 422 423 424 426 429 431 434 441 442 453 456 457 458 461 463 464
12 396 397 404 406 410 417 438 442 446 453 461 465
19 400 404 406 421 424 426 427 434 435 445 447 452 455 457 458 460 461 464 465
7 406 413 420 426 429 458 459
12 404 405 418 419 423 425 430 436 452 454 459 463
9 401 405 413 416 431 439 444 446 449
17 401 407 408 411 417 421 422 423 424 428 432 433 443 444 461 463 464
19 396 399 403 406 412 415 420 425 428 429 431 434 436 445 446 449 450 464 466
17 401 402 407 414 421 422 423 424 427 428 429 440 443 452 453 454 464
19 396 397 404 412 413 414 418 424 425 430 435 437 441 445 447 456 459 460 465
12 413 421 428 429 435 440 441 445 453 455 457 466
22 395 398 405 412 413 422 424 428 429 433 434 435 436 439 440 448 451 460 461 462 464 466
15 395 398 404 409 413 417 423 426 429 430 437 441 443 445 450
19 395 396 398 401 408 414 415 417 419 420 422 423 424 426 435 436 438 454 460
26 397 399 403 406 407 409 413 423 425 426 427 429 441 442 445 448 450 452 454 455 457 458 461 462 464 466
21 396 401 408 414 415 416 419 420 422 423 424 426 433 436 439 446 449 454 458 460 461
23 399 401 402 403 406 408 409 412 415 417 420 421 422 424 428 431 433 439 443 446 447 448 465
13 395 400 412 415 431 433 434 438 444 448 455 458 462
13 395 396 397 402 421 427 428 433 441 446 448 455 458
10 397 402 413 421 424 433 446 448 450 455
12 399 402 403 418 420 423 436 440 441 445 447 465
29 400 401 403 404 405 406 410 414 416 418 419 424 431 433 434 436 438 439 441 444 446 450 452 455 456 458 461 464 466
13 395 396 397 402 413 414 421 424 427 433 441 446 448
14 404 405 406 407 419 421 423 430 432 441 442 453 454 464
20 395 396 397 398 400 402 403 409 418 423 425 426 430 434 441 446 452 457 460 464
38 399 401 402 405 407 408 409 412 413 415 416 418 421 423 424 425 426 428 430 432 436 440 441 443 444 445 447 449 451 452 454 455 456 457 458 460 462 466
13 406 409 410 411 426 434 435 437 445 449 456 457 465
18 396 398 402 408 412 415 416 419 428 430 431 432 434 443 444 451 456 459
9 395 396 398 406 425 430 451 453 460
18 397 400 402 410 411 421 425 428 430 434 451 452 453 455 456 459 463 464
6 407 413 418 422 443 459
22 399 400 404 406 411 418 421 422 424 426 427 434 445 447 448 452 454 455 457 458 461 464
6 399 409 414 440 455 457
19 395 396 401 407 408 414 415 416 417 419 420 423 424 435 436 439 446 449 461
16 398 399 401 403 407 412 418 423 429 430 432 442 444 452 454 464
10 406 410 411 414 417 419 449 453 461 465
13 401 405 410 413 415 419 420 433 439 444 449 450 466
32 395 398 402 406 408 410 412 413 414 416 421 424 425 426 429 431 432 437 438 439 442 443 444 449 451 453 454 457 458 460 461 462
12 405 407 412 432 435 438 439 445 450 454 455 458
7 400 402 417 424 446 449 450
17 395 399 403 404 408 413 415 418 422 424 430 448 456 459 460 462 464
13 398 401 403 415 417 419 423 429 432 442 463 464 466
14 395 397 402 413 414 427 428 433 441 446 448 450 455 458
18 395 398 403 411 427 429 433 434 436 443 447 451 456 458 460 461 462 465
7 397 398 404 408 432 439 448
10 397 402 421 423 426 431 444 449 454 457
10 396 416 417 430 433 438 442 446 454 458
5 413 418 430 456 459
19 399 401 402 404 414 419 421 422 423 424 427 428 429 440 443 452 453 454 464
9 402 423 425 426 431 432 442 444 457
5 422 435 438 457 462
16 396 401 404 405 407 410 413 420 438 439 443 446 454 459 465 466
19 401 405 407 408 411 421 423 428 429 432 433 434 439 442 443 448 455 461 463
14 396 404 406 411 417 420 437 438 439 442 450 453 461 465
12 415 416 428 430 435 440 445 453 455 464 465 466
20 397 398 402 407 413 417 420 423 427 429 432 437 442 445 448 457 459 460 462 463
38 399 400 401 403 405 407 408 409 414 415 416 418 419 421 423 424 425 426 427 429 430 431 432 436 441 443 444 445 449 451 452 454 456 457 462 463 464 466
24 399 401 402 404 408 413 418 420 425 429 431 435 436 442 444 448 450 451 452 453 456 457 459 461
10 404 405 418 419 423 425 436 437 454 458
9 396 404 423 434 445 447 464 465 466
9 413 421 428 430 435 453 458 464 466
18 401 405 412 416 420 427 428 429 432 436 438 439 440 444 445 450 458 463
9 398 415 416 417 425 438 442 446 454
10 404 410 411 420 422 434 437 453 459 465
37 400 405 406 407 408 409 410 413 415 416 417 418 419 420 425 427 431 432 433 435 437 438 439 440 442 443 446 448 449 451 454 455 456 457 461 462 463
43 395 397 400 405 407 409 410 412 413 414 416 417 418 419 421 425 426 429 430 431 432 433 435 437 439 440 442 443 444 446 448 449 450 451 454 455 456 457 458 460 461 462 463
24 396 397 398 399 401 406 409 411 412 415 417 420 421 428 433 439 443 445 446 447 448 451 460 465
10 395 416 420 426 432 438 448 449 453 465
25 395 396 398 404 408 410 411 415 416 420 421 422 428 431 432 434 435 438 443 444 447 449 451 456 460
16 401 402 404 419 421 422 423 424 427 429 440 443 452 453 454 463
14 399 404 418 422 424 447 448 452 454 457 458 460 461 465
26 396 397 403 405 406 408 410 411 413 416 418 420 425 426 432 437 442 445 449 456 457 459 460 461 465 466
14 397 399 400 402 413 428 429 430 432 434 453 455 456 463
20 401 405 407 416 420 427 429 432 433 436 438 439 440 445 447 450 454 455 458 463
25 396 397 410 413 416 418 420 421 425 426 428 431 435 436 439 442 443 447 452 454 455 457 458 461 464
11 396 401 405 407 410 416 430 438 439 443 446
21 397 401 402 403 408 409 411 415 417 421 422 424 426 428 431 434 439 445 447 449 465
45 397 400 401 402 403 407 408 409 411 412 414 415 416 417 419 422 425 427 430 431 432 433 434 435 436 438 440 441 442 444 445 446 449 450 452 454 456 457 460 461 462 463 464 465 466
12 399 401 404 414 422 423 424 428 452 453 454 464
17 398 405 406 410 411 413 418 420 429 432 433 450 451 454 460 463 466
13 396 397 404 406 410 420 422 434 438 439 446 453 459
18 398 400 404 405 410 422 428 429 431 433 435 437 445 454 459 461 463 466
21 396 399 401 404 406 407 409 410 411 415 416 418 420 430 437 441 443 445 446 450 453
41 396 397 398 399 401 402 408 410 413 416 418 421 422 423 425 428 429 430 432 433 435 436 440 443 444 446 447 448 450 451 452 453 454 455 456 457 458 459 460 461 464
16 397 399 402 411 414 420 424 431 432 436 437 442 443 454 460 462
29 400 401 403 404 405 406 410 414 415 416 418 419 425 430 431 433 434 436 438 439 441 444 446 455 456 458 464 465 466
7 402 408 413 424 426 449 452
14 398 407 414 415 416 417 419 420 424 426 449 458 460 461
13 406 410 414 417 419 442 443 449 451 453 461 465 466
17 396 399 401 406 411 415 416 418 419 420 428 431 452 455 456 458 466
16 396 403 408 413 415 418 424 426 430 441 446 448 452 459 462 464
15 397 399 400 402 421 425 428 430 434 452 453 456 459 463 464
32 397 398 401 402 410 413 416 418 420 422 425 426 428 429 430 432 435 439 443 444 447 448 450 453 454 455 456 457 458 459 460 464
3 433 451 460
9 395 397 402 421 424 427 428 446 450
22 401 408 411 412 414 421 423 424 428 432 433 434 439 441 442 444 447 448 455 461 463 464
12 406 410 411 414 417 419 443 449 451 461 465 466
36 397 400 401 403 408 410 411 412 414 416 419 421 422 425 427 431 432 433 434 436 438 439 441 445 446 448 449 450 452 453 454 455 457 461 463 466
13 395 398 409 413 417 423 425 429 437 441 445 446 454
16 395 402 410 419 421 433 438 441 442 452 454 455 457 460 463 465
30 396 398 399 402 408 410 413 420 422 423 426 428 430 431 432 433 436 439 440 443 446 447 451 452 454 455 456 457 458 464
17 395 396 397 406 410 411 417 420 422 434 437 438 442 446 453 459 465
18 407 408 411 412 414 417 421 423 424 428 433 439 441 442 444 448 455 463
20 400 402 406 410 411 413 421 425 428 430 432 434 451 452 453 456 459 462 463 464
20 396 397 399 401 406 416 418 419 420 427 428 431 448 452 455 458 461 463 464 466
12 395 412 430 431 433 436 438 444 448 450 458 462
16 396 399 400 403 412 415 425 428 431 435 437 446 449 450 464 466
9 398 405 408 416 423 432 439 448 461
11 396 397 398 416 425 429 438 442 446 454 458
26 395 396 397 398 399 401 402 404 406 407 411 414 419 420 431 432 436 437 442 443 446 450 452 454 460 462
23 396 397 398 402 403 406 409 412 415 421 422 424 431 433 434 443 445 446 447 448 449 451 465
33 395 397 398 399 400 402 403 408 409 411 412 414 417 418 419 421 422 423 424 429 431 434 437 440 441 442 447 448 452 453 456 458 464
23 401 405 407 408 411 417 421 422 423 424 429 432 433 434 439 441 442 443 444 447 455 461 463
19 395 402 403 407 408 409 412 423 425 432 436 437 440 441 442 443 453 462 463
24 398 400 404 405 407 410 414 417 418 421 422 428 429 431 433 435 439 445 454 456 459 461 463 466
12 406 410 411 426 435 438 439 445 449 456 457 459
35 397 398 401 402 410 413 416 418 420 421 422 423 425 426 429 430 431 432 433 435 439 442 443 444 446 448 450 451 452 454 456 457 458 460 464
11 395 403 406 410 415 427 430 449 453 458 460
20 400 405 406 411 414 416 418 419 424 425 433 441 444 446 450 456 458 461 464 465
23 396 399 403 406 412 417 420 425 426 428 429 431 434 436 437 445 446 447 449 450 458 464 466
3 427 432 455
22 395 397 407 408 409 412 414 423 425 429 430 432 436 437 438 440 441 451 453 456 459 463
15 395 398 403 411 425 427 429 433 436 438 443 458 461 462 465
21 395 398 401 405 410 411 413 424 427 428 430 432 433 447 448 450 451 454 459 463 466
16 402 405 408 410 414 421 424 433 436 439 440 442 447 449 459 460
7 400 402 413 428 446 449 450
35 396 398 403 405 407 408 410 413 414 415 416 417 418 422 424 425 428 430 432 434 435 436 440 442 444 446 450 454 455 458 459 462 463 465 466
21 397 400 401 409 411 414 418 421 426 428 429 432 438 441 447 449 451 459 462 465 466
21 397 400 403 408 411 416 419 424 427 429 438 439 442 444 445 448 450 454 461 464 466
23 402 407 416 421 424 430 431 432 433 435 441 448 449 450 451 456 458 459 460 462 463 464 465
26 395 397 400 402 405 406 407 409 411 412 413 418 420 422 423 424 430 432 436 452 453 454 458 462 463 466
44 395 397 401 403 404 405 406 407 410 411 416 418 420 423 425 426 427 428 429 430 431 432 433 435 436 439 440 441 444 445 446 448 449 450 451 452 453 454 456 457 458 461 462 464
38 395 397 400 401 404 406 412 413 414 419 420 424 425 426 427 429 430 433 434 436 437 438 439 440 442 444 447 448 449 450 451 455 459 460 462 464 465 466
35 395 396 398 402 403 405 406 409 411 412 414 416 417 419 420 421 422 424 425 426 428 429 430 431 434 439 440 445 448 450 452 453 454 456 462
43 396 397 399 401 402 403 404 407 410 411 412 414 415 416 417 418 419 420 423 426 427 428 430 431 433 434 436 437 438 439 441 444 446 447 448 452 456 457 459 461 462 463 465
34 397 399 402 403 404 406 408 410 411 413 414 415 417 418 419 421 423 426 430 431 433 435 437 441 447 448 449 450 451 456 457 458 462 465
22 395 402 403 404 405 410 413 417 420 421 423 426 428 430 431 435 436 440 443 444 456 457
32 395 396 398 401 405 407 410 415 417 427 429 431 432 433 434 437 438 439 443 444 445 446 448 451 453 454 455 456 459 464 465 466
37 395 400 402 404 405 406 409 410 411 417 421 423 424 429 431 432 433 434 435 436 439 440 443 444 447 448 449 450 451 453 455 456 457 458 460 463 465
40 395 398 399 403 406 407 409 412 413 414 415 417 418 424 427 428 429 430 432 434 435 436 437 438 439 441 443 445 446 447 448 449 450 451 457 459 461 464 465 466
35 395 397 398 399 400 407 408 411 415 416 418 420 423 424 425 426 427 429 430 431 432 435 437 438 439 442 443 444 445 446 450 451 452 454 461
30 396 397 402 406 408 409 410 413 414 417 424 425 427 428 434 437 438 439 441 442 443 445 447 449 450 451 458 459 461 466
44 395 396 398 399 401 402 403 405 408 409 410 411 412 413 419 427 429 430 431 432 433 435 436 437 439 440 441 442 443 445 446 447 448 449 451 452 453 455 457 458 459 460 463 464
24 395 396 399 404 405 406 407 408 409 413 415 418 421 422 427 428 430 435 439 441 447 454 456 458
27 396 397 401 405 408 411 412 413 418 419 420 421 422 427 431 433 434 435 436 438 441 442 446 453 461 462 466
38 395 400 401 403 404 406 407 408 411 412 413 418 419 421 422 423 425 426 430 431 435 436 437 438 441 442 444 446 448 449 451 454 457 458 459 460 463 464
30 396 397 400 401 402 405 406 407 412 413 414 416 417 419 422 423 425 427 428 431 432 439 446 448 451 453 456 458 462 463
42 397 399 402 403 404 405 406 408 409 410 411 412 413 414 415 416 419 420 421 422 426 432 438 439 440 442 443 444 446 447 450 451 452 453 454 456 457 458 459 460 462 466
30 395 398 401 404 406 407 408 412 413 417 424 425 426 428 429 431 432 433 435 436 437 442 445 447 451 456 458 459 462 464
25 396 398 399 400 404 405 406 414 415 416 421 423 425 430 432 438 446 448 450 452 459 462 463 464 465
26 396 398 399 400 403 405 406 410 414 415 417 419 422 426 428 429 431 437 441 443 444 446 449 452 456 459
35 395 397 400 402 404 405 407 408 409 411 412 413 415 416 417 418 422 425 426 427 428 430 431 432 434 436 438 440 443 444 446 451 455 459 464
39 398 399 402 403 405 406 407 410 411 412 413 416 417 419 420 422 424 426 427 429 430 431 432 434 435 439 440 441 443 444 447 449 450 460 461 462 463 464 466
36 396 397 398 400 402 403 404 406 408 410 411 413 414 418 419 421 422 425 431 432 434 435 437 438 439 442 447 449 451 452 453 459 460 463 464 466
23 395 400 402 403 406 409 410 415 416 419 435 439 442 446 449 452 453 454 455 457 458 463 466
40 395 399 400 405 407 408 409 412 413 414 416 421 422 424 426 427 429 431 432 433 436 437 440 441 442 443 444 447 449 450 454 455 456 457 458 459 462 463 465 466
29 395 398 404 409 411 415 417 419 421 423 424 426 428 430 434 437 439 442 443 447 452 453 455 456 458 461 462 463 465
44 395 398 399 401 402 403 404 405 406 408 409 412 413 415 417 418 419 420 422 423 429 430 431 433 434 435 438 439 440 441 442 445 447 450 452 453 455 456 457 460 462 463 464 466
23 396 397 401 403 404 414 415 418 420 426 429 430 434 438 444 445 449 453 455 456 458 460 462
42 395 397 398 399 402 404 405 406 407 408 409 410 411 414 421 422 423 424 429 430 431 432 433 434 437 438 439 440 441 443 446 447 452 453 454 455 458 460 462 463 464 465
31 396 398 400 402 405 407 408 410 412 417 427 429 434 441 442 443 445 447 448 449 450 451 452 454 455 456 457 459 460 462 464
35 395 396 400 403 405 407 408 409 410 411 412 413 416 417 419 420 421 423 424 427 432 433 434 436 437 441 443 447 450 454 455 457 459 461 464
41 395 396 402 404 405 406 407 408 409 411 412 413 414 418 419 420 421 425 426 427 428 430 431 433 437 439 440 442 443 444 448 450 452 454 455 456 458 460 462 464 465
39 395 396 397 399 402 403 405 406 407 408 409 410 411 413 419 420 425 426 427 431 432 436 439 440 441 444 445 446 447 450 451 453 454 455 456 457 460 462 466
23 396 397 398 403 404 407 409 413 415 416 418 419 426 435 438 441 447 448 449 450 451 457 464
49 395 396 397 398 399 400 401 402 404 406 408 409 410 412 415 418 420 421 423 424 425 427 428 429 430 431 432 435 436 437 438 439 440 441 442 445 446 448 450 451 452 453 455 456 457 459 462 463 464
49 395 396 398 399 400 402 404 405 406 407 408 409 410 411 413 414 415 416 418 419 421 423 426 428 429 430 431 433 434 435 436 438 440 441 442 444 445 446 447 448 449 453 454 456 457 459 462 463 466
41 397 398 399 403 404 406 407 408 411 413 414 415 418 419 421 422 423 427 429 431 433 434 436 437 439 440 441 444 445 447 449 450 451 454 456 457 460 461 462 464 466
31 398 404 406 410 415 416 417 420 422 423 425 428 431 432 433 435 440 441 442 443 446 448 450 453 454 456 457 460 462 465 466
26 397 401 404 406 408 409 412 417 420 428 429 430 431 432 433 436 439 441 444 446 458 459 460 461 462 465
46 395 397 399 401 402 404 405 407 408 409 411 413 414 415 416 417 418 419 422 423 427 431 432 434 436 437 439 441 442 443 445 446 449 450 451 452 453 455 456 460 461 462 463 464 465 466
46 395 396 398 399 400 401 403 404 405 407 408 409 410 412 413 414 415 416 418 421 422 424 425 427 428 429 431 433 436 437 438 439 440 446 447 451 452 453 456 457 458 460 462 463 464 465
47 395 396 398 399 400 401 402 404 405 407 408 411 414 416 418 419 420 421 424 425 426 427 429 430 432 434 435 436 437 440 441 442 444 445 446 447 450 451 455 456 457 458 460 462 463 464 466
29 396 397 398 405 407 409 411 412 413 417 420 425 432 435 437 439 442 444 445 447 452 457 458 460 461 462 464 465 466
38 395 397 398 400 402 407 409 411 412 418 419 420 421 423 424 426 428 429 432 434 438 440 444 446 447 448 449 453 454 455 459 460 461 462 463 464 465 466
27 396 400 404 405 407 415 418 419 420 421 424 428 429 434 437 440 441 443 450 453 454 456 457 458 459 460 461
46 396 397 398 399 402 404 405 408 410 412 414 415 416 417 419 420 421 423 424 427 428 429 430 431 434 437 438 439 440 441 442 443 444 445 446 452 453 454 456 457 458 459 462 463 464 465
37 395 398 399 400 401 402 403 406 407 408 410 411 412 415 416 418 419 420 421 423 425 426 427 428 430 431 434 440 441 446 447 448 450 455 459 462 464
29 395 396 397 402 403 406 407 409 415 419 420 423 428 429 431 433 434 435 439 443 445 446 450 452 454 458 459 462 466
43 396 398 399 402 405 409 410 411 412 413 414 416 417 418 419 420 423 424 425 426 427 428 429 435 436 437 438 441 443 444 447 448 449 453 454 455 456 457 459 462 463 464 466
27 396 398 402 403 404 405 406 410 411 425 429 433 439 442 444 445 449 450 451 452 455 456 459 460 463 464 466
24 398 402 407 408 409 420 421 424 427 435 438 441 444 447 452 453 455 456 457 458 459 460 463 466
46 395 396 397 398 399 401 403 405 406 407 408 409 410 411 412 413 414 418 420 424 426 430 431 432 433 434 437 438 440 441 445 447 450 451 452 453 454 455 457 459 460 461 462 464 465 466
25 396 399 404 406 408 413 414 416 418 420 421 432 433 434 436 439 444 447 452 456 458 459 463 464 466
29 396 397 400 402 407 409 410 414 416 417 418 419 424 425 426 428 432 434 438 440 441 442 443 448 449 451 453 454 466
23 396 400 407 408 411 412 415 420 421 423 427 431 436 441 443 444 445 447 448 451 457 458 460
49 395 397 398 401 402 403 405 406 408 409 411 412 413 414 415 418 419 420 423 424 425 426 427 428 429 430 431 432 433 434 435 437 440 442 443 444 446 447 449 450 451 453 454 458 459 460 462 464 466
48 396 397 398 399 400 402 403 405 406 409 410 411 412 413 415 416 417 418 420 422 424 425 427 428 429 430 431 432 433 434 435 436 438 439 441 442 443 448 449 450 453 454 455 456 460 463 465 466
46 396 398 399 400 401 403 404 406 409 410 413 414 415 417 421 423 424 426 428 431 432 433 434 435 437 438 439 441 442 443 444 445 446 447 448 449 450 451 455 457 458 459 461 462 464 466
39 396 397 401 404 405 406 407 409 412 415 416 417 419 420 422 423 426 427 431 432 438 439 440 442 443 444 445 446 451 452 453 454 455 456 458 460 461 464 466
27 395 396 399 405 406 410 414 416 418 420 421 423 431 432 433 434 435 438 439 450 451 453 455 457 458 464 466
38 395 400 402 404 405 406 407 408 411 414 416 417 418 420 421 425 426 427 429 432 433 435 437 440 442 444 445 446 447 448 449 450 454 456 459 463 464 465
33 396 397 398 399 401 405 409 410 415 416 417 423 425 426 427 428 430 431 432 433 435 436 437 445 446 449 453 454 457 459 460 463 464
37 395 396 397 399 400 401 402 403 407 408 410 411 412 414 416 417 419 422 423 424 425 427 429 430 434 436 437 442 444 447 449 451 457 458 459 461 463
36 395 396 397 399 400 401 402 403 404 410 411 413 414 415 417 418 422 425 426 429 433 437 439 442 443 444 445 446 447 449 457 459 461 462 465 466
31 396 397 399 402 406 407 410 411 413 414 415 416 417 420 422 426 433 434 435 438 439 440 448 450 451 452 454 459 460 463 465
31 396 402 405 406 408 411 413 414 417 419 420 422 423 425 426 427 428 429 432 434 436 438 444 450 454 456 457 458 462 465 466
41 395 396 400 401 403 405 407 408 409 412 413 414 416 418 420 421 422 425 427 428 431 433 435 437 438 439 440 441 442 444 445 446 448 451 452 453 455 456 461 462 463
34 397 398 402 403 404 405 406 407 409 416 418 419 422 423 426 428 431 437 438 439 440 442 443 446 447 452 454 455 456 458 460 461 463 466
23 396 398 399 400 401 406 408 409 411 418 424 435 436 438 441 444 452 453 455 456 460 461 464
31 399 402 403 404 406 408 409 410 413 418 421 422 423 425 426 430 431 432 433 436 441 442 445 451 452 458 460 462 463 464 466
48 395 396 397 399 401 402 403 406 408 409 411 412 413 415 416 417 418 419 420 421 423 425 426 427 428 431 432 433 434 435 436 439 440 441 443 444 446 447 449 450 452 453 456 458 461 463 465 466
30 397 401 403 404 406 407 408 418 420 421 424 430 433 434 435 436 437 439 441 442 445 446 452 455 456 457 458 464 465 466
50 395 396 397 398 399 401 402 403 404 408 410 411 412 416 417 418 422 423 424 425 427 428 429 430 432 433 434 435 437 438 439 440 441 442 444 447 448 449 450 451 452 453 455 458 459 460 461 462 465 466
25 398 400 401 404 405 415 417 422 423 427 430 433 435 437 440 444 445 446 451 454 457 458 459 463 464
32 395 398 399 400 401 403 404 406 410 413 414 416 418 425 428 429 430 434 436 437 438 439 442 443 450 454 455 457 458 460 462 464
40 395 399 400 402 404 405 406 407 408 409 410 412 413 416 420 422 423 426 429 432 434 435 436 437 438 440 441 443 444 446 448 450 451 452 454 455 457 459 462 465
28 396 398 399 403 406 409 411 412 415 417 418 419 423 428 430 431 434 438 442 443 451 452 453 457 459 460 461 462
33 397 401 403 404 406 407 410 414 416 417 419 421 422 424 431 432 434 435 436 437 441 442 443 447 449 452 453 455 456 460 463 465 466
35 395 396 397 400 401 402 403 404 405 407 408 411 413 415 420 422 425 426 428 434 435 436 439 442 446 448 450 453 454 455 458 459 463 464 465
39 397 398 399 401 405 406 408 409 410 411 412 414 416 420 423 424 429 431 432 435 436 440 442 443 444 446 450 451 452 453 454 455 458 459 460 461 462 463 466
30 395 397 400 402 404 405 407 408 411 413 419 421 429 430 432 433 434 435 437 438 440 441 442 449 450 451 455 460 463 464
31 397 398 401 404 405 406 408 412 413 417 419 423 425 426 427 430 433 434 435 437 438 439 440 447 449 451 453 457 460 465 466
38 395 400 403 405 406 408 409 410 411 412 413 414 415 416 417 418 419 420 421 422 428 430 431 435 438 439 441 442 444 448 449 451 453 454 455 459 460 461
24 403 406 413 416 423 425 426 427 430 433 436 437 443 444 445 447 448 449 450 451 452 457 461 465
28 399 400 402 403 405 406 408 414 418 424 426 427 428 429 431 432 438 439 440 443 449 450 452 454 455 461 463 466
35 395 396 397 399 402 403 405 406 408 412 414 415 418 426 427 428 431 434 437 438 439 442 445 448 449 452 453 454 458 459 460 462 463 464 466
36 399 400 402 403 407 410 411 412 413 415 418 419 421 422 426 427 430 433 434 435 436 441 442 443 447 451 452 454 455 456 457 459 460 461 462 465
49 395 397 399 402 403 404 407 408 409 410 413 415 416 417 418 419 420 421 422 424 425 426 427 428 431 432 433 434 435 437 439 440 442 443 444 445 447 448 450 452 453 454 455 458 459 460 462 463 466
28 395 396 398 400 405 406 414 417 421 422 423 424 425 426 428 434 436 438 439 441 445 446 447 450 456 460 463 466
44 395 396 399 400 402 403 404 406 409 410 411 412 413 414 417 418 419 420 421 424 425 426 428 431 432 434 435 437 438 440 441 443 444 445 449 450 452 455 456 457 461 463 464 466
46 395 396 397 398 399 401 402 403 407 408 409 410 412 413 415 416 419 421 424 425 426 427 429 430 431 432 435 436 438 440 441 443 445 447 448 450 451 454 456 457 459 462 463 464 465 466
44 396 397 399 400 404 405 406 407 408 409 410 414 415 417 420 421 423 425 426 427 428 429 431 432 434 435 436 438 439 440 441 442 443 444 445 448 451 452 454 455 457 459 462 466
29 396 397 399 401 402 404 407 416 420 421 424 426 427 429 433 435 437 444 447 449 451 453 455 456 460 462 463 464 466
22 397 405 406 407 410 417 429 431 433 440 443 445 449 450 451 455 456 457 462 464 465 466
28 397 398 401 407 408 412 413 417 418 420 422 423 425 429 435 436 438 439 441 442 444 445 447 448 449 459 464 465
22 395 396 398 411 415 418 421 425 426 429 432 434 435 436 440 442 446 452 455 458 459 460
40 395 396 397 398 399 401 403 407 408 409 410 411 414 418 419 420 421 422 423 424 425 426 427 428 430 432 434 436 437 444 445 448 449 450 452 453 454 461 464 466
29 395 396 399 400 401 402 403 407 409 410 413 416 417 418 419 420 421 422 430 432 433 435 444 446 456 458 460 461 462
32 395 398 400 402 406 407 408 411 412 413 416 417 420 422 423 424 425 427 430 433 437 438 443 450 451 453 454 457 459 460 463 466
34 395 396 398 399 401 408 411 412 413 415 416 419 424 426 429 430 435 437 438 439 440 442 444 448 450 451 452 454 456 459 460 463 464 465
42 396 398 400 402 403 405 406 408 411 412 413 414 415 419 421 422 423 424 425 426 427 428 429 432 434 436 437 441 442 443 445 446 450 452 454 455 456 459 462 463 464 466
36 395 396 403 404 405 409 413 414 415 418 419 421 422 425 429 430 431 432 433 435 438 439 441 442 443 444 445 447 448 452 455 459 462 463 464 465
34 396 399 401 403 408 410 411 414 415 416 418 419 420 422 424 428 430 433 435 440 441 442 443 444 449 451 455 456 457 458 460 462 465 466
32 395 396 398 399 406 412 415 417 419 423 424 426 429 430 431 432 433 434 435 436 438 442 446 447 448 450 451 456 457 464 465 466
21 395 396 397 398 401 402 403 412 420 424 431 433 447 448 450 451 453 454 455 459 463
45 399 401 402 403 405 407 408 410 414 416 418 422 423 425 427 429 430 431 433 434 435 437 439 440 441 442 443 445 446 447 448 449 451 453 454 455 456 457 458 459 461 463 464 465 466
40 395 396 397 399 400 401 403 404 406 411 413 414 415 416 419 420 422 424 425 431 432 433 434 435 436 439 440 442 443 445 446 451 452 453 454 456 458 462 463 465
46 395 396 399 400 401 405 407 408 411 413 414 418 420 421 423 424 426 427 428 431 432 433 434 435 436 437 438 439 440 442 443 444 445 446 447 452 453 454 455 457 458 459 460 462 464 466
49 396 398 399 400 401 402 403 404 406 408 411 414 415 416 417 420 421 422 423 426 427 428 429 433 434 435 436 437 438 439 441 442 445 447 448 449 451 452 453 454 455 456 457 458 460 462 464 465 466
37 396 397 400 403 404 405 406 407 408 409 411 412 414 416 418 419 421 422 423 426 428 431 435 437 438 442 443 445 446 448 451 455 457 458 459 460 463
29 395 397 400 401 402 403 405 408 411 412 414 420 422 425 426 427 429 430 431 432 435 437 438 439 444 451 452 462 466
43 396 399 400 401 402 403 404 405 407 408 409 410 412 413 414 416 417 418 419 424 425 426 428 429 432 433 436 437 439 441 446 447 449 452 453 454 455 456 459 460 463 465 466
27 397 399 401 402 404 407 411 412 414 419 422 431 435 436 437 438 439 445 447 448 452 455 457 458 459 462 464
45 396 397 398 399 400 401 402 404 410 412 413 414 415 417 418 420 422 424 428 429 431 432 433 435 437 438 439 440 442 443 444 447 448 452 453 454 455 457 458 459 460 461 463 465 466
23 405 408 409 412 415 416 425 428 429 430 437 438 439 441 444 445 447 450 453 456 460 461 466
38 396 397 399 400 403 405 406 409 410 411 414 415 416 418 421 422 424 426 428 430 433 436 437 438 443 448 449 450 454 456 459 460 461 462 463 464 465 466
21 399 402 406 412 413 416 420 425 427 428 430 432 437 438 444 447 448 455 456 460 462
31 396 397 401 404 405 408 409 412 414 415 418 419 421 423 426 430 431 432 440 441 442 446 447 451 454 457 459 460 461 462 465
37 395 396 398 399 401 404 405 406 407 408 410 412 413 417 418 419 421 425 427 428 429 430 431 434 435 438 440 444 449 451 453 454 455 457 458 461 463
46 395 398 399 400 402 403 404 405 407 409 410 411 412 413 415 416 419 420 423 424 426 428 429 430 431 434 435 436 437 438 440 441 444 445 446 449 451 453 454 455 457 458 461 464 465 466
38 398 399 402 404 405 407 408 409 411 415 418 419 420 421 422 425 430 431 433 435 437 439 440 442 445 448 449 450 453 455 456 457 458 460 461 462 463 465
33 395 398 399 409 413 414 416 418 421 425 426 431 432 433 434 436 437 441 443 445 446 447 449 450 451 452 455 456 458 459 460 461 466
25 396 398 403 406 407 412 413 422 423 424 426 428 429 432 433 436 442 443 445 446 449 455 459 461 463
36 397 398 400 402 403 404 405 406 408 410 412 414 418 419 421 422 425 434 435 436 437 439 441 442 443 448 450 451 453 455 460 461 462 463 464 466
39 396 397 399 401 403 406 407 410 411 412 413 415 416 417 418 419 421 422 423 427 428 429 431 433 440 441 442 445 451 452 453 454 455 458 460 461 462 463 465
39 395 399 403 404 405 407 410 414 418 419 423 424 425 426 427 429 430 433 434 435 437 438 439 441 443 444 445 449 450 451 452 454 456 457 458 461 462 464 465
45 395 401 402 404 406 407 408 409 410 411 412 413 414 415 416 417 419 420 422 423 426 427 428 430 431 434 435 436 437 441 442 443 444 446 447 448 450 452 459 460 461 462 463 464 465
46 395 396 399 400 402 403 404 406 407 408 409 410 411 412 413 414 417 418 419 421 423 424 426 427 430 431 432 435 436 440 442 443 444 446 448 449 452 453 455 456 458 459 460 461 463 465
45 396 397 398 400 401 403 404 405 406 407 408 410 412 413 414 415 418 419 422 423 424 426 427 428 429 433 435 437 438 439 440 443 444 445 448 449 450 453 454 459 460 462 463 464 466
22 400 412 414 418 419 421 422 424 427 428 429 433 439 441 446 448 450 457 458 459 462 466
39 395 396 397 398 399 403 406 407 408 410 411 412 413 416 417 418 420 421 426 428 430 431 432 433 434 435 437 438 440 441 442 448 451 452 453 457 459 462 465
35 396 399 400 404 406 407 410 411 413 414 417 422 424 426 427 428 432 434 435 440 441 442 444 445 446 447 450 451 453 455 457 459 461 464 466
27 396 404 413 415 417 421 422 425 428 430 431 434 435 437 444 447 448 449 450 455 456 457 458 459 464 465 466
41 395 399 400 402 403 404 406 408 410 412 414 415 416 419 420 422 423 424 429 430 432 433 434 436 437 439 443 444 445 447 449 453 454 457 458 460 461 462 464 465 466
47 397 398 399 401 402 403 404 408 410 411 412 413 416 417 418 419 420 421 423 424 425 428 429 430 431 434 435 439 441 442 444 445 446 448 449 451 452 454 455 456 457 458 460 461 463 465 466
33 400 404 407 408 412 414 415 416 418 420 422 423 424 425 427 429 430 432 434 436 439 440 442 445 448 449 452 454 455 459 460 461 464
45 397 398 399 401 406 407 408 409 411 412 414 415 419 420 421 423 424 425 426 428 431 433 434 435 436 437 438 440 445 446 447 448 449 450 451 453 456 458 459 461 462 463 464 465 466
29 400 407 408 411 412 414 418 419 420 421 425 427 428 429 430 434 435 439 442 443 447 448 453 456 460 462 463 464 465
46 395 396 398 399 400 401 402 403 406 408 409 411 412 413 416 419 421 423 424 427 428 429 431 432 433 434 435 436 437 440 445 446 447 451 452 453 454 455 456 458 459 460 461 462 463 466
44 396 399 406 408 409 410 411 414 415 418 419 420 421 422 423 426 427 428 429 430 432 433 434 435 438 439 440 442 443 444 446 447 448 450 452 454 456 457 459 461 462 463 465 466
26 397 398 402 407 409 411 412 417 421 423 426 428 430 431 432 437 439 440 441 446 448 449 457 458 460 464
34 395 396 397 399 402 403 404 405 408 410 412 414 415 418 419 421 423 428 430 434 436 438 439 442 444 446 447 448 452 455 458 460 461 462
25 396 404 406 407 408 409 412 414 417 419 420 422 426 429 436 439 440 445 447 448 453 455 461 462 466
33 397 398 400 401 402 408 409 410 417 419 422 423 428 430 431 432 435 437 443 444 446 448 450 451 452 454 455 459 460 462 463 464 466
48 395 400 401 402 403 404 405 408 410 411 412 413 414 417 419 420 421 423 425 428 430 432 435 436 438 439 440 441 442 443 444 446 447 448 451 452 454 455 456 457 458 459 460 461 462 463 465 466
23 395 402 407 413 414 421 424 426 431 432 436 440 441 446 447 453 454 455 456 460 462 463 464
22 395 396 397 403 406 407 408 410 411 412 413 418 419 421 427 436 438 439 446 450 463 465
39 396 398 402 404 406 409 410 411 412 413 414 415 417 418 419 421 423 424 427 429 430 433 434 435 437 440 442 443 446 449 450 451 454 455 456 457 458 460 465
47 395 397 398 401 402 403 405 406 407 408 410 411 414 415 417 419 420 421 422 423 424 425 428 429 431 432 434 438 440 441 442 443 444 445 448 449 450 452 453 454 456 458 459 460 463 464 466
44 395 396 397 399 400 402 406 408 413 414 415 417 418 421 423 424 425 426 428 429 430 431 432 434 435 436 439 440 441 444 446 448 449 450 453 456 457 460 461 462 463 464 465 466
38 395 396 398 400 401 405 407 408 410 412 413 414 415 417 419 422 424 426 428 429 431 432 435 436 440 441 444 448 452 453 454 455 456 458 459 461 462 464
28 398 400 401 402 404 407 411 412 417 418 420 422 424 425 428 432 434 437 438 441 442 448 451 452 454 457 461 463
38 395 397 398 399 400 404 408 409 411 412 413 414 415 416 418 419 420 422 423 426 429 430 431 436 437 439 440 442 443 447 448 458 460 461 462 463 465 466
33 404 406 407 408 409 411 412 413 414 415 416 419 421 424 426 429 431 432 433 435 440 443 445 446 450 451 452 453 457 458 460 463 465
46 396 397 398 399 400 402 403 405 406 407 409 412 413 420 423 424 425 426 427 428 429 430 432 433 434 435 436 437 438 439 440 442 443 446 448 449 450 452 453 456 457 459 463 464 465 466
26 397 400 402 403 406 411 412 413 416 419 420 426 434 438 443 444 446 448 449 450 453 456 458 460 464 466
44 395 397 399 400 401 405 407 411 413 414 416 417 418 419 421 424 428 430 431 432 433 436 437 438 440 442 443 444 446 447 448 450 452 453 455 456 457 458 459 460 461 464 465 466
37 396 397 400 401 404 405 408 410 412 413 414 415 416 417 418 420 421 425 426 427 431 432 434 436 439 441 442 444 446 449 451 454 455 456 463 464 465
26 395 396 405 406 407 411 414 417 421 425 426 429 430 433 438 439 440 441 443 444 447 448 450 455 457 465
26 395 399 402 403 407 408 410 413 420 424 425 428 429 432 433 438 446 449 450 452 453 454 460 461 462 465
28 395 402 403 405 406 407 409 410 411 412 413 415 416 420 421 422 426 430 433 439 441 446 447 452 458 460 465 466
43 395 397 398 400 401 402 403 405 406 410 412 414 417 420 421 422 423 426 428 429 430 433 434 435 437 439 440 441 443 444 446 448 450 451 452 453 454 456 457 460 462 464 465
36 395 397 400 401 403 404 405 407 408 409 413 414 417 418 419 421 422 427 428 436 437 439 440 441 442 443 445 447 449 451 453 455 457 460 461 462
41 395 397 398 400 402 403 405 406 407 408 409 412 413 415 417 421 422 423 427 428 430 432 433 434 436 437 438 439 441 442 443 445 451 453 459 460 461 462 464 465 466
40 395 397 398 399 400 402 403 405 406 408 410 411 412 413 415 416 418 419 423 426 431 432 433 434 436 441 442 443 446 447 448 449 452 453 457 458 459 460 462 463
41 396 402 403 404 406 408 409 410 411 412 413 414 415 417 421 426 427 430 433 435 436 440 441 443 444 445 446 447 448 449 452 453 454 455 456 457 461 462 463 465 466
30 398 400 401 402 404 406 409 412 413 414 416 419 420 427 429 431 432 438 439 441 442 445 447 448 449 450 453 454 462 465
32 396 398 400 405 406 407 408 410 412 415 417 418 420 423 424 425 426 427 429 433 434 435 441 443 446 456 459 460 462 463 465 466
32 395 396 397 398 403 406 407 411 412 413 414 417 420 422 424 430 437 438 443 444 447 449 450 453 454 456 458 459 460 461 464 466
37 395 396 397 399 400 406 408 410 413 414 417 418 419 423 426 428 429 430 431 433 436 437 438 440 442 443 444 445 450 452 453 458 459 461 463 464 465
39 396 397 398 400 402 403 406 408 409 410 412 418 420 421 423 425 427 428 429 432 433 437 438 439 441 444 445 446 447 449 450 451 453 456 458 459 460 465 466
41 396 398 400 401 403 404 406 407 408 409 412 413 414 415 416 418 425 426 427 428 429 430 431 434 435 436 437 440 441 443 444 448 450 451 452 453 454 455 459 464 465
25 401 405 406 407 409 411 413 414 415 416 417 419 424 428 432 433 434 436 439 443 446 451 453 459 464
39 395 397 398 399 400 402 404 407 409 411 416 421 423 424 426 427 429 434 435 436 438 441 442 443 445 448 450 451 454 455 456 458 459 460 461 462 463 465 466
41 395 396 400 402 404 405 407 410 412 413 415 417 419 420 421 423 424 425 426 427 428 429 431 433 434 435 437 438 439 440 441 446 449 454 458 459 460 462 463 465 466
39 395 396 398 399 403 404 405 406 408 409 411 415 416 417 419 421 422 425 427 428 431 432 436 437 438 440 441 445 446 447 449 450 451 454 455 461 462 463 465
42 395 396 398 399 401 403 406 407 411 412 413 414 416 417 418 419 420 421 422 423 425 427 431 433 434 435 437 438 439 440 441 443 447 448 449 450 451 453 456 457 458 465
29 395 396 400 403 405 410 413 416 417 427 429 430 431 433 435 437 440 441 445 449 450 451 453 455 457 459 463 465 466
32 395 398 400 401 404 405 406 408 410 413 415 416 417 419 420 426 429 432 433 438 439 442 444 449 452 454 459 460 461 463 465 466
45 395 397 398 399 400 401 404 405 406 410 411 413 415 419 421 423 424 425 426 427 429 430 433 434 435 438 439 440 441 443 444 445 446 449 452 454 455 457 458 459 461 462 463 464 465
32 396 398 403 404 405 407 410 411 414 416 417 418 421 426 427 429 431 432 435 436 438 442 443 449 450 451 452 454 455 461 464 466
41 396 397 403 405 406 408 409 411 416 417 418 419 420 421 423 426 428 429 430 432 433 434 437 438 440 441 444 445 446 447 449 450 454 455 456 457 458 460 463 465 466
41 395 396 397 399 400 408 410 411 412 413 414 417 418 419 421 422 423 426 431 432 435 436 438 441 442 443 444 447 450 451 452 456 457 458 459 460 461 462 464 465 466
39 395 396 397 398 400 401 403 407 408 409 411 412 413 416 419 420 424 426 427 430 431 432 434 436 437 438 439 441 444 448 451 452 454 456 457 460 463 465 466
28 395 396 397 400 401 402 404 410 411 415 419 421 422 426 427 428 436 437 439 441 450 454 456 459 460 462 464 465
29 398 401 402 403 404 406 411 415 419 420 421 425 429 431 437 439 443 444 447 450 451 452 456 458 460 461 462 464 466
45 397 399 401 402 404 406 407 408 409 410 411 412 413 415 421 422 423 425 428 430 432 433 434 436 437 438 442 444 446 447 448 449 451 452 453 454 456 457 458 459 460 462 463 464 466
33 395 396 397 401 402 405 408 410 411 412 414 419 420 422 424 426 427 429 432 436 440 441 442 443 445 446 449 452 454 457 460 461 465
47 395 396 397 398 399 403 405 406 408 412 413 414 415 418 419 420 422 424 425 427 430 431 432 433 434 435 436 437 438 440 442 443 444 446 447 448 449 450 451 454 456 457 458 460 461 462 463
38 395 397 402 405 406 409 410 411 414 415 416 417 418 421 423 424 427 430 431 433 434 435 436 437 438 442 444 445 446 448 449 451 453 454 456 463 465 466
27 398 401 404 407 408 409 410 411 415 417 418 419 420 421 424 427 430 434 435 436 442 445 453 454 459 461 465
49 396 398 399 400 401 406 407 408 409 410 411 412 413 414 415 416 417 418 419 421 423 424 426 427 428 429 433 437 438 439 440 441 442 443 445 446 447 449 452 455 456 459 460 461 462 463 464 465 466
39 396 397 399 403 408 410 411 412 413 417 418 419 421 422 423 424 425 426 428 430 432 433 435 436 439 444 448 449 451 452 453 454 456 458 459 460 461 462 464
38 396 397 398 400 401 403 404 406 407 410 411 413 415 418 419 422 423 427 430 433 437 440 441 442 444 445 446 449 452 453 455 456 457 459 460 462 464 465
26 395 399 400 403 405 408 413 414 416 418 419 422 424 429 433 434 441 443 444 445 449 450 452 453 459 464
39 396 399 401 402 403 404 405 406 407 408 410 412 414 415 416 422 423 425 426 427 429 434 435 436 439 441 444 446 448 449 453 454 455 456 457 458 461 462 466
42 397 399 400 401 402 404 407 408 411 412 414 415 416 418 419 420 422 423 424 425 427 431 432 433 438 440 441 442 443 445 446 450 451 452 453 455 456 459 460 461 464 466
47 395 398 401 402 403 406 408 409 411 412 414 415 416 418 419 420 422 424 425 426 427 428 429 430 431 432 434 435 439 440 441 442 443 446 447 448 449 453 454 455 456 458 459 460 461 462 465
34 396 397 398 399 401 411 412 413 417 418 419 421 423 424 425 427 429 430 432 433 435 437 441 442 444 446 447 453 456 457 458 460 461 466
29 397 400 406 408 409 410 412 414 417 418 420 422 425 427 430 433 435 436 444 445 450 452 456 457 459 461 463 464 466
28 400 403 405 407 409 413 414 415 416 420 421 426 427 428 437 439 440 442 444 450 451 453 456 457 458 462 464 466
38 395 396 397 399 400 401 403 404 405 406 407 408 411 412 413 415 416 418 419 422 429 430 433 436 437 438 440 443 448 449 450 451 452 453 454 455 457 464
30 395 398 399 400 402 412 413 414 419 423 424 426 430 431 432 438 439 441 442 443 444 448 452 458 459 461 462 463 464 466
25 395 396 403 407 409 411 413 414 416 417 418 419 423 426 428 430 431 437 439 440 450 451 454 459 462
46 395 397 401 403 404 405 406 408 409 411 414 415 416 417 420 421 422 423 424 425 431 432 433 434 435 436 437 440 441 442 443 444 445 446 450 451 452 454 457 458 459 460 461 463 464 465
29 396 398 407 411 412 415 416 418 421 422 426 430 431 432 438 442 444 445 446 447 448 449 452 454 458 459 461 463 464
29 397 401 402 404 405 409 410 415 416 417 426 428 429 431 436 437 438 442 448 449 450 452 453 456 458 459 461 462 464
28 395 397 399 400 403 404 406 408 409 410 411 412 413 415 416 418 420 422 425 427 429 430 435 436 442 446 449 466
47 395 396 398 399 400 401 402 404 405 406 407 408 409 411 412 413 414 415 416 419 420 421 428 429 430 434 435 437 440 442 444 445 446 447 448 449 451 452 453 454 456 459 460 461 462 464 465
38 395 398 400 401 402 407 409 410 411 413 416 423 425 428 429 431 432 433 434 435 436 439 442 447 448 449 450 451 453 454 455 456 459 461 462 463 465 466
27 398 400 401 404 408 409 412 413 414 416 418 422 425 426 428 431 437 444 446 450 455 458 460 461 462 463 466
31 399 403 405 408 409 411 415 420 421 424 425 426 429 431 432 434 436 439 440 441 442 443 445 447 450 452 454 458 462 464 466
22 397 398 401 403 406 407 408 409 412 418 421 423 427 429 432 435 440 443 449 454 456 459
40 395 396 397 400 402 403 404 406 408 409 412 414 416 417 419 420 421 422 423 424 425 426 427 429 430 431 433 434 438 439 441 442 443 446 449 453 458 459 460 461
40 395 396 397 398 400 402 404 405 406 407 408 412 415 417 419 420 421 422 424 426 428 430 431 435 436 442 444 449 450 451 452 453 454 456 457 459 462 463 464 465
35 398 401 402 403 404 405 407 408 409 411 412 413 414 417 418 419 421 426 427 428 429 430 431 438 440 446 448 449 452 453 454 455 457 461 462
45 398 400 402 403 404 405 407 408 409 410 411 412 413 415 417 419 420 424 427 429 432 433 434 435 436 437 438 439 440 442 445 446 447 448 449 450 451 453 454 456 458 459 460 464 465
43 396 398 400 401 403 404 405 406 408 410 411 413 414 416 417 419 421 424 425 427 428 431 432 434 436 438 440 441 443 444 445 447 448 449 450 452 453 456 457 462 463 464 465
36 396 400 401 403 405 407 409 410 412 413 414 416 418 419 421 422 423 425 427 429 430 431 432 437 438 440 442 444 445 446 449 450 452 454 462 465
44 395 398 400 401 403 405 407 408 410 411 413 414 416 417 418 419 421 422 423 424 425 426 430 431 432 433 434 436 437 438 439 441 442 443 450 452 453 454 456 457 459 460 463 465
24 400 401 403 405 407 409 416 419 421 423 425 427 428 435 436 439 440 446 451 452 453 460 461 462
22 397 404 409 411 416 417 418 420 421 430 431 434 435 443 448 452 455 459 461 463 464 465
46 395 401 402 403 405 407 410 411 413 414 415 419 420 421 422 423 424 426 427 430 431 432 433 434 436 439 440 442 444 445 446 447 449 452 453 454 455 456 457 459 460 461 462 464 465 466
23 395 398 404 408 411 414 418 419 422 425 426 427 429 430 432 437 439 442 452 454 455 456 460
39 398 400 401 403 405 407 408 410 411 413 414 417 418 419 420 427 429 430 431 432 434 436 438 440 442 443 444 445 451 452 453 454 458 459 460 462 464 465 466
42 397 398 399 400 401 403 404 405 406 409 411 413 414 415 416 420 422 424 429 430 431 434 435 436 437 438 441 442 445 446 448 449 450 451 452 453 457 458 460 461 464 466
49 396 397 398 400 401 403 404 405 408 409 410 411 412 413 414 415 416 417 418 419 420 422 424 425 427 428 430 432 435 436 437 438 439 440 441 442 443 444 445 446 447 448 451 452 454 456 458 459 465
42 395 397 398 399 401 402 404 405 406 407 409 410 411 412 415 416 420 423 424 425 427 428 430 431 432 435 436 439 440 441 442 443 445 446 448 449 450 451 453 454 456 461
42 396 397 400 402 403 404 408 411 412 413 414 415 416 417 419 423 425 427 428 429 430 431 432 434 436 437 439 443 444 445 446 447 449 450 451 454 456 457 458 461 464 465
30 396 398 399 401 402 404 406 407 409 411 412 413 416 417 418 420 424 427 430 436 440 441 444 445 447 452 454 456 460 462
23 402 403 405 411 412 413 414 417 421 428 432 435 440 448 450 451 454 455 457 460 461 465 466
27 396 404 405 407 409 411 416 417 419 421 426 427 428 431 432 434 435 436 439 448 449 453 454 455 463 465 466
37 395 396 398 399 400 401 402 404 406 409 410 413 414 415 418 420 422 423 425 426 427 428 430 431 432 438 439 440 443 444 445 448 449 455 456 459 465
30 396 397 399 401 405 407 409 414 419 421 422 423 425 428 433 435 438 439 440 443 444 445 446 447 451 452 455 461 463 464
28 395 396 400 405 406 409 410 411 412 417 418 419 421 425 428 429 430 431 436 437 442 451 455 456 459 460 465 466
42 396 397 398 399 401 402 403 404 405 408 409 410 411 414 416 417 418 420 421 423 424 426 428 429 430 438 439 441 442 443 444 447 449 452 453 457 458 459 460 464 465 466
37 399 400 402 403 405 407 409 410 414 416 419 420 421 423 424 425 426 427 429 432 435 437 439 441 443 444 445 446 449 451 454 455 457 459 461 465 466
44 395 398 400 401 403 404 405 406 407 410 411 412 413 414 417 420 421 422 424 425 429 430 431 432 433 434 435 436 437 438 441 442 443 444 447 449 451 452 453 455 457 459 461 465
44 396 397 400 401 402 406 407 408 409 410 411 412 413 418 420 421 424 426 427 428 429 431 432 433 434 440 444 445 447 448 451 452 453 454 455 456 458 459 460 461 462 463 464 465
35 397 398 405 406 408 411 412 414 415 421 423 424 426 427 428 435 437 438 440 441 442 444 445 446 448 451 452 455 458 459 460 461 464 465 466
27 395 397 399 402 403 404 407 410 411 413 416 417 421 425 435 439 443 445 446 448 450 455 459 460 463 464 465
25 398 399 400 401 403 410 411 412 416 417 418 419 422 426 427 428 431 432 436 447 454 455 458 463 464
26 399 401 402 403 404 406 413 417 418 421 422 423 426 429 431 432 444 445 448 451 452 455 460 463 464 465
26 397 401 402 404 409 411 412 415 418 419 422 425 426 428 429 435 436 441 442 443 446 447 452 455 457 465
35 395 397 398 401 402 404 406 407 410 411 412 413 415 416 417 418 420 422 424 425 428 431 432 434 437 438 440 442 447 449 453 455 459 460 464
44 396 397 398 399 403 406 409 410 412 413 414 416 417 418 419 420 421 422 425 427 428 429 430 432 436 437 439 441 442 444 447 448 450 452 453 454 455 456 457 458 460 461 464 466
40 397 398 400 404 407 408 409 410 411 413 414 415 416 417 418 419 420 422 425 426 427 429 430 431 434 435 438 440 441 442 445 446 447 450 453 456 457 459 462 465
48 395 397 398 399 400 401 406 407 408 410 411 412 413 416 417 419 420 421 422 424 426 429 430 431 433 434 435 438 439 440 441 442 448 449 450 451 453 454 456 457 458 459 460 461 462 463 464 465
36 395 398 400 403 404 406 409 412 414 418 421 424 425 426 427 428 434 436 438 441 442 444 445 446 448 451 453 456 458 460 461 462 463 464 465 466
33 397 398 402 403 404 405 407 409 413 417 418 420 423 425 429 431 433 434 436 437 438 439 441 442 444 447 450 452 458 460 463 464 465
30 396 397 399 400 403 404 405 406 407 408 410 411 412 413 414 421 427 428 429 433 435 438 440 447 451 453 454 459 465 466
28 395 396 397 398 402 404 405 408 412 413 414 416 419 420 421 422 429 430 433 435 443 444 446 452 457 459 462 464
39 395 396 397 398 399 400 401 402 405 412 414 415 416 418 419 421 422 423 425 426 428 429 430 432 433 437 439 441 443 446 447 449 450 451 452 458 461 464 465
42 395 396 397 399 405 406 407 410 411 413 414 415 416 417 418 419 420 421 423 424 427 428 429 434 435 437 440 443 446 447 448 449 451 452 453 454 457 458 461 462 463 464
35 398 400 403 410 411 412 413 415 418 420 421 422 423 427 428 429 430 434 435 436 438 441 447 448 449 450 451 453 454 456 457 458 460 462 464
24 397 400 401 407 408 413 415 418 421 424 425 428 431 435 436 437 443 445 449 450 454 462 465 466
27 399 401 403 404 407 412 413 418 419 421 426 427 428 429 430 431 436 442 446 447 457 458 459 460 463 464 466
28 400 402 404 405 406 408 412 413 418 420 422 423 426 427 428 430 431 435 438 439 440 447 448 450 455 457 465 466
37 395 396 398 404 405 407 409 410 411 412 413 416 419 420 422 425 430 431 433 434 436 441 442 443 444 446 451 452 453 455 457 460 461 463 464 465 466
29 398 402 407 408 409 410 419 420 423 424 425 427 428 430 435 436 438 439 442 443 444 445 446 448 449 454 455 458 460
