334 1789
44 1 2 3 4 5 6 7 8 9 10 11 12 13 14 15 16 17 18 19 20 21 22 23 24 25 26 27 28 29 30 31 32 33 34 35 36 37 38 39 40 41 42 43 44
26 1 2 4 6 7 8 10 15 16 18 21 22 24 29 30 31 32 33 35 36 37 40 41 42 43 44
27 3 4 5 6 7 9 12 13 16 18 19 20 21 24 25 26 27 29 30 31 32 33 34 37 38 41 44
16 2 4 7 8 10 13 14 16 18 20 23 27 33 36 37 43
33 1 2 3 4 5 6 9 10 11 12 14 15 16 17 19 22 23 24 26 27 28 29 30 31 32 34 36 37 39 40 42 43 44
14 1 2 8 10 11 21 23 25 35 38 39 41 42 43
18 1 3 6 8 12 14 19 21 22 24 26 31 32 34 39 42 43 44
20 2 4 5 7 9 11 12 16 24 25 27 30 31 32 34 35 37 40 41 43
15 3 4 7 15 21 24 26 29 30 35 36 38 39 40 42
25 3 5 7 8 14 18 20 22 23 24 25 26 27 28 31 32 33 34 37 38 39 41 42 43 44
33 1 3 4 7 8 9 10 11 12 13 14 17 19 20 21 22 23 25 26 27 28 30 32 33 34 35 37 38 39 40 41 43 44
20 3 8 15 16 19 21 23 24 27 28 29 30 31 33 34 35 36 40 41 42
33 1 2 3 4 6 7 8 9 10 11 12 13 16 17 18 19 20 21 22 23 24 25 27 28 29 32 34 36 39 40 41 42 43
24 1 2 3 5 9 10 13 15 17 18 19 21 25 26 27 28 33 36 37 38 39 41 42 44
30 1 2 4 5 6 7 8 10 11 13 14 16 17 19 20 21 23 24 25 28 30 31 32 33 34 36 37 38 40 42
30 2 3 4 6 7 8 10 11 12 14 16 17 19 20 21 23 24 25 27 28 29 31 32 33 34 37 38 41 43 44
14 3 4 10 11 14 18 19 25 27 29 35 39 42 43
44 45 46 47 48 49 50 51 52 53 54 55 56 57 58 59 60 61 62 63 64 65 66 67 68 69 70 71 72 73 74 75 76 77 78 79 80 81 82 83 84 85 86 87 88
16 45 47 50 52 53 57 58 59 66 70 72 73 75 85 86 87
21 47 49 51 52 53 55 57 58 60 61 62 64 65 66 70 72 74 79 80 82 83
25 46 47 48 50 52 53 54 59 61 62 63 67 68 70 71 74 75 76 77 79 80 81 83 85 86
33 48 49 50 51 52 53 54 55 56 57 58 59 61 62 64 65 66 67 68 69 72 73 74 75 76 78 79 82 83 85 86 87 88
21 45 47 49 50 51 53 55 61 63 65 68 72 74 75 76 77 79 82 84 87 88
27 47 49 50 52 56 58 62 63 64 66 67 68 69 70 72 73 74 75 76 77 78 79 82 84 86 87 88
23 45 46 47 48 52 56 58 60 61 67 68 69 71 74 75 76 78 79 81 82 84 85 88
29 45 48 49 50 51 52 53 54 57 58 62 63 64 65 67 68 69 70 71 72 73 74 75 77 78 79 83 84 88
35 46 47 51 52 54 55 56 57 58 60 61 62 63 64 65 66 67 68 69 70 71 72 73 74 76 77 78 79 80 81 82 83 86 87 88
23 46 49 50 52 53 55 57 58 60 63 64 65 66 69 72 73 76 78 81 83 84 85 87
30 45 46 47 48 49 50 52 53 54 56 58 59 61 63 64 65 66 67 68 69 70 71 73 76 78 82 83 84 85 88
20 46 48 49 50 52 53 59 61 64 67 68 69 71 74 75 78 82 85 86 87
20 45 48 49 50 53 57 58 59 60 63 66 67 70 72 73 76 83 85 86 87
23 49 51 52 53 57 59 61 63 64 65 66 67 69 71 74 77 80 81 82 83 85 87 88
33 45 46 47 48 49 52 53 55 56 57 58 60 62 64 65 66 67 69 70 71 72 73 74 76 78 80 81 82 83 84 86 87 88
18 46 51 52 55 58 59 60 63 67 68 73 74 75 76 79 81 82 86
28 45 46 49 52 58 59 60 61 62 64 65 66 67 69 70 72 73 76 77 78 80 81 82 83 84 85 86 88
21 46 47 48 49 50 54 59 61 62 63 67 69 73 74 75 78 79 81 82 83 86
23 45 46 49 50 51 53 55 57 59 63 65 66 67 68 71 75 76 79 81 84 86 87 88
16 45 46 47 49 50 51 52 55 56 60 64 66 70 73 79 81
27 45 46 47 48 49 50 52 57 58 61 64 66 70 71 73 76 77 78 79 80 81 82 83 84 86 87 88
17 49 52 53 54 55 58 62 63 65 68 69 71 79 80 86 87 88
34 45 47 49 50 51 52 53 54 55 56 57 59 60 61 62 63 64 65 66 67 69 70 71 72 74 75 77 78 79 82 83 86 87 88
28 45 46 47 48 51 53 54 58 59 60 61 63 64 65 66 67 69 70 72 74 77 78 79 83 84 85 86 88
26 45 49 50 51 52 54 56 57 59 60 63 66 68 69 71 72 74 75 77 78 79 80 81 84 85 87
30 47 49 50 52 53 54 56 57 58 59 60 61 62 64 66 67 72 73 74 75 76 77 78 79 80 81 82 86 87 88
18 46 52 54 55 59 60 62 63 64 65 66 69 71 73 74 77 84 85
14 51 54 61 63 66 68 70 73 80 82 83 85 86 87
15 53 58 60 62 63 64 65 66 70 72 73 75 77 78 85
19 47 49 54 55 57 64 66 67 73 76 77 79 80 81 82 83 84 86 87
21 46 49 50 53 55 59 62 63 64 67 68 69 71 73 74 75 79 82 83 86 87
21 46 48 50 53 56 57 59 62 63 64 66 68 71 73 74 75 77 81 83 84 85
31 45 46 48 49 52 53 57 58 60 61 63 64 66 67 68 69 70 71 72 74 76 77 78 80 81 82 83 84 86 87 88
27 46 50 51 52 53 54 56 57 60 61 62 63 65 66 67 68 69 71 74 75 76 78 80 82 84 85 87
29 45 46 48 50 53 55 56 57 58 59 60 65 66 67 68 69 70 71 72 73 74 76 78 79 81 82 85 86 88
32 45 46 47 48 49 50 51 52 53 56 57 58 59 62 67 69 70 71 73 74 76 77 78 79 80 81 82 83 84 85 87 88
20 45 49 50 51 53 54 56 58 59 61 62 63 65 68 76 81 82 83 84 88
13 46 49 52 56 60 61 65 67 69 75 79 84 86
16 45 47 55 63 66 67 69 71 72 73 74 76 79 82 83 85
34 46 47 48 49 50 51 52 53 55 56 61 62 63 64 66 67 68 70 71 72 73 75 76 78 79 80 81 82 83 84 85 86 87 88
21 48 49 50 52 53 54 57 62 63 66 68 71 73 76 77 78 79 82 86 87 88
13 47 50 51 52 59 60 61 63 65 78 79 84 86
19 46 48 50 54 56 59 60 61 69 73 74 77 82 83 84 85 86 87 88
30 45 46 47 48 49 50 51 52 55 56 57 58 60 62 63 66 68 69 71 72 73 74 75 76 77 79 80 81 86 88
19 45 46 47 51 53 54 56 64 66 69 73 74 75 77 81 82 84 85 88
14 45 49 54 56 62 65 66 74 78 81 82 83 85 88
13 52 53 54 55 60 65 67 69 71 72 74 78 85
29 45 46 50 51 52 55 56 58 61 63 64 65 67 69 71 72 73 75 77 78 79 80 81 82 84 85 86 87 88
20 45 47 49 50 52 53 54 55 63 66 68 73 74 75 76 79 80 81 82 87
13 46 47 49 50 54 55 58 68 69 75 80 84 88
17 48 51 56 60 61 65 66 68 70 71 72 73 74 79 84 85 86
13 48 49 56 61 66 68 69 73 76 80 84 86 88
24 46 51 53 54 55 57 59 61 64 66 68 69 71 72 73 74 76 77 80 81 83 84 87 88
22 45 47 50 53 55 56 58 59 61 67 68 71 73 76 77 79 81 83 85 86 87 88
26 46 47 48 51 52 56 58 60 61 62 64 65 66 68 71 72 73 75 76 81 83 84 85 86 87 88
33 46 47 48 52 53 54 55 56 57 58 59 60 61 63 64 65 66 67 70 71 72 73 76 77 78 79 80 82 84 85 86 87 88
25 45 47 49 53 54 55 59 60 61 63 64 65 66 67 69 70 71 72 73 74 75 78 79 83 87
26 46 47 48 49 50 51 55 56 58 60 62 64 65 71 72 73 74 76 80 81 82 83 84 86 87 88
16 52 55 57 60 64 65 66 67 71 72 80 81 84 86 87 88
34 46 48 49 50 52 53 54 55 56 57 58 60 61 63 64 65 66 68 69 71 73 74 75 76 77 78 79 81 82 83 84 85 86 87
34 45 46 47 48 49 50 51 52 54 55 56 57 58 59 60 62 63 64 65 66 69 71 73 74 75 76 77 78 79 81 83 84 87 88
21 45 49 50 53 57 59 60 61 65 66 69 70 72 73 76 78 79 82 84 87 88
14 45 46 47 48 57 60 61 63 64 68 72 77 78 88
19 45 50 51 52 54 56 62 63 65 68 70 72 73 75 77 83 85 87 88
18 47 49 53 54 58 59 64 66 67 70 71 74 77 81 82 83 84 87
15 48 51 55 57 59 61 64 65 66 69 75 77 80 81 86
15 46 49 50 51 54 58 60 68 72 73 74 77 78 87 88
23 46 47 48 51 52 54 56 58 60 61 62 63 67 68 69 71 74 76 83 84 85 86 87
29 45 46 49 50 51 52 53 54 55 56 57 58 59 60 61 63 64 69 72 73 74 75 80 81 82 85 86 87 88
28 45 47 48 49 50 51 53 56 58 59 60 61 63 64 67 68 70 72 73 74 75 77 78 79 81 85 86 87
32 45 47 48 49 50 52 53 54 55 56 58 59 60 62 64 65 67 68 69 71 73 74 75 76 77 78 79 80 81 83 84 86
33 45 46 47 48 49 50 51 53 56 57 59 60 63 65 66 67 68 69 70 71 72 73 74 75 76 77 80 81 82 83 85 87 88
19 45 47 48 50 51 58 59 61 64 66 70 72 74 77 78 79 82 84 88
25 45 47 48 49 50 52 54 55 58 62 63 68 69 72 73 74 75 76 79 80 81 82 83 84 86
16 45 52 57 58 59 60 62 66 69 76 77 78 81 82 86 87
18 46 49 50 55 56 61 64 67 70 72 73 77 79 80 81 82 83 87
28 46 47 48 49 53 54 55 56 57 59 60 63 64 65 66 67 68 69 70 80 81 82 83 84 85 86 87 88
14 47 48 50 54 56 57 58 60 62 68 69 71 80 88
25 46 48 51 52 54 55 56 58 60 61 62 63 64 65 66 68 70 71 74 76 77 79 82 83 85
27 46 47 48 49 51 53 54 55 56 60 61 63 66 68 69 70 73 74 75 79 80 81 82 83 85 86 87
27 45 46 47 48 49 51 52 55 61 62 63 64 66 68 70 71 72 73 74 75 76 77 79 82 83 86 87
13 46 51 52 54 55 56 57 64 71 72 75 80 81
17 45 46 47 48 49 50 54 56 65 66 69 74 78 83 84 85 88
27 45 48 49 50 52 53 54 55 56 57 58 61 63 67 69 70 72 75 77 79 81 82 83 84 85 87 88
15 45 46 51 52 57 61 67 69 70 73 75 80 81 82 85
33 48 49 50 51 52 53 55 56 57 58 59 60 61 62 63 64 65 66 67 68 69 70 71 72 76 77 78 79 80 81 82 84 88
29 46 49 52 53 54 55 57 58 59 60 61 63 66 67 68 69 70 71 72 73 74 78 79 80 81 82 83 84 88
21 45 46 47 48 50 51 56 62 63 64 65 70 71 72 74 79 81 82 84 87 88
29 46 47 50 51 52 53 54 55 56 57 58 59 60 61 62 63 64 65 68 69 70 72 73 75 76 80 82 84 85
24 46 47 49 51 53 56 57 59 60 61 62 64 65 66 67 71 72 76 79 80 82 85 86 88
31 45 46 47 49 54 55 56 57 58 60 62 64 65 66 67 68 69 70 72 73 74 76 78 79 80 81 83 84 86 87 88
25 45 46 47 50 51 53 54 57 58 59 60 66 67 69 70 71 73 76 77 79 81 82 85 86 88
19 45 49 50 55 56 57 58 61 65 68 71 72 73 74 77 79 80 83 86
24 45 46 47 48 49 50 52 53 54 56 57 62 63 66 67 69 71 72 73 76 78 79 85 87
19 46 50 57 61 62 64 65 66 67 69 70 72 75 77 80 81 82 83 88
22 45 46 48 49 50 52 53 59 60 63 66 67 68 71 72 74 76 79 80 82 86 87
28 45 47 48 49 51 54 57 58 59 60 61 62 63 64 65 67 69 71 72 74 75 76 78 79 81 86 87 88
75 89 90 91 92 93 94 95 96 97 98 99 100 101 102 103 104 105 106 107 108 109 110 111 112 113 114 115 116 117 118 119 120 121 122 123 124 125 126 127 128 129 130 131 132 133 134 135 136 137 138 139 140 141 142 143 144 145 146 147 148 149 150 151 152 153 154 155 156 157 158 159 160 161 162 163
30 89 90 93 97 98 101 106 108 109 110 113 116 117 118 121 124 125 127 128 129 131 132 137 138 142 144 146 151 154 156
40 91 93 95 96 97 99 105 106 107 109 110 111 113 118 120 121 122 124 126 129 130 131 132 133 134 139 141 144 145 146 148 151 153 154 155 156 158 159 161 162
34 92 93 94 96 98 99 100 102 103 106 108 110 113 118 120 125 126 127 128 131 136 137 139 140 142 143 144 146 148 150 156 157 162 163
48 89 90 91 93 94 95 96 97 98 100 101 105 107 108 109 110 112 114 115 116 117 118 119 120 123 124 125 127 128 129 130 133 134 135 137 140 142 144 148 150 152 153 154 155 158 159 161 162
44 91 92 93 94 98 100 101 102 103 105 108 110 111 113 115 119 120 121 124 125 128 129 135 136 137 138 139 140 141 143 145 146 147 150 152 153 154 155 157 159 160 161 162 163
46 92 93 94 96 101 102 103 104 105 106 107 108 110 112 114 115 116 117 119 121 123 124 125 126 127 128 129 132 135 136 137 138 139 141 142 144 146 147 150 151 152 153 155 158 159 160
55 90 92 93 94 97 98 99 100 101 102 103 105 106 108 111 112 113 115 116 118 119 120 121 123 124 125 126 127 128 129 130 131 132 133 134 135 136 138 139 141 143 144 146 147 148 149 150 151 152 154 157 160 161 162 163
29 92 93 94 95 96 99 100 106 109 116 119 122 123 124 129 130 131 136 137 138 141 142 143 145 151 154 155 157 161
33 89 93 95 97 98 101 103 107 108 109 111 112 115 118 120 122 123 124 126 128 131 135 137 139 142 144 145 146 148 151 152 153 155
35 89 91 92 94 97 100 108 110 111 113 117 119 120 122 123 126 128 129 131 133 134 135 139 142 145 146 148 149 151 154 158 159 160 162 163
40 90 96 98 100 102 103 104 106 107 108 112 113 114 115 117 118 119 121 122 124 125 129 130 132 134 138 141 145 146 147 149 151 153 154 155 157 159 160 162 163
59 89 90 91 92 94 95 96 97 99 100 102 103 104 105 106 107 108 109 110 111 113 116 117 118 119 120 121 122 123 124 125 126 127 128 129 130 134 135 136 137 138 139 142 144 145 146 147 148 150 152 154 155 156 157 158 159 160 161 163
39 89 93 94 96 97 98 100 101 105 106 107 108 111 113 115 116 119 121 123 130 132 133 136 139 140 141 142 143 144 145 148 150 151 152 153 154 155 160 163
33 92 99 100 102 105 106 110 112 113 114 117 122 124 125 126 129 130 132 136 138 144 145 146 147 151 152 154 155 157 158 159 162 163
31 90 92 93 95 98 99 100 104 105 107 108 111 117 120 123 124 127 128 130 136 138 139 143 145 146 148 149 151 153 159 163
44 90 91 94 95 96 97 98 100 101 105 108 109 110 111 112 114 115 116 117 118 120 121 123 124 126 127 128 130 131 132 133 135 137 139 141 143 150 151 152 154 159 161 162 163
22 89 94 96 97 104 105 109 110 112 125 126 127 134 135 136 138 140 141 142 144 147 150
40 90 95 96 97 98 99 100 102 103 104 105 107 108 109 112 115 116 117 118 119 121 122 123 125 130 131 133 134 136 138 141 145 149 152 154 155 156 158 159 160
32 91 93 94 99 103 104 105 107 110 111 113 115 117 120 124 130 131 133 136 137 138 143 145 146 148 149 151 154 155 156 159 160
24 91 92 93 99 100 104 106 110 117 120 125 128 129 131 132 134 137 138 142 143 149 154 160 163
36 164 165 166 167 168 169 170 171 172 173 174 175 176 177 178 179 180 181 182 183 184 185 186 187 188 189 190 191 192 193 194 195 196 197 198 199
26 164 165 166 169 170 171 172 173 174 175 176 177 178 179 181 183 184 185 186 187 191 193 194 195 197 198
20 167 168 169 171 173 174 175 177 179 181 182 183 184 186 187 191 193 194 196 197
21 165 167 169 172 176 178 179 180 181 182 183 185 187 188 189 190 193 194 195 196 199
14 166 168 169 171 173 174 177 180 183 188 192 193 195 196
11 165 167 169 170 171 174 181 182 186 191 193
26 164 167 169 170 172 174 175 176 177 178 179 180 182 183 185 186 187 189 192 193 194 195 196 197 198 199
15 167 169 171 174 175 176 178 181 182 188 189 193 196 197 198
27 165 166 168 169 170 171 172 173 174 176 177 178 179 180 181 182 184 185 187 188 190 191 193 194 195 197 199
25 164 166 167 168 170 172 174 176 177 178 179 180 181 183 185 187 188 189 190 191 192 193 194 196 197
15 164 166 171 172 175 176 178 179 181 183 187 188 193 195 199
12 164 165 167 169 172 175 176 179 181 184 187 188
11 165 166 170 171 172 174 175 190 191 197 198
17 164 166 169 173 176 178 179 180 183 187 188 191 192 193 194 196 198
22 165 167 168 170 171 172 173 176 177 179 180 181 182 183 186 187 189 190 194 195 197 198
22 164 165 166 167 170 171 172 173 174 176 177 178 180 185 186 187 190 191 195 196 197 198
21 164 166 169 170 172 173 174 176 178 179 180 181 182 183 185 188 190 191 194 196 198
27 164 165 166 168 170 171 172 173 175 177 179 181 183 185 186 188 189 190 191 192 193 194 195 196 197 198 199
21 165 166 167 172 173 177 178 179 180 181 182 184 187 190 191 194 195 196 197 198 199
11 164 165 167 176 177 178 181 189 192 193 197
13 165 169 173 182 184 188 190 193 194 196 197 198 199
25 165 166 167 169 170 171 173 174 175 176 178 179 180 181 182 183 186 187 188 190 191 193 194 197 198
26 164 165 166 168 169 170 172 173 174 175 176 180 181 182 183 184 186 188 189 190 191 192 193 194 195 198
24 164 167 168 169 170 172 173 175 176 177 178 179 180 182 183 184 186 187 188 190 192 193 195 198
20 164 165 166 170 173 175 176 178 179 181 184 185 186 187 188 190 194 195 196 197
12 168 169 173 176 177 178 180 192 193 195 196 199
25 165 166 167 169 170 172 173 175 177 178 179 180 183 184 185 186 187 189 190 191 193 195 196 198 199
17 165 166 169 170 171 172 173 174 176 177 178 185 187 192 193 194 198
15 165 168 169 173 175 177 178 179 181 184 186 194 196 197 199
13 170 173 176 178 182 183 184 185 186 187 192 197 199
11 165 170 173 175 180 184 189 192 194 195 197
28 164 166 167 168 169 170 171 172 173 174 175 176 178 179 180 181 182 183 184 185 186 187 189 190 191 192 194 196
26 165 167 168 170 173 174 175 176 178 180 181 183 184 185 186 187 188 189 190 191 193 194 196 197 198 199
15 164 165 169 170 176 178 179 180 182 183 185 188 191 192 199
23 164 165 166 169 170 172 173 174 175 178 180 184 185 187 189 191 192 193 195 196 197 198 199
19 165 166 169 170 171 173 174 175 176 179 182 186 189 193 194 195 196 197 198
19 164 167 168 170 171 172 173 175 176 178 179 181 185 186 187 190 191 197 199
18 165 168 169 170 173 174 178 181 185 186 187 189 190 191 192 195 196 199
23 164 166 169 170 171 174 176 177 180 181 182 183 185 186 188 189 190 192 193 196 197 198 199
16 167 172 179 180 181 183 184 186 189 190 191 192 194 195 196 198
17 165 167 169 174 175 176 178 179 180 181 183 184 189 191 192 194 197
11 167 170 176 177 182 185 186 187 189 191 198
26 164 165 166 167 168 169 170 171 172 173 175 178 179 180 181 182 184 185 186 189 190 191 195 196 198 199
16 201 209 210 212 213 214 229 236 238 239 240 241 246 248 250 251
11 202 207 210 212 213 219 227 232 233 243 247
17 206 207 210 211 214 215 218 221 223 224 228 232 235 237 241 243 247
29 201 202 204 205 206 211 212 213 214 216 218 221 224 226 228 229 230 233 234 237 239 242 243 244 245 247 248 249 251
11 201 212 222 223 224 225 227 229 236 237 243
23 200 203 207 210 216 217 218 222 225 226 229 230 235 236 237 238 239 242 243 244 245 247 249
24 202 203 205 206 207 208 210 212 216 218 220 223 229 230 232 233 234 235 240 241 243 244 248 251
11 203 209 225 227 229 231 233 234 242 246 251
12 208 212 214 223 224 227 228 234 235 237 242 251
11 207 210 215 220 222 225 231 232 236 238 246
13 202 204 215 216 217 219 224 226 231 237 241 244 247
21 202 203 205 209 212 213 214 217 218 223 227 233 235 239 240 244 246 247 248 249 250
22 203 204 205 207 209 210 215 216 217 221 222 225 226 229 232 236 238 240 244 246 247 250
15 200 208 209 210 211 215 221 222 225 228 237 245 246 247 251
11 209 211 220 221 231 235 240 241 244 246 249
28 200 201 204 209 211 213 214 215 217 219 221 222 224 225 226 227 228 231 236 237 238 239 242 245 246 247 249 250
15 200 201 206 208 213 214 216 218 221 228 240 243 246 250 251
14 200 202 206 208 211 217 220 221 228 232 233 235 244 245
17 203 209 212 214 216 221 224 225 226 235 236 238 242 243 244 246 248
38 200 201 203 204 207 208 211 212 215 216 217 218 219 221 222 223 225 226 227 228 229 230 231 232 233 236 237 238 239 241 242 243 244 245 246 247 248 251
8 208 210 212 226 236 239 242 243
20 201 203 205 207 212 216 218 220 223 224 227 229 231 233 234 238 241 243 249 250
12 207 216 217 221 222 223 224 226 227 232 236 244
14 201 203 209 214 218 220 226 230 231 234 236 239 248 251
13 200 201 202 204 205 213 215 219 223 233 245 250 251
31 200 201 204 206 207 208 210 211 215 216 219 220 221 222 224 225 226 228 229 230 231 232 234 236 237 238 241 242 243 245 251
12 201 208 213 216 217 222 230 236 239 248 249 250
20 202 204 206 207 209 211 214 220 221 224 227 228 229 236 238 241 243 246 248 249
14 218 220 222 223 225 227 230 232 234 235 238 239 243 245
12 200 210 219 221 223 227 233 234 236 237 239 243
15 202 205 206 207 217 219 224 226 227 231 232 237 249 250 251
29 201 202 204 205 206 208 209 211 212 213 214 215 219 220 221 223 224 227 228 231 232 233 234 240 241 246 248 250 251
9 211 213 219 223 225 229 233 235 242
32 200 201 203 205 208 210 212 213 215 216 217 218 219 222 223 225 226 230 231 232 233 234 235 237 239 240 242 244 245 247 250 251
29 200 201 203 207 209 213 214 215 216 218 220 221 222 224 225 227 229 230 231 232 233 235 241 244 245 246 247 249 250
11 210 218 227 230 231 232 237 240 241 247 249
12 203 210 213 229 230 231 235 237 239 240 243 246
18 200 201 202 206 211 213 218 219 220 230 231 233 239 241 243 245 248 249
12 200 202 204 205 212 219 220 226 238 240 244 245
15 202 204 205 206 211 217 219 223 228 234 237 238 240 248 251
11 201 205 206 208 218 225 235 241 244 246 249
16 200 201 203 207 212 214 215 216 221 223 226 228 229 232 235 244
16 205 211 218 222 224 225 227 231 233 236 238 240 242 245 248 250
15 202 204 206 208 209 211 212 214 215 219 234 241 242 245 249
32 201 202 204 206 207 208 209 211 212 213 214 215 219 220 224 225 226 228 229 231 233 235 236 237 238 240 241 243 244 246 247 248
20 200 203 205 210 216 217 218 221 222 223 227 230 232 234 239 242 245 249 250 251
17 201 202 206 208 209 212 214 217 218 224 228 230 231 241 243 247 251
10 215 216 218 219 223 224 230 237 242 247
7 203 209 214 228 229 240 249
18 200 201 205 206 207 208 210 211 212 213 221 233 236 242 246 248 250 251
32 200 201 203 204 208 210 211 212 213 214 215 216 218 220 221 222 225 228 229 230 233 234 235 238 239 240 241 242 243 246 247 248
17 211 215 221 222 223 224 228 229 237 238 240 241 244 245 246 249 250
41 200 202 203 204 205 206 207 208 209 210 211 213 214 215 216 217 218 219 220 221 226 228 230 231 232 233 234 235 238 239 240 241 242 244 245 246 247 248 249 250 251
11 206 207 208 211 217 220 222 228 229 234 239
17 202 204 206 213 214 217 219 226 230 232 235 236 239 240 242 244 248
13 200 201 205 218 220 225 228 233 238 247 248 250 251
10 200 204 205 206 208 216 217 225 235 242
20 200 201 205 209 210 214 216 222 228 229 231 232 233 234 237 238 239 242 245 247
16 203 205 207 208 213 215 218 219 226 228 234 237 242 245 247 251
13 204 209 211 212 225 229 233 235 237 238 244 248 249
12 202 203 207 214 215 216 217 229 240 242 245 251
16 205 207 210 215 219 220 223 224 226 227 230 232 234 236 245 247
17 204 209 211 212 213 220 222 224 226 228 230 231 232 238 247 248 250
12 203 204 205 207 222 225 226 227 231 234 243 249
12 200 203 208 209 217 219 223 227 235 240 241 250
15 200 204 207 216 220 222 226 227 232 236 237 240 244 245 250
21 202 203 204 206 209 211 212 214 222 227 229 232 233 236 238 239 241 243 245 247 250
13 202 206 208 215 220 221 223 224 230 240 241 243 248
25 200 201 202 204 206 210 212 214 216 217 222 223 224 225 227 229 230 232 233 236 238 239 243 248 250
11 202 206 208 209 213 217 219 220 230 234 241
5 209 223 236 244 245
9 204 210 237 239 243 246 247 249 251
19 203 204 207 211 212 213 217 218 219 225 226 227 235 236 244 246 249 250 251
8 202 203 217 222 231 239 241 242
31 200 201 205 207 208 210 213 215 216 217 218 219 220 221 223 224 225 226 228 230 231 234 235 237 240 242 244 246 248 249 251
11 203 205 210 215 221 234 238 239 246 248 249
14 202 205 206 209 210 213 214 220 224 234 235 240 249 250
7 201 206 208 218 241 244 249
8 205 207 220 226 230 234 236 245
12 202 205 206 209 210 213 214 220 235 240 249 250
13 200 203 207 216 218 222 226 229 230 235 238 243 245
16 204 206 209 214 222 227 229 232 233 236 239 241 243 245 247 250
10 208 209 211 214 215 219 241 242 245 249
6 207 222 225 231 236 238
6 204 209 225 237 244 248
11 205 206 207 217 219 226 231 232 237 250 251
6 200 208 219 223 227 241
9 204 206 217 232 236 239 242 244 248
8 203 205 207 222 225 231 234 249
15 202 204 206 213 214 217 226 230 235 236 239 240 242 244 248
14 201 205 209 214 216 228 229 231 233 234 237 238 239 245
8 202 208 209 213 217 219 230 234
17 203 205 207 212 216 218 220 223 224 229 233 234 238 241 243 249 250
8 200 202 204 212 219 220 226 245
20 200 201 208 216 217 220 221 223 224 225 226 230 231 237 240 242 244 246 248 249
6 212 219 226 238 244 245
11 205 218 220 225 228 233 238 247 248 250 251
7 210 237 239 243 246 249 251
6 208 210 236 239 242 243
9 200 201 213 216 218 221 243 246 250
23 200 201 205 208 213 215 216 217 218 219 220 223 224 225 228 230 231 235 237 242 248 249 251
11 202 205 206 209 210 213 220 224 234 249 250
8 202 205 214 220 224 234 235 240
6 201 212 225 227 236 237
8 200 203 208 209 217 219 227 240
15 201 204 206 212 214 216 217 222 223 224 225 230 232 243 248
10 200 219 223 227 233 234 236 237 239 243
15 203 210 216 217 218 223 227 230 232 234 239 242 245 249 251
11 200 209 210 211 221 222 228 237 245 246 247
7 202 204 215 216 219 231 237
6 210 223 227 233 236 237
25 200 203 204 207 211 216 218 219 222 223 225 227 228 229 230 232 233 237 239 241 242 243 244 245 248
12 200 203 207 214 215 216 221 223 228 229 232 235
28 200 201 203 204 208 211 212 213 214 215 216 218 220 221 225 228 230 233 234 238 239 240 241 242 243 246 247 248
19 201 202 205 206 209 211 212 213 214 221 227 228 231 232 234 241 246 248 251
25 200 201 204 211 213 214 215 217 219 221 222 224 225 226 228 231 236 237 238 239 245 246 247 249 250
15 200 210 216 217 218 222 226 235 237 239 242 243 244 245 247
13 202 205 206 207 217 219 224 226 231 232 249 250 251
9 200 202 211 213 218 220 243 248 249
11 207 213 215 218 219 226 234 237 242 247 251
12 202 205 206 209 210 213 214 224 234 240 249 250
8 210 218 230 231 237 240 247 249
29 200 202 203 204 207 208 209 210 211 213 214 216 218 219 221 226 228 230 231 234 235 239 242 245 246 247 248 249 250
11 201 206 211 213 233 236 242 246 248 250 251
7 211 213 219 223 233 235 242
8 200 203 208 217 219 235 240 250
6 211 231 235 240 246 249
13 200 201 210 212 216 217 223 225 227 229 238 243 248
6 212 226 236 239 242 243
7 203 210 215 221 238 239 249
21 201 205 210 212 213 215 217 218 219 225 226 230 231 232 233 235 237 245 247 250 251
17 203 204 209 216 217 221 222 225 226 229 232 236 240 244 246 247 250
9 207 210 213 219 227 232 233 243 247
10 201 203 209 214 218 220 230 234 239 251
6 210 229 231 235 237 246
5 202 203 217 222 239
13 203 209 210 215 216 217 225 226 236 240 244 246 247
10 204 206 211 212 214 215 219 241 242 249
6 203 205 238 239 246 248
16 200 201 205 212 215 218 223 225 230 231 234 235 245 247 250 251
17 202 203 204 206 209 211 222 229 232 233 236 238 239 243 245 247 250
13 200 208 209 210 211 215 221 222 225 228 237 246 251
7 210 218 227 230 237 241 249
6 204 237 239 243 247 249
13 200 201 203 207 212 215 216 221 226 229 232 235 244
9 203 213 229 231 237 239 240 243 246
8 203 210 215 221 234 238 239 249
8 229 230 231 235 237 240 243 246
10 200 209 210 215 221 222 228 237 245 251
10 209 210 213 214 220 224 235 240 249 250
19 200 201 202 204 206 212 216 217 222 223 224 227 229 232 233 238 239 243 248
10 200 205 220 225 228 233 238 248 250 251
19 200 201 205 207 208 213 216 218 219 221 223 226 228 230 234 235 240 242 248
8 202 206 208 221 230 240 243 248
10 200 203 208 209 217 219 223 235 240 250
8 202 215 216 229 240 242 245 251
10 203 205 208 218 219 226 228 234 247 251
9 200 202 208 211 217 228 232 235 244
10 202 203 207 214 215 217 229 242 245 251
3 209 223 244
7 220 222 227 230 234 238 239
9 209 211 220 231 235 241 244 246 249
5 203 217 231 239 241
12 201 209 210 213 214 229 236 238 241 246 250 251
8 200 204 205 206 208 216 217 242
6 211 213 219 225 233 242
14 201 203 207 212 216 218 220 223 224 229 238 241 243 249
16 200 207 208 210 213 215 217 221 226 230 234 235 240 244 248 249
14 201 203 205 212 218 223 224 227 229 231 233 234 249 250
7 207 221 222 223 224 226 244
11 207 216 218 222 225 226 230 236 243 244 249
8 200 209 211 222 225 228 245 251
9 203 210 213 229 231 237 239 243 246
17 201 205 208 209 211 212 214 219 220 223 224 228 234 240 241 248 250
12 204 209 211 213 222 224 226 228 230 238 247 250
8 200 210 219 221 227 233 237 239
6 203 207 214 216 217 245
12 204 205 207 215 217 226 229 236 238 246 247 250
6 208 214 223 228 234 251
8 206 207 208 211 217 222 228 239
7 220 223 225 230 238 239 243
10 200 201 202 204 205 219 233 245 250 251
10 209 220 222 224 226 230 232 247 248 250
8 215 218 219 226 228 237 245 251
9 210 213 214 229 239 240 248 250 251
11 201 207 216 220 224 227 233 234 238 243 250
15 201 204 215 217 221 222 224 226 231 239 242 245 246 249 250
35 200 202 203 204 205 206 207 208 209 213 214 215 216 217 218 220 221 226 230 232 233 234 238 239 240 241 242 244 245 246 247 248 249 250 251
10 201 208 213 221 228 240 243 246 250 251
6 218 231 237 240 241 247
16 200 203 205 210 216 217 218 223 227 230 232 234 239 249 250 251
10 200 203 208 217 219 227 235 240 241 250
9 216 217 219 224 226 231 241 244 247
16 202 203 206 209 211 214 222 227 229 232 233 236 241 243 245 250
9 202 203 207 214 215 216 240 242 251
12 201 202 206 212 214 217 218 230 241 243 247 251
7 216 219 223 224 230 237 247
18 203 207 217 218 222 225 226 229 230 235 236 238 239 242 243 244 247 249
8 210 218 230 232 237 241 247 249
10 202 205 207 224 226 227 232 249 250 251
8 200 201 204 205 215 219 233 245
12 205 218 222 224 225 227 231 233 236 238 242 250
7 211 220 235 240 241 246 249
7 209 211 214 215 219 242 245
28 200 201 203 205 208 212 213 215 216 217 218 219 222 225 226 230 231 232 233 234 235 237 239 242 244 245 247 250
15 200 208 210 215 217 225 226 230 231 234 235 237 240 244 251
10 215 219 220 224 227 230 232 234 236 247
21 200 202 204 206 210 212 216 217 223 224 225 227 229 230 232 233 236 238 243 248 250
10 202 212 213 223 233 235 239 244 247 248
4 209 223 244 245
18 202 204 206 209 212 214 222 227 229 233 236 238 239 241 243 245 247 250
9 213 214 219 226 230 232 240 244 248
7 211 213 219 225 229 235 242
6 209 211 231 235 241 244
10 200 208 209 211 215 222 237 245 247 251
9 205 206 209 210 214 220 234 240 249
27 205 208 210 213 215 216 218 219 222 223 225 226 230 231 232 233 234 235 237 239 240 242 244 245 247 250 251
10 204 207 211 224 228 236 243 246 248 249
14 203 209 214 216 221 224 226 235 236 238 243 244 246 248
13 205 207 208 210 216 218 220 232 234 235 241 243 248
8 216 222 232 236 237 240 245 250
21 200 209 211 214 215 217 219 221 222 224 226 227 228 231 236 237 238 239 245 247 250
11 200 210 211 215 221 222 228 237 245 246 251
7 212 224 225 227 229 236 237
13 203 209 214 216 221 224 225 226 235 238 242 243 248
5 204 205 216 225 242
7 200 201 205 225 228 233 247
9 201 202 211 213 218 230 241 243 249
9 205 213 219 226 234 237 242 247 251
10 200 201 207 212 214 216 221 223 226 228
10 211 215 221 228 229 238 241 244 245 250
17 202 203 205 209 212 213 217 218 223 233 239 240 244 246 248 249 250
11 200 201 202 204 213 215 219 223 233 245 250
3 223 236 245
21 200 204 209 211 214 215 217 219 221 222 224 225 227 228 236 237 238 239 242 247 249
6 215 217 240 242 245 251
9 207 210 215 220 225 231 232 238 246
12 200 203 207 212 214 215 216 223 226 229 232 244
18 201 205 207 208 216 221 223 224 225 226 228 231 234 235 237 246 248 249
17 201 203 205 207 212 216 218 220 224 229 231 233 234 238 241 243 250
8 207 210 215 220 231 236 238 246
13 200 201 208 214 216 218 221 228 240 243 246 250 251
17 201 204 206 207 213 214 220 229 231 233 236 237 238 243 244 246 247
13 210 211 214 215 218 221 224 228 235 237 241 243 247
8 200 204 216 226 227 237 244 245
8 208 213 216 222 230 236 239 249
20 200 201 206 210 211 215 219 221 224 226 228 229 230 234 236 238 241 242 245 251
13 204 209 211 212 213 220 222 224 226 228 230 247 248
7 200 201 205 218 233 238 251
14 205 211 218 222 224 225 227 231 233 236 238 240 248 250
10 201 205 218 220 225 228 233 248 250 251
23 201 202 204 205 206 212 216 218 221 228 229 230 233 234 237 239 242 243 244 245 247 248 251
9 209 212 213 214 229 236 238 239 248
24 200 205 207 208 210 213 215 216 217 218 219 220 221 223 224 225 228 231 235 237 242 244 248 249
6 211 223 225 229 235 242
6 207 216 222 227 236 244
11 201 203 209 214 220 226 230 231 234 236 239
8 218 225 230 232 234 235 243 245
28 202 204 206 207 208 211 212 213 214 215 219 220 224 225 226 229 231 233 235 236 237 238 240 241 243 246 247 248
15 211 215 221 222 223 224 228 229 237 238 240 241 245 249 250
6 208 210 236 239 242 243
16 200 214 215 220 221 222 225 229 230 234 235 239 240 242 243 246
16 203 204 206 209 211 212 214 222 227 229 233 236 238 239 245 250
22 200 201 202 204 206 210 214 216 222 223 224 225 227 230 232 233 236 238 239 243 248 250
7 218 223 232 234 238 239 243
6 202 203 217 231 239 241
8 202 206 211 217 228 237 238 251
6 201 206 208 235 241 246
7 200 217 219 223 235 240 241
10 207 216 221 222 223 224 226 227 236 244
6 203 210 215 234 238 239
9 214 217 226 230 232 235 240 242 248
9 202 207 224 227 231 232 237 250 251
10 203 204 205 207 222 225 226 231 234 249
5 204 210 239 246 251
7 210 230 232 240 241 247 249
11 202 206 217 219 224 226 231 232 237 249 251
7 202 206 209 213 219 220 234
12 203 212 214 221 224 225 236 238 242 244 246 248
12 200 209 210 215 221 222 228 237 245 246 247 251
7 209 211 220 240 241 244 246
11 202 204 205 206 211 223 228 234 240 248 251
7 202 208 220 221 228 233 244
6 206 207 211 222 228 234
10 200 202 206 208 211 220 221 232 235 244
6 203 215 221 238 246 248
10 202 204 206 209 220 224 241 246 248 249
17 201 209 213 214 215 221 225 227 229 231 232 233 235 241 246 247 250
10 202 208 211 217 220 221 228 235 244 245
10 209 212 225 229 233 235 237 238 244 249
22 201 202 204 205 206 211 214 216 221 226 228 229 230 233 237 239 244 245 247 248 249 251
5 209 214 228 229 240
23 201 204 206 208 210 211 216 219 221 222 224 225 228 230 232 234 237 238 241 242 243 245 251
17 201 203 204 210 211 212 213 214 216 221 222 228 233 234 238 240 243
8 202 208 209 213 217 220 230 241
10 202 204 216 219 224 231 237 241 244 247
15 200 203 210 216 218 226 229 235 236 239 242 244 245 247 249
25 201 202 204 206 207 208 209 211 212 213 215 219 224 225 228 229 235 236 237 238 240 244 246 247 248
11 205 206 209 210 213 214 220 224 235 240 250
10 204 209 211 212 225 233 235 238 244 248
4 209 223 236 244
14 204 205 211 212 213 216 218 224 228 230 239 242 245 249
27 201 204 208 210 211 212 213 214 215 216 220 221 222 225 228 229 230 233 234 238 239 240 241 242 246 247 248
8 209 220 221 231 235 241 244 246
6 214 227 228 234 237 242
6 203 205 215 238 248 249
11 203 205 207 209 210 221 226 238 240 244 247
8 201 213 216 217 222 230 248 249
9 201 212 223 225 227 229 236 237 243
10 200 206 208 213 221 228 240 243 246 250
13 203 204 205 215 216 217 221 225 226 240 244 246 247
7 207 215 225 231 232 238 246
14 203 204 207 213 217 218 219 225 226 236 244 246 249 250
10 201 207 212 214 215 216 221 223 232 244
10 201 209 220 226 230 234 236 239 248 251
12 200 201 203 207 212 214 215 226 228 232 235 244
13 203 205 207 208 215 218 219 226 228 234 237 242 247
18 200 207 210 216 218 222 225 229 236 237 238 239 242 243 244 245 247 249
6 219 224 230 237 242 247
24 200 203 212 215 216 217 218 222 225 228 230 231 232 233 236 237 238 241 242 243 244 246 247 251
9 200 202 211 217 221 228 233 235 245
5 211 219 223 229 235
8 211 213 219 223 225 229 235 242
12 205 207 209 210 221 225 226 229 232 236 238 250
8 200 202 205 212 219 226 238 245
5 201 223 227 236 237
10 212 214 223 227 228 234 235 237 242 251
9 201 208 217 222 230 236 239 248 250
9 218 227 230 231 237 240 241 247 249
8 222 227 231 236 240 242 245 250
7 215 220 221 224 230 240 248
8 210 218 230 231 232 237 241 249
11 202 204 206 208 211 212 215 219 234 245 249
6 206 215 221 223 224 230
8 200 207 227 232 237 240 244 245
8 202 204 215 219 224 226 241 244
10 202 206 211 220 221 224 229 236 248 249
2 209 236
13 202 206 207 210 212 216 218 229 232 235 243 244 248
9 204 205 207 222 227 231 234 243 249
8 210 221 234 238 239 246 248 249
18 204 209 211 213 214 215 221 224 226 227 228 231 236 237 239 242 247 249
12 207 220 221 224 227 228 229 236 238 243 248 249
8 202 207 212 219 227 232 233 243
20 200 201 204 209 211 213 214 217 219 222 226 228 231 236 237 238 239 245 246 250
9 211 218 224 225 231 238 242 245 250
7 211 213 219 223 229 233 242
19 201 202 204 205 206 208 209 212 213 214 215 219 221 228 231 232 233 234 241
9 200 219 223 227 233 234 236 237 243
5 200 208 216 235 242
11 203 207 208 213 219 226 234 237 242 245 251
21 202 204 205 206 211 213 214 216 221 228 230 233 234 237 239 242 244 247 248 249 251
16 204 207 211 212 213 217 218 219 225 226 235 244 246 249 250 251
17 200 201 205 209 210 214 216 222 231 233 234 237 238 239 242 245 247
8 201 212 222 223 225 227 229 237
13 200 201 209 210 216 222 228 231 233 234 237 242 247
11 200 210 214 216 232 233 234 237 238 245 247
24 200 205 206 207 209 210 211 213 214 217 219 220 222 224 227 229 231 233 237 241 242 243 246 248
21 200 201 210 211 213 215 216 217 218 219 221 226 229 234 238 239 240 242 246 248 250
23 200 202 206 207 208 210 212 214 216 217 218 220 222 223 224 225 227 231 232 234 236 241 251
20 204 206 213 215 224 225 226 227 228 230 231 234 235 237 239 240 243 245 250 251
17 202 203 205 209 211 223 228 231 233 234 240 243 244 245 247 248 249
25 203 206 207 208 211 213 214 216 219 221 222 223 225 227 229 231 233 234 236 237 239 242 247 250 251
19 202 204 206 208 209 214 215 216 218 220 221 223 233 235 236 238 246 247 250
29 200 202 204 205 208 209 210 211 212 215 216 217 218 220 223 225 226 230 232 235 236 237 239 241 242 244 247 250 251
27 201 206 207 208 209 210 211 212 214 215 216 217 219 228 229 231 232 234 235 236 237 239 240 241 245 247 249
33 200 203 204 207 210 211 213 214 215 217 218 219 221 224 225 226 227 228 229 230 232 235 236 237 238 239 240 241 243 246 247 250 251
28 200 203 206 208 209 210 213 215 218 221 222 223 224 225 226 227 229 233 234 237 238 240 241 242 243 245 246 250
20 201 205 206 208 210 211 218 221 222 229 231 235 236 238 241 242 244 247 248 251
29 201 202 203 205 207 208 212 216 217 218 220 221 222 223 225 226 227 228 230 234 240 243 244 245 246 247 249 250 251
19 201 204 207 211 212 214 216 217 220 224 226 227 233 234 239 243 245 246 250
27 200 201 202 203 204 206 207 208 210 211 216 218 219 221 224 227 228 229 231 233 234 235 238 240 243 247 250
20 202 203 205 207 208 210 212 214 226 227 229 232 233 237 239 240 241 243 248 249
28 204 211 212 213 216 217 218 219 220 221 223 224 225 226 227 228 229 231 233 235 236 239 240 241 244 245 246 251
20 200 203 204 208 209 215 216 220 221 222 225 229 233 234 236 238 245 246 247 250
27 201 204 205 206 208 209 212 213 214 215 216 218 220 221 225 228 229 231 234 237 238 241 245 247 248 250 251
26 203 204 205 208 211 213 214 215 216 219 222 223 224 227 229 230 232 234 235 236 241 243 245 246 247 251
23 200 201 203 205 210 213 215 216 217 219 220 221 222 224 225 228 230 232 235 238 240 241 247
31 200 201 202 203 210 211 213 214 215 216 218 219 220 221 223 225 226 228 229 231 232 233 235 238 239 240 245 246 247 249 250
31 203 204 205 208 210 211 213 214 215 216 217 219 221 222 223 224 226 227 229 230 231 233 236 237 238 240 241 242 245 249 250
19 204 206 208 212 214 218 220 222 224 226 228 230 237 241 247 248 249 250 251
33 200 201 204 205 206 208 210 212 215 217 218 219 220 221 222 224 226 228 229 230 231 232 233 235 237 238 239 240 241 243 245 247 250
26 201 210 212 213 215 216 218 220 221 222 224 226 228 229 230 231 232 233 236 239 241 242 243 245 246 251
21 201 202 204 205 206 209 211 215 219 220 222 223 224 225 228 231 236 241 242 247 248
20 204 209 210 213 214 215 216 217 219 220 225 228 230 236 238 239 241 245 248 249
32 200 201 203 208 209 210 212 213 214 215 216 221 222 223 225 226 232 233 234 235 236 238 240 241 243 244 246 247 248 249 250 251
27 202 204 207 208 209 210 212 213 214 218 220 221 222 223 227 231 232 235 236 238 239 241 243 244 245 247 249
27 201 202 203 206 211 212 215 216 219 220 221 222 223 225 226 229 230 231 235 236 237 239 243 245 247 248 250
32 201 202 204 205 207 208 209 211 212 214 215 218 220 222 225 226 228 232 233 234 235 236 237 238 241 243 245 247 248 249 250 251
30 200 202 203 204 209 210 212 214 215 216 217 218 219 220 222 223 228 229 231 233 235 238 239 241 245 246 247 248 249 250
35 201 202 203 204 205 206 208 209 210 211 212 214 217 218 220 221 222 223 224 225 227 231 232 235 236 240 242 243 244 245 246 247 248 250 251
22 200 201 203 204 205 208 210 213 217 221 222 224 225 226 228 236 240 241 243 244 246 249
33 201 203 206 208 211 214 215 216 217 218 219 221 223 226 228 229 230 231 233 234 235 238 239 240 241 242 243 244 245 246 248 249 250
18 202 203 204 206 208 214 220 221 224 230 231 233 235 237 244 245 246 247
30 200 202 204 206 207 208 209 212 216 217 221 223 224 226 227 228 230 231 233 234 235 236 238 240 241 242 243 245 249 251
17 207 212 214 215 216 217 220 221 226 228 231 233 238 239 240 241 242
26 200 202 203 206 210 211 213 215 216 219 220 222 225 226 229 231 234 235 236 238 239 241 243 245 248 250
16 203 207 211 214 218 220 221 222 227 228 230 239 240 244 250 251
20 200 205 207 209 210 214 221 222 224 225 227 232 234 241 244 245 246 247 249 250
24 200 203 209 210 212 213 216 217 218 219 220 221 225 226 230 234 235 240 242 245 246 248 250 251
31 200 203 204 206 207 209 211 212 214 218 219 220 222 225 227 228 229 231 233 235 236 239 240 241 242 244 246 247 248 249 250
30 201 202 203 204 205 207 208 209 211 213 214 216 218 219 220 221 226 228 229 231 232 234 235 236 237 241 242 244 245 246
26 201 202 203 205 210 211 213 214 215 217 219 220 224 228 229 230 233 234 240 241 242 243 244 245 246 251
22 200 210 211 214 218 219 222 224 225 226 227 228 229 233 236 237 238 239 245 246 248 249
17 201 203 206 213 216 217 218 222 223 225 226 229 230 233 242 247 251
28 204 209 210 211 214 217 219 220 221 222 223 225 226 227 229 230 234 235 237 238 239 243 244 245 246 247 249 250
27 200 204 205 206 208 209 212 214 217 219 220 221 225 226 229 230 234 236 238 239 241 242 243 247 248 249 251
24 202 204 206 207 211 212 220 223 224 225 227 228 229 231 234 236 237 240 242 244 245 249 250 251
25 201 204 206 213 214 215 217 222 223 224 226 228 229 232 233 236 237 238 239 240 245 247 248 250 251
31 203 204 206 207 209 211 215 217 219 220 223 224 225 228 229 231 232 234 235 236 238 239 240 241 242 243 244 245 246 248 249
28 201 202 203 204 209 211 212 217 222 224 225 226 227 228 229 230 231 233 234 236 238 240 243 244 245 248 249 251
28 200 203 207 209 210 213 215 216 219 220 221 222 223 224 225 226 228 229 230 231 236 240 242 246 247 248 249 250
26 200 201 203 204 205 206 207 209 210 213 216 217 218 219 222 225 227 230 231 234 236 241 243 244 245 246
28 200 202 203 204 206 207 208 209 211 213 220 223 229 231 233 234 235 237 238 239 240 242 243 244 245 246 247 249
34 203 205 206 207 209 211 212 215 216 217 218 219 220 221 222 224 227 228 229 230 231 232 233 235 236 238 239 242 245 246 247 248 249 250
30 200 201 203 205 206 208 209 210 211 213 214 215 216 217 221 223 227 228 232 233 234 236 239 240 242 244 246 247 249 250
29 201 203 205 206 208 209 210 212 213 214 215 219 220 221 222 225 226 229 231 235 236 238 241 246 247 248 249 250 251
35 200 202 203 204 205 207 208 209 211 212 214 215 217 218 219 220 221 222 223 225 226 231 232 233 235 236 239 240 241 242 243 247 248 249 250
20 200 201 202 207 208 210 212 215 217 223 227 232 235 236 237 240 241 242 246 248
22 203 205 207 208 209 210 213 218 220 222 226 227 228 229 230 238 239 240 241 245 247 250
30 201 203 204 205 206 208 210 215 217 219 220 221 222 225 226 231 232 234 235 237 238 239 241 242 243 244 245 247 248 251
18 200 202 203 206 207 210 213 216 217 223 225 226 231 237 239 243 245 251
24 202 203 206 208 210 211 212 213 215 217 219 222 224 226 227 232 233 236 237 241 243 248 250 251
22 203 206 207 208 211 212 217 222 225 226 227 229 230 231 236 237 242 243 244 246 248 251
27 200 201 202 206 208 211 212 214 220 221 223 225 227 229 231 234 235 238 239 240 242 243 244 247 248 249 250
31 200 202 203 208 209 210 213 214 215 217 218 221 226 228 231 232 233 234 235 236 238 239 240 241 242 243 244 246 249 250 251
19 201 203 209 213 214 217 218 219 222 223 225 229 230 236 237 239 241 246 249
35 200 201 202 203 204 205 206 207 208 209 212 213 214 215 216 218 219 220 221 222 224 225 226 228 229 231 235 236 241 242 244 246 249 250 251
35 200 201 202 203 205 207 208 210 211 214 216 217 218 220 222 224 227 229 230 231 232 234 235 237 238 239 240 242 243 245 246 247 249 250 251
21 201 202 210 213 218 219 221 222 223 226 227 228 229 231 232 233 235 239 240 245 251
20 203 204 210 211 215 216 217 220 221 224 227 231 232 234 235 237 238 242 245 250
15 200 206 212 214 219 222 228 229 232 233 236 243 245 246 248
29 204 206 207 209 210 211 214 216 217 219 220 221 222 224 226 227 228 230 234 236 239 240 241 242 245 246 248 249 250
18 201 205 211 214 215 222 227 229 232 234 236 239 240 243 244 248 249 251
34 200 202 204 205 207 208 209 210 213 214 216 217 220 221 222 224 225 226 227 228 229 230 232 235 237 238 241 243 244 245 248 249 250 251
26 200 202 203 204 205 206 207 208 210 211 212 216 218 221 224 225 228 229 232 234 239 240 241 242 243 251
16 205 206 208 213 216 217 218 223 225 230 233 239 240 243 245 251
21 203 204 208 210 218 219 222 224 225 227 231 235 237 240 241 244 245 247 248 249 250
30 200 201 202 204 207 209 210 213 214 217 218 220 221 225 226 227 231 233 234 235 236 240 243 244 245 246 247 249 250 251
18 202 203 205 208 210 214 216 217 220 226 230 234 238 240 241 243 247 250
24 202 203 208 213 214 215 216 221 229 231 232 236 237 238 240 241 242 243 244 245 247 248 249 251
30 201 202 203 206 208 209 210 212 213 214 215 217 220 221 222 225 226 227 229 230 231 233 235 236 237 239 240 241 243 248
24 200 201 204 205 209 211 212 214 215 216 221 222 226 229 232 235 236 238 239 241 243 246 249 251
22 200 201 202 205 206 208 209 214 218 219 221 222 225 230 231 232 235 237 239 242 246 250
23 201 206 207 208 211 212 213 216 218 219 220 224 225 227 228 229 230 232 238 239 245 249 250
35 200 203 207 208 210 213 214 215 216 217 219 220 221 223 224 225 226 227 228 229 230 231 232 233 235 237 239 240 241 242 243 244 246 248 249
16 204 211 213 214 225 226 229 233 237 238 239 240 241 244 247 249
19 200 201 203 204 209 211 215 217 221 231 235 236 238 241 242 243 247 250 251
20 201 204 205 210 212 216 217 226 227 228 231 232 233 234 235 236 238 249 250 251
29 200 201 202 204 206 207 209 212 213 216 217 218 220 221 222 223 226 227 228 233 241 242 243 245 246 247 249 250 251
22 200 202 205 208 209 210 211 212 216 218 219 220 222 225 226 230 233 235 237 239 242 248
19 201 202 207 213 214 215 219 222 223 224 231 232 233 234 240 242 246 247 248
18 206 209 210 213 217 219 220 222 225 234 235 240 241 242 245 246 248 250
34 200 201 205 206 210 213 215 218 220 221 224 226 227 228 229 230 231 232 233 234 236 237 238 239 241 242 243 244 245 246 247 249 250 251
28 202 204 205 208 209 210 213 216 222 223 226 227 228 230 231 232 233 234 235 236 239 241 242 243 244 245 248 249
15 202 208 219 222 223 227 230 232 235 239 240 242 246 248 250
26 200 201 203 206 207 209 211 212 214 218 219 220 221 222 226 229 232 233 234 236 238 241 244 245 247 249
33 202 203 205 206 207 208 209 210 211 213 217 218 219 221 222 223 224 225 226 227 230 232 235 238 240 242 244 245 246 247 249 250 251
28 203 205 206 208 209 212 214 216 218 220 221 225 227 228 229 230 235 237 238 239 240 243 244 245 246 248 250 251
30 200 201 203 206 208 210 213 214 215 216 223 224 225 227 228 230 231 232 234 236 237 239 240 241 244 245 247 248 250 251
21 200 204 206 207 209 212 213 215 217 218 221 228 229 230 233 236 237 240 246 247 249
19 202 205 206 208 214 216 217 220 223 225 228 232 233 237 239 240 244 248 250
19 203 204 205 206 207 208 209 210 218 219 220 229 234 235 239 241 243 246 248
16 200 202 205 208 213 216 217 223 226 228 229 230 239 242 247 251
27 200 203 204 205 207 210 213 214 215 217 220 221 222 225 226 230 234 235 236 239 240 242 245 246 247 248 251
28 200 202 204 205 206 208 210 211 214 215 217 218 219 220 221 227 228 230 232 234 235 236 238 240 243 248 249 250
35 200 201 203 205 206 207 208 211 212 214 215 218 219 221 222 224 225 226 228 229 230 231 233 234 235 238 239 240 241 244 245 246 247 249 250
28 201 202 205 206 208 209 213 214 216 218 221 222 223 225 226 227 231 233 234 236 239 240 243 244 245 246 250 251
25 200 202 203 206 208 211 212 214 215 216 219 220 221 223 224 225 226 230 231 236 238 244 245 249 250
36 202 203 204 205 206 207 208 212 213 214 216 217 218 220 222 224 225 228 229 230 234 235 236 238 239 240 242 243 244 245 246 247 248 249 250 251
21 201 207 211 213 218 221 223 224 226 231 232 233 234 236 241 245 246 247 249 250 251
19 200 203 204 208 210 211 212 217 218 221 230 233 235 236 238 241 244 247 248
32 201 203 204 205 206 208 209 212 213 215 216 218 219 220 227 230 231 232 233 234 236 237 238 240 241 242 243 244 245 248 249 250
29 200 201 204 205 206 208 209 210 211 212 214 216 217 222 223 224 226 231 233 234 235 238 240 241 245 246 248 250 251
16 203 205 208 215 219 220 226 227 230 233 234 235 237 239 241 247
34 200 201 202 204 205 207 209 210 211 212 213 214 215 216 217 218 219 221 222 225 226 227 228 229 233 236 238 241 244 247 248 249 250 251
17 200 205 206 212 221 222 223 227 231 234 235 236 237 238 243 246 248
30 202 204 206 207 208 212 214 216 218 221 222 223 225 226 227 228 229 231 232 236 238 239 240 242 243 244 247 248 249 251
31 202 203 207 208 210 211 212 213 214 217 219 220 221 222 224 226 227 228 229 235 238 239 240 241 242 243 244 247 248 249 250
23 200 201 202 209 211 214 216 217 218 219 220 222 223 229 230 231 233 234 236 238 239 241 248
30 201 202 203 205 206 207 209 210 212 218 219 221 222 224 226 227 228 230 231 233 234 235 239 242 243 244 245 246 248 250
35 200 201 202 204 206 209 210 211 212 213 215 216 217 218 220 222 224 226 227 228 229 230 232 235 237 238 241 242 244 245 246 247 248 249 251
24 200 201 202 207 210 213 221 224 226 227 228 229 233 235 236 238 239 241 245 246 247 248 250 251
35 201 202 206 207 209 213 215 216 217 218 219 220 222 223 224 226 227 229 230 234 235 236 237 239 240 241 242 244 245 246 247 248 249 250 251
23 202 205 207 208 210 211 212 217 218 220 227 228 231 234 236 238 240 241 243 245 249 250 251
20 200 201 207 208 210 211 213 215 216 223 225 231 232 234 239 241 242 245 246 248
26 202 203 204 206 207 209 211 213 215 216 217 219 221 222 224 226 227 230 231 233 235 236 240 242 245 249
25 200 202 203 205 206 207 210 212 215 219 221 222 224 229 230 232 233 235 242 243 244 245 248 250 251
34 201 202 203 204 205 208 212 213 214 215 216 217 221 222 223 224 225 229 231 232 233 234 235 236 237 238 239 240 244 245 246 249 250 251
20 204 205 207 215 217 223 224 226 227 230 231 232 233 234 237 239 243 244 247 249
20 200 203 208 209 210 213 214 215 224 227 230 231 232 236 239 241 244 248 249 250
26 203 204 205 207 212 213 215 217 219 220 221 222 225 226 229 230 231 234 235 242 246 247 248 249 250 251
19 201 205 206 209 210 211 214 218 221 224 230 232 235 236 239 241 245 246 249
15 200 202 203 204 213 216 217 221 224 230 234 242 243 246 247
19 201 203 204 206 211 213 214 216 217 221 222 223 224 231 236 237 238 248 249
28 200 202 207 209 210 211 212 215 220 223 224 227 228 229 230 232 233 235 236 239 241 242 244 245 247 248 249 250
17 202 205 206 211 218 221 222 223 227 230 237 238 240 247 249 250 251
30 201 202 203 204 207 208 209 210 211 214 215 216 220 222 224 225 226 230 231 232 233 236 237 240 241 242 244 246 248 250
33 203 204 205 209 210 211 212 213 216 217 218 219 224 227 228 229 230 231 233 234 235 237 238 240 241 242 243 245 246 247 248 249 251
30 200 201 204 205 206 213 214 216 217 218 219 220 222 224 225 228 232 235 236 238 239 240 241 243 244 245 246 247 250 251
32 200 201 203 206 207 209 210 211 212 214 216 217 218 219 220 224 225 226 227 230 233 235 236 237 239 240 241 242 243 245 249 251
30 200 201 204 205 207 208 210 211 213 216 217 218 222 223 224 226 228 229 231 232 234 235 238 240 241 243 244 245 247 249
35 202 203 204 205 206 207 208 212 213 215 216 217 218 219 221 222 223 224 227 229 230 231 235 236 237 239 240 241 242 243 244 245 246 248 251
15 200 201 205 209 211 213 215 221 225 234 240 244 246 248 249
16 201 202 206 213 214 215 223 231 236 237 238 240 246 247 248 249
23 203 206 207 208 209 210 211 213 217 218 222 228 229 230 231 234 236 237 241 242 245 249 251
32 201 202 204 207 208 210 211 213 214 215 216 218 220 222 225 229 230 231 232 233 234 235 238 239 241 242 243 246 247 248 249 250
17 201 211 216 217 220 223 224 225 228 238 239 242 246 247 249 250 251
26 201 202 203 204 206 209 212 214 217 218 219 221 222 223 225 227 229 232 233 234 235 236 237 240 245 249
19 203 204 205 206 208 217 218 220 224 225 226 229 230 231 243 244 245 247 251
27 200 203 205 206 207 209 211 213 214 215 216 217 219 220 221 228 229 230 232 233 234 236 240 241 243 245 251
36 201 204 205 206 208 210 212 213 214 216 217 218 220 221 222 223 225 227 228 229 230 231 232 235 236 237 238 240 242 243 245 246 247 249 250 251
30 201 202 206 210 211 212 213 214 215 216 220 221 222 223 226 227 229 230 231 235 236 238 239 242 243 244 245 247 248 249
33 200 202 204 206 207 208 209 210 212 214 215 219 220 221 222 223 227 228 229 231 232 233 235 240 241 242 245 246 247 248 249 250 251
24 206 211 212 213 215 217 218 219 220 221 222 224 228 230 231 232 233 235 236 241 244 246 249 251
31 200 201 203 204 205 206 207 208 209 210 216 218 221 222 224 225 226 227 228 229 231 232 233 236 238 242 245 246 248 249 251
20 200 202 203 204 209 211 213 215 221 222 224 227 228 231 233 237 239 240 244 248
33 200 202 203 204 205 206 208 211 213 214 217 218 219 220 221 223 224 225 226 228 230 232 235 237 238 240 242 243 244 245 247 250 251
16 201 203 206 213 217 220 227 228 231 234 237 240 241 242 246 249
16 207 208 211 212 215 218 224 230 231 232 233 240 241 247 248 250
19 203 207 209 210 213 217 219 222 224 226 228 229 232 233 237 246 247 248 249
31 200 201 203 204 206 207 209 210 212 213 214 216 219 221 222 226 227 228 230 231 234 235 236 237 239 241 245 246 248 249 250
23 200 202 203 208 209 212 214 217 218 220 221 222 223 224 225 226 227 228 231 242 245 248 251
34 201 203 204 206 207 208 209 210 211 213 214 215 216 219 220 222 223 224 225 226 228 229 230 232 233 235 236 239 241 242 244 245 248 249
20 206 210 211 213 216 217 218 219 220 221 227 233 234 236 238 240 242 243 249 251
20 200 202 203 206 208 210 213 216 219 222 225 226 229 230 231 239 241 242 249 251
25 201 202 205 207 208 210 213 214 219 222 225 229 230 232 236 238 239 241 244 245 247 248 249 250 251
33 201 203 205 206 208 209 210 211 212 213 214 218 220 222 225 227 228 229 233 234 235 237 239 240 242 243 244 245 246 247 248 250 251
16 202 204 205 206 212 215 220 223 224 227 230 235 242 243 248 249
29 200 201 204 205 206 209 212 213 215 218 219 220 222 224 225 228 230 233 236 238 240 242 243 244 245 246 247 248 249
21 202 206 207 209 210 211 216 223 224 225 227 228 229 231 233 235 236 237 238 240 251
23 200 207 208 211 212 214 215 217 218 219 220 222 224 226 227 231 232 239 242 245 246 248 249
30 200 201 204 205 207 208 211 212 213 215 216 218 219 220 222 223 227 230 232 233 236 238 240 241 243 245 247 248 249 251
23 203 205 207 208 210 213 214 215 217 219 227 228 229 230 232 233 234 236 237 240 245 248 249
20 200 203 207 209 210 212 213 214 218 221 226 229 233 234 236 239 241 245 247 249
18 201 208 213 215 218 222 223 226 227 229 232 234 235 237 239 241 244 250
34 200 202 203 206 208 209 210 211 214 216 217 218 219 220 221 223 224 225 226 229 230 231 232 233 234 235 237 239 240 243 244 246 248 251
24 201 204 205 206 208 211 214 215 217 218 220 221 222 227 232 233 237 238 240 244 245 246 249 250
21 202 203 211 212 213 219 223 225 228 230 233 235 236 237 239 240 242 244 246 247 249
25 201 202 204 207 209 210 213 219 222 224 225 227 230 232 235 237 239 240 242 243 244 245 246 247 251
31 200 202 203 204 205 206 208 210 211 214 219 220 222 224 227 228 229 230 232 233 234 235 237 239 241 242 243 244 245 247 249
26 200 201 202 203 204 205 207 208 211 213 214 217 219 220 221 222 228 233 235 236 240 241 245 246 248 249
32 201 202 203 204 205 206 209 210 211 213 215 216 217 219 220 221 222 223 224 225 226 228 229 232 233 234 235 238 242 243 244 246
18 200 201 206 207 213 214 217 223 224 229 237 238 240 241 242 246 248 250
28 200 205 207 208 209 210 214 215 216 217 221 223 224 225 227 231 232 234 237 239 240 243 244 245 246 247 249 251
30 201 206 207 208 210 215 216 217 218 219 223 224 227 228 229 230 231 235 236 237 239 240 241 243 244 246 248 249 250 251
24 202 203 204 205 206 207 212 214 218 220 224 227 233 234 235 237 239 240 243 244 246 247 249 250
35 200 201 203 204 205 206 207 210 212 213 215 216 217 220 221 223 224 225 227 228 230 231 234 235 236 237 239 242 244 245 246 247 248 249 251
25 200 202 203 205 207 209 210 211 212 213 216 217 219 222 223 225 228 229 230 231 235 238 239 243 244
16 200 207 208 211 213 214 218 227 228 230 231 233 235 242 243 246
34 201 202 203 204 205 206 209 210 211 212 214 216 217 218 219 220 222 225 226 228 231 232 233 234 235 236 237 238 239 243 246 247 249 251
25 202 203 204 206 207 208 209 210 211 218 220 223 228 229 230 231 236 237 239 241 244 245 247 250 251
17 200 201 203 208 213 225 226 227 231 234 236 237 241 242 244 248 249
17 200 205 207 209 210 211 215 218 225 226 228 231 233 234 244 246 248
31 200 203 204 205 206 208 211 212 213 214 216 217 223 225 231 232 233 234 235 236 238 239 240 241 244 246 247 248 249 250 251
23 202 203 204 206 207 208 212 213 214 217 220 222 228 230 235 237 239 240 241 243 245 246 251
17 201 202 205 210 215 223 226 228 232 242 243 244 245 247 249 250 251
16 200 203 207 208 209 213 215 217 218 221 223 224 230 236 237 243
33 200 202 203 205 207 209 210 213 215 216 217 219 220 221 223 224 225 227 228 231 232 233 234 235 238 241 242 243 245 246 248 250 251
19 203 205 207 208 212 216 221 223 225 232 235 236 237 239 242 243 245 248 249
19 202 204 206 208 213 214 216 219 226 227 228 230 233 238 240 244 246 250 251
35 200 201 203 205 208 209 210 211 212 215 217 218 219 223 224 226 227 228 229 230 231 233 234 235 237 239 240 242 244 245 246 247 248 249 250
33 200 201 203 204 207 208 210 212 214 215 216 217 219 221 222 223 229 230 231 233 235 236 237 238 239 240 241 242 243 244 246 247 250
21 201 202 203 204 206 208 212 215 216 217 218 226 229 230 231 232 235 236 238 244 248
17 201 205 209 212 214 222 223 225 229 234 235 238 239 245 246 248 251
29 200 201 202 205 206 207 208 209 210 211 212 213 214 216 221 222 225 229 230 231 235 238 240 242 244 245 246 247 251
18 200 201 209 210 214 216 217 218 221 225 226 227 232 236 240 245 247 251
17 203 204 208 214 220 221 225 226 228 231 234 237 241 242 247 250 251
21 201 203 207 209 212 213 216 220 223 224 225 226 228 232 235 237 243 245 246 250 251
17 203 204 206 208 210 212 218 221 222 226 227 232 237 239 241 243 251
19 202 205 210 212 214 218 219 222 225 227 228 231 236 238 239 243 245 247 248
24 200 201 203 205 206 210 214 217 220 223 226 228 229 231 233 235 239 240 241 243 247 249 250 251
28 202 204 206 207 208 211 212 213 214 216 220 222 223 224 227 228 229 232 233 235 236 237 238 241 242 243 245 246
34 200 201 202 203 204 205 207 208 209 212 214 216 217 218 219 220 221 222 223 226 227 228 229 230 231 232 236 238 239 241 244 246 250 251
34 200 201 202 203 204 205 209 210 211 212 213 214 216 217 218 219 221 222 223 224 225 227 229 230 232 234 239 240 241 243 247 248 250 251
26 201 205 206 208 209 210 211 212 214 220 222 224 228 230 233 234 235 239 240 241 243 244 245 248 249 250
17 204 207 214 218 219 222 223 224 225 228 229 236 239 240 244 245 249
22 200 202 206 207 211 212 213 214 218 220 225 228 233 235 236 237 238 239 241 243 244 247
26 200 203 204 207 208 209 211 212 214 216 218 219 220 224 227 228 232 238 242 244 245 246 247 248 249 251
18 200 201 204 210 214 215 221 232 233 235 236 238 240 241 242 244 245 248
15 202 204 209 213 216 220 226 229 233 235 236 237 240 244 251
27 200 201 203 204 210 211 213 215 216 218 219 221 222 223 226 227 228 233 234 235 237 240 242 244 245 246 250
20 200 201 204 208 213 218 220 221 224 225 227 235 241 242 243 244 247 249 250 251
32 200 203 205 206 209 210 212 213 214 215 216 217 219 220 221 223 224 226 227 229 231 233 234 235 237 238 243 244 247 249 250 251
34 201 202 204 205 206 207 211 213 214 215 216 217 219 220 221 222 225 227 228 230 231 232 233 234 236 238 239 241 242 245 247 248 249 250
36 200 201 202 203 205 206 208 210 211 212 213 218 219 220 221 225 226 227 228 230 232 234 235 236 237 239 240 242 243 244 245 246 248 249 250 251
20 204 205 206 213 216 218 219 222 224 225 227 228 230 235 236 240 241 242 243 244
31 200 202 203 204 207 208 210 213 215 217 218 220 222 223 224 226 228 230 232 234 236 238 239 242 243 245 246 248 249 250 251
16 204 207 209 212 214 215 217 220 222 223 224 228 231 237 242 243
16 201 203 206 207 210 212 218 219 221 224 226 232 236 241 245 247
18 202 206 208 211 214 216 222 224 226 228 230 236 237 239 240 241 247 250
17 200 202 203 204 206 210 215 218 219 223 231 233 234 241 245 246 251
16 200 202 203 204 211 213 217 220 224 229 240 243 245 246 247 250
32 200 201 202 204 205 206 208 212 215 216 217 218 221 222 223 224 226 227 228 229 230 231 232 234 237 239 244 246 247 248 250 251
18 201 204 205 212 214 215 218 221 229 231 233 235 237 242 244 245 248 250
32 202 204 205 206 207 208 209 210 211 212 213 215 216 217 218 219 221 222 224 226 228 230 231 232 234 239 241 243 245 246 249 251
17 201 204 206 207 208 211 213 215 216 217 223 235 236 240 245 246 251
19 202 203 204 205 209 210 212 217 219 220 225 227 228 230 231 232 235 236 243
27 200 201 205 207 208 209 210 212 213 214 215 220 222 227 229 231 232 235 236 241 242 244 245 246 247 249 251
17 204 206 211 218 221 226 229 230 232 236 238 240 243 245 247 250 251
26 201 202 205 206 208 210 214 215 216 217 218 220 221 224 225 230 231 236 237 238 239 240 241 243 246 250
23 202 203 204 206 209 211 212 213 214 216 217 218 219 224 226 231 232 234 235 241 243 248 251
21 200 201 204 207 208 211 216 217 218 222 223 224 230 231 232 241 242 243 248 249 250
16 203 205 210 212 216 217 224 227 229 230 235 237 238 246 247 249
30 201 202 203 204 206 207 208 209 213 214 215 217 218 222 223 224 226 232 233 234 235 237 239 240 241 242 248 249 250 251
16 205 207 209 210 216 218 224 228 230 240 241 242 245 246 248 251
26 200 201 206 209 210 211 212 213 217 218 220 221 223 226 227 230 233 236 238 240 241 242 243 245 246 247
31 200 202 203 206 209 210 211 215 218 219 220 222 224 226 227 228 229 231 232 234 237 238 239 240 243 244 247 248 249 250 251
21 201 205 209 210 211 213 214 215 219 221 225 227 228 230 231 235 242 243 244 247 249
18 200 204 209 210 216 221 222 230 233 234 236 238 239 240 241 242 245 248
30 201 202 206 207 209 211 212 214 215 217 219 220 223 225 226 229 230 231 233 234 239 240 242 243 245 246 247 248 249 251
16 205 206 208 212 213 216 218 219 221 224 225 227 230 233 235 243
32 200 203 204 205 206 207 209 210 211 212 213 214 215 216 217 219 221 223 224 225 226 228 229 230 233 234 235 236 237 247 248 249
24 200 206 207 208 209 212 215 218 219 229 231 232 233 234 235 237 239 240 243 245 246 247 248 251
17 204 209 211 212 213 217 218 223 224 231 232 238 240 244 245 247 250
25 204 206 207 209 210 212 213 217 218 219 220 221 227 228 229 234 236 238 240 241 242 244 245 248 250
22 205 206 210 214 215 216 218 219 221 224 226 228 230 231 233 237 239 240 241 244 246 251
34 200 201 203 204 205 206 207 209 211 213 214 215 216 218 220 222 223 224 226 227 231 233 235 236 237 239 240 241 242 243 244 246 249 250
26 201 203 204 205 206 211 212 215 216 217 220 222 224 226 227 229 230 233 235 236 237 238 240 242 244 247
27 202 203 205 206 207 208 209 210 212 214 215 216 217 219 225 226 228 232 234 236 237 238 242 244 247 248 249
30 200 201 208 210 211 212 213 214 216 217 218 219 220 222 223 225 226 229 230 231 233 235 237 239 240 242 245 248 250 251
28 200 202 203 206 207 210 211 212 214 216 218 220 221 224 227 229 232 233 236 239 240 241 243 244 246 247 250 251
20 201 202 203 204 206 216 222 223 227 228 230 233 237 240 241 242 245 246 247 251
29 202 204 205 206 207 208 211 219 220 221 223 224 226 227 228 229 230 231 232 233 235 239 240 242 246 247 248 250 251
21 200 201 202 204 206 207 208 216 218 220 226 228 230 234 240 241 242 243 246 249 250
32 200 202 203 205 208 210 214 215 217 218 219 220 225 227 228 230 231 234 235 236 237 240 241 242 243 244 246 247 248 249 250 251
16 203 204 208 212 214 215 216 217 223 228 231 234 237 239 243 250
32 200 201 202 203 204 205 207 208 210 212 215 216 217 218 221 223 224 225 226 228 229 234 239 240 241 244 245 247 248 249 250 251
16 204 206 214 217 218 223 228 230 241 242 243 244 245 246 247 251
30 202 203 204 206 207 210 211 212 214 218 220 221 222 224 225 226 227 230 231 233 235 238 239 240 241 242 245 246 247 249
20 202 205 209 213 216 217 219 221 222 228 229 239 241 242 243 245 247 248 249 250
27 200 207 209 210 212 214 215 216 217 220 222 223 225 226 227 229 231 232 237 238 239 241 242 243 245 246 251
32 202 203 205 206 209 210 211 213 214 215 217 221 223 226 228 230 231 232 233 234 235 236 238 239 240 242 243 244 245 247 248 251
24 200 206 207 208 209 210 212 214 216 218 220 222 223 228 232 233 234 235 236 238 241 242 244 246
30 200 201 202 203 205 206 209 210 211 212 213 214 215 216 217 218 221 222 226 228 230 231 234 236 239 240 243 244 245 247
20 200 203 204 209 211 212 213 215 218 222 232 233 237 239 245 246 247 248 249 251
35 200 201 202 206 207 208 209 210 212 213 214 216 217 218 220 222 224 226 227 229 231 232 233 234 235 238 240 241 242 243 244 245 246 247 248
30 253 257 258 259 260 261 262 265 266 267 268 269 270 272 273 275 276 277 280 284 286 288 289 290 291 293 294 296 300 301
5 261 265 274 290 292
30 254 256 258 259 260 262 263 266 267 270 272 275 278 279 281 282 283 285 286 287 288 289 290 293 294 296 297 299 300 301
10 253 268 275 276 277 281 287 289 292 301
21 253 255 261 264 266 268 271 274 279 284 285 287 288 289 290 294 296 297 299 300 301
14 253 254 260 263 265 267 268 269 274 285 288 290 296 300
23 252 254 255 257 259 261 264 269 270 271 272 276 277 278 283 285 289 290 291 293 296 298 299
17 254 256 257 258 260 265 271 272 273 279 280 285 288 291 293 295 298
18 255 257 258 262 263 264 265 267 269 271 279 280 289 290 294 295 296 300
9 254 256 263 265 281 284 287 290 291
20 252 254 256 262 264 267 268 273 278 285 287 288 291 293 295 296 297 298 300 301
20 252 254 255 256 263 264 271 274 278 279 281 282 283 285 287 292 295 297 298 299
13 255 258 261 265 266 269 271 279 283 289 290 292 294
19 254 256 257 258 261 262 265 266 269 270 274 279 281 284 287 291 297 298 299
10 255 261 267 274 278 283 284 290 296 299
10 253 257 259 260 263 272 275 276 282 299
13 252 259 262 263 264 266 269 270 282 286 294 297 300
17 253 255 260 264 269 270 274 275 279 280 283 284 288 289 291 295 297
17 252 259 266 271 272 273 277 280 281 282 285 288 289 292 295 296 299
21 252 257 261 262 265 266 267 268 271 273 276 277 278 282 286 290 292 294 296 298 300
32 252 253 256 260 261 262 263 264 266 268 270 272 273 274 276 277 278 280 281 282 285 286 287 288 289 290 291 292 293 295 296 298
32 252 253 254 255 256 257 261 263 267 268 269 271 273 275 276 277 278 279 280 281 282 284 286 287 289 290 292 294 295 297 299 301
12 254 256 258 259 263 272 281 285 287 293 299 301
15 253 256 259 260 266 270 273 274 275 276 284 286 291 292 298
9 254 256 259 262 265 270 275 283 286
27 253 254 255 257 258 259 260 263 265 266 268 270 274 275 276 280 281 286 287 289 290 291 293 295 296 298 299
10 255 257 258 259 261 266 270 278 286 287
13 256 264 275 276 277 279 282 283 291 292 297 298 299
13 255 258 260 264 267 268 271 274 275 283 289 293 294
17 252 256 257 260 268 269 270 273 274 276 277 280 281 294 296 297 299
19 255 256 258 260 262 264 267 271 272 276 278 282 284 286 289 290 292 298 300
17 257 258 259 264 267 268 269 276 278 280 282 287 288 290 291 295 297
10 252 267 272 276 280 281 282 293 295 298
13 263 265 266 268 273 274 275 277 291 294 297 299 301
15 252 253 255 256 259 260 263 268 276 281 283 288 291 296 298
14 253 258 259 261 263 264 265 271 277 282 283 285 287 297
18 252 253 259 264 267 268 271 272 273 275 276 277 282 285 288 289 293 294
21 252 257 259 261 262 269 270 272 277 278 279 282 285 288 295 296 297 298 299 300 301
33 253 254 255 258 259 261 262 263 264 265 266 267 271 272 275 278 279 282 283 284 285 286 287 288 289 290 291 292 293 295 298 300 301
9 253 256 262 267 270 273 274 275 281
7 270 274 277 280 281 284 286
19 253 254 258 261 263 264 265 268 269 270 276 278 279 283 284 286 287 294 298
18 252 253 254 257 259 261 269 270 279 280 281 283 285 287 288 293 295 296
7 253 266 273 276 280 286 292
20 252 253 255 257 261 264 265 268 269 271 273 274 276 277 280 284 291 292 295 298
23 252 256 261 262 264 267 269 271 272 273 277 278 279 282 283 284 285 288 292 294 297 300 301
17 253 255 256 258 262 263 267 268 270 280 281 282 283 285 291 293 297
15 254 262 266 273 275 277 280 282 284 287 293 295 297 299 301
21 253 254 260 262 265 266 271 274 275 278 281 282 283 284 287 288 289 291 293 294 301
18 254 255 257 258 259 265 267 269 271 275 279 283 284 294 297 299 300 301
13 252 262 271 272 273 280 281 284 289 293 294 295 301
15 257 258 264 267 269 270 271 272 278 279 285 286 289 294 300
30 252 253 254 257 259 264 266 267 269 270 271 272 274 275 276 277 278 279 281 284 288 290 291 292 293 294 295 297 299 301
20 255 256 258 260 261 262 263 265 268 273 280 282 283 285 286 287 289 296 298 300
13 255 260 263 278 280 283 286 290 292 295 296 300 301
41 252 254 255 257 258 259 260 261 263 264 265 266 268 269 271 272 276 277 278 279 280 282 283 284 285 286 287 288 289 290 291 292 293 294 295 296 297 298 299 300 301
14 255 256 257 260 262 267 274 275 290 291 293 297 300 301
27 253 256 258 260 262 263 265 266 267 268 273 274 275 279 280 281 282 284 286 287 288 292 294 295 297 300 301
18 258 259 260 262 264 265 266 270 272 274 283 285 288 291 293 296 298 300
27 252 253 255 257 258 259 263 264 265 266 268 270 272 275 280 281 282 284 285 287 288 290 293 295 296 298 300
18 254 259 260 264 266 272 273 275 276 277 284 286 289 290 294 295 296 299
10 257 258 260 263 269 273 277 278 291 292
36 252 254 255 256 257 260 262 266 267 268 269 270 272 273 274 275 276 278 279 280 281 284 286 288 289 290 291 292 293 294 295 296 298 299 300 301
29 252 255 256 257 258 259 261 263 264 267 268 269 270 272 273 276 277 279 280 285 286 290 292 295 296 297 298 299 300
23 254 256 260 261 262 267 269 271 273 274 276 277 278 279 283 286 289 291 292 294 297 299 301
15 252 257 261 265 269 271 274 278 279 287 288 292 298 300 301
17 252 254 261 268 272 277 278 281 282 283 285 287 288 293 297 299 301
16 254 255 256 262 266 270 272 279 281 284 285 289 293 298 299 300
17 252 253 260 261 263 265 271 273 274 275 277 283 286 292 294 296 301
12 256 257 260 262 267 274 275 290 291 297 300 301
7 260 263 280 283 295 296 301
18 254 255 257 259 269 270 271 272 276 277 278 283 285 290 291 293 296 298
7 264 279 282 291 292 297 299
10 252 253 254 259 269 279 280 283 285 296
12 258 259 260 264 265 270 274 285 288 293 296 300
8 257 258 260 263 273 277 291 292
9 252 264 268 276 277 282 285 293 294
15 253 257 264 268 269 271 273 276 277 280 284 291 292 295 298
7 258 259 261 264 282 283 287
8 255 261 267 274 278 284 296 299
15 253 259 264 267 271 272 275 276 277 282 285 288 289 293 294
23 252 254 255 260 266 269 270 274 276 278 279 280 281 284 286 289 290 291 292 295 296 300 301
30 252 254 255 256 260 262 266 267 268 269 270 272 273 275 276 279 280 281 284 286 288 290 291 292 293 294 295 296 298 301
5 253 272 276 282 299
7 252 253 255 260 263 283 291
5 270 274 277 281 286
10 252 262 273 280 281 284 289 293 294 301
19 254 256 257 267 268 269 271 273 276 277 279 284 286 287 294 295 297 299 301
16 254 255 257 264 269 270 271 272 276 277 278 283 285 289 296 298
6 260 278 283 286 295 301
23 252 253 254 255 261 263 267 269 275 276 277 278 279 280 281 282 284 286 290 294 295 299 301
11 252 257 262 265 266 273 276 277 278 290 292
12 256 260 261 267 269 278 283 286 291 294 299 301
15 253 254 260 262 271 274 275 278 284 287 289 291 293 294 301
6 270 274 277 281 284 286
8 255 258 261 266 271 290 292 294
12 252 257 261 264 265 271 273 274 277 280 291 292
9 254 261 272 278 281 282 288 293 299
13 252 254 259 261 269 270 279 280 281 283 287 288 293
5 254 256 281 284 291
4 266 273 280 292
26 252 253 254 255 256 257 261 263 267 268 271 273 276 277 279 280 281 282 284 286 287 289 290 294 295 301
7 259 262 263 264 266 270 297
15 252 253 260 261 263 265 271 273 274 275 283 286 292 294 301
14 255 256 258 261 263 265 283 285 286 287 289 296 298 300
15 257 259 261 270 272 277 278 285 288 295 296 297 299 300 301
13 255 256 258 260 265 273 282 283 285 287 289 296 298
12 259 266 270 272 274 283 285 288 291 293 298 300
20 254 255 262 266 268 269 276 278 280 284 286 288 289 290 292 293 294 296 298 301
9 252 262 271 272 273 281 293 294 295
12 252 260 265 271 273 274 275 277 283 286 296 301
10 252 261 268 278 282 283 288 297 299 301
11 252 262 271 272 280 281 284 293 294 295 301
7 263 265 273 275 277 294 299
9 252 262 273 280 284 293 294 295 301
16 258 260 262 264 266 270 272 274 283 285 288 291 293 296 298 300
8 255 257 260 274 275 290 291 300
7 254 259 262 265 270 275 286
8 255 260 263 278 292 295 296 301
6 255 260 278 280 292 296
26 253 258 259 260 261 262 265 266 267 268 269 270 272 273 275 276 277 280 284 286 289 290 291 294 296 301
24 252 254 255 256 260 262 267 268 270 276 278 279 280 281 284 289 292 293 295 296 298 299 300 301
6 254 265 281 284 287 290
7 256 267 270 273 274 275 281
11 253 254 259 261 269 280 281 283 285 287 295
8 253 268 275 276 287 289 292 301
7 257 267 270 271 272 278 300
8 265 266 275 277 291 294 299 301
15 254 257 258 259 265 267 269 271 275 279 283 284 294 300 301
4 266 280 286 292
15 254 256 263 264 271 274 278 279 281 282 285 292 297 298 299
11 253 254 259 261 269 280 283 285 287 288 295
3 280 284 286
7 252 267 272 280 282 293 295
11 259 262 263 266 269 270 282 286 294 297 300
8 266 271 272 273 277 281 288 289
7 255 258 266 271 279 283 289
22 253 257 258 259 260 261 265 266 269 272 273 275 277 284 286 289 290 293 294 296 300 301
12 255 260 261 263 265 268 273 280 283 285 287 289
12 259 266 271 272 280 282 285 288 289 292 295 296
8 253 259 270 273 276 284 292 298
10 257 261 265 269 274 279 287 288 298 301
13 253 255 264 269 270 275 279 280 283 284 289 295 297
6 257 259 260 272 282 299
10 263 265 266 273 274 277 291 294 297 301
12 257 261 262 265 271 273 276 277 278 282 294 300
8 255 257 259 266 270 278 286 287
9 255 256 257 262 274 291 297 300 301
10 255 256 260 262 267 274 290 293 297 301
11 257 258 259 264 268 269 276 280 287 295 297
16 255 256 258 261 263 265 268 273 280 282 283 285 286 287 298 300
13 257 261 265 269 271 274 278 279 288 292 298 300 301
4 265 275 283 286
25 253 257 258 259 261 262 265 267 269 270 272 273 275 277 280 284 286 288 290 291 293 294 296 300 301
25 253 258 259 260 265 266 267 268 269 270 272 275 276 277 280 286 288 289 290 291 293 294 296 300 301
18 253 257 260 261 262 265 266 267 268 269 270 275 277 284 286 290 291 294
6 254 259 262 270 275 283
7 255 263 283 286 295 296 301
12 253 261 269 270 279 280 281 283 285 287 288 296
24 252 255 256 257 258 259 261 263 264 267 268 270 272 273 277 286 290 292 295 296 297 298 299 300
21 252 256 260 261 263 264 266 272 273 274 276 277 278 280 281 282 287 290 292 295 298
11 257 258 259 267 269 278 280 287 288 290 291
13 258 259 264 267 278 280 282 287 288 290 291 295 297
11 258 261 263 268 269 276 278 283 286 287 298
21 258 259 261 263 265 266 267 271 272 275 279 282 283 284 288 289 290 291 292 295 301
11 256 258 262 263 267 268 281 282 283 285 293
14 253 255 256 258 262 263 270 280 281 282 283 291 293 297
12 254 256 264 271 278 279 282 283 287 295 297 299
9 264 275 276 277 291 292 297 298 299
5 254 256 263 287 290
4 270 277 280 284
8 252 272 276 280 281 282 293 298
2 274 292
10 253 260 263 265 267 269 274 290 296 300
8 259 267 268 269 278 287 288 290
9 257 271 274 278 279 287 298 300 301
7 267 274 278 283 284 296 299
3 265 274 290
5 253 259 275 276 282
10 252 265 269 271 274 278 288 292 300 301
11 262 271 272 280 281 284 289 293 294 295 301
7 258 263 269 273 278 291 292
6 253 257 259 260 263 299
17 252 253 255 257 261 264 265 269 274 276 277 280 284 291 292 295 298
5 258 259 261 266 270
10 257 264 269 270 272 278 285 286 294 300
25 253 254 259 261 262 263 264 265 267 272 275 278 279 282 283 284 287 288 290 291 292 293 298 300 301
6 252 280 281 282 293 295
20 255 256 257 261 268 269 273 276 277 278 279 282 286 289 290 292 294 295 297 299
9 254 260 264 273 275 276 277 284 295
16 253 258 261 263 264 265 268 269 276 278 279 283 284 286 287 294
5 263 265 284 287 290
8 255 257 260 262 267 274 275 300
7 252 267 280 282 293 295 298
25 252 253 256 260 261 262 263 264 266 268 270 272 273 274 276 278 281 282 285 286 288 290 291 293 298
11 263 266 268 273 274 275 277 291 294 297 301
25 252 253 256 260 261 262 263 264 270 272 276 277 278 280 281 282 288 289 290 291 292 293 295 296 298
10 257 269 271 278 279 285 286 289 294 300
16 253 254 263 268 269 271 273 276 281 282 284 290 292 294 297 299
6 258 260 277 278 291 292
9 252 253 267 271 276 285 288 293 294
15 258 259 260 262 266 270 272 274 283 285 288 291 293 296 298
11 253 261 264 265 268 270 278 279 287 294 298
9 253 254 261 264 265 276 284 286 298
10 256 264 275 276 279 282 291 292 297 298
7 259 262 263 266 282 294 297
5 255 278 283 284 299
24 257 258 259 260 261 262 266 267 268 269 272 273 275 276 277 284 286 288 290 291 293 294 296 300
17 252 253 254 257 270 271 272 274 275 276 278 281 288 292 293 295 301
5 263 269 273 278 291
15 252 257 261 262 269 270 272 277 278 279 282 285 295 297 300
14 254 256 260 267 269 271 273 276 277 279 286 289 292 299
15 252 257 259 261 262 269 272 277 278 279 295 296 298 299 300
25 258 259 260 262 267 270 272 275 278 279 281 282 283 285 286 287 288 289 290 293 296 297 299 300 301
11 255 260 278 280 283 290 292 295 296 300 301
22 253 254 255 258 259 263 264 271 272 275 278 283 285 286 287 288 289 291 295 298 300 301
13 252 257 261 270 278 282 285 288 295 296 297 299 301
10 258 260 262 264 266 270 274 283 288 291
13 252 257 261 265 269 271 274 278 279 287 288 292 298
14 254 255 256 262 266 270 272 281 284 285 293 298 299 300
3 265 290 292
8 258 263 281 285 287 293 299 301
32 252 253 254 255 256 258 259 260 261 263 264 265 267 268 273 274 277 279 280 282 283 285 286 288 290 291 293 294 295 298 300 301
31 252 253 254 256 257 261 262 263 264 265 266 267 270 271 276 280 283 285 286 287 288 289 290 291 292 293 294 296 299 300 301
28 254 255 257 258 259 260 262 263 265 267 268 269 272 275 277 279 282 283 284 286 289 291 293 294 296 299 300 301
31 252 253 254 260 261 263 264 266 267 268 269 271 272 273 274 275 277 279 281 284 285 286 288 291 293 295 296 297 298 299 301
23 253 257 259 260 261 262 263 264 265 266 267 270 271 273 277 280 282 286 288 289 290 296 301
23 254 255 257 263 266 267 271 273 274 275 277 278 279 281 284 285 286 287 289 293 296 298 301
19 252 254 257 262 264 266 268 269 273 277 284 287 288 289 293 295 298 300 301
26 254 257 258 259 260 261 263 264 265 267 269 273 275 276 277 278 279 284 286 287 288 289 290 292 299 300
31 253 257 258 260 262 263 264 265 268 270 271 272 275 277 278 280 284 286 287 289 290 291 292 293 294 295 296 297 298 299 301
28 252 254 255 257 262 263 265 266 267 268 270 273 274 276 278 280 281 284 285 288 290 293 294 296 298 299 300 301
21 252 253 254 255 258 259 262 263 267 270 271 274 277 278 284 288 289 293 294 297 300
15 253 255 257 258 259 263 264 266 272 274 276 289 290 294 296
33 252 253 254 256 258 259 261 263 264 266 267 268 269 270 272 273 274 275 277 279 281 283 284 285 286 287 291 292 293 294 295 297 298
25 254 255 257 261 264 267 268 271 273 274 276 277 280 281 283 284 286 289 292 293 294 296 298 299 300
15 254 257 258 260 269 270 272 279 282 284 290 291 294 295 296
30 254 256 257 259 260 264 265 266 268 270 273 274 276 278 279 281 282 283 284 285 287 289 290 291 292 295 297 298 300 301
34 253 254 255 258 259 260 262 265 268 269 270 271 272 273 274 275 276 277 279 280 281 282 284 285 286 287 288 289 290 295 296 298 299 300
16 252 253 257 261 262 271 273 274 279 280 289 291 295 296 298 301
26 253 257 260 262 264 265 268 269 270 271 272 276 278 279 284 287 289 291 292 293 294 295 296 298 299 300
25 252 254 255 257 267 269 271 272 274 276 278 279 280 282 284 286 287 288 290 292 294 297 298 300 301
22 252 257 260 263 265 268 270 272 274 275 276 277 278 282 286 289 290 291 295 296 298 301
31 252 253 255 259 260 261 262 263 264 265 268 269 270 272 273 277 282 283 289 290 291 292 293 294 295 296 297 298 299 300 301
30 252 253 254 255 256 257 258 260 262 263 264 265 266 267 268 269 271 274 278 279 280 282 283 286 288 289 293 294 295 297
16 252 253 254 256 257 258 259 261 262 265 272 277 278 292 293 297
26 255 256 257 258 259 260 261 263 264 267 268 269 270 271 274 275 276 279 281 282 285 286 290 294 296 300
24 252 255 257 258 260 261 262 263 269 270 271 276 278 279 280 283 285 288 289 292 293 295 298 299
31 252 253 254 256 257 258 259 260 263 264 266 267 269 270 272 273 274 275 276 277 281 282 283 284 286 288 293 296 297 299 301
15 255 256 257 258 266 272 273 276 277 278 279 281 286 287 295
28 252 255 256 260 261 264 266 268 269 270 271 273 274 275 277 281 282 283 285 286 288 289 291 292 293 295 300 301
15 252 255 256 261 269 270 273 274 279 286 289 292 297 300 301
17 252 255 257 258 264 266 272 273 278 279 281 283 285 290 291 298 299
22 252 254 255 258 259 262 263 265 271 272 273 274 278 279 280 284 286 289 294 297 298 300
27 252 253 254 255 257 258 260 263 265 268 269 270 271 273 275 277 279 280 281 284 285 288 290 296 297 298 299
30 253 254 256 258 261 263 264 265 266 267 268 271 273 274 275 276 278 279 280 282 284 286 287 288 291 293 294 295 296 299
15 252 255 266 270 276 281 282 283 285 288 290 293 294 296 300
22 254 256 259 261 265 269 272 273 275 282 283 284 285 287 288 289 290 291 293 295 296 299
19 255 258 261 263 265 269 276 279 282 283 290 291 292 294 297 298 299 300 301
17 253 256 257 263 265 266 274 276 279 282 285 291 294 297 298 299 301
32 253 254 255 257 258 262 265 266 267 268 269 271 273 275 278 281 282 283 284 286 287 289 290 291 292 293 295 297 298 299 300 301
30 252 254 256 257 259 260 263 264 265 269 271 272 273 274 276 277 279 280 281 282 284 285 287 289 290 294 295 297 298 299
29 252 253 254 255 256 257 258 259 265 267 272 274 275 279 283 284 285 286 288 289 291 292 294 295 296 297 298 299 300
16 253 262 264 268 269 276 278 285 289 290 291 293 295 296 299 301
16 252 254 258 259 261 262 265 269 272 277 281 283 286 291 295 298
17 252 258 261 268 269 270 271 276 278 280 281 284 285 288 296 298 299
18 256 258 259 262 267 268 269 274 276 280 284 286 289 292 295 297 298 301
18 256 257 258 265 266 267 269 270 275 276 280 281 285 288 289 292 296 299
29 255 257 258 259 260 261 263 264 266 267 269 270 271 273 280 281 282 284 285 288 291 292 293 294 295 297 299 300 301
25 255 258 259 262 264 265 266 267 268 269 271 273 274 275 277 278 280 282 284 287 289 290 294 300 301
22 259 260 261 262 264 266 269 270 271 275 277 280 282 283 284 285 287 289 292 293 296 297
17 253 254 256 257 258 259 260 264 265 270 271 280 281 283 294 297 298
25 256 258 260 262 264 265 268 271 273 274 275 277 278 279 282 284 287 290 291 292 293 294 296 297 300
22 253 255 260 262 264 265 267 268 273 275 280 282 286 287 290 291 292 294 295 297 299 300
30 252 253 257 259 262 263 265 268 269 270 271 274 276 277 278 279 280 285 289 290 292 293 294 295 296 297 298 299 300 301
29 252 254 255 256 257 259 260 267 268 270 272 273 274 275 276 277 280 282 284 286 287 289 290 291 292 293 295 297 300
31 255 256 257 260 261 262 263 264 265 266 267 268 272 274 275 276 278 279 280 281 282 287 289 290 291 292 293 295 297 298 301
28 253 255 256 257 259 260 261 263 265 266 268 271 276 277 278 279 282 283 285 286 287 288 290 292 293 297 298 300
21 252 253 254 255 256 257 258 259 261 262 270 272 282 283 284 285 287 288 289 295 296
25 252 253 254 255 257 258 260 262 263 264 266 267 272 275 279 280 281 282 283 287 289 293 294 296 298
24 253 255 259 261 263 264 273 275 276 277 279 280 281 284 285 286 287 288 292 293 294 298 299 300
17 252 259 260 262 263 264 274 277 278 279 280 282 283 286 287 293 299
26 252 253 254 255 257 258 259 260 261 267 269 272 275 279 281 283 284 285 286 288 289 291 294 295 300 301
16 257 258 260 261 263 271 272 278 280 281 283 284 286 288 295 301
34 252 254 256 259 260 261 265 266 267 268 269 271 272 274 275 276 277 280 281 282 285 286 288 289 290 291 293 294 295 296 298 299 300 301
32 253 254 258 259 260 261 262 263 264 267 268 269 271 273 274 276 277 278 280 281 282 283 287 288 289 291 293 294 295 297 298 300
19 252 254 255 258 261 262 264 266 270 273 277 281 282 285 287 293 296 299 301
23 252 253 254 255 264 266 267 268 269 274 277 278 282 285 286 288 289 292 296 297 298 299 300
16 255 261 263 265 268 269 272 273 274 277 279 282 285 289 292 299
20 253 260 264 265 267 268 269 271 272 273 275 277 278 284 285 289 292 293 294 301
27 252 253 256 257 258 260 261 262 263 264 266 271 272 275 276 277 279 280 286 287 289 291 292 294 295 296 297
26 254 255 256 261 262 265 268 273 274 276 277 278 279 280 283 284 287 290 291 292 293 294 296 299 300 301
31 252 254 255 256 259 260 261 262 267 269 270 277 278 279 280 281 283 284 285 286 288 290 292 293 294 296 297 298 299 300 301
19 252 254 266 269 270 276 277 278 282 288 289 290 292 293 295 297 299 300 301
21 258 260 261 265 267 268 273 275 276 277 278 279 281 283 284 287 291 293 297 298 299
30 252 253 256 257 259 261 262 263 264 265 266 267 268 269 271 272 274 276 277 281 283 287 288 289 290 292 297 299 300 301
22 252 253 258 260 262 268 269 270 274 277 278 281 282 285 286 288 291 294 295 297 298 299
23 255 258 261 262 263 264 265 266 268 270 271 272 273 276 277 278 283 285 291 295 296 298 301
28 254 256 257 258 259 261 262 265 266 269 271 272 273 274 275 276 278 280 282 283 285 287 288 292 293 295 296 299
30 252 255 256 257 258 261 262 263 266 267 268 269 270 271 274 277 278 282 283 284 287 288 289 290 291 292 293 297 298 301
16 253 256 263 267 271 272 273 277 280 286 287 291 295 297 300 301
32 252 253 254 255 256 257 259 260 263 264 265 266 269 272 274 275 277 279 280 281 283 286 287 290 291 292 293 294 295 297 299 300
20 252 253 254 256 268 269 270 271 272 274 277 279 281 283 284 285 290 291 295 298
24 252 253 256 257 258 262 264 267 269 272 273 276 281 283 285 288 290 291 294 295 296 297 298 299
17 253 254 260 261 262 264 265 271 273 274 275 276 278 282 283 294 300
21 253 254 255 258 259 261 264 270 271 273 275 277 278 279 282 290 291 294 296 300 301
31 254 256 257 258 260 261 262 263 265 266 270 272 273 274 275 278 279 280 281 283 284 285 288 289 290 291 294 296 297 300 301
31 252 253 255 257 258 259 260 261 262 267 270 271 272 274 275 277 279 281 282 284 285 286 287 290 291 294 295 296 297 298 299
28 255 256 259 260 263 264 265 266 267 268 269 270 274 275 276 278 279 282 285 286 289 290 291 294 295 297 299 300
27 252 257 258 261 268 270 271 272 274 275 276 278 279 282 285 286 288 289 290 291 292 293 295 296 297 299 300
20 254 255 257 261 262 271 273 276 277 278 279 281 282 283 284 285 289 290 300 301
25 252 253 256 257 259 260 262 263 265 268 270 272 273 275 276 277 286 287 288 289 293 295 296 297 301
29 252 253 254 255 257 258 259 261 262 263 264 271 274 275 276 278 280 281 282 284 286 288 289 290 291 293 295 297 298
30 254 255 257 259 260 261 262 263 266 267 268 270 273 276 277 279 280 281 282 283 286 287 288 289 290 291 292 293 294 301
30 253 254 256 258 260 261 262 263 264 265 266 268 269 270 271 272 273 275 281 283 286 287 288 290 293 294 295 297 300 301
32 252 254 255 256 257 259 261 262 263 265 266 268 269 270 273 275 277 278 281 284 285 286 287 289 291 292 294 295 297 298 299 300
29 253 254 258 259 260 262 263 264 265 266 267 269 271 276 277 278 279 280 281 282 283 287 288 289 292 294 295 297 301
28 252 253 255 256 259 260 262 263 266 267 270 272 274 275 276 279 283 284 287 288 290 292 295 296 297 299 300 301
19 255 256 260 261 265 271 272 274 275 276 277 283 286 287 288 289 292 297 301
17 252 258 264 269 270 272 273 275 276 279 282 286 288 293 297 298 299
26 252 253 256 257 261 262 263 264 265 267 271 272 273 274 277 278 284 285 286 287 291 293 294 295 297 299
31 252 254 255 256 257 260 261 262 263 264 265 268 269 270 271 272 275 277 278 279 280 282 285 287 293 294 295 296 298 300 301
25 254 255 256 260 261 262 263 264 266 267 270 272 273 279 280 282 285 286 288 291 292 294 298 299 300
26 252 253 254 256 257 258 259 261 263 264 266 267 268 274 275 276 278 280 281 285 291 292 293 294 296 298
15 254 257 258 260 263 265 266 269 271 273 277 279 284 285 296
34 252 254 255 256 257 258 260 262 264 265 266 268 269 271 272 273 275 276 277 278 279 281 282 283 284 286 287 288 289 291 292 293 298 300
16 254 255 257 260 262 264 269 271 273 276 277 278 279 288 292 297
22 252 253 255 265 268 269 274 279 280 282 284 285 286 287 288 291 292 295 296 298 299 301
24 254 255 256 257 263 264 266 268 269 274 276 278 282 283 284 287 289 291 292 293 294 296 297 299
18 254 256 259 261 264 268 271 273 274 275 276 279 282 283 289 291 292 295
23 252 253 256 257 263 264 267 268 270 274 275 277 279 280 281 282 287 290 293 294 296 298 300
32 252 258 260 262 264 265 266 267 269 271 272 273 274 275 277 278 279 280 281 283 285 286 287 288 289 290 291 292 293 294 295 301
33 252 254 256 258 260 262 263 264 266 268 269 271 273 274 276 277 278 281 283 284 285 287 288 290 292 293 294 295 296 297 298 299 301
17 254 256 260 264 265 267 268 271 272 273 276 278 282 284 285 291 301
31 253 256 257 258 260 263 264 265 267 268 270 272 273 274 275 276 278 279 280 281 282 284 285 286 287 288 290 293 297 299 300
30 253 254 255 256 257 258 262 265 266 267 268 270 275 276 277 279 280 281 284 287 288 290 291 292 294 296 297 298 299 300
34 252 253 255 256 257 258 259 260 261 262 265 268 269 270 271 273 274 275 278 279 280 281 282 283 285 286 287 289 295 296 297 299 300 301
17 252 253 254 255 259 261 263 271 273 274 278 285 287 291 292 294 299
29 252 254 255 258 260 262 266 268 271 272 273 275 276 277 280 282 283 284 285 286 287 289 290 291 292 293 294 297 299
34 252 253 254 256 264 266 267 268 270 271 272 273 274 275 276 277 278 280 281 283 284 285 287 288 289 292 293 294 295 296 297 299 300 301
23 252 257 261 263 266 268 270 271 277 279 281 282 285 286 288 289 290 295 296 297 298 299 300
16 253 254 256 262 266 271 273 274 277 278 280 282 285 297 298 300
31 252 257 258 260 261 262 264 266 267 269 271 272 273 274 277 278 279 281 283 285 286 287 288 289 290 292 294 296 298 300 301
24 252 253 256 258 260 262 263 264 265 267 270 271 272 273 274 276 281 283 284 287 288 292 293 301
21 252 254 255 257 259 260 261 263 266 267 269 271 273 274 278 279 280 281 282 284 290
27 255 256 258 260 265 269 270 271 272 273 276 277 278 279 282 283 285 286 287 288 289 290 291 292 293 296 297
20 254 255 256 258 263 264 267 270 275 280 286 287 289 291 292 293 295 299 300 301
16 252 253 257 258 260 264 265 266 268 279 283 287 288 295 297 301
28 252 254 255 258 259 261 262 263 265 266 267 268 269 270 273 276 278 279 280 281 283 286 290 291 295 297 299 301
16 252 255 256 257 258 261 265 267 269 274 277 282 286 289 299 300
29 252 254 256 257 258 261 265 268 270 271 272 273 275 276 277 278 282 284 285 288 289 291 293 294 295 297 298 299 301
32 254 258 259 260 261 262 263 265 266 267 268 269 270 272 279 280 282 284 287 288 289 290 292 293 294 295 296 297 298 299 300 301
25 253 258 264 267 269 270 271 272 273 275 276 277 280 281 282 283 284 287 292 293 295 297 298 299 300
30 253 255 256 258 259 260 261 262 264 265 266 267 269 270 271 272 276 277 278 279 280 281 282 283 284 286 290 293 296 297
31 252 256 258 259 260 261 262 263 264 265 266 267 270 271 272 274 275 277 278 279 280 281 282 283 285 288 289 291 292 297 301
17 256 258 259 261 262 263 265 266 267 269 273 274 281 285 286 290 293
16 254 259 264 267 273 279 280 282 284 285 292 293 295 296 298 299
24 255 257 259 261 262 265 271 273 279 280 281 282 284 285 286 287 289 291 292 293 296 298 299 301
23 252 256 257 258 259 263 264 266 268 274 282 283 284 285 286 288 289 290 291 292 293 296 301
19 252 253 254 255 259 262 267 268 269 274 278 281 285 289 290 293 295 298 300
33 253 254 256 257 258 259 260 261 263 266 268 270 271 272 273 274 276 277 279 280 285 288 289 290 291 292 293 294 295 297 298 299 300
22 252 253 254 258 260 261 262 270 274 276 278 280 281 282 284 285 291 293 296 298 299 301
15 256 257 260 262 263 264 265 269 273 275 279 283 290 298 301
34 252 256 257 258 259 260 261 263 264 265 266 267 268 272 273 274 275 276 277 278 279 282 283 285 286 290 292 294 295 297 298 299 300 301
32 252 253 254 255 256 257 259 260 262 263 264 265 269 271 272 273 274 275 276 277 278 282 284 285 286 288 290 291 292 293 298 301
24 252 257 259 261 264 266 268 269 271 272 274 276 277 278 279 282 283 285 286 288 292 294 295 297
32 253 254 258 259 260 261 262 263 264 265 267 270 272 273 275 276 279 280 281 283 284 286 287 289 290 291 293 294 295 296 299 300
21 254 255 259 261 265 266 267 268 270 272 274 278 279 282 283 284 288 291 293 295 299
21 254 256 257 258 262 266 267 270 272 277 278 279 280 284 285 286 292 297 298 299 300
17 252 257 260 264 265 278 280 283 284 285 287 289 291 292 294 299 300
18 254 256 263 264 268 271 274 276 277 279 280 281 283 284 287 289 298 300
15 254 257 264 270 271 272 284 285 291 293 294 295 296 297 298
31 252 253 254 256 257 258 259 260 261 262 264 266 267 268 270 272 273 275 276 280 281 282 284 286 287 288 290 294 295 296 300
27 252 253 254 256 257 259 260 262 264 265 266 268 270 271 276 277 278 279 280 281 287 289 291 293 294 295 296
34 252 253 255 256 258 259 260 261 262 264 265 268 269 270 271 272 273 274 275 276 277 279 280 281 284 285 286 287 289 291 295 298 299 301
5 305 307 312 314 315
5 305 313 314 320 332
18 302 303 306 307 308 310 311 314 316 322 323 324 325 327 328 329 333 334
7 304 316 319 322 325 327 328
15 302 303 304 306 309 316 321 322 323 326 327 328 330 331 332
5 307 320 329 330 334
17 305 307 308 310 311 313 314 315 320 322 323 325 326 328 329 333 334
10 302 303 304 309 312 318 321 324 327 332
16 305 306 308 310 312 313 314 317 318 322 324 326 327 331 332 333
1 310
3 311 323 328
4 310 319 333 334
19 302 305 307 310 312 316 319 320 321 322 323 324 326 327 328 329 332 333 334
15 302 304 309 312 314 315 317 319 324 327 328 329 330 331 333
8 310 311 317 323 325 327 330 331
6 304 308 316 329 330 332
19 304 307 309 310 312 314 316 317 318 319 321 322 323 325 327 329 331 333 334
11 306 309 320 323 324 325 326 329 330 331 332
11 302 303 304 309 315 318 322 326 328 333 334
13 303 307 308 309 312 316 318 320 321 322 324 329 334
7 305 310 312 314 317 318 330
11 304 306 308 315 316 317 325 326 327 331 334
22 302 303 305 307 309 310 311 312 313 314 318 319 320 321 322 323 324 328 329 330 332 333
15 302 305 306 307 309 311 313 315 318 319 321 322 324 328 334
9 304 311 312 314 317 318 324 325 332
14 302 303 305 307 309 310 312 315 318 323 324 326 329 333
21 303 304 305 306 307 308 311 313 314 315 318 320 321 324 325 326 327 329 332 333 334
15 302 307 310 311 313 315 317 319 321 322 323 327 328 330 331
16 302 303 305 310 311 315 317 318 321 323 324 328 329 330 331 334
10 306 309 310 311 312 313 315 321 325 328
3 313 317 332
10 303 305 307 310 319 320 321 322 327 331
18 303 304 308 310 312 314 316 317 320 323 325 326 327 329 330 331 332 333
3 304 314 320
24 302 303 305 306 307 308 309 310 313 315 316 319 320 321 322 323 326 327 328 329 330 331 333 334
12 305 307 308 311 312 314 319 320 321 323 324 329
6 306 316 317 319 330 331
13 302 303 304 308 311 313 316 317 318 321 322 327 328
14 303 304 309 312 314 316 318 320 324 325 326 329 332 333
14 303 304 306 308 309 311 313 314 315 317 318 325 330 331
14 302 306 309 312 313 314 315 317 318 324 325 326 333 334
10 308 309 315 317 319 321 323 325 328 333
4 305 306 308 334
12 303 306 307 308 311 313 316 318 320 322 323 325
12 303 306 307 309 310 312 315 316 321 322 327 330
10 303 305 308 319 320 322 326 330 331 332
13 302 303 305 306 311 316 318 322 324 327 329 330 332
12 302 304 305 306 313 314 315 319 326 328 332 333
14 302 303 305 306 308 311 313 315 320 324 326 328 330 332
11 304 309 311 312 315 317 322 324 325 328 330
7 306 310 316 325 327 330 331
15 304 305 309 312 313 315 317 318 319 320 321 326 330 331 332
6 312 316 317 322 323 331
6 302 306 307 308 326 329
11 304 307 308 309 311 319 321 325 326 329 332
3 306 311 320
5 312 315 319 324 329
9 302 303 304 305 307 309 310 318 331
12 302 303 304 309 311 315 316 319 321 323 325 328
18 305 307 308 310 311 312 313 314 315 317 318 319 320 324 325 329 333 334
7 311 314 317 322 323 325 328
5 302 309 319 328 330
12 306 308 313 316 320 321 326 327 330 332 333 334
5 314 318 324 329 333
26 303 304 305 306 307 308 309 310 311 313 315 316 317 319 320 321 323 325 326 327 328 330 331 332 333 334
6 305 310 321 326 332 334
9 308 313 314 317 321 330 331 332 334
15 302 303 306 313 315 316 320 322 323 324 327 328 331 333 334
21 302 304 305 308 311 313 314 317 318 319 320 323 324 325 326 328 329 331 332 333 334
17 304 306 307 308 309 312 313 314 316 319 320 322 325 326 327 332 333
7 302 312 314 318 322 324 329
11 303 310 316 318 319 321 323 327 331 333 334
8 302 304 307 316 317 323 327 334
7 307 310 312 313 326 331 334
11 303 304 309 314 316 320 324 325 329 332 333
4 312 314 318 325
5 307 312 313 326 331
9 304 308 315 316 317 325 326 331 334
9 302 304 306 313 314 315 326 328 332
14 303 304 308 314 316 317 320 323 326 329 330 331 332 333
2 306 334
12 302 308 311 313 317 323 324 326 328 329 332 333
7 304 306 313 314 326 332 333
11 302 303 310 312 315 318 323 324 326 329 333
5 316 318 319 321 331
2 302 330
3 305 321 326
8 304 308 315 316 317 326 331 334
5 306 316 327 330 331
7 303 304 318 324 326 332 333
10 302 303 307 308 323 324 325 327 329 333
11 304 307 312 316 317 319 322 323 327 329 334
5 305 310 312 317 330
2 305 308
10 302 310 311 317 319 321 322 323 328 330
12 303 305 309 310 311 314 319 321 322 323 324 330
8 308 309 315 319 321 325 328 333
9 308 313 316 321 327 330 332 333 334
4 312 315 319 324
19 302 303 305 307 309 312 313 314 318 319 320 321 322 323 324 328 330 332 333
5 306 310 325 330 331
9 302 303 305 306 315 324 326 330 332
6 303 306 307 316 322 327
1 311
11 306 308 310 311 314 316 322 324 327 333 334
12 304 306 307 308 309 312 313 319 320 322 325 333
5 305 314 317 318 330
7 303 308 309 312 318 320 334
3 309 319 328
9 305 307 308 314 320 321 323 324 329
8 303 305 308 319 320 326 331 332
8 302 306 311 315 324 328 330 332
12 305 307 311 312 315 317 318 319 320 324 325 334
4 308 329 330 332
18 303 304 305 306 308 311 313 314 315 318 320 324 325 326 327 329 333 334
17 303 304 305 306 308 310 313 315 317 320 323 325 326 328 331 333 334
9 306 307 311 316 318 320 322 323 325
9 304 307 312 314 316 319 325 332 333
7 306 320 323 324 325 329 332
3 302 319 330
4 312 317 322 331
19 302 305 306 307 310 313 315 316 319 321 322 323 326 327 328 329 330 331 334
8 304 305 306 313 314 315 328 332
5 304 306 308 327 334
15 305 309 311 312 313 314 318 319 320 321 322 324 328 330 332
1 311
14 305 306 307 308 311 313 315 318 324 325 326 327 333 334
18 303 305 306 307 308 309 310 315 316 319 320 321 322 323 327 330 331 333
5 302 307 316 317 327
5 302 312 322 324 329
11 302 303 307 310 314 316 324 325 327 329 333
9 308 311 312 314 319 320 321 323 329
13 303 305 311 314 315 320 321 325 326 327 329 332 334
9 309 310 314 316 318 321 323 325 333
8 306 313 314 317 318 322 327 332
5 314 317 330 332 334
14 305 306 308 310 312 313 314 317 322 324 327 331 332 333
9 303 306 308 311 313 316 318 320 322
4 311 314 322 325
3 310 319 333
2 323 328
3 316 330 332
8 302 306 309 314 317 318 326 334
7 303 307 313 316 322 323 325
6 311 314 317 322 323 328
6 303 306 309 316 321 322
7 303 308 311 313 316 318 323
3 313 331 334
8 303 311 313 316 317 318 327 328
7 302 303 306 308 324 326 328
5 306 316 325 330 331
4 313 314 320 332
7 302 303 304 322 328 333 334
9 304 306 308 315 316 317 325 327 334
5 306 309 312 313 315
7 305 308 315 320 324 330 332
1 306
4 302 308 326 329
2 314 324
1 332
10 307 308 310 323 325 327 328 329 333 334
5 309 311 312 322 330
3 314 318 330
6 304 316 322 325 327 328
9 307 308 309 312 316 319 322 326 327
12 302 306 312 313 314 315 317 318 324 325 326 333
11 302 306 312 313 314 315 317 324 325 326 334
7 303 305 319 320 322 330 331
2 311 323
5 302 303 304 307 318
6 302 303 309 324 327 332
2 329 330
15 304 306 307 308 309 312 313 319 320 322 325 326 327 332 333
9 305 307 308 311 314 320 321 324 329
16 304 307 309 312 314 316 317 318 319 321 323 327 329 331 333 334
7 309 320 323 324 325 329 332
7 306 307 310 312 315 321 327
14 302 303 305 310 311 317 318 321 323 324 328 329 330 334
1 323
7 304 308 315 317 325 327 334
9 305 306 308 311 320 324 326 328 330
8 311 312 314 319 320 321 323 329
3 313 314 320
16 302 305 307 312 316 319 320 321 323 324 326 327 329 332 333 334
1 304
9 302 303 304 308 311 317 318 322 328
5 311 314 317 325 328
4 302 307 326 329
6 303 308 319 320 330 331
3 310 333 334
7 302 306 309 312 317 318 326
10 303 307 308 311 313 316 318 320 322 325
7 302 303 306 313 322 327 331
11 305 307 308 310 313 315 318 320 329 333 334
3 324 329 333
6 305 310 312 317 318 330
11 302 303 306 311 316 318 322 327 329 330 332
11 305 310 314 315 320 322 323 325 326 329 333
6 303 304 313 317 318 321
11 302 304 309 314 315 317 319 328 330 331 333
8 303 305 307 310 319 320 321 331
8 303 306 307 308 313 318 320 322
8 304 312 317 324 327 329 331 333
4 302 319 328 330
10 302 303 304 308 311 316 317 318 322 328
14 302 303 305 306 307 309 313 316 320 326 327 329 331 333
7 302 304 309 312 318 324 327
5 311 314 317 322 323
20 303 304 305 306 308 309 310 311 313 315 317 319 320 321 323 325 326 327 331 333
9 304 305 309 313 315 317 318 321 330
7 303 307 308 309 322 324 334
8 306 309 311 312 313 321 325 328
2 311 323
8 302 304 306 323 326 327 328 332
17 302 308 311 313 314 317 318 319 320 323 324 328 329 331 332 333 334
9 305 306 308 310 314 317 318 326 332
8 306 313 317 326 327 331 332 333
19 303 304 306 307 308 309 311 313 315 317 319 321 323 325 326 328 330 333 334
8 305 307 308 314 320 321 323 324
4 325 327 330 331
9 303 307 308 312 318 320 321 329 334
8 303 305 308 319 320 322 331 332
2 304 314
15 302 305 307 310 312 320 321 322 323 324 326 327 329 332 333
15 304 305 306 307 308 311 313 314 315 318 321 325 327 329 333
20 302 305 306 307 308 309 310 313 315 319 320 323 326 327 328 329 330 331 333 334
4 304 316 329 330
8 304 308 311 316 318 322 327 328
2 310 333
6 306 309 323 324 325 331
4 302 309 319 328
10 303 305 308 313 315 320 324 326 330 332
10 304 309 315 317 319 324 327 328 331 333
11 305 308 311 313 315 318 321 324 326 327 333
7 303 310 320 321 322 327 331
17 302 304 305 308 311 313 314 318 324 325 326 328 329 331 332 333 334
8 303 318 319 321 323 327 333 334
3 307 312 315
13 304 307 308 309 312 316 319 320 325 326 327 332 333
8 302 305 307 311 313 318 319 334
11 303 304 309 312 314 316 318 320 324 326 332
8 302 303 305 311 318 322 324 332
9 304 309 311 312 317 322 324 325 330
6 302 303 311 315 321 323
8 306 323 324 326 329 330 331 332
11 302 303 305 306 313 315 320 326 328 330 332
2 310 319
13 302 306 307 309 313 315 318 319 321 322 324 328 334
16 303 305 308 309 313 315 316 321 323 326 327 329 330 331 333 334
3 305 321 334
10 302 303 306 311 322 323 324 328 329 334
11 302 303 305 311 318 322 324 327 329 330 332
7 303 312 318 321 324 327 332
16 302 305 307 308 309 310 313 315 319 320 322 326 329 330 331 333
8 303 305 307 310 320 321 322 327
5 305 310 312 318 330
8 307 308 312 314 319 321 324 329
5 305 310 312 314 317
5 305 310 312 317 318
10 303 310 312 314 316 317 323 326 330 332
6 302 303 304 305 309 310
7 305 306 313 314 315 328 333
8 305 310 314 317 318 324 326 327
9 302 305 312 316 320 324 329 333 334
2 313 320
6 304 312 314 318 324 325
2 313 317
8 304 309 318 322 326 328 333 334
9 309 312 319 324 328 329 330 331 333
4 305 310 314 330
7 304 311 312 317 318 325 332
3 307 326 334
11 305 307 310 311 315 320 322 325 328 329 334
6 306 312 315 321 322 327
14 303 305 307 308 311 313 315 320 321 324 325 332 333 334
10 303 304 308 313 316 317 318 322 327 328
8 303 304 312 316 324 325 326 329
6 302 303 304 315 325 328
2 306 311
6 308 311 312 319 324 329
18 303 304 305 306 307 308 313 314 315 318 320 321 325 326 327 329 332 334
9 302 303 311 315 316 319 321 323 325
11 302 309 312 317 319 324 327 328 329 330 333
1 314
5 306 310 316 327 331
8 303 309 312 314 318 324 332 333
17 304 305 308 313 314 317 318 320 323 324 325 326 328 329 331 333 334
15 302 304 311 313 314 317 318 319 323 324 325 326 332 333 334
4 317 322 323 325
16 303 305 307 308 310 313 315 319 320 321 322 326 329 330 331 333
7 302 303 305 318 322 327 330
3 312 314 317
14 307 308 310 311 312 313 315 317 319 324 325 329 333 334
5 306 307 308 326 329
10 303 305 306 315 318 320 325 327 333 334
8 303 313 315 316 320 322 327 333
16 303 304 306 307 308 311 313 314 315 318 324 325 326 329 332 334
10 307 312 313 314 316 319 320 322 325 332
7 303 305 308 322 330 331 332
2 329 333
11 303 315 316 322 323 324 327 328 331 333 334
6 302 303 305 306 318 332
8 306 310 312 313 315 321 325 328
16 304 307 309 310 312 314 316 317 319 322 323 325 327 329 331 334
7 305 307 308 312 321 323 329
13 308 313 314 317 319 323 324 325 326 328 331 332 334
8 302 305 310 315 318 323 326 329
9 303 315 318 321 323 324 328 330 331
10 307 312 316 320 321 323 324 327 332 333
7 306 312 313 314 315 325 326
6 306 309 320 323 329 330
7 302 303 304 305 307 310 331
16 303 304 306 307 311 313 314 315 320 321 324 325 327 332 333 334
6 303 305 310 319 327 331
4 302 306 307 329
5 311 317 325 330 331
8 303 306 309 310 312 315 316 327
5 306 316 325 327 330
14 303 305 306 307 310 313 316 317 321 325 327 328 331 332
2 323 328
13 302 310 311 313 315 317 321 322 323 327 328 330 331
4 316 319 327 328
3 302 319 328
3 305 306 334
10 302 306 313 316 320 322 323 327 328 331
12 303 305 307 310 311 314 318 319 324 328 329 332
11 302 303 306 311 314 316 322 327 328 329 334
4 312 313 331 334
12 306 307 309 311 313 315 319 321 322 324 328 334
3 310 321 334
7 310 311 317 323 325 330 331
14 302 304 305 308 311 313 314 317 318 319 320 323 324 328
3 307 329 330
4 305 307 309 331
3 318 324 333
20 302 304 305 306 311 312 313 314 316 317 318 319 320 324 325 326 327 328 329 333
22 303 304 305 306 307 308 309 310 312 314 316 317 320 321 322 323 326 327 328 331 333 334
20 305 306 307 308 309 310 312 313 315 316 319 320 322 324 325 326 327 328 329 332
17 303 304 305 306 307 309 312 313 318 320 322 323 324 325 326 327 328
17 302 303 305 306 307 310 312 314 315 319 320 322 325 328 329 333 334
20 302 303 304 307 309 312 314 315 316 317 318 320 321 322 323 325 326 331 332 334
19 302 303 304 305 306 307 310 315 318 319 321 322 323 325 326 327 328 330 334
15 303 304 306 308 311 313 315 316 318 321 322 323 324 327 334
12 305 308 314 315 318 320 321 325 327 329 330 331
16 302 303 304 305 312 313 314 316 317 318 319 320 323 327 328 334
16 302 303 307 310 313 315 318 319 321 322 323 325 328 331 332 333
20 302 303 305 306 307 308 309 312 314 320 321 322 323 324 325 326 329 330 331 333
20 302 303 304 308 310 311 312 314 315 316 317 319 322 323 324 326 327 332 333 334
16 302 304 307 309 312 313 314 316 318 321 323 324 325 327 331 334
12 302 305 308 309 312 313 318 320 321 322 333 334
18 303 305 307 308 309 311 312 315 317 319 320 321 325 328 330 331 332 334
18 303 304 305 306 307 309 312 314 318 319 321 323 325 328 329 331 332 333
20 302 304 305 306 307 308 309 310 312 313 315 316 319 322 323 324 327 329 330 334
17 305 308 311 312 314 315 320 321 323 325 326 327 328 329 330 332 334
12 306 309 310 311 312 317 323 324 325 326 327 331
14 302 303 305 307 311 312 314 316 317 321 323 329 331 334
19 304 306 307 308 309 310 312 313 314 316 317 319 320 321 323 327 329 330 332
21 302 303 304 309 312 313 314 315 316 318 319 323 324 325 326 327 328 329 330 331 332
11 303 307 310 311 314 317 320 323 325 327 331
22 303 304 306 307 308 309 310 311 313 315 317 319 320 323 324 325 326 327 329 330 331 334
11 302 303 307 309 315 318 319 322 327 329 334
16 303 304 310 311 312 314 315 319 321 325 326 327 329 330 332 333
16 302 304 305 306 311 313 316 319 320 324 326 329 331 332 333 334
16 304 305 306 307 309 311 313 316 319 321 323 326 327 329 331 333
16 303 305 307 308 309 313 314 315 319 320 323 324 325 326 329 333
21 304 306 307 308 309 310 311 312 315 317 318 320 321 322 324 328 329 331 332 333 334
17 302 303 304 307 310 311 313 320 322 324 326 327 328 329 330 332 333
20 302 303 304 305 310 312 313 314 315 316 320 321 322 323 326 330 331 332 333 334
21 303 305 307 309 310 311 312 313 314 316 318 319 321 322 323 328 330 331 332 333 334
20 303 304 306 307 308 309 310 311 312 314 319 321 322 323 324 325 327 330 331 332
9 303 304 310 316 320 323 326 330 333
17 302 306 309 310 311 312 313 320 321 322 323 325 326 327 329 332 334
15 302 303 307 308 310 313 314 315 318 322 323 326 327 328 331
18 302 303 304 307 311 313 314 316 317 318 320 322 327 328 329 330 332 333
22 302 304 308 309 310 311 312 313 314 315 316 317 318 320 322 325 326 329 330 331 333 334
22 302 303 305 307 308 310 312 313 314 315 317 319 322 325 326 327 328 329 330 331 332 333
10 306 315 316 318 320 322 324 326 333 334
17 302 304 306 308 309 311 314 316 318 323 324 325 326 327 331 332 333
14 302 308 310 311 312 313 314 318 323 325 327 329 331 334
13 303 305 308 312 315 316 320 326 330 331 332 333 334
14 303 304 308 311 314 315 318 320 323 325 329 331 333 334
10 302 304 305 309 310 320 323 324 327 329
21 302 304 305 307 308 309 310 312 315 319 321 323 325 326 327 329 330 331 332 333 334
10 306 307 309 318 320 322 326 327 330 332
16 303 304 306 308 309 310 313 316 317 319 321 324 326 327 333 334
21 303 304 305 309 310 311 312 313 314 317 318 320 321 322 324 325 327 330 331 332 333
11 302 304 306 311 314 320 326 328 329 333 334
19 304 305 306 307 308 309 310 312 313 315 316 318 323 326 328 329 330 331 333
18 302 304 305 310 311 312 313 316 319 320 321 323 324 325 326 328 331 334
16 302 303 306 307 309 311 312 319 321 322 324 326 327 330 332 333
13 302 307 311 314 315 317 321 323 325 326 328 331 333
17 302 303 304 306 308 309 310 312 313 314 317 318 322 323 326 330 331
18 302 303 304 306 311 312 313 318 319 322 327 328 329 330 331 332 333 334
21 303 306 307 309 311 313 315 316 317 318 319 320 321 323 325 327 328 329 330 331 334
11 302 308 322 323 324 325 327 329 332 333 334
22 302 304 306 307 308 310 311 312 315 316 317 318 319 321 322 324 326 328 330 331 332 334
11 303 306 307 308 310 314 320 324 328 331 334
22 303 307 308 309 310 312 313 314 315 317 318 319 320 321 322 323 325 327 328 331 332 333
15 302 303 304 306 307 311 312 314 318 320 321 322 326 328 331
12 306 308 309 310 311 312 317 322 325 326 330 333
14 302 307 309 310 311 312 313 320 321 323 326 329 331 332
12 304 305 308 311 313 315 319 320 323 327 328 330
19 302 303 305 308 310 312 315 316 317 321 322 323 324 327 328 329 331 332 333
22 302 303 304 306 309 311 312 314 315 316 318 319 320 321 322 323 324 326 328 330 332 333
16 302 303 305 307 309 310 313 314 315 319 321 322 325 327 330 334
21 303 304 305 306 308 309 310 313 315 318 319 320 321 322 325 329 330 331 332 333 334
19 306 309 311 313 314 317 318 319 320 324 325 326 327 328 329 330 331 333 334
10 307 308 313 314 318 323 325 326 329 330
15 304 305 307 310 313 316 318 320 322 323 324 327 328 332 334
12 302 309 311 312 315 319 321 323 327 329 331 334
12 302 306 312 316 318 319 322 323 325 326 328 329
16 305 307 311 312 313 318 320 321 326 327 328 329 330 331 332 334
16 302 303 304 305 306 307 310 315 317 318 321 323 324 328 329 333
21 302 304 305 306 307 308 309 310 313 315 317 318 320 321 322 324 325 327 328 330 333
13 302 304 309 311 313 314 319 323 325 327 329 331 334
16 304 305 306 309 312 316 319 321 324 325 326 328 330 332 333 334
18 302 303 305 306 308 312 313 315 316 317 319 320 321 323 327 328 330 332
12 304 307 309 310 317 319 322 324 328 330 332 334
13 305 306 312 314 316 323 325 326 328 330 331 332 334
19 303 304 306 307 308 309 310 314 315 316 317 319 320 321 323 324 327 328 329
13 303 304 308 309 313 314 315 317 319 326 329 330 332
11 303 304 307 315 319 327 328 331 332 333 334
20 302 303 306 308 309 312 313 315 316 317 319 322 323 324 325 327 328 329 331 334
13 302 305 308 309 310 315 321 324 325 326 327 329 333
14 303 305 306 307 308 311 314 315 324 326 329 331 332 333
10 304 305 307 309 316 321 325 326 328 334
19 303 304 305 309 311 312 314 319 320 322 324 325 326 327 329 330 331 332 334
22 302 304 305 306 308 309 310 312 314 316 317 319 320 321 323 324 326 327 328 330 331 332
15 305 306 309 310 311 312 313 319 321 323 324 327 328 331 332
20 302 303 309 310 311 312 315 317 318 319 320 321 322 324 325 330 331 332 333 334
10 304 306 309 312 313 315 324 327 333 334
13 302 305 309 312 318 319 320 321 323 329 330 331 334
15 303 310 311 312 314 320 321 322 324 326 327 328 331 332 334
14 304 305 308 310 313 316 317 318 320 324 326 327 329 330
15 305 306 312 313 317 318 319 323 325 326 329 331 332 333 334
16 302 303 304 307 311 312 313 314 316 319 320 323 326 327 330 333
11 307 311 312 313 314 315 317 321 330 332 334
10 304 309 310 314 317 321 322 328 332 333
14 304 306 307 308 315 319 321 322 324 325 327 330 331 332
17 304 306 307 308 310 311 314 315 316 317 318 322 327 328 329 331 333
22 302 303 304 305 306 307 310 312 313 316 318 319 321 322 324 325 326 328 330 331 332 334
16 302 304 306 311 312 313 314 316 320 321 323 326 328 329 330 333
22 304 306 309 310 311 312 313 314 315 317 318 322 323 324 325 326 327 330 331 332 333 334
16 302 303 304 307 308 315 316 317 319 320 322 324 325 326 329 331
10 302 308 311 312 314 319 321 322 323 326
20 302 303 304 305 306 307 308 309 313 317 318 319 322 324 325 327 328 329 330 331
14 307 308 309 313 315 317 319 320 321 327 328 329 332 334
13 302 305 309 310 312 315 317 319 322 325 328 330 334
17 303 308 309 310 311 314 316 317 318 323 324 325 327 328 330 331 332
17 303 305 307 308 312 314 315 316 318 319 320 324 325 326 329 332 333
14 304 305 309 311 314 315 316 321 323 325 326 330 332 333
20 302 304 307 308 309 310 314 315 316 320 322 323 324 327 329 330 331 332 333 334
11 304 306 311 312 317 319 320 326 327 330 334
19 302 306 307 309 311 312 313 314 316 317 320 321 322 326 329 330 332 333 334
22 303 304 305 306 307 308 309 313 315 316 318 319 320 323 324 325 326 328 330 332 333 334
21 304 305 306 309 311 312 313 315 319 320 322 323 325 327 328 329 330 331 332 333 334
19 302 303 304 305 306 307 309 310 312 313 317 320 321 326 328 330 331 333 334
12 304 307 314 316 317 322 324 326 327 328 329 333
13 303 309 310 311 314 316 321 322 324 329 330 332 333
14 302 309 310 313 314 316 317 318 320 323 326 330 331 332
18 304 307 308 312 313 315 316 317 318 319 320 321 323 325 326 327 333 334
10 305 307 309 310 311 315 321 327 332 334
14 305 306 310 311 313 314 316 318 320 323 328 331 333 334
16 302 303 305 309 310 313 318 319 320 321 322 326 327 329 330 334
10 302 310 312 316 320 323 325 327 332 333
18 302 304 306 308 312 313 315 316 320 321 322 323 324 325 326 328 332 334
20 304 305 306 309 310 313 314 315 317 320 321 322 323 325 326 327 328 329 332 333
22 302 303 304 307 309 311 313 314 316 317 318 319 320 322 323 326 327 329 330 332 333 334
16 304 305 306 309 310 313 315 318 322 323 325 329 331 332 333 334
11 302 304 307 313 317 322 324 325 331 332 334
10 304 305 310 315 320 323 324 327 331 334
20 302 303 304 306 308 309 311 315 316 317 318 320 323 326 327 328 329 330 331 332
15 303 304 307 310 312 313 315 318 319 321 323 324 325 331 333
12 302 303 308 309 310 311 315 317 322 325 326 330
21 302 303 305 307 308 310 311 312 314 315 316 319 322 323 324 325 327 328 331 333 334
18 304 306 307 312 314 315 317 318 321 322 323 324 325 326 327 328 330 334
10 303 305 310 314 321 323 325 326 327 330
21 302 303 306 309 310 311 312 313 315 316 318 319 321 322 323 325 327 329 330 333 334
14 302 304 305 308 310 311 314 319 321 322 324 329 330 332
10 302 306 309 310 311 313 314 315 326 332
19 302 303 304 307 308 309 310 312 313 315 316 317 323 324 325 326 329 331 334
15 303 307 308 309 311 313 315 317 320 322 325 329 331 332 333
14 302 305 306 311 312 316 318 320 321 326 330 332 333 334
21 302 303 304 305 310 311 313 315 316 320 322 324 325 326 327 328 330 331 332 333 334
20 305 306 307 308 311 312 313 314 316 317 319 322 324 325 326 327 328 329 331 334
10 303 307 312 318 323 326 328 329 330 334
10 302 304 306 314 319 320 325 327 329 330
21 302 303 304 305 306 308 311 313 314 315 318 320 321 323 324 325 327 328 329 330 332
21 302 304 305 306 307 308 309 310 311 312 314 316 319 320 321 322 327 328 330 332 334
14 303 304 305 306 308 309 312 322 323 324 326 327 331 333
11 302 304 305 307 309 319 324 325 326 327 329
22 304 305 306 307 309 310 312 313 314 315 316 317 319 321 324 325 326 329 330 331 332 333
18 302 303 305 309 310 312 314 315 316 317 319 321 322 325 328 330 331 332
13 302 304 306 311 314 316 319 321 324 326 328 330 334
16 302 303 304 305 306 308 312 313 314 315 322 327 328 330 332 334
17 303 304 307 310 312 313 314 315 316 318 320 322 323 326 327 330 333
14 305 306 309 310 316 317 319 321 322 323 326 329 330 331
16 302 305 306 308 309 310 311 312 313 317 318 321 327 328 329 333
14 304 308 309 310 312 313 314 315 316 324 328 329 330 332
10 303 306 309 318 320 322 323 326 327 332
21 302 303 304 305 306 308 309 311 312 314 315 316 319 324 325 327 329 330 332 333 334
19 302 304 305 306 307 309 310 313 317 318 319 320 321 323 324 325 328 333 334
21 302 303 305 306 307 308 311 314 315 316 318 320 321 322 324 326 327 328 330 331 334
11 302 303 304 306 308 309 312 317 331 332 334
15 306 308 310 311 312 313 317 318 319 320 321 323 328 331 334
19 302 303 306 307 311 312 313 314 315 318 319 321 323 324 325 326 329 331 333
16 302 303 305 306 310 312 313 316 318 323 324 325 328 332 333 334
16 302 304 308 310 311 312 316 317 319 320 321 324 328 329 332 334
14 303 304 306 307 312 317 319 321 324 325 326 329 330 333
20 302 303 304 306 307 310 312 313 314 316 317 319 321 325 327 328 329 331 332 334
17 304 305 306 310 312 314 315 318 321 323 324 325 326 327 329 330 332
16 303 304 305 306 308 310 311 313 317 318 321 322 324 325 326 332
16 305 306 308 310 311 313 314 316 317 321 324 325 326 329 330 332
19 303 305 306 307 309 312 314 318 319 320 322 323 324 326 327 328 330 331 333
20 302 304 306 308 309 310 311 314 315 316 317 318 319 321 323 324 326 328 329 334
22 303 304 305 308 309 310 311 313 314 315 316 317 318 321 323 324 325 326 328 329 333 334
19 302 303 305 306 307 312 313 315 317 319 321 323 324 325 326 327 328 332 334
22 302 303 304 305 308 309 310 311 312 313 314 317 318 320 321 324 327 328 329 331 333 334
18 303 304 305 306 307 308 311 313 315 317 318 322 323 327 328 330 332 333
11 303 304 305 307 311 319 320 322 323 325 326
22 304 305 306 307 308 309 311 312 314 316 317 318 319 323 325 326 327 328 330 331 332 333
19 305 306 307 308 310 311 312 316 317 319 321 326 328 329 330 331 332 333 334
12 302 303 304 311 312 319 320 321 322 327 328 331
17 302 303 304 305 308 314 317 321 322 323 325 326 327 328 329 330 332
16 302 303 306 307 308 309 310 312 313 314 315 316 327 329 330 334
11 308 309 312 318 319 324 328 329 330 331 333
19 302 303 304 306 310 311 312 313 318 319 320 322 324 325 326 327 328 329 334
21 302 303 304 305 307 312 314 315 316 318 319 320 323 324 325 327 329 331 332 333 334
14 303 304 307 308 312 314 317 318 321 325 327 328 331 334
16 302 304 305 308 309 310 311 314 316 317 318 324 327 328 330 334
17 305 306 311 312 313 314 315 317 319 320 322 323 324 326 329 330 331
19 302 303 308 309 312 313 315 316 318 319 320 321 322 323 324 329 330 331 333
13 304 305 307 310 319 320 322 323 324 326 330 331 334
19 302 303 304 305 306 307 310 312 313 315 316 320 321 323 327 329 332 333 334
14 303 304 305 311 313 316 318 319 320 324 325 327 328 331
20 302 304 305 308 309 310 311 312 314 315 318 319 322 323 324 325 329 331 332 333
16 302 305 306 307 309 311 315 316 318 319 320 324 326 329 330 334
15 302 304 306 311 312 319 321 322 324 327 328 329 330 331 333
15 305 308 309 310 311 312 313 315 320 322 325 326 328 329 331
15 303 305 307 308 312 313 314 319 320 323 324 325 327 330 334
12 303 308 313 315 318 319 320 321 324 326 329 333
10 302 304 311 315 319 321 322 323 330 334
22 305 308 310 312 313 314 316 318 319 320 321 322 323 324 325 326 328 330 331 332 333 334
15 303 305 306 308 309 312 314 319 320 321 322 324 328 332 333
12 308 309 311 314 315 318 320 321 322 326 332 334
14 306 309 310 311 313 314 317 319 322 324 328 330 332 334
17 303 304 305 310 311 313 314 315 317 318 322 323 324 325 330 333 334
20 302 303 307 308 309 310 312 313 315 316 318 319 324 326 327 328 329 330 331 332
18 303 307 310 311 312 313 314 316 317 318 320 324 326 327 331 332 333 334
21 302 303 305 306 307 309 310 312 313 314 315 316 317 319 321 327 328 329 330 331 332
13 303 304 310 313 314 316 319 320 321 322 323 326 329
10 302 303 305 310 311 312 316 318 320 325
21 302 303 305 306 307 308 310 311 312 313 314 317 319 321 324 325 326 327 328 330 331
18 303 305 306 308 309 312 313 316 317 321 322 325 326 327 328 330 332 333
13 304 306 308 311 314 315 317 318 320 324 326 330 333
15 304 309 311 313 315 317 318 320 322 323 325 326 329 331 333
18 303 305 306 308 312 313 315 317 318 319 321 325 327 329 330 331 333 334
11 303 305 310 311 313 318 321 322 323 325 329
13 303 306 307 309 310 312 313 314 318 322 328 329 330
14 310 311 313 316 320 321 322 323 324 329 330 331 332 334
18 302 304 305 306 307 311 312 314 317 318 319 320 323 326 330 332 333 334
12 304 305 306 309 314 322 323 327 328 329 332 334
14 303 305 306 314 316 319 320 321 322 324 331 332 333 334
19 303 304 307 308 312 314 316 317 320 322 323 324 325 326 328 329 332 333 334
14 303 306 308 312 314 315 321 323 324 326 329 330 332 333
16 302 303 307 309 310 311 314 315 316 317 318 322 326 328 330 331
12 306 308 311 312 317 319 322 323 325 327 328 334
16 303 304 305 306 308 313 314 315 316 319 320 324 325 328 333 334
11 307 310 313 314 316 322 326 328 332 333 334
19 302 303 304 306 308 310 312 313 314 316 317 318 320 321 322 324 328 332 333
14 302 303 304 306 308 311 316 318 319 322 323 324 327 334
21 302 303 304 307 308 310 311 312 314 315 319 320 322 325 326 327 328 329 330 333 334
20 303 304 305 307 308 309 312 313 314 315 316 322 326 327 328 329 330 331 333 334
18 302 303 304 307 310 314 316 319 320 322 324 325 326 327 328 329 330 334
15 309 310 315 317 318 321 322 323 324 325 328 329 330 331 333
14 302 304 305 306 307 308 311 318 319 323 325 326 329 333
22 302 303 305 306 307 308 309 313 315 316 317 319 320 321 323 326 327 328 330 331 333 334
15 306 307 310 311 314 315 316 317 319 322 323 326 330 332 333
18 305 306 309 311 312 313 315 317 318 319 320 321 323 326 327 329 332 334
15 304 305 310 313 314 316 317 318 321 324 326 328 329 330 331
20 302 305 306 310 311 312 314 315 316 318 320 321 322 325 326 327 328 329 330 333
18 302 303 304 306 307 308 311 312 317 318 319 321 322 323 326 330 332 334
11 304 308 309 310 313 323 325 327 328 331 332
14 302 303 304 305 309 310 316 320 321 322 324 327 329 331
16 303 304 306 308 310 312 313 314 316 317 321 322 323 325 331 334
11 302 305 310 312 317 318 319 320 322 327 328
10 303 310 311 313 318 320 324 326 330 332
16 303 304 309 310 311 312 318 319 320 321 322 325 326 328 331 333
11 303 306 307 310 311 314 323 327 330 331 333
22 302 303 305 306 307 309 310 311 313 314 315 317 318 319 321 323 326 328 329 332 333 334
18 303 305 307 308 310 311 312 313 315 316 318 320 321 323 324 327 328 329
17 303 304 307 308 310 311 313 314 315 316 317 319 320 321 322 327 332
16 303 304 307 308 309 311 312 313 320 321 322 326 327 329 331 333
18 303 304 306 307 308 309 311 312 313 315 319 320 322 323 325 328 329 334
14 303 305 306 317 318 320 321 323 327 329 330 331 332 334
18 303 304 305 306 307 308 309 312 313 314 315 317 321 327 328 329 330 333
18 302 304 306 310 311 312 314 315 321 322 323 324 325 328 329 330 331 332
15 303 304 307 311 314 315 316 320 322 323 327 330 331 332 333
