418 2031
46 1 2 3 4 5 6 7 8 9 10 11 12 13 14 15 16 17 18 19 20 21 22 23 24 25 26 27 28 29 30 31 32 33 34 35 36 37 38 39 40 41 42 43 44 45 46
33 2 3 4 6 7 8 10 11 12 13 14 15 16 17 18 21 23 24 25 26 27 28 29 32 33 36 37 38 39 40 44 45 46
32 1 2 4 5 8 11 12 13 14 15 17 18 19 20 23 24 25 27 28 29 30 31 33 34 35 36 39 40 42 43 44 45
25 2 4 5 8 9 10 14 15 16 17 18 19 20 22 24 26 28 30 33 35 37 38 43 44 46
27 1 3 6 8 10 11 12 15 16 17 19 22 25 27 29 30 31 32 33 34 35 36 37 39 41 44 46
32 1 4 5 6 7 8 9 12 13 17 18 19 21 24 25 27 29 30 31 32 33 34 35 36 37 38 39 40 41 43 44 45
34 1 2 3 4 5 6 7 8 9 10 11 12 13 14 15 17 18 20 21 22 23 25 26 29 30 31 32 33 34 35 37 41 43 45
33 2 3 4 5 6 8 9 10 12 13 14 15 16 17 21 22 23 24 25 26 27 28 31 32 33 34 36 37 38 39 41 42 45
32 1 2 4 5 6 7 9 11 12 13 14 15 16 17 18 20 21 24 26 28 30 31 34 35 36 38 39 41 43 44 45 46
34 1 2 3 4 5 6 7 8 9 11 12 13 14 15 19 20 21 22 25 26 27 30 31 33 34 35 37 38 39 41 42 43 45 46
35 1 2 3 4 5 6 7 8 9 10 12 13 14 15 16 17 18 19 20 21 22 23 24 26 29 31 33 35 36 37 38 39 40 42 45
15 1 2 3 7 9 11 14 15 24 31 32 35 38 40 46
35 1 2 3 4 5 6 7 8 9 10 12 13 15 18 19 20 21 22 23 24 25 26 28 29 31 32 34 35 38 39 40 41 44 45 46
13 7 13 16 17 19 20 25 31 37 40 41 43 44
23 3 5 6 9 12 15 16 19 21 23 24 25 26 27 29 30 32 33 35 41 43 44 46
28 2 4 5 6 7 8 9 11 12 15 16 17 18 19 20 23 24 25 26 27 31 33 35 38 42 43 44 45
15 1 14 15 17 19 20 25 26 31 32 34 35 37 40 46
34 3 5 6 7 8 13 14 15 16 17 18 19 21 22 23 24 25 26 27 28 29 30 32 33 34 35 37 38 39 40 42 43 45 46
27 1 2 3 5 6 7 9 10 11 13 15 16 20 22 24 25 27 28 29 30 31 34 35 37 41 43 46
35 2 3 5 6 7 8 9 10 11 12 13 14 15 17 18 19 20 21 22 25 26 27 28 29 30 31 32 33 34 38 39 40 42 43 46
36 1 2 3 4 5 6 7 9 10 12 13 15 16 19 20 21 23 24 26 27 28 30 31 32 33 34 37 38 39 40 41 42 43 44 45 46
36 1 4 5 6 7 8 9 11 12 14 16 20 21 22 23 24 25 26 27 28 29 30 31 32 33 34 35 36 37 38 39 40 42 43 45 46
14 1 3 6 11 13 14 15 22 26 29 30 32 37 41
34 1 2 3 4 5 6 7 8 9 11 12 13 14 15 16 17 19 21 22 23 24 25 26 28 32 33 34 35 36 37 38 39 42 43
31 1 3 4 5 6 7 8 10 11 13 14 17 18 20 21 22 25 27 28 29 30 31 32 33 34 35 36 37 41 44 45
35 2 3 4 5 8 9 10 13 14 15 16 18 20 21 22 23 24 25 26 27 28 29 30 32 33 34 35 36 37 38 40 41 42 45 46
16 2 7 9 10 11 13 14 15 19 28 31 32 33 36 39 42
20 6 7 8 10 11 12 17 19 20 24 25 27 30 33 37 39 42 43 45 46
16 8 14 15 17 20 23 25 26 27 28 30 32 35 38 40 41
36 1 2 3 4 5 7 9 10 13 14 15 16 18 19 20 22 23 24 25 26 27 28 29 30 32 33 34 36 37 38 39 40 42 43 45 46
20 1 3 5 6 7 8 9 11 12 16 17 20 30 32 37 38 40 43 45 46
19 1 2 10 11 12 14 15 18 19 24 29 30 32 33 36 39 41 43 46
22 3 5 7 8 9 11 12 13 19 22 26 27 29 31 32 34 35 38 40 43 45 46
31 2 3 4 5 7 8 9 10 11 12 13 15 17 18 19 24 25 27 28 29 30 32 33 35 37 38 39 40 43 44 45
33 2 3 4 6 8 9 10 11 12 14 15 16 17 18 19 20 21 22 25 27 28 29 30 31 32 33 34 35 38 40 42 44 46
29 1 4 6 8 9 10 12 14 15 17 18 20 21 24 25 26 29 30 32 33 37 38 39 41 42 43 44 45 46
21 1 5 8 10 11 12 15 16 18 19 23 27 28 32 33 37 39 41 42 45 46
27 3 5 7 10 11 12 13 15 17 20 22 23 24 27 28 29 31 33 34 36 37 38 39 40 41 43 46
31 1 2 3 5 7 9 12 13 14 16 17 18 19 20 21 23 24 25 27 28 30 31 33 35 36 40 42 43 44 45 46
31 1 4 6 7 9 10 11 12 15 16 17 18 20 21 22 23 24 25 26 28 29 31 32 34 36 39 40 42 43 44 46
28 2 5 9 10 12 13 14 16 17 18 23 24 25 26 28 30 31 33 34 35 37 38 39 40 41 42 43 46
31 1 2 5 7 8 9 11 13 14 15 17 19 21 23 24 26 28 29 31 32 34 35 37 38 39 40 41 42 43 44 46
19 1 3 4 9 16 18 19 20 22 24 25 27 29 30 31 34 40 42 45
15 1 10 13 15 20 23 27 28 29 34 36 38 42 44 46
30 2 3 4 6 8 9 10 11 12 14 15 17 19 21 22 24 25 27 28 29 30 33 34 36 37 38 39 40 42 43
27 1 2 3 6 8 9 11 13 14 16 18 19 21 22 23 24 28 29 30 31 33 39 40 41 42 44 46
14 4 5 6 15 21 22 25 27 30 33 34 42 44 46
34 2 3 5 7 10 11 12 13 15 16 17 18 19 20 21 23 24 25 26 28 30 32 34 35 36 37 38 39 41 42 43 44 45 46
15 10 11 16 17 18 19 21 23 25 32 36 39 43 44 45
15 4 8 14 19 21 22 25 27 29 30 34 36 38 39 42
36 1 3 4 5 6 7 9 11 12 13 14 15 16 17 18 19 22 23 24 26 27 30 31 33 34 35 36 37 38 39 40 41 42 43 44 46
31 1 5 6 7 8 9 12 13 14 16 17 18 19 20 21 22 23 24 25 26 27 31 35 36 37 38 39 42 44 45 46
18 3 5 7 8 13 15 18 19 23 26 27 29 31 32 34 35 39 41
25 1 2 3 6 7 9 13 14 15 18 19 20 21 24 28 29 30 34 35 37 38 40 42 44 45
19 4 10 11 13 15 18 22 26 28 32 33 34 35 39 40 41 42 43 45
18 1 2 4 8 9 10 16 18 24 25 27 29 30 31 32 38 41 44
16 4 9 11 12 13 16 17 19 22 23 26 27 36 37 38 39
32 3 4 5 6 7 8 9 10 11 12 13 14 16 17 19 21 22 23 25 26 27 28 29 30 32 35 36 37 39 40 43 46
34 4 5 6 7 8 10 11 12 13 15 16 17 19 20 21 22 24 26 27 28 29 30 31 34 35 37 38 39 40 41 42 44 45 46
30 2 3 4 5 7 8 11 13 14 15 16 18 19 21 22 23 24 25 26 27 31 32 35 36 40 42 43 44 45 46
19 1 3 5 6 7 8 10 12 14 18 19 21 27 33 35 36 41 43 46
17 1 5 6 7 8 10 11 16 17 19 26 28 29 37 38 45 46
32 1 2 3 4 5 6 7 9 11 12 13 14 16 17 18 19 20 21 24 27 29 30 31 33 34 36 37 38 39 41 42 46
21 3 4 5 7 8 11 17 18 21 23 25 28 31 34 36 38 42 43 44 45 46
27 3 4 5 9 10 11 14 17 18 19 22 24 25 27 28 30 32 33 35 38 39 40 41 42 43 45 46
36 2 4 5 6 7 8 9 10 11 12 13 14 16 17 18 20 21 23 24 25 26 30 31 32 33 34 35 36 38 39 40 41 42 43 45 46
30 3 4 11 12 13 14 16 18 20 21 22 23 24 26 27 28 30 31 32 34 35 36 37 38 40 41 42 43 45 46
18 2 3 4 6 9 12 16 18 20 21 24 30 32 36 37 39 40 45
29 2 3 4 5 6 8 9 10 11 12 14 15 16 17 18 20 22 23 25 27 28 30 31 33 34 39 40 41 44
30 1 4 5 8 9 10 11 12 14 16 17 19 20 21 23 24 25 26 27 28 30 31 32 33 34 38 41 43 44 46
39 47 48 49 50 51 52 53 54 55 56 57 58 59 60 61 62 63 64 65 66 67 68 69 70 71 72 73 74 75 76 77 78 79 80 81 82 83 84 85
14 52 55 57 59 61 62 63 68 74 75 78 83 84 85
26 47 48 49 50 52 53 54 56 57 59 60 61 62 64 66 69 71 72 74 75 76 79 80 81 84 85
12 47 52 57 60 61 63 67 73 77 79 83 84
18 50 51 59 61 63 65 66 67 68 69 72 73 75 76 78 80 82 83
12 52 54 67 68 69 74 75 79 80 81 83 85
13 49 55 61 62 64 65 68 74 75 77 78 80 84
12 47 48 52 58 60 61 62 64 70 76 80 83
30 47 48 49 51 53 54 56 57 58 61 63 64 65 67 68 70 71 72 73 74 75 77 78 79 80 81 82 83 84 85
29 48 49 50 54 55 56 57 58 61 62 63 64 65 66 67 68 69 70 73 74 75 76 77 78 79 81 82 83 85
16 47 50 52 54 56 58 59 67 70 73 76 77 82 83 84 85
15 48 49 50 53 55 58 60 65 67 68 72 75 76 78 80
29 49 50 52 53 54 56 57 58 59 60 62 63 64 65 66 68 69 70 71 74 75 76 77 78 79 80 81 82 85
15 50 52 58 59 62 63 65 66 70 74 75 79 82 83 84
21 47 52 55 57 58 59 60 61 62 66 67 69 71 74 75 76 77 79 81 82 85
17 47 49 50 51 52 58 59 61 64 67 70 72 73 76 78 79 85
12 48 49 59 65 66 67 71 74 75 77 81 85
26 47 48 49 51 52 53 54 55 56 57 62 63 64 66 67 68 69 70 71 72 73 77 78 80 83 84
12 51 54 56 58 59 62 65 69 70 74 83 84
17 49 52 56 57 61 63 68 69 72 74 76 77 79 80 82 84 85
27 48 49 50 55 57 58 60 61 62 63 65 66 68 69 71 72 73 74 75 76 77 78 80 81 82 84 85
14 49 52 54 56 58 59 64 65 73 77 81 83 84 85
15 47 48 50 58 60 61 68 70 71 73 77 79 80 81 84
19 48 51 52 54 55 57 61 62 63 69 72 75 76 77 79 81 82 84 85
13 49 50 53 54 57 62 64 65 71 81 82 83 84
24 47 48 50 51 52 54 55 58 59 60 63 64 65 68 71 73 74 75 77 78 79 80 81 85
30 47 48 49 50 51 52 53 54 55 56 58 60 61 63 65 66 67 68 69 71 72 74 75 77 78 79 80 81 84 85
15 47 48 52 57 58 61 62 66 67 69 71 73 74 75 80
13 47 49 55 59 60 61 65 66 69 75 77 78 81
29 48 49 50 53 54 58 59 61 62 64 65 66 67 68 69 70 71 73 74 76 77 78 79 80 81 82 83 84 85
30 48 49 50 52 54 55 56 57 59 61 62 63 64 66 69 70 71 72 73 74 75 76 77 78 79 80 81 82 83 85
26 49 50 51 56 57 59 60 61 62 63 64 66 68 69 70 71 74 75 76 77 78 79 80 81 83 84
21 48 49 50 51 53 54 56 57 62 63 65 66 67 69 73 75 76 77 79 83 84
19 50 52 53 55 58 60 65 66 67 68 69 70 71 72 77 78 79 80 82
28 47 49 50 52 54 55 57 58 59 60 61 62 63 64 65 66 67 68 72 73 75 76 77 78 82 83 84 85
15 47 50 51 52 59 67 72 74 75 76 79 81 82 83 85
13 48 56 58 62 66 68 70 75 76 78 81 83 84
16 47 49 51 53 55 56 59 60 64 66 68 73 75 80 81 85
21 47 48 49 52 53 54 55 56 58 61 62 64 65 66 68 70 73 77 78 81 85
15 48 49 54 61 63 67 68 70 71 76 77 78 80 84 85
30 49 52 53 54 56 58 59 60 61 62 63 64 65 66 67 68 70 71 72 73 74 75 76 79 80 81 82 83 84 85
26 48 49 51 53 54 55 57 58 60 61 64 65 66 67 70 72 73 74 75 77 79 80 81 82 83 84
27 47 50 51 52 53 54 55 57 58 60 61 62 63 64 65 66 67 68 69 70 71 72 74 75 79 82 84
24 47 48 49 50 52 53 54 56 57 58 59 61 62 66 67 68 69 70 71 74 76 81 83 85
15 47 51 54 56 57 60 61 66 67 70 75 77 80 84 85
20 49 50 54 57 59 60 61 67 68 70 72 73 77 78 79 81 82 83 84 85
24 48 49 52 53 54 55 57 58 59 62 64 67 68 69 70 72 73 75 77 78 79 81 82 85
12 49 52 57 59 67 68 72 74 77 78 81 82
12 49 56 64 65 67 68 69 72 73 75 81 84
24 47 48 50 51 53 54 55 57 58 61 63 64 65 66 67 71 73 76 77 79 80 81 82 83
28 49 50 51 52 53 54 56 57 58 59 63 64 65 66 68 69 70 71 72 74 75 76 79 80 82 83 84 85
30 48 49 50 51 52 53 55 56 57 58 59 60 61 63 64 65 67 68 69 70 71 74 76 77 78 79 82 83 84 85
16 47 48 52 53 55 57 61 62 65 69 72 76 77 79 81 84
14 50 51 53 57 63 65 66 67 68 73 75 78 83 84
30 48 49 50 51 52 54 56 57 58 59 60 61 62 63 64 65 68 69 71 72 73 75 76 77 78 80 81 82 84 85
27 47 48 49 51 54 56 57 58 59 60 61 62 64 65 66 67 69 70 72 74 76 77 78 79 80 81 82
30 48 49 52 54 55 56 57 58 59 60 62 63 65 66 68 69 71 72 73 74 75 76 77 79 80 81 82 83 84 85
20 47 48 50 51 53 55 56 58 59 61 65 67 69 70 76 77 79 80 84 85
28 47 48 49 50 52 53 55 56 57 59 62 63 64 65 67 68 69 70 72 73 75 76 78 79 81 82 84 85
27 47 50 51 53 55 57 59 61 62 63 65 66 67 68 69 70 72 73 74 77 78 79 80 81 82 83 85
28 47 48 49 50 51 53 54 55 56 57 59 60 61 62 64 65 68 70 71 73 74 75 76 78 80 82 83 84
27 47 49 50 54 56 58 59 60 61 62 64 66 67 70 71 72 73 75 76 77 78 80 81 82 83 84 85
28 48 49 50 51 52 54 55 56 59 60 62 63 64 66 67 68 69 70 74 75 76 77 79 80 81 82 83 84
13 49 55 57 60 62 64 65 66 69 70 72 74 77
29 47 49 50 51 54 55 56 57 58 59 61 62 63 64 65 66 68 69 70 71 72 73 74 77 79 80 83 84 85
17 47 50 52 53 57 58 60 63 65 69 74 76 78 80 82 83 85
13 53 55 63 64 65 68 69 70 74 78 80 81 84
23 47 50 52 53 54 55 56 57 61 65 67 68 69 72 73 74 76 77 78 79 81 82 83
17 47 49 50 51 53 56 58 61 62 63 71 74 75 76 78 80 84
25 47 49 51 53 54 56 57 60 61 62 66 70 71 72 73 74 75 76 77 78 79 81 83 84 85
20 47 51 52 56 59 60 61 62 65 66 67 73 74 75 76 78 82 83 84 85
26 47 48 52 53 54 57 59 60 61 62 63 64 65 68 69 70 71 73 75 77 78 80 82 83 84 85
18 47 48 51 53 54 61 62 65 67 72 73 76 77 78 81 82 83 84
28 50 51 52 53 54 55 56 57 58 60 61 62 63 64 65 69 70 71 72 73 74 75 79 80 81 82 84 85
13 50 51 53 56 61 62 63 64 68 70 74 75 76
23 47 49 50 51 52 55 56 60 62 63 64 67 69 70 71 72 73 74 75 77 78 79 82
24 48 49 52 53 54 55 56 58 60 61 62 63 65 67 69 70 71 73 74 75 76 78 79 85
25 47 48 49 51 52 53 54 58 60 62 63 64 66 69 72 73 76 77 78 79 80 82 83 84 85
26 49 50 51 52 54 55 56 57 58 59 61 62 63 64 68 70 72 73 74 76 77 79 80 82 83 84
63 86 87 88 89 90 91 92 93 94 95 96 97 98 99 100 101 102 103 104 105 106 107 108 109 110 111 112 113 114 115 116 117 118 119 120 121 122 123 124 125 126 127 128 129 130 131 132 133 134 135 136 137 138 139 140 141 142 143 144 145 146 147 148
21 86 88 91 93 95 97 99 101 104 105 109 111 113 120 124 125 127 128 136 138 144
44 87 88 90 92 94 96 98 99 100 102 105 106 107 108 109 110 111 112 113 114 115 116 117 118 119 121 123 124 125 126 127 128 129 130 132 133 135 136 140 143 144 145 146 148
41 87 88 91 93 94 95 96 97 98 101 102 105 106 107 108 109 112 114 115 117 118 119 121 124 125 126 127 131 132 133 135 137 138 139 140 142 143 145 146 147 148
50 86 88 89 90 91 92 93 96 98 99 100 101 102 104 105 107 110 111 112 114 115 116 117 118 119 120 121 122 123 124 125 126 127 128 129 130 131 132 133 134 135 137 139 140 141 142 143 144 145 148
22 90 95 99 101 102 103 104 106 107 111 113 118 120 124 125 126 130 133 134 135 138 144
31 87 88 89 90 91 92 94 95 96 98 100 101 105 106 112 113 114 118 124 127 129 132 133 136 138 139 142 143 145 146 148
23 90 91 95 104 108 110 111 112 113 115 116 117 118 119 122 130 131 132 134 142 144 145 146
43 86 88 89 92 94 95 96 98 99 100 101 102 103 104 105 108 109 110 111 113 114 115 116 117 119 122 123 126 128 129 131 132 133 135 136 137 138 139 140 141 142 144 147
31 86 87 89 90 93 94 95 96 97 98 99 101 102 103 105 106 113 114 116 120 123 124 125 128 130 131 138 140 144 145 147
21 90 92 94 96 106 109 113 115 117 119 120 122 126 128 129 130 134 135 137 142 148
33 86 87 93 94 95 97 99 100 101 102 105 106 107 108 111 113 115 117 119 123 127 128 129 130 132 137 138 139 143 145 146 147 148
22 86 90 91 92 96 98 100 101 104 105 110 111 112 113 115 122 125 126 133 136 142 147
31 86 87 90 91 94 97 98 99 100 101 102 107 109 110 112 113 117 118 119 120 125 126 129 130 132 134 135 143 145 147 148
36 88 89 90 93 94 95 97 98 100 101 103 104 105 106 108 109 111 112 114 117 118 121 125 126 128 129 130 131 133 135 136 138 139 140 141 143
46 88 89 90 91 92 95 96 98 99 100 101 103 105 106 107 108 109 111 113 114 116 117 118 119 120 121 122 123 125 127 129 131 132 134 135 136 137 138 139 140 142 144 145 146 147 148
36 87 88 91 92 94 95 96 99 101 102 103 105 106 109 110 114 115 118 119 123 124 126 128 129 132 133 134 135 137 138 140 141 142 144 145 147
24 86 88 92 94 96 97 102 104 109 111 113 116 118 121 124 127 132 134 135 137 138 140 141 142
78 149 150 151 152 153 154 155 156 157 158 159 160 161 162 163 164 165 166 167 168 169 170 171 172 173 174 175 176 177 178 179 180 181 182 183 184 185 186 187 188 189 190 191 192 193 194 195 196 197 198 199 200 201 202 203 204 205 206 207 208 209 210 211 212 213 214 215 216 217 218 219 220 221 222 223 224 225 226
48 150 151 152 153 154 155 157 158 159 160 162 164 167 168 172 173 174 177 178 179 180 181 183 185 188 190 192 196 199 200 201 202 205 206 207 209 211 214 215 217 218 219 220 221 222 224 225 226
62 150 151 152 153 154 156 157 158 160 162 164 165 166 167 168 169 170 171 172 173 174 175 176 177 179 180 181 182 183 184 187 189 190 191 192 193 194 197 198 199 200 203 205 206 207 208 209 210 211 212 213 214 215 217 218 219 220 222 223 224 225 226
37 150 153 156 158 160 163 167 170 171 175 176 177 179 180 183 184 186 187 189 190 191 192 195 196 199 200 202 203 204 209 210 211 213 214 215 219 224
42 150 151 156 158 159 161 166 167 170 171 172 173 174 176 178 179 180 181 186 188 189 190 191 192 193 195 197 200 203 205 206 209 210 212 214 215 216 219 220 222 223 225
61 150 151 153 154 155 156 157 159 161 162 163 164 165 166 167 168 169 170 172 175 176 179 180 182 183 184 185 186 187 188 189 190 191 192 193 194 195 196 198 200 201 202 204 205 206 207 208 211 212 214 215 216 217 219 220 221 222 223 224 225 226
58 149 150 151 154 155 156 157 158 160 161 163 165 168 170 172 173 174 175 176 177 178 179 181 184 185 186 188 189 190 191 192 194 195 197 198 199 200 202 203 204 205 206 207 208 209 210 211 212 213 214 215 216 218 220 221 222 223 226
45 149 150 151 152 160 161 162 163 164 165 167 169 170 171 173 174 175 177 179 180 181 182 183 184 185 186 187 188 189 192 193 195 196 199 204 211 212 213 214 215 217 220 222 223 224
44 150 151 152 156 158 159 160 162 164 165 167 169 170 171 173 174 178 180 183 185 186 187 188 189 192 193 194 195 196 197 198 200 201 203 208 210 213 214 216 220 222 223 224 225
43 149 155 156 158 159 161 162 163 167 169 171 172 175 178 179 180 184 185 186 187 188 191 192 193 194 195 198 199 201 202 203 204 205 207 208 210 212 214 215 218 219 224 226
24 151 154 160 166 170 172 174 176 178 183 185 186 187 192 197 201 205 206 207 211 215 216 220 222
30 155 156 157 158 159 161 162 169 171 173 174 175 177 180 184 186 193 194 197 198 199 202 204 210 211 214 218 222 223 225
61 150 154 156 157 158 159 160 161 162 163 164 165 166 167 168 169 171 172 173 174 176 177 178 179 182 183 184 186 187 188 189 192 193 194 195 196 197 199 200 201 202 204 205 206 207 209 210 211 212 213 214 215 216 218 219 221 222 223 224 225 226
28 150 156 157 159 160 163 164 171 178 179 180 182 190 192 198 199 200 203 206 208 209 210 212 217 218 222 223 225
41 149 150 153 154 157 160 162 163 166 167 168 171 174 178 179 180 181 184 185 186 189 191 194 196 197 200 202 206 207 208 210 211 212 214 215 216 217 219 220 224 226
61 149 150 151 152 153 155 158 159 161 162 163 164 165 166 167 168 169 170 172 174 176 177 178 180 181 182 184 185 186 187 188 190 191 192 194 195 196 197 198 199 202 204 206 207 208 209 210 211 212 213 214 215 216 217 218 219 220 221 223 224 225
58 149 151 152 153 154 155 156 159 160 162 163 164 165 166 172 173 174 175 176 177 179 180 181 182 183 184 186 187 188 190 191 192 193 194 195 197 199 200 201 202 203 205 206 208 209 210 211 212 213 214 215 216 217 221 223 224 225 226
30 154 155 158 163 168 173 174 176 178 179 181 184 187 191 192 196 199 201 203 207 208 210 213 216 217 219 221 223 224 226
27 149 150 152 159 160 162 173 180 184 187 190 192 193 195 196 198 199 204 207 213 214 215 216 218 219 223 225
31 150 151 152 153 155 162 164 165 167 170 174 177 178 182 183 187 188 189 191 193 195 202 206 212 215 217 218 220 221 223 224
41 149 151 154 155 156 158 159 163 165 167 168 173 175 176 178 179 180 181 183 185 186 187 188 190 191 192 193 194 195 196 201 204 208 211 212 213 216 219 222 223 224
43 151 153 154 155 156 158 159 160 161 162 165 168 169 170 171 174 176 178 179 183 184 187 188 190 191 193 198 201 203 204 205 206 208 209 210 211 218 220 221 222 223 224 225
53 149 150 152 153 156 157 159 160 161 162 163 166 167 169 170 171 172 173 174 175 176 178 179 180 182 185 187 188 189 190 191 194 196 197 198 199 200 203 205 206 210 211 212 213 215 216 217 218 220 223 224 225 226
61 149 150 151 152 153 154 155 156 157 158 161 162 163 165 166 167 168 169 170 171 172 173 174 175 177 178 179 180 181 186 187 188 189 190 191 192 194 195 196 197 198 200 201 202 203 204 206 207 209 210 211 213 214 217 218 219 220 221 222 223 226
56 150 151 152 154 155 157 160 161 162 163 164 165 166 168 169 170 171 172 174 175 177 178 179 180 181 183 184 185 186 187 188 190 191 192 194 196 197 198 199 200 202 204 206 207 209 210 213 214 215 216 217 219 220 222 223 226
34 155 156 158 159 162 164 165 167 170 171 174 179 180 181 182 183 184 188 193 194 195 197 198 199 200 201 211 212 213 221 223 224 225 226
49 152 153 154 156 157 159 160 161 163 164 166 167 170 171 173 176 177 178 179 180 181 184 185 186 189 192 193 194 197 198 202 204 205 206 207 208 211 212 213 214 216 217 218 219 220 221 223 224 225
40 149 151 152 156 158 159 161 162 163 164 165 166 167 171 175 178 180 181 182 184 185 187 191 192 194 196 198 199 204 205 206 207 208 211 212 215 220 223 224 225
48 150 151 153 154 155 160 161 162 163 165 167 169 170 171 173 174 175 176 177 179 183 184 185 187 189 190 192 193 196 198 199 201 204 205 206 207 208 210 213 214 215 216 218 220 221 222 223 226
31 154 156 158 161 163 164 169 175 183 184 187 188 189 191 192 195 197 204 205 207 208 210 213 214 215 216 217 218 222 223 224
37 149 153 155 157 162 163 165 168 169 170 171 172 173 174 176 177 179 181 183 184 186 189 192 193 197 198 199 200 202 204 207 211 212 215 218 222 223
31 151 153 154 155 156 157 158 163 171 172 178 179 180 181 184 186 188 189 195 197 200 203 204 207 208 209 212 217 220 225 226
36 149 150 152 156 157 158 166 169 170 173 174 175 177 178 181 182 183 186 187 188 190 192 193 196 199 200 203 204 209 211 214 220 222 224 225 226
26 151 153 154 158 162 166 168 171 173 174 177 180 192 194 195 199 203 206 207 208 216 220 221 222 224 225
45 153 154 155 156 157 158 159 160 161 162 163 164 168 169 170 173 175 176 177 178 180 181 183 184 187 189 192 193 196 201 202 203 204 205 206 207 208 209 213 215 216 217 218 219 225
30 149 151 152 155 157 161 163 167 171 174 178 184 185 186 187 189 190 192 197 198 202 203 205 208 213 214 216 217 222 223
34 149 151 153 154 157 159 161 164 169 170 174 175 176 178 181 182 186 188 190 197 199 200 204 206 207 208 212 213 215 217 218 223 224 225
6 227 228 229 232 240 243
5 230 236 238 245 247
6 231 236 237 241 243 244
10 228 229 230 233 235 237 238 239 242 247
3 235 238 248
5 230 236 237 238 247
5 231 233 246 247 248
13 227 229 230 231 234 236 237 239 241 242 244 245 246
5 230 233 235 237 246
7 228 232 235 237 238 240 248
8 227 228 229 231 232 233 237 242
11 227 228 235 236 239 242 243 244 246 247 248
11 227 228 229 231 233 235 239 240 244 246 248
9 227 229 230 232 234 243 244 246 247
3 231 240 245
7 227 231 233 239 240 245 247
7 227 232 233 235 242 244 248
12 230 232 234 236 240 241 243 244 245 246 247 248
6 229 231 235 239 245 248
2 237 248
6 227 234 235 236 239 246
6 234 238 239 242 244 247
3 232 241 245
7 227 230 231 234 242 243 244
12 227 229 230 231 232 233 238 239 240 242 245 246
1 227
5 227 228 229 233 238
8 227 232 233 234 235 238 240 248
5 228 233 238 242 244
5 227 228 236 241 245
6 229 230 233 236 237 242
11 228 229 232 234 235 236 237 238 242 243 246
4 230 241 244 248
5 227 231 241 244 245
12 229 230 233 234 236 237 238 240 243 244 246 247
9 228 232 233 235 238 240 243 247 248
6 231 234 239 241 242 243
10 228 234 235 236 237 241 243 244 247 248
4 233 235 236 241
14 228 229 230 233 234 235 237 238 239 240 242 243 246 248
9 233 235 236 237 238 239 241 242 248
3 233 243 245
4 229 231 239 243
10 230 232 234 236 237 240 241 243 246 247
15 228 229 230 231 234 236 237 238 239 240 241 243 245 246 247
7 234 235 240 241 243 246 248
2 239 244
3 241 243 246
6 230 231 237 245 246 248
8 229 233 236 239 241 245 246 247
6 228 231 237 241 242 247
4 230 239 242 246
7 228 236 240 241 242 246 247
8 228 229 235 237 238 244 246 248
3 233 235 236
16 227 228 231 232 234 235 238 239 240 241 243 244 245 246 247 248
7 229 230 232 238 240 244 248
8 227 230 232 233 234 237 244 245
4 228 229 245 247
6 228 231 236 238 239 248
9 232 236 240 241 243 244 245 246 248
5 231 232 239 241 248
6 230 232 236 238 242 245
8 229 231 233 235 239 240 247 248
3 234 240 242
12 229 230 231 232 233 235 238 239 243 244 246 247
19 227 228 229 230 231 232 234 237 238 239 240 241 242 243 244 245 246 247 248
5 227 228 235 242 245
8 227 230 232 233 236 240 245 247
5 231 235 237 239 242
8 227 229 234 240 242 243 244 247
3 232 236 247
5 232 237 240 242 244
11 229 230 231 232 233 234 237 238 240 241 245
6 232 234 241 242 243 245
3 227 231 234
12 227 228 229 230 234 235 236 238 239 241 243 245
5 227 228 234 237 244
1 228
10 227 228 231 234 238 240 241 243 245 248
2 243 245
6 236 240 241 243 245 248
6 230 232 233 240 245 247
9 227 229 231 235 239 240 244 246 248
8 230 233 235 237 238 239 242 247
1 245
8 232 236 240 243 244 245 246 248
6 230 238 240 243 244 246
5 231 236 241 243 244
3 240 241 248
5 230 237 245 246 248
3 227 237 244
4 229 235 238 244
1 239
4 227 233 234 238
6 229 236 239 241 245 246
2 230 238
5 231 235 239 240 247
2 230 248
6 227 232 233 234 235 248
1 231
4 227 231 242 243
3 230 232 242
1 231
9 231 234 235 238 239 240 241 244 248
6 234 235 240 241 243 248
13 229 230 231 232 234 239 242 243 244 245 246 247 248
7 227 229 234 235 236 238 239
3 231 237 244
2 231 239
5 228 235 238 244 248
7 228 234 238 239 241 243 245
6 234 235 240 241 246 248
10 230 232 233 235 238 239 243 244 246 247
3 236 238 247
1 239
3 228 238 248
5 230 237 239 242 247
5 228 232 235 238 240
1 242
8 227 230 234 236 239 241 242 245
7 228 229 235 237 238 242 247
5 237 238 239 241 248
3 228 231 236
2 227 228
5 234 241 242 243 245
3 227 240 243
1 241
2 231 240
4 227 232 240 248
2 233 236
4 231 239 241 242
8 228 229 230 233 235 237 239 247
9 229 231 232 233 234 237 238 240 245
5 227 232 235 240 248
4 234 235 246 248
8 229 232 234 237 238 240 241 245
4 229 239 245 248
12 228 231 232 234 235 238 240 241 245 246 247 248
2 240 245
4 239 242 244 247
3 231 235 237
5 231 233 235 239 247
6 228 229 235 236 237 242
1 248
5 232 233 237 244 245
3 228 231 241
10 227 229 231 236 237 239 242 244 245 246
7 229 230 232 233 239 243 246
1 240
6 228 229 231 233 237 242
3 234 238 244
6 228 229 231 232 233 242
2 243 246
5 228 236 238 239 248
8 229 230 233 237 239 240 242 248
1 234
4 227 230 234 237
5 227 240 242 244 247
3 228 236 238
7 229 231 233 235 239 240 248
5 231 236 238 239 248
7 229 231 232 237 238 240 245
5 227 232 233 234 244
2 232 247
3 230 236 238
4 231 232 241 248
1 247
2 246 248
6 228 237 238 244 246 248
3 239 242 246
10 227 230 234 235 236 238 239 241 243 245
6 230 236 243 245 247 248
4 228 233 238 242
6 229 231 232 233 238 243
4 227 230 231 242
3 233 235 246
8 228 230 233 235 237 243 246 248
6 230 234 240 241 243 247
8 229 230 231 233 235 239 246 247
4 234 240 241 243
2 231 234
8 230 232 234 236 237 240 243 246
1 241
2 227 228
6 233 239 241 245 246 247
1 236
3 227 235 236
8 227 228 232 234 235 238 241 244
3 233 235 236
4 227 228 235 242
3 235 237 246
8 227 229 230 234 236 238 239 245
3 241 244 248
4 234 236 239 246
3 234 243 245
4 228 236 238 239
4 227 229 232 243
6 228 235 236 242 243 246
2 238 242
12 227 228 232 234 235 238 240 241 243 245 246 248
5 229 230 240 241 245
1 237
2 227 231
2 229 233
9 232 234 236 240 241 243 244 245 248
1 242
6 227 229 234 242 243 244
5 231 236 238 239 248
10 227 230 236 237 239 241 242 244 245 246
9 229 230 234 237 238 239 240 241 246
2 240 242
6 232 236 240 241 245 248
1 236
3 228 235 245
2 234 240
8 227 229 231 237 239 242 245 246
5 233 237 238 241 248
2 230 242
1 247
4 240 243 246 248
2 240 242
5 235 236 237 241 242
1 248
6 229 233 236 239 245 247
6 228 232 235 237 240 248
4 231 238 239 248
8 227 229 230 232 234 243 246 247
4 231 237 239 242
4 229 233 236 242
5 230 241 243 246 247
4 236 242 246 247
1 234
4 231 235 237 242
4 230 236 238 247
13 228 229 230 231 234 236 239 240 241 243 245 246 247
4 231 235 239 248
3 241 243 245
4 231 237 242 247
8 227 231 235 238 239 241 244 247
6 229 233 239 245 246 247
3 239 242 244
14 227 230 232 233 234 235 236 238 240 241 242 243 245 246
14 228 229 230 231 232 233 235 237 238 240 244 245 247 248
14 227 228 229 230 231 232 233 235 236 239 240 242 245 246
10 228 229 231 235 236 240 243 244 245 248
7 229 233 239 241 243 246 247
12 227 228 229 230 233 235 236 237 239 244 245 248
10 227 229 232 238 239 240 243 244 246 247
8 231 232 235 238 239 241 243 248
13 229 230 233 234 235 236 237 238 240 241 243 244 246
13 228 229 230 232 233 235 236 237 241 242 243 246 248
6 227 231 234 242 243 247
11 227 229 231 232 235 236 239 241 243 246 248
7 227 230 232 237 239 240 245
13 228 232 233 235 236 237 238 239 240 241 242 243 244
11 227 228 229 232 233 237 241 243 244 247 248
12 229 230 233 234 236 238 240 242 243 244 245 247
10 229 233 239 240 241 242 243 244 245 246
8 228 236 238 239 240 242 246 248
9 229 233 237 238 239 242 244 245 246
13 227 228 229 231 233 234 238 240 241 242 243 244 245
8 229 231 233 237 239 241 242 244
14 227 229 230 231 232 238 239 240 242 243 244 245 246 248
10 227 231 232 233 234 236 238 239 243 248
12 229 231 234 235 237 239 240 242 243 245 246 248
11 230 231 233 235 238 239 240 243 245 246 247
9 228 230 232 234 237 241 244 247 248
10 227 228 230 231 232 233 234 235 238 246
6 228 232 235 240 246 248
13 228 229 231 232 234 235 237 239 240 241 243 244 248
12 228 229 230 232 233 234 235 237 238 241 243 245
15 228 229 230 232 233 235 237 238 239 241 242 243 244 245 246
12 227 230 232 234 235 236 239 240 242 243 245 248
7 227 228 234 235 237 240 241
13 228 229 230 233 234 236 237 238 239 240 242 243 245
12 227 228 231 232 233 235 238 240 241 242 243 247
11 227 228 231 232 233 234 236 239 241 243 248
11 228 232 233 234 235 236 237 240 241 242 246
14 227 229 230 231 234 235 236 238 240 241 242 243 245 248
13 227 230 231 232 233 234 238 240 242 243 244 247 248
11 227 229 230 233 235 236 237 238 240 242 247
7 232 236 237 238 242 243 247
10 230 233 235 236 237 239 240 241 242 244
7 230 233 235 236 240 245 248
11 228 229 231 233 234 237 238 239 240 245 247
14 227 229 230 232 233 234 235 236 238 239 242 243 245 247
9 232 233 234 237 238 240 243 247 248
12 228 229 230 231 233 234 235 236 240 245 246 247
9 227 228 229 233 239 240 243 244 248
8 231 233 234 237 240 241 242 248
9 227 228 230 234 239 243 245 246 247
11 231 232 233 234 235 240 241 244 245 246 247
9 228 229 233 234 237 238 245 246 248
12 227 228 229 231 232 233 234 236 238 243 244 247
15 227 228 229 230 231 234 235 236 240 241 242 243 244 245 246
8 227 228 233 235 239 240 244 246
6 227 229 230 235 243 244
9 228 237 238 239 240 243 246 247 248
8 227 233 236 238 240 241 245 248
9 228 231 233 234 235 236 237 239 244
12 227 228 229 230 231 233 236 238 239 240 241 247
12 229 230 233 236 237 238 239 241 242 245 246 247
8 227 229 234 236 239 243 247 248
9 228 231 232 233 235 237 239 242 248
15 227 228 229 230 231 232 234 236 237 238 239 240 245 246 248
12 229 230 231 232 233 234 235 240 241 242 246 247
13 228 231 235 236 237 238 239 240 241 243 244 246 248
12 228 229 230 231 232 234 238 240 242 243 244 247
12 228 229 233 234 235 236 237 238 241 244 245 246
7 228 231 232 234 235 238 247
13 227 230 233 234 236 237 239 240 243 244 245 246 247
15 227 228 229 230 232 233 234 237 238 241 243 245 246 247 248
8 230 232 237 238 239 241 243 244
11 228 229 232 234 235 236 237 238 245 246 248
15 228 230 231 233 234 238 240 241 242 243 244 245 246 247 248
11 227 228 233 236 237 240 241 242 243 245 247
9 229 230 231 235 236 238 243 244 247
11 229 230 231 232 233 236 237 240 243 244 248
14 227 228 229 231 234 235 236 237 242 244 245 246 247 248
10 227 229 233 234 235 237 238 246 247 248
9 227 228 231 233 236 237 239 241 248
14 228 230 231 232 234 235 236 237 238 239 242 243 246 248
15 227 231 232 233 235 236 237 238 239 240 241 242 244 246 247
9 227 228 230 235 238 240 245 247 248
13 228 232 233 236 237 239 241 242 243 244 245 246 247
9 227 228 229 237 238 242 245 247 248
9 227 228 230 232 233 237 238 246 248
9 227 230 233 236 238 240 245 246 247
10 227 228 230 231 232 233 234 236 237 242
8 227 231 233 235 236 238 243 245
9 228 229 230 231 232 235 237 239 246
11 229 230 231 232 234 236 238 240 242 245 247
10 227 232 233 235 236 237 239 240 246 247
10 229 231 239 240 241 242 243 244 247 248
10 230 231 232 233 234 237 241 242 243 248
14 228 229 232 233 234 235 236 239 240 241 244 246 247 248
11 228 229 230 233 237 239 240 242 245 246 247
8 228 230 233 237 238 244 246 247
11 232 234 235 236 238 239 242 244 246 247 248
7 230 231 234 237 238 245 248
9 227 229 232 241 242 243 245 246 247
10 227 228 229 232 233 238 239 241 244 247
15 228 229 231 232 233 236 237 238 239 241 243 245 246 247 248
11 227 230 234 236 237 239 240 242 245 246 248
12 227 230 231 232 234 235 237 238 239 240 241 246
10 227 230 231 233 236 241 243 244 246 247
8 228 229 230 234 236 240 241 245
12 227 228 230 231 232 233 234 236 240 241 242 243
8 227 230 234 235 239 241 243 244
13 227 229 231 233 235 237 240 241 242 243 244 245 246
10 229 230 233 235 237 242 244 245 247 248
6 227 235 237 243 245 246
7 229 230 231 232 236 239 242
12 227 231 232 234 237 239 240 241 245 246 247 248
10 228 229 233 236 240 242 244 245 246 248
9 227 228 230 231 235 236 239 240 245
13 227 229 234 235 236 237 239 240 241 243 246 247 248
12 227 228 229 230 233 234 236 239 240 243 245 247
10 227 228 229 231 232 236 237 240 241 247
7 228 230 232 234 237 240 241
13 227 228 230 231 232 233 234 235 236 237 238 240 246
13 227 228 229 230 232 233 235 236 238 242 244 245 246
15 227 228 229 231 234 235 239 240 241 243 244 245 246 247 248
8 229 231 232 235 237 239 243 247
9 230 233 236 237 238 239 241 247 248
7 231 234 235 237 243 244 246
14 227 228 229 230 233 234 235 237 241 242 243 245 247 248
14 228 231 232 234 236 237 238 239 240 241 242 243 245 247
9 229 232 233 234 235 237 240 242 246
13 229 230 231 233 234 236 237 239 240 243 244 247 248
15 227 228 229 230 235 236 237 238 239 240 241 242 243 244 245
7 229 230 234 239 242 246 247
14 228 229 230 233 234 237 238 239 240 242 244 245 246 247
15 227 230 234 235 236 237 238 239 240 241 242 244 245 246 247
13 228 229 230 231 233 237 238 239 240 242 244 247 248
15 227 229 230 231 232 233 235 236 237 240 241 242 246 247 248
9 228 232 234 236 238 239 241 247 248
7 230 232 233 235 236 244 246
8 228 230 234 235 242 243 247 248
13 227 228 233 234 235 237 238 239 242 243 244 246 247
11 227 230 232 234 240 243 244 245 246 247 248
9 227 230 231 232 238 239 240 245 247
10 227 235 236 237 239 240 241 244 245 248
7 229 232 236 238 239 244 246
11 230 232 233 234 235 239 242 243 246 247 248
10 227 228 231 232 234 238 240 242 247 248
15 227 228 230 231 232 233 235 236 241 242 243 244 246 247 248
14 227 228 229 230 231 232 234 235 236 237 238 241 243 247
15 227 230 232 233 234 235 237 238 239 240 241 242 245 247 248
11 227 230 231 232 233 236 238 239 242 246 248
6 228 229 231 235 239 247
6 228 230 236 242 244 247
6 228 230 233 237 239 241
12 227 230 231 237 238 239 240 241 243 244 247 248
13 227 229 232 233 234 237 240 242 243 244 245 246 248
9 228 230 234 236 237 238 242 243 246
12 228 232 234 238 239 240 241 242 243 244 245 246
13 228 230 233 236 237 238 240 241 242 243 245 246 247
6 228 230 231 235 245 247
10 229 230 231 233 234 235 240 241 242 245
14 227 228 229 231 234 236 238 239 240 241 242 243 246 248
14 227 229 230 231 232 233 235 238 240 241 244 246 247 248
14 227 228 229 230 231 232 233 234 235 237 240 244 247 248
10 228 232 233 234 235 236 240 241 242 245
9 228 234 235 238 240 243 244 245 247
9 227 228 236 242 244 245 246 247 248
9 227 229 232 233 236 237 241 242 247
13 228 229 230 231 232 233 236 237 242 243 245 247 248
18 250 251 252 253 257 259 262 272 284 292 296 297 301 304 307 312 314 315
24 249 250 251 253 255 257 258 262 264 265 267 271 272 283 288 294 295 296 300 303 309 310 311 312
13 252 254 266 273 274 278 280 282 284 285 289 297 313
35 250 253 255 257 258 259 262 263 266 272 274 276 278 280 282 284 286 288 289 290 291 292 295 296 297 298 300 302 305 306 307 308 312 314 315
18 249 260 262 267 268 270 271 274 277 284 285 286 295 296 306 308 309 313
20 253 258 259 261 265 271 272 273 276 277 281 283 288 289 294 296 302 312 313 315
29 249 250 254 256 259 261 263 264 266 267 270 271 275 277 278 281 282 284 288 294 295 297 298 300 302 305 307 310 312
41 249 250 252 253 256 257 258 260 262 264 266 268 273 275 278 281 282 283 284 285 286 287 288 289 290 291 292 293 295 296 297 298 300 301 303 306 309 310 312 313 314
27 251 255 256 257 258 261 267 268 269 271 278 279 282 286 287 289 290 291 292 298 300 301 304 308 309 313 314
38 250 251 253 256 257 258 259 261 262 265 267 268 271 272 274 275 278 279 280 281 283 285 286 287 289 290 291 293 294 296 300 301 302 304 305 308 311 312
19 253 264 265 266 270 271 275 276 277 281 287 291 295 299 300 303 305 307 309
23 250 251 257 260 261 267 269 274 275 276 277 278 284 285 288 289 293 296 297 302 306 309 315
16 259 261 263 268 269 276 277 279 281 286 293 301 302 304 305 307
40 249 250 251 252 253 255 256 258 262 263 264 265 266 267 268 269 272 274 276 277 278 279 281 284 285 290 292 293 294 297 298 300 301 303 304 305 306 308 312 315
24 251 253 254 256 257 263 264 269 270 273 276 277 278 285 286 290 293 295 304 305 308 309 310 311
7 256 265 273 305 307 314 315
24 254 259 261 262 263 264 267 276 278 279 281 283 284 285 288 289 291 297 301 306 307 310 313 314
26 251 254 255 259 261 263 265 267 269 270 271 272 274 276 277 279 280 294 299 302 304 305 307 308 311 315
26 250 254 256 257 258 260 261 262 263 268 272 273 274 279 288 289 292 293 297 298 306 308 310 311 314 315
27 250 251 252 254 255 256 257 260 264 266 267 269 274 275 278 279 280 284 285 287 290 292 295 306 308 309 314
14 249 252 254 265 268 273 279 282 284 286 291 297 303 307
39 250 251 252 253 254 256 257 258 260 261 262 263 266 268 270 274 275 279 280 281 284 286 287 288 289 290 291 294 295 296 298 300 301 304 308 309 310 311 314
17 252 253 254 257 264 270 271 272 274 279 280 281 282 300 304 306 313
11 249 254 264 266 280 282 286 289 299 305 309
25 252 255 257 258 260 265 272 273 274 283 285 286 287 290 291 293 299 301 304 306 308 309 311 313 315
16 250 253 254 255 266 273 275 278 280 282 287 292 293 303 310 315
25 249 251 254 257 259 261 262 264 265 267 268 269 274 278 280 283 287 288 289 290 298 300 301 313 314
16 249 259 267 269 271 272 273 277 282 285 293 299 303 306 307 312
33 251 252 256 257 258 259 261 263 264 265 269 272 276 279 281 283 288 289 290 291 294 297 298 299 300 301 302 304 305 307 311 312 314
12 255 264 265 276 278 283 292 297 302 305 313 315
11 250 262 264 267 274 276 287 293 301 302 305
18 249 252 260 263 269 270 273 276 277 282 288 295 299 303 306 309 313 314
12 263 266 270 275 291 293 294 295 302 308 311 312
20 255 258 259 260 262 265 269 270 274 277 281 285 287 297 298 301 303 304 307 313
15 255 258 260 263 269 271 273 278 279 283 287 290 294 306 311
43 249 250 251 252 253 255 256 257 258 260 265 266 268 269 270 271 272 273 274 275 277 280 282 286 287 290 292 293 294 295 296 298 299 300 302 303 304 305 308 309 311 312 315
23 256 261 265 267 268 270 274 275 276 277 281 285 288 291 293 295 298 300 302 303 308 310 313
22 249 250 255 258 259 261 262 263 267 269 275 277 284 285 289 290 291 294 297 301 302 311
17 250 252 258 260 272 273 277 281 284 285 296 297 303 305 306 307 310
23 250 253 254 258 259 262 264 270 275 276 277 278 281 282 284 286 292 294 295 298 300 309 315
20 250 256 263 266 267 272 273 276 278 282 284 289 291 292 299 300 302 305 309 312
27 254 257 259 260 261 270 271 273 275 280 282 283 286 287 288 289 291 295 296 299 302 307 309 310 311 313 314
8 259 263 264 269 294 308 310 311
24 250 252 254 262 263 268 269 270 274 276 280 283 286 287 288 292 297 302 305 306 308 309 311 312
44 249 252 253 254 255 256 257 258 259 260 261 262 264 265 266 267 268 273 276 279 280 281 282 283 284 285 287 288 289 290 291 294 295 296 297 298 299 301 303 304 311 312 313 314
11 254 255 264 266 284 292 297 298 307 310 315
19 249 254 263 266 270 272 282 286 287 294 295 299 300 303 304 305 307 310 314
7 264 268 273 275 287 303 304
25 250 251 253 255 261 266 267 271 276 285 287 288 289 292 298 299 300 301 304 305 306 309 312 314 315
22 249 257 259 260 263 266 273 279 280 283 285 286 292 296 298 299 303 304 308 309 310 312
27 249 251 252 253 254 257 261 264 268 271 275 279 280 283 286 288 290 293 294 295 296 306 308 310 311 314 315
13 258 260 264 266 267 271 282 289 294 301 303 307 314
34 251 252 253 254 255 256 258 261 265 268 269 270 271 272 275 277 278 281 282 284 288 289 290 291 294 295 297 300 306 307 311 313 314 315
13 253 255 256 271 276 279 282 286 292 299 304 309 315
44 249 250 251 252 254 255 256 257 259 260 261 262 263 264 266 267 269 270 271 274 275 276 278 281 282 283 284 285 286 288 290 291 294 297 298 302 303 304 305 306 308 310 312 313
23 253 256 258 259 264 268 269 270 271 272 277 280 281 282 285 286 289 290 294 296 308 311 312
23 250 251 263 269 270 271 272 274 275 277 278 286 292 293 300 302 305 306 307 308 309 310 315
43 249 250 252 255 258 259 260 261 262 265 266 267 268 271 272 274 275 279 280 281 282 283 284 287 288 289 291 292 294 296 297 298 299 300 301 302 303 306 307 312 313 314 315
23 253 258 265 268 272 273 277 279 280 287 289 292 293 295 296 299 300 301 307 309 311 314 315
40 249 250 252 253 254 259 260 262 263 264 265 266 270 272 273 274 275 276 277 280 281 283 284 285 288 293 294 295 296 297 299 302 303 305 306 307 310 311 312 315
26 249 251 252 254 260 261 262 266 267 273 275 276 278 279 283 287 288 293 295 297 300 301 303 304 305 307
22 249 251 252 255 259 267 269 278 280 282 283 284 285 286 290 294 296 301 302 304 312 313
25 249 251 252 254 256 260 261 265 267 269 270 271 277 279 281 283 285 293 294 299 301 309 310 311 313
14 256 260 270 275 287 290 291 292 298 299 306 308 314 315
30 249 251 253 255 256 257 259 261 265 272 273 275 277 278 279 281 284 285 290 291 293 295 296 298 299 300 304 310 313 315
44 249 251 252 255 256 257 260 261 263 265 266 267 268 269 271 272 273 274 279 280 283 285 287 288 289 290 291 293 296 297 299 301 302 303 304 305 306 307 308 310 311 312 313 314
18 250 255 257 263 265 274 284 291 292 298 299 302 306 309 310 313 314 315
20 256 257 258 260 262 270 272 274 275 277 278 280 281 283 290 293 295 296 302 313
20 249 262 263 268 270 282 286 291 293 297 298 299 300 301 303 304 305 307 310 311
13 251 253 262 268 269 276 279 280 289 292 296 303 314
21 251 260 266 268 276 278 283 286 287 288 292 293 295 296 298 299 303 308 309 310 312
25 252 253 255 256 258 259 262 264 265 268 271 273 279 280 281 283 290 291 292 298 301 308 311 312 313
12 254 255 275 278 280 282 287 292 293 303 310 315
15 253 264 265 266 270 271 276 277 281 287 291 295 303 305 307
24 249 252 255 256 257 258 259 261 262 265 267 268 276 279 282 283 284 289 298 301 304 311 312 313
10 249 259 267 271 272 273 277 282 299 307
21 250 251 253 255 261 266 267 271 276 285 287 288 289 292 298 300 305 306 309 312 315
21 255 257 258 260 272 273 274 283 286 290 291 293 299 301 304 306 308 309 311 313 315
28 250 251 252 256 257 258 260 261 262 266 268 270 274 280 281 286 288 289 290 291 295 298 300 304 308 310 311 314
15 250 256 263 266 272 276 278 284 289 291 292 300 305 309 312
15 257 259 266 279 280 285 286 292 296 298 299 303 304 308 310
13 250 251 263 269 270 272 274 277 292 300 302 305 308
11 255 257 263 265 284 291 292 299 302 306 310
12 255 258 260 269 271 273 278 279 283 287 290 311
16 253 258 259 261 271 272 273 276 277 283 289 294 296 312 313 315
19 251 255 261 265 269 270 271 288 289 290 291 294 297 300 306 307 311 314 315
18 249 251 255 257 258 262 265 267 272 283 288 294 296 300 303 310 311 312
24 256 257 258 259 261 263 264 265 269 272 276 279 288 289 290 291 297 298 299 300 301 302 304 305
9 258 260 271 282 289 294 303 307 314
27 249 250 253 256 257 260 262 264 268 273 275 281 284 291 292 293 296 297 298 301 303 306 309 310 312 313 314
17 249 250 251 255 262 265 267 271 272 283 288 294 295 296 309 311 312
21 254 257 259 260 261 271 273 280 282 287 288 289 295 296 299 307 309 310 311 313 314
7 249 266 282 286 289 299 305
20 256 261 267 268 270 274 275 276 277 281 285 288 291 293 295 298 300 302 303 313
8 259 269 271 273 299 303 306 307
11 250 255 257 274 284 291 292 306 313 314 315
18 249 254 256 261 265 267 269 270 271 281 283 285 293 294 299 301 310 311
7 254 266 273 278 282 289 313
15 249 250 258 259 261 262 263 267 269 284 285 290 301 302 311
25 252 256 260 262 268 273 275 278 281 283 284 285 286 287 288 290 291 292 295 296 297 306 312 313 314
34 249 250 252 253 254 262 263 264 265 266 273 274 275 276 277 280 283 284 285 288 293 294 295 296 299 302 303 305 306 307 310 311 312 315
21 249 251 252 254 260 261 262 266 267 276 278 279 283 287 288 297 301 303 304 305 307
13 249 257 260 266 273 279 283 285 296 299 308 310 312
5 268 273 275 287 303
13 261 268 274 275 277 285 293 298 300 302 303 308 310
8 264 267 274 276 293 301 302 305
11 251 262 268 269 276 279 280 292 296 303 314
20 253 256 258 259 264 268 269 270 272 277 280 281 282 286 290 294 296 308 311 312
12 256 265 267 268 274 277 281 285 295 303 308 313
5 255 284 292 297 298
11 258 260 264 266 267 282 289 294 301 307 314
11 252 259 269 278 282 285 286 290 301 302 313
13 256 257 260 274 277 278 280 281 283 290 293 295 296
20 250 251 254 255 256 257 264 267 269 274 278 279 280 285 287 290 292 295 308 314
24 250 251 253 256 257 261 267 271 272 274 275 278 279 280 283 286 289 290 293 294 296 300 302 304
15 251 257 267 268 269 282 289 290 292 300 301 304 308 309 313
16 249 251 252 259 267 269 282 283 286 290 294 296 302 304 312 313
19 254 260 270 271 273 282 283 286 289 291 296 299 302 307 309 310 311 313 314
11 249 254 287 295 299 300 303 304 305 307 314
9 254 255 264 266 284 292 297 310 315
14 250 252 262 263 270 274 280 288 302 305 306 308 309 311
7 264 265 278 292 297 313 315
10 249 262 291 297 300 301 304 305 310 311
6 249 264 280 282 286 309
19 250 254 259 261 263 266 267 271 278 281 282 284 288 295 297 302 305 307 310
19 251 252 253 256 258 260 261 262 266 268 270 280 286 294 295 301 308 310 311
16 249 254 263 266 270 282 286 287 294 299 303 304 305 307 310 314
9 255 258 263 278 279 283 290 306 311
8 259 269 276 277 279 293 302 304
8 258 260 264 267 282 289 303 307
11 252 257 264 271 272 274 279 281 282 300 306
22 249 250 254 256 261 263 270 271 275 278 281 282 284 288 294 295 300 302 305 307 310 312
11 254 263 266 286 287 294 299 303 304 305 314
14 251 253 254 261 268 275 283 286 288 296 306 308 310 315
14 256 258 260 270 274 275 278 280 281 283 295 296 302 313
7 254 266 284 292 297 298 310
14 251 252 254 255 257 260 269 275 278 279 284 290 292 308
13 259 267 271 272 273 282 285 293 299 303 306 307 312
16 249 254 263 270 272 286 287 294 299 300 303 304 305 307 310 314
9 253 264 270 276 277 281 291 305 307
10 263 266 270 275 293 294 295 302 308 312
15 250 255 257 263 265 274 284 292 298 299 306 309 313 314 315
15 256 257 258 260 270 274 277 278 280 281 283 290 293 295 313
10 249 259 267 271 272 285 293 303 307 312
24 251 252 256 257 258 259 261 269 272 276 281 283 288 290 294 298 299 300 301 304 305 311 312 314
35 249 253 254 259 260 262 263 264 265 266 270 272 273 274 275 276 280 281 283 284 285 288 294 295 296 297 299 303 305 306 307 310 311 312 315
14 256 265 267 268 270 275 285 288 291 295 302 308 310 313
20 250 252 254 255 256 257 264 266 269 274 275 278 279 280 284 285 287 290 295 314
9 261 276 279 281 286 293 302 305 307
13 251 254 263 270 271 274 279 294 299 302 305 307 311
13 252 255 257 258 265 273 285 286 287 299 301 304 306
13 255 260 263 269 273 278 279 283 287 290 294 306 311
15 250 251 253 257 259 262 272 284 296 301 304 307 312 314 315
19 249 250 251 253 255 257 258 262 265 271 288 294 295 296 300 303 309 310 312
12 249 260 262 267 268 271 274 286 295 306 308 313
12 250 251 263 271 278 286 293 300 302 305 309 310
13 258 259 260 262 265 270 274 285 287 297 303 304 307
24 250 252 253 254 256 257 261 268 270 274 275 281 284 286 289 291 295 296 298 300 301 304 308 311
29 249 252 253 254 259 262 263 264 266 270 272 273 275 280 281 284 285 294 295 296 297 299 302 303 305 306 307 310 311
18 250 253 254 258 259 262 264 270 276 277 278 282 284 286 294 295 309 315
10 254 257 272 280 281 282 300 304 306 313
6 275 291 294 302 311 312
8 253 255 256 276 282 286 299 304
22 254 257 259 260 261 270 271 280 282 283 286 287 288 289 291 295 296 299 310 311 313 314
18 250 251 255 256 257 260 264 274 275 278 280 287 290 295 306 308 309 314
22 250 254 256 257 258 263 268 272 273 274 279 288 289 292 293 297 298 306 308 310 311 315
20 253 265 268 272 273 277 279 280 289 292 293 295 296 299 300 301 307 309 314 315
20 249 253 256 257 273 277 281 284 285 290 291 293 295 296 298 299 304 310 313 315
11 268 291 293 297 299 300 301 303 304 307 311
6 254 266 284 297 298 307
19 257 259 260 263 266 273 279 280 283 286 292 296 298 299 303 308 309 310 312
11 252 254 264 271 272 274 279 282 300 304 313
13 259 263 268 276 277 279 281 286 301 302 304 305 307
14 249 251 252 254 260 261 267 270 277 283 285 293 309 310
12 259 261 263 268 269 279 286 301 302 304 305 307
14 255 258 259 260 262 265 270 277 285 297 298 301 303 304
15 250 263 266 267 272 273 276 282 284 289 291 292 300 309 312
16 250 254 256 258 260 268 272 273 279 288 289 293 308 310 314 315
17 250 263 266 267 272 273 276 278 282 284 291 292 299 300 302 305 312
14 250 251 252 257 259 272 284 292 296 301 304 307 312 314
13 265 277 279 280 287 293 295 296 300 301 309 311 315
21 254 259 261 262 264 267 276 278 279 281 283 284 285 288 291 297 301 306 307 313 314
13 253 256 259 264 268 271 277 280 285 286 290 311 312
16 250 263 270 275 277 278 292 300 302 305 306 307 308 309 310 315
24 253 255 258 261 262 265 266 273 279 284 285 287 288 289 290 291 295 296 299 301 303 311 312 314
12 254 256 269 270 276 285 286 290 295 305 310 311
17 254 259 261 262 264 267 278 279 281 283 285 289 291 301 306 310 314
10 252 272 273 284 285 296 297 306 307 310
34 249 250 253 256 257 258 260 262 266 268 275 281 282 284 285 286 287 288 289 290 291 292 293 295 296 297 298 300 301 303 306 309 312 313
31 251 252 254 256 257 258 261 262 263 266 268 270 275 279 280 281 284 286 287 288 289 290 291 295 300 301 304 308 309 310 314
13 254 269 280 283 287 288 297 302 306 308 309 311 312
12 251 255 259 267 280 285 286 294 302 304 312 313
15 249 259 260 263 266 285 286 292 296 298 303 304 308 309 312
29 252 254 256 257 258 261 262 264 266 267 268 273 279 280 281 284 287 289 290 291 294 297 298 299 304 311 312 313 314
11 250 267 272 273 276 278 284 289 300 302 309
16 249 251 252 254 261 262 266 267 276 278 283 287 288 293 300 301
21 251 253 254 256 263 264 269 270 273 276 277 278 285 286 293 295 304 305 308 310 311
11 260 272 274 277 278 280 281 283 293 302 313
14 250 253 254 258 259 275 276 281 284 292 298 300 309 315
11 259 260 262 265 281 285 287 298 303 304 313
12 260 272 273 277 284 296 297 303 305 306 307 310
15 253 258 261 265 271 272 273 276 277 281 289 302 312 313 315
26 251 252 253 254 256 258 261 265 268 269 270 271 272 278 281 284 290 291 295 297 300 306 307 311 313 315
15 256 258 259 264 269 270 271 277 281 282 289 294 296 308 312
14 250 251 257 260 275 276 278 284 285 288 289 293 296 306
9 269 271 273 277 285 293 303 306 312
19 250 253 254 258 259 262 270 276 277 278 281 284 292 294 295 298 300 309 315
11 258 259 260 269 277 285 298 301 303 304 313
13 249 251 253 255 257 258 262 267 271 272 295 300 309
11 249 259 267 269 272 273 277 282 285 293 306
30 249 253 256 258 259 260 261 262 264 268 276 279 280 281 285 287 288 289 290 291 294 295 296 297 299 301 311 312 313 314
18 254 263 270 271 275 277 278 281 282 284 288 295 298 300 302 305 310 312
27 249 250 251 252 253 256 257 265 266 270 271 273 275 277 282 286 287 290 293 294 295 299 300 302 308 312 315
14 254 259 261 263 267 270 274 276 279 280 307 308 311 315
10 250 255 263 274 291 298 306 309 310 315
15 251 252 253 257 259 262 272 292 296 297 304 307 312 314 315
20 249 252 254 260 261 267 269 270 271 277 279 281 283 285 294 299 301 309 310 313
8 255 271 278 279 287 290 306 311
13 249 257 260 263 266 279 280 286 292 296 298 299 310
14 250 254 263 269 276 280 283 288 292 297 305 306 308 312
18 249 250 255 259 261 262 263 267 269 275 277 284 289 290 291 297 302 311
35 249 250 252 253 254 259 262 263 264 266 270 272 273 274 275 277 280 281 283 284 285 288 293 294 295 296 297 303 305 306 307 310 311 312 315
7 249 265 279 284 286 291 307
42 249 250 252 254 255 256 260 261 263 264 268 269 270 271 272 273 274 275 279 280 282 283 284 285 286 288 289 291 293 295 296 298 299 302 303 304 305 306 309 311 312 313
34 249 257 258 259 260 261 264 268 269 273 275 278 280 283 286 289 291 292 293 294 295 296 300 302 303 305 306 307 309 310 311 312 313 315
37 250 251 252 253 255 257 258 259 260 263 264 265 266 267 268 269 270 271 274 278 279 280 282 283 284 286 293 296 297 298 299 301 303 304 307 308 313
36 249 251 252 254 256 258 259 260 263 266 267 269 272 276 278 281 283 288 289 290 292 293 296 298 300 301 302 303 304 305 308 309 310 312 313 315
22 251 252 253 255 256 259 261 268 269 275 277 279 284 289 290 299 301 306 308 310 313 314
25 251 253 259 260 263 269 272 273 274 275 276 277 278 279 285 289 290 297 299 300 305 309 310 312 315
33 249 251 252 253 254 255 257 263 265 266 267 268 269 270 273 276 277 278 279 280 285 287 288 289 290 295 296 299 302 304 308 310 311
39 250 251 252 253 254 255 256 257 258 261 263 265 266 269 271 274 275 278 279 281 289 290 291 292 293 294 295 298 300 301 302 304 305 306 307 308 312 313 315
46 249 250 251 252 255 257 259 260 262 264 266 267 268 269 271 272 273 277 278 280 281 282 283 284 285 286 287 288 289 290 291 294 295 297 298 299 300 304 306 307 308 309 310 311 313 315
27 250 254 258 260 261 263 272 273 276 278 279 280 282 285 287 289 290 291 292 295 297 298 300 306 307 312 314
26 253 254 257 262 263 266 267 269 270 272 273 278 285 287 289 292 295 299 301 303 304 306 307 308 311 312
43 252 253 255 256 257 258 260 262 263 264 266 269 272 273 274 275 278 279 281 282 286 287 288 289 290 291 292 293 294 295 296 297 298 299 301 302 303 305 306 307 309 310 312
45 249 250 252 253 256 257 259 260 261 262 263 264 265 266 267 269 272 273 274 275 277 278 280 284 286 287 288 291 292 293 296 297 300 302 303 304 305 307 308 309 310 311 312 313 314
29 249 250 252 256 259 262 264 266 267 270 273 274 275 277 278 285 286 288 290 294 295 296 299 304 307 308 309 310 311
29 252 253 259 262 263 266 269 271 272 274 275 276 278 279 284 286 292 295 296 300 301 303 304 305 307 310 311 313 314
41 249 250 253 254 255 256 257 258 259 261 263 264 265 266 269 275 276 277 280 281 284 285 286 287 289 290 292 295 296 297 298 300 301 302 303 307 308 309 310 314 315
41 249 250 251 253 256 258 259 260 261 264 265 268 271 274 275 276 277 279 280 283 284 285 286 287 288 290 291 296 298 300 301 302 303 305 306 307 308 310 311 312 315
36 250 252 253 256 260 261 262 265 266 267 268 269 270 271 273 275 276 279 280 281 282 288 290 294 295 296 298 300 303 305 307 308 309 311 312 314
31 251 253 254 255 259 260 263 266 267 269 271 272 280 281 282 286 288 290 291 292 294 295 296 298 300 304 308 309 310 313 314
34 249 253 255 257 259 261 265 267 269 270 272 273 278 281 283 284 285 287 290 291 292 293 294 295 296 300 301 305 308 309 310 311 313 314
30 254 258 261 262 263 264 265 266 272 273 275 276 282 283 284 289 290 291 292 295 297 299 301 303 307 309 310 312 313 314
28 249 253 254 257 258 261 264 266 268 269 270 272 273 274 277 280 286 288 289 290 291 293 295 296 297 301 304 311
26 251 256 260 261 263 273 275 278 280 282 283 284 285 286 287 289 290 292 295 296 297 299 307 310 311 312
25 250 251 252 253 260 261 265 266 272 273 274 276 282 285 286 287 289 295 298 299 301 303 304 308 315
31 251 257 259 261 262 263 264 265 268 269 271 273 276 279 280 282 283 286 293 298 299 301 304 306 307 308 309 310 311 314 315
42 251 252 255 256 257 258 260 261 265 269 270 272 273 275 276 277 278 279 283 285 286 287 288 289 294 295 296 297 298 299 300 301 304 306 307 308 309 311 312 313 314 315
29 251 252 254 256 260 266 268 270 273 274 276 278 280 286 288 290 292 293 294 299 300 303 305 306 309 311 313 314 315
21 251 254 258 260 261 273 274 277 279 284 286 288 289 294 299 300 303 305 306 307 313
21 250 252 253 255 257 258 260 271 272 275 291 294 295 298 301 302 306 309 312 314 315
23 249 250 252 253 257 260 261 262 264 267 269 271 272 275 278 279 280 286 301 304 307 309 315
42 250 251 253 254 256 257 258 259 261 263 264 265 266 268 270 271 272 273 274 275 277 282 284 285 288 289 290 291 292 295 296 297 299 300 303 306 307 308 309 310 313 315
20 250 255 261 269 270 271 272 273 276 287 289 292 293 297 301 302 303 305 307 308
34 249 251 254 256 257 258 259 261 262 263 267 268 270 271 273 274 277 278 281 285 288 289 291 293 296 298 299 300 301 303 309 310 312 313
36 249 251 253 255 256 258 259 260 263 265 267 269 270 273 274 276 277 278 279 281 282 283 285 289 292 293 295 299 302 304 305 307 309 311 312 313
35 252 253 254 257 261 263 266 268 271 272 273 277 278 279 280 283 284 285 287 288 289 292 293 294 295 296 298 300 301 302 303 305 309 310 313
30 249 256 258 261 262 263 265 266 267 268 269 276 282 287 288 290 291 292 294 295 296 297 298 301 303 309 310 312 313 315
41 249 251 253 255 258 259 260 263 264 265 267 268 269 272 273 274 275 276 277 278 281 282 283 284 285 286 288 289 290 299 300 301 303 305 306 307 309 310 311 313 314
33 249 250 251 254 255 259 260 261 263 264 265 266 267 271 272 273 274 275 276 282 283 285 287 289 291 296 299 300 302 304 305 309 312
40 249 252 253 258 260 261 262 265 267 268 272 275 277 278 279 280 282 284 285 286 287 288 290 292 293 294 295 296 297 300 301 302 303 304 305 307 308 311 313 315
44 250 251 252 253 254 259 262 263 264 267 268 269 270 271 273 274 275 276 277 278 281 282 284 285 286 287 288 292 293 294 295 296 297 298 302 303 304 306 309 310 312 313 314 315
43 249 250 251 253 254 255 256 257 260 263 264 265 266 267 268 269 270 272 273 274 275 276 277 278 282 283 284 289 294 295 296 297 298 300 301 303 305 307 308 310 311 312 315
34 250 251 252 254 255 258 260 262 263 264 265 267 268 274 276 277 278 284 285 286 289 291 292 293 295 299 302 303 305 306 307 310 313 314
32 250 252 253 255 256 257 258 260 262 263 265 266 271 274 277 280 284 285 286 287 288 290 291 292 297 298 300 305 306 310 312 315
24 253 259 261 264 265 275 278 279 280 281 283 284 285 289 290 295 297 299 300 304 305 312 313 315
36 251 252 253 254 255 257 258 259 260 261 262 267 269 271 272 273 274 275 278 280 282 285 286 289 294 295 296 298 304 305 306 307 308 310 311 315
25 250 251 252 253 254 255 256 260 264 275 276 278 279 284 285 286 289 291 293 295 301 302 303 310 315
36 250 253 254 257 259 260 261 264 266 267 268 269 273 274 275 276 278 279 280 281 288 290 291 292 293 294 295 298 300 301 303 304 309 310 311 313
37 249 251 253 254 257 259 260 261 263 264 266 268 269 270 274 279 280 281 282 287 288 289 293 294 297 298 300 302 303 305 306 307 309 310 312 314 315
40 250 251 252 253 255 256 257 258 260 261 266 268 269 270 273 275 276 278 279 281 284 285 286 287 290 293 294 295 296 298 299 300 302 303 305 306 310 312 314 315
39 249 250 252 253 257 258 259 260 261 263 264 271 272 273 274 276 278 280 282 284 285 288 291 292 293 295 297 298 301 303 304 307 308 309 310 311 313 314 315
44 249 250 254 255 256 257 262 265 266 267 268 269 270 271 272 273 274 276 277 278 279 281 282 283 284 287 288 289 290 291 295 297 298 300 303 304 305 306 307 308 309 310 311 314
33 250 251 252 253 255 262 263 264 265 266 267 269 273 277 278 279 282 284 286 287 288 291 296 298 301 303 305 306 308 309 310 312 314
21 251 255 260 262 264 266 271 272 277 278 279 280 282 287 288 292 307 308 309 311 313
30 254 257 258 259 262 266 267 269 270 273 276 277 278 279 281 282 285 287 288 289 290 291 294 295 298 300 301 309 310 312
33 249 251 254 256 257 260 262 263 264 266 268 269 271 273 274 275 278 280 281 283 291 294 296 297 299 303 304 305 307 311 312 314 315
38 249 250 251 252 254 256 257 264 265 266 267 270 271 272 273 274 277 278 279 282 284 285 291 292 293 297 298 299 300 301 302 305 307 308 311 312 313 314
28 249 255 260 262 264 266 267 269 273 274 278 279 280 282 283 284 287 290 294 295 297 299 301 302 304 307 310 311
42 249 250 251 254 255 257 258 259 263 265 266 267 269 270 271 272 273 275 280 281 282 284 285 286 287 288 290 291 294 295 296 298 301 302 305 306 307 309 310 311 313 315
33 249 250 256 257 258 259 260 269 271 273 275 276 277 278 280 281 283 285 286 290 291 292 295 298 301 302 303 305 306 308 311 312 315
28 249 250 251 255 257 258 262 264 266 268 271 272 275 281 284 286 287 288 291 294 297 298 299 302 304 309 311 314
32 250 252 255 257 258 262 264 265 269 270 272 273 275 277 279 280 286 287 290 291 292 293 295 296 297 298 300 301 304 305 312 315
20 249 250 253 254 256 259 267 268 270 277 283 284 290 293 295 300 303 307 310 313
35 249 251 252 253 254 256 261 265 266 267 268 270 277 280 281 282 283 285 286 288 289 292 294 295 296 299 300 301 302 303 304 310 312 313 315
31 250 251 253 256 257 258 259 260 263 264 266 268 270 271 272 276 277 278 279 281 286 287 291 294 296 299 304 307 309 310 311
43 249 250 251 253 255 256 258 260 261 262 267 268 269 272 276 277 280 282 283 284 285 287 288 289 290 291 292 293 294 295 296 297 300 301 303 304 306 309 310 311 313 314 315
43 249 250 253 254 255 258 259 261 263 266 267 269 270 271 272 273 276 277 280 281 282 283 284 285 288 291 292 293 294 296 297 298 299 300 302 305 306 307 309 310 311 312 315
36 249 251 252 254 255 258 261 263 266 268 270 273 276 279 284 287 288 289 291 292 293 294 298 299 300 301 302 304 305 307 308 309 311 313 314 315
27 251 257 258 260 261 262 263 267 272 273 277 278 279 281 282 283 284 285 289 296 298 299 301 304 307 313 315
27 249 253 256 257 259 262 264 267 269 271 279 285 287 288 292 293 294 295 296 297 300 302 303 304 308 311 315
21 252 255 256 260 265 269 274 275 277 284 286 287 288 289 291 292 295 306 309 312 315
25 250 252 255 256 257 259 264 265 267 271 276 277 281 283 286 291 293 295 302 303 304 305 311 312 314
38 253 256 257 259 261 262 263 265 268 270 271 273 274 276 277 278 279 280 284 285 289 290 291 294 296 297 299 300 303 305 306 307 308 309 310 312 313 315
20 257 258 263 264 265 267 268 270 271 276 278 281 283 286 287 301 303 308 313 315
27 249 253 255 256 258 261 262 266 271 275 277 279 281 283 284 288 290 293 295 297 300 307 308 310 312 314 315
24 249 250 255 258 259 260 261 263 269 274 279 281 282 283 284 285 286 288 290 294 299 302 307 311
28 249 250 251 252 253 254 264 265 269 270 272 275 277 278 280 282 283 285 287 290 293 296 297 303 305 311 312 314
31 250 251 255 259 260 261 263 265 266 270 271 272 274 277 279 287 288 290 292 293 294 296 297 300 301 302 304 307 309 310 313
33 250 251 252 255 257 259 260 261 262 263 265 266 267 268 269 270 274 275 277 281 282 284 288 289 290 292 294 295 297 299 300 306 308
21 249 251 252 253 256 259 261 269 272 273 275 277 278 281 282 295 298 301 302 306 307
22 249 251 257 260 261 262 263 265 274 287 290 292 294 297 298 302 303 305 307 308 313 314
44 249 252 253 254 255 256 257 259 260 261 265 267 269 270 271 273 274 275 276 277 280 283 284 288 289 290 292 294 295 296 297 298 299 301 302 303 304 305 306 308 309 313 314 315
28 249 253 254 255 259 260 263 264 265 268 269 274 277 278 280 283 284 285 294 297 299 301 304 306 310 311 312 313
39 249 250 251 252 253 255 256 257 258 260 261 262 263 265 266 269 272 273 276 277 278 279 280 284 286 288 289 292 293 294 295 298 299 301 303 305 306 313 315
40 250 253 256 259 260 261 264 265 266 267 268 270 272 273 274 275 279 281 283 286 287 288 289 291 293 295 296 297 298 299 300 302 303 304 305 309 310 312 314 315
45 249 250 251 252 253 258 259 260 261 262 265 267 269 270 271 272 273 274 277 278 279 281 282 284 285 286 287 288 292 293 295 298 299 300 301 302 304 305 306 307 309 311 312 313 315
40 249 250 251 253 254 255 257 258 262 264 265 269 270 271 272 273 276 277 279 280 281 282 284 286 287 292 293 294 298 299 300 303 307 308 309 311 312 313 314 315
36 249 250 253 255 256 259 260 261 266 267 268 272 273 274 275 278 280 281 282 283 284 286 289 291 292 293 299 300 301 302 305 306 309 310 312 314
23 249 250 254 255 258 260 261 262 263 267 268 274 281 282 283 285 286 288 292 302 303 312 315
41 250 256 258 260 261 262 263 264 265 267 268 269 272 273 276 277 278 279 282 283 286 287 290 293 294 295 296 297 298 300 301 302 304 306 307 309 311 312 313 314 315
23 255 267 269 275 278 281 285 286 288 293 295 296 300 301 303 304 305 306 308 310 312 313 315
46 249 250 252 253 254 257 258 259 261 262 263 264 266 267 268 271 272 273 275 278 279 281 282 283 284 285 287 289 291 293 296 298 299 300 302 303 304 305 306 307 310 311 312 313 314 315
45 249 251 252 253 254 255 258 259 261 262 263 265 266 267 272 273 275 277 278 279 284 287 288 289 290 291 292 293 294 295 297 298 299 302 304 306 307 308 309 310 311 312 313 314 315
26 250 254 257 259 261 267 269 272 273 274 276 279 284 289 291 293 294 295 297 302 303 304 308 310 312 314
34 249 250 251 252 260 262 263 265 266 267 269 270 271 272 274 275 282 284 287 289 291 294 295 297 298 299 300 301 303 308 311 312 313 314
20 249 251 254 255 257 261 277 280 281 282 283 284 288 292 295 298 299 304 305 307
42 250 252 253 254 255 256 260 261 262 264 266 267 269 271 272 273 274 278 279 280 281 283 286 288 289 291 292 294 296 298 299 300 301 302 305 306 307 308 310 311 314 315
25 249 250 251 253 254 255 256 257 259 263 265 273 281 284 288 290 291 293 296 299 301 302 310 313 314
29 249 251 253 256 258 262 264 265 266 272 278 279 280 282 283 284 287 289 294 295 297 300 303 305 306 307 310 311 315
34 251 253 255 256 257 258 259 260 261 262 264 265 266 267 269 270 276 281 282 283 284 286 288 292 293 296 297 299 300 302 303 305 307 314
28 250 252 253 256 258 259 264 267 269 270 271 272 274 280 282 286 289 290 293 294 296 298 299 302 304 306 308 309
40 249 254 256 257 259 260 261 263 264 267 269 270 271 272 273 274 277 278 280 281 282 283 286 287 290 292 293 295 297 298 300 303 304 306 307 308 311 313 314 315
44 249 250 251 252 253 255 257 258 261 262 263 264 266 267 269 270 272 273 274 275 277 279 280 282 285 287 288 289 290 292 293 294 295 296 297 303 304 305 308 310 311 312 313 314
44 249 250 251 252 253 254 256 258 259 261 263 264 265 268 269 270 271 274 275 279 283 284 286 288 289 291 294 295 296 297 298 300 301 302 303 304 307 308 309 310 311 312 313 315
33 250 251 253 254 256 259 261 263 264 265 266 270 271 273 275 276 278 279 280 281 287 288 291 292 294 295 297 298 301 306 310 312 315
36 249 250 251 253 256 258 259 260 262 263 264 273 275 276 280 281 282 283 284 288 291 292 293 294 295 296 297 298 299 303 304 305 306 309 314 315
46 249 250 251 252 253 254 255 256 257 260 261 262 263 264 266 268 269 270 271 272 273 274 276 277 280 281 282 284 286 289 291 292 296 298 299 300 301 303 304 305 306 307 308 309 310 312
22 249 251 252 254 257 265 270 271 272 273 276 282 283 285 289 291 292 296 297 298 306 309
38 251 253 254 255 256 257 259 260 265 267 269 271 272 273 274 276 279 281 282 284 286 287 289 290 291 298 299 300 302 303 305 307 308 310 311 313 314 315
23 251 253 254 255 266 267 269 274 276 279 281 283 285 292 293 294 297 299 303 307 309 311 314
33 252 253 254 255 256 259 261 262 263 265 270 271 273 274 275 277 278 281 283 286 288 289 291 293 295 296 297 303 304 311 312 313 315
21 251 255 256 259 260 261 265 268 270 273 274 275 279 290 294 298 303 304 309 312 314
29 249 253 256 262 265 266 267 269 270 271 275 276 277 280 283 284 286 289 290 298 299 300 306 308 309 311 312 314 315
46 249 250 251 252 253 254 255 257 259 260 261 264 265 267 268 270 271 274 275 276 277 280 281 282 285 286 288 289 291 292 293 295 296 297 302 303 304 305 306 307 308 309 311 313 314 315
42 249 252 253 254 255 256 258 261 262 263 266 268 269 270 272 274 275 276 277 278 281 283 284 289 290 292 293 294 295 296 297 298 300 301 303 304 305 306 307 309 312 315
34 250 251 256 258 259 263 264 265 266 270 272 273 274 275 277 278 279 280 282 283 284 285 286 287 288 289 292 300 301 304 305 309 311 315
34 250 252 253 254 255 257 258 261 264 267 272 274 275 276 277 281 285 288 290 292 293 295 297 298 301 302 304 305 306 307 308 312 313 314
21 249 250 252 254 255 256 257 260 262 266 277 279 285 286 294 299 300 301 308 313 314
40 249 250 256 257 258 259 260 262 264 265 266 269 270 271 273 276 280 281 282 284 287 288 290 291 292 293 295 298 300 301 302 303 304 305 306 308 309 311 313 314
31 251 254 255 263 265 268 269 274 276 277 279 281 283 287 288 289 290 293 294 295 297 298 299 301 302 306 308 309 312 314 315
45 249 250 251 252 253 254 255 256 258 259 262 266 268 269 271 272 273 274 275 277 279 281 282 283 284 285 287 288 289 290 291 292 295 296 297 301 303 305 306 307 308 310 311 314 315
43 249 250 251 252 253 255 256 257 261 265 266 268 269 271 272 274 276 278 280 282 285 286 287 288 290 291 292 293 294 296 297 298 299 300 302 303 304 306 309 310 311 312 314
39 250 251 253 255 256 257 261 262 263 265 266 268 269 272 273 275 276 277 278 279 280 281 283 284 290 291 294 295 299 302 303 305 306 307 308 309 311 312 315
38 257 259 260 261 262 263 264 265 266 269 270 272 273 274 276 281 282 285 287 288 289 290 293 294 295 296 299 300 301 302 303 305 308 310 311 312 313 315
22 251 252 253 254 255 260 264 266 268 269 270 271 273 275 279 280 286 288 294 302 304 312
25 249 250 253 255 261 263 268 269 272 273 274 280 283 285 287 288 289 290 292 300 301 304 308 313 314
34 252 253 254 255 257 258 260 266 269 270 271 272 274 276 280 282 283 286 287 288 289 290 292 293 295 296 297 299 301 302 303 307 314 315
45 251 252 253 254 255 256 257 258 260 261 263 264 267 268 269 270 272 274 275 276 278 280 283 284 285 287 288 291 294 296 297 298 299 300 301 302 303 304 305 306 308 309 310 311 312
21 254 259 264 268 269 275 285 289 291 292 294 295 301 304 306 307 309 310 312 313 315
29 249 252 256 260 263 267 268 270 271 272 274 275 277 279 280 282 284 285 288 289 291 292 293 298 299 303 304 308 311
33 250 251 252 258 259 260 261 262 267 269 271 272 273 274 277 280 284 289 290 292 293 295 296 298 299 301 303 304 308 310 311 312 313
34 249 250 253 255 256 257 259 264 265 266 267 268 269 276 278 280 281 282 283 285 289 290 291 296 298 301 302 304 305 306 307 311 312 315
40 249 250 252 253 255 257 258 261 262 264 266 268 270 274 276 277 279 281 285 286 287 290 291 292 293 295 296 298 299 300 301 303 304 305 306 308 311 312 313 314
26 249 253 258 259 262 263 266 268 269 271 273 275 277 278 282 284 286 288 293 296 297 306 307 309 310 313
40 249 251 252 253 254 255 256 257 259 261 263 266 267 268 269 270 271 276 277 279 280 284 289 291 293 294 296 297 300 301 302 303 304 307 308 309 311 312 313 314
24 255 256 259 262 264 266 267 271 272 276 277 281 291 292 295 296 300 301 302 304 306 308 309 310
37 249 250 253 254 256 259 260 261 262 263 265 272 273 274 275 277 280 282 283 284 286 288 289 293 295 296 297 298 301 302 303 304 305 308 309 310 315
37 250 251 254 256 258 261 262 263 265 268 271 272 274 275 276 277 280 282 283 285 286 290 291 292 293 295 297 299 300 301 304 307 309 311 313 314 315
46 250 251 252 253 254 256 258 260 261 263 264 268 269 270 271 272 276 278 280 281 283 284 285 286 287 288 289 290 293 294 295 297 298 299 300 301 302 305 306 307 308 309 311 312 313 314
30 249 251 252 253 254 258 259 260 261 262 265 266 271 276 277 278 281 282 283 288 289 291 292 294 295 301 302 304 312 315
20 259 268 275 276 278 280 282 287 290 291 295 297 298 303 304 308 309 312 313 315
24 250 253 254 255 256 263 266 269 271 272 275 278 279 281 286 287 288 290 292 294 298 302 303 304
34 250 252 253 254 257 261 262 263 264 265 266 270 271 272 273 278 280 281 283 287 288 291 292 293 294 297 298 300 305 306 311 313 314 315
26 253 254 256 259 261 262 263 270 274 275 277 283 284 289 290 292 294 295 297 298 303 305 309 310 311 312
42 249 250 251 252 253 256 257 260 261 262 263 264 265 267 271 273 274 276 277 278 280 282 283 284 286 287 290 291 296 297 298 301 303 304 305 306 309 310 311 312 314 315
21 250 251 257 260 271 274 276 277 278 279 281 282 289 290 291 295 297 300 301 305 307
35 251 256 257 258 259 260 261 262 263 269 270 271 276 277 280 282 283 284 288 290 293 295 298 299 300 301 303 306 307 308 309 310 312 314 315
39 252 254 256 258 260 261 262 265 268 269 272 273 274 275 277 279 281 282 283 284 286 287 289 294 295 297 298 299 300 301 302 304 305 306 308 309 310 311 312
22 252 256 259 265 269 271 277 280 282 283 284 286 287 288 291 292 297 300 301 309 310 313
41 249 250 252 253 255 256 260 261 266 269 271 273 275 276 277 278 279 280 282 283 284 285 286 287 290 291 294 295 296 299 301 302 303 305 306 307 308 309 311 312 314
46 249 251 253 254 257 258 260 261 262 263 264 265 266 268 269 271 272 275 276 280 281 282 283 284 285 287 288 289 291 292 295 296 297 298 299 300 301 303 304 305 307 308 310 312 313 314
35 250 252 256 259 260 263 264 265 267 269 270 272 273 274 275 277 280 283 284 285 287 289 292 294 298 300 301 303 304 305 306 308 309 313 314
41 250 251 254 257 258 259 260 263 264 265 266 272 274 278 279 281 282 283 284 285 286 288 291 292 294 295 297 298 299 301 303 304 306 307 308 309 310 311 313 314 315
12 316 322 326 328 335 342 343 344 348 351 355 356
14 316 317 324 326 331 332 333 334 336 338 345 347 348 349
1 356
8 316 321 322 332 337 341 351 354
13 318 324 330 332 334 335 339 341 347 348 352 353 354
8 318 324 325 329 334 340 343 353
8 316 320 326 336 339 342 346 352
16 316 318 319 320 326 327 328 332 333 335 336 338 340 343 346 351
14 321 322 323 326 328 330 331 332 333 338 341 344 347 350
7 316 323 324 327 329 345 351
23 317 320 321 328 329 331 333 334 335 337 339 340 341 345 346 348 349 350 351 352 353 355 356
5 318 324 329 346 347
13 317 319 320 327 328 330 331 336 340 348 349 350 355
17 316 317 319 324 328 331 332 335 336 340 342 343 345 346 349 351 355
11 317 319 320 326 328 332 334 336 340 351 352
25 317 318 319 322 324 328 330 331 332 333 334 335 336 337 339 341 342 343 345 346 347 349 353 354 355
16 317 318 322 325 327 328 330 331 339 342 344 346 348 351 353 356
21 317 321 323 324 325 327 329 331 332 333 336 337 339 340 341 343 344 347 354 355 356
7 323 324 334 342 344 345 347
13 318 321 323 331 333 335 343 345 348 353 354 355 356
6 317 318 324 325 337 350
20 317 319 322 324 325 327 328 329 330 332 334 337 338 340 341 344 347 349 350 351
16 317 318 321 322 334 335 337 338 340 341 342 344 346 347 350 353
7 320 321 324 328 332 335 342
16 316 322 323 327 328 330 334 336 338 339 341 342 343 350 354 355
16 316 319 320 323 324 327 330 331 332 333 339 343 345 352 355 356
8 320 321 329 332 334 345 349 353
29 316 317 319 321 326 327 328 329 330 332 333 334 335 336 338 339 340 341 344 346 347 348 349 350 351 352 353 355 356
21 316 317 318 319 321 323 329 331 334 336 337 338 339 340 342 343 345 348 351 353 356
10 318 322 328 330 333 338 339 348 350 354
20 320 322 324 325 326 327 328 330 332 333 335 341 344 346 347 349 350 352 354 355
16 316 320 321 323 325 326 327 329 338 340 344 348 350 351 352 356
11 324 329 332 333 340 346 347 349 351 353 356
25 317 321 322 323 324 325 329 330 331 334 337 339 341 342 344 345 347 348 349 350 352 353 354 355 356
15 319 323 327 330 331 333 336 338 339 340 341 346 347 352 354
12 318 320 322 323 324 325 331 337 342 343 345 354
9 325 327 328 337 342 344 345 348 355
10 322 326 329 341 343 345 347 348 354 355
27 318 319 320 322 323 325 331 332 334 335 336 337 338 339 340 341 342 343 344 346 347 348 349 350 354 355 356
9 318 319 323 327 336 340 346 349 350
6 332 338 340 343 347 350
5 318 323 340 341 349
18 318 321 323 327 328 329 331 333 336 338 339 340 342 343 346 349 351 356
8 319 323 324 334 335 336 349 352
20 316 317 319 320 321 322 323 325 326 327 328 333 337 340 342 343 346 349 355 356
12 319 320 325 335 343 344 346 350 351 353 354 356
15 318 321 322 323 327 328 329 330 337 339 340 341 342 352 355
9 317 319 320 321 335 337 342 349 355
13 318 325 326 329 333 335 338 339 343 346 352 353 356
15 317 319 321 324 325 326 330 338 344 345 348 349 350 353 355
24 318 320 321 322 323 325 326 327 329 330 333 334 337 338 339 341 344 347 348 350 352 353 354 356
8 329 331 336 338 344 345 350 351
28 316 317 318 319 321 322 323 325 326 327 328 330 332 333 334 335 336 338 339 343 344 345 346 347 348 350 351 354
23 316 317 319 320 322 324 325 326 330 332 334 335 337 341 344 345 347 348 350 352 353 354 355
15 316 317 325 330 331 333 334 337 338 339 344 351 352 353 356
15 317 319 320 335 336 337 339 342 345 346 349 352 354 355 356
11 316 320 321 326 329 333 337 341 345 354 355
18 316 318 319 322 323 324 325 326 327 330 332 336 338 342 343 344 347 354
27 316 317 319 320 321 322 324 326 329 330 331 332 333 334 335 336 338 339 343 346 347 350 351 352 353 354 356
14 317 318 319 320 321 325 326 331 335 337 344 345 348 352
24 316 321 322 323 325 327 330 331 333 335 337 338 339 341 342 343 344 345 348 349 350 353 354 355
4 316 327 348 351
20 316 317 318 319 322 324 325 328 329 331 333 335 337 338 346 348 349 352 354 355
13 320 324 329 331 337 340 341 342 349 352 353 355 356
21 320 321 323 326 327 330 332 334 336 339 340 341 342 343 344 345 347 350 351 353 356
9 322 323 331 333 334 336 340 346 351
6 320 327 335 339 341 356
14 316 317 321 324 326 327 328 329 330 333 345 351 352 353
15 325 326 331 332 334 336 340 341 343 344 346 347 352 353 356
20 316 318 319 320 322 326 328 330 334 335 338 342 345 346 348 349 350 351 352 353
9 325 326 328 329 336 348 349 351 354
11 316 318 328 329 332 337 342 343 347 352 354
8 322 323 328 336 338 342 343 354
6 319 328 334 336 340 352
10 317 324 326 332 333 334 336 345 348 349
13 317 318 321 322 334 337 338 340 341 344 346 347 353
6 316 326 333 337 345 354
14 317 319 324 325 328 329 333 335 338 346 348 349 354 355
7 322 323 325 342 343 345 354
15 318 321 323 327 328 329 331 333 336 338 339 340 342 346 351
18 317 321 323 324 327 331 332 333 337 339 340 341 343 344 347 354 355 356
2 316 327
9 319 321 325 326 330 345 348 349 353
4 324 328 332 335
10 317 325 330 333 334 337 338 339 353 356
4 329 348 351 354
11 318 321 323 329 336 339 342 343 346 349 356
13 323 326 327 330 332 334 339 343 344 345 347 351 356
20 317 319 322 324 328 330 331 333 334 335 336 337 339 341 342 343 345 346 353 354
18 316 317 319 321 322 323 325 327 328 332 335 339 343 345 346 347 351 354
10 318 324 332 334 339 347 348 352 353 354
4 316 323 345 351
12 325 326 332 336 340 341 343 344 346 347 353 356
12 319 323 327 330 331 333 336 338 340 341 346 354
5 320 326 336 342 352
8 319 328 330 331 348 349 350 355
10 317 318 321 322 334 335 340 344 346 350
9 321 322 326 328 330 338 341 347 350
12 317 318 330 331 332 337 343 345 346 347 349 355
15 316 318 320 326 328 330 334 335 338 345 346 348 349 350 352
21 317 318 319 322 324 328 330 331 332 333 334 335 337 339 342 343 345 349 353 354 355
11 317 319 320 321 326 331 335 337 344 348 352
17 316 317 319 320 321 324 326 329 331 333 334 336 346 352 353 354 356
5 320 337 341 354 355
13 317 318 322 324 328 329 333 335 337 338 348 349 355
8 317 321 328 329 330 351 352 353
6 329 338 339 343 352 353
4 329 336 338 351
5 318 324 325 340 343
9 325 330 331 333 334 337 352 353 356
7 325 327 328 337 342 344 348
6 319 346 351 353 354 356
3 318 324 347
7 326 341 345 347 348 354 355
5 316 320 333 337 345
7 325 343 344 350 351 353 356
9 324 331 332 336 342 346 349 351 355
7 325 326 339 343 346 352 353
12 322 324 325 327 328 332 334 337 338 344 350 351
7 325 326 329 336 348 349 354
5 316 337 341 345 355
13 318 319 322 325 326 332 336 338 342 343 344 347 354
17 316 317 318 319 321 323 329 338 339 340 342 343 345 348 351 353 356
10 318 323 333 335 343 345 348 354 355 356
3 323 345 351
11 325 326 329 333 338 339 343 346 352 353 356
14 316 317 318 321 323 326 330 338 339 343 347 348 351 354
13 316 322 327 328 330 336 338 339 342 343 350 354 355
11 316 317 324 326 331 333 336 338 345 347 348
7 317 319 320 335 337 342 355
10 322 325 327 328 331 339 342 346 348 351
19 316 317 319 320 322 324 325 326 330 332 334 335 337 344 345 348 350 352 355
4 323 324 342 344
10 320 325 326 335 344 347 350 352 354 355
6 320 326 333 341 354 355
16 317 319 320 322 323 325 326 328 337 340 342 343 346 349 355 356
5 333 334 336 340 346
8 320 323 326 338 344 348 351 356
18 316 317 318 323 329 331 334 337 338 339 340 342 343 345 348 351 353 356
6 319 320 335 337 342 349
9 316 319 324 328 340 343 345 349 355
15 316 319 320 332 334 335 337 341 347 348 350 352 353 354 355
8 326 331 340 341 346 352 353 356
17 317 319 322 324 325 327 328 330 332 337 340 341 344 347 349 350 351
11 318 326 329 333 335 339 343 346 352 353 356
9 324 329 331 340 342 349 352 353 355
8 317 322 325 327 339 342 344 346
7 320 326 333 337 341 345 355
14 319 321 322 323 327 328 330 334 336 344 347 348 350 354
17 317 319 320 321 324 326 329 334 336 338 339 343 347 350 351 352 353
7 331 340 341 342 353 355 356
5 319 327 336 340 350
6 329 332 340 347 349 356
8 316 317 326 331 336 345 347 349
11 316 323 327 328 330 334 339 341 342 350 354
11 317 319 325 330 332 338 340 347 349 350 351
12 317 318 319 320 321 325 326 335 337 344 345 352
12 316 317 318 325 331 333 337 338 346 348 349 352
4 318 329 346 347
12 319 324 325 326 335 337 341 344 352 353 354 355
3 327 348 351
8 320 321 326 329 333 341 354 355
5 325 327 337 342 345
8 316 324 327 328 330 351 352 353
6 323 331 333 334 340 346
5 323 324 342 344 347
17 320 321 322 325 326 327 329 333 334 339 341 344 347 348 352 354 356
6 318 325 329 340 343 353
3 324 346 347
14 316 318 319 322 328 330 334 335 345 346 348 351 352 353
4 319 337 342 349
17 316 323 325 327 330 331 333 335 337 338 339 342 343 344 345 350 353
11 318 325 326 329 335 338 339 346 352 353 356
23 316 317 319 320 322 329 330 331 333 334 335 336 338 339 343 346 347 350 351 352 353 354 356
14 317 318 322 328 331 332 337 339 341 342 343 347 353 354
7 320 322 331 337 342 345 354
16 320 328 329 331 334 335 337 339 340 345 346 348 350 353 355 356
7 325 329 336 348 349 351 354
16 317 319 322 324 325 328 331 333 337 338 346 348 349 352 354 355
2 323 349
7 317 319 335 337 345 355 356
12 317 319 322 326 330 334 335 344 345 347 352 354
8 317 320 335 337 339 345 349 354
7 322 331 333 334 336 346 351
8 324 337 340 341 342 352 353 355
5 343 345 348 354 355
3 323 341 349
8 318 319 326 327 333 335 340 351
8 322 323 338 339 342 350 354 355
11 323 325 327 331 332 333 336 340 341 343 344
5 316 320 326 336 339
18 317 321 325 329 330 331 337 339 341 342 344 345 347 349 350 353 354 356
19 318 319 322 323 325 332 334 335 336 338 339 340 341 344 346 348 350 354 355
6 336 338 344 345 350 351
15 317 326 327 329 330 335 336 338 344 346 348 349 350 352 355
6 331 333 334 340 346 351
13 316 318 320 322 326 334 335 342 345 346 348 351 352
5 322 330 339 348 350
4 318 324 329 346
2 316 327
21 316 321 322 323 325 327 330 331 337 338 339 341 342 343 344 345 349 350 353 354 355
13 316 319 320 324 327 330 331 332 343 345 352 355 356
9 324 329 332 340 346 349 351 353 356
3 329 346 347
4 338 343 347 350
5 323 324 342 345 347
18 317 320 321 328 329 331 333 334 335 339 340 341 346 350 351 352 353 355
10 319 324 326 330 344 345 348 349 353 355
4 318 323 340 341
25 316 317 319 321 328 329 330 332 333 334 336 338 339 340 341 344 346 347 349 350 351 352 353 355 356
19 316 317 319 320 322 324 326 330 332 334 335 341 345 347 348 350 352 354 355
4 321 322 332 337
6 320 329 334 345 349 353
2 327 351
11 317 318 319 321 323 336 337 339 345 348 353
4 323 334 342 347
7 316 335 342 343 344 355 356
7 317 319 321 337 345 348 352
2 327 351
14 317 320 321 329 333 334 340 341 345 346 348 349 350 351
7 316 320 329 337 341 345 354
6 329 336 344 345 350 351
6 321 323 331 345 354 355
6 325 327 337 342 348 355
3 335 339 356
13 316 317 319 324 328 331 332 336 340 342 345 349 351
8 320 324 330 332 339 343 352 356
7 319 333 338 339 340 341 346
9 324 329 332 333 340 347 349 351 353
9 316 324 326 331 332 333 336 338 349
5 324 332 340 349 356
11 316 317 324 327 328 329 330 333 345 351 352
7 317 319 320 327 336 348 349
6 318 323 325 331 342 345
6 321 322 332 337 341 351
7 319 326 328 336 340 351 352
12 316 317 325 330 331 334 337 338 344 351 353 356
7 320 325 343 344 351 354 356
13 316 319 320 324 327 331 332 333 343 345 352 355 356
6 322 331 334 340 346 351
3 320 335 356
5 318 324 329 334 343
16 321 322 325 330 337 339 342 344 345 347 348 350 352 353 354 356
10 319 320 330 331 333 339 343 352 355 356
10 323 327 328 330 334 338 341 342 343 355
7 326 329 333 337 341 345 354
9 316 317 325 330 333 334 338 344 352
18 317 321 323 324 325 327 331 332 336 337 339 340 341 343 344 347 355 356
5 320 327 335 341 356
7 320 324 337 340 341 342 356
9 326 331 332 341 343 346 347 352 353
6 325 327 337 342 348 355
8 317 321 324 327 328 351 352 353
4 324 329 340 343
8 318 319 326 331 335 344 345 348
5 316 321 322 351 354
4 323 324 345 351
11 316 318 319 322 324 325 330 338 342 343 344
26 317 318 319 321 322 325 326 329 332 333 334 335 336 337 338 340 341 342 343 348 349 352 353 354 355 356
16 317 323 325 327 329 331 332 335 336 337 341 343 346 350 352 355
18 316 322 325 328 330 331 332 334 337 339 340 342 344 346 351 354 355 356
27 316 317 318 320 321 322 324 327 328 329 330 333 335 338 339 340 341 343 345 346 347 349 352 353 354 355 356
14 319 320 321 325 328 329 333 335 336 340 342 344 347 350
21 317 320 321 322 323 324 327 329 330 331 334 335 336 337 338 345 347 348 349 351 356
22 317 319 320 321 323 326 327 328 329 330 331 333 335 337 340 345 346 347 349 350 353 354
13 319 320 323 324 327 328 329 331 333 338 339 348 351
23 316 317 318 319 321 323 325 326 329 330 331 332 335 337 339 342 343 344 345 347 351 355 356
23 319 320 321 322 325 326 327 329 330 332 335 336 337 341 343 345 347 350 351 352 353 354 356
13 317 323 324 333 337 339 341 343 345 348 353 354 355
23 318 319 321 324 325 326 327 328 329 330 331 333 334 335 336 337 339 341 347 349 351 353 356
16 320 322 326 327 330 331 333 334 335 339 340 341 342 344 349 355
26 316 317 318 319 320 321 322 323 324 326 330 331 333 334 337 339 340 341 343 344 346 347 350 351 353 354
17 319 320 321 324 325 326 329 332 333 334 336 337 341 342 343 345 355
26 316 317 318 320 324 325 326 327 329 330 333 334 336 337 338 339 340 341 344 345 346 347 350 351 352 355
21 316 318 322 323 325 327 328 332 334 337 339 340 343 345 346 347 349 350 351 354 355
15 316 317 318 319 323 325 327 332 333 337 339 340 342 345 353
18 321 322 323 328 329 331 332 333 334 335 336 337 341 343 344 351 355 356
16 317 318 322 323 327 328 330 334 339 340 341 347 349 350 353 355
24 316 317 320 322 323 327 329 330 332 334 335 336 338 339 341 342 344 347 349 350 351 352 353 354
27 316 318 319 320 321 323 324 326 327 328 329 330 332 333 334 337 340 341 343 344 347 348 349 350 351 353 355
23 316 319 320 321 325 326 329 330 332 335 336 337 338 340 343 345 347 348 350 351 352 355 356
26 316 318 321 322 323 324 325 326 327 328 329 331 334 336 337 339 341 342 343 344 345 347 349 353 355 356
24 316 318 320 324 325 328 329 330 332 334 335 336 337 338 339 340 343 344 346 349 352 354 355 356
17 316 318 319 320 325 326 327 329 331 332 334 339 346 347 350 351 352
14 318 321 326 331 332 338 339 344 348 349 350 351 354 355
18 317 319 320 323 324 325 328 331 333 334 335 339 341 343 347 348 349 351
17 316 319 320 321 323 325 326 328 332 333 336 340 345 349 352 353 354
20 317 318 319 320 321 325 328 331 332 334 335 337 338 340 341 343 345 348 351 356
23 316 317 318 319 321 322 325 328 331 332 333 335 337 340 341 342 343 346 347 349 350 352 353
28 316 317 318 319 321 324 325 326 328 329 330 332 333 334 337 338 339 341 342 343 344 348 349 350 351 352 354 356
20 316 318 321 325 326 330 332 334 338 340 341 343 344 348 349 350 352 353 355 356
24 318 320 321 322 324 327 329 330 332 333 335 336 337 340 342 344 345 346 347 349 350 354 355 356
20 317 318 320 325 327 328 330 331 332 333 339 340 343 344 345 350 351 352 354 356
22 318 319 320 321 324 325 327 329 330 333 334 341 342 343 345 346 347 349 350 351 353 356
26 316 317 324 325 326 327 328 329 330 331 333 334 336 337 338 339 340 343 344 345 349 351 353 354 355 356
18 316 317 318 319 321 323 325 329 330 331 332 334 337 340 341 347 349 352
19 323 324 326 330 331 333 334 336 337 339 342 344 345 346 347 349 350 353 354
26 316 318 319 321 323 325 326 327 328 329 333 334 335 336 337 339 340 341 343 346 347 348 349 351 354 356
15 318 320 321 325 327 328 329 332 335 336 337 341 352 353 355
16 316 319 320 322 323 325 327 332 335 338 340 344 345 346 351 356
25 317 318 319 321 323 324 325 331 333 335 338 339 340 343 344 345 346 347 348 349 350 351 353 355 356
16 316 320 324 325 328 332 334 336 338 340 345 346 347 349 355 356
17 317 320 321 322 325 326 328 330 333 335 337 338 347 349 350 351 353
14 317 318 319 323 324 328 329 332 333 342 345 349 350 356
15 317 318 328 330 331 332 333 338 342 345 347 348 349 351 354
20 316 317 320 322 324 326 329 333 336 339 340 341 345 346 347 348 349 354 355 356
22 320 321 322 323 324 325 326 327 329 331 332 333 341 343 344 346 347 348 349 351 354 356
21 316 317 319 322 323 326 327 328 329 334 335 336 338 339 340 341 342 346 349 352 355
15 316 318 320 328 338 340 343 346 348 349 350 351 353 355 356
12 316 325 327 334 335 337 340 344 346 350 351 352
14 317 318 320 329 330 332 334 335 337 342 344 345 347 349
27 317 318 320 321 322 324 326 328 331 332 334 335 336 337 338 339 340 341 343 345 347 348 349 353 354 355 356
19 317 320 322 325 326 331 332 335 338 340 341 342 344 345 350 352 353 354 356
22 318 319 320 321 322 323 324 325 327 329 333 334 337 338 341 343 346 347 349 350 354 356
15 320 321 325 326 329 333 340 341 344 346 348 350 351 354 356
12 319 320 330 331 333 334 336 341 342 343 344 350
23 316 318 320 321 325 327 330 331 334 336 337 338 339 341 342 343 345 348 351 352 353 355 356
17 317 318 321 322 324 326 327 328 329 336 339 340 341 343 345 347 355
21 317 318 320 321 322 323 325 326 328 329 330 333 337 338 341 342 344 348 349 350 353
28 316 317 319 320 321 322 323 324 325 328 329 330 331 334 335 336 337 339 342 346 347 348 349 350 351 353 355 356
15 316 322 323 324 325 328 330 332 336 339 341 343 347 355 356
24 316 317 318 320 324 325 327 328 331 332 333 335 337 338 340 341 343 345 347 349 351 354 355 356
27 316 317 320 321 322 323 325 328 329 330 331 332 333 334 336 337 338 341 342 344 348 349 350 351 352 353 356
27 317 318 319 320 321 322 329 330 331 332 336 337 339 340 341 342 343 344 346 347 348 349 350 351 352 354 355
23 317 319 320 322 324 325 326 327 328 329 332 333 335 336 338 339 340 343 345 346 350 352 353
26 316 318 319 320 321 322 323 324 325 327 328 332 333 334 340 341 343 344 348 349 351 352 353 354 355 356
23 316 318 321 323 324 325 326 329 330 332 335 336 339 340 342 344 345 347 348 349 350 351 352
23 317 318 321 325 327 328 329 331 332 334 335 336 337 338 339 341 342 343 344 345 351 352 353
19 316 317 318 321 322 323 324 326 329 331 334 335 337 339 342 347 350 353 354
13 317 318 320 324 334 335 342 346 347 350 351 353 355
21 318 319 320 321 322 323 328 330 331 337 338 339 340 341 342 347 349 350 354 355 356
14 317 319 322 325 327 328 332 333 339 345 348 349 353 356
14 316 318 325 326 327 329 333 334 335 339 342 345 346 351
24 316 317 318 322 323 324 326 330 331 332 333 335 336 337 342 345 346 347 349 350 351 352 353 356
27 317 318 319 320 322 325 326 327 330 331 332 334 336 338 339 341 342 345 346 348 349 350 351 352 353 355 356
22 317 319 324 326 327 328 329 332 334 335 336 338 341 343 344 345 346 347 349 350 352 355
12 321 330 335 338 339 341 342 344 347 348 351 356
18 317 322 326 328 329 332 336 338 339 340 342 343 344 346 347 348 350 354
14 317 319 327 328 329 330 342 343 344 346 347 349 352 353
14 317 325 329 331 336 337 340 341 342 344 345 351 352 353
28 316 317 320 322 323 326 327 328 329 330 331 333 334 336 337 338 339 342 343 345 346 347 348 351 352 354 355 356
20 316 317 320 321 322 324 326 329 331 332 333 336 338 342 343 348 349 350 352 354
26 316 318 319 320 321 322 324 327 331 332 333 335 337 338 340 341 343 344 345 347 348 349 351 353 354 355
14 320 321 322 328 334 335 336 337 340 342 345 351 352 355
28 317 318 320 321 322 323 324 325 326 331 332 336 337 338 339 340 343 344 346 348 349 350 351 352 353 354 355 356
28 316 317 319 320 321 322 324 325 326 327 328 331 332 334 335 336 340 341 342 343 344 345 346 347 348 351 352 355
17 316 319 320 321 322 324 330 333 335 337 338 343 347 350 352 353 355
22 316 317 318 319 322 324 325 326 333 334 335 338 340 344 345 347 348 351 352 353 354 355
13 316 320 322 323 325 327 330 336 340 342 343 347 354
15 318 323 325 326 327 328 336 337 342 345 348 350 353 354 356
26 318 319 320 321 322 323 326 327 328 334 336 337 338 339 340 341 342 344 345 346 348 350 352 353 354 356
26 318 319 321 322 323 324 325 326 327 329 330 331 332 334 335 336 339 343 347 349 350 351 353 354 355 356
27 316 317 319 320 321 322 323 326 327 330 331 332 333 334 335 336 337 339 341 345 347 348 349 350 352 355 356
22 320 321 322 324 325 327 328 329 330 333 334 335 337 338 339 342 343 344 345 347 348 351
18 319 321 324 327 331 332 334 342 344 345 346 348 349 350 351 354 355 356
15 316 317 320 322 323 332 334 335 338 341 346 347 348 352 356
17 316 317 319 323 324 325 333 336 337 339 340 346 347 351 352 355 356
24 316 318 319 321 322 324 326 327 328 329 330 333 334 335 339 340 341 344 348 349 351 352 353 354
20 319 320 321 325 326 331 333 336 337 339 340 341 342 343 348 350 351 354 355 356
17 316 319 320 323 330 331 332 333 334 337 338 341 342 344 345 351 353
23 317 318 323 324 325 327 330 334 335 336 339 341 342 343 344 346 348 349 350 352 354 355 356
14 318 319 327 328 331 333 334 335 338 339 342 351 355 356
18 316 320 321 322 326 332 333 334 338 342 345 346 347 348 349 352 354 356
26 316 318 321 322 323 324 327 330 331 332 333 334 336 337 338 340 344 345 348 349 350 351 352 353 354 355
17 317 320 321 326 328 330 332 334 339 341 342 343 346 348 349 351 354
17 316 318 319 321 323 324 327 328 329 331 333 334 344 345 347 350 353
17 316 317 320 324 325 326 330 334 337 339 340 342 343 346 353 354 356
25 317 318 319 320 324 327 328 329 330 332 333 334 340 341 342 343 344 345 347 349 350 351 352 353 356
19 320 321 323 324 326 327 331 333 334 341 342 343 345 347 348 350 351 352 356
26 316 317 318 319 320 321 323 324 326 329 331 332 334 336 339 340 341 342 346 348 349 351 352 353 354 355
25 317 319 320 322 324 327 328 330 334 335 336 337 338 341 342 343 344 346 347 348 349 350 353 354 355
13 319 323 325 332 333 336 338 339 340 345 348 352 354
20 317 318 324 325 326 327 328 333 334 335 338 339 342 344 345 346 349 350 351 356
15 316 320 321 325 326 327 331 333 334 336 348 350 353 354 355
17 317 318 319 321 322 326 328 332 333 338 339 341 345 348 353 354 356
27 316 318 319 321 322 325 328 329 330 331 332 333 334 335 339 341 342 343 345 346 347 348 350 351 352 354 356
19 316 317 318 323 327 328 329 332 333 336 337 341 345 347 348 349 350 351 356
15 317 321 322 323 326 329 342 344 345 346 352 353 354 355 356
22 316 317 318 320 324 325 327 331 332 333 334 337 338 343 345 347 348 349 351 352 353 356
22 318 320 321 325 326 330 332 333 335 336 337 338 339 340 342 343 346 347 350 353 354 355
15 317 318 326 328 329 333 338 341 342 344 345 346 349 352 355
28 317 318 320 321 323 326 327 328 329 330 331 332 333 334 335 337 338 339 341 343 345 346 348 349 351 352 355 356
17 316 317 319 320 324 326 327 332 333 334 342 348 350 351 352 353 354
14 316 319 321 322 326 329 333 334 336 338 340 348 350 351
20 317 318 320 325 326 327 328 329 331 332 334 336 339 340 344 345 346 351 353 355
23 317 319 320 321 322 323 324 326 328 329 330 331 333 334 336 339 340 345 346 348 349 351 355
24 316 317 318 319 320 322 323 325 326 330 331 332 333 334 336 337 338 339 340 343 345 351 353 355
23 317 319 322 324 325 328 329 330 331 332 335 336 337 338 340 341 342 344 346 349 350 352 355
24 318 319 321 323 325 327 328 331 332 333 334 335 337 338 339 340 341 347 348 349 351 352 354 356
28 316 317 318 319 321 322 324 325 327 328 330 331 332 333 335 336 337 338 339 344 346 347 348 350 352 354 355 356
26 316 317 318 321 322 323 324 325 326 332 334 335 336 337 338 339 341 343 344 345 346 347 352 353 354 356
26 316 319 320 321 322 324 326 327 328 329 330 331 333 334 335 336 337 339 341 343 346 348 349 351 352 356
26 316 318 319 322 323 325 327 330 333 334 335 339 340 341 342 344 345 346 347 348 349 350 352 353 354 356
14 316 320 321 324 325 329 330 334 335 338 341 343 347 356
12 317 320 321 326 338 339 340 341 342 343 347 354
17 317 318 322 324 325 326 334 335 336 338 342 343 346 348 350 351 352
16 317 318 321 324 326 328 333 334 335 337 338 340 347 348 353 354
26 317 318 319 322 323 325 326 327 328 331 332 333 336 340 341 342 343 346 348 350 351 352 353 354 355 356
25 316 317 318 319 323 324 325 327 328 329 330 331 333 334 336 337 338 343 344 346 347 348 350 351 353
23 316 319 320 323 325 327 328 331 332 333 335 336 341 342 343 345 347 349 352 353 354 355 356
16 317 321 327 328 330 331 332 335 337 341 344 347 349 351 355 356
18 321 322 323 325 328 329 331 332 336 338 340 342 343 349 351 353 354 356
19 318 319 321 324 325 326 328 332 333 334 335 341 343 344 346 348 349 351 352
13 317 318 321 323 328 331 334 337 341 342 347 351 352
16 316 318 320 321 322 323 324 327 331 337 338 342 346 347 352 353
26 316 317 318 319 320 321 322 323 324 326 327 329 330 333 334 336 337 338 339 341 348 350 351 353 354 356
13 323 327 329 330 335 339 341 345 347 350 353 354 356
13 323 324 333 337 340 343 344 346 348 349 351 354 356
14 318 320 323 324 326 333 339 340 344 347 348 352 354 355
22 316 317 319 321 323 324 325 327 329 333 336 337 339 340 345 348 349 350 351 352 354 355
28 316 317 319 320 321 323 324 325 326 327 330 331 333 334 337 339 342 343 344 345 346 347 349 350 351 353 354 355
13 317 319 320 326 327 329 332 336 338 339 341 350 352
22 317 318 319 320 323 325 327 329 330 335 337 338 339 340 343 344 348 351 352 353 354 356
18 316 317 321 324 327 328 330 339 340 342 344 345 346 349 351 352 353 355
27 316 317 319 325 326 328 330 331 333 334 335 338 339 340 341 342 343 346 347 348 349 350 351 352 354 355 356
23 318 319 320 322 323 324 325 326 330 331 333 335 338 339 341 342 346 347 350 352 353 354 356
12 317 320 321 324 328 329 333 336 337 345 351 352
26 317 320 322 323 325 326 327 328 331 332 333 334 336 339 341 343 344 345 347 349 350 352 353 354 355 356
28 316 317 318 319 321 322 323 324 326 327 328 329 330 332 334 335 336 338 341 342 343 345 347 348 349 351 353 354
27 316 317 319 320 321 322 325 326 329 333 334 336 337 341 342 343 344 345 346 347 348 349 350 351 353 355 356
20 321 327 328 330 332 333 334 335 336 337 338 339 341 342 345 348 352 354 355 356
12 316 321 327 329 330 331 339 341 346 347 349 351
21 316 317 319 320 321 327 328 331 332 336 337 339 341 342 347 349 351 352 353 354 355
16 317 322 323 324 326 327 333 334 339 340 342 346 348 349 351 355
18 317 320 321 324 325 329 330 331 334 335 336 337 338 342 346 350 353 355
16 317 319 320 321 323 327 329 330 332 334 337 347 350 352 354 356
18 316 317 320 323 327 329 332 333 334 336 338 343 344 346 347 349 351 352
21 317 319 320 321 324 326 327 329 330 332 336 339 341 342 343 346 348 349 351 355 356
15 318 319 323 329 333 339 340 342 343 346 349 350 351 354 355
23 316 317 318 319 320 323 325 326 329 331 332 334 336 339 340 343 345 346 350 351 353 354 356
12 316 321 323 326 327 330 331 333 336 339 346 352
22 316 317 320 322 324 326 330 331 333 334 335 339 340 341 342 343 345 347 349 352 354 355
24 316 317 318 320 322 323 325 326 327 328 329 331 335 336 339 340 342 343 347 348 350 352 353 356
24 316 317 318 320 321 323 324 328 329 330 332 333 334 335 336 337 340 341 342 343 348 349 351 352
19 316 320 323 326 328 329 330 331 333 337 338 345 346 349 350 352 353 354 355
17 316 320 321 322 323 324 326 330 332 335 340 344 347 351 352 354 355
20 317 318 320 321 322 324 327 330 335 336 338 339 341 342 346 347 348 350 351 354
21 316 318 319 321 323 324 327 328 329 333 334 336 337 339 340 341 344 345 348 351 354
22 317 323 325 326 328 329 330 331 333 334 338 342 345 347 348 349 351 352 353 354 355 356
25 320 321 322 323 324 325 326 327 329 331 335 336 338 340 341 344 345 346 347 348 349 350 351 355 356
17 321 323 325 328 329 333 334 337 340 341 342 347 349 350 352 354 355
18 317 318 319 320 325 328 329 330 333 336 337 338 345 351 353 354 355 356
25 316 317 319 320 323 329 330 332 333 336 337 338 340 342 343 344 345 347 348 350 351 352 353 354 355
20 316 317 318 322 323 326 327 334 335 338 339 340 342 343 344 346 347 352 353 354
27 316 317 319 320 321 323 324 325 326 327 330 331 332 333 335 336 338 339 340 341 342 343 349 350 351 352 353
21 316 317 321 322 327 328 329 330 333 334 338 339 340 341 342 345 347 349 350 351 355
19 316 321 323 326 328 330 331 335 337 338 339 340 342 346 347 349 351 354 356
7 367 376 395 397 398 414 418
11 360 363 366 371 374 376 387 392 397 403 415
17 357 358 360 361 368 369 375 379 380 385 387 393 397 398 399 406 412
22 357 359 361 364 371 374 376 383 385 388 389 391 394 398 399 406 409 410 412 414 415 416
30 361 364 365 369 370 371 372 373 374 377 379 381 385 386 387 388 390 393 396 398 399 403 404 406 407 408 412 413 416 418
18 357 359 360 362 366 370 371 377 378 379 380 390 393 400 408 410 413 416
35 357 358 359 362 363 364 365 366 369 371 372 375 376 379 382 384 385 388 389 391 392 394 395 400 401 402 407 408 410 412 413 414 415 417 418
17 361 366 368 376 377 388 391 393 398 400 403 405 406 411 413 416 418
15 357 358 373 375 378 380 382 384 387 388 389 397 403 406 407
12 358 363 371 380 381 383 395 398 405 407 410 416
26 358 359 367 369 372 373 378 380 381 383 385 386 388 389 391 394 398 399 400 406 407 409 410 414 417 418
40 358 359 360 361 363 366 368 369 370 372 373 374 375 378 380 381 382 383 385 389 390 391 392 395 396 397 398 399 400 403 404 405 406 407 410 411 414 415 417 418
19 357 362 366 368 374 375 376 379 384 386 388 389 393 396 399 404 412 414 415
12 365 366 371 381 382 386 394 395 402 405 411 418
31 357 358 359 360 362 363 366 367 368 375 376 378 380 382 383 389 391 392 394 395 397 400 401 402 405 409 410 411 414 415 417
11 358 360 364 366 369 375 377 379 398 399 404
26 359 363 364 367 370 372 373 376 377 378 383 388 389 390 391 392 396 400 403 404 407 408 413 414 415 416
27 358 360 361 364 367 369 371 373 377 380 382 383 386 388 391 394 396 397 400 401 402 403 404 408 415 416 417
21 357 361 363 364 369 373 374 377 378 384 387 388 389 390 391 392 393 394 400 407 408
21 363 367 369 375 381 383 386 388 389 391 392 394 395 399 401 404 405 406 407 411 414
38 360 361 362 363 367 368 371 372 374 375 376 377 379 380 381 383 385 386 389 390 391 395 396 398 399 401 402 403 406 407 408 410 411 412 414 415 417 418
23 358 361 364 365 368 372 373 374 376 382 384 385 387 396 397 398 402 403 409 412 415 417 418
25 358 362 365 368 369 372 373 375 377 378 379 380 382 384 387 390 392 393 395 396 397 402 403 405 417
11 361 365 367 392 394 395 400 401 407 411 417
27 357 359 361 362 363 366 368 374 377 380 381 382 383 385 386 387 393 400 402 404 405 407 408 409 410 411 413
23 358 359 360 365 370 371 372 373 382 388 390 391 396 397 399 400 401 404 409 410 412 413 414
12 360 367 369 374 379 388 403 404 410 411 412 416
24 357 358 359 364 365 366 369 370 373 378 382 384 387 388 392 393 394 397 400 404 405 409 413 416
9 368 369 378 380 383 384 395 411 416
24 358 363 365 367 370 372 374 376 377 382 383 386 390 391 392 394 396 399 403 404 405 407 413 416
19 358 360 365 366 368 371 372 375 379 380 381 382 383 402 406 409 410 413 416
12 357 359 361 366 371 380 387 393 405 408 411 416
28 357 358 363 371 377 378 379 380 383 385 386 389 390 392 394 400 401 402 404 405 406 407 408 409 410 411 413 416
17 357 360 364 366 368 369 373 378 380 385 395 397 402 406 408 412 417
25 364 365 369 370 371 372 375 376 378 379 384 388 389 390 394 395 397 399 403 406 412 414 415 417 418
35 361 362 363 364 365 366 367 368 370 372 373 374 377 378 379 380 382 383 384 389 390 392 394 396 398 399 401 403 407 408 411 413 414 417 418
7 360 363 367 381 411 413 418
10 357 370 377 382 384 395 402 412 413 416
17 359 360 367 370 372 373 378 382 385 387 392 400 401 402 406 411 413
31 357 358 359 360 362 363 364 366 369 370 372 377 378 380 381 386 389 391 393 394 395 396 397 398 405 406 407 408 413 415 417
15 359 365 370 372 377 383 387 390 394 398 401 402 406 413 417
15 359 362 370 385 386 396 399 401 403 404 405 411 412 415 417
28 359 362 363 364 368 369 370 372 375 376 377 378 381 383 384 385 387 388 389 390 391 392 396 400 401 404 406 410
31 361 365 367 368 371 373 374 375 376 379 382 383 384 385 387 388 390 392 399 400 401 402 403 404 409 410 411 412 414 416 418
6 358 381 383 386 388 413
9 365 371 386 390 391 393 395 402 413
27 357 358 359 360 369 371 375 376 381 385 386 387 388 391 393 395 397 400 402 404 405 406 409 410 412 415 416
22 357 358 362 367 370 372 373 378 379 380 385 386 387 389 390 395 396 399 402 410 414 415
8 366 370 386 400 401 404 407 408
18 359 364 366 367 368 369 370 376 382 384 387 393 395 398 403 412 417 418
21 359 361 362 371 375 379 381 384 387 388 389 393 398 400 401 409 410 411 414 415 418
17 358 361 365 366 373 374 379 382 393 395 397 403 405 408 411 412 415
18 359 367 370 374 380 383 384 387 388 394 396 403 405 406 409 412 415 417
17 357 360 367 371 380 386 394 398 399 402 407 409 413 414 416 417 418
15 361 362 364 365 368 375 379 390 393 396 401 404 405 408 411
35 359 361 362 364 365 366 367 369 370 371 372 377 379 381 383 385 386 390 391 392 393 394 395 396 398 399 401 402 404 408 409 410 413 417 418
11 359 365 369 371 382 394 401 404 409 412 417
20 358 361 362 364 371 373 375 376 378 381 384 391 393 396 399 400 405 414 415 418
20 363 365 368 369 372 373 379 381 385 386 389 392 402 406 409 410 412 413 415 417
12 360 363 364 374 375 381 383 384 392 397 407 408
1 384
14 361 364 365 369 377 390 391 394 397 403 408 409 417 418
19 360 362 364 367 374 376 377 378 383 384 390 391 394 395 396 397 404 407 414
15 357 363 366 368 380 382 385 386 389 392 395 397 407 408 409
24 357 361 362 363 368 372 373 376 378 381 382 385 389 392 397 400 401 407 408 410 411 414 416 418
25 357 361 362 363 367 374 375 376 377 381 385 387 389 392 393 394 398 402 403 406 407 408 415 417 418
16 360 361 362 365 372 373 374 375 381 388 391 396 397 399 414 415
27 360 361 367 368 370 373 374 377 378 380 381 383 386 387 390 393 396 397 398 399 403 404 405 406 409 411 416
29 357 362 363 364 369 370 371 372 373 375 377 378 379 380 384 385 387 389 390 393 398 399 403 404 405 408 409 415 418
16 359 360 366 368 374 376 382 391 396 397 402 406 410 412 414 416
22 357 362 364 365 367 371 376 377 379 384 386 387 388 393 394 401 402 408 409 412 413 416
23 359 361 362 366 367 369 374 377 379 381 382 384 385 390 392 394 395 401 407 410 412 416 418
5 364 366 379 386 405
35 357 359 362 363 365 366 368 370 372 374 375 376 378 379 381 384 385 387 389 390 392 393 395 398 399 405 406 407 409 410 411 412 413 414 418
11 358 370 375 382 388 398 399 400 401 403 418
10 358 360 367 373 391 392 396 398 401 416
39 357 358 360 363 364 365 368 370 371 372 373 375 376 378 380 383 386 387 388 389 391 393 396 397 398 399 400 402 403 404 405 406 408 409 411 413 414 415 417
12 360 363 368 374 376 400 405 411 412 414 415 416
7 362 374 384 401 409 410 417
5 365 371 391 395 402
23 360 363 365 370 371 372 373 375 376 386 388 393 397 400 403 404 405 406 409 413 414 415 417
21 363 371 378 379 380 383 385 386 389 392 394 400 401 402 404 407 409 410 411 413 416
14 358 359 360 370 371 373 382 388 391 397 401 409 410 414
12 362 375 376 381 387 389 393 394 402 403 408 417
17 358 371 377 378 379 380 390 392 394 401 404 408 409 410 411 413 416
20 361 367 368 370 373 374 378 380 381 383 386 387 390 393 396 397 403 406 409 416
5 368 369 380 383 384
9 361 365 367 392 395 401 407 411 417
13 362 364 368 375 379 390 393 396 401 404 405 408 411
8 380 382 385 386 389 407 408 409
11 366 374 391 396 397 402 406 410 412 414 416
26 357 359 363 365 366 368 372 374 375 376 378 379 384 385 389 390 393 398 399 405 406 407 409 411 413 418
22 360 370 372 373 375 376 378 383 386 387 388 389 391 393 398 399 400 402 404 405 411 414
12 357 358 365 369 382 384 388 392 397 404 409 416
27 361 362 363 364 365 366 368 370 374 377 379 380 382 383 384 390 394 396 399 403 407 408 411 413 414 417 418
11 370 374 383 387 388 394 406 409 412 415 417
16 357 359 362 366 368 382 383 385 386 393 400 402 405 407 410 413
5 367 395 397 398 418
15 357 359 362 370 371 377 378 379 380 390 393 400 410 413 416
16 359 362 364 368 370 372 375 376 377 378 383 384 387 388 396 406
9 365 366 381 382 394 395 405 411 418
14 358 360 366 368 371 372 379 380 381 382 402 406 410 416
8 359 383 387 390 401 406 413 417
8 360 367 369 374 379 403 410 412
14 357 358 363 377 380 385 389 392 394 400 405 408 409 411
13 375 381 386 388 391 392 394 401 404 406 407 411 414
14 357 360 366 368 369 378 380 385 397 402 406 408 412 417
10 358 363 371 380 381 383 395 398 407 410
29 357 358 360 368 370 371 372 375 376 378 380 383 387 388 389 391 393 396 397 398 400 403 406 408 409 413 414 415 417
20 357 363 364 369 370 371 372 373 375 378 385 387 390 393 398 403 405 408 415 418
8 359 368 396 402 410 412 414 416
5 376 395 397 414 418
18 364 369 370 371 372 375 378 379 388 389 390 394 399 406 412 415 417 418
13 357 360 364 366 369 373 385 395 402 406 408 412 417
13 359 365 370 372 377 387 394 398 401 402 406 413 417
15 362 365 368 369 373 377 378 382 384 390 392 393 397 403 405
9 360 366 368 376 391 402 406 412 414
10 360 363 368 374 376 400 405 412 414 415
16 362 365 372 373 378 379 380 382 384 390 392 393 395 397 403 417
31 361 362 363 364 365 366 367 370 372 373 377 378 380 382 383 384 389 390 392 394 396 398 399 401 403 407 408 411 413 414 418
25 361 362 365 366 367 369 372 377 379 381 383 386 390 391 392 393 395 396 398 402 404 408 410 413 417
6 357 370 395 412 413 416
22 364 365 369 370 371 375 376 378 379 384 388 389 390 394 395 399 403 406 412 415 417 418
27 361 365 367 368 371 373 374 375 382 384 385 387 388 390 392 399 400 401 402 404 409 410 411 412 414 416 418
26 361 362 363 366 368 370 372 374 377 378 379 380 382 384 389 390 392 394 396 399 401 407 411 413 414 418
12 359 370 385 386 396 399 401 403 404 405 412 415
18 362 363 364 369 377 379 380 384 385 387 389 390 393 398 399 404 409 418
12 357 360 366 371 377 378 379 380 400 408 410 413
8 358 370 382 388 398 399 403 418
20 357 358 364 366 369 371 376 379 385 389 394 395 402 407 408 412 414 415 417 418
13 359 365 370 372 377 383 387 390 394 398 402 406 413
17 361 363 365 366 368 373 378 382 390 392 394 396 401 407 413 414 417
8 360 361 373 375 381 388 414 415
6 370 382 384 395 412 416
12 357 363 366 368 380 382 385 389 397 407 408 409
16 357 361 363 364 373 374 377 378 384 388 389 392 393 400 407 408
16 357 363 368 372 373 376 378 381 385 392 400 401 408 410 414 418
6 370 386 400 401 407 408
10 363 368 374 400 405 411 412 414 415 416
8 363 371 381 395 405 407 410 416
5 362 374 384 409 417
11 357 358 360 361 368 375 387 393 397 399 412
15 358 364 366 373 382 384 387 388 392 393 394 400 405 409 413
22 357 359 361 362 366 368 377 380 381 382 383 385 386 387 393 400 402 404 408 409 411 413
9 357 358 360 361 369 375 379 387 406
7 365 371 386 390 391 395 413
8 377 382 384 395 402 412 413 416
6 360 363 374 376 387 415
16 359 363 370 372 376 378 383 389 390 392 400 407 408 413 415 416
21 357 363 365 366 369 371 372 376 379 382 388 391 394 395 400 402 407 408 410 417 418
11 359 365 372 377 383 390 394 401 402 406 417
8 361 365 377 394 397 403 409 418
16 358 363 371 378 380 383 386 389 390 400 401 402 407 410 413 416
7 367 373 391 392 396 401 416
14 360 362 364 376 377 384 390 391 394 395 397 404 407 414
9 357 361 366 371 380 387 393 405 408
8 357 370 382 384 395 412 413 416
13 362 367 376 378 384 390 391 394 395 397 404 407 414
8 360 363 368 374 400 411 414 415
6 357 370 402 412 413 416
9 364 368 370 376 387 395 398 417 418
9 361 366 376 391 393 398 406 411 413
15 360 368 374 380 386 393 396 397 399 403 404 406 409 411 416
9 359 360 366 368 374 382 396 397 412
8 358 388 398 399 400 401 403 418
7 368 369 380 383 384 411 416
18 357 358 363 378 379 383 385 390 394 400 402 404 405 406 408 410 413 416
22 361 365 367 368 371 374 375 382 383 385 387 399 400 401 402 404 409 410 411 412 414 418
7 369 378 383 384 395 411 416
21 357 358 371 377 378 379 380 383 385 386 389 390 392 400 402 404 406 407 409 410 411
8 359 369 371 382 394 401 412 417
29 362 363 364 365 366 368 370 372 373 374 378 380 383 384 389 392 394 396 398 399 401 403 407 408 411 413 414 417 418
7 363 374 376 405 411 412 416
18 357 358 359 364 366 369 373 378 382 387 388 392 393 400 405 409 413 416
6 358 366 375 377 398 399
11 357 360 364 366 368 369 373 378 395 406 408
11 364 369 373 377 384 388 390 391 393 394 400
11 363 375 383 389 391 392 395 399 401 404 414
15 357 360 364 366 368 373 380 385 395 397 402 406 408 412 417
24 364 365 369 370 371 372 373 374 377 379 381 386 388 390 393 396 398 399 403 406 407 408 412 413
11 361 362 371 379 389 398 400 401 409 411 414
16 357 362 363 369 370 372 377 378 385 387 390 398 399 405 409 418
14 365 371 372 376 379 384 388 389 395 399 403 415 417 418
31 358 360 363 364 365 368 370 372 373 375 376 378 380 386 387 388 389 391 393 398 400 402 403 404 405 406 408 411 414 415 417
7 362 399 401 403 404 405 412
17 359 363 367 370 372 373 376 377 378 388 390 396 400 404 407 415 416
9 359 364 367 370 384 387 393 412 417
11 359 361 364 376 383 385 391 394 399 410 412
19 357 361 374 376 383 385 388 389 391 394 398 399 406 409 410 412 414 415 416
11 357 366 368 375 386 388 389 404 412 414 415
21 357 358 359 360 369 370 372 377 380 381 386 389 391 393 394 395 397 405 413 415 417
12 359 360 367 373 378 382 385 387 392 402 411 413
12 359 362 370 371 377 378 379 393 400 408 413 416
13 362 365 372 373 377 378 387 392 393 395 396 403 405
16 360 361 367 368 373 377 378 380 381 386 387 390 393 399 405 416
28 362 363 364 365 367 372 373 374 377 378 380 382 383 384 389 390 392 394 396 398 399 401 403 407 408 411 417 418
11 366 368 369 370 376 382 384 387 393 395 403
11 357 364 366 369 373 395 397 406 408 412 417
5 357 377 395 413 416
9 374 387 396 403 405 406 409 412 417
7 359 365 382 404 409 412 417
13 364 366 369 370 384 387 393 395 398 403 412 417 418
9 361 365 379 390 393 396 401 404 408
12 369 381 383 389 391 392 395 399 401 404 406 407
25 361 362 363 365 366 370 372 374 377 378 382 383 384 389 390 396 398 401 403 407 408 411 413 414 418
14 359 362 364 368 370 377 378 383 389 391 392 400 401 406
14 361 362 371 375 379 381 388 398 400 409 410 414 415 418
22 359 364 370 372 373 376 377 383 388 390 391 392 396 400 403 404 407 408 413 414 415 416
7 357 363 366 380 382 386 409
20 357 358 360 364 365 370 372 373 376 383 386 387 388 393 396 398 402 404 408 414
5 368 369 383 395 411
9 359 369 371 382 394 401 404 412 417
21 359 363 367 372 376 377 378 388 389 390 391 392 396 400 403 404 407 408 413 415 416
16 357 361 363 369 373 374 377 387 389 390 391 393 394 400 407 408
22 358 362 365 368 369 372 373 375 377 378 379 380 382 384 390 392 393 395 397 403 405 417
5 363 367 381 411 413
13 358 361 364 365 384 396 397 398 403 409 415 417 418
8 357 370 384 395 402 412 413 416
8 363 371 374 376 387 392 403 415
5 359 365 371 382 417
8 363 381 395 398 405 407 410 416
13 362 364 365 368 375 390 393 396 401 404 405 408 411
8 358 380 381 383 395 398 410 416
9 357 359 366 371 380 387 408 411 416
14 358 361 373 374 379 393 395 397 403 405 408 411 412 415
18 361 369 371 373 377 380 382 386 388 391 400 401 403 404 408 415 416 417
21 357 358 363 371 378 379 383 389 392 394 401 402 404 405 406 407 409 410 411 413 416
22 361 362 367 368 371 372 374 375 376 377 379 380 383 390 391 396 398 401 406 408 412 417
12 357 362 375 376 379 384 388 389 393 396 412 415
9 370 382 388 398 399 400 401 403 418
11 361 364 365 368 375 379 393 396 401 408 411
26 358 360 363 368 370 371 373 376 383 386 387 388 391 393 396 397 398 402 403 404 406 409 411 413 414 415
6 360 369 374 403 404 412
13 359 370 372 376 377 378 388 390 392 396 404 407 413
11 375 386 388 389 394 395 401 405 407 411 414
9 370 385 396 403 404 405 412 415 417
25 361 365 369 370 371 372 373 377 379 385 386 388 390 396 398 399 403 404 406 407 408 412 413 416 418
6 373 391 396 398 401 416
6 358 364 369 398 399 404
7 357 368 380 382 385 386 395
22 359 360 362 364 366 370 372 380 381 386 389 391 393 394 395 396 398 405 406 407 408 417
9 357 358 368 369 385 387 398 399 412
3 364 366 405
6 368 383 384 395 411 416
12 357 358 360 368 369 375 380 385 387 399 406 412
17 358 361 362 364 371 373 378 381 384 391 393 396 399 400 405 415 418
12 364 371 373 378 384 391 396 399 400 405 415 418
24 359 362 363 364 368 372 375 376 378 381 384 385 387 388 389 390 391 392 396 400 401 404 406 410
8 365 371 382 386 395 402 405 411
10 370 386 399 403 404 405 411 412 415 417
9 359 371 382 394 401 404 409 412 417
23 357 359 363 365 366 368 372 375 376 378 379 385 389 392 395 398 405 406 409 410 411 412 414
8 363 385 386 389 392 397 407 409
12 359 370 372 377 390 394 398 401 402 406 413 417
12 359 374 380 384 387 388 396 403 405 406 409 412
16 367 369 375 381 383 386 389 391 392 394 395 399 404 405 407 414
17 359 361 362 366 369 374 379 381 382 385 392 394 395 401 407 416 418
31 360 361 362 363 367 368 374 375 377 379 380 383 389 390 391 395 398 399 401 402 403 406 407 408 410 411 412 414 415 417 418
14 363 369 376 377 378 381 383 387 389 391 400 401 404 410
8 359 374 376 397 402 410 412 416
10 360 364 374 375 381 383 384 392 397 408
8 359 360 374 397 402 410 412 414
5 367 381 411 413 418
5 369 378 383 384 395
17 364 365 370 372 376 378 379 384 388 389 390 397 403 412 415 417 418
7 365 366 382 402 405 411 418
7 363 368 374 400 411 412 414
2 364 366
15 359 367 370 374 380 383 384 387 388 394 396 403 406 409 415
17 357 358 370 372 373 378 380 385 387 389 390 395 396 399 402 410 415
22 359 363 364 367 370 372 373 376 378 388 389 391 392 396 400 403 407 408 413 414 415 416
4 386 400 404 408
25 360 368 370 372 373 374 375 378 380 381 389 390 392 396 397 399 400 403 404 406 410 411 414 415 417
16 363 365 372 373 379 381 385 386 392 402 406 410 412 413 415 417
11 359 372 377 383 387 390 394 401 406 413 417
32 358 359 360 361 363 366 369 370 373 374 375 378 380 382 383 385 389 390 391 395 396 397 398 404 405 406 407 410 411 415 417 418
14 360 367 380 386 394 398 399 407 409 413 414 416 417 418
6 374 379 388 403 410 412
10 358 363 371 380 381 383 395 398 405 407
21 362 365 368 369 372 373 375 377 378 379 382 390 392 393 395 396 397 402 403 405 417
20 357 358 359 360 362 363 366 368 375 380 382 389 391 392 395 400 401 402 410 411
15 359 361 362 366 367 369 374 377 379 381 382 385 392 416 418
7 362 370 386 396 399 403 412
4 386 400 401 407
30 358 359 363 366 368 369 372 373 375 378 380 383 385 389 390 392 395 396 397 398 399 400 403 404 405 407 410 414 417 418
10 362 373 375 376 378 391 393 396 414 415
26 360 361 362 367 368 372 375 377 379 383 385 386 390 391 395 396 398 399 401 402 403 407 408 412 414 417
9 360 363 366 374 376 387 392 397 403
12 357 370 373 378 380 385 386 387 399 402 414 415
7 360 363 368 376 400 405 415
24 357 358 359 360 366 368 375 376 378 380 382 389 391 395 397 400 401 402 405 409 410 414 415 417
8 360 363 366 371 374 397 403 415
13 357 358 370 372 373 379 385 390 396 399 410 414 415
11 360 371 372 375 380 381 383 406 409 413 416
18 358 367 370 372 373 379 380 385 386 387 389 395 396 399 402 410 414 415
18 364 369 370 373 377 379 385 386 387 393 396 398 403 404 407 408 413 418
33 358 360 363 364 365 370 371 373 375 376 378 383 386 387 388 389 391 393 396 398 399 400 402 403 404 405 408 409 411 413 414 415 417
11 360 364 366 368 369 373 378 385 395 412 417
14 363 366 374 380 385 386 387 393 402 404 405 407 411 413
9 358 368 371 372 375 379 381 410 416
6 366 386 401 404 407 408
3 362 410 417
6 365 390 393 395 402 413
16 364 365 369 370 371 373 377 379 381 388 398 404 406 407 416 418
21 360 368 370 373 374 377 378 380 381 383 387 393 397 398 403 404 405 406 409 411 416
6 361 367 395 401 407 411
16 357 361 364 374 376 385 388 391 394 398 399 409 410 412 414 415
19 363 365 367 374 376 377 382 383 386 392 394 396 399 403 404 405 407 413 416
19 358 359 360 365 370 371 372 373 382 388 396 399 401 404 409 410 412 413 414
9 368 376 377 393 398 400 405 406 411
26 358 360 364 365 368 370 371 372 376 378 383 386 388 393 396 397 398 399 402 403 405 406 408 409 411 414
25 357 362 363 364 370 371 372 373 375 377 378 379 380 384 385 387 390 393 399 403 404 405 408 409 415
14 359 362 371 375 379 387 393 398 400 401 409 410 411 418
12 365 372 373 374 376 382 384 385 387 397 415 417
11 359 360 368 374 376 391 397 402 406 410 414
12 360 361 362 365 372 373 374 375 388 391 397 415
5 358 381 383 388 413
3 364 366 379
22 357 358 371 379 383 386 389 390 392 394 400 401 402 404 406 407 408 409 410 411 413 416
18 364 369 371 372 374 377 387 388 390 393 398 403 406 407 408 412 416 418
14 360 364 367 374 376 378 384 390 391 394 395 396 397 404
7 363 374 376 405 411 412 416
13 358 369 373 381 386 388 389 391 398 409 410 414 417
11 368 369 372 373 379 381 402 406 409 410 415
8 357 359 361 366 371 387 405 408
13 357 367 370 372 378 379 385 386 387 389 390 395 402
8 360 363 366 374 387 397 403 415
8 358 360 367 373 391 392 398 416
5 358 388 398 400 401
18 357 361 364 369 373 374 377 378 384 387 388 389 390 391 393 394 400 408
29 361 364 365 367 369 370 371 372 377 381 383 385 386 391 392 393 394 395 396 398 399 401 402 404 408 410 413 417 418
6 380 381 395 398 407 410
8 362 370 386 401 404 405 412 417
9 357 375 378 382 384 387 403 406 407
10 364 374 378 383 384 394 395 396 404 414
31 357 362 363 364 365 367 368 370 372 375 376 377 378 379 380 382 384 385 386 387 388 391 394 396 402 405 406 407 409 411 412
42 357 360 362 363 364 365 367 368 369 372 373 374 375 376 378 379 380 384 385 386 387 388 389 390 392 393 397 399 400 402 403 404 406 407 409 410 412 413 414 415 417 418
42 357 358 359 360 361 363 368 369 371 373 374 375 378 379 380 381 383 385 386 387 388 389 391 392 393 394 395 397 398 399 400 402 403 405 406 407 408 409 411 413 414 415
24 362 364 366 367 371 372 374 378 384 385 390 391 393 401 404 407 408 409 412 413 415 416 417 418
26 358 359 360 361 362 367 369 372 373 374 375 386 389 392 393 396 397 398 400 401 403 408 412 413 415 417
22 364 365 366 375 378 380 381 385 387 389 391 392 393 397 401 404 406 408 411 413 415 417
21 358 359 360 364 365 368 369 375 381 383 384 385 386 389 396 398 402 405 411 417 418
36 357 358 362 363 365 367 369 371 372 373 374 376 381 382 386 387 389 390 391 392 393 395 396 397 400 401 402 403 405 406 408 409 411 413 415 417
26 359 360 361 363 364 367 372 374 376 379 386 387 389 390 392 396 399 400 401 402 403 409 410 413 415 417
25 363 364 365 367 369 371 374 375 379 380 381 386 389 390 391 393 396 398 399 400 406 407 408 414 417
23 357 361 371 374 375 377 382 383 384 387 388 391 393 394 396 397 399 403 404 407 415 416 417
36 357 358 359 363 364 367 375 376 377 380 381 383 384 385 386 387 388 389 390 391 393 394 397 399 400 401 402 404 405 406 408 409 412 414 415 418
28 358 360 365 368 369 370 372 373 377 380 381 382 384 385 386 387 388 396 399 402 404 406 407 411 412 414 417 418
25 360 364 365 367 370 375 376 377 379 381 383 384 388 389 395 396 397 398 400 402 405 409 411 417 418
30 357 358 359 361 362 363 368 371 372 375 378 379 385 388 390 395 396 397 398 399 400 401 403 405 406 409 412 414 415 416
35 357 359 362 363 364 365 366 367 369 371 372 373 377 378 379 380 381 382 385 386 387 391 392 394 395 397 399 401 403 404 413 414 415 416 418
31 357 359 360 362 363 366 368 370 372 376 378 380 381 385 387 389 391 392 396 400 402 403 404 406 407 408 410 411 412 414 418
38 357 358 359 361 362 365 366 367 370 373 374 379 380 381 383 386 387 390 391 394 395 396 397 399 400 401 402 403 405 407 409 410 411 412 415 416 417 418
19 357 358 359 363 370 374 375 376 379 385 386 387 390 392 393 395 402 411 416
37 357 359 360 361 362 363 364 366 368 369 370 373 377 378 381 385 388 389 390 391 393 394 398 399 401 402 403 405 407 408 409 411 413 414 415 417 418
36 359 362 365 366 367 369 370 371 372 373 379 382 383 384 386 388 389 390 391 394 395 396 398 400 401 402 403 405 407 409 410 411 412 413 415 416
40 357 359 360 361 362 365 367 368 369 370 374 375 378 379 380 382 385 388 389 391 392 394 395 396 398 399 401 403 406 407 408 410 411 412 413 414 415 416 417 418
24 358 359 363 366 372 373 377 378 381 384 388 389 390 393 397 399 400 403 404 405 407 408 415 417
38 359 360 363 364 365 368 369 370 372 373 374 375 377 378 379 380 381 383 384 387 388 392 393 394 398 400 402 404 405 407 409 410 411 412 413 415 417 418
32 357 359 360 361 363 364 365 366 367 371 374 377 378 379 380 381 383 384 392 393 399 400 401 402 403 404 405 407 409 416 417 418
41 357 361 363 364 365 366 369 370 371 372 373 374 375 376 377 378 379 380 381 383 385 386 390 392 393 395 396 397 398 400 402 407 408 409 410 411 412 414 415 416 418
19 360 361 362 365 371 372 382 384 386 387 391 396 398 399 406 407 408 412 414
18 362 363 365 366 369 374 382 384 386 387 390 395 396 403 404 407 410 413
27 357 361 363 364 366 373 374 375 377 379 381 382 386 388 389 393 396 397 400 401 402 403 406 407 408 411 414
23 358 359 360 363 367 370 372 377 385 388 389 390 391 394 398 399 402 405 406 409 412 416 418
22 357 359 363 364 370 372 373 375 378 381 382 385 386 392 394 398 401 406 412 413 417 418
27 359 360 362 368 369 371 373 374 380 383 385 386 387 389 391 393 397 400 401 402 403 405 409 412 414 415 418
24 357 358 362 364 366 371 372 375 376 377 378 383 385 386 390 391 395 401 402 403 406 410 411 415
39 357 358 359 360 361 364 366 367 369 371 374 376 377 379 380 381 382 383 385 386 388 389 392 393 395 396 397 398 399 400 401 402 403 405 407 408 410 416 418
32 357 359 360 361 362 363 365 366 367 368 369 372 375 376 377 381 382 383 391 393 394 395 398 401 402 407 408 409 410 416 417 418
23 358 359 363 364 366 368 369 372 374 379 383 387 388 389 394 397 400 407 410 411 413 416 418
27 359 360 361 363 367 368 370 373 374 375 382 387 388 392 396 397 400 401 405 406 408 409 410 414 416 417 418
42 357 358 361 363 365 366 369 370 371 372 373 375 376 377 378 379 380 382 383 387 388 389 390 391 393 394 395 396 397 398 399 401 403 404 405 408 409 411 412 413 416 417
35 357 358 359 362 363 365 368 369 371 373 378 380 381 385 386 387 388 389 390 391 393 394 396 400 403 405 406 407 408 409 412 414 415 416 418
42 357 359 361 362 363 364 366 368 369 370 371 374 376 378 380 381 382 383 385 387 388 389 391 392 393 394 395 397 398 400 401 403 405 406 407 409 410 411 412 413 416 418
41 357 360 361 364 365 367 370 371 372 374 375 376 378 379 380 381 384 385 386 387 391 392 393 394 395 396 397 398 400 402 404 405 408 409 410 411 412 413 414 415 416
28 359 361 363 366 367 369 374 377 379 382 383 385 386 387 388 390 391 392 401 402 403 404 405 407 411 412 413 415
34 359 361 364 365 366 368 369 371 372 375 377 384 385 387 388 389 393 394 395 397 400 403 404 406 408 409 410 411 413 414 415 416 417 418
20 358 360 363 368 369 370 373 380 381 386 390 391 394 395 397 401 402 410 413 414
36 357 359 361 362 363 364 365 366 370 371 372 374 376 378 379 380 384 386 387 389 392 393 394 395 396 397 401 403 404 406 407 409 411 413 414 417
28 359 360 361 362 366 367 368 371 372 375 376 378 386 389 390 391 392 394 395 401 403 406 408 410 412 416 417 418
25 357 360 367 369 370 371 373 374 379 380 381 383 385 387 388 390 391 392 396 398 411 414 415 416 418
28 358 359 362 365 367 369 370 372 373 374 377 382 383 384 385 388 390 394 396 399 401 402 406 408 410 411 415 417
31 358 360 364 365 369 370 371 373 382 384 385 387 389 391 394 395 396 397 398 400 401 402 404 405 407 410 414 415 416 417 418
19 365 366 367 368 369 370 372 376 380 381 384 385 388 390 392 401 402 403 406
43 357 359 360 361 362 363 364 365 366 369 371 372 373 375 376 378 379 380 381 382 384 387 389 390 392 393 394 395 396 397 398 399 401 402 404 405 409 411 412 414 415 416 418
41 357 358 359 360 362 371 372 373 374 375 377 378 379 380 381 382 384 385 386 388 389 390 391 392 393 394 396 397 399 401 402 403 407 410 411 412 413 415 416 417 418
23 357 359 363 365 367 371 373 375 376 384 388 389 393 394 397 398 399 404 405 407 415 417 418
26 357 358 364 368 369 370 374 376 378 380 381 383 384 386 389 394 398 399 400 401 403 407 411 415 416 418
40 358 360 362 363 365 366 367 369 370 371 372 373 374 376 380 381 383 385 386 388 389 391 393 394 395 397 398 399 401 402 403 404 405 407 409 412 414 415 417 418
41 357 359 360 361 363 364 366 369 370 372 373 374 379 380 381 382 383 384 386 387 388 390 391 393 395 396 397 399 400 402 403 404 405 407 409 411 412 414 416 417 418
18 360 361 364 365 369 370 372 373 376 379 387 388 390 393 397 403 409 413
21 358 364 365 371 376 378 379 383 386 388 390 395 396 398 401 402 405 409 412 415 418
26 357 359 360 361 363 367 369 371 373 375 378 379 382 384 386 387 388 389 391 394 396 399 401 403 407 416
33 357 358 359 361 363 365 368 370 371 372 377 378 380 381 382 383 385 387 388 389 390 391 393 395 397 401 402 403 404 410 411 412 417
32 357 358 360 361 362 363 367 369 372 373 374 375 376 377 379 380 382 383 385 387 388 389 390 399 400 404 406 408 410 413 414 415
43 357 358 359 361 362 364 366 368 369 370 371 372 373 374 375 376 377 378 379 380 382 383 384 386 390 391 393 394 395 396 398 399 400 401 402 403 406 408 410 412 413 414 417
21 359 363 364 366 368 370 375 379 381 383 385 388 389 390 395 399 404 405 407 408 417
29 358 361 363 367 368 369 372 375 376 377 378 379 380 382 388 390 391 392 395 399 401 406 407 411 414 415 416 417 418
36 358 359 361 362 363 364 365 367 368 370 372 374 375 377 379 381 382 385 388 390 391 393 394 395 398 400 403 404 405 406 407 409 411 413 414 416
24 359 360 361 362 364 365 367 370 371 372 374 375 380 382 386 388 393 396 397 403 410 413 414 417
31 363 364 365 368 369 371 374 375 377 378 379 381 385 387 388 389 390 391 392 394 399 402 405 407 408 409 413 414 415 416 418
31 357 359 360 364 365 370 373 375 378 379 380 381 386 387 391 393 394 396 397 398 399 401 402 403 404 405 406 407 408 410 415
19 362 364 368 370 378 379 381 397 398 399 402 403 404 405 411 414 415 417 418
33 357 358 359 360 363 364 368 369 370 372 373 374 375 376 378 379 380 381 383 385 388 389 391 398 401 402 406 407 409 410 412 415 416
33 357 358 359 360 361 362 363 364 369 374 375 376 378 379 380 381 383 384 388 389 391 393 394 395 397 398 399 401 403 405 406 408 411
35 359 361 362 363 364 366 367 368 373 374 375 376 377 380 381 382 384 386 387 388 390 391 396 397 399 400 402 407 408 409 412 413 414 416 417
36 358 359 360 361 362 363 365 368 372 373 375 378 379 381 384 385 389 390 391 393 394 395 396 397 398 401 402 403 404 406 407 408 410 412 415 418
23 359 363 364 366 369 370 375 377 379 381 383 384 385 386 390 391 392 397 403 405 408 409 413
28 368 369 371 373 375 376 377 378 379 385 386 388 391 392 394 397 398 399 400 401 403 405 406 412 414 416 417 418
29 357 359 361 364 367 369 373 374 376 377 379 380 383 385 389 390 392 395 396 398 399 401 403 405 407 409 411 416 417
30 357 361 362 364 366 368 369 370 375 377 378 383 385 387 388 389 390 391 392 393 395 397 398 400 401 403 405 412 416 418
40 357 358 360 364 365 366 367 368 369 370 371 374 377 379 381 382 385 387 388 389 390 393 394 395 396 398 400 401 402 403 405 406 407 409 410 411 413 414 415 416
28 361 362 364 368 376 377 378 380 381 382 385 390 391 392 394 395 396 397 399 400 402 404 405 407 411 412 414 417
33 359 360 362 365 369 370 371 373 374 375 377 378 379 380 381 382 383 387 390 392 393 395 396 398 401 406 407 408 410 414 416 417 418
35 358 359 360 361 363 366 367 370 372 377 378 380 382 383 384 387 388 389 393 394 395 396 398 399 401 402 403 405 409 410 411 412 413 414 418
38 357 358 359 362 367 368 369 370 373 374 376 380 381 384 385 386 387 388 389 390 392 393 396 397 399 401 403 404 406 407 408 410 411 412 413 414 415 416
31 357 358 359 360 361 362 366 368 371 374 379 383 385 387 388 389 390 391 392 393 396 397 398 402 404 408 409 410 411 414 416
18 360 363 366 368 369 374 376 388 389 391 393 394 400 402 404 413 416 418
19 358 361 363 366 368 370 374 375 377 378 382 389 390 406 408 409 410 413 415
19 358 362 365 371 374 379 383 387 389 391 395 399 401 402 403 414 416 417 418
41 357 359 361 363 366 367 368 369 370 371 372 373 374 376 377 378 379 380 381 383 385 386 388 389 390 392 395 396 397 399 403 405 406 409 410 412 413 414 415 416 418
34 357 358 360 361 362 366 367 368 371 374 375 376 378 379 380 381 384 386 390 391 392 395 396 397 398 399 400 401 402 411 412 415 416 417
36 357 358 359 362 363 366 367 368 376 378 379 380 382 383 385 386 387 388 391 393 394 398 399 400 401 402 404 405 406 408 410 411 413 414 415 417
32 358 361 363 366 368 369 370 371 374 375 376 377 378 383 385 387 388 389 391 395 398 399 400 401 403 406 407 409 410 411 412 413
39 357 359 362 363 365 368 369 370 371 372 373 375 376 377 380 382 383 387 388 389 391 392 393 395 396 397 398 399 402 403 405 406 407 409 410 411 412 414 416
36 358 359 360 362 364 366 368 369 371 372 374 376 377 379 380 381 382 383 384 388 390 391 393 395 396 399 400 401 404 406 407 408 410 411 412 415
29 357 361 364 366 367 368 371 375 376 379 381 382 383 384 385 387 390 392 395 396 398 402 406 407 408 410 411 413 418
27 358 359 362 364 365 366 369 372 373 374 378 379 383 384 385 390 392 396 398 400 403 404 405 407 409 411 416
18 358 360 363 366 372 373 377 379 384 386 389 391 393 397 405 408 414 418
34 359 361 363 364 365 371 374 375 377 379 380 381 383 384 385 386 388 390 391 392 395 399 401 403 404 409 410 411 412 414 415 416 417 418
33 358 360 361 362 363 368 369 376 377 379 380 381 386 388 389 391 394 395 397 398 400 402 405 406 408 409 410 411 413 414 415 416 417
31 357 358 359 361 365 366 370 372 373 374 377 378 379 381 382 383 386 387 389 393 395 398 401 403 404 409 410 412 413 414 416
19 357 370 371 372 373 374 381 388 390 394 398 401 402 403 404 406 407 409 411
38 357 358 359 362 364 365 370 372 373 374 379 383 384 385 388 390 391 393 394 395 396 397 400 401 403 404 405 406 407 409 410 411 412 413 414 415 416 418
39 357 358 359 360 361 363 367 370 371 374 375 376 378 379 381 383 384 386 390 391 393 394 396 397 398 400 401 402 403 405 407 408 410 412 414 415 416 417 418
25 357 360 361 364 368 370 372 375 377 380 382 383 384 385 391 393 394 396 399 400 402 406 412 413 418
28 358 360 363 366 368 369 370 371 373 375 380 381 382 389 390 391 394 396 398 402 404 407 408 409 412 413 415 416
27 357 358 362 366 368 369 370 373 376 377 378 381 383 385 387 388 391 396 397 398 399 403 404 412 413 414 417
43 357 358 359 361 363 364 365 366 368 369 370 371 372 373 375 376 377 378 380 381 382 384 387 388 389 390 393 395 396 397 399 400 401 403 404 406 407 409 411 414 415 416 418
36 358 359 360 361 364 365 366 367 373 374 375 379 381 382 387 388 389 390 391 392 393 394 396 398 404 407 409 410 411 412 413 414 415 416 417 418
33 358 362 365 367 369 373 374 376 378 380 381 383 384 388 389 391 394 395 396 397 398 399 401 402 403 404 405 408 411 412 415 417 418
26 359 362 365 366 368 369 370 378 379 381 384 387 388 390 394 397 400 401 402 408 409 410 413 415 416 417
30 357 358 363 364 366 368 369 370 372 373 374 375 376 383 384 386 389 390 395 400 401 405 406 407 408 410 412 413 415 418
40 357 358 359 360 361 362 363 365 367 370 371 373 374 376 377 379 381 384 386 387 389 391 392 394 395 400 401 402 403 405 406 409 410 411 412 414 415 416 417 418
26 357 360 363 365 366 369 370 373 375 379 380 381 383 385 388 390 391 395 396 398 399 407 411 413 414 416
25 357 358 362 369 370 371 373 375 376 379 383 385 387 389 393 394 397 400 403 404 405 406 408 414 416
22 358 359 361 363 364 365 366 367 372 378 383 385 388 389 393 396 397 402 405 406 412 415
39 357 358 359 360 361 363 366 367 368 369 370 371 372 374 376 379 380 382 386 387 389 390 391 394 395 396 397 398 401 402 404 406 408 409 411 413 414 416 417
33 357 358 359 361 363 368 369 370 372 373 375 376 378 379 381 383 386 387 388 389 391 392 396 397 398 399 401 402 405 409 412 414 417
37 357 359 360 361 363 364 365 366 368 369 372 375 376 380 381 382 384 385 386 387 388 390 392 393 396 397 398 399 400 402 403 404 407 409 413 416 418
30 357 358 361 362 364 365 369 371 375 378 382 383 384 386 387 390 394 398 399 400 402 404 405 407 408 409 410 412 417 418
27 359 360 363 364 366 367 368 373 376 377 380 381 383 384 388 389 392 394 397 399 403 405 406 408 412 415 417
34 357 359 361 362 363 368 369 371 374 376 380 381 382 383 386 390 393 394 396 397 399 400 401 402 403 404 405 407 408 410 415 416 417 418
37 359 360 361 362 364 365 367 369 371 375 376 377 378 379 380 381 384 387 389 393 394 395 398 400 401 405 406 408 409 411 412 413 414 415 416 417 418
39 358 360 361 363 364 365 367 371 372 373 374 376 377 378 379 382 384 385 387 390 391 392 393 394 395 398 399 401 402 404 405 408 409 411 412 413 414 416 417
39 358 359 361 362 364 365 366 367 370 371 372 373 374 375 377 379 382 384 385 386 387 388 390 391 392 393 394 395 396 398 400 405 407 408 409 412 413 414 416
34 358 364 365 367 369 371 372 373 374 377 378 380 383 384 385 387 389 393 394 396 397 399 400 401 402 405 407 409 410 413 415 416 417 418
27 358 360 361 364 370 371 372 375 377 380 381 382 383 385 387 390 392 393 394 400 403 405 406 408 410 415 418
36 358 359 362 363 364 365 368 369 370 372 376 378 379 380 383 386 387 388 389 390 391 392 394 395 397 398 399 401 403 405 406 407 408 412 417 418
19 358 360 362 365 368 372 375 380 386 388 389 391 403 405 408 410 414 416 417
33 358 359 360 361 362 366 367 368 372 375 378 380 381 386 388 389 390 393 395 396 397 398 400 404 405 406 408 409 410 413 416 417 418
19 359 361 368 371 375 376 379 383 385 388 396 401 404 407 410 412 413 417 418
42 357 360 361 364 365 366 367 368 372 373 374 375 376 377 378 380 383 384 385 387 390 391 392 393 395 396 397 400 401 402 403 404 405 406 407 408 409 410 412 413 416 417
33 357 359 360 362 365 366 368 370 375 376 378 380 381 382 384 385 387 388 390 391 392 393 394 398 401 402 403 406 408 412 414 416 418
19 359 365 367 373 381 386 388 390 396 400 402 404 406 407 408 409 410 411 417
41 357 358 359 360 362 363 366 368 372 373 374 375 378 379 380 381 384 385 386 387 388 389 394 395 396 400 402 403 404 405 406 407 408 409 410 411 412 413 414 415 417
41 359 360 361 364 365 366 367 370 371 374 376 378 379 380 381 382 383 386 387 388 389 391 393 394 395 397 398 399 401 402 403 406 409 410 411 412 413 414 415 416 417
29 357 360 361 362 366 367 368 370 371 375 376 379 380 381 385 387 389 390 393 395 399 400 401 403 404 405 406 415 418
22 357 359 365 367 368 369 377 378 381 383 388 390 391 394 398 402 406 407 409 411 412 416
42 358 359 360 361 362 363 364 368 369 370 371 372 375 378 379 380 382 383 384 385 386 388 389 391 394 396 397 398 399 401 402 404 405 406 408 409 412 414 415 416 417 418
33 360 362 363 365 367 368 369 371 372 373 375 376 377 378 379 380 381 383 384 387 388 391 397 398 400 405 408 410 412 413 414 415 417
33 358 361 363 364 365 368 369 371 374 375 376 377 382 384 385 388 389 390 391 393 395 398 399 400 402 404 405 406 410 412 414 415 417
24 361 366 371 374 375 376 378 379 382 385 388 389 392 394 397 398 400 403 404 408 410 411 412 418
27 357 361 362 364 365 366 367 370 371 375 376 377 380 382 384 385 390 398 399 400 401 407 408 409 415 416 418
19 357 362 366 369 372 374 382 384 385 387 394 395 397 402 404 405 407 409 416
34 357 358 360 363 365 367 368 369 370 373 381 383 384 385 386 387 388 390 392 395 396 397 398 400 402 405 406 410 411 413 414 415 416 418
23 357 360 361 367 368 369 377 378 379 382 384 386 387 388 390 394 401 405 409 410 412 413 417
39 357 360 365 366 367 368 369 370 371 372 373 374 375 376 378 379 380 382 384 385 387 389 392 393 395 397 398 402 403 404 407 408 410 411 412 414 415 417 418
19 357 359 362 365 367 369 374 375 387 391 392 394 396 398 400 408 409 416 417
23 358 360 363 374 375 378 381 382 383 384 386 387 394 399 400 401 402 404 405 407 409 415 417
23 358 363 365 370 371 372 376 380 382 383 384 385 386 388 389 391 392 405 406 411 414 415 417
33 357 358 359 360 361 365 366 367 368 371 373 374 375 376 378 382 383 385 386 387 389 393 394 395 396 397 401 402 404 405 407 414 416
30 358 359 360 361 362 363 364 371 374 378 383 386 387 388 395 397 399 401 405 406 407 408 409 410 411 413 414 415 417 418
41 357 359 360 361 362 364 366 367 368 370 371 373 374 375 378 379 381 382 384 385 388 389 391 392 393 394 396 399 400 402 406 407 408 409 410 411 413 414 415 417 418
24 361 366 367 369 370 382 386 389 390 392 393 394 397 399 402 405 406 407 408 409 411 412 415 417
28 357 359 360 362 366 368 369 377 379 383 386 387 388 389 390 393 396 401 403 404 406 407 408 409 411 412 414 418
42 358 360 361 362 363 367 368 369 370 372 373 374 375 376 377 378 380 381 383 385 387 388 389 391 393 394 395 397 399 400 401 402 403 406 409 411 412 413 415 416 417 418
29 357 358 363 364 367 369 371 372 373 378 381 383 386 388 389 394 396 402 403 404 407 408 409 410 411 413 415 416 418
26 360 361 362 363 364 366 368 376 383 384 385 391 392 393 395 396 398 400 402 404 407 410 414 416 417 418
41 357 360 361 362 363 364 367 368 370 371 372 374 376 378 379 380 381 382 383 384 385 386 388 390 391 393 396 397 398 399 400 403 404 405 406 407 413 414 415 417 418
21 358 360 363 370 372 374 377 378 381 382 383 384 387 394 395 397 402 409 410 413 416
42 357 358 360 363 367 370 372 373 375 376 377 380 382 383 384 385 386 387 388 389 390 391 392 393 394 395 396 397 399 400 401 402 403 404 406 407 410 411 412 413 414 415
28 357 358 364 365 366 368 369 372 374 375 378 381 384 390 391 392 395 397 400 401 402 407 408 409 410 412 414 417
32 357 359 361 362 364 365 366 369 373 375 380 386 387 389 391 392 393 395 396 397 398 399 403 406 408 409 410 411 412 415 416 417
22 357 358 359 364 365 367 369 370 374 375 376 377 378 385 397 399 400 401 402 404 414 417
36 358 359 360 364 365 366 367 370 373 374 375 376 378 379 380 381 382 383 388 390 392 393 396 398 400 401 402 403 405 406 410 411 413 414 415 417
26 357 363 366 367 371 372 374 375 376 380 384 386 388 389 395 397 400 403 404 405 406 407 413 414 415 418
34 359 361 362 364 367 369 371 372 374 378 379 380 381 384 386 387 388 389 391 395 396 397 398 399 401 402 403 406 407 408 414 415 417 418
37 357 359 364 367 368 369 371 372 374 376 378 379 380 381 382 383 385 388 389 390 392 393 394 395 396 397 398 399 400 403 404 405 408 409 411 412 416
39 357 358 359 361 366 367 368 369 370 371 373 377 379 380 381 382 383 385 386 387 389 390 391 392 395 396 397 398 402 403 404 407 408 409 412 413 416 417 418
23 360 361 362 363 365 368 372 373 375 380 384 386 387 392 396 399 400 406 408 409 410 411 416
40 358 359 360 361 362 363 367 373 376 377 378 379 382 383 384 385 386 388 389 390 391 392 393 394 396 399 400 401 402 403 404 405 406 407 409 412 413 414 417 418
30 360 361 366 367 368 374 375 376 377 378 380 381 384 385 386 387 389 396 397 398 399 400 402 403 407 413 414 415 417 418
18 358 372 374 376 377 378 381 383 389 390 396 397 398 405 408 410 411 418
26 357 359 362 366 368 369 370 374 382 383 386 387 389 394 396 402 403 407 408 410 411 413 415 416 417 418
27 360 362 366 369 370 371 372 375 376 377 378 379 383 384 385 393 394 395 400 401 404 405 406 408 410 415 417
19 364 366 377 382 388 390 391 392 393 394 395 398 402 405 410 412 414 415 416
31 357 359 360 362 363 364 366 371 372 374 377 379 381 382 383 384 387 391 393 397 400 401 403 407 409 411 413 415 416 417 418
23 357 366 368 370 371 377 378 380 381 384 385 387 389 391 398 400 401 402 406 407 408 409 416
29 359 362 363 365 366 367 368 372 375 376 378 382 383 385 387 388 391 395 396 397 399 400 403 406 407 413 415 417 418
39 359 360 362 366 367 369 370 371 373 374 377 378 379 380 382 383 384 385 386 389 390 391 392 393 394 395 397 398 399 401 404 406 407 408 409 412 414 415 418
32 357 358 363 364 365 366 368 370 372 373 378 379 385 388 389 392 395 397 399 401 402 403 404 408 410 411 412 414 415 416 417 418
36 358 360 363 367 368 369 370 371 374 375 376 377 378 379 380 384 388 390 392 394 395 397 398 399 401 402 403 406 407 410 411 413 414 415 416 417
40 357 358 359 361 362 363 366 368 369 370 371 372 375 376 377 378 379 382 383 385 386 387 388 389 390 393 394 397 400 401 402 404 405 408 409 411 414 415 417 418
32 358 362 367 368 369 370 371 372 373 380 382 384 385 387 389 391 392 393 395 397 400 403 404 405 406 407 408 409 411 412 415 417
34 357 359 361 362 363 366 367 368 369 376 377 378 379 380 381 382 384 385 386 388 394 397 398 399 401 404 405 407 408 412 414 415 417 418
30 357 362 363 365 366 367 368 372 373 376 387 391 392 394 395 397 399 400 401 402 407 408 409 410 412 413 414 415 417 418
30 359 364 365 368 372 373 374 375 376 377 378 379 381 382 383 385 386 387 389 390 393 399 400 401 404 407 408 409 416 418
38 358 359 360 361 362 364 365 367 368 372 378 380 381 382 383 386 388 390 391 393 394 395 398 399 400 401 402 403 404 405 407 408 409 410 411 412 417 418
39 358 359 360 361 362 364 365 366 367 368 369 370 371 372 374 375 380 381 382 383 384 386 391 393 395 397 399 400 401 406 408 409 412 413 414 415 416 417 418
35 360 362 363 364 365 367 371 373 374 375 378 379 381 382 383 385 386 387 390 392 393 394 396 400 401 405 407 409 410 411 413 414 415 417 418
31 358 359 360 361 363 365 366 368 369 371 375 377 378 382 383 388 390 393 396 397 398 399 402 403 404 406 407 410 414 415 417
41 357 358 359 360 361 363 365 368 369 370 371 372 373 374 375 376 377 378 379 380 381 383 385 388 389 390 393 394 395 397 398 399 400 401 403 405 406 409 413 414 415
38 357 358 359 364 366 368 369 370 371 372 375 376 377 379 382 383 384 385 386 387 389 392 393 394 395 396 397 398 400 401 403 404 406 409 410 412 413 414
31 357 359 360 364 367 372 373 374 375 377 378 381 382 383 384 385 389 390 391 392 393 394 397 400 403 407 409 410 414 415 416
24 357 359 360 363 366 368 370 371 373 378 382 384 388 390 392 396 401 402 404 405 406 409 412 416
36 358 359 360 363 366 367 372 373 374 375 378 379 380 384 385 388 389 390 391 393 394 395 397 398 401 402 403 404 407 410 412 414 415 416 417 418
35 357 358 359 369 370 372 375 376 377 378 379 380 382 383 385 386 388 389 390 393 396 397 398 399 401 403 405 407 408 409 411 415 416 417 418
29 358 360 362 363 364 365 366 368 370 374 379 382 386 387 388 389 390 391 396 402 403 404 406 408 409 411 413 415 418
25 357 359 364 367 368 369 370 372 373 379 380 382 384 386 388 391 393 394 395 399 401 407 409 410 417
25 366 367 368 369 370 371 372 373 375 379 381 383 385 392 393 394 399 401 405 406 408 413 414 416 418
22 361 365 368 374 379 380 381 382 384 385 387 390 394 396 401 404 406 409 413 416 417 418
25 358 360 364 370 373 376 377 378 379 380 385 389 391 394 395 398 399 402 403 408 410 413 414 415 417
27 358 359 360 362 364 366 368 369 370 371 376 378 381 382 385 387 391 392 394 396 397 398 400 408 409 411 412
37 357 358 359 360 362 363 365 367 369 370 371 373 376 377 380 384 385 386 387 388 391 392 393 396 397 400 401 407 408 409 410 411 412 413 416 417 418
23 372 374 375 376 382 385 386 387 388 390 393 394 396 397 398 402 404 410 413 415 416 417 418
25 357 360 363 364 365 370 371 374 375 376 377 378 386 392 393 399 400 404 409 410 411 413 414 415 418
43 357 358 359 360 361 362 363 365 366 367 368 370 372 374 375 376 378 381 382 384 385 387 388 389 390 391 392 393 396 397 398 399 401 403 404 405 407 408 409 411 412 414 417
23 357 358 361 364 374 375 379 386 387 388 389 391 392 395 398 401 404 405 407 410 411 412 417
33 357 358 359 360 361 364 365 366 367 369 376 377 378 379 381 384 385 386 389 390 391 393 396 402 404 405 407 409 410 411 412 413 416
25 358 359 362 366 367 368 370 374 375 379 382 385 387 390 391 395 396 397 399 400 401 402 403 404 413
30 357 362 363 365 366 367 368 371 372 374 377 379 381 383 385 387 388 390 391 393 395 396 397 398 404 406 408 410 411 415
34 359 360 363 365 368 371 376 378 379 380 381 382 385 388 389 390 393 396 397 398 400 401 403 404 405 406 407 412 413 414 415 416 417 418
39 361 362 363 364 366 368 369 371 373 374 375 377 378 380 382 383 384 386 387 389 390 392 393 394 395 396 397 401 402 403 407 408 411 412 413 414 416 417 418
31 358 361 362 363 366 367 371 372 376 377 379 382 383 385 386 390 391 395 396 397 398 399 404 406 407 408 410 412 415 417 418
26 364 367 369 370 375 378 380 381 382 384 385 389 391 392 395 396 398 400 401 402 404 405 406 414 415 416
23 357 358 361 364 367 368 370 379 380 381 383 384 386 388 393 394 397 400 408 412 415 417 418
29 357 361 362 363 368 370 371 372 373 374 376 379 383 385 388 389 390 391 394 395 396 399 400 403 409 411 413 414 415
29 358 364 365 366 367 368 370 373 375 377 381 382 385 386 388 391 393 394 397 401 402 407 408 409 410 411 412 413 417
24 358 359 361 366 369 371 372 377 379 385 386 388 389 393 394 395 400 401 404 405 407 412 415 418
24 359 361 362 365 367 369 375 384 386 387 388 391 394 395 399 400 401 402 405 408 411 413 414 418
42 357 358 359 360 361 362 363 365 368 369 371 372 373 374 375 377 378 380 382 383 384 385 386 388 389 390 393 398 399 400 401 402 403 404 405 406 407 412 413 416 417 418
32 358 359 360 363 364 367 371 373 374 375 382 383 384 386 388 389 390 391 395 396 398 399 401 403 405 407 408 410 411 413 416 417
33 357 359 364 366 367 369 370 371 373 374 375 377 379 381 382 383 384 385 386 391 392 393 394 397 398 399 400 401 402 406 408 410 416
28 357 360 361 366 371 372 373 374 375 377 378 383 385 391 392 393 395 396 397 401 402 407 408 411 412 413 414 416
42 357 358 359 361 363 364 365 367 368 371 374 375 377 378 379 380 382 384 385 387 388 390 391 392 394 395 396 397 398 399 400 402 403 404 405 406 407 410 411 416 417 418
37 357 359 361 362 363 364 366 367 369 370 371 372 375 376 377 378 379 382 383 384 385 386 388 389 390 396 400 401 402 403 406 407 408 410 411 412 413
33 357 358 360 363 365 367 371 373 375 377 379 381 384 387 388 389 390 392 394 395 396 398 401 403 404 406 407 408 413 414 415 416 418
36 358 359 361 362 363 364 365 366 368 369 370 373 374 377 378 379 380 381 382 387 388 390 391 392 393 400 401 406 408 409 410 412 413 414 415 418
34 357 360 362 363 367 372 374 376 377 378 381 382 384 387 388 389 391 392 393 395 396 398 401 402 404 406 407 408 410 411 413 414 415 418
34 358 361 368 371 372 378 379 380 381 383 384 385 387 390 391 392 393 395 396 397 398 399 401 403 405 406 407 408 411 413 414 415 417 418
42 358 359 361 362 363 364 365 367 369 370 371 373 376 377 378 379 383 386 388 389 390 392 393 394 396 398 399 400 401 402 404 405 406 407 408 409 412 413 414 415 416 418
34 357 358 359 363 365 366 367 370 372 374 375 378 381 382 384 385 388 389 391 394 395 398 402 404 405 406 407 409 410 411 412 413 415 416
39 357 358 359 360 361 363 367 368 370 372 373 374 375 376 377 379 380 381 382 383 384 385 386 387 389 391 392 396 397 398 399 401 402 403 405 411 413 415 416
26 357 358 359 364 366 367 369 370 371 376 377 380 382 385 387 390 393 394 396 397 404 405 409 411 415 417
40 357 359 361 362 363 364 366 367 368 369 370 371 372 373 375 376 377 378 379 381 382 384 386 387 388 389 393 394 395 396 397 398 399 400 402 405 406 408 411 418
21 363 369 372 375 376 377 378 379 380 384 385 388 390 396 398 400 401 403 404 409 413
41 360 362 363 364 367 369 370 371 372 373 375 376 378 379 380 382 383 384 385 386 389 390 391 392 393 394 395 397 401 403 405 406 407 408 409 411 412 414 415 417 418
22 357 360 362 363 370 371 373 375 377 378 380 381 382 384 386 393 398 400 402 407 408 414
27 357 360 361 363 365 370 371 373 376 379 384 388 389 391 392 393 395 399 400 404 406 407 409 410 412 413 417
33 358 361 363 364 365 367 370 371 375 376 377 378 379 382 384 387 388 391 392 395 397 399 401 405 409 410 411 412 413 414 416 417 418
33 358 362 365 366 367 370 375 376 377 378 379 380 382 384 385 386 387 388 392 393 396 398 401 403 406 409 410 411 412 413 415 416 417
42 358 359 360 362 365 366 368 370 371 372 373 374 375 376 380 381 382 386 387 388 389 390 391 394 395 397 398 399 402 404 405 407 408 409 410 411 412 413 414 415 416 418
30 362 363 365 367 368 370 373 375 376 377 379 380 382 383 384 385 388 392 395 398 399 401 404 407 408 410 411 416 417 418
25 357 364 366 369 378 382 383 384 387 388 389 390 394 395 397 404 405 406 407 410 411 412 413 415 417
36 357 358 359 363 364 365 366 368 369 371 373 375 376 379 381 382 383 387 388 390 391 392 393 395 398 400 402 403 404 406 407 408 410 415 416 417
32 357 359 360 361 363 364 369 370 373 374 376 378 379 380 384 385 386 390 391 392 393 394 395 397 400 405 408 409 410 411 416 418
38 357 358 359 360 361 363 364 365 367 369 371 373 374 378 379 380 381 382 388 390 391 393 394 395 397 399 402 403 406 407 410 411 412 413 414 415 416 417
29 357 359 362 363 365 367 371 374 375 377 381 382 384 386 387 396 399 400 401 402 405 406 407 408 409 411 414 415 416
19 359 360 362 370 374 377 380 382 383 387 391 394 400 401 402 409 413 414 418
35 357 358 363 366 367 368 370 371 372 373 374 376 379 387 388 389 392 393 394 395 396 397 398 399 401 402 403 405 406 407 410 411 412 413 417
40 358 359 361 363 364 365 367 368 371 373 375 376 378 379 381 382 383 384 385 387 389 390 391 393 394 395 396 397 401 404 405 407 408 409 410 412 413 415 416 418
39 360 361 362 363 364 366 367 369 371 372 373 374 375 377 379 380 381 382 384 386 388 389 390 397 398 399 400 401 405 406 407 408 409 410 412 413 416 417 418
19 361 362 366 367 368 370 374 380 382 389 394 398 399 408 411 415 416 417 418
28 361 362 364 365 367 370 375 376 377 378 379 382 385 387 389 393 395 397 398 401 403 405 406 408 411 412 416 418
20 357 361 364 370 372 375 376 384 392 397 401 402 404 407 410 411 412 413 416 417
30 357 358 359 360 361 362 363 364 369 370 373 374 377 380 381 383 384 385 392 399 400 403 404 405 407 408 412 413 414 415
22 360 363 370 374 377 378 383 384 391 395 396 397 398 404 406 408 412 413 414 415 416 418
27 357 359 361 368 370 372 374 375 377 378 382 386 390 394 395 399 401 402 404 405 406 411 412 414 416 417 418
27 361 362 364 366 370 371 372 374 378 382 383 385 386 387 388 389 390 392 402 403 404 407 408 409 410 411 412
38 357 359 360 363 364 365 369 371 375 376 377 382 383 384 385 386 387 388 393 395 396 397 398 399 400 402 403 405 406 407 408 411 412 413 414 416 417 418
38 357 358 361 363 365 366 367 370 371 372 373 374 375 378 379 384 385 386 387 388 393 394 395 398 400 401 402 404 405 406 407 409 410 413 414 415 416 417
29 363 365 366 367 368 370 372 375 376 379 380 383 385 389 394 395 396 398 399 400 401 402 404 406 407 411 414 415 416
25 357 362 367 369 371 372 375 382 384 385 392 393 396 399 400 401 402 405 406 410 411 414 416 417 418
42 357 359 360 362 363 365 366 368 369 370 371 372 376 377 379 382 383 385 386 387 388 389 390 391 392 393 394 396 397 398 399 402 403 404 406 407 408 409 412 414 416 417
