318 1578
65 1 2 3 4 5 6 7 8 9 10 11 12 13 14 15 16 17 18 19 20 21 22 23 24 25 26 27 28 29 30 31 32 33 34 35 36 37 38 39 40 41 42 43 44 45 46 47 48 49 50 51 52 53 54 55 56 57 58 59 60 61 62 63 64 65
27 4 6 10 14 15 16 19 21 26 28 30 34 35 37 38 43 45 46 47 48 50 53 54 59 62 63 64
42 1 2 3 6 7 8 9 12 13 14 15 16 19 20 24 25 26 28 29 30 31 33 34 35 36 37 39 41 44 45 46 47 49 50 51 53 54 59 60 61 62 65
48 2 3 4 5 6 7 8 9 10 11 12 13 14 15 19 20 21 22 23 24 26 28 29 30 31 33 35 36 40 41 42 43 44 46 48 49 51 52 53 54 57 58 59 61 62 63 64 65
26 1 3 4 12 16 20 21 25 26 31 32 36 38 40 42 47 50 51 52 54 58 60 61 63 64 65
37 3 5 8 9 13 15 16 19 21 23 24 25 26 27 28 29 31 34 35 36 38 39 40 41 42 43 46 48 49 50 51 55 58 60 62 64 65
24 5 8 14 17 18 20 22 23 25 32 33 35 42 43 46 49 50 51 52 55 56 57 61 64
48 1 2 3 4 6 7 9 10 11 13 14 15 16 17 18 19 20 21 22 23 26 27 28 30 31 32 33 35 36 37 39 41 42 43 44 45 46 49 54 55 57 58 59 60 62 63 64 65
37 3 4 6 9 10 13 14 15 16 17 18 19 21 24 26 27 28 30 31 33 34 35 37 38 40 44 49 51 53 54 55 57 60 61 62 64 65
43 1 2 3 4 5 6 7 8 11 12 14 15 16 17 18 19 20 21 22 24 26 28 29 30 32 33 37 38 39 41 42 44 45 46 48 50 52 55 57 58 59 63 65
40 1 5 7 8 10 11 12 13 14 15 16 20 21 23 25 29 30 32 33 34 35 37 38 40 43 44 47 48 49 51 52 53 54 56 58 59 60 62 63 65
29 2 4 5 7 13 17 19 21 22 23 28 30 31 32 34 36 38 42 43 46 47 49 52 53 58 61 63 64 65
45 1 3 4 5 8 9 10 13 15 16 17 18 21 22 23 25 27 29 30 31 35 36 37 39 40 43 46 47 48 49 50 51 52 53 54 55 56 57 58 59 60 61 62 64 65
46 1 2 3 4 6 7 8 10 11 14 15 17 18 19 20 21 22 23 24 26 27 28 29 30 31 33 34 35 36 37 41 42 43 44 47 48 53 54 55 56 57 58 60 62 63 65
25 1 4 6 7 15 17 18 20 23 29 30 31 36 37 43 44 47 48 49 56 57 59 60 63 64
40 1 3 4 5 6 7 9 12 15 18 19 20 21 22 25 26 27 28 30 31 32 34 36 37 38 39 41 42 44 45 46 51 53 56 57 58 62 63 64 65
45 1 3 4 5 6 7 8 9 10 12 16 20 22 23 24 25 26 27 28 29 31 32 35 36 37 38 39 40 41 42 43 45 46 47 50 52 53 54 56 58 59 61 62 64 65
31 1 2 3 5 6 9 11 12 13 14 15 16 17 18 20 23 24 26 27 30 32 38 40 42 43 46 47 52 56 57 62
48 2 3 6 7 10 11 12 13 14 15 16 17 19 20 21 24 25 26 27 28 29 30 32 33 34 35 36 37 38 40 41 42 43 44 45 48 49 50 52 53 54 55 57 59 62 63 64 65
37 1 2 3 6 8 12 13 14 15 16 21 23 25 26 27 31 32 34 35 36 38 41 42 43 44 45 46 47 49 51 52 53 54 57 58 60 62
36 7 8 9 10 11 12 19 20 21 22 24 25 26 27 28 30 31 32 33 36 39 40 41 44 45 48 49 51 53 54 56 58 59 60 62 63
45 1 2 3 4 5 10 12 13 14 15 16 18 20 23 24 25 27 28 29 30 33 35 36 37 38 39 40 41 44 45 46 48 49 50 51 52 53 54 55 58 59 60 61 64 65
43 1 2 3 5 6 7 10 11 13 14 15 17 18 19 21 22 24 25 29 30 32 33 34 35 37 38 39 41 42 43 44 46 48 49 50 51 52 55 57 62 63 64 65
51 1 2 6 7 8 9 11 13 15 16 18 19 20 23 24 25 26 27 28 29 30 31 32 33 34 35 36 37 38 39 40 41 42 43 44 45 46 47 49 50 51 55 56 57 59 60 61 62 63 64 65
42 3 4 5 6 7 8 10 11 12 13 14 15 16 19 23 24 25 27 28 30 31 32 33 35 36 37 38 39 40 46 47 48 49 50 52 54 55 56 59 61 64 65
50 1 2 3 5 6 7 8 10 11 12 13 14 15 16 17 18 21 23 24 25 26 28 29 31 33 34 35 37 38 39 40 41 43 45 47 48 49 51 52 53 54 55 56 57 59 60 61 62 63 64
32 1 7 8 10 11 17 18 19 20 22 24 29 32 34 36 38 39 40 41 42 43 45 46 47 50 52 53 54 55 57 58 59
27 6 7 11 13 15 17 18 19 20 22 24 26 27 28 30 34 38 43 44 45 47 53 55 59 62 63 64
21 6 9 10 12 15 19 34 35 39 41 42 46 48 52 55 56 57 59 61 62 63
35 1 4 6 8 10 11 13 14 18 20 21 23 25 28 29 31 33 35 36 40 42 45 46 48 49 53 55 56 58 59 61 62 63 64 65
22 1 8 17 22 23 28 33 34 36 37 40 41 46 47 49 50 53 54 55 57 58 60
21 3 7 8 13 16 17 20 21 23 27 28 29 32 36 42 44 48 50 57 59 64
26 2 5 14 16 17 24 25 30 33 35 37 39 40 41 43 47 48 51 52 54 55 56 59 60 63 65
49 1 2 3 4 5 6 7 8 9 10 12 13 14 17 18 19 20 22 24 25 26 27 28 30 31 32 33 36 37 39 40 41 42 44 45 46 48 49 51 53 54 55 56 57 58 59 61 62 65
22 2 3 5 6 14 15 16 27 29 31 32 35 47 48 50 53 55 56 57 58 60 63
32 1 3 6 7 9 13 14 15 19 20 21 22 25 26 29 32 35 36 40 45 46 47 48 49 50 52 53 56 57 58 60 61
21 10 13 14 16 19 25 32 33 34 37 39 43 44 45 48 49 58 59 62 63 65
28 6 8 9 10 16 20 21 22 24 26 27 28 29 30 31 35 44 46 50 53 55 57 58 59 60 61 62 65
23 1 4 6 9 14 16 19 21 22 28 31 32 36 38 42 43 46 49 53 54 56 57 64
29 66 67 68 69 70 71 72 73 74 75 76 77 78 79 80 81 82 83 84 85 86 87 88 89 90 91 92 93 94
10 68 69 73 80 81 82 83 85 90 94
20 66 68 69 70 71 75 76 77 78 79 80 84 85 86 87 89 90 92 93 94
22 66 68 69 70 73 75 76 77 78 79 80 81 82 83 84 85 87 88 89 91 92 93
18 68 69 72 73 75 76 77 78 81 82 83 84 86 87 90 91 93 94
22 66 67 68 69 70 72 73 74 75 76 77 78 79 83 85 87 88 89 90 91 93 94
12 68 70 71 72 75 76 77 79 83 87 90 92
12 68 73 74 76 77 83 84 86 87 90 91 93
9 73 74 76 78 80 81 90 91 93
17 66 67 68 70 72 73 75 76 78 81 84 87 88 90 92 93 94
9 67 77 78 79 81 85 88 92 94
15 68 70 74 76 78 79 80 81 82 84 85 88 91 93 94
20 69 70 71 72 73 74 75 76 79 80 81 82 83 84 85 86 87 88 93 94
19 66 67 68 69 70 72 73 75 76 77 79 81 82 83 85 89 90 91 94
18 66 67 68 69 70 71 72 76 79 80 81 82 84 86 87 88 90 93
11 66 77 78 80 82 86 88 89 90 92 94
10 67 72 79 80 82 83 85 87 88 94
15 70 73 74 75 76 77 80 82 84 86 87 88 90 91 94
9 67 68 69 72 75 76 81 85 88
15 67 68 69 71 72 74 78 82 84 85 86 87 89 90 94
19 66 67 68 69 72 73 75 79 81 82 83 84 85 86 87 91 92 93 94
12 67 70 71 74 76 79 80 82 83 90 91 93
9 69 70 71 74 75 77 87 90 91
15 66 71 74 75 76 78 80 82 83 87 89 90 91 92 94
21 66 67 70 71 72 73 76 77 78 79 80 84 85 86 87 88 89 90 92 93 94
16 67 68 71 72 74 76 78 79 81 82 86 87 88 89 92 94
22 67 68 69 70 71 72 73 74 75 78 79 80 81 82 83 84 85 87 91 92 93 94
20 66 67 68 70 71 73 74 76 77 78 79 81 83 84 86 87 89 91 93 94
17 67 68 70 71 72 73 75 78 79 83 85 86 87 88 89 90 94
11 67 68 69 72 76 77 78 80 81 83 90
13 66 67 71 72 73 74 76 78 85 87 88 91 93
18 67 69 70 73 74 77 78 80 81 83 84 85 87 88 89 90 93 94
17 66 67 68 71 72 73 78 79 80 81 82 84 85 87 89 91 94
20 67 70 71 72 73 75 77 79 80 81 83 84 85 87 88 89 91 92 93 94
13 66 67 71 72 76 77 78 81 84 85 86 87 94
20 67 68 69 70 72 73 75 76 77 78 79 81 84 86 88 89 90 91 92 94
21 66 67 68 71 75 76 78 79 80 81 82 83 85 86 88 89 90 91 92 93 94
10 66 69 74 77 79 82 83 88 90 93
13 66 67 68 70 72 73 74 75 80 90 92 93 94
10 68 71 72 73 80 83 86 87 88 89
9 67 74 75 77 78 79 81 88 93
22 66 67 68 69 70 71 72 73 75 77 78 80 81 82 84 87 89 90 91 92 93 94
15 69 72 74 75 78 79 82 84 85 86 87 88 89 91 94
15 69 71 72 73 74 77 78 79 81 83 84 89 90 91 94
11 71 73 75 76 78 80 81 83 85 86 87
21 66 67 69 70 72 73 74 75 77 78 79 80 81 82 84 85 86 89 90 91 94
17 66 69 70 71 72 75 76 77 79 80 81 83 85 89 92 93 94
22 66 67 69 70 71 72 74 76 77 78 79 81 82 83 86 87 88 89 90 91 92 93
12 66 67 69 70 73 74 75 76 78 81 84 90
13 66 70 73 74 75 76 78 79 81 83 87 93 94
15 67 68 69 70 72 77 79 81 82 83 84 88 90 93 94
14 68 71 75 76 77 78 81 82 83 85 87 88 91 94
18 66 67 68 70 71 72 73 74 76 78 80 81 82 83 84 85 87 92
13 71 73 74 76 79 83 84 87 88 90 91 92 93
9 73 77 78 82 84 86 88 91 94
18 67 68 69 70 71 72 73 75 76 77 78 79 80 84 85 87 89 90
14 67 70 72 74 79 82 83 84 86 87 88 90 91 93
13 67 68 69 70 72 75 81 83 85 87 88 92 94
13 73 74 77 79 80 81 83 84 86 88 90 91 94
13 66 67 68 70 77 78 79 80 81 82 83 84 90
19 67 68 73 74 75 77 79 80 82 83 84 85 86 87 88 89 90 92 94
22 66 67 68 69 70 71 72 73 75 76 79 82 83 84 85 86 87 90 91 92 93 94
14 70 71 76 78 80 81 82 84 86 87 89 90 91 94
14 66 68 69 73 75 77 81 86 87 88 89 90 92 93
13 67 68 69 70 76 77 79 82 84 85 88 90 94
18 67 70 71 73 74 75 76 77 78 81 83 84 88 89 90 91 93 94
16 66 70 71 73 75 76 79 80 82 83 84 85 86 87 89 91
12 68 69 71 74 79 80 81 82 83 87 89 94
18 67 68 69 70 71 72 74 76 78 81 82 83 85 87 88 89 92 94
10 66 67 70 71 75 76 84 86 87 92
15 66 67 69 72 73 74 76 79 82 83 84 86 88 91 94
13 68 70 75 77 78 80 81 84 86 89 90 91 93
14 67 68 70 75 76 77 79 80 81 83 84 85 88 92
11 67 72 75 76 77 79 81 84 85 87 93
17 66 70 71 72 73 74 76 78 79 82 83 84 87 89 90 91 93
20 67 69 70 71 73 74 78 79 80 81 82 83 84 85 86 87 90 92 93 94
15 66 69 72 73 74 77 78 79 80 82 83 84 85 87 91
10 66 67 68 75 76 77 80 89 91 92
14 66 70 72 73 74 79 82 83 87 89 91 92 93 94
12 68 69 70 72 75 76 80 81 83 85 91 94
11 66 69 70 71 73 76 77 79 86 89 94
72 95 96 97 98 99 100 101 102 103 104 105 106 107 108 109 110 111 112 113 114 115 116 117 118 119 120 121 122 123 124 125 126 127 128 129 130 131 132 133 134 135 136 137 138 139 140 141 142 143 144 145 146 147 148 149 150 151 152 153 154 155 156 157 158 159 160 161 162 163 164 165 166
34 95 98 101 102 103 104 107 109 112 113 115 117 120 124 128 129 130 132 134 135 136 138 139 140 142 143 145 146 147 151 160 163 164 165
25 96 104 107 109 110 111 115 116 118 124 125 126 128 129 132 133 136 137 138 142 143 158 162 165 166
54 95 96 97 99 100 101 102 105 106 108 109 110 111 112 113 114 115 116 117 118 119 120 122 123 124 125 127 129 131 135 137 139 140 141 142 143 144 145 147 148 150 151 152 153 155 157 158 159 160 161 162 163 165 166
29 99 104 108 114 117 118 119 120 122 123 125 128 129 132 133 136 137 141 144 145 147 152 155 156 158 161 163 165 166
51 95 96 98 99 102 103 106 107 108 109 112 113 114 116 117 118 119 120 121 122 123 126 129 130 131 132 133 134 135 138 139 140 141 142 143 144 146 147 151 152 153 155 156 157 158 159 160 161 162 164 166
50 95 97 98 99 100 102 103 104 105 106 107 108 109 110 112 114 121 122 123 125 126 127 128 130 131 133 134 135 136 139 141 142 143 144 145 146 147 148 149 150 152 153 154 156 158 159 162 164 165 166
49 95 96 97 98 100 101 103 104 105 106 111 113 115 116 117 119 120 121 122 123 124 125 128 129 132 133 136 139 140 141 142 143 144 145 146 147 148 149 151 152 153 154 155 156 157 158 160 163 164
27 95 98 100 102 107 113 114 116 118 120 124 126 127 129 130 131 134 138 140 150 152 155 156 158 159 164 165
45 95 96 97 98 99 100 101 102 104 105 107 110 111 114 115 118 119 127 130 131 132 135 136 137 139 140 141 142 144 145 146 147 149 151 152 153 154 155 156 157 158 160 163 164 166
36 97 99 103 104 105 107 113 115 116 118 119 120 123 124 125 127 128 131 133 136 137 138 144 145 146 147 148 151 152 157 158 159 161 163 165 166
36 95 96 98 99 101 102 105 106 108 109 110 113 116 121 123 124 127 128 130 131 132 134 135 136 138 141 145 146 153 154 159 160 162 163 165 166
27 95 100 107 109 111 116 117 118 122 123 128 129 130 131 132 133 134 139 143 145 146 147 153 155 159 160 163
54 95 96 97 98 99 100 101 102 104 105 106 108 109 110 111 112 113 116 117 120 123 124 125 128 129 130 131 132 133 134 135 136 137 138 139 140 141 142 147 149 150 151 152 153 154 158 159 160 161 162 163 164 165 166
39 95 96 97 100 102 105 106 107 111 112 115 117 124 125 126 127 129 131 133 136 137 138 139 142 143 146 148 151 152 153 154 156 157 158 160 162 163 164 165
36 96 97 99 104 106 107 108 110 114 115 118 119 120 125 126 129 130 132 134 138 139 140 143 144 146 150 151 152 155 157 159 160 161 163 165 166
28 96 97 98 101 103 108 110 111 112 116 125 127 130 132 135 137 138 142 143 144 150 151 152 157 160 161 162 163
22 95 98 103 108 112 113 116 118 119 127 128 133 135 142 144 147 148 150 153 157 160 166
29 96 97 102 105 107 108 116 117 118 119 121 123 128 130 131 134 135 136 137 140 144 145 147 151 153 156 158 162 165
29 97 99 101 103 106 108 109 111 113 114 118 126 132 134 136 137 138 144 145 148 149 150 153 157 159 161 162 163 166
47 96 99 101 104 105 106 109 110 111 114 115 116 117 121 122 126 128 130 131 133 134 135 136 137 140 141 142 143 144 145 146 147 148 150 151 152 153 154 156 158 159 160 162 163 164 165 166
21 95 99 102 104 110 111 112 114 115 117 120 125 126 130 133 134 138 144 148 154 155
37 96 101 106 108 109 111 112 113 114 115 117 118 121 124 125 127 128 130 134 135 136 137 138 139 143 149 150 152 153 155 158 159 160 161 162 164 166
24 99 108 110 111 112 113 116 118 119 120 125 126 128 129 130 133 134 137 139 145 147 157 160 163
37 99 100 102 103 104 105 106 107 108 109 110 111 113 114 117 120 121 127 131 135 136 139 142 143 144 146 147 150 151 154 155 156 157 158 159 160 161
48 95 96 99 102 103 104 106 107 108 109 110 114 115 117 118 119 120 121 122 123 124 125 127 129 130 131 132 133 134 136 137 139 140 144 146 147 148 149 150 152 153 154 157 160 163 164 165 166
38 96 97 98 99 101 105 108 111 112 113 114 117 118 119 120 121 123 126 127 129 130 132 136 137 139 141 143 145 149 151 152 153 155 156 160 161 162 164
37 95 97 98 99 100 101 103 106 108 109 112 114 115 119 120 124 126 127 129 131 134 136 140 141 142 143 145 149 152 153 154 155 156 158 160 161 162
32 97 101 102 103 105 109 111 114 115 116 117 118 121 122 127 128 130 132 134 136 139 140 144 146 149 155 156 157 158 160 161 166
43 96 97 99 100 102 103 106 107 108 109 111 113 115 118 125 126 129 130 131 134 135 136 138 139 140 143 144 145 146 147 148 150 151 152 153 155 156 158 159 162 163 164 166
31 96 98 101 102 103 106 107 109 110 111 112 114 116 118 124 128 129 130 132 133 142 143 146 148 149 155 157 158 159 162 166
30 95 96 98 100 101 102 110 114 116 118 120 122 123 125 129 131 133 137 141 144 145 148 150 156 158 159 160 163 164 166
21 103 104 105 109 119 120 123 126 129 136 143 145 147 148 151 155 156 160 163 164 165
33 95 96 99 103 106 109 110 112 113 118 119 121 122 123 124 125 127 128 129 133 134 135 137 140 144 146 148 153 158 160 163 164 166
49 96 97 98 101 104 105 106 107 108 113 114 115 117 118 119 120 122 123 124 127 129 130 131 132 133 135 136 137 138 139 140 142 143 144 145 146 151 152 153 154 155 156 157 160 161 162 163 164 166
50 95 98 101 102 103 104 105 110 112 114 115 116 119 120 121 124 126 127 128 129 130 131 132 133 135 136 137 138 139 140 142 144 146 147 148 149 150 151 152 154 155 156 157 158 159 162 163 164 165 166
42 95 96 97 98 99 100 104 105 107 109 110 112 114 115 118 120 121 122 124 126 127 128 129 130 132 133 135 136 138 143 144 145 147 149 150 152 155 156 157 159 160 162
47 96 97 98 100 101 102 103 104 105 109 110 112 113 114 117 118 119 120 121 124 127 128 129 131 132 133 134 135 136 137 139 140 141 143 144 145 148 151 152 153 157 158 159 161 162 163 165
32 95 98 100 102 104 108 111 112 114 127 131 132 135 136 137 138 140 142 143 144 145 146 147 148 155 156 158 159 160 163 164 166
30 95 98 104 105 107 108 109 110 113 115 116 121 127 129 134 136 137 138 139 142 148 151 152 154 155 157 160 162 163 166
39 95 99 100 101 102 103 109 113 114 116 117 120 122 123 124 127 128 131 132 134 135 136 137 140 143 144 145 146 147 151 152 153 156 157 158 160 163 165 166
45 97 98 100 101 102 103 105 106 107 108 109 111 113 114 116 117 121 125 126 128 129 131 132 135 136 137 138 140 142 144 145 146 149 150 151 152 153 155 160 161 162 163 164 165 166
33 95 97 99 100 101 104 105 106 108 112 114 117 123 127 130 132 135 137 138 139 143 144 145 147 150 151 153 155 156 160 161 164 166
35 95 97 104 105 107 109 114 115 116 120 121 124 128 131 132 133 135 139 140 141 142 143 145 148 149 152 153 154 155 156 157 162 163 164 165
32 95 96 99 105 108 110 112 114 118 123 124 125 126 129 135 137 139 140 144 145 147 148 149 150 151 152 153 154 155 158 163 164
41 96 98 99 100 102 103 104 105 107 109 110 112 114 115 116 118 119 123 125 126 130 133 135 136 137 139 141 142 143 144 145 146 147 148 149 151 153 157 158 160 165
52 95 96 97 98 99 100 102 103 104 105 106 109 111 113 115 118 120 121 123 124 126 127 128 129 130 131 132 133 134 135 136 138 139 140 141 142 145 146 147 149 150 151 152 154 155 159 160 161 162 164 165 166
36 96 97 98 102 103 105 106 107 109 110 112 116 119 120 121 125 129 131 136 137 138 139 141 143 145 146 147 148 151 154 155 156 159 161 164 165
46 98 99 100 101 102 103 104 106 108 111 113 115 118 119 120 121 123 124 128 129 130 131 132 133 135 136 137 138 139 140 142 143 144 145 146 147 150 151 153 156 157 160 161 163 165 166
22 99 100 101 102 103 109 116 120 122 126 127 129 139 142 144 146 147 149 156 160 161 166
45 95 96 100 102 104 107 110 111 112 114 115 116 117 118 119 120 121 122 123 125 128 131 132 134 136 137 139 141 146 147 149 150 151 152 153 154 157 159 160 161 162 163 164 165 166
57 95 96 97 98 99 101 102 103 104 105 106 107 108 110 111 112 113 114 115 116 117 118 119 121 122 123 125 126 128 129 131 132 133 134 135 136 137 138 139 141 143 144 145 146 147 148 149 150 152 153 154 155 158 159 160 163 164
27 95 96 98 100 105 106 108 109 110 115 117 119 121 125 127 128 129 131 132 137 138 143 153 155 157 162 166
29 95 98 101 103 106 107 108 109 111 112 114 116 119 123 124 126 128 131 132 135 143 146 147 149 151 156 159 163 165
38 95 97 98 100 101 102 104 105 106 107 111 113 114 115 116 117 118 121 122 123 124 126 128 129 131 137 139 140 141 143 146 147 148 154 156 161 162 166
55 95 96 97 98 99 100 101 102 103 105 106 107 108 109 111 112 113 114 115 116 117 118 120 121 122 123 125 126 127 128 129 130 135 136 137 138 139 140 141 144 145 146 147 148 150 152 153 154 156 157 158 159 162 165 166
42 96 97 98 101 102 103 104 107 110 111 113 117 118 119 120 122 123 126 127 128 129 132 133 136 137 140 142 144 146 147 148 151 152 153 155 157 158 160 161 163 164 166
32 95 97 98 100 101 102 103 105 106 107 109 110 114 115 119 122 126 127 130 132 136 137 139 142 143 148 151 157 158 160 163 165
39 95 96 100 105 107 108 110 112 113 115 116 119 120 127 129 130 131 134 136 139 140 142 143 145 147 148 152 153 154 155 156 157 158 160 161 163 164 165 166
28 95 98 103 106 108 109 110 111 113 117 118 121 124 129 130 132 137 138 139 141 144 149 150 152 156 160 164 165
31 95 96 97 98 100 101 104 106 107 108 110 112 113 116 117 120 122 123 125 130 131 135 137 141 142 147 149 158 161 163 166
33 95 96 97 99 101 103 105 106 107 108 109 113 117 120 122 124 125 126 132 133 134 136 139 141 143 144 145 150 151 157 161 163 165
56 95 97 98 99 100 101 102 103 104 105 108 111 114 116 118 119 121 122 123 124 125 126 127 128 129 130 131 132 133 134 135 136 138 139 140 141 142 143 145 148 149 151 152 153 154 155 156 157 159 160 161 162 163 164 165 166
30 95 96 99 102 104 106 108 109 110 113 120 121 127 130 131 133 138 140 141 142 145 146 148 150 151 153 155 156 163 166
52 95 96 100 102 104 106 107 109 110 113 115 116 117 119 120 121 123 124 126 127 130 131 132 133 134 135 136 137 138 139 140 141 142 143 144 145 147 148 149 150 151 152 153 154 155 157 158 160 161 163 164 165
57 95 97 98 99 100 101 103 104 107 108 109 110 111 112 115 116 117 118 119 120 121 122 124 125 127 128 129 130 132 133 134 135 136 137 138 139 140 141 143 144 146 147 148 149 150 151 153 154 156 157 159 160 161 162 163 164 165
23 96 100 101 104 108 109 110 111 113 114 116 122 126 127 129 131 132 138 140 143 149 163 166
55 95 96 97 99 100 102 103 104 107 109 111 113 114 115 116 117 119 120 122 123 124 125 126 127 129 130 131 132 133 134 135 136 137 139 140 142 143 144 145 146 147 148 149 150 151 152 155 157 158 159 160 161 162 163 166
25 96 104 105 111 113 114 116 120 124 125 132 133 134 136 138 139 141 145 151 153 156 159 160 161 166
52 96 97 100 101 102 103 106 107 109 110 111 112 113 116 118 120 121 122 123 124 125 126 127 128 129 130 131 132 134 135 138 140 141 142 143 144 146 147 149 150 151 152 153 154 156 158 159 160 162 164 165 166
49 95 97 98 99 100 101 102 103 104 106 107 108 109 111 113 114 115 116 117 120 121 122 123 124 126 128 129 131 132 136 138 139 140 142 144 145 147 148 150 151 152 154 155 157 158 160 162 163 165
57 167 169 170 171 172 173 176 178 180 181 183 184 186 187 189 190 191 192 193 196 197 200 201 203 204 206 207 208 209 210 211 212 213 214 215 216 217 218 220 221 224 225 226 227 228 230 231 233 235 236 238 239 240 242 243 244 245
21 172 176 179 182 187 189 190 192 197 214 223 225 226 227 228 231 232 234 237 238 240
22 172 176 178 182 183 185 187 188 189 193 194 198 206 209 213 215 218 225 228 234 242 243
26 167 171 175 179 183 185 187 188 189 192 193 194 198 199 202 204 206 211 212 214 218 224 227 237 241 242
40 170 172 173 177 179 180 182 183 184 187 188 189 193 195 196 198 199 203 205 206 207 213 215 218 219 220 221 223 225 226 227 230 231 232 234 238 239 241 242 243
14 174 183 188 189 194 196 203 211 221 232 234 236 241 242
47 167 169 170 171 174 175 177 178 184 185 186 187 190 191 192 193 194 196 197 199 201 206 209 212 213 214 215 218 221 222 223 224 225 226 227 229 230 231 232 233 235 236 237 241 242 243 244
22 168 174 175 177 179 182 185 188 194 195 198 199 202 205 219 222 223 229 232 234 237 241
35 170 171 173 174 175 179 181 182 183 188 189 195 196 200 202 204 210 212 213 216 217 218 219 220 221 222 227 228 234 235 236 239 241 242 244
30 168 170 171 173 175 178 184 186 188 191 193 195 199 201 203 204 207 209 211 212 213 215 217 219 220 224 229 235 242 244
26 167 169 175 176 181 182 187 188 194 198 199 202 206 214 216 220 221 229 231 232 233 234 238 241 242 244
19 168 172 176 179 182 183 190 197 199 201 207 208 210 217 231 232 234 242 244
27 167 168 169 170 172 175 176 180 182 184 186 193 198 205 208 210 212 213 218 227 229 231 235 237 238 239 244
17 167 168 171 172 176 187 195 196 200 205 220 224 225 238 239 241 243
22 168 169 171 172 173 188 189 192 196 201 202 203 206 212 216 217 222 225 232 234 240 243
44 167 168 169 172 176 177 178 180 184 185 186 187 190 191 192 193 194 197 198 199 201 203 205 206 207 208 209 211 214 215 223 224 225 226 229 230 231 232 233 237 238 240 243 245
21 180 182 184 185 186 187 193 195 198 205 207 209 210 213 221 224 226 229 231 233 237
20 170 171 174 179 180 184 185 186 191 197 201 204 205 212 213 215 226 228 230 239
25 171 172 174 175 176 178 183 184 187 191 197 198 201 203 204 205 213 214 220 224 228 234 236 237 244
21 168 171 173 180 189 191 193 196 203 207 218 219 221 224 229 230 233 234 237 241 243
35 168 169 170 172 173 174 178 179 181 182 183 185 187 188 193 197 199 202 206 207 208 209 211 212 213 215 223 226 227 229 230 234 238 239 241
23 173 177 178 179 185 187 190 192 195 197 199 200 201 202 206 209 215 216 224 226 228 230 245
31 168 169 170 172 175 180 186 187 191 194 195 196 198 199 200 203 204 206 209 210 212 213 215 222 227 235 237 238 241 242 244
29 167 170 171 172 175 176 180 184 188 189 192 193 194 197 200 206 208 210 212 213 216 220 223 226 230 232 234 240 244
11 189 192 193 196 203 207 222 223 235 236 240
49 167 169 172 174 176 178 179 181 182 183 184 187 191 193 195 196 197 200 201 202 203 205 206 207 209 210 211 212 213 214 216 218 220 221 222 223 224 226 227 231 232 233 234 235 237 241 242 243 245
16 167 170 174 183 190 197 199 200 204 208 211 220 227 230 238 241
48 167 171 173 174 176 177 178 179 181 182 183 184 185 188 189 190 192 193 197 201 202 205 207 208 211 214 216 217 218 219 220 221 223 224 225 226 228 229 230 231 232 233 234 236 239 240 243 245
15 167 171 182 183 184 190 204 205 212 216 228 232 240 243 245
39 167 168 169 171 174 175 176 178 181 185 186 190 191 192 194 197 200 201 202 204 208 209 210 211 212 214 216 217 222 224 228 229 233 235 236 237 240 244 245
24 167 177 185 187 190 194 202 207 214 219 220 222 223 225 227 230 231 235 237 238 239 240 241 242
16 173 174 189 191 203 204 213 219 221 222 223 224 226 229 235 237
53 168 169 170 172 173 174 176 177 178 180 181 182 184 186 190 191 195 196 197 200 201 203 205 207 208 209 210 213 215 216 217 219 220 221 222 223 225 226 228 229 230 231 232 233 234 235 236 238 239 240 243 244 245
20 174 177 179 180 182 183 184 185 188 192 193 194 199 201 208 211 216 227 234 235
17 167 171 190 191 192 194 200 201 204 210 213 223 224 227 228 238 243
23 168 172 176 180 181 182 188 189 195 200 204 205 207 208 210 216 217 219 220 228 234 238 239
39 168 175 176 179 180 181 183 185 189 190 191 194 198 200 202 204 206 207 208 209 210 212 213 214 215 220 224 228 229 230 231 232 233 238 239 240 241 243 245
27 168 169 174 176 178 182 184 188 189 193 195 197 199 203 206 208 209 211 216 217 218 221 229 232 233 234 244
32 167 173 178 183 184 185 186 188 189 190 195 196 198 199 202 203 204 211 214 215 217 218 220 224 227 229 230 232 233 234 241 243
21 167 177 185 188 189 190 195 196 202 207 208 210 212 218 219 226 227 232 233 238 245
22 171 175 186 190 191 192 194 196 198 201 203 214 216 218 221 225 231 233 236 237 242 245
20 175 176 177 178 179 181 191 194 214 215 218 219 223 228 235 236 239 242 244 245
26 168 173 181 187 190 196 198 199 201 202 203 205 214 215 218 219 222 227 228 229 231 236 237 238 239 245
18 169 170 171 177 178 184 185 186 194 196 198 202 205 212 215 227 230 238
13 168 179 181 186 199 206 209 221 222 229 230 242 243
20 167 168 179 181 182 186 187 196 197 201 209 210 211 216 227 231 232 235 241 243
19 169 173 174 180 191 195 199 200 222 223 224 227 231 232 233 235 236 240 244
31 167 168 170 171 175 179 181 184 186 192 196 197 201 203 205 207 208 211 212 214 216 217 219 220 221 229 237 238 239 241 245
44 170 171 172 173 174 178 180 181 182 183 185 186 187 191 193 194 195 196 199 200 203 205 206 207 210 213 217 219 220 221 223 226 227 229 231 232 233 234 235 236 238 239 240 243
25 170 175 186 191 198 202 204 209 213 214 215 217 218 219 226 228 229 230 231 232 233 236 237 242 245
25 172 174 175 182 186 188 196 197 198 202 203 205 208 214 215 216 218 219 225 226 232 237 239 240 244
47 168 169 170 171 172 174 175 176 177 179 180 181 182 187 191 192 193 194 197 200 201 205 206 207 208 209 210 212 213 216 219 221 222 223 225 226 228 231 235 236 237 238 239 240 242 244 245
16 170 174 178 180 184 194 207 212 215 218 220 224 228 230 233 237
16 169 181 183 184 185 187 193 195 207 209 211 217 220 229 241 242
28 167 169 174 177 180 181 183 185 194 196 198 200 202 205 206 208 210 216 218 221 222 230 233 236 239 241 243 245
17 169 173 178 181 189 190 197 203 206 207 210 212 221 222 223 240 244
20 169 170 173 180 182 192 193 194 200 211 215 216 217 223 225 231 235 239 240 241
64 168 169 170 172 173 174 175 176 177 178 179 180 181 185 186 187 188 189 191 192 193 194 195 196 197 198 199 200 201 202 203 206 207 208 209 210 211 213 214 215 217 218 219 220 221 222 223 224 225 226 227 229 230 231 233 234 235 236 237 238 239 241 242 244
22 167 176 177 180 184 189 195 200 204 205 210 217 219 220 222 224 228 232 235 240 243 244
28 167 169 172 176 178 181 183 187 188 190 197 198 199 200 201 204 206 211 214 216 217 225 226 231 232 235 236 242
15 171 181 191 204 207 214 217 219 220 222 223 225 233 240 243
9 173 179 183 198 202 203 211 240 245
21 168 170 173 176 177 178 179 180 189 199 206 212 221 222 230 231 233 234 235 236 245
22 168 172 173 177 178 183 190 195 200 208 209 210 211 217 218 219 224 225 227 237 243 245
7 177 190 202 204 210 226 230
43 169 171 172 173 175 176 177 183 185 188 189 190 191 192 193 195 198 199 200 202 203 204 205 206 208 213 214 217 219 221 222 223 225 226 229 234 236 238 239 240 242 244 245
28 170 171 172 173 175 179 180 181 183 186 191 192 196 198 200 201 204 205 210 212 213 215 224 226 228 236 243 245
40 167 169 170 171 172 173 174 177 178 182 184 186 187 188 192 193 195 196 197 199 201 203 205 211 216 217 218 219 221 222 223 225 226 227 234 235 236 237 242 244
35 167 168 169 175 176 177 179 184 188 189 190 192 197 198 201 202 204 208 209 211 212 214 215 216 218 222 224 225 228 230 237 241 242 244 245
16 175 177 182 184 185 186 208 209 210 212 220 227 228 238 239 245
26 167 175 180 181 187 188 192 193 195 200 206 209 211 214 216 218 220 225 228 233 236 239 240 241 243 245
24 169 174 177 178 179 182 183 185 186 191 195 204 207 209 211 217 221 224 225 233 235 241 242 243
14 170 174 179 192 194 195 202 205 213 215 222 223 240 244
30 168 170 171 173 175 177 180 185 186 188 189 190 192 194 198 199 204 208 215 217 219 225 228 229 230 236 238 239 240 244
13 174 183 190 197 199 204 208 211 220 227 230 238 241
15 167 168 171 176 187 195 196 200 220 224 225 238 239 241 243
15 168 174 176 178 182 189 193 195 197 203 211 216 217 229 233
24 176 179 181 183 189 194 198 200 206 208 213 215 220 228 230 231 232 233 238 239 240 241 243 245
29 167 168 169 175 177 179 188 189 190 197 198 201 204 208 209 211 212 215 216 218 222 224 228 230 237 241 242 244 245
7 174 192 194 205 213 222 244
22 167 169 175 176 181 182 187 188 199 202 206 214 216 220 221 229 231 232 233 234 238 241
23 170 171 173 174 178 181 182 183 185 187 191 193 199 200 203 207 210 221 231 233 235 238 240
19 175 180 181 187 192 193 195 209 214 216 218 225 228 233 236 240 241 243 245
19 167 168 170 171 175 181 184 186 192 197 201 203 205 211 212 217 221 239 241
21 167 171 175 179 185 187 189 192 193 198 202 204 206 211 212 214 218 224 227 241 242
18 171 174 175 176 178 183 184 187 191 198 201 213 220 224 228 236 237 244
19 169 174 177 178 179 182 183 185 186 191 204 207 209 211 221 225 235 241 242
10 167 181 186 196 201 209 216 227 235 241
18 167 168 169 177 179 184 190 201 202 209 211 214 222 224 228 237 244 245
6 179 199 206 209 221 230
21 168 170 175 178 184 186 188 193 195 199 201 203 204 207 211 212 213 215 217 235 242
14 172 186 188 196 198 214 215 216 218 225 226 237 239 240
7 174 194 203 211 234 241 242
9 189 192 193 196 203 207 235 236 240
23 167 170 172 173 174 177 178 184 186 188 195 196 197 199 203 205 216 218 219 225 226 227 234
17 176 179 182 187 189 190 192 197 214 223 225 227 231 234 237 238 240
48 167 169 170 171 172 173 176 178 180 181 184 186 187 189 190 191 192 196 197 200 201 203 204 206 207 209 210 211 213 215 216 217 220 221 224 225 226 228 230 233 235 236 238 239 242 243 244 245
17 168 179 181 186 187 196 197 201 209 210 211 216 227 231 235 241 243
13 168 171 173 180 196 203 218 221 224 230 233 234 243
14 169 173 181 189 190 197 203 206 207 210 212 222 240 244
27 176 178 185 187 191 192 193 197 199 205 206 207 208 209 211 214 215 223 225 229 230 232 237 238 240 243 245
11 167 168 179 181 182 196 197 201 211 227 231
17 174 175 182 188 194 195 198 199 202 205 219 222 223 229 232 234 241
8 174 184 194 207 212 218 233 237
6 189 193 203 222 223 235
20 167 175 180 181 188 195 206 209 211 214 216 218 220 228 233 236 239 241 243 245
10 174 188 194 196 211 221 232 234 236 242
49 167 170 171 172 173 176 178 180 181 183 184 186 187 189 190 193 196 197 201 203 204 206 208 209 210 211 212 213 214 215 216 217 218 220 221 225 226 227 228 230 231 233 235 236 238 240 242 243 245
31 170 173 178 180 181 182 185 187 191 193 195 196 200 203 205 206 207 210 213 217 219 220 221 227 229 232 233 234 236 238 243
19 167 176 177 180 184 189 195 200 205 210 217 219 220 224 232 235 240 243 244
15 179 180 184 185 186 191 201 204 205 212 213 215 226 228 230
15 177 179 182 183 188 192 193 194 199 201 211 216 227 234 235
23 167 169 174 180 181 183 185 194 196 198 202 205 206 208 210 218 221 222 233 236 241 243 245
18 167 177 184 189 195 200 204 210 217 220 222 224 228 232 235 240 243 244
8 171 181 204 207 214 233 240 243
10 169 184 185 187 207 211 217 220 241 242
8 169 173 210 212 221 222 223 240
24 169 172 176 178 181 183 187 188 190 197 199 201 204 211 214 216 217 225 226 231 232 235 236 242
12 176 177 178 179 191 194 218 223 236 242 244 245
13 173 174 189 191 203 213 222 223 224 226 229 235 237
23 167 173 178 185 186 189 190 195 198 202 204 211 214 215 217 224 229 230 232 233 234 241 243
16 172 176 178 183 188 190 199 200 204 206 214 217 225 231 235 242
20 169 170 172 175 176 180 182 184 186 193 198 205 208 218 227 229 235 237 239 244
18 168 170 173 175 180 186 188 189 190 192 198 204 217 230 236 238 239 240
10 182 183 190 204 205 212 216 228 232 240
12 168 174 179 182 188 194 198 202 205 229 234 237
8 177 182 186 208 210 212 228 239
12 173 180 189 196 203 221 224 229 230 233 241 243
15 167 169 172 176 178 181 183 188 197 198 200 201 225 226 236
23 171 172 175 176 184 189 192 193 194 197 200 206 208 210 212 216 220 223 226 230 232 234 240
10 168 179 181 186 199 206 229 230 242 243
12 177 188 190 196 202 208 210 212 219 232 233 245
17 167 171 175 181 184 196 201 203 207 208 214 216 217 220 229 238 245
20 170 172 175 176 188 189 193 194 197 200 206 208 210 213 220 223 226 230 232 244
18 180 182 184 185 186 193 195 198 205 207 209 210 213 221 224 226 233 237
17 170 172 174 178 181 183 187 199 202 207 211 226 227 229 234 238 241
5 177 202 204 210 230
10 171 194 201 204 210 213 224 227 228 238
17 167 169 174 177 180 181 194 200 202 206 208 216 218 222 236 241 243
21 169 174 177 178 179 183 186 191 204 207 209 211 217 221 224 225 233 235 241 242 243
18 169 177 178 182 183 186 191 204 207 211 217 221 224 225 233 235 241 242
14 181 196 198 199 201 202 203 214 219 222 229 231 238 245
31 170 171 173 174 175 179 181 182 183 189 196 200 202 204 212 213 216 217 218 219 220 221 227 228 234 235 236 239 241 242 244
27 167 174 178 181 185 188 193 197 201 202 208 211 214 216 218 219 220 221 225 226 229 230 231 234 236 239 243
11 169 171 178 184 186 194 196 212 215 227 238
17 167 170 179 184 192 197 201 205 208 211 212 214 219 229 239 241 245
17 167 171 175 179 185 188 189 193 194 204 206 211 212 218 227 237 241
21 167 169 174 180 185 194 196 198 200 202 205 206 216 218 221 230 233 239 241 243 245
10 174 177 182 183 185 188 192 194 201 235
16 169 174 177 181 183 194 196 198 200 205 208 210 216 222 233 245
14 178 182 183 185 187 188 189 198 206 218 225 228 234 243
11 167 179 181 196 197 211 227 231 235 241 243
25 167 170 171 172 175 176 180 188 192 193 194 197 200 208 210 212 213 220 223 226 230 232 234 240 244
15 167 172 176 178 181 183 187 188 201 204 216 231 232 235 236
35 169 171 173 176 177 183 185 188 189 190 192 193 195 198 199 200 203 204 205 208 213 214 217 221 223 225 226 229 234 236 238 239 242 244 245
16 169 170 173 180 192 194 200 211 215 216 225 231 235 239 240 241
15 168 172 181 182 188 200 204 207 208 210 217 219 220 228 238
11 174 189 191 203 204 213 219 221 224 235 237
8 167 170 183 190 204 208 211 241
20 167 175 181 187 188 192 195 200 209 211 214 225 228 233 236 239 240 241 243 245
5 177 190 202 226 230
12 167 171 182 184 190 204 205 216 232 240 243 245
21 168 172 175 180 186 191 194 195 196 198 203 209 210 212 213 227 237 238 241 242 244
17 170 171 174 179 180 184 185 191 201 204 205 213 215 226 228 230 239
14 170 179 184 185 186 191 197 201 204 213 215 228 230 239
17 171 175 190 191 192 194 198 201 203 214 216 218 225 231 233 242 245
20 167 169 172 176 181 183 188 197 199 201 204 211 214 216 217 231 232 235 236 242
19 173 177 178 179 185 187 190 192 195 197 199 200 201 206 215 226 228 230 245
10 171 191 194 200 204 210 213 224 227 228
18 168 170 171 175 186 197 201 203 207 208 212 216 217 219 220 221 238 239
15 169 177 180 185 194 196 198 200 205 221 230 233 236 239 245
19 171 172 174 175 178 183 184 191 197 198 201 203 204 205 213 214 220 236 237
31 167 168 169 174 175 176 185 186 190 191 194 197 200 201 202 208 209 210 212 214 217 222 228 229 233 235 236 237 240 244 245
19 168 176 180 181 182 195 200 204 205 208 210 216 217 219 220 228 234 238 239
14 168 169 171 173 188 189 192 202 206 212 216 222 225 243
11 175 184 185 186 208 209 220 227 228 238 245
32 168 169 172 173 174 176 177 178 182 184 186 190 195 196 200 201 203 205 209 210 216 219 221 223 228 229 230 231 234 235 239 244
29 168 175 179 181 183 185 189 190 191 194 198 200 202 204 206 208 212 213 214 215 220 224 229 230 233 238 239 241 243
7 168 179 186 199 206 222 229
7 183 188 194 221 232 236 242
27 170 171 173 175 181 183 188 189 195 196 202 212 216 217 218 219 220 221 222 227 228 234 236 239 241 242 244
10 174 184 185 186 197 204 212 213 230 239
17 172 174 188 196 198 202 203 205 208 214 216 218 219 225 226 232 240
15 175 186 191 192 194 196 201 214 216 225 231 233 236 242 245
13 171 175 192 194 198 201 203 216 218 221 225 242 245
29 171 173 174 175 179 181 182 183 188 189 196 200 202 204 210 212 213 217 218 219 220 222 227 228 234 239 241 242 244
19 169 174 178 179 182 185 186 191 195 204 207 209 211 217 225 233 235 241 242
16 168 169 170 172 175 180 191 194 199 203 206 210 213 215 227 237
18 171 172 174 175 178 184 187 191 197 198 201 203 204 205 213 220 236 237
15 168 171 173 180 189 191 203 219 224 229 230 233 237 241 243
25 167 170 171 172 176 180 184 188 192 193 194 197 200 206 210 212 213 216 220 223 226 232 234 240 244
11 170 174 180 184 194 207 220 224 228 230 233
23 168 169 174 182 184 188 189 193 195 197 199 206 208 209 216 217 218 221 229 232 233 234 244
21 180 183 185 189 191 194 200 202 204 206 210 213 214 215 220 231 232 233 238 241 243
33 167 169 170 171 175 177 178 186 187 190 191 192 194 196 197 199 201 206 209 212 213 215 218 221 222 224 225 229 230 231 235 236 243
20 168 173 187 190 196 198 202 203 205 214 215 218 219 227 229 231 236 237 238 245
21 172 177 179 183 184 196 199 203 213 215 218 220 221 225 226 227 232 234 239 241 242
14 168 169 172 175 180 186 205 210 231 235 237 238 239 244
17 168 169 171 172 173 188 189 196 202 206 217 222 225 232 234 240 243
32 169 172 174 176 178 181 182 191 193 197 200 201 202 203 205 209 213 214 220 221 222 223 224 227 231 232 235 237 241 242 243 245
35 167 169 178 179 181 182 183 187 193 197 200 201 202 205 206 207 209 210 212 213 216 218 220 221 222 223 226 227 231 232 234 237 241 242 243
14 169 180 182 192 193 200 216 217 223 231 235 239 240 241
19 171 172 173 179 180 181 186 192 198 201 205 210 213 224 226 228 236 243 245
20 167 180 181 187 188 192 193 200 206 209 211 214 216 220 236 239 240 241 243 245
10 167 183 190 197 199 200 208 211 220 241
18 168 175 177 182 188 194 198 199 202 205 219 222 223 229 232 234 237 241
15 176 178 182 185 187 189 194 206 209 213 215 228 234 242 243
25 167 170 171 172 175 176 180 184 188 193 194 197 200 206 208 210 212 213 223 226 230 232 234 240 244
9 169 184 185 194 202 205 212 227 230
16 168 172 173 177 178 183 195 200 209 210 218 219 225 237 243 245
44 167 169 170 171 172 173 176 181 183 184 186 187 189 190 191 192 193 196 200 201 203 206 207 210 211 212 213 214 216 217 218 221 225 226 227 228 230 231 233 235 236 238 244 245
30 170 173 174 175 179 181 182 188 189 195 200 202 204 210 212 216 217 218 219 220 221 222 227 228 234 235 236 239 242 244
15 167 171 190 191 192 194 200 201 204 210 213 224 227 238 243
20 167 177 185 190 194 202 207 214 219 220 222 223 225 230 231 235 238 240 241 242
13 169 182 187 194 199 202 206 214 216 220 229 231 238
26 168 175 176 179 180 183 185 191 198 206 207 208 209 210 212 214 215 220 224 228 229 230 231 238 241 245
18 168 169 175 176 188 189 190 201 204 211 212 214 215 218 228 237 241 245
14 174 177 180 184 185 188 194 199 201 211 216 227 234 235
10 183 188 189 194 196 203 211 221 236 242
17 168 170 171 179 184 186 192 196 205 208 211 219 220 229 237 238 245
34 167 170 171 176 180 181 186 187 191 193 196 197 200 203 206 207 208 209 210 212 213 216 217 218 220 221 225 228 230 233 239 243 244 245
17 171 175 186 190 192 196 198 203 214 216 218 221 231 236 237 242 245
23 176 177 180 184 185 186 192 193 194 197 199 203 206 207 215 223 224 225 230 231 233 238 243
31 167 169 170 172 173 176 178 180 187 189 191 192 196 201 206 208 209 211 212 213 215 217 220 225 226 228 230 233 242 243 244
16 168 169 172 175 176 180 193 198 205 210 213 218 227 231 238 244
9 174 183 189 194 211 221 234 241 242
17 186 190 191 192 194 196 198 201 214 216 218 221 225 233 236 237 245
29 169 174 178 185 186 187 190 194 196 201 206 209 212 213 214 218 221 222 224 226 227 229 230 231 232 233 235 236 244
5 173 179 183 211 240
13 172 176 179 182 183 201 207 208 210 217 231 234 244
15 169 170 180 182 192 193 200 211 215 216 217 225 231 239 241
14 175 176 177 178 179 181 191 194 214 219 228 235 239 245
16 168 172 177 178 183 190 195 200 208 211 217 218 219 227 237 243
11 171 186 191 194 198 201 203 214 225 233 236
19 170 186 191 198 202 204 209 213 214 217 218 219 226 230 231 233 237 242 245
6 189 193 196 203 223 240
10 169 192 194 211 215 217 223 225 235 239
14 169 170 173 180 182 192 193 200 211 215 216 223 231 241
14 169 178 181 189 190 197 203 206 207 210 212 221 222 244
46 167 169 170 171 172 173 178 180 183 184 186 187 189 192 193 196 197 200 204 206 207 208 209 210 212 213 214 215 216 218 220 221 224 226 228 230 231 233 235 236 238 240 242 243 244 245
15 180 182 184 185 186 187 193 207 210 213 221 224 226 231 237
14 172 173 188 192 196 202 203 206 212 217 222 225 234 240
16 168 181 190 196 201 202 203 205 219 222 227 228 229 231 236 239
23 169 170 171 172 173 174 177 178 184 188 193 195 196 197 199 201 211 218 226 227 234 235 237
14 170 186 191 202 204 213 214 215 218 226 230 232 236 245
26 168 172 175 177 180 181 182 191 192 193 197 200 201 206 207 209 210 213 216 219 223 225 231 237 239 244
14 179 182 187 189 190 192 214 223 225 226 228 232 237 240
39 167 169 170 173 176 180 181 183 187 189 191 193 196 197 201 206 207 208 211 212 213 214 218 220 221 224 225 226 227 228 230 231 233 238 239 240 242 244 245
26 169 170 171 175 177 184 185 191 192 193 194 197 206 212 215 221 222 224 229 231 233 235 237 242 243 244
16 169 173 174 180 191 195 199 222 223 227 232 233 235 236 240 244
12 174 177 179 182 188 192 194 199 208 216 227 235
8 192 193 196 207 223 235 236 240
27 170 171 173 174 178 180 182 183 187 193 194 199 200 203 206 207 213 219 221 223 227 229 231 232 234 236 243
12 173 174 189 191 204 219 221 222 223 224 229 237
41 167 170 171 173 180 181 183 184 187 189 190 192 196 197 200 206 207 208 209 210 212 213 215 216 217 218 220 224 225 226 227 228 230 231 233 236 238 239 240 243 244
10 170 174 179 195 202 213 215 222 240 244
6 179 186 206 221 230 243
15 168 176 181 188 195 200 204 205 210 216 217 219 234 238 239
12 172 190 195 200 209 218 219 225 227 237 243 245
19 173 177 178 179 185 190 192 195 197 199 201 206 209 216 224 226 228 230 245
14 170 174 178 180 184 194 207 212 215 220 228 230 233 237
12 172 173 177 183 190 200 217 218 219 224 225 237
14 176 178 179 181 191 194 214 218 219 223 228 236 244 245
15 169 170 180 182 192 193 194 215 217 223 231 235 239 240 241
16 167 185 190 194 202 214 219 220 222 223 227 231 235 237 238 242
31 169 170 174 175 177 178 184 186 187 191 193 194 197 199 201 206 212 213 218 221 222 223 226 229 231 232 233 235 236 241 244
18 172 176 182 187 189 192 214 223 225 226 227 228 231 232 234 237 238 240
9 173 174 191 203 213 221 222 223 235
31 168 169 170 171 172 174 175 176 179 182 187 193 194 200 201 205 207 209 210 213 219 221 222 223 231 236 237 238 240 244 245
11 186 194 196 201 203 214 218 221 225 242 245
19 177 178 179 182 183 185 186 191 195 204 207 211 217 221 224 225 235 241 242
15 175 182 186 188 196 203 214 215 216 218 219 225 232 240 244
50 167 169 171 172 173 176 178 180 181 183 184 186 187 189 190 191 192 193 196 197 200 201 203 204 207 208 209 210 211 214 216 218 220 224 225 226 227 228 230 231 233 235 236 238 239 240 242 243 244 245
14 187 200 206 209 214 216 218 220 228 239 240 241 243 245
18 175 198 202 204 209 213 214 215 217 218 219 226 228 230 231 232 233 236
14 170 171 174 179 180 184 185 186 191 201 215 226 230 239
12 168 173 191 218 221 229 230 233 234 237 241 243
30 172 176 178 180 182 195 196 197 200 203 205 207 208 209 213 217 219 220 222 223 225 228 229 231 234 235 238 239 243 245
16 168 170 175 191 193 199 201 203 207 211 212 215 217 224 235 244
17 178 182 185 187 188 189 194 206 209 213 215 218 225 228 234 242 243
19 169 174 176 182 188 193 195 197 199 203 206 211 216 218 229 232 233 234 244
11 168 172 177 178 183 190 195 200 210 218 237
8 169 184 187 193 195 207 209 220
15 167 177 187 190 194 202 207 219 223 225 231 237 239 240 242
32 167 171 173 174 176 177 178 179 182 183 185 192 193 197 201 202 207 211 218 220 221 223 224 225 226 228 230 232 233 239 240 243
13 169 173 178 181 189 190 197 203 206 207 210 212 244
20 168 169 174 176 178 182 184 193 197 199 203 206 208 211 218 221 229 232 234 244
22 168 169 178 185 187 199 203 205 206 207 209 215 225 226 229 230 231 232 237 238 243 245
19 168 169 171 172 173 188 189 192 196 201 203 206 216 222 225 232 234 240 243
18 168 171 173 180 191 193 196 203 207 219 221 224 229 233 234 237 241 243
7 170 174 192 205 215 223 240
25 167 168 170 171 175 179 186 192 196 197 201 203 205 207 211 214 217 219 220 221 229 237 239 241 245
15 172 176 178 183 185 187 194 209 213 215 218 225 228 234 242
15 173 177 178 179 187 197 200 201 202 215 216 224 226 228 230
38 168 169 171 172 175 176 177 179 180 181 182 187 193 194 197 201 205 206 207 209 210 212 213 216 219 221 222 223 225 226 228 236 237 238 239 242 244 245
15 172 176 187 190 192 214 223 225 227 228 231 234 237 238 240
12 168 175 177 179 182 185 199 202 229 232 234 241
13 169 178 190 203 206 207 210 212 221 222 223 240 244
8 174 203 204 221 222 223 224 237
19 169 175 181 182 187 188 194 199 202 206 214 216 220 221 231 233 234 238 242
15 167 168 171 176 187 195 196 200 205 220 225 238 239 241 243
21 170 180 182 184 189 193 195 196 199 205 207 213 220 221 225 230 232 234 238 241 242
14 174 175 188 197 203 214 215 218 219 226 237 239 240 244
9 182 184 204 205 228 232 240 243 245
14 173 181 190 199 201 202 203 205 218 222 227 229 231 238
10 169 173 180 192 193 194 217 225 239 241
17 179 182 187 190 192 197 214 223 225 226 227 228 231 232 237 238 240
23 167 178 184 186 188 189 190 195 196 198 204 214 217 218 220 224 227 229 230 232 234 241 243
14 172 176 178 183 187 189 193 194 198 206 209 215 225 234
3 190 204 230
15 167 168 171 172 187 196 200 205 220 224 225 238 239 241 243
10 178 181 197 207 210 212 222 223 240 244
20 171 173 175 181 186 191 192 196 198 201 204 205 210 212 213 215 224 226 236 243
14 167 185 194 207 219 220 222 223 225 227 237 238 240 242
6 181 186 199 206 209 243
13 168 172 180 181 188 189 195 200 207 216 220 238 239
6 173 202 203 211 240 245
25 167 169 174 177 180 181 185 194 196 198 200 202 206 208 210 218 221 222 230 233 236 239 241 243 245
9 183 185 187 207 209 220 229 241 242
25 171 175 176 188 189 190 195 199 200 202 204 205 213 214 217 221 225 226 229 236 238 239 240 242 245
15 172 174 182 186 197 198 203 205 214 219 225 232 237 239 240
5 190 202 210 226 230
17 180 182 184 185 186 187 193 205 207 209 210 213 221 229 231 233 237
39 167 168 172 176 177 178 180 184 185 186 187 190 191 192 194 197 198 199 201 203 205 207 208 209 211 214 215 223 224 225 226 229 230 231 232 237 238 243 245
13 169 192 193 200 211 215 216 217 231 235 239 240 241
26 167 169 174 184 185 190 191 194 199 201 209 214 215 218 222 225 226 229 230 232 233 235 241 242 243 244
9 167 182 190 204 205 212 228 232 245
8 167 171 183 190 212 216 228 245
18 171 175 186 190 191 192 194 196 198 201 214 216 218 221 225 233 236 237
15 172 176 182 187 189 214 223 225 227 228 231 232 234 237 238
40 167 169 170 177 184 185 186 187 190 192 193 194 196 197 199 201 206 209 212 213 214 215 218 221 222 223 224 226 227 229 230 231 232 233 235 236 237 241 242 243
9 167 168 171 172 187 195 196 224 239
17 170 171 173 175 179 180 181 191 198 201 210 215 224 226 228 243 245
15 174 176 183 187 191 197 201 203 205 213 214 220 224 228 234
26 167 169 171 178 181 185 190 191 192 194 197 200 202 204 209 210 214 216 222 228 229 233 235 236 240 244
24 169 176 177 179 180 187 192 193 194 200 207 209 210 212 216 219 221 225 226 236 237 238 239 245
12 180 184 187 193 195 198 205 207 210 213 226 233
5 177 202 204 210 226
26 170 172 173 180 181 183 185 191 193 194 195 203 205 206 207 213 219 221 226 232 233 234 235 236 239 243
9 169 181 183 184 187 211 220 229 241
15 170 175 198 202 204 215 217 228 229 230 231 232 236 237 245
18 168 172 176 180 182 188 189 195 200 205 207 208 219 220 228 234 238 239
17 170 171 173 175 178 184 191 193 201 207 209 211 212 215 220 224 242
45 169 170 173 174 175 177 178 179 180 181 186 188 189 191 192 194 195 196 197 199 201 202 203 206 207 209 211 214 217 218 219 220 221 222 223 225 226 227 231 234 236 238 239 242 244
18 168 177 186 188 189 194 199 204 208 215 217 228 229 230 236 238 239 240
8 183 197 199 200 204 208 227 238
25 167 169 170 173 182 184 186 188 192 193 195 199 201 211 216 217 221 222 223 225 234 235 236 237 244
14 172 179 182 187 189 192 197 214 226 228 231 232 237 238
22 173 177 183 188 193 195 198 200 202 203 204 205 208 217 223 225 226 234 238 240 244 245
19 167 169 172 176 178 187 188 197 198 204 211 216 217 225 226 231 232 235 236
12 196 198 202 203 214 216 218 225 226 232 240 244
34 172 176 178 181 182 183 184 191 193 195 197 200 201 202 203 205 206 210 211 212 213 214 216 222 224 226 227 231 232 234 237 241 242 245
31 167 172 174 176 178 181 182 187 191 193 195 200 201 205 209 210 211 214 220 221 222 223 224 227 231 232 233 237 241 243 245
16 167 174 181 183 196 200 202 205 206 208 216 218 221 233 236 245
11 171 172 188 196 202 203 216 222 225 232 240
12 168 172 176 180 189 204 207 208 219 220 234 239
11 176 182 187 189 190 192 223 228 231 234 237
21 167 168 175 176 178 181 185 190 194 197 202 210 212 214 216 224 229 233 235 240 245
12 176 177 194 214 215 218 223 228 235 236 242 244
18 168 173 177 178 183 190 195 200 208 210 211 218 224 225 227 237 243 245
18 167 177 180 184 189 195 200 205 210 219 220 222 224 232 235 240 243 244
27 168 169 172 180 186 187 191 194 195 196 199 200 203 204 206 209 210 212 213 215 222 227 235 237 238 242 244
33 171 172 173 176 183 189 190 191 192 193 198 199 200 202 203 204 205 206 208 213 214 217 219 221 222 223 226 229 236 238 239 240 245
13 167 179 182 186 187 196 209 211 216 227 231 235 243
11 179 190 197 199 201 207 210 232 234 242 244
8 167 170 183 190 204 211 227 241
14 169 181 183 184 185 187 193 195 207 209 217 220 229 241
27 167 168 169 171 176 181 185 186 190 191 194 197 200 201 204 208 212 214 217 222 224 228 229 233 235 240 245
9 169 173 174 199 200 223 233 235 240
8 168 179 181 209 221 222 229 230
9 171 177 178 184 194 198 202 215 227
24 167 170 171 172 175 180 184 188 192 193 194 197 206 208 210 212 213 216 220 223 230 232 234 240
3 177 190 226
25 168 169 172 180 186 187 191 194 195 196 198 199 203 204 206 209 210 212 213 227 235 237 238 242 244
29 167 168 169 175 179 184 188 189 190 197 198 201 202 204 209 212 214 215 216 218 222 224 225 228 230 237 241 242 245
20 167 177 185 187 190 194 202 207 219 220 222 223 225 235 237 238 239 240 241 242
15 180 182 184 185 186 193 195 198 205 209 213 229 231 233 237
27 167 170 174 175 177 184 185 186 190 191 193 196 199 206 212 213 214 215 224 225 226 227 231 233 235 241 243
44 167 169 171 173 176 178 180 181 183 184 187 189 190 191 196 197 200 201 203 204 206 207 208 209 210 211 212 213 215 217 218 221 224 225 230 231 233 235 236 239 240 242 244 245
9 183 197 204 208 211 220 227 238 241
26 170 174 181 183 186 191 194 195 196 200 203 206 210 217 219 220 221 223 226 229 231 232 234 236 238 239
29 167 168 169 171 175 176 178 185 186 191 197 200 201 202 208 209 211 212 214 216 217 222 224 229 235 236 240 244 245
17 175 186 191 198 202 204 209 213 215 217 229 231 232 233 236 242 245
12 170 183 190 197 199 200 204 208 211 227 238 241
17 180 184 185 186 187 193 195 205 207 209 210 213 224 226 231 233 237
15 169 176 181 182 194 198 199 202 206 214 231 234 238 242 244
18 186 191 198 202 209 214 217 218 226 228 229 230 231 232 233 236 237 242
17 168 174 175 179 182 185 188 194 195 198 199 222 223 229 232 234 241
13 167 170 174 183 190 197 200 204 208 220 227 238 241
8 182 190 205 216 228 232 240 245
10 169 181 187 195 207 209 217 229 241 242
25 167 172 176 181 183 184 187 191 197 200 202 205 206 207 209 212 216 220 222 226 227 235 237 241 245
9 169 171 177 194 196 198 205 230 238
19 167 168 171 175 179 181 186 192 196 197 203 207 211 212 216 217 219 220 241
40 169 170 175 177 178 184 185 186 187 190 191 192 193 196 197 201 206 212 213 214 215 218 221 222 223 224 225 226 227 229 230 231 232 233 235 236 237 241 243 244
16 174 179 185 188 198 199 202 205 219 222 223 229 232 234 237 241
12 168 177 179 180 199 221 222 230 231 233 235 245
9 181 189 197 203 206 207 212 222 244
29 169 170 172 174 176 177 178 181 182 184 190 201 203 205 208 210 213 216 217 219 221 228 230 233 236 238 239 240 245
10 171 184 190 205 216 228 232 240 243 245
11 170 173 200 215 216 217 223 225 235 239 241
16 170 175 198 204 209 213 214 217 218 219 228 230 232 236 237 245
30 167 174 178 184 185 187 190 192 193 194 197 201 206 209 212 213 214 215 218 224 225 227 229 230 231 236 241 242 243 244
23 170 172 173 180 183 184 188 193 198 199 203 205 206 207 213 215 221 231 232 238 239 242 243
15 172 175 176 178 191 197 198 201 203 204 205 228 234 236 244
19 169 175 176 181 187 188 198 199 202 216 220 221 229 232 233 234 238 242 244
7 173 179 198 202 203 211 240
16 170 171 174 179 184 185 186 191 197 205 212 213 226 228 230 239
20 167 177 185 187 190 194 207 214 219 222 223 225 227 230 235 238 239 240 241 242
31 171 173 174 177 181 184 188 192 193 197 205 207 208 214 216 217 218 219 221 223 225 226 228 229 230 231 232 233 236 240 243
15 176 179 182 183 190 199 201 207 208 210 217 231 232 234 244
7 183 188 189 196 232 234 236
35 167 168 169 170 171 173 174 177 182 184 190 191 192 196 197 200 201 202 203 205 209 210 213 215 216 218 220 229 231 233 235 237 238 242 245
37 167 168 170 171 173 174 175 176 178 179 183 185 188 190 192 194 195 198 200 202 204 205 213 216 217 218 219 223 226 230 233 234 237 238 240 241 242
29 170 173 176 185 186 189 193 195 196 197 198 199 200 201 202 205 206 209 210 222 229 231 232 233 237 238 239 243 244
47 167 169 170 171 173 178 179 180 181 182 183 186 187 194 195 196 197 198 199 200 201 203 204 205 206 209 210 211 212 213 214 216 220 221 224 226 227 228 232 233 235 236 237 239 242 243 245
45 167 170 171 173 174 178 179 180 181 182 183 184 186 188 189 192 193 195 198 202 203 204 205 208 209 210 211 213 215 217 218 219 221 222 225 226 227 228 229 230 231 232 235 239 244
48 167 169 171 172 174 175 178 180 181 182 183 185 186 188 192 194 195 197 199 200 201 202 203 204 206 207 209 212 214 215 218 221 223 225 226 227 228 229 231 232 235 237 238 239 240 241 243 245
44 167 169 170 172 173 174 179 180 186 187 188 190 192 193 195 196 198 199 200 201 202 204 205 210 212 213 215 216 217 218 219 220 221 223 224 225 231 232 236 238 239 242 244 245
37 167 173 174 175 176 177 178 179 180 182 183 184 185 190 191 193 194 196 200 205 207 209 211 214 217 218 221 222 223 227 229 231 239 240 241 242 243
36 167 168 170 174 176 179 181 183 184 186 192 195 196 197 200 201 202 209 211 213 214 221 222 223 224 225 226 228 231 233 234 236 237 238 240 244
52 167 168 169 171 172 173 175 176 177 182 185 188 189 190 191 192 194 196 198 199 200 201 204 205 206 207 208 209 210 215 216 218 219 220 221 222 223 224 226 228 229 231 232 235 236 237 238 239 240 241 242 244
34 169 170 172 179 180 182 185 187 191 194 195 196 201 202 203 206 207 208 209 211 214 215 216 219 221 227 231 232 233 235 239 240 241 243
45 167 168 170 171 172 174 176 177 179 180 183 184 186 187 188 189 190 191 194 195 197 200 201 202 203 204 206 207 210 212 213 214 215 217 221 222 227 230 232 236 237 238 241 244 245
45 171 173 174 176 180 181 182 183 187 189 190 192 193 194 195 196 197 199 200 203 204 207 209 210 212 215 216 217 218 219 221 222 224 225 226 229 230 231 234 236 238 240 241 243 244
25 176 177 179 182 183 185 188 191 193 198 199 203 207 210 215 217 223 225 229 232 234 235 240 242 245
32 167 172 173 175 176 177 178 181 185 186 190 203 205 211 212 213 216 220 221 223 224 227 231 232 234 235 236 237 238 239 242 243
40 167 168 169 170 173 176 179 181 183 186 191 193 198 199 200 201 202 203 206 208 209 210 212 215 216 218 223 224 225 227 229 231 232 233 234 235 238 240 243 244
53 168 173 174 175 176 177 178 179 180 181 182 185 187 188 189 190 191 192 193 196 198 201 204 205 206 207 209 210 211 212 213 216 218 220 223 224 225 226 227 229 230 231 232 233 234 235 236 238 239 240 241 242 243
49 167 168 169 170 173 174 176 178 179 182 183 186 187 190 191 195 196 197 198 199 200 202 203 207 208 210 212 214 215 218 219 222 224 225 226 227 228 230 232 234 235 237 239 240 241 242 243 244 245
37 167 168 169 170 171 172 176 178 179 180 181 182 191 192 193 194 195 196 201 206 207 208 210 211 218 227 228 230 232 234 235 236 237 238 241 242 244
36 167 169 170 176 177 178 179 180 181 182 183 186 192 194 197 199 200 201 203 208 213 215 221 222 229 230 231 234 236 237 238 239 240 241 243 245
39 174 175 176 177 178 180 182 184 187 189 192 193 194 195 196 197 200 203 205 206 208 209 211 214 220 221 222 223 224 226 227 228 233 234 235 237 240 241 243
32 167 169 175 182 189 194 196 199 200 201 203 204 205 206 207 210 211 214 217 219 221 226 229 232 233 234 235 239 240 242 243 245
34 173 177 179 181 183 184 187 192 195 200 204 205 206 207 208 211 212 215 218 222 223 225 226 227 228 229 231 232 233 235 236 243 244 245
53 167 168 169 171 175 176 177 178 179 180 181 185 186 188 189 193 194 195 196 197 198 200 201 202 203 204 207 208 210 211 212 213 215 216 218 219 223 224 225 226 227 229 232 233 234 235 238 239 240 241 243 244 245
31 167 169 171 172 173 176 179 180 182 183 185 195 196 198 199 202 205 207 210 213 215 217 219 226 227 229 233 234 239 243 245
34 169 170 171 172 174 176 178 183 185 189 190 191 193 197 200 203 207 209 210 211 212 213 214 215 216 218 226 229 230 234 238 241 244 245
49 167 170 171 173 176 177 178 179 181 182 183 184 186 187 188 189 190 191 192 194 196 197 198 201 202 203 204 205 207 208 211 212 213 215 219 224 225 229 231 232 233 234 235 236 237 239 241 243 244
40 168 169 173 175 176 177 179 181 182 184 185 187 191 195 196 197 202 203 204 205 208 209 210 211 213 214 217 219 221 223 224 227 228 235 236 237 238 240 242 244
35 169 170 173 175 179 180 183 185 186 187 188 195 198 199 200 201 202 204 207 208 210 213 217 219 220 221 225 228 230 231 236 238 239 242 245
36 167 168 169 180 181 182 183 184 188 197 198 200 201 202 203 205 206 207 209 211 212 214 215 216 224 225 226 228 229 231 232 233 240 241 243 244
48 167 168 169 172 173 174 175 176 177 178 180 182 183 184 187 188 191 193 194 195 196 199 200 202 203 204 207 210 211 212 215 216 217 218 219 220 221 223 228 229 230 231 232 234 238 240 242 244
42 167 168 169 170 173 179 180 181 182 184 185 186 187 188 190 191 192 193 194 195 196 200 201 204 206 208 211 212 213 217 220 222 223 225 226 227 230 231 234 235 239 242
46 168 172 173 174 176 177 178 179 180 184 185 186 187 190 191 192 194 195 196 198 200 202 203 206 209 215 216 217 218 219 220 222 224 225 226 227 228 229 230 231 237 239 240 242 243 245
27 167 169 171 175 176 178 184 190 192 193 194 200 204 205 206 213 216 218 222 223 224 230 232 237 239 241 245
34 167 168 171 173 175 177 178 187 190 191 193 194 195 197 199 204 205 209 210 211 212 213 217 220 222 224 225 229 233 234 237 240 241 242
37 167 169 174 178 180 181 182 183 184 186 187 188 189 192 200 205 207 208 211 212 217 218 222 224 225 228 229 230 231 234 235 237 239 240 241 242 243
27 167 168 169 171 173 174 176 181 183 184 186 187 190 192 194 196 200 202 203 206 214 216 233 235 236 237 238
38 169 170 171 172 173 175 177 181 182 185 187 188 190 193 198 200 202 204 205 207 209 210 215 217 218 219 220 224 227 228 230 231 232 236 238 239 242 243
47 167 168 169 170 173 175 176 178 180 183 184 187 188 191 194 196 197 199 200 201 202 203 205 209 210 211 213 214 218 221 222 223 224 225 227 228 229 231 232 234 235 237 240 241 242 244 245
30 168 170 171 173 175 176 178 186 187 192 194 202 206 207 209 212 215 218 220 223 224 227 228 230 233 237 241 242 244 245
49 167 169 171 173 174 175 178 180 181 185 186 187 188 189 192 193 198 199 200 201 203 204 205 207 208 210 212 213 215 216 217 218 220 221 222 223 224 226 228 230 231 233 234 235 236 237 241 242 245
44 167 168 169 170 172 173 174 179 180 183 185 189 190 192 195 199 200 201 206 209 210 212 214 215 216 217 218 219 220 223 224 227 229 230 231 232 233 234 237 238 240 241 242 243
50 167 168 169 170 174 177 178 179 181 182 185 186 189 190 191 193 194 195 196 197 198 199 200 201 202 205 206 207 208 209 210 211 213 214 217 218 219 223 225 227 229 230 231 234 235 238 239 240 242 245
25 169 170 171 172 177 183 187 188 193 197 200 202 203 204 210 213 214 215 216 220 229 232 233 235 242
52 167 168 169 170 171 172 174 175 176 177 178 181 182 183 185 187 189 192 193 194 195 196 197 202 203 204 206 209 212 213 214 215 216 217 219 221 222 223 224 225 226 227 228 230 231 234 235 236 237 238 241 244
26 169 173 181 185 186 187 188 193 195 196 198 202 203 204 205 206 207 215 216 221 224 226 231 238 239 242
30 169 171 174 178 180 184 186 188 189 190 193 203 207 211 212 214 217 218 223 224 225 226 228 232 233 236 240 241 242 244
31 168 169 171 175 176 180 182 183 184 189 191 193 197 198 199 200 204 205 207 220 226 227 228 230 233 234 235 237 238 239 245
32 168 169 170 172 174 176 178 185 188 190 192 196 205 207 211 213 214 215 216 217 219 220 222 224 227 230 234 236 237 239 243 245
39 167 169 170 171 172 173 175 176 179 180 182 183 185 189 191 192 194 197 201 202 206 208 209 210 212 213 215 216 218 220 223 226 227 235 237 238 239 241 245
47 167 168 169 172 175 176 179 180 181 183 187 188 193 195 196 198 202 203 204 206 208 209 210 212 213 214 215 217 218 220 221 224 226 229 230 231 232 233 234 236 237 239 240 242 243 244 245
33 167 177 178 180 181 184 188 190 191 192 195 198 200 204 206 207 209 210 213 215 218 222 224 225 228 229 231 233 239 241 242 243 245
38 169 171 174 175 176 179 180 182 189 195 196 197 200 201 203 204 207 210 211 212 215 216 218 221 225 226 227 228 229 232 233 234 235 238 239 240 243 244
32 169 173 174 175 179 182 186 187 192 193 194 195 198 199 200 201 204 206 207 210 211 212 216 219 222 225 228 232 234 239 241 243
39 167 169 172 173 178 179 180 181 183 189 191 193 194 195 198 199 200 201 202 203 206 208 212 214 218 219 222 224 225 227 230 231 232 234 235 236 238 240 242
26 170 171 172 176 178 179 180 184 189 191 198 199 200 202 203 204 209 212 213 215 224 226 228 230 231 240
25 168 169 173 174 176 179 181 186 195 196 197 206 208 209 210 219 221 222 224 226 230 233 235 241 242
49 167 168 171 174 175 176 178 181 182 183 184 187 189 190 191 193 194 196 198 199 200 201 203 204 206 207 208 209 211 213 217 218 219 220 222 223 224 227 229 230 231 235 237 239 240 242 243 244 245
25 167 172 173 175 177 180 182 184 185 186 187 190 191 193 197 206 207 217 219 223 228 231 239 240 241
26 171 173 175 176 177 179 184 187 191 196 197 199 201 205 207 208 213 220 222 228 235 238 240 241 242 243
34 168 169 171 173 176 180 181 185 188 189 190 191 193 195 200 204 205 206 208 210 211 213 215 217 220 223 225 232 234 236 237 239 242 243
26 167 169 172 175 177 181 183 185 191 196 202 210 212 213 215 218 223 224 225 231 234 235 236 237 238 243
53 167 169 173 174 175 176 177 178 180 181 182 185 187 188 189 190 192 193 194 196 197 200 201 206 207 208 211 212 214 215 218 219 220 222 223 224 225 226 227 230 231 232 233 234 235 236 237 238 239 242 243 244 245
41 168 172 174 177 178 183 184 185 186 188 189 190 191 193 194 195 197 200 202 204 205 206 207 208 210 216 218 219 220 221 223 224 226 227 228 234 235 236 237 238 245
29 168 169 170 173 175 177 180 184 187 188 189 195 199 200 202 203 204 207 210 214 215 216 226 227 234 237 239 241 242
30 169 175 181 182 183 185 194 197 198 199 200 202 205 206 209 211 214 215 219 220 227 228 229 231 234 235 238 241 242 245
48 168 169 170 173 175 176 177 180 181 183 184 185 187 188 189 191 194 197 198 201 202 203 206 207 208 212 214 215 216 217 218 219 221 222 224 226 227 228 230 232 234 235 236 237 240 241 243 245
28 169 171 173 175 176 177 184 192 193 197 198 200 203 206 207 216 220 222 224 225 228 229 230 231 234 235 238 243
25 171 173 175 176 180 184 185 186 193 199 202 207 209 211 215 218 219 223 225 226 227 229 240 241 245
47 167 168 169 171 172 175 177 178 184 186 187 190 191 192 193 196 197 198 199 201 203 204 205 207 208 211 212 214 215 216 219 220 221 223 224 227 228 232 233 234 237 238 239 241 242 244 245
28 170 172 174 179 180 185 186 194 197 199 201 202 207 208 212 213 214 216 217 223 225 227 230 232 233 235 243 244
49 169 170 171 172 173 174 175 177 178 179 181 182 183 185 187 188 189 191 192 194 195 197 198 199 200 203 204 208 209 210 214 216 217 218 220 222 223 224 225 226 227 232 233 236 237 241 242 244 245
42 167 171 172 177 179 180 181 184 186 190 191 195 198 201 202 208 209 210 211 212 213 214 215 216 217 218 222 223 224 227 228 229 230 231 233 234 235 236 241 242 243 245
40 167 168 170 172 174 175 179 180 181 184 185 188 190 192 194 196 199 202 203 204 205 206 210 211 212 213 215 216 218 219 220 224 225 227 230 234 238 239 242 243
49 168 169 170 171 172 173 174 175 176 177 180 181 183 184 187 188 192 193 194 199 201 202 203 204 205 206 207 209 212 213 215 216 217 219 220 221 223 225 228 230 233 234 235 236 238 239 240 242 243
53 167 168 170 171 173 174 177 178 179 180 181 183 186 187 188 189 192 195 196 197 198 200 201 202 203 204 205 206 208 210 213 214 215 216 217 218 219 220 221 222 224 225 226 227 228 233 234 238 239 241 243 244 245
40 167 168 170 171 173 175 176 179 180 181 182 183 184 186 187 188 189 190 192 196 198 199 200 206 207 208 210 211 213 215 219 221 222 223 224 225 230 233 235 242
46 167 169 170 175 178 179 180 181 182 183 186 188 189 190 191 192 193 194 195 197 198 199 200 201 202 204 206 207 209 210 211 216 220 222 226 227 228 230 233 234 237 238 240 242 244 245
30 170 174 175 176 178 182 186 187 189 190 191 192 193 198 200 202 205 207 216 218 220 221 222 223 226 227 233 236 238 242
40 170 171 172 173 176 180 184 186 187 188 189 190 192 193 194 195 196 198 199 200 202 203 208 211 212 214 221 224 225 226 227 229 231 232 236 237 238 241 244 245
24 170 172 178 181 189 190 193 195 197 198 205 208 212 215 216 219 222 224 230 232 236 238 242 244
26 169 170 175 177 180 184 186 190 192 196 200 201 202 205 207 208 209 210 213 217 220 231 232 236 241 245
28 171 173 176 178 179 182 187 190 194 195 197 207 208 209 210 212 214 215 218 222 228 229 232 233 235 239 242 245
49 168 170 171 172 173 174 176 179 180 181 183 184 186 187 193 194 195 196 197 198 199 200 205 207 209 210 211 213 216 218 219 220 221 223 225 226 227 229 231 232 234 236 237 238 239 242 243 244 245
42 167 169 172 176 179 180 181 182 184 186 188 190 191 194 196 197 199 200 203 204 206 208 210 211 213 214 215 216 217 219 220 221 222 226 228 229 230 231 236 237 240 241
38 168 169 170 177 180 185 193 195 197 198 200 201 202 204 205 208 211 213 214 216 217 218 219 222 223 224 225 227 228 230 232 235 236 237 238 239 240 245
54 167 168 169 170 171 175 176 177 179 182 184 186 187 189 190 191 192 194 195 197 198 201 202 204 205 207 209 211 212 213 216 218 219 220 221 222 224 225 226 228 229 230 233 234 235 237 238 239 240 241 242 243 244 245
24 167 176 178 179 180 183 185 186 188 192 193 194 198 205 210 221 222 225 229 230 232 237 241 245
47 167 169 170 171 172 173 176 177 178 179 180 181 185 186 188 189 194 195 196 197 200 201 202 205 206 208 209 213 215 216 218 219 220 224 225 226 227 228 233 235 236 238 239 241 242 244 245
49 168 169 171 172 174 176 177 178 179 181 182 185 187 188 191 194 197 198 199 202 203 204 205 208 212 213 214 216 217 219 220 222 223 224 225 228 229 230 231 232 233 234 238 239 240 241 243 244 245
54 167 169 170 171 172 173 174 175 176 177 180 181 182 183 184 185 186 187 190 191 192 196 198 202 203 206 207 208 210 211 212 214 215 217 218 219 220 223 224 226 230 231 232 233 234 236 238 239 240 241 242 243 244 245
32 171 172 174 177 178 184 186 189 192 193 194 195 198 199 202 203 208 211 212 213 216 219 226 227 228 230 231 237 241 242 244 245
37 169 170 176 180 181 185 186 188 190 191 193 195 198 199 203 204 206 209 210 211 213 217 218 219 220 221 222 224 225 227 230 233 234 235 239 240 244
28 168 180 181 183 185 189 190 191 196 199 200 202 204 209 212 217 218 220 221 224 226 229 230 238 239 240 243 245
27 169 172 176 178 179 184 187 189 191 196 200 201 204 206 209 210 216 222 225 228 231 232 234 236 240 242 245
28 172 175 178 179 181 182 184 185 186 187 189 195 196 199 204 206 207 208 211 214 218 219 225 230 231 236 243 244
36 167 171 172 173 179 180 183 187 189 196 197 198 200 201 203 204 206 207 211 213 216 217 219 222 225 226 228 230 231 233 234 235 237 239 242 243
37 167 170 171 175 177 181 185 189 192 194 196 198 200 203 204 208 213 215 218 220 221 222 223 224 225 226 229 231 232 233 234 237 240 241 242 243 245
44 167 169 170 172 173 176 177 179 181 182 184 185 186 187 188 189 190 191 192 197 200 202 203 204 205 207 210 211 213 216 219 222 227 231 233 235 236 237 238 239 240 241 242 243
39 167 168 173 177 178 179 180 181 182 183 184 185 186 188 191 192 194 195 199 206 208 211 213 215 216 218 221 222 223 224 225 227 230 232 236 238 239 241 243
23 169 184 185 187 193 200 201 202 203 210 211 212 215 218 220 221 223 224 225 229 233 236 241
42 167 168 169 171 172 173 174 182 183 184 185 187 189 190 192 193 194 196 200 202 204 205 206 207 209 213 215 219 220 221 223 227 230 234 235 238 239 240 241 243 244 245
44 167 168 169 176 178 179 180 182 185 187 188 189 190 193 194 195 196 198 201 202 203 204 205 206 207 208 209 211 213 214 215 216 218 220 225 228 229 232 235 240 241 242 243 244
35 170 172 177 179 181 182 185 186 191 196 197 206 207 208 209 210 211 214 216 217 221 222 223 224 226 227 228 230 233 235 236 237 238 242 245
38 167 169 171 173 174 177 178 179 183 184 185 186 192 193 195 196 197 198 201 202 203 206 208 210 211 213 217 224 225 228 229 230 231 234 236 237 242 243
50 167 168 169 171 172 174 175 176 177 178 179 180 181 183 184 186 187 189 191 192 193 195 196 197 198 199 201 203 205 206 210 213 217 219 220 221 222 223 226 227 228 229 230 232 235 236 239 243 244 245
45 167 169 170 171 173 174 175 180 181 183 184 185 186 188 189 192 199 201 202 204 208 209 212 216 217 218 219 224 225 227 229 230 231 232 233 234 235 236 238 239 240 241 242 243 245
34 167 171 172 173 179 181 184 186 187 191 192 198 199 200 203 206 209 210 211 212 215 218 220 225 227 229 234 236 237 239 240 242 244 245
54 167 169 171 172 174 175 176 177 178 179 180 181 183 184 186 188 190 192 193 194 195 196 197 198 202 203 205 206 207 208 209 214 216 217 219 221 222 224 225 228 229 230 231 232 233 234 235 237 238 239 241 242 243 244
24 172 174 175 178 179 180 182 184 191 193 196 198 209 210 213 215 216 218 220 227 228 232 233 234
37 167 169 175 176 177 179 181 182 183 185 186 187 191 192 193 195 196 199 202 203 210 211 215 218 220 222 227 228 230 233 234 235 236 237 240 241 242
27 167 168 170 175 176 180 181 184 188 193 194 196 199 200 201 204 209 211 212 214 218 219 221 229 232 237 240
38 168 171 172 173 174 175 180 181 186 187 188 190 191 192 195 196 197 199 201 203 204 212 213 214 215 216 217 218 222 227 228 229 230 232 237 238 241 245
36 171 174 175 177 178 179 181 182 183 187 188 192 195 199 201 205 207 208 209 210 213 216 217 221 223 225 228 233 236 237 238 239 241 242 243 245
36 167 171 172 173 175 181 183 184 187 188 189 195 196 197 198 202 204 205 206 207 208 211 212 215 223 225 226 228 230 231 234 235 239 242 244 245
25 171 172 176 177 181 185 186 187 189 192 193 194 198 201 202 218 219 222 225 234 235 236 237 238 239
31 167 168 171 174 176 177 179 186 188 192 193 195 196 198 200 202 205 206 208 210 215 217 218 219 223 226 232 235 236 242 243
28 169 171 176 178 179 182 184 185 187 188 189 204 206 209 211 213 216 222 228 229 230 232 233 234 240 242 243 245
37 171 173 174 175 176 177 182 183 186 191 196 197 199 201 208 212 213 214 217 219 220 221 222 223 224 225 226 231 232 233 235 236 239 242 243 244 245
47 167 168 171 175 176 177 178 179 180 184 185 188 189 190 193 194 195 196 197 198 200 201 202 204 206 208 210 211 212 213 214 216 217 218 219 220 225 227 229 231 233 236 238 239 240 242 245
33 167 168 169 175 177 180 181 186 187 188 189 190 193 195 197 198 202 204 210 211 215 216 220 222 224 225 230 233 238 239 240 241 245
49 167 169 170 172 176 179 181 184 185 186 187 188 190 191 193 194 195 197 198 199 200 203 204 205 210 212 213 214 215 216 217 222 223 224 226 228 229 232 233 234 235 236 237 238 239 240 243 244 245
39 170 171 172 174 175 176 180 181 182 183 186 187 188 191 192 193 196 198 200 203 207 208 210 211 212 215 216 218 219 222 223 226 231 232 233 235 237 239 241
45 167 168 171 172 173 174 176 179 180 181 183 185 187 189 190 192 193 194 195 196 201 203 205 206 207 208 209 210 211 214 215 218 219 220 222 225 226 228 230 231 234 236 238 239 241
46 167 169 170 172 173 175 176 179 180 181 182 185 186 188 189 193 194 195 197 202 203 204 206 207 208 209 211 213 214 215 219 220 221 222 223 225 226 227 229 230 235 236 239 242 243 245
43 167 168 170 171 172 173 175 176 178 180 183 184 185 186 188 193 194 195 198 199 202 204 206 207 208 209 210 216 217 218 219 220 221 222 223 227 229 230 235 236 241 243 244
52 167 168 169 172 173 174 175 176 177 178 180 181 182 184 185 186 187 188 189 190 192 194 195 197 200 202 203 204 206 207 208 209 210 211 212 213 214 216 217 218 220 221 223 224 226 229 232 234 235 237 241 244
38 167 171 176 179 180 181 185 187 190 191 192 193 194 198 199 200 205 208 209 210 213 215 216 217 218 219 226 227 228 229 230 233 235 236 241 243 244 245
37 167 168 171 175 176 177 185 188 189 190 192 193 198 200 203 210 213 214 215 219 220 222 224 225 226 228 229 230 234 235 237 239 240 241 242 244 245
45 167 170 172 173 175 176 177 179 182 183 185 187 188 189 190 191 193 194 197 198 200 201 202 203 204 206 207 210 211 219 220 223 224 225 226 229 230 231 232 234 235 237 240 244 245
46 167 168 174 175 176 177 178 180 183 184 186 189 190 191 192 193 194 195 196 197 201 203 205 207 208 210 212 213 216 217 221 222 224 226 227 229 230 233 235 236 238 239 240 241 243 245
26 168 171 174 181 184 186 189 192 194 195 197 198 205 206 207 211 212 215 224 232 233 234 235 241 242 244
48 167 169 175 176 177 178 179 181 182 184 185 186 187 188 191 194 196 198 199 200 201 202 203 204 210 211 216 217 218 219 221 222 224 226 227 228 229 230 231 232 237 238 239 240 241 242 243 244
48 167 168 170 171 172 174 177 178 180 181 188 189 190 192 195 197 198 201 204 205 207 208 210 211 212 214 216 217 219 220 221 222 223 224 225 226 227 228 229 231 233 234 238 239 240 241 242 245
46 168 169 170 171 172 173 175 176 177 178 179 181 183 185 187 188 189 192 193 195 196 198 199 202 205 207 208 209 210 211 212 213 215 219 222 223 224 225 226 227 229 231 232 233 236 243
36 168 170 175 177 178 180 184 186 188 189 192 194 196 197 202 203 204 205 209 211 213 214 217 219 223 224 226 228 229 232 233 235 238 242 244 245
54 167 169 170 171 172 173 174 176 177 179 180 181 182 184 185 188 189 191 192 193 194 199 200 201 202 203 205 207 208 210 211 213 215 216 218 220 221 222 223 224 228 229 230 231 232 233 234 236 237 238 240 242 243 245
39 167 168 169 172 173 176 180 181 184 185 187 188 189 191 192 195 197 199 205 206 207 209 213 214 217 218 219 220 221 223 224 227 228 229 232 233 239 241 242
48 171 175 176 179 181 182 183 184 185 189 190 192 193 194 197 200 201 202 203 204 205 206 207 209 210 213 214 215 216 217 218 219 220 223 224 226 228 230 233 234 235 236 238 239 240 243 244 245
43 167 170 171 173 177 178 179 183 184 185 188 190 191 193 194 195 196 200 201 202 203 204 205 207 208 213 215 216 217 218 220 221 222 224 228 229 232 233 235 236 237 242 243
41 167 169 172 173 174 175 176 177 179 182 183 184 185 190 194 198 199 201 202 203 205 206 207 210 211 214 215 219 220 221 222 223 225 226 228 229 235 238 239 240 244
31 167 168 169 171 176 182 185 189 192 194 199 202 203 205 209 210 214 216 221 223 224 225 226 231 235 236 238 239 242 243 244
35 169 170 171 172 174 175 176 179 180 182 184 186 191 192 195 200 203 205 216 218 219 220 221 222 223 225 229 232 233 234 235 237 238 239 244
46 167 168 170 171 172 174 175 178 179 180 182 183 186 188 189 190 191 192 193 194 198 200 206 207 208 210 213 214 215 218 220 221 222 223 224 226 228 229 230 232 234 238 239 240 242 244
51 167 168 169 170 171 172 173 174 176 177 178 181 182 183 184 187 188 190 191 192 198 199 200 201 202 205 206 207 208 210 213 214 215 216 217 219 221 225 228 229 230 231 232 234 235 236 237 239 240 242 245
27 168 173 174 175 177 179 181 182 184 187 188 189 191 193 197 201 209 211 213 216 226 231 233 235 236 241 245
42 167 168 169 170 171 174 177 178 179 181 185 187 190 191 195 197 198 199 201 207 208 210 214 216 217 218 219 220 223 224 225 226 228 231 232 233 236 240 241 242 243 245
48 167 169 172 174 175 177 178 179 180 182 184 185 188 189 190 195 196 197 198 199 200 201 202 203 205 208 212 213 214 216 217 218 219 223 225 228 230 232 234 235 236 238 239 240 242 243 244 245
52 168 169 171 172 173 175 176 177 179 180 181 183 184 185 187 189 190 192 193 196 197 198 199 201 202 204 207 210 211 215 218 219 220 221 223 225 226 227 228 232 233 234 236 237 238 239 240 241 242 243 244 245
45 167 168 172 173 175 176 177 178 179 181 183 184 187 189 190 191 192 194 195 199 200 201 202 204 208 209 211 212 213 214 215 217 218 223 225 228 229 231 238 239 240 241 242 244 245
53 167 168 169 171 172 173 177 180 181 182 183 184 185 186 190 191 194 195 196 197 198 199 202 204 207 208 210 211 212 213 214 215 216 218 220 221 222 224 226 227 228 231 233 234 235 236 237 238 239 240 242 243 245
40 170 171 172 173 174 177 178 180 182 183 184 186 187 195 196 197 199 200 205 206 207 208 209 210 211 217 220 223 224 227 228 229 231 235 236 238 240 243 244 245
47 168 169 170 171 172 173 174 176 179 180 182 183 185 186 188 189 191 192 194 198 199 201 202 203 204 206 207 209 211 212 214 215 217 220 225 226 227 228 230 231 234 237 240 241 242 244 245
33 168 171 172 173 174 175 176 177 178 184 189 191 198 199 200 201 203 206 210 213 220 221 222 224 225 226 233 234 236 239 242 243 245
37 168 170 171 174 175 177 180 184 187 190 191 194 195 196 199 201 202 203 205 208 211 212 213 214 220 223 225 226 227 229 236 239 240 241 242 243 244
41 168 169 171 173 174 176 181 184 186 187 188 189 192 194 196 197 198 199 200 202 203 204 205 209 213 214 219 221 223 225 228 229 230 231 233 234 236 239 241 242 244
45 167 169 170 171 172 173 174 176 178 179 180 181 184 187 189 191 193 195 196 199 200 203 205 207 209 211 212 215 216 217 218 221 222 226 227 228 229 233 234 235 238 240 242 243 245
28 167 168 170 171 175 180 184 185 186 187 194 197 199 200 201 203 207 216 217 219 221 222 224 225 226 231 241 245
37 167 172 174 176 177 179 182 185 186 187 188 189 190 193 194 195 200 201 203 208 214 217 220 221 224 225 227 228 232 235 236 237 238 239 242 244 245
53 168 169 172 173 174 175 176 177 178 179 180 181 182 183 184 186 188 190 191 194 195 196 197 199 200 202 203 206 210 211 212 214 216 217 218 221 222 224 225 226 227 228 232 233 234 236 237 238 239 240 241 244 245
55 168 170 171 172 175 177 178 180 182 183 184 185 186 189 190 192 193 197 198 199 201 203 204 206 207 208 209 210 212 213 214 215 216 218 220 221 223 224 226 227 228 229 230 231 232 233 234 235 236 237 238 239 240 241 244
30 167 173 174 177 179 181 186 189 190 191 194 196 200 202 204 208 210 212 213 220 221 225 228 229 233 236 237 239 241 243
51 168 169 170 171 172 174 176 178 179 183 185 186 188 190 192 195 196 197 198 200 201 202 203 205 207 208 209 210 212 214 217 218 219 221 222 223 224 225 226 227 228 230 231 232 233 235 236 238 240 243 244
54 167 168 169 170 173 174 175 177 178 179 180 182 183 184 186 188 191 194 196 197 199 200 201 202 203 204 205 206 207 208 209 210 212 214 215 216 217 219 220 221 222 223 224 225 226 230 233 234 235 236 238 239 244 245
38 167 168 170 171 173 174 176 178 179 181 182 186 187 188 191 195 198 200 202 204 207 212 214 217 218 219 221 223 229 230 231 232 233 236 238 239 243 244
24 167 168 170 181 183 190 192 193 198 199 201 202 204 206 208 209 212 214 218 220 230 231 234 235
51 169 170 172 173 176 177 179 180 181 182 185 186 189 191 193 195 197 198 199 200 202 205 206 209 210 211 212 213 214 215 217 218 219 220 221 224 225 226 227 228 230 233 234 235 236 237 238 239 242 243 244
49 167 168 169 172 173 174 176 178 179 181 182 183 184 186 187 188 189 190 191 196 197 199 200 201 202 205 207 209 211 212 215 217 219 220 221 223 225 228 230 233 234 236 237 238 240 241 242 243 245
43 167 169 170 174 175 176 177 179 181 184 187 188 189 192 193 195 196 197 199 200 206 208 210 211 212 214 215 217 218 219 220 228 230 231 232 235 238 239 241 242 243 244 245
47 169 170 172 174 181 182 183 185 186 187 188 189 191 192 194 195 196 197 198 199 200 202 203 206 208 209 211 213 214 215 216 217 218 219 221 222 223 224 226 228 230 240 241 242 243 244 245
55 168 169 170 172 173 174 175 176 177 178 180 181 182 183 187 188 191 192 193 194 195 196 197 198 199 200 202 204 205 206 207 208 209 210 214 215 216 217 220 221 224 225 226 228 229 230 232 233 234 235 239 241 242 243 244
42 170 173 174 175 177 180 181 182 183 184 185 191 192 193 196 198 201 204 207 208 211 212 213 214 215 218 219 222 225 227 229 230 231 232 234 236 237 240 241 242 243 245
38 168 172 174 176 177 179 182 184 185 186 188 190 192 196 199 207 208 210 211 212 213 214 216 217 219 223 227 228 230 231 233 236 238 240 241 242 243 245
45 167 168 171 173 178 181 185 188 190 191 192 196 198 199 200 201 203 205 209 212 213 214 215 216 218 219 220 221 222 223 224 225 226 227 229 230 233 234 235 236 237 238 242 243 245
49 167 170 172 173 174 175 179 180 183 184 185 187 190 191 192 194 195 196 197 198 199 201 203 205 206 207 208 209 211 212 213 214 215 217 218 219 221 222 223 225 226 228 229 230 231 236 238 241 242
27 167 170 176 180 181 189 192 195 196 204 208 211 214 215 217 218 219 232 233 234 235 236 237 238 241 242 243
38 169 172 178 180 184 185 187 190 191 192 195 196 197 201 202 203 204 209 210 211 217 219 221 223 224 225 227 229 231 232 233 235 238 239 242 243 244 245
51 167 168 170 171 173 174 175 177 178 180 181 183 191 192 194 196 198 199 200 204 205 207 208 210 211 212 213 215 216 218 219 221 223 224 225 227 228 229 230 231 232 233 234 235 236 238 239 240 241 244 245
43 167 169 171 175 177 178 179 180 181 182 183 184 186 188 190 191 192 193 194 197 200 201 202 204 205 206 207 209 211 213 216 218 219 220 221 223 224 227 229 230 240 243 244
45 169 172 173 174 175 176 177 178 182 185 187 189 191 192 193 196 198 200 201 202 203 205 206 207 210 217 219 221 223 224 225 228 229 230 231 233 234 235 237 238 239 240 241 243 245
37 170 171 173 174 175 178 179 181 183 184 187 190 193 196 199 201 203 205 206 209 210 211 212 215 216 217 218 222 224 225 228 231 233 234 235 241 244
27 168 169 171 172 173 175 176 178 179 186 189 192 195 199 203 206 207 214 217 219 226 227 230 233 235 240 245
42 167 169 170 172 178 179 180 182 183 184 185 187 190 191 196 199 200 201 205 207 209 212 213 214 215 216 218 219 222 225 226 227 228 229 231 232 233 234 236 239 240 244
39 168 171 172 173 175 178 183 184 185 187 188 192 196 197 203 205 209 212 213 214 216 217 218 219 220 221 222 223 224 227 229 230 231 233 236 237 240 242 245
43 168 169 170 172 175 180 182 183 186 187 189 192 193 194 197 198 199 200 202 205 206 208 209 210 213 214 215 216 217 218 220 221 222 223 225 227 228 230 231 232 237 239 241
26 173 178 181 182 183 185 187 190 192 193 194 195 201 204 205 206 207 215 217 218 219 226 227 234 236 244
45 167 168 172 175 177 179 180 181 182 183 186 187 191 193 194 195 196 198 200 202 203 206 212 214 217 220 221 222 224 225 226 228 229 231 233 234 235 236 238 239 240 241 243 244 245
49 167 168 169 170 172 173 174 175 176 178 180 182 183 184 185 187 190 194 195 198 201 202 203 205 206 209 210 212 213 214 216 217 218 220 221 222 224 225 226 227 231 233 234 238 239 240 241 242 245
37 171 173 174 178 180 181 183 184 186 188 191 192 197 198 199 200 204 207 211 212 213 214 216 217 218 221 222 223 226 227 229 230 231 233 238 240 242
38 168 169 171 173 175 176 178 183 187 189 190 191 192 195 196 197 198 201 202 208 209 211 213 215 216 220 221 222 225 226 230 231 233 235 236 238 239 243
54 167 170 171 172 173 174 175 176 177 179 180 181 183 184 185 187 188 189 191 193 194 195 196 199 200 201 204 205 207 208 209 211 214 215 216 218 219 220 222 223 224 225 226 227 228 229 230 233 238 239 241 242 244 245
40 170 171 172 174 178 181 182 184 185 186 188 190 191 193 194 196 197 205 209 210 211 212 213 214 215 217 218 219 221 229 231 232 234 236 238 240 241 242 243 245
33 168 170 173 176 181 183 186 187 190 192 196 198 199 201 202 204 205 206 207 210 211 212 213 217 219 222 224 226 227 229 233 236 243
45 171 173 174 178 179 180 181 184 185 188 190 191 193 194 195 196 198 201 204 205 206 207 208 209 211 213 214 219 220 222 223 224 225 226 228 229 230 232 234 235 236 238 241 243 244
26 167 168 171 173 174 175 181 182 185 188 193 196 197 198 204 206 207 210 212 216 224 230 234 238 242 243
27 168 170 172 176 178 181 183 185 186 189 190 192 194 198 201 202 211 212 214 221 223 225 226 231 235 236 240
46 167 169 171 173 174 175 178 179 182 185 189 192 193 194 195 197 199 200 201 202 203 204 206 207 209 210 212 214 216 217 219 221 222 224 225 227 228 229 230 233 236 239 240 241 243 244
29 167 173 174 176 178 179 181 183 186 188 189 191 192 196 197 198 202 208 212 217 221 222 227 229 232 233 234 240 243
53 167 168 169 171 173 174 176 178 181 182 185 186 187 188 195 196 197 198 199 200 201 206 207 208 209 210 211 212 214 215 217 218 220 221 222 223 224 225 226 229 230 232 233 234 235 237 238 239 241 242 243 244 245
54 168 169 170 171 172 174 176 177 179 181 182 183 184 185 187 188 189 190 191 192 194 196 197 198 201 204 205 206 208 209 211 212 213 214 215 218 219 221 222 223 226 229 230 231 232 233 234 235 237 238 239 240 242 244
31 167 168 169 172 173 174 177 179 186 187 192 194 195 202 209 211 212 213 221 223 224 227 229 232 234 237 238 240 241 243 245
54 167 168 169 170 171 174 176 181 182 184 186 187 188 190 191 194 195 196 197 198 199 201 202 203 204 205 206 207 209 211 212 214 215 216 217 218 221 222 223 224 225 226 227 229 230 231 232 233 236 237 239 241 243 244
32 170 172 175 176 177 179 180 182 183 184 186 187 188 191 198 200 206 209 214 217 219 221 227 228 232 233 234 235 238 239 241 243
42 170 171 172 173 174 177 180 181 182 186 187 189 190 191 193 194 195 196 203 204 207 209 211 212 215 216 218 221 224 225 227 228 229 230 232 233 236 239 242 243 244 245
45 167 168 169 173 176 177 179 181 184 185 186 187 188 190 192 193 195 197 201 203 204 205 206 207 208 210 214 215 219 220 221 222 223 224 227 228 230 231 232 233 234 238 240 244 245
49 168 170 173 174 175 176 179 180 183 184 185 186 188 190 191 192 194 195 196 197 198 199 201 202 203 204 205 210 211 213 216 217 219 221 223 225 227 228 230 232 233 235 236 238 239 240 242 243 245
50 167 169 170 171 172 174 175 176 177 178 179 180 184 185 186 187 189 192 193 194 196 197 201 202 203 204 206 208 209 212 215 216 218 220 221 225 226 227 228 229 230 233 235 237 238 239 240 242 243 245
51 167 171 173 174 175 176 177 178 179 180 181 182 184 185 186 187 188 189 190 191 192 193 194 195 197 200 204 206 208 211 213 214 215 216 217 220 221 224 225 226 227 229 230 234 235 236 239 240 241 242 244
48 167 168 169 170 171 172 174 175 178 179 182 183 185 187 188 192 193 196 197 198 199 200 201 203 207 209 210 211 214 219 220 221 222 223 224 226 227 230 231 232 233 234 235 241 242 243 244 245
30 167 168 178 179 181 182 184 189 191 193 196 197 199 200 201 203 204 214 215 217 219 223 227 228 229 239 241 242 244 245
45 169 170 171 172 173 174 175 178 180 181 183 185 186 188 191 195 196 197 198 199 200 205 208 209 211 212 214 215 216 218 224 225 226 227 231 233 234 235 236 239 240 242 243 244 245
46 167 168 170 172 173 174 175 176 177 178 179 181 182 184 185 186 188 189 190 191 193 194 196 197 199 200 204 205 208 212 214 216 217 221 222 223 224 227 233 234 235 238 240 241 243 245
50 167 170 172 174 177 178 181 182 183 187 188 189 190 192 193 196 197 198 200 201 202 203 204 207 209 212 215 216 218 219 220 222 224 225 226 227 228 229 230 231 232 234 236 239 240 241 242 243 244 245
31 170 171 172 174 177 178 179 182 188 192 195 197 198 200 202 203 204 206 207 208 209 216 217 219 220 222 226 233 237 240 241
49 167 168 169 171 172 173 174 176 177 181 182 183 184 185 186 190 191 192 193 194 195 196 198 201 202 203 204 205 206 208 211 213 214 215 216 223 226 227 229 230 231 233 236 237 238 239 241 242 243
50 168 170 173 174 175 176 177 179 180 182 187 189 190 191 192 195 197 198 199 200 201 203 205 206 208 210 211 213 214 215 217 218 219 220 221 222 223 225 226 228 229 230 231 235 236 238 239 242 243 245
55 168 169 170 171 172 173 174 176 177 178 181 182 183 184 185 188 190 192 194 195 196 197 198 199 202 204 205 206 207 208 209 211 213 214 215 218 220 221 222 224 225 226 227 230 231 232 234 235 236 237 238 241 242 243 244
39 169 173 175 176 177 178 179 180 182 183 184 185 188 192 193 194 195 196 202 203 204 205 206 208 211 212 213 216 219 221 222 223 224 228 236 237 238 241 242
47 167 168 169 172 173 175 176 177 178 179 180 181 182 186 187 188 189 191 195 196 200 201 205 207 211 214 215 218 219 220 221 222 224 225 226 227 231 232 235 236 237 238 239 240 241 243 244
32 167 168 170 174 175 176 177 178 190 191 192 196 197 199 203 205 206 207 208 210 216 217 220 224 225 228 229 234 236 242 244 245
24 169 175 177 178 179 182 185 188 189 197 198 201 207 208 211 213 214 216 217 218 227 231 239 241
48 168 171 172 174 176 178 180 181 182 184 185 189 190 191 192 193 194 197 198 199 200 201 205 206 207 208 209 211 212 213 218 219 223 224 225 227 228 229 231 232 233 235 236 238 241 242 243 245
41 170 172 175 178 180 181 182 183 184 186 187 188 190 191 193 194 196 198 200 204 205 206 210 211 213 216 220 221 224 225 226 227 228 230 233 234 236 239 240 241 243
23 168 169 172 177 178 180 182 188 189 193 194 202 208 215 219 221 224 232 238 239 241 244 245
27 169 174 178 181 182 183 186 199 202 207 209 212 213 214 216 217 218 219 225 227 229 231 232 235 236 237 239
46 167 168 169 170 171 173 175 176 178 179 180 181 182 184 185 186 189 192 193 201 202 207 209 211 212 214 215 218 220 222 223 224 225 226 227 228 229 231 233 235 236 237 240 241 242 245
32 167 168 172 174 176 177 180 182 184 185 186 189 190 198 200 203 209 215 216 218 221 223 226 229 231 232 236 238 240 241 242 243
54 167 168 169 170 171 172 173 174 176 178 180 181 183 184 186 187 190 191 195 196 197 199 200 202 203 204 205 208 209 210 211 212 213 214 217 218 219 221 222 223 224 225 226 228 230 231 232 234 237 238 241 242 244 245
33 169 170 172 178 185 186 189 194 196 199 205 207 208 210 211 213 214 215 216 217 221 222 223 228 229 230 233 235 237 238 239 243 245
37 167 169 171 172 173 174 175 178 180 181 182 185 189 190 198 201 204 205 207 209 210 211 212 216 223 225 226 227 229 230 231 234 235 237 238 243 244
46 168 171 172 173 175 176 177 179 181 183 184 187 189 191 192 193 194 198 199 200 201 203 204 206 211 212 213 214 218 219 221 224 226 232 234 235 236 237 238 239 240 241 242 243 244 245
39 167 168 169 171 172 173 177 180 181 184 186 192 195 197 198 201 202 204 205 206 207 208 210 211 212 214 215 216 218 220 221 222 223 224 225 229 231 236 240
40 169 170 174 175 176 177 178 179 181 182 183 184 185 187 189 191 192 196 200 204 209 210 212 213 215 218 222 223 224 226 227 229 233 234 236 237 239 241 242 243
28 167 169 178 182 185 186 187 188 189 190 191 195 198 201 203 204 205 208 211 214 218 224 227 230 232 234 242 243
49 168 169 172 173 174 176 178 181 182 183 184 187 190 192 196 197 198 199 200 202 204 205 206 207 208 209 210 212 213 216 217 219 220 222 224 225 227 228 229 233 234 235 236 237 238 239 242 243 244
46 168 169 170 172 173 174 179 180 181 183 185 186 187 191 192 193 195 197 199 200 202 204 206 207 208 210 212 214 216 218 219 220 222 223 224 229 231 233 234 235 237 238 239 240 241 245
55 167 169 171 172 173 174 175 177 178 179 180 182 183 184 186 188 189 191 192 193 194 195 196 197 198 199 200 202 205 206 207 208 209 212 214 216 218 219 221 222 224 225 228 229 232 233 236 237 238 239 240 241 242 243 245
47 167 168 170 172 174 175 177 178 180 181 184 188 189 190 191 192 194 195 197 202 203 208 210 213 214 215 216 217 220 221 222 224 225 226 227 228 229 231 233 234 235 236 237 238 239 240 242
35 167 168 173 174 176 178 179 181 186 188 189 190 193 194 195 196 198 199 205 206 207 208 209 217 218 221 227 229 231 235 236 237 239 240 242
43 169 171 172 176 178 181 182 183 184 185 186 187 188 191 194 198 200 202 203 205 207 210 211 213 215 218 219 220 221 222 224 227 228 229 230 232 234 235 237 239 241 242 245
47 169 170 171 173 175 176 177 178 180 183 184 186 188 189 190 192 193 194 195 197 198 200 203 204 205 208 209 210 211 212 216 217 222 223 225 228 229 230 234 235 236 237 238 242 243 244 245
35 169 171 175 176 178 182 183 184 185 191 192 194 195 197 198 204 206 210 212 213 214 215 218 219 222 225 226 227 228 229 232 234 235 238 241
49 167 168 170 173 174 175 177 179 180 181 182 184 188 189 190 191 192 193 194 195 196 197 200 201 203 204 205 209 210 211 212 215 216 217 218 222 223 224 225 226 227 228 229 231 232 233 237 239 243
23 167 168 173 176 179 181 182 183 187 188 189 198 205 208 219 220 230 232 233 234 237 238 239
44 168 169 171 173 174 175 176 177 178 179 183 185 187 188 189 191 193 195 196 204 205 206 207 208 209 210 213 215 218 222 223 226 227 228 229 230 232 234 235 238 240 241 242 245
39 169 170 171 177 182 183 185 186 187 189 190 192 197 200 201 202 203 206 208 210 211 212 213 214 215 216 217 221 225 226 228 229 231 233 234 235 238 242 244
46 167 169 170 171 172 173 174 175 179 180 181 184 185 186 188 189 190 192 193 195 196 197 199 202 203 204 206 207 209 211 212 215 218 219 220 223 225 227 231 232 235 238 239 242 243 245
33 167 168 171 172 176 178 186 190 191 192 193 194 196 199 200 207 208 210 213 214 215 220 223 224 226 228 230 232 233 241 243 244 245
47 168 171 172 179 180 181 183 184 185 187 189 190 191 195 196 197 198 199 203 206 207 208 209 210 211 212 213 217 218 220 222 223 225 226 228 230 231 234 235 237 238 239 240 241 243 244 245
40 170 171 172 179 183 185 186 187 191 192 198 199 201 202 203 205 206 208 209 212 213 216 217 218 220 221 222 223 224 225 229 230 231 232 234 235 241 242 243 245
39 167 168 169 170 172 173 175 178 181 183 189 191 192 193 196 197 199 200 201 203 204 207 215 216 217 218 219 220 224 225 227 228 230 233 234 235 236 237 245
24 168 169 171 172 173 176 177 180 182 187 193 197 198 201 202 214 218 223 224 231 235 236 237 239
25 168 176 177 179 183 188 194 197 198 199 201 206 211 215 216 218 219 220 225 226 229 235 236 237 242
37 167 169 171 174 175 180 184 185 186 189 191 192 194 198 200 202 206 208 210 211 213 214 217 218 219 220 222 223 227 228 233 234 236 238 242 243 244
39 167 168 169 171 172 174 176 178 180 183 184 186 187 190 191 192 195 196 199 201 202 204 208 211 212 214 215 222 224 227 228 231 233 235 237 239 240 241 244
30 173 181 182 183 185 186 187 190 192 193 194 199 201 203 205 206 207 210 211 213 224 229 230 233 236 237 239 242 243 244
39 167 170 171 172 174 176 177 178 179 182 183 185 186 189 190 191 192 195 196 199 200 202 203 207 208 216 218 219 224 225 227 229 232 233 235 236 238 242 244
39 167 170 171 174 180 183 184 185 190 191 194 195 196 197 198 199 201 202 203 208 210 212 214 215 218 219 220 221 226 228 231 232 233 236 237 241 242 244 245
31 167 169 170 173 174 178 181 182 185 186 187 191 192 193 198 199 205 212 213 217 218 220 229 230 234 235 236 239 242 243 244
27 171 178 180 181 182 184 186 187 189 193 195 198 202 210 211 217 218 223 228 233 234 237 239 242 243 244 245
51 168 169 170 171 172 173 174 175 180 182 183 185 188 191 192 193 195 198 199 200 202 204 205 207 209 210 211 212 213 215 216 217 218 220 221 223 224 226 227 228 230 231 232 235 237 239 240 242 243 244 245
41 167 169 172 173 175 176 177 183 187 188 192 193 196 197 198 204 205 206 208 209 210 211 212 213 214 215 216 218 221 224 226 228 231 234 236 237 238 239 240 243 245
50 167 168 169 170 172 173 175 176 179 180 183 186 188 189 190 191 194 196 197 198 200 201 202 204 206 207 208 211 212 213 214 215 218 219 220 221 222 224 225 227 228 229 231 232 235 236 237 242 244 245
29 169 175 182 184 185 186 189 193 194 197 198 199 204 206 212 215 216 217 219 222 223 224 226 232 233 234 237 238 240
54 168 169 170 171 172 173 175 177 178 179 181 182 184 185 186 189 190 191 194 195 196 198 199 200 202 203 204 206 207 208 209 210 211 212 213 214 220 221 222 223 224 225 229 230 231 233 234 237 238 239 240 241 242 243
53 168 169 170 171 172 173 174 175 176 177 178 179 181 182 183 184 185 187 188 189 190 191 192 193 194 195 197 199 202 203 204 207 208 211 212 213 214 216 217 218 220 221 223 224 229 232 236 238 239 241 243 244 245
42 167 168 170 171 172 173 175 179 181 186 188 189 190 192 196 197 198 202 203 204 210 211 212 215 216 217 221 223 224 227 228 231 232 233 236 237 238 239 240 242 244 245
46 168 169 171 173 175 178 180 182 184 185 186 187 191 192 193 194 199 201 204 205 207 209 211 214 215 216 217 220 221 224 225 226 227 228 231 233 234 236 237 239 240 241 242 243 244 245
24 170 171 173 174 175 176 177 179 185 191 192 207 209 214 217 218 221 227 232 233 236 241 243 245
45 167 169 170 172 175 177 178 180 182 183 184 186 187 188 192 194 195 197 199 202 203 204 205 206 207 208 209 210 211 212 217 219 220 221 223 224 226 228 229 230 231 232 233 235 240
38 168 170 171 175 176 178 179 182 183 186 187 188 189 193 196 197 198 199 200 203 205 207 208 212 213 215 217 223 225 226 228 229 231 232 233 238 244 245
40 168 170 171 172 173 174 175 177 181 182 187 188 189 190 192 197 198 203 204 207 209 213 215 218 220 221 222 225 226 228 231 232 235 236 237 238 239 240 244 245
27 168 171 172 173 184 185 186 187 192 194 198 199 200 202 204 206 217 218 220 228 231 232 237 238 240 242 245
39 169 170 171 173 178 180 182 183 184 186 187 189 190 191 192 193 194 195 200 203 206 207 212 217 218 220 222 223 226 227 228 229 231 233 234 237 242 243 245
39 167 171 172 174 175 176 178 180 182 183 186 187 189 190 192 195 200 202 205 206 210 212 213 214 215 217 218 223 224 228 229 231 234 235 237 238 240 243 244
43 170 172 175 176 177 179 180 182 183 184 186 188 189 193 194 198 199 201 203 205 207 208 209 212 214 216 217 218 219 221 222 225 226 227 228 229 230 232 234 235 241 242 243
53 169 170 171 173 174 175 176 178 180 182 183 184 188 189 192 193 194 197 198 199 200 201 202 203 204 208 209 211 212 213 214 216 218 220 221 223 224 225 226 230 231 232 233 236 237 238 239 240 241 242 243 244 245
27 169 172 177 179 181 184 192 194 198 199 205 210 211 212 216 220 223 225 227 231 232 233 234 236 242 243 245
36 167 168 169 170 172 173 175 176 177 179 181 184 189 190 192 193 198 199 202 203 205 207 209 212 213 214 216 218 222 223 228 229 230 239 242 244
40 167 168 169 172 173 176 179 180 183 185 186 188 190 191 193 195 198 200 202 204 205 207 209 211 212 216 218 220 222 223 226 228 230 232 235 237 238 242 243 245
34 172 175 176 179 183 184 186 187 188 189 190 191 193 198 199 200 202 203 206 209 210 214 216 218 219 221 223 230 231 232 233 238 242 243
26 168 171 172 173 174 176 180 183 185 190 192 196 203 204 207 214 215 216 218 219 224 228 230 235 239 244
41 167 168 169 172 173 174 176 177 180 181 183 185 189 196 201 205 206 207 208 209 212 213 214 215 217 218 220 221 222 223 227 228 229 231 232 233 235 237 238 240 241
40 167 168 169 170 173 174 179 183 184 185 186 187 189 190 191 194 196 197 199 200 201 202 206 208 213 216 217 222 227 228 229 230 234 235 236 237 239 240 242 243
37 167 169 174 177 181 186 188 189 193 196 197 202 203 204 205 208 209 210 211 214 217 218 219 220 223 226 227 228 230 231 233 237 239 241 242 244 245
42 167 168 170 172 173 174 175 176 179 183 185 187 188 189 190 191 194 196 198 199 201 208 209 210 211 212 214 216 217 222 225 226 227 228 229 231 233 234 235 240 242 245
27 170 172 174 176 177 180 181 184 187 189 190 193 200 201 204 206 209 210 212 214 215 220 225 226 227 236 245
50 168 169 171 174 175 177 178 179 180 182 184 185 187 188 190 191 192 193 195 196 198 200 202 204 205 206 207 209 210 212 214 215 216 217 218 221 222 223 224 228 231 232 233 237 238 240 241 242 243 245
27 170 174 176 180 182 184 187 190 191 196 198 199 203 209 210 214 215 218 219 227 229 233 234 236 238 242 244
46 167 169 171 172 175 176 179 181 182 183 185 186 189 191 192 196 197 198 199 202 203 204 205 206 207 209 210 211 212 214 217 220 221 222 223 224 227 229 231 232 234 235 239 240 241 242
47 167 168 169 170 173 174 176 178 179 181 182 183 188 189 190 191 192 193 194 197 198 199 202 203 205 207 208 213 214 216 219 221 222 223 224 226 227 230 232 233 234 239 240 241 243 244 245
38 169 170 174 175 176 178 181 182 183 184 187 188 191 193 194 197 198 199 202 204 207 208 215 216 217 218 223 225 226 227 233 236 237 238 241 242 244 245
51 167 169 170 173 174 175 176 177 179 180 181 182 183 184 185 186 187 190 192 195 196 197 198 200 201 202 203 204 205 207 208 209 213 215 217 218 220 221 222 223 224 225 229 230 232 233 234 237 238 240 245
49 168 169 170 171 173 175 177 178 180 182 183 184 185 186 187 188 189 192 193 194 195 196 197 198 201 203 204 205 206 209 210 214 215 216 218 222 224 226 227 228 230 231 233 234 235 236 237 238 245
54 168 170 172 173 175 176 178 179 180 181 182 184 189 190 191 192 195 197 198 200 201 202 203 204 205 206 209 210 212 213 214 215 217 218 221 222 223 224 225 226 227 228 229 231 232 234 237 238 239 240 242 243 244 245
40 168 169 170 173 174 176 177 178 180 182 185 187 188 189 191 192 193 195 199 200 202 203 204 205 206 207 209 211 216 217 218 224 229 230 233 234 237 240 241 242
36 170 172 173 174 176 182 183 186 189 190 191 192 193 196 198 200 201 203 204 206 207 210 211 212 216 217 218 220 221 222 226 230 232 236 244 245
25 169 174 175 178 180 182 183 188 191 201 205 214 215 217 222 224 228 229 232 234 236 239 242 243 244
33 168 172 175 177 182 183 187 189 192 193 194 200 201 203 204 205 206 207 211 217 218 220 222 223 226 229 230 231 234 236 240 243 245
50 168 169 170 173 174 175 176 178 179 181 182 183 184 185 186 188 189 192 195 196 197 199 200 201 204 205 206 208 210 212 214 216 217 219 222 223 224 226 227 229 230 231 235 236 237 239 241 242 244 245
47 168 169 171 174 176 179 182 183 184 185 187 190 192 193 194 196 197 198 199 200 201 203 206 207 208 209 211 213 214 215 216 217 218 219 220 224 225 226 227 231 233 234 237 239 241 243 244
46 169 170 173 174 175 176 177 179 180 181 182 183 184 185 187 188 190 191 195 196 199 202 205 208 209 210 211 215 221 222 223 224 225 226 227 229 230 232 233 235 236 238 241 242 243 244
47 169 170 173 174 177 178 179 180 182 183 184 187 188 190 194 195 196 197 204 205 207 209 211 212 214 215 217 218 220 221 222 223 224 225 226 227 228 230 232 233 234 236 240 242 243 244 245
47 167 168 173 174 175 176 179 180 183 184 185 186 187 188 189 191 192 193 194 196 198 199 201 202 203 205 207 208 211 212 215 216 217 218 221 223 224 225 227 228 230 232 233 238 240 242 243
33 169 170 171 175 177 178 180 183 185 186 188 189 191 193 198 200 201 202 204 206 210 211 213 214 215 217 218 222 224 227 233 237 245
47 167 168 170 171 173 175 177 178 179 181 183 185 187 188 189 190 193 194 195 196 197 199 200 201 203 205 206 207 209 212 213 216 217 218 219 222 225 229 230 231 237 238 240 241 242 243 245
25 170 174 177 189 191 192 194 195 196 199 200 206 211 214 218 220 221 222 223 225 231 233 239 240 241
28 167 169 170 172 175 178 180 181 182 187 192 201 207 209 210 211 212 214 224 225 227 231 232 235 236 237 241 245
45 167 168 170 172 174 176 177 179 180 182 183 185 188 189 190 191 192 193 196 197 201 204 205 206 207 214 215 216 217 219 220 221 223 224 225 227 228 231 233 234 236 237 239 240 245
40 167 168 171 173 175 176 177 180 185 187 189 192 193 194 195 196 199 200 201 203 208 210 211 212 214 215 218 222 225 226 227 228 229 230 232 238 239 240 241 242
50 167 169 170 172 173 174 175 176 177 179 182 186 189 190 192 195 197 198 199 200 201 202 203 205 207 208 209 210 211 213 214 215 219 220 221 222 223 224 226 228 229 231 232 233 235 236 237 241 243 244
28 174 176 179 181 184 186 192 201 203 206 207 208 209 210 211 214 217 219 220 221 222 224 226 227 229 232 234 240
28 168 169 170 171 172 176 188 189 190 191 192 199 201 203 206 210 212 213 224 225 226 227 229 230 234 236 237 241
37 171 173 178 182 184 185 186 188 191 193 194 195 196 197 202 203 204 206 208 209 210 211 212 213 214 215 217 222 226 229 233 234 237 239 241 243 245
50 167 168 169 170 171 172 173 174 175 176 177 178 179 180 181 182 183 184 185 188 191 192 194 195 199 200 203 205 206 208 209 210 211 213 219 221 223 224 225 227 228 230 231 233 236 238 239 243 244 245
43 167 169 170 174 175 177 179 180 181 182 183 184 186 187 188 190 191 192 193 194 195 196 199 202 203 204 207 209 214 215 221 223 224 226 228 234 236 238 241 242 243 244 245
52 167 169 170 172 173 175 176 177 179 181 182 183 184 185 186 188 189 194 195 197 198 204 205 206 207 208 209 210 211 212 213 214 215 216 217 218 219 220 222 224 227 228 231 232 233 234 236 238 240 241 242 245
36 170 171 176 178 184 186 187 188 189 191 192 193 195 197 199 200 204 205 206 208 212 213 218 219 224 229 230 232 235 236 237 238 239 241 243 245
27 168 170 175 176 178 181 183 185 186 190 201 202 205 206 210 219 223 227 229 230 231 235 237 238 240 242 244
34 167 169 170 172 175 177 183 185 188 190 191 199 202 205 206 208 211 218 219 222 223 224 226 228 229 230 231 235 236 237 238 239 244 245
37 168 170 172 174 176 181 182 183 187 190 192 195 198 199 202 204 207 208 209 210 211 212 214 215 217 218 220 223 225 226 231 232 233 234 237 240 241
35 167 169 170 172 173 174 175 176 177 178 183 186 187 191 194 195 197 202 203 208 213 215 216 217 219 220 226 227 229 230 231 234 236 238 240
25 167 168 171 174 178 182 186 191 198 199 200 202 204 206 209 214 223 225 228 229 234 238 241 243 244
53 167 168 169 170 171 172 174 175 176 177 178 181 182 183 184 185 186 187 188 189 193 196 198 199 200 201 202 203 204 206 207 209 210 211 212 213 214 215 216 217 218 222 226 229 230 232 235 237 238 239 241 244 245
47 167 168 170 171 172 173 176 177 178 181 182 183 185 186 187 189 190 196 197 198 201 202 203 206 207 211 213 216 218 219 220 221 222 223 224 225 227 228 229 231 233 234 235 237 240 243 245
25 168 170 173 177 181 186 189 191 193 203 209 210 211 216 225 226 227 228 229 231 235 238 243 244 245
51 167 169 170 173 176 177 179 180 182 184 185 186 187 188 189 195 196 198 200 201 203 204 205 207 212 213 214 215 217 219 223 224 225 226 227 228 230 231 232 233 234 235 236 237 238 239 240 241 242 243 245
42 168 170 171 174 175 178 180 181 184 186 187 188 189 190 193 194 195 198 199 201 202 206 207 209 210 212 213 214 223 224 225 227 229 231 233 237 238 239 240 242 243 244
48 167 169 172 173 174 175 176 177 178 180 181 182 183 185 187 189 190 191 196 197 199 200 201 203 204 205 207 208 210 211 212 213 215 216 217 218 224 225 227 228 230 233 234 237 238 240 241 243
32 171 172 177 179 180 181 190 191 193 196 198 201 202 203 205 207 208 209 214 216 217 219 221 223 225 227 232 233 238 239 241 245
24 167 172 175 187 190 196 199 201 209 211 212 213 217 220 222 225 231 232 234 236 237 238 240 244
40 171 172 174 175 177 178 179 182 184 185 186 189 190 191 193 195 202 204 206 208 211 212 213 214 216 220 223 225 226 228 231 232 233 234 235 236 241 242 244 245
30 167 170 171 173 175 178 179 183 187 191 196 198 200 201 202 205 206 207 210 211 214 216 219 220 228 230 233 238 243 245
52 167 168 170 175 176 179 180 181 182 185 189 194 195 197 198 199 200 201 203 205 206 207 208 209 212 213 214 215 216 217 218 219 221 222 223 224 226 227 228 229 230 231 233 234 235 236 239 240 242 243 244 245
52 167 170 171 172 173 174 175 176 177 181 182 183 185 186 187 189 190 191 192 193 194 195 197 203 206 207 208 211 213 216 217 218 219 220 221 222 224 225 228 230 231 232 233 235 236 237 238 239 240 242 243 244
37 168 174 175 184 187 188 189 191 195 197 198 199 202 208 210 214 216 217 218 222 223 224 225 226 228 229 230 231 232 235 236 237 238 239 240 244 245
50 168 171 173 174 176 178 180 183 185 186 187 191 193 194 196 197 198 200 201 202 206 207 208 209 210 211 212 214 215 216 218 219 220 221 222 226 229 230 231 232 235 236 237 239 240 241 242 243 244 245
54 167 168 169 170 171 172 173 174 175 176 177 178 180 182 183 184 188 189 190 191 194 195 196 197 199 205 208 209 211 212 213 215 216 217 220 221 222 223 225 226 227 228 229 230 231 234 236 238 239 240 241 242 243 245
32 249 250 254 255 257 258 260 261 262 263 265 268 270 271 272 274 280 282 283 287 288 289 296 301 302 304 305 307 310 313 315 317
27 250 251 254 256 257 258 259 268 275 277 278 279 280 281 282 283 290 294 296 298 302 303 304 309 313 314 318
33 247 248 251 252 253 256 259 264 266 267 269 275 276 277 278 279 281 284 285 290 291 292 293 294 295 303 306 308 309 311 312 314 318
18 246 251 261 262 268 269 273 277 284 285 289 292 294 299 305 314 316 318
24 247 250 251 254 256 259 262 263 267 268 269 273 276 283 285 290 291 296 301 302 304 307 309 317
29 246 250 253 254 258 262 263 264 268 270 271 272 274 276 278 283 284 288 289 292 298 300 302 303 304 307 312 313 316
9 260 263 270 272 273 287 294 306 309
18 250 254 255 258 266 268 273 281 282 285 296 298 299 302 303 306 313 314
28 247 251 254 256 260 261 262 265 269 270 272 273 278 281 283 285 286 287 288 291 292 296 299 303 308 311 315 318
35 248 250 251 252 255 256 258 260 264 266 267 268 270 272 274 277 281 282 283 284 287 292 294 295 297 299 300 301 302 303 308 311 314 315 318
26 248 249 250 253 255 258 259 260 261 263 264 270 271 272 277 279 284 291 293 294 298 300 304 305 307 308
25 247 250 253 254 255 257 261 262 269 273 275 276 277 280 283 292 298 300 307 308 309 310 312 317 318
14 246 256 259 262 273 276 279 283 287 296 302 305 307 317
23 248 249 250 251 252 253 255 257 260 261 265 267 269 271 286 290 293 297 299 308 309 311 313
21 249 253 257 267 269 272 275 279 283 287 290 295 300 304 305 307 310 311 315 317 318
38 247 248 250 251 252 253 254 257 259 260 267 270 273 278 279 280 281 286 289 293 297 298 299 300 301 302 303 304 307 308 309 310 311 313 314 315 316 317
18 246 255 256 257 259 265 285 290 293 295 296 298 301 304 313 314 315 317
23 249 251 254 256 260 262 264 267 276 282 287 289 290 291 292 299 300 302 304 305 310 317 318
24 248 256 260 261 262 263 264 265 271 274 277 278 280 284 286 288 293 294 297 301 308 309 312 316
37 250 251 253 256 258 262 263 267 269 270 271 272 274 275 277 278 280 281 282 283 286 290 291 292 294 295 296 298 299 300 301 303 304 305 306 307 318
17 253 254 261 262 266 271 274 278 281 283 286 291 294 302 310 311 316
15 249 251 254 255 259 267 269 275 278 280 288 297 298 302 307
30 246 247 248 249 255 262 263 264 265 266 272 273 274 276 284 286 287 289 291 293 295 299 300 301 306 307 308 310 316 317
44 247 248 249 251 252 255 256 257 259 260 261 265 266 267 269 273 275 277 279 280 281 282 285 286 287 290 291 293 294 295 296 297 299 301 305 306 308 309 310 311 314 315 317 318
31 246 249 250 251 253 258 259 262 264 265 266 267 273 280 285 287 289 292 296 297 298 300 302 305 306 307 309 313 314 315 318
28 247 248 249 251 252 257 261 262 268 270 271 273 274 277 278 279 287 289 290 292 293 295 296 305 308 313 314 317
17 251 260 263 264 267 273 275 279 282 284 287 288 300 303 305 312 318
16 254 266 270 274 284 288 289 291 294 298 301 303 306 310 314 318
11 247 256 276 278 280 282 300 304 306 307 311
21 246 250 254 260 265 266 267 269 272 282 283 284 286 291 300 301 303 304 312 315 318
20 247 258 263 264 268 272 275 277 278 280 281 282 285 292 295 300 304 312 315 316
26 247 255 257 259 261 263 264 268 273 275 278 279 282 285 291 292 295 300 302 303 306 307 308 309 312 313
31 246 247 248 249 253 257 259 261 263 266 268 270 274 275 282 287 290 291 292 293 296 297 301 302 304 305 308 309 311 313 315
25 246 248 250 251 258 259 263 265 269 273 274 276 277 278 285 286 288 289 291 296 300 303 305 306 313
8 246 273 286 297 298 299 300 316
36 247 251 252 254 256 257 258 260 261 264 265 267 268 271 274 275 276 278 280 281 283 284 287 288 291 292 294 295 296 297 300 301 303 305 314 315
42 250 254 255 256 260 262 263 265 266 269 270 272 273 274 276 278 281 282 284 285 286 288 289 290 291 292 294 295 298 299 300 301 306 307 308 310 311 314 315 316 317 318
26 251 254 256 257 265 266 268 273 274 276 280 281 283 287 289 296 299 303 306 310 311 313 315 316 317 318
13 253 272 280 281 287 293 295 301 302 307 316 317 318
14 247 255 256 274 276 277 278 283 284 288 290 291 293 316
36 246 247 248 249 252 254 255 257 259 260 261 264 265 266 268 273 276 279 284 285 287 288 289 293 297 302 308 309 310 311 312 313 314 315 316 317
21 247 248 249 250 252 258 268 269 270 272 276 277 280 289 292 297 299 306 307 308 309
19 246 255 259 266 270 272 273 274 275 281 283 293 295 296 306 308 311 312 314
33 248 252 253 255 257 259 262 263 266 267 271 272 274 275 276 277 278 280 281 282 285 286 289 296 297 300 301 302 305 306 308 312 314
28 248 252 254 257 260 261 263 268 269 270 271 272 275 279 281 282 286 294 295 299 301 303 304 308 310 311 312 317
22 252 258 266 269 270 271 272 274 280 281 283 284 288 290 293 299 304 310 314 315 317 318
31 247 248 250 252 253 257 258 261 263 265 268 269 271 277 278 279 280 284 285 286 288 294 297 298 301 303 307 309 313 315 316
31 246 247 248 249 251 252 253 257 258 259 261 264 267 268 271 275 277 279 280 283 287 293 296 297 302 303 304 305 309 312 313
25 246 248 249 250 251 253 254 256 260 262 265 267 276 277 286 287 289 294 296 297 298 301 305 311 316
31 246 248 249 250 252 255 259 263 264 266 267 274 275 276 277 280 282 284 289 290 294 295 300 301 302 304 305 307 309 314 316
18 249 251 258 270 271 274 287 289 290 291 293 294 295 301 302 313 314 315
40 246 247 249 250 251 254 256 258 260 261 264 265 268 269 270 273 279 283 284 287 288 290 291 292 293 294 295 298 299 303 304 307 309 310 311 313 315 316 317 318
16 252 253 260 261 267 269 270 271 285 288 292 297 305 311 312 315
47 246 249 250 252 255 256 257 258 259 260 262 263 264 265 266 268 270 271 272 273 274 275 277 278 279 280 281 282 287 288 289 291 297 298 300 301 302 303 304 306 309 311 314 315 316 317 318
14 253 257 258 268 271 279 293 297 298 306 310 312 313 317
25 248 250 252 253 255 259 264 265 266 267 270 271 272 274 275 281 283 286 291 298 303 309 310 312 313
42 250 251 252 254 255 256 258 260 262 264 265 267 269 271 272 273 276 277 278 279 280 281 283 284 285 286 288 289 294 295 298 299 300 303 306 307 310 312 314 316 317 318
38 246 247 249 253 254 257 259 261 262 263 265 269 271 273 275 276 278 279 280 285 286 288 289 290 291 293 296 298 304 305 306 307 309 310 312 313 316 317
16 246 256 261 264 265 268 271 272 277 282 283 284 290 295 296 312
10 246 247 251 252 259 270 276 289 291 292
35 247 249 252 254 255 256 257 260 261 262 264 266 267 268 270 271 275 279 282 283 284 290 292 294 297 298 299 304 308 309 310 311 312 314 315
26 247 248 251 253 254 261 267 269 276 283 284 285 286 290 292 293 294 295 296 299 305 307 308 310 312 313
16 246 248 253 255 259 269 277 279 285 286 290 304 307 310 312 318
24 253 255 256 258 259 263 264 275 276 280 281 285 288 294 297 298 299 302 306 307 309 310 311 316
8 252 265 266 268 284 297 306 311
31 246 247 248 250 252 253 257 258 264 265 276 277 279 281 282 283 284 286 289 291 292 293 295 300 301 304 308 311 315 316 317
30 248 249 252 255 257 258 264 265 266 271 274 278 280 281 284 288 292 293 298 299 300 303 306 310 311 312 313 315 316 318
19 249 255 258 262 263 266 269 274 275 276 285 287 288 291 292 294 305 306 318
21 246 247 252 262 267 269 275 278 282 285 286 288 290 292 295 297 301 302 309 312 314
21 249 250 262 263 266 270 272 273 282 289 293 298 299 302 306 308 309 311 313 316 317
19 249 254 257 258 260 263 279 287 288 290 293 295 296 297 301 302 308 315 317
22 246 248 256 259 260 263 264 267 272 278 279 281 282 285 286 288 296 299 303 304 305 316
18 256 261 262 266 268 271 274 285 290 296 299 303 305 310 312 313 314 318
19 246 253 260 261 270 272 275 277 279 282 286 287 289 294 295 297 305 308 314
6 246 273 298 299 300 316
23 251 257 259 260 273 275 280 281 282 285 286 290 291 294 295 297 301 305 306 308 309 310 314
21 246 247 249 253 254 257 261 262 273 275 276 278 279 285 290 291 305 307 309 313 316
26 246 247 248 249 251 252 253 257 264 267 268 271 275 277 279 280 283 287 296 302 303 304 305 309 312 313
5 246 286 297 299 316
11 253 257 258 271 279 293 297 298 310 312 313
20 246 248 250 259 263 266 267 274 277 280 284 290 294 295 300 301 302 304 309 316
4 246 297 298 316
11 254 284 288 289 291 294 301 306 310 314 318
23 248 254 257 260 263 268 269 270 271 279 281 282 286 294 299 301 303 304 308 310 311 312 317
19 255 256 263 264 275 280 281 285 288 294 297 298 299 302 306 307 309 310 311
17 249 250 252 253 257 260 261 267 286 290 293 297 299 308 309 311 313
15 246 248 250 269 273 276 277 278 285 291 296 300 303 305 306
19 247 252 253 261 268 269 271 277 280 288 294 297 298 303 307 309 313 315 316
35 247 249 251 252 255 257 259 260 261 265 267 269 273 275 279 280 282 285 286 287 290 291 293 294 295 296 297 305 306 308 309 310 314 317 318
13 246 250 265 267 269 282 284 286 291 301 312 315 318
5 246 273 286 297 298
8 246 256 273 279 283 305 307 317
8 252 253 261 269 271 285 288 292
25 248 250 251 252 256 266 267 268 270 277 281 282 284 292 294 295 297 299 300 301 302 308 314 315 318
24 247 251 256 260 261 262 265 270 273 278 281 283 285 286 287 288 291 292 296 299 303 308 311 318
23 247 248 253 254 261 267 269 276 283 286 290 292 293 294 295 296 299 305 307 308 310 312 313
17 250 257 258 260 263 268 271 272 274 282 289 296 305 307 310 313 315
21 246 248 249 250 259 263 264 275 280 282 284 289 294 300 301 302 305 307 309 314 316
7 246 273 286 297 298 300 316
12 253 254 266 271 274 278 281 283 291 302 310 311
10 251 255 259 267 275 278 280 298 302 307
12 246 261 264 265 268 271 272 282 283 295 296 312
25 246 250 253 254 258 263 264 268 270 272 274 276 278 283 284 288 289 298 300 302 304 307 312 313 316
16 249 254 257 258 260 263 279 287 288 290 296 297 301 302 315 317
16 254 256 266 274 280 281 283 287 289 296 306 310 311 313 315 316
17 252 254 261 263 269 270 271 279 282 286 294 299 303 304 308 311 312
12 251 267 273 275 282 284 287 300 303 305 312 318
15 247 250 251 254 259 267 269 273 276 283 285 296 302 307 309
17 246 248 249 250 253 254 256 260 267 276 277 287 289 294 301 311 316
22 252 254 257 260 261 263 268 269 270 271 275 281 282 286 294 299 301 303 308 310 311 317
9 252 253 260 261 267 270 297 305 311
15 254 257 260 263 279 290 293 295 296 297 301 302 308 315 317
13 246 248 253 255 259 269 279 285 286 290 307 310 312
11 251 258 274 287 290 293 294 301 302 313 315
10 260 263 264 273 275 282 284 287 288 300
12 249 251 254 255 267 269 275 278 280 298 302 307
24 248 251 252 256 259 266 267 269 276 278 281 284 285 290 291 292 293 294 295 306 308 311 314 318
17 251 256 261 262 265 269 273 278 281 283 286 287 288 292 303 308 315
8 246 248 253 255 279 304 310 312
26 248 250 251 255 256 258 264 267 268 270 274 281 282 283 284 287 292 295 297 299 300 302 303 308 314 315
10 249 254 255 259 269 275 278 288 297 298
18 250 251 256 258 259 268 278 279 281 282 290 294 296 298 303 304 309 314
7 246 256 259 273 296 302 307
15 246 250 251 265 269 273 274 276 277 285 286 289 291 303 313
31 247 248 249 251 257 259 260 261 266 269 273 275 277 279 280 281 285 286 287 291 293 296 297 299 301 305 308 310 311 314 315
4 252 265 266 297
16 250 262 266 270 272 282 289 293 299 302 306 308 309 313 316 317
20 247 252 253 257 258 261 265 268 269 271 277 279 280 285 294 297 303 307 313 316
35 250 251 252 254 255 256 260 264 265 267 272 273 276 277 278 279 280 281 283 284 285 286 288 289 294 295 298 299 300 303 306 307 310 316 317
7 260 263 272 273 287 306 309
13 249 251 271 287 289 290 293 294 301 302 313 314 315
27 246 248 250 252 253 257 258 264 265 276 277 279 281 282 283 284 286 289 291 292 293 295 304 308 311 315 316
16 246 250 251 258 259 264 266 273 289 292 296 300 306 309 314 315
17 249 250 252 258 268 269 270 272 276 277 280 289 292 299 306 307 309
24 246 247 248 249 252 254 255 257 260 261 265 268 276 284 285 288 289 302 308 312 313 315 316 317
13 256 261 265 268 271 277 282 283 284 290 295 296 312
15 255 257 259 264 268 275 279 282 285 292 295 303 308 309 313
25 248 249 252 257 258 264 265 266 271 274 278 284 288 292 293 298 299 300 306 310 311 312 315 316 318
5 251 270 276 291 292
10 246 256 262 273 276 283 287 296 302 305
20 246 247 249 251 256 265 279 283 284 287 290 291 292 293 294 298 309 316 317 318
19 246 247 248 249 253 259 266 268 274 282 287 290 296 297 301 304 311 313 315
17 246 249 255 262 263 265 273 276 286 287 289 295 299 306 307 308 317
10 246 251 262 268 269 273 277 285 314 318
11 249 258 287 289 290 291 293 295 301 302 315
15 248 249 250 251 253 265 269 271 286 290 297 299 309 311 313
12 247 248 258 268 270 277 280 292 297 306 308 309
8 248 255 269 279 290 304 310 318
21 247 256 257 260 261 264 265 267 271 274 275 278 281 284 292 294 295 296 297 303 315
24 247 251 252 258 260 264 265 267 268 274 275 278 280 281 288 292 294 295 296 297 300 303 314 315
15 252 258 269 270 271 272 274 280 288 290 293 299 304 310 314
29 250 251 252 254 255 260 262 264 265 267 269 271 272 273 276 277 278 281 285 289 295 298 299 303 306 310 312 314 316
15 246 256 260 267 272 278 281 282 285 286 288 296 299 303 305
17 250 254 260 265 266 267 272 282 283 286 291 301 303 304 312 315 318
15 246 251 261 268 269 273 277 284 289 292 299 305 314 316 318
18 251 253 254 261 267 269 283 284 286 292 294 296 299 305 308 310 312 313
13 251 258 271 289 290 291 293 294 295 301 302 313 315
30 246 247 248 249 252 255 257 259 260 264 265 268 273 279 284 285 288 289 293 297 308 309 310 311 312 313 314 315 316 317
15 247 248 253 254 261 276 285 286 290 293 295 296 305 307 313
6 252 265 266 268 284 297
5 252 265 284 297 311
34 246 247 249 250 251 254 258 260 261 264 265 268 269 273 279 283 284 287 290 292 293 294 298 299 303 304 307 309 310 311 313 315 316 318
30 247 248 250 251 252 254 259 260 267 270 273 278 280 286 289 293 298 299 301 304 307 308 309 310 311 313 314 315 316 317
20 248 252 254 263 269 270 271 272 279 281 282 294 299 301 304 308 310 311 312 317
20 246 249 255 262 263 264 265 266 272 274 276 286 289 293 295 299 300 301 307 308
24 251 256 258 260 267 268 271 274 275 276 278 281 283 284 287 288 291 292 294 297 300 301 303 315
10 255 258 262 269 275 288 291 305 306 318
24 252 254 255 260 262 264 266 267 268 275 279 282 283 290 294 297 298 304 308 309 310 312 314 315
27 246 251 253 258 259 264 265 266 267 273 280 285 287 289 292 296 297 298 300 302 305 306 307 309 313 314 315
24 247 251 252 256 257 260 261 265 267 268 271 276 278 281 287 288 292 294 295 296 300 305 314 315
28 250 251 253 256 258 262 263 269 272 274 275 277 278 282 283 286 290 291 295 296 298 299 300 301 304 305 306 307
13 246 259 272 274 275 281 283 295 296 306 308 311 312
13 249 255 258 262 263 269 274 275 287 291 292 294 305
31 250 253 256 258 262 263 269 270 271 272 275 277 278 280 281 282 283 286 290 294 295 296 298 299 300 301 303 304 306 307 318
12 253 255 256 263 275 276 297 299 302 307 309 316
9 247 256 278 280 282 300 304 307 311
9 261 262 268 269 285 292 294 305 318
10 250 254 268 282 296 302 303 306 313 314
9 253 272 280 293 301 302 307 316 318
23 251 255 256 260 266 267 268 274 277 281 282 283 287 292 294 297 299 300 303 308 311 314 318
15 258 264 265 278 280 281 284 293 298 299 300 303 306 310 318
20 246 250 258 262 263 264 270 271 274 276 278 283 288 289 300 302 304 307 313 316
17 254 257 261 263 265 268 271 272 282 283 289 296 302 310 313 315 317
18 247 250 254 256 259 262 263 267 268 276 283 285 290 291 301 304 307 317
13 249 251 271 287 289 290 293 294 295 301 302 313 314
24 247 248 251 252 256 259 264 269 276 277 278 279 281 284 290 292 293 294 295 303 306 308 311 318
10 255 256 265 290 293 295 304 314 315 317
23 254 256 257 265 266 268 273 274 276 280 283 287 289 296 303 306 310 311 313 315 316 317 318
20 246 248 249 250 251 253 254 260 267 277 286 287 289 294 296 297 298 301 305 316
8 248 255 277 279 286 290 307 318
11 253 272 280 281 295 301 302 307 316 317 318
13 246 255 272 273 274 275 283 293 295 296 306 311 312
22 246 248 249 251 252 253 258 261 268 275 279 280 287 293 296 297 302 303 304 305 312 313
39 246 249 250 252 255 256 257 258 259 260 262 263 264 265 266 268 270 271 272 274 275 277 279 280 281 282 288 289 298 300 301 302 303 304 306 309 316 317 318
12 247 269 275 278 282 288 290 292 295 302 309 312
19 251 254 257 266 268 273 274 276 280 281 283 289 296 299 303 306 315 316 317
12 252 253 267 269 270 271 292 297 305 311 312 315
21 255 256 260 270 272 273 274 278 281 284 285 286 288 291 292 295 299 308 310 314 317
9 255 274 276 278 283 288 290 293 316
14 246 255 257 259 265 285 290 293 295 296 298 313 315 317
15 249 257 267 269 275 279 287 290 295 300 305 307 310 317 318
11 246 248 253 255 259 279 285 290 304 307 318
30 247 251 252 254 257 258 260 264 265 268 271 274 275 276 278 281 283 287 288 291 292 294 295 296 300 301 303 305 314 315
24 247 251 252 256 257 258 265 268 271 275 276 281 283 287 288 291 292 294 296 301 303 305 314 315
8 256 276 278 282 304 306 307 311
26 250 252 255 256 258 260 266 267 268 274 281 282 283 284 287 292 294 297 299 301 302 303 308 311 314 315
13 246 250 254 260 262 265 277 286 289 296 297 301 305
11 254 266 274 284 288 289 291 294 298 306 314
19 248 251 252 253 255 257 261 267 269 271 286 290 293 297 299 308 309 311 313
11 263 264 273 279 282 284 287 288 300 305 318
9 247 256 276 280 282 300 304 307 311
9 249 255 262 263 269 276 287 291 318
29 250 251 252 254 260 262 264 269 271 272 273 276 277 278 279 280 281 284 286 288 294 295 298 299 300 310 314 317 318
15 248 252 261 268 271 274 277 287 289 292 293 296 305 313 314
22 246 248 249 250 253 254 256 260 262 265 267 276 277 286 287 289 294 297 298 305 311 316
13 255 258 263 269 274 276 287 291 292 294 305 306 318
28 248 252 253 257 259 262 263 267 271 272 274 275 276 277 280 281 282 285 289 296 297 300 301 302 305 306 312 314
8 247 256 274 278 284 288 291 316
14 247 257 263 268 273 275 278 282 292 300 303 306 307 309
22 248 252 253 257 259 262 267 272 276 278 280 281 282 285 286 289 296 297 302 308 312 314
20 247 250 253 263 265 268 269 277 278 279 280 284 285 286 294 297 301 307 313 315
8 253 280 281 287 295 307 316 318
12 249 254 257 258 260 279 293 295 297 302 308 315
13 260 263 264 267 275 279 282 287 300 303 305 312 318
12 250 253 261 262 269 273 275 277 280 300 310 312
12 249 253 267 275 279 283 287 300 304 310 311 318
12 247 250 251 254 262 267 268 269 285 302 309 317
14 246 255 270 272 273 275 283 293 295 296 306 308 311 314
16 247 248 267 269 276 283 284 285 290 292 294 295 299 308 312 313
35 247 248 251 252 255 256 259 260 261 265 269 273 275 277 279 280 281 282 285 286 287 290 291 294 297 299 301 305 306 308 309 311 314 315 317
29 247 249 252 254 255 256 257 260 261 262 266 268 270 271 279 282 283 284 290 292 294 298 299 308 309 310 311 314 315
16 253 255 259 263 267 276 278 280 282 286 289 296 297 300 301 306
13 248 256 259 263 279 281 282 285 288 299 303 304 316
19 249 250 251 252 253 257 260 261 267 269 271 286 290 293 297 299 308 309 311
5 246 252 259 276 291
22 247 255 257 261 263 264 268 273 275 278 279 282 292 295 300 302 303 306 307 308 312 313
5 246 251 252 259 270
14 251 261 262 268 269 273 277 284 285 292 294 299 305 316
20 246 248 249 253 254 256 260 265 267 276 277 286 287 289 294 296 297 301 305 316
6 273 286 297 298 299 300
21 246 248 251 253 258 261 264 271 275 280 283 293 296 297 302 303 304 305 309 312 313
26 247 251 253 254 259 260 267 270 273 278 279 281 286 289 293 298 299 301 307 309 310 311 314 315 316 317
21 248 256 260 261 262 264 265 271 274 277 278 280 284 286 288 293 297 301 308 309 312
12 250 262 273 282 289 298 306 308 309 311 313 316
11 246 262 269 277 284 285 289 294 305 316 318
18 247 248 249 250 252 258 269 272 276 277 280 289 292 299 306 307 308 309
14 247 263 264 268 277 278 280 281 282 292 300 304 312 315
20 246 249 250 251 253 262 266 267 273 280 287 289 302 305 306 307 309 314 315 318
24 248 254 257 260 261 263 268 269 270 271 272 275 279 281 282 286 294 299 301 303 304 311 312 317
9 254 255 267 278 280 288 297 302 307
4 246 297 299 316
25 247 248 252 253 256 259 264 266 267 276 277 279 281 285 290 291 293 294 295 303 308 311 312 314 318
10 246 248 253 255 259 279 286 290 307 312
17 249 253 258 259 262 264 265 266 285 292 297 298 300 302 307 309 318
27 246 249 251 253 258 259 262 265 266 267 273 280 285 287 289 297 298 300 302 305 306 307 309 313 314 315 318
17 246 247 253 257 263 266 274 282 287 291 292 296 297 301 302 309 311
14 249 255 262 263 269 274 276 285 288 291 292 294 306 318
11 246 256 261 265 272 277 282 290 295 296 312
14 246 253 260 270 272 277 279 286 287 289 295 297 305 308
6 273 286 297 298 299 300
21 247 248 249 253 257 259 261 266 270 274 275 282 287 291 293 296 302 305 308 309 315
28 246 248 249 252 254 255 257 260 264 266 268 273 276 279 285 287 288 289 297 302 308 309 310 311 312 315 316 317
25 246 247 249 250 258 265 268 269 279 284 287 290 292 293 294 295 298 299 303 304 309 311 315 317 318
9 254 255 266 268 281 285 298 306 314
16 258 266 269 270 271 274 280 284 288 290 293 299 304 314 315 318
23 246 247 248 249 255 264 265 266 273 274 276 287 289 291 293 295 299 300 301 307 308 310 316
15 246 247 248 249 263 265 272 274 276 291 293 295 307 316 317
17 252 258 266 271 272 274 281 283 284 288 290 293 299 310 314 317 318
26 249 252 256 257 258 260 264 265 268 270 272 274 275 277 281 288 289 291 297 300 302 303 304 309 314 318
10 246 262 268 269 273 277 289 294 305 314
15 249 270 271 274 287 289 290 291 294 295 301 302 313 314 315
22 248 249 252 257 264 265 266 271 280 288 292 293 298 300 303 306 310 311 313 315 316 318
28 246 249 253 254 257 259 261 262 263 265 271 273 275 276 278 279 280 286 288 289 291 296 298 304 306 307 309 316
11 259 263 264 278 281 285 286 299 303 304 316
14 246 247 252 267 269 278 286 288 290 292 301 302 309 314
10 249 251 254 267 269 278 280 288 298 307
11 261 262 266 274 285 290 299 305 310 312 313
17 247 258 263 264 268 272 275 278 280 282 285 295 300 304 312 315 316
9 246 259 266 274 293 296 308 311 314
12 256 263 264 274 277 284 286 288 293 294 297 312
16 247 253 269 275 278 281 285 290 291 293 294 303 306 311 312 318
16 246 253 260 261 270 275 277 286 287 289 294 295 297 305 308 314
5 260 263 270 294 309
24 247 249 253 257 261 262 263 265 269 271 275 280 285 286 288 289 290 291 293 304 306 307 312 313
11 249 260 262 289 291 292 300 302 304 305 318
22 248 252 257 261 263 268 269 270 271 272 275 279 281 294 295 299 301 304 308 310 312 317
12 249 251 267 269 275 278 280 288 297 298 302 307
14 246 257 259 285 290 293 295 296 298 304 313 314 315 317
16 258 260 265 268 274 280 282 283 287 296 302 307 310 313 315 317
19 247 250 253 254 255 262 269 275 276 277 280 292 300 307 309 310 312 317 318
21 248 249 252 257 261 262 268 270 271 273 274 277 278 279 287 290 292 296 308 313 314
14 249 251 258 274 287 290 291 293 294 301 302 313 314 315
23 248 252 257 260 261 265 266 268 273 276 279 284 285 287 289 293 308 309 310 311 312 315 317
9 246 255 285 290 295 298 313 315 317
19 248 252 253 259 265 266 267 270 272 274 275 281 283 286 291 298 303 309 313
8 257 293 298 306 310 312 313 317
21 250 252 258 260 262 265 269 271 273 276 277 278 285 288 295 298 299 303 307 314 317
8 254 266 284 294 298 301 310 314
25 250 255 256 262 263 266 269 270 274 282 284 289 290 291 294 295 298 299 300 306 307 308 314 316 317
17 251 254 261 267 276 284 285 286 292 294 295 296 299 307 308 310 312
20 247 248 254 255 257 259 261 266 273 279 284 285 287 289 297 302 310 311 314 317
8 247 256 276 278 282 304 306 311
19 248 252 269 270 271 272 281 282 294 295 299 301 303 304 308 310 311 312 317
29 246 253 254 257 261 262 263 269 275 276 279 285 286 288 289 290 291 293 296 298 304 306 307 309 310 312 313 316 317
12 252 253 260 261 267 269 270 271 285 292 297 311
27 246 247 249 250 251 254 256 258 261 264 268 273 279 283 287 288 291 293 294 295 303 304 307 309 310 313 317
10 246 264 265 268 271 277 282 283 284 295
4 246 297 298 300
11 249 255 258 274 275 276 285 292 305 306 318
14 247 248 249 261 262 270 271 278 279 289 290 293 305 317
24 247 248 249 251 252 261 270 271 273 274 277 278 279 287 290 292 293 295 296 305 308 313 314 317
13 250 257 262 275 277 280 283 292 300 307 308 309 317
15 248 249 251 262 268 273 274 278 279 287 292 296 305 308 317
11 254 274 284 291 298 301 303 306 310 314 318
35 250 254 255 256 260 262 263 265 269 270 272 274 276 278 281 282 284 285 286 288 289 290 291 292 294 299 300 306 308 311 314 315 316 317 318
18 247 251 254 256 261 262 265 270 272 273 281 283 288 299 303 308 315 318
16 246 253 254 264 271 272 274 278 283 284 288 289 292 298 302 307
13 247 248 249 250 258 269 272 280 289 297 299 306 307
9 247 276 278 280 282 300 304 306 311
15 252 258 266 270 271 274 280 281 284 288 290 293 304 310 317
12 253 266 271 274 278 281 283 286 291 294 310 311
5 246 286 297 298 316
12 247 263 264 268 275 277 281 292 300 304 312 316
33 247 248 249 251 256 257 259 261 265 266 267 269 273 277 279 280 281 282 285 287 291 293 295 296 297 301 305 306 308 310 311 317 318
15 249 251 258 270 271 274 287 289 294 295 301 302 313 314 315
15 251 254 265 266 268 276 280 281 287 289 296 306 310 315 318
16 249 254 257 258 260 263 287 288 290 293 295 296 301 302 308 315
18 254 256 257 266 268 273 274 276 280 283 287 296 303 311 313 316 317 318
36 247 248 251 252 256 257 259 260 265 266 267 269 273 275 279 280 281 282 285 287 290 291 293 294 296 297 299 305 306 308 309 310 311 314 317 318
36 248 249 251 252 255 256 257 260 265 266 267 269 273 277 279 280 281 282 286 287 290 293 294 295 296 297 299 301 305 306 308 310 311 314 315 317
13 253 254 255 257 269 273 275 280 283 292 308 312 318
21 250 254 260 263 266 269 270 272 276 282 286 290 291 292 300 306 308 310 311 315 317
14 258 272 274 280 283 284 290 293 299 304 314 315 317 318
22 248 251 252 256 258 260 264 267 270 272 274 277 281 284 295 297 300 301 308 311 314 318
13 253 261 270 277 279 282 286 287 294 295 297 308 314
9 246 273 279 283 287 296 305 307 317
33 254 255 256 260 262 263 265 270 273 274 276 281 282 284 285 286 288 289 290 291 298 299 300 301 306 307 308 311 314 315 316 317 318
12 246 253 255 259 269 277 279 285 290 304 307 312
9 253 254 262 278 281 291 294 310 316
20 247 253 257 259 261 263 265 273 276 278 280 289 290 293 296 305 306 309 310 317
16 248 254 260 261 263 270 271 275 279 286 294 303 308 310 312 317
25 251 252 254 256 257 258 260 261 264 265 267 275 278 284 288 291 292 294 295 296 297 300 301 303 305
14 246 261 262 268 273 277 284 289 292 294 299 314 316 318
20 249 253 258 262 264 267 273 280 285 287 297 298 302 305 306 309 313 314 315 318
14 254 266 270 274 284 288 289 291 301 303 306 310 314 318
13 251 263 264 267 273 275 279 284 287 300 303 305 312
12 247 254 259 262 263 276 290 291 296 301 302 317
15 255 256 258 276 280 281 285 288 294 297 298 299 306 309 311
8 255 256 276 277 288 291 293 316
23 247 252 253 257 258 263 268 269 271 278 279 280 284 285 288 294 297 298 301 303 307 315 316
29 247 248 250 251 257 259 260 267 273 278 279 280 281 286 289 297 299 300 301 302 304 307 309 310 311 314 315 316 317
14 255 256 257 259 265 285 290 293 295 301 313 314 315 317
13 247 262 267 275 285 286 290 292 295 297 302 312 314
22 249 250 255 257 260 261 262 263 265 268 270 271 272 280 283 288 289 302 305 307 313 317
16 249 257 260 261 262 270 271 272 282 287 288 305 307 310 315 317
26 246 247 248 253 255 257 258 264 265 267 268 270 271 274 276 278 282 285 288 291 292 295 305 311 314 317
37 246 248 249 250 251 252 255 258 260 264 265 266 274 275 276 277 278 281 285 286 289 290 294 295 297 298 299 301 302 304 305 307 308 310 312 316 317
41 246 247 248 250 251 253 255 256 261 262 263 264 267 268 269 271 272 277 279 280 281 282 284 285 287 289 290 294 295 296 297 298 301 302 303 308 312 313 314 315 317
40 247 248 250 251 252 254 256 258 259 260 262 263 264 267 269 270 272 273 277 278 279 280 281 283 285 286 287 288 289 292 300 305 308 309 311 313 315 316 317 318
34 247 249 251 252 253 254 256 257 258 259 262 265 268 269 272 273 276 278 281 284 287 289 290 293 295 302 303 305 312 313 314 315 317 318
46 248 249 251 252 253 254 256 257 258 259 260 261 262 263 264 266 270 274 276 277 278 279 280 281 282 283 287 288 290 291 292 296 298 299 300 301 302 303 304 305 307 308 312 313 315 317
39 246 247 248 251 252 253 254 255 258 259 262 265 270 271 273 275 278 279 280 281 283 284 285 288 289 292 294 298 301 303 304 307 308 309 311 314 315 316 318
32 249 250 254 256 259 261 263 269 271 273 276 278 280 282 283 284 289 294 295 296 297 298 299 303 304 305 307 309 310 311 317 318
38 246 249 250 253 255 257 258 263 269 270 271 273 275 276 277 280 282 284 285 287 288 289 290 292 293 294 296 298 301 303 304 305 307 308 309 310 315 316
33 246 248 250 251 252 253 254 255 256 261 263 266 268 271 272 273 276 277 278 279 280 282 286 287 288 290 292 298 302 303 306 309 311
39 248 250 253 255 257 258 259 263 264 266 268 269 270 271 272 273 274 275 277 282 283 286 287 288 289 290 293 294 298 299 301 304 307 308 309 312 313 314 316
28 247 252 256 257 259 262 263 265 266 277 285 286 288 290 291 293 295 297 298 300 302 305 309 311 315 316 317 318
41 249 252 257 258 260 261 266 274 276 277 279 280 281 282 283 284 285 286 287 288 289 290 291 292 294 295 297 299 300 302 303 304 305 306 307 308 312 313 316 317 318
30 247 249 251 254 255 256 264 266 271 273 274 275 277 285 286 287 291 293 295 297 300 302 303 309 310 312 313 315 316 318
28 246 252 257 259 260 261 262 264 270 275 276 277 282 286 290 292 294 295 299 301 302 303 304 306 308 316 317 318
46 246 247 248 249 251 252 254 255 256 260 261 262 263 264 265 266 267 271 272 274 275 277 279 281 282 283 285 286 287 288 289 290 291 294 296 297 300 301 302 306 308 309 311 312 314 315
43 247 251 252 253 255 258 259 261 264 267 268 270 271 272 273 275 276 278 279 280 282 284 285 288 289 294 295 296 297 299 300 302 303 304 305 306 307 309 311 313 314 316 318
32 248 249 250 256 257 259 261 264 265 275 277 279 282 284 286 288 292 293 294 295 302 303 304 306 308 309 311 312 314 316 317 318
42 246 249 253 254 257 258 260 261 263 265 266 267 268 270 275 276 277 278 282 283 285 286 289 292 293 294 297 298 299 301 303 304 305 306 307 308 310 312 313 314 317 318
45 247 249 250 253 255 256 258 259 260 263 265 266 267 269 271 273 277 278 280 281 282 283 284 285 286 288 289 290 292 293 294 295 297 298 299 301 302 303 304 306 309 310 311 316 318
44 247 251 252 254 255 256 258 259 260 261 262 264 265 266 267 270 271 273 275 277 280 282 283 284 285 286 287 289 291 296 297 298 299 300 301 303 304 306 308 309 310 312 313 317
27 250 254 256 258 261 268 272 273 275 280 281 282 284 286 291 296 304 306 308 309 311 312 313 315 316 317 318
23 249 250 253 256 261 263 264 265 267 271 272 275 276 280 281 284 288 292 303 305 309 311 316
41 246 247 248 249 250 252 253 254 255 257 259 264 266 268 269 270 271 272 274 275 277 278 279 282 283 285 288 289 290 292 293 295 296 299 300 302 303 309 310 314 318
39 247 248 250 251 253 254 256 257 258 260 267 268 269 270 271 277 280 282 284 285 287 288 289 291 294 295 296 299 300 302 305 306 308 310 312 313 314 316 317
25 247 250 253 254 256 260 262 263 267 269 271 274 276 277 278 282 284 286 290 292 300 301 312 315 316
37 248 249 250 251 252 253 257 259 260 262 263 264 269 270 273 276 279 280 283 284 287 288 289 290 291 292 293 296 297 298 306 307 309 310 312 315 318
25 246 253 258 259 261 264 271 272 275 277 279 285 288 289 294 299 301 302 305 308 312 314 315 317 318
40 246 247 248 250 251 252 253 256 260 262 263 264 265 266 267 272 273 274 275 277 278 282 285 286 288 289 290 294 300 301 302 303 304 306 308 309 310 313 314 318
44 246 247 248 253 255 257 260 261 264 268 269 271 272 273 274 275 276 278 279 282 283 284 286 287 289 290 291 292 293 295 296 298 301 302 304 305 306 307 309 312 313 316 317 318
46 246 249 250 251 252 253 255 256 257 258 259 260 263 264 266 269 270 271 272 273 275 276 277 278 279 282 283 284 285 287 288 291 292 296 297 301 302 305 306 307 308 309 311 313 314 318
41 247 249 251 252 254 255 257 258 260 263 264 265 270 271 272 273 274 275 276 278 284 287 289 290 291 292 295 296 299 300 301 302 305 309 310 312 314 315 316 317 318
34 247 253 255 257 258 260 262 264 266 270 271 276 277 278 279 281 284 285 286 287 291 292 293 296 297 298 302 304 306 313 314 315 316 318
28 249 250 251 262 263 264 269 270 273 274 275 277 279 285 289 290 291 292 293 294 297 302 303 304 306 309 311 312
28 246 253 259 261 262 263 264 265 266 268 277 281 282 284 287 289 290 292 296 300 301 303 304 308 309 314 316 318
26 247 248 249 254 255 256 265 267 268 272 276 278 279 283 284 285 286 288 289 295 299 300 304 307 309 311
25 246 252 253 254 255 263 266 274 279 280 281 284 289 294 297 300 301 304 305 307 308 313 314 315 318
40 247 250 251 253 254 255 256 257 259 262 263 264 266 267 276 277 279 280 281 282 283 284 285 288 289 291 292 293 294 295 296 300 304 305 306 308 309 312 313 318
50 246 248 250 251 255 258 259 260 262 263 264 265 266 267 268 269 272 273 274 275 276 277 278 280 283 285 287 289 290 291 292 294 295 296 297 298 301 302 303 304 305 306 307 309 311 313 315 316 317 318
42 248 249 252 254 255 256 259 267 270 271 273 274 275 276 277 280 282 283 284 285 286 287 290 294 295 297 299 300 301 302 303 304 305 306 308 309 310 311 313 315 316 317
47 246 247 248 249 251 252 255 256 257 259 260 261 263 267 270 271 272 274 276 277 278 280 281 282 283 285 287 288 289 291 292 293 295 297 298 299 300 303 304 305 307 308 310 311 316 317 318
30 254 255 259 261 262 263 266 268 270 275 283 284 286 289 291 293 294 296 297 299 300 302 306 308 309 310 312 314 315 318
32 247 251 253 255 257 259 261 263 265 267 268 271 272 276 278 283 286 287 290 292 295 297 299 300 303 304 306 310 311 312 317 318
34 247 248 249 251 252 261 262 263 264 265 266 267 268 269 270 272 273 275 276 277 278 285 288 289 291 298 299 302 307 308 311 313 314 316
39 247 248 250 254 255 256 258 262 263 264 265 266 268 269 273 276 278 279 280 284 285 286 288 289 290 292 293 294 295 297 299 304 306 309 311 314 315 316 318
35 248 249 252 254 257 259 261 262 263 264 268 271 274 275 276 280 283 284 288 289 290 291 294 295 296 297 298 301 302 304 305 309 310 311 314
23 248 251 252 259 262 264 272 277 280 284 287 288 292 293 296 299 302 306 309 311 312 313 318
25 246 251 263 264 265 267 274 277 278 279 283 284 285 286 291 294 295 296 299 301 302 306 309 311 312
32 248 249 251 252 257 258 259 260 266 268 271 273 274 277 278 282 284 286 287 289 290 291 294 297 299 300 307 309 310 312 313 316
39 248 249 250 252 255 256 257 260 261 262 263 264 267 268 270 273 275 276 277 281 284 285 286 288 289 290 298 299 300 302 303 305 306 307 309 312 313 314 316
29 246 250 251 252 254 256 257 263 266 268 276 277 280 284 285 288 292 294 295 298 299 301 303 305 306 307 310 311 315
36 246 248 249 250 251 252 253 256 257 260 261 263 265 266 267 270 271 278 283 286 288 289 290 291 293 295 296 300 302 308 310 313 314 315 316 317
39 247 248 249 251 252 259 261 264 265 266 267 268 269 273 274 276 277 278 280 284 285 287 289 290 291 292 294 295 297 298 300 302 306 307 311 312 313 317 318
25 247 248 249 254 255 260 263 266 268 269 270 271 275 276 279 286 288 293 295 297 299 307 309 313 314
36 246 247 248 251 253 254 260 261 263 264 267 268 271 274 275 277 278 279 282 285 286 289 292 293 297 298 299 301 302 307 309 310 311 313 314 316
39 246 248 250 251 253 254 256 258 260 261 262 264 265 266 267 272 273 274 276 277 279 287 289 291 293 295 296 297 299 301 302 303 307 308 310 311 312 315 316
29 246 247 248 251 252 253 254 255 257 258 260 261 262 264 265 268 272 278 284 285 286 290 294 295 297 304 308 316 317
33 246 248 258 260 262 264 265 266 269 272 273 276 277 280 282 284 287 288 289 291 292 296 302 303 304 305 306 307 309 312 313 317 318
49 246 248 249 250 251 252 253 254 255 257 259 260 261 264 265 266 268 271 272 273 274 276 278 279 280 281 283 284 285 288 290 291 293 294 295 298 299 300 301 304 305 307 309 310 311 315 316 317 318
34 246 247 248 250 252 254 255 257 258 259 264 265 267 274 275 278 279 282 284 287 289 290 292 294 297 300 304 305 306 307 309 311 314 318
34 246 248 249 251 255 259 263 266 269 272 274 276 277 279 281 282 283 284 285 291 293 294 297 299 300 301 302 306 307 308 309 310 316 318
42 247 248 249 253 254 255 256 258 259 260 261 264 265 267 268 269 270 272 274 275 277 278 279 280 282 284 287 288 291 296 298 300 302 303 305 306 307 308 309 313 316 318
29 246 249 251 253 257 259 261 265 268 270 272 279 281 282 283 284 287 289 291 294 298 299 300 303 304 305 308 312 317
46 246 247 249 252 253 256 257 258 260 262 263 265 266 267 268 269 270 271 272 273 274 277 280 281 284 286 287 288 293 295 296 297 300 302 303 304 305 306 307 308 309 312 315 316 317 318
35 248 249 258 259 261 262 263 264 266 267 269 270 275 276 278 281 282 283 284 285 287 289 290 291 297 299 300 302 305 307 309 311 313 316 317
30 246 248 249 253 260 267 268 269 275 277 279 283 286 289 290 291 292 293 297 298 300 301 302 303 304 308 310 312 314 317
25 253 254 256 260 261 263 268 270 275 280 284 285 286 287 289 291 295 297 298 311 313 314 315 316 318
42 246 247 249 250 251 252 254 255 256 259 260 261 266 267 268 270 271 273 274 275 282 283 285 286 288 293 294 295 296 298 299 301 302 304 305 306 309 310 314 315 316 317
25 246 249 252 254 255 260 261 271 273 275 281 283 284 288 295 298 299 302 303 304 306 308 312 313 318
41 246 248 249 250 251 257 258 259 260 261 262 263 264 268 269 271 274 275 277 280 282 283 286 287 288 290 291 292 293 294 296 297 299 301 303 305 306 307 310 312 314
22 248 250 255 260 264 265 269 270 272 277 278 284 286 287 291 296 297 300 303 312 315 318
50 246 247 250 251 252 253 254 255 258 259 260 261 262 265 267 269 272 273 274 275 277 279 281 282 283 285 286 287 289 290 291 292 293 294 295 298 299 300 301 302 303 305 307 309 311 313 314 315 317 318
39 247 249 250 251 252 254 255 256 257 258 262 264 268 271 272 273 274 275 277 278 279 283 285 286 289 290 291 292 294 295 300 301 302 303 304 306 307 310 317
23 253 254 256 260 264 269 270 276 278 279 280 283 287 288 289 291 298 305 306 307 310 313 317
34 246 247 249 252 259 260 261 262 263 266 267 271 272 273 274 278 279 280 285 288 295 297 299 301 304 305 307 309 310 312 314 315 317 318
50 246 247 249 250 256 257 260 263 264 265 266 267 268 270 274 275 276 277 278 279 280 281 282 283 284 285 286 287 289 291 292 293 294 295 296 297 299 300 301 302 304 305 307 308 312 313 314 315 317 318
47 248 250 252 255 256 257 258 259 261 264 265 266 269 270 273 274 279 280 281 282 284 286 287 288 289 290 291 292 294 295 296 297 298 299 300 302 303 304 306 307 308 310 311 313 314 315 318
31 246 248 249 250 255 256 257 259 261 263 266 268 271 272 273 277 279 280 281 282 285 291 294 295 298 302 306 308 309 311 314
50 246 248 249 250 251 252 254 255 256 259 264 265 266 267 268 269 272 273 274 275 276 277 278 279 280 282 283 288 290 291 293 294 295 296 298 299 300 301 302 303 305 306 307 308 309 310 313 314 315 316
32 246 250 252 254 256 258 259 260 262 263 273 275 276 278 283 286 287 288 291 292 296 297 300 301 302 304 305 310 314 315 317 318
42 251 256 257 259 261 262 263 264 266 267 269 270 273 274 275 276 277 278 280 281 282 283 284 285 286 288 292 293 294 298 299 300 303 305 307 309 310 311 313 315 316 317
46 246 247 248 250 251 252 253 255 256 257 258 259 261 264 267 268 270 272 274 276 277 281 283 284 285 288 289 291 293 294 295 297 298 299 300 301 303 305 307 308 310 311 313 314 316 318
46 246 247 248 249 253 255 257 258 262 264 265 266 268 269 270 271 272 273 275 276 277 279 280 282 283 284 285 287 289 290 292 293 294 295 297 302 304 305 309 311 312 314 315 316 317 318
26 246 249 254 255 257 258 261 265 266 269 270 272 278 280 286 288 290 293 295 296 301 302 305 307 313 318
26 250 251 254 257 262 266 269 270 271 272 275 278 281 283 286 287 290 291 293 296 297 300 301 302 303 316
38 247 252 255 256 257 258 260 263 264 265 267 268 269 271 275 276 277 278 283 285 286 287 289 290 292 293 295 296 298 299 302 303 307 308 310 314 317 318
44 247 248 249 251 253 254 255 257 259 260 261 262 263 265 266 273 275 276 277 278 279 281 282 283 284 285 288 290 292 293 294 296 298 300 301 302 304 305 306 308 309 310 312 318
34 246 247 248 249 250 251 252 253 255 256 257 258 259 260 264 269 271 272 273 274 275 276 278 282 283 284 285 287 293 297 300 301 313 315
23 246 250 253 254 259 261 262 265 267 268 273 275 282 295 296 298 299 305 307 308 314 316 318
29 250 251 254 255 260 261 262 263 265 266 269 273 274 276 279 280 288 289 291 292 296 298 302 304 306 309 311 312 315
41 248 251 252 253 254 256 258 260 261 262 263 264 265 268 269 272 274 275 276 278 280 281 282 283 284 286 288 290 291 295 296 297 302 303 304 305 308 311 312 313 314
43 247 249 251 252 253 254 259 263 264 266 267 269 270 273 275 276 277 278 280 281 283 284 285 286 288 289 290 293 294 295 296 297 298 299 300 301 302 303 307 308 310 315 318
44 246 250 251 252 253 254 255 256 257 258 260 263 268 269 270 271 272 276 277 278 279 280 282 286 287 288 291 294 296 297 299 300 301 302 305 306 307 309 311 312 313 315 316 317
45 246 247 248 249 250 254 257 259 262 263 264 265 266 271 274 275 276 279 280 281 283 285 286 287 288 289 290 293 294 295 296 297 298 301 302 303 304 305 306 310 311 312 313 315 316
25 248 249 251 259 261 264 266 267 275 278 281 282 283 284 285 287 288 289 293 302 304 307 313 314 316
35 248 249 250 251 252 254 256 257 258 261 263 266 271 274 275 277 278 281 282 283 285 290 291 292 296 297 298 299 301 302 306 307 308 314 318
23 247 251 257 264 267 269 270 278 280 283 284 290 294 297 299 300 302 304 305 311 315 317 318
49 246 247 248 249 250 252 253 255 256 258 260 261 263 264 266 267 268 269 271 272 275 277 279 280 281 282 283 284 285 287 290 292 294 296 297 298 299 301 302 303 304 305 306 307 309 310 313 316 317
43 246 247 248 249 251 252 257 258 259 260 263 265 268 269 270 272 274 279 280 282 284 286 287 289 291 292 293 296 297 299 300 301 302 303 305 308 310 311 312 314 315 317 318
41 247 248 249 252 253 255 257 258 260 261 267 270 271 275 276 277 278 280 282 283 284 286 287 288 290 292 294 298 299 302 303 305 306 309 311 312 313 314 315 317 318
42 247 250 251 252 253 255 257 258 259 260 263 267 268 269 273 274 275 276 277 278 279 284 285 287 288 289 290 291 292 295 296 297 299 300 301 302 303 305 311 312 313 316
34 246 250 253 255 258 259 261 266 267 270 273 274 275 279 282 284 287 289 291 292 293 297 298 299 300 301 302 303 304 314 315 316 317 318
22 254 259 262 263 265 266 269 272 273 276 278 280 285 286 287 291 294 296 307 311 312 318
31 246 247 248 253 254 255 260 265 268 269 270 271 272 273 275 276 280 285 290 293 294 295 296 304 306 309 310 311 316 317 318
33 246 249 250 253 255 261 262 266 267 269 271 273 277 282 284 285 286 287 290 291 292 293 295 296 298 299 301 304 307 310 312 315 317
36 246 247 249 250 252 253 254 258 261 263 264 266 267 269 271 273 277 280 281 282 283 284 285 286 287 289 291 293 297 300 301 307 310 312 313 314
26 247 248 250 255 256 257 258 259 260 262 263 266 276 278 280 281 287 288 290 296 300 301 304 305 306 309
39 250 251 252 253 258 260 261 263 264 266 267 269 271 272 273 274 275 279 281 283 284 285 286 287 291 293 296 297 298 301 303 304 306 308 310 314 316 317 318
34 246 248 249 250 251 254 255 256 263 265 272 274 275 276 277 282 284 285 286 287 288 289 291 292 293 296 298 304 305 306 312 313 314 317
47 246 247 248 249 251 252 254 255 258 263 264 265 266 268 269 270 271 273 278 279 282 283 285 286 287 288 289 290 291 292 293 294 297 298 299 300 302 303 305 306 308 309 312 313 316 317 318
29 247 251 252 253 258 260 261 262 263 264 265 266 269 276 277 279 286 287 288 290 293 297 300 303 304 306 310 312 317
23 247 251 253 255 258 260 262 265 269 270 272 274 275 276 282 289 290 291 294 303 306 313 318
31 246 248 250 252 255 257 258 259 264 266 268 270 273 276 277 278 293 294 295 296 297 298 299 302 303 306 309 311 315 316 318
33 246 247 249 255 257 259 262 264 266 268 270 272 273 276 277 278 279 280 281 282 289 290 291 295 298 299 302 303 304 306 309 311 313
41 247 250 252 253 254 257 258 260 261 262 263 269 270 271 273 274 275 276 277 278 279 281 286 287 289 290 294 295 296 297 301 302 304 306 307 308 309 310 311 314 315
25 246 247 248 249 266 270 271 272 273 274 276 277 278 281 283 288 291 302 305 306 309 310 313 314 318
44 246 251 253 258 259 260 262 263 264 265 266 268 269 271 272 273 274 275 276 277 278 279 280 282 283 285 286 288 289 290 293 296 297 300 301 302 306 307 309 310 311 312 314 315
41 246 247 248 250 253 255 257 258 259 260 265 266 267 274 277 279 282 283 285 286 287 289 290 292 294 295 297 299 301 303 304 305 308 309 311 312 313 314 315 316 317
40 247 248 249 251 253 255 258 259 264 265 266 267 269 271 272 275 276 279 280 281 284 286 287 288 289 290 294 295 297 299 302 303 304 306 307 312 313 315 317 318
50 248 250 253 254 256 257 258 259 263 264 265 266 267 269 271 272 273 274 275 277 278 279 280 282 283 286 287 288 289 290 291 293 294 295 296 297 298 299 300 301 302 304 305 306 307 308 311 313 316 318
23 246 247 253 255 256 258 265 266 270 272 273 275 279 285 286 287 290 291 303 304 309 311 317
45 247 248 251 252 253 254 255 257 258 259 264 266 267 268 269 270 272 273 277 279 280 283 285 286 287 289 290 292 293 294 295 296 297 298 299 302 303 304 305 307 308 310 314 316 318
25 247 251 254 262 265 269 270 273 276 278 279 282 283 284 288 289 291 294 298 299 304 306 309 314 318
49 246 249 250 251 252 253 258 259 260 261 262 263 264 265 267 268 270 272 273 274 275 276 279 281 282 283 286 287 288 290 292 293 294 295 299 300 301 302 303 305 308 309 310 311 313 315 316 317 318
49 246 248 249 252 253 254 256 257 260 261 262 264 265 266 267 268 273 274 276 278 279 280 281 282 283 285 286 287 289 291 292 293 294 296 297 300 301 303 305 306 307 308 309 310 311 312 313 315 316
31 248 250 251 253 254 256 257 261 262 263 265 266 267 270 271 276 277 279 281 287 289 290 291 293 294 296 306 308 309 310 314
38 247 248 249 250 251 252 254 257 258 264 268 271 272 274 275 276 277 281 282 284 286 291 292 293 295 296 298 299 300 303 306 309 311 313 315 316 317 318
36 247 248 250 251 255 257 259 260 261 262 263 265 267 268 269 271 275 276 283 285 286 287 288 289 290 292 294 295 296 299 300 307 309 314 315 318
25 246 255 256 258 259 261 264 265 267 268 269 270 282 283 286 287 289 290 293 294 295 300 308 309 313
47 246 247 248 249 250 251 253 257 258 259 260 261 263 266 267 268 269 270 272 276 279 280 281 282 283 285 286 287 288 289 291 292 293 295 296 298 300 303 304 305 307 309 310 314 316 317 318
27 250 251 258 259 261 263 269 271 278 280 281 285 287 289 290 292 293 299 303 304 305 308 309 312 313 316 317
43 246 247 248 249 251 252 254 255 256 257 258 262 267 268 269 270 271 275 276 277 278 280 282 284 287 290 293 294 299 301 302 303 304 305 307 309 310 311 312 314 315 316 318
42 247 249 252 254 257 259 260 262 263 265 266 267 269 270 272 275 276 277 279 281 282 283 284 287 288 291 293 294 297 300 301 302 303 307 311 312 313 314 315 316 317 318
50 246 248 249 251 252 253 255 256 258 260 261 263 265 266 268 269 271 273 274 275 276 277 278 279 280 282 283 287 290 292 293 294 296 297 298 299 300 302 303 306 307 308 310 311 312 313 314 315 317 318
43 246 248 249 251 252 254 255 256 258 259 260 261 262 263 265 268 269 271 273 274 275 277 278 281 282 283 288 290 291 294 297 298 299 300 301 302 303 304 305 307 309 315 316
45 246 247 249 251 252 255 257 259 260 261 264 265 266 268 269 270 272 273 274 275 276 277 279 280 284 287 289 292 293 294 295 296 298 299 300 301 303 304 307 308 310 311 312 316 318
44 246 247 249 250 251 253 254 255 257 261 262 264 265 267 269 270 271 273 275 276 278 279 280 283 284 285 287 288 289 290 292 293 295 296 297 299 300 304 308 309 311 314 315 317
49 246 247 249 251 252 254 255 258 259 262 263 264 265 266 267 268 269 274 275 277 278 279 280 283 285 286 288 289 290 292 293 296 297 298 299 300 301 302 303 305 306 307 308 309 310 311 312 313 315
46 249 250 252 254 256 257 258 259 260 261 262 263 264 265 267 269 270 271 273 274 275 277 279 280 282 287 289 290 291 292 293 294 296 298 299 300 301 304 305 308 309 310 311 314 315 318
42 246 248 250 251 252 253 254 255 256 257 259 260 261 262 267 271 275 277 278 280 282 283 285 287 289 292 295 297 300 301 302 303 304 305 306 307 309 311 312 316 317 318
36 251 253 255 257 260 261 264 265 266 270 272 274 276 279 282 283 285 286 287 289 290 291 293 295 296 297 301 303 304 305 306 307 311 312 313 318
27 249 255 257 259 262 263 266 268 270 271 272 273 276 277 278 282 283 285 288 292 293 296 300 304 312 313 315
50 246 247 248 249 250 253 255 256 257 258 260 262 263 265 266 267 269 270 271 273 274 275 279 280 281 282 283 284 285 287 288 290 292 294 295 298 299 301 302 303 304 305 306 307 309 310 311 313 314 315
26 247 248 253 255 257 258 259 263 267 269 271 273 274 277 279 285 286 287 288 290 291 304 305 308 315 317
23 251 258 259 263 265 266 267 270 271 279 290 293 301 304 305 306 307 308 309 310 313 315 318
46 248 250 251 252 253 254 256 261 262 265 266 267 268 271 272 273 274 275 276 277 279 282 283 284 285 286 287 288 292 294 296 297 298 300 301 302 304 305 307 308 309 310 314 315 316 317
24 250 253 254 256 260 271 274 276 279 283 289 290 293 296 299 302 303 304 307 308 309 313 314 316
28 247 249 251 252 253 254 258 259 263 265 271 274 276 281 286 291 294 297 298 300 305 310 311 314 315 316 317 318
26 246 248 255 258 259 262 263 264 266 267 269 272 276 277 279 283 289 292 299 301 302 305 311 314 315 317
24 249 260 261 265 266 267 268 279 282 283 286 287 288 291 292 294 295 297 301 305 308 312 314 316
32 246 248 249 253 256 257 260 261 264 268 270 272 273 274 278 280 281 288 289 290 291 293 295 296 297 299 301 302 305 313 315 318
50 246 250 251 252 253 254 257 258 261 263 264 265 266 267 268 269 270 273 278 279 280 281 283 284 285 288 290 291 292 293 295 296 297 298 300 301 302 304 305 307 308 310 311 312 313 314 315 316 317 318
43 246 249 252 254 256 258 261 262 263 264 267 268 269 270 272 273 275 277 278 282 283 284 287 288 289 290 291 292 295 296 298 301 303 304 305 306 307 308 310 314 315 316 318
49 248 252 254 255 256 257 258 260 261 262 266 267 268 271 274 275 276 277 278 279 281 282 283 284 285 286 288 290 292 294 295 296 297 298 299 300 301 302 303 304 308 309 311 312 314 315 316 317 318
39 247 248 252 253 255 256 257 258 263 265 266 267 270 271 272 273 275 276 277 281 282 284 285 286 290 292 294 296 297 298 301 302 305 307 310 312 314 317 318
36 246 248 249 250 251 252 260 266 267 269 272 273 275 276 277 278 282 285 286 287 290 291 292 293 294 295 298 301 303 304 305 307 309 311 312 317
50 246 248 249 250 252 253 254 255 257 258 260 261 262 265 267 268 272 275 276 278 279 280 282 283 284 286 292 293 294 295 296 298 299 300 301 302 303 304 305 306 307 309 310 311 312 313 314 316 317 318
29 246 247 255 258 259 263 266 268 269 271 274 275 278 282 284 286 287 288 289 292 293 296 300 302 306 310 312 314 317
36 246 247 250 254 258 259 264 267 268 271 272 273 275 276 279 281 282 283 284 289 290 291 294 296 298 300 301 302 304 307 308 309 310 312 313 317
35 247 249 251 252 256 257 260 263 264 265 266 267 270 274 278 279 286 290 291 295 300 303 304 306 307 308 309 310 311 312 313 314 315 317 318
22 250 252 254 259 262 264 270 273 281 283 285 286 289 290 291 293 297 299 307 311 313 315
46 246 247 248 249 250 252 253 254 255 256 259 260 261 265 269 272 273 277 278 279 281 283 284 285 286 289 290 291 293 294 295 297 298 300 301 302 303 304 307 308 309 311 315 316 317 318
43 246 248 249 251 252 253 254 257 259 262 263 265 266 268 270 273 274 275 276 277 281 282 283 287 288 289 290 291 292 293 294 295 296 298 302 303 304 308 310 311 313 315 317
48 246 249 250 253 254 256 257 258 259 261 262 263 265 266 268 269 272 273 274 275 277 278 279 280 281 283 285 286 287 288 291 293 294 295 296 297 299 301 305 306 307 309 310 311 313 314 316 318
32 246 247 255 257 259 261 262 265 267 269 274 276 279 282 283 285 287 288 290 293 295 297 298 301 302 303 305 306 307 313 314 317
27 247 250 256 267 268 269 270 272 274 275 276 288 290 292 294 296 297 300 301 303 306 311 312 313 314 315 318
47 246 247 249 250 251 252 253 254 256 257 259 261 263 265 268 269 270 272 274 276 277 278 279 280 281 282 283 284 288 289 290 291 292 294 295 296 297 298 301 302 305 307 308 309 312 315 317
32 250 251 252 253 254 255 257 258 260 262 264 267 270 272 277 278 279 280 283 287 298 300 301 302 303 305 306 310 314 315 316 317
40 246 247 250 251 253 254 255 258 260 261 269 270 271 272 274 276 278 281 282 284 285 286 287 288 289 290 294 296 297 298 299 301 302 305 307 309 310 313 316 317
47 246 248 249 250 253 255 256 259 260 261 262 263 267 268 269 270 272 273 275 276 278 282 283 285 287 288 291 292 293 296 297 298 299 300 301 302 304 305 306 307 308 310 311 315 316 317 318
31 246 247 249 252 259 263 264 266 268 270 271 272 274 275 276 277 279 284 285 289 291 292 294 297 301 303 306 307 311 313 316
32 246 247 250 251 252 253 259 261 264 266 267 268 269 273 274 275 278 285 287 288 291 295 296 297 298 299 302 304 310 313 317 318
49 247 248 252 253 254 255 256 257 258 259 261 263 264 265 266 267 268 270 272 274 275 279 280 281 285 287 288 289 290 291 293 295 296 297 298 299 301 304 306 307 308 309 310 312 313 314 315 317 318
32 246 248 249 250 255 262 264 265 268 269 270 271 272 275 278 282 286 291 292 294 297 300 301 303 304 306 307 308 309 312 313 318
36 246 248 250 251 253 255 256 259 264 266 269 270 273 275 276 277 278 279 283 285 286 288 290 291 292 293 295 299 303 309 310 311 312 313 315 318
34 247 249 250 256 259 262 265 266 267 270 274 276 280 281 286 287 288 289 291 293 295 296 297 301 302 303 304 306 309 310 312 314 315 316
31 246 248 250 251 254 256 259 260 261 262 266 267 269 271 278 279 280 282 286 290 291 292 296 298 300 304 307 309 310 313 314
49 246 247 249 250 251 252 253 254 255 256 257 258 260 261 262 266 269 270 273 275 276 277 278 280 281 282 285 286 287 289 290 291 292 296 297 299 300 301 303 304 305 306 307 308 309 313 314 315 318
44 246 247 248 251 252 253 254 256 257 261 262 264 266 267 268 269 270 272 274 276 278 279 280 281 283 289 291 292 294 295 297 298 299 300 304 306 310 311 313 314 315 316 317 318
49 246 247 248 249 251 252 254 255 256 258 261 263 264 265 266 268 269 271 272 273 275 276 277 279 281 282 283 285 286 287 288 289 291 293 294 295 297 300 302 304 306 307 308 309 311 312 313 314 317
45 246 247 250 252 253 255 258 259 262 263 265 266 267 270 271 272 273 277 278 279 280 282 284 285 286 288 290 291 292 293 294 295 297 298 300 301 304 305 306 308 310 311 316 317 318
26 246 251 252 255 256 264 266 268 270 275 279 280 282 283 287 288 294 298 299 300 301 302 307 310 311 315
46 247 248 252 254 255 256 257 258 259 260 261 262 264 265 266 269 270 271 273 274 276 277 278 279 283 284 288 289 290 291 293 294 295 296 297 298 300 301 302 305 306 307 311 312 314 317
32 246 248 249 250 252 254 255 256 257 261 271 273 274 278 280 282 283 284 287 289 290 291 292 298 299 301 302 307 311 314 317 318
22 250 253 255 260 261 272 273 274 281 282 283 287 288 289 294 296 299 300 306 308 317 318
34 246 249 250 253 254 256 260 261 262 263 265 266 268 269 271 276 277 279 282 284 286 289 290 291 296 297 298 299 302 303 307 310 312 313
42 246 249 251 252 253 254 255 256 257 258 261 262 263 264 265 266 267 268 270 274 275 276 277 278 280 285 287 290 295 296 297 301 302 303 304 306 307 309 313 314 315 317
26 246 247 251 255 258 262 264 267 269 271 272 277 279 280 285 291 292 297 303 304 307 308 311 313 317 318
33 247 248 249 250 252 253 256 262 266 268 269 273 277 278 279 281 282 284 285 292 294 296 297 301 303 304 305 308 309 310 312 313 315
37 247 251 252 254 257 260 261 262 263 265 268 272 273 274 276 277 278 280 282 284 285 286 288 289 295 297 298 300 303 304 305 306 307 309 316 317 318
38 246 249 250 252 253 254 255 257 258 260 261 263 267 268 270 273 275 276 279 280 281 283 284 288 292 293 294 296 297 298 300 301 303 306 310 313 314 315
25 246 247 249 250 251 253 255 258 259 260 263 267 271 272 276 283 291 292 297 298 301 305 310 315 318
36 248 249 250 251 252 254 256 257 258 261 264 271 276 278 280 284 285 286 287 289 290 294 295 297 299 300 301 304 305 306 307 308 311 313 315 316
26 246 247 248 249 254 261 263 264 269 272 274 279 282 283 289 290 293 295 297 298 303 305 307 309 310 316
50 246 247 251 252 254 256 257 259 261 263 264 265 268 269 270 272 273 275 276 278 280 281 282 284 285 286 287 288 290 292 294 295 296 297 299 301 302 303 304 305 307 308 309 310 311 313 314 315 316 318
38 247 250 253 255 256 257 259 260 261 264 267 268 272 273 275 277 278 279 280 281 284 287 289 292 296 298 300 302 303 304 305 306 309 311 312 313 317 318
31 246 247 248 255 257 262 263 267 268 269 270 271 273 275 276 278 280 281 284 285 287 288 290 293 294 299 305 311 312 313 317
34 249 252 254 258 259 260 261 262 263 265 266 269 272 273 280 284 287 289 291 293 295 298 303 305 306 307 309 311 312 313 315 316 317 318
32 248 254 255 256 257 261 262 265 267 268 270 271 272 274 276 281 282 283 284 285 286 289 293 298 302 304 307 308 312 315 316 318
39 249 250 251 254 255 257 261 263 264 265 267 268 272 273 275 279 282 283 286 287 290 293 294 295 297 299 300 301 302 303 304 305 307 308 309 310 312 314 317
24 248 251 252 253 254 259 263 265 267 269 277 279 282 283 284 298 299 300 302 303 308 312 314 317
41 246 247 251 252 253 254 255 256 257 259 260 262 263 265 268 271 272 274 275 277 278 282 284 285 286 288 289 291 292 296 297 298 300 302 303 304 305 309 310 314 318
45 248 251 252 253 254 256 257 258 259 261 265 266 267 268 273 274 275 276 278 279 281 282 284 285 286 287 288 289 290 291 292 293 294 300 301 303 304 305 308 309 310 311 312 315 318
30 246 247 250 253 255 257 262 263 264 266 267 273 274 275 276 280 282 283 285 286 288 292 294 298 300 306 311 313 315 316
24 251 254 256 262 263 265 269 270 271 273 274 278 280 282 286 287 288 291 299 300 310 312 313 315
42 247 249 250 253 254 255 256 257 258 260 261 264 269 271 272 274 276 277 278 279 283 289 290 292 293 294 295 296 298 299 300 301 302 303 305 306 309 311 312 313 314 318
48 246 247 250 253 256 259 261 262 263 264 266 267 268 269 270 271 272 276 277 279 280 281 282 283 286 287 288 289 291 292 293 294 295 297 299 300 301 302 303 305 306 307 310 313 314 315 316 317
45 248 250 251 252 254 256 258 259 260 262 263 265 268 271 272 274 275 278 279 280 281 283 285 286 288 290 291 293 294 297 298 299 300 303 304 305 308 309 311 312 314 315 316 317 318
44 247 251 252 253 254 262 263 264 265 266 267 268 269 270 271 272 273 274 275 277 281 282 283 288 290 291 293 294 295 296 297 298 299 300 301 302 303 304 306 308 309 311 315 316
34 246 247 248 249 250 252 254 256 259 263 264 266 268 269 275 278 280 283 285 288 290 293 295 297 300 306 307 308 309 311 312 313 314 316
49 246 247 248 250 251 252 253 254 255 256 257 260 262 265 266 267 268 270 272 275 277 278 279 281 282 284 285 286 287 288 290 291 292 294 295 297 298 301 302 304 305 307 309 310 311 312 313 314 318
25 249 250 251 257 262 263 267 278 279 281 283 284 286 288 291 293 294 297 298 304 306 311 312 313 317
25 249 250 257 258 259 264 266 268 272 274 276 281 283 284 285 286 288 290 298 301 302 314 315 317 318
27 248 253 254 255 259 260 263 265 266 267 268 270 273 274 281 285 288 292 295 296 297 301 303 304 308 312 313
26 248 253 254 257 258 264 265 266 267 269 273 274 277 278 282 285 288 290 291 294 297 298 301 305 307 317
23 248 249 250 257 258 259 260 262 263 268 273 279 281 282 284 290 295 296 304 306 308 311 317
45 249 251 252 253 255 256 259 261 263 266 268 270 271 275 276 277 278 283 284 285 286 287 288 290 292 294 295 296 297 300 301 302 305 306 307 308 309 310 311 312 313 314 315 316 317
48 247 248 249 251 253 254 255 256 257 259 260 261 264 265 266 268 269 270 271 272 277 278 279 280 282 283 285 287 288 290 291 292 295 296 297 298 301 302 305 306 308 310 312 313 314 315 316 317
36 246 248 250 252 253 254 257 258 259 262 264 267 269 270 271 272 276 277 278 280 281 283 285 286 287 288 291 294 296 304 306 309 311 312 316 318
43 247 248 250 251 252 253 254 257 261 262 263 264 265 267 268 269 270 271 273 280 281 283 286 287 290 292 293 295 297 299 300 301 302 303 306 307 309 310 311 312 314 315 317
35 246 247 249 250 254 257 260 262 266 269 270 271 272 277 278 279 280 281 282 284 287 291 292 295 297 301 302 304 306 307 308 310 311 313 317
42 246 248 249 251 253 257 258 260 263 264 265 268 270 271 276 278 283 288 289 292 293 294 295 296 297 298 299 300 301 303 304 305 307 308 309 310 311 312 313 315 317 318
50 246 247 248 249 250 253 255 256 258 259 260 261 262 265 266 267 268 269 270 271 273 275 276 277 279 281 282 285 287 289 291 292 293 294 295 296 298 302 303 304 306 307 308 310 311 312 314 315 316 317
24 246 247 260 267 268 269 270 272 274 276 280 285 288 289 295 297 298 302 304 306 308 309 314 317
40 246 247 249 252 253 254 255 256 257 260 262 263 267 269 270 272 273 274 278 280 281 282 283 285 286 287 288 291 292 293 294 299 303 305 306 307 309 311 315 318
40 246 248 250 251 252 253 257 259 260 261 262 263 266 269 271 273 275 277 279 281 283 284 285 286 287 288 290 292 293 294 295 299 300 305 307 309 311 314 316 317
46 247 248 249 252 253 254 256 257 258 259 261 262 263 264 265 266 267 268 271 272 274 276 280 282 286 287 288 289 291 292 293 294 296 297 298 299 301 302 303 304 309 310 312 314 315 318
36 246 248 251 253 255 258 261 263 265 266 267 269 271 272 273 276 277 278 280 283 284 286 287 288 291 294 297 300 304 307 308 309 310 314 316 317
26 246 247 258 266 270 272 273 277 282 283 285 288 289 292 293 294 296 298 300 301 310 312 313 314 315 317
36 247 250 254 258 259 262 264 265 266 267 268 269 270 274 275 277 278 279 281 285 287 289 291 292 294 295 298 300 301 302 305 307 308 311 316 318
36 248 249 250 251 255 257 258 259 261 264 265 266 267 269 275 277 278 279 281 282 287 288 289 290 294 295 296 298 303 304 307 309 310 311 314 315
38 246 247 248 249 250 251 252 257 260 261 266 269 270 271 273 274 277 278 282 284 288 289 290 293 294 295 296 298 300 301 302 304 306 307 310 311 315 316
27 248 249 250 251 253 259 261 264 265 266 268 277 279 280 282 283 286 287 293 296 297 303 306 308 314 315 317
43 246 247 248 249 250 251 252 255 256 257 258 261 265 266 267 268 271 273 275 277 278 279 280 281 283 286 287 288 290 291 292 296 298 299 300 301 302 305 309 313 314 316 317
27 250 251 252 254 255 258 263 265 269 270 271 272 273 276 279 280 281 284 291 292 295 296 298 299 300 311 315
50 246 247 249 251 253 254 255 256 258 259 260 261 263 264 267 271 272 273 274 275 279 280 281 282 283 284 285 288 289 292 294 295 296 297 299 300 301 302 303 304 305 306 309 310 312 313 314 316 317 318
41 246 247 249 251 253 254 256 258 259 260 261 263 264 265 268 269 271 272 274 282 283 284 285 288 289 290 291 292 293 296 297 298 300 306 310 312 313 315 316 317 318
24 251 252 254 256 258 260 261 262 267 268 272 275 277 278 288 289 300 301 304 306 308 310 311 315
24 247 254 260 264 267 269 271 272 276 278 280 285 288 292 293 294 295 296 298 299 304 306 307 311
35 246 247 248 250 251 257 258 259 260 266 277 281 282 283 285 286 287 290 291 292 293 294 296 302 303 304 306 308 309 310 312 313 314 315 318
35 247 248 249 252 253 257 260 262 263 268 269 270 275 276 280 281 282 284 285 286 288 290 292 300 302 303 305 311 312 313 314 315 316 317 318
42 246 247 249 250 252 253 255 256 258 260 261 262 263 267 269 272 273 275 276 281 283 284 286 287 288 289 291 292 294 295 297 304 307 310 311 312 313 314 315 316 317 318
36 246 249 251 255 261 262 263 264 265 267 269 270 274 275 276 277 278 282 285 289 290 291 292 294 295 296 297 299 301 302 303 305 309 314 315 318
39 246 248 249 250 251 255 257 260 264 265 266 269 271 277 279 281 282 284 285 286 288 290 292 294 300 301 304 305 306 308 310 311 312 313 314 315 316 317 318
38 246 247 250 251 254 255 257 258 260 263 264 265 267 268 269 270 271 273 274 276 277 278 290 291 292 293 294 295 296 298 299 305 306 308 309 312 314 318
26 249 258 260 262 264 265 270 272 276 279 280 282 284 286 288 290 293 294 298 299 308 309 314 316 317 318
22 246 257 258 261 262 263 264 267 268 270 272 279 280 281 286 288 289 290 294 298 308 310
36 248 254 255 256 259 260 263 264 268 270 271 272 273 274 276 278 280 284 285 286 287 289 291 295 297 298 300 301 302 303 305 307 308 310 312 314
44 248 249 251 252 258 259 260 261 265 267 268 271 272 274 276 277 278 279 282 284 285 286 287 288 289 290 291 292 294 295 297 299 300 303 304 305 307 309 310 313 314 315 316 318
29 248 252 255 258 260 265 266 267 270 271 275 276 281 283 286 289 290 291 292 294 295 296 300 302 304 307 309 316 317
27 250 251 252 254 256 258 261 264 266 269 273 274 278 281 282 289 291 292 293 295 300 301 302 306 310 315 318
33 251 253 254 255 256 257 259 260 261 263 268 271 273 274 276 277 278 280 281 284 285 286 287 293 296 300 301 302 303 310 312 316 317
42 246 247 248 250 252 254 256 259 260 261 262 264 265 266 268 272 273 274 276 278 279 280 282 285 289 291 294 295 298 299 301 303 304 305 306 308 310 311 312 313 315 316
27 246 247 251 261 266 268 269 271 272 274 277 278 280 282 283 284 285 287 288 289 294 297 300 309 313 314 316
45 246 248 249 250 254 258 261 263 264 265 267 268 269 270 271 273 274 276 277 280 281 282 283 284 286 288 290 291 294 295 296 297 298 299 301 302 303 305 306 307 308 309 312 315 318
32 246 248 249 251 255 262 264 265 267 269 274 275 276 280 281 284 286 287 288 289 291 292 294 296 300 301 304 309 310 313 314 318
31 247 248 251 252 253 255 260 263 264 265 267 268 269 271 272 274 281 285 288 291 294 298 302 307 309 310 312 313 314 315 316
33 248 251 253 254 257 258 259 260 262 263 270 271 272 276 281 282 288 289 291 292 293 294 295 296 299 303 304 309 311 312 313 315 316
39 246 247 249 252 253 254 255 256 259 261 263 264 265 267 268 269 274 275 276 281 282 284 285 288 289 290 291 292 293 294 302 303 305 307 310 311 314 315 316
36 248 249 250 251 252 255 256 257 258 259 260 262 263 271 272 273 275 276 281 283 286 287 289 294 297 298 299 303 307 309 310 311 312 314 315 316
31 246 247 248 256 258 261 268 270 273 274 275 276 281 283 284 285 286 288 292 294 297 299 300 303 305 307 308 311 314 315 318
36 246 247 249 253 255 257 258 261 262 263 264 265 266 269 273 279 280 281 283 284 286 288 289 290 291 292 293 294 295 297 300 301 303 307 312 316
33 246 248 249 250 253 256 257 259 260 269 271 272 273 274 277 278 281 284 285 289 290 291 295 299 300 302 306 308 309 310 313 314 318
47 248 249 250 252 253 254 255 259 260 263 264 266 268 269 270 272 274 276 277 278 279 281 282 283 284 287 288 289 290 294 295 297 298 299 300 301 302 304 305 307 309 310 312 314 316 317 318
27 248 249 252 253 255 264 266 268 271 274 277 278 279 280 282 284 285 286 292 294 300 301 302 308 309 310 311
35 246 248 249 250 251 253 256 257 260 261 262 264 266 267 268 270 273 277 279 281 284 288 289 290 291 292 293 295 297 299 300 303 304 307 318
46 248 250 251 252 253 255 256 257 260 262 265 266 267 269 270 272 274 276 277 278 279 280 281 282 284 285 286 287 288 289 291 293 295 299 300 303 304 306 307 308 309 311 313 314 315 317
41 248 249 250 253 254 255 256 257 258 260 261 262 263 265 266 267 269 271 273 274 276 280 283 284 286 289 290 292 295 296 297 298 299 301 302 305 307 310 311 313 316
43 246 247 248 249 252 253 254 255 257 259 260 262 263 264 265 268 270 273 274 275 276 279 280 281 283 284 285 286 289 290 291 292 294 296 300 301 302 305 306 307 308 312 317
33 246 248 254 255 258 260 264 268 274 276 277 281 282 283 284 285 286 287 289 292 294 295 297 299 300 303 306 308 309 310 313 315 317
42 246 248 249 250 253 254 255 256 257 260 262 264 265 266 267 268 269 270 271 272 273 275 276 277 283 285 286 289 290 293 294 295 296 299 300 301 305 306 309 315 317 318
41 247 248 251 252 255 259 260 261 262 264 266 267 271 273 274 277 278 279 281 282 283 287 290 292 294 295 296 297 298 299 301 302 303 304 305 306 310 311 313 315 317
40 246 248 250 254 255 258 259 260 263 265 266 267 270 272 274 276 277 278 279 281 283 284 285 286 287 289 291 294 296 297 298 300 301 302 303 308 309 311 315 318
44 246 248 251 253 254 257 259 260 261 262 264 265 269 271 274 276 277 278 280 281 282 283 284 286 291 292 293 294 296 297 299 300 302 304 305 306 307 308 311 312 313 314 315 317
28 247 252 255 256 264 267 268 271 275 277 280 283 285 291 293 297 298 299 300 301 302 303 304 305 306 312 313 318
45 247 248 250 252 253 254 255 256 257 258 262 263 265 269 271 274 275 276 277 278 279 280 282 283 284 285 287 290 291 292 293 294 295 298 300 307 308 309 310 312 314 315 316 317 318
46 247 248 250 252 256 258 262 263 266 269 271 272 273 274 276 277 278 280 282 283 287 289 291 292 293 294 295 297 298 299 300 301 302 304 306 307 308 309 310 311 312 313 314 315 316 317
33 247 248 251 253 254 255 257 261 263 264 267 273 274 276 278 279 280 282 283 285 286 287 289 292 294 298 301 303 306 308 316 317 318
48 246 248 249 251 252 253 255 256 258 262 263 264 266 268 270 272 273 274 276 277 279 280 281 282 285 289 290 292 293 295 297 298 299 300 301 302 303 304 305 306 307 308 312 313 314 315 316 317
33 246 250 255 259 260 263 265 266 267 268 269 274 276 278 279 282 283 284 286 287 288 292 294 295 299 303 304 305 306 307 308 309 318
29 247 248 254 258 261 262 264 268 273 275 279 280 285 286 288 289 290 293 295 298 300 302 304 309 311 313 314 315 317
25 246 247 250 251 255 256 262 264 268 269 270 284 285 289 290 291 295 296 297 299 301 302 304 312 316
