434 2351
63 1 2 3 4 5 6 7 8 9 10 11 12 13 14 15 16 17 18 19 20 21 22 23 24 25 26 27 28 29 30 31 32 33 34 35 36 37 38 39 40 41 42 43 44 45 46 47 48 49 50 51 52 53 54 55 56 57 58 59 60 61 62 63
21 6 12 14 17 18 19 20 27 28 29 31 37 40 49 50 52 54 56 57 59 61
38 1 2 3 4 5 6 8 9 11 12 16 19 21 22 23 27 28 32 34 35 36 37 38 40 41 42 47 48 49 50 51 53 54 56 58 59 60 62
46 1 2 4 5 6 7 9 10 11 15 16 17 18 19 20 21 22 23 24 25 28 31 32 33 34 37 38 39 40 41 42 43 45 47 48 49 50 51 52 53 55 58 59 60 62 63
38 3 4 5 7 11 12 13 14 17 18 19 23 24 26 27 29 31 32 33 38 39 40 43 44 45 46 47 51 52 53 54 55 56 57 58 59 62 63
30 1 4 9 10 13 16 17 19 20 21 22 24 26 27 29 31 33 34 35 38 42 46 47 48 49 50 54 58 59 60
32 4 5 11 12 13 16 17 18 20 22 23 24 25 26 31 32 34 35 36 41 44 45 49 51 52 54 55 56 57 60 61 63
44 1 2 3 4 5 7 10 11 12 13 14 15 16 18 19 20 21 23 25 26 27 28 29 31 32 33 35 37 38 39 41 42 44 45 47 49 50 52 54 55 59 60 62 63
49 1 2 3 4 5 7 8 9 11 12 14 15 16 17 18 19 20 23 24 25 27 29 30 31 32 33 35 36 37 38 39 40 41 43 44 46 48 49 50 51 53 54 55 56 57 60 61 62 63
26 2 3 5 6 7 8 9 12 14 15 16 18 22 26 29 32 34 36 41 43 44 45 49 55 60 61
21 2 4 5 6 16 21 23 27 28 32 34 36 37 38 44 45 49 52 54 58 63
45 2 4 5 6 7 9 10 11 12 13 14 15 16 18 19 20 21 22 23 24 25 26 27 30 31 32 38 39 40 42 44 47 48 49 50 52 54 55 56 57 58 60 61 62 63
45 1 3 5 7 8 9 10 11 14 16 20 21 22 23 24 25 26 28 29 30 33 34 36 37 39 40 42 43 44 45 46 49 51 52 53 54 55 56 57 58 59 60 61 62 63
33 3 4 6 7 9 10 11 12 14 16 17 19 20 22 24 26 31 32 33 35 37 39 40 43 45 47 53 55 56 60 61 62 63
50 1 2 3 4 5 6 8 10 11 12 14 17 18 19 21 22 23 24 25 26 27 29 30 31 32 33 35 36 37 38 40 42 43 44 45 46 47 48 50 51 52 53 54 55 56 57 59 61 62 63
34 2 3 4 5 6 7 8 9 12 14 16 17 18 19 20 26 28 29 30 31 34 35 37 38 40 43 45 46 47 51 52 55 58 62
38 1 2 3 6 8 9 10 12 13 14 15 17 19 26 27 28 29 30 31 32 34 36 38 39 42 43 44 46 47 48 50 52 53 55 56 59 62 63
19 1 3 8 17 22 24 32 33 35 38 40 41 43 46 50 51 58 59 61
24 6 7 11 12 14 18 19 23 24 25 26 28 29 30 31 34 36 37 43 45 48 58 60 63
37 2 3 4 7 10 12 14 15 16 18 19 20 21 22 23 25 33 35 37 39 40 42 43 44 45 46 47 48 49 50 51 52 53 56 57 60 63
26 3 5 6 7 10 11 17 22 23 24 32 33 34 35 41 45 47 48 49 50 53 55 56 57 60 63
49 1 2 3 5 6 7 8 10 12 13 14 15 16 17 19 20 23 24 25 26 27 28 29 30 31 33 34 35 36 38 39 40 42 43 44 46 47 48 50 51 52 53 54 55 56 57 58 61 62
35 5 6 7 10 12 13 15 16 18 19 21 22 27 30 31 32 33 34 37 40 41 42 44 47 48 51 52 53 54 55 56 58 59 61 63
33 5 6 8 9 10 11 17 21 22 26 32 34 36 37 39 41 43 44 45 46 47 48 51 52 53 54 56 58 59 60 61 62 63
37 1 2 3 5 9 10 12 13 15 16 18 19 20 21 22 24 25 26 28 32 34 35 36 38 42 43 45 46 47 49 50 52 54 56 58 59 60
39 3 4 5 6 7 9 10 11 13 14 15 17 19 20 21 22 24 25 26 27 28 29 30 31 32 34 36 40 44 45 46 51 52 53 55 58 60 61 63
37 2 3 5 6 7 8 9 10 11 12 14 15 17 18 19 20 23 24 25 28 30 31 32 33 34 35 38 39 41 45 49 50 51 54 58 59 61
49 1 2 4 5 7 8 9 10 12 13 15 17 18 19 20 22 23 24 25 27 28 30 31 32 33 34 35 36 37 38 41 42 43 44 45 46 48 49 53 54 55 56 57 58 59 60 61 62 63
27 2 8 9 13 15 16 17 19 20 22 23 24 28 29 33 35 36 40 41 47 49 50 51 52 53 57 62
21 3 4 6 7 14 16 23 30 31 35 37 38 39 40 41 43 47 49 53 54 55
29 4 5 6 7 9 10 11 13 14 15 17 19 21 24 27 32 36 39 40 42 43 44 45 47 48 49 50 51 62
23 1 2 8 13 17 18 19 22 23 26 27 28 32 37 39 44 48 52 54 57 59 61 63
50 2 4 5 6 7 8 9 10 11 13 14 15 16 17 18 19 20 21 22 24 26 28 29 30 31 32 33 34 35 36 37 38 39 40 43 45 46 47 48 49 53 54 55 56 58 59 60 61 62 63
28 1 2 3 5 11 14 20 21 24 25 27 28 35 36 40 42 44 45 48 50 51 52 55 56 57 58 62 63
45 1 2 4 6 7 8 9 10 12 13 16 17 19 22 23 25 26 27 28 29 30 31 32 33 34 35 36 38 40 42 43 44 45 46 49 50 52 53 54 57 58 59 60 62 63
36 1 2 4 5 6 8 13 14 16 17 19 20 21 24 25 26 27 28 29 30 32 34 35 36 37 38 39 40 44 45 52 55 57 58 59 63
22 1 2 7 9 11 13 20 23 27 30 32 34 35 36 38 40 42 46 47 49 55 58
20 3 6 9 13 14 21 23 25 29 32 33 40 43 47 53 54 55 57 58 63
29 4 5 6 7 10 14 15 16 17 18 20 27 32 33 34 37 38 40 42 43 44 48 50 51 52 53 54 61 63
34 2 3 7 9 13 14 17 19 20 25 30 33 37 38 39 40 41 43 45 46 47 48 49 51 53 54 56 57 58 59 60 61 62 63
37 1 2 3 6 10 11 12 18 20 21 22 24 26 28 30 31 33 35 37 39 40 41 42 43 44 46 48 49 51 52 53 55 56 57 61 62 63
34 1 3 4 5 6 9 12 13 14 17 20 22 24 27 28 30 31 32 33 35 39 42 44 48 50 52 53 54 55 57 58 60 61 62
37 1 3 6 9 10 11 13 14 15 16 18 20 21 22 23 24 25 26 27 29 30 31 36 38 39 41 42 44 48 49 51 53 58 60 61 62 63
34 2 3 9 11 13 16 17 18 19 21 23 24 25 26 27 29 31 32 35 37 38 39 40 43 46 48 49 50 52 54 55 56 58 59
48 1 2 3 4 5 6 7 8 9 10 11 12 13 14 15 16 18 19 21 22 24 26 27 31 33 34 35 36 37 38 40 42 43 46 47 48 49 51 52 53 55 57 58 59 60 61 62 63
26 3 5 7 9 11 12 15 16 18 23 24 27 29 31 32 33 35 39 41 45 49 54 55 56 59 62
20 1 4 5 7 8 11 18 20 28 30 31 35 37 45 46 47 49 56 60 61
41 1 2 3 5 6 7 10 12 13 15 16 19 21 22 23 24 25 27 28 30 31 32 34 35 39 40 41 42 43 47 49 50 51 52 53 54 55 56 59 62 63
21 1 6 10 11 14 18 19 20 21 24 29 30 35 42 43 49 50 52 54 55 58
43 2 3 4 5 7 8 9 10 13 14 15 16 17 18 19 20 22 23 24 29 30 31 32 36 37 38 42 44 45 46 47 51 52 53 54 55 56 57 58 59 61 62 63
42 2 3 5 8 9 10 11 12 13 14 15 19 20 21 23 26 27 29 30 31 32 33 35 36 37 38 39 42 43 44 45 48 49 50 51 53 54 55 57 60 61 63
40 1 2 3 4 5 6 8 9 10 11 12 14 15 16 20 21 22 25 27 32 36 37 38 39 40 41 42 43 44 47 48 49 53 55 57 58 59 61 62 63
20 4 8 11 12 14 17 20 21 29 35 36 39 42 45 50 54 56 59 61 62
36 1 2 4 5 7 8 10 11 12 13 15 17 18 19 20 21 22 23 26 30 32 33 34 35 39 40 41 44 46 48 51 52 56 58 61 62
37 4 5 6 8 10 13 15 16 17 18 19 20 21 23 25 26 28 30 32 34 38 40 41 42 43 44 47 49 50 52 53 54 56 57 59 60 62
41 4 5 7 8 9 10 12 13 14 17 18 19 20 21 22 23 24 26 29 36 37 38 39 40 41 42 43 45 46 48 49 51 52 53 55 56 58 60 61 62 63
36 1 7 8 9 10 11 13 14 16 17 20 23 24 28 29 30 33 35 37 38 39 40 41 42 45 46 47 50 51 52 53 54 55 57 59 62
42 1 2 3 4 5 6 9 11 12 13 15 16 17 18 22 24 26 28 29 30 31 32 33 34 35 36 37 39 40 41 46 48 49 50 51 52 53 56 58 60 61 62
21 2 4 7 13 15 16 19 26 28 37 38 44 45 48 50 54 55 57 59 62 63
21 1 4 10 12 15 19 23 25 29 30 32 34 39 41 42 43 53 54 56 57 61
31 1 4 5 6 11 12 13 21 23 24 27 28 31 33 37 38 39 40 43 45 46 47 48 50 51 52 56 59 61 62 63
21 1 2 4 9 10 13 14 24 25 26 28 29 30 32 34 36 41 42 46 60 62
41 2 3 6 8 10 11 13 14 15 16 17 19 22 25 26 28 29 31 32 33 34 36 37 38 39 42 43 44 45 47 48 50 51 54 55 56 57 58 59 61 63
23 1 3 5 9 10 12 13 14 16 22 24 31 32 34 42 49 51 52 54 55 57 60 63
23 2 3 5 6 7 9 12 19 21 33 34 35 36 40 43 44 46 48 50 52 55 61 63
46 1 2 6 7 8 10 11 12 13 14 15 16 17 18 19 21 23 24 25 26 28 29 31 32 33 34 35 36 37 38 41 43 44 45 46 47 49 51 52 53 54 55 56 58 60 61
47 2 3 5 6 7 8 9 10 13 14 15 16 17 18 19 20 21 22 23 26 27 29 31 32 33 34 35 37 38 39 40 41 42 44 45 47 49 50 51 53 54 55 56 57 61 62 63
31 4 6 8 9 10 12 14 16 17 20 21 22 23 25 28 29 38 39 41 43 44 46 48 49 53 54 56 57 60 61 62
30 4 6 9 16 20 22 24 26 27 28 30 32 34 36 37 38 40 46 47 49 51 52 53 54 55 56 57 58 61 63
45 1 2 3 5 6 7 8 9 10 11 12 13 15 16 17 18 20 21 22 23 25 26 27 28 30 31 32 33 34 35 36 41 44 45 47 48 49 51 52 53 54 56 58 59 61
29 3 7 14 15 16 17 19 21 23 24 25 26 27 29 34 35 37 40 44 46 49 50 51 53 54 55 58 60 63
43 2 3 4 5 6 7 9 10 12 13 14 15 16 17 18 19 22 23 24 25 27 28 30 31 32 33 36 38 41 45 46 48 49 50 51 52 55 56 57 58 59 61 62
44 64 65 66 67 68 69 70 71 72 73 74 75 76 77 78 79 80 81 82 83 84 85 86 87 88 89 90 91 92 93 94 95 96 97 98 99 100 101 102 103 104 105 106 107
32 65 67 69 71 73 74 75 76 77 78 79 80 81 82 83 84 85 87 88 90 93 94 95 96 97 98 99 101 102 105 106 107
17 68 69 72 75 76 80 82 85 90 91 93 94 96 98 99 103 106
35 64 65 66 67 68 69 70 71 73 76 78 79 80 81 82 83 84 85 86 87 88 90 91 92 94 96 97 98 99 100 102 103 104 105 107
31 65 66 67 68 69 70 71 74 76 77 78 79 80 81 82 83 85 87 88 91 92 94 96 97 100 101 102 103 104 105 106
14 64 65 66 67 73 77 78 79 85 88 95 102 104 105
18 67 72 78 80 82 84 85 86 87 88 89 90 95 98 99 102 103 104
16 66 70 74 75 83 84 85 92 93 96 97 98 102 103 104 107
24 65 67 68 70 71 75 76 77 78 80 82 83 84 85 86 91 93 95 96 99 102 103 105 107
29 64 65 66 67 68 73 74 75 76 77 78 80 81 82 83 84 85 87 88 89 90 91 92 93 95 96 99 104 105
18 68 74 75 76 79 80 82 87 91 93 94 96 98 100 101 102 103 105
26 64 65 67 68 69 70 73 75 79 80 81 83 84 86 90 91 92 96 97 100 101 102 104 105 106 107
16 66 67 80 83 84 87 89 91 93 95 96 97 102 104 105 106
19 64 69 71 73 74 75 76 77 79 81 83 87 89 90 99 100 101 102 105
14 66 71 76 77 85 88 90 91 92 93 96 98 103 106
34 64 65 68 69 70 72 73 74 75 77 78 79 80 82 83 84 85 87 88 89 91 93 94 95 97 98 99 100 101 102 103 104 105 106
33 66 68 69 71 72 73 75 76 78 79 80 81 83 84 85 86 87 88 92 94 95 96 97 98 99 100 101 102 103 104 105 106 107
31 64 67 69 70 72 73 74 76 77 78 81 82 83 84 85 86 88 89 90 91 92 93 95 96 97 98 100 101 105 106 107
21 67 68 70 73 75 76 77 79 80 82 84 85 91 92 93 94 95 96 100 104 107
32 64 65 66 67 68 70 73 74 75 76 77 78 79 80 81 82 85 87 88 89 90 91 92 93 96 97 99 100 101 104 105 106
17 64 65 77 78 81 83 85 86 91 93 95 97 98 101 105 106 107
13 65 72 77 78 80 83 87 89 90 92 98 106 107
27 64 66 69 71 72 73 74 75 76 79 80 83 84 85 86 87 89 92 94 95 96 97 98 99 102 104 106
29 65 66 67 68 70 72 73 75 77 80 81 82 83 84 86 87 88 89 90 93 95 97 98 100 102 103 104 105 107
26 64 65 68 69 70 73 78 79 80 81 82 83 84 85 87 88 89 90 91 93 98 99 100 102 103 104
32 64 65 66 67 68 70 71 73 74 77 79 80 81 83 84 85 86 87 88 89 90 91 93 94 95 98 99 101 102 104 106 107
20 66 71 73 74 77 78 80 81 82 85 86 88 90 93 95 100 102 103 104 106
34 64 65 66 67 68 69 70 71 72 74 75 76 77 78 79 80 82 83 84 85 87 88 92 93 95 96 97 98 101 102 104 105 106 107
25 64 65 67 69 71 73 74 78 79 81 82 84 85 87 88 93 96 97 98 100 102 103 105 106 107
25 64 65 66 67 70 71 72 73 74 76 77 79 82 83 85 86 87 88 91 92 93 99 101 106 107
27 64 65 66 67 68 70 71 72 73 77 78 81 82 83 85 87 90 92 93 97 98 99 101 102 103 105 107
25 64 65 66 67 69 73 76 77 78 80 81 83 84 85 87 88 89 90 91 92 93 97 104 105 106
17 66 68 71 76 78 80 81 88 89 90 92 94 96 100 101 103 104
30 64 65 67 70 71 73 75 76 77 78 79 81 82 83 84 85 86 87 88 89 91 93 94 95 98 99 102 103 106 107
20 65 68 69 72 75 77 78 79 80 86 87 90 91 92 94 100 102 103 105 106
22 64 69 70 71 76 77 80 81 84 85 86 87 89 90 91 92 94 97 103 104 106 107
22 67 68 69 72 73 74 78 79 80 81 82 88 90 95 96 99 101 102 103 104 106 107
17 65 67 69 70 71 75 80 86 87 91 92 97 99 100 101 104 106
14 66 71 75 76 78 81 83 87 91 92 95 103 104 107
29 64 65 68 69 71 72 73 74 76 77 78 80 83 84 85 86 87 88 89 93 95 97 98 99 100 104 105 106 107
32 64 65 66 69 71 74 75 76 77 78 80 81 82 83 84 86 87 88 89 90 91 92 93 95 96 97 99 100 102 104 105 106
28 65 66 67 68 70 71 72 75 78 79 80 81 83 84 86 87 89 91 93 94 95 96 98 101 103 104 106 107
13 66 68 71 75 78 80 84 87 90 92 93 95 97
27 65 66 67 69 70 71 72 75 77 79 82 83 85 86 88 90 93 94 95 96 98 100 102 103 105 106 107
14 69 71 72 75 78 79 83 86 90 93 95 98 103 105
16 64 66 70 73 74 76 77 80 84 85 86 94 95 97 104 107
33 64 65 66 67 68 70 71 72 73 74 76 77 78 79 82 83 84 85 86 87 88 89 92 93 95 96 97 100 101 104 105 106 107
25 64 66 68 71 72 74 75 76 78 80 81 83 86 87 88 89 92 94 95 96 97 99 100 102 107
34 65 66 67 68 69 70 71 72 73 76 79 80 81 82 83 84 85 86 87 89 90 91 93 94 95 96 99 101 102 103 104 105 106 107
25 64 67 70 73 74 75 77 79 81 82 85 87 89 91 92 94 95 99 100 101 103 104 105 106 107
28 64 65 68 72 74 75 76 77 81 83 84 85 88 89 90 91 92 93 94 95 97 99 100 101 102 103 104 107
19 64 66 67 71 72 73 75 78 79 83 84 92 93 95 96 98 99 101 105
28 65 66 68 69 70 71 72 73 74 75 76 78 81 82 83 85 86 89 92 93 96 98 100 101 102 103 105 106
27 64 66 69 70 73 74 78 79 80 81 82 83 84 85 87 88 89 92 96 97 98 99 100 101 104 106 107
33 64 65 66 67 68 70 72 75 76 77 78 79 80 83 84 85 86 87 88 89 90 92 93 94 95 96 98 99 100 101 102 105 106
28 64 67 68 71 72 73 74 76 79 80 82 83 84 86 87 88 90 92 93 94 95 97 98 99 101 104 106 107
14 65 69 75 76 77 79 82 84 86 87 89 94 102 105
22 64 65 66 67 68 69 70 72 73 74 75 78 79 80 83 85 92 97 99 100 105 107
26 64 65 66 67 71 73 76 77 78 79 81 83 84 85 87 88 89 90 93 98 99 100 101 102 104 107
33 64 65 66 67 68 69 70 71 73 74 76 78 80 81 82 84 86 87 88 89 90 94 95 96 97 99 100 102 103 104 105 106 107
15 64 65 67 68 71 72 73 74 82 85 86 88 92 96 101
13 64 69 73 74 75 78 80 81 93 100 101 103 107
33 65 68 70 71 73 74 76 77 78 79 80 82 85 86 87 89 90 91 92 93 94 95 96 97 98 99 100 101 102 103 104 105 106
34 65 66 67 70 71 72 75 76 77 79 81 82 83 84 85 86 87 88 89 91 94 95 96 97 98 99 100 101 102 103 104 105 106 107
24 65 75 76 79 82 83 84 85 86 87 88 89 90 91 92 93 94 95 96 98 100 104 105 107
27 64 65 66 67 70 71 73 75 76 77 78 79 83 85 87 88 89 90 92 93 94 98 100 101 102 105 107
34 65 67 68 69 70 71 74 75 76 77 79 81 82 83 84 85 86 87 88 89 90 91 92 93 94 95 96 97 98 99 101 102 103 104
16 67 70 71 72 73 75 76 78 84 85 87 90 97 100 101 107
15 64 67 73 74 77 78 79 84 85 87 91 97 98 103 105
28 67 68 69 70 71 73 74 75 78 80 82 83 84 86 88 91 92 93 94 95 96 97 98 99 102 103 104 106
34 64 65 66 68 72 73 74 76 77 78 79 81 82 83 84 87 88 89 90 91 92 93 94 95 96 97 98 99 100 101 102 103 104 107
23 64 65 67 68 69 71 72 73 77 78 80 83 87 88 89 90 94 99 100 102 104 106 107
34 68 69 70 71 72 74 75 76 77 78 79 82 84 85 86 87 88 89 90 91 92 93 95 96 97 98 99 100 101 103 104 105 106 107
20 65 67 69 74 77 82 83 86 89 90 91 92 96 97 99 101 103 104 105 107
13 67 70 74 76 80 81 86 93 97 98 100 103 107
30 65 66 67 70 71 73 74 75 76 77 79 80 81 82 83 84 85 87 88 89 91 93 95 96 99 100 101 102 104 105
23 65 69 71 73 75 76 78 81 82 84 85 88 92 93 94 96 97 98 99 101 104 105 106
25 64 67 68 69 70 71 72 73 75 77 78 80 83 86 87 88 89 91 92 93 94 96 97 98 105
19 65 69 71 72 75 76 78 80 85 87 90 91 92 93 94 96 101 105 106
17 65 69 70 77 83 84 87 88 93 95 97 98 99 100 101 106 107
31 65 66 67 69 70 73 74 75 76 77 78 79 80 81 82 83 84 85 86 87 89 91 92 93 94 95 96 98 99 102 107
18 64 65 67 72 73 76 80 83 84 85 86 88 90 93 95 96 98 103
30 65 66 69 70 71 72 74 77 78 79 80 81 83 85 86 88 89 91 92 94 96 97 98 100 101 102 103 104 106 107
19 64 66 73 75 78 79 80 84 87 88 90 93 98 99 100 103 105 106 107
17 67 70 73 76 80 81 83 85 86 87 88 90 92 96 101 104 107
26 64 66 67 69 70 71 74 77 78 82 83 85 86 88 89 90 92 93 94 96 98 101 103 104 105 107
30 64 69 70 71 73 74 75 76 77 78 79 81 83 85 86 87 88 89 90 91 93 95 97 99 100 101 104 105 106 107
34 65 66 68 69 71 72 74 75 76 77 78 79 80 81 82 83 85 86 87 88 89 92 93 94 95 97 98 99 100 101 104 105 106 107
30 64 67 68 69 70 71 75 77 78 79 80 81 83 84 86 87 89 90 92 93 95 98 99 101 102 103 104 105 106 107
14 73 74 77 78 80 81 83 89 90 97 98 101 103 106
15 66 70 71 77 81 83 84 86 89 96 99 100 101 102 107
31 65 66 68 69 70 71 72 73 75 76 77 82 83 84 85 86 87 88 91 94 96 97 98 99 100 101 102 104 105 106 107
13 65 68 69 72 73 80 84 85 86 94 97 101 104
19 66 67 68 71 74 75 76 78 79 81 84 86 88 100 101 103 104 105 106
28 64 66 70 71 73 74 75 76 79 80 82 84 85 87 88 90 92 93 94 95 98 99 100 102 104 105 106 107
31 65 66 67 71 72 75 76 77 78 79 80 82 83 85 86 87 88 89 90 92 94 95 97 98 99 100 101 103 104 105 107
13 64 70 74 77 79 83 86 89 95 103 104 105 106
15 64 70 71 72 76 79 83 84 92 96 99 100 104 105 106
80 108 109 110 111 112 113 114 115 116 117 118 119 120 121 122 123 124 125 126 127 128 129 130 131 132 133 134 135 136 137 138 139 140 141 142 143 144 145 146 147 148 149 150 151 152 153 154 155 156 157 158 159 160 161 162 163 164 165 166 167 168 169 170 171 172 173 174 175 176 177 178 179 180 181 182 183 184 185 186 187
57 108 110 112 113 114 115 116 118 119 120 121 122 124 125 126 127 129 131 133 136 137 139 140 141 142 143 144 147 148 150 151 152 154 156 158 159 160 161 162 163 164 165 166 167 168 169 170 173 174 177 179 180 181 182 183 185 186
57 108 109 112 113 115 117 118 119 120 122 123 124 126 127 129 130 132 134 136 137 138 140 142 144 145 146 148 149 152 154 155 156 157 158 160 161 162 163 164 165 167 169 170 171 173 174 175 176 177 178 179 180 181 183 185 186 187
31 110 114 115 117 118 119 120 121 122 127 130 132 138 139 147 149 150 151 152 153 161 167 168 169 170 171 174 175 177 179 182
56 110 111 113 114 115 117 118 120 121 124 125 128 129 131 132 133 135 136 137 138 141 142 143 144 145 146 147 149 150 151 153 154 155 156 157 159 160 161 162 163 164 165 167 168 169 172 174 176 177 178 179 181 182 185 186 187
25 108 123 127 128 129 130 133 135 137 144 148 153 160 161 162 169 170 174 177 178 180 181 183 186 187
32 112 113 114 115 117 118 122 126 127 131 132 134 136 138 142 145 148 149 151 153 158 167 168 171 173 175 176 177 178 180 181 183
36 108 110 114 115 116 118 122 123 124 125 126 128 133 136 142 144 145 151 152 153 156 157 158 161 163 165 166 167 168 171 173 174 177 179 181 182
52 108 109 112 113 114 115 117 118 119 120 123 127 128 130 133 134 135 136 137 138 139 140 143 147 149 150 151 153 156 158 159 162 163 164 165 169 170 171 172 173 174 175 176 177 178 179 180 181 182 183 184 186
25 112 114 116 131 132 133 135 136 138 139 145 146 153 155 156 157 160 164 166 167 170 177 181 182 185
54 108 113 114 118 119 121 122 125 126 127 128 129 130 132 133 135 136 137 142 143 145 146 147 148 149 150 151 153 154 155 156 157 159 161 162 164 166 167 169 170 171 172 173 174 175 176 177 178 179 180 181 182 183 185
63 108 109 110 112 113 114 116 117 119 122 123 125 126 127 128 129 130 131 132 134 135 136 137 141 142 143 144 145 146 147 149 150 151 152 154 155 156 157 158 160 161 162 163 164 165 167 169 170 171 173 174 175 177 178 179 180 181 182 183 184 185 186 187
47 108 109 112 114 115 116 118 119 120 124 126 127 128 129 134 135 139 140 142 144 145 146 147 148 149 152 153 156 159 160 161 164 165 166 167 168 169 170 173 175 179 180 181 182 183 184 185
27 110 111 117 122 126 128 129 132 133 134 135 140 142 144 147 149 150 153 155 159 166 168 172 173 178 182 183
38 110 112 113 114 118 120 122 123 124 126 127 131 132 135 137 138 139 140 141 144 145 149 151 157 158 160 161 162 163 164 166 167 170 171 173 174 180 181
58 110 111 112 114 115 117 119 120 121 122 123 124 126 127 128 129 132 133 135 136 137 139 140 142 146 147 148 149 150 151 152 153 154 155 157 158 159 160 161 163 164 165 167 168 170 171 172 173 175 176 178 180 181 182 183 184 186 187
30 110 114 115 119 121 124 127 129 130 131 134 135 139 140 143 147 156 159 163 170 171 172 173 174 177 178 180 181 184 187
55 110 111 112 113 114 116 117 118 120 122 123 126 127 128 129 133 134 135 139 140 141 142 143 145 146 147 149 150 151 152 153 155 157 159 160 161 162 163 164 166 167 169 170 171 173 174 176 177 178 179 180 181 184 185 187
37 108 109 110 113 120 122 124 127 129 131 133 135 138 142 144 147 148 154 155 157 160 161 165 168 171 174 175 176 177 178 179 180 181 184 185 186 187
32 108 109 110 115 118 122 125 127 131 133 135 138 139 142 143 145 147 148 151 153 155 159 164 165 166 171 175 176 181 182 183 187
61 109 111 113 114 115 116 117 118 119 120 121 122 124 125 126 127 129 131 134 135 136 137 138 139 140 141 142 143 144 145 147 148 149 151 152 153 154 155 156 158 159 162 163 164 165 166 167 168 171 173 174 175 177 178 179 181 183 184 185 186 187
60 108 110 111 112 113 114 115 116 120 121 123 124 125 126 127 129 130 131 132 133 135 136 137 138 139 140 141 143 145 147 148 149 152 153 154 155 158 159 160 161 162 164 165 166 167 168 170 171 172 174 175 176 177 178 179 182 184 185 186 187
32 108 109 110 111 112 120 121 124 129 131 132 134 135 137 141 142 143 145 150 155 156 158 159 162 163 164 180 182 183 184 185 186
60 108 109 110 114 115 116 117 118 120 121 122 125 127 128 130 132 133 134 135 136 137 138 140 141 142 143 144 145 146 147 149 150 151 153 154 155 156 158 159 160 161 162 167 168 169 170 171 172 173 174 175 177 179 180 181 183 184 185 186 187
33 109 111 113 114 116 119 120 121 122 123 126 127 128 130 133 139 142 144 145 146 148 149 150 151 154 156 161 165 170 173 176 178 184
50 108 110 111 112 113 114 115 116 121 122 123 124 127 128 129 130 134 136 137 139 140 142 143 146 147 148 150 153 154 155 156 157 161 162 163 164 165 166 168 169 170 171 173 174 177 178 180 183 184 187
49 108 110 111 113 114 115 117 119 121 122 124 126 127 130 131 132 133 138 139 143 144 145 151 152 153 155 156 158 160 161 162 164 166 169 170 171 172 175 176 177 178 179 180 181 182 183 184 185 187
32 108 112 120 121 123 125 127 129 130 134 138 141 143 146 147 150 151 152 154 156 160 165 168 170 173 174 177 178 179 183 184 185
59 108 110 111 113 114 115 118 119 120 121 122 123 126 127 131 132 133 134 135 136 137 138 139 141 142 143 144 145 147 148 149 150 151 152 153 154 155 156 157 158 159 160 161 162 163 164 166 167 171 172 174 176 179 181 183 184 185 186 187
33 111 112 113 114 115 116 117 121 122 128 131 134 137 138 141 143 149 150 151 152 155 156 157 164 165 167 168 170 172 174 175 177 187
36 109 110 112 113 117 119 121 123 124 125 126 131 133 134 137 139 142 143 150 153 155 156 157 160 162 167 168 169 170 171 174 176 177 179 183 187
55 108 109 111 112 113 114 116 118 120 121 123 126 127 128 129 131 132 134 135 136 137 139 140 146 148 149 150 151 152 153 154 155 156 157 158 161 162 163 164 165 166 167 168 170 172 174 175 176 177 180 182 183 184 185 186
45 109 110 111 112 114 115 116 117 118 121 123 125 126 127 128 129 130 131 132 134 137 141 142 146 148 149 152 156 157 158 159 160 161 162 164 167 168 172 173 175 177 178 183 185 186
32 188 189 190 191 192 193 194 195 196 197 198 199 200 201 202 203 204 205 206 207 208 209 210 211 212 213 214 215 216 217 218 219
14 188 192 193 195 196 197 199 206 207 208 210 215 217 219
12 191 192 197 199 201 202 204 205 210 212 213 217
19 188 189 192 193 196 198 200 201 203 206 207 210 211 212 213 214 216 217 219
10 188 193 198 200 201 202 209 212 215 216
16 188 189 192 193 198 199 203 204 205 208 210 213 214 215 216 219
14 188 190 191 196 200 204 207 208 210 211 212 214 216 219
11 198 200 201 203 209 210 211 214 215 216 219
17 189 190 191 195 196 198 199 200 201 202 205 212 213 214 215 217 219
20 188 192 193 195 197 198 199 203 204 205 206 207 208 211 214 215 216 217 218 219
15 189 190 192 193 194 195 199 201 202 204 205 207 212 215 219
25 188 190 192 193 194 195 196 198 199 201 203 204 205 207 208 209 211 212 213 214 215 216 217 218 219
11 191 192 197 198 203 204 208 212 214 215 217
10 189 195 197 200 202 207 210 212 214 216
10 191 192 193 194 201 204 206 212 215 218
15 189 193 194 195 198 199 202 205 208 210 212 214 215 217 218
11 188 193 195 196 198 200 205 206 209 211 214
19 188 189 190 196 197 198 199 200 203 206 208 209 210 211 212 213 215 218 219
23 188 189 190 191 192 193 194 195 196 197 198 199 200 201 204 207 209 211 213 214 215 216 217
25 188 189 193 195 196 197 198 199 200 201 202 203 204 205 206 207 208 210 211 212 214 215 217 218 219
15 190 191 194 195 196 198 199 204 205 207 208 211 213 216 219
10 188 191 194 196 201 203 205 209 217 219
24 189 190 191 192 193 194 196 197 198 199 200 201 202 203 204 205 206 208 211 213 214 217 218 219
21 190 191 193 194 195 197 198 199 201 203 204 206 209 210 211 212 213 214 215 216 217
11 189 190 192 193 198 199 202 206 209 212 215
18 189 190 194 195 197 198 199 200 201 202 204 207 209 210 213 216 217 219
18 192 195 196 197 200 201 202 203 204 205 206 207 210 211 213 215 216 217
19 188 190 193 194 195 197 199 200 201 206 208 211 213 214 215 216 217 218 219
16 188 189 192 193 195 200 201 203 204 206 207 208 209 213 218 219
15 188 192 194 197 199 200 203 208 211 212 213 214 215 217 219
20 190 191 192 193 195 196 197 200 201 203 205 207 208 210 212 213 214 215 218 219
15 188 190 191 193 194 195 196 200 201 202 205 210 213 216 219
14 188 190 192 198 202 205 208 212 213 214 215 216 217 219
18 190 191 192 193 194 197 202 203 206 208 209 210 211 212 215 216 217 218
16 193 194 195 196 198 199 204 205 206 208 210 212 213 217 218 219
10 189 192 197 200 204 206 211 216 218 219
23 190 191 192 193 194 196 198 199 201 202 203 204 205 206 207 208 209 210 212 213 214 215 216
22 189 190 191 193 194 195 197 198 199 202 203 204 206 207 208 209 210 211 212 213 216 217
16 188 189 190 193 201 202 204 206 207 208 209 210 213 215 216 217
24 189 190 191 192 193 194 195 199 200 201 202 205 206 207 208 209 210 211 212 213 214 215 217 219
11 189 190 191 192 198 204 207 208 211 214 216
19 190 191 192 193 194 196 197 199 200 201 205 206 208 209 211 212 215 216 217
21 188 189 191 193 194 195 196 197 199 200 202 203 204 206 208 210 211 213 214 215 219
24 189 190 191 192 194 198 199 200 202 203 204 205 206 207 208 209 210 211 212 213 214 215 217 218
14 188 191 192 197 201 203 204 205 207 209 210 215 216 218
15 190 191 194 195 196 197 198 203 205 212 213 214 215 216 219
13 188 193 197 198 199 202 205 207 208 209 211 217 219
15 188 189 191 192 193 195 198 200 201 202 203 206 207 209 218
24 189 190 191 192 193 194 195 197 199 200 202 204 205 207 208 209 210 212 213 214 215 216 218 219
14 188 191 193 194 195 196 199 202 204 206 208 213 215 216
25 188 190 191 192 193 194 196 197 198 199 202 203 204 205 206 207 208 209 211 212 213 214 215 216 217
24 189 190 191 192 193 194 195 196 197 199 200 202 204 205 207 209 210 211 212 213 215 217 218 219
18 188 189 190 191 192 194 197 199 200 201 202 204 206 207 209 216 217 219
12 189 192 194 196 200 209 210 212 213 214 215 216
10 193 200 203 207 208 213 216 217 218 219
10 188 190 191 199 202 204 208 211 215 216
15 188 189 193 196 199 202 204 205 207 209 210 211 214 215 218
12 188 193 196 202 204 205 206 207 212 214 216 219
13 188 190 193 198 199 201 204 205 206 207 208 214 215
22 188 191 192 193 194 195 196 199 200 201 203 204 205 206 207 208 209 211 213 217 218 219
16 188 189 190 191 193 194 195 198 200 202 211 213 214 215 218 219
15 189 190 191 193 196 198 199 201 207 208 211 214 215 217 218
20 188 189 190 191 195 197 198 201 202 203 205 208 211 212 214 215 216 217 218 219
9 190 193 195 197 205 207 210 215 218
25 188 189 190 191 192 193 194 195 196 197 198 199 200 202 203 204 205 206 207 211 212 214 216 217 218
24 189 190 192 193 196 197 198 199 200 201 202 203 204 206 208 209 210 211 212 213 215 216 217 218
25 189 190 191 192 193 195 198 199 200 202 203 204 205 206 207 208 209 210 213 214 215 216 217 218 219
22 188 189 190 191 192 194 198 199 200 201 202 203 204 206 208 209 210 211 213 214 217 219
12 189 191 193 195 198 203 205 207 209 210 213 216
20 188 189 191 192 193 195 198 200 201 202 203 208 209 210 211 213 214 216 218 219
21 188 190 191 192 193 194 195 199 202 204 205 208 209 210 211 213 214 215 216 217 218
23 188 189 190 191 192 193 195 196 198 199 200 202 204 205 207 209 210 211 212 213 216 217 218
12 196 198 207 208 209 210 211 214 215 216 218 219
25 188 189 190 191 192 193 195 196 197 198 199 200 201 204 205 206 207 208 209 211 212 215 216 217 219
10 190 191 192 200 206 211 212 216 218 219
23 188 189 191 193 194 195 196 198 199 200 201 202 203 205 207 209 211 212 213 214 216 218 219
11 188 189 191 194 199 201 203 213 215 216 217
20 188 189 190 191 192 194 196 197 198 199 200 201 203 204 205 206 208 212 218 219
25 188 189 191 192 193 194 195 196 197 198 199 200 203 205 206 207 208 209 212 213 214 215 216 217 219
15 192 194 201 202 203 207 208 209 210 211 212 213 214 217 218
16 189 191 193 195 198 202 203 205 206 207 208 212 214 216 217 219
13 190 192 194 195 199 200 203 205 206 207 209 213 215
25 188 190 191 192 193 194 195 196 197 198 201 202 203 204 205 206 207 209 211 212 214 215 216 217 219
22 191 192 193 195 198 200 201 202 203 204 206 208 209 210 211 212 213 214 215 216 218 219
12 190 192 194 198 201 203 206 207 214 215 216 219
10 191 193 194 196 198 202 203 205 208 219
16 188 189 190 191 194 196 198 200 203 205 208 210 212 214 215 217
45 222 224 225 227 228 231 234 235 236 238 240 241 242 243 244 246 247 250 251 252 255 259 263 264 265 267 269 270 271 272 273 274 277 278 280 281 282 283 284 285 289 290 291 292 294
47 220 223 226 227 228 229 230 233 235 236 237 238 239 241 243 245 246 248 249 251 252 254 255 257 258 260 261 263 264 265 266 267 268 269 270 273 275 277 278 279 280 281 282 283 289 291 294
21 221 222 224 226 227 229 241 245 251 255 256 259 262 264 265 270 274 277 283 289 293
53 222 224 225 226 227 228 229 230 231 234 235 237 239 240 241 242 243 244 245 246 248 249 250 251 252 253 254 256 257 259 261 262 263 264 265 267 268 270 271 272 273 274 275 277 280 283 285 286 287 290 291 292 294
24 221 225 227 229 232 233 236 245 247 248 249 251 255 258 259 261 262 268 271 272 276 281 289 293
26 222 223 226 229 231 233 236 237 239 241 248 251 252 254 259 263 264 265 269 270 272 276 287 288 293 294
16 228 241 254 255 257 261 262 263 265 269 270 274 276 278 279 289
25 220 221 222 224 226 230 232 234 235 241 243 245 246 251 252 254 261 264 265 276 277 282 283 285 288
14 221 227 234 238 240 243 244 245 250 255 271 278 289 291
27 221 222 226 228 233 237 238 246 248 253 255 256 259 261 262 266 267 271 274 275 279 280 283 285 289 290 291
26 220 223 235 236 239 244 246 248 249 250 251 252 256 262 264 265 266 267 268 270 281 282 287 288 290 292
15 222 223 237 240 257 265 270 271 277 280 281 286 288 290 294
24 222 224 225 233 234 237 238 240 241 242 243 253 255 259 260 269 272 275 278 283 284 286 291 294
17 220 223 226 229 239 245 249 253 254 256 261 262 266 268 276 286 293
24 221 222 223 224 230 233 235 237 247 250 251 257 261 262 265 270 273 275 277 278 283 289 291 294
42 222 223 225 226 228 229 233 234 235 237 242 247 249 250 251 252 254 258 259 260 261 262 263 265 267 268 270 271 272 273 276 279 280 281 283 285 286 288 289 290 291 293
15 223 227 231 238 239 242 249 250 255 256 257 275 278 289 292
40 224 225 227 228 230 232 234 238 241 242 243 244 245 246 249 250 251 254 258 259 260 261 262 266 267 268 269 272 274 276 278 280 282 283 284 285 287 289 290 292
20 224 226 228 229 239 246 249 252 253 258 259 261 264 271 275 281 282 283 293 294
29 220 228 230 232 233 234 235 236 237 238 240 242 246 247 248 250 252 257 258 261 263 267 273 275 276 281 284 291 292
46 220 221 222 223 225 228 229 230 231 233 234 235 237 239 240 243 244 245 246 247 248 249 250 251 254 255 257 259 260 262 263 264 266 268 270 271 273 276 278 279 284 286 288 290 292 294
65 220 221 223 224 225 226 227 228 229 230 231 232 233 235 236 237 238 239 240 241 242 243 244 245 246 247 248 249 250 251 252 253 254 255 256 259 260 261 262 264 265 266 267 269 270 271 272 273 274 275 276 277 278 279 281 282 283 284 285 286 287 288 291 292 293
25 227 229 231 236 237 238 242 247 249 250 252 254 256 257 260 261 264 268 273 278 281 282 285 286 290
17 221 230 235 238 253 260 261 264 265 266 270 273 281 284 287 289 292
25 221 226 227 228 229 230 231 232 245 247 254 257 258 261 263 271 273 274 276 277 279 280 285 289 293
10 222 234 257 258 263 268 280 289 290 294
10 236 238 239 241 243 253 278 287 292 294
19 225 228 233 240 247 248 253 260 263 267 268 269 271 272 273 274 279 287 294
28 221 222 224 225 231 232 234 240 242 244 247 250 253 256 259 262 271 272 274 276 284 285 286 287 288 290 292 293
23 225 226 230 234 235 239 240 244 246 248 255 258 262 263 265 270 271 272 283 284 291 292 293
35 225 226 227 228 229 231 232 236 238 239 240 242 245 246 248 249 252 253 254 255 258 260 263 264 267 268 269 272 274 280 282 285 286 290 292
23 220 221 224 227 230 231 232 240 244 245 246 248 255 256 257 264 266 269 274 275 277 282 284
26 220 224 228 231 232 233 240 241 242 244 247 248 249 251 252 257 258 267 268 274 277 280 282 285 286 294
13 221 230 232 233 237 248 257 258 260 275 279 287 288
12 229 248 249 251 255 258 261 263 272 280 292 294
41 220 221 223 225 227 231 232 233 234 236 239 240 241 243 244 246 247 249 250 255 256 257 262 263 265 266 271 272 275 276 279 282 283 284 285 287 288 289 291 293 294
16 220 227 229 232 236 240 241 242 243 260 263 269 272 273 281 288
55 220 221 222 223 225 227 230 231 232 233 234 235 236 237 238 240 241 242 243 244 245 247 248 250 251 254 255 256 257 260 262 263 265 266 267 268 269 270 272 273 274 276 277 278 279 280 284 285 286 287 288 289 290 291 292
32 223 224 225 230 231 234 235 239 244 245 247 249 250 251 252 254 257 258 264 265 268 270 276 277 278 282 284 286 287 292 293 294
30 224 227 229 231 232 233 234 235 237 238 239 247 248 252 253 258 259 262 263 264 268 270 271 276 277 283 284 285 291 294
21 224 225 227 231 234 235 238 240 243 244 245 246 251 259 266 271 273 280 281 283 287
36 220 221 224 225 227 229 231 235 242 244 246 247 249 250 252 253 255 257 258 259 260 263 264 266 267 269 274 276 278 280 284 286 287 292 293 294
26 221 222 223 226 227 232 233 238 239 242 243 252 254 260 264 265 268 275 277 278 281 283 284 286 287 290
33 221 222 223 226 227 234 238 240 242 243 246 248 251 252 260 261 262 263 265 267 271 272 273 276 278 280 282 285 288 290 292 293 294
37 220 224 225 228 230 231 234 235 236 237 240 241 244 245 246 247 250 253 256 257 259 262 266 267 269 270 271 273 274 276 279 282 285 288 289 291 293
16 220 234 241 243 244 256 259 266 271 276 279 281 284 287 288 293
27 224 226 229 231 233 236 241 242 248 253 254 255 256 259 261 262 264 268 269 273 275 276 279 284 285 287 289
34 222 224 226 228 229 230 235 237 238 242 245 248 251 252 253 254 258 259 260 261 264 267 268 269 270 273 274 277 278 280 281 286 290 292
35 220 221 222 223 226 229 231 233 235 236 237 239 240 247 248 252 253 255 256 257 263 264 265 270 271 273 275 277 279 281 286 288 291 293 294
33 220 230 231 234 235 237 238 239 240 241 243 244 250 253 254 256 257 260 263 266 267 270 273 274 275 279 284 285 286 287 290 291 292
33 220 221 222 223 226 229 230 232 233 239 242 247 248 249 250 252 253 256 258 260 264 267 268 272 275 277 282 284 285 288 291 292 294
22 220 221 223 232 233 236 238 247 255 258 260 266 269 276 278 279 281 282 284 288 289 293
25 223 225 231 239 243 244 249 253 254 260 266 268 269 271 272 278 279 280 282 285 286 287 288 290 294
33 220 221 225 227 228 230 232 234 235 238 239 243 244 245 246 247 249 250 251 252 258 260 263 266 267 272 274 278 282 283 291 292 293
19 228 232 233 234 236 237 238 240 241 243 254 262 268 270 272 279 282 283 290
18 222 223 224 226 228 242 246 252 264 265 269 277 278 280 282 283 288 294
35 220 224 225 228 230 232 235 242 246 247 249 253 256 257 258 260 261 262 266 267 268 273 274 275 277 279 280 281 282 283 284 285 286 290 292
42 220 224 225 228 229 230 231 232 233 235 236 237 239 241 244 245 247 249 250 253 254 255 256 257 258 259 264 266 268 269 270 274 275 277 279 281 283 284 286 287 289 291
27 220 221 222 223 224 228 232 233 241 243 245 251 253 259 266 267 269 274 275 276 277 279 280 287 288 289 294
36 220 221 223 224 225 227 229 231 232 233 234 235 237 242 244 247 249 251 252 255 257 260 263 264 265 270 272 274 275 281 283 285 286 288 290 293
5 236 237 286 290 293
16 229 236 237 244 258 259 262 266 270 280 281 284 286 290 291 293
32 222 223 225 226 227 229 234 236 237 239 243 245 246 250 254 255 256 259 262 263 269 271 272 275 276 278 279 283 288 290 291 293
15 223 225 241 242 243 245 246 250 254 257 260 265 275 280 282
20 222 223 226 230 239 245 248 251 256 261 265 271 273 275 277 281 285 288 289 291
39 222 226 228 230 236 238 239 240 241 243 245 246 248 250 253 254 256 258 259 261 262 266 267 268 269 271 273 276 277 278 279 280 282 284 287 289 291 292 294
29 224 226 227 232 236 238 241 242 252 253 256 258 261 265 267 269 272 274 275 277 280 281 282 283 285 287 289 291 293
30 220 221 222 226 228 230 236 240 244 249 251 255 256 261 266 267 269 272 273 274 278 279 281 286 287 288 289 290 292 293
3 237 286 290
18 220 221 223 224 233 237 244 247 249 257 265 270 274 275 281 288 290 293
21 225 227 229 232 238 242 245 246 248 249 253 255 260 263 267 268 269 272 280 282 285
13 221 222 224 233 241 243 251 266 269 275 276 279 289
18 220 230 233 234 237 238 240 242 252 257 261 263 267 273 276 281 284 292
15 224 225 235 238 240 243 244 245 246 251 266 271 273 280 287
15 220 223 226 229 239 245 249 253 254 256 262 266 268 276 286
25 220 225 227 232 233 234 236 241 243 244 246 247 249 250 256 262 265 266 275 279 282 284 288 289 291
17 221 225 227 233 236 251 255 258 259 261 262 268 272 276 281 289 293
35 220 221 223 225 226 228 231 232 235 238 240 241 243 244 245 246 256 259 260 261 262 264 265 270 271 274 277 278 283 284 286 287 288 291 292
27 222 225 231 234 235 238 240 242 246 247 251 255 259 263 264 269 270 272 274 277 278 280 281 282 283 285 290
26 221 224 229 235 242 244 249 250 252 253 257 258 259 263 264 267 269 276 278 280 284 286 287 292 293 294
26 220 223 229 235 236 238 243 245 248 249 251 252 254 255 257 260 263 264 266 268 269 270 273 278 282 291
20 221 226 227 230 231 245 247 254 257 258 261 263 271 274 277 279 280 285 289 293
22 220 230 232 233 235 237 238 240 242 247 252 257 258 261 263 267 273 275 276 284 291 292
11 228 242 246 252 265 269 277 278 280 283 294
8 236 238 239 241 243 278 292 294
13 236 238 242 250 256 260 261 278 281 282 285 286 290
49 220 221 222 223 225 231 232 233 234 235 236 237 240 241 242 243 244 245 250 251 254 255 256 257 260 262 263 265 266 267 268 269 270 272 273 274 276 277 278 279 284 285 286 287 288 289 290 291 292
9 236 237 244 258 266 280 286 290 293
29 220 222 225 227 232 233 234 235 236 240 248 254 255 256 260 262 263 265 266 268 270 274 276 277 278 279 280 286 290
13 225 227 234 238 240 243 244 245 246 271 273 280 287
40 220 223 227 228 229 230 235 236 237 238 239 241 243 245 246 248 249 251 252 254 255 257 258 260 261 263 265 266 267 269 273 275 277 279 280 281 283 289 291 294
26 220 224 225 230 231 232 235 236 237 239 244 245 249 250 254 256 257 258 268 274 275 277 283 284 287 291
9 221 235 238 253 260 270 273 281 284
16 221 226 228 232 245 247 257 258 261 263 271 274 276 277 280 289
10 220 223 226 239 245 249 253 256 276 286
8 223 225 242 254 257 260 265 280
13 225 228 233 240 248 253 267 268 269 271 272 279 287
6 238 239 241 243 287 292
22 220 223 235 236 239 244 246 249 250 251 252 256 262 264 265 266 267 268 281 287 290 292
26 220 226 227 230 233 235 237 238 239 241 245 248 251 257 258 263 266 268 269 270 273 275 280 281 282 294
10 228 241 257 261 262 263 265 274 278 289
19 220 228 230 234 235 244 245 246 249 251 258 260 263 267 272 282 283 291 292
41 220 221 222 223 225 228 229 230 231 233 234 235 237 239 240 243 244 245 246 248 251 254 257 259 260 262 263 264 266 268 270 271 273 276 278 279 284 286 288 292 294
34 225 227 230 232 234 238 241 242 244 245 246 249 250 251 254 258 259 261 262 266 267 268 269 272 274 276 278 280 282 283 287 289 290 292
17 222 225 226 227 229 234 243 245 255 256 259 262 271 272 278 288 293
17 220 221 222 224 232 234 241 243 246 252 254 261 264 265 282 283 288
16 228 232 233 236 237 238 240 241 243 262 268 270 272 279 282 290
27 220 224 225 228 230 232 235 242 246 247 249 253 256 257 260 261 262 267 273 274 280 281 282 283 284 285 292
11 227 231 239 242 249 250 255 256 275 278 289
30 221 224 225 227 231 235 242 244 249 250 252 253 257 258 259 260 263 264 266 267 269 274 276 278 280 284 286 287 293 294
13 221 222 224 227 245 251 255 265 270 274 277 283 289
11 221 227 234 238 240 244 245 255 271 289 291
24 220 231 239 240 241 244 250 253 254 256 257 260 263 266 267 270 273 274 284 285 286 287 291 292
24 223 224 225 230 234 239 244 245 247 249 250 251 257 264 265 268 277 278 282 284 286 292 293 294
27 225 226 227 228 229 238 239 240 242 245 246 248 252 253 255 260 263 264 267 268 272 274 280 282 286 290 292
10 241 244 256 259 266 276 281 284 287 288
12 225 231 243 249 254 266 268 269 271 279 288 290
13 222 226 230 239 245 248 251 256 261 265 271 275 285
31 222 226 228 230 236 238 239 240 243 246 248 250 253 254 256 258 259 261 267 268 269 271 273 276 277 279 280 282 287 289 291
10 241 254 255 257 261 263 269 270 278 279
15 228 232 233 234 236 237 238 240 241 243 262 268 270 282 283
20 222 224 225 233 234 238 240 241 243 253 255 260 269 272 275 278 284 286 291 294
28 220 224 225 230 231 237 241 244 245 246 250 256 257 259 262 266 267 269 270 273 274 276 279 282 285 288 289 293
15 226 228 236 244 255 267 269 273 274 278 281 289 290 292 293
17 223 224 231 234 239 244 247 250 264 265 270 277 282 284 286 287 294
10 223 224 228 252 265 269 277 282 288 294
15 224 229 239 246 249 252 253 258 259 261 264 271 275 282 294
14 232 233 234 237 238 240 241 243 254 262 268 270 272 282
23 224 225 228 231 234 235 236 240 244 245 246 247 250 259 262 266 267 269 270 282 288 289 293
12 220 234 243 259 266 271 279 281 284 287 288 293
20 222 229 231 233 236 237 239 241 248 251 254 259 264 265 269 272 276 287 288 293
9 221 230 232 237 257 258 260 275 287
23 221 226 238 246 248 253 255 256 259 261 262 266 267 271 274 275 279 280 283 285 289 290 291
19 220 224 228 230 235 242 247 257 258 260 261 266 273 280 281 282 283 284 290
7 223 242 245 246 257 275 280
14 221 222 224 226 241 251 256 259 262 265 274 283 289 293
26 221 222 223 226 229 230 232 233 239 242 247 248 250 252 256 260 264 268 272 275 277 282 284 285 292 294
39 224 225 227 228 229 234 235 237 239 240 241 242 243 244 246 248 249 250 253 254 256 257 261 262 264 268 271 272 273 274 275 277 280 283 285 286 287 291 294
35 222 223 225 226 229 233 235 237 242 247 249 250 252 254 258 259 261 262 265 268 270 271 272 273 276 279 280 281 283 285 286 288 289 290 291
26 222 225 227 228 234 235 240 241 242 247 250 251 252 255 263 269 270 272 273 274 277 282 283 285 289 291
6 222 257 263 289 290 294
34 220 225 228 229 230 231 235 236 237 239 241 245 247 249 250 253 254 255 256 258 259 264 266 268 269 270 275 277 279 283 284 286 287 289
16 220 223 235 244 246 248 249 251 256 262 266 267 268 281 282 290
21 224 226 229 231 233 236 241 242 248 254 255 261 268 269 273 276 279 284 285 287 289
23 220 221 222 223 226 229 230 233 242 247 249 250 252 253 264 267 268 272 275 282 285 288 292
22 227 232 233 234 238 247 248 252 258 259 263 264 268 270 271 276 277 283 284 285 291 294
16 223 224 230 233 235 237 247 257 262 265 270 273 275 278 283 291
14 228 233 247 248 253 263 268 269 271 272 273 274 279 294
19 222 224 233 234 237 238 243 253 259 260 269 272 275 278 283 284 286 291 294
21 220 224 228 231 233 242 244 247 248 249 252 257 258 267 274 277 280 282 285 286 294
27 222 227 230 233 236 237 240 242 243 244 251 256 257 260 266 268 269 270 272 274 277 284 285 286 288 289 290
17 222 226 235 237 238 242 248 251 253 259 260 261 264 269 281 290 292
16 221 222 226 228 233 237 246 256 259 261 266 271 274 275 283 285
23 226 228 229 231 232 236 239 240 242 246 249 252 254 255 258 260 267 280 282 285 286 290 292
34 220 221 223 227 231 232 233 234 236 239 240 241 243 244 247 249 255 256 257 262 263 265 272 275 276 279 282 283 284 285 288 289 291 293
5 239 241 243 278 292
18 220 230 232 233 234 235 236 237 238 242 246 250 252 257 261 273 275 276
11 223 225 241 243 245 246 250 254 265 280 282
20 227 231 236 237 238 242 247 249 250 256 257 260 261 264 268 273 278 282 286 290
31 225 226 227 228 229 231 232 236 239 240 242 245 248 249 252 253 254 255 258 260 264 267 268 269 272 280 282 285 286 290 292
30 220 221 222 223 226 229 231 233 235 236 237 239 240 248 253 255 256 257 263 264 265 270 273 275 277 279 281 288 291 294
16 221 224 227 229 241 245 251 259 262 264 265 270 274 277 283 293
18 224 230 235 247 253 256 257 258 260 261 273 274 275 281 282 283 284 290
24 221 222 224 225 231 232 234 240 242 244 253 256 259 262 271 272 274 276 284 285 286 288 292 293
19 220 221 223 229 233 239 247 248 249 250 252 256 264 268 275 277 285 288 291
20 227 229 231 237 238 247 249 250 252 254 256 260 261 268 273 278 281 282 286 290
34 225 228 231 234 235 236 238 241 242 243 244 246 247 251 252 255 263 264 265 269 273 274 277 278 280 281 283 284 285 289 290 291 292 294
15 220 223 235 236 246 248 249 250 251 252 265 266 268 270 282
20 221 223 227 240 242 246 248 251 252 262 265 267 271 273 276 282 285 288 292 294
7 257 265 277 281 286 288 290
20 220 221 222 223 224 228 232 233 241 243 251 259 267 269 276 279 287 288 289 294
19 220 221 227 238 239 243 244 245 246 249 251 258 260 266 267 272 274 291 292
7 230 232 237 248 257 260 287
14 228 233 248 253 263 267 268 271 272 273 274 279 287 294
25 221 222 226 227 238 240 243 246 248 252 260 261 262 263 265 271 272 273 276 278 282 290 292 293 294
21 222 223 225 226 227 236 239 243 245 255 256 259 262 263 269 272 275 276 283 288 291
8 236 244 262 270 281 284 286 291
20 227 229 231 237 238 247 250 252 254 256 257 260 261 268 278 281 282 285 286 290
21 224 226 229 231 233 236 242 253 255 256 261 262 264 268 269 276 279 284 285 287 289
6 222 234 258 263 289 290
16 226 228 233 237 248 253 255 256 259 261 266 279 280 283 285 290
16 223 226 237 239 243 246 250 254 255 256 263 269 279 283 291 293
12 221 222 224 229 241 256 259 265 270 277 283 293
23 220 221 227 230 232 234 235 238 239 243 244 246 250 251 252 258 263 274 278 282 283 292 293
16 223 229 233 239 242 247 248 249 250 260 268 272 277 282 284 285
13 220 224 230 235 241 245 246 251 252 261 276 282 283
16 224 242 252 253 256 261 267 269 280 281 282 283 285 289 291 293
17 223 225 226 227 229 243 245 246 262 263 272 276 278 279 288 290 293
19 229 236 237 242 247 249 250 252 254 256 257 260 261 264 268 273 278 281 290
12 229 236 242 247 250 252 254 268 273 281 282 286
29 220 223 226 227 229 230 233 235 237 238 241 243 245 246 248 249 251 252 254 258 260 265 266 267 268 273 281 282 289
46 220 221 222 223 225 227 230 231 232 233 234 235 236 237 238 240 241 242 243 244 247 248 250 251 254 256 257 262 266 269 272 273 274 276 277 278 279 280 284 285 286 287 288 289 290 292
23 230 234 238 241 242 245 249 251 254 258 261 262 266 267 269 276 280 284 285 287 289 290 292
23 221 222 223 224 228 232 233 241 243 245 251 253 259 266 267 269 275 276 277 279 280 287 294
15 221 222 223 224 235 237 250 251 257 261 262 270 273 278 294
17 224 226 233 241 242 248 253 259 261 262 264 269 273 275 276 279 285
20 221 227 229 233 236 245 247 248 251 255 258 259 261 262 268 271 272 276 289 293
16 220 224 228 231 232 233 240 241 244 247 252 258 267 268 286 294
19 220 221 222 223 224 228 232 233 243 245 251 266 267 274 275 280 288 289 294
16 221 222 234 240 243 246 251 260 267 271 282 288 290 292 293 294
23 220 228 232 235 246 247 249 253 256 257 260 261 267 268 274 275 277 281 283 284 285 290 292
8 225 241 242 243 246 275 280 282
25 220 225 228 234 237 241 244 245 246 247 250 259 266 267 269 271 273 274 276 279 285 288 289 291 293
15 227 229 231 236 242 247 252 257 261 264 268 273 282 285 286
25 222 225 228 233 234 242 247 250 251 252 254 258 260 261 262 263 267 270 272 279 285 286 289 290 293
27 226 228 229 235 237 238 242 245 248 251 252 253 254 258 259 260 264 268 269 270 273 274 278 280 281 290 292
13 222 224 225 234 238 240 243 259 269 272 275 283 286
30 224 227 228 230 232 234 238 241 243 244 245 249 251 258 260 262 267 268 269 272 274 276 278 282 283 284 285 289 290 292
23 225 226 228 229 231 236 238 239 240 242 245 246 248 253 255 258 260 263 264 268 272 282 290
15 221 226 228 229 247 257 261 263 271 273 274 279 285 289 293
26 222 224 228 229 230 235 237 238 242 245 251 253 254 260 264 268 269 270 273 274 277 278 280 286 290 292
34 220 223 226 227 228 233 235 236 238 239 241 243 245 248 249 251 255 257 261 263 264 267 268 269 270 273 275 277 278 279 280 281 291 294
14 226 230 239 245 248 251 265 271 273 275 277 281 289 291
11 233 237 238 241 243 254 268 270 272 283 290
19 229 231 232 233 234 235 247 248 252 258 259 264 268 276 277 283 284 285 291
30 221 223 225 227 232 233 234 236 239 240 243 247 249 255 256 263 265 271 272 275 276 279 282 283 285 287 288 289 291 293
28 222 224 225 227 228 231 234 238 240 242 243 244 246 251 259 264 267 269 270 273 274 277 281 282 284 290 291 292
12 220 234 241 243 244 256 266 271 276 281 284 288
15 222 224 225 240 241 253 255 259 260 269 275 283 284 291 294
16 224 225 233 234 237 240 241 242 243 255 269 272 275 278 286 291
27 220 224 227 229 242 244 246 250 252 255 257 258 260 263 264 266 267 269 274 276 278 280 284 287 292 293 294
30 220 221 223 224 225 227 229 231 232 233 235 237 242 244 249 251 252 255 260 264 265 270 275 281 283 285 286 288 290 293
24 227 229 231 232 233 234 235 237 238 239 247 248 252 258 259 262 263 264 268 271 277 283 284 294
10 223 231 238 239 242 249 256 257 289 292
6 221 230 248 257 275 279
16 222 223 230 239 245 248 251 261 265 271 275 277 281 285 288 291
24 224 227 229 232 233 234 235 237 239 247 248 252 258 262 263 264 268 271 276 277 284 285 291 294
20 225 226 227 229 231 232 236 238 239 240 242 246 248 252 254 255 258 269 282 290
13 226 227 228 229 230 245 247 254 258 274 280 289 293
10 229 236 244 262 266 280 281 286 290 291
14 223 230 239 245 248 251 256 261 271 277 281 285 289 291
33 221 223 225 226 227 232 236 239 242 245 246 247 248 250 254 255 259 261 262 264 267 270 272 273 275 277 279 284 285 286 287 288 293
18 223 225 231 243 244 249 254 266 269 271 272 280 285 286 287 288 290 294
16 222 224 225 234 238 240 241 242 243 259 269 272 275 278 283 286
22 223 225 229 234 237 242 250 252 254 258 259 260 261 263 270 271 276 280 286 289 290 291
35 220 221 223 225 227 230 231 232 233 235 236 237 240 242 244 245 247 248 254 255 260 262 267 268 269 272 277 278 284 286 287 288 289 290 292
20 221 227 229 232 233 236 245 248 249 251 255 258 259 262 268 271 272 276 289 293
14 220 231 233 241 242 244 247 248 249 257 282 285 286 294
7 238 239 241 243 253 278 287
17 224 226 231 233 236 241 242 248 254 255 262 264 273 276 284 287 289
25 220 222 225 227 229 231 235 241 245 247 250 252 255 256 261 263 276 277 280 284 286 287 292 293 294
44 220 222 223 224 226 228 231 232 233 234 235 236 237 238 239 240 241 245 250 251 252 254 255 258 259 260 261 262 267 269 271 272 273 275 276 277 278 279 281 287 288 290 293 294
35 225 226 230 231 234 237 243 245 246 247 249 252 253 254 257 259 260 262 263 264 265 266 268 270 271 273 276 283 285 286 287 290 291 292 293
48 220 221 224 225 226 228 229 231 238 240 241 243 244 245 246 248 249 250 251 252 253 254 255 256 257 258 259 260 261 263 264 265 266 267 268 271 272 273 274 275 276 277 278 280 283 286 293 294
39 220 221 224 226 227 230 233 234 235 237 243 245 246 247 248 250 252 253 254 260 261 262 263 267 269 270 272 273 274 275 277 279 280 284 285 288 289 290 293
27 220 226 227 228 229 230 232 233 240 242 250 251 257 258 260 263 266 267 269 275 276 278 281 282 284 285 289
49 222 223 224 225 226 227 228 230 234 237 238 239 240 242 243 244 245 247 248 249 250 252 253 254 255 256 258 263 264 265 266 267 268 269 271 272 274 275 276 277 279 283 285 286 289 290 292 293 294
26 222 225 226 229 230 232 235 237 239 240 241 246 248 250 253 255 257 258 260 263 272 281 285 287 289 293
35 220 223 225 228 229 232 233 234 235 237 238 243 244 246 249 250 256 257 265 266 268 269 270 274 275 276 277 278 280 281 282 287 288 290 291
46 220 221 222 224 229 230 231 233 235 236 237 238 241 243 248 250 251 254 256 260 263 264 265 267 268 270 271 272 273 275 276 277 278 279 280 284 285 286 287 288 289 290 291 292 293 294
34 220 226 229 231 235 236 238 239 241 242 244 245 247 250 251 252 256 257 262 263 265 273 275 277 279 280 281 285 287 288 289 290 291 293
25 223 227 230 231 235 236 241 242 244 245 247 249 250 253 256 258 261 263 264 265 281 285 289 291 293
49 221 222 223 225 226 227 228 229 230 231 232 234 236 237 239 240 243 244 245 246 248 250 251 255 257 259 260 262 263 264 265 266 267 268 269 271 272 279 281 282 283 284 286 288 290 291 292 293 294
36 222 224 225 227 228 231 232 233 234 237 240 244 245 247 248 256 257 259 262 264 265 267 268 269 275 277 279 283 285 286 288 289 290 292 293 294
23 229 235 236 244 246 248 250 255 256 257 259 260 264 274 275 276 278 280 282 284 285 292 294
28 227 230 231 232 234 235 236 239 240 241 248 249 251 255 256 257 259 260 261 262 264 265 268 272 280 284 286 294
36 222 225 226 227 228 229 230 233 238 240 243 244 245 248 249 252 256 257 258 261 263 264 265 267 269 270 273 276 279 280 281 282 283 289 292 293
43 220 222 224 226 227 228 229 230 234 236 237 238 239 240 241 245 252 254 255 257 259 260 262 264 266 267 268 269 271 272 273 276 277 278 280 283 285 288 289 291 292 293 294
50 221 223 227 228 229 230 232 233 235 236 237 238 239 242 244 248 250 252 253 254 255 257 258 259 262 264 265 266 267 268 269 271 272 273 274 275 276 277 278 279 281 284 285 286 288 289 290 291 292 293
29 220 221 224 227 228 231 232 233 235 237 244 247 250 253 254 255 257 272 273 274 275 277 279 281 282 284 290 291 292
31 221 223 228 233 234 236 237 239 240 245 246 248 250 252 253 254 259 260 261 262 268 269 271 274 276 277 278 281 286 287 288
22 224 225 236 237 238 242 245 251 252 256 261 265 266 270 271 272 275 278 281 284 290 292
42 220 221 222 223 224 226 227 228 229 230 231 233 234 236 237 239 241 245 247 248 250 251 252 257 259 260 261 263 268 269 272 273 278 280 284 285 286 287 289 292 293 294
27 220 222 228 235 236 239 240 243 245 248 249 255 260 265 268 271 273 276 277 278 283 284 286 287 288 291 292
51 220 221 223 224 225 226 227 228 229 230 231 232 234 235 236 238 239 241 244 246 247 250 251 252 253 254 256 257 258 259 261 262 264 266 267 268 275 278 279 280 281 282 283 284 285 289 290 291 292 293 294
43 221 222 223 224 225 228 231 232 233 235 236 237 242 243 244 248 249 254 256 257 258 260 261 263 266 270 271 272 273 275 276 278 279 280 281 284 285 286 287 288 290 293 294
52 222 223 224 226 227 228 229 230 231 232 233 236 237 238 239 240 241 243 244 245 246 247 249 250 251 253 255 256 257 260 261 262 264 265 269 271 276 277 278 279 280 282 283 284 285 286 287 288 290 291 292 293
29 223 226 227 228 230 232 233 235 237 238 239 240 245 246 247 248 250 251 258 269 270 278 280 283 284 285 290 291 293
41 220 222 223 229 230 233 234 235 236 237 238 240 242 243 245 247 248 251 257 258 260 261 262 263 265 269 272 273 275 277 279 281 282 284 286 287 288 289 290 292 293
36 220 221 222 223 227 228 229 230 232 236 237 239 244 248 252 253 254 255 256 257 259 260 261 265 269 273 279 280 281 282 283 284 285 286 292 293
40 220 222 223 224 225 226 228 229 231 233 235 236 238 243 245 246 247 249 250 251 255 258 259 260 261 263 264 265 267 268 275 280 281 283 284 285 287 290 293 294
47 221 224 227 228 229 230 231 235 236 237 238 239 240 241 242 243 244 247 249 250 251 252 255 256 257 258 259 262 263 265 268 270 272 273 274 275 276 278 279 282 283 284 286 287 289 290 292
28 221 225 227 237 238 239 241 242 245 250 254 257 260 261 263 264 267 274 275 276 277 278 280 283 285 289 291 293
41 221 222 224 226 228 229 232 233 236 237 239 244 245 246 248 249 250 254 255 256 257 258 262 266 267 270 271 273 274 275 282 283 285 286 287 289 290 291 292 293 294
24 222 229 230 231 234 235 237 241 245 249 252 255 257 259 262 263 264 267 269 276 277 278 282 285
41 220 227 228 230 233 234 237 239 243 245 247 248 250 251 253 254 255 256 257 258 259 262 263 264 266 268 269 272 274 277 278 279 280 282 283 287 288 289 292 293 294
41 221 222 223 224 225 228 233 235 236 237 238 239 241 246 249 250 251 252 254 255 257 260 261 262 265 269 271 272 273 274 275 279 280 281 282 284 285 287 290 291 292
32 221 223 225 227 233 234 236 240 241 242 244 246 247 252 253 254 255 256 258 260 261 265 266 269 271 273 274 277 280 283 286 289
22 223 226 227 232 233 236 239 241 245 247 250 252 258 260 262 263 277 278 279 286 290 292
44 223 226 228 229 230 231 232 233 235 237 240 241 242 244 245 248 249 252 253 254 255 256 257 258 260 262 263 268 269 270 272 275 276 277 278 279 280 281 287 288 289 291 292 294
47 220 221 222 224 225 226 227 228 229 231 232 233 234 235 241 242 243 246 248 249 250 253 255 256 257 260 261 263 264 265 266 267 268 269 272 276 277 278 282 284 285 286 288 289 290 292 293
27 221 223 224 229 232 233 235 237 240 242 243 244 245 246 251 252 255 256 266 268 269 270 276 277 281 283 288
48 220 221 222 224 226 228 229 230 231 233 234 236 237 239 240 241 243 245 246 247 248 249 250 251 255 256 257 258 260 262 263 265 267 269 270 271 272 273 274 275 276 280 282 283 289 291 292 294
26 222 225 226 227 228 230 233 234 236 244 249 253 254 258 262 264 268 272 276 277 278 279 280 282 283 292
41 220 221 223 224 226 227 229 230 232 233 234 235 239 243 247 248 249 251 252 253 255 257 258 262 263 264 266 268 270 273 276 277 278 280 284 285 286 288 289 290 294
34 220 222 223 227 229 231 233 234 237 238 241 242 244 245 249 250 254 255 257 258 261 262 264 265 266 268 271 279 281 288 289 290 291 294
24 222 223 231 234 237 238 247 251 253 257 258 260 261 264 267 269 273 277 278 279 288 289 291 292
32 220 223 224 225 226 227 228 231 240 244 246 250 251 252 255 257 258 262 263 264 265 266 267 274 276 278 281 287 289 292 293 294
42 220 222 230 231 232 233 236 237 239 241 244 246 247 249 250 251 253 256 259 260 263 264 265 267 268 269 270 271 276 277 278 279 282 283 284 285 286 287 289 290 292 294
22 223 228 229 234 235 243 245 257 260 263 264 265 266 269 270 271 273 283 284 285 288 293
40 220 224 225 228 231 236 237 238 239 240 241 242 243 244 246 247 251 252 253 254 255 256 258 260 261 263 264 265 267 272 273 275 277 278 279 280 285 287 290 292
45 221 224 225 227 228 230 231 232 233 234 235 237 238 239 240 241 242 243 246 249 250 251 252 254 257 259 260 261 262 265 266 269 272 273 274 275 276 277 280 281 282 286 288 289 291
37 222 223 227 230 234 235 237 238 240 243 244 246 247 248 249 250 253 254 256 260 261 262 263 265 266 267 269 270 274 276 278 279 281 282 285 286 294
28 220 223 224 236 239 245 250 255 256 258 260 261 262 266 268 269 270 271 272 273 274 275 276 281 283 287 289 290
46 220 221 223 224 226 227 229 230 231 234 235 238 239 240 242 243 246 247 249 252 253 254 256 258 259 261 263 266 267 268 269 271 272 274 276 277 278 279 280 281 282 284 288 289 291 292
44 222 224 226 227 230 231 232 233 234 235 236 237 238 239 240 242 246 249 252 254 260 262 263 264 265 268 271 273 274 275 276 277 278 279 280 281 284 285 286 290 291 292 293 294
42 220 221 222 225 226 228 229 230 231 232 233 234 235 236 237 238 241 242 245 246 247 248 250 253 257 258 261 262 263 268 269 270 271 272 274 275 276 280 281 283 290 292
24 224 225 227 229 230 232 233 235 243 247 248 249 251 260 264 266 270 274 278 284 286 287 288 292
23 221 224 230 233 236 240 244 245 254 255 257 261 263 264 266 269 270 271 274 277 288 292 294
24 220 222 223 224 226 230 237 253 257 259 261 263 267 271 272 273 277 282 283 285 288 291 292 293
32 220 221 223 225 227 228 231 236 237 238 247 250 251 254 255 258 260 264 267 272 275 276 278 280 281 282 285 287 288 289 293 294
44 220 224 226 227 230 231 233 234 235 238 239 240 242 243 245 247 248 249 252 254 256 257 258 259 261 262 268 269 270 271 272 274 277 279 280 282 283 285 286 288 290 291 293 294
31 220 223 232 235 236 239 240 242 245 247 249 251 252 253 256 258 259 260 263 267 268 270 272 273 277 278 288 289 292 293 294
29 230 232 234 235 236 241 243 244 246 249 250 252 254 256 261 265 266 267 271 272 273 274 280 285 287 290 291 292 293
28 223 225 227 231 234 239 244 246 248 250 253 254 258 267 269 270 271 272 276 278 279 280 281 282 288 289 293 294
51 220 221 222 223 224 226 228 229 232 233 234 235 236 237 239 240 241 242 246 247 248 250 251 252 253 255 257 259 261 263 265 266 268 269 271 272 273 274 275 276 277 278 279 283 284 285 288 289 290 292 293
51 220 222 223 224 225 226 229 231 232 233 235 237 238 239 240 242 244 245 247 249 251 253 254 255 256 257 258 259 260 261 262 263 266 267 268 269 270 272 274 275 279 280 281 283 285 286 287 288 290 291 292
35 224 226 229 230 231 232 234 235 236 239 240 241 244 245 246 248 252 253 254 258 259 260 262 264 265 269 276 278 280 283 285 287 288 289 291
48 221 222 223 224 225 226 228 229 231 233 236 237 238 240 243 245 246 247 248 249 250 251 252 255 256 260 262 263 265 266 267 269 270 271 272 273 276 277 278 282 284 285 286 288 291 292 293 294
43 221 224 226 227 228 229 230 232 233 234 236 238 239 240 241 242 246 247 248 249 250 251 252 259 260 261 264 265 266 268 270 273 276 277 278 284 286 288 290 291 292 293 294
47 221 222 223 225 227 228 229 230 232 233 234 235 236 237 240 241 242 243 245 246 249 250 253 254 255 256 257 261 263 266 268 269 270 272 273 274 275 276 278 280 281 283 285 287 291 292 294
35 221 222 223 224 226 227 234 236 240 241 242 243 247 251 256 257 260 263 265 269 271 272 273 274 280 281 283 284 285 286 287 289 291 292 294
37 222 224 225 226 227 228 230 232 233 234 235 238 239 240 244 245 246 250 252 254 257 261 266 268 269 270 271 272 273 276 279 281 285 288 289 293 294
42 221 223 224 227 228 229 232 234 235 238 239 243 244 250 251 252 253 254 255 256 257 258 262 264 265 266 268 270 272 274 275 276 277 280 283 285 286 287 288 291 292 294
25 220 222 233 239 240 241 242 244 245 251 254 255 256 261 263 265 267 275 277 278 284 287 289 292 293
47 221 223 226 227 230 234 236 237 238 239 240 241 242 243 244 245 246 249 250 251 253 254 255 256 257 258 259 261 262 264 266 267 268 269 271 273 274 275 277 278 279 284 285 286 288 291 292
22 222 228 231 235 239 240 244 245 254 256 261 265 269 270 274 278 283 284 286 289 290 291
23 220 222 226 230 233 234 240 241 242 247 248 250 254 256 263 266 269 276 278 279 280 284 289
43 221 222 225 226 229 230 233 236 237 238 239 241 242 245 246 248 249 251 252 253 254 255 257 258 259 260 263 266 268 274 275 276 277 279 282 284 288 289 290 291 292 293 294
35 224 225 226 227 229 230 231 236 238 239 244 245 247 250 252 253 256 257 258 259 261 263 265 269 270 271 272 276 280 283 284 285 287 291 294
51 220 222 223 224 225 226 227 228 229 231 232 236 237 238 239 241 244 246 247 248 250 251 252 254 257 258 260 261 262 263 264 265 267 268 270 273 275 276 278 279 280 282 284 285 286 287 288 289 292 293 294
52 221 222 224 225 226 227 228 229 230 232 233 234 238 239 242 243 244 246 248 249 250 251 252 253 254 257 259 260 262 265 266 267 269 270 271 272 273 275 276 277 278 280 281 283 285 286 287 288 289 290 291 294
38 221 223 225 226 228 229 230 231 234 235 237 239 240 241 244 247 249 253 254 256 257 258 259 261 263 264 265 267 271 272 274 276 277 278 280 282 283 294
23 222 228 229 232 235 237 244 250 253 254 258 262 264 266 267 268 273 275 276 277 280 285 288
47 220 221 222 223 225 226 227 228 229 233 234 239 240 241 245 246 247 249 250 251 252 253 254 256 259 260 263 264 265 269 270 271 272 273 276 277 278 280 281 283 285 286 288 289 290 291 294
35 220 222 224 226 228 229 232 233 235 236 239 240 245 251 253 254 255 258 262 263 264 266 267 269 274 275 277 280 281 282 284 285 288 289 294
33 222 224 226 227 230 231 232 233 234 235 236 238 246 247 251 254 258 261 263 269 271 272 273 274 275 278 279 280 281 283 285 289 290
26 221 223 224 226 231 233 235 236 238 244 246 248 249 250 252 262 265 266 268 271 274 275 277 278 288 293
45 220 221 222 225 226 227 228 232 234 236 237 241 242 245 246 247 249 250 253 254 255 256 257 258 259 260 261 262 263 264 266 269 270 273 274 275 278 281 282 283 284 286 288 292 294
39 221 222 224 227 228 230 234 235 237 246 247 250 252 253 254 258 261 262 263 264 265 267 268 269 270 272 275 276 277 278 279 280 281 282 283 284 288 290 293
25 221 223 224 225 226 233 237 238 239 245 248 249 252 258 268 269 270 272 276 278 280 282 288 289 293
35 220 221 223 224 228 229 230 231 233 239 240 242 248 251 252 254 256 257 258 261 263 264 265 266 271 272 274 276 279 281 286 288 290 293 294
52 220 221 224 225 226 227 229 230 231 234 235 236 237 239 240 242 243 244 245 247 253 254 255 256 257 258 260 261 262 263 264 265 266 267 268 270 271 274 275 277 278 279 280 282 283 286 289 290 291 292 293 294
30 221 222 230 231 232 236 237 238 242 243 244 245 246 247 248 250 259 263 264 272 274 277 278 279 281 283 284 287 291 294
28 220 224 231 233 235 238 239 240 243 244 246 253 254 255 256 261 270 271 273 274 278 280 281 282 286 287 288 294
40 220 221 222 226 228 233 238 243 244 245 248 249 250 252 253 254 256 257 258 260 262 263 264 267 269 270 271 272 274 275 276 277 280 281 282 284 285 289 290 293
26 224 227 230 231 234 235 236 240 243 247 251 253 257 260 264 271 274 277 278 280 282 283 284 286 288 294
24 220 223 227 228 231 232 236 243 250 253 256 257 259 261 262 264 265 278 281 282 284 288 290 293
24 221 223 227 231 233 235 240 244 245 247 252 253 255 263 266 267 270 278 283 287 289 290 291 294
47 220 221 222 225 226 228 231 232 235 236 237 238 239 240 242 243 246 247 248 249 250 254 256 259 261 265 266 269 270 271 272 273 274 277 278 281 283 284 285 286 287 288 289 290 291 292 294
30 221 223 224 239 241 242 245 247 249 251 253 255 257 261 262 265 267 268 269 275 276 277 278 282 284 285 289 291 292 293
39 220 221 222 223 224 229 230 232 237 238 241 245 253 254 255 257 258 259 262 263 264 265 266 267 271 272 275 277 278 279 280 281 282 283 284 286 291 292 293
49 220 222 223 225 227 228 231 232 233 234 235 238 239 241 242 245 246 247 249 250 251 256 257 260 261 262 263 264 265 266 267 268 269 270 272 273 277 278 279 280 281 282 283 284 288 289 290 291 293
46 221 222 223 225 226 227 229 231 232 233 234 235 237 239 240 243 244 250 253 255 256 257 259 260 261 263 266 269 270 271 273 274 275 278 279 280 283 284 285 286 287 288 289 290 292 293
33 220 221 222 224 228 231 233 234 238 239 240 243 245 250 252 254 255 256 262 265 267 268 269 275 279 282 284 289 290 291 292 293 294
50 220 221 225 226 227 228 231 232 233 234 235 238 239 240 241 242 243 244 246 247 248 249 252 254 256 257 258 259 261 262 264 265 268 269 271 272 273 274 275 276 277 280 281 282 283 285 287 289 290 292
30 223 225 234 235 236 240 241 243 244 245 246 251 254 255 259 260 263 264 265 267 271 272 273 274 275 277 278 283 290 294
27 221 222 224 226 227 230 232 233 234 236 247 249 254 255 257 262 263 266 267 272 273 275 279 283 285 287 294
42 221 222 224 227 228 229 230 232 234 235 240 241 245 246 248 250 251 254 256 258 259 261 263 267 269 270 273 275 276 277 281 282 283 286 287 288 289 290 291 292 293 294
41 221 222 223 225 226 228 230 231 232 233 235 238 240 243 248 250 251 252 255 256 259 260 261 262 263 267 269 270 271 274 275 278 279 281 283 285 286 287 288 291 294
25 221 223 228 229 236 238 240 247 250 254 255 256 258 269 270 271 273 274 275 281 282 283 285 291 292
35 220 221 222 223 227 230 231 234 237 239 242 244 245 247 248 249 250 255 256 258 260 266 268 270 273 274 279 280 282 283 284 288 290 291 294
45 221 222 224 226 229 230 232 235 236 237 239 240 242 244 247 248 249 250 252 254 255 256 259 260 261 263 264 265 267 268 269 274 275 277 278 279 283 284 285 287 289 290 292 293 294
51 221 222 223 224 225 226 227 228 229 232 236 237 238 239 240 241 243 244 248 249 251 252 253 256 257 258 259 260 261 262 264 266 268 269 270 272 273 275 276 278 280 281 282 284 285 287 288 289 291 292 294
37 221 222 223 226 227 232 236 241 242 243 244 246 247 248 249 250 254 255 256 257 258 263 264 265 266 267 270 271 273 275 276 277 280 281 282 283 291
29 222 223 224 225 226 228 231 235 240 242 244 247 248 253 256 262 263 266 270 271 272 273 275 277 287 289 290 293 294
44 220 222 223 224 225 226 227 229 232 233 236 237 238 240 242 243 244 245 246 247 249 251 252 253 256 258 259 262 267 268 269 270 272 273 274 279 283 284 285 286 287 288 289 290
51 221 222 223 226 227 229 230 232 233 234 236 237 238 239 240 241 243 244 245 246 249 250 251 253 254 255 256 257 258 259 262 263 265 268 269 270 271 272 275 277 280 281 283 287 288 289 290 291 292 293 294
46 220 221 222 225 226 227 229 230 232 233 234 235 238 239 240 242 243 244 245 247 248 249 252 253 255 256 257 258 261 263 264 266 267 268 270 271 272 273 274 276 284 285 288 291 292 294
48 220 221 223 224 226 227 229 231 233 234 235 236 237 239 240 241 243 244 245 246 247 248 249 253 255 256 257 258 259 260 261 262 263 264 265 267 268 270 272 273 276 279 280 282 285 286 288 293
23 223 224 227 235 237 242 244 247 248 251 257 261 271 277 278 279 280 281 287 290 291 292 293
30 220 222 226 228 230 231 232 234 235 236 240 242 243 245 246 247 251 255 262 263 265 269 271 278 281 282 284 285 287 291
45 221 222 223 227 228 229 230 231 232 235 236 237 238 243 244 245 248 249 251 252 253 254 256 257 258 259 262 263 264 265 266 270 272 273 280 281 282 283 286 288 289 291 292 293 294
51 220 221 222 224 225 226 227 228 230 231 232 233 234 236 237 238 239 240 241 242 243 244 246 249 251 256 257 259 260 262 265 266 267 270 271 272 273 275 278 280 281 282 284 285 286 287 288 290 292 293 294
38 222 223 227 230 233 238 239 240 241 242 244 248 249 250 251 252 254 257 258 260 261 262 263 264 265 270 271 272 273 274 275 276 281 285 289 291 292 294
41 220 222 223 224 226 228 229 230 231 233 234 235 237 238 239 240 241 242 243 244 245 249 255 256 257 258 262 265 268 270 273 276 280 282 283 285 286 290 292 293 294
34 221 226 231 232 233 238 239 240 241 243 245 249 250 252 253 254 256 257 259 264 268 269 270 275 279 280 282 285 286 287 288 291 292 294
25 221 226 228 232 236 238 244 246 247 255 258 259 260 266 271 273 276 280 285 288 289 290 291 292 293
40 221 222 224 225 227 229 231 232 236 237 239 240 241 242 244 246 247 248 249 250 252 254 255 257 258 261 262 268 269 270 272 274 275 276 278 284 285 287 289 293
30 220 221 222 226 229 231 232 233 234 237 239 240 243 244 247 249 252 255 256 257 262 269 274 275 280 283 289 290 291 292
37 223 225 226 227 228 230 232 233 235 238 242 243 244 245 247 249 250 252 255 256 258 259 263 272 273 275 276 277 280 281 282 285 288 289 290 292 293
45 220 221 223 224 225 226 227 228 229 231 232 233 236 237 238 241 248 249 250 252 253 256 257 258 259 260 261 262 264 265 266 268 270 271 272 275 278 279 283 284 286 288 290 292 293
40 220 222 225 226 228 229 230 233 234 235 236 239 241 246 247 250 251 252 256 257 259 262 263 264 266 268 269 271 273 275 278 279 281 282 283 285 286 289 290 291
46 220 221 222 223 224 225 227 228 229 231 232 233 234 235 237 238 239 242 243 247 248 250 251 252 253 255 256 258 264 266 267 271 272 273 274 276 277 278 280 281 282 283 284 288 289 293
23 221 225 235 237 238 240 243 245 248 251 258 262 263 276 280 281 282 285 287 288 290 291 292
43 220 223 226 228 230 231 232 233 236 239 243 244 247 248 250 251 255 256 257 259 260 261 263 264 265 266 267 269 271 273 274 276 277 278 279 281 282 283 284 285 286 287 292
31 220 221 229 230 231 232 237 248 250 254 255 259 260 261 264 265 266 267 270 273 274 278 281 283 284 285 286 287 288 289 291
33 220 221 227 231 233 236 237 238 239 243 246 248 251 252 254 257 258 259 260 261 262 263 264 267 274 276 277 280 282 284 289 291 292
33 220 222 224 230 232 233 237 238 240 241 243 244 246 249 253 257 258 260 262 269 270 273 274 275 279 280 281 282 283 286 288 289 290
44 222 223 224 225 227 228 232 233 235 236 238 239 241 242 246 247 248 249 250 254 256 257 259 260 261 262 266 267 268 269 270 272 274 277 278 282 283 285 288 289 290 291 292 293
35 221 223 225 228 229 231 232 234 235 237 238 242 245 247 248 250 255 256 259 260 262 264 265 266 271 273 275 278 279 281 285 286 287 292 293
43 220 221 222 226 228 230 231 233 235 238 240 241 243 245 246 247 251 254 256 257 258 259 261 262 263 268 269 275 276 277 278 280 282 283 285 286 287 288 289 290 291 293 294
40 220 221 224 226 228 229 230 231 232 233 234 237 238 241 247 248 249 252 257 262 263 264 265 266 268 269 273 274 275 276 277 279 282 283 285 287 289 290 292 294
36 221 224 225 226 228 229 232 235 236 238 241 242 244 245 246 247 250 253 254 258 259 263 264 269 271 274 275 276 278 284 287 289 290 291 293 294
52 220 221 222 223 225 226 227 229 231 232 233 234 235 236 237 238 239 240 245 246 247 249 253 255 256 257 258 259 261 263 266 267 268 269 272 273 275 276 277 278 279 280 281 282 285 286 287 288 289 290 291 292
50 220 222 223 224 226 228 229 232 234 236 237 238 239 240 241 242 243 244 246 249 250 251 252 253 254 256 258 259 262 263 268 269 270 274 275 277 278 279 281 282 284 285 286 287 288 289 290 291 292 293
24 221 226 227 230 231 232 233 235 240 241 244 248 257 258 261 265 267 268 278 283 285 286 287 292
39 220 221 222 224 225 226 227 229 230 233 234 235 238 239 241 244 245 247 248 249 255 256 258 259 260 264 266 267 269 270 271 272 273 278 283 284 288 291 294
47 222 224 225 228 229 231 232 233 236 237 238 241 243 244 246 247 248 250 252 253 254 255 257 260 261 266 267 268 269 271 272 273 274 275 276 278 279 281 282 283 284 285 286 287 290 291 293
29 220 221 222 226 230 234 235 240 244 246 250 251 265 266 267 268 271 272 273 274 278 280 282 283 286 290 291 293 294
43 220 222 224 225 227 228 230 231 234 238 239 243 245 246 247 248 249 252 254 255 256 259 265 266 267 268 269 270 274 276 277 278 281 282 283 284 285 286 288 290 292 293 294
31 221 225 226 230 231 234 236 237 239 240 243 245 249 255 260 262 266 269 273 274 275 276 277 279 281 283 284 289 290 291 292
33 220 222 226 228 233 236 239 242 244 245 247 248 249 250 251 254 255 259 261 266 268 269 271 272 273 275 279 280 283 287 288 292 294
37 220 221 222 224 225 226 227 230 232 233 236 237 238 242 244 246 250 254 257 259 263 264 265 267 271 272 274 276 278 279 280 283 285 286 287 289 291
38 220 221 222 224 229 230 231 232 241 242 246 248 249 250 254 255 256 258 262 263 266 267 269 272 273 274 276 278 279 283 284 286 287 290 291 292 293 294
38 221 223 226 227 228 232 235 236 237 238 239 241 242 243 244 245 247 249 253 257 258 261 262 263 265 266 267 271 272 274 276 277 281 283 284 292 293 294
43 221 225 226 227 228 229 230 231 233 234 235 238 239 240 241 243 245 246 249 250 252 255 256 260 261 263 264 265 267 268 269 270 274 275 279 284 285 286 287 288 289 290 293
46 222 224 226 231 233 234 236 237 238 239 240 241 242 243 244 246 248 249 250 252 255 256 257 258 261 262 264 265 267 268 270 271 272 273 274 279 280 284 285 286 287 288 289 290 292 294
47 220 222 223 224 225 226 227 228 232 234 237 238 242 243 245 246 248 249 250 251 252 255 256 258 260 262 264 266 267 269 270 271 273 274 275 278 279 281 283 284 285 286 287 289 290 291 294
48 221 222 223 224 225 226 227 230 231 233 234 235 236 237 239 240 241 242 243 245 246 248 250 251 254 255 260 261 264 265 266 267 268 272 273 277 279 281 282 284 285 286 287 289 290 291 292 293
48 220 221 223 224 225 228 229 232 233 234 235 236 237 238 240 241 242 243 244 247 248 250 252 254 256 257 258 259 264 265 266 267 268 269 271 272 273 274 275 276 278 280 282 283 284 285 286 294
30 220 221 222 223 226 228 229 237 238 241 244 246 248 251 254 259 261 263 264 265 266 267 270 273 278 280 283 285 286 291
37 222 223 224 227 228 229 230 231 232 233 238 242 244 245 247 248 249 251 252 255 256 257 261 265 267 269 270 274 276 278 280 283 285 287 289 291 294
41 220 221 223 225 231 232 236 238 239 240 241 242 244 245 246 249 253 255 256 257 258 259 262 265 266 268 271 274 275 276 277 278 279 280 281 282 285 287 291 292 293
49 220 221 222 225 227 228 230 232 234 235 236 237 238 240 241 243 244 246 247 249 251 252 256 257 258 259 260 261 262 263 264 265 268 272 273 274 275 277 278 279 281 282 284 285 286 288 289 290 291
50 220 223 225 226 227 228 229 231 232 233 234 235 236 237 238 239 241 244 247 248 249 250 254 255 256 259 260 261 262 263 265 266 267 268 269 270 271 273 274 275 277 278 279 280 281 283 286 287 289 290
50 221 224 225 227 229 231 232 233 234 237 238 239 240 242 243 245 246 247 248 249 250 251 252 253 254 256 257 258 260 261 264 265 266 268 270 271 272 276 277 278 279 280 281 283 285 289 290 291 292 293
48 221 222 224 225 226 227 230 231 232 233 234 236 237 238 239 240 241 243 246 247 248 251 254 256 259 262 263 266 268 269 270 271 272 273 275 277 279 280 281 283 284 286 287 288 289 291 292 294
36 222 223 226 227 232 233 234 236 237 238 239 245 247 249 251 257 258 259 265 266 269 274 275 276 277 279 280 283 284 286 287 289 290 292 293 294
51 221 222 223 224 226 228 229 230 231 232 233 235 237 239 241 242 244 245 247 248 249 250 251 252 254 256 257 258 259 260 261 265 267 268 269 273 276 277 278 279 281 282 284 285 286 288 290 291 292 293 294
25 223 226 227 228 229 231 236 239 243 244 247 248 254 258 259 260 263 271 276 279 283 284 286 288 290
37 220 222 223 224 226 230 233 234 235 236 238 244 245 247 249 250 252 253 254 255 261 263 264 268 269 271 272 277 280 282 284 285 286 289 290 291 293
10 299 303 310 311 312 313 314 322 324 327
22 296 297 298 300 301 302 303 304 305 308 310 311 312 313 315 317 319 321 322 323 324 326
18 299 300 301 302 304 305 306 307 308 309 312 313 317 319 320 322 324 326
9 295 297 299 304 306 310 316 326 327
6 297 298 308 312 315 317
9 299 300 310 314 317 319 321 325 326
5 303 307 311 324 327
12 297 298 299 300 301 305 310 312 313 315 317 320
14 295 297 299 302 309 313 314 318 320 321 322 323 325 327
16 295 296 297 298 301 303 305 309 311 314 315 317 318 319 320 323
6 298 307 308 311 322 326
15 295 296 299 300 301 302 305 308 309 312 313 319 320 326 327
20 295 296 297 299 300 301 304 305 306 307 308 311 312 313 314 315 317 318 322 323
16 300 301 303 304 305 307 308 309 310 314 315 317 319 322 326 327
22 295 297 298 299 301 302 303 304 306 307 309 314 315 316 317 318 319 320 323 325 326 327
6 306 307 315 316 322 324
15 298 300 301 305 312 313 314 315 317 318 319 320 322 323 324
12 295 296 297 298 306 311 313 316 318 320 324 325
12 295 298 299 303 304 306 309 311 315 316 321 325
13 296 299 303 305 309 310 314 315 319 323 324 326 327
23 295 296 297 298 300 301 302 304 305 306 307 308 309 315 316 317 318 319 320 321 323 325 326
10 296 299 300 301 302 305 306 310 319 324
10 297 299 302 313 315 319 320 323 324 327
18 297 298 303 304 306 307 310 311 314 315 316 317 318 321 322 323 324 325
11 296 299 305 307 309 311 312 313 314 315 322
5 301 304 310 316 319
9 296 299 300 301 306 309 311 316 323
13 295 296 297 299 303 305 306 309 312 315 321 325 327
15 297 299 301 304 306 309 311 315 318 319 320 321 322 325 327
7 307 312 314 318 320 321 326
21 295 296 302 303 304 306 307 308 309 311 314 316 318 319 321 322 323 324 325 326 327
11 297 299 302 303 305 309 311 314 315 316 327
8 298 304 307 308 310 312 320 324
10 295 296 300 301 303 306 309 310 312 314
19 296 298 300 301 303 304 305 306 307 308 310 311 312 315 316 317 319 324 326
12 302 303 304 307 310 313 319 320 321 322 324 325
21 296 297 300 301 302 305 307 308 310 312 313 314 317 318 319 320 322 323 324 326 327
7 303 304 309 316 317 323 327
9 302 308 311 314 317 318 320 322 323
11 296 300 302 306 309 312 314 315 318 323 326
7 304 305 316 317 318 321 325
5 299 302 312 321 323
10 296 302 306 307 308 313 318 320 324 325
13 297 298 299 300 301 302 306 307 314 318 322 324 325
6 295 305 314 318 326 327
9 297 298 301 305 308 316 317 320 322
9 295 297 298 308 311 313 315 322 325
13 298 302 303 309 310 316 319 320 321 324 325 326 327
8 295 299 304 310 313 319 321 325
5 296 302 311 313 327
11 295 299 306 307 309 314 316 318 320 325 327
11 298 300 302 304 308 311 312 313 318 321 322
7 296 300 313 317 318 323 326
18 295 296 298 300 302 303 305 307 308 310 312 313 314 316 317 323 324 326
4 306 307 316 320
5 295 297 301 317 325
17 299 300 302 304 306 307 308 310 312 313 316 321 322 324 325 326 327
13 295 297 298 301 303 304 305 308 309 312 318 320 323
22 295 297 298 300 301 302 303 304 306 308 310 316 317 318 319 320 321 323 324 325 326 327
11 296 300 305 308 310 311 312 313 321 322 324
15 295 296 297 298 303 310 311 314 315 316 318 321 323 325 327
14 296 298 300 301 308 311 313 314 315 318 319 322 324 326
19 295 297 299 302 303 304 305 306 307 309 310 312 316 317 320 321 323 325 327
6 298 300 307 313 324 326
7 295 301 306 319 321 322 325
23 295 297 298 299 300 301 303 304 305 309 310 311 312 314 315 316 317 319 321 322 323 326 327
9 296 302 303 307 308 309 311 321 325
20 295 296 303 304 305 308 309 310 311 312 313 315 316 317 319 320 321 323 326 327
3 296 311 313
16 295 297 299 302 303 304 305 306 309 310 312 316 317 321 323 325
6 311 314 317 320 322 323
9 295 299 306 307 314 316 318 325 327
16 295 300 301 304 305 306 307 308 309 315 316 317 319 323 325 326
6 295 299 304 310 321 325
3 298 308 311
10 299 303 309 310 314 315 323 324 326 327
6 298 304 308 311 318 321
3 307 324 327
5 307 308 311 322 326
7 296 306 312 314 315 318 323
3 307 316 320
4 299 302 312 323
4 316 318 321 325
3 301 304 316
5 299 315 320 323 324
6 302 308 311 317 318 320
12 297 299 304 309 310 312 316 317 320 323 325 327
13 295 296 304 305 308 311 315 316 317 319 320 321 326
7 300 301 302 307 318 322 324
8 295 296 300 303 306 309 310 314
9 296 297 299 303 305 309 312 315 325
10 298 300 301 305 312 313 315 318 320 322
6 295 298 311 313 318 320
7 296 297 298 313 316 318 324
11 295 296 298 303 305 309 311 317 319 320 323
7 298 299 300 302 314 318 322
9 297 298 299 305 310 313 315 317 320
2 295 325
7 295 297 308 313 315 322 325
6 295 299 304 310 313 319
10 299 301 302 306 307 314 318 322 324 325
5 296 301 306 309 312
13 297 298 300 302 303 304 306 310 317 319 321 323 327
9 299 309 311 315 318 319 321 322 327
11 296 299 305 309 310 314 315 319 323 324 326
17 297 298 300 301 302 303 304 306 310 316 317 321 323 324 325 326 327
5 295 299 304 310 316
4 295 313 319 325
6 297 298 308 317 320 322
8 295 298 304 305 308 309 312 323
5 307 312 318 320 326
6 298 304 308 312 320 324
4 296 302 313 327
9 302 306 307 308 310 312 316 321 322
7 296 298 300 301 308 313 324
17 295 297 298 299 302 303 307 309 314 315 316 319 320 323 325 326 327
7 300 304 308 311 312 321 322
4 298 312 315 317
11 297 298 303 306 307 311 317 318 321 322 325
3 297 312 315
8 296 302 309 312 314 315 318 323
5 296 299 300 301 306
6 298 304 307 312 320 324
7 301 305 315 319 322 323 324
6 302 308 317 318 322 323
4 304 308 310 312
8 300 302 305 308 312 313 326 327
5 306 307 316 322 324
6 298 304 307 310 312 324
13 298 300 302 303 304 306 316 317 319 323 324 325 327
5 304 316 317 321 325
11 297 298 299 300 301 302 306 314 318 324 325
6 299 302 311 314 316 327
14 302 304 308 309 311 316 318 321 322 323 324 325 326 327
5 298 307 311 322 326
13 296 301 303 305 306 308 311 312 315 316 319 324 326
6 297 301 305 308 317 322
8 299 302 313 315 319 320 323 324
8 295 299 303 306 309 315 321 325
6 299 303 310 312 322 324
4 308 312 315 317
3 305 318 326
9 296 300 305 308 310 311 312 313 324
8 299 303 310 311 313 322 324 327
3 298 307 324
8 297 299 300 302 306 314 318 325
10 302 304 307 308 312 317 320 322 324 326
13 295 296 303 305 308 309 312 313 315 317 319 320 321
9 295 299 307 309 314 316 318 320 325
6 308 311 317 318 322 323
5 297 299 303 305 314
6 297 299 300 305 313 317
6 308 311 314 318 320 322
13 299 300 302 304 306 307 308 312 321 322 325 326 327
12 295 299 305 307 309 310 312 316 317 320 321 327
6 298 308 311 313 322 325
6 297 301 308 316 317 320
14 296 298 300 301 304 306 307 308 311 312 315 319 324 326
10 298 309 316 319 320 321 324 325 326 327
3 307 322 324
8 296 302 306 313 318 320 324 325
11 297 298 299 301 302 306 307 314 322 324 325
4 296 311 313 327
8 300 305 308 310 311 313 322 324
15 295 297 302 303 305 306 307 312 316 317 320 321 323 325 327
13 296 298 302 305 307 308 312 313 314 316 317 323 326
3 307 324 327
9 298 303 309 310 319 320 321 324 325
5 298 300 308 311 322
4 300 310 314 326
14 295 297 299 302 303 304 306 307 309 312 316 320 323 327
6 302 304 308 312 318 321
6 299 300 310 314 317 326
16 295 296 303 304 305 308 309 312 313 316 319 320 321 323 326 327
9 297 304 307 310 315 316 321 323 324
9 296 300 302 312 314 315 318 323 326
5 297 298 305 317 322
13 296 300 301 302 310 312 313 314 320 322 324 326 327
12 304 307 308 312 313 316 321 322 324 325 326 327
17 296 297 301 302 303 304 305 308 310 312 313 315 317 319 322 323 326
13 295 297 300 305 306 307 308 313 314 315 317 318 322
9 295 299 306 309 314 316 318 320 325
3 295 297 325
12 295 297 299 302 313 314 318 320 322 323 325 327
6 300 310 314 317 321 325
19 295 297 298 302 303 304 306 308 310 316 317 318 319 320 321 323 324 325 327
7 299 313 319 320 323 324 327
12 296 300 303 304 306 310 311 312 315 316 317 326
13 295 297 302 303 304 305 306 307 310 320 321 325 327
4 306 307 315 324
3 300 313 326
14 295 298 300 301 304 308 310 316 319 320 323 324 325 326
5 296 299 300 316 323
4 311 314 320 323
6 297 305 306 315 321 325
5 295 301 306 319 322
6 295 297 299 304 316 326
5 298 307 308 312 320
11 295 297 298 301 304 305 308 312 318 320 323
3 301 304 316
7 299 310 314 317 321 325 326
12 296 297 298 300 301 311 313 317 321 322 324 326
14 299 300 302 304 306 307 308 310 312 313 322 324 325 326
8 296 299 305 309 310 315 319 324
4 305 314 326 327
12 295 297 299 302 309 314 318 320 321 322 323 327
7 296 299 300 302 305 306 324
4 303 304 309 323
9 300 301 312 313 315 318 319 320 324
9 296 302 305 309 312 313 320 326 327
7 295 297 299 304 306 326 327
7 299 306 307 309 318 320 327
8 296 302 306 307 308 313 318 324
6 297 302 315 319 324 327
14 295 298 299 302 303 307 314 315 316 317 318 323 325 327
7 295 296 305 312 315 325 327
7 295 297 298 311 315 322 325
15 299 300 302 304 306 307 308 310 313 316 322 324 325 326 327
7 303 307 308 309 311 321 325
8 296 302 306 312 314 315 323 326
3 295 317 325
22 295 298 300 301 302 303 304 305 306 307 310 313 315 316 317 318 319 320 322 323 325 327
16 295 298 304 305 307 308 311 312 314 315 317 318 322 323 326 327
9 295 301 302 313 315 318 320 321 325
20 296 297 298 300 301 303 304 307 308 310 311 312 314 315 318 319 320 321 322 326
20 295 298 299 300 302 303 304 305 306 307 310 311 313 314 319 320 321 322 324 327
9 297 306 308 312 313 314 316 321 326
15 296 298 300 301 304 305 306 317 318 319 320 322 324 325 326
22 297 299 300 301 302 304 305 308 309 311 312 313 314 315 316 320 321 322 323 324 325 327
18 295 296 297 299 303 305 306 307 308 310 314 316 320 322 324 325 326 327
13 295 297 299 302 306 307 310 312 314 317 321 325 326
17 295 297 298 300 302 303 305 306 307 312 313 314 315 317 321 322 325
15 295 296 299 303 304 307 308 310 311 318 319 320 322 323 325
17 295 297 300 301 302 304 307 308 309 311 313 317 318 321 323 325 326
17 298 299 305 306 309 312 313 315 316 318 320 321 322 323 325 326 327
10 306 307 310 311 313 314 318 323 324 325
22 296 298 299 300 303 304 305 307 309 311 313 314 315 316 317 319 320 322 324 325 326 327
11 296 299 301 303 304 306 307 310 315 323 325
21 295 297 298 299 300 302 303 305 306 308 309 310 315 317 318 319 320 321 323 326 327
16 295 296 297 298 302 303 305 308 313 314 315 317 320 322 326 327
18 297 298 299 300 302 303 304 306 309 310 312 314 316 320 323 324 325 326
15 296 297 299 300 301 302 309 313 315 318 322 323 324 325 327
13 297 299 302 306 307 309 310 314 315 320 321 325 326
21 296 297 300 301 302 303 304 307 308 309 310 311 312 314 315 321 322 323 324 325 327
21 295 297 298 299 300 301 303 304 305 308 310 311 312 314 315 316 317 319 320 325 327
13 295 296 298 301 302 304 305 312 319 320 322 324 327
16 297 299 300 301 302 303 304 306 311 312 313 315 321 322 323 324
19 296 297 301 305 306 307 308 309 310 314 316 317 318 320 321 322 324 326 327
20 295 299 300 303 304 305 306 308 309 312 313 314 316 318 319 321 322 324 326 327
15 299 300 302 304 305 306 307 308 309 314 319 322 324 326 327
18 295 299 300 301 303 305 306 308 309 310 311 314 315 317 319 320 321 327
17 297 298 299 301 304 305 306 307 308 311 313 314 319 320 321 323 327
18 295 297 298 302 303 307 308 310 313 315 317 318 319 320 323 324 325 327
17 296 298 299 304 306 307 309 311 314 315 316 319 320 322 323 325 326
17 297 299 300 302 303 304 305 306 310 313 314 315 316 317 322 325 326
18 297 298 299 300 302 306 307 309 312 313 314 315 317 319 322 323 324 326
12 295 299 300 301 308 314 315 318 319 324 325 326
11 295 306 308 312 313 314 317 318 319 320 325
17 296 297 298 300 302 308 309 311 316 319 320 321 323 324 325 326 327
20 295 296 297 298 299 301 304 305 306 307 308 309 311 313 314 317 323 324 325 327
15 296 299 301 302 306 307 312 313 317 318 320 321 324 326 327
21 295 297 298 300 301 302 303 305 309 310 313 314 315 316 317 318 320 321 323 324 325
13 295 296 297 302 303 304 305 310 311 315 317 321 324
14 295 298 305 308 311 312 313 317 319 320 321 322 326 327
10 296 302 305 307 308 310 312 316 320 325
12 296 299 300 303 305 307 309 313 317 318 324 325
11 295 299 306 307 309 310 312 314 318 321 324
17 296 297 305 306 307 308 310 311 312 315 317 318 320 323 324 325 326
15 295 297 298 303 304 306 308 311 315 316 317 318 321 322 326
20 295 297 298 299 300 302 305 306 307 309 310 311 312 314 316 318 323 324 326 327
15 295 296 297 298 299 300 304 305 311 313 314 315 317 326 327
22 295 298 300 301 303 304 305 308 309 310 311 312 313 314 318 320 321 322 323 325 326 327
22 295 296 297 298 301 302 303 304 305 307 308 309 311 312 313 316 318 320 321 322 325 327
22 295 296 297 298 300 302 303 304 306 307 308 311 312 313 316 319 320 321 323 325 326 327
13 295 296 297 298 303 304 305 308 310 319 320 324 325
16 296 301 305 306 308 309 311 313 314 320 321 322 323 324 325 327
11 296 297 298 310 314 318 320 321 323 326 327
11 295 296 298 300 302 306 310 311 316 317 325
21 296 299 301 302 304 306 309 310 312 313 315 316 318 319 320 321 322 323 324 326 327
16 296 297 298 299 301 302 304 307 308 309 310 311 315 317 323 326
16 295 296 297 298 300 303 307 312 313 315 316 317 319 321 322 325
15 295 296 297 299 302 308 311 312 314 315 316 318 322 323 327
19 296 300 301 303 304 307 308 309 310 313 317 318 319 322 323 324 325 326 327
14 295 297 299 300 302 305 306 307 312 315 316 317 320 322
18 297 298 300 301 303 307 311 314 316 317 318 319 320 321 322 323 326 327
16 295 297 299 301 302 303 309 311 312 313 315 317 321 322 325 326
22 296 297 298 300 302 304 306 307 308 309 310 312 313 314 316 317 319 320 321 322 325 327
21 295 296 298 299 300 301 302 303 306 308 309 310 312 313 316 318 321 322 323 326 327
19 296 298 300 301 302 305 306 309 312 313 315 316 317 318 322 323 324 325 326
23 296 298 299 300 301 305 306 308 309 310 311 312 313 314 315 317 320 321 322 323 324 326 327
11 295 296 297 301 306 312 313 315 317 320 324
11 297 299 301 303 305 308 316 321 324 326 327
10 300 301 306 307 308 309 312 314 318 326
10 296 303 310 311 313 315 316 322 324 326
17 295 296 299 300 302 304 307 309 310 311 313 314 315 316 317 320 325
14 295 299 302 303 306 308 309 310 311 312 313 317 320 323
11 298 299 301 302 303 306 308 309 320 321 325
15 295 297 299 300 301 304 308 309 311 313 314 318 319 323 325
13 296 297 299 301 303 305 308 310 313 314 316 320 322
22 295 296 297 300 301 302 303 304 306 308 310 311 312 316 317 318 319 320 322 324 326 327
11 301 302 303 305 308 312 313 316 322 326 327
20 297 298 299 300 301 302 303 304 306 307 309 310 313 315 316 319 320 322 323 327
17 295 296 297 298 302 304 305 307 309 310 312 313 316 318 321 323 326
15 296 297 298 300 302 305 309 312 313 315 317 319 324 325 326
11 297 298 300 301 305 307 317 319 322 326 327
15 298 301 302 305 307 308 310 314 315 317 318 321 322 324 326
12 297 301 302 303 309 311 312 317 320 321 322 326
11 298 299 300 301 305 306 318 320 322 323 326
12 296 305 307 308 312 316 317 322 323 324 326 327
19 295 296 300 302 304 306 307 310 311 312 313 315 316 317 319 320 321 322 323
11 296 298 300 309 311 312 315 317 318 320 327
17 296 297 298 302 303 305 308 309 315 316 317 319 320 322 323 325 327
21 295 296 297 300 301 302 304 306 307 308 311 312 313 314 315 317 318 319 324 325 327
22 295 296 299 301 302 305 307 308 310 312 314 315 316 317 318 319 320 321 322 325 326 327
11 295 304 305 306 308 309 310 313 315 317 319
20 295 300 302 304 305 306 309 312 314 315 316 317 318 319 321 322 323 324 325 327
18 296 298 300 301 302 303 304 306 310 311 314 315 318 319 321 323 324 326
20 297 298 299 301 302 303 304 305 306 309 310 312 314 316 320 321 323 325 326 327
22 295 297 298 299 301 302 305 306 308 309 310 311 313 315 316 317 318 319 320 321 323 326
12 296 299 300 310 311 312 317 318 322 323 326 327
10 303 304 306 310 313 315 316 318 319 325
16 297 298 301 302 303 306 309 313 314 315 318 320 321 322 323 325
15 295 296 297 303 304 306 312 313 315 319 321 322 325 326 327
9 295 297 301 303 306 314 317 320 326
15 297 298 300 302 306 308 311 313 315 317 318 319 323 325 327
22 295 297 298 299 301 303 305 307 308 310 311 312 313 314 316 317 319 321 323 324 325 327
11 296 299 300 309 310 312 318 321 322 324 325
21 295 297 299 301 302 303 304 305 306 307 311 312 313 316 317 320 322 323 324 326 327
13 295 298 299 300 303 309 312 317 319 323 325 326 327
12 295 298 300 307 311 313 317 320 322 324 325 326
21 295 296 297 299 300 301 302 305 306 308 310 312 313 315 320 321 322 324 325 326 327
17 296 297 298 299 300 303 306 309 310 314 316 318 319 320 324 325 327
16 295 296 300 304 305 306 309 310 312 313 315 316 317 319 325 327
10 296 297 298 302 311 320 321 322 324 327
15 300 303 304 305 306 308 309 310 312 313 314 315 323 324 327
21 296 299 300 301 304 305 309 310 311 312 313 314 315 318 319 320 321 322 323 324 326
17 295 296 298 301 302 304 307 308 311 314 317 318 319 321 322 323 324
20 295 296 297 298 300 303 304 305 307 308 312 313 314 318 319 322 324 325 326 327
21 295 300 301 302 303 304 306 308 309 311 313 314 315 317 318 320 321 322 323 326 327
21 295 297 299 300 303 304 307 308 309 310 311 312 313 314 315 317 322 324 325 326 327
15 295 296 297 300 301 305 308 312 314 317 318 320 322 326 327
19 295 296 297 298 300 301 303 304 306 313 314 317 318 319 321 323 324 326 327
13 299 301 302 303 306 308 311 312 314 318 319 320 324
15 295 299 304 308 309 310 313 314 316 318 319 320 322 325 327
19 295 296 298 301 302 305 306 308 309 310 311 312 315 316 319 321 322 324 325
19 296 298 299 301 304 305 306 307 308 311 312 314 317 319 320 322 325 326 327
15 295 298 299 301 302 304 311 313 314 318 319 320 323 325 327
17 295 299 302 304 306 308 309 310 311 313 316 318 320 322 323 324 326
13 295 296 299 301 302 306 309 314 316 319 321 322 324
11 297 299 300 301 304 306 310 312 316 317 320
20 296 297 298 299 301 302 303 304 305 309 311 312 313 314 319 321 323 324 325 326
17 299 302 304 306 307 308 311 312 313 315 317 320 322 323 324 325 327
11 299 300 303 304 308 310 311 313 315 320 322
22 295 298 299 301 302 304 305 306 307 308 310 313 317 318 320 321 322 323 324 325 326 327
16 296 297 298 299 301 302 303 305 307 309 313 314 315 320 325 327
13 299 302 304 305 306 312 313 318 321 322 325 326 327
16 297 299 301 304 306 307 309 310 312 318 321 322 323 324 325 326
18 297 298 300 301 303 304 305 309 310 313 314 315 319 322 323 324 326 327
11 297 299 302 307 310 312 314 315 318 324 326
14 299 301 304 305 307 308 309 311 315 316 317 322 323 327
20 297 298 302 303 305 307 309 310 311 312 313 316 317 318 319 320 323 324 325 327
21 296 298 299 300 301 302 304 305 307 309 311 313 314 315 316 320 321 322 323 324 326
18 295 297 300 301 303 304 308 309 314 316 318 319 320 321 322 323 325 327
12 299 304 305 306 307 308 312 313 314 316 318 319
20 295 296 302 303 304 305 306 307 308 309 313 314 315 317 318 319 320 321 323 326
17 296 297 300 301 302 303 304 305 306 309 312 313 314 315 317 321 322
15 302 303 304 306 307 308 309 311 314 315 320 321 323 326 327
12 295 297 299 301 302 304 305 307 311 315 318 323
16 297 299 302 303 304 305 307 309 310 312 317 318 324 325 326 327
12 295 299 302 306 308 309 311 312 315 317 322 325
15 295 296 298 300 302 303 304 306 309 310 311 315 320 326 327
13 298 300 302 308 309 314 315 316 318 321 322 325 327
12 295 296 305 306 308 309 312 321 322 323 324 325
15 295 297 299 301 303 307 308 311 313 314 315 317 319 322 324
11 296 300 301 303 308 315 316 322 323 325 326
28 330 332 343 344 345 348 349 351 352 354 356 359 363 364 366 368 369 370 374 375 380 382 385 386 389 390 392 393
42 328 329 331 334 335 336 337 339 342 344 345 347 348 350 351 352 353 355 356 358 360 361 363 364 367 368 369 370 372 373 377 378 379 380 381 382 385 386 389 390 392 395
19 330 343 346 350 353 354 355 358 359 360 363 367 368 380 381 382 383 390 393
23 329 333 334 338 339 340 343 345 346 347 350 353 355 356 359 373 377 379 380 381 383 384 395
26 329 332 333 336 337 338 341 342 349 355 356 357 364 368 370 371 372 373 375 379 384 385 387 389 391 394
21 328 331 334 336 341 346 348 350 351 359 361 362 371 372 379 381 382 384 386 392 395
23 329 335 336 337 338 341 342 343 347 349 352 354 367 369 372 377 379 381 382 383 384 386 389
49 328 330 331 333 334 335 336 338 339 340 341 343 344 345 346 347 348 349 352 353 354 355 356 358 359 360 361 362 363 364 365 366 367 368 369 373 374 376 378 379 381 383 385 386 390 391 392 394 395
16 329 341 343 347 350 356 358 361 367 369 370 373 378 388 390 393
26 328 337 339 340 341 343 345 346 347 353 354 356 357 362 366 368 372 373 375 380 381 383 384 388 389 394
18 330 333 335 336 337 342 343 344 347 363 366 368 375 379 381 382 383 391
22 328 334 335 336 337 338 342 344 345 348 351 356 361 364 369 370 371 387 388 389 392 394
32 328 329 330 332 335 336 337 338 340 343 345 346 349 351 352 355 356 359 360 362 363 364 370 373 376 377 379 381 383 385 388 389
34 328 330 333 334 339 340 344 345 346 348 350 351 355 358 359 360 361 363 364 366 370 371 374 376 378 385 387 388 390 391 392 393 394 395
21 331 332 334 335 337 345 347 352 353 357 360 366 371 372 383 384 387 389 391 392 395
24 330 332 333 335 343 344 345 347 352 355 360 363 364 367 369 370 377 378 380 383 389 391 393 394
17 332 344 348 352 358 360 365 367 368 372 376 378 386 388 390 392 394
21 328 340 343 344 346 347 351 354 358 360 361 363 366 369 374 378 380 382 383 390 395
16 328 329 339 346 351 353 359 361 364 365 369 371 372 376 378 390
48 328 329 330 331 332 335 337 338 340 341 343 345 347 348 349 350 351 352 353 354 357 358 359 360 361 362 364 367 368 370 371 372 373 374 377 379 380 382 383 384 385 386 388 389 391 393 394 395
23 329 330 331 337 342 347 349 352 354 357 358 360 361 363 364 372 375 378 379 384 386 388 392
19 328 331 338 340 341 342 352 353 357 366 367 368 372 373 377 380 381 384 393
9 331 342 350 357 358 377 383 391 395
13 335 337 342 343 350 354 358 362 364 365 367 381 386
32 331 333 334 339 341 342 347 348 350 353 357 358 361 365 367 368 369 371 372 374 375 378 380 382 384 386 387 390 391 393 394 395
11 331 332 353 356 357 362 365 368 373 375 380
23 329 330 335 339 344 349 354 357 358 360 363 364 366 369 370 372 375 376 381 383 389 393 395
10 333 335 338 339 344 345 353 354 364 395
11 328 350 355 357 359 360 361 371 374 388 393
22 334 336 340 341 342 343 348 352 358 362 365 366 370 372 373 376 377 378 379 381 382 392
27 328 332 333 335 336 340 343 344 345 350 353 355 356 362 366 368 369 370 373 376 377 380 381 383 385 389 391
26 329 330 331 333 340 341 345 346 348 354 357 360 367 368 373 375 376 379 381 382 385 388 389 390 391 394
11 331 335 341 354 361 363 364 371 374 382 391
11 333 339 345 349 350 361 362 376 377 387 394
42 328 332 334 335 336 337 338 339 342 343 344 347 349 350 351 352 353 355 356 358 359 361 362 363 364 365 366 369 370 371 372 374 377 378 380 383 384 386 387 392 393 395
28 329 331 332 333 338 339 340 342 343 345 350 356 359 361 362 365 366 367 370 372 373 375 379 382 384 391 393 395
29 328 329 330 334 338 340 341 342 345 347 351 352 353 354 355 364 366 373 374 379 381 383 384 385 386 387 389 393 395
13 333 334 335 345 348 349 351 358 363 369 383 390 392
32 328 330 332 333 335 337 341 343 344 346 347 348 349 352 355 357 358 361 362 363 364 367 368 370 371 372 375 376 378 381 383 391
13 328 337 344 352 354 358 368 378 383 386 387 390 392
25 328 330 339 342 343 348 349 351 354 355 359 361 363 364 367 368 370 373 375 376 381 385 388 390 394
31 328 329 333 334 335 336 337 338 339 340 341 346 347 353 355 360 361 362 365 367 371 372 373 376 378 379 381 384 387 388 394
7 337 350 351 370 377 380 382
52 328 330 331 332 333 334 335 336 337 338 339 340 342 344 345 346 348 349 351 352 353 354 355 357 359 360 362 363 364 365 366 368 371 372 374 375 376 377 379 380 381 382 383 384 385 386 387 389 391 392 394 395
22 328 334 339 347 349 351 352 359 363 366 368 371 372 374 375 378 382 384 387 389 392 395
27 330 334 335 336 341 346 347 348 349 351 353 355 357 360 363 364 369 371 374 376 377 380 381 385 388 389 394
12 329 332 342 357 371 372 375 384 387 388 389 393
21 331 336 344 346 350 356 357 359 360 361 362 363 365 368 369 371 372 377 382 391 392
12 331 344 350 353 358 360 361 369 372 377 383 385
17 328 334 335 341 347 348 354 355 359 366 370 371 375 378 379 380 389
18 338 341 345 349 354 355 358 360 362 367 370 373 384 387 388 392 393 395
26 330 332 333 338 340 341 343 346 349 354 357 359 362 365 366 371 374 375 376 383 384 387 388 391 393 394
19 330 332 337 344 346 354 356 359 360 370 374 379 382 386 387 388 389 394 395
18 334 338 339 341 346 348 351 359 365 367 371 374 382 387 390 393 394 395
20 333 334 336 339 342 344 346 355 356 363 365 366 369 375 376 378 381 387 390 392
23 329 337 338 339 340 342 349 353 354 356 357 358 365 366 368 373 374 375 376 385 387 388 390
16 329 331 336 343 351 363 364 367 369 372 373 383 388 390 391 392
36 329 331 334 336 338 339 340 342 345 350 351 353 354 356 359 360 365 366 369 373 374 377 379 380 382 384 385 386 387 388 389 390 392 393 394 395
25 329 330 331 332 337 346 347 349 351 356 363 367 368 369 375 380 383 384 385 386 387 389 390 391 394
4 344 354 366 392
11 331 333 340 347 352 355 356 365 367 382 394
18 330 332 334 335 336 338 342 348 349 352 360 363 364 369 376 377 386 393
20 332 334 336 346 348 350 351 359 368 371 373 374 377 380 384 385 387 388 391 392
30 329 331 332 333 336 338 340 341 344 345 346 348 353 355 356 357 361 369 370 373 376 377 379 380 383 388 390 391 393 394
7 351 358 361 371 374 379 385
21 330 331 334 335 339 345 348 350 352 353 359 362 365 367 376 377 381 386 388 392 393
17 329 336 339 343 347 350 355 361 362 364 365 371 375 376 378 385 391
13 329 333 337 338 340 347 351 354 367 374 381 387 392
28 330 332 334 336 341 342 345 349 357 362 363 368 370 371 373 375 376 378 379 380 382 384 386 388 389 390 391 394
18 332 333 335 337 339 343 348 349 358 367 370 375 376 378 380 388 390 394
22 329 333 336 338 340 341 344 346 350 356 358 362 365 369 374 377 378 379 380 382 386 393
17 329 331 333 344 350 355 359 365 367 370 378 382 387 390 391 392 395
16 331 332 334 340 348 350 352 356 357 374 377 380 385 386 389 394
24 330 332 337 338 340 342 344 346 352 353 356 357 358 360 365 368 374 381 382 384 385 386 393 395
27 329 331 332 333 339 340 341 347 349 352 357 362 365 366 372 373 374 375 376 377 378 379 384 385 386 391 395
15 328 335 339 343 346 348 352 355 356 359 364 365 366 393 395
14 328 337 338 341 342 343 345 353 361 362 378 379 386 390
3 330 360 385
17 328 330 336 337 342 349 351 357 362 366 369 370 375 385 387 389 393
16 328 331 340 341 352 353 357 366 367 368 372 373 377 380 384 393
10 329 333 337 338 351 354 367 381 387 392
9 333 338 340 347 351 354 374 381 387
12 332 337 344 354 359 360 370 374 379 386 389 394
18 328 334 339 340 344 345 346 358 359 361 363 364 370 371 378 390 393 394
6 342 343 350 354 365 381
19 329 333 334 339 340 343 345 346 347 353 355 359 373 377 379 381 383 384 395
10 337 338 341 345 353 361 362 378 386 390
14 329 330 339 354 358 363 366 370 372 375 381 383 393 395
12 336 339 342 346 355 356 363 365 369 378 390 392
23 331 333 334 339 341 342 347 350 353 357 358 368 371 375 378 382 384 386 387 390 391 393 395
32 328 330 332 335 337 338 340 341 343 345 348 349 350 351 353 358 362 367 370 371 372 373 374 377 380 382 383 385 391 393 394 395
20 330 332 333 335 337 341 344 346 347 349 355 358 361 364 368 372 378 381 383 391
8 335 342 350 354 358 362 367 386
6 345 350 362 376 377 387
6 329 342 371 375 384 393
14 330 343 350 353 354 355 358 359 363 367 368 380 383 393
42 328 329 330 331 335 338 340 341 343 345 347 348 349 350 351 353 354 357 358 359 360 361 362 364 367 368 370 371 372 373 374 377 379 380 382 384 386 388 389 393 394 395
6 331 335 361 363 364 371
13 329 339 344 349 354 357 366 372 375 376 381 389 395
18 328 340 344 346 347 354 358 360 361 363 366 369 374 378 380 383 390 395
5 337 351 370 377 382
12 329 335 336 341 342 343 349 367 369 381 384 389
19 333 339 340 345 350 356 361 365 366 367 370 372 373 375 382 384 391 393 395
23 330 332 333 338 340 343 346 349 354 357 359 362 365 371 375 376 383 384 387 388 391 393 394
15 330 332 343 344 345 352 369 374 380 382 385 386 389 390 393
29 329 331 334 336 339 340 342 345 350 353 354 356 359 360 365 369 374 379 380 382 385 386 387 388 389 390 392 393 395
21 329 334 335 337 342 344 350 353 363 364 367 368 369 370 372 378 379 381 385 390 395
19 330 331 333 340 341 345 346 354 357 360 367 368 376 381 385 388 389 391 394
5 340 347 365 367 394
35 328 329 331 335 336 337 339 342 344 347 348 350 351 352 353 355 356 360 361 363 367 368 369 370 372 373 378 380 381 382 385 389 390 392 395
29 329 331 334 336 337 339 344 345 347 348 350 352 353 355 356 358 361 364 367 368 369 370 372 377 378 381 382 386 392
18 329 333 338 339 340 343 345 346 347 350 355 356 359 379 380 381 383 384
7 332 353 356 362 365 375 380
5 337 350 370 377 380
29 328 330 331 332 338 341 343 345 348 350 351 352 353 354 357 358 359 361 362 367 371 372 373 374 383 384 386 388 394
18 337 340 341 343 346 347 356 357 362 366 368 372 373 375 380 383 389 394
9 343 347 356 358 367 369 370 373 390
19 329 331 332 333 338 342 343 345 356 362 365 367 370 375 382 384 391 393 395
22 330 332 343 345 348 349 351 352 354 356 363 366 368 369 375 380 385 386 389 390 392 393
18 330 332 333 335 343 344 345 347 352 360 364 367 370 377 383 389 393 394
6 334 349 351 363 383 390
41 328 330 331 335 336 337 338 339 340 342 345 349 351 352 353 354 355 359 360 364 365 368 371 372 374 375 376 377 379 380 381 382 383 384 386 387 389 391 392 394 395
5 331 350 357 383 391
10 330 346 350 353 354 360 368 381 383 393
11 334 336 346 350 351 359 371 380 384 385 392
21 334 335 341 346 347 348 351 353 355 357 360 363 364 369 371 374 376 380 381 389 394
39 329 330 331 332 335 337 338 340 341 343 345 347 348 349 350 351 352 353 354 357 358 359 360 362 368 370 371 372 373 374 377 379 380 382 385 386 389 393 395
13 328 331 334 336 346 348 350 351 359 361 372 382 392
34 328 330 333 334 335 336 338 339 340 341 343 346 347 348 349 354 355 359 360 361 362 363 367 369 374 378 379 381 385 386 390 391 394 395
15 331 338 341 342 352 366 367 368 372 373 377 380 381 384 393
9 335 354 361 363 364 371 374 382 391
10 331 344 350 353 358 361 372 377 383 385
19 329 331 332 333 338 340 345 350 356 359 366 367 370 372 375 384 391 393 395
17 340 343 344 346 347 358 360 361 363 366 369 374 378 380 382 383 390
13 329 331 336 343 363 367 369 372 373 383 388 391 392
28 328 330 332 336 338 339 342 344 346 351 352 354 355 357 364 368 371 372 374 376 379 380 382 383 384 385 391 394
11 333 337 338 340 347 351 354 367 381 387 392
14 329 333 336 337 341 349 356 357 368 370 379 384 385 394
14 328 334 335 337 342 344 345 348 361 369 371 387 388 392
16 329 331 340 345 346 348 354 357 367 373 375 376 379 382 385 391
15 334 338 339 343 345 346 347 350 353 356 373 381 383 384 395
20 329 330 337 342 347 349 354 357 358 360 361 363 364 372 375 378 379 384 386 388
11 349 352 357 358 361 364 372 375 379 388 392
9 331 332 353 357 362 365 368 373 375
12 331 336 348 350 351 359 362 371 372 386 392 395
14 329 330 331 332 337 347 356 363 367 368 375 380 384 394
9 338 341 345 349 358 367 392 393 395
11 337 342 343 350 354 358 362 364 367 381 386
16 328 335 336 338 342 344 348 351 361 364 369 387 388 389 392 394
12 347 359 363 366 371 374 375 378 382 384 392 395
1 360
7 329 340 351 354 374 381 392
10 329 331 336 363 367 369 372 373 383 392
12 328 334 335 347 348 354 355 366 370 375 380 389
28 329 331 338 339 342 345 350 351 353 354 356 359 365 366 369 373 374 377 380 382 384 385 386 388 390 392 393 394
16 328 331 340 341 352 353 357 366 367 368 372 377 380 381 384 393
12 329 337 338 339 342 349 356 358 365 373 374 376
8 337 350 358 362 364 367 381 386
41 328 330 331 332 334 335 337 338 342 344 345 346 348 349 351 352 354 355 357 359 360 363 364 365 366 368 371 372 375 376 377 380 381 382 384 385 386 389 391 392 394
35 328 332 335 336 337 338 339 342 343 344 347 349 351 352 353 355 356 358 359 361 363 364 366 369 370 371 374 378 380 383 384 386 392 393 395
14 333 338 342 343 356 359 365 370 372 373 375 379 382 395
16 330 332 337 344 346 354 356 359 360 370 374 379 387 388 389 395
18 332 336 342 345 349 357 362 376 378 379 380 382 384 386 389 390 391 394
15 330 332 334 336 341 357 362 368 370 371 375 379 380 382 384
17 328 337 345 349 351 352 355 359 363 364 370 373 376 381 385 388 389
7 333 335 349 358 369 383 392
8 328 330 336 342 349 362 370 387
15 333 346 348 354 360 368 375 376 379 381 382 388 389 390 394
6 337 351 370 377 380 382
7 333 334 345 348 349 358 392
15 340 341 342 343 348 352 358 362 365 366 372 373 376 378 382
17 328 334 346 348 350 351 359 362 371 372 379 381 382 384 386 392 395
6 331 335 361 363 374 391
4 337 351 377 382
46 328 332 334 335 336 337 338 339 340 342 345 346 348 349 351 352 353 354 355 357 359 360 362 363 364 365 366 368 372 374 375 376 379 380 381 382 383 384 385 386 387 389 391 392 394 395
7 335 337 343 350 362 364 365
16 330 332 338 340 342 356 357 358 365 368 374 381 382 384 385 386
4 337 370 377 380
11 332 333 335 337 339 370 375 376 380 388 390
16 329 338 339 340 342 349 357 358 365 366 368 375 376 385 387 388
8 331 333 340 347 356 365 367 382
15 336 338 340 341 344 346 350 358 362 369 377 378 380 382 386
13 329 330 335 363 364 369 370 376 381 383 389 393 395
6 351 358 361 371 374 385
12 332 334 348 350 359 371 374 380 385 387 388 391
9 331 332 353 357 362 365 368 373 380
22 328 333 335 336 340 343 344 345 350 353 356 362 366 369 370 373 377 380 383 385 389 391
13 330 342 347 352 357 360 363 372 378 379 386 388 392
16 330 332 337 344 346 356 359 360 370 379 382 386 388 389 394 395
14 332 334 336 345 368 373 376 378 380 384 386 388 389 391
13 338 341 345 349 354 355 358 367 384 387 388 392 393
8 331 342 350 357 358 377 383 395
2 330 360
6 331 342 350 383 391 395
24 328 335 337 340 343 345 346 349 351 352 356 359 360 362 363 364 373 376 377 379 381 383 385 389
12 329 336 347 355 361 362 364 365 375 376 378 385
10 332 348 358 360 367 376 386 388 390 392
34 328 332 338 341 343 345 347 348 349 350 351 352 353 357 358 359 362 367 368 370 371 372 373 374 377 379 382 384 385 386 388 389 391 393
10 329 341 343 350 356 361 369 373 378 390
11 329 330 331 342 347 363 372 378 386 388 392
10 331 340 348 350 352 374 377 380 385 389
14 328 337 339 340 341 343 346 354 356 362 372 373 383 384
8 329 346 359 361 364 369 372 378
16 331 337 346 347 349 351 363 367 368 380 385 386 389 390 391 394
6 350 351 370 377 380 382
8 328 338 343 345 353 361 362 390
12 330 336 337 342 351 362 366 369 370 385 389 393
13 329 331 344 350 355 359 365 370 378 382 391 392 395
17 328 334 341 346 350 359 361 362 371 372 379 381 382 384 386 392 395
18 329 330 335 339 344 349 354 358 360 363 364 370 372 375 381 383 389 393
12 335 339 343 348 349 358 370 375 376 378 388 390
26 328 332 335 336 337 339 342 344 347 350 352 355 358 361 364 370 377 378 380 383 384 386 387 392 393 395
17 337 339 343 346 347 353 354 356 357 362 368 372 380 381 383 384 394
8 335 337 342 354 362 364 365 386
9 328 344 354 358 368 378 386 387 392
23 329 331 332 333 339 340 341 347 349 357 362 365 366 372 373 374 375 376 377 384 385 391 395
6 331 350 358 377 383 395
20 329 330 339 344 349 354 357 358 360 363 364 369 370 372 375 376 381 383 389 395
9 341 345 355 362 370 373 387 388 393
29 328 330 333 334 340 344 346 348 350 351 358 359 360 361 363 364 366 370 371 374 376 385 387 388 390 391 392 393 394
12 328 329 346 351 353 359 364 365 371 372 378 390
7 331 332 353 356 362 365 368
3 344 354 392
17 330 332 346 349 351 363 367 368 375 380 383 384 386 387 389 390 391
15 330 332 337 340 344 346 352 353 356 357 358 365 384 393 395
11 328 334 335 347 348 354 359 371 375 380 389
26 328 331 334 335 337 339 345 350 351 352 355 356 361 367 368 370 372 373 377 378 379 381 382 389 390 395
6 329 332 372 384 388 389
17 329 330 331 337 347 349 357 358 360 361 363 364 372 375 379 388 392
22 329 331 332 338 339 340 342 343 345 359 361 362 365 366 370 372 373 379 382 384 391 395
13 329 338 339 353 354 358 365 366 368 373 375 387 388
24 329 331 336 338 340 345 351 354 356 360 366 369 373 377 379 380 386 387 388 390 392 393 394 395
14 338 345 349 354 355 358 362 367 370 373 384 387 388 393
9 337 338 341 345 362 378 379 386 390
7 335 341 354 361 363 364 382
38 328 330 334 335 336 338 339 340 341 344 346 347 348 353 354 355 356 358 359 360 361 363 364 365 366 368 369 373 376 379 381 383 385 386 390 391 392 394
16 330 331 334 335 345 350 352 359 362 365 367 377 381 386 392 393
5 351 370 377 380 382
21 332 333 335 340 343 344 345 350 353 355 356 366 369 370 373 377 380 381 383 389 391
15 334 335 336 338 344 345 348 361 364 369 370 371 388 389 392
15 329 337 340 342 349 354 357 358 365 366 373 376 385 387 388
21 328 330 333 334 340 344 345 346 348 355 358 366 370 376 385 388 390 391 392 393 395
12 331 335 337 345 352 353 366 372 383 387 389 395
20 330 343 345 348 349 352 354 359 363 364 366 369 374 375 380 382 385 386 389 392
5 328 355 361 371 388
10 329 331 355 365 378 382 387 390 392 395
7 332 357 362 365 368 375 380
10 329 336 351 364 369 373 383 388 390 391
6 331 358 361 369 372 383
15 334 338 340 343 345 347 350 353 355 356 377 379 380 383 384
13 337 341 342 343 347 367 369 377 382 383 384 386 389
18 328 334 339 349 351 352 359 363 366 368 372 375 378 382 387 389 392 395
18 329 330 340 341 346 354 360 373 375 376 379 381 385 388 389 390 391 394
13 330 338 340 341 343 346 357 362 375 376 383 387 391
6 344 353 369 377 383 385
8 331 333 352 355 356 367 382 394
6 333 345 349 362 377 394
17 332 336 338 341 342 349 355 356 357 364 368 370 371 372 373 379 387
16 340 341 342 343 348 358 362 365 372 373 376 377 378 381 382 392
16 329 330 342 347 352 354 358 360 361 363 364 375 379 384 386 392
11 328 338 341 343 345 353 361 362 378 379 386
10 329 344 350 359 365 367 370 387 391 395
16 330 334 335 341 348 349 351 353 364 371 377 380 381 385 388 389
8 328 337 338 342 343 378 386 390
13 328 340 343 358 360 361 363 374 378 382 383 390 395
10 346 353 354 360 367 380 381 382 383 393
31 329 331 334 336 338 342 350 351 353 354 359 360 365 366 369 373 374 377 379 380 382 384 385 386 387 388 390 392 393 394 395
11 333 335 336 337 344 347 363 368 379 381 391
13 333 334 338 339 345 346 350 353 359 373 381 384 395
22 328 331 334 335 339 351 353 355 356 358 360 361 364 367 368 377 378 381 382 385 389 390
12 334 335 347 348 359 366 371 375 378 379 380 389
16 340 344 346 347 351 358 360 361 366 369 374 378 380 383 390 395
22 331 333 334 339 341 342 347 350 353 357 358 361 368 369 371 374 375 378 380 382 387 391
11 328 329 339 346 353 359 365 369 371 372 376
18 329 335 336 340 343 345 346 349 351 355 356 360 363 373 376 381 385 389
11 328 331 334 336 341 346 351 359 371 379 381
11 331 333 350 355 359 365 367 382 387 390 392
22 335 336 341 346 347 348 351 353 355 357 360 363 369 371 374 376 377 380 381 385 388 389
13 329 341 347 350 356 358 361 367 370 373 378 388 390
16 328 329 333 337 340 341 346 347 355 360 365 372 373 384 387 394
13 330 333 336 342 343 363 366 368 375 379 381 383 391
29 328 329 331 334 335 336 337 339 342 345 351 355 358 360 363 364 367 368 369 370 372 373 377 379 380 382 386 390 395
16 329 330 331 337 347 357 358 360 361 364 375 378 379 384 386 388
14 328 340 341 353 357 366 367 368 372 373 377 381 384 393
13 329 330 331 342 349 354 358 360 361 363 386 388 392
13 331 336 343 351 363 364 367 369 372 373 383 388 391
9 332 333 337 343 348 349 376 380 390
13 331 336 344 350 359 360 361 362 368 371 382 391 392
10 330 336 342 351 362 366 369 370 385 389
13 332 333 339 343 348 349 358 376 378 380 388 390 394
20 329 331 332 333 339 340 341 347 349 352 357 362 365 372 373 376 378 384 386 395
16 332 337 341 349 356 364 368 370 375 379 384 385 387 389 391 394
11 328 349 351 352 359 363 371 372 378 384 389
12 329 331 337 342 347 352 358 361 363 372 375 392
13 337 342 349 356 357 358 368 373 374 375 385 387 390
25 328 333 334 339 340 344 345 346 350 351 355 358 359 360 363 364 371 378 385 388 391 392 393 394 395
16 336 340 341 342 343 352 358 362 365 366 372 373 376 377 382 392
8 328 346 352 355 359 364 365 395
14 328 334 336 346 362 371 372 379 381 382 384 386 392 395
8 334 335 348 349 351 363 383 392
30 328 330 331 339 340 343 345 346 347 349 353 354 356 358 359 362 363 364 365 366 367 368 369 378 379 381 383 386 390 395
6 345 350 361 362 376 387
17 330 341 346 347 348 349 353 355 360 363 364 374 380 381 388 389 394
12 342 349 352 358 360 361 363 372 375 378 384 386
9 334 338 346 351 359 374 382 390 394
8 337 342 353 361 362 378 386 390
9 335 339 343 346 348 365 366 393 395
13 329 331 332 347 349 351 367 369 383 385 386 387 391
12 330 333 342 344 363 366 368 375 379 381 382 391
23 333 334 341 342 348 353 357 361 365 367 368 369 375 380 382 384 386 387 390 391 393 394 395
8 328 355 359 360 361 371 374 388
12 329 339 351 353 359 361 364 369 372 376 378 390
5 357 377 383 391 395
8 350 353 360 369 372 377 383 385
22 333 334 341 347 348 357 358 365 367 368 369 371 372 374 375 378 382 384 386 387 390 395
21 329 332 333 340 341 344 345 346 348 353 357 361 369 370 376 379 380 383 390 391 394
13 331 332 334 348 350 352 356 357 374 377 380 386 394
10 329 337 338 351 354 367 374 381 387 392
14 328 330 339 342 348 354 355 359 364 373 375 376 385 390
14 329 331 333 338 342 350 359 361 365 373 379 382 384 393
17 328 340 343 344 347 351 354 360 361 363 366 369 378 382 383 390 395
9 331 348 352 357 374 377 380 385 394
8 338 341 343 353 361 362 379 386
8 329 332 342 372 375 387 388 393
13 329 334 338 339 343 350 373 377 379 380 381 383 395
7 331 333 340 347 352 355 356
17 332 334 336 341 342 357 362 363 370 371 373 379 380 386 388 390 394
18 337 338 344 352 353 356 357 358 360 365 368 374 381 382 385 386 393 395
23 329 331 332 338 340 341 344 345 346 348 353 355 356 361 370 373 376 377 379 388 391 393 394
17 329 337 338 339 342 353 354 356 357 358 365 366 373 374 385 387 390
17 334 335 339 348 352 353 359 362 365 367 376 377 381 386 388 392 393
9 331 335 354 361 363 364 371 374 391
10 336 339 343 347 350 361 362 364 378 385
27 328 334 335 336 337 338 339 340 341 346 347 353 355 360 361 362 365 367 372 373 376 378 379 384 387 388 394
13 330 332 334 336 338 348 349 352 360 363 376 386 393
14 330 332 344 346 354 359 374 379 382 386 387 388 394 395
31 328 332 334 336 338 342 343 347 351 352 355 356 358 359 361 362 363 365 366 370 372 377 378 380 383 384 386 387 392 393 395
14 329 333 349 352 357 366 372 374 375 376 377 384 386 391
14 338 339 341 346 351 359 365 367 382 387 390 393 394 395
26 328 334 335 336 337 339 345 350 351 352 355 360 363 364 370 372 373 377 379 380 382 385 386 389 390 392
25 328 330 333 335 337 341 344 346 347 348 355 357 358 361 362 364 367 368 370 371 375 376 381 383 391
12 329 335 341 342 347 349 352 372 382 383 384 389
13 328 340 343 346 347 358 366 369 378 380 383 390 395
20 331 333 339 340 341 347 349 352 357 362 365 373 374 375 376 378 379 384 385 386
6 333 337 338 340 354 392
9 342 343 345 353 361 378 379 386 390
13 332 337 338 340 356 357 360 368 374 381 386 393 395
21 334 336 338 339 340 345 350 351 356 366 373 374 379 380 382 384 385 387 390 392 393
23 330 341 346 347 348 349 351 353 355 357 360 364 369 371 374 376 377 380 381 385 388 389 394
24 330 332 343 344 345 348 349 351 352 354 356 359 363 364 368 370 374 375 382 385 386 389 392 393
16 328 340 343 344 346 347 351 354 358 363 378 380 382 383 390 395
15 328 343 346 347 353 356 362 366 373 375 381 383 384 389 394
2 360 385
18 330 332 337 338 342 344 346 352 353 356 357 358 360 365 368 374 382 386
12 349 354 355 358 362 367 370 384 387 392 393 395
4 351 361 374 379
18 330 335 341 344 348 349 352 361 362 363 364 367 368 371 375 378 381 391
30 331 334 337 342 344 347 348 351 352 353 355 356 358 360 361 363 364 368 370 372 373 377 379 381 382 385 386 389 390 395
45 329 331 332 334 335 336 337 339 341 343 344 345 346 348 350 353 354 355 356 359 360 361 363 364 365 366 367 369 370 372 374 375 376 378 379 380 382 385 386 387 388 391 392 394 395
32 328 330 331 334 335 337 338 340 342 344 345 347 349 350 358 361 365 368 369 370 371 374 377 378 382 383 385 389 390 391 393 395
25 328 329 331 336 340 341 345 346 347 349 351 352 355 357 358 363 364 366 367 368 370 373 381 388 391
42 329 330 331 332 335 336 339 340 342 344 345 346 347 349 350 351 353 354 355 357 358 362 363 365 366 367 369 370 371 372 378 379 381 385 386 388 389 390 391 392 393 394
47 328 329 331 332 333 334 335 336 337 339 340 344 347 348 349 350 353 354 357 358 359 360 361 362 363 364 365 367 368 370 372 374 376 377 379 380 382 383 384 385 386 387 388 389 392 393 394
24 328 329 330 337 338 339 344 352 358 363 364 369 372 373 375 376 379 380 382 385 389 390 393 394
37 329 330 334 335 338 339 340 342 344 345 348 349 350 351 352 353 354 356 357 359 360 361 362 364 368 369 371 372 373 376 378 382 384 387 390 391 395
45 329 331 333 334 335 336 337 339 340 341 343 344 345 346 347 350 351 352 353 354 355 356 361 362 363 366 372 373 374 375 377 378 379 380 381 383 386 387 388 389 391 392 393 394 395
41 329 330 333 335 336 337 339 340 341 343 344 351 353 354 355 356 358 360 361 362 363 364 365 368 370 371 372 373 375 380 382 383 384 386 387 388 389 391 392 394 395
45 328 332 333 334 335 338 340 342 344 346 348 349 350 351 352 353 354 355 356 357 358 359 360 362 364 367 368 369 371 372 373 375 377 379 380 381 383 385 386 387 390 391 392 393 395
21 330 332 339 341 345 346 347 349 352 353 363 364 367 368 369 370 373 377 383 389 393
43 328 329 330 332 335 336 337 338 339 340 341 342 344 345 347 348 349 351 354 358 359 362 363 364 365 369 370 372 374 376 378 379 381 382 386 387 388 389 390 391 393 394 395
44 328 331 332 333 335 336 337 338 339 340 341 342 344 345 347 348 349 352 353 354 355 356 357 360 361 362 363 364 365 370 372 373 374 376 377 382 386 387 388 390 391 392 393 394
39 328 329 330 331 332 333 335 336 337 338 339 340 343 346 347 348 349 350 351 357 358 359 361 365 366 371 372 373 375 378 381 383 384 386 388 391 392 393 394
28 328 330 331 333 336 338 347 350 352 357 358 359 361 362 363 367 372 374 375 377 383 384 385 389 390 392 393 394
26 328 334 335 337 341 344 345 346 349 351 352 353 354 360 364 365 367 369 371 376 382 385 386 388 391 392
22 328 329 333 334 339 341 352 355 356 359 360 366 370 372 373 383 384 387 391 393 394 395
26 329 333 335 336 337 342 344 345 346 349 350 355 356 357 358 359 360 363 367 370 380 386 390 391 392 393
27 329 331 334 335 337 341 344 346 348 356 358 360 366 369 371 372 373 375 376 379 380 381 382 386 387 389 392
27 328 329 337 338 340 342 345 346 353 354 355 359 361 366 368 370 372 373 376 378 381 383 385 387 390 391 392
46 329 330 332 333 336 338 339 341 342 343 345 346 347 348 349 350 351 352 353 356 357 358 360 361 362 363 364 366 368 369 371 374 376 377 378 379 382 384 385 386 387 388 390 392 393 394
34 328 329 330 331 332 334 336 338 339 340 341 342 343 344 352 354 357 358 359 360 361 364 365 366 367 368 370 374 376 384 386 388 389 392
24 329 330 333 337 340 344 345 347 348 349 351 356 357 363 364 374 375 378 382 383 384 387 388 389
43 328 330 331 333 334 335 337 338 339 340 341 342 344 345 346 348 349 350 352 353 355 356 358 360 363 364 369 370 371 372 373 377 378 381 385 386 387 388 389 390 391 392 393
36 335 336 340 342 343 344 346 350 351 353 354 355 357 358 359 362 363 364 366 367 369 370 371 373 378 379 380 381 382 385 387 388 390 391 392 395
46 328 330 331 332 333 334 335 337 338 339 340 342 344 349 351 352 353 354 355 356 357 358 359 360 361 362 364 365 367 368 369 371 372 374 375 377 378 379 383 385 387 390 391 392 393 394
23 330 333 340 342 350 352 353 355 357 359 360 361 367 368 371 378 379 381 382 385 389 391 395
31 332 335 336 337 338 343 347 349 351 353 354 355 357 359 360 362 363 365 367 370 372 374 375 376 379 381 383 389 390 391 392
22 328 331 332 336 337 339 341 342 349 356 357 358 361 362 363 365 377 380 386 387 390 393
41 328 330 332 333 334 335 336 337 339 343 344 345 346 348 349 355 356 357 360 361 363 365 368 370 371 372 373 374 375 376 377 381 382 383 386 387 389 391 392 394 395
37 328 329 330 331 336 338 339 340 342 345 346 350 352 353 355 358 362 364 366 368 369 371 372 373 374 375 378 379 380 386 388 389 390 391 392 393 395
26 329 334 336 345 346 347 349 351 354 356 360 364 368 371 372 373 377 383 385 386 387 388 389 390 391 395
22 331 335 336 338 340 342 344 346 349 351 355 358 363 366 368 373 374 377 379 381 383 389
30 328 329 331 332 337 339 340 342 343 345 347 349 350 352 357 361 364 367 368 371 374 376 378 379 381 384 385 386 387 388
37 328 330 333 334 337 338 340 341 342 343 344 346 350 351 353 355 356 360 362 363 364 365 366 367 368 370 373 376 378 379 382 385 388 389 390 392 393
33 328 329 334 336 338 340 341 343 344 345 346 347 349 350 356 359 360 362 364 365 366 367 368 374 376 379 380 382 384 387 388 389 393
26 329 336 337 339 342 345 346 351 355 356 358 363 364 366 369 371 372 373 375 378 379 380 384 385 388 390
29 328 333 336 337 338 344 346 347 348 350 351 363 364 365 366 369 370 372 373 377 378 380 381 383 387 388 391 392 394
33 328 329 330 331 333 334 338 342 343 345 346 347 349 350 351 355 356 357 358 363 366 367 374 375 377 378 379 380 382 383 386 394 395
42 328 329 333 334 337 338 339 340 341 342 346 347 348 351 352 354 355 356 357 358 360 361 362 363 364 367 368 369 370 373 374 378 379 382 383 385 387 390 391 392 393 394
27 328 332 336 337 343 349 351 355 357 358 360 361 363 366 367 368 369 370 376 381 382 383 385 386 388 390 393
36 328 330 332 334 336 343 344 347 350 352 356 358 359 360 364 365 366 367 368 370 377 378 379 380 381 383 385 387 388 389 390 391 392 393 394 395
22 333 336 339 342 343 345 347 348 352 353 357 366 371 374 375 379 380 381 382 386 393 394
45 328 329 332 333 334 335 336 339 340 341 342 343 344 345 348 349 350 351 353 357 358 359 360 362 363 364 365 367 368 369 370 373 374 375 377 378 380 383 384 385 386 387 390 392 395
37 328 329 332 333 335 337 340 343 344 345 346 347 348 349 350 352 354 355 356 360 362 363 366 367 368 373 375 377 378 379 381 382 384 387 390 393 394
38 328 329 331 332 333 337 341 342 344 346 351 352 355 357 359 363 364 366 367 369 370 371 374 375 376 377 380 382 383 384 385 387 388 389 390 391 392 395
40 329 330 331 332 335 336 338 339 341 342 344 347 348 351 353 355 356 357 358 359 360 366 369 370 372 374 378 379 381 382 383 385 386 387 388 389 390 391 393 394
23 338 340 344 345 346 348 354 362 363 365 366 369 370 372 377 380 382 383 386 387 393 394 395
24 328 332 336 347 348 352 353 354 363 364 365 370 371 372 374 376 377 381 383 384 385 388 391 393
22 329 330 337 339 342 343 345 352 353 356 362 367 370 372 374 377 380 381 382 386 388 392
24 330 331 333 334 335 339 340 341 343 344 348 350 351 352 355 360 365 366 374 380 382 389 390 395
38 328 334 335 337 339 341 344 347 348 350 351 352 353 355 357 358 359 360 361 363 365 366 367 368 369 370 371 372 374 375 380 384 385 389 390 391 392 393
30 328 329 330 332 333 334 335 338 340 343 344 348 351 352 353 354 355 356 358 359 366 367 371 376 379 382 383 385 390 395
24 328 329 330 331 336 338 340 343 345 350 351 352 356 370 371 374 378 380 381 382 388 390 392 395
30 332 333 334 335 337 339 341 344 349 352 355 358 360 362 363 368 370 371 374 378 379 380 382 384 385 386 387 391 393 394
44 328 329 330 331 333 334 335 336 341 342 344 345 346 347 348 349 351 354 355 357 359 361 362 364 365 366 369 371 372 373 377 378 381 382 383 385 386 388 389 390 392 393 394 395
30 330 333 336 338 339 341 343 345 346 347 349 351 363 364 365 367 368 369 370 374 378 381 383 384 385 388 390 393 394 395
47 329 331 332 335 338 339 340 341 343 344 345 347 348 349 350 351 352 353 355 356 357 360 362 363 364 367 368 369 370 371 372 373 374 376 377 378 379 380 381 382 384 385 387 388 389 390 391
40 328 329 330 331 332 336 337 340 341 342 345 346 347 348 350 351 356 358 360 361 363 364 365 368 369 371 372 373 377 379 380 381 382 383 387 388 392 393 394 395
46 328 329 330 331 332 333 334 336 337 340 341 342 343 344 345 347 349 352 353 354 355 356 358 360 362 363 369 370 372 373 375 376 377 379 380 383 384 385 386 388 389 390 392 393 394 395
26 330 332 334 336 340 342 344 346 347 354 355 356 357 359 361 365 368 369 370 371 377 378 382 385 390 394
42 330 333 334 335 336 338 340 343 344 345 348 349 350 351 353 355 356 358 361 363 364 365 367 368 369 370 372 373 375 378 379 380 381 382 383 385 386 387 389 392 394 395
43 329 330 334 337 338 339 340 341 344 345 347 349 350 351 352 353 358 359 360 362 363 365 367 368 369 370 372 374 375 377 378 380 381 382 386 387 388 389 390 391 393 394 395
46 328 329 330 331 333 336 337 338 339 341 342 345 346 349 350 352 353 354 356 357 360 361 363 365 367 368 370 371 373 374 375 376 377 378 379 381 382 383 384 386 388 390 392 393 394 395
43 329 330 331 332 333 334 335 336 339 341 342 343 344 345 346 347 349 350 352 355 357 358 359 360 364 365 366 369 370 371 372 373 375 376 380 383 386 387 388 390 393 394 395
46 328 329 332 333 335 336 337 338 339 340 342 343 346 347 348 351 352 354 355 356 357 359 360 361 364 365 366 367 369 370 371 374 375 376 377 378 381 383 385 386 387 388 392 393 394 395
28 330 331 333 336 345 346 347 349 359 361 368 369 371 372 375 377 378 379 381 382 383 387 390 391 392 393 394 395
33 328 330 331 332 335 336 339 340 342 343 344 347 348 349 351 352 355 356 357 358 359 362 364 368 370 371 372 373 374 376 383 391 394
33 329 332 333 334 335 337 339 341 342 346 349 351 352 355 360 362 363 364 366 367 368 370 372 376 380 382 383 384 389 390 392 394 395
42 329 330 331 332 333 334 335 337 338 339 342 343 344 345 348 352 354 356 358 359 360 361 362 365 367 372 373 374 376 377 378 379 381 382 383 384 389 390 391 392 393 395
20 328 331 334 335 341 347 348 349 353 357 362 368 371 378 383 385 387 390 391 393
27 328 333 334 335 336 342 343 344 347 348 356 360 362 363 365 371 374 376 380 383 384 385 386 387 388 389 395
30 331 334 335 336 338 339 341 348 351 353 354 358 359 360 361 362 367 368 372 373 375 377 379 381 384 385 391 392 393 394
30 328 330 334 337 338 340 341 342 343 344 345 347 348 354 356 358 360 363 365 371 372 376 377 378 379 381 387 391 393 395
27 331 333 340 341 343 350 351 352 354 355 356 357 359 361 363 364 367 368 370 371 372 374 382 386 387 389 393
26 328 329 335 336 337 342 345 348 350 354 356 365 367 369 370 373 376 378 379 382 383 386 387 393 394 395
20 328 329 335 336 342 343 348 349 359 363 367 369 371 373 376 377 382 388 389 395
22 332 336 338 341 344 346 349 352 353 354 355 361 365 369 370 372 374 377 379 383 389 393
33 328 332 333 335 338 339 342 343 345 346 347 348 351 353 358 360 361 370 371 372 375 377 379 380 382 383 384 385 386 389 390 391 393
45 328 330 331 332 334 335 338 339 340 341 342 343 344 345 347 348 349 350 351 352 353 354 355 357 358 360 363 364 365 366 367 369 370 371 378 380 381 383 384 387 388 389 391 393 395
25 331 335 336 340 342 343 346 347 348 349 350 351 364 367 374 377 379 383 384 385 386 389 391 394 395
45 329 331 332 333 334 335 337 338 341 344 345 347 348 350 351 354 357 359 360 363 364 365 366 367 368 369 371 372 374 376 377 378 380 381 384 385 386 387 388 389 390 391 392 393 395
33 329 331 332 335 339 343 344 348 349 351 352 354 357 358 360 361 363 364 367 368 369 370 372 374 380 383 384 387 388 391 393 394 395
27 329 330 334 336 341 344 348 349 350 358 359 360 362 367 368 371 372 375 376 377 378 379 387 390 393 394 395
29 333 334 338 340 350 352 353 355 356 357 358 360 362 363 365 366 367 368 370 371 372 373 380 381 387 389 390 392 393
21 329 330 334 337 342 343 345 347 348 356 360 362 363 366 368 374 375 384 386 388 391
41 328 330 331 334 335 336 339 340 341 342 343 344 345 346 347 349 350 352 353 354 359 360 361 363 364 366 367 368 369 373 375 376 380 381 382 384 388 389 392 394 395
38 328 329 330 331 332 334 335 339 342 344 345 348 351 352 353 355 356 359 360 361 364 365 367 368 369 370 371 373 374 377 378 379 381 384 388 390 391 393
32 330 331 332 334 336 338 339 343 344 345 349 351 353 354 355 356 357 358 359 361 362 363 364 369 370 374 375 379 383 384 387 393
28 328 329 330 331 332 335 342 345 350 351 352 355 356 357 363 365 368 371 372 375 380 381 382 383 384 386 390 394
33 331 333 335 336 337 340 341 342 343 346 347 348 349 350 353 357 358 359 360 361 366 367 369 372 380 381 383 384 388 389 390 392 393
35 328 331 332 333 334 336 338 340 341 342 343 347 348 349 350 354 358 360 361 362 363 364 368 369 370 372 376 378 381 385 387 389 390 392 393
44 328 330 331 332 333 334 339 342 343 344 345 346 347 348 349 350 353 354 355 356 357 358 359 360 365 366 367 370 372 374 375 376 377 378 381 382 383 384 385 389 390 392 393 395
46 328 330 331 333 334 337 338 339 341 342 343 344 345 346 347 348 350 351 354 355 356 357 358 359 361 362 363 364 365 366 368 370 371 373 379 380 381 382 383 385 388 390 391 393 394 395
39 328 330 331 333 334 336 338 339 342 344 346 348 350 352 355 357 360 362 363 365 367 368 369 371 372 374 375 377 379 380 381 385 387 388 390 391 392 393 395
31 328 330 334 335 337 338 340 342 346 347 349 351 356 357 360 362 364 366 368 372 373 375 379 381 382 384 385 388 389 391 392
45 329 333 334 335 336 337 338 339 340 342 343 344 345 346 347 351 352 354 355 356 362 363 365 366 367 368 369 371 372 373 374 375 376 377 380 381 382 383 387 388 390 392 393 394 395
28 328 329 330 333 334 337 344 347 351 353 355 357 361 363 365 367 371 372 374 375 376 378 380 382 383 386 387 390
38 329 330 331 334 338 339 340 341 342 349 350 354 357 360 361 365 366 369 370 371 372 374 375 376 377 378 379 380 382 383 384 387 388 390 391 392 393 395
32 328 332 333 334 335 336 339 340 342 343 345 348 349 350 351 361 362 363 366 367 368 369 370 371 373 376 379 381 382 383 385 390
39 328 329 330 331 332 334 337 338 339 342 343 346 350 352 353 354 356 358 359 360 361 365 367 368 369 372 374 376 378 381 383 384 385 386 388 390 392 393 395
37 328 329 330 335 336 340 341 342 343 344 346 347 348 351 352 354 355 357 359 360 361 363 365 366 368 369 372 373 375 378 379 380 387 389 391 394 395
44 328 330 331 332 333 334 335 338 339 340 342 343 344 345 346 347 349 350 351 354 356 357 358 359 360 362 365 366 368 369 371 376 377 378 379 380 383 384 386 388 391 392 394 395
20 328 330 331 336 341 347 355 358 361 365 368 373 377 378 380 384 388 389 390 394
31 328 334 336 338 339 341 344 348 351 352 354 355 359 363 365 369 370 372 373 376 377 381 382 385 386 387 388 389 391 392 395
32 330 334 337 338 339 341 343 344 345 348 350 351 352 354 359 361 364 365 367 369 371 372 375 376 377 378 379 382 383 384 392 393
27 328 333 334 338 341 344 345 347 348 350 352 355 359 360 365 367 373 375 376 377 378 383 389 390 391 392 394
23 334 341 343 345 348 353 355 359 361 365 366 371 376 378 379 382 384 386 387 388 390 394 395
37 328 330 331 333 334 338 339 340 341 342 345 346 347 348 350 351 352 355 358 359 361 365 366 369 370 371 372 373 376 380 383 387 388 389 390 392 395
25 329 333 334 337 343 344 345 355 358 359 361 363 367 368 371 373 375 377 380 382 384 385 386 388 392
35 328 329 332 333 334 335 339 343 344 349 350 351 352 355 358 360 366 367 368 369 370 371 372 376 377 378 382 383 384 387 388 389 390 392 394
25 333 334 337 338 339 347 349 350 352 353 358 362 363 364 369 371 372 373 374 377 383 385 387 390 395
32 328 330 334 336 337 339 342 343 344 345 349 354 358 360 361 362 363 365 366 367 368 369 372 373 374 376 377 379 382 383 384 389
45 329 332 333 334 335 336 337 338 339 340 342 343 344 345 347 348 349 351 352 353 354 358 359 360 361 362 363 364 365 366 368 369 372 373 376 377 378 379 383 385 388 389 391 393 394
33 329 330 332 333 335 340 341 343 344 345 346 347 350 351 352 353 354 356 357 359 364 365 367 372 375 376 381 385 386 389 391 393 395
36 329 333 334 335 337 339 340 342 343 344 346 349 352 355 357 358 359 360 362 365 368 369 371 375 376 379 380 381 383 385 386 387 388 389 393 395
32 328 330 331 332 333 334 335 337 342 345 348 350 351 353 357 358 361 362 369 372 376 378 379 382 384 386 387 388 389 390 391 393
32 330 331 333 334 335 337 338 347 352 356 358 362 365 367 370 371 372 373 374 375 378 381 382 383 384 385 386 388 392 393 394 395
23 330 331 332 335 339 340 341 342 344 351 353 358 367 368 371 377 378 379 384 386 387 389 391
47 328 330 332 335 337 338 339 340 342 344 345 347 348 349 350 352 353 354 355 357 358 360 361 362 363 364 365 366 367 369 371 372 374 375 376 377 378 379 380 381 382 385 386 389 391 393 394
20 334 335 343 347 352 360 364 365 366 367 370 372 373 379 385 387 388 390 392 394
41 328 329 332 333 336 338 339 340 342 343 344 347 349 350 351 352 353 354 357 359 360 362 364 366 370 371 373 375 376 377 378 379 380 381 384 385 386 389 390 392 394
23 330 334 337 344 345 352 353 355 359 360 363 364 372 373 374 375 380 381 383 385 386 389 391
26 331 332 333 336 345 347 349 350 351 355 360 361 368 370 371 372 374 375 381 382 383 386 387 390 392 393
31 330 333 335 338 339 340 342 343 344 347 349 350 355 356 358 360 363 367 368 369 370 372 374 381 382 383 384 389 391 392 394
37 328 329 330 335 336 338 341 343 345 346 350 351 353 356 357 360 362 363 366 367 369 370 371 372 374 376 377 378 381 383 384 387 388 390 392 394 395
28 329 333 336 337 340 342 343 348 355 356 357 359 360 364 367 368 371 372 373 377 383 385 386 387 389 391 392 395
34 329 330 331 332 336 340 341 343 344 345 346 348 351 354 355 356 357 361 363 365 366 367 368 370 373 374 377 378 380 381 383 391 393 394
34 328 331 332 333 336 338 339 340 342 343 344 345 348 351 352 353 355 357 358 360 361 364 369 371 372 379 380 381 382 388 389 392 393 394
27 328 329 332 340 343 346 348 350 352 354 355 359 364 368 369 371 372 378 379 380 381 382 383 384 385 388 389
27 328 331 338 339 343 347 348 351 352 353 354 355 356 363 367 368 371 375 376 379 382 383 384 385 390 391 393
47 330 332 333 334 335 336 337 338 339 340 342 343 344 347 348 349 351 352 353 357 359 360 362 366 367 368 369 370 373 376 378 379 381 382 383 384 385 386 387 388 389 390 391 392 393 394 395
32 328 330 333 334 337 342 343 344 347 348 349 351 352 353 358 363 366 367 368 371 374 379 380 381 382 384 385 388 390 391 394 395
41 328 329 330 332 334 336 337 338 340 346 347 348 349 350 353 355 360 361 363 365 366 367 368 370 373 374 375 376 377 380 381 382 383 385 386 387 389 390 391 393 394
46 328 330 331 332 333 334 338 339 340 342 343 344 345 346 348 349 350 351 352 353 355 356 357 358 360 362 363 365 366 367 368 369 370 373 374 375 377 378 379 380 381 382 385 387 389 390
35 328 333 334 335 340 341 342 343 344 348 349 353 355 356 359 360 361 362 363 364 367 369 371 373 376 379 380 381 382 385 387 388 389 394 395
25 329 331 339 342 343 344 352 353 359 360 362 364 367 368 370 372 373 374 376 378 380 385 387 392 393
21 329 332 333 336 339 349 351 352 355 356 360 364 366 370 378 383 386 388 389 391 393
40 329 331 332 333 335 336 338 339 344 349 350 351 352 354 355 358 359 360 362 364 365 369 370 373 374 375 376 377 379 380 382 383 384 386 388 391 392 393 394 395
39 329 331 332 336 337 338 339 341 342 346 347 349 350 351 354 357 361 363 364 367 368 370 372 373 374 375 376 378 380 381 382 386 387 388 389 391 393 394 395
42 329 331 332 335 336 337 340 341 342 343 346 347 348 349 358 360 361 362 363 365 366 368 370 371 372 374 375 377 378 379 380 381 382 383 384 385 386 387 388 391 393 394
40 330 331 334 337 339 341 342 343 345 346 348 349 351 352 353 354 359 360 361 363 364 365 367 369 371 372 375 377 378 379 380 381 384 385 387 388 389 392 393 395
29 334 336 337 339 343 344 345 348 349 350 352 353 354 356 359 362 363 364 371 373 374 377 379 382 385 386 387 392 395
30 331 332 333 336 338 339 342 343 344 346 347 349 350 352 353 354 356 365 366 370 372 375 383 384 386 390 391 392 394 395
38 329 332 333 336 337 338 339 340 341 342 345 346 352 353 354 356 358 361 363 365 367 369 371 372 373 374 375 378 379 381 383 384 385 386 388 390 393 395
20 328 329 331 332 334 338 342 345 346 353 354 355 357 358 359 373 374 378 379 382
40 328 330 331 332 333 334 337 338 339 340 341 343 344 346 347 349 350 351 352 353 359 361 363 364 365 368 369 370 371 373 374 375 378 379 384 385 386 389 391 393
27 331 335 338 339 341 342 347 350 354 356 360 361 362 363 368 370 371 377 378 380 382 383 384 386 388 392 394
25 331 333 336 337 338 339 340 342 344 345 347 348 354 363 365 366 370 375 380 382 383 385 386 387 389
34 331 332 333 340 343 344 346 348 349 350 351 352 353 357 358 365 366 367 370 372 373 374 375 378 379 381 383 384 386 388 390 391 393 394
34 330 333 336 337 340 341 343 345 346 348 349 352 354 358 359 360 361 363 364 368 370 371 373 374 375 376 377 380 386 388 389 390 392 394
46 329 330 331 333 335 336 337 338 339 340 341 343 345 346 349 350 351 352 353 355 356 359 360 363 364 365 366 367 368 369 370 371 373 374 376 377 378 379 384 385 388 389 390 391 393 394
34 328 329 331 332 334 337 338 339 340 344 346 347 353 354 356 357 360 361 364 365 368 371 372 374 378 379 381 384 386 387 389 392 393 395
41 328 330 331 332 335 337 339 342 343 345 348 349 351 352 353 354 355 356 357 359 360 361 363 365 366 369 371 372 374 376 377 378 379 381 382 384 387 389 390 391 393
36 330 333 334 337 339 340 341 342 343 346 349 351 352 355 356 358 362 366 370 372 374 375 376 377 380 381 382 383 385 386 387 389 390 392 393 395
39 328 329 330 331 333 334 335 336 339 340 343 344 346 347 350 352 353 355 357 362 364 365 366 367 368 369 374 378 379 380 382 384 385 386 387 388 392 393 395
46 328 329 330 333 334 336 337 338 339 340 341 343 344 345 346 348 349 351 352 354 355 357 360 362 363 364 366 368 369 370 371 372 373 374 375 377 379 380 386 388 389 391 392 393 394 395
28 333 335 336 340 341 346 348 352 353 357 362 363 365 366 370 372 373 376 378 381 382 383 386 388 391 392 393 395
20 330 333 338 345 346 351 355 358 360 368 371 375 379 382 386 389 392 393 394 395
42 328 329 330 333 334 335 337 338 341 342 343 345 347 348 351 352 356 358 359 360 362 363 364 365 366 367 368 374 375 376 377 379 381 382 384 387 388 389 390 391 394 395
37 328 330 331 332 333 334 336 337 338 339 340 343 344 345 347 348 350 351 358 359 360 361 362 365 367 368 369 371 372 374 383 384 386 387 389 392 393
34 328 331 332 335 337 338 339 340 341 342 343 346 347 349 351 355 357 358 360 362 363 368 370 374 375 377 378 380 382 386 387 388 394 395
38 329 330 331 334 335 336 338 339 340 341 343 344 347 352 353 355 356 359 362 363 364 366 370 371 372 374 377 381 382 383 384 385 387 389 390 393 394 395
28 329 333 335 338 339 350 353 354 355 356 359 360 365 367 368 370 375 377 379 382 383 385 386 387 389 391 393 395
32 328 330 332 333 334 335 339 340 345 347 351 355 358 360 362 364 365 367 370 374 376 377 380 381 382 385 387 388 390 391 392 393
32 328 329 331 332 334 336 340 342 343 344 345 348 351 353 361 364 366 367 370 371 372 373 375 376 377 380 381 384 385 388 393 394
23 331 334 337 340 342 345 350 351 352 355 356 360 365 372 373 374 375 381 382 384 389 394 395
45 329 331 333 334 336 337 338 339 340 342 343 344 345 346 347 351 352 353 354 356 358 359 362 364 367 370 372 373 374 375 376 377 379 380 382 383 384 387 388 390 391 392 393 394 395
20 331 332 334 336 338 340 343 347 350 359 362 364 365 366 368 371 380 389 391 394
22 331 335 336 337 341 343 345 349 350 354 359 360 362 367 372 376 382 386 390 391 392 393
21 333 337 338 339 340 347 348 354 355 357 358 359 360 362 367 372 373 374 376 388 391
42 328 329 331 333 334 335 336 343 344 345 349 350 352 353 354 357 358 359 361 365 366 367 369 371 372 373 374 377 378 379 381 382 384 386 387 388 390 391 392 393 394 395
37 329 330 335 336 342 344 345 346 348 349 351 353 354 355 358 359 360 361 362 363 366 369 373 374 375 380 381 382 383 384 385 387 389 392 393 394 395
35 329 330 331 332 333 334 341 344 345 347 349 350 352 355 359 360 365 369 374 375 378 379 380 381 382 383 384 386 387 388 389 391 392 393 395
41 329 330 333 337 339 342 345 346 347 349 350 352 353 356 357 361 362 363 364 365 366 367 368 369 370 374 375 377 378 379 380 381 383 384 387 388 389 390 391 392 393
26 329 333 334 336 339 340 341 347 349 351 358 361 362 365 366 368 372 374 376 380 381 385 386 387 388 395
45 328 330 331 333 335 336 337 339 342 343 344 346 347 350 353 354 356 358 361 363 364 365 366 367 368 370 372 373 374 375 376 378 379 380 382 383 384 385 386 387 388 389 390 391 395
30 329 330 333 334 337 341 343 345 349 350 352 354 358 359 360 362 363 364 365 367 371 372 377 381 383 385 387 391 392 395
35 329 331 332 336 340 342 344 345 346 347 348 349 350 351 354 357 358 360 361 364 369 370 372 373 374 377 380 381 383 384 385 389 390 392 395
44 329 330 332 333 334 335 336 342 346 347 350 352 353 354 355 356 357 358 359 360 361 362 363 365 366 368 369 370 373 374 376 377 379 381 383 385 386 387 388 390 391 392 393 394
22 329 330 332 334 339 343 345 354 355 360 361 362 364 366 374 377 382 383 387 388 389 390
34 328 329 331 336 343 346 347 351 353 357 358 360 361 362 365 368 370 371 372 374 376 378 379 380 381 382 383 384 387 388 389 390 391 393
39 328 331 332 337 339 341 342 343 344 345 348 350 356 357 358 359 360 361 364 365 367 368 369 370 373 376 377 378 379 380 381 382 385 386 387 389 390 392 393
29 328 329 330 332 333 334 341 342 343 345 346 350 351 357 358 359 361 362 363 364 368 372 374 375 383 387 393 394 395
30 328 329 332 334 336 344 349 350 354 359 360 364 366 367 368 369 371 372 373 374 375 376 380 381 383 387 390 391 392 393
34 328 329 332 333 335 338 341 343 344 345 347 350 351 352 353 360 362 365 366 367 370 372 374 375 377 378 379 381 384 385 388 389 391 392
28 328 329 330 333 335 336 339 340 341 345 348 349 352 354 356 358 363 364 365 367 368 371 373 380 381 383 386 387
22 328 330 331 333 336 337 342 343 345 347 353 356 358 360 366 368 371 375 380 383 385 389
21 328 330 333 334 335 339 340 341 345 346 347 348 352 353 358 365 366 375 377 379 394
34 330 331 332 333 334 339 342 346 347 351 352 354 358 359 361 363 364 365 366 367 368 369 370 371 373 374 377 379 382 385 386 387 389 393
39 328 329 330 333 336 337 338 339 341 342 346 349 350 351 353 356 357 360 361 362 363 364 366 367 369 370 372 374 375 376 377 379 380 382 383 387 389 391 393
22 331 332 333 337 340 342 344 350 362 363 368 370 371 378 381 382 384 386 388 389 392 393
28 329 332 333 334 337 339 344 345 348 354 357 358 363 366 367 369 373 374 375 382 384 386 387 388 389 390 391 392
23 329 330 331 334 339 343 345 347 356 359 360 361 364 365 366 367 369 371 373 377 382 390 391
46 328 329 332 333 334 337 338 340 341 342 343 345 347 350 351 352 353 354 356 358 360 361 362 363 364 366 368 370 371 372 374 375 376 377 380 381 382 383 384 385 386 387 388 390 393 395
34 330 333 334 339 341 343 344 346 347 348 349 351 352 360 362 364 365 366 367 368 373 374 375 376 378 382 384 386 387 388 390 392 394 395
22 331 332 333 334 340 342 343 346 351 354 355 358 362 364 365 368 369 371 372 375 387 390
37 328 331 332 333 334 336 337 339 340 341 343 345 346 348 349 351 352 353 355 356 357 360 361 362 363 365 367 370 372 374 382 384 389 390 391 392 393
34 328 331 335 337 339 340 343 344 345 348 350 351 358 359 361 363 365 366 369 370 372 374 375 376 378 380 381 382 383 387 389 393 394 395
30 329 333 334 335 336 338 341 342 343 344 346 348 353 361 362 365 366 367 368 372 373 375 378 380 381 382 383 386 389 395
34 328 331 332 333 336 338 339 340 344 346 347 348 349 350 351 354 359 361 364 366 367 368 371 372 375 378 380 382 385 387 388 389 390 392
43 329 330 331 334 338 340 342 343 344 346 347 348 350 351 354 355 356 360 363 369 370 371 372 374 375 376 377 378 379 380 381 382 383 384 385 386 387 388 389 390 392 393 394
23 330 331 334 335 338 339 343 345 349 351 357 358 359 360 361 362 364 366 373 374 377 385 388
26 331 333 334 336 338 340 344 346 348 351 352 354 355 356 357 361 364 372 374 377 379 380 388 392 393 394
22 336 337 339 342 343 347 349 350 356 359 362 366 369 371 381 382 383 384 385 387 391 395
26 329 331 333 335 336 338 343 344 350 351 352 358 363 365 368 369 370 371 375 378 382 383 388 391 392 393
41 332 333 334 335 336 339 340 341 342 343 344 345 350 351 352 353 355 356 360 361 362 363 364 367 369 370 373 374 375 376 377 378 379 380 382 383 386 387 388 390 394
41 329 330 333 334 335 337 340 341 342 344 346 347 348 349 350 351 352 354 356 358 361 362 364 365 368 370 372 374 375 376 377 378 379 380 381 382 384 386 388 394 395
26 332 338 340 342 344 347 348 351 352 360 363 365 367 369 370 371 372 374 375 380 381 382 384 385 392 395
27 328 329 330 331 337 338 340 349 350 352 353 355 357 360 361 367 368 369 370 371 374 375 382 383 386 390 395
47 329 331 332 334 335 336 337 339 340 341 342 343 345 349 351 352 353 356 358 359 362 363 364 365 367 368 369 370 371 372 373 374 377 378 381 382 383 384 386 387 388 389 390 391 393 394 395
43 328 329 330 331 332 334 335 337 339 340 341 344 345 346 350 351 352 353 355 357 358 359 360 364 366 370 372 374 376 377 378 379 380 381 382 385 387 388 389 390 391 392 395
34 328 329 332 336 337 338 341 342 344 349 350 351 354 356 357 358 367 368 370 371 373 374 376 379 382 383 384 386 388 389 390 391 392 394
35 328 329 331 332 334 342 343 344 347 348 349 352 353 355 358 362 364 366 368 369 371 372 373 374 378 379 380 381 385 386 387 389 390 392 394
45 328 329 330 331 332 333 334 335 336 338 340 341 342 344 345 352 353 354 355 359 360 361 362 364 365 366 367 370 371 372 375 376 377 378 379 380 381 382 384 385 387 389 392 393 394
42 328 330 331 334 335 337 338 340 342 343 345 346 348 351 352 354 356 359 362 363 364 365 366 367 372 373 374 375 376 378 379 380 382 383 384 386 388 389 390 391 393 395
37 329 330 335 336 337 340 346 347 348 350 351 354 355 356 357 358 361 365 366 367 370 371 373 374 376 378 380 381 382 383 385 386 387 388 391 392 393
22 328 332 335 340 342 346 347 348 350 351 356 363 368 372 374 379 381 385 387 392 393 394
22 329 338 343 348 349 355 358 360 361 363 367 370 371 372 375 377 381 383 385 386 391 392
31 328 330 333 336 337 339 342 344 346 350 351 352 354 362 364 365 367 368 370 372 373 374 375 378 380 381 383 385 386 392 395
34 328 329 330 331 335 338 339 340 344 345 346 348 350 351 356 357 359 363 366 367 368 375 376 378 379 381 383 385 386 389 391 392 394 395
39 328 331 332 334 335 338 339 340 341 345 349 350 352 353 354 358 359 360 361 362 364 366 367 369 370 374 375 376 378 379 381 382 386 387 388 389 391 393 394
25 328 330 331 334 339 341 342 345 350 353 355 358 359 367 371 373 374 375 377 378 379 388 390 391 394
45 328 329 330 331 333 334 335 336 337 339 340 343 344 347 349 352 353 355 356 358 360 362 363 365 366 367 371 372 374 375 376 377 378 380 381 382 383 384 385 388 390 391 392 393 394
42 328 329 334 335 336 338 339 341 342 343 344 348 351 353 354 355 363 364 366 367 369 370 371 372 373 375 377 378 380 381 382 383 384 385 386 387 388 389 390 391 393 394
38 330 331 334 335 336 337 338 339 340 341 342 345 346 349 351 353 354 356 357 358 359 361 368 370 372 374 375 376 377 378 381 382 384 385 388 392 393 395
31 330 334 336 337 338 344 345 346 347 349 353 354 360 363 365 368 369 370 375 377 378 379 382 385 386 387 388 392 393 394 395
46 330 331 332 333 334 336 337 338 339 340 341 343 345 346 347 349 350 351 354 355 356 357 358 359 360 362 363 364 365 366 367 368 369 373 374 377 378 380 381 385 386 387 389 391 392 393
47 329 331 333 334 335 336 339 340 341 344 346 347 348 349 351 352 353 354 355 357 358 360 361 364 365 367 369 370 371 372 373 374 377 378 380 381 382 384 385 386 387 388 391 392 393 394 395
21 329 331 337 338 342 346 347 351 354 355 357 358 359 360 364 378 383 388 390 392 395
32 329 330 331 334 335 336 339 340 345 347 348 349 354 355 360 363 364 365 367 369 371 374 377 380 383 385 386 388 389 390 392 393
45 328 329 330 334 335 339 340 341 342 344 346 347 348 350 351 352 355 356 357 358 362 363 364 366 367 368 369 370 371 373 374 376 377 379 380 381 382 385 387 388 389 390 392 393 394
28 330 335 336 343 344 345 347 350 353 354 355 358 362 366 368 370 376 377 378 379 381 383 385 386 389 392 393 395
47 328 329 333 334 336 337 340 341 343 344 345 347 348 349 350 353 354 355 357 358 359 360 361 362 363 364 365 366 368 369 371 373 374 377 378 379 380 381 383 384 387 388 390 391 392 394 395
47 330 331 332 333 334 335 336 337 339 343 344 345 346 349 350 352 353 356 357 358 359 360 361 362 363 365 367 368 369 370 371 376 377 378 380 381 382 383 384 385 386 388 389 390 391 392 395
37 329 331 332 335 340 341 342 343 344 345 347 350 351 352 354 355 356 357 358 360 361 362 363 367 372 373 374 375 376 377 380 381 385 386 388 390 395
43 328 331 332 334 336 337 339 340 341 342 346 347 348 350 357 358 359 360 361 364 365 366 367 368 369 370 371 372 373 374 375 376 378 379 380 382 384 386 387 389 393 394 395
36 329 331 332 335 338 343 344 345 346 349 350 352 353 354 356 358 359 362 363 367 368 370 371 375 376 378 380 381 383 385 386 387 389 390 393 394
26 329 330 334 335 336 338 341 344 346 347 350 351 358 363 370 374 375 378 379 381 383 386 387 389 391 393
26 332 334 335 340 343 344 351 355 356 359 361 362 369 374 376 377 379 380 381 383 384 386 387 388 390 391
39 329 330 331 332 333 337 338 339 341 342 344 348 349 352 354 356 357 359 361 365 368 369 370 371 372 373 376 378 380 381 383 384 385 386 389 390 391 392 394
40 331 332 333 335 337 338 339 340 341 342 344 348 350 353 355 356 357 359 360 364 366 367 369 370 371 372 375 376 378 380 381 383 384 385 386 388 389 390 392 394
32 328 329 330 331 339 340 342 343 344 346 347 348 351 353 355 356 359 361 362 363 369 370 373 377 378 381 383 385 386 388 389 394
25 332 333 334 335 339 340 341 346 348 353 354 355 356 360 361 364 371 373 376 381 382 384 386 391 395
44 328 329 330 331 332 334 335 336 337 338 340 342 343 344 348 350 351 355 356 357 359 362 366 369 370 371 372 373 374 375 376 377 378 381 382 385 386 387 389 390 391 393 394 395
22 329 330 338 339 343 348 353 355 358 359 360 361 362 369 375 377 379 385 387 389 393 395
38 328 329 332 335 339 341 342 343 345 346 348 350 352 353 355 356 358 359 360 361 362 364 366 370 371 374 376 377 378 379 382 383 386 387 391 392 393 395
38 330 332 333 335 336 338 339 340 341 344 350 352 353 356 358 360 361 362 363 364 365 368 369 371 372 373 376 377 378 380 381 384 385 386 387 389 390 393
21 329 334 337 339 342 349 352 356 358 361 362 364 369 374 375 378 383 385 386 392 394
40 328 330 331 332 333 336 337 338 342 343 344 348 355 356 358 360 361 363 364 365 368 370 371 372 373 374 375 376 377 380 382 383 386 387 388 390 392 393 394 395
23 328 331 335 336 338 342 343 344 348 355 357 359 360 362 365 371 372 373 375 377 381 394 395
31 330 331 333 338 343 346 347 351 352 353 355 357 358 362 365 367 368 370 371 374 375 376 378 379 380 381 382 387 390 392 394
47 328 329 333 335 336 337 338 339 340 342 343 345 346 348 350 351 353 356 358 360 361 362 363 364 365 366 367 369 370 371 372 374 375 378 379 381 382 383 384 386 387 388 389 392 393 394 395
40 329 330 331 332 333 335 337 338 342 346 348 349 350 351 352 353 354 355 358 359 360 361 362 364 365 368 369 370 374 375 376 379 380 381 383 384 385 388 389 395
28 328 330 331 332 334 335 336 337 340 345 346 348 355 359 360 361 368 370 372 375 376 380 381 383 387 388 389 392
27 328 333 338 340 342 344 345 346 352 355 356 358 360 362 363 366 368 372 373 374 375 378 379 381 382 389 392
33 330 334 335 336 337 338 340 342 348 350 354 355 360 361 362 363 365 368 369 370 372 374 375 378 379 380 381 383 385 386 390 392 393
22 330 332 338 341 343 344 346 347 349 351 354 356 362 365 366 368 371 375 378 381 391 395
28 329 333 334 335 337 338 340 344 347 349 354 356 359 360 361 362 365 368 370 372 376 378 379 385 386 387 390 393
39 328 329 330 332 333 338 339 341 343 344 345 346 347 348 349 351 354 355 359 360 363 364 365 366 367 371 373 375 378 379 380 381 382 383 388 389 390 393 394
42 331 332 336 337 339 341 343 344 345 347 348 353 356 357 359 361 362 363 364 365 366 367 373 374 376 377 378 379 381 382 383 384 385 387 388 389 390 391 392 393 394 395
25 331 334 337 342 343 345 346 350 359 360 362 363 364 369 371 373 376 377 381 382 384 385 386 387 390
26 328 329 331 333 337 338 343 344 348 358 361 362 364 366 368 372 374 375 376 377 379 382 384 386 390 395
25 329 331 334 335 337 338 347 348 349 351 361 362 364 366 371 375 380 382 383 384 387 388 389 390 395
32 330 332 333 336 340 342 343 344 349 351 352 353 354 355 356 359 360 361 362 363 365 367 369 371 372 374 378 381 383 385 386 391
40 329 330 333 334 335 337 339 341 343 344 345 346 347 348 350 353 355 357 358 363 364 365 366 367 368 371 372 377 378 379 381 382 383 385 386 387 388 389 392 393
43 328 330 331 332 333 334 335 336 337 338 340 342 345 347 350 351 352 353 355 358 359 361 362 364 365 366 367 370 371 372 373 374 377 380 381 384 385 386 387 388 389 391 394
27 328 329 330 331 332 335 337 339 341 343 345 346 347 349 351 353 354 367 378 380 383 387 389 390 393 394 395
20 338 339 343 345 354 357 358 364 365 366 372 373 376 378 383 386 390 392 393 394
42 328 329 330 331 333 334 335 336 337 338 340 342 343 345 346 347 349 350 353 355 356 357 358 359 362 363 370 373 375 376 377 379 380 383 384 387 389 390 392 393 394 395
34 328 331 335 336 337 338 339 340 342 343 347 351 353 354 356 359 361 364 365 368 370 371 373 374 376 377 380 382 385 387 388 390 392 394
37 328 329 330 331 332 333 335 337 338 340 341 342 346 348 349 350 351 352 354 357 363 364 369 371 373 374 377 379 380 383 384 388 389 390 391 393 395
35 329 330 332 333 334 337 338 340 342 343 344 345 346 347 348 349 352 353 356 357 361 362 363 365 367 369 372 376 377 379 381 382 386 389 395
21 328 331 336 344 346 348 356 358 359 362 364 365 367 368 374 376 377 380 381 385 391
25 331 335 337 339 340 345 356 357 359 360 363 364 365 372 373 375 379 380 385 386 389 391 393 394 395
27 329 333 334 335 338 340 343 344 347 351 354 357 358 359 363 364 367 368 369 370 371 372 376 377 379 386 394
35 328 329 330 331 333 334 335 337 338 340 343 344 345 347 348 352 353 354 355 356 357 358 359 362 363 364 370 372 374 375 377 386 387 390 394
41 329 332 333 336 337 339 341 342 343 344 345 346 347 351 353 355 356 357 358 359 363 367 370 371 372 373 374 375 376 377 378 379 380 381 382 383 384 386 392 393 394
27 328 330 333 341 344 345 347 348 349 352 357 362 365 369 370 373 376 378 379 380 382 383 386 388 390 391 395
6 400 410 411 414 420 433
6 401 409 411 416 423 434
12 399 400 404 407 411 412 418 420 429 430 431 433
3 396 403 431
8 399 401 404 407 410 412 419 428
15 396 399 404 406 407 408 409 413 415 421 422 425 427 428 430
26 396 397 400 401 402 403 404 405 409 410 411 412 413 414 416 419 423 426 427 428 429 430 431 432 433 434
14 398 400 402 404 406 408 410 413 414 417 420 422 426 429
7 396 407 409 410 411 423 433
13 398 399 406 407 408 415 417 418 420 421 422 424 425
17 396 404 406 409 415 416 417 418 419 420 421 425 426 429 430 431 433
23 396 397 398 399 404 408 409 412 414 415 417 418 419 420 421 422 428 429 430 431 432 433 434
9 400 401 402 405 412 413 418 419 420
14 397 399 402 403 404 406 409 410 411 413 417 421 422 428
4 419 423 426 432
8 396 405 408 409 412 422 426 432
5 397 405 423 426 434
11 397 404 406 410 424 425 428 430 431 432 434
7 400 404 405 420 421 429 430
16 397 399 403 406 407 408 409 411 413 414 416 418 419 429 432 434
15 402 405 406 407 408 409 410 414 415 416 422 424 427 431 433
10 397 402 408 416 417 420 421 422 431 432
23 398 399 400 401 404 405 406 408 409 411 412 413 415 417 419 420 422 424 426 427 428 432 433
17 396 399 402 405 406 407 409 411 412 418 419 420 424 429 430 432 434
10 396 398 399 402 404 409 413 422 423 425
11 398 401 405 413 416 417 421 422 423 426 427
13 398 399 400 401 402 403 407 411 413 418 420 431 433
15 396 400 401 406 410 413 414 415 421 424 425 428 429 431 433
13 402 403 405 406 407 415 416 420 422 430 431 433 434
14 397 398 401 404 408 413 415 417 419 420 421 424 429 432
13 399 402 408 412 413 416 417 421 422 428 430 431 432
9 396 403 408 410 413 417 422 425 427
12 396 400 401 405 407 408 414 416 424 425 427 433
15 396 398 399 400 401 404 409 412 413 417 418 425 426 427 429
13 397 405 409 410 411 413 414 415 418 421 422 424 427
12 396 397 399 400 402 410 415 421 423 425 432 434
17 397 399 401 405 409 413 414 416 417 420 422 424 425 427 429 432 433
8 396 398 403 406 408 410 423 426
12 403 404 406 408 416 417 419 420 428 429 430 433
28 396 397 399 400 402 403 404 406 407 408 409 410 411 412 414 415 418 419 420 424 425 428 429 430 431 432 433 434
12 396 397 400 403 410 414 415 419 425 426 429 433
13 397 398 401 404 408 414 415 416 421 423 425 426 427
23 396 398 400 401 402 404 405 410 412 415 417 420 421 422 423 424 425 426 427 428 430 431 433
15 398 400 403 405 406 411 413 414 418 423 424 426 429 430 433
18 397 398 401 402 403 405 412 416 417 418 419 423 424 426 429 431 432 434
11 396 399 403 412 415 418 419 421 425 427 433
26 397 398 399 401 402 403 406 407 408 409 410 411 414 415 416 417 418 422 423 425 426 427 428 432 433 434
7 399 400 402 412 422 428 434
9 400 403 410 413 417 422 428 431 433
7 396 400 403 412 417 420 430
22 397 398 399 400 401 402 403 405 407 408 410 411 412 413 414 422 423 424 427 428 432 434
9 398 412 415 418 420 429 430 431 434
29 397 400 401 403 405 406 407 408 410 411 412 414 415 416 417 418 419 420 421 424 426 427 428 429 430 431 432 433 434
10 406 410 416 417 419 421 427 428 429 430
11 400 401 407 409 410 412 414 423 428 431 432
14 397 399 402 404 405 408 409 411 412 422 423 426 427 434
13 397 402 407 410 414 416 418 421 423 425 429 430 434
28 396 397 398 399 402 403 404 405 406 408 411 413 415 416 417 418 419 420 421 422 424 425 426 427 429 430 433 434
11 403 405 406 414 416 418 425 426 427 430 431
11 398 401 406 407 412 416 419 425 426 429 433
15 398 401 405 407 409 411 412 413 414 418 422 424 426 427 431
11 397 408 410 411 414 419 421 423 424 428 432
8 397 405 407 424 428 430 431 432
17 397 398 399 401 404 411 413 418 419 421 423 425 426 428 429 432 434
10 398 403 407 416 417 418 419 420 430 432
16 400 401 402 403 405 406 407 410 411 413 416 423 424 425 426 427
12 396 403 407 409 414 415 416 417 422 423 426 429
8 397 404 414 415 423 424 425 434
7 398 399 408 411 421 427 433
15 396 399 400 402 403 404 408 417 420 423 428 430 431 432 434
13 398 401 402 406 409 414 415 416 419 421 424 428 432
6 396 409 415 425 427 434
14 400 402 404 407 411 412 415 418 419 421 428 430 431 434
14 398 401 404 405 406 407 409 411 418 420 423 424 427 434
6 396 412 413 419 424 431
12 398 399 401 404 413 418 419 423 425 426 428 434
18 396 397 398 399 404 408 409 412 414 415 417 418 419 420 421 422 430 434
17 398 399 400 401 406 408 409 413 417 419 420 422 424 426 428 432 433
12 396 402 403 404 408 420 423 428 430 431 432 434
9 399 409 416 420 422 424 425 429 432
10 398 401 405 406 407 409 420 423 424 427
6 398 403 407 419 420 430
8 403 406 408 417 419 428 430 433
7 396 403 410 413 422 425 427
5 409 411 416 423 434
6 396 399 403 412 419 421
9 402 403 405 406 420 422 430 431 433
9 404 407 411 412 415 418 421 428 431
9 399 400 404 407 411 429 430 431 433
9 396 397 399 400 402 421 423 425 432
6 406 416 417 419 428 430
8 398 403 416 417 418 419 430 432
8 402 403 407 416 422 430 431 433
4 400 412 422 434
9 396 397 399 400 415 421 425 432 434
8 406 408 416 417 419 428 429 430
14 397 398 401 404 413 418 419 421 423 426 428 429 432 434
4 396 413 419 431
8 398 405 413 416 417 421 423 427
2 396 403
8 398 401 407 412 416 419 425 429
5 398 399 411 427 433
8 396 399 403 412 415 418 419 421
6 406 416 419 421 427 429
8 403 414 416 425 426 427 430 431
4 400 410 414 433
14 402 403 405 406 407 410 411 413 416 423 424 425 426 427
7 397 408 411 414 419 423 424
7 407 412 415 419 421 431 434
7 396 405 408 412 422 426 432
4 398 403 406 423
6 400 407 412 420 429 433
12 399 402 404 405 408 409 411 412 422 423 427 434
6 404 414 415 424 425 434
5 398 415 418 431 434
8 398 401 402 415 419 421 424 428
6 403 408 419 428 429 430
9 397 408 410 411 414 421 423 428 432
8 403 405 406 414 416 418 427 430
10 396 402 405 407 409 411 412 418 424 434
4 397 405 407 432
11 397 398 399 401 402 405 410 411 412 414 428
15 398 399 401 403 407 409 410 415 416 417 418 423 425 428 434
14 397 398 399 401 404 413 418 419 421 425 428 429 432 434
8 402 408 416 417 421 422 431 432
21 397 400 401 405 406 407 408 410 411 414 416 421 424 426 427 428 430 431 432 433 434
11 399 400 402 404 408 420 423 428 430 431 434
9 402 403 406 407 415 416 420 430 434
12 398 400 403 405 414 418 423 424 426 429 430 433
13 397 399 405 413 414 416 417 420 422 424 427 429 433
8 403 404 408 419 420 428 429 430
12 397 405 409 413 414 416 420 422 424 425 432 433
6 403 405 406 415 431 433
11 398 399 401 402 407 411 413 418 420 431 433
7 405 409 414 416 422 427 433
13 399 400 401 405 406 409 412 415 417 419 424 426 433
10 399 404 407 411 412 418 420 429 430 433
6 406 419 421 427 428 429
5 396 409 425 427 434
8 397 404 408 414 415 416 421 426
4 396 398 406 410
12 396 404 406 409 415 416 419 421 425 426 431 433
12 397 403 407 408 413 414 416 418 419 429 432 434
9 396 398 399 400 404 409 412 413 425
18 397 400 401 402 403 405 407 408 410 411 412 413 423 424 427 428 432 434
8 410 411 414 421 423 424 428 432
16 396 397 400 402 404 406 407 410 412 414 418 425 429 430 431 433
4 410 414 420 433
5 396 412 419 424 431
6 398 399 404 413 423 425
19 396 398 400 402 404 405 410 412 415 417 420 422 423 424 425 426 427 428 431
12 399 405 409 413 414 416 420 424 425 429 432 433
9 403 406 408 416 417 419 428 429 433
22 396 397 398 399 402 403 404 406 408 411 413 415 416 417 418 419 420 422 425 427 429 430
5 400 412 422 428 434
8 404 410 424 425 430 431 432 434
5 400 404 420 421 429
5 398 403 419 430 432
17 398 400 402 404 410 412 415 417 421 423 424 425 426 427 428 430 433
7 397 399 404 409 410 417 421
10 397 399 402 404 408 411 412 422 423 434
6 397 404 414 415 425 434
7 398 407 409 411 418 420 434
6 397 404 414 415 423 434
4 409 411 423 434
7 396 408 410 417 422 425 427
5 398 416 417 421 427
10 397 402 407 414 416 421 423 425 429 430
5 404 406 428 432 434
8 404 406 408 417 419 428 429 433
12 399 402 403 404 406 409 410 411 413 417 421 428
4 410 411 420 433
9 402 407 410 416 421 423 429 430 434
8 397 399 402 406 409 410 413 417
2 397 405
2 396 403
12 404 406 409 416 417 419 420 421 426 430 431 433
15 396 404 406 409 415 416 417 418 421 425 426 429 430 431 433
6 398 399 411 421 427 433
13 400 401 402 406 407 410 411 413 416 423 424 425 427
6 400 405 420 421 429 430
3 409 423 434
9 397 398 401 414 416 421 425 426 427
11 399 400 402 403 404 408 423 428 430 431 432
4 399 411 421 427
7 403 405 406 407 415 420 431
10 400 401 405 407 411 413 416 424 425 426
9 400 402 404 411 419 421 430 431 434
11 396 406 409 415 416 417 419 420 425 431 433
4 400 403 410 428
17 396 398 403 408 411 415 416 417 418 419 421 422 424 426 427 430 433
18 397 401 403 404 405 409 411 413 414 416 419 423 426 427 428 432 433 434
5 396 407 409 411 423
6 396 397 410 414 425 433
7 400 401 412 413 418 419 420
6 403 415 417 423 426 429
14 396 400 401 402 412 415 417 420 422 427 428 430 431 433
4 401 410 412 428
8 401 411 412 413 418 426 427 431
8 398 402 406 409 419 421 428 432
8 399 400 404 407 418 420 430 431
22 397 399 401 402 403 406 407 408 409 411 414 415 416 417 418 422 423 427 428 432 433 434
10 398 406 408 410 413 414 417 420 422 429
7 404 407 411 412 418 420 429
10 399 400 404 407 412 418 420 429 430 431
19 396 397 400 401 402 403 404 405 409 411 412 414 416 419 423 429 430 432 434
10 399 400 407 411 412 418 429 430 431 433
18 397 398 399 400 401 402 403 407 408 410 412 413 422 423 424 428 432 434
18 399 402 403 407 408 410 411 414 415 416 418 422 425 426 428 432 433 434
8 401 406 407 412 416 425 429 433
9 399 401 411 413 418 421 428 429 434
14 398 399 400 402 403 405 407 408 410 413 423 427 428 434
8 397 410 414 416 418 421 425 429
7 397 405 409 413 414 418 421
13 399 402 403 407 408 409 410 415 418 422 426 428 434
8 396 398 399 401 404 409 412 427
4 398 399 408 427
9 397 400 403 410 415 419 425 429 433
9 403 404 408 417 420 423 428 432 434
6 401 404 407 410 412 419
21 396 397 400 403 406 407 411 412 414 415 418 419 420 424 425 428 429 430 431 432 433
22 397 399 401 402 406 407 408 409 410 411 414 415 417 418 422 425 426 427 428 432 433 434
4 397 405 423 434
3 411 414 420
5 401 404 407 410 419
6 396 399 402 410 415 432
3 423 426 432
9 399 408 412 413 416 422 428 431 432
9 397 405 413 414 416 420 425 427 433
3 396 419 424
7 398 404 406 407 420 424 434
10 398 399 407 408 415 417 418 420 421 424
11 398 399 400 402 403 407 411 413 418 431 433
8 406 410 419 421 427 428 429 430
5 399 404 407 419 428
4 401 409 416 434
6 398 415 418 430 431 434
5 402 405 412 418 420
6 396 398 406 410 423 426
8 398 401 405 406 407 418 423 427
8 397 408 410 419 421 424 428 432
11 402 406 409 411 419 420 424 429 430 432 434
10 399 402 408 412 413 416 417 421 422 431
10 397 399 402 404 405 409 411 422 427 434
6 396 418 419 425 427 433
8 396 399 400 408 417 431 432 434
8 398 406 407 408 415 418 420 424
14 397 399 401 405 407 408 410 411 412 414 424 427 432 434
13 397 399 403 407 408 409 411 413 414 416 418 429 434
20 397 400 401 403 405 406 408 410 412 415 418 420 426 427 428 429 430 431 432 433
6 400 409 412 423 428 432
10 400 404 407 411 418 420 429 430 431 433
18 398 399 400 401 404 405 406 408 411 412 413 417 419 420 427 428 432 433
5 396 412 419 424 431
9 404 406 410 424 425 428 430 431 432
6 396 400 401 405 408 416
11 396 399 404 406 407 408 413 421 422 425 427
6 406 410 417 421 427 430
9 396 397 400 403 410 425 426 429 433
4 403 412 420 430
12 396 400 404 405 410 417 420 423 424 425 430 433
8 397 408 410 411 419 421 424 428
4 397 405 426 434
7 400 409 410 412 414 423 428
25 397 400 401 403 405 406 407 408 410 412 414 415 416 418 419 420 424 426 428 429 430 431 432 433 434
8 396 399 403 412 415 421 425 427
9 396 400 401 405 408 416 424 427 433
11 397 398 401 404 408 413 415 417 419 421 429
8 400 404 411 418 420 429 431 433
13 396 401 406 410 413 415 421 424 425 428 429 431 433
18 398 399 400 401 404 406 408 409 412 413 415 417 419 420 424 426 427 432
8 401 405 411 412 422 426 427 431
12 396 399 400 402 404 408 417 423 428 430 432 434
2 396 431
10 402 408 413 417 421 422 428 430 431 432
5 403 412 417 420 430
11 401 403 412 417 418 419 423 424 426 429 434
19 397 399 400 401 402 403 405 407 408 410 411 412 413 414 422 423 427 428 432
7 400 403 406 411 414 423 429
7 400 411 412 418 420 429 430
3 412 413 431
9 397 410 411 413 414 421 422 424 427
3 396 413 424
15 397 398 399 404 411 413 418 419 421 423 425 426 428 429 434
3 409 425 427
3 400 411 414
6 396 407 410 411 423 433
8 400 410 413 417 422 428 431 433
14 397 398 403 407 410 412 413 422 423 424 427 428 432 434
7 400 401 405 412 413 418 419
2 423 426
18 396 398 400 401 402 410 412 415 417 420 421 423 424 425 426 430 431 433
3 419 423 432
8 397 401 404 413 415 417 419 420
9 398 401 406 407 412 416 419 425 433
7 400 407 409 410 414 428 431
7 396 397 399 400 402 415 434
20 396 398 400 401 404 405 410 412 415 417 420 422 423 424 425 426 428 430 431 433
5 399 401 404 410 412
9 398 402 409 415 416 419 421 428 432
4 400 403 412 417
5 400 403 410 428 433
4 399 408 421 427
1 403
10 398 401 404 406 407 409 411 418 420 423
9 401 406 410 413 415 421 425 428 431
9 399 400 404 412 418 420 429 430 431
10 399 400 404 407 411 412 429 430 431 433
7 403 414 416 418 426 427 431
11 399 405 416 417 420 422 425 427 429 432 433
9 401 412 416 417 419 423 426 432 434
8 398 401 407 412 419 425 426 429
10 400 401 405 407 408 414 416 424 425 427
9 399 403 412 415 418 421 425 427 433
2 397 405
7 403 405 414 418 425 430 431
8 398 401 405 413 417 422 423 426
11 398 400 404 406 408 410 413 414 420 426 429
5 401 402 405 418 420
11 406 407 408 409 410 414 415 422 424 427 431
7 399 404 409 413 418 426 427
9 396 399 404 408 409 413 415 421 428
6 397 399 400 410 423 425
8 398 402 406 408 410 414 417 420
9 397 399 406 408 409 411 416 418 429
9 396 404 406 407 409 415 421 422 430
9 396 405 406 407 409 412 429 432 434
12 396 399 400 402 403 404 408 423 430 431 432 434
5 399 404 410 412 419
5 399 400 412 422 434
8 405 406 414 416 425 426 427 430
12 399 406 409 411 412 418 419 420 424 429 432 434
14 398 401 402 403 412 417 418 423 424 426 429 431 432 434
7 403 406 416 419 420 430 433
11 397 402 407 410 414 416 418 421 425 430 434
7 396 399 404 409 413 422 425
9 398 400 406 411 414 423 424 426 433
12 396 400 401 410 415 417 422 423 426 427 428 431
8 398 401 406 416 419 426 429 433
4 404 415 423 424
3 410 411 433
14 397 399 403 406 407 408 409 411 413 414 416 418 432 434
9 397 399 403 406 410 411 413 421 422
7 400 401 407 409 410 412 432
8 397 410 411 414 419 421 423 424
6 400 401 402 405 418 419
9 398 401 406 414 415 416 421 424 428
9 398 399 406 408 415 417 420 422 424
18 396 397 399 402 403 406 407 408 409 414 415 419 424 429 430 431 433 434
8 404 408 416 417 428 429 430 433
4 398 408 410 426
7 405 406 407 416 420 431 433
4 410 414 420 433
7 403 405 414 416 418 426 431
8 399 406 407 408 415 417 418 421
3 409 427 434
12 405 408 409 413 414 417 418 419 421 427 430 432
12 396 397 400 404 405 408 410 425 426 430 431 434
19 396 397 398 401 403 406 407 410 411 412 413 415 418 419 422 426 429 430 433
27 396 398 399 400 402 403 404 405 407 408 409 410 411 413 414 416 417 420 421 423 425 427 429 430 431 433 434
18 400 402 405 409 411 413 415 416 418 419 421 422 423 425 427 429 431 432
18 398 399 401 402 404 405 407 413 416 418 421 422 423 425 429 432 433 434
25 396 398 401 402 403 406 407 408 409 413 415 417 419 420 421 423 424 425 426 427 429 430 431 433 434
25 396 398 400 401 402 404 405 406 407 410 412 413 414 415 417 418 419 420 421 422 424 425 426 429 431
21 398 399 401 402 404 407 410 414 415 416 420 422 423 424 426 427 428 429 430 431 433
13 403 409 412 414 418 419 420 421 427 428 430 431 434
19 399 401 402 403 405 407 409 410 412 414 415 416 419 421 422 426 428 430 433
26 396 397 398 400 402 403 405 410 412 414 416 417 419 420 421 422 423 424 425 426 427 429 430 431 432 433
16 397 401 402 406 411 414 418 419 421 423 425 426 428 429 430 434
12 397 399 400 402 404 407 408 411 412 415 421 426
16 398 400 401 402 405 409 411 412 416 422 424 425 426 427 428 432
16 396 397 399 400 401 403 404 408 411 412 415 418 419 425 426 430
17 396 397 398 401 405 406 410 414 416 417 418 419 421 422 430 431 432
15 398 400 401 404 408 409 414 416 420 421 422 423 424 425 427
25 396 397 399 401 402 403 404 405 406 409 410 411 413 415 417 420 422 425 426 427 428 429 430 431 432
16 396 399 401 404 405 406 409 411 412 413 416 422 424 425 426 427
13 398 400 404 405 411 413 414 420 421 425 426 429 430
13 397 400 401 402 403 404 405 408 409 412 416 419 433
12 398 399 403 404 406 409 413 419 422 423 426 431
15 396 403 404 408 409 411 413 415 416 418 419 421 422 425 433
27 398 400 401 402 403 404 405 406 407 408 411 412 413 414 415 416 417 420 422 423 427 428 429 430 432 433 434
14 402 403 404 407 408 412 415 417 418 419 427 428 429 430
13 396 399 406 409 415 416 417 418 421 426 429 431 433
24 396 397 398 399 403 405 407 408 409 410 411 412 413 414 415 421 424 425 426 427 428 429 430 434
20 396 397 399 400 403 404 406 410 411 412 413 414 415 416 421 423 431 432 433 434
25 396 398 399 401 402 403 405 408 410 413 418 419 420 421 422 423 426 427 428 429 430 431 432 433 434
23 396 399 402 404 406 407 408 411 412 414 416 417 418 419 420 421 422 424 428 429 430 432 433
22 396 397 399 401 403 405 406 407 408 411 412 414 415 417 419 422 424 429 430 431 433 434
15 396 398 400 402 403 407 410 417 418 419 420 425 430 431 434
18 398 402 404 405 406 407 408 413 415 418 421 422 426 428 430 431 432 433
25 397 398 399 400 401 404 405 407 410 411 413 414 415 416 417 421 423 424 425 426 429 430 431 432 434
19 397 400 402 404 405 409 411 414 417 418 420 421 422 423 426 428 430 432 433
14 396 403 404 407 409 413 415 417 420 421 425 429 430 434
22 396 397 398 400 404 407 410 411 415 417 418 419 420 421 423 424 425 427 428 429 431 434
21 397 402 404 405 407 409 410 411 412 415 416 418 421 423 424 425 427 429 431 432 434
23 399 400 402 403 404 408 409 410 411 413 415 418 420 422 423 425 426 427 429 430 432 433 434
15 398 400 401 402 405 407 409 411 414 422 426 429 430 432 434
27 398 399 400 403 406 407 409 410 411 412 413 414 416 417 418 419 421 422 424 425 426 428 429 430 431 432 434
16 396 397 398 402 403 406 408 411 413 414 416 417 418 428 431 433
13 397 399 404 405 412 413 414 416 417 421 426 427 431
26 396 398 399 400 401 404 405 406 407 408 410 411 412 414 416 417 418 419 420 421 422 429 430 431 432 433
15 396 397 402 403 404 408 410 411 416 420 421 423 424 428 433
13 401 402 406 408 409 411 416 417 420 428 429 433 434
15 396 400 401 410 412 413 414 416 421 423 424 426 427 430 431
21 398 399 401 402 404 405 406 407 410 412 415 416 417 418 421 422 423 424 426 427 433
15 396 399 400 401 402 407 408 409 410 411 412 423 426 428 431
15 399 402 403 404 411 412 417 419 420 422 423 424 427 430 433
19 397 398 401 403 405 409 410 413 414 415 416 419 422 425 426 429 430 432 433
16 397 398 400 401 402 404 411 414 415 416 423 424 425 428 429 432
22 398 399 403 404 405 406 413 414 415 416 417 418 419 420 423 424 425 426 427 429 430 431
18 396 398 401 403 405 407 410 411 412 415 417 419 420 422 423 425 428 430
20 396 398 399 400 402 404 407 411 412 413 414 415 416 418 420 421 430 431 433 434
19 399 406 409 410 412 414 416 417 418 420 422 423 424 425 428 429 432 433 434
26 398 399 400 401 402 404 405 406 407 409 410 411 414 416 420 421 422 423 424 425 426 427 428 430 433 434
23 397 398 401 402 407 408 409 415 416 417 418 421 422 423 424 425 427 428 429 430 431 432 434
13 401 403 405 411 413 414 418 420 421 423 425 433 434
16 397 399 400 405 408 409 412 414 417 418 419 420 424 427 430 431
14 396 397 400 405 412 414 415 417 418 419 425 430 432 433
23 397 398 399 400 401 402 406 407 409 412 413 414 415 416 418 420 421 423 425 426 429 430 433
27 397 399 400 401 402 403 406 407 408 411 412 414 415 416 418 419 420 421 423 426 427 428 429 431 432 433 434
13 399 404 408 410 415 417 418 422 423 427 431 432 434
12 402 405 407 408 410 413 414 420 426 430 431 433
26 397 399 400 403 405 406 407 409 410 413 415 416 417 418 419 420 421 422 423 424 427 428 429 430 431 434
16 396 397 399 400 401 406 409 413 415 416 417 418 420 422 427 431
12 397 398 401 403 407 410 415 418 420 423 432 434
12 396 397 408 409 416 417 419 420 423 428 430 431
26 396 397 398 399 400 401 402 403 404 406 407 409 410 411 416 418 421 422 423 424 425 428 430 432 433 434
22 396 398 399 400 403 404 405 406 407 408 409 412 414 416 418 419 421 423 425 431 432 434
26 396 397 398 403 404 405 408 409 411 413 414 415 416 417 418 419 420 421 422 424 425 427 429 430 432 434
17 397 398 399 401 404 408 410 412 413 414 416 417 420 422 423 424 429
13 402 409 410 413 414 417 418 419 423 425 429 431 434
26 399 400 401 402 404 405 407 408 409 411 412 413 417 419 423 424 425 426 427 428 429 430 431 432 433 434
23 396 397 398 402 404 405 406 408 409 411 412 414 415 416 421 422 423 425 427 428 429 430 434
22 397 398 401 406 409 411 414 415 417 418 419 420 421 422 423 424 426 427 431 432 433 434
21 398 404 406 407 408 409 412 414 415 417 418 420 421 423 424 425 426 428 429 432 433
25 397 399 401 403 404 405 406 408 409 411 412 413 415 416 417 418 419 420 421 423 427 428 431 432 434
13 396 398 406 407 414 417 418 420 422 424 430 432 434
22 400 401 403 405 406 408 410 411 413 416 417 418 420 423 424 425 426 428 429 430 431 432
14 396 397 402 404 405 406 408 413 414 416 417 419 429 431
18 398 399 400 403 406 407 412 413 415 418 419 421 423 425 426 427 430 434
19 396 398 399 400 404 406 407 410 415 416 417 418 422 423 424 426 429 430 434
25 396 398 399 400 401 404 405 408 409 410 412 413 414 416 418 420 422 424 426 427 429 430 432 433 434
23 397 398 399 404 405 406 408 409 411 412 413 414 417 418 419 420 422 425 427 428 431 432 433
12 396 397 399 401 406 408 410 416 417 423 424 432
24 396 397 398 399 400 402 403 404 405 406 407 411 412 413 416 418 421 423 424 426 428 430 432 434
20 396 397 398 399 403 406 407 411 413 414 418 420 422 427 428 429 430 431 432 433
18 397 400 401 402 404 409 411 412 413 417 419 420 424 426 428 430 433 434
17 396 397 399 400 401 402 403 404 405 412 414 415 418 420 425 426 434
25 397 399 400 401 402 404 405 406 407 408 409 412 413 415 416 417 420 424 426 428 429 430 431 432 434
22 396 401 402 403 405 407 408 409 410 411 413 415 417 418 420 421 423 425 428 431 432 434
12 397 398 401 402 405 407 408 419 424 426 427 430
12 396 400 413 414 415 419 421 423 425 427 430 432
20 399 400 402 403 406 407 409 410 411 412 414 419 422 423 424 426 427 428 429 430
22 401 405 407 408 409 410 411 412 413 415 416 417 418 419 420 421 424 426 427 428 430 433
20 397 398 401 403 404 409 411 413 414 415 416 419 420 421 422 424 427 429 431 433
16 400 401 402 404 405 406 410 412 413 414 419 424 427 428 430 432
17 399 404 407 408 417 418 419 421 422 423 425 426 428 429 430 433 434
20 397 400 401 403 407 408 414 415 417 418 420 423 424 426 427 428 430 431 433 434
25 396 399 400 403 404 405 406 407 411 412 413 415 416 417 418 419 420 421 422 423 425 426 432 433 434
13 400 402 406 407 409 411 412 418 419 422 423 426 428
20 399 401 402 404 405 406 407 408 411 413 414 415 416 418 419 420 422 423 429 431
19 396 397 398 399 400 403 405 410 412 416 418 419 421 423 428 429 430 433 434
20 396 400 403 404 405 406 408 409 412 417 419 420 421 422 423 424 425 427 431 434
17 397 398 400 403 409 410 411 414 416 418 419 422 423 424 429 432 433
25 397 400 402 404 405 406 407 408 414 415 416 417 420 422 423 425 426 427 428 429 430 431 432 433 434
17 398 399 401 403 405 406 408 410 412 414 416 417 419 423 425 430 433
26 398 399 400 403 404 405 406 407 410 412 415 416 417 418 419 420 421 425 426 427 429 430 431 432 433 434
20 400 405 409 410 411 413 415 416 417 418 420 421 422 423 425 426 428 431 432 434
17 397 398 399 402 404 405 410 411 413 414 415 418 419 424 427 429 433
21 396 397 398 399 400 401 403 405 408 410 411 412 417 418 420 423 425 431 432 433 434
14 401 405 406 407 408 409 410 411 415 418 419 421 429 430
23 397 399 400 401 403 405 406 407 408 410 413 415 416 417 418 422 425 426 428 429 430 431 433
17 396 397 402 405 409 410 411 412 413 415 416 417 418 426 431 432 433
24 397 398 399 400 401 403 406 407 408 409 410 412 414 416 417 420 421 422 423 425 427 428 429 433
20 396 397 401 403 405 407 409 410 413 415 417 419 420 424 425 426 428 429 430 431
26 396 398 399 400 401 403 404 405 406 407 408 409 410 412 413 416 417 418 420 421 422 423 426 429 432 434
25 397 399 400 402 403 405 408 409 410 411 412 414 416 417 419 422 423 426 427 428 429 430 431 433 434
22 396 398 400 401 404 405 406 407 410 413 414 416 419 420 422 423 424 425 427 428 432 434
13 398 399 400 407 410 416 417 420 423 426 427 430 431
25 398 399 400 402 403 405 406 407 409 411 413 414 415 416 418 419 421 422 424 425 426 428 430 431 433
24 397 398 399 402 403 404 407 408 410 413 415 416 418 419 421 422 423 424 425 428 430 431 432 433
14 397 402 403 406 413 418 419 421 422 423 426 427 433 434
14 397 398 399 404 405 408 413 422 423 425 426 427 428 433
21 396 397 398 400 402 403 406 408 411 412 413 415 416 418 421 422 425 426 429 432 433
12 398 402 405 409 411 413 416 420 421 423 425 430
24 396 397 399 400 401 404 406 407 408 410 411 413 414 415 417 420 421 424 425 426 429 432 433 434
23 396 400 402 403 405 408 412 413 414 416 419 421 422 423 424 425 427 428 429 430 431 432 434
20 396 398 400 401 402 403 404 408 409 411 412 415 416 424 425 428 429 431 432 433
15 400 402 405 407 411 413 415 418 419 420 422 424 426 433 434
22 397 398 399 401 403 405 409 410 411 412 413 415 417 419 422 423 424 425 426 427 428 431
21 396 397 398 399 400 401 402 406 407 409 411 412 415 417 418 420 421 422 423 428 434
15 396 399 400 403 406 408 409 412 414 415 422 423 425 426 428
17 398 400 401 404 407 409 411 413 418 419 420 424 428 429 431 432 433
21 396 398 402 404 406 407 408 409 410 413 416 417 418 420 421 423 425 428 429 432 434
13 396 398 405 407 412 414 415 417 418 421 431 432 434
25 396 398 400 402 404 406 407 408 409 411 415 416 418 419 420 421 423 424 425 426 427 428 430 431 434
14 396 400 401 403 404 406 407 410 413 417 420 424 431 432
15 398 400 402 403 406 407 411 412 415 416 425 427 428 432 434
12 396 401 407 411 412 413 420 421 422 423 425 434
17 397 399 402 404 406 407 408 412 413 414 415 419 424 425 428 430 433
26 397 400 401 402 403 404 405 406 407 408 411 413 415 417 418 421 422 423 424 425 426 428 429 430 432 434
22 397 399 402 403 405 406 407 409 410 411 413 417 419 420 421 423 426 428 429 430 431 434
18 396 398 400 401 405 407 410 411 413 416 417 420 422 423 424 427 429 430
16 398 400 401 409 410 411 412 413 418 419 424 425 426 427 432 434
20 397 399 400 401 403 407 411 412 413 414 417 419 421 422 423 425 430 431 433 434
27 396 397 398 400 401 402 405 406 407 408 409 410 411 412 413 415 416 417 419 420 422 423 424 427 430 432 434
19 396 397 401 402 404 405 406 407 408 409 410 414 420 421 422 424 427 431 434
16 396 401 402 403 404 405 410 413 418 419 422 425 426 427 432 434
13 400 402 403 404 410 413 415 423 426 428 429 432 434
15 398 399 400 405 406 407 408 411 412 416 419 425 426 428 432
23 396 398 400 401 402 403 404 405 407 408 409 411 412 414 415 417 418 419 420 422 425 427 434
18 400 401 404 405 406 408 409 414 415 416 418 422 424 425 430 431 432 434
24 400 401 404 405 407 408 410 411 412 414 416 418 421 422 423 424 425 426 428 429 430 431 432 434
25 396 397 400 401 402 403 404 406 407 408 410 412 413 414 415 416 417 420 423 424 425 427 428 431 434
19 398 399 405 406 409 410 411 412 415 417 419 420 422 423 424 426 427 432 433
17 401 404 405 408 409 410 411 412 418 419 421 422 423 425 426 430 431
22 397 399 403 404 405 408 409 410 411 413 414 415 416 417 420 425 427 428 429 430 431 434
20 399 400 402 405 407 408 409 410 411 412 415 418 420 422 423 424 428 431 432 433
15 397 398 401 402 406 408 409 412 413 423 425 427 428 431 433
18 397 401 404 405 408 412 413 415 417 421 422 425 427 428 429 430 433 434
25 397 398 399 400 401 402 404 405 406 407 408 409 410 412 414 415 417 419 420 422 424 426 428 430 434
23 396 401 403 404 406 408 410 412 414 415 416 417 418 419 420 422 425 427 428 429 431 433 434
14 398 400 401 408 409 410 411 417 418 419 420 421 426 429
15 397 402 406 407 409 412 413 416 419 422 427 428 429 433 434
15 400 402 407 408 409 412 416 419 420 425 426 429 432 433 434
23 398 399 400 402 404 405 406 409 410 411 414 415 420 422 423 424 425 426 427 429 430 431 433
24 396 397 398 399 404 405 406 410 411 412 414 416 417 419 420 421 422 424 425 426 430 432 433 434
16 398 399 400 408 409 411 412 414 418 420 421 424 426 427 428 431
19 397 398 399 402 403 404 406 407 408 411 413 415 417 420 422 427 428 429 430
22 396 397 398 403 404 405 406 407 411 412 413 415 416 419 420 422 423 427 428 429 430 432
23 398 399 401 402 404 405 407 409 410 412 413 417 418 420 421 422 423 424 427 428 429 431 433
27 396 397 398 399 401 403 404 405 406 408 409 410 411 412 416 417 418 422 423 424 425 426 427 428 430 431 432
15 396 400 404 408 412 415 416 418 419 421 424 426 430 431 434
17 402 403 404 405 408 409 412 417 418 421 422 423 424 426 427 430 431
18 399 401 403 404 408 411 413 417 419 422 423 426 427 428 429 430 432 434
12 397 399 400 406 407 412 418 420 421 424 428 433
22 397 398 399 404 405 407 408 410 411 415 416 419 422 423 424 425 426 427 428 429 431 432
24 398 399 400 401 402 403 404 405 407 409 410 413 416 417 419 421 424 426 427 428 431 432 433 434
27 396 397 398 399 400 401 402 403 404 405 407 408 410 412 416 418 420 421 422 423 424 426 427 428 429 430 434
23 397 398 399 401 403 404 405 406 407 409 410 411 412 413 415 416 424 425 426 428 429 432 434
13 399 403 405 409 413 414 416 417 419 420 425 431 434
13 396 397 403 408 414 415 419 422 423 425 429 431 433
21 396 398 401 405 406 407 408 409 410 411 415 417 422 423 424 427 428 431 432 433 434
15 396 397 398 399 400 410 411 414 418 421 423 425 429 430 434
21 398 400 401 403 405 407 408 410 412 413 414 415 417 420 423 427 428 430 431 432 433
19 396 398 399 401 407 411 413 414 418 419 420 421 422 425 426 427 430 431 433
15 396 398 400 403 404 405 407 408 414 417 419 423 424 428 434
15 400 401 402 404 406 407 408 409 410 413 415 416 425 428 431
26 396 398 399 401 402 403 405 406 407 410 411 413 414 415 416 419 420 421 423 425 426 427 429 430 432 434
20 396 400 402 404 405 406 407 408 410 413 415 416 419 421 422 425 426 428 431 432
20 399 401 403 404 405 408 410 411 413 415 416 417 418 421 424 425 426 427 432 434
15 398 406 408 409 410 414 415 419 420 423 424 426 427 428 433
20 396 398 399 400 401 402 405 406 407 410 418 419 420 421 423 425 429 431 433 434
25 396 398 399 401 402 403 404 405 409 410 411 413 414 415 417 418 420 424 425 426 427 431 432 433 434
16 397 398 399 401 406 407 408 411 412 414 418 419 421 427 428 432
15 396 399 401 402 405 406 407 409 418 419 423 424 426 433 434
19 397 398 399 409 410 414 415 416 419 421 422 423 425 426 428 429 430 431 432
16 399 401 404 405 407 408 409 411 414 416 417 419 420 424 427 433
19 396 397 400 401 404 407 408 412 417 418 419 421 422 423 426 428 431 433 434
17 396 400 402 404 408 409 410 413 414 418 419 420 421 425 427 433 434
21 397 399 400 401 402 404 407 408 410 412 413 414 417 418 419 421 424 425 427 429 431
18 396 398 402 405 406 407 408 409 411 416 418 420 421 423 425 427 428 429
15 396 397 398 400 408 413 414 418 423 425 426 428 430 431 433
20 396 397 398 400 402 405 407 408 409 410 411 417 418 421 423 425 426 428 430 433
16 397 400 402 403 405 406 407 411 416 418 419 422 425 426 428 433
25 396 397 398 399 400 401 403 404 405 406 407 410 412 413 415 416 419 420 423 425 428 429 432 433 434
20 396 398 399 400 401 402 405 406 407 412 414 415 416 417 419 420 425 427 431 434
23 398 400 402 404 405 406 407 408 409 413 414 415 416 417 419 420 421 426 427 430 431 432 433
26 397 398 399 400 401 403 405 408 410 412 414 415 418 419 420 422 423 425 426 427 428 429 430 432 433 434
25 396 398 399 401 402 403 406 407 411 412 413 415 416 418 419 422 423 424 425 427 429 430 431 432 434
22 397 398 399 401 402 403 405 407 409 410 414 418 420 421 424 425 428 429 431 432 433 434
26 396 397 399 400 401 402 404 405 406 407 409 410 411 412 414 415 416 418 419 421 422 426 429 430 431 432
23 396 397 402 403 405 406 410 411 412 413 415 416 420 422 423 424 425 426 429 431 432 433 434
18 396 397 398 399 404 409 410 411 412 414 415 416 417 424 425 430 433 434
21 396 398 399 406 408 410 411 415 416 417 418 420 421 424 426 428 429 430 432 433 434
13 396 403 405 407 411 412 415 416 425 427 428 432 433
12 397 403 408 414 416 419 420 421 422 428 431 432
23 396 397 398 400 402 404 406 408 412 413 414 415 416 418 419 421 422 424 425 428 429 430 433
13 396 400 401 402 406 408 413 416 419 427 428 432 433
26 397 400 401 402 403 405 406 407 409 411 413 414 415 416 417 418 420 421 422 423 424 426 428 429 430 431
24 396 401 403 405 409 410 411 413 415 416 417 419 420 421 422 423 424 425 427 428 430 431 432 434
21 396 398 400 401 405 406 407 410 411 412 413 415 418 425 426 427 429 430 431 433 434
17 396 397 399 402 407 408 410 411 414 415 418 421 422 423 424 429 430
14 396 399 400 402 405 408 409 410 412 416 418 429 431 432
18 396 397 400 404 408 409 411 415 416 418 419 422 423 424 425 429 431 433
27 397 399 400 401 402 403 404 405 406 407 408 409 410 412 413 414 415 416 417 418 422 423 425 427 430 432 434
24 397 399 400 403 404 405 407 410 411 412 413 414 415 417 420 423 424 425 426 427 430 431 433 434
16 397 399 403 405 406 408 411 412 413 414 415 417 418 420 426 434
18 396 397 399 404 406 409 411 416 417 424 425 426 428 429 431 432 433 434
22 396 397 399 400 403 404 405 406 407 410 411 412 414 415 417 420 421 422 423 429 432 434
18 396 403 404 405 408 409 415 417 418 419 420 422 425 426 427 428 430 432
20 398 400 404 405 408 409 413 414 415 416 418 420 423 424 425 426 427 428 430 434
26 398 401 402 404 406 407 409 410 411 413 414 415 416 417 418 419 421 422 425 426 427 428 429 432 433 434
16 396 397 402 403 404 406 410 412 414 415 417 421 424 425 428 430
22 396 397 398 402 403 404 405 407 410 411 412 413 415 420 421 422 423 424 428 429 430 434
24 397 398 399 401 404 405 407 410 411 412 413 414 415 416 417 418 421 422 423 430 431 432 433 434
27 396 397 399 400 401 402 404 405 406 407 408 410 411 412 414 415 417 418 421 422 423 424 428 429 430 433 434
17 396 398 400 401 403 405 407 408 414 415 418 425 426 427 429 430 434
12 396 406 411 412 414 416 423 425 429 430 431 432
25 398 399 403 404 405 406 407 410 411 412 413 417 418 419 420 422 423 424 426 427 429 430 431 432 434
25 396 397 398 399 400 402 404 405 406 410 414 415 416 417 418 419 421 422 424 425 427 429 430 431 432
23 397 398 400 401 402 404 409 410 412 413 415 416 418 419 420 421 422 423 427 429 432 433 434
22 396 398 400 403 407 410 411 413 414 415 416 418 421 423 424 425 427 428 429 431 433 434
19 396 399 401 402 403 405 409 411 413 416 417 418 419 420 423 424 426 427 431
12 398 399 401 402 405 412 416 417 421 422 424 431
19 396 397 401 405 406 407 408 409 411 412 414 415 416 420 424 426 429 431 434
18 397 400 404 405 406 408 409 411 412 417 418 421 426 427 431 432 433 434
14 398 403 407 409 413 416 417 418 420 421 422 425 430 431
14 399 400 401 403 406 410 416 419 426 427 429 432 433 434
12 398 403 409 413 414 415 417 418 422 424 431 434
26 396 397 398 399 400 402 403 404 406 408 412 413 414 417 418 419 420 422 423 425 426 427 428 430 431 433
18 396 398 399 400 402 403 404 414 415 416 417 423 424 425 426 427 431 434
25 399 402 403 404 405 406 409 410 413 414 415 416 418 419 420 421 422 423 424 425 428 430 431 433 434
21 396 398 400 401 403 404 405 406 407 409 410 411 412 415 416 420 422 427 429 430 431
26 396 398 400 402 403 405 406 407 408 409 410 411 414 415 417 420 424 425 426 427 429 430 431 432 433 434
19 397 401 403 406 407 409 412 415 417 419 420 421 424 425 427 428 431 432 433
16 396 398 399 400 401 402 403 406 410 414 416 418 425 429 430 432
25 397 400 403 404 405 406 407 408 412 413 414 416 419 420 421 422 423 424 425 427 428 429 430 433 434
26 397 398 399 402 406 407 408 410 412 413 414 415 416 418 420 421 422 423 425 426 427 429 430 431 433 434
17 397 400 401 402 406 409 412 414 417 418 421 422 424 426 428 430 433
24 396 397 399 401 402 403 406 408 409 411 414 415 416 417 418 419 420 421 424 426 427 430 432 434
25 396 397 398 400 403 404 406 407 409 410 412 413 416 419 420 421 423 425 428 429 430 431 432 433 434
21 397 398 400 401 402 403 405 408 411 412 414 415 416 417 418 421 427 430 431 433 434
18 396 398 400 407 408 410 411 413 414 416 418 421 422 425 427 432 433 434
15 396 399 401 404 405 406 409 411 415 416 417 418 419 421 434
22 396 397 399 400 401 409 410 411 413 414 415 417 418 419 427 428 429 430 431 432 433 434
15 397 398 400 406 407 409 410 411 412 415 417 418 427 431 432
17 396 401 402 403 405 406 412 413 416 418 419 421 423 428 429 430 434
22 397 398 399 400 402 405 406 412 414 415 416 417 418 419 420 421 423 424 425 427 430 432
23 396 398 400 402 403 404 405 407 410 411 413 417 418 419 420 421 422 425 426 428 430 431 433
19 403 407 410 411 412 413 415 416 418 419 420 423 424 425 426 427 428 430 433
18 397 402 403 404 408 409 413 415 417 419 423 425 426 428 431 432 433 434
13 402 405 407 409 410 413 420 422 425 426 427 429 431
15 396 399 401 413 414 420 421 422 423 424 425 427 429 431 433
26 396 400 402 404 405 406 407 408 409 410 411 412 413 415 416 417 424 425 426 427 429 430 431 432 433 434
20 400 401 402 406 408 409 410 411 413 416 417 418 419 420 421 424 431 432 433 434
21 396 397 399 400 401 402 405 410 413 414 417 418 421 422 423 424 427 428 431 433 434
