507 2766
34 1 2 3 4 5 6 7 8 9 10 11 12 13 14 15 16 17 18 19 20 21 22 23 24 25 26 27 28 29 30 31 32 33 34
17 2 5 6 7 9 10 15 16 17 18 24 25 26 27 29 32 33
25 1 2 3 4 5 6 7 8 9 11 12 14 15 17 18 19 20 21 22 25 26 27 30 32 33
11 1 3 5 13 18 24 25 26 29 33 34
16 8 9 11 12 13 15 17 18 21 22 23 25 27 28 32 34
24 1 2 3 4 5 7 8 9 10 14 16 17 18 19 20 21 22 24 26 29 30 31 33 34
20 1 2 3 4 5 6 10 11 13 14 16 17 18 20 21 26 27 29 30 34
24 2 4 5 8 10 11 12 13 14 15 16 18 21 22 23 24 25 26 28 29 30 31 33 34
12 5 6 7 8 11 14 19 20 21 22 25 26
21 1 2 5 6 7 9 11 14 15 17 21 22 23 24 25 26 27 29 31 33 34
15 3 5 6 8 9 13 16 17 22 24 27 28 30 31 32
17 3 4 6 11 12 13 15 17 20 21 22 23 24 25 27 30 31
14 2 3 5 9 12 13 15 19 21 22 24 25 29 31
22 1 2 5 6 7 9 12 13 15 16 17 18 19 21 22 23 24 26 28 29 32 33
10 1 4 9 13 19 21 29 30 32 34
21 3 5 6 8 10 12 13 14 15 16 17 18 19 20 21 24 26 28 29 31 33
25 1 2 5 7 8 9 11 12 14 15 16 17 18 20 21 22 23 24 26 27 30 31 32 33 34
12 2 10 11 17 18 20 22 23 25 27 28 29
18 1 2 4 5 6 7 8 10 14 18 19 23 25 29 31 32 33 34
14 4 8 10 11 12 14 16 20 22 23 26 27 28 32
18 2 5 6 11 12 14 16 17 19 20 24 25 27 28 30 32 33 34
21 1 2 5 6 9 10 11 12 14 15 16 17 21 22 25 26 27 28 29 30 33
10 2 7 10 19 22 28 29 32 33 34
10 3 6 7 13 14 19 21 25 31 32
23 2 7 8 9 10 12 15 16 18 19 20 22 23 24 25 26 27 28 29 30 31 32 34
11 5 6 12 16 18 20 24 28 29 33 34
16 3 5 8 9 10 12 13 15 16 17 19 21 25 27 29 30
13 3 4 5 6 7 16 17 19 26 27 28 29 34
23 1 2 3 4 5 6 7 8 10 12 17 18 19 20 22 26 27 28 29 31 32 33 34
16 1 4 7 9 10 11 14 15 19 20 22 23 27 30 33 34
12 1 3 9 11 13 20 27 28 29 30 31 32
17 3 4 5 8 13 14 16 19 20 21 23 25 26 28 30 31 33
24 1 2 3 4 5 6 7 10 12 13 14 17 18 19 20 22 25 26 27 28 30 31 33 34
19 1 2 4 5 7 8 9 10 11 13 14 15 17 18 20 21 22 26 29
11 11 12 14 15 19 24 25 27 29 31 34
14 6 7 8 10 11 12 14 15 17 25 27 28 29 32
18 1 2 4 6 7 8 13 16 17 19 20 22 24 26 28 32 33 34
14 1 2 5 6 7 9 12 20 22 23 25 29 33 34
11 4 6 7 11 12 13 14 19 24 25 33
16 1 3 5 6 10 12 14 15 16 18 19 20 24 29 30 33
22 1 3 5 8 10 14 16 17 18 19 20 22 23 24 25 26 27 28 31 32 33 34
20 1 5 6 7 8 11 12 14 16 17 18 19 21 23 25 26 29 30 31 32
22 1 2 3 4 6 8 9 10 11 12 13 18 19 20 21 23 26 28 29 30 31 33
21 1 2 3 4 5 9 10 11 12 16 17 18 19 21 25 26 28 29 31 32 34
16 2 3 4 5 7 10 11 16 17 18 20 24 26 29 30 32
17 3 5 6 7 8 9 10 15 16 17 19 21 27 28 31 32 33
16 1 4 5 8 10 11 14 15 16 17 18 20 21 22 33 34
22 1 2 3 4 5 6 7 8 10 12 13 14 17 18 19 20 22 24 25 26 29 33
11 7 8 11 14 16 17 18 22 26 27 29
20 1 2 3 4 6 7 8 11 12 14 16 18 19 22 23 25 26 30 31 32
20 1 2 3 5 6 9 10 12 13 14 15 17 18 21 23 24 26 30 31 33
24 2 3 5 6 7 9 10 12 13 14 15 17 18 20 22 23 24 25 26 27 29 30 31 34
24 1 2 3 4 7 8 9 10 12 13 14 15 18 19 20 22 24 25 26 27 28 30 33 34
18 2 5 6 10 11 12 16 17 19 20 22 23 24 25 27 29 31 34
12 1 5 6 10 12 13 15 18 20 26 31 33
26 1 4 5 6 7 8 9 10 11 12 14 15 17 18 19 20 22 23 24 25 26 27 28 29 30 31
24 1 2 4 5 6 9 11 12 14 15 16 17 18 19 20 21 22 23 27 28 29 31 32 33
10 2 3 8 11 12 15 16 25 28 31
20 2 3 4 5 6 7 8 9 12 14 15 17 19 21 22 25 26 27 29 31
17 1 2 3 4 5 6 8 9 13 14 16 20 22 24 25 26 28
15 6 8 10 12 13 14 15 17 20 25 26 28 31 33 34
14 1 2 4 8 11 15 18 24 26 28 30 32 33 34
21 5 7 8 9 11 12 13 14 15 16 17 19 20 23 24 25 26 28 29 30 33
24 2 4 5 6 8 10 11 12 13 14 15 17 18 19 21 23 24 25 27 28 29 32 33 34
26 2 4 5 7 9 10 11 12 13 14 15 16 17 18 19 20 22 23 24 27 28 29 31 32 33 34
11 4 6 7 9 10 11 13 15 26 31 34
15 1 3 4 5 8 12 15 18 19 21 27 31 32 33 34
54 35 36 37 38 39 40 41 42 43 44 45 46 47 48 49 50 51 52 53 54 55 56 57 58 59 60 61 62 63 64 65 66 67 68 69 70 71 72 73 74 75 76 77 78 79 80 81 82 83 84 85 86 87 88
30 38 40 42 46 50 51 52 53 55 56 57 58 59 60 62 63 65 67 68 69 70 74 77 79 81 82 83 84 85 88
26 36 41 45 47 49 51 52 54 55 61 62 65 67 69 70 72 75 77 78 79 81 82 83 84 85 87
34 35 36 38 39 40 41 43 44 45 46 47 48 52 54 55 57 62 64 65 66 67 69 70 72 73 74 75 76 78 81 82 84 85 87
17 35 37 39 44 45 48 55 58 59 61 62 66 70 79 81 82 87
43 35 37 39 40 41 42 43 45 47 48 49 50 51 52 54 55 57 58 60 61 62 63 64 65 66 67 68 70 71 73 74 75 76 77 78 79 80 82 83 84 86 87 88
32 35 37 38 41 42 43 46 48 49 51 52 54 56 58 60 61 63 64 65 66 69 70 73 75 77 78 80 82 83 85 86 87
36 38 39 40 41 42 43 45 51 52 54 55 59 60 63 64 65 66 67 68 70 71 72 74 75 76 77 78 79 80 81 82 84 85 86 87 88
23 35 41 43 44 47 48 49 54 55 57 61 63 66 68 72 73 75 77 79 81 82 83 88
21 35 38 41 48 50 52 54 59 61 62 63 65 66 68 69 74 77 78 79 84 86
28 37 39 40 41 43 48 49 50 51 53 54 56 57 58 59 61 62 66 70 72 73 76 77 78 80 82 85 86
32 36 37 38 41 42 43 44 46 47 49 50 51 52 53 54 58 59 65 66 68 71 72 73 75 76 78 79 81 82 84 85 86
40 35 37 38 40 43 44 45 46 48 49 50 53 56 58 59 60 62 64 65 67 68 69 70 71 72 74 75 76 77 78 79 80 81 82 83 84 85 86 87 88
31 38 39 41 42 44 46 48 49 50 51 57 59 62 63 64 65 66 68 70 71 74 75 76 77 79 81 84 85 86 87 88
26 39 40 41 42 45 48 51 53 55 56 58 61 63 64 67 70 72 77 78 79 80 81 83 85 86 87
20 37 38 44 48 50 51 52 53 63 64 67 69 73 74 77 78 79 80 83 87
32 35 36 37 38 40 41 42 43 44 45 48 50 52 55 56 58 59 61 62 63 69 71 72 73 74 75 80 81 84 85 86 88
41 35 36 37 38 39 40 41 42 44 45 46 47 48 49 50 51 52 53 54 56 57 58 60 63 68 69 71 72 73 74 75 76 77 78 79 81 82 84 86 87 88
28 35 36 38 39 45 47 49 50 51 52 55 56 59 61 64 65 67 68 70 71 76 77 78 80 81 84 85 88
28 35 36 38 39 40 41 42 47 49 54 56 59 62 63 64 66 69 70 72 73 77 78 80 82 83 85 87 88
33 36 37 38 40 42 43 44 48 49 51 52 53 54 55 58 61 63 65 66 67 69 71 74 75 76 77 78 79 80 82 84 85 86
32 36 37 38 39 40 42 44 47 50 52 53 54 58 59 60 61 63 64 67 68 69 70 71 73 76 77 78 81 83 84 85 87
39 36 37 38 41 42 43 44 45 46 47 49 50 51 52 53 54 56 58 59 60 61 63 64 68 69 70 71 72 74 76 79 81 82 83 84 85 86 87 88
25 36 37 44 45 48 49 52 54 56 57 59 61 63 67 68 69 70 72 74 77 81 84 85 87 88
34 35 38 39 40 41 43 44 45 46 47 48 49 54 55 57 58 59 60 61 62 63 64 65 68 71 72 74 78 80 82 83 84 86 87
32 38 39 40 44 45 46 47 49 50 51 53 55 56 57 58 59 60 61 62 63 64 66 69 70 71 73 74 78 80 82 83 86
34 36 37 38 39 42 43 44 45 46 47 51 52 53 54 57 58 60 61 63 64 65 66 69 70 72 75 76 77 78 79 85 86 87 88
24 35 37 38 39 41 54 56 58 61 62 65 66 69 73 74 75 76 77 78 79 83 85 87 88
30 38 39 41 42 43 45 51 52 53 54 55 57 58 59 60 61 66 67 70 71 72 76 77 78 79 82 83 84 85 87
25 35 38 42 45 46 48 50 54 55 56 60 62 67 68 69 71 74 76 77 81 83 84 86 87 88
30 36 38 39 40 43 45 46 47 49 52 53 55 57 58 59 60 61 64 65 67 68 69 72 73 75 76 78 79 83 88
39 35 38 39 40 41 42 45 46 47 48 49 51 53 54 56 57 58 61 62 64 65 66 67 68 70 71 72 73 74 75 77 79 81 82 83 85 86 87 88
35 35 36 37 38 41 42 44 45 47 49 50 54 56 59 61 63 64 67 68 69 70 71 74 76 77 78 79 80 81 82 83 84 85 87 88
41 35 36 37 38 40 41 43 44 45 47 48 49 51 52 53 54 55 57 59 60 61 62 63 65 66 67 69 70 72 73 74 75 79 80 81 82 84 85 86 87 88
38 35 36 38 39 40 41 42 43 45 46 47 48 49 51 52 56 58 60 62 63 64 66 67 68 69 70 71 72 73 74 76 77 78 82 84 85 86 87
25 35 36 38 40 42 43 45 46 50 54 58 60 61 63 68 72 73 74 77 78 79 80 81 85 88
22 37 40 41 42 43 44 54 55 56 57 62 63 64 65 67 68 71 77 80 84 86 88
26 37 39 41 42 43 46 47 48 50 51 53 57 58 59 60 62 64 65 69 73 77 78 80 81 82 83
29 35 36 38 40 41 43 44 46 47 48 49 51 52 53 54 59 62 64 65 66 69 70 75 76 77 80 81 82 84
16 35 39 40 44 47 54 59 60 61 67 72 73 76 78 82 87
38 36 37 38 39 40 41 44 46 47 49 50 51 52 54 55 56 58 59 60 63 64 65 66 67 68 70 73 74 76 78 79 80 81 83 84 85 86 87
17 35 38 48 49 52 53 58 59 60 63 73 77 78 80 84 85 86
30 35 36 37 40 43 46 48 49 52 54 56 59 60 61 62 63 66 67 69 71 72 73 75 77 78 82 84 86 87 88
21 35 36 37 39 40 41 43 45 48 49 50 52 60 67 70 72 75 77 81 83 87
36 35 37 41 42 44 45 47 48 50 51 52 53 54 56 57 59 61 62 63 64 65 66 68 70 72 74 75 76 78 79 80 81 83 85 87 88
22 37 41 43 46 47 50 51 56 60 64 67 69 72 73 74 75 79 81 82 83 85 86
29 35 37 38 40 42 43 44 45 47 49 53 56 58 60 62 63 67 68 70 71 73 75 77 78 80 81 85 86 87
26 37 38 40 41 45 46 48 49 52 58 59 62 63 65 67 68 69 70 71 72 73 77 78 81 83 86
31 35 37 39 43 45 47 48 49 50 51 53 54 55 57 59 64 65 68 69 70 71 72 73 74 76 77 81 82 84 86 87
37 35 36 37 41 42 43 44 45 46 47 48 50 51 52 54 55 56 60 61 63 64 65 66 68 69 71 74 75 76 77 78 79 81 82 83 84 88
31 35 39 40 42 43 45 46 48 50 51 52 53 54 56 57 58 59 60 61 65 68 69 72 75 77 78 81 82 83 85 87
25 36 39 41 43 44 45 48 50 52 54 55 57 58 59 61 65 66 67 68 71 74 77 82 84 85
26 35 38 40 42 46 49 52 53 54 55 56 57 58 60 62 63 66 70 72 73 77 78 83 84 85 88
25 35 37 38 40 41 42 44 47 49 50 52 55 61 62 64 66 67 69 70 74 82 83 86 87 88
42 36 37 38 39 40 41 42 43 45 46 47 48 50 51 53 54 55 56 57 58 59 60 61 62 63 65 66 67 68 70 71 73 74 75 80 82 83 84 85 86 87 88
35 37 38 39 41 42 43 44 46 48 49 51 52 53 54 55 57 58 60 61 65 66 67 68 70 72 73 74 75 76 79 80 82 84 85 88
20 35 38 42 43 44 45 58 60 61 62 64 65 67 68 69 72 75 77 79 83
24 36 39 41 44 46 48 49 52 60 61 62 65 67 68 69 74 76 77 78 79 80 83 85 88
17 42 49 50 51 54 55 59 60 63 64 68 71 74 77 78 79 83
39 35 37 38 39 41 42 43 45 46 47 48 49 52 53 54 55 56 58 59 60 61 64 65 66 67 69 70 72 73 75 76 78 80 81 82 83 85 87 88
24 36 41 42 43 45 48 49 50 51 52 54 56 57 62 63 67 68 71 75 76 77 79 81 83
19 36 39 40 43 45 50 51 55 56 58 69 70 73 74 75 80 85 86 87
19 35 36 41 48 49 50 53 56 57 58 64 71 75 76 78 84 86 87 88
24 35 38 41 42 46 48 51 52 53 59 60 61 62 64 65 68 69 73 74 79 82 84 85 88
35 36 40 41 42 43 44 45 47 48 50 51 52 57 59 60 61 62 63 65 67 68 70 71 72 73 74 75 76 79 82 83 84 85 86 87
38 35 36 37 38 40 44 45 46 47 48 49 51 52 54 55 56 58 60 62 63 64 65 67 68 69 71 73 74 76 77 78 79 80 81 83 84 86 87
25 36 37 38 40 43 44 50 51 52 53 57 62 66 70 71 74 75 78 79 80 82 84 85 86 87
36 35 36 37 38 39 40 41 42 43 44 46 48 49 51 52 54 55 56 57 60 61 62 65 69 70 71 72 73 74 76 78 79 80 81 83 87
40 35 36 37 38 39 40 41 42 44 46 47 48 50 51 52 53 54 56 57 59 61 62 63 64 65 66 67 69 70 72 73 75 77 78 79 80 82 86 87 88
18 37 40 42 46 48 49 57 61 63 73 75 77 78 80 81 84 85 86
22 39 40 41 43 44 47 48 50 51 52 53 58 65 66 72 73 74 79 80 81 83 85
40 35 36 38 39 40 41 42 43 44 45 46 47 48 49 50 51 52 53 57 60 61 62 63 65 66 68 71 73 74 75 76 77 78 80 82 83 85 86 87 88
22 36 38 39 40 42 45 46 47 49 54 56 58 60 63 64 69 71 75 79 82 87 88
38 35 36 41 42 43 44 46 48 49 55 56 57 58 60 61 62 63 64 66 67 69 70 71 72 73 74 75 76 78 79 80 82 83 84 85 86 87 88
24 41 42 47 48 50 51 52 54 55 57 61 63 66 69 70 72 73 75 76 77 79 85 87 88
37 36 39 40 41 42 45 46 48 50 51 52 53 55 56 57 61 62 63 64 65 66 67 68 69 70 71 72 73 74 76 77 80 81 82 83 85 87
21 37 38 42 47 48 49 58 59 60 61 63 71 72 75 76 77 78 79 83 84 85
29 35 36 37 41 42 43 45 46 47 49 51 52 53 54 60 61 63 65 67 68 71 76 77 78 80 81 83 86 87
26 36 37 39 41 43 44 45 46 48 54 55 58 60 62 65 66 67 72 73 74 76 84 85 86 87 88
38 35 36 37 40 43 44 45 46 47 49 50 51 53 54 55 56 57 60 61 62 63 64 65 67 70 71 72 74 76 77 78 79 82 83 84 85 87 88
37 36 37 39 40 41 42 43 44 46 47 49 51 53 55 56 57 58 60 61 62 63 64 65 68 69 70 71 72 73 74 77 78 79 84 85 86 87
18 37 38 40 48 49 51 52 53 58 59 60 64 70 75 79 82 83 86
40 35 36 38 39 40 41 42 43 45 46 48 51 55 56 57 58 60 62 63 64 65 67 68 69 71 72 73 74 75 77 78 79 80 81 82 83 84 85 87 88
30 36 37 40 41 43 47 48 49 53 54 55 56 57 58 62 63 65 68 69 71 72 76 79 80 81 83 84 86 87 88
32 35 37 38 39 40 43 45 46 47 48 49 50 51 52 54 55 57 62 63 65 69 70 71 74 75 76 77 78 80 82 83 84
38 89 90 91 92 93 94 95 96 97 98 99 100 101 102 103 104 105 106 107 108 109 110 111 112 113 114 115 116 117 118 119 120 121 122 123 124 125 126
12 92 94 96 100 101 102 103 105 114 115 120 124
23 90 91 94 95 96 97 99 100 103 104 106 107 109 112 114 115 116 118 119 120 121 123 124
28 89 90 92 94 95 96 98 99 101 102 103 104 105 106 107 108 109 111 112 113 114 116 118 119 120 121 122 125
14 91 98 99 101 102 103 104 109 111 113 114 119 121 126
29 90 91 92 93 94 95 96 97 98 99 100 101 105 106 107 108 111 112 114 115 116 117 118 119 120 121 123 124 125
23 89 90 91 92 94 95 97 99 100 101 103 105 106 107 108 115 116 117 118 119 120 125 126
23 89 91 92 96 97 99 100 101 103 105 106 108 109 110 111 114 115 117 118 119 120 121 125
26 89 91 92 94 97 98 100 102 103 104 106 107 108 109 112 113 114 115 116 118 119 120 121 122 123 124
18 98 100 101 103 105 106 107 109 111 112 114 115 116 117 119 122 124 126
27 91 92 94 95 96 97 98 99 100 102 103 104 106 107 109 110 111 114 115 117 118 120 122 123 124 125 126
24 91 93 95 96 97 99 100 102 103 105 106 109 111 112 113 114 115 116 118 119 120 121 124 125
25 89 90 92 94 97 99 101 102 103 104 105 106 108 111 113 115 116 117 118 119 120 121 123 124 125
17 91 93 94 99 100 103 104 105 107 109 110 111 112 113 117 122 126
12 89 93 95 99 100 105 106 108 116 120 124 125
29 89 90 91 92 93 94 95 96 98 99 101 103 104 106 109 110 111 113 116 117 118 119 120 121 122 123 124 125 126
14 92 96 98 99 100 103 104 106 109 110 115 118 123 124
24 89 90 91 94 95 97 98 100 101 102 103 105 108 110 111 112 113 114 117 118 121 122 125 126
26 89 90 91 92 94 95 96 98 99 100 102 104 105 107 110 111 112 114 116 117 118 119 123 124 125 126
21 89 91 94 95 96 99 101 102 103 105 106 107 109 112 114 115 117 121 122 123 125
17 89 91 92 95 98 100 103 105 106 108 110 113 117 118 119 120 122
25 90 93 94 95 96 97 98 99 102 104 106 107 111 112 113 114 116 117 119 120 121 122 123 125 126
23 89 91 92 94 99 101 102 104 107 108 109 110 112 113 114 115 117 119 120 122 124 125 126
30 89 90 91 92 93 94 95 98 99 100 102 103 104 105 107 108 109 110 111 112 113 114 117 118 119 120 121 122 125 126
21 89 90 91 92 94 95 98 100 102 104 105 107 108 109 110 111 113 117 122 124 126
30 89 90 91 92 93 94 95 96 99 100 101 103 104 105 106 107 108 110 111 112 113 115 116 118 119 120 121 124 125 126
15 91 96 100 101 106 108 110 112 113 116 118 119 122 123 126
25 91 93 94 97 98 99 100 101 102 103 104 105 107 109 110 113 114 116 117 118 119 121 122 124 126
22 89 91 92 94 95 97 98 100 104 105 106 108 109 110 111 113 114 117 122 123 125 126
22 89 90 96 97 99 100 101 102 104 106 110 111 112 114 116 117 119 121 123 124 125 126
14 89 90 95 96 97 101 104 106 110 116 118 119 121 124
24 90 91 93 96 98 99 100 101 102 104 105 106 109 110 111 112 113 120 121 122 123 124 125 126
23 89 90 94 95 96 97 100 101 102 103 104 105 106 108 110 114 115 117 119 120 121 123 124
20 90 91 95 96 101 103 105 106 108 109 110 112 114 115 118 120 121 124 125 126
14 94 95 99 101 102 104 105 107 111 113 115 117 122 125
51 127 128 129 130 131 132 133 134 135 136 137 138 139 140 141 142 143 144 145 146 147 148 149 150 151 152 153 154 155 156 157 158 159 160 161 162 163 164 165 166 167 168 169 170 171 172 173 174 175 176 177
21 132 133 135 137 139 140 142 143 144 150 154 156 158 159 162 164 165 167 171 172 176
21 127 133 138 139 140 142 143 149 150 152 154 155 158 160 161 162 163 164 165 168 175
39 127 128 130 133 134 135 136 137 138 139 140 141 142 143 144 147 149 150 151 153 154 155 156 158 159 160 161 162 163 164 166 167 168 170 172 173 174 175 176
19 127 128 131 137 142 144 150 151 152 155 156 157 158 161 162 166 173 176 177
34 127 128 129 130 131 132 133 134 137 141 142 143 144 145 146 147 150 151 152 154 155 156 159 160 163 166 169 170 172 173 174 175 176 177
27 127 128 130 131 133 134 135 137 138 141 143 150 151 152 157 158 159 161 162 163 164 167 168 172 174 176 177
21 127 129 130 132 134 136 139 142 145 147 149 153 155 156 157 161 163 164 168 169 171
29 129 130 131 132 134 136 137 138 139 141 142 144 145 146 147 153 155 157 158 159 160 162 164 166 173 174 175 176 177
37 127 130 131 132 133 134 136 137 138 139 140 143 144 146 148 150 151 153 154 155 156 157 158 159 160 162 163 164 166 167 168 169 170 173 174 175 176
22 130 131 135 138 139 144 146 147 150 151 153 154 155 157 159 161 162 165 168 169 173 175
26 127 129 131 133 134 135 138 139 140 141 144 146 147 149 150 151 152 156 157 161 162 167 171 173 174 176
25 129 130 136 137 139 141 143 147 149 150 151 152 153 155 156 157 158 160 163 164 167 172 173 175 176
21 128 129 136 139 140 142 144 146 148 149 154 156 165 166 167 168 169 172 173 174 177
38 127 128 130 131 132 134 135 137 138 139 142 143 144 145 146 147 148 149 150 152 153 154 155 156 158 160 162 163 164 165 168 170 172 173 174 175 176 177
27 135 136 137 138 140 142 143 144 146 149 151 152 155 156 158 159 160 161 164 165 166 167 168 170 171 173 176
19 128 129 134 136 137 138 142 143 145 148 149 150 152 154 159 168 174 175 176
38 127 128 129 131 132 133 135 137 138 139 140 142 143 144 145 146 147 149 150 154 155 156 157 158 159 160 161 162 163 167 169 170 171 172 173 174 175 176
16 127 132 145 147 149 151 152 153 156 157 158 160 163 164 166 169
25 127 129 133 135 137 138 139 140 142 145 146 148 149 151 152 153 158 159 170 172 173 174 175 176 177
38 127 128 129 130 131 132 134 135 136 137 139 140 142 143 144 145 147 150 151 152 154 156 157 159 160 161 162 163 164 167 168 169 170 171 172 174 175 177
35 127 128 129 130 132 133 135 137 141 142 143 144 147 148 149 151 153 154 156 157 159 160 161 162 163 164 165 166 167 168 170 171 172 173 175
36 127 128 131 133 134 138 139 142 143 144 145 146 147 150 151 153 154 155 156 157 158 159 161 162 164 165 166 167 168 169 170 171 172 173 176 177
17 132 136 138 139 143 144 146 148 151 154 156 157 159 164 175 176 177
16 128 133 134 136 141 143 144 151 153 156 161 162 164 166 171 177
24 128 129 130 134 136 139 141 144 145 146 147 148 150 151 154 156 157 160 161 171 173 175 176 177
22 129 134 139 144 145 146 147 150 151 155 157 158 160 161 162 163 164 167 169 175 176 177
29 127 128 129 130 132 135 137 138 140 145 146 147 148 150 151 152 153 155 156 163 164 165 167 168 169 171 174 175 176
22 131 136 144 145 147 152 154 155 156 157 158 159 160 161 162 163 164 166 169 170 174 175
23 127 128 131 135 136 139 142 143 145 146 148 149 151 152 153 154 155 160 162 163 164 174 176
38 128 129 131 132 133 134 135 136 138 141 142 143 145 146 147 148 150 151 154 156 157 158 159 160 161 163 164 165 166 167 169 171 172 173 174 175 176 177
25 127 128 132 133 137 139 140 143 144 146 148 150 154 155 156 157 159 160 163 166 170 171 173 174 176
25 127 128 129 131 134 139 140 142 144 147 149 152 153 154 157 160 162 166 168 171 172 174 175 176 177
27 133 134 136 138 140 141 143 147 148 149 151 152 153 156 157 159 161 164 165 166 169 170 171 173 174 176 177
37 128 129 131 132 134 135 136 137 139 141 142 143 145 146 147 148 149 152 154 155 156 157 158 159 160 161 163 165 166 167 169 170 171 172 174 175 177
36 127 128 130 131 132 133 134 135 137 138 139 140 142 143 144 145 146 148 149 151 154 155 156 159 161 164 165 166 169 170 171 172 173 174 176 177
58 178 179 180 181 182 183 184 185 186 187 188 189 190 191 192 193 194 195 196 197 198 199 200 201 202 203 204 205 206 207 208 209 210 211 212 213 214 215 216 217 218 219 220 221 222 223 224 225 226 227 228 229 230 231 232 233 234 235
21 179 185 188 189 191 193 194 195 196 198 199 200 207 210 212 215 219 228 229 232 234
19 179 180 183 184 187 191 209 210 214 217 218 220 222 223 224 225 228 230 231
21 180 181 185 186 187 189 191 192 193 196 198 199 209 212 213 215 222 225 228 229 235
26 180 182 184 185 188 189 190 194 195 197 201 204 206 207 210 211 213 217 219 223 224 226 228 229 230 235
27 181 182 185 186 187 189 192 194 200 201 203 206 207 209 210 211 213 217 220 221 222 225 226 228 232 234 235
20 184 185 191 195 196 197 199 200 201 203 206 212 213 214 216 220 223 226 227 233
27 180 183 184 185 189 190 191 193 194 195 196 197 199 205 206 209 211 212 218 222 223 224 227 230 231 232 235
43 179 180 181 182 183 184 185 186 187 188 189 191 192 194 196 197 198 199 200 202 203 205 207 209 210 211 214 216 217 218 219 220 221 222 223 225 226 227 228 229 231 232 234
38 179 184 185 187 188 189 191 192 193 194 195 198 200 201 203 204 205 206 207 208 209 210 213 215 216 217 218 219 220 222 224 225 226 227 229 230 231 233
42 178 179 180 181 183 184 186 187 188 189 190 192 193 194 195 199 202 203 204 205 206 207 209 210 211 212 213 214 216 218 219 222 224 225 227 228 229 231 232 233 234 235
30 179 185 186 188 190 192 193 196 198 199 200 202 205 206 207 208 209 210 211 212 215 218 220 221 223 225 227 230 231 234
21 180 181 182 192 193 198 204 208 211 212 213 214 215 216 217 223 224 228 229 231 235
22 180 181 186 188 190 192 194 195 198 206 210 212 213 216 218 219 221 223 225 226 229 231
40 178 179 181 183 184 185 188 189 190 191 192 195 196 197 198 199 200 201 202 204 205 206 207 208 209 211 212 213 214 216 217 218 222 225 226 227 229 231 234 235
44 178 180 181 182 183 184 185 186 187 188 189 190 194 196 197 198 199 200 201 203 204 205 207 209 211 212 214 215 216 217 218 219 221 222 223 225 227 229 230 231 232 233 234 235
41 178 179 180 181 182 184 185 186 188 189 190 191 193 194 196 197 200 202 203 205 207 208 209 210 211 212 213 214 215 216 218 219 220 222 223 224 226 227 229 231 235
37 179 181 182 183 185 186 187 188 189 191 193 195 196 197 198 199 201 202 203 205 210 212 213 214 216 218 219 221 222 223 224 226 228 229 230 232 235
26 180 183 187 189 191 193 194 197 198 201 203 204 207 208 209 210 212 213 214 215 218 220 222 227 233 235
37 178 179 182 183 185 187 189 190 192 195 197 198 199 200 202 203 204 206 207 209 210 211 213 214 216 217 218 220 222 223 226 227 228 231 232 233 234
18 178 187 188 189 190 192 196 199 205 207 211 213 215 219 224 225 227 231
34 178 179 180 182 183 184 186 188 190 191 193 194 195 197 198 199 200 201 202 203 204 213 215 216 217 218 224 225 227 228 229 232 233 234
41 178 180 181 182 185 186 187 188 190 191 192 193 194 195 196 197 200 201 202 205 206 207 208 209 210 212 213 214 215 217 218 220 221 222 224 227 230 231 232 233 234
26 179 180 184 186 187 188 189 191 194 195 196 197 198 199 200 205 206 207 208 214 217 224 225 233 234 235
35 179 181 182 183 185 187 190 193 195 197 198 199 200 201 202 203 204 206 208 209 211 215 217 218 220 221 222 224 225 227 228 229 230 232 233
34 178 180 182 183 185 186 187 189 190 191 193 195 197 198 201 202 204 206 211 214 216 218 219 220 221 222 223 224 225 227 228 229 231 233
30 179 183 184 185 187 188 191 192 193 196 198 201 202 204 208 211 213 214 215 216 218 219 222 225 227 230 231 233 234 235
28 178 180 181 182 183 184 187 188 191 195 196 197 200 202 204 205 207 208 210 215 219 221 225 226 227 228 229 234
27 180 185 187 192 193 194 198 201 204 205 207 208 209 210 211 212 215 219 220 222 226 227 228 229 230 231 233
28 181 185 187 188 189 192 194 200 206 207 210 212 213 214 215 216 217 218 220 221 223 224 225 226 229 231 234 235
32 178 179 180 182 183 187 188 192 195 196 197 199 203 204 205 208 209 210 216 217 220 222 223 224 225 227 228 230 232 233 234 235
34 178 179 180 181 182 184 185 186 187 188 189 190 193 194 196 198 199 200 202 203 204 205 209 214 216 223 225 226 227 228 229 231 232 234
18 179 186 187 196 197 199 200 202 206 208 209 211 221 227 229 232 233 235
45 179 180 181 182 184 185 186 187 188 189 190 191 192 193 194 195 196 199 200 201 202 203 204 205 206 207 208 209 210 211 212 215 216 217 219 220 222 223 227 228 229 231 232 234 235
43 178 179 180 181 183 184 186 187 188 190 191 192 193 195 196 197 201 202 203 204 205 207 208 209 210 212 214 215 216 217 219 220 222 223 224 226 227 229 230 231 232 234 235
18 181 182 183 185 191 193 203 206 215 221 222 223 224 225 227 228 232 234
19 181 183 184 185 189 191 192 204 205 208 209 210 214 218 223 224 225 227 232
20 178 179 182 183 189 190 196 201 203 205 208 212 215 216 218 221 225 227 228 234
23 179 182 188 190 194 195 199 202 205 208 209 210 212 217 218 220 222 224 228 231 232 233 235
36 178 179 180 181 185 189 191 192 193 194 195 196 197 198 199 200 201 202 204 205 207 208 210 211 214 217 218 219 220 221 222 223 226 228 231 235
40 178 179 181 183 185 186 187 189 190 191 192 193 194 195 196 197 198 200 203 205 206 207 208 210 212 214 216 217 218 221 223 224 225 227 228 229 231 233 234 235
31 179 183 184 185 189 193 195 197 198 200 202 205 207 211 212 214 216 217 218 223 224 225 226 228 229 230 231 232 233 234 235
21 179 180 182 184 196 197 198 201 202 203 208 209 213 216 217 222 227 228 231 232 233
38 178 179 182 184 189 190 192 193 194 196 197 198 199 202 203 204 206 208 210 211 212 213 215 217 218 219 220 222 223 224 225 226 227 228 231 233 234 235
43 178 179 181 182 183 185 186 187 188 191 192 195 196 197 199 200 201 203 204 205 206 208 211 212 213 214 215 217 218 219 222 223 224 225 226 227 228 229 230 232 233 234 235
39 178 181 182 184 185 187 189 191 193 194 195 196 199 200 201 203 204 205 207 208 209 210 211 212 214 215 217 218 219 220 221 222 223 226 230 231 232 234 235
36 178 179 180 181 187 189 190 191 192 193 195 197 198 199 201 203 204 205 209 212 213 215 216 219 220 221 222 224 225 226 227 229 231 232 233 234
24 178 180 181 183 184 185 190 191 197 203 204 205 206 210 212 214 217 219 220 221 222 224 227 230
44 179 180 181 182 183 184 185 186 188 189 190 191 192 193 194 195 196 198 200 201 202 203 206 207 208 210 211 212 213 214 215 217 219 220 222 223 224 226 227 229 230 232 233 234
24 178 180 181 185 187 188 189 191 198 200 202 204 210 211 214 215 218 220 224 225 229 231 234 235
34 178 179 180 181 182 184 186 187 189 190 192 193 197 198 199 200 201 203 204 206 207 212 215 217 219 220 223 224 225 226 230 231 234 235
17 181 185 189 191 200 202 209 211 212 213 215 216 222 225 226 231 233
24 178 180 181 182 184 185 187 188 191 194 195 197 201 204 205 206 209 210 211 214 217 218 228 235
40 178 179 180 181 183 185 186 187 188 190 193 194 195 196 198 199 200 202 204 206 207 209 210 211 212 214 215 217 218 219 220 221 225 227 228 230 232 233 234 235
31 182 185 186 187 188 189 192 193 194 195 196 197 200 201 202 203 205 206 208 212 216 220 221 222 223 224 225 226 228 231 234
36 178 179 180 181 182 184 187 189 190 191 192 193 194 196 197 199 201 202 203 205 206 207 209 212 213 215 216 219 220 222 224 225 227 228 229 235
25 182 184 186 187 189 190 191 195 196 197 198 199 200 201 202 207 211 212 219 224 226 228 229 231 232
31 178 181 183 184 185 186 187 188 189 194 195 196 197 199 200 202 207 208 210 211 213 214 215 216 217 219 220 222 225 230 231
17 181 186 190 197 198 199 200 201 202 209 211 212 215 222 225 226 235
19 178 186 200 202 205 207 208 209 212 213 214 215 221 223 224 227 232 233 234
31 179 180 181 185 186 188 191 194 197 198 200 201 203 204 205 206 210 211 212 214 215 216 217 221 224 225 229 230 231 232 234
38 180 181 182 183 184 185 186 187 189 190 194 195 196 198 200 201 202 204 207 209 210 211 212 213 214 215 216 219 220 223 224 225 227 229 230 233 234 235
43 178 179 180 181 182 183 186 187 188 189 192 193 194 195 199 200 202 203 204 205 206 207 208 209 210 211 212 213 214 215 216 217 218 219 220 222 223 224 225 226 228 232 235
19 180 184 186 196 201 203 207 208 209 210 213 221 223 224 227 228 232 233 234
37 179 181 182 183 185 186 188 189 192 193 194 195 198 200 201 202 204 206 207 208 210 211 212 213 214 217 219 220 221 222 224 225 227 228 229 232 233
23 178 186 187 188 189 197 201 202 203 204 208 212 214 219 220 222 224 225 226 227 229 232 233
39 178 179 180 181 182 183 184 190 191 192 194 195 196 198 199 200 201 203 207 210 211 212 213 214 216 217 218 221 222 225 226 227 228 229 230 231 232 234 235
22 181 183 185 186 187 189 192 195 196 198 201 207 208 210 217 220 224 225 226 227 228 234
38 178 180 181 184 185 186 187 188 190 191 192 194 195 196 197 199 200 201 203 204 207 209 210 213 214 216 217 220 221 222 223 226 227 228 229 232 233 234
17 236 239 241 255 256 268 271 273 284 286 289 292 297 303 306 310 311
20 236 242 247 249 254 257 259 260 261 265 266 267 274 275 283 288 292 304 305 308
20 236 240 242 250 253 256 265 269 271 272 280 282 286 287 291 299 302 306 310 311
28 239 241 242 245 247 256 261 262 263 264 267 279 280 281 282 283 284 285 289 293 297 298 299 300 302 303 305 307
19 238 240 258 260 264 265 267 271 273 274 276 278 289 294 297 299 302 305 308
23 239 245 247 251 254 256 257 266 269 272 281 282 283 285 287 288 295 300 301 304 306 310 311
29 238 239 240 245 246 247 249 251 253 257 260 261 267 269 271 272 275 277 280 281 282 286 291 302 303 306 307 308 312
32 238 241 243 244 246 248 249 250 251 253 256 263 264 271 273 276 280 283 284 286 287 288 290 291 299 303 304 305 308 309 310 312
23 236 241 243 244 246 250 251 254 255 262 266 268 273 275 276 277 281 284 285 290 294 299 303
46 236 239 240 241 242 244 245 246 248 249 250 252 253 260 261 262 264 266 268 269 270 273 274 279 280 281 282 284 286 287 289 290 293 294 295 296 297 298 299 300 302 303 304 307 310 312
27 236 238 241 244 246 248 250 253 257 259 260 261 263 268 269 271 275 280 283 287 290 291 292 296 301 303 309
37 236 237 238 240 243 246 249 250 251 252 253 254 255 257 259 260 265 268 270 271 272 273 275 276 277 286 287 291 292 294 296 301 306 308 310 311 312
37 236 239 240 242 243 244 245 247 248 249 250 251 252 253 254 257 260 265 266 267 268 270 271 272 277 284 285 289 290 294 296 297 298 304 305 308 309
40 236 237 239 247 248 252 254 255 257 258 260 261 263 264 265 267 270 272 274 275 276 277 278 279 280 282 284 287 288 289 290 291 292 297 300 301 305 308 311 312
39 236 239 240 241 244 246 248 250 252 253 254 256 261 262 264 268 272 273 276 277 279 280 284 285 287 289 290 293 295 298 299 300 301 304 305 307 309 310 312
25 238 240 242 249 253 259 270 272 274 278 279 280 288 291 296 297 298 304 305 306 307 308 310 311 312
13 237 238 248 255 258 259 277 279 286 289 295 305 308
12 238 244 245 256 258 259 269 275 285 287 296 302
16 241 244 246 249 254 255 262 264 266 267 278 279 283 289 293 308
22 237 242 244 245 246 250 251 253 254 259 262 266 275 277 279 281 288 299 302 305 308 312
21 236 248 250 252 254 257 262 272 273 274 280 282 288 294 298 304 305 306 308 311 312
15 242 243 244 252 254 262 270 273 279 287 294 295 301 304 305
25 239 241 249 253 257 262 263 265 266 269 275 278 279 280 282 283 284 286 290 293 294 303 305 309 312
38 237 238 242 243 245 247 249 251 255 257 258 259 260 263 265 266 267 269 270 271 274 275 278 281 282 283 286 288 291 292 294 296 297 302 303 306 308 311
20 239 245 249 254 258 265 266 267 270 273 277 281 285 286 293 298 299 304 307 308
16 237 240 243 247 252 255 264 272 278 288 289 295 300 305 306 312
33 236 238 239 241 246 251 252 253 256 257 258 259 261 262 265 266 269 270 274 277 282 285 287 289 291 292 294 297 300 302 304 306 311
18 236 241 243 245 249 251 264 266 268 272 274 278 280 282 292 294 311 312
20 244 245 249 254 258 260 261 269 272 280 281 283 284 286 295 297 300 301 303 312
19 237 238 247 254 258 259 263 267 272 275 276 283 285 291 292 301 305 306 311
20 236 237 238 241 247 254 261 262 263 266 268 275 276 283 285 287 295 303 304 312
40 238 239 242 243 246 249 251 253 255 256 258 259 262 265 267 268 271 274 275 276 277 278 282 284 288 289 290 293 296 297 299 300 301 302 304 305 306 308 309 310
22 239 241 242 250 252 253 262 273 274 277 278 279 282 287 288 294 296 298 305 306 307 311
44 237 239 240 241 242 243 246 247 249 251 253 255 260 261 263 264 265 266 267 268 270 271 276 277 278 279 281 283 284 286 289 290 291 292 293 295 297 299 300 301 303 307 309 310
18 241 255 256 258 259 264 266 276 278 283 284 285 289 292 297 298 309 311
14 239 245 247 252 257 259 261 270 275 281 292 294 300 301
37 236 238 239 240 248 251 252 254 256 257 258 259 260 261 263 266 269 272 273 275 277 280 283 286 290 293 294 296 297 298 299 301 303 304 307 310 311
25 238 240 248 249 252 258 260 269 272 274 276 278 280 282 283 291 293 295 296 298 300 301 304 307 309
25 240 242 246 248 249 253 254 257 258 261 263 268 269 274 281 286 288 291 293 296 300 302 304 306 311
8 242 244 260 261 273 286 302 308
10 239 247 252 256 257 267 271 283 289 301
52 236 237 238 240 242 243 244 245 246 247 248 250 251 252 254 255 256 258 259 260 261 264 267 268 270 271 272 273 274 276 277 281 285 287 288 289 291 292 295 296 297 298 299 300 301 302 304 306 307 308 310 311
25 241 246 255 256 259 261 262 263 264 269 273 275 278 279 280 282 286 292 293 299 303 307 310 311 312
21 240 242 245 246 249 255 267 269 272 278 279 280 281 289 290 292 294 299 300 307 308
16 236 239 243 244 251 255 266 270 272 285 287 289 294 301 307 308
32 237 242 243 244 251 252 255 256 257 261 262 265 268 271 273 275 279 280 281 282 285 287 290 291 292 298 299 300 305 306 309 311
44 237 240 242 243 244 245 247 248 249 250 254 255 260 263 264 267 268 271 272 273 275 276 278 279 280 281 283 284 286 288 290 293 295 296 298 299 301 303 305 307 308 309 310 312
37 236 237 240 241 244 245 247 248 250 252 254 257 260 261 263 264 266 269 270 272 273 279 280 281 283 285 286 287 291 292 294 295 298 303 307 311 312
18 236 238 240 246 247 256 259 263 265 266 267 271 275 276 292 299 302 304
37 238 240 241 242 243 244 245 246 249 250 251 253 256 259 262 266 268 269 271 273 281 283 285 286 293 294 295 296 298 299 302 303 304 306 307 309 310
21 239 244 248 250 251 252 253 256 257 258 259 270 271 282 286 291 297 298 301 302 310
40 237 239 241 245 246 249 250 252 254 256 257 258 259 260 264 265 268 269 271 272 273 276 277 279 280 282 285 289 294 295 296 298 299 300 301 306 307 309 311 312
19 237 245 248 258 260 261 263 264 265 269 282 286 287 292 293 295 300 302 309
12 243 251 255 256 257 265 271 277 278 288 308 309
14 242 245 247 252 267 269 270 279 296 301 302 306 307 311
24 240 244 247 253 256 257 265 270 271 273 275 276 281 283 287 291 293 298 299 302 303 307 309 310
29 237 241 243 245 246 252 253 254 255 265 268 270 277 278 279 282 283 285 290 291 292 294 300 301 305 306 307 310 311
15 236 237 248 250 263 265 268 274 288 290 293 296 299 300 310
57 237 238 239 240 241 243 244 245 246 248 250 251 252 253 255 256 258 262 263 264 268 269 270 271 272 273 276 277 278 279 280 281 282 284 285 286 287 289 290 291 293 294 295 296 297 298 299 300 301 302 303 306 307 309 310 311 312
18 238 241 252 256 259 262 264 267 271 273 278 280 282 283 292 295 303 309
31 236 237 239 240 254 255 257 258 259 260 261 262 265 266 268 272 274 275 277 278 281 282 285 289 292 293 294 295 297 298 300
4 252 262 268 309
15 243 260 264 265 273 274 277 284 288 293 296 305 306 309 311
19 239 240 245 246 247 254 258 259 260 264 274 283 288 293 294 295 296 297 302
40 236 238 239 240 247 248 249 250 251 256 257 258 259 262 263 264 266 267 269 271 272 274 275 276 280 281 284 287 288 289 293 295 296 297 298 299 303 304 309 312
12 244 248 258 266 269 274 278 288 290 295 304 309
18 237 245 247 250 260 265 275 276 277 279 284 290 297 298 299 305 310 312
31 236 237 241 242 243 244 246 248 249 250 253 255 259 261 263 270 275 277 279 280 284 286 290 291 292 293 296 298 303 307 312
40 237 241 242 243 244 245 246 247 249 250 253 255 262 264 265 267 268 270 271 274 276 278 279 281 282 284 285 287 288 289 291 292 295 300 302 305 306 308 309 312
37 236 238 240 242 243 244 247 248 251 253 255 261 262 263 266 267 270 274 275 278 281 283 284 286 287 288 290 291 292 293 297 302 303 304 305 308 310
15 237 238 258 274 276 281 283 287 288 291 295 300 301 302 306
22 239 242 246 250 252 254 260 261 262 263 267 269 284 285 288 290 296 297 300 301 304 306
17 237 243 248 251 255 257 264 268 270 285 289 290 291 293 308 309 310
14 242 251 256 262 274 276 279 282 284 294 297 302 310 311
26 236 238 241 248 249 250 253 263 266 267 269 270 272 276 277 278 284 286 289 301 303 304 307 308 310 312
13 243 247 257 261 263 264 265 267 270 285 287 290 294
27 237 238 243 248 251 258 260 263 268 273 274 276 277 284 285 288 290 295 296 297 298 303 304 305 307 309 312
19 238 240 243 244 248 261 262 263 274 278 281 283 284 291 297 303 305 308 310
30 236 237 241 244 245 247 248 250 252 254 257 261 263 264 266 269 270 272 273 279 280 281 285 286 287 295 298 307 311 312
16 241 243 245 249 251 264 266 268 272 274 278 280 282 292 294 311
14 239 245 247 251 254 256 285 288 295 300 304 306 310 311
31 237 240 241 244 245 247 250 252 254 257 260 261 263 264 266 269 270 273 279 280 281 283 285 286 287 291 294 295 303 307 311
11 239 249 258 265 267 273 281 286 293 298 299
17 242 245 246 249 267 269 272 278 279 280 281 289 290 292 294 300 308
26 236 240 242 243 244 247 248 249 251 252 253 260 265 266 268 270 284 285 289 294 296 297 298 304 308 309
36 237 242 243 244 247 248 249 250 254 255 260 263 264 268 271 272 273 276 278 279 280 283 286 288 293 295 296 298 301 303 305 307 308 309 310 312
7 243 247 261 264 270 285 294
13 239 250 260 262 263 267 269 285 290 297 301 304 306
9 248 266 269 274 278 288 290 295 309
34 237 247 248 252 254 255 257 258 260 261 263 264 265 267 270 272 274 275 276 277 278 279 282 284 287 288 289 291 292 297 300 301 305 311
14 236 241 246 262 268 273 275 276 277 284 285 294 299 303
17 239 245 251 254 256 257 269 272 281 282 283 285 288 295 301 306 311
3 252 268 309
2 252 268
28 236 239 242 243 244 247 248 249 250 251 252 253 257 260 265 266 268 270 272 277 284 285 289 290 297 298 305 309
14 242 248 253 254 257 263 268 269 274 286 288 291 302 311
6 256 258 275 285 287 296
31 240 242 243 244 245 247 249 250 254 263 264 267 268 273 275 276 278 279 280 281 283 286 288 290 295 301 303 305 308 310 312
9 255 259 266 276 278 292 297 309 311
29 239 241 246 251 252 253 256 257 259 261 262 265 269 270 274 277 282 285 287 289 291 292 294 297 300 302 304 306 311
7 243 261 265 267 285 287 290
16 238 240 242 249 259 270 280 288 291 296 304 306 307 308 310 311
14 241 247 261 263 266 275 276 283 285 287 295 303 304 312
17 243 245 246 255 265 268 278 279 283 291 292 294 300 301 305 306 307
10 243 255 257 268 270 285 290 291 308 309
18 241 246 252 253 258 259 261 265 266 270 282 289 294 300 302 304 306 311
11 245 248 260 261 263 264 287 292 295 302 309
16 236 243 244 246 250 251 254 262 273 275 281 284 285 290 299 303
23 237 241 243 245 246 253 255 265 270 277 278 279 282 283 285 290 291 294 300 301 305 307 311
20 242 246 248 249 254 258 263 268 269 274 281 286 288 291 293 296 300 302 304 306
16 244 245 249 254 260 272 280 281 283 284 286 295 297 301 303 312
29 237 238 242 247 249 251 255 257 258 259 260 265 266 267 269 270 271 274 282 288 291 292 294 296 297 302 303 306 308
19 236 241 244 246 250 251 254 255 262 266 268 273 275 276 277 281 284 294 299
10 236 239 244 255 270 272 285 289 307 308
8 244 256 258 259 269 285 296 302
10 241 258 266 276 278 283 289 292 297 311
11 240 247 255 264 272 278 288 289 295 305 312
23 238 241 243 244 246 249 251 253 256 263 264 273 280 286 287 290 299 303 304 308 309 310 312
13 236 247 257 261 266 267 274 275 283 292 304 305 308
14 236 240 242 253 256 265 271 272 280 282 287 291 299 306
16 239 245 254 258 265 266 267 273 281 286 293 298 299 304 307 308
28 238 241 243 244 246 248 249 250 253 256 263 264 276 280 283 284 286 287 288 290 291 299 303 304 305 309 310 312
13 241 249 257 263 275 278 279 282 284 286 293 309 312
14 237 243 248 255 264 268 285 289 290 291 293 308 309 310
10 241 244 246 254 255 266 278 283 289 308
26 236 238 239 240 251 252 254 256 258 260 261 263 266 269 273 275 280 294 296 297 298 301 303 304 307 311
7 266 274 278 290 295 304 309
25 238 240 242 245 246 249 250 253 256 259 268 269 271 273 283 285 293 294 295 296 298 299 303 309 310
8 244 249 262 264 266 279 293 308
38 238 239 240 243 244 245 246 248 251 253 255 256 258 262 264 268 269 270 273 276 277 280 282 284 285 286 287 289 290 291 293 298 299 300 302 310 311 312
16 236 240 242 256 265 271 272 280 282 287 291 299 302 306 310 311
36 236 238 240 243 246 247 250 252 254 255 256 259 260 264 268 270 271 273 274 276 281 285 287 288 295 297 298 299 301 302 304 306 307 308 310 311
10 244 248 258 266 274 278 288 290 304 309
13 241 255 256 266 276 278 283 284 285 289 292 298 311
16 238 240 258 264 265 267 271 273 274 289 294 297 299 302 305 308
38 237 239 240 241 243 244 245 246 250 253 255 258 262 263 264 269 270 271 272 273 276 278 279 281 282 284 285 286 289 291 293 297 298 299 301 303 310 311
14 238 241 252 256 264 267 271 278 280 282 292 295 303 309
21 239 241 253 257 262 263 265 266 269 278 279 280 282 283 284 286 290 303 305 309 312
16 238 258 260 263 268 274 276 277 284 288 290 295 296 297 298 307
16 239 242 246 250 254 260 263 269 284 288 290 296 297 300 301 306
20 236 252 256 258 259 263 266 269 273 275 277 280 286 290 293 297 298 303 304 307
27 237 242 247 249 257 259 260 263 266 267 269 270 274 275 282 283 286 288 291 292 294 296 297 302 303 306 311
11 247 249 254 259 260 267 274 275 283 292 305
20 238 240 242 249 253 259 270 272 279 280 291 297 298 304 305 307 308 310 311 312
3 262 268 309
23 240 247 248 249 251 256 259 262 263 264 266 267 269 271 272 274 275 281 284 287 289 293 303
22 236 237 241 244 246 248 249 250 253 259 263 270 277 279 280 286 292 293 296 298 307 312
19 236 241 243 244 246 250 251 255 266 273 275 276 277 281 284 285 290 299 303
14 238 240 258 265 267 271 273 276 278 289 294 297 299 302
16 241 259 261 262 264 269 273 278 280 286 292 293 299 307 310 311
14 242 245 246 267 272 279 281 289 292 294 299 300 307 308
9 247 263 265 267 270 285 287 290 294
28 236 238 239 240 251 252 254 256 257 258 260 261 266 269 272 273 275 280 283 286 290 293 294 296 301 304 307 310
15 244 245 254 258 260 261 272 281 283 284 295 297 300 303 312
14 238 252 256 259 262 264 267 271 273 280 282 283 295 309
23 239 242 245 249 250 252 264 268 274 279 281 282 286 287 290 293 295 296 297 298 299 303 312
17 245 249 254 258 265 266 270 273 277 281 286 293 298 299 304 307 308
12 244 245 249 254 258 260 269 272 283 284 295 312
13 248 249 258 272 274 278 280 282 296 298 300 301 307
5 247 252 257 267 271
27 236 240 244 246 248 253 254 256 261 264 272 276 279 280 284 285 289 295 298 299 300 301 304 305 307 309 312
11 239 248 251 253 258 271 282 297 301 302 310
23 237 242 244 245 247 249 250 254 255 260 264 272 275 278 279 283 284 293 299 303 305 307 309
13 238 243 248 251 274 277 288 290 296 303 304 305 309
17 239 245 247 254 257 266 269 281 282 283 285 288 295 300 304 306 310
11 243 264 265 273 274 277 293 296 305 306 311
10 244 249 258 272 280 283 284 295 300 301
9 260 264 273 277 284 288 293 296 309
15 236 237 238 241 261 262 263 266 275 276 283 285 303 304 312
20 237 243 244 251 252 255 257 261 262 265 271 279 280 281 285 287 291 292 298 306
18 238 248 249 252 258 260 272 274 278 282 283 291 293 298 301 304 307 309
8 248 266 269 274 288 290 295 304
23 236 238 241 244 248 253 257 259 261 263 268 269 271 275 280 283 287 290 291 292 296 301 309
21 241 246 255 256 259 261 262 263 264 273 275 278 280 282 286 292 293 299 307 310 311
22 242 243 251 252 255 257 262 268 271 273 275 279 280 281 282 290 291 292 298 299 305 306
7 238 245 258 259 269 296 302
10 244 245 256 258 269 275 285 287 296 302
14 236 248 249 253 266 267 270 272 277 289 301 304 308 312
20 237 242 249 255 258 259 260 263 265 266 271 274 275 286 288 291 294 306 308 311
34 237 240 242 243 244 248 249 255 260 263 264 267 268 271 272 275 276 278 279 280 281 283 284 286 288 290 295 296 298 301 303 305 308 309
17 238 248 251 258 260 263 268 274 276 277 284 290 296 297 307 309 312
23 243 248 251 258 260 263 268 273 274 276 277 284 285 288 290 295 296 297 298 303 304 305 312
5 247 267 271 283 289
22 236 241 248 249 250 253 263 266 267 269 272 276 277 284 286 289 303 304 307 308 310 312
10 239 245 252 259 261 270 275 281 292 294
11 236 247 249 257 261 266 283 288 292 305 308
12 238 241 252 259 262 267 273 278 283 295 303 309
25 236 238 239 241 246 251 252 253 257 262 265 266 269 270 274 282 285 289 291 292 294 300 302 304 311
18 236 238 241 248 249 263 267 270 276 277 286 301 303 304 307 308 310 312
10 238 247 261 263 266 275 276 303 304 312
20 239 242 245 247 256 262 263 264 279 280 282 283 284 285 289 297 299 302 303 307
20 238 240 248 249 252 258 260 269 272 274 276 278 280 282 283 296 298 304 307 309
14 246 256 259 261 262 264 273 280 286 292 293 303 310 312
13 236 239 255 256 268 273 284 286 289 297 303 306 311
16 241 243 244 248 251 264 273 276 283 284 286 287 303 308 310 312
10 236 239 251 255 270 272 287 289 294 307
12 236 238 241 254 266 276 283 285 287 295 303 304
12 237 242 245 254 259 262 266 275 277 299 302 305
16 237 244 246 250 251 254 259 262 266 275 277 281 288 299 305 312
2 268 309
20 239 242 247 256 261 264 280 281 282 283 284 285 289 293 297 299 302 303 305 307
8 237 238 258 283 287 288 300 301
10 237 238 255 258 259 279 286 289 295 305
21 240 241 242 246 249 253 259 262 266 271 273 281 283 285 294 295 296 298 299 302 310
9 236 243 266 270 272 294 301 307 308
15 245 246 247 254 258 259 260 264 274 283 288 293 294 297 302
15 238 242 249 259 278 279 280 291 296 297 298 304 305 310 311
16 240 247 253 257 265 270 271 273 275 276 283 291 293 299 302 303
30 240 243 244 245 247 248 250 254 255 264 267 268 271 272 275 276 279 280 281 283 284 290 293 298 299 303 307 308 310 312
11 237 238 258 276 281 287 288 291 295 300 302
14 241 244 246 254 255 262 264 266 267 278 279 283 293 308
15 239 242 261 262 263 267 269 284 285 290 296 297 301 304 306
41 236 237 238 240 242 244 245 246 247 250 252 254 258 259 261 264 267 268 270 273 274 276 277 281 285 288 289 291 292 295 296 297 298 299 302 304 306 307 308 310 311
23 236 240 241 244 248 250 253 256 262 273 276 277 280 285 289 290 293 295 300 305 307 309 312
28 236 241 244 246 250 252 254 256 261 268 272 273 276 277 280 284 287 289 290 293 295 299 300 301 304 309 310 312
20 237 238 255 257 258 260 263 266 267 270 271 275 278 281 283 294 296 297 306 311
7 243 265 277 284 305 306 311
11 237 251 257 264 268 285 291 293 308 309 310
13 240 242 245 246 267 272 280 281 290 294 299 300 308
26 236 247 249 250 251 256 257 258 259 263 266 269 271 275 276 280 287 288 293 296 297 298 303 304 309 312
27 236 237 239 240 254 255 257 258 259 260 261 262 266 268 272 274 275 277 281 282 289 292 293 294 295 297 298
2 252 262
39 237 239 240 241 242 243 246 247 251 253 255 260 261 265 266 267 268 270 271 276 277 278 279 283 284 286 289 290 291 292 295 297 299 300 301 303 307 309 310
9 249 251 272 274 278 280 282 292 294
19 238 239 258 263 266 273 275 277 283 286 293 296 297 298 299 304 307 310 311
23 237 243 244 255 256 257 261 262 265 271 275 279 281 282 285 287 290 292 299 300 305 306 309
34 237 240 242 244 246 247 249 251 260 265 267 268 269 270 271 272 274 276 277 278 280 282 283 284 291 292 297 298 303 304 305 308 309 311
44 236 237 239 243 244 245 246 247 249 250 251 252 254 255 260 261 267 268 272 274 275 276 278 279 280 281 283 284 287 289 290 291 292 293 297 299 300 301 302 303 305 307 310 311
26 241 243 250 251 260 262 263 266 267 272 275 279 282 284 286 287 291 294 296 297 298 301 302 304 307 311
37 236 238 240 244 251 252 254 255 257 258 260 263 265 268 269 273 274 275 276 279 280 281 283 288 289 291 292 294 295 296 299 301 303 304 306 308 312
26 236 238 240 241 244 245 249 251 253 259 261 268 277 279 281 283 284 289 292 295 296 305 306 307 309 312
41 238 239 241 242 244 245 246 248 249 251 255 256 257 258 259 261 262 265 266 267 268 270 273 274 277 278 279 281 282 289 294 295 299 300 302 303 306 309 310 311 312
49 236 238 239 240 241 242 243 244 246 250 251 253 254 255 258 259 260 261 262 263 265 267 268 269 270 272 274 275 276 277 282 287 288 290 292 293 296 297 298 299 302 303 304 305 306 307 309 311 312
27 236 237 239 243 244 245 247 248 251 253 255 257 262 271 276 280 285 287 290 292 301 302 303 304 306 308 312
53 236 238 239 242 244 245 246 247 250 251 254 255 256 258 259 261 262 263 264 265 267 268 270 271 272 273 274 275 278 279 280 281 282 283 285 286 289 290 291 295 298 300 301 302 304 305 306 307 308 309 310 311 312
49 236 238 239 240 242 244 247 249 250 254 255 256 257 258 259 261 262 264 265 268 273 277 278 279 280 281 282 283 284 285 288 290 291 292 294 296 297 298 299 300 303 304 305 306 307 308 310 311 312
39 236 237 238 239 240 241 242 244 245 248 249 250 251 252 254 258 259 260 262 263 264 266 269 275 280 283 284 285 287 288 289 292 294 298 299 300 303 306 310
36 237 239 240 242 244 247 248 249 251 253 255 257 258 260 263 264 265 271 274 275 277 280 282 283 284 287 292 294 297 299 300 303 304 306 307 311
53 236 238 239 240 241 245 246 248 249 251 252 253 254 257 258 260 264 265 267 271 272 273 274 275 276 277 278 280 282 283 284 286 288 289 290 291 293 294 295 296 297 298 299 300 301 303 304 306 307 308 309 310 312
38 236 238 239 244 245 246 247 249 253 254 255 256 257 258 260 262 263 265 268 269 271 273 274 277 281 283 286 288 290 291 292 296 300 302 304 305 309 311
29 237 238 240 244 247 248 255 259 260 263 267 269 270 276 277 282 285 286 287 290 293 294 296 302 304 306 309 310 312
26 240 241 244 245 247 249 253 256 258 262 263 266 267 271 272 276 277 281 282 283 292 294 297 308 311 312
51 237 238 239 240 241 244 245 246 248 249 251 252 253 254 255 256 257 258 259 260 261 262 264 265 266 268 270 274 275 277 279 281 282 285 286 287 289 290 291 292 295 297 298 300 302 305 307 309 310 311 312
38 238 245 246 248 249 250 253 255 258 259 260 264 268 270 274 276 277 278 282 284 285 286 287 289 291 292 294 295 298 299 300 301 302 303 304 305 308 309
31 237 238 241 242 243 245 249 252 257 258 261 264 266 268 269 273 278 283 288 289 291 294 297 301 302 303 304 307 308 311 312
44 236 237 238 240 243 245 246 247 249 250 251 254 255 256 259 261 262 264 266 267 269 271 273 274 276 281 282 284 285 286 287 292 295 296 297 298 300 301 302 303 306 307 311 312
33 236 239 240 242 243 246 247 253 254 255 259 261 262 268 270 274 275 278 281 282 286 290 291 292 293 297 298 301 302 304 308 311 312
40 237 239 241 244 246 247 248 250 252 253 255 256 257 258 263 264 268 270 271 272 277 278 279 281 284 286 287 289 290 292 293 295 299 301 302 303 304 307 308 312
28 241 244 246 247 248 250 251 254 255 256 257 260 265 267 270 271 273 275 279 280 292 294 296 299 303 310 311 312
35 236 237 238 241 245 247 250 251 252 253 254 258 259 260 262 265 266 269 270 271 273 276 277 279 280 281 285 287 288 290 296 298 306 309 311
52 236 237 238 239 241 243 244 245 246 248 253 257 258 259 261 262 264 266 267 268 270 271 272 274 275 276 277 279 280 281 282 283 284 285 287 288 289 290 291 293 294 296 297 299 300 303 305 307 308 309 311 312
37 236 238 242 243 244 246 249 250 251 252 256 257 258 261 262 264 269 270 271 273 274 279 281 285 286 287 289 291 292 293 297 298 299 303 304 307 312
40 236 238 244 246 247 248 249 250 251 252 255 256 260 262 263 264 266 269 270 271 273 275 278 280 281 282 283 285 286 288 289 291 292 293 295 296 298 300 305 309
28 240 241 243 244 248 250 254 255 257 259 260 261 263 268 269 274 275 276 278 281 283 290 292 303 304 306 307 312
44 238 239 240 242 243 245 246 247 248 249 250 254 255 256 257 259 260 261 262 264 265 268 269 270 272 275 276 280 282 283 285 286 288 289 291 296 298 299 301 307 308 309 310 311
28 237 238 240 247 250 252 255 257 264 267 268 269 270 276 278 280 282 283 284 294 295 299 301 302 305 307 309 311
30 237 238 239 240 241 244 246 257 261 263 264 268 272 273 278 282 283 285 287 289 290 294 296 298 299 302 303 305 307 309
51 237 239 242 243 248 250 251 252 253 254 255 257 258 259 261 262 264 265 268 269 270 272 273 274 275 276 277 278 279 281 283 284 286 288 290 291 293 295 296 298 300 301 302 304 305 306 307 308 309 310 311
38 239 242 244 245 247 248 250 251 255 257 258 263 266 267 268 270 271 273 274 275 277 278 280 281 282 284 285 286 288 289 292 296 298 300 301 303 306 312
41 237 240 241 243 244 245 246 247 248 249 250 252 253 256 257 260 261 263 264 269 270 272 274 275 279 281 282 283 285 286 289 290 292 294 297 301 304 306 307 308 311
42 236 242 243 244 246 247 248 249 251 252 254 255 258 259 260 261 262 264 265 266 268 272 274 279 281 283 285 287 290 291 294 295 296 299 301 302 303 304 305 307 309 310
25 237 242 244 245 248 255 262 264 268 271 273 275 278 281 284 287 288 290 291 293 295 304 307 308 309
38 236 238 240 241 251 253 254 255 256 258 259 260 261 262 263 265 267 268 270 271 274 276 277 278 281 283 284 287 289 291 298 299 300 301 304 308 310 312
52 238 239 240 241 242 243 244 246 247 248 250 252 253 254 255 256 257 258 260 261 262 266 268 269 270 272 275 276 277 278 280 281 284 285 286 287 288 289 290 291 292 293 294 296 297 298 300 301 308 309 311 312
36 238 239 241 242 243 245 247 248 250 253 254 256 258 263 265 268 269 270 271 273 274 278 281 283 284 285 286 290 295 296 297 300 302 308 309 310
50 236 237 238 241 242 244 245 246 248 249 251 252 253 255 256 257 259 261 262 264 265 266 268 270 271 272 274 276 277 278 280 281 284 285 288 290 291 293 294 295 296 300 301 302 303 307 308 309 310 311
31 243 245 248 250 253 256 258 260 262 263 267 268 269 270 271 272 275 277 279 282 283 284 287 293 298 300 303 305 307 309 311
26 238 249 251 254 262 264 265 268 271 274 278 279 281 284 286 289 290 293 297 298 301 303 306 308 309 312
40 237 240 241 244 245 246 247 251 252 255 260 264 268 269 270 271 273 274 276 278 279 282 284 285 287 289 290 291 292 293 294 295 296 299 300 302 303 305 309 310
37 242 243 244 245 256 257 260 262 263 264 265 266 267 272 273 275 278 285 288 289 290 291 292 295 297 298 300 301 302 303 304 305 306 307 308 309 311
28 238 239 241 243 248 249 256 257 265 269 272 273 275 278 281 284 286 291 292 293 294 295 296 297 301 304 308 312
34 236 237 241 243 249 251 252 255 257 258 264 265 267 268 273 276 278 283 286 287 288 289 291 293 294 296 298 299 300 304 305 306 307 308
48 239 240 241 242 243 244 246 247 249 250 252 256 257 258 259 261 262 263 264 265 268 271 272 273 275 276 278 281 282 284 285 287 288 289 290 291 295 296 297 300 303 304 306 308 309 310 311 312
37 237 239 240 242 243 244 246 247 248 249 250 251 254 260 262 264 267 269 270 273 276 277 279 280 287 289 291 292 293 294 297 298 300 301 303 310 312
23 240 250 251 253 254 255 256 257 259 260 263 265 277 278 280 288 289 293 294 298 303 305 308
35 238 240 241 242 244 245 248 250 251 253 255 261 266 269 273 274 276 278 279 280 281 285 286 287 288 290 295 296 298 301 304 305 308 309 310
41 236 238 240 244 246 247 248 250 252 253 254 255 257 259 261 262 263 265 266 268 270 271 272 274 275 276 277 279 280 283 285 286 287 288 291 300 303 305 307 308 310
38 236 238 239 241 244 246 248 249 250 251 255 258 263 267 268 269 271 277 280 281 282 284 285 286 290 291 292 294 295 296 297 298 300 301 307 308 311 312
46 236 237 238 239 241 242 244 245 246 248 249 250 252 255 259 260 261 262 263 264 265 267 270 273 274 276 277 278 279 280 281 286 291 292 294 295 298 300 302 305 306 307 308 310 311 312
52 237 240 241 246 247 251 252 253 255 257 258 259 260 261 262 263 264 266 269 270 271 272 274 275 276 277 278 279 280 281 283 284 285 286 287 288 289 292 293 296 297 299 300 301 302 305 306 308 309 310 311 312
45 236 239 240 246 247 250 251 252 254 256 257 259 260 261 262 263 264 265 266 267 268 269 272 273 275 278 281 284 285 286 287 288 290 291 292 293 297 298 299 301 302 303 305 307 310
28 240 241 242 244 245 247 248 250 252 255 259 264 268 269 270 271 275 279 281 282 284 285 294 299 301 303 304 311
36 236 238 240 244 245 246 248 249 250 251 253 255 256 258 264 267 268 269 270 271 272 273 274 275 276 280 290 292 293 295 296 298 301 302 305 308
46 237 240 243 244 245 246 247 249 250 253 254 259 261 262 264 265 267 268 269 270 271 274 275 278 279 280 282 283 285 286 289 290 291 292 293 294 295 296 297 298 300 301 302 309 310 311
28 236 238 240 241 242 243 248 250 251 255 259 263 264 272 273 276 281 282 284 285 294 297 299 300 301 303 311 312
28 238 239 240 241 243 245 246 249 253 254 259 260 261 262 268 269 271 274 287 288 289 291 296 300 301 302 304 312
31 236 237 238 241 243 244 245 250 252 254 256 260 261 263 265 269 271 272 275 277 280 284 287 289 290 293 294 298 301 310 312
39 236 239 241 244 246 248 249 250 253 254 256 258 260 261 263 264 265 268 269 270 272 275 276 277 278 281 283 284 285 287 288 289 290 292 293 297 304 307 311
33 237 239 241 242 244 245 249 251 252 254 258 259 261 262 267 272 275 277 279 283 284 285 287 292 293 296 297 301 302 303 304 310 312
49 236 238 239 241 242 244 245 246 247 249 253 254 256 257 260 262 263 265 266 267 268 273 276 277 278 279 280 281 282 283 284 285 286 287 289 290 291 292 294 298 299 301 305 306 308 309 310 311 312
41 236 239 240 241 246 248 249 252 254 255 256 259 260 263 264 267 268 269 270 273 274 275 276 278 279 281 284 286 290 292 293 295 296 297 299 301 303 305 307 308 310
43 237 238 242 244 245 246 247 248 250 252 255 256 257 258 259 260 261 264 267 268 270 271 272 273 275 280 281 282 284 285 287 293 295 296 299 301 305 307 308 309 310 311 312
40 236 237 238 239 242 243 245 247 249 251 252 255 258 259 263 264 268 269 272 275 278 279 283 287 288 292 293 294 295 296 297 298 299 300 301 302 304 305 309 310
37 236 240 241 243 244 247 248 250 252 257 258 259 260 261 266 267 268 269 272 273 274 277 278 279 280 282 283 284 285 290 295 297 299 305 308 310 311
46 236 238 240 242 246 247 248 251 252 253 255 257 258 259 262 263 267 268 270 271 276 277 278 280 281 282 283 285 286 287 289 291 294 295 296 297 299 301 302 303 304 306 308 310 311 312
39 236 238 239 241 243 245 247 248 249 251 253 255 260 265 267 269 270 272 274 275 276 277 279 280 282 287 289 290 291 292 294 296 297 301 302 307 309 310 312
51 236 239 241 242 243 245 246 247 248 249 250 251 252 253 255 256 258 261 263 265 266 267 271 272 274 275 276 277 278 279 281 282 284 285 287 288 290 292 294 296 297 298 299 301 302 304 305 306 309 311 312
26 239 240 245 248 250 253 254 255 260 263 264 266 267 272 276 277 279 280 281 292 294 296 299 306 308 311
51 236 237 238 239 240 241 242 244 245 247 248 250 254 255 257 259 260 261 262 263 264 265 266 267 268 269 270 272 273 274 277 280 281 283 284 285 286 287 288 289 290 291 292 295 297 298 300 301 303 305 307
43 242 243 244 245 246 249 250 251 253 255 256 257 260 261 262 263 264 265 269 271 273 275 276 277 280 281 282 283 286 287 290 291 292 293 294 296 297 299 300 301 303 308 310
48 236 237 238 240 242 243 245 246 248 250 252 255 256 259 260 262 264 265 266 267 268 269 272 273 274 276 277 279 280 282 283 284 286 289 290 292 296 297 299 302 303 305 306 308 309 310 311 312
32 236 242 243 245 246 251 255 257 258 260 261 264 267 269 270 271 274 275 278 279 280 285 286 287 293 296 298 299 302 307 308 312
41 237 238 241 242 244 246 247 248 249 250 251 253 254 258 259 261 264 267 271 274 275 276 277 281 282 285 286 287 288 291 292 294 296 298 299 301 303 305 310 311 312
51 236 238 240 241 243 244 245 246 249 250 252 255 258 259 260 262 263 264 266 267 268 269 270 271 273 274 275 278 279 280 281 282 283 284 285 286 289 290 291 292 294 302 303 304 305 307 308 309 310 311 312
25 237 238 243 248 250 251 253 258 260 262 264 265 266 269 272 274 280 285 290 294 297 300 302 306 312
51 236 238 239 240 241 242 243 244 246 248 249 250 251 252 253 254 255 256 257 258 261 263 264 265 266 267 268 270 272 277 278 281 282 284 285 286 288 290 292 293 295 297 300 301 304 305 306 308 309 310 312
23 236 238 240 250 255 257 258 259 260 265 266 271 274 275 278 284 285 286 289 291 306 307 311
31 236 245 247 252 256 257 260 261 262 263 264 269 271 276 277 278 280 284 287 288 289 292 294 298 300 301 302 307 308 311 312
51 236 238 239 240 241 242 243 244 247 248 249 251 252 254 256 257 260 262 263 266 267 268 272 273 274 276 278 280 281 282 284 285 286 287 288 289 290 291 292 293 298 300 303 304 305 306 307 308 309 310 311
38 236 237 239 240 242 243 244 245 247 249 250 251 254 256 257 259 260 265 267 270 271 274 277 280 283 285 288 290 291 292 298 301 302 304 307 310 311 312
23 236 238 240 243 246 248 249 253 254 259 263 265 267 268 271 281 283 285 286 291 295 296 300
51 236 240 241 242 243 245 246 247 248 250 251 253 254 255 256 257 258 259 260 261 262 266 268 270 271 273 276 278 279 280 281 282 283 284 285 287 289 291 293 294 296 298 299 300 303 304 306 307 310 311 312
37 237 241 244 245 246 247 248 250 254 258 259 261 262 263 267 269 270 271 272 276 279 280 281 285 287 290 291 292 294 296 297 304 305 307 308 309 311
32 236 237 242 244 248 249 250 253 256 258 260 263 264 265 271 279 283 285 288 289 290 292 294 295 296 298 299 301 302 303 304 310
45 236 237 238 239 240 241 242 243 245 246 249 250 252 254 258 260 261 263 267 269 270 271 275 276 277 279 282 283 287 288 289 290 292 297 298 299 300 304 305 307 308 309 310 311 312
34 237 242 243 244 245 247 248 250 251 252 253 257 259 260 261 263 265 266 267 274 276 277 278 285 289 290 293 294 299 301 302 303 305 310
48 236 237 239 240 241 242 243 244 250 252 254 255 257 258 259 261 262 263 265 268 269 270 274 275 277 278 279 280 281 283 284 285 287 289 290 291 292 293 294 295 297 298 300 307 308 309 310 311
27 237 242 243 248 249 253 258 261 262 267 270 273 274 281 282 283 284 285 289 290 295 301 303 305 307 308 310
27 238 240 242 247 249 251 255 257 261 267 270 271 274 277 280 283 285 292 293 297 299 302 303 304 306 309 311
49 236 238 239 240 246 247 249 250 251 252 254 255 256 259 260 261 262 265 268 269 270 273 274 278 279 280 282 283 286 287 288 289 290 291 292 293 294 295 297 298 299 301 302 303 307 308 310 311 312
48 236 237 238 239 241 242 243 245 248 249 251 252 253 254 255 257 259 260 261 263 264 267 271 272 273 275 276 277 279 283 284 285 286 287 290 291 292 293 295 297 300 302 303 304 306 309 311 312
29 238 239 243 251 252 253 254 257 259 261 262 265 267 269 275 276 277 278 279 280 283 286 288 292 293 296 300 304 306
29 237 240 244 245 246 249 251 253 255 257 261 266 267 273 274 275 276 278 280 291 295 296 299 300 301 304 305 309 310
31 237 239 240 243 245 246 253 254 268 271 272 275 276 277 279 285 288 291 294 296 297 298 301 302 303 304 305 306 308 311 312
39 239 240 241 242 243 246 249 259 260 262 264 265 268 269 270 271 272 274 275 278 279 281 284 285 286 288 290 291 292 297 298 299 300 301 303 308 309 310 311
23 238 244 246 249 259 265 266 268 272 274 278 280 282 283 284 291 294 295 298 304 305 307 310
28 236 237 239 245 251 259 264 266 268 269 271 274 276 278 281 286 287 288 291 292 295 296 297 298 303 305 306 310
40 241 244 246 247 248 250 253 254 256 260 263 266 267 269 270 271 272 274 275 276 277 278 279 280 283 284 285 286 287 288 289 291 294 296 298 303 306 307 309 310
41 236 237 239 241 244 246 247 248 250 252 255 256 258 259 260 261 266 268 271 275 277 278 280 281 282 285 286 288 290 292 293 295 296 297 298 299 302 303 304 308 312
38 238 240 241 242 243 244 245 248 250 251 253 257 259 260 263 266 269 273 274 276 277 278 280 281 284 288 291 292 293 296 297 299 302 304 309 310 311 312
33 236 237 238 240 243 244 247 250 252 253 254 255 260 262 263 265 270 271 280 281 284 285 289 290 292 293 294 295 297 298 300 306 308
46 239 240 241 243 244 245 246 248 251 254 256 258 259 260 261 262 264 265 268 269 272 275 276 277 278 280 281 282 283 285 286 292 293 295 297 298 301 303 304 305 306 308 309 310 311 312
47 236 239 240 241 243 244 245 246 247 248 250 251 253 254 255 256 258 259 262 263 264 265 267 270 271 273 275 276 277 279 283 284 287 289 293 294 295 296 297 299 300 301 302 303 304 308 312
27 237 239 247 248 249 252 256 257 259 269 271 272 273 274 276 278 279 280 286 290 292 296 297 301 308 309 312
37 236 238 239 241 245 246 247 249 250 251 252 254 256 257 261 262 264 265 268 269 272 275 278 280 281 282 283 284 285 295 296 301 302 303 308 310 312
39 237 240 241 242 244 245 246 247 250 255 262 263 264 265 268 269 272 274 275 278 279 280 284 286 287 288 289 290 291 292 294 295 298 301 304 305 309 310 311
34 236 238 239 240 242 243 244 245 246 248 251 256 258 259 262 263 265 267 270 275 276 278 285 290 293 295 297 299 301 303 306 307 310 312
30 236 237 242 243 244 247 248 249 251 254 257 263 265 266 267 269 270 272 273 277 279 282 287 288 295 296 298 299 307 308
47 238 239 242 243 244 245 246 249 250 251 253 255 257 258 259 260 261 262 263 264 265 268 269 270 271 274 275 276 279 281 282 283 284 285 286 287 288 289 291 292 294 297 299 302 303 305 306
47 236 240 243 244 246 247 248 249 252 253 257 258 259 260 261 264 265 268 269 270 271 272 273 275 276 278 279 283 284 285 286 290 291 292 293 294 295 299 302 303 305 306 307 308 310 311 312
28 240 242 245 247 248 249 252 253 255 259 260 261 264 269 271 278 284 285 286 287 292 293 297 303 305 308 310 311
33 237 239 241 242 243 246 250 252 255 259 262 263 265 267 270 272 274 282 283 284 285 286 292 294 295 296 297 298 302 304 306 311 312
32 236 238 239 241 244 245 249 254 256 259 261 267 268 271 274 278 279 281 282 284 287 292 293 294 295 298 300 303 304 306 310 311
37 237 238 239 240 246 249 250 251 253 255 256 257 258 259 260 262 265 266 273 277 278 281 283 284 285 286 287 291 292 294 297 298 302 305 306 309 311
53 236 240 242 244 246 248 249 250 251 252 253 254 256 257 258 259 260 262 263 265 266 267 268 270 271 272 275 277 279 280 283 284 285 286 287 288 289 290 291 294 297 298 300 301 302 303 305 307 308 309 310 311 312
31 236 241 245 247 248 251 254 256 260 261 265 268 269 270 271 274 276 279 280 281 285 288 289 291 292 296 297 305 309 310 312
52 237 238 241 242 243 244 247 249 250 253 254 255 256 257 258 260 261 263 264 265 266 267 268 269 272 274 275 276 277 278 281 283 284 287 288 289 290 294 295 296 297 298 299 300 301 302 304 306 307 308 310 312
35 236 238 243 247 248 250 252 254 256 258 259 264 266 267 269 271 274 275 277 279 280 282 284 287 288 289 290 292 299 303 304 306 307 311 312
23 237 238 240 249 251 252 254 261 267 271 272 274 275 276 281 284 288 289 290 297 303 307 308
26 237 239 240 242 247 252 253 260 263 267 268 269 271 273 276 280 284 285 286 287 291 295 303 304 309 311
41 236 237 238 242 243 244 246 249 250 251 252 258 259 260 261 263 265 267 268 269 271 272 274 277 278 279 280 282 286 292 293 294 299 301 303 304 307 308 310 311 312
36 237 238 239 241 242 244 246 248 250 252 254 255 256 264 265 268 269 270 272 276 278 280 283 284 285 287 289 290 294 296 297 300 304 305 306 310
25 236 237 239 247 250 251 256 257 258 259 267 268 275 278 279 283 285 289 290 293 294 301 304 306 310
39 236 242 243 244 246 248 249 251 252 253 257 259 260 261 262 263 264 266 267 268 269 272 273 274 276 277 280 284 286 293 295 296 297 298 302 303 304 307 312
23 237 239 240 241 248 250 251 252 259 261 265 267 271 272 282 284 285 287 288 297 300 305 309
50 236 237 238 239 241 242 243 245 246 247 248 249 251 252 253 254 255 257 258 260 261 262 263 265 266 267 270 271 273 274 276 277 278 279 280 281 282 283 285 286 287 290 291 293 296 299 303 305 308 311
29 237 244 251 252 254 255 259 261 263 267 269 270 273 279 280 281 283 284 289 290 292 293 299 301 304 305 309 310 311
45 236 237 238 239 240 241 242 244 247 251 252 254 256 257 259 261 265 266 268 269 271 272 276 277 278 279 280 281 282 284 287 289 290 291 292 294 295 297 300 301 303 304 305 308 312
26 236 237 241 245 246 252 254 255 256 257 275 277 284 286 288 291 292 294 295 296 298 301 307 309 311 312
34 237 239 241 242 244 245 246 247 251 252 253 259 260 262 269 270 272 273 276 279 280 282 283 284 285 287 290 296 297 301 302 305 310 312
44 236 238 240 241 242 244 245 248 249 250 251 252 253 255 258 259 261 264 265 266 268 269 271 272 273 274 275 278 279 283 286 287 288 290 292 293 294 295 296 301 305 306 309 310
33 236 240 241 242 244 245 246 248 249 252 253 254 257 258 262 263 265 270 271 272 275 277 279 280 286 287 292 293 297 304 309 311 312
46 236 237 239 240 244 245 247 249 254 255 256 258 259 265 266 268 269 272 276 278 279 282 283 284 285 287 288 289 291 293 294 295 296 297 298 299 300 301 302 303 304 305 308 309 310 312
38 236 237 238 239 241 243 245 246 248 251 254 255 257 263 264 266 267 269 270 273 274 276 278 280 281 284 285 286 289 292 295 302 303 304 305 308 309 311
45 236 238 239 240 241 242 244 245 246 247 249 251 252 255 256 258 260 262 265 267 268 269 271 272 274 276 279 283 284 287 289 292 293 294 295 297 300 301 302 303 304 305 306 311 312
33 236 237 244 247 248 249 251 252 253 254 256 259 264 266 268 270 272 277 279 280 281 286 288 289 292 293 300 302 306 307 308 310 311
38 237 242 247 248 250 251 253 256 257 258 261 265 267 268 269 270 271 272 273 276 277 278 281 284 285 286 287 290 291 292 294 303 305 306 307 308 310 311
29 237 239 241 247 249 251 252 253 254 261 262 263 272 275 277 278 279 281 282 289 291 292 294 296 301 307 309 310 311
35 237 238 239 240 243 247 249 251 254 256 259 261 262 264 266 267 268 269 270 271 274 275 276 277 278 279 280 285 286 288 289 292 296 304 310
38 236 238 239 247 249 250 251 257 258 260 265 266 267 268 271 273 274 275 276 277 279 280 281 282 284 286 287 289 290 293 294 295 297 304 306 308 309 311
38 237 238 240 241 246 247 249 253 254 255 258 259 260 263 264 267 270 273 279 281 282 283 284 285 286 288 289 292 293 295 297 298 300 301 303 305 307 310
26 238 240 243 246 250 257 258 261 262 274 276 279 281 286 289 290 291 293 294 295 299 302 303 305 307 311
25 239 244 251 252 255 256 261 263 266 268 269 270 272 277 278 279 286 290 294 298 299 302 308 310 312
31 237 238 239 240 241 243 245 246 247 255 256 257 258 261 262 265 268 272 273 274 277 281 282 283 286 290 297 302 303 307 312
40 237 239 240 241 242 247 248 250 251 255 261 263 264 265 267 269 271 275 276 279 281 282 283 284 285 286 290 292 294 296 297 298 301 302 303 306 307 310 311 312
6 313 314 315 319 330 335
5 323 328 330 335 338
10 317 319 320 321 329 330 332 335 336 339
6 319 320 324 325 328 329
22 313 315 317 318 319 320 321 322 323 324 325 327 328 329 330 331 334 335 336 338 339 341
5 313 316 325 326 330
14 313 316 317 318 319 320 321 323 329 334 336 338 339 340
18 314 315 316 317 318 320 321 322 326 328 329 330 333 334 335 336 337 339
17 314 317 319 325 326 327 328 329 330 333 334 336 337 338 339 340 341
16 313 314 315 318 319 321 323 328 330 331 334 335 337 338 339 341
2 322 340
11 315 316 320 322 324 330 331 335 337 338 339
18 313 314 317 319 320 325 326 327 328 329 331 332 333 334 336 339 340 341
6 316 323 326 327 331 333
8 324 325 326 328 329 330 335 340
3 323 327 341
5 313 316 323 327 334
7 314 316 326 332 333 337 340
6 315 317 331 334 339 341
4 316 321 329 333
6 315 318 326 328 333 337
6 315 318 320 334 335 339
7 315 320 325 328 330 337 338
7 315 318 326 333 335 338 340
9 313 315 323 325 327 332 336 337 341
5 319 321 329 335 337
7 319 321 327 330 333 335 337
8 319 320 324 327 331 332 333 341
16 313 318 321 323 324 325 326 327 328 329 333 334 335 337 338 341
12 317 318 321 324 329 332 334 336 337 339 340 341
7 314 315 317 318 322 329 339
8 313 322 326 327 331 334 335 339
10 322 325 326 327 328 330 331 332 335 341
6 316 319 320 321 322 327
9 313 317 320 328 330 331 332 334 336
10 314 317 318 319 323 324 332 336 340 341
6 314 318 319 326 328 339
7 315 316 327 333 335 336 337
23 313 314 315 316 317 318 319 320 321 322 325 326 328 330 331 332 333 335 336 337 338 339 341
13 314 315 316 317 319 320 322 330 331 332 336 339 340
12 313 314 315 316 317 318 322 330 332 334 336 340
14 316 317 320 321 322 324 329 330 331 333 334 335 338 340
11 313 317 320 322 323 325 326 329 338 339 340
8 314 319 323 325 330 331 332 338
4 320 324 330 332
9 313 316 321 325 326 334 336 337 340
8 314 322 324 325 331 338 340 341
10 314 316 318 319 321 323 328 329 333 341
14 314 315 316 317 322 323 326 327 328 330 332 333 339 341
8 313 315 317 326 331 334 335 336
13 314 316 319 321 322 323 324 325 327 329 337 339 341
8 314 319 322 324 332 333 340 341
10 313 318 320 324 325 331 334 336 338 340
12 313 317 318 320 321 324 326 328 329 334 339 341
8 313 319 320 322 325 326 333 337
6 324 327 328 329 330 336
13 316 317 320 322 324 325 326 327 329 332 333 336 340
11 314 315 316 318 324 328 331 332 334 336 341
5 320 322 325 328 338
12 313 314 322 325 326 327 330 331 332 337 338 340
12 314 315 321 323 324 327 328 329 332 335 336 339
12 313 315 316 318 320 321 322 323 324 331 332 335
5 314 315 324 333 337
9 313 314 318 323 332 333 336 337 338
14 315 316 317 320 321 323 326 332 333 334 335 337 338 341
11 313 319 323 324 325 327 331 332 338 340 341
8 321 326 331 333 335 337 338 339
18 313 314 317 318 319 321 323 325 326 327 328 329 332 333 334 336 340 341
11 315 316 318 321 322 323 324 330 335 337 338
6 323 324 327 329 334 340
7 322 325 327 337 338 339 340
17 315 316 317 318 319 320 321 323 324 328 329 333 334 335 336 339 341
9 316 317 318 330 331 334 338 340 341
9 313 314 318 319 322 325 331 339 340
10 317 321 323 327 328 329 331 336 337 338
3 314 333 337
4 319 323 331 332
2 329 333
5 314 324 328 331 341
6 315 316 318 324 331 334
5 314 316 323 328 341
7 315 317 323 328 330 332 341
4 332 333 337 340
4 323 330 335 338
12 313 316 317 318 319 320 321 334 336 338 339 340
3 320 324 332
5 319 320 325 333 337
4 327 331 333 341
3 318 322 329
6 313 319 323 324 327 332
3 318 338 340
4 315 334 339 341
8 316 318 320 321 322 324 331 335
9 315 316 317 323 326 327 328 332 341
3 324 327 336
5 319 321 329 330 339
5 322 325 327 337 339
3 319 328 339
6 316 324 331 335 338 339
8 316 317 321 323 326 333 335 337
3 314 333 340
9 316 317 321 322 329 333 335 338 340
5 325 337 338 339 340
7 314 322 324 325 331 338 340
3 316 319 320
7 315 320 322 335 337 338 339
7 314 315 320 322 332 339 340
14 314 315 316 318 320 322 326 328 331 332 335 336 337 338
3 313 319 330
6 320 327 331 332 333 341
4 313 325 333 337
5 322 326 331 334 335
4 314 318 326 328
11 315 316 317 322 323 326 327 328 332 333 339
6 322 325 326 328 332 341
15 313 315 316 317 319 321 322 325 326 328 331 333 337 338 339
9 313 316 317 319 320 323 329 339 340
6 317 318 322 332 336 340
7 317 320 323 325 329 339 340
2 323 341
1 341
3 330 335 338
16 315 317 318 320 321 322 325 328 330 331 333 335 337 338 339 341
5 326 328 330 332 335
2 323 341
5 315 317 331 339 341
1 322
5 315 316 327 335 336
8 322 325 328 330 331 332 335 341
5 315 317 331 334 341
4 314 333 340 341
3 315 326 328
11 316 317 320 321 323 326 332 334 335 338 341
5 324 327 328 329 336
10 314 321 323 324 327 328 332 335 336 339
8 317 319 320 329 330 332 335 336
3 324 328 329
11 318 323 325 327 328 329 333 334 335 338 341
5 315 320 330 335 338
6 315 317 326 331 334 336
9 314 321 323 328 330 335 337 338 339
7 318 320 324 325 331 334 336
9 313 314 322 325 326 327 332 337 340
4 324 329 330 336
3 320 334 335
6 313 322 326 327 331 335
2 321 329
3 325 328 338
6 314 319 322 324 332 333
4 313 319 325 339
8 314 321 323 324 327 329 332 339
5 327 337 338 339 340
3 326 333 337
3 316 329 333
7 315 318 322 330 332 336 340
12 313 314 317 319 325 327 328 331 333 334 336 341
6 319 323 325 330 331 338
14 314 319 325 326 328 329 330 333 334 336 338 339 340 341
5 327 333 335 336 337
9 315 316 324 328 331 332 334 336 341
4 313 323 327 334
11 314 315 316 317 322 327 328 330 332 333 339
7 314 316 323 325 327 339 341
7 314 318 322 332 334 336 340
10 316 317 320 321 322 331 334 335 338 340
13 314 317 319 320 325 326 327 328 331 332 334 339 341
9 317 318 319 320 323 329 334 339 340
6 321 326 331 333 335 338
5 315 317 318 329 339
6 318 320 325 331 334 340
5 324 328 330 335 340
7 319 320 321 329 332 336 339
5 322 327 337 338 339
12 317 320 321 322 324 329 330 331 333 334 335 340
10 313 317 318 320 321 324 326 328 329 341
4 319 321 330 333
11 315 316 317 318 319 324 328 333 334 335 339
7 316 317 318 330 331 334 340
5 317 328 330 331 332
3 324 327 329
4 316 319 321 322
7 313 314 318 323 332 336 337
6 324 326 329 330 335 340
9 315 316 320 322 330 331 335 338 339
10 313 318 320 324 326 328 329 334 339 341
4 327 328 329 330
6 321 327 330 333 335 337
5 314 319 321 323 329
6 313 318 319 322 331 340
11 314 317 325 327 329 333 336 337 338 339 340
8 314 316 322 323 324 325 327 339
6 322 325 327 338 339 340
5 313 315 326 334 335
4 326 333 337 340
8 316 320 322 324 325 326 336 340
3 316 323 334
7 324 325 326 328 330 335 340
12 317 318 319 320 325 328 330 335 336 338 339 341
8 314 317 318 323 324 332 336 341
6 321 331 333 335 337 338
1 340
5 323 328 329 331 337
2 324 330
9 313 314 316 317 318 330 332 334 340
8 314 315 317 322 327 328 332 339
4 313 325 326 330
12 314 319 325 326 327 328 330 333 334 338 340 341
5 315 316 333 336 337
3 315 333 337
11 314 315 316 317 322 323 326 327 328 330 341
3 316 320 321
18 313 314 315 316 317 318 319 320 321 322 328 330 331 335 336 338 339 341
10 316 317 322 324 327 329 332 333 336 340
6 313 321 325 334 337 340
3 328 330 336
2 316 329
3 323 328 330
4 316 320 321 327
6 315 316 327 335 336 337
5 316 326 334 337 340
6 318 324 329 332 340 341
6 316 317 318 330 331 341
9 314 316 318 324 328 331 332 334 341
6 317 323 324 336 340 341
6 313 322 327 331 334 339
4 322 337 338 340
4 313 327 332 336
9 314 315 316 320 322 330 331 332 339
11 316 317 318 319 321 323 329 334 336 339 340
4 316 320 322 327
9 314 316 318 324 328 331 332 336 341
14 317 319 325 326 328 329 330 333 334 336 337 338 339 340
11 315 317 320 321 323 326 333 334 335 337 338
5 313 315 336 337 341
5 318 319 322 339 340
6 313 318 323 332 333 338
9 315 318 320 326 329 333 334 336 337
5 315 320 328 337 338
8 317 320 324 325 326 327 332 333
7 313 314 318 323 332 333 338
6 322 327 328 331 332 335
5 324 325 329 335 340
9 313 320 326 327 328 331 332 336 341
4 315 325 330 337
13 313 319 320 326 327 328 329 331 332 333 334 339 341
3 315 318 328
13 317 319 320 325 326 328 331 332 333 334 336 340 341
5 319 320 322 326 333
5 316 320 322 337 339
10 317 318 321 324 329 332 336 337 340 341
11 315 317 321 328 329 333 334 335 336 339 341
6 313 319 322 326 333 337
5 317 331 334 338 341
16 313 314 317 318 319 321 323 325 326 327 328 333 334 336 340 341
11 317 320 321 322 324 329 331 334 335 338 340
15 315 316 318 320 321 322 326 328 329 330 334 335 336 337 339
6 313 317 322 323 325 326
7 321 331 333 335 337 338 339
2 335 338
4 324 331 338 340
4 319 324 325 328
4 317 331 334 335
5 328 330 332 334 336
8 313 318 324 325 331 334 336 338
7 314 316 324 328 331 336 341
5 314 318 319 326 328
4 321 326 331 337
5 316 321 334 336 340
6 316 324 331 332 336 341
8 321 327 328 329 331 336 337 338
11 316 317 320 321 323 326 333 334 335 337 338
6 322 326 327 334 335 339
7 316 317 318 330 331 334 340
6 314 315 317 318 322 339
10 317 318 321 324 329 332 334 337 340 341
4 314 319 323 325
5 315 320 328 337 338
9 313 325 326 327 330 332 337 338 340
7 324 325 331 334 336 338 340
8 313 316 320 321 322 324 331 332
7 316 317 318 331 334 338 340
4 315 317 334 335
3 318 329 339
4 327 328 330 336
10 314 321 322 323 324 325 327 329 337 341
9 313 315 318 319 323 328 334 335 339
8 316 319 321 325 327 329 337 341
5 321 323 328 331 337
1 322
9 314 322 326 327 330 331 337 338 340
5 327 328 329 330 336
3 319 321 335
8 321 323 327 328 329 331 336 337
1 322
13 313 321 323 324 325 326 328 329 333 334 337 338 341
8 314 315 321 323 324 327 332 335
8 313 316 321 323 329 336 338 340
4 315 317 334 339
3 314 333 340
5 314 316 324 332 341
10 317 321 324 329 334 336 337 339 340 341
7 313 319 320 322 326 333 337
6 313 315 323 325 327 337
12 316 317 320 321 323 326 332 333 334 335 338 341
13 316 318 320 323 324 328 329 333 334 335 336 339 341
4 320 322 325 328
5 319 321 330 332 339
4 319 321 329 335
3 313 316 325
7 322 325 326 328 332 335 341
7 316 322 324 329 333 334 340
4 326 328 329 335
9 318 320 323 329 333 334 335 336 339
7 313 314 318 332 333 337 338
9 320 322 324 330 331 335 337 338 339
4 316 325 326 330
5 324 325 326 328 329
5 314 315 318 322 329
16 314 316 318 321 323 324 325 326 327 328 329 330 333 334 336 340
11 315 316 317 323 327 329 330 331 332 338 341
15 315 316 317 320 324 326 327 328 329 330 331 335 337 340 341
19 313 315 318 319 320 321 322 326 327 328 329 330 331 332 335 338 339 340 341
17 314 315 319 322 323 326 327 329 330 331 334 335 336 337 339 340 341
17 314 315 316 317 318 319 320 322 324 325 326 328 330 331 333 336 339
15 314 317 319 320 321 322 325 326 328 329 330 331 332 337 340
12 314 316 319 320 321 324 326 330 331 332 335 337
11 317 318 319 322 324 325 328 329 334 340 341
14 313 323 327 328 330 331 332 333 334 335 336 338 340 341
19 313 314 316 317 318 319 321 322 324 326 327 328 329 332 333 334 335 338 339
10 313 316 320 324 329 334 335 338 339 341
19 314 315 316 317 321 322 325 326 327 329 330 331 333 334 335 337 338 339 341
10 314 315 318 322 323 330 331 338 339 341
19 314 315 316 317 319 321 322 323 326 327 328 329 330 332 333 334 335 336 341
14 316 318 319 321 322 324 330 331 332 334 336 337 338 339
12 313 318 319 320 323 324 325 328 329 330 334 337
15 314 315 316 317 318 321 322 324 329 332 335 338 339 340 341
16 315 318 319 320 321 322 324 325 326 328 330 331 335 336 338 339
18 313 315 316 317 319 320 321 324 325 326 327 328 329 331 332 333 337 338
16 315 316 317 318 321 323 325 326 328 329 332 334 336 337 340 341
16 313 314 316 317 318 319 321 322 325 326 327 332 333 334 335 339
18 313 314 317 318 320 321 322 325 326 327 329 331 332 334 336 338 339 341
8 315 316 325 331 333 334 336 337
14 313 314 315 322 323 324 326 330 331 332 333 335 338 339
16 314 316 317 318 319 320 323 324 325 330 331 333 334 335 337 341
9 315 318 321 322 324 331 336 339 341
11 315 316 318 319 322 323 327 329 330 333 337
11 313 316 318 327 328 329 331 335 336 339 341
17 313 314 318 320 322 323 324 325 330 331 332 333 334 336 338 339 340
19 313 314 317 319 320 321 323 324 326 327 328 330 331 333 334 337 338 340 341
15 313 319 320 321 323 325 327 328 330 332 333 334 338 340 341
16 313 319 320 322 323 324 325 327 328 330 335 336 337 338 340 341
17 313 314 315 316 322 323 324 327 328 329 330 333 334 335 337 338 341
15 314 315 317 321 322 323 325 326 327 329 332 333 334 335 336
12 313 314 317 323 324 328 329 330 334 337 340 341
14 313 314 318 322 325 327 329 330 331 333 335 336 339 340
16 313 316 317 319 320 324 325 327 329 330 332 335 337 338 340 341
18 313 314 315 316 317 322 324 325 326 328 329 330 331 332 335 337 338 341
12 313 314 316 320 326 329 330 332 334 335 337 338
12 314 317 319 320 322 325 326 327 331 333 335 339
17 313 314 315 317 318 319 320 321 323 326 327 328 330 335 337 338 340
11 314 316 319 320 321 325 326 329 334 335 340
18 313 314 316 317 319 320 322 324 325 326 327 328 330 332 333 337 339 341
15 313 316 317 318 319 321 325 326 327 328 330 331 332 335 337
14 313 315 319 323 324 326 327 334 335 337 338 339 340 341
17 315 317 319 321 322 323 324 325 328 329 331 332 334 336 337 339 341
9 313 315 321 327 329 332 333 335 341
10 317 318 321 323 324 328 329 330 331 335
11 315 317 322 323 324 326 327 330 338 339 341
17 313 314 316 317 318 320 321 322 326 328 329 332 335 337 338 339 341
18 314 315 317 318 320 321 322 324 325 329 331 332 335 336 337 339 340 341
15 313 316 317 318 321 323 324 325 327 328 329 331 334 335 336
13 316 317 320 321 322 326 328 329 337 338 339 340 341
12 314 317 318 320 324 325 327 328 329 331 335 336
15 314 315 316 320 321 323 325 327 328 331 332 334 335 338 339
15 313 314 315 317 318 321 325 328 332 333 335 337 338 339 341
13 314 315 317 322 324 326 328 331 333 337 338 339 340
9 313 323 327 328 329 330 331 336 339
14 313 319 320 321 324 325 326 330 331 334 337 338 339 340
13 313 316 317 318 319 322 326 327 331 333 335 336 341
16 314 318 319 323 324 325 326 327 329 331 333 335 338 339 340 341
13 314 319 320 323 325 327 328 329 334 335 336 337 338
17 313 314 319 321 322 323 324 325 326 328 330 331 332 333 337 338 341
14 319 320 322 324 327 329 330 331 332 333 334 335 338 341
14 315 318 321 324 325 326 328 329 330 331 335 336 337 340
8 314 318 319 320 324 328 339 341
15 313 314 317 318 320 321 323 327 328 329 331 333 334 337 339
11 317 318 319 320 321 324 326 331 333 334 341
9 315 318 319 320 323 327 334 337 340
15 314 317 318 320 324 328 330 331 334 335 336 338 339 340 341
13 313 319 320 321 322 323 328 329 330 331 332 335 336
14 315 316 318 319 325 326 327 330 332 335 336 337 339 340
15 313 314 316 317 318 322 323 324 327 333 335 336 337 340 341
18 314 316 318 319 320 322 323 325 329 330 331 333 336 337 338 339 340 341
13 314 318 319 322 326 330 331 332 334 335 338 340 341
9 315 316 318 319 321 324 329 332 334
12 314 316 318 323 324 325 327 330 332 335 337 338
18 314 316 317 320 321 322 325 326 327 329 330 334 335 337 338 339 340 341
11 313 315 316 319 324 327 330 334 335 336 338
18 313 317 319 321 322 325 326 327 328 329 330 333 334 335 337 339 340 341
16 313 314 316 319 323 325 326 327 328 330 331 334 336 337 339 340
17 313 314 315 317 318 320 321 322 323 325 327 329 330 334 336 338 341
12 314 317 318 320 321 322 324 334 335 337 338 340
14 313 315 317 318 322 325 331 332 334 335 336 337 339 341
13 316 317 319 322 323 326 327 328 329 330 331 332 340
11 313 318 319 320 322 324 325 328 333 337 338
9 317 320 322 330 331 335 337 338 340
11 313 318 321 323 324 325 326 331 332 337 340
13 314 316 318 319 322 325 327 328 329 330 334 339 340
14 313 315 318 319 320 321 322 327 329 330 333 338 339 340
12 315 316 317 324 325 326 327 330 333 334 336 337
9 314 315 319 320 324 329 334 335 340
15 313 314 317 318 319 322 325 327 329 330 332 333 339 340 341
14 315 319 320 321 322 324 328 329 333 334 336 337 339 341
10 315 317 321 322 323 327 328 330 333 341
14 316 319 320 321 323 324 325 326 329 331 333 334 335 339
17 313 314 316 317 320 322 325 326 328 329 330 332 334 336 338 339 341
14 315 317 318 320 321 322 325 331 332 333 334 337 339 340
18 313 314 315 317 319 320 321 323 324 325 327 328 331 333 335 336 338 339
12 315 318 319 322 324 328 334 335 337 339 340 341
14 315 316 319 320 321 324 325 332 333 336 337 338 340 341
12 313 314 317 318 319 320 323 324 325 329 337 338
17 315 316 317 318 320 322 323 326 329 330 332 334 336 337 338 340 341
17 313 315 317 320 321 323 325 326 328 330 332 333 334 335 337 338 341
19 314 319 321 322 324 325 326 327 328 329 330 331 332 333 334 335 336 337 338
12 313 314 316 318 319 320 322 325 328 337 338 340
16 315 317 318 319 320 321 323 324 327 328 332 335 336 337 340 341
14 316 320 323 325 328 329 331 333 334 336 337 338 340 341
14 315 316 318 319 322 324 325 327 331 332 333 335 336 338
10 313 319 320 321 323 324 332 336 339 340
15 314 316 318 319 321 324 325 326 327 328 330 334 337 338 340
14 315 316 317 318 321 326 327 328 330 332 333 335 338 340
17 314 317 318 319 322 323 324 325 327 328 330 331 332 334 335 336 339
10 314 315 317 319 326 330 332 334 335 340
15 313 314 315 319 320 322 323 326 327 328 330 331 333 336 337
19 313 314 315 318 319 320 322 323 324 325 326 330 331 332 333 336 337 340 341
16 313 314 316 318 320 321 326 327 329 331 332 334 335 337 340 341
18 313 314 315 317 318 319 324 326 327 332 333 334 335 337 338 339 340 341
13 314 317 318 319 321 322 327 331 334 336 337 339 340
14 313 315 318 320 321 322 323 328 330 331 333 335 337 341
18 313 315 316 320 321 322 324 325 328 331 332 333 334 335 336 338 340 341
20 313 314 315 316 317 319 320 321 323 325 327 328 329 332 333 335 337 338 340 341
14 313 314 315 316 323 324 328 329 330 336 337 338 339 341
13 313 315 316 317 323 324 328 330 333 334 336 338 340
10 313 314 317 318 323 326 329 331 333 334
15 313 315 316 317 318 320 321 325 328 329 330 331 333 338 340
17 317 318 319 320 321 322 323 324 325 326 331 332 334 336 337 339 341
15 313 315 316 318 319 321 322 325 328 330 331 333 335 336 341
12 313 316 317 319 321 323 324 325 332 334 335 341
17 313 314 317 319 320 323 324 325 328 331 332 334 335 336 338 340 341
16 314 315 318 319 321 323 324 325 327 328 335 336 338 339 340 341
9 318 319 321 322 323 328 330 332 340
13 315 316 317 319 320 321 323 324 325 327 329 331 340
10 315 318 319 322 326 327 330 331 332 337
10 315 317 318 321 324 325 326 328 334 341
19 313 316 317 318 319 321 322 323 324 327 329 330 331 334 336 337 338 339 341
14 315 316 317 318 319 322 325 327 328 330 333 336 338 340
12 315 316 319 320 321 322 323 326 328 330 331 340
18 313 315 316 317 318 319 320 321 323 324 327 329 330 331 334 335 338 339
10 314 315 316 319 320 324 331 333 339 341
19 314 317 318 319 320 321 324 325 326 328 331 332 333 334 335 336 337 339 341
9 315 317 318 320 323 326 328 338 341
14 313 315 316 317 318 321 324 327 330 331 333 335 337 338
15 313 315 317 320 323 327 328 330 333 335 336 337 338 339 340
9 315 316 319 325 328 330 337 339 341
15 313 314 319 320 321 323 324 327 329 330 331 332 333 335 340
9 314 317 322 323 328 333 334 337 339
10 313 316 317 322 323 326 328 330 331 336
13 313 316 318 319 320 321 323 324 332 334 336 338 340
18 313 315 316 319 320 321 323 324 328 329 331 333 334 335 336 337 339 340
12 317 318 319 320 322 323 324 326 330 333 334 340
10 316 319 321 324 326 330 331 336 338 341
12 316 318 320 322 325 328 330 331 333 336 337 338
12 316 318 321 325 329 330 331 333 334 335 339 341
15 313 321 322 324 325 326 328 330 331 334 335 337 338 339 340
19 313 315 316 320 321 323 324 325 326 329 330 331 332 333 334 335 336 339 341
20 313 314 315 316 317 318 320 322 323 324 327 328 329 330 332 334 335 336 337 340
16 313 315 317 320 321 322 323 324 326 327 329 330 335 338 340 341
13 313 314 318 319 320 322 324 326 329 331 333 338 339
19 313 314 315 316 317 318 319 324 326 327 330 331 333 334 335 336 337 338 340
11 313 314 315 319 323 324 327 329 333 338 341
16 314 316 317 319 320 321 324 325 326 328 329 334 335 337 338 340
19 313 314 316 320 321 322 323 325 328 330 331 332 335 336 337 338 339 340 341
18 313 316 317 323 324 327 328 329 330 332 333 334 335 336 338 339 340 341
19 313 314 317 318 319 321 322 324 325 326 327 328 329 330 332 334 335 337 341
10 313 314 315 316 317 322 326 329 331 340
19 313 314 315 318 319 320 321 322 323 324 325 327 329 331 333 335 336 340 341
11 317 318 319 321 323 324 325 326 329 330 339
13 313 316 318 319 320 321 323 328 329 332 333 334 338
10 313 314 315 320 325 326 327 331 335 336
10 317 318 325 329 332 333 334 335 337 341
16 315 316 317 322 323 326 328 331 332 334 335 336 338 339 340 341
17 313 314 316 320 324 325 326 327 328 330 331 332 336 337 338 340 341
15 313 314 315 317 318 320 322 323 324 325 327 328 331 333 340
8 313 319 322 325 329 332 335 336
12 313 314 316 318 320 321 322 323 328 329 332 340
17 314 316 318 320 322 323 325 329 332 333 335 336 337 338 339 340 341
9 319 324 331 333 336 337 338 339 340
13 315 316 318 319 320 328 330 331 334 336 338 339 340
18 313 314 315 316 319 322 323 324 325 326 328 329 330 333 335 336 338 341
16 313 316 317 318 319 323 326 327 329 330 331 333 337 338 339 341
14 315 321 322 323 324 326 327 329 331 333 334 336 337 339
15 313 314 315 317 318 319 322 323 324 327 334 335 337 338 339
15 314 315 316 317 318 319 322 324 327 328 331 332 337 339 340
9 317 319 321 327 328 329 331 336 338
15 317 319 320 321 322 326 327 331 333 334 336 337 339 340 341
9 313 315 320 321 324 326 327 329 337
16 314 316 317 319 320 322 323 326 327 328 329 330 332 335 336 341
10 313 318 319 323 325 326 329 330 337 341
13 314 315 316 318 320 321 324 326 327 330 335 336 340
20 313 314 317 318 320 321 323 324 326 327 328 329 330 331 335 337 338 339 340 341
17 313 314 317 318 320 321 322 326 328 331 332 333 334 336 337 340 341
17 313 314 315 316 317 318 319 320 324 325 326 328 331 335 336 339 340
11 318 319 320 324 327 330 332 333 334 339 340
17 313 316 318 319 320 322 324 325 327 328 330 331 333 337 338 340 341
13 313 316 318 319 320 322 324 332 334 337 339 340 341
15 314 316 319 322 324 325 330 333 335 336 337 338 339 340 341
16 313 316 317 319 320 321 322 323 324 325 327 329 331 336 339 341
15 313 314 315 316 320 322 323 324 327 329 332 333 336 338 341
18 313 316 318 319 321 322 323 325 327 328 330 332 333 336 338 339 340 341
12 314 316 317 319 322 323 329 333 334 335 339 340
17 313 315 317 318 319 320 321 324 325 330 331 332 334 336 338 339 341
13 313 314 320 321 322 325 326 329 331 332 333 337 341
19 313 314 320 321 322 323 324 326 327 328 330 332 334 335 336 338 339 340 341
18 313 314 317 318 319 320 321 325 326 327 332 333 335 336 337 338 340 341
14 316 317 319 320 322 324 327 328 329 331 332 338 339 340
15 314 316 317 319 321 325 328 329 330 331 332 333 337 339 340
15 315 317 322 323 324 325 326 327 331 335 336 338 339 340 341
15 316 317 318 319 320 321 322 323 324 329 330 334 338 339 341
9 314 316 324 325 326 329 330 336 339
11 313 314 319 320 327 332 333 334 339 340 341
14 313 315 316 317 319 321 324 325 330 331 335 337 339 341
13 315 316 319 320 323 326 328 329 330 334 337 338 339
16 313 316 317 318 319 320 321 322 324 325 327 329 331 332 340 341
11 313 314 317 318 322 324 330 334 337 338 340
11 314 317 318 321 324 326 329 332 333 336 341
10 314 317 318 326 332 333 334 335 337 339
9 316 319 321 324 331 335 337 338 339
16 313 314 315 316 317 319 320 322 325 329 332 333 334 335 340 341
17 313 316 318 320 323 324 326 328 329 330 331 332 333 337 339 340 341
15 315 316 317 322 323 325 326 327 328 329 332 333 334 336 339
12 313 314 315 316 322 328 329 334 336 337 338 339
9 313 317 320 326 329 331 332 334 339
20 313 314 315 316 317 318 320 322 323 324 327 328 330 331 332 333 336 337 338 339
16 313 314 315 316 320 321 324 325 326 328 329 330 333 334 340 341
11 314 317 318 321 323 327 330 332 335 338 341
12 315 316 317 319 322 324 325 329 333 334 336 338
20 313 314 316 317 318 319 320 321 324 329 330 331 332 333 335 337 338 339 340 341
11 314 315 318 320 326 328 330 332 334 336 340
19 314 315 316 319 320 321 322 324 325 326 327 328 330 331 333 334 337 338 340
16 313 314 316 317 318 319 321 322 326 327 330 331 332 333 337 340
12 314 315 320 321 322 323 326 328 329 331 334 338
11 316 320 321 323 324 326 327 335 336 339 340
18 313 315 316 318 322 323 324 325 327 328 329 331 332 333 334 335 340 341
11 314 315 318 319 320 325 330 331 332 338 341
18 313 314 315 317 318 319 320 322 323 325 326 329 331 336 337 338 339 341
13 314 315 318 320 324 327 330 331 332 333 335 340 341
13 313 316 317 319 320 321 322 323 331 332 333 334 336
19 313 314 317 320 322 324 325 328 330 331 332 333 334 335 337 338 339 340 341
16 313 319 321 323 329 330 331 333 334 335 336 337 338 339 340 341
13 317 319 322 324 326 328 332 333 336 337 338 339 340
18 314 316 317 318 319 321 322 324 325 326 327 329 330 332 335 336 337 340
16 314 319 320 321 323 324 325 326 327 328 330 331 333 334 336 340
8 343 344 345 349 360 362 364 368
19 342 344 345 347 348 349 350 352 355 356 357 360 362 363 364 366 367 368 369
11 343 347 348 350 353 354 355 356 362 366 372
20 342 345 346 347 349 351 354 355 356 360 362 363 364 365 367 368 369 370 372 373
23 342 343 345 348 350 352 353 354 355 356 357 358 359 361 362 364 366 367 368 369 370 371 372
3 343 348 358
10 345 348 351 357 360 363 364 370 371 372
19 342 344 345 346 347 349 350 351 352 356 357 358 361 363 368 369 371 372 373
13 343 344 349 351 352 353 354 357 358 359 361 372 373
11 342 346 347 350 351 352 355 369 370 371 373
7 343 349 353 357 368 370 373
7 342 344 352 353 360 363 365
9 344 347 349 351 352 356 359 366 372
13 344 347 348 350 352 354 356 357 358 361 367 368 369
11 348 351 353 357 358 359 364 365 369 370 371
6 348 356 358 359 362 372
5 346 353 355 369 371
12 343 344 348 350 352 353 357 358 359 361 366 371
7 343 347 350 354 367 368 373
9 343 347 349 352 355 356 361 364 373
10 342 344 346 349 356 358 359 362 365 369
12 342 345 348 354 358 361 362 364 367 368 370 373
7 343 344 346 359 364 365 366
12 347 349 354 357 360 363 364 366 368 369 372 373
12 344 345 347 352 353 360 361 363 367 368 369 373
3 361 370 373
8 355 356 362 364 366 368 370 371
12 344 345 346 348 349 351 353 355 363 364 367 370
7 346 351 357 358 366 369 370
13 343 348 353 354 355 359 360 362 364 365 366 367 370
7 342 345 349 360 362 363 373
9 342 343 344 352 356 361 365 366 367
20 342 343 346 348 350 351 354 355 356 357 358 359 361 362 363 364 368 371 372 373
13 342 343 347 348 352 355 356 360 365 367 368 369 370
6 343 350 357 360 363 365
12 344 345 347 349 352 353 360 365 366 367 369 370
10 345 348 355 356 359 364 367 368 372 373
3 355 356 367
10 342 344 357 359 360 361 363 367 371 372
12 350 354 356 358 359 360 362 365 368 369 372 373
12 342 345 347 348 354 356 358 362 366 367 368 371
14 345 347 349 350 351 352 353 356 362 365 366 368 370 373
7 348 353 354 358 363 370 372
7 346 348 358 359 362 367 370
10 343 346 351 353 354 358 359 365 371 372
13 342 344 345 346 347 350 354 355 360 363 364 365 366
7 344 347 362 364 366 367 373
7 343 348 359 362 366 370 372
14 342 346 350 351 352 354 358 361 362 365 366 367 368 369
9 345 347 348 350 352 362 363 367 370
15 342 343 345 348 349 354 355 356 357 358 361 363 365 369 370
5 351 353 359 364 372
6 353 354 359 360 365 371
8 342 344 347 349 350 354 366 373
16 345 346 347 349 350 351 355 357 359 360 362 364 368 369 371 373
20 343 344 346 349 350 351 352 353 355 357 359 360 361 363 364 365 369 370 372 373
5 357 358 366 370 372
7 343 346 355 365 366 370 371
19 344 345 346 349 350 351 353 354 357 358 359 361 362 363 364 366 371 372 373
9 344 346 347 349 351 360 363 365 373
5 346 354 355 364 369
6 351 352 361 367 369 371
12 342 349 353 354 356 357 360 361 368 371 372 373
10 346 350 351 352 353 359 360 368 371 372
5 352 353 355 361 366
13 342 343 344 345 350 351 352 353 355 356 361 365 371
12 342 344 345 346 348 350 351 362 363 367 368 369
8 342 343 347 352 357 361 366 371
11 342 345 346 347 348 350 360 363 365 367 369
10 343 345 346 352 360 361 362 363 368 372
18 343 344 345 347 348 349 353 355 356 357 359 360 363 364 370 371 372 373
8 343 347 349 350 354 361 362 371
12 344 345 346 351 357 358 359 360 367 368 369 371
9 342 349 352 361 363 364 365 370 373
13 342 346 349 350 351 354 355 356 357 358 364 365 371
4 351 355 358 369
13 348 353 354 356 357 358 359 361 363 365 366 367 372
4 344 346 365 366
10 342 343 347 348 352 355 356 360 367 369
5 342 343 344 352 356
5 343 344 356 365 367
5 343 344 346 359 366
5 343 349 356 361 373
8 344 347 348 350 356 357 361 369
4 346 354 355 364
3 356 359 362
6 344 347 360 361 363 368
9 344 345 352 353 360 365 366 367 369
6 344 346 349 360 363 365
12 345 349 351 355 357 359 360 362 364 368 369 371
14 342 346 348 350 351 354 355 356 357 359 363 364 368 371
10 346 349 350 351 355 356 357 358 365 371
3 346 354 364
4 347 362 364 373
5 344 352 360 363 365
7 342 354 358 361 362 364 370
7 344 346 349 351 355 363 370
6 347 349 363 364 368 369
5 343 346 359 364 366
11 344 345 348 349 356 357 360 366 367 368 369
6 356 362 364 366 368 370
7 342 352 358 361 366 367 368
6 342 345 346 350 363 367
9 344 346 348 351 355 363 364 367 370
6 343 349 354 361 362 371
5 343 353 357 368 373
4 350 357 363 365
6 345 346 348 362 363 367
12 345 347 349 350 351 352 353 362 365 366 368 370
5 342 347 350 354 366
8 348 353 358 359 361 366 367 372
6 343 347 349 350 361 362
9 345 348 354 355 356 357 358 361 369
10 344 345 347 360 361 363 367 368 369 373
10 342 347 348 354 356 362 366 367 368 371
4 342 343 352 366
19 342 343 345 350 352 353 354 356 357 358 361 362 366 367 368 369 370 371 372
8 344 348 350 352 353 357 358 371
10 342 343 348 354 355 356 358 361 363 369
4 349 352 361 364
2 353 372
11 343 344 345 347 349 353 356 359 360 363 364
13 342 344 345 346 347 349 350 352 356 357 363 372 373
3 357 358 370
7 344 347 349 351 360 363 373
5 352 364 365 370 373
9 342 344 345 346 350 354 355 360 366
5 351 352 356 359 372
9 343 345 355 356 357 358 361 363 365
4 348 356 359 372
2 346 369
4 358 359 367 370
7 343 347 352 355 356 361 364
11 348 353 354 357 358 359 361 363 366 367 372
4 346 353 355 371
4 344 347 366 373
10 347 349 354 357 363 364 366 368 369 373
3 353 355 371
9 344 345 347 349 353 360 366 367 370
4 348 356 358 372
11 343 344 351 352 354 357 358 359 361 372 373
8 352 354 356 357 358 367 368 369
3 346 353 371
5 347 349 350 354 362
9 347 350 352 354 357 358 361 368 369
7 342 357 360 361 367 371 372
4 343 349 354 361
8 346 350 351 352 358 365 366 369
1 370
8 345 347 350 355 362 369 371 373
6 347 357 360 364 366 372
13 342 347 349 350 352 357 360 362 363 364 367 368 369
8 345 349 350 351 353 362 368 370
7 344 352 353 360 365 366 367
6 344 347 352 361 363 369
9 344 349 351 352 353 354 357 359 373
2 351 369
9 348 353 357 359 364 365 369 370 371
5 347 362 364 366 373
3 348 359 372
4 351 353 359 372
11 345 347 348 352 357 360 362 363 366 367 369
9 342 344 345 346 347 354 355 363 364
6 343 349 360 362 364 368
5 344 362 364 366 367
10 342 349 353 356 357 360 361 371 372 373
6 355 356 362 368 370 371
4 351 356 366 372
6 342 347 352 355 360 365
6 344 346 348 350 362 369
5 343 346 359 364 365
8 343 346 351 358 359 365 371 372
4 356 358 359 362
12 342 343 351 354 355 356 357 358 362 363 371 373
6 346 352 359 360 368 372
6 344 347 349 354 366 373
4 346 354 355 369
4 351 352 361 369
5 343 362 366 370 372
2 355 367
4 343 346 365 366
7 343 347 349 355 361 364 373
10 344 345 348 350 355 357 360 362 367 368
4 353 355 369 371
10 342 349 353 354 356 361 368 371 372 373
9 342 349 353 354 356 357 368 371 372
3 346 353 355
6 342 349 357 358 364 371
12 345 346 350 351 353 354 358 359 362 363 364 371
1 356
8 345 348 355 359 364 367 368 372
4 343 349 357 368
6 345 347 348 356 358 368
9 346 350 351 354 356 357 358 365 371
5 343 347 350 362 371
3 359 364 372
5 343 348 362 366 370
5 343 346 359 364 366
5 346 358 362 367 370
11 342 345 346 349 351 352 356 357 361 369 373
4 343 346 365 366
6 342 344 347 350 354 373
7 346 350 351 355 369 370 373
8 349 355 360 362 368 369 371 373
11 343 350 351 352 355 359 360 361 364 370 372
9 344 352 353 360 361 363 368 369 373
3 351 357 358
4 343 344 361 367
7 344 350 352 357 358 361 371
5 344 347 349 354 366
4 350 352 362 363
3 364 366 367
5 344 346 359 365 366
7 350 358 359 365 369 372 373
3 348 366 372
7 346 347 350 351 352 371 373
7 344 347 349 351 352 359 366
18 342 345 348 350 352 353 354 356 357 358 359 362 364 366 367 368 369 371
2 370 373
3 356 362 372
15 342 344 345 346 347 349 350 351 356 363 368 369 371 372 373
5 343 350 354 368 373
4 352 353 355 361
12 345 348 349 354 355 356 357 358 361 365 369 370
5 345 351 360 370 371
4 352 353 360 365
3 352 355 366
11 344 347 348 349 355 356 360 364 366 367 368
10 344 345 346 348 351 362 363 367 368 369
3 346 354 369
8 344 345 346 351 357 367 369 371
14 342 346 351 354 356 357 358 359 361 362 364 368 372 373
3 343 359 362
8 347 348 350 353 355 356 362 372
5 347 362 364 366 367
15 344 345 346 349 350 351 353 359 361 362 363 364 371 372 373
8 342 357 359 361 363 367 371 372
6 342 350 351 355 369 373
5 348 358 359 362 372
4 351 359 364 372
7 349 357 363 368 369 372 373
6 345 355 356 359 364 367
11 342 344 345 347 348 357 360 362 364 366 369
8 345 346 347 348 350 363 365 369
20 342 343 346 347 349 350 352 353 354 355 356 358 359 362 363 364 368 369 370 371
19 344 345 346 347 350 351 353 354 355 356 357 358 359 362 363 366 368 369 372
15 343 345 350 351 353 354 355 360 361 362 365 367 368 371 372
20 342 343 346 347 348 349 353 354 356 357 359 362 363 364 366 368 369 370 371 372
13 344 347 348 352 356 357 362 365 366 367 368 369 370
15 342 343 344 349 350 355 357 360 362 365 367 370 371 372 373
16 343 346 348 349 354 355 356 360 361 363 364 365 367 368 371 372
12 342 344 346 349 352 355 358 359 361 365 366 372
20 343 344 345 346 347 348 349 350 351 354 356 357 358 360 361 363 366 369 370 371
21 342 343 344 345 346 347 348 350 351 352 353 356 359 360 361 362 363 365 367 368 370
10 345 346 352 355 362 367 368 369 370 373
20 342 343 344 345 347 348 350 352 354 356 358 359 362 363 364 365 366 367 369 373
12 343 344 345 346 354 360 363 364 365 366 370 372
13 345 350 352 355 356 358 359 361 362 365 368 370 373
18 342 343 344 347 348 350 352 356 357 359 360 363 367 368 369 371 372 373
19 342 343 344 346 349 350 351 353 357 358 360 361 364 365 367 368 369 370 371
18 343 345 347 349 350 351 352 353 356 357 359 361 362 363 364 365 367 372
10 344 348 352 354 358 360 363 364 369 373
21 342 345 346 348 349 351 354 355 356 357 359 362 363 364 365 367 368 369 370 371 372
21 343 344 347 348 349 350 351 353 354 356 358 359 360 361 362 363 365 369 371 372 373
17 342 343 344 345 346 351 352 353 354 356 359 360 362 363 368 371 372
15 342 343 345 346 351 352 354 355 357 358 360 364 366 369 370
16 342 344 347 349 352 355 359 360 362 363 364 365 367 368 369 372
10 342 347 351 354 359 361 364 365 369 371
10 342 349 350 351 354 358 363 364 365 368
11 342 343 344 349 355 359 360 363 365 368 371
21 342 345 347 348 349 351 352 353 355 356 358 359 360 362 364 366 368 369 370 371 373
10 342 348 349 351 354 357 359 360 364 369
18 342 343 344 345 349 354 356 357 359 360 361 362 364 365 367 370 372 373
20 343 344 345 346 349 351 353 354 355 356 357 358 359 360 362 363 365 367 369 371
18 342 344 346 348 352 353 354 355 357 358 359 362 363 368 369 370 371 372
17 342 343 344 346 349 351 353 357 360 364 366 367 368 369 370 371 372
19 342 343 344 347 349 351 352 354 355 357 358 359 360 363 364 367 369 371 373
11 347 350 355 356 357 359 360 361 364 368 372
16 344 346 347 348 350 351 353 354 355 361 362 364 366 367 368 373
11 347 348 349 351 352 354 358 359 363 367 369
20 342 343 344 345 346 348 350 351 353 354 356 358 359 360 362 363 365 367 372 373
12 342 345 347 348 350 351 354 356 358 361 365 371
16 343 345 346 347 350 352 354 359 360 361 365 367 368 369 370 372
10 342 345 350 356 357 361 362 364 367 368
18 342 343 347 349 350 353 354 356 357 358 359 360 363 366 368 371 372 373
20 342 343 344 345 346 348 349 350 351 357 360 362 363 365 366 368 369 371 372 373
10 343 345 349 353 354 355 361 363 368 371
18 343 344 345 346 348 350 351 354 355 360 361 362 365 366 369 370 372 373
15 348 352 354 355 357 358 359 360 361 362 363 367 368 371 372
20 342 344 346 348 350 351 353 356 357 358 359 360 363 364 365 368 369 370 371 372
13 343 344 346 348 350 358 360 361 365 368 369 370 373
20 343 345 346 349 350 351 352 354 356 357 358 359 361 362 365 366 367 368 371 372
19 343 344 345 346 347 348 350 352 354 357 359 363 364 365 366 368 369 370 372
18 344 345 346 350 351 353 354 355 356 357 359 360 361 362 364 365 368 372
16 342 347 348 350 354 355 357 358 360 361 362 365 366 369 371 373
18 344 345 346 347 348 349 352 353 355 356 357 360 362 364 367 370 372 373
12 348 350 354 356 357 359 364 365 370 371 372 373
19 342 344 345 348 349 350 351 352 353 355 357 360 361 363 366 369 370 371 372
16 342 343 344 349 351 352 354 357 358 360 362 363 365 366 370 372
13 346 350 352 353 356 357 358 359 365 366 369 370 371
13 346 348 350 352 353 354 359 363 367 368 369 371 373
18 343 344 345 349 351 352 353 355 356 357 358 359 360 361 364 366 368 372
20 343 345 346 347 349 350 352 353 356 357 359 360 361 362 365 367 368 370 371 372
16 343 345 346 347 349 350 355 357 358 361 362 363 364 365 366 369
18 342 343 344 345 349 350 352 354 355 360 362 363 365 367 368 370 371 373
19 342 345 348 349 353 354 356 357 358 360 361 362 363 364 365 369 371 372 373
13 342 343 347 349 353 361 362 363 364 367 369 370 373
11 342 347 348 350 352 356 359 362 365 372 373
11 343 350 352 358 360 361 362 363 365 366 373
9 345 346 349 351 356 362 365 366 368
11 342 344 345 347 353 356 357 359 365 369 373
11 342 348 350 352 354 359 360 366 367 369 370
19 342 345 346 349 350 352 353 354 355 356 357 360 363 364 368 369 370 372 373
15 343 345 346 349 351 353 355 358 359 361 363 364 365 370 371
11 351 352 353 357 360 361 362 363 364 369 371
15 343 344 347 349 352 353 355 358 359 361 365 366 368 371 373
15 342 344 347 348 349 351 353 361 362 363 364 366 367 370 371
12 343 346 347 350 351 353 362 365 366 369 370 373
15 342 345 346 348 349 351 352 354 357 359 363 367 368 371 372
16 342 344 347 348 350 352 354 355 356 359 360 361 363 364 365 367
19 343 344 345 347 348 349 353 354 356 357 359 360 362 363 365 366 368 369 370
17 342 344 345 346 347 350 351 352 353 357 358 361 362 366 368 370 372
13 348 349 350 351 352 355 359 362 363 367 369 372 373
12 343 346 352 356 358 364 365 367 368 369 370 371
21 342 343 344 345 346 347 348 349 355 356 357 359 360 361 363 365 366 367 368 369 370
14 342 344 345 346 348 349 351 356 357 363 364 367 368 372
12 345 346 347 350 352 353 356 357 359 361 362 366
12 345 347 351 352 353 356 359 361 362 365 369 372
19 343 344 347 350 351 352 353 354 355 357 358 360 361 363 366 367 368 370 371
9 343 352 353 357 359 363 364 371 372
18 344 345 348 349 350 353 357 358 360 361 362 363 365 367 369 370 371 373
10 342 346 351 356 357 362 367 369 370 371
12 343 344 348 350 351 353 357 358 364 366 370 371
10 342 343 347 351 357 358 365 366 369 371
17 343 345 347 348 350 351 352 353 355 357 365 366 367 369 371 372 373
11 347 348 350 351 352 354 359 363 366 368 369
20 344 345 347 348 349 350 352 353 354 355 357 359 360 362 363 364 365 368 370 373
14 342 345 346 349 350 353 354 355 358 361 363 365 366 370
16 342 344 345 346 347 350 351 352 354 356 358 361 365 366 370 371
11 344 345 347 349 351 360 361 363 369 371 373
17 342 343 344 347 349 350 351 353 359 360 361 362 363 366 367 368 373
21 342 343 345 346 347 348 350 352 353 354 358 359 360 361 362 365 366 367 369 371 373
13 342 344 345 355 360 362 364 366 367 369 371 372 373
10 346 351 352 355 357 358 361 364 366 373
10 342 344 350 352 357 364 367 370 371 372
20 342 345 347 348 352 353 354 356 357 359 360 361 362 363 365 367 369 370 371 373
15 344 346 348 349 350 352 353 354 355 361 362 363 366 367 368
11 342 343 345 346 347 349 355 356 359 364 369
13 345 350 352 356 357 359 360 363 364 365 367 368 369
17 342 343 344 345 347 350 351 352 354 355 359 362 363 368 369 371 372
15 342 344 345 349 352 354 355 359 365 366 368 369 371 372 373
18 342 345 346 348 349 350 351 353 355 357 359 360 361 362 364 368 370 373
19 342 344 348 349 350 352 353 355 356 357 358 360 363 365 366 367 368 371 372
12 342 343 344 350 352 355 360 361 366 369 372 373
21 342 346 347 349 351 352 355 357 358 359 360 361 362 363 365 366 367 368 369 372 373
16 345 346 347 348 353 354 356 360 362 363 364 365 367 369 370 371
12 342 344 354 357 358 360 361 362 365 369 370 371
17 342 343 344 347 349 351 352 353 357 360 361 365 366 367 369 372 373
17 342 343 346 349 351 352 353 355 362 363 364 365 368 369 371 372 373
14 343 344 345 346 347 349 353 355 357 365 367 369 370 373
19 343 345 346 348 349 350 351 352 353 354 357 359 360 365 366 368 369 371 373
11 342 343 344 349 351 353 354 358 361 362 369
20 342 343 344 345 346 348 349 354 355 356 358 359 360 363 364 365 366 367 371 373
16 343 346 347 348 350 356 357 358 359 361 365 366 370 371 372 373
10 344 345 346 348 361 363 369 370 371 373
18 343 344 345 350 352 353 354 355 357 358 359 364 365 366 367 369 370 373
13 343 347 348 349 352 356 359 363 364 365 367 369 372
13 342 344 349 350 355 357 358 362 364 365 366 368 369
15 343 344 345 349 350 352 354 356 357 358 360 366 367 368 370
18 342 343 344 346 349 350 351 353 354 356 357 359 360 361 365 368 371 372
12 343 344 345 348 350 351 353 355 358 362 364 370
10 342 343 350 356 357 358 359 366 370 371
19 342 344 347 349 350 353 355 358 359 360 361 363 364 366 367 368 369 370 371
20 342 344 346 347 348 350 351 352 355 356 357 358 359 361 363 365 366 368 370 371
15 343 344 345 346 347 350 352 363 364 368 369 370 371 372 373
19 345 346 347 348 349 350 352 353 356 359 360 361 362 364 365 367 368 369 370
12 342 343 349 354 359 360 363 366 369 370 372 373
14 342 343 347 348 349 354 356 361 362 365 366 367 371 372
11 342 343 344 349 350 353 357 358 363 366 373
20 344 346 347 349 350 353 354 355 357 358 359 360 363 364 365 368 369 370 371 373
9 342 345 349 351 352 354 363 371 372
11 351 352 354 356 359 361 362 367 369 370 372
19 343 344 346 348 352 354 355 357 359 360 362 363 364 366 367 368 371 372 373
17 342 343 344 345 346 347 353 354 357 359 361 364 365 368 369 371 373
16 343 345 346 348 350 351 352 353 355 359 364 365 367 368 370 371
21 343 344 345 346 347 348 350 352 354 355 358 359 360 361 362 364 365 369 370 371 373
18 342 343 344 345 348 349 350 351 355 356 358 359 362 365 366 367 368 372
12 342 344 346 348 350 354 358 360 361 362 370 371
20 342 344 346 347 348 350 351 354 355 356 357 358 359 361 362 364 369 370 371 373
16 344 345 346 347 348 351 355 359 361 362 365 368 369 370 371 373
19 342 344 345 347 349 350 351 352 354 355 358 359 360 361 363 367 368 371 372
10 344 350 351 354 355 357 361 365 369 371
15 344 346 348 350 351 353 354 357 363 364 365 368 369 370 373
16 343 344 346 347 348 351 353 356 357 361 362 366 369 371 372 373
19 342 343 344 346 348 349 352 354 356 359 360 363 365 366 368 370 371 372 373
18 343 344 345 346 347 350 351 354 357 359 362 363 364 365 367 369 371 372
20 342 344 345 346 347 350 351 352 354 356 357 358 359 362 363 364 366 369 370 373
17 342 343 344 345 346 347 350 354 357 360 363 366 367 368 370 372 373
19 342 343 347 348 350 352 355 357 358 362 363 364 365 366 367 368 369 370 371
10 343 344 345 353 360 363 365 370 372 373
20 343 344 349 352 353 354 356 357 358 359 360 362 363 364 365 366 367 369 371 372
14 342 343 344 346 347 349 350 352 354 355 356 358 360 366
12 343 347 348 354 360 361 362 367 368 369 370 372
17 342 344 347 348 349 352 353 354 357 360 363 364 366 368 370 372 373
19 344 345 346 347 348 350 351 356 357 358 359 360 363 364 366 367 368 369 371
10 343 344 345 348 350 361 362 366 368 372
13 342 343 344 348 353 356 358 362 363 367 371 372 373
16 343 344 347 348 349 351 353 354 355 356 357 358 363 369 371 372
17 342 343 350 351 352 356 357 358 359 360 362 363 364 365 367 369 373
10 351 352 354 361 363 365 368 371 372 373
14 342 343 345 349 350 355 356 357 360 362 365 366 367 370
17 343 344 345 347 349 351 353 355 356 358 359 360 365 367 368 369 373
31 374 377 378 382 384 385 388 392 397 400 403 405 408 409 412 413 414 416 417 418 419 420 422 430 433 434 435 440 442 443 444
19 376 382 385 386 391 396 399 404 405 407 417 419 423 425 429 431 434 435 442
18 379 383 386 394 397 399 400 402 404 406 408 409 416 431 438 439 442 444
18 378 379 383 385 388 389 390 398 399 404 409 415 416 417 423 430 432 444
16 375 376 379 380 381 391 400 408 413 415 417 424 426 439 442 445
24 376 378 379 380 381 382 392 395 397 398 400 404 405 406 407 411 412 420 423 426 427 431 432 434
22 375 384 389 390 391 393 394 396 402 405 410 415 422 424 427 430 431 437 439 440 443 444
18 376 378 382 385 393 402 405 409 413 414 421 425 426 429 433 434 440 444
32 376 378 379 380 384 385 387 388 389 392 393 394 395 396 398 399 401 406 410 414 416 417 421 422 427 428 429 430 432 439 440 444
11 375 378 380 392 401 407 425 429 438 439 441
13 374 380 384 398 410 417 420 421 422 424 427 432 437
17 374 375 377 378 379 383 386 387 401 402 406 411 417 419 428 429 430
13 375 377 378 383 393 402 408 410 422 428 438 443 444
18 376 380 386 387 390 395 398 405 411 413 415 427 428 430 436 439 440 444
27 375 378 379 380 381 385 386 387 390 392 394 395 396 399 407 409 410 411 415 416 418 421 423 426 443 444 445
24 376 384 385 390 394 397 399 403 408 409 411 413 414 420 424 425 429 430 431 440 441 442 443 445
11 377 388 393 397 402 403 412 414 419 439 440
33 374 375 376 377 380 385 391 392 393 394 395 396 399 401 402 404 405 406 416 417 420 421 422 424 425 426 427 428 434 435 437 439 442
29 375 380 383 384 385 387 389 391 392 393 396 397 398 399 400 405 407 414 415 417 422 423 427 429 430 432 433 435 437
23 374 380 381 384 387 389 394 398 400 403 409 411 412 413 414 415 418 426 427 437 439 441 445
10 406 410 416 418 426 431 439 440 442 443
19 374 383 385 386 393 394 396 401 402 408 410 416 417 430 433 436 439 441 442
13 374 376 378 382 386 406 407 412 421 422 425 439 444
31 374 376 381 382 386 387 391 392 393 395 396 397 400 403 405 406 410 419 420 422 424 427 429 433 434 435 436 438 441 442 443
20 374 381 382 384 386 387 389 397 402 405 407 409 420 425 427 437 438 442 443 445
17 374 376 379 380 381 385 387 395 409 416 419 428 429 432 434 435 442
15 379 380 381 390 394 398 410 411 421 423 425 428 436 438 445
27 376 377 382 383 385 386 390 391 392 395 398 399 401 402 405 413 414 418 420 424 429 430 432 436 439 441 443
17 375 377 379 399 410 411 412 422 424 429 430 431 432 433 434 435 440
17 380 385 388 391 392 393 396 401 403 406 414 415 418 421 436 441 444
17 379 388 390 392 395 397 401 406 416 420 421 424 430 432 433 436 440
19 377 378 379 382 385 399 402 410 412 416 417 418 422 426 433 435 437 438 442
29 375 377 384 387 388 389 390 391 399 403 409 413 414 415 418 419 421 422 424 425 428 429 435 437 438 440 443 444 445
26 374 377 382 383 391 400 403 404 405 408 409 412 415 418 419 420 423 424 425 426 433 434 437 441 443 445
23 374 378 379 381 384 389 390 392 393 395 399 413 415 419 427 429 430 432 435 437 439 440 441
24 375 376 377 378 379 381 386 388 394 398 399 402 405 406 412 414 418 419 420 423 425 426 436 444
12 396 398 409 414 415 421 423 427 433 438 439 445
3 398 421 441
32 375 377 378 379 383 385 386 388 389 390 391 392 394 399 400 403 404 406 407 408 409 410 419 420 426 427 431 433 435 437 439 445
19 377 381 388 389 391 392 395 401 403 405 413 415 425 426 428 430 433 434 445
30 377 378 382 383 386 388 392 397 399 400 401 403 404 406 407 408 411 412 413 414 417 418 420 423 425 426 433 436 438 445
20 382 386 393 394 396 397 404 406 407 409 411 425 427 430 433 434 435 436 440 444
21 377 379 380 381 386 388 397 399 401 404 406 407 415 417 418 420 422 423 438 443 445
13 376 390 395 398 399 400 407 413 418 425 436 438 443
16 383 384 389 390 391 395 396 398 403 410 412 419 424 427 428 439
40 374 379 381 382 384 385 386 388 389 391 392 393 394 401 402 403 406 408 409 410 411 414 417 419 422 423 424 426 427 428 429 430 431 432 433 434 440 441 442 445
40 374 376 380 381 382 384 387 393 395 396 397 398 401 402 405 411 412 413 414 415 416 417 418 421 422 423 424 425 428 429 430 432 434 436 438 440 441 442 443 444
23 379 385 392 394 396 399 400 404 409 411 414 415 416 417 426 427 428 431 432 434 435 438 445
30 374 383 384 385 387 391 392 393 395 397 401 403 404 407 408 413 416 421 427 429 430 431 433 434 438 439 440 442 443 445
17 374 375 387 392 394 400 408 411 416 430 431 432 435 436 437 441 442
10 379 395 401 411 413 419 421 428 436 445
12 379 392 395 398 401 405 407 416 421 422 434 438
18 376 378 383 390 394 395 398 400 404 408 413 416 417 419 423 426 428 439
28 377 380 383 384 387 393 395 397 398 399 400 401 404 405 407 410 414 415 421 422 426 431 433 434 439 442 443 444
33 374 376 378 379 382 385 388 389 390 391 392 394 402 403 406 409 411 413 416 417 419 420 424 425 427 432 435 436 437 438 440 441 445
13 374 377 385 387 388 389 395 399 412 419 421 423 431
14 375 376 382 385 387 401 402 404 405 424 425 428 434 443
26 375 376 383 386 387 389 391 393 395 396 399 401 402 404 406 407 415 424 426 427 429 431 432 437 439 441
19 375 377 378 380 383 387 396 397 404 405 412 415 416 420 421 435 437 439 444
30 374 375 381 384 388 393 394 396 397 400 403 404 407 409 411 412 415 416 419 421 422 423 425 426 427 433 435 437 440 445
13 374 375 388 393 396 401 403 420 424 429 431 432 445
22 381 383 384 389 391 392 394 397 400 404 406 407 408 409 414 419 421 423 425 434 441 443
14 375 381 386 390 397 402 407 411 413 431 435 436 438 442
43 375 378 380 381 382 383 384 387 389 390 391 392 394 395 397 399 400 401 402 405 407 408 409 412 414 416 419 420 421 422 423 425 427 428 430 435 436 437 440 441 442 444 445
18 380 388 389 391 393 394 395 399 404 408 410 413 416 424 436 437 441 444
12 380 387 389 405 408 410 418 419 420 423 433 443
15 383 389 391 400 401 408 413 417 420 422 427 431 434 436 437
22 375 376 378 382 385 387 390 393 396 407 411 412 414 418 419 423 429 435 436 440 441 443
39 378 379 381 382 383 384 386 387 388 389 390 397 398 400 403 407 408 409 410 411 412 413 414 415 418 419 423 429 430 431 432 433 436 438 440 441 443 444 445
19 374 376 382 384 398 404 405 406 424 425 428 429 430 432 433 435 438 441 442
23 378 383 384 390 392 398 401 402 403 405 410 414 416 418 420 422 428 429 432 437 438 441 443
11 375 381 386 396 408 412 418 423 428 429 430
15 378 379 380 387 389 406 408 410 417 428 431 434 438 442 444
61 374 376 377 379 381 382 383 384 385 386 387 388 389 390 391 393 394 395 396 397 398 399 400 402 403 404 405 406 408 409 410 411 412 413 414 415 416 417 418 419 420 421 422 423 424 426 427 428 430 431 432 433 434 435 436 437 440 442 443 444 445
23 375 377 380 384 394 401 402 407 408 411 412 413 414 418 421 425 426 428 431 437 439 440 445
16 375 381 382 383 386 388 396 400 402 404 406 410 418 423 432 435
20 374 377 378 380 387 389 391 393 412 415 417 419 426 427 428 433 436 437 439 444
23 374 376 377 378 381 382 386 388 390 394 402 403 404 408 409 412 420 424 425 434 438 441 444
35 377 380 383 386 388 391 394 396 397 398 400 403 406 407 408 409 410 411 412 414 416 417 418 420 421 422 423 426 431 433 436 438 442 444 445
18 380 382 389 390 396 400 409 410 411 415 417 422 424 428 432 435 437 441
24 375 377 381 383 384 388 390 391 393 395 397 398 401 402 403 413 424 429 430 436 437 440 441 442
25 376 381 382 384 385 390 392 397 400 403 405 407 412 418 420 422 425 426 431 432 434 435 440 442 443
29 374 376 377 379 385 386 388 393 396 398 403 404 406 410 411 413 415 417 418 424 426 429 431 432 433 434 438 439 443
7 390 397 402 407 411 436 438
19 374 384 387 391 392 393 395 403 407 413 416 421 429 430 433 434 439 442 445
14 376 378 390 394 398 400 404 408 413 417 419 423 426 428
21 374 384 387 391 392 393 395 397 401 407 416 421 427 429 430 433 434 438 442 443 445
16 380 388 391 393 394 395 399 404 408 410 413 416 424 437 441 444
23 374 377 379 385 386 388 398 403 404 410 413 415 417 418 424 426 429 431 433 434 438 439 443
15 375 389 390 393 394 402 405 410 424 427 430 437 439 440 443
13 376 383 390 394 395 398 400 408 416 417 419 426 428
25 380 386 388 394 396 397 400 403 407 408 409 410 412 414 416 417 420 421 422 423 426 431 433 436 445
32 374 376 380 381 382 384 393 395 396 397 401 405 411 412 413 414 415 417 423 424 425 428 429 432 434 436 438 440 441 442 443 444
20 374 378 384 385 388 397 403 405 412 413 416 417 418 420 422 430 433 435 440 442
23 374 379 381 382 384 385 388 389 391 401 402 403 406 408 411 414 419 423 424 430 431 440 442
7 375 393 422 428 438 443 444
10 378 379 380 389 406 428 431 434 438 444
48 374 376 381 382 384 385 386 388 389 390 391 394 395 396 397 398 399 400 402 403 404 408 409 410 411 412 413 414 415 416 417 419 421 422 423 424 426 427 430 431 433 434 435 437 440 442 443 445
15 375 389 391 393 394 405 410 422 427 430 431 437 439 440 444
16 375 377 378 380 383 387 396 397 404 405 415 420 421 437 439 444
18 374 383 385 387 392 395 397 401 403 407 408 413 416 427 431 433 434 440
18 375 379 383 386 390 391 392 404 406 408 409 419 426 427 431 435 437 445
27 374 376 381 387 391 392 395 396 397 400 403 405 410 419 420 422 424 427 429 433 434 435 436 438 441 442 443
17 376 385 390 394 399 403 408 411 414 420 424 429 430 431 440 442 443
11 375 399 410 422 424 429 430 431 432 434 440
14 376 386 387 390 395 398 411 413 415 427 430 436 440 444
20 376 378 379 380 381 382 392 397 404 405 406 407 411 412 423 426 427 431 432 434
18 377 381 383 384 388 390 391 397 398 401 403 424 429 430 436 437 440 441
12 378 383 385 388 389 398 404 415 416 417 432 444
9 377 379 399 412 424 429 433 434 435
11 382 386 387 405 407 409 425 437 442 443 445
24 376 380 381 382 393 396 397 398 401 402 415 416 417 418 422 423 424 428 434 436 440 441 443 444
24 375 383 384 385 387 389 391 392 396 397 398 399 400 405 414 417 422 423 429 430 432 433 435 437
15 376 384 390 397 400 403 405 418 420 422 432 434 440 442 443
11 383 389 391 400 401 413 417 420 422 436 437
14 379 383 386 394 399 400 402 404 408 409 416 431 438 444
15 380 388 389 391 393 394 395 399 404 408 410 413 416 436 437
11 383 400 401 408 413 417 420 427 434 436 437
9 379 383 394 399 402 404 408 409 416
16 381 384 387 394 400 403 411 414 415 418 426 427 437 439 441 445
18 379 385 392 394 396 399 409 414 415 416 417 426 427 428 432 435 438 445
17 375 376 379 381 386 399 402 405 406 414 418 419 420 423 425 436 444
14 375 376 383 387 389 391 395 401 402 427 432 437 439 441
19 374 381 384 387 389 394 398 400 403 409 412 413 414 415 418 426 427 437 445
37 375 378 380 381 382 383 384 387 389 390 391 392 394 395 397 399 401 402 407 408 409 412 416 419 420 421 422 425 427 428 430 435 436 440 441 444 445
8 376 385 387 401 424 425 434 443
7 377 393 403 412 414 439 440
25 381 382 384 385 386 389 391 402 406 408 409 410 417 422 423 427 428 429 430 431 432 434 440 441 445
10 390 391 398 403 410 412 419 424 427 428
7 409 414 421 423 427 433 438
8 375 382 387 402 405 425 434 443
9 377 386 401 406 411 417 419 428 429
13 381 384 387 389 397 405 409 420 427 438 442 443 445
9 379 381 390 398 410 411 423 425 428
21 376 384 385 390 394 397 399 403 409 411 420 424 425 429 430 431 440 441 442 443 445
19 376 379 380 384 385 387 388 393 396 398 406 414 417 422 427 428 430 440 444
20 376 383 386 387 389 391 393 395 396 399 401 402 415 424 426 427 429 432 439 441
10 376 382 384 398 425 429 433 435 441 442
9 377 388 393 397 402 403 412 419 439
8 388 397 402 403 414 419 439 440
16 375 384 390 393 394 396 402 405 410 415 422 424 427 440 443 444
20 374 376 379 385 386 388 393 396 398 403 404 406 410 417 426 429 432 434 438 439
9 379 380 391 400 413 424 426 439 445
16 381 383 384 389 391 392 394 397 407 409 414 419 421 425 434 443
9 396 409 414 421 423 427 438 439 445
8 381 385 419 428 429 432 434 435
13 376 379 380 381 385 387 395 409 429 432 434 435 442
12 394 402 407 408 411 412 414 418 425 428 437 445
19 377 381 383 388 390 391 393 398 401 402 403 413 424 429 430 436 437 440 442
15 376 390 397 399 403 409 413 414 420 424 425 429 431 440 441
13 378 379 380 387 406 408 410 417 428 431 434 442 444
35 374 376 384 387 393 395 396 397 398 401 402 405 411 412 413 414 415 416 417 418 421 422 423 424 425 428 430 432 434 436 440 441 442 443 444
8 383 390 395 403 410 412 424 427
8 396 398 409 414 423 427 433 439
35 374 382 383 384 386 388 389 391 393 395 396 397 398 399 400 402 404 405 406 408 416 418 420 421 423 427 428 430 431 432 433 434 435 436 445
7 384 398 410 417 422 432 437
17 377 379 380 381 388 397 399 401 404 406 407 417 418 420 423 438 445
33 378 379 381 383 384 387 388 390 397 398 400 403 407 408 409 410 412 413 414 415 418 419 423 430 431 432 433 436 438 440 441 443 444
11 376 378 390 394 395 400 408 417 426 428 439
6 377 388 393 397 402 403
10 382 386 404 405 407 417 419 434 435 442
21 383 384 387 395 398 399 401 404 405 410 414 415 421 422 426 431 433 439 442 443 444
26 374 375 377 380 385 391 392 393 395 396 399 402 405 406 416 417 421 422 424 425 426 428 434 435 439 442
29 380 383 386 388 391 394 396 397 400 406 407 408 409 410 411 412 414 416 417 421 422 423 426 431 433 436 438 444 445
13 378 390 394 395 398 404 416 417 419 423 426 428 439
12 377 379 381 397 406 407 420 422 423 438 443 445
10 377 388 389 413 415 425 428 430 433 434
15 379 383 386 394 397 399 400 402 404 406 409 416 438 439 444
7 377 388 393 402 412 414 440
14 380 382 389 396 400 409 410 411 415 428 432 435 437 441
14 376 378 379 381 382 395 397 398 405 407 411 431 432 434
7 375 378 380 392 407 438 441
7 380 389 405 408 410 420 443
12 382 386 393 394 406 409 411 425 430 433 436 444
17 376 383 386 391 393 395 396 401 402 404 407 424 427 431 432 439 441
6 380 392 401 407 439 441
11 375 378 390 393 396 411 414 429 435 440 441
14 377 378 379 382 385 399 402 412 417 418 422 433 435 437
10 385 393 394 396 402 408 430 436 439 441
27 376 378 379 380 384 385 387 389 392 393 394 395 396 398 401 406 410 417 421 422 428 429 430 432 439 440 444
20 376 378 384 385 387 389 392 394 396 398 401 414 416 417 421 422 428 429 432 439
6 388 393 396 401 403 432
9 376 395 399 407 413 418 436 438 443
22 378 379 382 388 389 402 403 409 411 416 417 419 420 424 425 427 435 436 438 440 441 445
6 379 413 421 428 436 445
13 379 383 394 399 400 406 408 409 416 431 438 442 444
6 380 408 410 419 423 433
15 374 376 377 378 381 382 388 390 402 404 408 409 424 434 444
17 376 378 379 382 389 390 391 392 403 406 409 413 419 424 425 436 437
9 378 379 406 428 431 434 438 442 444
12 378 379 380 382 395 398 404 406 412 423 431 434
10 374 375 388 393 396 401 424 429 431 432
19 381 387 388 389 390 400 403 409 410 411 413 415 431 433 438 440 441 444 445
14 379 383 386 394 397 399 400 404 408 409 416 438 442 444
13 379 385 394 396 399 400 409 411 415 431 435 438 445
13 375 378 380 386 390 392 396 407 415 418 421 443 445
22 380 381 382 391 392 395 400 402 407 409 414 421 422 423 425 427 428 437 440 441 442 445
17 383 384 390 392 398 401 403 414 418 420 422 428 429 432 437 438 443
10 376 379 380 381 391 413 424 439 442 445
22 376 384 387 393 398 402 405 414 415 416 417 418 422 425 428 429 430 434 438 441 442 443
27 380 381 382 383 387 390 394 397 399 400 405 407 408 412 414 416 419 420 421 423 425 436 437 440 441 444 445
21 374 376 377 388 393 396 398 406 410 415 417 418 424 426 429 431 432 434 438 439 443
24 374 375 384 388 393 396 397 400 403 404 407 411 412 415 419 421 422 423 425 426 427 435 437 445
10 380 387 389 406 408 431 434 438 442 444
12 378 383 389 390 398 404 415 416 417 423 430 432
11 375 381 382 383 386 400 402 404 406 410 423
22 376 384 385 387 388 389 392 393 394 398 401 406 410 417 422 428 429 430 432 439 440 444
25 375 383 384 385 389 391 392 393 396 397 398 399 400 405 407 414 415 417 422 423 429 430 432 435 437
14 375 377 380 383 387 396 397 404 405 412 421 435 437 444
13 378 379 380 387 389 406 408 417 431 434 438 442 444
13 389 391 400 401 408 413 417 420 422 427 431 434 437
14 377 386 390 391 392 398 399 402 418 420 429 430 439 441
10 376 390 399 400 407 413 418 436 438 443
14 374 375 387 392 400 408 411 416 431 435 436 437 441 442
8 374 375 392 394 408 416 432 441
28 378 380 381 382 383 387 389 391 392 394 395 399 400 401 402 407 408 409 414 421 423 425 430 436 440 441 444 445
9 375 376 382 385 387 401 404 424 443
13 374 387 392 400 411 416 430 431 432 436 437 441 442
13 374 377 386 388 394 404 409 412 424 425 434 438 441
13 383 384 389 390 391 395 396 403 410 419 424 428 439
7 383 393 402 410 438 443 444
16 374 376 377 378 381 382 386 388 390 403 412 420 425 434 441 444
8 381 382 383 386 400 404 410 432
25 377 378 382 384 388 397 400 403 405 408 409 412 413 414 416 418 419 420 422 430 434 435 440 442 444
5 406 416 426 431 443
24 376 380 381 382 393 395 396 397 398 401 411 413 414 417 418 421 422 424 430 434 436 438 441 443
11 376 386 387 395 398 411 413 427 428 430 436
10 379 381 394 411 421 423 425 436 438 445
9 374 376 378 386 406 407 412 422 444
16 374 377 378 380 387 391 393 412 415 417 419 428 433 437 439 444
12 388 390 392 395 397 401 406 421 424 432 436 440
32 378 379 381 382 383 384 387 388 390 398 400 403 407 408 410 411 412 413 415 418 419 423 429 432 433 436 438 440 441 443 444 445
14 384 394 397 408 409 411 413 424 425 429 431 441 442 443
13 380 385 388 391 392 396 401 403 406 414 421 436 444
14 378 383 384 390 392 398 402 416 420 422 428 432 438 441
16 378 379 383 388 389 390 398 399 409 415 416 417 423 430 432 444
17 375 378 379 381 390 392 395 396 399 407 415 416 418 426 443 444 445
8 375 378 380 401 407 425 438 439
23 375 380 383 384 387 389 391 392 393 396 397 398 400 405 407 415 417 423 427 429 432 433 437
17 374 379 381 384 389 390 393 395 413 415 419 427 432 435 437 440 441
11 374 376 379 380 381 385 395 416 419 428 435
21 376 378 379 380 387 388 392 393 394 395 396 398 399 410 416 417 421 428 429 432 444
12 382 384 385 400 405 412 420 422 425 426 431 442
6 379 411 413 419 421 445
19 377 382 385 386 392 395 398 399 401 402 405 413 414 420 429 430 436 441 443
16 374 381 393 394 397 400 407 409 412 419 421 423 425 427 433 445
14 374 380 384 387 400 409 411 412 414 418 426 437 439 441
10 380 387 389 405 408 418 419 423 433 443
11 380 381 386 401 406 407 418 420 422 443 445
7 375 382 387 424 425 428 443
11 375 377 378 393 402 408 410 422 438 443 444
14 379 388 390 392 395 397 401 416 420 421 424 432 436 440
8 383 390 403 410 412 424 427 428
16 378 384 388 393 394 395 396 398 401 410 414 416 417 427 428 429
16 377 378 380 383 387 396 397 404 405 412 415 416 420 421 439 444
16 393 394 396 397 404 409 411 425 427 430 433 434 435 436 440 444
23 375 377 378 379 385 386 388 389 391 392 399 400 404 407 408 409 410 419 420 426 431 439 445
24 374 376 377 379 385 386 388 396 398 403 404 406 410 411 413 418 426 429 431 432 433 434 438 439
35 376 377 379 382 383 384 386 387 388 389 391 393 396 397 400 402 403 404 406 410 413 417 418 421 426 427 428 430 433 434 435 436 437 440 443
10 382 386 402 407 420 427 438 442 443 445
13 383 389 390 391 395 396 398 410 412 419 427 428 439
13 379 388 390 392 395 401 416 421 430 432 433 436 440
14 380 388 389 393 394 399 404 408 410 413 424 436 437 441
21 377 380 383 384 387 397 398 400 401 405 407 414 415 421 422 426 433 434 439 442 444
8 406 410 416 418 426 439 442 443
10 375 381 386 390 397 402 411 413 431 438
19 374 376 382 386 395 396 405 410 419 422 424 433 434 435 436 438 441 442 443
9 377 388 397 403 412 414 419 439 440
6 396 408 418 423 429 430
18 378 379 381 384 390 392 393 395 399 413 419 427 429 432 435 437 440 441
14 383 386 394 399 400 402 406 408 409 431 438 439 442 444
9 382 386 406 412 421 422 425 439 444
10 375 377 378 402 410 422 428 438 443 444
7 377 385 388 412 419 423 431
8 398 409 414 415 421 427 438 439
17 376 385 394 397 399 403 409 411 413 414 425 430 431 440 441 442 443
12 380 386 397 404 406 417 418 420 422 423 443 445
10 380 388 391 393 401 415 418 421 436 444
24 380 383 387 393 395 397 398 399 400 401 404 407 410 414 415 421 422 426 431 433 434 442 443 444
16 376 389 390 392 394 402 406 409 411 413 416 420 432 436 440 445
19 374 378 379 381 384 389 390 392 395 399 413 415 419 429 435 437 439 440 441
15 378 379 383 385 388 389 390 399 404 416 417 423 430 432 444
10 396 398 409 414 423 427 433 438 439 445
9 374 386 406 407 412 421 425 439 444
15 376 378 383 390 394 395 398 400 408 413 416 423 426 428 439
12 381 383 384 392 397 400 406 409 419 423 425 443
37 375 378 380 381 382 384 387 389 391 394 395 399 400 401 402 405 407 408 409 412 414 416 419 420 421 422 423 425 427 430 435 436 440 441 442 444 445
29 381 382 384 386 388 389 390 397 398 400 403 407 408 409 410 411 412 413 414 418 423 429 436 438 440 441 443 444 445
12 383 384 389 390 395 398 403 419 424 427 428 439
16 374 376 377 378 382 388 390 394 402 409 412 424 425 434 441 444
15 375 387 392 394 400 408 411 416 431 432 435 436 437 441 442
11 381 382 384 387 397 402 405 407 409 420 443
25 377 378 379 383 385 386 390 391 392 394 400 403 404 406 407 408 410 420 426 431 433 435 437 439 445
17 375 376 383 387 391 393 395 396 401 402 407 415 427 431 432 437 439
9 381 382 383 386 388 400 404 418 435
8 380 387 389 405 418 419 420 443
20 376 382 385 392 397 400 405 407 418 420 422 425 426 431 432 434 435 440 442 443
12 375 377 378 387 405 412 415 416 420 435 439 444
17 381 384 387 389 398 400 403 409 412 413 414 415 418 427 437 439 445
24 374 377 378 384 385 388 392 397 400 403 409 412 413 416 417 418 419 420 430 433 434 435 440 442
20 377 382 383 391 400 404 405 408 409 412 415 418 424 425 426 433 434 437 443 445
17 374 381 382 384 386 387 397 405 407 409 420 425 427 437 438 442 443
7 410 416 418 426 431 440 442
6 395 401 411 421 436 445
25 376 378 379 380 384 385 388 393 394 395 396 398 399 401 406 410 416 417 421 422 429 430 432 440 444
12 375 381 382 383 396 402 404 410 418 423 432 435
12 382 385 386 391 404 405 407 417 419 425 431 434
10 378 382 386 406 407 412 421 422 425 439
9 377 399 410 411 422 429 430 432 440
15 383 384 389 391 392 397 400 404 408 409 414 419 423 425 441
20 377 378 382 384 385 400 408 412 413 414 416 418 419 420 430 433 435 440 442 444
32 374 381 384 386 388 389 391 393 394 401 402 403 406 409 410 411 414 419 422 423 424 426 427 428 429 431 432 433 434 440 441 445
11 375 377 378 383 393 402 408 410 422 443 444
29 374 382 386 388 391 392 393 394 401 402 403 406 408 409 410 411 414 417 422 426 427 428 429 430 431 432 433 440 445
14 374 387 389 400 409 412 413 415 418 426 427 437 439 441
10 380 389 391 393 412 415 417 419 426 428
21 374 384 388 394 396 397 400 404 409 412 416 419 422 423 425 426 427 433 435 440 445
10 378 380 389 406 408 410 417 428 431 434
14 379 380 382 395 397 400 404 407 411 412 423 426 432 434
12 377 381 388 389 392 395 403 405 415 426 430 433
15 383 386 394 397 400 402 404 406 408 409 416 431 439 442 444
2 398 421
14 375 380 384 387 389 392 397 407 415 417 423 429 433 435
15 377 383 384 393 397 404 405 410 414 415 421 422 431 433 444
17 374 377 378 380 387 389 391 393 412 415 419 427 428 436 437 439 444
11 376 386 396 399 405 407 425 429 431 435 442
12 374 378 384 389 392 393 415 419 432 435 437 439
21 374 377 382 383 391 403 404 405 408 409 412 415 419 420 423 425 426 433 437 441 443
9 389 390 391 398 412 419 424 428 439
14 383 385 388 390 398 399 404 409 415 416 417 423 432 444
16 377 378 379 382 385 399 402 410 412 416 422 433 435 437 438 442
9 374 396 402 410 417 430 433 439 441
9 392 395 398 401 405 407 416 421 434
9 388 393 394 395 399 410 413 416 437
13 381 388 391 392 413 415 425 426 428 430 433 434 445
10 380 381 400 408 413 415 417 424 426 445
8 383 408 413 420 422 434 436 437
11 374 376 378 382 386 407 412 422 425 439 444
6 374 393 424 429 431 445
7 379 392 395 407 421 422 434
9 396 398 409 415 427 433 438 439 445
11 390 392 395 397 416 420 421 430 433 436 440
19 379 385 392 394 396 399 400 404 411 416 417 426 427 428 432 434 435 438 445
39 374 377 381 382 384 389 391 393 394 396 399 400 402 403 404 405 406 409 410 411 413 416 417 418 420 421 422 423 424 426 427 430 431 433 435 440 442 443 445
15 375 377 401 402 407 408 412 413 414 418 421 426 428 431 445
15 376 383 390 394 395 398 404 408 413 416 417 419 423 426 439
12 380 388 391 393 396 401 403 414 415 418 421 441
9 374 378 382 386 412 421 425 439 444
11 381 382 383 388 396 400 402 410 418 423 432
23 376 377 383 385 386 390 391 392 398 399 401 402 405 413 414 418 420 430 432 436 439 441 443
12 376 382 404 405 406 425 428 429 430 432 435 442
14 376 384 394 403 408 411 414 420 429 431 440 441 442 445
6 380 405 408 418 420 423
23 376 377 382 383 385 386 390 391 392 395 398 402 405 414 418 420 429 430 432 436 439 441 443
11 384 389 390 391 395 396 398 403 410 424 439
18 376 377 378 381 382 386 390 394 402 403 404 412 420 424 425 438 441 444
25 377 380 391 394 396 397 398 400 403 406 407 408 410 412 417 418 420 421 422 423 426 436 438 442 444
17 378 383 384 390 398 401 402 403 410 414 416 418 420 422 429 438 443
28 378 379 381 384 386 387 397 398 400 407 408 409 411 412 413 415 418 419 429 430 431 432 433 438 440 441 444 445
12 375 377 379 399 410 411 422 424 431 433 434 435
9 375 379 383 401 402 406 411 428 430
9 376 381 391 408 415 417 426 439 442
11 383 389 391 392 400 419 421 423 425 434 443
17 377 384 385 388 392 400 403 408 409 414 417 419 420 422 433 440 443
16 376 379 380 384 387 389 392 394 395 401 406 410 417 422 428 439
12 377 379 386 387 402 406 411 417 419 428 429 430
12 374 387 400 408 411 416 430 431 435 436 441 442
14 384 389 393 396 405 410 415 422 427 430 431 437 439 440
2 398 441
24 378 383 388 397 399 401 403 404 406 407 408 411 412 413 414 418 420 423 425 426 433 436 438 445
25 374 383 384 385 387 391 392 393 395 397 401 404 408 413 416 421 427 429 431 433 434 438 439 440 442
25 374 377 385 386 388 393 396 398 403 404 406 410 413 415 418 424 426 429 431 432 433 434 438 439 443
5 388 393 397 412 440
17 377 382 383 385 386 390 392 395 399 413 414 418 420 424 429 436 441
16 376 378 379 385 392 393 394 396 399 422 427 428 430 432 439 444
27 376 378 379 380 384 385 387 388 389 392 393 394 395 396 398 406 410 414 416 417 421 427 428 430 439 440 444
19 377 380 384 387 393 395 397 398 399 400 401 404 405 414 422 426 439 443 444
15 384 385 390 399 403 408 409 413 414 424 440 441 442 443 445
6 379 398 401 421 434 438
33 374 376 379 380 381 386 387 393 396 397 398 399 400 401 402 404 408 412 413 416 418 421 423 425 429 430 432 433 434 437 440 444 445
24 382 383 387 391 394 395 396 402 410 413 414 416 417 422 424 429 434 435 436 437 439 441 444 445
31 374 377 378 379 380 385 388 391 396 400 404 407 408 411 412 413 415 416 419 421 424 425 426 427 429 432 434 435 437 439 440
48 375 376 378 379 382 383 385 386 389 392 393 396 397 398 399 400 401 404 405 406 408 409 411 412 413 414 415 418 420 421 422 423 425 426 427 428 429 430 431 432 434 435 437 438 440 442 443 445
42 374 375 379 384 385 387 388 389 390 392 393 394 395 397 399 401 402 406 408 409 412 413 416 417 418 419 422 424 425 426 427 431 432 435 436 437 438 439 441 442 443 445
41 376 377 379 380 381 383 384 386 387 388 389 390 391 392 394 397 399 400 402 404 406 407 409 410 412 413 415 416 418 419 421 422 423 427 428 433 435 437 441 442 443
39 375 376 377 378 381 386 388 389 390 391 392 394 404 405 406 408 409 411 412 413 414 415 416 417 419 420 421 422 425 426 428 433 435 436 437 439 443 444 445
39 375 378 379 380 382 383 384 385 392 393 394 395 396 397 398 399 400 405 407 408 409 410 413 416 418 419 420 421 422 424 425 427 428 438 439 441 442 444 445
36 375 376 377 378 379 381 382 383 388 389 390 394 395 397 398 399 400 401 405 407 409 411 414 418 421 422 424 425 426 428 429 431 432 438 439 445
49 375 376 378 381 383 385 387 389 390 391 392 393 394 395 396 397 398 399 400 401 403 406 407 408 409 410 412 414 415 416 417 418 419 420 421 427 428 429 431 434 436 437 438 439 441 442 443 444 445
43 374 375 376 377 378 379 381 382 383 386 387 388 389 390 391 393 394 404 405 406 407 409 411 412 413 414 416 417 423 424 429 430 431 432 433 434 435 436 439 440 441 442 443
23 375 376 378 379 385 386 390 393 394 404 405 408 409 411 412 414 422 424 427 429 434 438 441
24 376 380 381 386 388 392 397 402 405 407 409 417 420 422 425 427 431 433 436 437 438 440 441 442
41 374 379 380 381 384 385 387 388 391 393 395 396 397 399 401 405 406 407 408 409 410 411 412 414 415 416 418 419 422 424 425 426 427 428 430 431 433 437 441 443 445
33 374 378 379 383 384 390 391 392 394 395 396 397 405 406 408 409 411 412 416 417 418 420 421 424 425 426 429 430 431 434 435 437 443
30 374 377 382 383 386 387 390 395 397 398 400 401 402 404 405 406 408 411 416 420 424 429 432 436 437 438 440 442 444 445
46 374 375 377 378 385 386 388 389 390 393 394 396 397 398 400 402 403 404 405 406 407 408 409 411 413 417 419 420 421 423 424 426 427 428 430 431 432 433 435 436 437 439 440 442 443 445
38 375 377 378 379 380 381 383 385 386 387 388 390 391 392 394 395 396 397 402 404 407 415 416 417 418 419 420 422 423 426 427 429 431 434 437 439 441 443
47 374 375 376 377 378 380 381 388 389 390 391 392 393 394 397 398 399 400 402 403 405 406 407 408 409 411 412 413 415 417 418 419 421 423 424 425 426 428 429 431 433 436 437 441 442 443 444
41 376 378 379 380 381 386 387 388 389 392 393 394 396 397 398 399 401 403 404 406 408 409 410 416 417 418 420 421 424 427 429 430 432 434 435 438 440 442 443 444 445
27 374 377 378 379 383 388 389 395 398 399 400 407 408 409 413 417 418 420 421 425 430 431 434 438 440 442 443
43 375 376 379 380 382 383 385 387 388 389 390 391 393 395 397 398 400 401 403 405 407 408 409 410 412 414 415 418 419 420 421 422 423 427 436 437 438 439 440 441 442 444 445
43 374 376 377 378 381 382 386 387 388 391 392 395 399 401 403 404 405 407 408 409 410 411 412 414 419 420 421 422 426 427 429 430 431 432 433 435 436 437 438 440 441 442 445
40 374 376 378 379 380 381 382 383 384 386 387 389 395 397 398 399 401 404 405 408 409 410 411 412 413 414 415 416 418 420 422 423 424 426 427 429 430 432 433 440
48 375 376 377 378 379 380 381 383 384 385 386 387 388 390 391 392 393 396 398 399 400 401 403 405 406 407 408 409 410 412 413 414 420 421 424 426 427 428 429 430 431 432 434 437 438 442 444 445
47 374 375 378 379 381 382 383 385 386 387 388 389 390 391 392 393 394 401 402 403 404 405 408 410 411 412 414 415 418 419 420 421 423 425 427 429 430 431 432 433 434 435 436 437 441 442 445
47 374 376 377 378 379 381 382 383 384 386 388 390 391 392 393 395 396 398 401 402 404 405 406 409 411 412 413 414 415 416 418 421 423 425 426 430 431 432 435 436 438 439 440 441 442 443 445
30 377 379 380 381 382 383 387 390 395 401 405 406 408 409 410 412 413 415 416 417 419 427 428 430 431 433 436 441 443 445
45 374 375 376 377 378 379 380 381 382 383 384 385 386 387 388 389 390 391 392 393 395 397 399 400 401 402 407 410 411 413 418 420 423 424 425 427 428 431 437 439 441 442 443 444 445
38 375 377 378 380 381 385 386 387 389 390 393 395 396 399 400 401 402 405 408 409 411 413 414 415 418 422 423 424 428 429 430 434 437 439 440 441 442 445
25 375 379 380 385 387 389 396 402 403 405 406 412 414 416 417 418 419 421 432 433 435 436 437 442 443
47 374 375 377 378 379 381 382 384 385 388 389 390 391 394 396 398 400 401 402 403 404 405 406 407 409 412 414 415 417 418 419 421 422 423 424 425 426 430 433 434 437 438 440 441 442 443 444
27 376 378 380 383 385 386 388 394 396 400 401 404 406 407 412 415 416 418 419 420 421 424 431 432 437 440 443
39 375 376 377 380 382 384 385 386 387 388 391 392 394 398 399 400 402 403 404 407 410 412 413 415 418 419 420 423 427 432 433 434 435 437 438 440 441 443 444
43 374 376 378 379 382 384 385 386 387 390 391 392 394 395 396 397 398 399 405 406 408 409 410 411 412 416 417 419 420 425 427 428 429 432 433 434 435 436 438 439 440 444 445
41 374 380 382 384 385 387 388 389 390 392 393 394 397 400 402 404 406 408 410 411 412 413 414 415 416 418 419 420 422 423 424 425 426 427 428 431 433 438 440 443 445
39 374 379 381 382 383 384 386 389 391 392 393 396 399 400 401 402 405 406 409 411 413 414 415 417 420 425 427 430 431 432 433 436 437 438 439 441 442 443 445
47 375 376 377 378 379 380 381 382 383 385 386 389 391 393 394 395 396 399 401 402 403 404 405 406 408 409 412 413 416 420 421 422 423 426 427 430 432 433 434 435 437 438 440 441 442 444 445
45 376 377 378 380 383 384 386 388 390 392 393 395 397 398 402 405 408 409 412 413 414 415 416 419 420 421 422 426 427 428 429 431 432 433 434 435 436 437 438 439 440 441 442 444 445
45 375 377 378 380 382 383 387 388 389 390 392 393 395 396 398 401 402 403 404 406 409 410 411 412 414 415 417 418 419 420 421 422 423 425 429 430 431 432 434 435 437 439 441 443 445
45 374 376 377 380 381 382 385 387 390 391 393 394 395 396 397 399 400 401 402 404 407 409 412 413 414 416 417 420 421 422 423 424 425 427 430 432 433 435 436 437 439 440 441 442 445
47 375 376 378 380 381 382 384 385 387 388 390 394 395 398 399 401 402 403 405 406 407 408 409 410 411 412 413 414 416 417 419 420 421 422 424 427 428 429 433 434 437 438 439 440 441 442 445
42 377 378 379 380 381 382 383 387 388 389 390 391 393 394 397 398 399 400 403 404 405 407 410 412 413 414 415 417 418 419 421 422 423 426 427 429 431 433 438 442 443 444
30 374 378 381 382 388 394 395 397 403 407 408 409 410 416 418 420 422 423 426 427 430 432 433 434 435 437 438 439 441 445
32 374 375 378 380 381 382 386 388 390 394 399 400 403 404 408 409 410 411 413 415 417 420 422 423 424 427 432 433 435 441 444 445
35 375 376 379 382 384 386 390 391 394 395 399 400 402 403 405 407 408 409 410 413 414 415 416 419 420 424 426 428 429 430 433 435 440 441 443
44 375 376 377 378 381 382 383 384 386 387 389 390 392 395 396 397 398 399 400 407 408 410 411 412 413 414 415 418 422 424 425 426 428 429 431 432 433 435 436 437 439 442 443 445
40 374 377 379 380 381 383 384 385 386 388 394 396 397 398 400 402 403 407 409 412 413 414 416 418 419 420 421 423 425 426 430 431 432 434 436 438 439 440 443 444
42 374 375 378 380 381 382 384 386 387 392 394 395 397 398 400 401 403 404 405 407 408 409 411 412 413 414 415 416 424 425 427 428 429 430 431 432 434 435 439 440 443 444
30 374 375 378 379 383 384 387 389 393 394 395 400 401 406 407 409 410 413 415 418 419 420 423 424 428 431 432 436 439 442
45 374 376 378 379 380 381 382 383 384 385 386 387 388 392 396 398 400 404 407 409 411 412 414 415 416 418 420 422 424 425 426 427 428 432 433 434 435 437 438 439 440 441 443 444 445
47 374 376 377 379 381 382 383 384 385 387 388 390 393 394 396 397 398 401 402 403 404 405 406 407 408 410 411 412 415 416 417 420 421 424 426 427 431 432 433 435 438 439 440 441 442 443 444
44 375 376 377 379 380 382 383 384 385 386 387 390 391 394 395 397 398 399 402 406 407 408 409 410 412 415 417 419 420 421 423 424 425 431 434 436 437 438 439 440 441 442 443 445
44 376 377 379 384 386 387 389 390 392 393 394 395 397 398 400 401 402 403 404 407 410 412 413 414 416 418 420 421 422 423 424 426 427 429 430 431 432 434 436 437 438 439 441 445
40 375 378 379 381 383 384 386 388 390 391 394 395 396 398 399 401 402 405 406 407 408 409 410 411 413 416 419 421 422 424 425 427 431 432 434 436 438 441 443 444
31 374 377 378 387 389 393 394 395 398 399 400 403 404 407 408 410 411 413 417 420 423 424 425 427 428 431 434 435 439 441 443
38 374 378 380 381 383 384 385 386 388 390 392 395 396 398 399 402 403 406 407 408 411 414 415 417 419 423 424 425 426 427 429 430 431 433 434 435 442 444
45 376 377 379 380 382 383 384 386 387 389 391 394 396 398 399 401 402 404 405 406 407 410 411 414 416 417 418 419 420 421 423 424 425 426 427 429 430 431 435 436 439 440 442 444 445
43 376 377 378 379 384 386 388 393 394 396 397 398 399 400 403 408 410 411 412 413 414 415 416 419 423 424 425 426 427 428 431 432 434 435 436 437 438 439 440 442 443 444 445
22 374 376 380 381 383 390 391 395 406 407 408 412 413 417 419 428 431 434 439 440 442 445
30 375 376 377 379 380 384 387 390 391 392 395 396 397 398 404 409 411 414 416 420 422 427 429 430 433 435 436 440 443 444
40 374 376 377 378 384 385 391 392 393 395 398 401 403 405 406 407 408 410 411 412 413 416 417 418 422 423 424 426 428 430 432 433 435 437 439 440 441 442 443 444
46 375 376 377 378 381 382 383 384 385 386 387 389 390 391 392 397 398 400 401 404 406 407 408 409 411 414 416 417 418 421 422 423 424 425 426 427 430 433 434 435 436 439 440 441 442 443
27 375 381 385 386 389 392 396 397 399 401 404 406 411 417 418 422 425 426 429 430 431 432 433 434 435 436 444
29 376 380 381 382 385 386 393 394 397 399 401 402 403 405 413 414 416 419 423 426 427 429 430 433 436 438 440 444 445
29 374 376 378 379 386 389 390 394 398 400 402 404 405 406 407 408 410 413 414 417 420 422 425 427 428 432 434 435 443
23 378 381 384 386 402 404 408 409 411 413 414 417 418 419 423 426 429 430 432 436 440 442 443
23 375 376 378 379 380 382 386 387 389 392 393 394 395 401 411 418 421 424 426 430 435 437 441
32 374 375 377 378 379 381 382 383 388 389 390 393 394 398 401 404 405 410 412 415 418 420 423 425 426 427 428 429 430 439 441 443
32 374 375 380 383 385 386 387 390 393 394 395 401 402 403 404 406 411 412 420 422 424 425 426 428 429 434 435 437 438 440 443 445
47 375 376 377 379 380 381 382 383 387 388 389 390 391 392 393 394 395 396 397 399 401 402 404 405 406 407 412 413 415 416 417 418 420 422 423 428 430 431 432 433 436 438 439 440 441 442 444
45 375 376 379 380 381 383 384 385 386 388 390 391 393 394 397 398 400 401 402 403 405 406 407 408 411 417 419 420 421 422 423 424 425 426 428 430 431 433 434 436 438 439 441 443 444
49 374 375 376 377 379 382 383 384 387 389 392 393 394 397 398 399 401 402 403 404 405 406 407 409 410 411 412 414 415 416 417 418 421 422 423 424 425 426 427 428 429 430 432 435 437 440 441 444 445
22 376 381 383 384 389 391 395 396 399 400 403 406 416 418 419 423 426 430 439 442 444 445
43 374 376 377 380 381 382 386 388 389 392 395 397 398 399 400 401 402 403 404 407 408 409 411 413 414 415 416 417 418 419 421 422 427 430 431 433 435 438 439 440 442 444 445
30 376 377 378 379 381 384 387 388 392 393 394 395 396 397 399 401 404 408 411 415 423 424 425 430 433 435 436 441 442 444
42 374 378 381 385 388 389 390 391 393 394 396 397 398 399 400 403 405 406 408 409 410 414 415 417 418 420 421 422 423 425 426 427 428 429 430 433 435 437 438 440 442 445
46 374 375 376 378 379 381 382 383 384 385 386 387 388 389 390 391 397 398 399 400 401 406 407 409 410 411 413 414 415 417 420 421 423 425 427 429 430 431 432 434 435 437 439 441 442 443
22 374 377 380 383 384 388 393 394 397 401 406 410 416 420 428 430 434 436 437 438 441 443
44 374 375 376 377 378 380 381 382 383 384 386 387 389 393 395 397 398 399 400 403 405 408 409 410 413 414 415 416 417 418 419 420 422 425 426 427 432 433 437 438 439 440 442 444
32 374 375 378 379 380 381 382 384 387 388 390 391 394 397 399 400 405 406 414 417 420 421 422 425 428 429 431 433 435 441 443 444
42 375 376 378 380 381 384 385 386 387 388 389 390 391 392 393 395 402 404 405 407 409 411 414 417 418 419 420 421 423 424 425 426 427 429 432 435 436 439 441 442 444 445
28 376 377 378 380 383 384 385 387 388 389 390 392 393 395 396 406 408 409 411 416 418 421 423 424 427 429 430 438
23 374 377 379 380 390 392 393 397 401 403 405 409 412 414 415 421 429 430 434 441 442 443 445
37 376 379 380 382 389 392 393 394 396 398 400 403 404 405 406 407 408 409 410 413 414 416 418 423 424 425 429 433 434 435 436 439 440 441 443 444 445
36 374 376 377 378 381 385 387 388 389 393 394 396 397 398 399 402 405 406 407 413 416 420 421 422 423 424 425 426 427 428 429 430 433 436 439 441
41 374 375 377 378 379 381 382 383 384 385 386 387 388 389 390 391 392 396 398 399 401 402 404 407 409 410 411 413 416 421 424 426 427 429 431 432 433 435 437 439 445
27 376 380 381 385 386 390 397 402 406 408 409 411 412 418 419 421 425 427 430 432 434 435 437 439 441 442 445
24 375 378 386 387 391 392 394 396 398 399 403 407 409 410 411 419 423 427 431 432 433 443 444 445
49 374 375 376 378 380 382 384 386 387 388 389 390 391 393 394 395 396 397 398 401 402 404 405 406 410 411 412 413 414 416 417 419 422 424 428 430 431 432 433 434 435 436 437 438 439 440 441 443 445
22 375 377 379 381 383 386 389 391 395 396 402 407 408 418 420 422 423 424 434 439 444 445
48 374 375 376 378 380 381 382 383 385 386 387 392 393 397 398 399 402 403 404 408 409 410 411 412 413 414 415 417 418 419 421 422 423 426 427 428 429 430 431 432 434 437 438 439 440 441 443 444
32 374 376 379 380 381 386 390 393 395 396 400 401 407 408 409 411 412 415 416 418 425 426 427 428 430 432 435 437 438 439 441 444
44 374 376 377 379 380 381 382 384 386 387 388 393 394 395 396 399 401 402 403 404 409 410 411 412 414 415 416 418 419 420 421 422 424 427 429 431 436 438 439 440 442 443 444 445
35 374 377 379 382 383 389 392 393 397 401 404 405 408 409 410 411 412 414 419 421 423 425 427 429 430 434 436 437 438 440 441 442 443 444 445
47 374 375 376 377 381 383 384 386 387 391 392 394 396 397 398 399 400 401 402 404 406 407 409 410 413 416 417 418 420 421 422 423 425 426 428 431 432 433 437 438 439 440 441 442 443 444 445
25 378 380 384 386 387 389 390 391 393 394 395 398 402 403 411 412 414 420 422 423 425 433 435 436 441
37 374 375 376 378 379 381 384 386 387 390 391 394 397 398 401 402 409 410 411 412 413 415 419 420 421 423 425 426 430 435 437 438 440 442 443 444 445
42 377 378 381 384 386 388 390 391 392 394 396 397 399 400 404 405 406 407 409 410 412 413 414 415 417 419 421 424 426 427 428 430 432 433 434 435 436 438 439 441 442 444
36 374 375 379 380 382 385 386 387 389 392 396 397 401 402 406 407 410 412 414 416 418 420 421 422 424 427 429 430 431 434 435 436 437 439 442 444
36 374 376 378 381 382 385 388 389 390 391 392 395 396 397 398 399 404 406 407 408 409 411 412 413 418 420 423 424 425 426 427 428 431 433 436 442
40 375 376 377 381 384 389 390 391 393 394 395 396 398 399 400 402 403 404 405 406 409 412 413 414 415 420 421 422 423 426 427 430 431 432 436 437 439 442 443 444
27 386 388 394 396 397 399 403 405 406 408 410 411 412 414 417 418 419 420 427 430 431 433 436 438 440 444 445
48 374 375 376 377 379 381 382 383 384 385 386 388 389 390 392 394 396 397 398 399 402 404 406 407 408 409 410 412 414 416 417 418 420 421 422 424 425 426 430 431 435 437 438 439 441 442 443 445
45 375 376 377 378 381 384 385 386 387 389 391 392 395 396 398 399 401 402 404 406 407 408 409 410 411 413 414 417 418 420 421 422 426 427 428 432 433 434 436 437 438 439 441 442 444
43 374 375 376 377 378 379 383 385 386 387 389 390 391 393 395 396 397 398 399 400 401 402 403 404 405 406 408 410 411 412 417 420 421 423 424 425 426 429 433 434 438 440 441
37 374 375 378 380 381 383 384 385 387 391 392 395 397 399 400 402 404 405 407 410 413 414 415 418 420 421 424 426 430 431 433 434 436 439 440 444 445
25 376 381 385 394 398 400 401 402 404 405 407 413 414 418 421 425 428 429 430 431 433 435 437 438 439
49 374 377 378 379 381 382 384 386 387 388 389 390 391 394 396 398 399 400 401 402 403 404 407 408 409 412 415 416 417 418 419 421 422 423 425 426 427 430 431 432 434 435 436 438 440 441 442 443 445
33 375 378 380 381 383 384 386 387 389 391 393 396 397 398 399 400 404 406 410 414 415 417 418 422 423 425 427 428 430 432 434 438 442
45 374 375 377 378 380 382 386 387 392 395 397 399 400 401 403 404 405 407 409 410 411 412 414 417 418 419 421 422 423 424 425 426 429 430 431 432 433 436 437 439 440 442 443 444 445
29 375 376 377 381 382 384 392 393 395 397 399 401 402 404 405 407 409 412 414 420 421 425 427 429 432 434 435 441 443
41 374 375 379 380 381 384 385 387 388 389 390 391 394 395 400 403 405 407 409 410 411 412 413 414 416 417 418 419 420 424 426 427 429 432 433 435 437 438 439 441 442
36 375 376 381 383 384 386 387 388 389 391 392 393 395 396 397 398 402 404 406 414 417 420 422 423 425 427 431 432 433 434 437 438 440 441 444 445
38 374 375 376 378 380 381 385 386 387 388 390 394 395 399 401 402 403 404 405 406 410 411 412 417 418 421 422 423 426 428 429 430 436 437 439 440 443 444
31 376 378 380 381 382 384 387 390 392 394 395 399 402 403 405 407 410 411 415 416 417 419 421 422 427 432 433 436 437 441 443
41 374 376 377 379 380 381 382 383 384 391 392 394 395 400 401 402 403 404 405 406 408 409 413 415 419 420 421 424 426 427 430 431 433 434 435 436 437 438 440 442 443
31 377 379 380 382 384 385 387 388 391 392 396 397 399 400 405 407 409 411 414 415 417 420 421 425 427 429 438 440 441 442 443
27 374 379 383 384 385 388 389 390 391 392 396 402 405 406 408 409 410 412 414 417 421 422 428 436 439 441 444
37 374 377 378 380 382 384 386 388 391 395 397 398 403 406 407 408 409 410 411 412 415 416 417 418 420 424 426 427 428 429 433 434 435 439 440 442 444
37 374 378 381 382 384 386 388 389 390 392 398 399 401 402 404 406 408 409 410 412 418 419 420 422 423 424 426 428 429 430 432 434 435 437 438 439 443
37 374 378 380 381 382 383 384 386 387 388 389 391 393 395 397 398 400 403 406 411 413 415 417 420 421 424 426 429 430 431 434 435 436 437 438 444 445
22 376 377 380 386 388 391 397 398 402 403 404 405 409 412 414 419 421 433 434 438 442 445
40 374 375 376 378 381 382 384 387 388 391 393 396 398 400 401 402 404 406 408 409 412 413 415 417 419 420 423 424 425 428 429 430 431 432 434 436 437 440 441 442
33 376 378 380 382 384 385 386 390 394 395 396 397 398 400 401 407 418 419 424 425 429 430 431 432 433 435 437 438 439 441 442 444 445
45 377 380 381 384 385 386 388 389 392 393 395 397 398 399 400 401 403 404 405 407 408 409 411 412 414 417 418 420 421 424 425 426 427 428 429 435 436 437 438 439 440 441 442 443 445
39 374 375 377 378 380 382 383 384 385 386 389 394 395 396 397 400 403 404 406 407 409 410 415 419 420 422 425 426 427 431 432 434 435 436 437 439 440 442 444
25 376 377 383 386 391 394 398 400 401 405 406 408 410 413 417 419 421 424 429 431 432 434 435 440 441
26 376 380 383 385 390 391 396 400 404 405 407 412 413 417 419 420 426 430 432 433 435 437 440 441 442 443
44 374 375 377 379 381 382 384 385 386 387 388 390 391 392 393 394 396 400 403 404 405 407 408 409 410 411 413 414 416 417 419 421 422 426 427 429 430 431 436 439 440 441 442 444
46 375 376 377 378 380 381 383 385 387 388 389 390 393 394 395 398 399 400 401 402 404 405 406 408 409 410 411 412 413 414 415 416 418 420 421 422 426 427 428 429 430 432 437 440 441 445
27 377 382 386 388 390 391 397 398 399 401 402 403 404 405 408 409 412 414 416 417 424 428 432 433 435 438 441
38 374 377 379 381 385 387 390 391 392 393 395 396 399 402 403 405 406 407 410 412 414 415 416 417 419 420 421 422 423 424 429 432 433 435 440 441 442 444
49 374 375 377 378 381 383 384 385 386 388 391 393 394 396 399 401 402 404 405 406 407 408 410 411 412 413 414 415 416 417 420 422 423 424 425 426 428 429 430 431 434 435 438 439 440 442 443 444 445
28 380 382 383 387 388 389 391 394 395 399 400 406 407 408 410 413 419 420 427 431 433 437 438 439 440 443 444 445
35 377 380 381 385 386 387 388 390 391 392 393 398 399 400 403 406 414 415 416 417 420 421 424 425 426 430 432 433 434 435 437 438 439 440 444
24 374 376 381 386 388 392 397 398 409 410 419 420 424 426 427 428 431 433 436 439 440 441 442 443
47 375 376 377 380 381 382 383 385 386 387 388 390 391 392 393 397 398 401 403 404 407 410 412 413 414 415 417 418 419 421 422 423 424 425 426 427 428 429 430 432 433 436 437 439 441 442 444
36 376 378 379 382 384 386 387 388 389 391 394 399 400 402 404 406 408 409 410 412 414 419 421 422 425 428 429 431 434 435 436 439 440 442 444 445
26 375 377 378 381 382 387 388 392 395 399 402 413 415 416 419 420 423 429 430 431 432 433 434 440 441 442
25 374 382 383 386 387 392 395 401 402 405 406 407 409 410 413 416 417 420 424 430 431 435 436 441 444
33 376 378 379 383 387 390 392 398 399 401 402 405 406 408 409 410 412 414 416 417 418 419 420 425 426 428 431 435 436 437 438 443 445
44 375 376 378 381 382 383 385 387 388 391 392 394 397 398 399 402 403 405 406 407 409 410 412 414 415 417 418 420 422 423 425 426 427 428 429 430 432 435 436 437 438 442 443 444
29 374 376 378 388 391 393 395 397 401 403 404 406 409 411 412 413 414 417 418 420 421 424 429 431 433 435 441 443 444
28 375 377 378 379 381 389 394 399 400 401 402 403 406 407 408 412 414 415 416 420 422 423 426 427 434 435 440 442
31 377 382 383 387 395 396 397 400 401 402 403 406 407 408 411 412 413 415 420 421 422 426 427 430 436 437 439 440 442 444 445
33 376 377 382 384 385 388 389 392 394 397 403 404 405 410 412 415 416 419 420 421 423 424 425 430 431 433 435 436 437 438 440 441 444
29 375 377 378 380 381 382 383 385 387 390 391 392 393 396 398 399 405 408 409 417 423 426 428 431 434 435 439 442 444
37 374 375 376 377 378 380 382 384 388 390 391 393 394 396 401 405 408 409 411 412 413 414 420 422 424 426 427 428 429 431 432 434 436 440 441 443 445
39 374 378 379 384 385 386 387 388 389 390 391 392 395 396 397 399 400 403 404 406 408 412 415 416 417 418 420 421 424 426 431 433 435 436 437 438 442 444 445
39 375 376 378 383 385 386 388 389 392 393 394 396 398 399 403 405 407 408 409 410 411 412 413 414 416 417 418 419 421 425 427 428 431 432 436 437 438 439 445
23 384 386 388 389 390 394 396 398 400 401 408 410 412 413 417 418 419 420 421 429 432 437 445
47 376 379 380 381 382 383 384 385 386 387 389 391 392 394 395 396 397 399 400 401 402 404 406 409 410 411 413 414 415 419 420 421 423 426 428 429 430 432 433 434 435 437 438 441 442 443 444
28 377 378 379 380 382 383 384 387 390 391 394 403 404 406 412 414 416 418 423 424 425 429 433 434 435 437 442 444
40 374 375 378 379 380 383 384 385 387 389 391 397 398 399 401 402 404 405 407 412 413 414 415 416 417 419 421 423 424 425 426 427 434 437 438 440 441 442 443 445
21 377 386 389 391 392 393 394 395 397 403 406 407 413 415 418 423 427 428 431 439 443
32 374 375 376 378 381 385 387 389 391 392 395 397 398 399 400 405 407 410 414 418 420 421 422 423 425 429 431 432 433 435 441 444
23 379 381 384 386 393 401 403 404 405 410 411 412 413 417 421 423 425 428 434 435 436 439 444
28 374 377 379 382 384 385 388 390 394 395 396 397 399 406 414 417 418 421 425 427 428 429 431 434 435 438 439 443
39 374 375 379 380 382 385 386 387 388 389 390 392 393 394 396 397 398 400 401 406 407 408 410 414 416 417 418 420 421 422 424 425 427 431 436 437 438 441 442
38 374 375 376 378 380 382 384 387 390 391 392 396 398 399 400 403 404 406 407 410 411 413 414 417 418 419 423 425 426 427 428 431 432 437 438 440 443 445
49 374 376 377 378 379 380 381 382 383 384 386 387 390 391 392 393 394 396 397 398 399 400 402 403 405 408 409 413 414 417 418 420 421 424 425 426 427 428 429 430 431 435 437 438 439 440 443 444 445
28 374 375 376 381 385 387 388 389 399 401 402 404 406 410 414 416 417 419 424 427 430 431 432 436 437 441 442 443
22 375 380 386 390 394 396 399 402 407 408 409 418 419 423 424 426 427 434 439 440 442 445
29 375 377 379 383 384 386 389 390 396 398 399 400 401 403 409 412 414 418 421 424 425 428 430 433 436 438 439 440 445
46 375 376 379 380 381 382 383 387 389 392 393 394 397 399 401 402 403 404 406 407 409 410 411 412 415 416 417 420 421 422 423 424 426 430 432 433 434 435 436 438 439 440 441 442 443 445
29 375 377 378 379 380 382 386 389 392 393 394 397 405 406 409 411 412 416 419 421 422 423 424 432 433 434 438 439 443
29 374 375 376 378 385 386 391 392 393 396 398 399 402 404 406 409 410 411 414 415 419 421 423 427 433 434 439 442 443
33 375 376 381 382 389 390 391 392 393 394 396 398 402 403 405 410 413 414 417 419 422 423 424 426 427 428 430 432 434 435 440 442 443
24 375 379 380 387 388 399 401 403 405 406 407 412 414 417 420 424 428 430 432 434 435 440 441 445
23 380 381 382 385 391 396 401 402 404 405 412 413 414 416 420 421 422 429 436 439 440 441 443
41 374 375 378 379 381 382 384 385 388 389 391 393 395 396 398 401 404 407 408 409 410 411 412 413 416 419 421 423 424 426 427 429 431 434 435 437 438 439 440 441 443
22 379 380 382 385 388 392 398 402 404 405 406 407 408 409 418 419 420 424 427 432 435 440
21 376 379 382 385 388 390 400 401 402 405 407 409 417 420 423 427 428 430 432 435 436
25 377 381 382 386 387 391 393 397 400 401 406 409 410 413 415 417 421 422 423 424 427 431 441 442 443
49 376 378 380 381 382 383 384 386 387 388 389 391 395 397 398 400 402 403 404 405 407 408 409 410 411 412 413 415 416 419 420 421 422 424 426 427 428 429 431 433 434 435 436 437 438 439 440 441 442
35 374 377 379 382 385 394 397 398 399 400 402 403 406 407 410 412 413 414 416 417 418 419 421 423 426 427 428 431 434 436 439 440 443 444 445
39 374 375 376 377 382 385 386 387 389 390 394 396 397 398 399 403 405 406 409 410 411 413 414 415 418 419 420 421 425 426 428 430 432 434 436 437 441 442 444
40 374 375 377 378 379 381 382 384 385 386 389 390 393 394 397 400 407 408 409 410 412 416 421 422 423 424 425 430 431 432 433 434 435 436 437 438 440 442 443 445
49 374 375 376 379 381 382 383 384 386 388 390 391 393 394 396 397 398 399 400 401 403 404 405 406 410 411 413 414 415 416 417 419 421 422 423 426 427 429 430 431 432 436 438 439 441 442 443 444 445
28 374 376 378 380 381 383 386 387 388 393 394 396 398 407 408 412 413 414 419 421 429 431 434 436 437 441 442 444
30 374 376 377 385 390 394 395 396 399 401 403 407 408 409 410 411 415 419 423 427 428 432 433 434 436 437 440 441 443 445
42 374 378 382 383 384 385 389 391 393 394 395 396 397 399 400 401 405 408 409 410 411 413 414 415 416 419 421 423 424 425 426 427 429 430 432 434 435 436 437 440 444 445
50 374 375 376 377 378 379 380 383 384 385 386 387 388 389 390 391 392 393 397 398 399 401 402 403 404 405 407 408 409 411 413 414 416 418 419 422 423 425 427 428 430 432 433 436 438 440 442 443 444 445
28 374 380 381 384 390 392 394 395 397 403 405 406 411 412 414 415 418 419 424 425 429 430 432 434 436 439 441 445
27 381 385 386 387 388 390 392 394 395 399 400 401 402 404 411 413 417 418 419 420 421 423 425 435 437 438 440
32 377 378 381 382 384 389 390 391 393 394 395 396 401 402 404 405 406 408 409 411 418 419 421 424 425 426 429 433 437 439 440 445
44 374 375 376 377 378 381 382 383 384 387 388 389 390 391 393 398 399 400 403 405 406 407 408 409 411 412 413 415 418 419 421 427 430 431 432 434 437 438 440 441 442 443 444 445
22 374 376 378 380 386 387 389 393 396 398 402 403 406 408 410 416 420 421 431 434 439 440
36 376 377 381 383 384 386 388 393 394 396 400 402 405 410 411 412 413 414 415 416 417 418 419 420 423 424 426 429 436 437 439 440 441 442 443 445
29 374 377 378 380 381 382 395 396 397 400 401 403 407 411 414 415 416 418 422 423 425 429 430 433 434 439 440 441 444
23 378 381 383 394 397 401 403 409 411 412 415 416 419 420 421 426 430 431 433 435 440 443 445
42 374 376 379 380 381 382 383 386 388 390 391 392 393 394 398 399 401 403 405 408 410 411 412 413 414 417 421 422 423 429 430 431 433 434 435 437 438 440 441 442 443 444
42 376 377 379 384 386 387 389 390 391 392 394 395 396 397 398 400 401 403 404 405 407 412 413 414 415 416 418 421 422 424 425 426 427 428 429 430 431 433 437 438 440 441
48 374 375 379 380 381 382 385 386 389 390 393 395 396 397 398 399 400 401 404 405 406 407 408 409 410 411 412 413 414 415 416 417 418 420 423 424 425 427 428 429 430 435 436 438 440 442 444 445
35 374 375 377 378 379 380 381 382 383 385 389 391 394 395 396 404 406 408 411 420 421 422 424 425 426 428 429 430 431 433 436 437 439 440 441
49 374 375 377 378 380 381 383 384 385 386 388 389 391 392 393 395 396 398 399 400 402 403 404 406 407 408 412 414 417 418 419 420 422 423 424 425 429 430 431 432 433 436 437 438 439 440 441 442 444
39 375 379 380 381 382 383 385 386 388 389 395 396 398 400 407 408 411 413 415 416 418 420 422 425 426 428 429 430 431 432 433 434 435 437 438 440 441 444 445
50 374 376 377 378 379 380 381 382 383 384 385 387 388 389 390 391 392 396 397 398 399 400 402 403 406 408 410 413 415 416 418 420 421 422 424 425 426 427 428 429 430 431 432 434 435 436 438 440 444 445
43 375 376 378 379 385 387 388 389 391 392 393 397 398 399 400 401 404 406 407 408 410 411 413 414 416 417 418 419 420 422 423 424 425 426 427 429 434 435 436 439 440 444 445
46 375 377 378 379 381 382 384 385 387 389 391 392 393 395 396 397 398 399 401 403 405 407 409 410 411 413 417 418 419 421 423 424 425 426 427 429 430 431 433 434 435 436 439 440 441 444
40 374 376 377 383 384 385 386 388 391 392 393 394 396 397 399 401 402 406 408 409 410 411 412 414 418 419 420 421 423 424 425 428 431 434 435 436 438 440 444 445
47 378 380 383 384 385 387 388 389 391 392 393 395 396 398 399 403 405 406 407 408 409 410 412 414 415 416 417 418 419 420 421 422 424 425 426 427 429 430 432 433 436 437 438 440 441 442 443
45 375 376 380 381 382 383 384 387 388 392 394 396 398 399 400 401 402 403 407 408 409 410 412 413 417 418 419 420 422 423 424 425 428 431 432 435 436 437 438 439 440 441 443 444 445
50 375 376 377 378 379 380 381 382 383 384 385 386 389 391 392 393 396 397 398 399 402 403 405 406 409 410 411 414 415 417 418 419 421 422 424 426 427 428 431 432 434 435 436 437 440 441 442 443 444 445
42 377 378 379 380 381 382 384 385 386 388 390 393 394 395 397 398 400 402 403 404 405 407 408 409 410 412 413 415 418 419 420 422 423 424 430 432 434 436 438 440 442 445
30 382 385 386 389 391 392 394 396 397 399 404 405 406 407 412 414 415 422 424 425 428 430 431 433 435 436 438 443 444 445
40 374 376 377 378 379 380 385 387 388 389 391 393 394 397 399 400 403 405 407 408 409 411 413 414 416 418 420 421 422 425 426 427 431 433 434 438 440 442 444 445
24 377 378 379 382 386 387 391 392 398 402 410 411 415 416 420 422 424 429 432 437 442 443 444 445
23 374 376 377 378 389 390 393 394 395 398 400 401 402 409 410 419 421 429 430 436 437 440 445
48 374 377 378 381 382 383 386 388 390 392 393 394 395 396 398 399 400 401 402 403 404 407 409 410 412 413 414 416 417 420 422 424 425 427 428 429 430 431 433 434 435 437 438 439 440 442 443 444
35 374 375 376 377 378 380 383 384 387 390 393 394 398 400 402 404 406 408 412 413 414 415 416 417 418 419 420 422 424 425 430 432 439 443 445
23 375 377 378 379 384 388 390 391 393 394 402 406 407 409 410 421 424 428 430 433 434 443 445
24 376 378 381 386 387 400 402 405 407 408 413 415 418 419 420 422 424 425 427 430 432 442 443 444
38 375 376 377 378 379 381 383 384 385 386 388 391 393 395 396 397 398 399 402 403 406 408 409 411 412 413 415 416 418 419 421 422 424 428 433 434 443 445
49 374 376 381 382 383 384 385 386 388 389 390 391 392 393 394 395 396 399 401 402 403 404 405 408 409 410 411 412 413 416 418 419 420 422 424 425 426 428 429 430 431 435 436 437 438 440 441 444 445
31 374 379 381 382 383 390 392 396 400 401 402 404 405 407 408 409 410 411 412 414 415 416 426 430 432 436 437 438 440 443 444
38 374 376 377 379 380 383 385 389 390 391 393 395 397 398 400 401 403 404 405 407 409 411 413 414 418 419 422 423 424 426 430 433 436 438 440 442 443 444
44 374 375 377 379 380 381 382 383 385 389 391 392 394 395 396 398 399 400 402 403 405 406 407 411 412 415 417 418 420 421 422 423 424 425 426 427 429 430 434 435 437 439 441 442
45 374 375 376 378 380 381 383 384 385 386 387 388 390 391 393 394 396 397 401 404 405 406 407 409 411 413 417 418 419 421 422 423 425 427 429 430 432 437 438 439 440 441 443 444 445
29 374 378 382 383 386 387 388 392 393 394 396 398 405 409 413 414 416 420 421 422 423 424 429 431 432 434 436 439 444
29 374 377 378 380 383 385 390 394 395 397 399 402 404 409 410 414 416 417 421 422 427 428 431 432 436 437 438 443 445
47 374 375 376 377 378 380 381 382 383 384 385 386 387 388 389 394 395 400 402 403 405 406 407 408 409 410 412 415 416 419 420 421 423 424 425 427 428 429 430 431 433 434 436 437 442 444 445
38 375 376 377 380 382 386 389 390 392 393 394 397 398 400 402 403 405 406 409 412 413 414 418 420 421 424 427 428 429 432 433 434 435 438 439 443 444 445
37 374 377 378 380 382 383 384 386 388 393 394 396 397 399 401 404 406 409 411 412 413 415 417 418 419 420 427 428 429 432 435 436 437 441 443 444 445
33 376 383 385 386 392 393 394 395 398 399 400 404 405 406 408 409 411 412 413 416 418 420 422 427 429 430 431 432 435 437 439 444 445
23 377 381 385 392 393 396 397 398 403 409 416 418 419 421 423 425 426 427 428 433 440 441 443
27 375 377 379 380 384 385 387 389 391 394 395 399 403 404 405 417 420 421 427 428 430 432 433 434 437 438 444
33 376 377 378 382 383 386 388 389 393 395 404 406 407 411 412 413 415 420 422 424 428 429 430 431 433 434 438 439 441 442 443 444 445
37 374 375 377 380 381 384 386 390 393 394 395 396 398 399 401 402 403 407 408 409 410 412 413 416 417 418 422 427 433 434 435 436 437 438 439 442 443
43 374 375 378 380 381 382 383 384 385 386 387 388 389 390 394 396 397 398 399 402 404 407 408 412 413 414 415 418 419 420 423 424 426 428 430 432 433 434 438 439 441 442 445
33 376 378 382 384 385 396 397 399 401 402 403 405 406 407 408 409 410 411 413 414 415 421 422 424 425 426 433 437 438 440 443 444 445
43 374 375 377 378 380 381 383 384 385 386 387 389 390 392 394 395 397 398 400 401 403 404 405 407 409 410 412 413 417 420 422 425 428 429 430 434 435 437 438 439 441 442 444
44 374 376 378 383 384 386 388 390 391 393 394 396 397 398 399 400 401 403 404 405 406 407 408 409 413 414 415 420 422 423 425 426 427 428 430 433 434 435 440 441 442 443 444 445
23 376 384 386 392 397 400 401 403 405 407 410 411 413 415 416 421 422 425 427 431 433 434 444
39 375 377 379 380 381 382 383 384 385 386 388 392 393 394 398 399 400 402 404 406 409 413 415 420 423 424 427 428 429 431 432 435 436 437 438 439 440 442 443
49 374 376 377 380 382 385 386 387 388 390 391 393 394 395 396 397 398 399 402 404 405 406 407 408 409 410 411 413 414 415 416 418 421 422 424 426 427 428 430 431 432 433 434 435 436 439 442 443 444
24 375 383 384 389 394 396 398 400 401 402 404 405 407 409 415 416 417 420 424 425 428 429 433 440
26 375 379 380 382 386 387 388 392 393 395 405 406 408 418 419 421 423 426 430 434 435 437 439 441 442 444
49 375 377 378 379 380 381 382 384 385 386 387 388 389 392 394 396 397 398 400 401 402 404 408 410 411 412 413 414 417 419 420 421 423 425 426 428 429 431 432 433 434 435 436 439 440 442 443 444 445
24 384 385 390 400 401 402 405 408 409 413 414 416 419 420 421 422 428 430 431 432 438 439 442 445
33 374 377 378 382 385 386 387 388 389 391 394 398 400 402 403 404 407 408 409 411 412 416 417 425 426 429 430 431 437 438 441 443 444
43 375 376 378 380 381 385 386 387 388 390 393 395 396 397 398 399 400 401 402 403 404 406 408 410 413 414 417 418 419 421 423 424 427 428 429 430 432 434 436 439 442 444 445
23 374 375 377 378 380 382 387 389 391 394 396 399 400 402 406 408 414 417 427 430 432 439 445
22 374 378 382 392 394 400 402 404 407 414 415 416 424 426 429 431 433 437 440 442 443 445
26 376 379 380 381 382 386 389 399 405 406 409 411 412 413 420 427 431 432 437 438 440 441 442 443 444 445
37 376 379 382 383 384 385 389 391 392 393 396 397 399 402 405 406 407 408 409 410 411 412 413 417 420 422 423 424 427 430 432 437 440 442 443 444 445
34 374 376 378 380 383 384 385 387 389 390 391 393 394 398 399 403 405 409 410 412 413 416 418 419 424 425 433 435 436 440 442 443 444 445
43 374 375 376 379 380 381 383 384 385 387 388 390 391 392 397 401 402 406 410 411 414 415 416 418 419 420 423 424 425 426 427 428 429 430 433 434 435 438 439 441 443 444 445
50 374 378 379 380 381 383 385 386 387 388 389 390 391 392 393 394 395 396 399 400 401 403 406 407 408 409 410 412 413 415 416 417 418 419 420 421 422 423 426 427 428 429 430 432 437 440 441 442 444 445
23 374 375 376 377 382 383 384 390 393 395 399 403 407 408 411 416 423 425 427 433 437 440 441
44 374 376 378 379 381 382 384 385 386 387 388 391 392 393 394 395 396 398 399 402 403 404 405 406 409 410 411 413 414 420 421 422 426 427 428 429 430 432 435 436 439 442 443 445
24 379 380 383 388 391 393 394 395 397 401 402 403 414 423 424 430 433 435 436 438 439 441 442 444
38 374 375 378 381 382 383 384 389 391 393 394 397 398 400 401 402 403 404 405 407 408 410 415 416 419 420 422 424 430 436 437 438 439 441 442 443 444 445
49 374 375 376 377 379 380 382 384 386 389 392 393 396 397 398 399 400 401 402 403 404 405 406 407 408 409 410 413 416 418 419 420 421 423 426 427 428 430 431 432 434 435 437 438 439 440 442 443 444
33 376 378 383 384 385 386 387 388 391 392 393 395 396 397 399 401 409 411 412 413 416 417 419 427 428 430 434 435 436 438 439 443 445
35 375 376 377 383 384 389 390 391 393 394 396 401 402 404 405 406 408 409 410 412 413 414 415 420 424 425 426 428 431 432 433 435 438 443 444
37 374 380 383 384 385 386 391 393 394 396 397 398 399 400 404 405 407 409 410 411 413 415 416 417 419 422 425 427 429 432 433 436 437 439 440 442 445
33 378 380 381 385 388 391 393 394 395 397 398 400 401 402 403 411 412 413 416 418 419 420 422 424 425 426 427 434 435 441 442 443 444
36 374 377 379 380 387 388 389 391 394 396 398 399 402 403 404 406 408 410 413 416 418 420 422 423 425 426 427 428 429 430 432 435 438 440 441 444
38 374 376 378 379 380 382 384 385 387 389 391 393 394 395 398 401 403 404 406 410 412 413 417 418 419 420 423 424 426 428 429 430 431 432 434 439 441 443
36 375 376 377 378 385 387 390 392 394 395 397 402 403 407 409 410 411 414 416 417 420 422 423 424 425 426 427 429 431 432 435 436 437 443 444 445
33 375 377 379 380 381 384 385 391 392 394 397 404 405 406 409 411 413 414 417 418 424 425 426 428 430 431 434 435 436 437 439 440 444
47 374 377 379 380 382 384 386 388 390 393 397 398 399 403 404 406 407 408 409 410 411 412 413 414 415 416 421 423 424 425 426 428 429 430 431 432 433 434 435 436 437 439 440 441 442 443 445
35 376 377 378 379 380 383 385 386 388 389 392 394 395 399 400 401 402 403 406 407 409 413 414 422 423 425 426 427 430 431 433 436 441 444 445
28 374 375 378 381 383 387 388 389 391 392 394 399 405 412 413 414 420 422 425 426 428 432 435 436 440 441 442 444
29 376 377 380 381 382 384 386 387 393 394 400 401 405 408 411 413 414 415 417 420 422 425 426 427 428 429 439 441 443
36 374 375 379 380 381 383 384 386 389 391 392 393 394 395 401 403 404 405 408 413 415 416 421 422 424 426 429 430 432 433 436 438 439 441 443 445
30 374 380 383 385 387 392 394 395 400 402 404 407 408 414 415 416 418 419 420 428 430 431 432 433 436 437 439 440 441 442
42 376 378 380 381 383 385 387 388 389 393 394 395 396 398 399 400 401 404 405 406 410 412 413 414 415 416 418 422 424 425 426 429 432 433 434 435 436 437 438 440 442 444
38 376 377 378 379 380 381 382 384 387 388 389 392 393 394 396 398 402 405 410 411 414 415 416 417 418 419 420 422 423 424 428 429 430 435 437 441 442 444
43 375 376 378 380 382 383 385 386 387 392 393 397 398 399 400 401 404 405 406 411 414 415 416 417 418 419 421 422 423 425 426 428 429 430 431 432 433 434 435 436 440 442 443
38 375 376 377 378 379 383 385 387 388 395 396 397 398 399 401 402 406 407 409 411 413 414 418 419 422 424 425 426 428 430 433 434 435 436 438 441 444 445
43 374 375 379 382 384 385 386 390 392 393 394 395 396 397 398 399 400 401 405 407 409 410 411 416 418 419 421 422 423 424 425 426 428 429 431 432 434 435 436 438 440 444 445
38 378 380 381 383 385 386 388 390 391 392 396 397 398 399 401 402 403 404 407 408 409 411 415 416 418 419 420 423 425 426 428 429 430 431 433 434 441 442
31 376 377 378 379 380 383 384 388 389 390 396 397 398 400 401 402 403 407 410 413 414 415 423 424 426 428 430 432 438 441 442
27 376 377 380 381 383 386 389 392 394 401 404 407 410 412 414 415 416 418 427 429 431 434 436 437 441 444 445
25 375 379 381 382 388 389 398 400 402 405 407 409 414 416 417 418 419 425 431 433 434 435 438 440 445
48 374 375 377 378 379 380 381 382 383 384 386 387 388 389 392 393 397 398 400 401 402 403 404 407 408 409 410 411 412 413 414 416 417 419 420 421 423 424 425 427 428 431 432 434 436 437 439 443
47 375 376 377 378 379 380 381 382 383 384 385 387 389 392 393 394 395 397 398 399 400 401 402 403 405 409 411 412 413 416 418 419 420 422 423 426 427 428 429 430 431 434 435 437 438 442 443
38 374 376 377 381 384 386 391 392 394 397 399 400 402 404 406 407 408 410 411 412 413 414 415 416 419 422 424 426 427 429 430 431 433 434 437 440 441 442
37 375 376 381 383 387 388 393 394 395 397 398 400 402 404 405 406 407 411 412 413 414 415 418 420 421 423 424 426 428 432 433 434 438 439 442 443 444
32 376 378 379 381 382 383 384 385 386 388 391 392 394 397 398 409 411 412 413 417 418 421 426 427 428 429 430 433 434 435 438 441
41 374 375 378 380 381 382 390 391 394 395 397 398 399 400 402 404 405 408 411 415 416 419 420 421 423 424 425 426 427 428 429 430 431 432 434 435 436 440 441 442 445
23 374 376 379 380 384 389 391 392 397 399 400 404 411 416 423 424 426 428 432 433 437 442 445
24 375 376 386 387 392 395 404 405 407 408 410 417 418 419 421 422 423 425 437 438 439 440 441 443
42 374 377 379 382 384 385 386 387 388 394 396 399 400 403 405 406 407 408 409 412 414 417 418 419 420 421 422 424 426 428 429 430 432 433 434 435 436 439 441 442 444 445
45 374 375 378 380 381 383 385 387 388 389 390 391 392 393 394 395 396 397 401 403 404 406 408 409 410 411 412 414 416 418 419 420 424 425 427 429 430 431 432 434 437 439 441 443 444
40 374 375 377 380 382 383 386 387 388 390 391 392 394 396 401 405 406 407 410 414 415 419 420 421 422 423 424 428 430 431 432 434 435 437 438 441 442 443 444 445
32 374 376 379 380 381 385 388 393 397 399 400 409 410 412 414 416 417 418 422 423 424 425 428 429 430 434 435 437 438 440 444 445
25 377 380 383 384 385 389 391 393 394 396 398 399 400 402 403 405 407 414 417 418 422 425 434 438 441
41 374 376 378 379 380 383 384 385 387 388 389 391 393 395 397 399 401 402 403 404 405 408 409 412 413 414 416 417 421 422 424 425 426 428 430 435 438 439 443 444 445
29 380 382 383 384 385 387 389 394 395 398 400 403 404 405 406 408 412 416 418 422 423 425 428 431 433 434 435 439 442
38 374 376 377 378 380 382 385 386 389 392 393 394 395 396 397 401 402 403 405 406 408 411 413 418 419 421 426 430 431 434 435 436 438 439 440 441 444 445
32 374 377 379 380 382 384 388 389 392 393 396 401 403 406 407 411 412 415 422 423 425 426 428 431 435 436 439 440 442 443 444 445
36 374 375 376 378 379 380 382 383 384 385 386 389 390 391 392 394 396 401 406 407 408 409 410 413 419 420 421 426 428 433 434 435 438 442 443 444
22 446 451 452 454 455 459 460 463 467 474 477 478 479 481 485 488 489 495 496 497 500 503
22 446 449 450 452 454 455 456 465 468 469 470 471 474 478 479 481 483 485 487 492 499 507
14 447 456 458 460 470 472 474 475 480 481 485 492 493 496
15 450 453 454 466 471 472 473 474 478 482 488 493 500 502 503
14 451 459 460 465 467 474 483 484 485 486 491 493 501 506
13 446 451 452 454 461 462 463 466 479 488 490 494 501
15 447 457 463 464 467 475 476 482 484 488 489 494 498 503 506
14 453 455 464 471 473 478 481 483 485 495 498 499 500 506
8 448 449 450 453 459 465 473 495
21 452 454 456 458 461 464 469 474 475 477 482 484 485 486 488 490 491 495 496 503 504
19 447 464 467 473 474 475 481 484 485 487 488 491 496 498 501 502 503 505 507
31 446 448 449 450 451 452 455 456 457 462 465 468 469 472 476 477 479 480 481 482 484 486 487 490 493 496 497 498 504 505 507
32 446 450 451 454 455 457 458 459 460 461 462 464 467 468 469 471 473 477 480 481 482 483 484 485 486 495 496 500 501 503 505 506
23 446 449 453 454 456 462 463 464 468 472 475 481 485 488 491 494 495 497 499 501 502 503 504
9 447 457 461 462 464 468 470 487 489
17 446 447 449 453 460 461 467 468 481 482 486 490 492 494 503 505 506
13 449 451 453 456 460 467 468 471 473 476 477 497 502
15 447 448 456 461 468 473 474 479 481 484 488 491 496 501 505
17 449 451 460 462 465 467 471 472 477 478 480 487 492 493 494 497 502
7 451 455 462 470 480 487 498
18 447 448 453 461 466 468 469 471 473 480 482 483 484 487 490 499 502 506
13 450 452 454 455 463 467 472 476 480 487 489 490 492
22 449 450 452 453 456 458 459 462 463 465 467 468 477 478 481 484 485 489 493 497 498 501
11 450 466 474 484 485 490 493 498 501 503 506
16 446 448 451 457 458 459 462 466 470 474 479 483 486 488 492 503
22 446 455 460 461 464 466 469 472 474 475 476 479 483 486 491 496 502 503 504 505 506 507
17 446 450 455 458 463 466 470 471 482 484 487 488 492 496 497 499 505
16 449 453 456 460 468 471 477 478 479 483 489 492 494 499 504 506
15 446 448 451 456 459 471 479 486 491 493 497 498 503 505 506
25 446 451 452 457 459 460 461 462 463 464 465 468 469 470 476 477 480 483 484 487 494 498 499 501 506
17 461 462 464 466 468 473 474 478 481 482 484 485 495 501 502 504 507
23 446 448 449 450 451 455 456 459 460 461 464 468 472 474 476 480 484 486 490 493 497 501 502
15 446 448 449 452 456 465 480 481 484 485 494 496 498 502 505
15 446 447 453 460 463 466 468 470 471 478 480 481 489 498 499
13 447 452 454 458 462 467 478 481 482 483 488 504 507
9 449 466 469 478 481 494 499 504 507
21 448 449 452 456 459 461 464 467 469 477 480 483 485 486 489 490 491 494 500 506 507
40 446 447 450 451 453 455 457 459 461 462 463 465 467 468 469 470 472 473 474 475 476 477 480 481 482 483 485 486 487 488 490 491 493 498 499 501 502 503 506 507
22 448 449 452 454 456 458 460 464 466 471 478 479 484 489 492 494 495 496 497 500 504 505
39 446 447 448 449 451 452 453 454 455 456 458 459 461 462 463 464 466 472 473 474 476 478 479 480 483 486 487 488 489 492 495 496 498 499 501 502 503 505 507
19 446 448 451 457 461 462 463 468 472 475 482 489 490 491 494 502 503 504 505
23 446 453 454 456 460 461 462 464 468 469 475 477 479 482 484 485 487 491 493 494 497 499 500
12 453 457 465 469 475 487 489 491 494 495 498 506
41 447 450 454 455 457 458 459 460 461 462 463 464 466 467 468 469 470 472 473 474 475 476 477 478 479 482 486 487 489 490 491 492 493 495 497 499 500 501 503 504 506
23 448 450 452 454 456 457 458 463 465 469 472 474 479 484 485 489 493 495 496 499 500 501 502
23 447 449 452 455 458 460 467 468 473 475 478 479 481 483 485 488 490 492 495 500 503 504 506
14 463 466 470 471 473 477 479 485 492 496 499 500 503 505
16 448 450 451 455 457 462 467 476 479 483 487 493 497 501 506 507
10 446 452 455 461 474 479 487 499 503 504
19 447 452 454 456 460 461 471 473 476 477 478 480 481 489 496 499 500 502 505
19 447 448 451 457 461 467 469 476 477 478 480 483 486 489 492 493 496 500 507
18 447 448 451 454 457 470 471 473 480 482 487 488 490 492 494 495 499 500
22 449 450 456 457 458 462 464 465 470 472 475 476 486 491 492 493 494 498 501 504 505 507
20 450 452 455 458 459 460 465 466 470 471 473 474 479 482 484 487 490 498 505 506
15 459 464 466 471 473 475 476 477 478 483 488 491 497 504 507
24 447 450 454 458 463 464 465 466 469 470 472 481 483 484 486 489 491 493 495 496 498 500 501 507
11 449 463 465 469 482 490 491 501 504 506 507
30 446 448 450 452 453 454 455 456 458 463 471 472 473 475 476 477 479 480 482 488 490 492 495 496 497 498 500 502 503 505
39 447 448 449 450 451 452 455 457 458 459 463 465 466 467 470 471 472 473 474 476 478 480 481 483 486 488 489 490 492 495 496 498 501 502 503 504 505 506 507
31 447 453 454 458 459 460 461 463 464 466 467 470 471 473 474 475 478 483 485 488 489 491 492 494 495 499 500 501 502 503 506
25 448 451 453 458 459 460 461 462 466 472 473 477 480 486 490 491 493 495 496 497 500 501 502 504 505
10 449 459 465 472 473 492 494 500 502 505
16 450 453 455 464 467 468 472 475 484 485 487 493 494 495 497 498
13 452 453 454 455 459 463 470 482 486 489 495 499 500
15 446 450 452 457 459 461 465 466 470 472 480 482 490 495 497
17 447 449 453 457 458 460 465 469 470 475 477 483 488 494 496 499 500
30 447 448 449 452 453 456 463 465 466 470 472 474 475 476 478 479 487 488 489 490 491 492 493 494 497 498 499 502 504 507
17 446 450 457 458 464 466 469 475 476 483 485 490 498 503 504 506 507
24 447 451 453 454 457 460 462 465 468 472 473 474 475 476 478 479 481 493 495 498 501 502 503 504
7 447 455 475 492 495 497 504
29 447 449 450 452 454 456 458 459 460 465 466 467 469 470 474 476 477 479 480 484 486 487 488 492 493 496 497 501 507
6 451 453 471 483 488 507
15 448 457 459 462 475 478 480 482 485 488 490 492 494 505 506
12 448 451 454 455 458 462 463 469 476 486 493 500
27 455 457 464 467 468 469 471 476 477 478 482 483 484 486 487 489 491 497 498 499 500 502 503 504 505 506 507
30 446 447 448 451 453 454 456 460 461 462 463 464 468 469 470 472 473 475 477 478 480 483 487 488 489 494 495 496 502 505
15 448 449 456 458 467 479 481 485 486 489 490 491 496 505 507
39 446 448 450 451 453 454 456 457 459 461 462 463 464 465 466 469 470 471 472 474 476 477 480 482 484 486 487 489 491 493 494 496 497 498 499 501 502 505 507
21 449 452 455 457 458 459 465 467 471 476 479 481 482 486 491 492 497 499 500 504 507
23 450 457 460 465 467 468 469 470 471 475 477 481 482 484 485 490 491 493 494 497 500 504 506
30 446 450 451 453 454 457 459 461 462 463 464 465 466 469 470 472 474 477 480 482 484 489 491 493 494 496 498 499 502 507
23 448 449 451 452 455 456 462 465 468 469 472 476 481 482 484 486 487 490 493 496 497 498 504
14 448 451 453 458 462 466 473 480 493 496 497 500 502 505
14 446 454 456 460 462 468 469 477 482 491 493 494 499 500
15 447 464 467 473 474 475 485 487 491 496 498 501 502 505 507
12 447 456 458 460 470 472 474 475 480 481 485 492
9 448 459 462 475 482 485 490 494 505
15 450 452 455 458 459 460 470 473 479 482 484 487 498 505 506
18 450 457 465 467 468 469 471 475 477 482 484 490 491 494 497 500 504 506
9 447 456 458 470 474 475 481 485 493
16 448 452 456 459 464 467 477 480 483 485 489 490 491 494 500 506
19 448 449 452 454 456 458 460 464 478 479 484 489 492 494 495 497 500 504 505
21 446 451 452 457 459 461 462 463 464 468 469 476 477 480 484 487 494 498 499 501 506
8 453 457 469 475 487 494 498 506
12 463 466 470 473 479 485 492 496 499 500 503 505
5 459 465 472 473 492
11 446 447 453 466 470 471 480 481 489 498 499
4 451 455 462 470
12 447 457 463 464 467 476 482 488 489 494 498 503
20 448 450 452 454 456 457 458 463 465 472 474 479 485 489 493 496 499 500 501 502
31 447 449 450 451 452 455 457 463 465 466 467 470 471 472 473 474 478 480 481 483 486 488 489 490 495 498 501 502 504 505 507
18 446 451 455 457 460 461 464 467 468 471 473 482 483 485 486 501 503 506
10 449 451 453 456 460 467 471 473 497 502
5 449 473 492 494 500
19 450 457 460 465 467 468 469 470 481 482 484 490 491 493 494 497 500 504 506
16 449 450 456 458 465 470 472 475 476 491 492 493 498 501 505 507
6 474 484 485 490 503 506
13 447 464 474 475 481 484 487 491 496 498 501 503 505
25 446 450 451 454 455 457 458 459 461 462 469 471 473 477 480 483 484 485 486 495 496 500 501 503 506
8 449 459 465 472 473 492 494 502
18 452 454 456 458 461 464 469 477 482 484 485 488 490 491 495 496 503 504
18 446 454 460 461 462 468 469 475 477 484 485 487 491 493 494 497 499 500
13 446 449 453 461 468 481 482 486 490 492 494 503 505
10 447 456 460 461 473 476 477 481 499 502
14 446 450 451 455 456 460 461 472 474 476 484 486 493 502
9 450 455 457 467 487 493 497 501 507
16 448 450 452 457 458 463 465 469 474 479 485 489 496 499 500 502
7 447 452 458 462 467 483 504
11 447 457 463 467 475 476 488 489 494 498 503
13 449 453 458 459 465 468 478 484 485 489 497 498 501
11 452 454 458 462 467 478 481 482 483 488 504
21 446 451 452 459 460 461 462 463 465 468 469 470 476 477 480 483 487 498 499 501 506
11 448 456 459 471 479 486 491 497 503 505 506
18 447 451 453 454 457 462 465 468 472 474 475 476 478 481 493 498 501 503
23 447 448 451 454 456 460 461 462 464 469 470 472 473 475 478 483 487 488 489 494 495 496 505
13 446 448 457 462 463 472 482 489 491 494 502 504 505
14 448 453 461 466 468 471 473 482 483 484 487 490 499 506
19 453 454 458 459 460 463 464 466 474 478 483 485 488 491 494 499 500 501 506
14 446 448 451 457 458 459 466 470 474 479 483 486 492 503
11 447 456 460 461 471 473 476 481 499 500 505
8 450 455 468 472 484 485 487 498
15 446 455 460 469 472 475 476 483 496 502 503 504 505 506 507
14 449 452 456 459 461 464 467 469 477 485 490 491 500 507
14 446 448 451 461 468 472 474 480 484 490 493 497 501 502
7 459 460 465 474 483 486 501
7 447 457 461 464 468 470 487
11 446 453 466 468 470 471 478 480 481 489 498
21 449 450 452 454 456 460 465 466 467 469 474 476 479 480 486 487 488 492 493 496 501
11 450 458 464 465 470 475 486 491 492 494 505
18 449 450 456 457 458 462 465 475 476 486 491 492 493 494 498 504 505 507
12 450 455 458 459 471 473 479 487 490 498 505 506
20 448 451 453 458 459 460 461 462 466 472 473 486 491 493 495 496 497 500 502 505
8 447 462 478 481 482 483 504 507
13 450 455 464 468 472 475 484 485 487 493 495 497 498
10 449 462 465 467 471 472 477 478 492 494
12 446 448 451 459 471 479 486 491 497 498 505 506
11 449 451 460 462 465 467 471 477 492 493 497
18 446 450 453 455 456 458 463 471 472 473 480 482 495 496 498 500 502 503
6 451 454 462 476 486 493
13 446 447 449 453 460 461 468 481 486 490 492 503 506
10 446 451 459 471 479 491 493 497 503 505
6 449 459 465 494 500 505
4 453 471 483 507
12 450 455 458 465 466 471 473 474 479 482 484 498
33 446 447 448 451 452 453 454 455 456 458 459 461 462 466 472 473 474 479 480 486 487 488 489 492 495 496 498 499 501 502 503 505 507
18 449 452 455 458 459 465 467 476 479 481 482 486 492 497 499 500 504 507
22 446 451 452 453 455 459 461 462 463 464 473 474 476 479 480 489 495 496 499 501 505 507
5 449 466 478 494 507
8 446 459 462 466 470 483 486 492
20 447 450 451 459 462 463 467 468 470 474 475 480 481 482 485 486 490 491 499 501
11 473 475 484 485 487 488 496 501 503 505 507
24 446 447 454 455 456 458 461 462 464 466 472 474 476 478 479 480 486 487 492 496 499 501 503 507
9 447 448 461 473 474 479 481 496 505
29 450 455 458 459 460 461 462 463 467 468 469 470 472 474 475 477 478 479 482 487 489 490 491 492 497 500 501 503 506
30 447 448 449 450 451 455 457 458 463 466 467 470 471 472 473 474 476 481 483 486 489 492 495 496 498 501 502 503 504 507
10 452 454 455 463 472 476 480 487 489 490
5 447 455 475 495 497
15 447 458 464 466 469 470 481 483 484 489 493 495 498 500 507
15 448 452 454 458 465 469 474 479 484 485 489 495 496 500 502
18 449 452 455 457 458 459 465 467 471 479 481 482 486 491 492 497 504 507
6 448 450 453 459 465 495
8 446 448 451 479 486 491 497 503
33 450 454 457 458 459 461 462 464 466 467 469 470 473 474 475 476 477 478 479 482 486 489 491 492 493 495 497 499 500 501 503 504 506
10 449 453 468 471 477 479 483 492 494 506
16 446 455 461 464 469 472 475 479 483 491 496 502 503 504 506 507
11 461 462 464 466 468 473 478 481 482 502 507
14 450 465 468 469 470 471 477 481 485 491 493 494 497 506
6 450 466 485 490 493 498
7 446 451 452 461 463 490 501
7 451 455 458 462 463 476 493
12 456 458 460 470 472 474 475 481 485 492 493 496
14 449 450 458 462 472 476 486 491 492 494 498 501 505 507
6 454 462 481 482 483 504
18 446 449 452 454 455 465 468 470 471 474 478 481 483 485 487 492 499 507
13 448 456 458 467 479 481 485 486 489 490 491 505 507
9 450 466 474 484 485 490 493 498 503
14 450 460 465 468 469 471 477 482 491 493 494 497 504 506
21 447 450 454 458 463 464 465 466 469 470 483 484 486 489 491 493 495 496 498 500 501
13 449 453 456 460 468 471 478 483 489 492 494 499 506
12 452 456 464 475 477 484 485 490 491 496 503 504
17 449 454 456 462 463 464 475 481 485 488 491 494 495 499 501 502 504
12 457 458 464 465 470 486 492 494 501 504 505 507
30 446 450 451 454 456 457 459 463 464 466 469 471 472 474 476 477 480 484 486 489 491 493 494 496 497 499 501 502 505 507
7 447 461 462 464 470 487 489
21 448 449 450 452 455 456 465 468 472 476 477 479 481 482 484 490 497 498 504 505 507
22 446 451 452 457 460 461 463 464 465 468 469 470 476 477 480 483 484 487 494 498 499 506
7 450 459 461 465 466 490 495
16 447 448 453 461 466 468 469 471 473 480 482 483 484 487 490 502
16 448 451 453 458 459 462 472 473 486 490 491 493 496 501 502 504
11 448 452 464 467 477 483 486 490 491 506 507
7 449 469 478 481 494 499 507
12 448 451 469 477 478 480 483 486 492 493 496 500
6 452 453 454 463 482 489
7 455 461 479 487 499 503 504
6 450 490 498 501 503 506
11 448 457 459 462 475 478 480 482 492 494 506
13 456 460 462 464 479 482 485 487 491 494 497 499 500
5 446 455 461 487 504
5 457 461 464 487 489
6 452 455 461 479 487 504
6 447 455 492 495 497 504
13 448 449 456 479 481 485 486 489 490 491 496 505 507
19 455 464 468 469 471 476 477 478 482 487 489 491 498 499 500 502 504 505 507
11 464 473 478 481 482 484 485 495 501 504 507
12 457 463 464 467 475 476 482 488 489 494 503 506
6 465 469 487 489 491 506
16 449 452 455 457 458 465 467 471 479 482 486 491 492 499 500 504
19 448 450 453 455 463 472 476 477 479 480 482 488 490 492 496 497 498 500 502
16 450 452 453 456 458 459 462 463 467 477 478 481 484 493 497 501
16 453 458 459 460 461 463 466 467 475 485 492 494 499 501 502 503
35 446 447 450 451 453 457 459 461 462 463 465 467 468 469 470 472 473 474 475 476 477 481 482 485 486 487 490 491 493 498 501 502 503 506 507
15 446 449 450 452 454 455 465 470 471 474 478 479 487 492 499
25 447 448 452 453 456 463 465 466 470 472 475 476 478 479 487 489 490 491 492 493 494 497 502 504 507
6 452 455 461 474 487 499
6 447 454 462 482 483 488
13 449 453 456 460 471 477 479 483 489 494 499 504 506
10 448 459 461 469 477 480 485 486 490 506
7 466 477 479 485 496 499 503
17 447 452 458 459 466 469 474 476 479 480 487 488 492 496 497 501 507
10 446 448 463 472 475 490 491 502 503 505
9 450 466 474 484 485 490 501 503 506
19 447 452 455 458 460 468 473 475 478 481 483 485 488 490 492 495 500 504 506
20 447 449 452 455 460 467 468 473 475 478 481 483 485 488 492 495 500 503 504 506
12 450 452 457 461 465 466 470 472 482 490 495 497
13 446 448 451 456 459 479 486 491 493 497 503 505 506
11 459 460 467 474 483 484 486 491 493 501 506
18 467 468 469 471 476 478 482 483 484 486 489 500 502 503 504 505 506 507
23 446 450 451 454 455 457 458 459 461 464 467 468 469 471 477 480 481 482 483 484 485 486 495
18 446 448 452 455 458 463 472 473 475 476 480 482 488 490 492 495 500 503
7 447 457 461 462 464 470 489
10 447 452 454 458 467 478 481 483 488 504
32 446 448 453 454 456 459 461 463 464 465 466 469 470 471 472 474 476 477 480 484 486 487 489 491 493 494 496 497 498 501 505 507
14 451 455 459 460 463 467 474 477 478 479 485 488 495 503
8 448 457 462 480 488 494 505 506
13 460 463 468 469 476 477 480 483 487 494 498 499 506
25 447 449 450 452 456 458 459 465 466 467 469 470 474 476 477 479 480 484 486 492 493 496 497 501 507
5 453 471 483 488 507
16 448 451 453 458 459 461 473 486 490 495 496 497 501 502 504 505
5 449 469 499 504 507
27 446 450 453 454 456 457 459 463 464 466 470 471 472 477 480 482 486 487 489 491 493 494 497 498 501 502 505
11 447 470 471 473 480 482 487 490 492 494 499
9 448 451 454 455 458 469 476 486 493
7 463 470 471 473 492 500 505
14 455 468 469 477 478 483 487 491 498 500 504 505 506 507
25 446 447 450 453 457 459 461 467 468 469 470 473 476 482 483 485 486 488 491 498 499 501 502 506 507
11 448 450 454 463 465 469 472 474 489 501 502
15 446 448 450 452 453 454 455 456 458 473 477 482 498 500 505
4 451 470 487 498
12 447 448 451 454 470 473 480 482 488 494 495 500
13 447 463 464 467 475 476 482 488 489 494 498 503 506
15 450 452 455 459 460 466 470 473 474 482 484 487 490 498 505
17 447 449 452 458 460 467 473 478 479 481 483 485 490 492 495 503 506
5 448 450 453 459 465
14 449 452 453 456 459 462 463 465 467 468 478 481 485 498
7 484 485 490 493 498 501 506
42 446 449 450 451 452 454 455 456 457 458 459 461 462 464 465 466 469 470 472 473 474 475 476 478 479 480 482 483 484 486 489 491 492 493 495 496 497 498 499 500 504 505
23 446 451 454 459 460 461 462 465 467 469 472 474 476 477 478 480 485 487 492 493 494 496 500
40 446 449 452 456 457 458 459 460 461 464 467 468 469 470 471 473 474 475 476 478 479 480 481 482 484 486 487 488 490 491 493 494 497 498 499 500 502 503 504 505
21 450 451 453 454 455 458 461 463 472 475 477 482 483 485 486 487 491 494 498 502 506
32 448 449 451 452 453 455 457 458 459 460 461 463 465 467 468 471 472 475 476 477 482 483 484 488 489 494 495 501 503 504 505 507
20 447 450 455 458 461 462 463 464 469 470 474 477 480 483 489 493 494 498 500 503
24 448 452 453 454 455 457 458 460 465 471 472 474 475 476 482 483 491 492 493 496 499 500 501 506
28 447 448 450 452 455 461 464 465 467 471 474 476 477 478 479 480 488 489 490 491 494 495 496 497 498 499 501 504
35 446 450 454 456 457 458 459 465 466 468 469 470 471 473 475 476 477 478 479 485 486 487 488 489 490 491 492 493 495 496 499 502 503 505 507
34 446 449 451 453 454 456 459 461 462 465 467 468 469 472 473 475 477 478 480 483 485 487 488 489 493 496 498 499 500 501 502 503 505 507
43 446 447 448 449 450 451 452 453 455 457 458 459 460 461 462 463 464 465 466 467 468 469 470 471 472 473 475 478 481 482 483 484 488 490 493 496 498 499 500 502 503 505 507
21 446 449 451 456 458 460 462 472 474 479 482 487 488 489 491 494 500 502 504 506 507
27 446 453 457 458 460 462 463 464 466 468 469 472 473 474 476 482 483 484 485 490 495 496 497 499 500 501 504
21 446 449 451 452 453 456 457 462 464 467 468 473 478 482 483 484 488 493 497 501 502
18 449 452 453 454 456 460 463 466 469 471 474 476 487 490 495 499 501 503
21 450 454 456 459 462 465 466 468 469 473 475 480 481 482 483 485 496 497 498 500 504
39 447 448 449 452 453 455 458 460 462 464 465 467 468 469 471 472 473 475 477 479 483 485 486 487 488 490 492 493 494 495 497 498 499 500 501 503 505 506 507
32 447 448 452 454 456 457 460 461 462 464 467 469 470 472 473 475 476 477 478 485 486 487 488 491 492 494 495 496 498 500 501 503
31 447 448 449 452 454 457 459 460 463 465 466 467 468 470 471 472 481 485 486 488 492 494 497 498 499 500 501 502 505 506 507
26 450 451 453 455 456 459 460 463 464 466 475 476 477 478 479 480 482 487 488 494 496 498 502 504 505 506
42 447 448 449 450 451 452 453 455 456 457 459 460 461 464 465 467 468 471 473 474 475 477 479 480 482 483 484 486 487 488 490 491 493 494 496 499 500 501 503 505 506 507
21 449 451 458 461 462 463 465 466 469 470 472 475 478 483 486 488 490 497 499 500 504
33 446 448 449 454 455 456 457 458 463 465 466 467 468 469 471 472 473 474 476 477 478 479 480 484 495 496 498 499 500 501 503 505 507
25 446 448 449 450 451 454 457 459 462 468 476 479 480 482 483 485 488 489 491 493 496 497 498 501 505
35 447 448 449 450 451 457 458 459 461 464 465 466 468 470 471 472 473 474 476 477 478 479 484 486 487 489 490 491 492 496 499 501 504 505 506
18 446 447 448 452 453 454 459 460 461 466 471 478 482 483 492 495 500 504
39 446 448 449 451 453 456 457 458 459 462 463 464 465 467 468 469 470 472 473 474 476 477 478 479 481 483 484 486 487 490 492 493 494 495 496 499 500 502 507
22 450 452 453 454 457 458 460 464 465 470 473 476 479 484 488 489 490 492 493 494 495 505
42 446 447 449 453 454 455 456 457 458 460 462 463 465 466 467 468 469 470 471 473 475 476 478 479 480 481 483 484 485 486 487 488 490 492 497 498 500 501 503 504 506 507
28 446 449 450 451 452 453 454 457 458 460 461 462 463 465 467 469 472 473 480 482 486 490 492 497 498 504 505 506
19 447 451 455 457 458 461 472 475 477 480 481 487 488 489 490 495 498 501 505
40 447 448 449 451 453 456 457 460 461 462 464 465 466 467 469 474 475 476 477 479 480 481 482 483 486 487 488 489 492 493 494 495 496 497 498 500 501 502 504 506
22 446 447 448 455 459 461 462 463 466 467 471 472 474 478 495 496 497 498 499 500 501 502
32 446 447 450 451 452 454 456 457 460 461 465 470 471 473 474 475 477 479 480 481 485 488 489 491 492 493 494 495 498 500 503 505
24 447 448 451 452 454 456 457 458 459 464 467 471 477 481 482 483 489 490 492 494 497 499 504 506
36 446 447 448 449 450 452 455 456 457 458 460 463 466 467 468 469 471 473 474 475 478 480 482 484 485 486 488 489 491 494 497 498 500 501 502 503
21 446 449 452 453 455 456 457 464 465 471 473 477 483 484 485 486 488 493 499 502 507
18 452 454 456 462 464 465 467 468 471 477 478 481 483 484 489 490 492 495
33 448 449 450 452 454 455 459 460 462 464 466 468 470 471 472 475 476 477 479 482 486 488 491 492 493 494 495 496 498 499 501 504 505
36 447 448 449 451 452 453 454 455 456 457 459 461 463 464 465 467 470 471 472 473 477 480 483 484 489 491 492 493 494 497 498 499 500 502 503 507
21 446 447 450 452 453 461 466 467 469 471 473 477 478 483 486 489 495 498 499 500 501
25 446 448 451 453 457 458 462 463 467 469 470 471 472 474 476 477 479 480 483 484 485 493 498 505 507
32 446 447 448 449 450 453 455 456 459 460 461 464 465 469 472 473 475 477 486 489 490 493 494 497 499 500 501 502 503 505 506 507
26 448 452 454 456 461 464 465 467 470 471 472 476 479 480 481 482 484 486 489 490 493 497 499 501 503 507
20 446 448 449 456 457 459 462 465 467 468 475 476 480 482 485 493 496 501 503 505
37 447 448 449 450 454 455 457 459 460 464 466 468 470 472 473 474 475 479 481 482 484 486 487 488 490 491 493 494 495 497 498 500 502 503 504 505 506
38 447 448 449 451 452 453 454 456 459 460 463 465 466 471 472 473 475 477 479 480 483 484 485 489 490 491 492 493 494 495 496 500 501 502 504 505 506 507
25 446 447 448 450 451 452 454 455 456 458 460 463 466 469 470 475 478 480 482 483 488 489 496 502 505
40 446 447 449 451 452 453 457 458 460 461 462 463 464 467 468 469 470 471 473 474 475 476 482 485 486 488 489 490 491 492 493 494 495 496 497 498 504 505 506 507
20 446 447 450 453 454 462 465 467 468 470 471 475 477 478 484 488 493 499 503 504
39 448 450 452 453 456 457 459 460 461 462 463 464 465 469 470 472 473 474 475 478 479 480 482 483 484 485 487 489 492 493 494 495 498 501 503 504 505 506 507
41 447 448 450 451 453 454 456 457 458 460 461 462 464 465 468 469 472 473 474 476 477 478 480 482 483 484 485 487 488 490 491 492 494 496 497 498 500 503 504 505 506
31 447 452 453 454 456 458 459 460 461 464 465 466 467 468 472 474 476 478 479 480 484 488 489 493 495 496 497 498 499 503 507
41 447 448 449 450 451 453 454 455 456 458 459 460 461 462 465 466 467 469 470 471 473 474 477 478 479 480 481 482 485 486 487 490 491 492 494 497 499 500 502 506 507
41 447 449 450 451 453 457 458 459 460 461 462 463 465 467 469 470 473 475 477 478 479 480 481 482 483 485 487 488 492 493 494 495 496 497 498 499 500 502 504 505 507
41 447 450 452 453 455 456 457 458 460 461 462 463 464 465 466 467 468 469 470 471 472 476 477 479 480 482 483 484 486 487 488 491 493 494 496 499 500 501 502 503 506
25 454 455 457 458 460 461 462 464 466 467 468 470 473 475 480 483 485 487 488 492 493 497 498 504 506
26 447 454 456 460 461 464 465 466 469 472 475 477 480 481 483 484 485 489 492 493 496 497 498 504 505 507
27 448 449 451 454 455 456 467 468 469 470 473 474 477 478 479 482 485 489 490 494 495 497 501 504 505 506 507
38 446 447 448 450 451 452 455 456 457 460 461 464 467 470 471 473 475 476 480 481 482 483 484 486 487 488 490 492 493 494 495 496 500 501 503 504 505 506
42 446 447 448 450 451 452 455 457 460 461 465 466 467 468 469 470 472 475 477 480 481 482 483 484 485 486 487 489 492 494 496 497 498 499 500 501 502 503 504 505 506 507
26 449 452 459 460 463 464 465 467 468 469 473 475 477 478 479 480 483 484 486 489 494 495 496 501 502 506
29 448 450 452 454 456 458 462 467 468 469 470 472 475 477 479 480 482 484 486 487 489 490 491 493 496 497 501 502 507
24 447 451 455 458 460 461 464 470 477 478 479 483 484 488 489 491 492 493 494 498 499 500 506 507
35 446 447 452 453 454 457 459 461 463 465 466 467 469 472 473 474 476 477 479 480 482 485 486 487 488 489 491 492 493 498 499 500 501 503 505
42 447 448 449 450 451 452 454 458 459 460 461 462 463 464 466 467 469 472 473 475 478 480 483 485 486 487 488 489 490 491 494 495 496 497 499 500 501 502 504 505 506 507
33 447 448 451 452 457 458 460 461 462 463 464 465 467 470 472 477 481 483 484 485 488 490 491 493 494 496 497 498 500 502 503 504 506
28 447 448 450 451 452 454 456 459 462 464 470 473 474 476 478 480 481 483 487 488 491 492 493 497 499 503 504 505
33 446 449 450 452 456 457 459 460 464 465 469 471 474 476 477 480 482 483 486 487 488 492 493 494 495 496 498 499 500 501 502 503 505
28 447 448 450 453 455 456 457 458 462 464 465 468 469 470 472 473 475 477 480 482 486 487 490 491 492 493 499 507
32 446 450 451 452 453 455 457 459 460 462 466 468 470 478 480 482 483 484 485 488 489 490 491 492 493 495 497 498 500 501 503 507
40 447 450 451 452 453 455 458 459 460 463 464 465 466 467 468 470 471 473 474 475 476 477 478 481 482 485 486 487 489 490 493 495 496 497 498 499 502 504 505 506
36 446 447 448 449 450 451 454 456 457 458 460 462 463 464 465 467 468 469 470 474 475 477 480 481 486 487 488 492 495 497 498 500 503 505 506 507
20 446 451 454 456 458 462 464 465 468 474 479 484 485 486 490 493 495 503 505 507
24 447 448 449 455 457 459 463 464 466 468 469 471 473 474 478 480 481 483 485 491 493 497 499 507
32 448 449 450 451 452 455 458 461 462 467 468 470 473 475 476 483 485 486 488 489 490 491 492 495 496 500 501 502 503 505 506 507
36 446 448 449 450 453 455 457 459 462 464 465 466 468 469 470 472 473 475 476 479 480 481 485 486 487 489 490 491 495 496 497 500 502 503 504 505
21 451 452 457 460 461 465 468 471 473 475 477 480 481 486 488 491 493 498 502 506 507
22 447 448 453 456 458 464 466 467 471 475 480 481 482 484 485 487 489 491 494 495 498 503
29 447 449 450 459 461 462 466 471 472 474 475 477 478 479 481 483 485 486 488 489 491 495 496 498 499 500 501 502 506
23 446 447 457 458 460 462 464 465 467 468 471 476 477 478 479 482 485 486 490 492 494 501 505
30 447 448 449 451 457 463 467 468 471 473 475 477 478 481 482 483 485 487 488 489 490 491 497 498 499 500 502 503 505 507
31 447 449 451 452 455 456 457 458 462 463 465 469 470 471 473 474 476 477 480 481 482 483 489 490 492 493 496 498 499 502 506
36 446 447 449 451 452 453 454 456 457 458 459 460 467 469 470 471 473 474 476 477 478 482 484 485 486 488 492 495 497 498 499 502 503 504 505 507
30 447 448 449 451 452 453 455 456 457 458 459 464 466 468 470 471 473 474 475 476 480 482 485 495 497 498 503 505 506 507
31 450 451 453 454 456 457 458 459 460 461 462 470 471 473 474 477 478 479 483 484 487 489 490 492 497 498 499 501 502 505 507
40 448 450 452 454 455 456 459 460 462 464 465 466 467 468 469 470 471 472 474 477 478 479 480 482 483 485 486 488 489 491 492 493 495 497 499 500 502 504 506 507
20 448 450 451 458 459 460 461 463 472 475 476 477 479 480 486 488 489 493 496 500
36 448 453 456 457 458 459 460 462 463 464 465 466 468 469 471 473 474 475 476 477 478 482 483 484 485 486 488 491 492 494 495 498 501 504 505 506
28 449 450 451 452 453 455 456 459 460 461 464 473 475 478 480 481 484 486 488 490 492 493 495 497 501 502 504 505
38 446 447 448 449 453 455 456 458 461 462 464 465 466 469 470 471 473 474 475 476 477 479 480 481 482 483 484 485 486 495 497 499 500 502 503 504 505 507
31 446 447 451 452 455 457 459 460 462 463 465 466 469 470 471 473 475 478 483 486 493 494 496 497 498 499 500 501 503 505 506
23 449 450 456 460 463 466 468 475 477 478 479 481 482 485 486 489 494 495 498 500 503 505 506
30 447 448 450 451 452 454 456 457 460 461 464 466 470 472 473 474 476 481 484 486 487 490 491 492 494 497 500 501 503 506
25 452 453 454 456 462 465 466 469 471 473 475 477 481 482 483 485 488 491 494 496 498 500 502 504 505
28 448 449 451 452 454 455 462 466 470 471 472 477 479 480 481 482 487 488 489 492 496 497 500 502 504 505 506 507
43 446 448 451 452 453 454 455 457 458 459 461 462 463 466 467 470 471 473 474 475 476 477 478 480 481 482 484 485 487 488 489 490 492 494 496 497 499 500 501 502 503 505 506
37 446 450 454 456 457 459 460 461 462 463 465 468 469 470 471 472 473 474 477 479 480 481 482 485 487 488 490 491 495 496 497 499 500 501 502 505 506
33 446 448 449 450 451 453 454 455 456 458 460 463 464 470 476 477 478 480 482 483 484 485 488 489 491 492 493 495 497 499 501 504 506
29 447 450 452 453 454 455 457 460 461 462 465 469 472 473 475 476 477 479 484 485 490 491 492 493 495 498 501 506 507
22 447 448 455 456 457 458 468 469 471 472 475 476 480 482 485 487 491 492 494 497 500 507
33 447 448 449 452 453 455 458 460 462 463 467 468 470 473 474 475 476 478 484 486 487 488 490 491 492 494 496 497 498 499 503 505 507
31 450 452 453 454 455 458 459 461 462 463 464 471 472 473 474 478 481 482 483 485 486 489 491 493 496 499 501 503 504 505 506
24 446 447 449 457 459 461 462 465 470 472 474 483 484 485 487 489 490 495 497 498 501 505 506 507
40 446 447 450 452 454 457 458 459 460 461 463 464 465 466 467 471 472 473 477 478 479 480 483 484 486 487 488 489 490 494 495 496 498 501 502 503 504 505 506 507
18 446 457 458 459 461 462 465 466 477 480 481 484 488 489 490 491 495 499
21 448 449 452 453 456 458 459 461 463 465 471 474 476 478 479 481 485 491 493 501 505
38 447 448 450 454 455 458 459 460 461 462 463 466 467 471 472 473 474 476 477 478 479 480 481 482 485 487 488 491 492 493 494 495 496 497 498 499 500 505
41 446 447 448 449 450 451 453 455 459 460 462 465 466 467 468 469 470 471 472 475 476 477 478 479 482 483 484 485 486 487 489 491 492 493 494 495 496 499 504 505 506
32 448 449 451 452 453 454 459 461 463 466 467 468 469 470 471 472 474 477 479 480 487 488 490 492 493 495 497 498 499 501 505 507
34 446 447 448 450 453 455 456 457 459 462 463 468 470 471 472 474 475 476 479 483 485 487 489 491 492 493 494 495 496 497 498 499 503 505
26 447 448 451 452 457 461 462 463 464 471 473 476 480 481 482 485 486 487 488 489 490 492 495 500 505 506
39 446 448 449 451 454 457 458 459 461 462 464 465 466 469 470 472 474 475 476 478 481 482 483 484 485 486 488 489 490 492 493 494 495 496 498 499 502 503 507
21 446 448 449 456 463 465 467 470 471 473 477 480 481 483 486 487 491 494 496 498 504
33 449 453 454 456 459 460 462 463 464 465 467 468 470 472 474 477 478 479 481 482 484 485 490 491 493 494 495 496 500 501 503 505 507
35 446 448 450 451 452 453 455 457 458 460 463 465 467 469 472 475 477 478 480 482 484 486 487 488 490 491 494 496 497 498 500 502 504 506 507
26 447 448 453 455 458 460 464 466 467 468 469 470 472 473 476 479 484 491 492 493 495 499 500 501 502 506
26 446 449 450 453 455 457 460 461 464 468 469 472 475 477 482 484 487 489 490 492 493 496 502 503 505 507
19 446 449 451 461 462 466 472 473 476 477 482 483 487 488 490 496 497 501 507
39 446 447 448 449 450 452 453 454 455 457 460 461 462 463 465 466 468 469 470 474 475 476 477 478 479 480 483 489 490 492 494 496 497 499 500 503 504 505 507
30 446 448 451 453 458 460 462 467 471 472 473 475 478 479 481 482 483 484 485 486 490 494 495 497 498 501 502 503 504 506
30 449 450 454 456 458 460 461 463 467 468 469 470 471 472 476 478 479 480 481 482 484 486 487 491 492 493 497 499 504 506
39 449 450 451 452 453 455 456 457 458 461 462 463 465 466 468 470 471 472 474 475 477 478 479 481 482 483 487 489 490 492 493 498 499 500 501 504 505 506 507
18 446 448 452 453 458 469 476 477 481 483 487 488 491 493 503 504 505 506
32 446 449 450 453 454 458 460 461 462 465 467 469 471 473 474 475 480 481 483 484 485 488 489 490 491 493 494 496 497 499 502 503
30 446 447 448 449 453 456 460 462 465 467 468 471 474 475 476 477 479 485 487 490 491 492 497 500 501 502 503 504 505 506
33 448 449 450 451 453 456 457 460 461 462 465 466 469 472 473 475 478 479 481 484 485 487 488 489 490 491 493 495 496 497 499 501 503
18 460 462 465 466 470 472 473 476 478 479 480 482 484 485 490 491 492 500
21 446 447 452 453 456 457 458 463 464 466 467 468 469 482 483 495 497 499 502 504 505
36 446 447 449 451 452 453 454 455 459 460 461 463 466 468 469 470 472 477 478 479 481 482 484 485 486 489 490 491 495 496 497 498 499 502 504 505
32 446 448 450 452 453 454 455 456 457 458 459 460 462 463 468 469 471 472 473 477 481 483 484 485 489 490 493 494 497 500 501 504
34 446 449 450 451 452 454 455 457 460 463 468 470 471 473 476 477 480 481 482 485 486 488 489 490 491 492 494 496 499 501 502 504 505 506
42 446 447 449 450 451 452 453 455 456 457 458 461 462 463 465 468 469 470 471 473 474 475 477 480 481 482 483 485 487 488 489 491 493 494 495 496 498 500 501 502 504 506
21 447 450 451 456 458 459 463 467 474 480 481 485 487 491 493 494 495 496 501 502 504
39 446 447 449 450 452 453 455 456 457 460 462 463 464 465 466 469 471 473 474 477 481 482 483 484 485 486 488 490 491 492 493 494 495 497 498 499 500 502 504
31 446 447 450 451 455 460 462 464 466 467 469 471 474 475 477 478 482 483 484 485 486 487 489 490 495 496 500 502 503 504 507
22 447 456 459 460 462 464 467 469 470 471 472 473 475 476 478 479 482 491 498 502 505 507
30 447 450 452 453 455 456 458 460 464 465 466 468 469 472 475 479 483 485 490 491 492 493 496 497 498 499 503 504 505 506
43 447 448 449 450 451 452 453 454 455 457 460 461 462 463 464 465 467 469 471 472 474 475 478 479 480 483 484 485 486 487 488 490 491 492 493 494 496 498 499 502 503 505 507
23 449 453 454 455 456 457 460 463 465 466 471 473 484 486 487 490 493 494 496 503 504 505 506
40 446 447 448 451 454 456 458 461 462 463 464 466 467 468 469 470 473 474 475 476 477 478 479 480 481 482 484 486 488 489 490 491 494 497 498 499 500 501 503 506
40 446 449 450 451 452 453 455 456 457 461 462 465 469 470 471 473 475 476 477 478 480 482 483 486 488 489 490 491 492 493 494 496 497 498 499 500 501 502 503 506
33 446 448 453 454 455 456 458 462 463 464 465 467 468 469 470 472 474 475 479 482 484 485 486 490 491 492 493 494 496 499 500 502 503
42 446 447 448 450 452 454 455 456 457 458 459 460 461 462 463 464 466 467 470 473 475 477 479 480 481 482 483 484 485 486 488 490 491 492 493 494 496 501 503 504 505 506
38 451 452 453 454 455 456 457 458 459 462 463 464 465 467 469 470 471 472 476 477 480 481 482 484 485 486 488 489 491 492 493 495 496 500 501 502 505 507
20 447 448 451 455 457 462 469 470 471 473 475 476 478 481 490 493 495 499 502 503
25 446 447 448 450 453 454 455 458 463 464 468 474 476 480 481 482 484 486 493 494 496 499 501 502 507
24 449 453 455 456 459 464 465 466 467 472 473 474 477 478 481 482 483 486 490 491 493 494 498 499
18 448 450 452 457 458 460 463 464 469 470 474 475 478 484 488 489 503 507
39 446 448 451 453 454 455 456 457 458 460 461 462 464 468 469 470 471 474 477 478 480 484 485 486 489 490 491 492 494 495 496 497 498 500 502 503 504 505 506
40 446 447 448 449 450 451 452 455 458 459 460 461 465 467 468 469 472 475 476 477 478 481 484 485 486 488 490 491 492 493 494 495 497 498 499 500 503 505 506 507
34 446 447 448 449 450 452 453 454 455 456 457 458 460 463 465 466 468 474 475 476 477 479 482 484 486 488 489 491 492 497 500 503 504 506
42 447 449 450 452 453 455 456 457 459 461 462 465 468 470 471 472 473 474 475 476 479 481 482 483 484 485 486 487 488 489 490 492 493 494 496 498 500 501 502 503 506 507
24 449 450 453 454 456 457 461 462 463 467 468 470 471 478 479 481 482 484 494 498 499 500 502 506
30 446 450 453 455 456 458 461 463 464 467 470 473 474 480 481 482 483 485 486 487 492 494 495 497 498 500 501 503 506 507
39 446 450 451 452 457 458 461 463 465 466 468 471 472 473 474 475 477 478 479 480 481 483 486 489 490 492 493 494 496 497 499 500 501 502 503 504 505 506 507
28 447 449 451 455 457 458 459 461 462 464 467 468 474 476 477 479 483 484 487 489 490 491 493 494 495 500 506 507
42 446 448 450 451 452 453 455 456 457 459 460 461 462 463 464 465 466 469 473 474 475 476 477 481 482 484 485 488 492 493 494 495 497 498 500 501 502 503 504 505 506 507
23 448 449 451 453 455 464 465 467 468 474 475 479 481 486 487 492 494 496 497 499 500 503 505
29 449 450 452 454 455 456 459 463 466 467 468 469 470 476 477 478 479 484 486 487 488 489 491 494 496 499 500 501 502
39 448 449 450 452 453 454 455 456 458 460 462 465 466 467 468 470 471 473 474 475 476 477 479 480 481 483 485 486 488 491 494 495 496 498 500 502 504 506 507
22 447 448 455 457 462 463 469 470 473 477 479 481 483 486 491 492 496 500 501 502 505 506
20 446 453 463 464 466 467 471 474 478 480 482 489 493 494 496 497 501 502 503 504
35 446 447 449 450 453 454 455 457 459 461 462 464 465 467 468 471 472 476 477 478 480 482 483 485 486 489 491 492 497 499 503 504 505 506 507
39 446 447 449 453 456 458 460 461 465 466 467 468 469 470 472 473 475 476 477 479 480 481 483 484 486 488 489 490 492 493 494 496 497 498 499 500 503 505 507
34 446 448 449 450 451 452 453 455 456 458 459 462 464 467 468 472 474 477 483 484 487 488 490 491 492 493 494 495 498 500 501 502 503 504
41 446 449 450 451 453 455 456 457 458 459 461 463 464 465 466 468 470 471 473 474 476 477 478 479 481 484 487 488 491 494 495 496 497 498 499 500 502 503 504 505 506
24 446 449 450 453 456 458 459 463 466 467 469 471 479 480 481 482 486 490 491 498 499 500 503 504
40 449 450 451 454 455 457 459 460 463 465 466 467 468 470 471 473 475 476 477 479 480 481 483 484 485 488 489 490 491 492 493 494 496 499 500 503 504 505 506 507
21 446 447 449 453 454 458 462 468 469 471 473 482 488 490 493 501 503 504 505 506 507
27 449 451 452 453 454 459 460 461 463 465 470 472 477 479 480 481 482 483 486 490 491 496 497 498 500 503 506
26 446 450 451 453 454 455 458 464 465 467 472 474 482 483 484 486 487 488 490 492 494 495 496 498 500 507
24 448 454 456 457 462 464 471 472 474 479 480 481 483 484 485 488 489 492 494 499 501 503 504 505
34 446 447 452 453 454 455 456 458 459 460 464 467 468 471 473 475 476 477 478 483 487 489 490 491 492 494 495 496 499 502 504 505 506 507
27 447 450 451 453 455 457 461 463 464 465 466 467 469 470 471 472 475 476 482 483 485 487 489 493 495 496 505
30 447 450 452 455 459 460 461 464 467 468 471 472 475 476 477 478 479 482 483 484 485 487 489 490 491 501 503 504 506 507
34 447 449 456 457 458 463 466 469 470 471 473 474 475 476 477 478 479 480 482 483 484 487 488 491 492 493 494 496 499 502 503 505 506 507
41 448 449 450 451 452 453 459 461 462 463 464 466 467 469 470 471 472 473 474 476 479 480 481 482 483 484 485 486 489 490 491 492 493 494 495 496 498 499 501 505 506
35 447 450 452 454 456 457 459 460 461 462 466 468 470 472 473 476 477 478 480 481 483 485 487 488 489 491 494 495 496 497 498 502 503 504 506
36 446 448 449 450 451 452 457 463 464 465 466 467 468 469 474 475 476 477 478 479 480 482 484 486 490 491 492 493 494 495 496 497 500 501 504 507
33 449 450 451 453 454 455 456 458 459 460 461 462 464 469 475 476 477 478 479 480 482 484 485 490 492 493 496 497 498 500 502 504 506
19 450 456 459 461 463 469 476 477 478 483 488 492 493 497 500 501 503 505 506
32 446 448 450 454 456 457 461 463 464 466 467 469 472 473 474 480 481 484 487 488 489 490 491 497 499 500 501 502 503 504 505 506
29 446 449 451 452 454 455 457 458 464 469 471 474 475 478 481 483 484 485 487 488 489 490 491 492 494 503 505 506 507
39 446 447 448 452 453 454 455 458 461 462 464 465 466 469 471 473 474 476 477 478 480 483 484 485 486 487 488 491 492 493 495 496 497 500 501 503 504 506 507
