267 1313
76 1 2 3 4 5 6 7 8 9 10 11 12 13 14 15 16 17 18 19 20 21 22 23 24 25 26 27 28 29 30 31 32 33 34 35 36 37 38 39 40 41 42 43 44 45 46 47 48 49 50 51 52 53 54 55 56 57 58 59 60 61 62 63 64 65 66 67 68 69 70 71 72 73 74 75 76
50 1 3 7 8 10 12 13 15 16 18 19 22 23 24 25 28 29 30 31 33 34 36 37 38 39 40 41 43 44 45 46 47 50 51 52 54 55 56 57 59 61 62 63 64 66 67 69 72 73 74
35 2 4 12 13 16 18 20 21 25 26 29 31 33 34 37 38 40 41 44 45 50 51 52 54 55 58 59 60 62 63 66 70 71 74 75
29 2 4 7 11 16 17 19 22 24 25 29 33 35 39 40 47 48 49 50 53 54 56 59 61 62 65 66 67 75
27 2 6 7 8 11 17 18 20 32 35 36 39 41 42 47 48 54 57 58 60 62 63 65 70 72 73 76
53 1 3 4 6 7 8 9 11 13 14 16 17 18 19 20 21 22 23 24 26 27 30 31 32 33 34 36 37 40 41 43 45 46 47 48 52 53 55 56 57 58 60 63 64 66 67 68 70 71 72 73 74 76
57 1 3 4 5 6 8 9 10 11 14 15 16 18 21 22 23 24 25 26 27 28 29 30 32 34 36 37 38 39 40 41 43 44 45 47 48 50 51 52 55 56 57 58 59 61 62 64 66 67 68 69 71 72 73 74 75 76
55 1 3 7 8 9 10 12 14 15 16 18 19 20 21 22 23 24 26 27 29 31 32 33 34 36 37 38 40 42 44 45 46 47 48 49 50 51 52 53 54 56 57 59 60 62 63 66 68 70 71 72 73 74 75 76
46 1 5 6 7 9 11 12 13 14 17 18 19 22 24 26 29 30 32 33 35 37 38 39 41 42 43 48 51 52 56 58 60 61 62 63 64 66 68 69 70 71 72 73 74 75 76
56 2 3 5 6 7 9 10 11 12 13 14 15 18 19 21 22 23 25 26 28 31 32 33 34 36 38 39 41 43 44 45 46 48 49 50 51 52 54 55 56 57 60 61 62 63 64 65 67 68 69 71 72 73 74 75 76
33 1 2 10 13 16 17 22 25 27 28 29 31 38 40 41 43 46 50 51 54 56 57 58 60 61 62 63 66 69 71 73 74 75
36 1 5 9 10 13 14 16 29 33 35 37 38 39 40 43 44 45 46 48 50 51 52 53 55 56 57 58 59 60 62 65 68 69 71 74 75
58 1 2 3 5 6 8 9 10 11 12 14 15 16 17 18 19 20 21 22 24 26 27 28 29 30 32 33 34 35 36 37 38 40 41 43 45 46 48 49 50 51 52 53 54 57 58 59 60 61 62 65 66 67 68 69 70 71 72
48 2 4 6 7 8 12 13 16 17 18 19 21 22 25 26 29 30 33 37 38 39 40 41 42 44 45 47 49 51 52 53 56 57 58 60 61 62 63 64 65 66 68 70 71 72 73 74 75
44 2 3 4 5 7 8 10 11 13 14 15 17 19 20 23 25 26 28 29 31 32 34 36 37 41 42 43 47 50 51 52 53 55 58 61 65 66 67 68 69 70 72 75 76
44 1 3 4 5 7 8 9 10 11 12 17 20 22 25 26 28 31 34 35 36 37 38 39 40 41 42 43 44 45 46 47 48 53 54 59 61 64 68 69 70 71 73 75 76
40 1 2 4 7 9 10 11 20 21 23 24 25 26 27 28 29 30 32 34 37 38 39 43 45 49 50 52 54 55 57 58 59 62 64 66 67 70 71 72 73
40 2 3 4 5 7 9 10 15 18 20 21 22 24 26 27 28 32 33 37 38 39 40 44 45 47 49 50 52 56 58 63 64 66 67 68 69 70 71 72 73
50 1 4 6 7 8 9 10 11 12 13 16 17 18 19 21 23 25 26 27 28 29 31 32 34 36 37 38 40 41 42 45 46 47 48 49 53 54 56 57 60 61 62 63 64 65 67 69 73 74 76
46 1 3 4 5 6 7 8 11 12 14 15 17 18 19 20 21 22 23 28 29 30 32 33 34 36 37 38 40 41 42 44 45 46 47 53 54 55 56 57 58 59 61 62 67 74 76
27 1 4 9 11 12 15 16 17 18 19 21 22 26 30 33 36 42 43 46 48 56 61 66 67 69 74 76
34 2 3 4 5 6 8 11 12 14 17 21 24 27 30 31 34 36 39 40 41 43 44 45 49 53 54 55 58 59 61 65 66 69 73
37 1 2 7 13 14 15 16 18 19 21 24 25 26 28 29 30 34 39 41 42 43 45 48 49 50 51 54 58 59 61 62 63 64 67 69 70 74
50 2 3 4 6 7 14 16 21 22 24 25 27 28 30 32 33 38 40 41 42 43 46 47 48 49 50 51 52 53 54 56 57 58 59 60 61 62 63 64 65 66 67 68 69 70 71 73 74 75 76
41 1 2 4 7 8 11 12 13 19 20 24 26 27 28 29 30 31 33 34 35 37 38 39 40 41 42 43 45 48 50 51 56 58 59 60 62 63 64 65 75 76
49 1 8 10 12 13 16 17 19 20 23 26 29 30 31 32 33 34 35 36 39 40 41 43 44 45 46 48 49 50 51 52 55 56 57 58 59 60 62 63 65 66 67 68 70 71 72 74 75 76
57 3 4 5 6 7 8 10 11 12 13 15 16 18 19 20 21 22 23 24 25 26 27 28 32 33 34 35 36 37 38 39 41 43 44 45 46 47 48 49 50 52 55 56 57 60 61 62 64 66 68 69 70 72 73 74 75 76
51 1 2 3 4 6 7 9 10 11 12 13 14 15 17 19 20 23 26 28 30 31 35 37 38 40 41 43 44 45 46 47 48 49 50 51 52 54 55 56 57 59 60 63 64 65 67 69 70 71 75 76
47 1 2 3 5 7 8 10 12 13 16 17 18 19 20 22 23 24 25 26 28 29 30 31 32 33 35 36 39 40 42 43 46 47 50 51 54 56 57 60 61 62 63 65 67 68 74 76
27 4 5 15 20 22 23 30 31 33 34 40 41 44 46 47 49 50 51 52 56 57 58 59 68 69 72 75
45 1 3 4 5 6 9 11 12 14 16 18 19 24 25 31 32 33 34 35 36 37 38 41 43 45 47 49 52 53 55 56 57 58 59 61 62 67 68 69 70 71 72 73 74 75
49 1 2 6 7 8 10 11 13 15 16 18 19 20 21 22 23 25 27 28 31 32 34 35 36 37 40 41 42 43 44 45 46 47 48 51 52 54 56 60 61 62 63 64 65 66 68 73 74 75
31 2 3 4 5 11 13 14 15 16 17 20 21 23 25 27 29 32 37 38 43 50 52 53 56 57 59 64 67 68 70 74
55 1 2 3 5 6 7 8 10 11 12 14 15 19 21 22 24 25 26 27 29 31 32 33 34 35 36 37 38 39 40 41 42 46 48 49 51 52 53 55 56 57 58 59 60 61 63 64 65 66 68 70 72 74 75 76
28 2 5 7 9 11 14 15 17 20 27 33 39 40 41 42 43 45 48 49 51 52 54 59 66 67 68 69 76
29 2 4 6 9 11 12 21 23 25 26 27 28 31 35 38 44 45 46 47 48 53 56 58 62 63 65 68 70 73
26 1 2 9 11 18 19 23 27 29 33 36 38 41 43 52 54 55 57 58 59 62 66 67 69 71 74
28 3 4 6 7 10 13 17 18 29 33 37 38 39 43 45 47 49 52 56 57 60 61 62 66 67 69 70 75
28 3 7 13 14 15 16 17 19 21 23 26 28 30 31 33 36 37 38 39 40 44 49 56 57 60 62 73 75
44 1 2 4 5 6 7 8 10 12 14 16 17 20 22 23 24 25 27 28 30 31 32 33 34 37 40 42 44 46 47 48 49 50 51 53 56 60 62 63 64 66 70 72 76
26 5 6 10 13 16 18 21 22 25 30 38 39 41 42 43 50 53 55 57 61 63 64 65 66 69 71
22 3 9 10 11 12 17 19 20 21 23 27 31 34 41 43 45 57 64 70 71 73 74
38 1 5 7 8 9 11 12 13 14 16 19 24 25 28 30 31 35 36 37 38 40 41 42 47 51 53 56 57 58 60 61 64 65 69 71 72 75 76
25 1 2 7 10 11 13 23 24 28 32 35 36 41 42 46 47 48 49 52 53 55 57 62 73 75
25 1 6 7 11 12 16 21 22 24 27 28 30 32 35 38 40 42 46 47 54 57 59 60 66 76
26 4 8 16 23 24 28 34 36 37 38 41 43 44 47 48 50 51 61 66 69 70 71 72 73 74 75
47 1 6 7 8 9 11 13 18 19 20 21 22 23 25 28 33 34 35 36 37 38 39 40 41 43 44 45 46 47 50 51 53 54 55 56 57 59 60 61 62 63 64 65 68 70 71 73
34 1 2 3 5 6 7 8 13 16 17 19 20 22 23 24 25 27 31 32 33 34 36 40 43 48 55 62 64 65 66 68 69 73 76
25 1 4 5 9 10 13 15 24 29 30 31 32 35 48 51 53 54 55 57 59 61 62 67 74 76
31 4 8 9 10 12 15 16 17 18 19 20 24 26 28 29 30 33 34 35 36 39 40 42 47 49 50 53 65 67 70 74
45 6 7 9 11 14 15 16 18 19 20 21 22 23 24 26 27 28 30 32 33 37 38 39 40 42 43 44 46 48 52 54 55 57 58 59 60 61 62 64 65 67 70 72 73 74
59 1 2 3 5 6 7 8 9 10 11 12 13 14 15 17 18 20 21 24 25 26 28 29 30 31 32 33 34 35 37 39 40 41 42 45 46 47 49 51 52 53 56 57 58 59 60 61 62 63 64 65 66 67 68 69 70 74 75 76
34 4 5 9 12 13 15 16 18 19 21 23 24 26 27 31 33 34 39 42 45 47 48 49 50 53 54 55 61 62 63 65 70 71 75
39 3 4 6 7 8 9 12 17 18 20 23 24 26 29 30 32 35 37 38 41 42 44 48 50 52 54 55 56 57 59 60 65 66 68 71 73 74 75 76
47 1 5 6 7 8 11 16 17 19 20 23 25 26 27 28 29 34 35 36 37 38 39 40 42 44 45 46 47 48 49 50 53 54 57 58 60 63 64 66 67 68 69 70 71 72 74 76
56 1 2 3 4 5 7 8 9 10 12 14 15 16 17 19 20 21 23 24 26 27 28 29 30 31 32 33 34 37 38 39 40 42 43 44 47 48 49 50 52 54 56 58 59 60 61 65 66 67 69 70 71 72 73 74 76
27 5 7 16 17 18 19 20 22 23 25 27 28 32 35 39 45 47 57 60 61 62 63 64 67 69 71 75
33 1 4 6 9 10 11 13 18 19 27 28 32 36 37 39 40 41 42 44 46 47 50 51 52 54 57 63 66 70 71 74 75 76
48 1 4 5 6 7 8 10 12 13 15 16 17 18 19 20 23 25 26 27 28 29 30 33 34 37 38 40 45 46 48 51 52 55 56 58 61 62 64 65 66 67 68 69 70 71 73 74 75
31 1 3 5 10 15 18 19 22 24 27 29 36 39 41 43 48 49 51 52 53 54 55 56 59 60 62 63 64 67 68 69
48 1 3 4 5 6 8 10 11 12 13 14 15 16 17 18 19 20 21 25 26 27 28 29 30 33 36 37 39 42 43 44 45 47 48 49 51 52 57 59 60 61 63 64 66 69 70 74 76
33 1 2 5 9 10 11 12 14 15 17 19 22 23 27 28 29 30 34 36 43 44 46 47 49 51 55 63 64 70 72 73 74 76
35 1 2 3 4 6 7 9 11 12 13 20 21 25 30 32 34 36 37 41 42 43 44 45 47 48 50 53 55 57 62 64 65 67 73 76
49 1 2 4 5 6 7 9 10 12 13 14 15 16 17 18 19 20 21 23 25 27 28 29 31 32 33 34 37 39 40 41 47 48 50 51 53 55 57 59 61 64 65 67 68 69 71 73 74 75
59 1 2 4 5 6 7 10 11 12 13 14 16 17 18 19 21 22 23 24 25 27 28 32 33 35 36 37 38 39 40 41 42 43 44 45 47 48 49 50 51 52 53 55 57 59 60 61 62 63 64 65 66 67 69 70 72 73 75 76
52 1 2 3 4 5 7 8 9 11 12 14 16 17 21 23 25 26 27 30 31 32 35 36 37 38 39 40 41 42 43 44 45 46 47 51 53 57 58 59 61 62 64 66 67 68 69 70 71 72 73 75 76
36 1 2 3 4 7 8 10 12 13 18 20 22 25 27 28 31 34 35 36 42 45 47 48 50 55 56 59 61 63 66 67 68 70 72 74 76
25 1 5 6 8 11 17 24 25 26 28 32 35 36 37 38 41 45 49 50 54 55 64 66 67 75
56 1 3 7 8 9 10 12 13 14 15 19 21 22 23 24 26 27 28 29 30 32 33 34 35 36 37 38 39 40 41 42 43 44 45 47 48 49 50 51 52 53 54 55 57 59 60 61 62 63 67 68 69 71 72 74 76
36 4 8 9 10 13 14 16 21 22 24 26 27 32 33 35 36 42 44 46 48 49 51 52 53 54 55 59 60 61 62 63 66 70 71 73 74
25 7 8 18 23 26 27 28 30 31 33 35 37 38 41 42 44 45 51 54 55 63 65 72 75 76
22 2 3 8 10 12 17 18 21 31 37 39 41 44 46 49 52 56 59 63 64 74 75
35 2 4 5 7 10 11 12 17 19 20 21 24 26 27 29 32 37 39 43 44 46 48 52 53 55 56 57 61 63 64 68 69 70 71 74
53 1 3 4 6 7 8 9 10 11 12 13 16 17 18 19 23 24 26 27 29 30 31 33 34 35 36 37 39 40 41 43 45 46 47 48 49 52 53 55 56 57 58 59 60 61 63 65 66 67 70 73 74 76
36 3 4 7 8 10 11 12 13 15 18 19 20 21 24 27 28 29 33 36 39 40 41 42 44 48 52 56 58 59 62 63 66 67 69 71 74
32 1 3 4 5 9 12 16 21 24 25 28 30 31 32 41 43 44 49 51 53 54 56 58 59 62 64 67 68 69 72 73 75
41 1 4 5 7 8 11 13 14 15 16 18 22 23 24 25 27 29 30 31 34 35 36 38 40 42 45 47 50 51 53 60 63 64 65 67 68 69 71 72 73 76
26 1 3 4 10 16 18 20 23 25 26 29 30 32 34 39 45 51 54 58 62 64 65 68 69 74 76
35 1 6 9 12 14 15 16 17 21 24 31 32 33 34 37 38 44 45 46 47 49 50 51 52 54 55 56 58 61 66 67 70 72 74 76
55 1 2 3 4 6 7 9 11 12 13 14 15 16 17 18 20 22 23 24 25 27 28 29 30 31 32 34 35 36 38 39 41 42 43 44 45 47 48 50 51 52 53 54 55 56 57 59 60 61 64 68 69 70 73 74
26 1 3 7 9 10 13 21 22 24 34 39 42 43 44 46 49 55 56 57 60 61 66 67 72 73 75
33 3 6 8 10 11 12 14 20 21 24 25 28 29 30 32 35 38 46 47 53 54 55 58 62 63 64 66 68 70 72 73 74 75
55 1 2 3 4 5 7 8 12 13 14 16 17 19 20 21 23 24 26 27 28 29 30 31 36 37 38 39 41 42 43 44 45 46 48 50 51 52 53 54 55 56 58 60 64 65 66 67 68 69 70 72 73 74 75 76
59 1 2 3 4 5 6 8 9 10 11 12 15 17 19 20 21 23 24 25 26 27 28 29 30 32 33 34 35 36 37 41 42 43 44 45 46 49 50 51 52 53 54 55 57 58 59 60 61 62 63 64 66 67 68 69 70 72 74 76
41 4 6 7 10 11 12 15 17 18 19 20 24 25 26 27 28 29 31 33 35 37 38 42 44 48 51 53 56 57 58 59 60 62 63 65 69 70 71 72 73 76
68 77 78 79 80 81 82 83 84 85 86 87 88 89 90 91 92 93 94 95 96 97 98 99 100 101 102 103 104 105 106 107 108 109 110 111 112 113 114 115 116 117 118 119 120 121 122 123 124 125 126 127 128 129 130 131 132 133 134 135 136 137 138 139 140 141 142 143 144
22 79 81 86 87 88 91 97 99 108 111 113 114 115 119 122 124 127 128 129 136 139 140
38 77 78 83 84 86 89 90 92 93 94 95 96 97 99 101 102 106 107 108 112 113 115 118 119 121 122 124 125 127 128 130 131 133 134 136 137 139 144
30 77 79 84 86 90 92 93 94 95 96 98 102 105 106 109 114 116 117 119 120 121 122 125 127 128 130 132 133 135 143
32 77 78 82 84 85 87 88 91 93 95 96 101 102 104 105 110 111 112 113 114 115 117 118 120 121 124 128 132 134 136 139 141
38 77 79 81 82 86 87 90 91 92 93 96 97 100 101 102 103 104 105 107 108 110 114 115 117 120 122 125 127 128 129 133 134 137 139 140 141 142 144
26 79 80 82 91 92 93 94 96 99 101 103 105 106 107 111 114 115 116 120 124 132 134 138 139 141 143
23 78 83 85 86 90 96 101 102 105 106 107 111 113 120 121 123 126 128 129 131 139 141 144
38 79 81 84 85 86 88 91 93 95 96 97 99 101 103 109 110 111 113 114 115 118 119 120 124 125 129 130 131 132 133 136 138 139 140 141 142 143 144
52 77 78 79 81 83 84 85 86 87 89 92 93 95 97 98 99 100 101 103 104 105 106 107 108 109 111 112 113 114 116 117 118 119 120 122 123 124 125 127 128 129 130 131 133 134 135 137 138 139 141 142 143
38 77 80 81 87 89 90 91 92 93 96 97 100 101 103 107 110 111 112 115 116 117 118 119 121 122 123 124 127 130 131 132 133 138 139 140 141 143 144
25 77 78 80 84 87 88 95 98 100 102 104 108 111 114 116 117 121 123 129 131 133 134 135 137 139
33 78 79 81 84 87 88 90 91 93 98 101 103 106 107 109 115 117 118 119 120 121 125 126 127 128 131 132 134 135 136 138 143 144
26 82 86 87 90 92 95 97 99 100 104 105 106 108 109 110 112 114 117 124 129 133 134 135 139 141 143
50 77 78 79 80 81 82 84 86 87 90 91 93 94 95 96 97 99 100 102 103 104 105 106 107 110 112 113 114 116 117 118 119 120 122 124 126 127 128 129 131 133 134 135 136 137 138 139 140 141 144
39 77 79 81 82 83 84 85 86 87 88 92 94 96 97 99 100 101 103 104 105 110 111 112 114 117 118 119 120 125 126 127 128 130 132 135 136 139 140 141
24 77 81 85 87 89 91 92 93 96 98 103 109 111 112 113 115 116 122 128 130 132 140 142 144
36 77 81 82 83 84 85 86 89 90 91 94 95 98 100 101 102 105 108 111 112 114 116 125 126 127 129 132 134 135 136 137 138 139 140 141 144
47 78 79 81 82 83 84 86 87 88 93 95 97 98 99 100 101 103 104 105 106 109 111 112 113 114 115 117 118 119 120 123 124 125 126 127 128 129 132 134 135 137 138 139 140 141 142 143
37 80 81 82 83 85 86 87 92 94 95 100 101 102 104 105 106 107 109 111 113 114 115 116 117 119 120 121 123 124 125 129 130 131 135 136 138 142
51 77 78 79 80 81 83 84 85 86 87 88 89 90 91 92 93 95 98 101 102 103 105 106 107 109 111 112 113 115 117 118 119 120 121 122 123 124 125 126 127 129 130 131 132 134 138 139 140 141 142 143
25 80 84 86 89 90 94 97 102 105 107 111 115 116 117 119 122 125 127 128 134 135 136 139 142 144
23 78 84 87 91 97 102 104 106 109 110 113 114 117 120 124 125 127 128 133 138 139 140 143
32 78 79 80 83 84 86 92 93 96 97 98 99 100 104 106 107 109 111 112 116 118 120 121 129 132 134 135 137 140 142 143 144
37 77 78 81 83 85 87 89 90 91 92 94 95 98 100 102 103 105 106 109 111 113 121 122 123 124 125 130 131 132 133 135 136 137 139 140 143 144
28 79 80 81 83 85 94 95 98 103 104 105 107 108 110 112 114 115 118 119 121 123 125 127 128 131 136 142 143
24 77 82 83 86 88 91 94 97 102 103 106 112 114 116 126 127 128 129 137 138 139 141 142 143
46 78 80 81 83 84 85 86 87 88 90 91 93 94 96 100 101 105 106 107 108 110 112 114 115 116 119 120 122 124 125 126 127 128 129 130 131 132 135 136 137 138 139 140 141 142 143
20 147 160 162 167 170 171 172 174 175 178 179 182 185 186 187 192 196 198 202 209
16 145 147 152 157 160 161 164 169 170 176 177 183 205 206 207 210
30 146 151 155 156 158 159 165 169 171 172 173 176 178 180 181 183 185 187 188 189 190 191 193 195 197 200 202 206 210 211
21 145 146 148 157 159 162 163 167 168 169 175 180 188 194 196 200 202 203 204 206 209
22 145 147 151 154 165 166 174 175 178 181 182 184 190 195 196 197 199 202 206 207 208 213
13 150 155 159 168 170 173 182 183 184 190 202 207 211
17 155 162 168 172 176 178 179 181 182 183 189 190 194 198 199 210 213
15 149 150 153 155 157 161 163 167 170 172 173 176 179 183 192
25 146 148 150 151 153 154 155 158 159 161 163 166 168 176 180 181 184 189 191 194 195 199 200 203 211
10 145 154 157 164 191 192 193 196 201 211
22 153 156 159 161 165 166 167 169 173 174 175 177 180 186 188 202 203 204 205 207 208 209
25 147 149 154 156 158 160 162 172 174 178 181 186 189 191 193 194 197 198 199 200 203 205 208 212 213
14 147 157 162 165 177 183 185 187 193 203 207 211 212 213
32 146 148 152 156 158 159 160 162 164 168 169 171 177 180 185 186 187 188 189 191 193 194 198 200 201 203 204 205 209 210 211 212
18 150 153 159 167 173 175 179 180 188 191 194 196 198 202 207 209 211 212
20 151 161 164 165 171 172 177 178 179 181 185 187 190 193 197 198 199 207 208 211
16 149 150 153 154 155 160 174 176 182 184 189 191 201 205 212 213
20 146 147 152 156 159 160 163 165 166 172 174 181 183 187 194 195 199 203 208 213
60 145 146 149 150 151 153 154 155 156 157 158 159 160 161 162 163 165 166 168 169 170 171 173 174 175 176 177 178 179 181 182 183 184 185 186 187 188 189 190 191 192 193 194 196 197 198 199 200 201 202 203 204 205 206 207 208 209 211 212 213
39 145 147 148 149 150 152 153 154 157 160 161 162 163 164 166 167 168 170 174 175 177 179 182 184 186 192 194 196 198 199 201 203 204 205 207 208 209 212 213
21 145 147 155 159 167 169 170 177 182 184 187 192 193 195 196 201 203 206 209 211 212
31 145 146 148 151 152 153 157 161 163 164 165 166 167 169 171 175 176 177 179 180 185 187 188 192 195 196 201 204 206 209 210
16 149 151 154 168 170 171 178 182 184 186 196 199 200 202 207 209
12 148 151 152 155 162 172 187 194 195 200 201 209
14 148 153 160 165 175 181 182 187 188 189 191 196 198 199
33 145 146 148 149 150 152 153 154 157 158 161 165 167 169 170 172 173 177 178 179 180 186 188 190 195 196 197 198 202 203 206 208 212
24 145 149 152 156 157 164 165 169 173 177 183 188 190 193 197 201 204 205 206 207 208 210 212 213
12 149 154 157 165 169 171 177 183 184 186 200 210
24 145 148 149 150 151 157 158 160 161 166 167 168 171 172 175 176 179 186 190 191 192 199 201 205
29 148 149 153 155 159 161 162 166 167 173 176 178 179 182 183 186 187 189 190 191 193 197 202 203 204 207 208 209 211
15 156 161 169 176 177 178 181 187 191 192 193 207 208 209 210
28 146 153 154 156 159 162 163 170 173 174 178 180 181 182 183 184 187 188 193 196 197 202 204 206 208 209 211 213
7 157 164 172 187 189 193 200
9 147 148 152 164 167 172 180 195 210
21 145 147 148 159 160 162 163 165 169 173 174 175 180 183 185 189 190 192 206 212 213
32 146 147 149 150 156 157 158 159 163 164 166 167 169 170 171 174 177 179 180 181 183 185 190 191 192 196 204 205 206 208 212 213
32 148 150 151 153 155 158 162 163 166 167 168 171 172 173 174 175 178 180 181 187 188 189 190 191 192 194 195 196 197 198 200 213
48 146 148 149 150 151 152 153 154 156 157 158 160 161 162 163 164 165 166 168 171 172 173 174 175 176 178 179 180 181 183 185 186 188 189 190 191 194 197 198 199 200 202 204 205 207 208 210 213
21 147 155 158 160 163 164 167 171 172 173 179 180 181 183 188 195 198 201 204 206 208
32 147 148 152 153 155 156 157 159 161 163 164 165 166 169 173 176 178 179 180 181 183 184 190 193 195 198 201 203 205 206 209 213
24 146 149 151 154 155 159 160 163 166 171 172 173 175 179 184 190 197 198 199 200 201 202 212 213
25 145 153 154 160 161 165 168 173 175 176 178 182 184 186 188 189 193 197 198 199 202 203 207 210 211
35 146 147 148 149 153 154 155 156 158 161 163 165 167 169 175 177 178 179 181 183 184 186 190 194 195 196 198 199 203 205 206 207 211 212 213
21 145 147 150 154 157 162 167 169 171 176 178 183 184 186 192 194 201 202 205 207 213
12 147 152 156 158 166 170 173 183 186 192 195 210
23 149 155 157 158 164 166 167 168 172 173 174 176 180 184 188 189 190 194 196 206 209 211 212
23 147 159 160 163 164 166 168 171 175 176 181 182 185 187 189 191 192 200 201 204 205 210 211
19 146 148 149 151 152 161 166 170 171 174 176 178 186 189 191 192 198 209 210
20 146 151 152 153 157 160 162 164 168 172 173 176 186 188 190 194 197 203 204 208
21 145 147 148 150 152 161 162 163 170 171 175 178 179 182 187 192 200 202 204 205 210
21 146 149 154 156 159 165 179 182 184 185 186 193 199 201 202 203 204 208 209 211 212
14 145 146 151 152 156 158 163 165 174 185 192 196 200 201
14 146 149 151 161 166 168 173 179 190 200 204 206 210 211
20 145 146 147 148 151 155 158 161 170 172 174 176 178 181 182 189 195 204 205 213
22 151 153 154 158 161 167 168 173 176 178 179 180 182 186 190 191 197 202 204 205 207 211
13 151 155 156 162 174 183 184 193 194 199 207 209 213
27 145 150 151 152 159 160 162 166 168 170 171 173 174 176 180 182 185 188 191 192 197 201 202 204 208 209 210
27 145 148 149 150 155 157 162 164 169 170 171 175 177 184 185 188 189 192 193 196 198 200 201 206 209 210 212
48 145 146 148 149 150 151 152 153 154 156 157 159 161 162 165 166 168 169 170 174 175 176 177 178 182 184 185 186 187 189 190 191 192 193 194 196 197 199 200 202 203 205 207 209 210 211 212 213
17 145 147 148 152 158 164 165 170 174 180 186 194 196 203 204 206 211
26 147 150 154 157 160 164 168 169 170 171 172 175 177 180 181 184 188 194 195 198 199 205 206 210 212 213
17 146 151 154 159 169 177 181 183 191 193 195 197 199 203 207 208 213
14 152 156 158 164 166 168 177 189 190 193 194 200 205 208
11 147 150 158 161 167 169 179 189 192 199 201
14 146 149 151 155 157 169 174 175 180 183 185 197 203 213
10 149 158 160 170 171 182 186 187 191 208
10 151 167 174 177 185 189 192 196 211 212
8 153 156 160 165 185 186 198 201
17 147 152 155 164 165 169 177 185 189 194 195 198 200 203 207 210 212
16 150 152 153 156 167 172 176 177 179 188 194 195 197 205 208 210
20 152 155 156 158 159 163 164 170 172 174 177 180 185 193 195 197 203 208 209 212
16 146 155 157 158 161 164 166 181 187 191 193 198 201 203 204 211
15 147 160 163 167 170 172 173 176 186 188 196 198 201 206 209
20 153 154 155 156 158 159 160 164 172 173 179 180 184 197 199 200 201 204 206 208
19 152 156 160 162 163 164 166 168 185 187 190 192 193 197 199 201 203 206 208
26 145 148 150 153 154 159 161 162 165 171 178 179 181 182 184 187 191 192 195 199 202 204 207 210 211 212
19 156 159 165 166 170 174 175 177 180 183 185 187 195 196 200 205 207 210 211
20 146 147 148 149 150 151 152 158 160 163 170 171 184 185 187 195 197 200 206 212
17 145 146 150 154 162 168 172 175 188 194 197 199 200 202 204 207 210
19 145 148 149 154 155 163 171 178 181 182 184 191 193 198 202 206 209 212 213
16 145 150 163 167 168 169 175 181 182 188 190 194 195 196 202 205
13 150 153 157 162 167 168 182 183 185 188 189 195 205
19 148 153 155 159 161 162 166 167 176 178 182 186 189 191 202 203 204 207 211
17 155 157 164 166 167 168 172 173 180 184 188 190 194 196 206 209 212
11 150 152 153 167 172 176 177 188 194 195 205
12 149 151 157 161 166 167 168 172 179 192 199 205
13 149 150 155 160 174 182 184 189 191 201 205 212 213
12 146 155 158 161 164 181 191 198 201 203 204 211
6 147 156 166 170 186 210
7 145 164 192 193 196 201 211
14 155 162 168 172 178 181 182 183 189 190 194 198 210 213
21 146 153 154 159 162 170 174 180 181 182 183 184 187 188 193 196 204 206 209 211 213
9 156 168 177 189 190 193 194 205 208
6 147 148 152 164 180 195
18 145 147 148 159 160 162 163 165 169 173 174 175 183 189 190 192 206 213
9 159 167 173 180 188 191 194 202 209
22 149 150 152 154 157 161 165 169 170 173 177 178 179 180 190 196 197 202 203 206 208 212
9 151 154 168 178 184 186 196 200 202
10 163 164 170 174 177 180 185 195 208 212
13 147 152 164 165 169 185 189 194 195 198 200 207 210
11 148 153 165 175 181 187 188 189 191 196 199
10 156 158 164 166 177 193 194 200 205 208
21 145 148 149 150 155 162 164 169 170 171 175 184 188 189 193 198 200 201 209 210 212
13 145 146 148 159 162 163 169 175 194 196 200 204 209
23 145 150 151 152 159 160 162 166 168 170 171 173 174 176 180 182 191 192 201 202 204 208 209
8 147 163 170 172 173 186 188 209
9 146 151 155 169 180 183 185 197 203
17 153 156 161 165 166 167 173 174 175 180 186 188 202 203 207 208 209
18 145 161 163 164 165 166 169 171 176 179 180 187 188 192 196 201 206 209
8 149 154 157 169 171 177 186 210
5 147 148 152 167 180
16 145 151 154 165 166 174 175 178 182 195 197 199 202 206 207 213
17 145 148 153 154 161 162 165 171 181 187 191 192 195 202 210 211 212
12 145 149 155 171 181 182 184 193 198 202 206 209
6 149 171 186 187 191 208
12 150 159 173 175 180 188 196 198 202 207 209 212
16 145 146 147 151 158 161 172 174 176 178 181 189 195 204 205 213
14 151 161 165 171 178 179 181 185 187 197 198 199 207 211
39 145 146 150 151 152 153 157 161 162 165 166 168 169 170 175 176 177 178 184 185 186 187 189 191 192 193 194 197 199 200 202 203 205 207 209 210 211 212 213
12 152 156 160 162 187 192 193 197 201 203 206 208
16 145 147 159 160 163 173 174 175 180 183 185 189 190 192 206 213
7 152 155 162 172 187 195 200
8 151 167 174 177 185 189 196 212
12 146 156 179 182 184 185 186 193 199 203 208 209
16 146 149 151 152 161 166 170 171 176 178 186 189 191 198 209 210
23 148 150 151 153 155 162 163 166 167 171 172 173 175 181 187 188 189 191 194 195 197 200 213
16 151 153 154 158 161 167 173 176 179 180 190 197 202 204 205 207
12 146 156 165 166 172 181 183 187 194 195 199 213
29 147 148 149 150 152 153 154 157 160 163 166 167 168 170 174 177 182 184 192 194 198 199 201 203 204 205 207 208 213
22 145 146 148 151 152 153 157 163 165 166 167 169 176 177 179 180 187 188 192 196 206 209
14 147 150 157 169 170 171 180 181 195 198 199 205 206 213
21 145 146 148 152 153 157 161 163 166 169 175 176 179 185 187 188 196 201 204 206 209
8 150 163 167 168 181 182 188 202
14 147 152 155 164 165 177 189 194 195 198 200 207 210 212
14 146 149 156 165 179 182 184 185 193 199 202 203 204 208
7 178 181 187 191 193 208 210
10 151 176 178 181 182 189 195 204 205 213
13 145 147 148 152 158 165 170 174 180 186 203 206 211
17 145 150 153 159 161 162 178 181 184 191 192 195 202 204 210 211 212
12 145 159 160 169 173 174 175 180 189 192 212 213
15 151 154 161 167 173 176 178 179 186 190 191 202 204 205 211
11 148 152 165 170 174 180 194 196 204 206 211
22 145 148 149 155 157 164 169 170 175 177 185 188 189 192 193 196 198 200 201 206 209 210
5 152 164 172 180 210
11 145 147 148 160 163 169 173 174 175 212 213
7 149 160 171 182 187 191 208
16 146 153 154 162 170 173 174 182 183 184 193 204 206 209 211 213
19 155 157 158 164 166 167 168 172 173 174 180 184 188 189 190 194 196 209 212
13 145 152 157 164 165 169 177 183 193 197 205 212 213
19 148 150 152 157 158 161 165 167 172 178 180 186 188 190 195 198 202 203 206
35 150 151 152 154 156 157 159 161 162 165 168 169 170 174 176 177 182 184 185 186 187 190 191 192 193 194 196 197 199 200 202 203 205 209 212
36 145 146 149 150 153 155 158 159 160 161 165 168 170 171 176 177 179 182 184 185 186 187 188 189 190 191 198 200 201 202 205 206 207 208 209 212
21 149 150 156 157 158 159 164 166 169 170 171 174 177 179 180 181 185 191 196 205 213
11 149 150 155 157 161 163 167 170 172 176 192
11 152 156 158 164 166 168 177 189 190 205 208
19 145 148 150 159 161 162 178 179 182 184 187 191 192 195 199 202 207 211 212
7 148 152 155 195 200 201 209
6 158 170 171 187 191 208
14 146 149 154 159 165 179 185 186 193 199 201 203 204 209
22 145 150 157 162 164 169 170 171 175 177 184 188 189 192 193 196 198 200 201 209 210 212
22 145 148 150 155 157 162 169 170 171 177 184 185 188 192 193 196 198 201 206 209 210 212
11 152 167 176 177 179 188 194 195 197 205 208
16 145 147 148 150 152 161 163 170 171 178 179 182 192 200 202 204
13 147 152 155 164 165 169 177 189 194 195 198 203 207
12 152 164 165 169 185 189 194 195 198 203 207 210
12 156 161 169 176 177 178 187 192 207 208 209 210
8 147 152 156 158 170 192 195 210
12 155 158 159 163 170 177 193 195 197 208 209 212
9 152 156 158 166 177 194 200 205 208
13 145 151 152 159 166 168 170 173 185 188 204 209 210
19 145 153 154 160 161 165 168 175 176 178 182 184 186 193 197 198 199 203 207
12 147 155 159 167 170 184 193 196 201 203 209 211
13 149 151 154 168 170 178 182 184 186 196 200 202 207
14 148 153 154 161 165 171 178 184 187 195 207 210 211 212
28 145 146 148 149 150 154 157 158 161 165 169 170 172 173 177 178 179 180 188 190 195 196 197 198 203 206 208 212
12 159 163 164 170 172 174 180 185 195 197 208 209
22 146 149 152 157 165 167 170 173 178 180 186 188 190 195 196 197 198 202 203 206 208 212
12 156 158 164 170 172 174 177 185 193 197 209 212
12 150 152 161 162 175 179 187 192 200 202 205 210
15 153 154 155 156 159 164 172 173 180 184 197 199 200 201 204
10 165 175 177 180 185 187 195 200 207 210
10 160 162 170 171 174 182 192 196 202 209
30 145 146 155 156 159 161 162 163 165 166 168 170 175 176 177 182 183 188 190 192 193 194 198 200 203 204 205 207 209 212
18 146 153 156 159 162 173 174 178 180 181 182 183 184 187 188 209 211 213
11 153 154 156 159 164 172 173 184 197 199 200
8 167 174 177 189 192 196 211 212
5 148 167 180 195 210
16 153 156 163 173 174 180 181 183 187 188 193 196 202 206 209 213
17 145 149 152 157 164 165 169 173 177 183 188 197 201 205 206 207 208
9 150 153 157 162 168 182 183 185 195
16 145 148 153 159 161 162 165 181 182 184 191 195 202 207 210 211
17 147 159 164 168 175 176 181 182 185 187 189 191 200 201 204 205 210
8 150 153 167 168 183 185 189 195
18 145 147 151 154 165 166 174 175 181 182 184 195 196 197 199 202 207 208
9 151 155 157 169 174 175 180 185 213
27 145 146 149 150 152 153 154 157 158 161 165 167 169 170 173 177 178 180 188 195 196 197 198 202 203 208 212
23 145 148 150 153 154 159 161 162 165 171 178 179 181 182 187 191 192 195 199 204 210 211 212
16 145 147 154 165 174 178 181 182 184 190 195 196 197 199 202 213
12 146 151 154 169 183 191 193 195 197 203 207 213
8 149 171 178 184 186 196 199 207
8 148 151 152 162 172 187 194 209
21 145 149 152 156 157 164 165 169 173 183 190 193 197 201 204 206 207 208 210 212 213
11 146 149 151 166 168 173 200 204 206 210 211
7 156 177 181 187 191 192 209
17 146 151 152 157 160 162 164 168 172 173 176 186 194 197 203 204 208
14 149 156 159 165 184 186 193 199 201 202 203 204 208 212
7 147 152 156 158 183 186 195
20 149 153 162 164 167 168 170 174 175 177 179 182 192 198 199 203 207 208 212 213
26 146 148 156 159 160 164 168 169 171 177 180 185 187 188 189 191 193 194 198 200 201 203 209 210 211 212
14 145 148 149 151 157 158 161 166 167 176 179 192 199 201
24 146 147 150 156 157 158 159 166 167 169 170 171 174 177 180 181 183 185 190 196 204 206 212 213
20 148 149 155 159 162 167 176 178 179 182 183 186 189 190 191 197 202 203 207 208
16 153 154 160 161 165 168 173 178 182 184 188 193 198 199 202 211
12 152 156 159 163 165 166 172 174 181 187 194 199
12 147 155 158 160 172 180 183 188 198 204 206 208
5 191 193 196 201 211
13 145 159 160 162 163 165 169 173 185 189 192 206 212
20 150 154 157 160 164 169 170 171 172 175 180 181 184 188 194 195 198 199 206 210
7 151 155 175 180 183 203 213
6 150 155 168 173 182 190
11 149 153 155 161 167 170 172 173 176 183 192
24 146 151 155 156 158 159 165 169 172 173 176 178 180 181 185 187 188 193 195 197 200 206 210 211
5 164 172 189 193 200
18 145 148 153 161 163 165 166 171 176 177 179 180 188 192 195 196 204 206
18 149 155 157 158 164 166 167 168 172 173 176 188 189 190 194 206 211 212
11 155 157 158 164 181 191 193 198 201 203 211
11 153 167 172 176 179 188 194 195 205 208 210
12 145 148 150 157 160 161 171 176 186 190 199 205
7 149 157 165 171 177 183 210
23 148 149 153 155 159 161 166 167 173 178 179 182 183 186 187 190 193 197 202 203 208 209 211
15 147 156 158 162 172 178 189 194 197 198 199 203 205 212 213
9 145 150 163 168 169 175 181 190 205
15 148 149 157 158 160 161 166 168 171 172 175 191 199 201 205
21 148 150 153 158 163 167 168 171 172 173 178 181 187 188 189 191 192 194 195 196 213
16 147 159 164 166 171 175 176 181 182 185 187 189 191 200 201 204
15 154 155 156 158 159 164 172 179 180 184 199 200 201 204 206
10 152 164 165 185 194 198 200 203 210 212
16 152 160 162 164 166 168 185 187 190 192 193 197 199 203 206 208
13 146 148 149 150 158 163 171 184 185 195 200 206 212
25 148 149 155 159 161 162 166 167 173 176 178 179 182 183 187 189 190 191 193 197 202 204 207 209 211
21 147 153 156 157 161 163 164 166 169 176 178 179 180 181 183 190 193 201 205 206 209
10 147 152 156 158 166 170 173 183 195 210
22 145 146 148 149 150 161 167 169 172 173 177 178 179 186 190 195 196 197 198 203 208 212
5 153 156 165 198 201
13 150 153 173 175 180 188 194 196 198 202 207 209 211
20 146 148 152 158 160 162 168 169 171 177 187 189 193 198 200 201 203 204 211 212
12 151 161 165 171 172 177 181 185 193 197 198 208
7 150 155 159 173 182 190 211
39 145 146 149 150 151 154 156 157 158 159 161 162 166 169 171 173 174 177 178 179 181 182 185 186 187 189 190 191 193 197 199 201 202 203 206 207 209 211 213
11 162 168 172 178 179 181 182 189 190 194 198
19 155 157 158 164 166 167 168 172 173 176 180 188 189 190 194 196 206 209 212
16 145 148 150 153 161 165 178 179 181 184 187 192 195 202 204 211
24 145 148 149 150 155 157 162 164 169 170 171 175 177 184 185 189 192 193 196 198 200 206 210 212
7 145 157 164 191 192 193 201
26 146 148 150 152 154 157 161 165 167 170 172 173 177 178 180 186 188 190 196 197 198 202 203 206 208 212
20 151 155 156 158 159 172 178 180 183 185 188 189 191 193 195 197 202 206 210 211
17 153 156 159 161 165 166 167 173 177 180 186 188 202 204 205 208 209
15 147 159 160 163 166 168 171 185 187 192 201 204 205 210 211
15 151 152 161 167 169 175 176 179 185 187 192 195 201 204 210
25 148 152 153 155 156 159 161 163 164 166 173 178 179 180 181 183 184 190 193 198 201 203 205 206 209
11 146 161 171 174 178 186 189 191 192 198 209
9 152 155 164 177 185 189 194 200 210
13 151 153 161 168 173 176 178 182 190 191 197 207 211
22 148 149 150 152 154 157 160 162 164 167 168 175 182 196 198 199 201 204 205 207 208 212
12 145 147 155 159 167 177 192 193 195 196 203 206
23 146 148 149 150 153 154 161 165 169 170 172 178 180 186 188 190 195 197 198 202 203 206 212
7 154 165 169 171 184 186 210
11 146 151 154 177 183 191 193 199 203 207 213
11 146 149 156 185 199 201 204 208 209 211 212
5 158 161 167 169 192
22 145 153 154 161 165 168 173 175 178 182 184 186 188 189 193 197 199 202 203 207 210 211
20 146 151 155 158 159 165 169 171 172 173 178 180 181 183 185 188 191 200 210 211
7 152 164 167 172 180 195 210
15 153 154 162 173 178 180 181 183 184 187 188 196 206 209 213
20 147 150 154 157 160 164 168 169 171 172 175 177 181 188 198 205 206 210 212 213
18 145 147 159 167 169 170 177 182 187 192 195 196 201 203 206 209 211 212
6 151 155 162 194 195 200
4 153 156 185 198
12 151 161 164 165 172 185 187 197 198 199 208 211
6 147 156 166 173 183 195
11 146 151 152 156 158 163 165 185 192 200 201
13 152 155 158 163 164 172 174 177 193 195 197 203 208
28 147 148 150 157 160 161 162 163 164 166 168 174 175 177 179 182 184 196 198 199 201 203 204 205 207 208 209 213
5 151 174 185 192 212
11 148 152 158 164 165 170 174 180 194 204 206
26 146 150 152 153 154 157 158 161 162 166 171 174 175 183 185 186 189 194 197 199 200 204 207 208 210 213
24 147 148 149 156 158 161 165 167 169 178 179 181 183 184 186 194 195 196 198 203 205 207 211 213
11 156 165 166 170 175 180 183 187 195 205 207
14 145 146 150 154 162 168 175 188 197 199 200 202 207 210
16 152 156 162 164 168 185 187 190 192 193 197 199 201 203 206 208
11 147 152 157 160 164 170 176 177 183 205 210
13 149 154 168 170 178 182 184 186 196 199 202 207 209
17 147 159 160 162 163 165 169 173 174 180 183 185 189 190 206 212 213
28 145 146 148 149 150 151 152 154 156 159 165 166 168 170 177 178 185 186 189 190 194 196 200 205 207 210 211 212
23 145 147 152 154 157 161 163 164 166 167 168 175 177 179 182 186 196 199 201 203 208 209 213
26 152 153 155 156 157 161 163 164 165 166 169 178 179 180 181 183 184 190 193 195 198 203 205 206 209 213
9 146 154 162 194 197 200 202 207 210
33 145 147 148 149 150 152 153 154 157 160 161 163 164 166 167 168 174 175 177 179 182 192 194 196 198 199 201 203 205 207 208 209 213
23 145 146 149 150 152 154 165 167 169 172 177 179 180 186 195 196 197 198 202 203 206 208 212
12 145 157 160 164 169 170 176 177 205 206 207 210
13 147 148 150 151 152 160 163 171 184 185 187 206 212
15 153 154 156 158 159 160 164 172 179 180 184 197 201 206 208
18 149 155 157 158 164 167 168 172 173 174 176 184 189 194 206 209 211 212
10 146 151 157 169 174 175 180 183 185 203
17 146 152 156 159 160 165 172 174 181 183 187 194 195 199 203 208 213
12 151 153 161 168 176 179 180 191 197 204 207 211
42 145 146 148 149 150 152 153 154 156 157 159 161 162 165 166 168 169 170 174 175 176 177 178 182 184 185 186 187 190 191 194 196 197 202 203 205 207 209 210 211 212 213
16 145 147 148 159 160 163 165 169 173 180 183 185 190 192 212 213
27 145 146 148 151 152 153 161 164 165 166 167 169 171 176 177 179 180 185 187 188 192 195 201 204 206 209 210
6 151 155 156 162 183 209
5 147 148 152 172 195
6 149 160 170 182 187 208
15 146 151 156 158 159 172 176 178 180 181 183 187 188 202 210
8 152 158 170 174 194 203 206 211
12 145 146 151 152 156 158 163 174 185 192 196 200
10 155 170 174 180 193 197 203 208 209 212
12 145 147 152 157 160 169 170 176 177 183 207 210
14 156 161 165 166 167 169 174 177 186 188 202 203 207 208
10 149 154 157 165 169 171 177 183 184 186
6 147 150 158 169 192 199
9 147 150 161 167 169 179 189 192 199
7 155 162 174 183 184 199 209
7 158 170 171 182 186 191 208
8 149 157 169 177 183 186 200 210
6 151 152 162 194 195 200
18 153 159 161 165 166 167 169 174 175 180 186 202 203 204 205 207 208 209
38 145 148 149 150 151 152 153 154 157 159 161 162 165 166 168 170 174 175 176 177 178 182 185 186 187 190 191 192 193 194 196 197 200 202 203 207 210 212
21 145 149 152 156 157 164 165 169 173 177 183 188 190 193 201 204 206 207 208 212 213
10 146 151 177 183 191 193 199 203 207 208
7 146 161 179 200 204 206 211
10 148 149 154 163 181 182 193 198 202 212
7 157 168 182 185 188 189 195
16 146 148 149 151 152 161 166 170 171 174 176 186 189 191 192 198
11 149 151 155 157 169 174 175 180 185 197 213
11 147 160 163 167 170 172 186 196 198 201 209
11 145 147 157 167 183 184 186 192 201 202 207
10 147 162 167 174 178 182 186 187 192 202
14 146 148 149 152 166 170 174 176 186 189 192 198 209 210
22 146 151 155 156 158 165 171 172 173 178 181 183 185 188 189 190 191 193 197 206 210 211
33 146 148 149 150 151 152 153 154 156 157 158 161 162 164 166 168 172 175 178 179 180 185 186 189 191 194 197 199 202 204 205 207 208
18 145 160 166 168 170 171 176 180 185 188 191 192 197 201 202 204 208 209
30 145 149 150 151 152 155 156 157 160 163 164 165 169 170 171 177 179 184 186 188 189 193 194 197 199 202 204 205 212 213
42 147 148 151 153 154 155 156 157 161 162 163 166 168 169 170 172 173 174 175 176 177 178 180 182 183 184 185 186 187 188 191 194 195 196 197 198 199 204 207 208 210 211
26 146 147 149 152 153 154 156 168 169 172 176 181 182 183 187 188 189 190 193 195 202 203 205 206 210 212
21 146 151 154 155 160 165 168 170 172 174 177 183 194 195 199 201 206 207 208 210 213
32 148 149 152 153 155 157 159 160 161 162 165 167 168 170 173 176 180 181 183 187 188 189 191 193 194 196 201 202 203 204 205 212
46 145 148 149 150 151 152 155 156 157 162 163 164 165 166 168 169 170 171 174 177 178 180 182 184 186 187 188 189 190 191 192 193 197 198 199 200 201 202 203 204 207 208 209 210 211 212
45 145 146 147 148 150 153 154 155 156 157 158 160 162 164 165 167 169 170 171 172 175 176 177 178 179 180 182 184 185 186 187 188 191 192 193 196 198 201 202 205 206 207 208 211 213
21 145 146 147 148 149 150 159 171 172 178 180 184 189 194 195 196 198 202 204 208 213
37 146 147 148 151 155 156 159 162 163 166 167 168 170 171 174 176 178 179 180 181 184 186 187 191 192 195 196 197 201 203 204 205 207 208 209 210 212
31 145 147 148 149 151 152 153 158 159 160 163 165 169 173 175 177 178 188 190 191 192 193 194 196 197 198 202 204 205 210 211
32 145 148 152 153 154 155 156 160 161 162 164 165 166 168 171 173 174 175 176 178 179 185 186 187 189 190 194 197 202 204 209 213
26 145 146 152 153 154 155 161 167 168 170 171 174 176 177 179 184 191 192 194 196 199 201 202 203 211 213
22 146 148 150 151 152 153 156 165 168 169 171 172 177 181 185 189 192 195 200 203 206 208
30 145 146 147 150 154 156 161 163 164 165 174 176 177 180 182 184 188 189 190 193 194 196 198 200 201 206 207 208 209 212
45 145 146 147 149 150 154 155 156 157 158 160 161 162 163 164 165 167 171 174 175 177 179 180 181 183 184 185 186 187 188 189 191 192 193 194 198 199 200 201 205 207 209 210 211 212
40 145 146 147 148 149 150 151 152 153 154 158 163 166 167 169 172 173 174 175 176 177 180 183 184 185 186 188 189 193 195 198 199 201 202 203 207 208 210 211 213
44 145 146 147 148 149 150 153 154 155 156 157 160 161 163 164 165 166 167 169 170 173 177 178 181 182 185 186 187 190 191 192 193 196 200 201 203 204 206 207 208 209 210 211 212
26 145 151 152 154 162 164 166 169 174 175 176 178 180 183 184 185 186 187 189 196 199 201 202 204 206 213
45 148 149 151 152 153 154 155 156 158 160 161 163 164 168 169 171 173 174 175 176 177 178 179 180 182 183 184 185 186 188 189 190 193 197 198 201 202 203 204 206 207 210 211 212 213
29 145 146 147 148 151 154 156 157 163 166 169 172 173 175 179 183 187 188 189 193 196 198 199 200 204 206 209 211 213
34 146 147 149 150 151 156 157 159 163 164 166 167 170 171 174 179 180 181 184 186 187 189 190 191 194 196 198 201 204 205 209 210 212 213
46 145 146 147 148 150 151 154 156 159 160 162 163 164 165 166 167 168 169 170 171 172 175 176 177 179 181 185 186 187 189 190 191 193 196 197 199 201 202 203 204 205 206 208 209 211 212
46 145 149 151 153 154 155 156 157 158 160 161 162 164 165 166 168 170 171 172 174 175 176 179 180 181 182 185 186 188 189 190 191 193 194 195 197 198 201 203 206 207 208 210 211 212 213
35 147 148 149 150 152 154 157 158 160 161 162 165 166 167 170 174 175 179 181 184 185 191 192 195 196 197 198 199 201 204 205 206 207 208 209
24 145 147 153 156 158 161 162 164 165 169 173 176 178 180 181 183 187 188 189 195 196 200 211 212
37 145 149 151 152 153 154 156 157 161 164 165 166 169 172 175 177 178 179 180 182 185 186 188 192 194 198 199 201 202 203 204 205 207 208 209 211 213
38 145 148 152 153 156 157 158 160 161 164 165 166 169 170 171 172 173 174 176 178 179 181 185 186 191 192 193 194 198 199 201 202 203 204 208 209 212 213
38 145 146 147 149 152 153 156 158 159 160 162 163 164 166 167 168 169 170 172 174 175 177 180 181 182 185 187 190 192 193 196 197 200 202 205 207 208 213
21 146 153 155 156 164 169 173 174 175 177 178 179 182 184 186 193 201 202 203 208 209
41 146 147 148 149 151 153 154 155 156 158 160 161 165 166 167 170 171 172 173 174 175 176 178 180 183 185 186 188 189 191 192 196 197 198 200 202 203 205 206 209 210
26 145 146 151 152 153 157 158 159 160 162 171 172 175 185 186 194 197 198 199 200 201 202 203 207 211 213
41 145 146 148 149 150 152 154 155 156 157 158 161 162 163 164 165 167 169 171 172 178 179 183 184 186 187 188 190 192 196 197 198 199 200 203 204 205 207 209 211 212
30 145 146 149 151 152 154 155 156 157 159 160 162 165 166 170 172 184 185 186 195 196 197 198 200 201 202 203 204 205 208
29 145 147 148 152 157 158 164 165 169 170 172 173 174 175 176 177 183 184 187 188 189 193 195 199 200 202 206 209 211
29 146 147 152 153 156 157 158 159 160 166 168 171 173 175 178 179 184 187 191 194 195 196 197 198 201 202 204 208 209
34 146 147 149 150 151 152 159 162 167 170 175 176 177 179 180 181 182 187 188 190 192 193 194 195 196 199 200 201 204 205 206 207 210 213
27 147 148 156 158 160 161 162 166 168 169 174 176 177 179 181 185 188 194 196 199 200 201 202 204 205 206 211
36 145 147 150 151 152 153 158 159 160 161 166 167 168 172 173 174 175 176 177 180 181 183 184 185 188 189 191 193 194 196 200 202 203 204 209 212
25 146 148 152 155 157 160 163 170 174 175 178 180 181 184 189 190 193 194 195 201 203 206 208 211 212
43 146 149 150 151 152 154 155 157 158 159 161 162 165 166 167 168 169 170 171 173 174 175 179 181 182 184 185 186 188 189 190 191 192 194 195 198 203 207 208 210 211 212 213
42 148 149 150 151 152 154 155 156 158 160 161 162 163 164 166 169 173 174 175 176 179 180 181 186 187 189 190 191 192 194 195 196 198 199 200 201 203 204 205 206 208 212
29 145 149 151 152 153 154 156 157 160 161 162 167 168 169 173 174 179 181 182 189 192 193 195 198 202 204 207 208 213
45 145 146 147 148 149 151 152 153 154 157 159 160 162 163 164 167 168 169 172 173 175 176 177 180 182 184 187 189 191 193 194 195 196 197 198 199 201 202 203 205 206 209 210 211 212
37 145 146 148 152 154 156 157 161 162 164 166 169 170 172 173 177 178 181 182 183 190 191 192 193 194 195 196 197 198 200 201 202 204 205 209 212 213
25 145 147 148 152 154 160 165 166 169 170 171 172 174 175 177 183 186 188 190 195 197 199 203 209 211
22 150 151 153 154 155 160 162 163 164 166 169 174 175 185 190 195 200 203 204 205 206 207
31 148 149 151 153 157 159 166 167 169 170 172 174 176 177 179 181 182 184 187 190 192 193 195 197 198 199 201 205 207 208 210
38 145 147 150 152 153 155 156 158 160 166 171 175 176 177 178 180 181 182 183 184 186 187 188 190 192 193 194 195 197 199 202 204 205 208 209 210 212 213
37 146 149 152 153 154 155 156 158 159 160 162 163 166 167 168 171 173 175 177 178 179 180 183 184 187 188 193 194 195 196 197 198 204 207 209 210 213
21 146 148 160 161 164 166 169 170 175 176 177 183 186 189 192 199 203 208 211 212 213
29 146 148 149 151 159 161 166 169 170 171 172 174 177 178 179 182 183 186 187 188 189 190 195 196 197 198 200 206 208
47 145 148 149 150 151 153 154 155 157 158 159 160 161 163 164 167 168 169 170 171 172 173 174 175 177 178 179 180 181 182 187 188 189 190 191 194 197 198 201 202 203 205 207 208 209 210 213
25 147 148 152 153 155 162 165 172 173 178 182 184 188 189 191 195 196 199 200 202 204 206 208 209 211
46 145 148 150 151 152 153 156 157 158 160 162 163 164 165 166 167 168 169 170 171 172 173 175 176 177 178 179 180 181 184 185 190 191 192 194 196 197 198 201 202 203 205 207 208 211 212
24 147 153 154 155 163 166 170 174 175 179 181 185 186 188 190 192 194 195 199 201 205 209 211 212
46 145 146 147 148 149 150 151 152 153 154 155 158 159 160 162 163 164 165 166 167 168 170 171 173 174 176 177 178 181 185 186 188 189 191 192 193 195 197 200 201 207 208 209 210 211 213
25 145 149 150 157 158 159 162 165 166 167 168 172 175 178 179 180 186 188 189 190 200 202 206 210 211
36 145 147 148 149 150 152 156 159 160 162 164 165 166 169 170 172 177 179 180 181 182 183 184 185 187 192 193 194 200 205 206 209 210 211 212 213
45 146 147 148 149 151 152 153 155 157 158 159 161 162 165 166 172 175 176 177 179 180 181 183 185 186 187 188 190 192 193 194 195 196 197 198 200 202 204 205 206 208 209 210 211 213
25 149 150 151 155 156 165 166 167 170 172 173 175 176 177 180 184 186 198 202 203 205 207 209 211 212
35 145 147 148 149 150 151 155 157 160 162 163 167 169 171 175 176 178 179 181 184 186 187 188 189 190 193 194 195 197 199 203 204 205 207 211
40 146 148 149 150 151 152 154 155 156 157 158 162 163 166 169 172 173 175 176 177 182 184 186 187 188 190 191 192 193 196 197 198 201 202 203 206 207 208 212 213
21 145 151 152 155 156 158 159 163 164 175 176 180 185 189 191 196 200 205 206 207 212
34 147 148 150 152 153 154 155 156 160 161 162 164 166 168 169 170 174 177 179 182 183 184 187 188 189 191 198 205 206 207 209 211 212 213
29 145 146 148 149 151 153 160 161 164 166 167 169 171 172 177 178 182 188 190 191 192 193 196 198 202 207 209 211 213
38 146 151 154 155 156 160 162 163 165 166 169 170 171 172 173 174 175 178 180 181 182 183 184 186 188 190 192 194 196 198 202 204 207 208 209 210 211 213
21 145 146 147 148 154 155 174 177 186 192 193 196 199 200 201 202 203 204 205 209 213
35 148 149 150 151 156 159 160 162 163 164 165 169 170 172 174 176 177 179 180 183 184 185 188 189 190 194 199 200 201 202 204 205 207 210 211
44 145 147 148 149 150 152 153 154 155 156 157 158 159 160 163 164 165 166 167 169 170 171 173 175 176 181 182 183 187 188 190 191 193 195 196 197 199 200 201 206 207 208 211 213
26 145 148 149 151 152 153 154 155 158 169 171 172 176 181 182 184 186 187 190 192 197 202 208 210 211 213
35 149 152 154 155 157 158 162 164 165 166 172 173 174 177 178 180 182 183 184 189 192 193 194 195 197 199 202 203 207 208 209 210 211 212 213
45 145 146 147 148 149 150 151 152 154 155 157 158 159 160 161 163 165 166 167 168 169 170 171 172 174 175 177 179 186 187 188 189 190 194 195 198 200 201 202 203 206 207 210 212 213
31 148 149 155 162 163 164 165 166 169 170 171 173 174 175 176 179 183 185 187 188 192 197 199 200 202 205 206 207 208 209 210
38 146 148 150 152 153 156 158 159 160 163 164 165 166 169 170 172 173 176 177 178 181 183 184 187 188 189 190 191 192 193 194 196 197 198 199 200 201 210
26 146 149 152 153 154 162 163 165 169 173 175 177 182 183 184 188 189 190 192 193 195 201 203 204 207 212
25 145 147 152 153 155 156 166 168 169 171 173 181 187 189 190 191 192 193 194 196 198 199 204 208 211
47 145 146 147 148 149 151 153 154 155 156 157 158 160 161 163 166 167 168 169 172 173 174 176 177 178 179 180 181 183 187 188 190 191 193 194 195 200 202 203 204 205 206 207 208 209 211 213
31 147 152 154 156 157 159 162 163 164 165 166 169 171 177 179 180 181 182 184 186 187 189 190 198 199 200 202 203 206 209 213
25 147 148 154 156 158 159 163 167 168 169 176 179 183 184 185 188 189 190 191 192 200 204 208 209 213
30 145 147 150 154 155 156 157 158 159 163 169 170 176 179 180 181 183 184 186 188 190 191 192 193 194 196 202 205 207 211
20 150 153 162 165 166 167 169 170 173 179 180 185 188 190 193 194 198 199 200 204
23 145 148 152 154 155 161 169 170 172 180 182 185 186 189 192 194 195 198 200 205 206 208 211
25 147 148 152 154 155 160 163 169 173 175 177 182 183 184 187 189 191 192 200 202 206 208 209 210 212
39 147 151 152 154 158 159 160 161 162 164 165 166 167 169 170 171 173 178 182 183 184 185 186 190 192 193 197 199 200 201 202 203 205 207 208 210 211 212 213
45 146 148 150 151 152 154 155 156 157 158 159 167 169 170 171 173 174 175 176 177 178 179 180 181 183 184 186 187 190 193 194 195 196 198 199 200 201 202 203 205 206 209 210 211 212
23 145 151 152 154 158 159 165 167 170 176 177 180 185 191 192 195 201 202 204 205 208 210 213
39 146 147 148 149 150 152 154 157 160 162 164 167 169 170 171 174 175 179 182 183 184 185 187 188 189 190 191 193 194 196 198 200 201 202 204 205 206 207 210
24 148 150 155 156 158 159 160 172 177 180 182 185 189 190 191 192 195 196 199 200 204 207 212 213
32 145 147 156 157 159 160 162 164 165 166 169 170 171 174 175 177 178 181 182 183 184 186 188 193 195 196 198 200 202 203 207 213
30 147 148 151 154 155 156 160 164 167 168 169 171 172 174 175 176 178 179 180 181 182 183 184 187 190 191 193 203 207 213
30 147 149 151 153 154 158 160 162 163 165 169 173 174 175 177 178 180 182 184 186 189 190 194 196 200 204 206 208 212 213
29 150 156 158 162 164 165 166 170 173 174 176 177 179 180 186 188 190 192 193 194 197 198 199 200 201 202 205 207 212
38 146 147 149 150 151 158 160 161 162 163 164 167 169 170 171 172 173 174 179 183 186 188 190 192 194 195 196 197 198 199 201 202 203 204 205 206 208 212
22 154 155 157 158 162 164 167 171 172 179 181 182 190 193 194 199 202 204 207 210 211 213
28 146 147 148 150 153 155 158 159 161 164 168 169 171 173 174 178 181 184 185 186 187 189 190 196 200 205 210 213
29 148 154 156 157 158 160 162 163 165 166 167 168 169 171 172 176 178 181 183 187 189 190 192 196 204 206 207 209 212
35 146 147 150 151 153 154 158 160 163 165 167 168 169 173 174 175 180 182 187 188 189 190 193 194 195 196 199 200 203 205 207 208 209 210 211
47 146 147 148 149 151 152 155 157 158 159 160 161 162 163 165 166 167 168 170 171 173 174 175 177 178 179 180 181 183 185 186 187 190 194 195 196 197 198 199 200 202 203 205 210 211 212 213
38 147 149 151 153 155 158 159 160 161 162 163 164 165 166 170 171 172 173 176 177 178 179 180 184 185 186 189 194 195 196 197 198 200 203 204 205 209 213
33 145 150 156 157 158 159 160 162 164 167 168 169 170 178 179 180 181 183 185 186 190 193 197 198 201 203 204 205 206 207 210 211 212
22 146 150 152 155 156 161 163 164 168 169 171 174 179 192 195 196 198 199 201 202 206 208
41 145 149 150 151 152 155 156 157 160 161 164 167 168 169 171 174 175 176 178 179 180 182 184 185 186 188 189 190 192 194 195 197 201 202 203 204 205 206 208 210 212
33 145 146 147 148 151 152 154 155 157 159 162 164 168 169 171 175 179 180 181 182 183 189 190 192 194 196 198 199 203 205 209 212 213
38 146 147 148 149 150 151 152 154 155 157 159 160 161 162 163 166 167 171 173 177 178 179 183 186 188 190 191 193 194 195 197 198 203 204 205 207 209 211
35 146 149 154 155 158 159 161 162 164 166 167 169 170 171 175 177 181 183 185 186 187 189 190 191 193 195 201 203 205 206 207 208 209 212 213
29 147 148 150 151 152 153 155 161 162 163 165 171 175 177 180 184 185 189 191 193 194 195 196 197 198 208 209 212 213
47 148 149 150 151 153 154 155 156 157 158 159 160 161 162 163 165 166 167 169 172 173 175 176 177 178 182 183 184 185 186 188 189 192 194 195 196 197 198 200 202 203 206 208 209 211 212 213
29 145 148 149 155 158 159 163 164 166 168 169 175 177 178 179 184 185 189 191 198 199 201 202 204 205 206 208 210 212
30 146 147 148 149 150 151 152 154 156 160 162 164 165 169 171 173 178 179 183 185 188 189 191 194 196 201 205 206 207 211
39 145 148 150 153 154 157 159 161 162 164 165 167 169 177 178 179 180 181 183 184 185 186 187 189 190 192 193 194 196 197 200 201 202 207 208 209 210 211 213
24 148 149 150 151 152 157 159 162 165 169 178 181 186 189 192 196 197 198 202 203 205 206 207 209
27 146 147 154 155 157 158 161 166 167 169 170 177 178 179 185 186 190 191 197 200 203 205 206 207 208 209 210
21 146 149 151 158 161 162 163 166 169 171 176 178 182 190 193 195 196 201 203 205 208
23 146 147 148 151 154 162 167 168 170 173 174 184 185 186 189 192 194 199 202 203 204 208 212
30 147 149 150 151 154 155 156 159 160 161 163 166 168 169 175 176 177 179 184 189 192 193 194 195 200 202 203 206 207 209
32 146 147 149 151 154 156 157 161 162 165 168 170 171 174 175 178 179 181 183 184 189 191 192 194 195 198 199 201 205 206 210 213
45 145 146 147 150 153 156 158 160 161 162 165 166 167 170 171 172 175 178 179 180 181 182 183 184 186 187 188 190 191 193 194 195 196 197 199 200 201 204 205 206 208 210 211 212 213
27 146 148 152 153 156 158 161 162 163 168 170 174 178 179 180 182 183 189 190 191 196 197 199 201 202 208 212
34 146 148 152 155 156 158 163 164 165 166 167 168 169 170 173 174 175 177 179 180 184 187 188 191 193 194 196 199 201 203 204 206 207 208
30 145 147 148 150 151 152 156 160 162 163 169 170 172 174 178 180 181 182 185 188 191 194 195 199 202 203 204 209 212 213
36 145 146 147 148 153 154 155 156 157 160 163 166 171 172 173 176 179 180 181 182 183 185 186 187 188 189 190 192 193 197 198 199 200 205 207 210
26 149 151 152 154 155 157 158 160 162 172 176 177 179 180 183 186 189 193 197 198 199 203 204 205 211 212
44 146 147 148 149 151 153 154 155 156 157 158 159 161 163 166 167 168 169 170 171 172 173 175 177 178 179 180 182 184 185 186 187 190 196 197 202 203 205 206 208 210 211 212 213
34 145 146 148 149 150 152 153 159 162 165 166 167 172 174 177 179 181 185 186 189 192 193 194 195 196 197 198 199 201 203 204 205 207 210
37 146 147 149 152 153 154 155 157 158 159 160 163 166 167 170 172 175 176 177 178 180 182 183 184 185 186 187 190 191 196 198 201 206 208 211 212 213
28 149 151 152 153 154 155 156 158 168 172 175 176 178 179 180 181 184 185 188 192 193 194 197 200 203 204 207 213
23 145 147 151 154 156 157 164 166 167 170 171 173 174 180 185 186 190 194 198 199 202 206 213
25 145 146 147 149 151 152 155 159 160 161 164 165 167 170 177 179 183 187 191 196 197 198 201 204 209
26 146 148 150 151 155 158 159 161 163 167 168 170 173 177 181 185 187 188 189 192 199 200 202 203 207 208
30 145 146 147 148 152 153 155 157 167 168 170 172 174 176 177 180 183 184 185 190 191 194 196 197 200 202 206 210 211 212
34 145 146 147 148 156 158 160 163 167 171 172 173 174 175 177 178 183 187 188 189 190 191 196 199 200 201 202 204 205 206 207 208 210 212
24 161 163 165 167 168 169 174 178 179 181 187 190 191 196 198 199 200 202 205 206 208 209 210 212
47 145 146 147 148 150 151 153 154 155 156 157 160 161 163 166 167 171 172 173 174 175 177 178 179 180 183 184 186 187 188 189 190 193 194 196 199 201 202 203 205 206 207 208 209 210 211 213
44 148 150 152 153 157 159 162 163 164 166 167 170 174 175 176 177 178 179 180 181 183 184 187 188 189 190 191 192 193 194 195 196 197 199 200 201 204 205 206 207 208 209 212 213
30 145 147 152 153 154 159 163 164 165 170 172 173 174 176 179 182 188 189 190 193 194 195 199 201 206 207 210 211 212 213
42 148 149 151 152 153 154 155 158 159 162 163 165 167 168 169 171 173 174 175 177 178 180 181 182 184 186 187 188 190 193 194 195 196 197 198 199 200 201 202 204 207 211
27 148 149 151 153 158 160 163 164 167 169 172 173 174 175 185 186 188 189 190 192 194 198 203 204 206 209 210
29 147 149 150 154 155 156 158 161 162 164 166 167 169 174 180 181 185 189 190 193 194 195 196 197 198 204 209 211 213
21 145 147 148 151 153 155 161 165 167 169 179 182 187 188 190 191 199 200 203 205 206
22 148 151 153 155 157 159 162 170 174 179 180 181 182 183 186 192 195 203 205 208 210 211
36 146 148 150 152 154 156 157 159 162 164 166 170 171 172 176 179 180 182 183 184 185 188 190 192 194 195 196 197 201 204 205 206 207 210 211 212
34 147 149 151 152 153 156 161 163 164 166 167 170 171 172 173 176 177 179 183 184 185 189 193 194 195 196 199 202 208 209 210 211 212 213
41 145 146 147 151 152 153 154 156 157 158 159 161 163 165 167 170 172 175 176 178 181 185 186 187 188 189 190 194 195 196 197 199 202 204 205 206 207 208 210 211 212
42 146 147 148 150 151 153 154 155 156 157 158 161 162 167 169 171 172 174 175 176 177 179 180 181 182 185 190 191 193 196 197 198 199 200 201 202 203 204 209 210 212 213
44 145 146 147 148 151 152 153 156 158 159 160 161 168 169 171 172 173 174 175 176 179 181 182 184 186 188 190 191 192 194 195 196 197 199 200 201 203 204 206 207 208 210 211 212
42 145 146 147 148 152 154 155 157 158 159 162 163 164 165 167 168 169 170 172 173 175 176 177 178 181 183 186 187 188 190 192 196 197 198 199 201 202 203 208 211 212 213
34 145 146 149 151 153 155 156 157 158 159 160 164 166 167 168 170 171 172 173 174 175 179 182 185 189 190 196 200 202 203 204 206 210 213
40 146 148 150 153 154 155 156 159 161 162 163 164 168 171 172 174 176 178 179 181 183 184 186 187 188 189 193 194 195 196 201 202 203 204 205 206 208 209 211 213
25 145 147 149 150 154 155 156 164 165 167 168 169 170 173 176 177 179 180 181 183 184 185 193 204 205
35 149 152 155 157 158 160 162 163 164 169 172 178 179 180 181 182 183 185 186 188 189 191 193 195 196 198 200 201 202 203 205 207 210 211 212
43 145 147 148 149 151 152 153 154 155 157 159 161 162 163 165 167 168 171 172 173 174 175 179 182 185 186 187 189 190 193 194 196 198 200 201 202 204 205 206 208 210 212 213
35 147 148 149 152 153 155 156 160 161 163 165 167 168 169 170 176 179 180 181 183 184 185 187 189 191 192 194 199 200 201 206 207 208 211 212
33 146 147 150 153 155 161 163 164 166 167 168 173 175 176 178 180 181 182 183 187 188 189 192 195 199 201 203 204 208 209 211 212 213
28 146 149 150 152 153 158 159 160 161 165 166 170 174 175 176 181 182 184 185 187 190 192 199 201 202 206 209 211
41 147 148 149 150 152 153 158 159 160 162 163 165 166 167 170 171 172 174 175 176 182 183 185 187 188 190 191 192 193 194 195 196 197 199 201 204 206 208 209 210 212
21 147 149 157 158 160 162 167 168 170 172 178 180 182 187 189 192 193 199 202 208 212
40 147 149 152 153 155 157 158 159 160 161 166 167 168 169 170 173 175 178 181 182 183 185 186 188 189 190 191 193 195 199 200 201 203 204 205 206 207 209 210 211
31 147 148 150 151 152 153 155 156 161 163 170 171 173 174 178 180 181 182 187 188 192 194 195 196 199 204 205 206 208 212 213
40 146 147 149 151 154 155 156 157 158 159 161 162 163 164 165 168 169 171 172 174 177 178 179 180 181 183 185 186 189 190 194 198 199 200 201 204 206 210 212 213
46 145 146 147 148 149 150 152 154 156 157 160 162 164 166 167 169 171 173 174 175 176 177 178 180 184 185 186 188 191 192 194 195 198 200 201 202 203 204 206 207 208 209 210 211 212 213
26 146 152 154 155 157 158 160 164 167 170 174 177 182 184 189 191 192 194 197 200 201 202 207 208 209 211
22 147 148 157 158 159 160 161 163 166 173 174 176 182 187 191 193 196 197 198 199 208 210
39 146 147 150 151 154 155 158 160 161 162 165 167 168 169 171 172 173 174 176 178 179 180 181 185 188 192 193 194 195 196 197 198 199 200 201 202 205 209 210
43 145 146 150 151 152 153 154 155 157 159 162 163 164 165 166 168 169 170 171 172 173 174 176 177 178 179 181 182 187 189 190 191 194 195 197 198 207 208 209 210 211 212 213
29 145 147 148 150 155 158 164 167 168 173 175 176 178 179 180 182 183 184 189 192 194 196 199 201 202 203 205 211 213
29 148 150 151 152 154 157 158 165 166 169 172 176 178 179 180 181 182 184 187 194 195 200 201 203 206 207 208 209 213
37 152 154 155 156 158 159 160 164 165 166 167 171 172 174 175 176 179 183 184 185 187 189 191 192 194 195 196 198 201 202 203 205 206 210 211 212 213
29 149 152 153 155 156 158 163 166 168 170 171 172 173 175 177 178 183 184 185 186 188 191 192 194 195 202 203 205 208
32 146 147 148 150 151 153 160 165 167 168 170 173 174 175 182 184 186 187 189 191 194 196 197 200 201 203 204 205 208 210 211 213
42 147 148 149 150 151 153 155 156 158 160 161 162 163 164 167 168 169 170 171 172 173 174 175 176 177 178 181 182 187 190 192 193 194 195 196 198 201 204 205 207 208 210
46 147 148 149 150 152 153 154 155 156 157 158 159 160 164 165 166 168 170 173 174 176 177 179 180 181 183 184 185 186 187 188 191 192 194 195 196 198 200 201 204 205 206 207 208 210 213
42 145 146 147 148 150 153 155 156 157 158 159 160 161 162 163 166 167 169 170 171 172 173 176 183 185 186 188 190 191 193 194 195 197 198 200 201 205 207 208 209 210 213
29 145 149 152 155 159 161 164 170 171 175 179 181 184 186 189 190 191 196 197 198 200 201 202 203 205 206 207 212 213
27 146 147 151 155 156 158 160 163 169 171 174 175 180 183 185 186 187 188 189 190 193 196 197 200 203 204 206
33 146 147 152 154 156 157 162 165 166 167 170 175 177 179 181 183 184 185 188 189 190 192 194 198 202 203 204 205 208 209 210 212 213
37 148 149 150 151 152 153 158 159 161 162 165 166 167 168 170 171 175 176 182 183 184 188 189 191 192 193 195 196 199 202 203 205 207 209 211 212 213
26 146 147 148 151 152 153 154 160 165 171 172 174 176 178 179 181 182 186 189 192 196 200 203 206 211 212
32 147 148 149 150 151 159 163 164 165 168 170 171 173 174 176 177 178 180 187 190 192 195 196 199 200 201 202 204 205 208 210 211
36 146 147 148 149 150 151 152 154 155 158 159 160 161 164 167 171 173 175 176 178 179 181 187 188 191 195 196 197 198 201 204 205 206 209 210 211
38 145 146 149 151 153 154 155 156 157 158 160 161 162 164 170 171 173 175 179 180 181 182 184 186 187 188 192 193 194 195 200 205 206 208 209 210 211 212
36 145 146 147 148 149 154 155 156 159 160 161 163 164 165 167 168 169 171 172 173 175 176 179 180 185 186 189 194 195 197 201 203 204 205 206 212
32 145 146 152 154 155 157 160 164 167 168 171 172 173 177 178 184 189 190 192 193 195 196 198 200 201 205 206 207 209 210 212 213
40 145 146 147 148 149 150 151 153 154 157 158 160 161 162 163 164 166 168 175 176 178 179 181 182 183 186 187 192 194 196 199 202 203 206 207 208 209 210 212 213
25 147 148 149 153 154 156 160 161 166 169 171 174 176 178 180 181 183 184 185 188 189 192 194 197 213
24 145 147 148 149 155 169 170 173 175 176 178 181 183 184 185 186 190 195 198 199 203 204 208 209
29 149 153 154 157 159 161 162 164 165 169 170 172 173 182 183 186 188 189 190 192 196 197 198 206 207 209 210 212 213
39 145 146 147 148 150 151 154 155 158 159 161 163 164 166 168 169 170 172 173 175 176 180 181 183 184 188 192 193 194 195 196 198 199 202 203 206 207 210 213
25 146 148 149 156 159 160 162 164 167 173 175 177 180 183 184 188 189 191 194 198 204 207 209 210 211
40 145 148 149 151 153 154 156 157 159 163 164 167 169 170 173 174 176 177 178 179 180 181 182 183 187 189 190 191 192 193 194 195 198 200 204 206 207 209 212 213
43 146 149 153 155 156 159 161 162 163 164 166 167 168 169 170 171 175 176 178 179 180 182 183 185 186 187 190 191 192 194 195 197 198 199 200 201 204 205 206 208 211 212 213
24 145 146 147 152 153 155 156 159 162 167 173 174 176 178 181 183 184 185 187 188 189 199 205 213
23 148 149 153 154 159 160 165 166 175 176 182 183 186 187 192 193 199 200 206 207 209 211 213
42 145 146 147 148 149 152 154 155 158 159 160 162 164 166 168 172 173 174 175 177 179 180 181 182 184 187 188 190 191 192 193 194 195 198 199 200 202 203 205 207 208 211
26 149 151 154 157 159 160 161 164 165 166 167 172 173 177 178 181 183 184 185 186 188 189 190 193 206 212
35 145 146 147 149 151 152 153 154 155 156 160 161 162 165 169 171 172 175 177 180 184 186 188 189 191 193 194 195 198 200 201 203 205 210 211
23 149 150 155 157 159 161 162 163 165 170 174 177 178 184 185 192 195 196 201 204 209 210 213
20 146 148 153 160 168 171 172 174 175 181 183 186 189 191 195 201 206 209 212 213
20 159 162 169 174 176 178 179 180 181 191 195 196 202 205 206 207 208 210 212 213
46 145 146 148 150 151 152 153 154 155 156 157 159 161 162 163 164 165 167 168 169 171 172 174 176 177 178 179 180 182 186 189 191 192 195 196 197 199 200 201 202 203 205 207 208 210 213
44 146 147 150 152 154 155 157 158 159 160 161 162 163 164 165 168 170 171 172 173 174 177 180 181 183 184 185 186 190 191 193 195 196 198 200 201 202 203 204 206 208 210 212 213
47 146 147 148 149 150 151 154 155 156 158 162 163 165 167 168 169 171 172 173 175 176 177 181 182 183 184 188 189 190 192 193 194 196 197 198 199 200 201 202 204 205 206 207 210 211 212 213
29 145 147 149 151 154 157 159 161 163 164 167 168 172 173 174 175 177 178 179 180 188 190 196 197 199 203 205 206 207
42 145 146 148 149 150 151 152 154 155 156 158 159 163 165 168 170 171 173 175 177 179 180 181 182 183 185 187 190 192 194 196 198 199 200 201 202 203 205 206 207 210 213
43 146 147 148 151 152 154 156 157 159 160 161 164 166 167 168 170 171 172 173 174 178 179 180 182 183 185 186 187 188 189 190 191 192 194 199 200 202 205 206 209 210 211 213
42 146 147 148 149 150 151 152 153 154 155 156 158 159 160 161 165 166 168 171 172 174 177 181 182 184 186 187 188 189 190 191 192 196 198 199 200 203 204 205 206 207 212
27 161 162 172 173 174 176 178 179 180 181 184 185 188 190 192 193 195 196 197 203 205 206 207 208 209 211 213
31 146 147 149 150 156 158 159 161 163 165 166 170 172 173 176 178 179 181 184 185 188 189 192 194 195 196 198 201 211 212 213
28 147 150 156 157 158 161 164 168 169 171 172 173 174 177 183 186 187 188 191 194 196 197 198 199 201 204 209 212
33 145 147 148 150 151 158 160 161 162 163 168 171 172 174 175 177 178 179 180 181 182 187 192 194 195 196 198 200 201 206 208 210 211
32 145 147 149 151 152 155 157 158 159 160 162 163 165 167 172 179 180 181 182 184 185 187 191 193 195 197 199 201 202 210 212 213
23 145 146 150 151 154 155 156 157 160 163 167 170 176 177 187 190 191 193 197 203 206 207 209
43 147 148 150 151 153 154 155 156 158 161 163 165 166 167 169 171 172 174 175 176 179 180 181 183 184 186 188 191 193 194 196 198 199 200 202 204 205 206 208 209 210 211 213
22 146 151 153 160 161 168 171 173 178 181 184 187 190 196 200 203 204 205 206 207 208 211
21 146 150 152 158 162 163 165 166 167 168 173 179 186 194 197 202 203 207 210 212 213
43 150 151 152 153 154 158 160 162 164 165 166 168 169 170 171 174 175 176 177 178 179 180 182 186 187 188 189 190 192 193 195 196 197 201 202 203 204 205 208 209 210 211 213
43 147 150 152 153 155 156 158 161 162 163 164 165 167 169 170 171 172 173 178 179 181 182 183 184 186 189 190 192 193 194 195 196 198 199 200 201 202 203 206 208 209 210 212
30 147 148 150 151 152 156 163 167 170 171 173 175 177 179 180 182 184 186 187 188 190 192 198 200 203 205 206 207 208 213
38 148 150 151 157 158 159 160 161 164 165 166 172 173 174 175 178 180 181 182 183 184 185 186 191 192 194 195 196 198 199 200 202 203 205 206 209 210 211
35 145 146 151 153 156 161 163 164 165 166 168 172 175 176 177 178 179 180 181 182 184 188 189 190 191 192 193 195 197 201 202 205 208 209 211
36 145 147 148 150 151 152 154 155 156 157 159 160 161 166 170 171 174 175 177 179 181 182 185 187 189 192 196 197 198 200 201 202 203 206 209 210
37 146 149 150 156 158 160 162 166 167 170 174 175 177 178 179 181 182 183 185 186 187 188 189 191 192 193 196 197 199 200 202 204 206 207 208 209 211
34 145 146 147 148 150 156 159 160 162 163 166 168 169 172 176 178 179 180 181 183 185 187 189 190 193 194 196 197 199 201 203 205 208 213
41 145 147 149 151 152 153 154 155 159 160 161 165 166 167 168 170 172 173 174 176 177 178 179 181 182 183 185 188 193 195 196 198 201 202 204 205 206 207 210 211 213
44 145 146 149 150 151 152 155 157 158 159 160 161 163 165 167 168 169 172 173 174 176 177 179 180 182 184 185 186 187 188 190 193 194 196 197 199 200 202 203 204 205 206 210 213
43 145 146 147 148 149 152 153 154 155 157 159 162 163 164 165 166 174 175 176 177 179 180 182 183 184 186 189 190 192 194 195 196 200 201 202 203 205 206 208 210 211 212 213
24 145 147 159 161 162 164 167 170 171 175 176 179 184 189 190 191 194 195 198 199 202 203 207 209
24 148 149 155 158 159 160 161 162 165 168 171 176 179 185 188 191 194 195 196 198 201 209 210 212
29 146 150 151 153 155 156 157 163 164 165 166 170 172 173 180 182 183 185 186 189 190 192 193 195 198 203 205 209 213
28 145 147 149 154 155 157 161 163 164 165 172 173 176 177 180 185 188 193 198 199 204 206 208 209 210 211 212 213
20 146 149 150 152 157 162 170 174 175 176 178 180 184 190 191 194 197 202 207 213
37 145 147 148 150 151 153 154 156 159 160 161 163 167 168 169 170 171 175 177 178 180 181 183 184 186 187 188 189 195 197 200 201 203 204 207 208 212
25 145 150 159 161 163 165 166 170 171 173 174 183 184 185 186 187 189 190 193 194 196 199 200 203 212
40 146 147 150 152 153 155 157 159 161 163 165 168 169 170 171 173 176 177 178 179 180 181 183 188 190 191 192 193 194 197 198 203 204 205 206 207 208 210 212 213
36 147 149 150 151 152 155 156 157 163 164 166 169 170 173 175 176 178 180 183 185 186 187 190 192 193 194 195 197 198 201 203 204 205 206 210 213
47 145 147 148 150 151 152 153 154 155 157 159 160 162 164 166 168 169 171 172 173 174 175 177 178 179 180 181 182 185 186 187 189 190 193 194 195 197 198 199 203 205 206 207 210 211 212 213
44 145 146 148 152 154 155 156 157 158 161 162 163 164 165 166 167 168 169 170 171 172 174 177 179 183 184 187 188 189 190 191 192 193 195 197 202 203 204 205 206 208 209 210 213
40 145 146 147 149 150 151 153 155 156 158 160 165 166 169 170 173 175 177 178 181 182 183 185 186 188 191 193 194 196 198 199 200 202 203 204 205 206 208 211 212
31 146 148 149 152 153 154 155 159 160 161 163 164 166 167 169 172 180 181 186 187 188 190 191 193 196 205 207 208 209 210 211
44 145 149 150 152 153 154 156 157 158 159 160 161 163 165 169 170 171 173 174 175 178 180 181 182 185 186 187 189 191 193 194 195 196 197 199 200 201 202 203 204 205 206 207 210
28 145 146 149 150 151 152 153 159 160 164 166 167 169 170 173 175 176 180 183 187 189 198 202 203 206 208 210 211
47 145 146 147 148 149 154 155 156 157 158 159 160 161 162 163 164 166 167 168 169 170 171 174 176 177 182 183 190 191 192 193 195 196 197 198 199 200 201 202 203 206 207 208 209 210 211 213
36 145 146 147 148 149 153 154 155 156 157 158 159 162 163 166 168 169 173 175 177 178 181 183 186 187 190 192 194 195 198 199 202 207 208 211 213
40 145 146 148 149 151 154 157 158 162 163 165 166 167 171 173 174 175 177 179 180 181 182 183 185 187 191 192 193 199 200 201 202 203 204 205 206 208 210 211 213
36 145 146 147 148 149 150 151 153 154 155 158 159 161 162 164 165 167 169 172 174 177 178 181 182 183 185 187 189 191 199 201 202 203 204 207 211
46 145 146 147 148 149 150 151 152 155 156 159 160 162 163 165 168 171 173 174 175 178 179 180 181 182 186 187 188 189 191 192 194 195 196 197 198 199 201 203 204 205 206 207 208 209 212
46 145 146 147 148 151 153 154 155 157 158 159 161 162 163 164 167 168 169 170 171 172 173 175 176 177 179 180 183 184 186 188 190 191 192 193 195 198 199 201 202 205 206 207 208 211 212
40 145 147 148 149 150 151 153 156 157 158 159 164 166 167 168 169 170 173 174 175 176 177 178 179 182 184 187 188 189 190 191 193 195 198 200 207 209 210 211 213
39 145 147 148 149 150 152 155 156 159 160 167 168 169 170 171 175 177 179 180 182 183 184 186 190 191 192 193 194 195 198 199 200 202 204 207 209 210 211 212
34 145 146 150 153 154 155 157 159 160 161 164 166 171 172 173 174 175 177 182 184 185 188 191 193 196 198 204 205 206 208 209 211 212 213
47 145 147 149 150 151 152 153 154 155 156 162 163 164 165 167 169 170 172 174 175 176 177 178 179 183 185 186 187 188 189 190 192 194 195 196 198 200 201 202 204 205 206 207 208 209 210 213
44 145 146 147 148 150 153 155 157 159 161 162 163 164 166 167 168 169 170 171 173 176 177 179 181 183 184 186 187 189 190 192 193 195 197 199 200 201 203 205 206 207 208 211 212
32 146 150 151 153 154 155 157 159 161 163 164 166 167 170 172 174 176 179 180 182 183 185 192 194 195 201 202 203 206 209 211 213
40 148 149 150 152 154 155 159 160 162 163 165 166 167 168 169 170 172 176 177 178 181 184 185 186 187 189 190 192 194 197 198 200 201 202 203 208 209 210 211 213
26 147 148 149 150 152 154 156 157 158 160 162 163 172 173 175 176 177 178 181 185 186 187 191 194 199 209
35 145 146 147 148 150 152 155 159 160 162 163 164 170 171 173 175 177 180 182 186 189 190 192 193 194 195 201 202 204 205 206 208 209 212 213
28 149 150 152 155 157 158 165 166 167 169 170 174 180 185 187 188 192 193 194 195 196 197 200 203 209 211 212 213
41 146 147 148 149 150 151 153 155 156 157 158 161 162 165 167 168 169 170 172 174 176 177 179 180 183 184 186 187 188 189 190 191 192 196 201 202 205 206 208 212 213
23 145 148 152 157 158 159 160 165 170 172 174 180 181 185 192 193 197 198 206 209 210 211 213
24 145 146 147 148 150 151 152 154 155 157 160 162 167 168 171 174 177 181 185 186 190 191 196 210
35 214 217 218 219 221 222 223 226 228 229 230 231 232 233 234 235 237 238 239 240 241 243 244 245 246 247 248 249 250 251 252 260 261 265 267
13 214 218 220 232 233 236 237 240 244 247 249 251 259
26 214 217 222 225 226 227 228 229 230 231 236 238 241 242 246 247 248 252 255 256 257 259 260 261 262 265
29 216 217 220 221 224 225 226 229 232 233 234 235 237 238 239 242 244 245 246 250 253 258 260 261 262 263 265 266 267
18 214 215 221 222 223 224 225 229 232 234 240 241 244 245 252 254 263 267
13 215 218 220 222 233 236 242 245 248 251 255 256 266
15 216 217 221 232 233 242 244 245 252 255 257 261 263 264 267
27 215 216 218 220 221 225 227 228 231 232 235 238 239 241 242 243 244 245 246 250 254 256 258 261 263 265 266
7 222 227 238 243 251 257 263
36 214 217 220 221 222 225 226 227 228 230 231 232 233 234 236 237 239 240 242 243 245 246 247 249 251 253 254 255 256 258 259 260 261 263 264 265
23 219 220 226 227 230 232 234 235 236 237 239 242 245 247 248 250 253 254 256 259 262 264 267
31 214 215 216 219 220 221 224 225 227 228 232 236 237 238 242 243 245 246 247 253 254 255 258 259 260 261 262 263 264 265 266
17 214 220 223 225 227 229 230 232 233 242 243 245 251 252 260 261 262
19 214 216 218 220 225 227 230 236 241 245 249 250 252 253 255 259 260 265 267
23 217 221 225 227 230 234 235 237 238 239 240 241 243 246 249 250 254 257 260 261 262 263 265
19 214 219 226 227 229 235 239 240 241 243 247 248 249 253 258 259 260 262 265
15 221 222 224 228 229 231 233 235 240 257 260 262 263 265 266
17 214 215 220 222 224 227 241 243 244 248 256 257 260 262 264 266 267
10 214 220 235 241 242 245 248 252 261 263
6 231 237 246 249 251 255
15 214 215 216 222 223 225 229 231 233 241 243 246 251 255 263
17 216 217 221 224 233 237 241 242 243 244 246 247 250 258 260 263 267
4 224 239 250 259
18 215 216 218 219 223 224 229 235 238 241 244 248 250 252 257 262 266 267
5 219 222 230 236 265
20 216 219 226 227 231 232 235 236 239 242 244 247 250 251 254 255 257 258 263 265
22 218 222 225 226 229 230 232 236 240 243 244 246 247 249 254 256 257 258 260 262 265 267
21 215 219 222 223 226 228 234 239 242 246 248 250 252 253 255 256 258 261 264 266 267
20 216 221 223 225 226 228 230 232 234 242 246 247 250 251 252 254 258 262 263 266
14 214 219 220 226 227 230 234 237 243 249 254 256 258 267
19 215 216 220 224 225 227 236 242 253 254 255 256 257 258 259 262 263 264 266
15 214 218 222 227 231 235 236 238 245 249 253 255 257 260 267
20 218 219 220 226 230 231 233 236 238 239 242 246 248 249 250 253 256 257 259 262
17 216 217 223 226 229 230 233 235 238 239 240 242 250 253 258 259 261
39 214 215 216 218 219 221 223 225 226 227 230 231 232 233 234 237 238 239 240 242 243 244 247 249 250 251 252 253 254 255 256 257 258 259 261 263 264 265 267
12 215 217 226 228 237 240 244 248 262 263 264 266
14 218 219 221 225 228 232 234 236 245 247 252 254 263 265
15 218 220 223 224 228 230 231 234 237 238 246 250 251 256 266
24 219 221 222 224 230 232 233 234 235 236 238 239 242 246 249 251 252 253 255 259 260 261 265 267
28 215 216 218 219 220 221 223 224 232 233 234 235 237 239 240 243 244 245 249 250 251 253 254 258 263 264 266 267
25 216 217 222 223 224 228 229 231 233 235 237 240 241 243 245 246 247 249 252 254 255 256 259 265 267
35 215 217 219 221 222 223 224 226 228 229 231 232 233 234 235 237 238 239 240 242 243 244 246 247 248 251 254 256 257 258 261 262 263 264 266
19 215 218 219 223 224 234 236 240 241 242 244 248 253 254 256 259 261 264 265
34 214 215 217 218 220 221 222 223 224 225 228 229 230 233 234 237 238 240 241 243 245 246 248 249 252 253 256 259 260 261 262 264 266 267
28 216 218 222 224 225 226 227 228 229 230 231 232 235 238 240 242 244 245 246 247 248 249 252 258 259 261 265 267
23 217 218 222 223 226 229 230 231 233 234 235 239 240 241 244 248 249 250 251 252 256 257 267
13 216 217 221 224 229 230 231 241 243 245 260 262 263
25 214 215 218 219 222 223 227 228 230 231 236 240 241 243 247 248 249 251 252 254 255 256 257 259 264
18 214 216 218 220 223 225 227 229 231 241 243 245 247 250 254 256 257 258
19 215 217 219 220 224 229 233 237 239 240 241 243 244 248 256 259 261 264 265
16 217 218 221 224 228 238 240 244 249 252 257 258 260 261 265 266
22 214 217 219 222 223 224 226 229 233 236 237 240 247 248 251 252 253 255 257 259 260 264
16 216 217 227 228 235 237 243 247 251 255 258 260 261 264 265 266
26 214 215 217 219 220 221 223 233 234 236 237 239 241 243 250 251 253 254 255 256 257 260 262 263 264 266
5 230 234 249 262 267
14 217 218 223 225 238 244 246 247 248 251 255 259 261 264
29 214 215 218 219 220 221 225 226 227 230 232 234 236 238 239 242 244 248 250 251 253 257 258 260 261 262 263 264 266
37 215 216 217 218 219 221 222 224 226 228 231 234 235 236 237 238 239 240 241 244 246 247 248 249 250 253 254 255 256 257 258 259 263 264 265 266 267
11 215 216 232 236 239 241 242 245 250 252 253
15 217 220 222 224 228 229 235 236 241 245 246 248 260 262 266
5 215 222 225 236 254
7 225 227 235 238 254 257 265
18 214 216 219 223 224 226 228 229 231 232 244 247 252 253 258 259 264 267
15 215 218 220 223 225 232 234 235 245 249 251 255 256 261 264
11 214 217 220 226 229 232 235 237 249 250 260
27 215 217 218 220 221 222 223 225 227 232 234 237 239 240 241 242 245 246 247 248 253 254 257 258 261 263 264
17 216 221 225 228 230 231 233 239 245 246 247 252 255 258 262 266 267
17 214 226 227 228 229 231 238 239 240 248 252 253 254 257 259 262 266
27 214 216 219 224 226 228 229 230 231 233 235 236 238 243 244 249 250 251 252 255 256 259 260 262 265 266 267
18 215 216 217 219 221 223 227 228 231 233 234 237 238 251 253 255 264 266
20 216 219 221 226 228 231 236 239 244 247 248 249 253 255 256 257 258 263 264 267
15 214 215 221 222 223 224 232 234 240 241 244 245 252 254 263
13 215 219 224 234 240 241 242 244 253 259 261 264 265
9 219 221 223 233 234 237 251 255 264
3 215 236 254
3 231 246 255
6 235 245 248 252 261 263
12 214 220 225 229 232 233 242 243 245 252 260 261
21 214 215 218 219 220 221 225 226 227 230 232 234 236 239 242 248 251 258 261 262 266
27 215 216 217 218 219 221 222 231 234 235 236 237 238 239 241 246 248 250 254 256 257 258 259 263 264 265 266
10 219 223 224 234 236 241 244 248 259 265
17 215 222 223 227 231 236 240 243 247 249 251 252 254 256 257 259 264
11 217 232 233 242 244 252 255 257 261 264 267
18 216 218 219 224 232 233 234 235 239 240 243 249 250 253 254 258 266 267
18 215 218 220 221 225 227 232 234 239 242 245 246 253 254 257 258 261 263
8 214 220 235 245 248 252 261 263
21 214 218 220 221 222 225 228 229 230 237 238 241 246 252 253 256 260 262 264 266 267
6 214 220 235 245 261 263
12 215 221 223 224 225 229 232 240 241 245 252 267
9 215 222 224 227 241 244 248 260 266
17 219 222 230 232 233 235 236 239 242 246 249 251 253 255 259 261 265
15 214 219 226 227 229 235 239 240 241 243 247 248 253 259 262
10 214 219 220 226 234 243 249 254 256 267
17 215 219 222 223 228 234 239 242 246 248 250 252 256 261 264 266 267
24 216 217 221 224 226 229 232 233 234 235 237 244 245 246 250 253 258 260 261 262 263 265 266 267
10 216 223 229 235 244 250 257 262 266 267
7 225 234 235 249 251 256 261
11 214 219 220 227 234 237 243 249 256 258 267
14 216 217 223 226 229 233 235 238 239 240 250 253 259 261
12 216 219 223 224 229 235 238 244 248 257 266 267
7 222 224 228 236 241 248 262
17 216 217 222 229 231 233 237 240 241 243 245 246 249 252 254 256 267
10 215 217 224 229 237 241 243 256 261 265
3 237 246 255
20 217 218 222 223 226 229 230 231 233 234 239 240 241 244 248 250 251 252 256 257
10 218 219 220 226 233 236 239 246 248 249
13 226 227 231 232 236 239 244 247 250 251 258 263 265
3 231 237 249
12 215 216 218 224 235 238 241 244 248 257 262 266
10 217 220 235 236 241 245 246 248 262 266
7 238 244 247 251 255 259 261
14 218 222 223 229 230 231 233 239 240 241 244 248 249 267
19 214 219 221 226 227 230 234 236 238 239 250 253 257 258 261 262 263 264 266
18 214 216 221 224 225 228 232 236 238 245 246 247 253 254 261 262 263 264
10 218 235 236 238 245 249 253 257 260 267
7 215 217 226 240 263 264 266
16 214 219 220 221 232 236 237 242 245 254 255 259 263 264 265 266
30 214 217 220 221 222 225 227 228 230 231 234 236 237 239 240 242 245 246 247 249 251 253 254 258 259 260 261 263 264 265
22 214 215 217 218 221 222 224 228 229 233 234 237 238 240 243 246 252 256 259 262 266 267
12 217 221 232 233 242 245 252 257 261 263 264 267
20 216 218 219 220 232 233 234 237 239 240 243 245 249 253 254 258 263 264 266 267
10 215 221 222 225 229 234 240 241 252 263
7 220 227 230 249 254 256 267
19 214 217 225 226 227 228 229 231 236 238 241 242 246 255 257 259 261 262 265
6 224 229 230 241 260 263
10 218 224 228 230 231 234 246 251 256 266
10 215 216 219 223 224 229 235 250 252 266
16 215 216 219 220 221 233 239 240 243 244 245 249 250 253 254 263
15 216 217 226 230 233 235 238 239 240 242 250 253 258 259 261
13 217 219 233 234 236 237 241 243 254 255 262 264 266
15 215 217 218 220 221 232 241 245 247 253 257 258 261 263 264
11 216 221 225 228 230 233 239 247 252 255 266
14 216 221 228 231 233 239 245 246 247 252 255 258 262 267
13 226 227 230 235 236 239 242 247 254 256 259 262 264
13 218 221 228 238 240 244 249 252 257 260 261 265 266
14 215 218 219 224 236 240 242 248 253 254 256 259 261 265
8 214 220 223 225 227 229 233 252
10 216 217 221 229 230 231 243 245 260 263
10 214 215 216 222 223 225 229 243 246 251
12 215 216 218 219 223 229 235 241 248 250 252 257
20 216 218 222 225 226 227 228 231 232 235 238 240 244 245 246 248 258 259 265 267
2 236 254
7 214 217 220 229 235 237 260
19 214 218 219 222 226 230 231 235 238 239 240 243 244 246 247 251 260 261 265
11 219 220 224 229 233 237 240 243 244 256 264
15 218 220 222 223 232 237 241 242 246 248 253 254 257 263 264
12 214 222 227 231 235 236 238 245 253 255 257 267
21 216 217 220 224 225 226 229 232 233 234 239 244 245 246 250 253 258 260 263 266 267
11 215 216 217 219 221 223 227 228 253 255 266
2 249 262
12 223 227 230 232 233 242 243 245 251 252 260 261
12 217 222 224 229 235 236 241 246 248 260 262 266
17 219 221 222 226 228 229 232 235 237 246 248 254 256 258 262 264 266
8 217 223 225 238 246 247 248 264
13 217 223 226 229 230 231 233 235 239 240 248 249 250
26 215 217 219 221 222 224 228 231 234 235 236 237 238 239 247 248 249 253 254 255 256 258 259 263 264 265
16 215 216 218 219 223 229 235 238 244 248 250 252 257 262 266 267
3 219 222 265
7 223 232 234 251 255 256 264
12 216 217 223 229 230 233 235 238 240 242 253 261
5 227 235 238 254 265
27 214 215 217 218 220 222 223 225 228 229 230 233 234 237 241 243 246 248 252 253 256 259 260 261 262 264 267
8 218 220 232 233 236 237 247 259
4 234 249 262 267
12 221 222 224 228 229 233 240 257 262 263 265 266
10 218 222 227 231 235 236 238 245 255 267
9 220 222 227 243 244 248 256 257 264
20 214 216 219 226 228 229 230 231 235 236 238 244 249 252 255 259 260 262 265 267
7 215 218 220 233 236 251 266
3 215 222 236
22 215 217 218 220 222 223 224 225 228 234 237 240 243 245 246 252 256 259 260 261 262 266
8 226 228 237 244 262 263 264 266
24 216 217 220 225 226 229 232 233 234 235 237 239 242 245 250 253 258 260 261 262 263 265 266 267
10 226 227 235 236 239 244 247 251 257 258
15 219 226 227 229 240 241 243 247 249 253 258 259 260 262 265
15 218 222 223 229 230 231 233 234 239 240 244 249 250 251 257
12 218 226 231 238 242 246 249 250 253 257 259 262
15 218 221 225 226 230 232 234 238 239 248 250 251 260 262 266
28 215 217 219 221 222 223 224 226 228 231 233 234 237 238 239 240 243 244 246 247 254 257 258 261 262 263 264 266
15 217 220 221 225 226 234 237 238 242 244 246 253 258 261 266
14 216 217 220 226 237 238 239 242 250 253 261 262 265 266
2 224 259
14 217 221 224 233 237 241 243 244 246 247 250 260 263 267
19 219 220 226 227 232 234 236 237 239 242 245 247 248 254 256 259 262 264 267
13 215 220 225 227 242 253 254 257 259 262 263 264 266
3 224 239 259
5 225 227 235 254 265
14 214 220 223 227 229 230 232 233 242 243 245 260 261 262
9 214 223 225 230 242 243 245 251 252
6 222 227 238 243 251 263
9 218 220 222 236 242 245 248 251 255
21 214 217 222 225 226 227 228 229 230 231 236 242 246 247 248 252 257 259 260 262 265
19 221 222 224 230 232 233 234 235 236 242 246 252 253 255 259 260 261 265 267
23 215 216 218 225 227 228 231 232 238 239 241 242 244 245 246 250 254 256 258 261 263 265 266
17 214 218 219 222 223 227 228 230 231 236 241 243 248 252 254 256 264
28 215 218 221 222 224 226 228 234 235 237 239 240 241 244 246 247 248 249 250 253 254 255 258 259 263 264 265 266
15 217 219 224 229 233 237 239 240 241 243 256 259 261 264 265
16 219 226 227 231 232 235 236 239 242 244 247 250 251 257 258 263
18 218 219 220 232 233 235 237 239 240 244 245 249 250 251 258 264 266 267
4 222 230 236 265
7 214 226 237 249 254 256 267
4 222 225 236 254
19 217 222 226 227 228 229 230 231 241 242 247 248 252 255 257 259 260 261 265
20 214 217 222 225 226 227 228 231 236 238 241 242 248 252 255 256 257 260 262 265
7 214 226 227 230 237 249 267
14 214 219 223 224 226 229 231 232 244 247 252 253 259 267
10 217 222 224 229 236 241 245 248 260 262
9 216 221 231 239 246 247 255 262 266
13 214 219 228 229 233 235 236 249 251 255 256 260 265
5 222 227 238 251 263
10 214 216 226 228 229 244 252 253 259 264
10 217 221 224 228 238 257 258 260 261 265
10 215 218 220 222 233 236 242 251 255 266
17 218 220 226 230 233 236 238 239 242 246 248 249 250 253 256 257 259
8 224 229 230 231 241 243 245 263
24 214 215 218 219 220 221 225 226 227 230 232 234 236 238 242 248 251 257 258 260 261 262 263 266
13 217 222 225 226 229 230 231 238 246 247 252 256 260
10 215 216 219 221 223 237 238 253 264 266
18 215 217 218 220 221 222 227 234 240 241 242 245 246 254 257 258 261 264
10 216 227 228 235 247 251 255 258 261 265
12 214 226 227 231 238 239 240 248 252 257 259 266
17 216 218 220 221 225 227 239 242 244 245 246 250 256 258 263 265 266
22 217 220 225 226 227 228 230 232 233 234 237 239 240 242 243 245 246 251 256 260 261 265
3 224 239 250
11 221 225 228 230 242 246 252 254 258 262 266
11 217 220 224 228 229 235 245 246 260 262 266
11 214 218 220 232 233 237 240 244 249 251 259
2 234 267
12 218 223 224 228 230 231 234 237 238 246 250 256
12 224 229 233 237 239 240 241 243 244 256 264 265
29 214 217 221 222 225 226 227 228 230 231 234 236 237 239 240 242 243 246 247 249 251 254 255 258 259 260 261 264 265
20 218 219 223 226 230 231 232 233 237 238 240 244 247 251 252 253 254 255 257 261
13 217 222 223 231 235 237 240 241 243 247 255 256 259
15 215 219 221 226 234 236 238 244 248 257 260 262 263 264 266
21 214 221 222 223 226 229 232 233 234 235 239 243 244 245 247 248 249 250 260 261 265
15 217 218 222 229 230 231 233 239 240 241 251 252 256 257 267
11 217 218 223 225 246 247 248 251 255 261 264
17 217 219 221 223 233 236 241 243 250 251 253 254 256 260 263 264 266
13 215 216 219 224 229 235 238 244 250 257 262 266 267
12 221 223 225 226 228 230 232 234 242 251 254 258
14 218 230 231 233 236 238 239 246 250 253 256 257 259 262
6 220 235 241 252 261 263
8 224 228 229 235 241 248 262 266
8 225 227 232 245 252 260 261 262
17 214 219 222 224 226 229 236 237 240 247 251 252 253 255 259 260 264
9 217 221 232 242 257 261 263 264 267
9 215 218 236 242 245 248 251 255 256
14 217 222 223 226 230 233 234 240 244 251 252 256 257 267
13 217 218 221 224 228 238 240 244 257 258 260 261 265
8 221 224 229 230 241 243 245 263
11 220 223 228 231 234 237 238 246 250 251 256
4 237 246 249 255
14 216 219 231 232 235 236 239 250 251 254 255 257 258 265
10 214 226 235 239 243 247 248 249 260 262
13 216 217 224 237 241 242 243 244 246 247 250 260 267
14 215 218 219 234 240 242 244 248 253 254 256 259 261 264
3 249 251 255
9 215 220 222 224 227 241 243 262 267
4 227 235 254 265
10 215 220 222 227 243 244 248 260 262 264
17 218 224 225 226 227 230 231 235 238 244 245 249 252 259 261 265 267
3 230 249 267
16 214 215 220 225 226 227 230 232 234 238 239 242 244 248 251 261
8 214 235 241 242 245 248 252 263
8 215 232 241 242 245 250 252 253
14 222 224 225 226 228 229 232 244 247 248 252 261 265 267
9 215 218 220 222 233 242 255 256 266
11 218 219 221 225 228 232 234 236 254 263 265
22 216 220 221 225 226 232 233 234 235 237 238 239 242 244 246 250 253 258 260 261 263 267
8 218 223 224 230 231 237 246 266
17 216 217 220 221 224 225 232 234 235 237 238 244 253 261 262 265 266
16 214 217 225 227 228 230 236 241 246 247 248 252 255 260 262 265
27 215 216 218 219 221 222 224 226 234 235 237 239 240 241 244 246 247 248 250 254 256 258 259 264 265 266 267
13 216 223 226 230 232 234 242 247 250 251 252 258 263
19 214 217 222 225 229 230 231 236 238 241 242 247 248 252 256 257 259 261 262
17 215 220 221 222 223 232 234 237 239 246 247 248 253 254 258 261 263
14 215 216 218 223 224 237 240 243 245 249 250 253 263 266
21 216 219 224 228 229 231 233 235 236 243 244 249 250 251 252 256 259 262 265 266 267
13 215 218 220 223 225 232 234 235 245 251 255 256 264
9 214 218 232 233 240 244 247 251 259
13 214 219 227 229 235 241 243 249 253 258 260 262 265
13 218 229 230 232 236 243 244 246 247 249 254 260 262
14 215 216 220 224 225 227 236 253 255 256 258 259 263 264
22 214 216 219 221 224 227 228 232 237 238 243 245 246 247 253 254 255 258 259 261 265 266
6 225 227 238 254 257 265
12 222 225 226 230 236 240 244 247 257 262 265 267
18 217 218 229 230 231 233 235 239 240 241 248 249 250 251 252 256 257 267
11 217 218 225 238 244 246 247 248 255 261 264
9 219 226 235 241 247 248 253 259 265
17 215 218 221 228 231 232 235 238 239 242 246 250 254 261 263 265 266
13 221 227 230 234 235 237 238 239 241 254 257 260 262
6 216 241 242 245 250 252
15 214 223 224 226 229 233 237 247 252 253 255 257 259 260 264
9 217 221 232 233 242 252 255 261 264
10 215 217 223 228 231 234 237 238 253 255
4 230 234 262 267
15 216 218 220 225 227 230 241 245 249 252 253 255 259 265 267
14 221 225 228 231 233 245 246 247 252 255 258 262 266 267
11 215 217 224 229 233 239 240 241 248 259 264
10 217 221 244 245 252 255 261 263 264 267
13 219 226 227 231 232 236 239 242 244 247 254 258 265
3 215 222 225
18 219 222 223 226 234 239 242 246 248 250 252 253 255 256 258 261 264 266
17 219 226 227 231 235 236 239 242 244 247 250 254 255 257 258 263 265
2 224 250
8 218 223 238 244 248 251 255 264
4 215 222 225 254
27 215 216 218 219 221 222 224 226 228 231 234 235 236 237 241 244 247 248 249 250 254 256 257 258 265 266 267
12 222 232 233 238 242 246 249 251 252 260 261 267
12 214 222 227 235 236 238 245 249 253 257 260 267
14 214 215 221 222 223 224 229 232 234 241 245 252 263 267
7 219 225 228 232 247 254 263
14 214 222 224 227 241 243 244 248 256 260 262 264 266 267
19 214 220 221 224 227 228 236 237 242 245 246 247 253 254 258 259 262 264 266
12 216 221 232 233 245 252 255 257 261 263 264 267
9 214 219 220 226 227 230 249 256 258
13 217 219 222 226 229 237 240 248 253 257 259 260 264
2 224 259
20 220 223 225 227 232 234 239 240 242 245 246 247 248 253 254 257 258 261 263 264
13 214 215 224 227 241 243 244 248 256 257 260 262 266
15 219 226 227 229 235 239 240 241 247 248 249 253 258 260 265
21 218 219 225 226 230 234 236 239 242 244 248 251 253 257 258 260 261 262 263 264 266
9 228 235 237 247 255 258 264 265 266
12 216 228 230 231 239 245 246 247 252 255 258 262
12 214 215 216 223 225 229 231 233 241 246 255 263
14 214 215 221 222 223 225 232 234 240 244 245 252 254 267
13 215 219 222 223 228 234 239 246 248 252 261 266 267
8 218 224 228 238 244 249 252 258
21 214 217 222 225 226 227 228 229 230 231 236 241 242 246 247 252 255 257 260 261 265
14 218 219 233 236 238 242 246 249 250 253 256 257 259 262
10 217 228 237 240 244 248 262 263 264 266
16 226 229 230 231 233 235 236 238 244 250 252 259 260 265 266 267
9 221 223 229 232 234 241 244 263 267
21 215 217 220 221 223 227 232 234 237 239 240 241 245 246 253 254 257 258 261 263 264
14 215 216 219 223 224 235 238 241 244 248 250 262 266 267
19 217 219 220 222 234 236 243 245 247 249 250 252 253 255 256 262 264 265 266
36 216 217 218 219 220 221 224 225 226 227 228 230 232 234 235 237 239 240 241 242 243 246 248 249 251 252 255 256 258 260 261 262 264 265 266 267
21 218 226 227 228 230 231 233 237 239 240 243 245 246 247 248 249 251 257 259 262 267
33 214 218 219 220 221 222 225 227 230 233 234 235 237 238 241 243 244 245 246 247 248 249 250 254 255 257 258 259 260 262 265 266 267
29 214 217 218 219 222 223 226 227 228 229 231 232 233 234 236 238 241 242 243 245 248 251 257 258 262 263 264 265 266
35 214 215 216 217 219 220 221 222 223 225 226 227 228 230 231 232 233 235 237 240 241 244 245 246 247 248 250 252 254 258 261 262 263 265 266
25 214 217 220 221 225 227 230 231 233 234 237 238 239 240 241 242 243 247 248 252 258 263 265 266 267
29 214 215 218 220 223 224 225 226 229 230 231 234 237 238 239 240 241 242 246 249 251 253 255 256 260 262 264 265 266
25 214 215 216 220 222 223 224 227 230 232 235 240 241 243 248 251 256 257 258 259 260 262 265 266 267
27 216 217 219 221 222 224 226 227 228 229 230 231 234 237 240 241 244 245 247 249 257 259 262 264 265 266 267
32 216 217 222 224 226 227 229 230 231 232 233 234 236 237 239 240 242 245 246 248 249 251 252 253 254 255 256 257 258 259 266 267
32 214 215 220 224 225 226 230 231 232 233 234 235 237 239 240 242 244 245 247 248 250 251 252 253 254 255 257 260 262 264 265 266
31 215 216 217 219 221 222 225 226 229 230 231 232 235 237 238 240 243 244 247 248 249 254 257 259 260 261 262 263 265 266 267
22 214 215 216 220 224 225 229 232 235 236 239 242 250 251 253 255 258 259 261 263 264 267
27 214 215 218 219 221 223 224 225 226 227 228 233 234 237 238 239 242 243 244 245 251 255 257 260 261 264 266
17 215 220 223 224 230 233 234 237 240 241 250 252 255 259 261 263 265
19 220 222 225 230 232 233 236 241 242 244 246 247 255 256 258 260 262 264 266
21 214 220 221 224 230 231 232 234 235 238 240 241 242 244 248 251 252 256 259 261 264
24 214 220 221 223 224 225 226 229 232 234 235 237 239 242 244 245 250 252 254 255 258 261 265 267
28 214 215 216 217 218 220 221 222 224 225 240 241 242 243 246 250 251 252 254 255 256 257 258 259 263 264 266 267
32 214 215 217 219 220 221 222 223 224 225 227 228 230 231 233 234 235 236 238 239 243 244 246 247 248 251 253 254 258 261 264 266
18 215 216 218 219 224 227 228 230 234 244 246 247 251 252 256 257 261 264
27 216 217 221 224 225 227 230 231 234 237 238 239 240 241 242 245 246 248 250 255 256 257 260 263 264 265 266
22 216 217 218 221 222 227 229 230 231 233 234 237 240 243 248 249 257 258 262 263 264 266
26 215 216 224 225 226 227 228 229 233 237 238 240 242 243 244 246 247 250 251 252 255 256 257 258 260 264
32 215 216 217 218 219 222 224 225 226 227 228 229 231 234 235 236 237 238 241 242 245 247 249 251 253 254 256 257 258 259 260 261
24 214 220 221 222 227 229 230 231 234 235 237 238 239 240 241 248 251 252 253 254 255 259 261 265
33 214 216 217 221 222 224 227 228 229 230 231 232 233 235 236 237 238 242 243 245 247 248 250 251 252 253 255 256 257 258 259 260 261
32 214 216 220 222 223 227 229 230 231 232 234 235 236 237 238 239 241 242 243 244 246 247 248 251 252 254 257 260 261 262 265 266
29 214 215 218 219 224 225 230 232 233 234 235 236 238 239 240 241 242 245 246 247 248 251 252 253 254 255 259 262 266
32 216 218 219 220 222 223 225 228 231 234 235 236 238 241 242 243 244 245 246 247 249 250 251 252 255 256 257 258 259 263 264 266
31 215 216 217 218 219 220 221 222 224 225 231 232 236 237 239 241 242 244 245 247 249 251 252 253 254 256 259 260 261 263 266
23 214 218 220 221 222 225 227 230 231 233 236 237 238 241 246 250 257 258 259 261 262 265 266
35 216 217 219 220 222 223 226 227 228 229 231 232 234 235 236 237 240 241 242 243 245 247 248 249 251 252 253 255 256 257 259 260 261 265 266
36 214 217 218 220 221 222 223 225 226 227 228 229 230 232 235 237 238 241 244 245 246 247 248 250 251 252 254 256 257 258 260 263 264 265 266 267
34 215 218 219 220 221 224 225 227 229 230 232 233 235 236 237 238 239 240 241 243 244 246 247 249 250 252 254 255 257 259 261 262 263 265
27 215 216 218 219 222 225 227 229 231 232 235 237 240 243 245 247 248 249 250 251 252 254 257 260 261 262 266
36 214 215 216 217 218 219 221 222 224 226 227 228 229 230 231 233 235 236 238 241 243 244 246 250 252 256 257 258 260 261 262 263 264 265 266 267
20 217 218 222 225 230 231 237 238 239 241 242 251 253 254 256 258 262 264 266 267
35 214 216 218 219 220 221 222 223 224 226 228 229 230 231 232 234 235 236 237 238 239 240 241 243 248 250 251 252 254 257 258 259 264 266 267
33 215 216 217 218 220 225 228 229 230 237 238 239 240 241 242 244 246 247 248 249 250 251 252 254 255 257 258 259 261 262 263 266 267
22 214 215 216 218 220 223 227 230 232 233 235 241 242 244 247 249 251 256 257 258 259 265
21 217 219 220 221 222 225 226 229 230 231 233 235 237 238 241 242 243 248 253 261 266
34 215 220 221 222 225 226 227 228 230 231 234 235 236 237 240 241 242 243 244 246 247 248 250 251 252 253 255 257 258 259 263 264 265 267
29 214 215 217 221 222 223 225 226 228 230 232 233 235 236 237 238 239 249 251 254 255 256 257 260 261 263 264 266 267
31 215 216 218 219 224 226 227 228 231 234 235 237 239 240 241 243 244 245 246 247 248 249 250 253 254 255 256 257 262 265 267
31 214 215 216 217 219 221 222 225 227 228 229 231 234 239 240 245 246 247 248 249 250 252 253 254 257 261 262 263 264 265 267
23 214 216 217 218 220 221 225 229 232 234 239 240 244 245 247 248 249 250 251 252 257 258 264
19 214 215 218 232 233 234 239 244 247 249 250 252 253 256 257 261 262 264 265
18 214 215 217 219 223 224 228 229 232 236 238 240 241 248 256 259 260 264
19 214 217 222 231 232 237 238 242 245 247 248 254 256 257 259 260 264 266 267
34 215 216 220 221 222 224 225 226 227 231 235 236 238 239 240 241 242 243 244 245 249 250 252 253 254 256 257 259 261 262 263 264 266 267
19 214 216 221 223 227 228 229 231 233 238 241 242 244 245 247 255 256 258 267
17 215 220 223 225 227 229 233 234 236 238 240 244 246 258 259 262 263
21 214 219 221 222 225 230 232 233 235 237 245 246 248 249 251 252 254 255 257 260 266
32 214 215 217 218 219 221 222 223 231 232 233 234 236 238 239 242 243 246 249 252 253 254 255 256 258 259 260 261 262 263 264 267
34 217 219 220 221 226 227 228 229 231 234 235 236 237 238 239 240 241 242 243 245 246 247 248 251 252 255 258 259 260 261 263 265 266 267
19 215 217 219 221 230 231 232 234 239 241 244 246 249 251 253 255 258 262 266
19 214 215 224 225 230 232 233 238 241 246 249 250 253 256 258 260 261 262 264
30 214 216 217 218 222 224 227 229 230 232 233 236 239 240 241 242 244 245 247 248 249 250 251 256 260 261 264 265 266 267
33 214 215 216 217 221 222 223 225 227 228 229 230 231 234 235 240 241 242 244 248 249 250 252 254 255 256 257 259 262 263 264 265 267
26 214 215 216 218 222 223 224 226 232 233 235 236 240 241 244 245 246 247 249 251 257 259 260 264 265 267
36 215 217 218 219 222 223 227 229 232 233 234 235 236 237 238 239 240 241 242 243 244 245 247 250 253 255 256 257 258 259 260 262 263 264 265 267
20 215 220 223 227 229 232 237 239 244 245 246 248 249 251 253 256 259 260 264 265
20 214 215 216 220 223 224 226 228 232 234 235 238 240 246 248 250 252 253 260 261
31 214 217 218 219 220 223 225 226 227 228 229 230 232 235 236 237 238 239 240 242 243 245 253 254 258 259 261 262 263 266 267
17 215 216 218 219 220 222 226 242 243 244 245 253 254 256 258 259 266
37 214 215 216 217 221 222 223 224 226 227 228 229 231 233 234 235 236 237 238 240 241 242 243 247 249 250 255 256 258 259 260 261 263 264 265 266 267
20 217 219 221 222 226 227 228 229 235 238 242 245 249 254 255 257 258 265 266 267
20 215 221 224 225 226 227 228 233 234 235 237 239 248 253 254 257 260 261 266 267
29 214 217 221 222 223 224 225 227 229 234 235 237 238 239 241 243 246 247 250 251 252 253 254 256 257 261 263 266 267
17 214 224 225 233 236 237 239 249 251 252 253 254 259 263 264 266 267
22 214 216 220 221 222 223 224 225 230 231 236 242 244 245 246 248 255 257 259 260 266 267
33 214 216 217 218 220 221 222 224 226 227 229 230 231 232 238 243 245 247 248 249 250 252 254 255 256 258 259 261 262 263 264 265 266
26 216 217 218 221 222 227 231 232 236 237 239 241 242 244 245 250 251 254 255 256 257 258 259 262 263 266
27 215 216 217 218 221 222 223 224 228 229 231 234 238 240 241 243 246 247 250 252 255 256 257 259 260 263 267
36 214 216 217 219 220 221 222 223 224 225 227 228 230 231 232 234 237 238 240 241 242 243 244 245 246 249 251 252 255 256 258 259 261 262 263 267
25 217 219 220 221 222 225 226 229 233 234 236 237 238 241 243 247 248 249 250 252 253 260 261 263 265
35 214 215 216 217 218 221 222 223 226 228 229 230 232 233 234 237 238 239 241 247 248 249 250 251 252 253 254 255 258 259 263 264 265 266 267
33 214 217 218 220 223 224 226 227 228 231 234 235 236 237 238 240 241 242 243 246 247 252 253 256 257 258 260 261 262 263 265 266 267
33 214 215 217 218 219 222 223 225 226 228 230 234 235 236 237 240 242 244 246 248 251 254 255 256 257 258 259 260 261 262 263 264 266
31 214 218 219 220 221 223 224 227 229 230 231 232 233 235 236 237 239 240 242 244 245 246 248 252 254 255 257 264 265 266 267
32 214 216 217 218 219 223 224 225 227 228 229 231 232 233 234 239 240 241 242 243 244 246 247 249 252 253 256 257 258 263 264 265
36 214 215 216 217 218 219 220 221 222 224 225 226 227 230 231 233 234 237 240 242 243 245 246 247 248 249 251 253 258 259 260 261 262 264 266 267
28 214 216 217 220 221 222 225 227 229 230 231 232 235 239 241 242 244 247 249 253 254 255 256 257 258 260 262 265
36 214 216 218 219 220 221 223 224 225 226 227 228 229 231 233 234 235 236 238 240 242 244 247 248 249 250 251 252 253 254 256 257 261 263 264 267
21 215 216 217 220 221 231 233 235 241 247 251 252 255 256 258 259 261 262 263 265 267
34 214 215 217 218 220 222 223 224 225 228 229 231 232 233 238 242 243 244 245 246 247 250 251 252 253 254 256 257 258 259 262 263 265 267
20 216 220 222 223 226 229 231 232 235 242 246 249 250 253 256 258 259 261 264 266
31 215 220 221 223 226 229 232 233 234 236 237 240 241 244 245 247 248 249 251 252 253 254 255 256 257 258 259 260 261 262 267
17 214 217 219 225 230 231 232 238 243 247 251 254 259 260 262 265 267
29 217 220 221 222 223 224 225 226 227 228 229 230 231 232 238 240 242 243 246 247 249 251 252 254 255 256 262 264 265
29 214 216 217 218 219 223 224 225 231 232 233 236 237 239 240 241 242 244 245 246 247 248 251 254 256 258 259 265 267
29 215 216 217 218 219 220 223 224 226 229 230 231 232 233 234 235 236 238 239 240 246 248 249 252 254 255 263 264 267
33 214 215 218 219 220 221 222 223 224 226 227 228 230 231 232 234 235 236 238 240 247 248 249 250 251 252 254 255 257 259 261 264 265
17 215 217 220 221 223 226 231 232 239 247 254 255 257 258 261 265 266
22 215 217 218 219 220 223 224 231 237 239 240 242 243 244 246 247 248 249 250 251 259 261
35 214 216 217 218 221 222 223 226 227 228 229 230 231 232 234 237 240 241 242 244 245 247 249 250 251 252 253 254 255 256 257 258 259 262 266
26 214 215 216 221 223 225 227 228 232 233 234 236 241 243 244 247 248 249 250 254 257 258 259 261 264 266
34 215 217 219 220 223 225 226 227 228 229 230 231 232 235 236 238 239 240 241 242 243 244 245 247 249 250 251 252 254 256 257 261 262 267
24 214 216 217 222 225 229 230 231 232 234 235 236 237 239 241 244 249 257 258 261 262 264 265 266
26 215 216 218 220 221 222 223 224 226 229 230 233 234 239 241 242 243 245 248 250 251 255 258 260 265 267
21 214 220 222 223 224 225 228 229 233 234 238 239 243 246 250 251 253 255 259 266 267
28 214 217 218 219 222 223 224 225 229 235 237 238 239 240 241 243 244 245 249 251 252 253 254 256 259 260 264 265
18 216 222 227 229 231 234 235 237 240 241 242 251 253 256 260 261 263 264
28 214 218 222 223 224 226 228 229 235 236 238 242 243 244 245 246 248 249 253 254 255 256 258 259 261 264 265 266
27 214 217 218 219 221 222 226 227 228 229 230 231 233 234 235 236 241 243 244 247 249 250 251 252 261 263 265
36 215 216 217 218 219 221 222 223 224 226 227 231 232 233 235 237 239 240 241 245 246 248 249 250 251 252 254 256 257 259 260 262 263 264 266 267
23 214 217 219 220 221 223 228 231 232 233 234 235 240 242 243 252 253 255 256 258 261 262 266
29 214 216 217 222 224 227 228 232 233 235 236 237 238 240 248 249 250 251 253 254 255 256 257 258 260 261 262 263 265
17 220 225 227 228 229 231 234 235 240 241 242 248 253 260 263 265 266
30 219 220 221 222 225 226 228 230 232 233 234 235 236 240 243 244 245 248 249 250 253 256 258 260 261 262 263 264 266 267
29 214 216 217 218 220 221 222 227 228 229 231 232 235 237 241 242 244 245 246 247 249 251 258 261 262 264 265 266 267
28 214 217 220 223 224 226 228 229 231 234 236 237 239 240 241 243 247 251 253 256 257 259 261 263 264 265 266 267
34 214 215 216 217 220 221 222 224 225 227 230 232 234 235 238 240 242 244 245 246 250 251 252 255 256 257 258 259 260 261 262 265 266 267
22 214 219 221 222 224 225 227 229 233 242 244 245 247 249 252 253 257 260 261 263 266 267
24 214 215 217 222 225 227 228 230 233 234 235 236 238 239 244 245 249 252 253 258 263 264 266 267
36 215 216 218 219 220 221 222 224 225 226 227 228 229 230 231 232 233 234 236 237 239 240 243 245 246 247 249 251 253 258 259 262 263 265 266 267
17 214 218 220 222 226 228 230 232 237 238 241 251 252 253 257 260 263
16 214 216 222 223 224 226 227 228 231 235 242 245 246 248 250 257
32 214 216 217 218 220 222 224 227 228 229 230 233 234 235 236 237 240 241 244 246 247 248 249 250 255 256 257 258 259 262 264 267
35 215 216 217 221 222 223 224 225 226 227 230 234 235 237 239 240 241 243 245 247 248 249 250 251 253 254 255 256 257 258 260 261 262 265 266
37 214 215 216 218 219 221 222 224 226 229 230 232 233 235 237 238 240 241 242 243 245 246 247 248 249 252 254 255 256 257 258 259 261 262 263 265 267
30 215 216 220 224 227 230 232 233 234 237 238 239 242 244 245 246 247 248 251 253 254 255 256 257 259 260 261 262 263 264
21 214 223 224 228 233 238 239 241 243 248 250 251 254 255 259 260 262 263 265 266 267
36 214 217 218 219 221 222 224 225 226 229 230 231 232 233 235 236 241 242 243 244 245 246 248 249 252 254 255 256 257 258 259 260 261 264 266 267
17 215 217 220 221 223 224 228 233 234 242 244 245 247 253 258 261 266
18 216 217 218 222 223 224 225 232 233 234 235 241 244 246 248 252 256 264
27 214 217 220 221 223 227 228 230 231 232 233 234 242 243 244 246 247 249 250 251 252 255 258 260 263 265 267
37 214 216 218 219 220 221 222 223 224 225 227 229 230 231 233 234 236 238 239 240 241 243 244 245 247 249 250 251 252 253 257 260 261 263 264 265 267
26 216 217 218 219 220 223 224 225 226 227 228 230 231 238 239 246 247 248 249 252 253 256 262 264 265 266
26 215 216 217 218 220 222 223 226 230 231 233 235 236 238 244 245 246 249 250 253 254 257 260 262 264 267
30 214 215 216 218 221 222 223 224 225 227 228 229 230 233 234 237 238 243 244 245 247 249 251 253 255 257 258 259 261 267
37 214 215 217 218 219 220 222 225 226 229 231 232 236 237 239 240 243 244 246 247 248 249 251 252 253 254 255 256 257 258 259 260 261 263 264 266 267
20 219 221 222 226 227 230 232 235 237 240 241 243 248 251 253 254 256 261 264 267
17 216 217 219 221 226 230 231 235 236 238 240 253 254 259 261 264 267
21 221 222 225 226 228 233 235 238 239 241 243 244 245 246 254 255 256 259 263 264 267
26 217 218 219 220 224 225 226 228 229 231 233 234 235 236 237 242 244 245 246 249 251 253 260 261 262 263
31 215 217 218 219 220 221 222 223 224 226 227 228 229 230 232 236 237 238 239 240 241 243 248 249 250 255 257 259 262 264 265
22 214 223 225 226 229 230 231 232 233 234 235 240 241 242 243 244 249 250 253 256 261 263
19 215 218 222 223 224 227 229 237 239 242 243 245 249 252 254 255 257 263 266
26 218 219 221 228 229 230 231 233 234 235 236 238 239 242 244 245 247 250 251 253 255 257 260 261 264 266
35 214 217 218 219 220 221 224 226 230 231 232 233 234 235 236 237 238 240 244 245 246 247 250 253 255 256 257 258 259 262 263 264 265 266 267
26 214 215 216 219 224 225 226 227 232 233 234 235 237 241 243 247 249 251 253 254 257 259 260 261 262 265
25 214 216 217 219 222 224 225 226 227 229 230 233 234 239 241 243 246 252 254 257 262 263 264 265 267
24 214 218 221 227 229 231 232 233 234 236 237 239 241 248 250 253 254 255 256 257 258 263 264 266
26 214 215 217 218 219 220 224 225 226 229 232 237 238 239 242 243 244 247 248 250 251 260 261 265 266 267
37 215 217 218 221 223 225 226 227 229 230 231 232 233 234 235 236 237 238 239 240 243 246 247 248 249 251 252 253 254 255 256 257 260 263 264 265 266
29 214 215 216 219 222 223 224 225 227 231 232 233 238 239 240 241 247 248 249 251 254 255 258 259 260 264 265 266 267
32 214 215 218 219 220 224 226 229 231 232 233 237 240 242 243 244 245 246 247 248 249 251 252 254 255 258 259 260 261 263 264 265
33 215 216 218 219 222 224 225 227 230 233 234 236 238 241 243 244 245 248 249 250 252 253 254 256 257 258 259 260 262 263 264 265 267
25 214 215 219 222 223 225 228 230 231 233 239 240 241 242 244 246 257 258 259 260 262 263 264 265 266
25 219 220 221 224 226 227 229 232 235 236 238 239 243 246 250 252 255 256 258 259 260 262 265 266 267
34 214 216 218 219 221 222 223 224 226 227 228 229 231 232 233 234 235 237 240 241 243 244 245 248 251 252 253 255 256 258 260 262 265 266
28 215 219 221 222 223 225 226 229 231 232 235 237 239 241 242 244 246 247 250 252 254 255 260 261 262 264 265 266
35 215 216 217 219 220 222 223 224 225 227 231 232 233 234 241 242 243 244 248 249 250 251 253 254 256 257 258 260 261 262 263 264 265 266 267
22 217 218 219 223 231 235 237 239 244 245 246 247 249 251 252 253 257 258 261 263 264 266
32 214 216 217 218 220 222 224 225 227 229 231 232 234 235 236 242 244 246 247 248 249 251 253 254 255 257 259 262 263 264 265 266
35 214 216 217 218 223 227 228 231 233 234 235 236 239 240 241 243 244 245 246 247 248 249 250 251 252 253 254 255 257 258 260 262 264 266 267
18 215 219 221 223 226 228 229 230 231 234 237 240 241 244 249 250 262 263
22 216 217 219 221 222 223 229 231 233 237 238 240 250 252 254 256 258 259 261 262 264 267
20 214 215 218 221 222 223 227 228 229 233 235 240 245 246 247 248 253 254 256 258
35 214 216 217 220 221 222 224 225 226 227 230 231 232 235 236 238 239 240 243 244 245 246 247 249 250 251 252 253 254 256 257 259 260 266 267
26 219 220 222 223 225 226 228 230 232 233 235 238 239 240 243 244 247 248 249 250 251 252 254 255 263 264
36 214 215 216 217 218 219 220 222 223 224 225 226 227 228 230 236 237 238 240 242 243 244 247 248 251 252 253 255 256 258 260 261 262 263 264 266
28 214 217 218 222 223 224 225 226 229 230 234 239 242 243 245 246 248 249 250 252 253 254 256 257 261 262 263 264
20 214 215 220 221 222 223 226 227 230 231 235 242 244 245 247 248 249 254 260 266
18 216 220 221 223 224 226 229 230 231 239 241 243 245 253 254 256 262 265
34 215 217 218 219 220 222 223 224 225 226 227 228 232 233 234 239 242 243 246 248 251 252 253 254 255 257 258 259 260 262 264 265 266 267
33 214 216 217 218 219 221 223 225 227 228 232 234 235 238 239 241 242 243 244 245 248 251 252 253 254 256 258 259 263 264 265 266 267
27 214 215 220 223 224 225 227 229 230 231 235 239 240 242 243 244 246 247 250 251 253 258 260 263 264 266 267
30 215 216 217 219 220 221 222 223 225 227 229 232 233 234 236 239 240 243 244 250 251 252 254 255 256 258 259 262 263 265
30 214 215 217 219 220 222 223 227 229 231 234 235 240 241 242 244 246 247 249 250 251 252 253 254 255 257 261 262 263 265
19 215 218 222 226 228 229 230 232 233 234 235 236 237 240 241 250 257 261 264
27 214 217 220 221 222 225 229 230 232 233 234 236 237 244 245 248 249 251 255 256 257 258 260 261 262 263 265
37 214 216 217 218 219 221 222 224 225 226 227 229 231 233 235 236 237 238 239 242 244 246 247 249 250 251 252 254 255 257 258 260 263 264 265 266 267
29 217 218 219 220 221 223 225 227 229 232 233 234 235 236 237 238 241 244 245 247 249 251 252 253 256 258 260 261 264
20 214 215 217 218 220 221 223 226 229 230 231 232 233 239 242 247 257 258 261 263
25 215 217 219 220 223 224 226 227 228 230 231 232 240 241 242 244 246 247 249 256 258 261 264 266 267
20 215 216 220 222 223 228 229 230 232 233 234 239 241 247 250 251 252 255 260 261
27 215 216 219 220 223 226 227 229 230 235 236 237 239 242 243 245 246 247 248 252 258 259 261 262 264 266 267
35 215 216 220 221 222 223 224 225 226 227 229 231 233 234 236 237 238 240 243 244 245 246 247 249 250 251 255 259 260 261 262 263 264 265 266
29 214 217 219 220 223 224 225 226 228 230 231 232 233 237 239 240 243 244 248 254 256 258 259 260 262 263 264 265 267
33 214 215 216 218 219 220 221 222 223 224 225 226 227 228 232 233 237 238 239 241 242 245 246 250 253 255 256 257 260 261 263 264 266
32 215 216 217 219 220 222 223 224 226 228 230 233 234 235 237 239 240 243 244 246 248 249 250 251 253 254 255 256 260 262 265 266
17 214 217 223 224 228 230 234 235 237 239 240 244 250 253 254 263 266
24 216 217 218 219 222 225 226 230 231 234 238 240 242 245 247 251 252 253 254 255 256 259 262 264
31 214 217 218 221 222 224 226 227 228 231 232 233 234 239 240 241 242 244 247 248 249 250 251 252 253 254 258 260 262 263 266
35 214 215 217 218 219 220 221 222 223 224 227 228 229 230 232 236 238 239 242 243 244 245 249 251 252 253 256 258 259 260 261 262 263 265 266
30 214 215 218 219 220 221 224 227 228 230 231 232 233 234 235 236 237 238 240 243 245 248 250 252 256 257 258 259 264 265
21 216 217 219 221 225 226 227 230 232 236 237 241 247 248 251 258 259 262 264 266 267
36 214 215 216 218 221 223 225 227 228 230 231 232 233 234 237 240 242 243 244 245 246 248 249 250 251 252 255 256 257 258 260 261 262 264 265 266
28 216 217 220 221 223 228 229 230 231 232 234 235 237 239 240 242 246 247 253 254 256 260 261 262 263 264 265 267
25 215 216 218 220 222 223 225 228 234 235 236 238 240 247 250 251 253 254 257 258 259 260 262 264 267
25 216 217 218 219 221 227 229 231 232 235 239 242 243 247 249 252 253 254 255 256 261 262 264 266 267
34 214 216 219 220 221 222 223 224 225 228 229 230 231 236 237 239 242 244 246 247 248 250 251 254 256 257 259 260 261 262 264 265 266 267
32 215 217 218 219 220 223 225 226 228 229 230 231 236 237 239 240 241 246 248 251 252 253 254 255 256 257 261 262 263 264 265 266
33 216 218 219 220 223 225 226 227 228 229 231 233 234 236 238 239 241 243 245 246 248 249 250 253 254 255 256 259 260 261 262 264 267
28 218 219 221 222 223 224 225 226 228 229 230 233 234 236 241 243 246 247 248 250 254 257 258 259 262 263 264 265
19 216 218 220 222 226 229 230 235 237 241 242 243 256 258 259 262 264 265 267
26 215 216 218 219 223 225 228 231 234 235 238 240 244 245 247 250 252 253 254 256 257 258 259 260 265 267
20 214 215 216 221 223 224 228 232 233 234 240 241 244 245 251 256 257 262 263 267
37 214 218 220 221 222 223 225 228 229 230 232 233 234 235 236 237 240 241 242 244 245 246 247 249 250 251 252 254 255 256 258 259 260 261 262 263 267
20 215 217 219 221 223 224 227 229 230 233 234 238 241 242 243 251 252 254 257 259
32 214 215 216 218 220 223 224 226 227 229 230 231 234 235 236 237 239 240 242 243 245 246 247 248 249 255 257 258 261 264 265 267
35 214 216 217 221 225 226 228 230 232 234 236 237 238 239 240 242 244 246 247 249 250 251 252 253 254 255 256 257 258 260 261 262 263 264 265
23 216 217 222 224 226 237 239 240 241 242 247 248 249 250 253 256 258 260 261 262 264 265 267
27 214 218 220 221 223 225 227 228 231 233 236 242 246 247 248 249 250 251 252 255 256 259 260 263 265 266 267
20 214 216 223 227 228 229 230 233 240 242 245 247 248 250 254 255 257 263 264 266
24 215 216 219 221 222 223 226 227 228 230 231 232 233 237 245 246 247 249 250 252 255 256 258 262
19 217 219 225 226 228 237 245 246 249 251 252 253 255 258 261 264 265 266 267
23 214 215 217 220 222 224 225 227 228 230 232 240 242 243 249 250 253 254 258 263 264 265 266
22 216 224 225 228 231 234 237 238 239 240 244 246 247 249 251 252 253 258 259 263 264 266
18 214 217 219 220 221 224 237 240 241 243 244 246 249 252 256 257 262 267
21 221 223 228 232 233 234 235 236 237 239 242 243 245 250 253 254 255 257 261 264 267
25 215 220 221 223 224 225 226 227 228 229 232 235 238 239 240 246 248 249 250 255 257 258 259 262 264
18 215 226 230 238 241 242 244 245 246 248 250 251 253 254 256 258 265 267
26 215 218 219 226 228 229 230 232 233 235 237 244 245 246 250 251 253 255 256 258 259 260 261 263 266 267
24 215 216 219 221 223 229 232 233 234 237 239 240 242 243 246 247 248 252 253 256 259 262 263 264
37 216 218 219 221 223 224 225 226 227 228 229 231 232 234 235 236 237 238 240 241 246 248 249 250 251 252 253 255 256 257 258 259 260 262 263 264 266
33 216 217 218 219 220 222 223 225 226 227 228 229 235 236 237 238 240 241 242 244 245 246 249 250 252 253 254 256 258 260 263 264 266
17 215 216 219 220 225 230 231 233 234 238 240 248 249 255 256 261 262
26 215 216 217 219 220 223 225 227 229 230 231 232 235 238 242 244 245 247 249 250 258 259 260 261 262 264
25 216 217 220 221 223 224 227 235 237 239 240 244 246 247 248 250 255 256 258 259 260 261 262 263 267
21 214 218 219 221 224 228 229 231 232 233 238 243 244 245 249 252 254 258 259 263 264
28 214 215 217 219 222 223 225 227 228 229 230 231 234 236 237 238 239 240 242 243 245 254 256 261 262 263 265 267
28 214 217 218 221 222 224 226 228 230 231 238 239 240 241 242 243 244 248 251 252 255 259 260 261 262 264 265 266
18 216 219 222 228 232 234 235 236 239 241 247 248 253 255 256 261 263 264
29 214 215 218 219 220 221 222 223 225 228 230 233 234 235 239 240 242 243 244 245 251 252 253 256 257 258 262 263 264
18 217 221 223 224 225 228 229 230 240 242 246 250 254 256 260 262 264 266
26 215 218 219 225 226 227 231 234 235 236 237 238 242 244 245 248 249 251 252 253 254 255 259 262 264 265
32 217 221 223 224 225 226 227 231 239 240 243 244 245 246 247 248 249 250 253 254 255 256 257 258 259 260 262 263 264 265 266 267
32 214 216 218 219 220 221 222 227 228 229 232 233 238 240 241 243 246 247 248 249 250 251 252 253 254 256 259 260 262 263 266 267
24 214 216 218 220 221 223 224 227 229 231 232 233 234 235 236 237 240 243 246 247 251 252 265 266
32 215 216 218 219 221 222 223 224 225 226 228 229 230 234 236 237 241 242 243 244 245 248 250 251 253 254 257 260 261 263 266 267
30 215 216 217 220 221 222 224 225 227 230 231 233 234 237 240 241 242 243 246 247 249 250 251 254 258 259 260 261 263 267
27 215 217 219 222 228 232 233 234 235 236 239 240 241 242 249 251 253 254 255 257 259 261 262 263 264 266 267
29 214 215 216 217 220 221 223 224 227 228 229 231 232 235 236 237 242 244 245 246 248 251 254 255 257 260 263 266 267
21 214 220 224 225 227 235 236 237 238 239 240 246 248 249 250 251 253 258 261 262 264
28 215 220 221 222 223 224 226 229 232 236 238 239 241 242 243 245 247 248 249 250 251 256 258 259 260 264 265 266
28 215 216 217 219 220 221 222 223 228 230 233 234 239 241 242 243 244 245 250 253 257 258 259 261 263 264 266 267
29 214 215 216 217 219 220 225 227 228 231 232 234 235 238 242 243 244 245 247 248 251 255 257 258 259 260 261 263 266
18 214 216 221 224 227 228 231 232 233 238 239 241 248 252 253 255 256 264
35 214 216 217 218 219 221 222 224 226 227 230 232 233 234 239 240 242 243 244 246 247 249 250 251 253 254 255 257 258 260 262 263 264 265 267
19 215 219 220 230 233 235 237 242 243 245 247 249 252 253 256 262 263 265 266
18 214 216 220 225 230 231 233 237 238 239 242 246 252 255 258 264 266 267
21 218 219 222 223 227 232 235 239 245 246 249 253 256 258 259 260 261 262 263 264 267
25 216 218 220 222 224 225 228 229 231 233 238 239 240 242 243 248 251 253 254 255 256 258 261 264 265
36 214 216 217 219 220 222 223 224 227 228 230 231 232 233 235 236 238 239 240 243 244 245 247 248 249 251 252 253 254 255 256 257 258 260 262 263
35 215 216 217 219 220 223 226 227 228 229 230 231 233 236 237 239 240 241 243 244 245 247 249 250 252 254 257 258 259 260 261 262 264 265 266
32 215 216 217 219 220 221 224 225 226 227 228 229 231 232 235 237 238 239 240 241 242 243 248 249 251 252 253 254 256 259 262 264
27 214 215 216 217 218 220 221 222 223 225 228 231 232 233 236 237 241 242 243 245 246 247 255 262 265 266 267
31 215 217 219 220 221 223 224 225 226 227 228 233 234 235 237 238 242 244 245 247 248 249 250 251 252 259 260 262 264 265 266
28 214 216 217 219 220 221 222 224 229 230 231 232 233 234 236 237 243 246 247 248 250 251 252 253 258 259 265 267
18 220 229 231 233 235 236 237 239 240 245 246 251 252 255 256 259 262 267
32 215 216 217 218 219 222 226 227 228 230 232 233 234 235 236 237 239 240 242 244 245 250 253 254 255 256 257 258 259 262 265 267
37 214 215 218 219 221 222 223 224 226 227 228 229 230 231 234 235 238 240 242 244 246 247 248 249 250 251 252 253 254 256 258 259 260 261 262 264 266
27 214 216 218 220 224 225 227 228 229 231 232 235 236 237 239 241 243 245 246 250 252 254 255 256 257 259 264
21 214 215 220 223 224 225 226 227 238 240 242 243 244 245 251 254 255 258 259 266 267
27 215 216 217 219 220 221 223 227 228 229 230 231 236 237 238 239 240 241 243 244 246 253 254 257 261 262 264
17 218 219 220 222 225 226 228 229 233 239 240 244 246 247 252 255 263
34 214 215 217 218 219 220 221 222 223 224 225 226 229 233 235 236 238 240 241 243 246 247 248 251 253 255 256 258 259 260 261 262 266 267
25 221 222 223 226 227 232 234 237 238 240 241 242 246 247 249 250 251 255 257 258 260 262 265 266 267
28 214 216 218 219 223 224 227 228 233 235 236 237 238 242 243 244 246 252 253 255 256 257 258 259 260 262 264 265
23 214 215 218 221 222 223 224 225 229 230 232 233 234 235 237 240 243 244 246 252 259 260 267
