328 1778
38 1 2 3 4 5 6 7 8 9 10 11 12 13 14 15 16 17 18 19 20 21 22 23 24 25 26 27 28 29 30 31 32 33 34 35 36 37 38
21 2 3 5 6 7 8 9 11 12 13 14 17 18 19 22 23 27 28 29 30 32
26 1 2 3 4 5 6 9 11 13 14 15 17 18 20 21 24 25 28 29 30 32 33 34 35 36 37
29 1 3 4 5 6 7 8 9 10 11 13 14 15 16 18 19 20 21 22 23 24 28 29 31 32 33 36 37 38
25 1 2 3 4 10 11 12 14 15 16 19 20 21 22 23 27 28 29 31 33 34 35 36 37 38
13 2 5 7 12 13 19 21 23 25 28 35 36 38
16 1 3 10 11 12 14 15 17 20 21 22 23 28 29 35 37
23 1 2 4 5 11 12 13 14 17 18 19 22 23 25 26 28 30 31 32 33 34 36 38
13 1 4 5 7 9 14 22 23 26 30 31 34 36
14 1 3 7 11 13 16 18 23 24 26 27 28 29 34
12 3 9 10 14 18 19 20 21 32 34 37 38
12 5 6 8 12 14 21 23 25 28 33 37 38
26 1 2 4 5 6 7 8 10 11 13 16 18 19 20 25 26 27 28 29 30 31 32 33 34 36 37
16 6 8 9 10 14 16 18 19 20 21 22 25 26 30 31 35
17 1 3 4 5 7 11 12 13 17 21 22 23 29 30 32 34 37
23 1 4 8 9 10 11 12 14 16 17 18 20 23 25 26 27 28 29 31 32 34 36 38
14 3 4 8 10 12 14 19 20 21 23 28 30 33 37
15 2 4 6 9 10 13 17 21 22 23 24 27 33 36 38
14 3 4 9 11 14 16 18 19 24 25 26 27 30 33
15 2 4 8 9 10 11 12 16 17 20 27 31 32 33 37
22 1 3 4 5 9 16 18 20 21 22 24 26 27 28 30 31 33 34 35 36 37 38
23 1 2 3 4 5 6 7 9 10 11 12 13 14 16 17 20 21 25 26 27 29 33 38
15 2 5 7 9 17 20 21 22 23 25 27 28 29 37 38
24 1 2 3 6 8 9 10 11 12 15 17 18 19 20 21 22 23 25 27 30 32 33 35 37
12 4 13 18 21 22 23 24 26 27 29 30 33
24 1 2 3 5 6 7 8 9 10 11 13 15 16 18 20 21 24 25 30 32 34 36 37 38
13 2 4 5 6 10 15 19 23 27 28 29 32 35
23 3 4 5 9 10 13 16 18 19 20 22 25 26 28 29 31 32 33 34 35 36 37 38
20 2 3 6 7 8 9 13 16 18 20 21 23 28 30 31 32 33 34 35 38
26 1 2 3 4 5 6 8 10 12 13 14 15 16 17 20 21 22 26 27 30 31 32 33 35 36 37
21 1 2 3 5 8 10 13 14 15 16 17 18 19 23 25 26 27 28 29 35 36
21 1 2 3 9 11 12 13 14 15 16 19 20 21 22 23 25 28 32 35 36 37
23 1 3 4 5 7 8 9 12 17 18 20 21 24 26 27 28 30 31 32 33 35 36 38
26 1 2 3 4 5 6 7 9 10 15 16 17 19 20 21 22 23 25 27 28 29 30 31 32 36 37
15 1 2 7 10 12 18 19 20 21 24 25 29 30 31 34
22 1 2 4 5 6 10 11 12 14 16 17 18 22 23 26 27 28 29 30 32 35 37
18 2 3 4 5 6 7 11 12 14 17 19 22 24 25 26 32 36 38
19 1 2 4 6 8 9 12 14 18 20 21 26 30 31 32 33 35 36 37
13 1 2 4 6 7 8 12 15 30 32 33 34 36
26 2 3 5 6 7 9 12 13 14 15 16 17 19 20 22 23 24 25 29 30 31 33 34 35 36 37
16 2 3 5 9 13 16 20 21 22 25 28 32 35 36 37 38
14 6 7 8 12 13 14 15 21 23 27 30 31 32 35
28 1 3 4 5 7 8 9 10 11 14 15 16 18 19 20 23 24 25 26 27 29 30 31 32 33 34 37 38
28 2 3 4 5 6 7 8 10 12 13 14 15 16 17 19 20 23 25 27 29 30 31 32 33 34 35 37 38
21 1 2 7 8 9 10 12 13 16 19 20 22 24 26 27 29 32 33 34 37 38
12 3 5 11 12 13 17 24 25 28 31 33 36
13 1 4 5 6 7 14 16 17 19 22 25 35 36
22 1 3 4 5 6 11 12 15 17 18 19 20 21 22 23 25 27 28 30 33 35 36
25 1 2 3 4 5 6 9 12 13 14 16 17 18 19 20 21 22 23 24 26 27 28 31 33 38
21 2 5 6 7 9 11 13 14 15 17 22 23 24 26 29 30 31 34 35 36 38
25 1 2 5 9 10 12 14 15 17 18 20 22 23 26 27 28 29 30 31 32 33 34 35 37 38
27 1 3 4 5 7 9 11 15 18 19 21 22 23 24 25 26 27 28 29 30 31 32 33 35 36 37 38
12 1 5 12 13 21 22 24 25 33 35 37 38
14 2 5 13 14 16 19 20 23 29 30 31 32 37 38
18 1 2 3 10 11 13 15 18 19 20 23 24 26 28 30 31 32 38
22 3 4 6 7 8 9 13 14 19 20 21 22 23 24 25 28 29 31 32 33 35 36
16 2 3 8 9 10 11 13 19 20 23 26 27 28 35 36 37
19 1 2 3 5 7 8 10 14 15 17 19 20 23 25 26 30 33 34 37
18 3 4 8 9 10 11 15 16 17 19 22 26 28 30 31 34 35 38
15 1 7 8 9 10 11 12 13 14 16 17 24 29 31 37
29 1 2 3 5 6 8 9 12 13 16 17 18 19 20 21 23 24 25 26 27 29 31 32 33 34 35 36 37 38
17 2 7 8 9 10 12 16 17 20 24 25 27 28 33 34 35 36
14 4 10 11 12 13 15 16 18 21 22 27 28 33 37
20 2 3 5 6 10 11 17 19 20 22 23 24 25 26 27 29 34 36 37 38
13 2 6 9 10 11 16 18 21 25 29 30 35 38
20 1 2 3 4 10 11 12 13 15 20 22 23 26 27 32 33 35 36 37 38
21 1 3 5 6 9 11 12 13 17 18 19 24 26 28 29 30 31 34 35 36 38
28 2 3 4 5 7 10 11 13 14 16 17 18 19 20 21 23 24 25 26 28 29 30 31 32 34 35 36 38
18 1 4 5 8 10 11 14 15 18 19 21 23 26 27 28 32 33 35
13 1 4 5 13 16 17 18 20 27 28 32 33 36
20 1 2 4 5 6 7 8 10 11 14 15 16 17 20 23 26 27 30 33 38
19 1 4 6 7 13 14 17 19 21 24 25 28 29 30 31 32 36 37 38
16 1 2 3 5 7 11 13 14 18 20 21 23 24 29 32 33
17 2 3 5 12 15 16 17 19 20 22 27 28 29 33 34 35 37
25 1 2 3 4 5 6 7 10 11 12 13 14 17 20 21 22 23 26 28 31 32 33 36 37 38
29 1 3 5 6 7 9 12 13 14 15 16 17 19 20 21 22 24 26 27 28 29 30 31 32 33 34 36 37 38
12 4 10 11 12 16 19 20 21 23 32 34 36
18 2 3 5 7 8 10 12 14 19 21 22 26 29 31 32 34 37 38
23 2 3 8 10 11 12 14 15 16 17 21 22 23 24 28 29 30 31 32 34 35 36 37
20 2 6 10 12 14 15 16 17 18 19 20 21 26 27 28 33 34 35 36 38
29 1 2 3 5 7 8 9 11 12 14 15 16 17 19 20 21 22 23 26 28 29 30 31 33 34 35 36 37 38
26 1 4 5 6 7 9 10 11 12 13 14 15 17 18 20 23 24 25 26 27 28 30 31 35 36 37
15 1 2 6 7 8 9 12 17 18 26 27 31 32 34 37
25 1 3 4 5 6 7 9 11 12 13 14 15 19 20 21 24 25 26 27 29 30 32 33 37 38
23 1 2 3 4 7 8 9 11 13 14 15 16 17 18 20 23 24 26 27 28 29 34 35
21 1 2 4 7 8 9 10 11 13 14 15 17 18 19 22 24 25 26 28 32 34
25 1 2 3 4 5 6 8 11 13 14 16 17 20 22 23 24 25 26 27 30 31 33 34 35 36
29 2 3 5 6 7 8 9 10 11 12 13 14 16 18 19 20 21 23 24 25 26 27 29 30 32 33 36 37 38
80 39 40 41 42 43 44 45 46 47 48 49 50 51 52 53 54 55 56 57 58 59 60 61 62 63 64 65 66 67 68 69 70 71 72 73 74 75 76 77 78 79 80 81 82 83 84 85 86 87 88 89 90 91 92 93 94 95 96 97 98 99 100 101 102 103 104 105 106 107 108 109 110 111 112 113 114 115 116 117 118
43 39 40 41 44 45 50 53 54 55 57 58 59 60 63 65 67 69 70 73 74 75 78 79 81 84 86 87 91 94 95 96 98 103 104 105 106 108 113 114 115 116 117 118
47 39 41 42 43 45 52 54 55 57 59 62 64 65 66 67 68 69 71 72 73 75 76 77 79 80 81 83 86 87 88 90 92 94 95 96 98 100 102 105 106 107 108 113 114 115 116 117
39 39 41 48 49 50 52 53 60 63 66 67 68 70 72 73 74 75 76 78 79 81 83 84 87 89 92 93 94 97 98 101 103 104 106 107 108 109 114 115
48 41 43 44 45 46 47 48 51 52 53 55 58 61 63 65 67 68 70 71 72 73 74 75 77 79 81 82 83 85 88 89 90 93 94 96 98 99 102 105 106 107 109 110 111 112 113 117 118
24 39 40 52 53 55 67 69 71 73 78 79 82 83 84 90 92 96 102 105 107 109 110 116 118
24 48 49 52 53 60 61 63 66 67 68 74 75 79 83 91 95 98 99 104 108 109 110 117 118
30 39 44 45 46 47 48 49 51 55 56 60 62 67 69 73 74 76 78 82 90 93 99 102 104 106 107 108 109 112 114
60 39 40 41 42 43 45 46 47 48 49 51 55 57 58 59 60 61 62 63 64 65 66 68 69 71 73 74 76 78 79 80 81 82 83 84 85 86 87 88 89 91 92 93 94 96 97 98 100 101 104 106 107 108 109 110 111 112 114 117 118
58 39 43 46 48 49 50 51 52 54 55 58 59 60 61 62 65 66 67 68 69 70 72 73 74 75 76 77 78 79 80 81 83 85 86 87 88 89 90 94 95 96 97 98 99 100 101 103 104 105 107 109 110 112 113 114 116 117 118
43 39 41 43 44 45 46 47 48 52 54 55 58 59 60 61 62 64 65 67 71 73 76 78 79 80 81 87 88 91 92 94 95 96 97 100 101 105 108 109 112 113 117 118
54 39 40 41 44 45 47 48 49 50 52 55 56 57 58 59 60 61 63 65 67 70 71 72 73 74 75 76 78 79 80 81 82 83 84 85 86 87 88 90 91 92 94 95 96 98 100 101 103 106 107 112 113 115 117
44 42 44 45 47 50 51 55 57 59 60 61 62 63 65 70 71 73 75 78 79 80 81 82 83 84 85 88 90 94 97 98 102 103 104 106 107 109 110 111 112 113 115 117 118
36 44 45 46 48 49 54 55 59 62 63 64 65 66 69 70 71 73 76 77 78 79 82 86 90 91 94 97 98 100 101 103 107 109 111 112 118
42 40 41 43 44 46 50 53 54 56 57 61 62 63 65 67 68 69 73 74 76 77 78 79 81 83 84 85 88 90 93 94 96 98 100 103 104 106 109 110 111 114 115
55 39 41 43 45 46 47 48 49 51 53 54 56 60 61 62 63 64 67 68 69 71 72 73 76 78 82 83 84 85 86 87 88 89 90 91 92 96 97 99 100 101 102 103 104 105 108 109 110 112 113 114 115 116 117 118
62 39 40 41 42 44 45 46 47 48 49 50 52 53 54 55 56 57 58 59 60 61 62 65 66 67 68 69 71 72 75 76 77 78 81 84 85 87 88 90 91 92 93 95 96 97 98 100 101 102 103 104 105 107 108 109 110 111 112 113 115 116 117
63 39 40 41 42 44 45 46 48 49 50 51 52 54 56 59 60 61 62 63 64 65 66 67 69 70 72 74 75 76 77 78 79 80 81 82 83 84 85 86 88 89 90 91 92 93 94 95 96 97 98 100 103 104 105 106 107 108 110 112 113 115 116 117
31 39 40 41 42 44 46 53 56 58 65 70 74 79 85 86 89 91 93 94 96 100 101 103 106 107 112 114 115 116 117 118
32 41 42 43 45 46 48 50 51 52 53 54 56 59 64 65 70 71 75 76 78 79 80 83 87 97 99 103 109 112 116 117 118
40 40 44 45 46 48 49 50 53 54 57 58 61 62 66 69 70 71 72 76 77 79 80 81 85 86 90 91 93 96 98 99 101 104 108 110 111 113 114 117 118
52 40 42 43 44 46 49 50 51 53 56 57 58 59 60 61 63 66 67 70 71 72 73 75 77 78 79 80 82 85 86 87 88 89 90 95 96 98 99 100 101 102 103 104 106 107 108 111 112 113 114 115 117
27 39 41 46 48 60 64 65 73 74 75 76 80 81 84 86 91 92 94 95 98 102 103 106 110 113 114 115
36 39 40 46 47 49 51 53 55 60 61 63 65 66 72 73 74 76 77 78 79 82 85 90 94 97 99 100 101 102 104 107 109 113 114 115 116
28 40 41 43 47 48 54 55 58 60 64 65 68 76 77 81 84 85 86 88 89 92 93 95 112 115 116 117 118
37 39 41 42 44 46 51 52 53 54 55 59 60 63 67 69 70 73 74 77 79 82 84 85 86 87 90 95 96 98 101 104 105 112 113 114 117 118
41 40 41 42 43 45 47 48 50 52 55 56 59 60 61 62 64 66 71 72 74 75 76 77 80 82 83 85 88 89 92 94 100 103 105 106 107 111 112 114 115 118
41 39 40 44 48 50 53 55 56 57 59 60 61 63 65 67 68 69 70 71 75 76 77 79 82 83 84 87 88 91 94 95 97 98 99 100 102 106 108 110 112 117
24 42 43 47 50 53 54 57 62 63 72 73 75 76 77 79 82 91 93 98 101 108 110 113 116
51 39 40 42 44 45 46 47 51 53 54 55 56 57 59 60 62 64 65 66 67 68 70 71 74 75 76 78 79 80 81 82 83 84 86 87 91 92 93 95 97 99 100 105 106 109 111 112 114 115 116 118
24 45 49 51 58 59 61 62 63 66 69 71 74 77 82 87 90 98 99 100 101 107 108 114 118
37 39 41 44 45 48 50 51 52 55 56 61 62 64 67 68 70 71 72 73 79 85 86 87 88 91 93 94 95 98 103 104 105 106 108 112 115 116
61 40 42 43 46 47 50 51 52 53 54 55 57 58 61 62 63 64 65 66 67 69 70 71 72 73 74 75 76 77 78 79 80 81 82 84 85 86 87 88 89 90 91 92 93 95 99 100 102 103 104 105 107 108 109 110 111 112 113 114 115 118
24 41 45 46 48 50 66 69 71 74 76 78 82 84 86 88 91 92 96 97 106 107 111 112 116
41 39 40 41 43 44 46 47 50 51 55 61 63 67 68 69 70 71 72 75 80 82 83 86 89 90 91 92 97 98 100 101 103 104 105 106 109 112 113 115 116 117
38 41 42 44 49 51 52 54 58 60 61 62 64 66 67 69 71 72 73 74 79 81 83 85 86 90 93 96 98 101 102 103 104 107 108 109 114 116 118
42 119 120 121 122 123 124 125 126 127 128 129 130 131 132 133 134 135 136 137 138 139 140 141 142 143 144 145 146 147 148 149 150 151 152 153 154 155 156 157 158 159 160
20 122 123 124 125 126 127 130 131 132 134 142 145 148 150 151 152 153 156 157 158
30 120 121 122 123 124 125 128 129 131 133 134 135 136 137 139 140 143 145 146 147 148 149 150 151 153 154 155 157 159 160
27 120 121 122 125 127 129 131 133 134 135 136 137 138 139 140 141 145 146 148 149 152 153 154 155 156 158 159
20 119 120 121 130 131 133 135 138 141 145 146 148 149 150 151 152 154 155 157 158
31 121 122 124 127 128 129 130 134 135 136 137 138 141 142 143 144 145 146 147 148 149 150 151 152 153 154 156 157 158 159 160
20 120 121 123 124 125 130 134 135 138 140 142 143 149 151 152 154 155 157 158 160
15 119 120 121 130 131 132 134 138 141 145 146 150 151 155 157
31 119 121 122 123 124 126 127 128 129 130 131 132 133 135 136 137 139 142 143 144 146 147 148 149 150 151 153 154 156 159 160
19 119 121 127 128 130 133 134 136 140 142 144 145 147 149 150 151 152 155 159
16 120 121 122 125 126 128 135 137 140 142 144 147 149 151 153 157
28 121 124 125 126 127 130 131 132 133 137 138 139 140 141 143 144 147 148 149 150 151 153 154 155 156 157 159 160
30 119 122 125 126 127 129 130 133 134 135 136 137 138 139 140 141 142 143 145 146 149 150 152 153 154 155 157 158 159 160
21 120 121 122 128 131 132 135 140 141 142 143 144 147 148 151 153 155 156 157 159 160
17 119 122 123 124 126 128 129 130 137 138 139 145 147 154 155 158 160
16 122 123 124 125 126 128 132 135 138 139 144 145 149 151 154 155
29 119 120 121 122 124 125 126 127 129 130 132 134 136 137 138 139 140 141 143 145 146 149 150 151 153 154 157 158 159
14 119 121 125 128 131 141 144 145 146 148 149 150 151 159
15 120 121 127 129 130 132 134 136 139 140 142 150 151 155 160
27 121 122 124 125 126 127 129 130 132 133 136 138 139 140 141 142 145 146 148 150 151 152 153 154 155 158 159
23 119 120 121 123 125 128 129 132 135 136 138 142 143 144 147 148 150 152 154 155 156 159 160
19 120 121 122 123 126 128 130 134 137 140 145 146 149 153 155 156 157 159 160
29 119 120 121 125 126 127 129 131 132 134 135 136 137 138 139 142 143 144 145 147 148 149 154 155 156 157 158 159 160
26 119 120 121 122 124 126 127 128 130 131 132 133 135 136 138 142 144 145 148 150 151 153 154 155 156 158
26 120 125 127 128 130 135 137 138 139 140 141 143 144 146 148 149 150 151 152 153 155 156 157 158 159 160
13 121 122 125 127 128 129 131 139 148 149 153 155 156
32 119 120 122 123 124 125 127 128 130 131 132 133 134 136 137 138 139 140 142 144 145 146 147 149 150 152 154 156 157 158 159 160
14 119 128 130 132 134 136 141 147 148 149 150 151 157 160
14 119 120 121 127 130 136 137 139 140 150 152 155 156 158
22 119 120 124 126 128 131 132 133 134 136 137 139 142 144 146 147 148 150 151 154 155 156
26 119 124 125 126 128 131 133 134 137 139 140 141 142 143 144 145 146 148 149 151 152 154 155 157 159 160
27 120 122 124 125 126 127 128 129 130 131 133 134 135 136 137 138 139 140 142 143 148 149 150 151 154 156 157
30 119 121 123 124 127 128 129 130 132 133 135 136 137 138 139 141 143 144 145 146 147 149 150 151 152 153 154 156 158 159
13 119 129 132 133 134 139 143 145 150 152 153 157 158
21 119 120 121 124 129 131 132 133 137 138 140 141 142 146 147 149 151 152 155 158 159
31 119 120 123 124 125 126 128 132 133 134 135 137 138 140 141 142 143 144 145 146 147 148 149 152 153 154 155 156 157 158 160
23 119 123 124 125 128 130 132 133 136 137 141 144 147 148 149 151 153 154 155 157 158 159 160
32 119 120 122 123 124 125 128 129 130 131 132 133 134 136 138 139 142 143 144 145 146 147 148 149 150 153 154 155 157 158 159 160
21 120 121 124 125 133 134 138 140 141 142 143 144 145 148 150 151 152 155 156 159 160
30 119 121 122 125 126 127 128 129 130 131 132 135 136 137 138 139 141 142 143 145 146 147 148 149 150 152 153 154 155 158
18 123 127 131 135 136 137 140 142 146 148 150 151 153 154 156 157 158 160
17 120 124 127 131 132 133 134 135 138 143 144 145 146 147 151 156 158
20 119 120 124 127 131 133 135 138 140 143 146 148 149 150 151 152 154 156 159 160
30 120 121 123 124 125 126 127 128 131 132 133 137 138 140 141 142 144 145 146 148 149 150 151 152 153 154 156 157 159 160
25 166 167 168 171 174 176 185 187 189 190 191 192 193 197 199 205 208 210 216 219 220 222 224 235 236
14 162 177 183 185 188 189 191 192 200 212 216 218 230 235
13 167 170 179 184 186 190 203 212 225 230 232 234 235
30 164 167 168 171 172 174 175 177 179 180 182 185 194 205 207 209 211 212 214 215 219 221 222 223 224 226 229 231 234 236
25 164 166 170 175 176 182 184 187 190 194 196 200 201 203 206 211 215 218 219 222 226 227 230 234 235
32 164 166 167 168 176 177 179 180 184 186 187 188 192 193 195 196 197 198 205 210 211 213 218 219 221 223 226 227 228 229 232 234
12 162 170 171 176 185 188 197 204 216 217 227 235
35 161 162 164 166 169 170 176 184 185 186 187 189 190 192 195 201 202 203 204 208 209 210 213 214 217 219 220 221 223 224 226 227 230 232 236
21 169 170 172 173 175 178 179 191 196 197 199 208 211 212 223 226 227 230 232 234 236
25 169 170 172 173 177 190 192 194 195 198 199 203 204 206 208 209 216 217 220 221 224 227 229 233 235
14 166 170 174 180 183 184 185 199 204 212 214 226 227 230
27 162 165 168 171 172 174 178 182 183 184 186 188 190 194 197 201 205 206 210 211 212 220 222 224 230 233 236
32 163 164 165 167 174 176 177 180 182 185 187 188 189 192 194 195 198 200 202 204 205 207 210 213 216 217 218 219 221 222 228 231
27 161 168 169 172 175 177 186 190 191 193 195 199 200 202 205 206 207 208 211 215 218 220 221 223 225 229 232
21 162 163 165 174 178 179 180 188 192 195 197 198 207 209 210 212 213 216 223 229 232
28 161 162 163 164 165 166 167 174 175 176 178 184 185 187 191 197 207 210 211 212 213 218 219 222 223 226 230 236
33 161 163 165 171 172 173 175 177 179 182 184 185 186 189 190 191 193 196 204 205 208 209 221 222 223 224 225 226 228 231 233 235 236
33 161 162 167 169 171 177 181 183 185 186 187 188 189 190 191 193 196 199 205 206 207 208 211 212 216 217 218 225 227 228 229 234 236
19 162 171 172 173 174 184 188 195 196 200 203 208 213 214 219 221 227 229 235
24 161 162 166 168 173 178 179 180 181 183 190 201 205 209 210 212 217 218 222 223 224 225 229 236
17 168 172 177 178 180 181 183 193 196 197 205 215 218 228 231 233 235
13 167 180 182 183 189 190 197 204 206 210 212 225 230
11 167 181 182 197 202 203 207 211 215 221 225
7 165 181 198 218 224 226 232
24 162 172 178 181 187 188 191 194 197 199 201 202 208 209 214 216 219 222 223 226 228 229 231 233
43 163 164 165 166 168 170 172 173 174 175 176 178 179 180 182 184 192 194 195 197 198 200 201 202 203 204 209 210 213 214 215 219 220 221 222 223 224 226 230 231 232 233 235
22 163 166 170 185 187 189 190 194 195 200 201 202 206 215 216 221 224 226 228 229 230 236
37 161 163 164 166 168 169 170 175 176 177 178 179 185 186 187 191 192 193 194 199 201 202 205 207 209 211 215 216 217 220 222 223 228 231 233 234 236
14 162 164 165 168 176 179 184 208 209 210 213 217 223 233
25 161 167 169 171 172 173 174 175 180 182 192 193 197 198 199 203 205 207 212 218 219 222 232 234 235
23 162 163 169 170 174 175 177 180 186 190 195 197 200 202 206 208 216 220 224 225 227 231 236
17 161 162 163 172 175 178 182 190 191 194 208 216 217 222 233 235 236
23 161 163 164 166 172 175 176 179 184 186 193 194 195 196 199 208 210 213 220 222 227 234 236
8 186 189 198 202 210 218 220 233
34 161 164 166 167 169 170 173 175 176 179 180 181 185 192 193 195 198 199 200 202 208 209 213 215 217 219 223 227 228 229 231 232 234 235
26 161 162 164 167 169 171 176 177 183 186 189 191 192 194 199 202 203 204 206 208 215 217 221 230 231 232
15 177 178 181 183 186 188 191 196 204 211 214 220 225 227 231
30 161 167 168 169 171 172 173 177 181 183 185 186 189 191 193 199 202 204 205 208 214 217 220 221 224 225 228 231 233 236
9 164 169 170 172 188 193 200 206 234
16 164 165 172 173 179 183 188 189 198 201 207 209 212 218 223 229
10 162 181 186 214 215 220 224 225 229 233
33 161 168 169 171 176 177 178 180 181 183 185 186 187 188 190 191 194 195 197 198 199 202 204 205 210 212 217 222 223 226 227 230 233
27 161 163 164 165 166 168 169 174 177 180 183 192 195 196 198 200 204 207 211 213 215 217 218 220 221 227 236
14 172 176 183 190 193 196 199 205 209 215 219 222 226 232
20 162 165 169 172 179 181 182 191 196 200 205 206 207 208 211 213 214 224 226 236
11 165 173 181 189 200 201 206 207 214 215 224
36 162 164 165 168 171 177 178 179 180 181 182 185 188 191 192 195 197 198 202 203 206 207 211 214 216 217 218 221 223 228 229 230 231 233 235 236
26 161 167 176 178 181 182 184 185 187 191 192 194 196 199 210 211 213 214 219 221 222 226 228 233 234 235
35 163 165 168 172 173 175 179 180 181 182 184 185 187 188 190 193 195 207 211 212 213 214 216 218 220 222 223 224 225 226 229 233 234 235 236
17 163 165 173 179 181 182 184 196 200 205 206 211 222 224 227 228 234
31 167 168 175 177 181 182 186 187 190 191 192 193 196 200 203 205 207 208 210 211 213 218 220 223 225 228 229 231 232 235 236
13 161 166 168 171 183 184 190 193 201 203 206 209 235
15 163 177 187 189 191 196 203 204 207 214 216 218 221 225 226
34 165 167 171 174 175 176 177 182 184 186 187 189 192 194 195 197 198 199 202 203 204 207 208 211 214 215 219 221 226 228 230 231 232 233
12 171 173 175 176 182 185 189 193 205 206 210 224
15 166 170 174 178 196 197 198 200 201 205 209 210 219 227 228
31 161 162 163 164 165 169 171 172 173 176 178 179 188 189 194 195 197 198 201 202 206 209 215 216 217 219 221 222 224 233 234
28 164 172 174 178 179 180 181 185 187 188 190 192 195 199 203 204 209 213 214 215 222 223 224 227 229 231 234 235
24 163 165 167 171 173 174 175 179 182 188 191 194 198 199 200 206 207 211 212 216 222 225 229 234
17 165 174 178 179 180 183 184 187 198 203 212 219 222 224 226 228 233
27 163 164 166 167 168 170 171 176 180 183 184 185 187 192 194 195 199 201 202 212 219 220 222 228 230 232 235
48 161 162 163 165 166 167 168 169 170 171 173 175 176 177 182 183 184 186 189 191 193 194 196 197 198 200 201 202 205 206 207 208 210 211 212 216 217 218 219 220 221 225 226 228 230 232 233 236
43 162 163 164 165 166 167 170 172 173 174 175 179 182 184 189 192 193 196 200 201 203 206 207 208 209 211 213 214 215 216 218 219 220 221 224 225 228 229 231 232 234 235 236
18 167 173 174 176 179 181 182 195 199 200 204 205 212 214 219 221 223 228
11 166 168 171 193 203 204 205 215 217 230 232
31 162 164 165 172 173 175 178 180 182 183 184 186 188 196 201 203 207 209 213 214 217 218 221 225 226 228 229 230 231 233 234
23 168 171 179 180 181 182 183 186 188 189 193 196 200 201 202 205 214 215 225 228 231 232 234
23 161 162 165 166 169 170 178 183 184 192 195 197 199 201 204 208 213 216 225 227 228 230 232
29 161 173 174 175 177 178 186 188 189 190 193 197 198 203 204 209 210 215 216 217 218 221 223 225 227 229 231 233 234
20 161 162 170 175 178 190 192 193 195 198 202 203 204 207 208 210 214 215 219 223
37 161 162 164 165 166 170 171 172 175 177 184 185 186 187 189 190 191 192 194 198 207 208 209 211 215 216 217 218 220 222 224 225 226 227 229 230 235
26 161 163 166 167 169 170 173 174 175 184 186 187 189 194 200 201 204 208 210 212 213 220 224 225 227 234
15 163 173 176 181 187 188 190 191 193 196 200 203 206 217 235
43 162 164 166 167 168 169 170 174 176 178 180 181 183 187 188 192 194 195 197 198 199 200 201 202 203 206 207 210 211 212 213 214 215 216 217 218 219 220 227 229 230 232 234
21 166 168 171 172 177 183 185 191 194 199 201 209 212 213 216 221 225 226 229 230 235
9 163 185 191 196 213 216 220 227 235
18 164 167 169 174 176 180 186 187 188 189 197 217 218 220 231 232 233 236
20 161 163 169 170 177 179 181 194 195 198 200 202 204 206 211 212 215 223 227 232
28 165 168 169 170 171 173 174 178 180 187 190 198 201 204 205 206 209 214 217 219 223 224 226 228 229 231 232 233
21 163 168 169 178 180 183 188 193 196 197 201 202 203 206 210 213 231 232 233 234 236
16 169 170 171 174 183 185 199 202 203 204 209 212 220 225 230 231
20 163 164 166 167 173 181 182 189 192 194 196 201 209 210 213 214 230 231 234 236
14 169 174 175 177 180 195 197 202 206 208 216 225 231 236
22 163 164 165 166 167 175 176 178 184 187 191 197 207 211 212 213 218 219 222 223 226 230
13 171 172 178 182 183 184 194 201 205 210 212 230 236
9 162 164 168 176 179 184 208 223 233
13 168 169 180 188 196 201 203 206 210 231 232 234 236
13 169 170 171 183 185 199 202 203 209 212 220 225 230
8 162 171 188 197 204 216 217 235
11 161 175 178 190 192 198 202 204 207 208 210
21 161 168 173 178 179 180 181 183 190 201 205 209 210 212 218 222 223 224 225 229 236
20 161 162 165 172 176 178 179 189 194 195 197 201 202 206 216 217 222 224 233 234
20 162 164 165 172 175 178 182 183 186 196 201 207 209 213 214 217 226 228 230 233
24 162 164 168 177 178 179 180 182 185 191 197 198 202 211 214 216 217 218 223 228 229 233 235 236
12 172 176 183 193 196 199 205 215 219 222 226 232
16 162 171 172 173 174 188 195 196 200 208 213 214 221 227 229 235
22 168 169 176 178 180 181 183 185 186 187 188 190 194 195 197 198 204 205 210 212 217 222
27 161 162 167 169 171 181 183 185 186 188 190 191 193 196 199 205 206 207 211 212 217 218 225 227 228 229 236
14 161 163 169 170 177 179 195 198 200 202 204 211 212 232
17 161 163 164 172 175 176 179 186 195 196 199 208 210 213 222 227 234
14 161 169 170 179 181 194 195 200 202 204 206 211 212 227
6 164 169 170 172 188 206
12 168 171 180 186 188 189 196 201 202 214 215 232
8 161 163 172 175 194 216 217 222
16 176 178 181 184 187 191 192 194 196 210 211 214 219 226 234 235
4 181 198 218 232
19 161 162 166 169 170 178 183 184 192 195 199 201 204 208 213 227 228 230 232
15 167 173 176 179 181 195 199 200 204 212 214 219 221 223 228
10 175 176 182 185 189 193 205 206 210 224
18 162 172 178 181 187 188 194 197 201 202 208 214 216 219 222 228 229 233
19 164 166 170 175 176 182 187 190 194 203 206 211 215 219 222 227 230 234 235
7 171 173 175 176 182 189 210
15 162 174 178 180 188 192 195 197 198 207 209 213 216 223 232
20 163 165 171 173 174 175 179 182 191 198 199 200 207 211 212 216 222 225 229 234
13 162 165 166 169 178 184 197 199 208 213 225 227 230
24 164 172 174 178 179 185 188 190 192 195 199 203 204 209 213 214 215 222 223 224 227 231 234 235
16 162 165 169 179 181 182 191 196 200 205 206 207 211 214 224 226
12 165 178 180 183 187 198 203 212 219 224 226 228
22 161 163 164 165 166 168 169 174 177 183 192 195 196 198 204 211 213 217 218 221 227 236
21 163 166 167 169 170 173 174 175 184 187 194 200 201 204 210 212 213 220 224 227 234
7 177 178 186 188 211 220 227
16 161 164 167 169 171 176 183 186 189 192 194 202 215 217 230 232
29 162 164 166 167 168 169 170 180 181 187 188 192 195 197 198 199 203 206 207 211 212 214 215 219 220 229 230 232 234
27 161 162 163 165 166 168 173 175 177 184 196 197 198 200 202 205 206 207 212 216 217 218 221 225 226 228 233
18 161 173 175 177 186 188 193 197 198 204 210 215 217 218 221 223 229 234
16 161 169 171 173 180 182 192 198 199 203 205 207 212 218 234 235
16 164 172 180 185 187 195 199 203 209 215 222 223 227 231 234 235
14 168 179 181 182 183 186 189 201 202 205 225 228 232 234
14 161 165 166 170 178 184 192 195 197 201 208 227 228 232
18 163 166 167 168 170 171 180 183 185 187 192 194 212 219 222 228 232 235
10 173 182 184 196 200 205 211 222 227 228
20 164 166 170 182 184 187 190 194 196 200 201 203 206 211 218 222 226 227 230 235
20 166 168 171 174 176 185 189 190 191 192 193 197 205 208 210 216 220 222 224 236
8 181 189 200 206 207 214 215 224
17 164 175 176 190 194 196 200 201 203 211 215 218 219 222 230 234 235
13 161 162 165 166 169 192 197 199 204 208 225 227 230
16 166 168 171 172 177 183 185 191 194 199 201 212 216 225 230 235
29 161 164 166 167 169 170 175 179 180 181 185 192 193 195 198 199 200 202 213 215 219 223 227 228 229 231 232 234 235
17 161 163 169 170 179 194 195 200 202 204 206 211 212 215 223 227 232
26 161 163 165 171 172 173 179 182 184 185 189 190 191 196 204 209 221 222 223 224 225 226 228 231 233 236
5 181 215 225 229 233
36 163 164 165 168 170 172 173 174 175 176 178 179 182 184 192 195 197 198 200 201 203 204 209 210 213 214 215 219 220 221 224 226 231 232 233 235
26 165 174 176 177 182 184 186 187 189 192 194 195 198 199 202 203 204 207 211 214 215 221 226 231 232 233
9 166 168 171 193 204 205 217 230 232
11 172 177 180 181 183 193 197 205 218 233 235
18 162 172 178 181 188 191 194 197 208 209 214 216 219 222 223 226 228 229
9 170 174 178 196 197 205 209 227 228
18 163 166 172 175 176 179 184 186 193 194 195 196 208 213 220 222 227 234
12 165 178 179 183 187 198 203 212 224 226 228 233
18 163 165 172 186 190 191 193 204 205 209 221 223 224 225 228 231 233 236
18 161 167 177 183 186 189 191 192 194 199 202 203 206 208 215 217 230 231
24 165 171 177 178 179 185 188 195 197 202 206 207 214 216 217 218 221 223 228 230 231 233 235 236
9 161 163 172 175 190 208 216 233 236
17 170 173 177 194 195 198 199 204 206 208 216 217 224 227 229 233 235
14 161 164 176 184 186 193 194 208 213 220 222 227 234 236
28 161 168 169 171 176 178 180 183 185 186 187 188 190 191 194 195 197 198 199 202 204 210 212 217 222 223 226 227
10 167 182 183 189 197 204 206 210 212 230
16 162 166 169 170 178 183 184 192 195 201 204 208 225 227 230 232
11 164 173 183 188 189 198 201 212 218 223 229
10 167 182 183 189 190 204 206 212 225 230
28 163 164 165 167 174 176 177 182 185 187 188 192 194 195 198 200 202 204 205 207 210 213 216 217 218 219 222 231
20 167 168 172 173 177 181 183 185 186 199 202 208 214 217 220 224 225 228 231 233
11 164 167 173 196 209 210 213 214 231 234 236
16 172 178 181 185 188 190 195 199 203 214 215 223 224 227 231 234
11 170 181 194 195 200 202 204 206 211 223 232
11 164 165 172 173 179 188 201 209 212 218 223
9 166 171 193 203 204 205 217 230 232
18 170 171 174 180 187 190 198 204 209 217 219 223 226 228 229 231 232 233
5 186 189 198 218 233
14 163 165 173 179 181 182 196 200 205 206 211 224 227 234
22 164 168 171 174 177 179 180 182 185 205 207 209 211 212 221 222 224 226 229 231 234 236
12 163 177 187 189 191 196 203 204 216 218 221 226
21 161 167 169 171 172 173 174 175 180 182 192 197 198 199 203 205 207 218 219 222 232
33 161 162 163 165 166 168 169 170 171 173 175 186 189 193 194 196 198 200 201 202 206 207 208 212 216 217 219 220 225 226 230 232 233
20 161 163 166 167 169 170 173 174 175 184 186 189 194 201 210 212 213 220 227 234
18 161 167 171 177 181 186 191 193 199 205 214 220 221 224 225 228 231 233
25 167 168 175 177 181 182 186 191 192 196 200 203 205 207 208 210 211 213 218 220 223 225 231 232 236
12 172 176 183 190 196 199 205 215 219 222 226 232
29 161 168 171 176 177 180 181 183 185 186 187 188 190 191 194 195 197 198 199 202 204 210 212 217 223 226 227 230 233
7 163 185 191 196 213 220 227
8 170 174 197 205 209 210 227 228
14 161 176 186 193 195 196 199 208 213 220 222 227 234 236
15 166 167 168 174 185 187 190 199 205 208 210 216 219 235 236
22 161 168 172 175 186 191 195 199 200 202 205 206 207 208 211 215 218 220 221 223 229 232
13 167 168 171 176 185 187 189 199 208 216 224 235 236
22 164 167 171 174 179 180 182 194 205 207 209 211 212 214 215 219 221 222 226 229 234 236
33 163 164 166 170 172 173 174 175 179 182 184 189 193 200 201 203 206 207 208 209 214 215 216 220 224 225 228 229 231 232 234 235 236
21 161 164 166 167 169 170 173 175 179 180 185 195 213 217 219 223 227 228 231 234 235
16 162 166 168 178 179 180 181 183 190 205 209 217 218 223 224 225
6 166 168 183 206 209 235
8 166 171 183 184 190 203 206 209
21 161 175 177 178 186 189 190 193 197 203 204 215 216 217 218 221 223 227 229 231 233
22 165 175 176 184 186 189 195 198 199 204 207 208 211 214 215 219 226 228 230 231 232 233
13 163 165 173 179 181 182 184 196 205 206 224 227 228
6 164 170 172 188 206 234
24 163 171 172 175 177 179 182 184 185 186 189 190 193 196 204 209 221 222 224 225 226 228 235 236
24 162 164 165 172 180 184 186 188 196 201 203 207 209 213 214 217 218 221 225 228 229 230 233 234
14 161 163 170 179 181 195 200 202 204 211 212 223 227 232
8 166 170 174 183 184 204 212 227
18 169 170 172 173 175 178 196 197 199 208 211 212 223 226 227 232 234 236
6 171 173 175 182 205 210
15 162 163 175 177 180 186 190 195 202 216 224 225 227 231 236
7 173 175 176 185 193 206 210
4 181 198 226 232
15 163 166 170 187 190 195 201 202 206 215 216 228 229 230 236
13 163 177 187 189 191 196 203 204 207 216 218 221 225
16 161 167 169 171 176 186 191 194 203 204 206 215 217 230 231 232
7 191 196 213 216 220 227 235
22 165 167 171 174 176 177 182 186 192 194 197 198 203 207 208 211 219 221 228 230 231 233
17 161 164 165 166 168 169 174 177 180 192 196 200 207 213 215 220 236
15 170 172 173 190 199 203 204 206 208 209 217 221 224 227 235
18 174 180 185 187 188 192 195 203 204 209 213 215 222 223 227 229 234 235
13 162 171 172 173 184 195 196 203 208 213 221 229 235
8 162 163 175 178 190 208 217 222
10 171 173 175 182 189 193 205 206 210 224
13 161 171 173 174 175 180 192 193 197 219 222 234 235
15 162 169 172 179 182 191 200 205 207 208 211 214 224 226 236
24 162 164 165 172 173 175 178 180 184 186 188 201 203 207 209 214 218 221 225 228 229 231 233 234
19 161 168 171 176 178 180 181 185 188 191 195 198 202 204 210 217 223 226 233
8 181 189 200 201 206 207 214 215
14 163 165 173 181 182 184 196 200 206 211 222 227 228 234
11 162 163 175 178 182 190 194 208 222 235 236
16 161 168 169 172 175 177 190 193 199 202 205 206 208 220 221 223
8 173 181 187 188 196 200 203 217
22 164 167 171 174 177 179 180 185 194 207 209 211 212 215 221 222 223 226 229 231 234 236
16 164 168 171 172 175 179 182 205 219 221 222 224 226 229 234 236
11 167 173 176 179 195 200 204 205 214 221 223
28 161 162 164 165 166 170 171 172 175 186 189 190 191 194 198 207 208 209 215 216 217 218 220 222 224 226 227 230
27 163 164 165 166 177 179 186 190 191 192 193 194 195 197 199 200 202 210 216 217 218 224 226 231 232 233 234
50 161 162 164 165 166 167 170 171 172 173 175 177 179 183 186 187 188 190 191 194 195 197 198 200 202 203 204 205 208 209 211 212 213 214 215 216 218 220 221 222 223 225 226 227 228 230 232 233 235 236
50 161 163 166 167 168 170 171 172 173 174 176 178 179 181 182 185 186 187 188 189 190 191 193 194 195 196 198 199 200 201 203 204 205 207 208 212 217 219 220 221 222 223 224 226 228 229 232 233 234 236
51 164 165 166 167 170 171 173 175 177 178 181 182 183 186 187 188 189 191 194 195 197 198 199 203 204 205 207 208 210 211 212 213 214 216 217 218 219 221 222 224 225 226 227 228 229 230 232 233 234 235 236
25 164 166 167 171 173 174 175 176 181 187 188 189 191 194 195 203 206 208 214 216 221 222 225 227 234
30 161 162 171 179 181 184 186 188 190 191 192 194 195 197 198 207 209 210 212 215 219 220 223 224 225 226 228 229 232 236
47 161 162 163 167 168 169 173 174 176 178 181 182 183 185 186 187 190 192 193 194 195 196 197 200 201 203 206 207 208 210 211 213 214 216 217 218 220 221 222 223 225 227 228 230 231 232 234
30 161 164 173 174 176 177 178 181 185 186 188 189 191 192 197 202 203 204 207 213 215 217 218 219 220 221 222 227 228 232
48 161 162 163 164 165 167 168 169 171 174 175 176 177 178 181 182 184 186 188 189 191 196 200 203 204 205 209 210 211 212 213 214 215 216 217 219 220 221 222 223 224 225 227 231 232 233 235 236
29 165 166 168 171 175 181 185 189 195 198 199 200 201 202 206 208 215 218 219 220 222 223 225 226 228 229 230 235 236
35 161 164 165 168 174 178 181 184 185 186 188 191 193 194 195 197 202 203 204 206 209 210 214 215 217 220 222 223 224 226 228 229 231 235 236
47 161 162 163 164 167 168 169 170 172 173 174 175 177 178 179 186 188 189 191 192 193 194 195 196 198 200 201 203 204 208 209 210 211 213 217 218 219 223 225 228 229 230 231 233 234 235 236
36 162 163 164 165 169 170 173 175 178 182 183 187 189 190 191 192 198 199 200 202 207 209 214 216 220 222 223 225 226 228 229 230 231 233 234 235
49 161 163 164 166 167 168 169 171 172 173 176 177 178 180 181 182 183 184 187 188 189 190 191 192 194 196 197 200 201 203 207 210 211 214 215 216 217 218 220 221 222 223 227 228 229 230 232 234 235
46 161 163 164 165 167 169 171 173 175 177 178 179 180 181 182 183 184 185 186 187 188 189 190 191 192 193 194 196 199 203 205 206 207 209 214 218 220 222 223 226 227 228 230 232 234 236
46 162 165 167 169 170 172 173 175 176 178 179 181 184 186 187 188 190 193 195 196 197 199 200 201 202 204 205 209 210 212 213 215 217 218 220 221 223 225 227 228 229 230 231 232 234 236
35 163 164 166 167 169 170 172 177 178 182 183 184 185 186 187 188 190 191 197 199 201 204 205 206 207 208 209 213 216 217 219 222 230 232 233
42 162 164 165 167 169 170 172 173 174 176 177 179 180 181 185 192 194 195 196 197 199 203 204 206 209 210 211 212 213 214 215 217 220 221 222 223 224 226 227 228 230 234
51 161 162 164 165 166 167 168 169 170 174 175 176 177 178 179 181 183 186 189 191 193 194 196 197 201 202 203 204 205 206 208 209 210 212 213 215 216 217 219 220 221 223 225 226 227 228 229 230 232 235 236
36 161 162 163 165 166 169 170 172 173 174 176 178 179 180 185 186 187 188 189 191 202 203 204 205 207 212 213 214 218 221 222 223 228 229 231 236
42 163 164 165 167 170 171 173 174 175 177 182 183 185 186 188 189 191 192 195 198 200 203 205 206 207 210 212 214 215 216 217 221 222 223 224 225 226 227 228 231 234 236
46 162 164 167 168 169 170 174 175 179 181 183 185 187 188 190 193 194 195 196 197 198 199 201 202 204 207 208 210 211 212 214 215 216 217 218 219 221 222 227 229 231 232 233 234 235 236
39 162 163 165 166 168 169 181 182 183 184 185 187 190 196 197 198 199 200 202 203 205 207 209 213 216 218 219 220 221 222 223 225 226 227 230 231 232 233 236
33 162 163 166 167 168 179 181 187 189 190 192 193 195 198 199 201 202 203 205 207 209 210 212 214 216 218 219 220 222 225 226 227 231
40 163 164 170 172 173 174 175 178 179 180 183 184 186 187 189 190 192 193 198 199 201 203 204 205 206 208 209 210 213 216 217 218 221 222 225 227 229 231 232 233
24 165 169 174 180 181 185 187 190 196 197 198 199 207 209 212 216 219 221 223 226 227 229 232 235
34 163 164 166 169 171 179 181 182 183 187 188 190 191 195 197 202 203 204 206 207 211 212 213 214 215 218 223 224 225 227 228 230 233 235
50 162 163 164 165 166 167 171 172 174 175 177 178 179 180 182 184 186 188 191 192 193 194 196 197 198 199 200 201 203 204 205 207 208 209 210 211 212 213 216 218 219 221 223 224 225 226 230 231 232 235
32 162 163 165 166 167 173 175 176 178 180 181 184 188 191 192 194 198 199 200 201 202 207 212 214 215 217 220 222 229 230 235 236
41 164 167 168 170 171 173 174 175 176 177 183 184 185 186 187 189 190 193 195 199 201 203 205 206 207 209 210 212 218 219 220 221 223 224 226 227 228 229 233 234 235
49 161 162 163 166 168 169 171 172 174 175 181 183 184 185 186 187 188 189 190 192 193 194 196 197 198 199 200 203 205 207 208 210 211 212 214 217 218 219 220 221 222 225 228 229 231 232 234 235 236
30 162 163 164 171 172 173 175 176 180 182 183 186 188 191 192 194 195 202 206 208 218 219 220 223 226 229 230 232 233 235
40 161 164 165 169 170 172 176 177 178 182 184 185 188 189 191 195 196 198 199 200 201 203 206 208 209 210 212 213 215 217 218 219 224 225 226 229 230 231 234 236
25 164 165 167 171 176 177 180 181 186 187 194 195 198 199 207 208 209 213 214 216 219 220 226 230 236
27 162 163 168 172 173 175 177 187 188 193 194 198 200 201 202 205 207 208 221 222 223 225 226 227 228 229 234
33 162 163 165 168 171 175 179 182 183 184 186 188 189 192 195 196 198 201 204 205 206 210 215 219 220 222 223 225 227 230 231 232 233
47 162 165 166 167 168 169 170 171 175 177 178 180 181 182 184 186 187 188 190 191 195 196 198 199 200 203 205 206 207 208 210 211 215 216 218 221 222 223 225 227 228 229 230 231 233 234 236
25 163 167 169 173 175 178 181 184 187 188 189 194 197 198 200 205 206 216 219 221 223 226 228 231 236
30 164 167 171 172 175 181 182 184 185 187 191 192 193 200 201 206 207 208 210 211 215 217 219 221 225 226 227 231 232 233
33 164 166 167 168 171 173 175 176 177 182 184 185 187 188 193 197 200 203 205 206 209 210 211 212 213 218 220 221 222 223 225 228 230
45 163 164 166 167 170 171 172 173 175 176 177 178 179 180 181 183 185 187 189 190 192 193 194 195 204 206 207 208 211 212 214 217 219 221 223 224 225 226 227 228 229 232 233 234 236
30 161 163 164 165 166 167 172 173 174 177 182 184 185 192 194 198 206 207 208 209 210 212 214 217 218 219 223 226 231 234
35 164 165 166 169 170 172 173 175 178 179 180 184 186 190 191 193 194 195 197 198 199 200 204 206 211 214 215 217 221 224 225 230 232 234 235
29 163 166 167 170 171 173 179 182 186 188 191 192 193 194 196 197 198 201 202 203 204 213 218 220 222 223 224 226 233
42 161 162 165 166 167 168 169 171 172 173 174 176 178 179 186 189 191 192 196 197 198 199 201 203 205 208 209 210 211 215 216 217 223 224 225 226 227 228 229 232 233 234
42 162 163 164 165 168 169 170 171 174 176 177 183 184 186 188 190 192 193 194 196 198 199 202 205 207 208 209 210 211 216 217 218 219 221 223 224 226 227 229 231 232 235
39 161 163 164 165 166 168 171 173 177 181 183 185 187 188 189 190 194 195 196 199 202 204 205 207 209 214 216 217 219 221 223 226 227 228 229 230 232 233 236
29 161 163 165 169 172 177 179 186 188 189 190 191 193 197 200 202 203 209 210 214 216 221 225 226 229 231 233 234 236
24 163 169 172 174 175 176 182 186 187 195 197 199 205 210 214 215 220 222 229 231 233 234 235 236
38 162 163 164 165 167 171 174 180 181 186 187 188 189 190 193 196 197 198 200 203 204 205 207 208 209 210 211 212 220 221 222 223 227 228 229 230 231 235
28 162 172 174 178 179 180 181 182 186 189 193 198 199 203 204 207 208 210 211 215 216 218 223 225 226 228 230 233
23 178 179 181 188 192 195 196 197 198 200 209 213 214 216 218 220 222 223 225 231 233 234 235
52 161 162 163 164 166 168 169 171 172 176 178 179 180 182 183 184 185 186 187 188 189 190 191 192 193 194 195 197 198 199 200 201 202 203 206 207 209 210 211 212 213 214 216 217 218 220 225 226 230 233 234 235
30 165 166 167 168 169 171 176 177 178 182 185 186 194 198 200 203 205 206 207 208 213 215 216 217 220 223 230 232 234 235
34 162 163 166 167 172 174 177 180 185 186 187 189 192 193 194 195 197 198 199 205 206 208 209 215 216 218 222 223 227 228 230 232 233 234
36 164 166 169 171 176 178 179 180 182 183 184 186 189 190 191 192 193 194 195 197 198 199 200 205 207 208 209 210 213 214 223 228 231 232 233 235
44 162 163 165 167 168 169 170 171 175 177 180 181 182 183 184 185 186 187 188 189 191 192 193 196 197 199 200 203 206 210 212 214 215 217 220 221 222 225 227 229 232 233 235 236
30 161 166 167 174 176 177 179 181 187 190 192 193 195 197 199 201 207 208 209 210 214 216 217 222 223 224 225 228 230 236
36 166 169 170 171 177 179 181 183 184 185 189 191 193 195 198 200 202 203 204 205 206 207 208 212 214 216 220 221 225 227 230 231 232 234 235 236
26 161 164 167 168 171 173 177 178 183 185 187 190 194 202 214 217 218 223 224 227 229 230 231 232 233 236
49 161 163 164 167 168 169 170 171 172 174 176 177 178 181 182 183 184 186 187 188 189 190 191 192 193 197 198 201 202 203 207 208 211 212 213 215 216 217 219 220 222 223 224 227 228 230 231 235 236
43 161 162 164 165 168 170 171 173 175 176 177 178 183 184 186 187 190 192 193 194 195 197 199 200 201 202 204 206 207 208 211 213 216 218 219 223 224 226 227 228 231 232 235
33 161 162 163 164 169 170 171 173 175 179 184 186 187 188 192 193 194 195 199 202 203 205 207 209 212 217 218 219 222 225 228 232 234
41 161 162 163 165 166 168 171 172 173 175 177 180 181 184 185 187 190 192 193 194 198 200 201 204 208 209 211 213 215 218 221 223 225 226 227 228 229 230 231 233 234
43 161 162 164 165 167 169 171 177 178 182 183 186 187 188 189 190 191 192 193 194 198 201 202 203 204 205 206 209 210 215 218 219 220 222 223 224 225 226 227 228 230 231 234
43 161 163 164 165 170 172 175 177 178 180 182 187 189 190 192 195 199 200 201 202 203 204 205 208 210 212 214 215 216 217 218 219 220 222 223 226 227 228 229 230 232 234 236
24 161 163 168 172 178 179 180 181 182 184 185 191 192 198 204 211 212 214 215 216 217 223 224 229
24 163 164 167 169 183 184 185 188 189 190 191 208 210 214 215 217 221 222 224 226 227 229 234 236
32 163 165 166 167 168 171 172 174 175 180 181 184 185 189 191 192 194 197 199 202 205 207 208 211 213 218 219 220 221 223 225 228
52 161 162 163 164 165 166 167 168 170 171 173 174 175 177 178 180 181 183 185 187 188 190 191 192 194 195 197 198 200 202 203 204 205 207 208 209 211 213 216 218 219 222 223 224 225 226 229 230 231 232 233 234
25 164 165 166 167 174 175 178 182 186 188 193 195 196 209 213 218 220 221 222 224 225 226 227 229 233
32 165 174 175 176 177 178 179 180 181 185 186 189 190 194 197 198 205 206 207 211 213 215 219 220 221 222 223 224 225 232 233 234
43 161 163 164 165 166 168 170 171 172 173 174 176 179 183 184 185 188 189 190 193 194 195 196 199 200 201 202 207 208 211 213 215 216 217 220 221 224 227 229 230 231 232 234
41 162 163 164 165 167 168 169 170 172 173 176 178 181 183 185 187 192 193 195 198 199 200 205 206 207 212 213 214 215 216 218 219 220 221 222 225 226 228 231 233 234
28 161 166 168 169 171 172 181 182 183 185 188 192 195 196 203 204 208 209 210 215 220 225 226 227 228 229 230 235
48 161 163 165 168 170 171 175 179 182 184 185 186 187 188 190 192 193 194 196 199 200 201 202 203 204 205 208 211 212 213 215 216 217 218 219 220 223 224 225 226 227 228 229 230 231 232 234 236
39 163 164 165 166 167 170 171 175 178 179 180 184 185 186 187 188 190 195 196 197 198 199 200 202 206 207 210 211 212 216 217 219 222 223 227 230 232 235 236
42 161 163 167 168 169 174 177 179 180 183 184 186 187 188 189 192 193 194 197 198 199 200 201 204 205 208 209 211 213 214 216 219 221 222 224 226 227 228 229 230 235 236
28 164 170 173 177 179 181 187 193 196 199 206 207 210 213 214 218 220 221 222 224 225 226 228 229 231 233 234 235
37 163 164 166 167 169 171 172 173 175 176 177 181 184 186 187 192 193 196 197 198 200 201 205 206 209 210 212 214 218 222 223 224 228 229 231 232 236
23 162 163 166 169 178 180 181 185 189 194 198 199 200 201 204 206 207 213 221 228 229 231 232
32 161 163 164 165 169 172 173 177 181 189 191 193 194 199 201 202 203 206 208 209 210 211 217 218 221 223 225 226 227 230 233 234
46 161 163 164 165 166 170 171 172 176 177 178 179 180 182 183 185 186 187 188 190 191 193 195 198 199 200 201 202 204 205 206 207 208 211 212 216 217 220 221 222 224 225 230 231 234 236
44 162 163 164 165 170 172 175 176 177 178 179 180 184 186 189 190 192 194 195 196 197 199 201 202 203 204 205 206 208 209 210 214 217 219 222 225 227 229 231 232 233 234 235 236
52 163 164 166 167 169 170 171 172 173 174 176 177 179 180 181 182 183 184 185 186 188 189 190 191 193 194 195 197 198 199 201 204 207 209 210 211 213 216 217 218 219 221 223 227 228 230 231 232 233 234 235 236
29 164 165 166 167 168 175 177 178 180 181 182 184 186 188 190 193 197 198 211 214 215 220 221 222 223 224 229 231 234
27 162 163 164 165 167 169 170 172 174 175 176 182 185 187 194 195 197 202 203 208 220 221 222 226 228 234 235
50 161 163 164 165 167 168 171 172 173 174 177 180 182 183 184 186 188 190 191 192 195 196 197 200 203 204 206 207 208 209 210 211 213 214 215 216 217 218 221 224 225 227 229 230 231 232 233 234 235 236
39 161 162 165 166 167 169 172 173 177 178 180 183 184 186 188 189 190 191 197 198 201 202 203 204 205 206 209 211 212 213 215 216 218 219 227 228 230 232 234
50 161 162 164 165 166 167 171 173 174 175 176 177 178 179 183 184 185 186 188 190 194 195 196 197 198 200 202 203 204 205 206 207 208 210 211 214 218 219 220 221 222 223 224 225 227 228 229 234 235 236
27 161 167 168 169 172 173 175 183 186 190 200 205 206 208 210 212 215 217 218 220 225 227 228 229 231 233 236
52 161 162 164 165 166 169 170 171 172 173 174 175 176 178 179 181 185 187 189 190 191 192 195 196 199 200 201 202 204 205 206 207 208 211 214 216 218 220 221 222 223 224 225 227 228 229 230 231 232 233 235 236
42 161 162 163 166 170 172 173 176 178 180 182 184 186 187 188 189 193 195 196 199 203 206 207 209 211 214 216 218 219 221 222 223 224 225 226 227 231 232 233 234 235 236
24 162 165 168 173 178 179 182 184 193 195 200 201 206 210 211 215 216 218 219 229 231 232 235 236
23 161 163 170 171 172 174 175 184 191 193 197 203 205 208 212 214 215 217 224 225 227 228 236
32 162 163 164 170 171 172 173 174 178 180 183 187 189 190 192 195 196 197 199 205 208 209 211 214 216 218 220 226 228 229 233 236
33 161 164 165 167 169 177 179 181 182 185 187 190 196 197 198 205 207 208 209 211 212 214 216 219 220 226 227 229 231 232 233 234 236
30 162 165 170 172 177 178 181 182 184 186 187 188 190 192 195 198 201 203 204 205 206 208 210 215 217 222 223 225 231 235
42 161 163 165 166 170 171 173 174 177 178 180 181 184 186 187 189 190 192 193 195 196 198 200 201 205 206 210 212 214 215 216 217 219 223 224 225 226 232 233 234 235 236
29 161 163 171 173 176 178 181 183 184 187 188 190 195 198 199 201 203 204 205 206 209 211 215 216 223 225 227 231 236
28 163 174 176 178 179 181 182 189 191 194 197 199 202 204 206 208 209 211 214 216 217 218 219 221 224 225 231 236
36 162 164 165 167 168 169 171 172 175 176 178 179 181 182 183 185 192 197 198 199 201 204 207 208 209 212 214 216 217 219 222 228 230 231 234 236
24 167 173 178 181 182 192 196 197 198 199 200 201 205 206 208 209 212 213 215 219 220 231 233 235
45 162 165 166 167 169 172 173 174 175 176 177 178 179 180 183 185 186 187 188 190 191 192 196 199 201 202 204 205 208 211 212 214 217 221 222 223 224 225 226 227 230 231 232 233 236
44 162 164 166 167 168 169 170 171 172 174 177 178 179 181 182 183 184 186 195 198 200 201 202 203 205 206 208 211 212 215 217 218 219 220 221 222 223 226 230 231 232 233 234 235
50 161 162 163 165 166 169 170 171 172 173 175 176 177 178 179 181 182 183 184 185 186 187 189 191 192 193 194 195 196 203 204 205 206 208 209 210 213 216 218 219 220 222 226 227 229 230 231 233 235 236
28 164 167 170 171 178 180 182 183 184 188 189 190 192 195 198 202 204 206 208 209 211 212 218 220 221 223 225 227
26 165 169 174 175 177 179 183 187 188 191 193 197 199 202 206 213 217 218 220 226 228 230 231 232 233 236
29 161 162 166 167 169 171 172 174 175 177 178 180 184 188 190 191 192 193 199 201 202 204 206 210 213 217 223 224 236
37 163 164 165 167 169 172 174 175 177 178 181 182 183 185 186 192 194 197 199 200 201 204 207 208 209 212 214 220 222 223 229 230 231 232 234 235 236
25 165 170 173 176 180 181 185 188 189 191 196 197 199 203 204 211 212 213 217 221 223 224 225 229 236
41 163 166 167 168 169 172 173 175 178 180 181 182 186 187 188 189 190 191 192 194 196 197 198 201 203 205 207 208 209 210 211 213 217 221 225 226 228 229 230 231 236
35 161 162 163 164 172 173 176 179 180 185 187 188 190 191 193 194 196 199 202 206 207 210 211 212 213 216 217 220 222 224 225 227 228 229 232
28 161 164 165 166 167 169 170 171 172 173 176 180 187 189 192 200 202 204 208 212 214 215 216 219 223 233 234 236
29 163 164 169 175 176 179 181 182 183 184 187 191 196 197 202 203 204 207 209 210 215 218 219 221 225 226 230 233 235
38 161 162 164 165 166 169 171 175 176 179 180 186 188 190 193 195 196 197 199 200 203 205 206 207 208 209 210 212 213 216 218 221 222 223 224 225 232 235
48 161 165 168 170 171 173 174 176 178 179 180 182 184 185 187 190 192 193 194 196 197 198 199 200 202 203 204 205 209 210 211 212 213 214 215 216 217 218 219 221 222 224 227 228 230 231 233 234
30 165 166 167 171 172 173 176 179 182 183 184 188 191 194 195 199 201 203 204 209 211 216 218 220 221 222 223 227 229 235
46 165 166 168 169 170 172 174 175 176 178 179 181 182 184 186 187 190 191 193 195 197 198 199 200 201 202 204 205 206 208 209 210 211 214 215 218 219 222 223 225 228 232 233 234 235 236
29 161 162 163 164 169 172 175 176 177 178 180 181 182 185 186 188 196 202 208 209 210 213 215 219 221 222 223 231 233
34 163 165 169 172 177 180 182 187 188 189 192 193 195 196 199 201 202 204 206 207 210 211 213 215 219 221 224 225 226 228 230 231 232 235
43 162 163 164 165 166 167 169 170 171 172 174 176 178 179 180 181 183 184 186 187 188 193 195 196 197 198 201 202 203 204 211 213 219 220 221 222 223 225 228 231 234 235 236
26 163 169 172 175 179 185 191 192 193 194 195 196 201 203 205 207 212 213 215 216 219 228 233 234 235 236
34 162 164 166 168 170 173 175 176 178 181 182 186 187 190 191 192 199 204 206 207 208 210 212 216 219 220 221 222 223 228 229 230 231 234
32 162 163 165 167 169 171 173 174 176 178 179 181 182 192 193 194 196 197 204 206 207 209 211 213 214 221 224 226 227 231 234 236
29 161 162 163 164 165 171 172 173 177 178 179 180 181 185 188 190 191 206 208 210 211 216 221 222 223 225 230 233 234
27 161 163 164 168 170 173 174 175 186 191 195 196 198 199 201 202 204 209 210 214 216 217 220 223 229 233 234
24 163 169 174 176 178 180 181 185 187 189 196 202 203 210 211 216 219 220 221 224 230 232 233 234
33 163 164 166 167 171 173 174 176 177 179 180 183 185 186 188 190 191 192 193 195 196 198 199 203 204 205 209 214 216 219 226 230 232
35 161 163 166 170 171 173 175 179 180 182 183 193 194 196 199 200 205 208 210 211 213 214 217 218 219 224 225 226 227 228 230 232 233 234 236
33 162 170 171 175 176 179 180 181 183 185 186 187 188 196 199 200 203 207 208 209 211 213 217 219 220 224 225 227 228 230 231 232 233
37 163 165 167 169 172 173 176 178 179 180 181 182 183 185 186 188 192 193 195 198 200 203 204 207 209 211 215 216 217 220 223 224 226 227 232 233 234
33 165 166 169 170 174 177 179 185 186 187 188 190 191 194 195 197 200 201 204 205 206 207 209 212 214 215 216 218 220 226 227 231 233
23 162 163 171 172 173 176 181 183 186 187 193 195 197 199 200 205 207 214 220 221 222 224 235
23 163 164 167 171 173 179 182 183 190 193 199 204 208 209 217 222 223 226 227 229 231 232 234
44 161 164 165 168 169 171 172 173 174 176 178 180 181 183 184 186 187 190 191 193 194 195 196 202 203 204 205 209 211 212 213 215 217 218 219 220 222 223 224 227 228 232 235 236
31 164 166 169 171 172 173 175 177 178 182 183 190 191 194 196 198 199 200 201 207 216 217 219 221 225 226 228 230 232 235 236
42 161 168 169 171 172 174 175 177 178 179 180 182 183 184 186 188 190 196 198 199 201 202 203 205 206 210 211 212 213 214 215 218 219 223 224 225 226 228 229 231 232 233
42 163 165 166 169 170 171 174 176 177 179 180 182 185 186 190 194 197 201 202 204 205 206 207 208 209 211 212 213 214 217 218 219 220 221 224 226 227 229 231 232 233 234
39 161 163 164 165 168 169 172 174 176 178 183 184 185 187 188 190 194 195 196 197 198 201 205 206 208 209 214 215 216 217 219 222 223 224 225 229 230 232 234
23 162 164 165 167 171 173 177 179 180 185 201 209 211 212 214 217 220 222 224 225 231 232 234
45 161 164 166 167 173 174 175 176 178 179 180 181 182 184 185 186 187 188 190 191 194 195 196 197 198 199 201 204 206 207 208 212 213 216 217 218 221 222 223 224 228 230 231 233 236
44 161 162 164 165 167 170 172 173 174 176 177 178 180 181 182 183 184 188 189 190 191 192 193 196 197 198 199 202 204 205 206 211 212 215 217 219 222 223 224 226 228 230 231 234
47 161 164 166 167 170 171 174 175 176 177 178 179 182 183 184 185 187 188 189 191 194 195 196 197 198 202 203 206 209 210 213 214 215 216 217 219 220 222 224 226 227 230 232 233 234 235 236
37 162 163 164 171 175 176 177 179 180 182 183 184 186 187 192 193 194 196 197 198 199 200 201 202 203 204 209 210 213 216 219 224 226 227 228 231 234
29 162 166 169 170 172 174 175 177 178 180 182 183 192 194 196 199 200 201 210 212 213 214 216 224 225 228 229 232 236
43 163 164 166 167 170 171 172 174 176 177 179 180 181 182 183 184 185 186 189 191 192 194 195 197 198 199 201 205 206 207 208 209 210 212 213 215 218 219 223 227 228 231 234
8 249 254 256 259 268 279 283 285
21 238 239 242 243 244 247 250 253 255 258 265 268 269 270 275 278 281 282 283 284 285
24 241 242 243 245 246 249 250 251 252 254 257 258 259 266 268 270 272 273 276 277 279 280 283 284
26 237 238 240 243 244 247 248 250 251 253 254 258 260 267 268 269 270 272 273 275 278 279 280 281 282 284
11 237 239 245 251 252 258 265 272 274 275 280
29 238 240 242 243 244 248 250 251 252 253 256 260 261 263 264 266 267 268 269 270 271 272 275 278 279 281 282 284 285
28 237 240 241 245 246 248 249 251 252 254 256 257 259 260 261 262 263 264 266 267 271 272 273 274 276 277 279 280
18 238 239 244 246 248 251 257 258 261 262 264 269 272 273 276 280 282 283
14 240 244 246 249 253 254 257 261 264 266 270 275 279 281
23 238 241 242 245 249 251 253 256 257 258 261 263 266 269 270 271 272 274 276 277 278 283 284
10 237 241 257 258 260 261 269 275 278 284
12 239 244 251 257 260 261 262 264 267 269 270 274
10 246 249 252 257 263 266 272 279 281 282
13 239 243 245 246 251 252 253 257 268 273 277 278 281
11 240 247 248 251 259 260 262 270 273 279 284
14 238 239 242 243 244 245 251 252 255 256 264 267 272 274
8 237 240 241 250 258 263 266 272
7 242 244 257 267 269 273 284
13 240 243 245 247 251 254 256 260 262 264 266 273 276
16 240 242 246 257 258 261 263 267 269 270 272 276 277 280 281 283
11 251 252 259 265 269 272 273 277 280 283 285
16 241 249 253 256 260 263 264 268 276 277 278 279 281 282 283 285
20 238 243 246 248 251 253 257 261 262 263 264 266 269 270 271 273 278 281 282 284
15 238 239 243 246 248 250 252 256 257 260 263 266 275 284 285
15 238 239 240 241 247 251 261 263 265 266 272 274 279 280 285
12 238 242 254 255 259 261 271 273 275 277 278 284
12 239 240 245 247 249 256 258 265 267 275 277 285
19 237 240 241 249 250 253 255 256 257 258 261 263 266 271 273 277 278 280 283
8 248 250 255 259 264 265 268 280
14 242 244 245 246 248 249 250 253 254 268 270 271 273 284
34 239 241 242 243 245 246 247 249 253 256 257 259 260 261 262 263 264 265 266 267 268 269 270 271 272 275 276 277 278 279 280 281 283 285
22 237 238 239 240 241 242 247 248 250 251 252 255 259 260 261 265 266 268 271 275 276 281
23 237 240 241 243 247 249 250 252 254 255 260 265 268 270 271 274 275 277 278 279 281 284 285
26 238 240 242 243 245 246 248 249 251 252 253 255 258 263 264 265 266 267 268 273 276 277 278 280 283 285
25 237 238 239 240 244 247 248 253 255 256 260 261 262 263 264 265 267 269 271 274 275 278 281 282 285
23 239 241 242 245 246 249 252 255 256 257 259 261 262 263 264 265 266 271 274 276 277 283 285
11 242 246 251 263 267 268 271 274 276 277 281
14 237 238 239 242 248 249 252 265 267 274 275 281 284 285
15 238 240 243 246 247 248 250 254 255 259 261 262 266 270 271
14 237 240 241 247 249 250 261 262 264 267 269 272 280 285
23 237 238 246 247 248 249 252 253 256 258 260 261 267 268 269 270 272 273 274 277 278 279 281
8 242 245 253 256 259 263 266 267
21 238 242 243 245 246 247 248 252 253 255 265 271 273 275 276 277 278 280 281 282 284
13 237 247 253 258 261 262 267 268 269 271 274 276 283
21 237 238 239 240 245 252 254 255 256 257 258 259 260 269 270 272 273 275 278 280 283
20 237 239 241 245 246 247 249 254 255 257 258 259 262 265 273 274 276 277 280 283
16 237 243 252 256 257 258 260 262 264 267 269 276 277 278 282 283
22 237 238 241 243 245 247 248 249 251 254 259 260 264 265 266 271 273 274 275 278 282 285
18 238 242 244 248 254 255 259 263 265 266 270 271 274 276 279 282 283 284
11 240 242 251 252 253 256 257 261 263 277 284
10 238 248 252 259 260 262 265 269 274 284
21 237 241 243 244 246 248 255 258 260 262 266 267 269 272 273 275 276 278 279 281 282
12 237 238 239 241 247 256 258 262 263 268 276 282
15 237 238 240 244 248 250 251 252 254 255 258 273 274 282 284
12 240 241 243 244 245 262 267 268 270 274 280 285
22 241 244 246 250 253 255 257 258 259 261 263 268 269 270 271 272 277 278 279 280 282 283
26 239 240 241 242 243 244 245 250 251 254 255 257 259 262 263 264 265 266 271 275 276 280 282 283 284 285
16 237 238 244 249 253 254 255 258 263 264 267 268 271 272 282 285
14 239 241 242 245 250 252 257 261 265 269 274 275 276 281
15 237 239 247 248 250 251 253 256 258 260 264 265 269 276 283
17 237 241 242 244 250 252 254 255 259 260 268 272 274 276 279 280 283
23 237 239 241 244 247 250 254 256 257 259 260 261 262 269 270 271 272 274 275 279 281 282 284
5 247 252 262 275 281
6 239 246 270 272 275 281
11 239 244 250 252 253 255 256 262 268 279 284
17 238 239 245 247 249 250 254 259 264 265 268 270 271 274 280 283 285
4 255 259 275 281
8 243 246 256 266 277 278 280 283
21 240 241 242 244 245 249 251 254 255 259 264 265 270 272 273 277 278 279 280 281 282
10 241 244 247 248 261 264 265 266 282 285
7 243 249 250 253 262 279 284
14 240 246 247 248 249 250 254 262 276 277 279 281 282 285
14 242 243 244 245 247 251 254 264 267 268 276 279 282 285
12 242 243 245 248 250 255 260 267 271 274 278 284
4 256 258 260 275
27 243 244 245 246 249 253 254 256 257 258 262 263 264 267 269 270 272 273 274 277 278 279 280 282 283 284 285
13 237 239 240 243 244 246 254 260 267 273 279 282 285
11 253 259 263 265 266 268 270 271 273 280 283
9 239 240 245 249 256 267 275 277 285
5 243 250 262 279 284
5 243 249 253 262 284
9 239 241 242 245 257 269 275 276 281
11 240 244 246 249 253 257 261 266 275 279 281
13 237 243 252 256 257 260 262 267 269 276 277 282 283
6 259 265 269 273 277 280
7 251 252 253 256 261 277 284
11 238 239 242 243 244 245 251 255 256 272 274
15 240 242 244 251 254 255 265 270 272 273 277 278 279 280 282
10 239 241 242 257 265 269 274 275 276 281
16 237 240 249 250 253 255 256 257 258 263 271 273 277 278 280 283
10 240 243 246 247 255 259 261 262 266 271
7 237 240 241 247 264 272 280
10 244 251 257 260 261 262 264 269 270 274
19 238 240 243 244 247 250 251 253 254 258 260 267 268 272 273 275 278 279 282
17 238 241 242 245 253 257 258 261 263 266 269 271 274 276 277 278 283
8 241 243 244 245 262 267 268 280
14 238 249 253 254 255 258 263 264 267 268 271 272 282 285
14 238 245 247 248 252 253 255 271 273 276 277 281 282 284
4 254 256 268 279
17 239 241 242 249 259 260 261 262 263 266 267 268 270 272 276 279 280
8 242 263 267 268 271 274 276 277
3 250 253 284
12 237 243 252 256 257 258 260 264 267 277 282 283
11 238 239 242 243 244 245 251 252 264 272 274
8 241 247 261 264 265 266 282 285
12 238 239 244 246 257 258 264 272 273 280 282 283
8 251 252 259 265 269 273 283 285
19 240 241 245 246 251 252 254 256 257 259 260 261 264 266 267 273 274 276 277
8 253 263 265 268 270 271 273 280
9 242 243 244 245 251 254 264 282 285
9 240 242 246 258 261 269 270 272 281
5 237 241 258 261 278
17 237 238 240 256 261 262 263 264 265 269 271 274 275 278 281 282 285
17 238 239 243 244 247 250 253 255 265 268 269 270 275 278 281 282 284
6 248 250 259 264 265 268
12 237 241 250 254 260 268 272 274 276 279 280 283
7 238 259 261 273 275 277 284
6 258 262 267 268 269 274
9 240 246 258 267 270 272 277 280 281
18 241 246 250 253 257 258 259 261 263 269 270 271 272 277 278 279 280 282
9 237 247 258 262 269 271 274 276 283
12 240 244 246 253 254 257 261 264 266 270 275 279
5 245 251 252 275 280
9 240 246 248 250 254 279 281 282 285
14 243 252 256 257 258 260 264 267 269 276 277 278 282 283
11 237 240 244 248 250 252 254 273 274 282 284
9 239 246 248 251 258 261 273 280 283
9 246 257 258 261 263 269 270 280 283
16 237 244 247 250 254 256 259 260 270 271 272 274 275 281 282 284
7 243 246 250 252 257 263 266
8 239 240 245 247 249 256 267 285
10 239 245 250 257 261 265 269 274 275 276
7 239 242 243 255 256 267 272
10 237 238 239 248 249 252 265 274 284 285
9 237 239 245 252 258 265 272 274 280
10 243 245 248 250 255 260 267 271 274 284
17 237 239 241 245 246 247 249 254 255 257 259 262 265 274 276 277 283
5 244 248 261 264 265
8 238 239 242 245 255 267 272 274
6 241 244 247 264 265 266
16 237 238 240 243 244 250 251 254 260 267 268 269 270 278 279 284
5 241 261 264 282 285
14 242 244 247 250 253 255 258 265 268 270 278 282 283 284
3 247 252 281
9 237 239 240 243 246 273 279 282 285
15 238 239 246 248 251 257 258 261 264 269 272 273 280 282 283
8 238 248 252 260 265 269 274 284
14 238 243 245 247 253 255 271 273 276 277 278 280 282 284
14 237 241 243 249 252 254 255 270 274 275 277 278 279 284
8 240 248 251 259 262 270 279 284
4 253 256 263 267
5 254 259 268 279 283
12 239 245 246 249 259 261 262 263 264 271 283 285
7 237 239 245 258 265 274 275
13 237 239 252 257 259 260 269 270 272 273 275 278 280
8 238 239 242 248 249 265 274 281
11 243 244 245 251 254 267 268 276 279 282 285
21 239 241 246 247 249 253 256 257 261 262 263 265 266 268 269 272 276 277 279 283 285
19 237 239 241 244 247 250 254 256 257 259 260 261 270 271 274 275 279 282 284
10 238 239 246 250 256 257 263 266 275 284
2 275 281
12 238 240 243 246 250 254 255 259 261 262 266 270
12 243 251 253 261 262 263 264 266 270 271 273 278
12 238 243 245 246 247 252 271 275 276 280 281 284
10 237 239 249 252 265 267 274 275 281 285
6 248 250 255 259 264 268
17 241 246 253 258 259 261 263 268 269 271 272 277 278 279 280 282 283
15 237 244 247 256 260 261 264 265 267 269 274 278 281 282 285
11 240 249 256 257 261 266 271 273 277 278 283
8 240 243 246 247 254 259 262 270
21 239 242 243 249 253 256 257 261 262 266 268 269 270 271 272 276 277 278 280 281 285
13 237 238 239 240 241 242 248 251 255 259 260 265 266
5 244 257 267 273 284
13 237 241 243 248 249 254 260 265 271 273 274 275 278
7 250 252 261 265 275 276 281
11 237 238 239 242 248 252 265 274 275 281 284
4 239 246 270 272
4 246 270 275 281
14 238 239 245 247 250 254 259 264 265 268 271 274 283 285
9 242 246 257 261 263 272 277 280 281
7 242 248 254 268 271 273 284
4 243 246 256 283
10 247 253 258 261 262 268 269 274 276 283
17 243 244 249 253 257 263 264 267 270 272 273 274 277 278 280 282 284
9 240 242 251 252 256 261 263 277 284
9 240 246 248 250 254 262 279 282 285
9 240 251 252 253 256 257 263 277 284
15 237 241 243 246 255 258 260 262 266 267 272 273 275 276 282
15 240 241 244 251 254 255 259 265 270 272 277 278 280 281 282
11 240 243 246 248 250 254 255 259 262 270 271
8 239 243 248 250 252 257 260 275
10 239 241 242 257 261 269 274 275 276 281
6 254 256 259 279 283 285
11 237 239 248 250 253 256 260 265 269 276 283
17 237 239 241 244 247 250 254 260 261 269 270 272 275 279 281 282 284
4 237 240 266 272
8 237 240 247 249 250 262 267 269
14 238 239 245 247 249 250 259 265 268 271 274 280 283 285
24 237 240 241 245 246 248 249 251 252 254 257 259 260 261 262 263 264 266 267 272 273 274 279 280
6 245 248 255 260 267 274
2 275 281
9 237 240 241 249 261 264 267 280 285
7 253 259 265 266 268 280 283
18 240 241 242 243 245 250 251 254 255 259 263 264 265 271 275 276 283 285
9 239 241 242 257 261 265 275 276 281
7 241 257 258 260 269 275 278
5 237 257 258 260 269
7 239 257 260 263 275 284 285
6 243 249 250 262 279 284
8 241 242 245 252 261 274 276 281
10 237 239 240 243 244 246 254 260 279 285
16 238 243 248 250 252 253 256 260 263 264 266 267 271 275 284 285
15 244 245 249 254 256 258 262 263 267 270 274 279 282 284 285
8 240 241 249 261 262 272 280 285
12 238 243 252 253 271 273 275 276 277 280 281 282
7 237 247 253 258 267 271 274
3 256 258 260
4 256 268 279 285
7 241 247 248 265 266 282 285
19 237 240 243 244 248 250 251 253 254 260 267 268 273 275 278 279 280 282 284
10 240 241 250 261 262 267 269 272 280 285
12 241 244 247 256 257 260 262 269 270 272 275 279
19 237 241 245 247 248 249 251 254 259 260 264 265 266 271 274 275 278 282 285
3 256 258 260
6 241 257 258 260 275 278
14 237 241 243 245 254 259 264 265 271 273 274 275 278 285
11 240 242 246 257 261 269 272 276 277 280 283
16 238 242 244 254 255 259 263 265 266 270 271 276 279 282 283 284
7 239 251 261 264 267 269 270
7 241 244 261 264 265 282 285
17 243 246 251 253 261 262 263 264 266 269 270 271 273 278 281 282 284
13 238 240 244 247 248 255 256 260 263 264 271 278 282
12 237 250 252 254 255 259 268 274 276 279 280 283
12 237 241 242 244 250 252 254 255 268 272 276 280
9 251 252 265 269 272 273 280 283 285
10 249 250 253 256 258 261 263 273 277 278
11 240 244 246 249 254 257 266 270 275 279 281
11 245 247 249 250 254 259 264 268 270 280 283
13 237 238 245 252 256 257 258 259 260 269 270 272 273
9 243 246 251 252 253 268 273 278 281
6 240 242 252 253 256 257
8 237 241 257 258 260 261 269 278
12 246 251 253 261 263 264 269 270 271 281 282 284
6 237 258 260 269 275 278
11 237 240 247 249 250 261 264 267 272 280 285
9 238 240 243 248 250 255 261 262 266
14 238 240 248 250 260 269 270 272 273 278 279 281 282 284
21 237 238 243 244 247 248 251 253 254 260 268 269 270 272 273 275 278 279 280 281 282
12 238 242 248 254 263 265 266 271 276 279 282 284
9 238 242 254 255 261 273 275 277 278
11 237 241 250 253 256 257 266 273 277 280 283
8 246 249 250 262 276 277 279 282
13 241 249 253 260 264 268 276 277 278 279 282 283 285
12 240 242 257 258 263 267 269 272 276 277 280 281
16 238 242 245 249 251 253 257 258 266 270 271 272 274 276 278 284
3 252 262 281
8 237 241 255 259 260 272 274 280
8 239 244 250 252 255 262 279 284
5 249 254 268 283 285
13 244 246 253 255 257 258 259 261 269 271 278 279 283
12 237 239 241 247 248 251 259 261 266 268 275 276
2 258 275
11 237 238 239 240 248 251 261 265 266 268 281
4 246 256 266 277
8 237 239 252 258 265 272 274 280
10 237 244 253 254 255 258 263 264 268 285
11 239 245 246 251 252 253 268 273 277 278 281
17 238 243 246 251 253 257 262 263 266 269 270 271 273 278 281 282 284
16 241 244 246 250 253 255 257 261 268 269 277 278 279 280 282 283
12 238 242 243 244 245 252 255 256 264 267 272 274
14 240 241 242 245 251 254 255 259 265 273 277 278 279 282
6 259 269 272 277 280 283
7 241 247 261 267 272 280 285
11 238 239 242 247 253 255 258 265 278 281 284
16 237 239 241 245 246 247 254 257 258 259 262 273 274 276 280 283
13 241 249 250 253 257 261 266 271 273 277 278 280 283
13 240 242 246 257 258 261 267 269 272 277 280 281 283
14 237 238 239 240 245 254 255 257 258 259 270 272 278 280
10 240 249 250 261 262 264 267 269 272 285
8 263 265 266 268 270 271 273 280
13 238 242 244 255 259 263 265 270 274 276 279 282 283
19 237 240 241 245 248 254 260 261 263 264 266 267 271 272 273 274 276 277 279
7 241 247 248 261 264 265 266
9 241 243 244 245 262 268 270 274 280
7 265 272 273 277 280 283 285
7 239 246 252 260 263 275 284
13 240 241 244 245 251 254 264 265 270 272 278 279 281
6 249 254 259 268 279 285
7 243 244 247 251 268 279 285
13 241 242 244 250 254 259 260 268 272 274 279 280 283
21 239 240 241 242 243 244 245 250 251 254 262 264 265 266 271 275 280 282 283 284 285
17 238 241 242 245 249 253 257 258 261 270 271 272 274 277 278 283 284
15 237 238 240 244 248 253 255 256 262 264 269 274 275 278 282
8 237 244 250 251 254 255 258 273
8 241 244 247 261 264 265 266 285
2 275 281
13 238 239 245 247 249 250 254 259 264 265 268 283 285
5 237 240 250 258 272
12 237 241 242 244 254 255 272 274 276 279 280 283
15 237 245 248 249 251 252 262 264 267 271 272 274 276 277 280
9 237 239 247 250 251 253 256 258 264
16 238 243 248 251 253 257 261 262 263 264 270 273 278 281 282 284
9 239 240 249 256 258 265 267 275 277
3 255 275 281
13 243 252 256 257 258 260 262 264 267 269 276 278 282
9 239 244 248 251 257 262 264 269 282
20 237 238 244 247 248 253 256 260 261 262 263 264 267 269 271 274 278 281 282 285
9 241 244 250 260 268 272 274 276 283
10 247 248 249 250 254 262 277 279 282 285
3 247 262 281
15 238 239 247 249 250 254 259 265 268 270 271 274 280 283 285
18 237 238 239 240 253 255 256 260 262 263 265 267 269 274 275 278 281 285
9 237 239 247 248 250 256 258 265 276
9 242 243 245 248 250 260 267 278 284
7 239 250 252 256 257 260 285
23 237 240 241 245 246 248 251 254 256 259 260 261 263 266 267 271 272 273 274 276 277 279 280
14 237 238 239 240 247 248 250 251 260 265 268 271 276 281
11 249 250 253 255 258 266 271 277 278 280 283
5 239 245 251 258 272
5 238 259 262 269 284
25 241 243 244 245 248 249 251 253 254 256 258 259 260 262 268 269 273 274 277 279 280 281 282 283 285
32 237 238 239 240 241 244 245 247 248 249 250 251 252 253 254 255 256 258 260 261 263 264 265 267 268 269 271 273 276 278 279 285
21 239 241 243 244 245 246 247 248 249 250 252 256 257 258 262 263 265 268 269 272 273
20 238 242 243 250 251 252 253 255 256 262 267 268 270 275 276 277 279 280 281 282
21 239 244 245 253 257 258 259 260 262 265 268 269 270 274 276 278 280 281 282 284 285
15 244 248 250 255 256 260 261 262 263 269 272 273 274 279 283
31 237 241 242 243 244 246 247 248 249 251 253 254 255 256 257 258 259 262 266 268 269 271 274 276 277 278 279 281 282 284 285
28 239 240 241 242 245 249 250 251 252 254 255 256 258 259 260 261 264 265 266 268 270 273 275 276 277 280 282 285
31 237 238 239 240 241 242 243 245 246 248 249 250 251 252 256 257 261 263 264 265 266 267 272 273 274 275 276 278 279 280 285
23 237 238 241 242 250 252 253 254 255 257 260 262 263 267 271 272 273 274 276 279 282 283 284
21 238 243 244 248 250 252 256 257 258 259 263 264 268 269 271 274 275 276 278 281 284
28 237 239 240 249 250 251 253 254 255 257 259 260 261 262 265 266 268 269 270 274 275 276 277 278 279 282 283 285
25 237 239 241 242 246 248 250 251 253 254 257 259 260 261 266 267 268 269 270 274 275 277 278 282 283
32 237 239 240 242 244 249 250 251 252 253 255 258 260 261 263 264 266 269 270 271 272 273 274 275 276 277 278 280 281 282 283 285
19 238 241 242 243 248 253 254 256 258 262 270 272 274 275 279 280 282 283 284
30 237 240 242 243 244 245 247 248 249 251 252 256 257 258 259 260 261 263 264 265 266 269 271 272 276 278 280 281 283 284
33 237 238 239 242 244 245 246 248 249 250 251 252 253 256 257 259 260 263 264 265 266 267 268 269 270 271 274 275 278 279 280 282 284
15 237 240 245 246 247 248 252 255 262 263 268 269 277 278 280
16 239 242 248 250 251 254 255 256 260 262 263 267 268 272 278 285
21 237 238 242 247 250 253 255 256 257 260 261 264 265 267 273 274 278 279 280 284 285
20 245 247 249 250 253 254 255 257 259 266 267 268 273 274 276 280 281 282 284 285
23 237 240 241 242 243 244 246 247 252 255 256 257 258 260 264 265 267 270 277 279 281 284 285
34 237 238 241 242 243 244 245 246 248 250 252 255 256 259 260 261 263 264 265 266 267 269 270 272 273 275 276 277 278 279 280 281 282 283
33 237 238 239 240 242 243 244 246 249 251 253 254 255 256 257 258 260 261 262 264 265 266 267 268 269 270 272 273 274 278 279 281 284
25 239 240 241 243 244 245 246 247 248 250 251 252 253 255 262 263 265 266 272 274 278 279 281 282 284
30 237 239 241 243 246 248 250 253 254 255 256 259 260 262 263 265 267 268 269 270 271 273 275 276 277 279 280 281 284 285
22 238 244 245 249 250 251 253 255 257 260 262 264 266 268 269 271 273 275 279 283 284 285
15 243 247 248 249 254 268 270 272 273 274 275 277 282 283 284
33 240 242 244 245 248 250 251 252 253 256 257 259 261 262 263 265 266 267 268 269 270 271 272 273 274 275 277 278 279 280 281 283 285
33 237 238 239 240 241 242 245 246 247 248 250 251 252 253 254 256 258 259 260 261 263 264 267 268 270 271 275 277 278 279 280 283 284
32 237 240 241 242 244 245 248 250 251 252 253 254 255 256 258 260 261 265 266 267 268 271 272 273 275 276 277 279 281 282 283 285
21 240 243 244 245 246 247 249 252 253 255 260 261 265 266 269 274 276 277 281 282 284
20 238 243 245 247 249 253 254 255 256 263 270 272 273 276 277 279 282 283 284 285
27 239 241 242 243 244 246 248 250 251 252 255 257 260 262 264 266 267 269 270 271 273 274 276 277 278 281 282
26 237 240 241 242 243 247 248 249 251 255 257 259 260 261 262 264 265 266 268 269 270 271 276 277 280 281
29 237 240 241 242 243 244 246 247 248 251 252 253 254 255 258 260 262 263 265 266 270 271 274 278 280 281 282 284 285
29 237 238 242 243 244 245 246 247 249 251 252 253 254 255 256 258 261 262 263 264 266 268 269 273 274 277 282 283 284
25 237 239 241 242 244 245 247 248 252 256 257 260 261 262 263 267 268 273 274 278 279 280 281 284 285
31 237 238 239 240 241 242 243 244 245 249 250 253 255 256 259 260 261 262 265 266 268 269 270 272 273 276 279 280 282 283 285
23 237 238 241 243 244 245 249 251 254 255 258 259 261 263 264 265 269 270 273 275 277 279 282
15 238 241 242 248 254 259 260 262 263 264 267 268 272 276 279
25 237 239 241 242 243 244 245 246 251 252 253 255 257 258 259 260 261 262 266 268 269 273 274 281 285
18 237 238 239 240 243 245 247 249 254 259 260 262 265 271 274 279 282 283
32 237 238 240 242 243 245 248 249 255 256 257 259 260 261 262 263 264 265 266 267 268 269 270 271 272 275 279 280 281 283 284 285
17 239 248 250 253 256 257 258 260 265 267 273 274 278 280 281 283 284
15 240 244 248 249 250 251 259 261 264 267 272 273 281 282 283
25 241 243 247 248 249 251 252 253 254 255 257 258 259 262 266 268 271 273 274 275 276 277 281 284 285
33 238 239 240 242 244 246 248 249 250 251 252 255 256 257 259 260 262 263 264 265 267 271 272 273 274 275 276 277 279 280 281 283 285
26 238 240 243 244 245 246 247 248 250 252 253 254 257 259 261 263 265 266 268 271 274 277 279 281 282 284
23 237 239 243 244 245 248 249 250 251 252 253 254 260 262 263 269 271 272 273 278 280 281 284
28 237 238 239 240 241 242 243 244 247 248 250 255 256 258 259 260 262 264 266 267 268 276 278 279 280 282 283 285
19 237 240 242 243 248 250 252 254 255 256 257 259 262 266 267 271 277 281 285
26 237 241 243 244 246 249 250 251 252 258 259 260 263 264 265 267 268 271 272 274 275 276 278 279 282 285
24 237 240 243 244 245 247 248 250 251 252 254 256 259 260 261 262 263 271 272 273 274 280 281 282
33 237 238 239 240 241 242 244 245 246 247 248 249 253 254 257 259 260 262 263 265 266 268 269 270 271 274 275 277 278 279 281 283 285
27 238 239 242 244 245 246 247 248 250 251 252 253 254 255 256 257 261 262 264 265 268 270 273 280 282 283 285
20 237 238 239 242 245 249 251 253 259 260 269 270 272 273 274 275 281 283 284 285
26 237 239 241 242 243 246 249 251 252 255 256 258 260 263 264 265 267 268 269 270 273 275 276 277 279 280
33 237 238 240 242 243 244 246 247 248 250 252 254 255 256 259 260 262 263 264 265 268 269 270 271 273 274 275 278 279 280 281 284 285
19 237 238 241 251 252 261 263 266 269 271 272 273 275 276 277 279 280 282 283
31 237 238 239 241 242 244 245 246 248 250 251 252 257 258 259 261 263 266 267 268 269 270 271 272 273 274 276 277 279 281 283
32 237 239 241 243 246 247 248 249 251 254 256 257 258 260 261 262 263 264 265 266 267 271 272 273 275 276 277 279 280 281 283 284
25 237 238 241 242 243 244 246 248 249 255 257 260 264 267 269 270 271 272 274 275 276 279 280 282 283
28 237 238 241 242 243 244 245 246 247 248 251 253 255 256 259 260 266 269 270 272 274 276 277 278 279 280 282 284
23 238 240 241 247 248 253 260 261 264 267 268 269 270 271 274 275 276 278 279 280 281 282 283
30 237 238 239 240 241 242 243 246 247 248 249 252 256 257 258 259 261 262 263 267 268 270 271 273 275 276 278 280 281 284
31 239 240 242 245 246 247 249 250 252 254 255 258 260 261 262 263 266 268 269 271 272 274 276 278 279 280 281 282 283 284 285
19 237 249 252 253 254 255 258 259 260 261 262 263 264 265 266 275 276 282 284
31 237 238 241 242 243 244 246 247 248 249 251 252 254 256 257 259 264 265 266 267 268 271 272 273 278 279 280 281 282 283 285
31 237 238 239 242 243 244 245 247 248 249 250 251 252 253 255 257 259 261 263 264 266 268 272 273 274 275 278 279 280 281 283
33 237 238 239 241 242 243 246 250 251 254 255 256 257 262 264 265 266 267 268 269 270 272 273 274 275 276 277 278 279 281 283 284 285
15 242 243 247 248 250 256 257 261 262 264 266 270 271 282 285
25 237 238 239 240 241 242 246 249 250 251 252 255 256 257 258 260 263 268 270 275 276 277 280 283 285
16 238 239 240 244 246 249 251 256 262 267 269 270 272 274 276 281
23 239 240 242 244 245 247 248 249 252 254 255 256 260 262 263 264 265 266 272 273 275 280 284
21 239 242 243 244 245 249 253 255 257 258 259 261 262 263 266 271 277 279 281 283 285
22 238 239 241 242 243 244 245 246 251 252 261 262 265 267 270 272 273 277 278 279 281 285
34 237 238 239 240 241 243 245 247 248 249 251 253 255 256 257 260 261 262 264 265 266 267 269 270 271 273 276 277 278 279 280 282 283 284
23 237 240 241 242 243 244 249 258 259 260 262 263 266 267 270 271 272 273 276 278 279 280 282
32 238 240 241 243 245 246 247 249 252 253 254 256 257 258 259 261 262 263 268 269 270 272 273 274 275 276 278 280 281 282 283 284
23 238 241 245 246 249 250 251 252 254 257 260 261 263 265 267 268 269 270 271 273 277 278 282
31 238 239 242 244 245 247 248 250 252 253 257 258 260 261 262 263 268 269 270 271 272 273 274 275 276 277 278 279 283 284 285
23 239 240 241 242 244 245 248 249 251 257 259 263 264 265 267 269 272 274 275 276 278 282 285
26 238 241 242 243 245 246 249 252 253 255 256 258 260 263 264 265 267 268 269 271 274 275 276 279 280 285
29 241 244 245 247 248 250 251 252 253 254 255 257 258 259 261 263 264 266 267 271 272 273 274 275 276 278 282 283 284
15 241 243 244 249 253 256 260 261 265 273 274 275 277 281 282
33 238 239 242 243 244 245 246 247 249 250 251 253 254 256 258 259 260 262 263 264 265 266 268 270 271 274 275 276 277 281 282 284 285
17 238 243 246 249 252 256 258 259 260 263 266 270 275 277 279 280 285
28 237 238 239 243 245 246 247 249 251 252 253 255 257 258 259 261 262 264 268 271 272 274 275 279 281 282 284 285
19 238 240 248 251 252 253 256 259 260 261 264 268 272 273 275 276 278 283 284
31 237 238 243 244 245 246 247 248 249 250 251 252 253 254 257 258 261 262 265 269 270 271 272 273 274 276 278 280 282 283 284
31 238 240 241 243 244 245 246 248 250 252 254 255 256 258 259 260 261 262 265 267 268 269 270 273 275 276 278 279 280 283 285
15 240 241 243 247 251 253 257 258 259 270 273 276 277 281 282
33 238 242 243 245 246 247 248 249 250 251 252 253 254 255 256 257 258 259 261 262 265 266 269 270 271 274 275 276 279 280 283 284 285
29 237 238 239 241 243 244 246 248 249 251 253 254 256 257 258 260 261 262 263 264 266 267 268 273 274 275 278 280 281
27 238 239 240 243 245 247 248 251 252 253 255 256 257 258 259 265 267 272 274 275 278 279 280 281 282 284 285
23 238 242 243 248 249 250 251 252 253 255 256 258 261 262 265 266 270 271 273 278 280 281 283
19 241 242 256 258 260 261 265 270 271 273 274 275 276 277 278 280 281 282 283
18 245 246 247 248 249 253 258 259 260 262 263 267 271 277 278 280 282 283
17 237 238 239 241 242 245 248 251 252 253 254 255 258 260 268 276 284
18 239 240 245 246 247 249 250 251 253 261 264 266 271 274 278 279 282 283
31 237 239 240 242 243 244 246 247 248 249 250 253 256 259 262 263 264 265 266 268 270 271 273 276 277 279 280 281 282 283 285
30 237 239 240 241 243 244 245 250 252 254 257 258 259 260 261 262 267 268 269 270 271 272 275 276 278 279 280 282 284 285
22 245 247 249 250 251 252 256 257 258 260 261 263 266 269 270 271 273 277 278 279 281 282
26 237 239 241 243 244 245 247 251 253 254 257 258 259 260 261 262 264 266 268 270 271 275 277 278 279 283
20 237 241 244 245 246 248 250 252 253 255 256 258 263 264 267 270 274 275 280 282
19 237 238 239 240 244 245 247 253 255 256 257 260 265 270 273 274 279 283 285
27 237 238 239 240 241 243 244 245 247 253 254 256 258 262 264 265 271 273 274 276 278 279 280 281 282 283 284
17 239 244 245 248 253 256 258 262 263 265 271 272 273 275 279 281 283
31 239 240 241 242 246 247 248 249 256 257 258 259 260 262 263 267 268 269 270 271 273 274 275 276 278 279 280 281 283 284 285
21 240 245 248 249 250 254 255 257 258 263 268 269 271 273 275 276 277 279 281 283 284
20 238 246 247 249 254 255 256 257 259 260 262 264 268 271 272 274 275 278 281 282
29 238 241 245 247 248 249 251 252 253 254 256 257 259 261 262 264 266 267 268 269 270 271 272 275 277 278 282 283 284
31 237 239 240 242 243 244 245 246 247 254 255 256 257 260 262 263 264 265 266 267 270 271 273 274 275 277 278 279 282 283 284
26 238 239 240 241 242 246 249 251 254 257 258 259 260 262 263 264 268 269 270 272 275 276 278 279 283 284
18 237 238 243 245 248 250 255 257 260 266 269 271 273 274 276 277 278 281
33 237 238 239 243 244 245 246 247 249 250 252 255 257 259 260 261 263 266 267 268 270 271 272 273 274 275 279 280 281 282 283 284 285
23 238 240 243 244 246 247 249 250 252 254 256 258 263 265 266 271 275 278 280 281 282 283 284
19 237 238 241 248 250 252 253 255 256 263 264 270 272 274 276 277 278 279 284
25 237 238 239 240 242 245 247 252 254 257 258 260 263 264 266 268 269 270 274 275 277 278 280 283 284
34 237 238 239 241 242 244 245 246 247 249 251 255 257 258 259 260 261 262 264 265 267 268 269 272 273 275 276 277 278 279 281 282 284 285
32 237 238 239 241 243 244 249 251 252 253 255 256 257 258 260 261 262 264 265 267 271 272 274 275 276 277 279 280 281 282 283 285
26 238 240 241 242 246 247 248 249 252 253 258 260 261 262 263 264 266 267 268 269 270 272 274 278 281 284
17 238 239 240 245 246 248 254 255 256 257 258 264 268 273 274 275 281
25 238 241 243 245 246 247 248 249 250 251 253 254 258 260 261 267 269 275 276 277 278 279 281 282 284
15 241 242 243 247 248 256 260 266 267 271 276 277 280 282 285
32 237 238 239 240 242 245 246 247 249 250 252 253 255 256 257 259 260 261 262 264 268 269 271 272 273 277 278 280 281 282 283 285
21 237 241 242 244 246 248 250 251 253 256 258 259 261 264 267 275 277 278 279 280 282
21 243 246 249 254 255 256 257 261 262 267 270 271 272 275 277 278 279 280 281 282 285
15 243 247 252 253 255 256 257 261 266 267 271 272 274 282 285
30 237 238 240 241 242 245 247 248 251 252 253 254 257 258 259 260 261 262 263 264 267 268 269 270 272 274 275 279 281 284
22 242 245 246 247 248 249 250 252 256 258 261 262 265 266 268 269 272 273 276 277 278 282
21 239 244 246 247 248 249 250 251 254 257 258 260 263 264 267 269 272 276 280 284 285
14 240 241 248 252 257 259 260 263 264 273 277 282 283 285
31 240 241 243 244 245 248 250 251 252 254 255 256 257 258 259 261 262 265 266 267 272 273 274 275 277 278 279 281 282 284 285
22 237 241 246 247 248 250 251 252 253 258 261 263 265 266 268 269 270 272 276 277 279 281
19 240 244 245 246 250 252 253 254 257 261 263 265 266 269 275 279 283 284 285
24 238 239 241 242 243 244 245 246 247 249 251 256 258 261 263 267 270 271 272 277 278 280 281 285
28 238 240 242 243 247 248 249 252 253 254 255 256 257 258 259 260 262 263 266 267 268 269 274 276 279 283 284 285
20 238 239 241 242 246 247 249 250 253 256 257 258 259 264 269 271 278 280 282 283
28 237 238 240 241 242 243 244 247 248 250 252 253 254 258 259 261 265 268 270 271 272 273 277 278 279 281 282 283
20 241 242 245 248 251 252 253 260 261 262 263 264 269 270 273 274 281 283 284 285
15 237 239 240 241 249 253 254 257 258 260 261 264 265 266 283
24 237 239 240 241 242 245 247 248 251 254 256 257 258 264 265 266 269 271 274 275 276 279 282 284
24 237 238 242 243 244 247 249 251 257 258 262 263 264 266 267 271 272 275 278 279 281 282 284 285
32 237 238 239 240 241 242 243 244 246 247 249 251 252 254 256 257 259 261 262 263 265 267 268 270 271 273 275 277 279 280 283 284
26 239 240 241 242 243 244 245 247 250 251 253 255 256 257 258 261 263 267 273 275 276 277 279 280 283 285
26 238 239 241 242 243 244 247 248 250 251 252 255 256 262 263 264 265 266 267 271 272 274 276 277 279 283
14 237 241 246 247 248 259 260 265 275 276 277 278 279 284
25 238 240 243 244 245 246 251 253 254 255 256 257 259 263 266 270 272 273 274 276 277 278 283 284 285
22 238 243 246 247 248 254 256 257 258 260 261 262 263 266 268 269 273 274 275 276 279 282
33 238 239 241 242 243 244 245 247 249 250 252 253 258 259 260 263 264 265 267 268 272 273 274 275 276 277 278 280 281 282 283 284 285
26 238 240 246 247 248 250 251 255 256 257 258 259 260 261 266 269 273 274 275 276 277 278 279 282 284 285
24 237 238 239 240 241 242 246 250 251 252 258 261 263 264 266 267 273 274 276 277 279 280 282 283
28 237 238 240 243 244 246 247 249 250 251 254 255 256 258 259 260 261 262 263 264 265 269 270 271 276 277 278 285
26 237 239 240 241 242 243 244 247 249 250 254 257 259 264 266 269 270 272 273 274 278 279 280 282 284 285
30 237 241 242 243 245 246 247 248 249 250 251 253 254 258 260 262 264 265 267 268 270 271 272 273 277 279 282 283 284 285
27 237 241 242 243 244 245 248 249 250 251 252 253 255 256 257 258 260 262 263 269 271 272 274 277 278 281 282
28 238 242 243 244 245 247 248 249 250 251 253 254 255 258 259 264 265 270 272 274 276 278 279 280 282 283 284 285
26 237 238 239 240 241 250 251 252 256 257 258 261 264 265 266 268 269 273 275 277 278 279 280 281 282 284
30 237 240 242 244 245 247 248 249 251 252 253 255 256 258 260 261 264 268 270 271 273 275 276 277 278 279 281 282 284 285
18 240 242 244 247 248 252 257 258 263 264 265 267 268 272 273 280 282 285
18 237 238 239 241 244 245 246 248 255 257 258 271 273 274 278 279 284 285
18 238 239 241 243 252 255 259 261 262 265 268 269 270 271 275 277 279 285
27 237 238 242 243 244 247 251 253 254 256 257 258 262 263 270 273 274 275 276 277 278 280 281 282 283 284 285
31 237 240 241 242 243 244 246 248 250 251 252 253 257 262 263 264 265 266 267 268 269 271 272 273 274 276 279 281 282 283 285
31 237 238 239 240 241 243 244 247 248 251 252 254 255 257 260 262 263 264 265 266 267 268 270 271 272 273 276 277 278 281 284
20 238 239 245 246 247 248 249 251 252 255 256 260 262 263 266 269 274 276 280 285
19 241 243 245 248 250 253 254 261 262 263 265 269 270 276 278 282 283 284 285
30 237 239 242 243 245 247 248 249 252 254 256 257 258 259 260 261 262 263 264 267 268 273 275 276 277 279 282 283 284 285
28 238 239 243 251 253 255 256 257 258 259 260 261 262 263 266 267 269 270 274 275 277 278 279 280 281 283 284 285
25 237 240 241 242 249 251 252 253 254 255 258 261 263 264 266 267 269 270 274 276 277 278 279 282 283
30 237 239 241 242 243 246 255 256 257 258 259 260 263 264 266 268 269 270 271 272 273 274 275 277 278 279 280 282 283 284
28 239 241 242 246 248 249 250 251 252 253 256 257 258 261 262 263 264 265 266 268 270 271 272 275 276 278 281 283
21 239 243 244 245 247 253 254 255 256 262 263 264 269 270 271 272 273 275 276 277 278
18 242 247 253 256 257 258 261 263 264 268 270 271 274 275 276 277 278 279
19 238 246 253 257 259 264 265 266 267 269 270 272 276 277 278 281 282 283 285
19 238 241 244 245 246 249 250 251 254 256 261 268 269 270 274 275 277 281 285
16 238 239 240 241 247 250 254 257 262 266 268 269 278 279 281 283
27 238 240 241 242 244 246 247 248 252 253 254 255 256 257 260 265 267 270 272 273 274 276 279 281 282 283 285
17 238 240 241 252 253 255 261 265 268 269 272 274 275 276 279 281 283
28 238 239 240 242 245 246 247 248 250 251 252 253 254 255 258 259 260 263 266 269 271 274 277 278 280 281 284 285
21 237 239 241 253 254 256 257 262 263 264 265 266 270 271 273 275 278 280 283 284 285
16 237 239 242 243 248 249 250 255 260 261 262 266 269 271 277 280
22 237 238 239 240 242 244 246 248 254 256 258 259 262 263 267 268 269 274 275 278 280 281
26 240 241 246 248 251 253 254 257 258 262 264 265 267 268 269 271 272 273 274 275 277 279 280 282 283 284
30 241 242 244 245 246 247 248 250 251 252 254 255 256 257 258 259 260 261 265 270 271 273 275 276 278 279 280 281 282 284
34 239 240 241 242 243 244 245 246 248 249 250 251 252 253 257 259 260 262 264 265 266 267 268 269 270 274 275 276 277 278 280 282 283 285
21 237 239 240 241 242 243 245 246 247 251 254 255 256 257 259 262 264 273 275 279 282
28 237 238 239 240 244 245 246 249 250 253 258 260 261 263 266 267 268 269 271 273 274 275 276 278 279 280 283 284
23 237 241 247 248 249 254 256 257 259 260 261 264 267 269 271 274 275 276 277 279 280 281 284
15 238 245 248 249 251 253 255 256 259 264 270 272 276 278 280
23 239 240 241 242 243 244 251 252 257 258 261 264 267 269 270 271 274 275 276 279 280 283 285
28 239 240 241 242 244 245 246 247 248 249 250 252 253 254 255 257 259 261 262 264 271 275 276 277 280 282 283 284
33 237 238 239 240 241 242 245 246 248 250 251 252 255 256 258 264 265 266 268 269 270 271 273 274 275 276 277 278 279 280 281 282 285
15 237 238 242 247 250 252 260 261 265 268 272 274 279 281 285
23 237 238 241 245 247 249 251 254 257 259 261 262 264 266 270 271 272 275 276 277 280 281 282
18 237 239 240 245 246 247 252 261 262 264 265 267 268 270 271 273 278 283
29 240 244 245 247 249 252 254 255 259 260 261 262 263 264 265 267 268 269 272 273 275 277 278 279 281 282 283 284 285
15 239 240 245 246 250 251 253 258 268 273 276 277 281 284 285
20 238 241 244 249 250 251 254 256 258 259 263 264 265 268 269 272 273 274 275 282
31 237 238 239 242 243 245 246 247 248 249 250 253 255 256 258 259 262 264 265 266 267 268 271 272 273 277 278 279 280 282 283
15 238 240 243 246 248 249 251 259 260 263 265 268 272 274 285
19 241 242 246 248 252 253 258 261 264 268 269 272 273 274 275 276 278 282 284
20 239 241 242 244 252 253 254 255 256 257 258 259 261 269 270 272 273 275 278 282
31 239 240 242 243 245 247 248 249 251 252 255 256 258 260 262 263 264 265 266 268 270 273 274 276 279 280 281 282 283 284 285
32 238 239 240 242 244 245 246 247 249 250 252 253 254 255 256 257 258 261 262 263 264 267 268 270 271 277 278 281 282 283 284 285
18 238 239 241 245 247 250 251 254 256 257 259 260 261 271 273 277 281 285
21 238 240 244 245 247 252 253 254 255 259 261 266 267 268 270 271 272 277 278 283 285
19 237 239 240 244 248 250 255 256 257 259 264 265 269 271 272 274 278 280 281
27 238 239 242 246 248 250 251 253 255 256 257 260 262 263 264 265 267 269 270 271 274 275 276 278 283 284 285
33 237 238 239 240 241 245 246 247 248 251 253 254 255 257 258 260 262 264 265 266 268 269 272 273 274 276 277 278 279 280 282 283 285
30 237 239 240 241 242 243 245 246 247 248 249 250 251 253 255 258 260 261 264 265 268 270 272 273 274 275 277 279 282 283
28 237 239 240 241 242 244 245 248 249 250 252 254 255 256 257 258 260 266 268 271 273 275 277 278 279 282 283 285
17 237 239 240 241 242 246 249 256 258 263 268 271 273 274 278 283 285
24 237 242 245 246 249 251 252 254 257 258 261 263 265 266 267 268 269 270 273 275 277 279 281 284
28 237 238 240 241 249 250 253 256 257 259 260 261 262 263 264 266 268 269 270 273 274 276 277 279 281 283 284 285
16 237 241 246 250 251 254 257 262 263 265 272 274 276 278 279 283
33 239 240 242 243 244 246 250 251 252 253 254 255 257 258 259 260 262 264 265 268 269 271 272 273 274 275 276 278 279 280 281 284 285
15 237 238 241 246 252 257 260 263 264 267 274 277 280 281 284
27 237 240 242 243 245 246 247 250 253 255 256 257 258 261 263 264 265 266 267 270 274 276 277 280 281 283 285
21 238 241 242 244 248 251 256 257 258 263 269 270 271 272 273 274 275 276 280 282 283
26 239 240 242 243 245 247 250 251 253 254 256 257 258 261 262 263 265 267 268 270 272 274 275 282 283 284
30 237 239 241 243 244 245 246 249 250 252 254 256 257 258 259 260 261 262 263 265 266 276 277 278 279 281 282 283 284 285
19 239 241 242 244 245 249 251 255 256 257 258 259 266 268 274 276 277 279 280
26 239 240 245 247 248 249 251 252 253 254 255 257 259 260 262 263 265 266 269 273 274 275 277 278 283 285
16 237 238 248 250 253 259 261 263 264 269 273 275 277 280 282 285
17 242 243 244 251 254 257 260 261 263 265 267 275 277 280 281 283 284
20 238 239 244 247 250 251 252 254 259 261 262 269 270 271 272 274 275 281 282 283
17 239 245 250 251 252 254 262 265 266 267 273 276 280 281 282 284 285
33 239 241 242 243 245 246 247 248 249 252 254 255 256 257 258 259 260 261 262 263 265 266 267 271 273 274 275 277 278 279 280 282 284
31 239 240 242 244 247 248 251 253 254 255 257 258 259 260 261 262 265 266 267 268 270 271 272 274 275 276 279 280 283 284 285
27 237 241 243 246 247 248 249 252 253 254 255 257 260 263 264 265 266 267 268 270 273 275 276 277 278 283 284
27 241 243 244 246 249 251 252 253 259 262 263 264 265 267 268 270 271 273 275 276 277 278 279 280 282 283 284
18 240 242 247 248 250 253 254 255 256 260 265 270 277 278 279 281 282 284
24 238 239 242 246 249 250 251 254 256 257 260 263 265 268 269 270 272 273 276 277 278 280 282 285
31 237 239 240 242 243 244 245 247 248 249 250 253 255 256 257 258 260 264 266 267 269 271 272 274 276 277 280 281 283 284 285
26 238 239 240 241 242 243 249 251 252 253 255 257 261 262 264 267 268 269 272 273 276 277 278 279 284 285
31 237 238 239 240 241 243 246 248 249 253 254 257 259 260 261 262 263 264 265 268 269 270 272 273 274 275 277 281 282 284 285
28 237 240 242 244 246 247 248 249 250 252 253 255 256 257 258 259 261 262 268 270 271 272 274 275 276 277 280 283
31 237 238 240 241 242 244 246 248 249 252 253 256 257 258 260 265 266 268 269 271 272 273 274 275 276 277 278 279 283 284 285
28 238 241 243 244 245 246 247 250 251 252 253 254 255 256 257 258 259 261 262 263 264 269 272 273 275 283 284 285
13 291 292 298 299 300 302 303 304 313 317 319 320 326
17 288 290 294 299 300 303 305 308 310 311 315 317 319 321 322 324 328
27 286 287 288 289 290 291 292 293 296 299 302 304 305 307 309 311 312 314 316 318 320 321 323 325 326 327 328
13 288 290 291 302 303 305 310 311 319 321 323 325 326
34 286 287 288 289 290 291 292 294 295 297 298 299 300 301 302 303 304 305 306 307 308 309 310 313 314 315 317 318 320 321 322 323 325 326
11 297 300 302 307 309 311 314 318 320 322 327
11 289 290 296 299 303 305 310 323 324 325 327
21 286 287 289 290 292 293 294 298 300 303 304 305 306 307 313 315 320 324 325 326 327
22 288 291 295 296 297 299 301 302 308 309 310 311 312 314 316 317 318 319 321 322 323 328
12 288 292 296 298 299 301 308 311 313 319 322 327
18 287 288 292 295 301 303 305 306 310 311 312 315 317 321 322 323 325 328
9 293 294 297 302 310 312 321 323 328
16 294 295 297 298 300 301 303 306 308 310 313 315 317 319 322 324
13 287 293 294 295 304 306 308 309 313 318 320 327 328
13 292 293 295 296 298 299 310 311 312 315 323 325 327
12 293 294 302 305 307 316 318 319 322 325 326 328
10 298 305 307 315 316 317 318 321 325 327
22 287 289 291 296 298 300 301 302 303 304 305 307 310 313 315 319 320 323 325 326 327 328
20 286 291 293 294 297 298 299 300 301 304 307 309 311 315 317 319 321 323 324 326
7 286 288 306 322 324 327 328
17 286 287 288 291 293 296 298 299 303 304 305 306 313 318 321 323 324
8 286 289 290 296 308 311 316 323
12 287 298 300 301 305 309 311 314 316 317 322 326
19 286 287 289 292 297 300 303 307 309 310 312 314 316 317 320 324 326 327 328
20 286 289 290 291 294 297 300 301 302 303 304 306 308 309 310 311 314 322 324 328
9 293 295 298 299 301 302 305 306 315
23 287 288 289 290 292 295 296 302 303 305 306 308 310 312 313 314 316 318 320 322 325 327 328
14 287 288 289 291 292 293 297 300 305 312 313 314 320 325
16 289 293 298 304 305 312 315 316 317 318 319 320 321 324 327 328
30 286 287 288 289 290 291 294 297 300 301 302 303 304 305 306 307 308 309 313 314 316 317 318 319 320 321 322 324 326 328
15 288 291 292 294 296 297 299 300 303 306 307 309 310 313 325
13 287 289 290 295 297 298 308 310 311 314 320 321 327
11 287 293 294 307 309 310 312 314 315 322 325
31 286 288 289 290 291 292 293 294 295 296 297 299 302 303 304 306 307 308 310 312 313 315 318 319 320 321 323 324 325 327 328
29 286 290 294 295 296 298 299 301 302 303 304 306 307 308 309 310 311 315 316 317 318 319 321 322 323 324 326 327 328
20 287 289 290 292 293 298 299 303 305 312 314 315 317 321 323 324 325 326 327 328
14 288 291 294 296 304 308 311 313 318 319 321 322 323 325
25 287 288 289 290 292 294 297 301 303 305 306 309 311 312 315 316 318 319 320 322 324 325 326 327 328
18 286 288 291 292 296 299 300 301 303 304 306 309 312 313 315 317 323 324
16 287 288 291 292 294 298 302 308 309 311 312 313 317 318 322 328
5 300 307 312 316 324
14 286 294 295 297 301 302 306 307 308 311 313 318 319 320
31 287 288 290 291 293 294 295 296 298 300 303 305 306 307 309 310 311 312 313 314 316 317 318 320 321 322 324 325 326 327 328
18 286 291 293 295 296 298 299 300 302 304 307 308 310 313 314 317 321 323
10 289 292 293 295 296 306 307 312 314 325
12 286 287 290 295 301 302 308 311 314 322 323 326
1 290
7 290 297 301 319 322 326 327
12 286 289 292 297 299 301 302 304 308 315 319 323
9 288 291 296 300 304 309 310 316 322
16 286 287 291 297 298 301 302 304 309 313 316 318 320 323 326 327
19 291 295 296 298 301 303 304 308 309 311 312 313 315 318 319 320 324 326 327
36 287 289 290 291 292 293 294 295 296 297 298 299 300 301 302 303 304 305 307 308 309 310 311 312 313 314 315 316 317 318 319 320 321 323 325 326
14 286 290 293 294 297 298 300 304 307 313 314 319 324 326
9 286 293 295 300 301 307 316 321 326
14 286 289 290 292 293 294 297 302 306 307 314 322 325 328
32 286 287 288 289 290 291 292 293 294 295 296 298 299 301 303 304 305 306 308 310 312 313 315 316 317 319 321 323 324 325 326 328
7 297 304 306 314 315 319 320
19 289 292 294 295 300 302 307 308 309 310 311 312 314 315 316 317 320 325 328
21 286 288 290 292 293 294 295 297 299 306 308 309 311 312 314 316 317 318 321 322 324
11 289 290 291 303 309 315 317 320 324 325 326
11 289 291 296 299 302 308 309 316 318 320 327
11 288 295 297 301 305 306 318 321 324 327 328
13 287 288 292 293 295 296 299 312 313 319 320 323 326
12 286 289 292 296 297 298 299 301 314 315 317 322
10 287 288 299 300 305 310 316 317 321 323
11 286 287 295 300 304 305 306 307 314 316 318
9 293 296 311 312 316 319 324 327 328
3 286 327 328
15 295 301 303 304 308 309 311 312 313 315 318 319 320 324 326
11 288 295 301 303 305 311 315 317 321 323 325
8 287 298 300 301 305 314 322 326
16 286 287 292 297 300 303 307 309 310 312 314 316 317 320 324 327
17 287 289 290 303 304 305 306 307 313 314 316 318 320 321 322 326 328
16 288 289 290 293 294 295 296 297 299 302 306 307 310 312 318 328
14 287 290 292 293 303 305 312 314 317 321 323 324 326 328
16 286 288 290 291 293 294 295 299 302 303 304 306 308 313 319 323
6 287 300 305 310 316 317
5 293 295 299 301 315
5 286 293 301 316 326
4 297 306 315 320
11 287 294 304 306 308 309 313 318 320 327 328
7 286 290 296 308 311 316 323
9 288 291 294 298 302 311 312 317 328
14 286 293 297 299 300 301 304 307 309 311 317 319 324 326
15 286 287 289 292 300 303 307 309 310 312 316 317 320 327 328
10 287 293 294 304 308 313 318 320 327 328
10 292 293 295 296 299 313 319 320 323 326
8 287 288 300 305 310 316 321 323
10 291 292 298 302 303 313 317 319 320 326
8 297 302 307 309 311 314 320 322
11 293 295 296 298 299 310 311 312 315 325 327
12 286 290 294 297 298 300 304 313 314 319 324 326
9 297 300 307 309 311 314 318 320 322
14 286 287 289 292 293 298 300 303 304 305 306 307 313 325
20 287 289 290 292 293 296 298 299 301 304 305 308 311 312 313 316 317 319 320 326
13 286 291 292 296 299 300 301 303 306 309 313 317 324
6 293 298 299 301 302 306
21 287 290 291 295 296 298 300 303 306 309 310 312 314 317 318 320 321 322 324 325 327
9 289 290 303 315 317 320 324 325 326
2 300 312
8 294 302 307 318 319 322 326 328
6 292 297 299 302 319 323
7 286 297 299 308 315 319 323
11 294 295 297 300 301 303 306 308 310 315 317
15 286 293 294 298 299 300 301 304 307 311 315 319 321 323 324
7 290 292 294 306 307 314 328
8 287 293 306 308 309 313 327 328
7 291 300 304 309 310 316 322
3 286 324 328
6 286 290 296 308 311 316
4 297 314 319 320
6 307 316 318 321 325 327
22 288 291 294 297 301 303 304 305 306 307 309 313 314 316 317 318 319 321 322 324 326 328
14 286 289 290 291 294 300 301 302 303 309 310 311 324 328
6 293 307 309 310 315 325
11 288 291 292 296 299 300 303 307 310 313 325
15 286 287 289 290 293 294 298 300 303 305 306 307 320 324 325
12 287 301 303 305 306 310 312 315 317 322 323 328
16 289 296 300 301 302 303 304 305 310 313 315 319 320 325 327 328
20 286 290 294 295 296 299 301 303 304 306 308 309 311 315 316 319 321 323 326 328
8 298 303 306 310 313 315 319 322
8 298 305 307 315 316 317 318 325
9 297 300 302 307 309 314 318 320 327
13 287 288 291 292 298 302 308 309 311 312 317 318 322
6 287 293 307 309 310 314
15 287 288 292 295 301 305 310 311 312 315 317 321 323 325 328
8 304 305 312 316 317 320 321 324
11 293 298 305 312 315 318 319 320 321 324 327
7 293 294 307 312 314 315 322
4 300 307 316 324
9 289 290 296 299 303 305 324 325 327
15 289 290 291 294 297 300 301 302 303 304 306 309 311 314 324
11 287 289 290 297 298 308 311 314 320 321 327
8 291 292 298 299 300 303 304 313
11 288 294 296 304 308 313 318 319 321 322 323
16 286 290 291 293 294 295 297 299 308 310 312 315 318 320 325 327
16 295 296 298 301 303 304 308 309 311 312 313 318 320 324 326 327
6 300 301 309 314 317 326
11 287 292 295 301 303 310 311 317 322 323 328
21 287 288 289 291 294 297 300 301 302 304 305 306 307 313 314 317 320 321 324 326 328
5 288 299 300 310 323
7 292 299 302 304 317 320 326
10 292 296 298 299 308 311 313 319 322 327
8 288 290 303 305 321 323 325 326
3 304 306 319
14 291 295 298 301 304 308 309 311 312 313 315 324 326 327
17 287 289 296 298 300 302 303 305 310 313 315 319 320 323 325 327 328
6 289 292 293 295 312 314
6 289 290 296 311 316 323
7 289 291 303 309 315 324 325
7 307 315 316 318 321 325 327
20 287 289 292 294 297 301 305 306 309 312 315 316 318 319 320 322 324 325 326 327
9 290 296 299 303 305 310 323 324 325
7 289 291 303 315 320 324 326
8 293 295 296 310 315 323 325 327
11 295 296 301 303 304 309 313 315 319 326 327
11 287 291 297 298 301 302 304 313 316 320 323
8 290 303 305 310 323 324 325 327
4 293 302 310 323
12 294 295 300 302 307 312 314 315 316 320 325 328
7 297 300 302 309 311 318 327
10 288 291 302 303 310 319 321 323 325 326
16 288 289 292 295 302 305 306 308 312 313 314 316 322 325 327 328
10 289 300 302 309 312 316 317 320 325 328
8 286 287 295 304 305 306 314 316
18 286 289 294 295 297 299 300 301 302 303 305 310 314 315 318 321 323 326
7 288 299 305 310 316 317 323
6 293 312 319 324 327 328
9 297 298 301 304 309 313 316 318 327
15 286 291 294 298 299 300 301 304 307 311 315 317 321 324 326
17 287 289 290 292 293 294 298 300 303 304 305 306 307 324 325 326 327
8 290 292 294 302 306 314 322 325
10 287 292 295 296 299 312 313 319 323 326
5 296 316 319 327 328
7 293 306 308 313 318 320 328
5 296 311 324 327 328
2 316 324
5 293 301 316 321 326
12 289 290 293 305 306 307 313 315 324 325 326 327
12 289 292 294 300 302 308 309 311 314 315 317 328
5 287 288 300 305 310
7 289 296 302 308 309 318 327
9 286 290 292 293 294 307 314 322 325
15 286 288 291 292 296 300 301 303 304 306 312 315 317 323 324
12 286 288 290 292 293 294 295 306 314 317 318 321
8 287 288 299 305 316 317 321 323
10 286 287 290 295 301 302 308 311 322 323
15 289 292 294 302 308 309 311 312 314 315 316 317 320 325 328
15 287 289 297 300 303 307 309 310 314 316 317 320 324 327 328
12 288 290 293 295 306 308 309 311 312 316 318 321
8 289 292 297 301 302 308 315 319
9 287 298 302 309 311 312 313 322 328
9 289 290 296 299 305 310 324 325 327
15 291 293 294 296 306 307 309 311 313 314 317 322 324 326 328
21 288 290 291 294 297 301 302 303 304 305 306 307 308 313 314 318 319 320 322 324 326
7 289 297 299 302 304 315 323
26 287 288 290 291 293 294 295 296 300 305 306 307 309 311 312 313 314 316 317 318 320 321 322 324 326 328
15 291 298 301 303 304 308 309 311 312 318 319 320 324 326 327
14 289 291 298 300 301 302 303 304 305 307 315 319 320 323
4 290 301 319 327
5 291 296 300 304 310
27 287 288 290 291 293 294 295 296 298 300 303 305 306 309 310 311 312 313 314 316 317 318 320 322 324 326 327
9 287 298 300 301 314 316 317 322 326
6 286 288 306 322 324 327
12 286 293 294 297 298 300 304 307 314 319 324 326
11 286 293 296 298 299 300 302 307 310 321 323
10 286 296 300 301 304 306 312 315 317 324
10 286 290 294 298 304 307 313 319 324 326
16 286 289 292 300 303 307 309 310 312 314 316 317 320 324 327 328
9 288 294 296 297 303 306 307 309 310
8 298 304 312 315 317 319 327 328
27 287 288 289 290 291 292 293 294 295 296 298 299 301 303 305 306 308 310 313 316 317 319 321 323 324 325 328
9 296 298 299 301 311 313 319 322 327
11 286 287 288 291 293 298 299 304 318 321 323
10 298 304 305 312 317 319 320 321 324 328
9 286 288 291 293 303 305 306 313 318
8 292 293 295 296 306 312 314 325
7 286 295 297 307 313 318 320
14 286 289 290 292 293 300 303 304 305 306 315 320 324 326
26 286 287 288 289 290 292 294 298 299 300 301 303 304 305 306 309 310 313 314 315 318 320 321 322 323 326
7 288 291 296 308 313 319 323
7 287 288 300 310 316 321 323
11 294 295 297 302 306 307 308 313 318 319 320
15 286 289 292 300 303 307 309 310 312 314 316 317 320 324 328
9 288 295 301 305 306 321 324 327 328
8 292 298 299 302 303 304 313 319
4 301 319 322 327
6 287 304 305 307 316 318
4 290 297 319 322
6 286 293 301 307 316 321
25 291 292 293 294 295 296 297 299 301 302 304 305 307 308 311 313 314 316 317 318 319 320 323 325 326
9 287 298 300 301 305 309 317 322 326
14 287 289 290 292 298 299 314 315 317 321 323 325 326 327
23 290 294 295 296 298 299 302 303 304 306 307 308 315 316 317 318 319 321 323 324 326 327 328
11 287 295 305 308 313 314 316 318 320 325 327
7 298 300 309 311 314 317 326
9 291 292 299 300 303 306 307 309 313
16 286 287 289 292 297 303 307 310 312 314 316 317 320 326 327 328
16 286 298 301 302 307 309 310 311 315 316 318 319 321 322 327 328
7 286 290 292 293 306 322 328
9 289 293 298 312 315 317 320 321 324
6 289 299 303 310 324 325
15 286 289 290 291 297 302 304 306 309 310 311 314 322 324 328
10 291 295 301 303 304 312 313 318 319 324
10 287 292 293 295 299 312 319 320 323 326
4 306 315 319 320
10 287 288 295 301 306 310 312 315 317 323
5 289 296 306 312 314
14 286 290 294 296 298 299 304 308 310 315 323 324 326 328
9 293 295 296 299 310 312 315 323 325
18 286 287 289 293 294 300 303 304 305 306 307 313 315 320 324 325 326 327
5 286 300 301 321 326
5 287 305 310 321 323
10 286 287 288 291 293 298 299 303 318 321
12 288 294 299 300 303 305 310 315 317 319 321 324
9 287 288 292 293 297 300 305 314 320
4 296 304 310 316
11 287 288 289 291 292 293 300 305 313 314 320
13 287 289 297 300 303 307 309 310 312 314 317 326 327
8 286 289 296 297 298 314 315 322
12 291 296 298 301 302 307 320 323 325 326 327 328
11 293 298 304 312 315 316 317 319 320 321 328
10 288 291 294 296 311 318 319 321 322 325
9 294 299 303 305 308 317 321 324 328
3 306 319 320
9 292 296 298 308 311 313 319 322 327
11 286 287 289 292 300 309 310 316 320 326 327
9 297 300 302 307 309 311 320 322 327
13 288 294 300 303 305 308 310 311 315 317 322 324 328
9 286 289 292 297 299 301 308 319 323
8 287 288 292 293 295 299 323 326
3 300 312 324
9 289 298 308 310 311 314 320 321 327
8 289 290 296 299 303 305 324 327
4 296 300 309 322
7 293 297 302 310 312 321 328
17 286 288 290 294 295 297 299 306 308 309 311 312 317 318 321 322 324
11 286 295 297 301 306 308 311 313 318 319 320
7 289 291 296 299 308 309 327
8 294 295 297 307 311 313 319 320
8 289 293 298 305 312 315 327 328
10 287 289 292 303 307 310 312 314 326 328
8 287 294 295 304 309 318 320 328
7 287 295 302 311 314 323 326
8 288 295 297 305 321 324 327 328
9 287 291 293 297 305 312 313 314 325
10 286 288 293 296 298 303 305 306 323 324
7 293 295 300 301 307 316 326
10 287 289 299 303 312 314 315 325 327 328
7 288 303 310 311 323 325 326
8 296 299 312 313 319 320 323 326
20 286 287 288 289 290 291 294 300 301 303 304 305 307 308 309 313 314 318 321 322
8 287 293 294 309 312 314 322 325
12 286 288 291 293 299 303 304 305 313 318 321 323
11 287 288 289 293 300 305 312 313 314 320 325
10 293 294 302 305 316 318 319 322 325 328
13 290 294 301 303 311 312 316 320 322 324 325 326 328
3 300 307 312
9 288 292 295 296 299 313 319 320 326
16 286 291 293 294 298 299 300 301 307 309 315 317 319 321 323 326
29 287 289 291 292 293 295 297 298 300 301 302 304 305 307 308 309 310 312 313 315 316 317 318 319 320 321 323 325 326
8 288 297 305 318 321 324 327 328
9 293 294 307 310 312 314 315 322 325
6 290 297 301 319 322 327
8 289 291 299 302 308 316 320 327
6 286 292 296 301 317 322
3 300 307 312
8 295 297 298 303 306 313 317 319
8 287 289 292 293 300 312 320 325
12 294 301 303 306 312 315 318 320 324 325 326 327
9 289 290 293 294 297 302 314 325 328
10 287 288 291 292 297 300 312 314 320 325
9 294 295 297 301 302 307 313 318 320
9 289 290 297 306 307 314 322 325 328
5 298 307 316 321 325
8 289 292 296 297 301 314 315 317
16 286 288 290 297 300 301 302 303 304 306 307 308 316 322 324 326
5 309 310 314 322 325
7 286 293 295 300 301 316 321
10 286 291 294 297 301 302 304 310 324 328
3 306 324 327
22 286 287 289 290 291 292 293 296 299 304 305 309 311 312 314 316 318 320 321 323 327 328
5 288 306 322 327 328
11 290 293 297 298 300 304 313 314 319 324 326
15 286 287 288 289 290 291 296 302 304 305 316 323 325 327 328
23 287 289 290 291 294 295 296 297 298 300 302 303 308 309 310 312 313 316 317 319 321 325 326
9 286 287 290 295 301 302 308 322 326
10 286 295 296 299 300 304 307 310 314 323
24 286 288 290 291 294 300 301 302 303 305 306 307 308 309 314 316 317 318 319 321 322 324 326 328
7 286 296 297 298 314 315 317
26 286 287 288 289 291 294 297 300 301 303 304 305 306 307 308 309 313 314 317 318 319 321 322 324 326 328
6 300 311 318 320 322 327
6 289 292 293 295 307 314
10 289 290 295 297 298 308 310 311 314 321
7 291 304 311 319 321 322 325
6 290 301 311 314 322 326
6 293 294 302 305 318 328
11 291 298 299 300 302 304 313 317 319 320 326
8 287 298 300 309 311 314 316 317
8 289 290 303 309 315 317 320 324
7 289 292 297 301 302 315 319
11 286 287 297 298 309 313 316 318 320 326 327
13 288 294 299 300 303 308 311 315 317 319 322 324 328
17 286 289 290 292 294 298 303 304 305 307 313 315 320 324 325 326 327
13 289 293 298 304 305 312 315 317 319 320 321 327 328
8 291 302 303 305 310 319 325 326
15 291 293 294 297 299 300 301 304 307 309 317 321 323 324 326
9 286 291 298 304 309 316 318 320 326
17 287 290 295 296 300 303 305 310 311 313 314 318 320 321 322 326 327
8 300 302 307 309 314 318 320 327
11 288 292 299 300 301 303 309 312 313 317 324
10 286 289 290 292 294 297 302 307 314 322
29 286 287 288 289 290 291 292 295 297 298 299 300 303 304 305 306 307 308 309 310 313 314 317 318 320 321 322 323 325
11 286 290 294 297 298 304 307 314 319 324 326
19 286 289 290 291 293 294 296 297 299 302 303 304 306 307 310 312 315 318 323
7 292 293 295 296 312 319 326
4 286 306 322 328
11 287 289 290 299 305 312 317 321 324 326 327
8 288 293 295 299 313 319 323 326
22 287 288 290 291 293 294 295 296 303 305 306 307 311 313 316 317 320 321 322 326 327 328
4 297 314 315 319
8 291 304 308 313 319 321 322 323
16 290 294 295 298 301 303 304 307 308 310 316 318 321 322 324 326
9 288 294 296 308 318 319 322 323 325
6 300 302 309 311 318 327
12 286 290 293 297 298 300 307 313 314 319 324 326
14 286 291 293 294 297 298 299 301 304 307 317 319 323 326
10 291 294 296 297 299 300 303 306 313 325
24 286 287 290 291 292 293 295 298 299 303 304 305 307 308 312 315 316 317 318 320 321 325 327 328
15 288 292 294 295 296 300 301 306 308 315 316 317 318 319 328
25 287 288 289 290 293 294 295 297 298 299 300 301 302 303 306 308 310 311 313 316 317 318 322 324 326
23 290 293 295 296 297 298 301 302 304 305 306 309 310 312 313 314 315 317 320 322 325 327 328
22 286 288 289 292 293 294 296 299 303 304 305 306 308 312 313 317 321 322 323 325 326 327
27 286 287 289 291 292 294 295 296 297 298 299 300 302 303 304 306 307 309 310 311 313 315 317 321 322 326 328
23 288 290 292 293 294 295 296 298 301 303 304 306 308 311 313 316 317 318 319 320 322 325 327
25 288 289 292 294 295 296 297 299 305 307 308 309 310 311 312 313 314 317 318 319 320 322 323 325 327
14 289 294 295 300 306 309 310 311 313 317 321 322 326 328
14 289 292 294 298 300 302 308 310 318 319 321 322 325 326
23 288 289 292 293 294 296 299 300 301 302 303 304 305 309 311 312 313 314 316 317 318 324 328
15 288 289 291 295 298 299 302 305 306 313 316 320 321 323 327
18 288 289 290 291 292 293 301 305 306 307 311 316 318 319 320 323 327 328
24 291 292 294 295 296 297 298 299 300 303 306 308 309 310 312 313 315 317 318 319 320 321 324 325
14 292 293 304 308 310 312 313 314 317 318 320 321 327 328
16 286 287 288 289 290 292 294 295 296 297 298 302 303 311 323 328
19 289 290 291 295 300 303 305 306 309 312 313 317 318 319 320 321 322 323 326
29 286 287 288 289 290 291 292 293 294 295 297 299 300 301 302 304 305 306 307 310 312 313 314 316 318 325 326 327 328
19 286 288 289 291 299 300 301 304 307 311 314 315 318 321 322 323 324 326 327
23 287 288 289 290 294 295 296 297 299 300 301 302 304 308 310 311 312 314 317 322 324 325 328
21 288 291 292 293 298 299 303 304 306 307 311 312 314 315 316 320 321 322 323 325 326
24 289 290 291 294 296 297 298 299 300 301 303 304 305 309 310 311 312 314 317 318 321 322 325 326
20 290 293 294 296 297 298 304 306 308 309 310 311 312 313 316 322 323 325 327 328
18 287 289 292 293 296 299 301 303 306 309 310 315 316 317 321 324 327 328
20 286 287 293 294 296 297 298 302 303 306 310 311 315 320 321 322 323 325 326 328
15 292 296 298 302 303 305 308 310 313 315 323 324 326 327 328
24 287 288 289 290 298 302 303 304 305 307 308 309 311 312 313 314 315 316 319 321 322 323 326 327
17 293 296 299 303 304 305 309 310 314 316 317 320 321 322 324 325 327
26 288 289 292 293 295 297 298 299 300 302 303 304 306 307 308 312 313 314 315 316 317 318 320 324 325 326
27 288 289 290 291 293 294 295 298 300 301 303 305 307 309 310 312 313 314 316 318 319 320 321 322 323 327 328
19 287 290 294 295 296 300 302 304 307 308 312 314 315 317 320 321 322 324 325
22 286 288 290 291 294 295 296 297 301 305 308 310 311 312 313 315 317 318 319 320 321 327
26 287 288 290 292 293 295 297 298 299 300 302 303 304 305 306 307 310 316 320 321 323 324 325 326 327 328
16 286 287 288 291 292 300 303 306 307 308 314 315 316 317 324 326
19 287 289 290 291 292 299 304 305 310 311 314 317 318 320 321 323 325 327 328
22 287 289 291 292 293 294 295 299 300 302 303 304 305 306 308 309 314 319 322 323 324 327
22 286 287 292 293 294 296 297 298 299 300 301 302 306 307 309 311 313 319 320 325 327 328
21 288 289 290 291 293 295 296 297 298 300 304 317 318 320 321 322 323 324 326 327 328
24 290 291 292 294 298 299 301 304 305 307 308 310 311 312 313 315 316 320 321 322 325 326 327 328
27 287 288 289 290 291 292 293 294 295 298 299 302 304 309 310 312 313 314 315 317 318 320 322 323 324 325 328
15 289 290 292 293 295 297 300 306 309 312 314 316 317 323 325
13 290 296 298 304 305 307 309 315 316 318 321 324 325
15 286 289 290 291 296 299 300 301 306 308 309 316 317 326 328
24 286 288 289 295 296 297 300 301 303 311 312 313 314 315 316 317 318 319 320 321 324 325 326 328
21 288 289 290 291 292 293 297 299 301 302 303 304 305 306 308 309 311 313 317 321 327
17 288 296 300 302 303 305 310 312 313 315 317 318 320 323 325 326 327
27 288 289 290 292 295 296 298 299 301 302 303 304 305 306 307 310 311 313 315 317 318 319 321 323 324 327 328
20 287 288 291 292 295 296 298 302 303 309 311 317 318 320 322 323 324 325 326 327
21 290 293 294 296 298 299 300 302 304 306 307 311 312 317 319 320 321 323 325 327 328
23 286 287 288 292 293 294 295 298 299 304 305 306 309 312 313 315 316 318 320 321 322 326 328
16 286 287 292 293 301 305 307 308 309 315 319 322 323 325 326 328
25 286 287 290 292 293 294 295 300 301 302 303 304 305 308 311 313 315 316 318 319 320 321 324 326 328
13 286 288 292 297 300 301 304 312 313 314 317 321 325
23 288 289 291 292 299 300 301 302 305 306 309 310 311 312 313 319 320 321 322 323 325 326 328
20 289 294 297 299 303 305 306 307 308 310 314 316 318 320 321 322 323 325 326 327
29 286 287 288 291 292 293 294 295 296 298 299 300 302 303 305 306 308 311 312 313 315 316 317 318 321 322 324 325 327
24 286 287 288 289 290 294 295 296 297 298 299 301 302 304 307 311 313 314 317 318 320 323 324 327
29 286 287 288 289 290 293 296 297 299 300 301 302 303 305 306 307 309 311 314 317 319 320 321 322 324 325 326 327 328
14 287 296 298 301 303 305 309 313 316 318 321 322 325 328
16 286 288 289 290 291 292 296 298 305 308 310 319 320 321 323 324
18 290 291 292 293 295 297 298 300 302 310 311 312 314 315 316 318 321 324
22 288 289 291 292 294 295 297 298 300 301 303 305 306 309 311 314 316 318 319 320 323 326
26 286 287 288 289 291 293 295 296 298 299 300 301 302 303 305 307 308 311 312 313 314 319 321 322 324 328
28 286 287 288 290 291 292 293 294 295 296 297 298 301 302 303 305 306 310 313 315 316 317 318 319 320 322 324 327
17 288 290 292 293 297 298 300 301 302 304 310 315 316 318 319 324 327
30 286 287 288 289 291 292 294 296 298 301 303 304 306 307 309 310 312 314 315 316 318 319 320 321 322 324 325 326 327 328
23 290 291 292 294 295 296 299 300 303 304 306 307 309 310 314 317 320 321 322 324 325 326 328
25 286 288 290 291 293 295 296 297 299 302 303 304 305 306 307 308 309 310 311 312 313 319 321 326 328
29 288 289 291 292 293 294 295 296 297 302 303 304 305 306 308 309 312 313 314 316 317 318 319 320 322 323 324 327 328
23 287 289 290 291 292 294 295 296 298 300 302 305 308 310 311 312 314 315 317 319 321 324 325
13 291 292 293 295 297 301 304 308 311 314 320 321 327
23 287 293 294 295 296 299 300 301 303 306 307 308 309 311 313 315 316 318 320 322 323 327 328
21 288 289 290 292 293 294 297 298 299 300 301 312 317 319 320 321 322 324 325 326 328
28 286 287 288 289 291 293 296 297 298 299 300 301 302 303 304 306 307 308 309 311 313 314 315 317 318 321 326 327
29 286 288 289 290 291 292 293 294 295 298 299 300 302 303 304 305 306 307 312 314 315 317 321 322 323 324 325 326 327
28 286 287 288 290 291 293 296 297 298 300 301 302 303 304 305 307 309 310 311 313 314 315 318 319 322 325 326 328
20 288 289 291 294 295 296 300 304 313 314 316 317 319 322 323 324 325 326 327 328
22 288 290 291 292 293 294 296 298 299 301 302 303 305 306 309 310 312 313 318 323 325 327
26 286 287 289 290 291 292 293 295 303 306 307 309 310 312 313 314 315 316 317 318 319 322 323 324 325 326
22 286 287 288 291 292 293 294 296 298 299 306 307 312 313 314 317 320 321 324 325 327 328
14 289 291 293 295 297 301 306 307 308 312 314 315 316 322
14 287 291 292 295 301 306 307 310 313 316 318 319 321 328
24 286 287 289 292 294 296 297 299 300 302 303 304 305 306 307 314 316 318 319 320 321 322 324 326
19 286 289 290 292 294 295 296 297 298 299 305 307 311 314 315 320 323 324 327
27 286 288 289 290 292 294 295 299 300 302 303 306 307 308 309 313 314 316 317 318 319 320 323 325 326 327 328
25 286 288 289 292 293 295 299 300 301 303 304 305 307 308 312 313 314 316 317 318 320 323 324 325 328
14 292 295 298 301 303 304 305 309 312 314 317 319 323 325
15 286 290 296 298 299 303 308 312 315 320 321 323 324 325 327
24 286 287 288 289 290 291 292 295 299 300 302 305 306 309 310 311 316 317 318 319 320 321 323 324
27 286 287 289 292 293 294 296 297 298 299 301 302 303 304 305 307 312 313 316 318 320 321 322 324 325 326 328
23 286 288 289 290 293 295 296 300 301 302 304 306 310 311 312 313 314 315 318 322 325 327 328
25 286 287 293 294 296 297 298 299 300 302 304 305 307 308 310 314 316 317 318 321 323 324 325 326 328
24 286 287 289 290 291 296 297 298 299 303 305 307 310 311 312 313 314 315 316 317 320 322 325 326
14 290 291 294 295 296 297 298 303 309 314 315 316 325 327
27 286 288 289 290 291 292 294 296 297 299 302 303 305 306 308 313 314 315 316 319 320 321 323 325 326 327 328
24 286 287 293 294 297 299 300 302 304 306 307 308 309 311 314 315 318 319 321 322 323 325 326 327
27 287 288 289 290 291 292 297 298 299 300 301 302 304 306 308 309 310 313 316 317 318 319 321 323 326 327 328
17 287 289 294 295 298 299 300 301 302 306 308 309 314 318 319 322 328
22 286 290 292 294 295 297 298 299 300 301 303 304 305 311 312 314 317 318 319 326 327 328
21 286 290 291 293 296 297 299 301 304 307 309 310 311 313 314 315 316 318 319 320 323
21 287 291 292 293 296 297 298 299 300 302 307 308 310 312 316 317 319 322 323 325 327
26 287 291 292 294 296 297 298 300 301 302 304 307 308 309 310 313 314 316 317 318 319 321 322 324 325 327
27 287 288 289 290 293 295 296 298 299 302 303 304 305 307 308 309 310 312 317 318 319 320 324 325 326 327 328
16 288 289 291 294 297 301 304 306 312 313 316 317 319 320 325 328
22 286 288 290 296 300 302 303 305 307 308 309 310 311 313 316 317 318 321 322 323 325 327
13 289 291 292 296 298 299 304 309 310 313 314 315 327
21 290 291 294 297 299 303 305 306 307 310 311 314 316 317 320 322 323 325 326 327 328
18 286 289 292 297 300 303 305 306 307 308 311 312 318 321 322 323 325 326
13 289 290 292 297 300 301 305 306 308 314 317 325 327
24 286 289 290 291 292 297 298 300 303 304 307 308 311 312 314 315 317 318 319 320 321 322 323 327
27 287 289 291 292 294 296 297 298 299 300 301 304 306 307 308 309 310 311 312 316 317 319 322 324 325 326 328
26 286 287 288 292 293 294 295 297 298 299 304 305 306 308 309 310 311 312 313 314 316 319 321 322 323 327
23 286 288 290 294 295 296 297 298 299 300 301 303 304 305 307 308 310 311 314 319 321 323 327
26 286 287 288 290 291 292 293 294 296 297 298 303 304 307 310 312 313 314 315 318 319 321 322 323 325 326
26 287 289 290 292 294 295 297 300 301 303 305 308 310 311 312 314 315 316 318 319 320 322 323 325 327 328
24 286 287 288 289 290 293 295 296 297 300 301 302 303 304 306 307 308 310 315 320 321 322 325 328
18 286 287 293 294 296 298 299 300 305 309 310 311 314 318 320 321 323 328
27 287 288 289 290 293 294 295 298 299 300 301 302 304 305 306 307 310 311 313 314 316 317 322 323 324 325 327
26 287 288 291 292 294 296 297 299 301 304 305 306 307 309 311 312 314 316 317 319 320 323 324 326 327 328
15 291 292 295 301 302 306 307 309 318 319 320 321 322 324 326
16 289 290 294 299 307 312 313 314 315 317 318 319 320 324 325 326
13 286 287 301 302 303 306 307 309 311 316 320 326 327
20 286 287 288 289 290 291 292 293 294 296 298 300 303 305 311 312 313 314 324 327
21 287 288 291 292 295 296 297 298 299 303 306 307 309 311 313 315 317 318 323 325 326
20 287 289 290 292 293 294 296 301 302 303 306 307 308 311 312 318 319 322 323 325
26 287 288 289 290 292 293 294 295 298 301 302 305 307 309 311 312 313 314 316 317 318 321 322 323 324 327
29 286 288 289 290 292 293 294 295 296 297 299 301 304 305 307 308 309 310 311 312 313 314 315 317 320 321 322 325 326
18 288 289 291 293 298 299 300 305 306 309 310 311 317 319 324 325 327 328
27 287 288 289 292 293 294 296 298 299 300 301 304 305 308 311 313 315 316 319 320 321 322 323 324 325 326 328
28 288 289 291 292 294 295 296 300 301 302 304 305 306 307 308 310 311 313 314 315 317 318 319 320 321 322 325 328
13 288 289 291 294 295 303 305 309 320 322 323 324 328
27 286 287 288 289 290 292 293 296 297 298 299 300 301 303 304 307 308 311 314 316 319 321 323 324 325 326 327
14 293 294 297 300 304 305 308 311 312 314 315 319 324 326
13 287 291 294 304 305 309 312 314 315 317 320 321 324
29 286 287 288 289 290 292 293 294 295 297 298 300 307 308 309 311 313 315 316 317 318 319 320 321 322 323 324 325 326
26 288 293 294 300 301 302 303 304 305 306 307 308 309 310 311 312 314 315 316 317 319 321 323 324 326 328
19 286 287 288 293 294 296 297 299 300 302 304 306 308 312 315 316 318 319 323
22 287 288 289 290 293 296 297 300 302 303 307 309 310 312 315 316 317 320 323 324 325 328
19 288 289 290 294 298 300 301 303 306 315 316 318 319 320 322 323 324 325 326
26 286 289 290 291 293 294 296 301 302 303 304 305 306 307 308 309 313 314 315 316 318 319 322 324 327 328
14 286 288 295 297 301 304 305 309 311 315 319 325 326 328
17 287 289 293 295 298 302 304 310 313 314 315 320 321 324 325 326 328
21 286 287 289 295 297 299 304 305 307 308 309 311 313 314 315 316 317 321 326 327 328
29 286 288 290 294 296 297 298 299 300 301 302 303 304 306 309 311 315 316 317 318 319 320 321 322 324 325 326 327 328
19 287 288 290 293 294 295 296 299 302 303 305 308 310 316 317 320 324 325 327
19 286 289 293 296 298 300 301 307 308 313 314 315 318 320 322 323 324 325 326
13 294 297 299 302 305 307 311 312 314 320 322 323 325
13 286 290 292 298 300 303 304 305 307 315 317 320 324
23 286 290 292 294 296 297 302 303 307 308 310 312 313 314 315 316 319 323 324 325 326 327 328
25 286 287 289 292 293 294 298 300 301 302 303 307 308 310 312 313 314 316 317 319 322 323 326 327 328
15 288 291 292 294 295 302 306 310 312 318 319 320 321 323 325
15 288 290 295 299 301 302 306 308 317 318 319 320 321 323 324
22 287 288 291 292 295 297 299 304 307 312 314 315 318 319 320 321 323 324 325 326 327 328
14 286 289 297 298 300 303 307 310 311 313 314 315 316 321
13 286 293 297 302 304 305 310 312 314 318 320 323 328
26 286 288 290 291 292 293 296 297 298 300 302 303 306 308 309 310 311 312 316 318 319 320 321 324 327 328
20 288 289 291 294 297 298 300 301 302 305 306 307 312 313 322 323 325 326 327 328
15 286 287 296 298 301 306 307 308 313 314 316 324 325 326 327
25 286 287 290 291 293 294 295 297 299 300 301 302 303 306 307 309 311 313 314 315 318 320 321 326 328
27 289 290 291 293 294 295 296 297 298 302 304 307 308 309 310 311 312 313 314 315 319 322 323 324 325 326 328
18 288 291 293 294 295 300 302 303 304 306 307 308 310 312 313 314 325 328
19 286 288 289 290 292 294 298 301 302 303 306 311 314 316 317 320 322 324 328
14 286 287 288 290 292 300 303 304 311 312 315 317 325 327
20 291 292 293 294 296 299 301 302 303 306 309 311 314 315 316 317 318 321 322 325
18 286 288 289 290 292 295 297 299 301 304 306 308 313 314 316 319 323 326
15 288 289 290 291 292 293 294 295 307 312 315 318 324 325 326
28 286 287 288 289 290 292 294 295 296 300 303 304 307 309 310 312 314 315 316 317 318 319 320 323 324 325 327 328
22 289 290 292 293 294 296 297 303 307 308 310 312 314 315 318 321 322 324 325 326 327 328
13 286 290 297 299 300 301 307 309 314 316 319 322 328
13 287 289 291 292 300 310 312 313 314 318 325 327 328
21 286 287 288 290 295 297 298 299 300 305 306 307 309 310 312 313 314 319 321 326 327
14 287 288 289 292 295 296 299 302 310 315 320 324 326 328
16 291 292 294 297 301 302 306 310 312 313 315 318 320 321 323 328
14 293 296 297 300 306 307 308 312 315 316 317 319 324 328
29 286 288 289 290 291 292 293 294 296 299 300 301 303 304 305 307 309 310 311 313 316 317 318 320 321 322 323 324 327
15 286 287 288 290 291 292 295 299 300 306 308 311 319 324 327
19 287 288 289 294 297 300 302 306 307 309 310 311 312 314 317 318 320 321 328
21 288 289 290 292 293 295 296 297 299 300 303 304 305 307 308 313 317 320 322 325 326
19 286 288 289 290 291 293 297 301 302 305 306 307 308 309 321 322 324 326 328
18 286 288 289 293 295 296 299 304 305 307 308 309 311 318 319 323 325 326
15 290 291 292 293 301 303 308 312 315 316 320 321 324 326 328
22 287 288 294 296 297 299 300 301 302 303 304 305 306 307 310 314 315 316 320 322 323 328
19 288 292 293 295 296 300 303 306 307 309 310 311 312 317 320 323 324 327 328
19 288 292 293 294 297 298 299 300 307 308 311 312 314 315 319 320 321 325 326
28 286 289 290 291 296 297 298 299 300 301 306 307 308 310 311 312 313 315 317 318 320 321 322 323 324 325 327 328
18 292 294 295 296 301 302 303 304 307 308 315 316 319 320 321 322 323 324
16 286 290 291 294 299 300 301 304 307 308 309 318 321 322 323 324
24 287 289 290 292 293 294 295 297 301 302 303 305 306 308 309 310 311 313 314 315 316 319 322 323
15 287 288 289 290 292 294 297 298 301 308 314 325 326 327 328
21 288 290 293 295 298 300 301 302 305 309 311 312 316 318 319 321 322 324 325 326 328
25 287 288 289 291 294 295 297 298 302 303 306 308 309 311 314 315 316 319 320 321 322 323 326 327 328
16 287 290 294 295 301 302 304 311 313 315 318 321 322 323 325 326
25 288 289 290 294 295 297 299 302 305 306 307 308 309 310 311 312 313 314 315 316 317 318 320 321 322
22 286 289 290 292 293 294 296 297 298 301 306 309 311 312 313 314 315 317 318 319 320 323
19 287 288 289 292 293 296 297 299 300 302 303 306 309 314 320 322 325 326 328
18 286 288 292 293 296 297 301 304 306 310 311 314 315 316 321 322 324 325
29 286 288 289 290 292 294 295 296 297 302 303 304 305 308 314 315 316 317 318 319 320 321 322 323 324 325 326 327 328
26 286 290 291 292 293 294 295 297 298 299 301 302 304 305 308 313 316 317 318 320 321 322 323 324 326 327
29 286 288 290 292 293 294 295 296 299 300 304 305 306 307 309 311 312 313 314 317 318 319 321 322 323 324 326 327 328
23 286 287 288 289 291 292 293 295 296 298 299 302 303 307 308 309 313 316 318 321 323 324 328
19 288 290 291 293 294 295 296 298 300 302 305 308 309 312 317 321 322 326 328
18 289 290 297 299 300 301 303 304 305 309 311 312 316 319 321 322 325 328
28 288 289 291 292 299 301 303 304 305 307 308 309 310 311 313 314 315 316 317 318 319 322 323 324 325 326 327 328
21 286 289 291 295 297 298 299 301 302 304 305 306 309 310 314 318 320 322 323 324 325
20 286 289 292 293 294 295 297 300 302 305 306 307 310 314 320 321 324 326 327 328
23 286 290 291 292 293 297 299 300 301 302 304 305 307 313 314 316 319 321 322 324 326 327 328
18 286 290 291 292 293 294 296 298 302 303 305 308 310 311 315 320 324 326
28 286 287 288 289 292 293 294 295 296 297 298 300 302 303 304 305 306 307 310 312 313 317 320 322 325 326 327 328
19 286 287 292 293 295 296 300 302 303 305 306 311 313 315 320 321 324 325 327
23 286 287 289 290 293 294 298 300 302 304 308 310 314 315 316 319 320 322 323 324 325 326 328
13 287 288 289 293 297 303 306 308 310 312 313 321 322
29 286 291 293 294 297 298 299 300 301 303 304 305 306 307 308 309 310 311 312 313 315 316 317 319 320 321 322 324 327
29 287 288 289 291 292 293 294 295 296 297 299 300 301 302 304 306 307 308 310 312 313 314 315 319 320 321 323 324 326
17 287 288 291 295 302 305 306 307 308 312 313 318 320 321 322 325 328
19 286 289 292 296 298 300 301 306 307 309 312 313 315 316 317 318 322 325 328
21 289 295 296 297 299 300 303 304 306 307 312 313 316 318 321 322 323 324 325 326 328
23 287 291 294 295 296 299 300 301 302 303 305 309 310 312 313 315 317 318 319 320 321 323 327
21 289 292 294 296 298 299 300 301 306 307 308 309 312 313 315 319 322 323 325 326 327
15 288 289 294 296 297 299 300 307 308 313 314 316 319 321 323
16 286 288 290 294 298 299 301 306 307 308 312 315 316 321 322 326
27 286 289 290 291 292 293 295 296 298 299 302 303 306 307 308 310 313 315 316 317 319 320 321 323 324 326 327
26 287 288 289 290 291 293 297 298 299 300 301 302 304 309 313 314 315 316 317 318 320 321 323 324 326 327
16 287 290 292 294 295 297 301 303 311 315 317 321 325 326 327 328
18 288 289 290 291 292 295 296 298 303 308 310 314 315 317 318 320 323 328
25 287 288 289 290 291 295 300 301 302 305 306 307 308 309 312 313 314 315 316 320 322 323 325 326 327
14 286 287 288 297 299 302 303 308 309 312 315 316 317 318
27 286 287 289 290 291 292 293 295 299 302 303 305 306 308 311 314 316 317 319 320 321 322 323 324 325 327 328
26 286 287 288 290 291 294 295 296 298 300 302 303 304 305 306 308 310 316 317 318 320 321 323 324 326 328
29 291 292 293 294 295 297 300 301 302 304 305 307 308 309 310 311 312 313 314 315 317 318 319 321 322 323 324 327 328
22 288 289 290 291 292 294 295 301 305 306 308 309 310 312 315 316 320 322 323 324 327 328
13 288 290 291 292 297 298 302 309 311 313 314 320 326
23 286 292 293 294 295 299 303 304 305 306 310 312 315 318 319 320 321 322 323 324 325 326 327
24 287 288 289 290 296 298 300 302 304 305 306 307 308 310 311 313 314 316 318 319 321 326 327 328
19 288 290 291 295 297 302 308 309 312 313 316 317 318 319 321 322 323 325 328
19 287 288 290 291 295 296 297 298 299 301 303 307 309 311 314 320 321 322 326
15 287 293 296 304 307 308 310 311 312 313 320 321 323 327 328
20 286 295 296 297 299 300 303 304 305 310 311 313 314 315 316 318 319 321 323 325
14 286 287 294 295 296 298 301 304 306 310 314 317 321 327
29 287 288 289 290 291 292 293 294 295 296 297 298 299 300 301 303 306 308 309 311 312 314 315 317 318 322 325 327 328
26 286 287 288 289 292 293 295 300 302 303 304 305 306 307 308 309 310 311 313 314 317 318 320 322 323 328
15 286 289 293 294 298 299 300 305 312 314 315 316 323 326 327
24 290 293 294 295 297 298 299 300 301 303 304 305 306 307 310 311 312 315 316 317 324 326 327 328
28 286 287 291 294 295 297 298 299 300 301 302 303 304 305 306 307 309 310 313 314 316 317 319 322 323 325 327 328
27 286 287 288 289 290 291 293 295 296 298 299 303 307 308 309 310 312 313 314 316 318 320 321 325 326 327 328
21 286 287 288 291 292 293 294 300 304 306 307 311 312 313 317 321 322 323 324 327 328
26 286 289 295 296 300 301 302 304 305 307 308 309 310 312 313 314 315 317 318 319 320 322 324 326 327 328
23 289 292 294 296 300 301 302 305 307 308 310 311 312 314 316 317 318 322 323 324 326 327 328
29 287 289 290 293 294 295 298 301 302 303 305 306 307 308 310 311 312 313 314 315 316 317 319 320 321 322 325 326 328
15 286 289 294 296 299 304 306 309 316 317 321 322 325 326 327
26 287 288 290 291 294 296 297 298 299 300 302 303 305 306 307 308 312 316 317 318 320 321 322 324 325 326
20 289 290 291 293 294 295 296 297 303 306 308 309 310 313 318 319 321 322 325 328
24 287 293 294 295 296 298 299 301 302 307 308 310 311 315 316 317 319 320 322 323 324 326 327 328
20 286 288 291 292 293 294 296 297 302 304 307 308 309 313 316 318 319 320 326 327
23 288 290 291 292 294 297 300 304 305 306 312 313 314 315 316 319 320 321 322 324 326 327 328
20 286 287 291 294 295 298 301 302 304 309 312 314 315 316 317 319 320 322 326 328
16 286 288 290 295 296 304 307 310 311 312 315 319 320 322 326 327
29 286 288 290 292 294 295 296 298 299 300 303 305 306 307 309 310 311 312 314 315 316 317 318 319 321 322 323 327 328
29 286 287 288 290 291 292 293 295 296 298 299 300 301 302 304 305 306 308 310 312 313 315 316 318 319 320 321 323 324
24 286 287 288 290 291 293 295 299 302 306 307 308 309 312 313 315 317 318 319 320 321 324 325 327
18 287 291 294 297 298 299 304 305 306 309 313 314 317 319 321 324 325 328
13 287 293 295 298 300 301 303 304 311 313 314 318 324
25 287 291 292 293 294 295 296 298 299 304 307 308 309 310 311 312 313 314 316 317 319 320 321 324 328
13 288 289 290 292 293 296 299 301 306 310 320 324 326
17 287 288 290 291 295 299 301 302 306 308 311 312 314 316 318 324 327
25 286 288 290 292 293 294 295 296 297 300 301 302 303 305 306 308 311 314 318 319 320 322 323 324 327
20 286 287 289 291 295 298 300 301 302 304 308 311 314 315 317 318 322 323 326 328
13 286 287 288 289 291 296 300 305 309 312 313 317 320
18 288 289 295 296 297 299 302 303 306 307 310 311 312 315 317 323 325 326
21 287 288 290 291 292 296 298 300 301 308 309 310 312 313 315 318 319 322 323 324 327
25 287 288 289 290 292 293 295 296 297 298 299 301 306 309 311 313 314 318 321 323 324 325 326 327 328
28 286 287 292 294 295 298 299 301 302 303 307 308 309 311 312 313 314 315 316 318 319 320 322 324 325 326 327 328
27 287 288 289 290 292 293 295 297 298 299 300 302 303 304 305 306 307 309 310 311 312 316 318 320 322 323 324
25 286 287 288 289 291 292 294 295 297 298 302 303 304 307 308 311 314 318 319 320 321 322 324 325 328
17 286 288 289 293 296 300 302 306 309 314 315 319 320 322 323 326 327
14 289 290 293 295 298 300 301 306 312 318 320 322 326 327
19 286 287 289 290 291 292 295 299 301 306 307 311 314 316 317 321 322 323 325
21 288 290 295 296 299 302 303 304 308 311 314 316 318 319 320 322 324 325 326 327 328
20 287 288 289 292 295 298 299 300 305 307 308 312 313 314 318 319 324 326 327 328
25 286 290 292 294 297 299 302 304 305 306 308 309 310 311 312 313 315 316 317 318 322 323 325 326 327
26 287 289 291 292 295 296 300 301 302 304 305 306 307 308 310 311 312 313 314 315 316 317 318 320 321 324
26 287 288 290 292 295 297 299 300 302 303 304 305 306 308 310 311 312 313 314 315 316 317 322 325 326 327
21 288 294 296 299 301 305 306 307 308 310 312 313 314 315 319 323 324 325 326 327 328
21 288 292 293 294 295 296 297 298 301 302 303 307 308 313 315 318 319 320 324 325 328
23 286 287 289 290 292 294 295 296 297 303 306 307 310 311 313 314 315 316 317 320 321 324 325
21 287 288 289 290 292 293 295 299 300 301 306 307 310 311 313 317 318 320 326 327 328
27 286 287 288 289 291 292 294 295 296 297 298 303 304 305 310 312 315 318 319 320 321 323 324 325 326 327 328
24 287 289 291 294 295 296 297 298 300 304 305 307 308 309 310 314 315 316 317 318 324 325 327 328
23 286 287 290 291 292 294 295 298 299 300 301 306 313 314 315 316 317 321 323 325 326 327 328
22 287 289 291 292 294 297 298 299 300 301 302 305 307 309 312 314 316 318 320 321 322 326
23 286 289 290 295 297 298 299 301 302 303 304 307 308 309 312 314 316 317 322 323 324 325 328
14 286 287 291 293 297 301 303 308 310 314 319 325 326 328
19 287 288 290 291 292 301 303 306 308 311 313 314 316 317 318 322 323 325 327
18 286 288 290 291 292 294 298 302 303 305 306 307 311 312 316 319 320 321
26 286 287 288 289 290 291 296 297 298 300 301 302 305 307 308 309 312 314 315 316 317 318 322 323 325 327
26 286 290 292 293 295 297 299 300 301 304 306 308 310 311 313 314 316 317 318 319 320 321 324 325 326 328
21 286 287 288 289 291 292 293 296 297 299 300 302 305 309 315 316 317 318 319 321 322
14 287 290 291 294 295 303 304 312 316 317 319 325 327 328
18 291 292 295 300 301 303 304 305 307 308 309 313 315 318 319 323 327 328
15 286 289 290 294 296 297 303 304 308 314 318 321 323 325 327
19 286 288 289 290 291 297 298 300 304 305 307 308 309 310 312 315 324 326 327
15 289 290 292 294 297 300 301 302 304 307 312 316 323 324 327
20 288 292 295 297 299 303 305 307 308 309 311 314 318 319 321 322 323 324 326 327
21 290 291 292 293 295 298 301 302 305 307 308 309 310 311 312 315 316 318 320 326 328
20 289 292 295 296 298 299 304 306 309 312 314 315 317 318 319 320 321 323 324 327
