375 1795
63 1 2 3 4 5 6 7 8 9 10 11 12 13 14 15 16 17 18 19 20 21 22 23 24 25 26 27 28 29 30 31 32 33 34 35 36 37 38 39 40 41 42 43 44 45 46 47 48 49 50 51 52 53 54 55 56 57 58 59 60 61 62 63
48 3 4 5 6 7 8 10 13 14 15 16 18 19 20 21 23 24 25 26 27 29 31 32 33 34 35 36 40 41 42 43 44 45 46 47 48 50 51 52 53 54 55 57 58 59 60 62 63
37 3 5 7 8 9 10 11 12 13 14 15 18 19 21 22 23 28 29 30 31 32 33 35 39 41 43 44 45 46 47 48 50 51 54 55 56 63
32 3 5 9 12 14 16 17 18 19 21 22 23 24 27 29 31 32 34 38 39 40 44 46 47 49 51 52 55 58 59 61 62
40 2 4 6 7 8 9 10 11 12 13 14 17 21 22 24 25 27 29 30 31 32 33 34 37 38 40 42 43 44 45 47 48 49 52 53 54 55 56 57 59
31 1 2 5 6 7 10 13 14 15 18 21 22 23 26 27 31 33 34 35 40 42 45 47 50 52 54 57 58 60 61 62
20 4 6 9 13 19 20 24 26 29 31 33 39 40 41 44 51 52 56 58 63
20 8 9 11 12 18 19 23 25 29 31 32 34 46 50 51 53 59 60 61 63
42 1 2 3 5 6 7 8 9 11 13 14 16 17 18 19 21 23 24 26 27 28 29 30 33 34 35 36 37 40 43 44 46 48 49 51 53 56 58 60 61 62 63
34 1 3 4 6 9 11 13 16 18 20 21 22 25 31 32 33 35 36 37 38 40 42 44 45 49 50 52 54 55 56 59 61 62 63
23 6 7 8 10 15 17 18 19 23 27 28 36 37 38 44 45 50 53 54 55 56 62 63
20 5 6 7 8 11 12 15 17 19 23 25 27 47 50 52 53 54 56 60 63
19 1 2 4 12 17 20 21 27 29 34 35 36 38 39 40 42 43 61 63
38 1 2 5 7 8 9 10 13 15 16 17 18 20 21 22 23 25 26 28 30 33 34 36 37 38 42 49 50 51 52 53 54 56 57 58 60 61 62
45 1 2 3 4 5 6 7 8 9 10 13 14 18 20 22 24 26 27 28 29 30 31 33 34 36 37 38 39 40 41 43 44 46 47 49 50 52 53 55 57 58 59 60 61 62
47 1 2 3 4 5 8 9 10 11 12 14 15 16 17 18 19 21 22 23 24 25 26 28 30 31 32 33 34 35 36 39 40 41 42 45 46 47 48 49 50 51 52 54 55 59 60 61
32 1 2 5 6 10 11 12 16 17 18 20 21 25 26 28 30 32 34 36 37 38 39 40 43 46 49 51 54 56 58 60 62
23 5 7 9 10 26 27 28 31 34 36 37 42 44 45 47 49 50 52 54 57 61 62 63
34 4 5 8 9 10 12 14 16 18 19 20 26 27 28 29 30 31 33 34 37 41 42 45 47 49 50 52 53 56 57 58 59 62 63
21 1 3 5 6 14 17 19 22 23 32 34 41 45 50 51 52 53 54 57 60 62
40 1 2 3 5 6 7 8 9 12 14 15 16 19 20 21 23 25 26 27 28 29 30 32 33 37 40 41 44 45 48 49 51 52 53 54 55 57 60 61 63
30 3 7 8 10 11 12 15 16 18 19 22 23 25 26 29 30 31 35 39 40 42 46 47 48 49 54 57 59 60 62
33 1 3 4 5 7 9 12 13 14 15 16 17 19 20 21 22 23 28 33 37 39 41 44 45 46 50 52 53 54 55 57 58 61
30 4 6 7 9 10 11 12 13 14 15 16 19 21 27 28 30 32 33 34 36 37 41 48 49 54 55 57 60 61 63
37 1 2 4 6 7 9 10 11 13 16 17 19 20 21 23 25 26 28 29 30 32 36 37 38 42 43 46 50 51 53 54 58 59 60 61 62 63
38 2 3 4 5 7 8 9 13 15 17 20 21 22 24 25 28 30 31 33 34 35 36 37 39 40 41 44 45 46 47 49 50 52 53 54 55 56 63
34 3 4 5 6 7 8 10 13 15 17 18 20 21 23 27 28 29 31 32 33 35 37 38 39 40 45 46 50 52 54 55 56 58 61
21 1 3 6 7 10 11 17 18 19 22 25 31 32 38 40 41 43 52 53 58 63
20 3 4 5 6 12 17 19 26 27 31 33 39 41 42 43 48 52 55 58 60
38 2 5 7 9 10 11 12 14 15 16 17 20 21 23 25 29 31 32 34 36 37 41 42 43 44 45 46 47 50 51 52 53 54 56 58 59 60 61
37 5 6 9 10 11 12 15 16 17 19 22 23 24 25 26 27 28 30 31 32 34 35 36 39 42 43 44 46 47 48 51 52 56 57 59 62 63
22 1 2 14 15 16 20 23 26 30 35 38 40 41 42 44 48 49 51 52 57 58 61
22 1 2 4 8 9 12 14 22 23 25 32 33 38 41 47 53 54 58 60 61 62 63
50 1 2 3 4 5 6 7 8 9 11 12 13 14 15 17 18 19 20 22 24 25 27 28 29 30 31 32 33 34 35 36 37 40 41 42 43 44 45 47 48 49 50 51 52 53 54 55 57 60 62
46 2 3 4 5 6 7 8 9 10 11 12 17 18 19 20 21 23 24 25 26 27 28 29 30 32 33 34 35 36 37 38 39 41 45 47 48 51 55 56 57 58 59 60 61 62 63
59 64 65 66 67 68 69 70 71 72 73 74 75 76 77 78 79 80 81 82 83 84 85 86 87 88 89 90 91 92 93 94 95 96 97 98 99 100 101 102 103 104 105 106 107 108 109 110 111 112 113 114 115 116 117 118 119 120 121 122
36 64 65 66 67 69 71 72 73 75 78 79 80 81 82 83 84 85 86 89 90 92 93 94 97 99 101 105 106 109 110 112 115 117 118 119 122
21 65 67 68 71 77 78 81 83 86 88 89 93 96 97 101 104 110 111 114 115 117
32 65 67 68 69 70 71 72 74 75 76 78 79 80 82 83 90 91 92 94 97 102 105 108 110 114 115 117 118 119 120 121 122
21 67 68 73 76 78 80 81 83 84 85 90 91 92 97 99 104 106 109 111 112 117
21 67 69 72 73 75 76 80 81 82 87 88 92 93 101 106 107 108 114 116 118 122
42 64 65 66 67 68 69 70 72 73 74 75 76 77 78 79 80 81 82 83 84 86 87 89 91 93 96 97 99 100 103 104 105 107 108 109 110 113 115 117 119 121 122
36 64 65 67 70 73 74 76 77 78 79 80 81 82 84 85 86 89 90 91 92 94 95 96 97 98 99 103 105 106 107 109 112 113 114 115 120
45 64 65 67 68 69 70 71 72 73 75 77 78 79 80 82 83 84 85 86 87 88 90 91 92 93 96 98 101 102 104 105 106 107 108 110 111 112 113 114 115 116 117 119 120 121
23 65 67 68 69 72 75 83 89 90 91 93 94 96 98 101 104 105 106 113 114 115 118 119
20 69 74 75 77 78 82 84 85 86 96 98 99 102 103 109 111 113 114 115 116
36 64 65 66 67 69 70 72 74 80 82 85 86 87 88 90 94 95 98 99 100 101 102 103 104 106 107 109 113 114 115 117 118 119 120 121 122
36 64 66 67 69 71 73 74 76 77 78 80 85 86 88 89 90 91 92 94 95 97 98 99 100 102 104 105 108 110 112 113 115 116 117 118 120
43 65 67 68 69 71 72 73 74 75 76 78 79 80 81 82 83 84 85 87 89 90 91 92 93 95 96 97 98 100 101 102 104 106 107 108 110 111 115 116 117 118 119 121
41 64 65 67 68 69 70 74 76 77 78 81 83 85 86 87 88 90 95 96 97 98 99 100 101 103 104 106 107 108 109 110 111 112 113 114 115 116 118 119 121 122
20 64 65 68 75 78 79 83 90 92 94 99 100 102 104 105 106 108 112 116 117
40 64 65 68 69 71 73 74 75 78 79 80 81 82 83 85 86 87 91 92 93 94 96 97 98 100 102 103 105 108 109 110 111 112 114 115 116 117 118 119 121
44 65 66 67 69 70 73 74 75 77 78 79 80 82 83 86 87 89 90 91 92 93 94 95 96 97 98 99 100 101 102 103 104 105 106 107 108 110 112 113 115 117 118 120 121
29 65 66 68 70 71 72 74 75 78 80 85 87 88 93 94 99 100 105 106 107 108 109 114 115 117 118 119 121 122
34 64 65 68 69 70 71 72 74 76 77 79 80 81 82 84 86 87 91 93 94 96 97 98 99 100 101 102 105 108 111 113 115 117 119
30 68 69 73 74 76 77 78 80 81 83 84 85 87 88 92 94 97 98 99 100 101 104 107 108 109 110 115 119 120 121
26 64 65 71 72 73 74 77 79 80 83 85 86 87 90 95 98 99 104 105 108 110 111 112 114 118 122
24 64 68 69 71 75 76 77 79 81 82 84 86 89 96 97 98 101 105 108 112 114 115 116 118
22 64 72 73 74 76 82 84 86 88 89 91 96 98 100 102 103 105 106 108 112 117 119
31 65 66 69 70 73 76 79 80 81 87 88 90 91 92 94 95 97 98 101 102 105 108 109 111 114 115 116 118 119 121 122
36 64 66 67 71 72 74 75 79 80 81 82 83 85 86 87 89 90 92 93 95 97 100 101 103 105 107 108 109 110 112 116 117 118 119 121 122
20 67 71 76 77 79 90 91 94 95 96 98 101 103 106 107 110 112 114 118 121
36 64 65 66 67 69 70 71 72 73 74 75 76 77 78 79 81 83 84 86 87 92 93 101 103 104 105 109 110 111 113 114 116 117 118 119 120
40 65 70 72 73 74 75 77 80 81 82 85 87 88 90 91 92 93 94 95 97 98 99 100 102 104 105 106 107 108 109 110 111 112 113 115 117 119 120 121 122
25 70 71 72 77 78 85 87 88 90 91 95 96 98 99 100 101 102 104 107 108 110 113 116 117 121
28 64 65 66 69 72 77 79 80 81 84 86 89 94 97 98 99 100 102 104 105 108 111 115 116 117 118 121 122
23 67 68 73 75 76 77 78 80 81 86 87 91 93 95 99 100 101 103 108 111 113 114 118
18 65 66 72 75 78 79 80 86 95 96 98 99 104 107 109 110 115 119
44 64 66 70 71 73 74 75 76 77 78 79 81 82 83 84 87 88 89 90 91 92 93 94 95 96 98 99 100 102 103 104 106 107 108 109 110 111 112 113 114 115 117 119 122
30 68 71 72 73 74 76 77 78 80 81 88 92 94 95 96 98 99 100 103 104 105 106 110 112 114 115 117 118 119 122
46 65 67 68 69 70 72 73 74 76 77 78 79 80 81 82 83 84 87 88 89 92 93 94 95 96 97 98 99 100 101 103 104 105 106 107 108 109 110 111 112 113 115 116 120 121 122
38 64 65 67 69 70 71 75 78 79 80 81 83 84 86 88 89 91 94 95 96 98 100 101 103 105 106 108 109 111 112 113 114 115 116 117 119 121 122
30 64 70 71 72 74 75 76 77 78 86 87 94 95 96 97 99 100 101 103 104 107 108 109 110 113 114 115 116 117 118
23 64 65 69 74 78 81 83 84 86 87 88 90 91 94 97 100 106 108 111 112 114 116 122
34 64 65 68 69 73 74 76 77 78 80 81 82 84 85 87 90 92 94 97 98 99 101 102 104 105 106 108 109 110 113 114 118 120 122
37 64 66 68 69 70 71 72 74 75 77 82 84 87 89 90 91 92 93 96 99 100 101 102 103 106 107 108 109 112 114 115 116 117 118 119 121 122
25 68 72 75 77 78 80 81 85 88 89 90 93 94 96 97 100 102 103 107 108 112 115 119 120 122
43 64 65 66 68 69 70 71 72 73 75 76 78 80 85 86 87 88 89 90 92 93 94 96 97 98 99 100 101 102 103 104 106 110 111 112 114 115 116 117 119 120 121 122
28 64 65 67 69 72 75 76 77 79 81 83 84 87 99 100 102 103 105 107 108 110 111 112 113 114 115 118 122
31 64 67 68 69 70 73 74 75 78 80 81 82 85 86 92 93 94 95 98 100 103 104 105 108 109 113 115 117 118 119 120
19 67 68 71 76 77 79 84 90 92 93 94 99 105 107 112 116 117 119 121
46 64 66 67 68 69 71 72 73 74 75 76 77 78 79 80 81 83 85 86 87 88 90 91 92 95 96 97 98 99 101 103 107 108 110 111 112 113 114 115 116 117 118 119 120 121 122
28 64 65 66 67 68 70 73 77 78 82 83 86 87 92 93 94 97 98 104 106 107 109 111 112 113 114 117 120
28 64 66 69 74 75 76 77 79 80 82 86 88 90 91 96 98 99 103 105 107 109 110 112 113 116 117 119 121
45 64 65 66 67 68 69 75 76 77 78 80 81 82 83 84 86 87 88 89 90 91 92 93 94 95 96 97 100 101 102 103 104 105 106 107 108 109 111 113 116 117 118 119 121 122
25 65 66 75 76 77 78 80 83 85 87 88 91 93 94 103 105 108 109 111 115 116 119 120 121 122
23 71 72 79 82 83 84 85 86 91 92 94 95 98 99 108 109 110 111 112 116 117 121 122
35 67 68 69 70 71 72 73 74 75 77 79 83 85 86 87 89 92 94 96 97 101 102 103 105 106 108 109 110 111 116 117 119 120 121 122
17 72 73 81 83 89 91 93 94 95 96 98 102 106 110 112 120 121
25 64 65 72 73 74 75 76 79 80 81 82 83 85 92 96 100 101 105 106 107 108 111 117 118 120
38 64 65 66 68 70 71 74 75 78 80 81 82 84 85 86 88 89 90 91 92 94 95 98 99 101 103 104 105 108 110 114 115 116 117 118 119 120 122
32 68 70 72 73 75 77 78 80 81 82 83 85 86 93 94 95 98 99 100 101 102 104 106 107 109 111 114 116 118 119 120 121
40 65 66 67 70 72 74 76 77 78 79 82 84 85 87 88 89 90 91 93 94 96 97 99 100 102 103 104 105 106 107 108 111 112 113 114 115 116 117 121 122
26 64 65 66 67 71 74 80 81 82 86 87 90 91 92 94 97 99 103 104 105 109 110 111 118 121 122
33 64 68 69 70 71 72 75 77 80 81 83 84 85 86 91 92 93 94 95 97 98 99 100 101 102 107 108 113 114 116 118 120 122
31 66 67 70 72 73 74 76 79 81 82 83 84 86 87 88 89 90 91 92 96 99 101 102 106 108 109 114 115 118 120 122
43 64 66 67 68 70 72 73 74 75 76 78 80 81 83 84 86 87 88 89 90 91 92 93 94 95 96 98 99 100 101 102 103 104 105 106 109 110 115 117 118 119 120 122
27 65 67 73 74 75 79 80 82 83 84 85 87 88 90 91 92 95 97 100 101 102 104 105 108 111 116 117
39 64 65 66 68 69 70 72 76 79 81 82 83 85 88 89 90 91 92 95 96 98 99 100 101 103 104 105 106 107 108 109 110 111 112 113 114 115 116 121
36 64 65 66 67 68 69 70 71 73 75 76 80 82 84 85 88 89 90 94 95 96 98 102 103 105 107 108 109 110 111 114 116 117 118 121 122
23 64 65 69 71 79 80 83 85 87 88 90 92 95 98 99 100 103 106 108 113 117 118 121
21 69 70 72 73 74 77 78 79 83 85 87 88 89 97 103 104 105 110 115 119 121
47 64 65 66 67 69 70 71 72 73 74 75 76 78 79 80 82 83 84 85 86 89 91 93 94 95 96 97 98 99 100 101 103 104 105 106 107 108 109 110 113 114 116 117 118 119 120 122
31 65 66 67 69 70 71 72 76 77 78 79 80 82 88 90 91 92 95 96 98 100 101 103 108 113 114 116 117 119 120 121
37 64 66 67 71 72 74 75 78 80 81 82 84 85 87 88 92 93 94 95 97 98 99 100 101 105 106 107 108 109 110 113 114 116 119 120 121 122
31 65 67 68 69 71 73 74 76 77 80 81 82 83 84 85 87 93 95 98 102 103 105 106 107 110 112 113 114 115 118 121
36 64 66 67 70 71 72 74 75 77 80 81 82 83 85 87 88 89 90 91 93 94 97 98 99 101 102 105 106 108 110 115 116 117 119 120 122
45 64 65 67 68 70 71 72 73 74 75 76 78 79 80 83 84 85 86 87 88 89 90 91 92 93 94 95 97 99 100 101 102 103 104 105 106 107 109 110 112 113 116 117 118 120
17 66 70 71 72 78 79 80 83 84 89 93 97 98 109 111 116 121
32 66 67 72 73 76 78 79 81 86 87 90 91 92 93 95 98 99 100 101 102 103 105 107 108 111 113 114 117 119 120 121 122
37 64 66 67 70 71 73 74 75 76 80 83 84 85 89 91 92 93 95 96 97 99 100 101 102 103 105 106 107 108 109 110 113 114 117 118 119 121
23 64 65 71 74 75 77 80 82 90 92 95 97 98 103 106 107 110 112 113 114 117 120 121
32 66 67 69 70 71 73 77 78 80 83 85 86 87 88 94 95 96 97 98 99 103 105 106 107 109 110 114 115 116 117 118 120
46 64 65 66 67 68 69 70 71 72 73 74 76 77 79 80 81 83 84 85 86 88 89 91 92 94 95 96 97 100 102 103 104 105 107 108 110 111 113 114 115 116 117 119 120 121 122
45 65 66 68 69 70 71 72 73 74 75 76 77 78 80 83 84 85 86 87 88 89 90 91 92 93 94 95 97 99 101 102 103 104 106 107 108 110 111 112 113 114 116 117 121 122
24 68 71 72 74 75 78 79 81 83 88 90 91 96 98 99 102 105 108 109 112 114 118 119 121
45 66 67 68 70 71 72 73 74 75 76 77 78 79 80 82 83 84 85 86 87 88 89 91 92 94 95 96 98 100 101 104 106 107 108 109 110 112 114 115 116 117 118 120 121 122
18 64 71 73 78 82 84 85 88 89 92 95 96 100 102 104 106 114 115
44 65 66 68 69 71 72 74 78 79 80 81 82 83 84 85 86 87 88 89 90 91 92 93 94 95 96 97 98 101 102 103 104 105 110 111 112 113 115 116 118 119 120 121 122
43 65 66 67 68 69 70 73 75 76 77 80 83 85 87 88 89 90 91 92 93 94 95 96 97 98 99 100 104 106 107 108 109 110 111 112 114 115 116 117 118 120 121 122
42 64 65 66 67 68 70 72 73 74 75 77 79 80 81 82 84 85 86 87 88 91 92 93 94 95 96 97 98 99 102 103 104 105 106 107 110 112 116 117 118 119 120
45 64 66 70 72 74 76 77 78 79 81 82 84 86 87 89 90 91 93 94 95 96 97 99 100 101 102 103 104 105 106 107 108 109 110 112 113 114 115 116 117 118 119 120 121 122
24 66 68 71 74 76 78 81 84 86 88 92 94 95 96 98 100 103 104 105 107 108 109 112 113
19 64 66 67 70 74 77 82 83 86 87 92 93 96 97 100 104 112 121 122
34 64 68 69 70 71 72 74 75 81 82 83 84 85 90 91 92 93 95 98 99 102 103 104 105 106 107 109 111 112 113 115 116 117 122
39 64 65 66 67 70 71 72 75 77 78 82 83 84 87 88 90 91 92 93 96 97 98 99 101 102 103 104 105 106 107 108 110 111 112 113 114 115 120 121
45 64 65 67 68 69 70 71 72 73 74 76 77 79 80 82 86 87 88 90 91 92 93 94 95 96 97 98 99 101 103 104 105 107 108 111 112 113 114 116 117 118 119 120 121 122
37 123 124 125 126 127 128 129 130 131 132 133 134 135 136 137 138 139 140 141 142 143 144 145 146 147 148 149 150 151 152 153 154 155 156 157 158 159
18 125 126 127 131 133 139 141 142 143 145 146 147 152 153 154 155 158 159
17 124 125 127 128 130 133 134 136 138 147 149 150 152 153 155 157 158
20 125 126 130 131 132 133 135 136 137 138 140 142 143 146 147 149 152 153 155 157
27 123 124 126 127 129 130 131 132 133 135 136 137 138 139 140 141 142 144 145 146 147 151 152 153 154 157 159
20 123 124 125 126 128 130 131 133 135 136 139 144 147 148 150 152 154 155 157 158
23 123 124 125 129 130 131 132 133 134 135 137 138 139 140 141 143 146 148 151 154 155 158 159
17 127 130 133 134 135 136 137 140 141 142 144 145 147 149 156 157 158
21 123 125 126 128 129 131 133 134 136 138 139 142 145 146 148 151 152 153 157 158 159
29 123 124 126 127 128 129 130 131 134 137 138 139 140 141 142 144 145 146 148 149 150 151 152 153 154 155 156 158 159
13 124 129 130 131 132 136 137 141 147 148 149 152 159
24 123 124 127 128 130 131 132 134 135 136 138 139 141 142 145 146 147 148 150 151 153 157 158 159
21 123 127 128 129 130 132 133 134 135 138 140 143 145 146 149 150 154 156 157 158 159
21 125 134 135 137 138 141 142 144 145 146 147 148 149 150 153 154 155 156 157 158 159
17 124 126 127 129 135 136 137 139 141 142 147 148 149 150 152 155 159
23 123 124 127 128 129 130 131 132 133 135 137 138 140 141 142 145 147 148 150 151 152 157 158
19 124 126 129 130 132 135 138 139 142 143 144 145 147 148 150 152 153 157 158
28 123 124 125 126 127 129 130 132 133 134 135 136 138 139 140 141 142 146 147 148 149 150 151 152 153 155 158 159
17 124 125 127 131 133 137 139 140 144 146 147 148 149 150 151 154 155
11 163 176 184 189 190 202 213 221 226 235 238
19 160 161 166 167 174 175 176 179 180 183 187 193 195 204 207 212 216 220 229
31 160 161 166 171 178 181 187 191 192 194 195 199 201 203 206 210 211 213 214 216 218 221 222 223 225 226 229 233 235 237 238
27 160 161 164 166 170 171 172 178 181 192 193 196 207 209 210 212 214 216 217 219 220 224 225 230 231 234 236
49 162 163 164 165 167 168 169 170 172 173 174 175 176 177 179 180 182 183 184 185 186 188 189 190 193 196 197 198 200 202 204 205 207 208 209 212 215 217 219 220 224 227 228 230 231 232 234 236 239
45 160 161 162 164 165 166 167 170 174 176 178 179 180 181 183 185 186 187 188 189 190 192 195 196 199 202 204 206 207 213 214 215 216 217 218 220 222 227 228 229 233 235 237 238 239
53 161 165 167 168 169 170 172 174 175 176 177 179 181 183 184 185 186 188 189 191 192 193 194 195 197 198 199 202 203 204 206 207 208 209 210 211 213 214 215 216 218 220 222 224 225 228 231 232 233 235 236 237 238
32 164 166 173 175 179 180 181 185 187 192 193 195 200 203 204 205 206 207 210 212 214 217 218 220 222 223 225 229 230 233 236 237
7 188 190 197 201 211 213 230
30 161 162 164 169 171 172 173 174 176 178 180 181 182 186 188 189 190 193 195 197 203 206 209 212 214 217 221 224 232 234
23 166 170 173 180 181 186 188 189 190 197 200 207 215 218 221 223 224 226 227 230 235 236 237
31 163 166 171 172 176 177 178 179 181 184 191 192 193 194 195 198 199 201 202 203 208 209 213 216 217 218 219 226 231 235 239
40 162 163 165 167 168 169 173 176 177 178 179 180 181 182 184 192 193 194 196 200 201 203 204 212 213 214 216 217 220 222 224 225 227 228 229 230 231 232 235 237
28 164 165 166 168 175 182 183 184 188 192 195 198 204 205 207 208 209 210 211 213 217 218 219 220 221 225 231 237
15 162 169 172 178 181 200 206 219 220 221 223 224 227 234 239
39 160 162 163 167 168 170 171 174 175 176 181 182 183 184 188 189 195 196 201 203 204 207 209 210 211 212 214 215 216 219 221 222 225 226 227 230 234 235 237
23 160 164 166 171 172 173 177 181 183 185 188 189 190 197 198 200 204 215 217 224 226 236 238
29 160 161 166 171 178 181 184 187 188 190 191 193 194 198 199 200 203 204 208 211 213 215 219 220 225 226 231 232 233
10 162 165 177 178 186 188 202 205 220 238
20 163 165 171 177 185 188 192 194 202 204 205 208 209 214 224 225 226 231 234 236
26 163 165 168 170 174 175 176 182 183 184 185 186 191 193 194 196 198 207 216 217 226 229 232 235 236 238
32 160 161 164 167 173 176 181 183 184 201 202 203 204 205 206 212 213 215 216 217 219 220 221 223 227 229 232 234 235 236 238 239
25 164 168 171 177 178 181 182 189 190 191 192 198 203 206 208 209 214 219 223 226 227 228 234 237 238
32 160 161 164 166 167 171 173 177 179 180 187 189 192 195 199 202 203 204 205 208 209 210 212 214 215 218 222 225 228 231 233 237
39 162 163 165 166 168 169 170 171 172 174 175 178 182 185 186 188 189 190 191 192 193 194 195 196 197 198 199 207 208 209 211 214 218 224 226 228 231 233 237
26 162 163 168 173 174 175 181 183 184 185 187 189 191 193 202 203 204 205 215 221 222 223 231 234 237 239
15 165 170 176 189 196 197 205 216 217 223 227 228 230 235 237
11 180 182 187 193 195 207 216 223 228 233 234
42 161 164 167 169 171 173 174 175 179 180 181 182 184 192 193 195 197 198 200 201 204 206 207 209 210 211 212 214 216 217 218 219 224 225 226 227 228 229 230 232 235 239
24 162 165 167 170 173 175 182 183 185 186 190 196 197 200 204 205 207 210 212 222 227 230 233 238
21 165 168 176 182 185 187 195 196 205 206 208 210 214 215 217 219 221 227 234 236 238
4 186 197 201 234
27 161 162 164 165 166 169 170 172 174 175 182 192 198 201 203 205 206 207 212 213 214 223 226 227 231 232 237
25 160 161 164 168 169 174 180 187 188 189 206 211 214 215 220 221 223 224 225 228 229 232 234 236 237
36 162 163 164 167 168 169 172 173 174 175 177 179 180 182 183 185 186 192 195 201 202 206 207 209 210 212 214 218 221 222 224 229 234 236 238 239
52 160 161 162 163 167 169 170 171 172 173 174 176 177 178 179 180 181 185 186 187 189 190 191 193 194 196 197 199 200 201 202 203 206 212 214 215 216 222 223 224 226 227 228 229 230 232 233 234 235 236 238 239
14 163 165 167 171 174 177 181 188 192 205 209 215 231 233
12 166 172 176 187 190 191 194 222 223 231 234 237
40 164 166 167 176 178 179 180 181 182 183 185 188 189 194 195 196 199 201 202 203 204 206 207 208 209 212 214 215 216 217 218 219 222 225 227 228 232 233 237 239
28 160 162 165 172 175 177 180 185 187 189 196 197 200 204 206 207 208 209 217 218 219 222 223 224 227 229 230 232
23 161 163 169 175 176 184 199 203 205 208 209 210 212 213 218 221 225 227 229 230 232 235 239
9 177 179 180 187 200 210 222 225 230
23 167 170 171 174 176 179 181 182 186 190 191 192 194 195 201 210 211 213 214 221 225 236 239
33 160 161 162 165 167 168 169 170 171 172 174 177 178 182 183 188 191 194 196 198 199 208 209 211 215 216 219 224 227 228 231 232 239
20 164 166 170 172 176 182 190 191 193 194 203 207 212 217 219 226 230 234 236 238
26 168 169 175 178 180 183 185 186 187 195 196 197 198 199 200 201 210 213 214 221 223 225 228 229 232 235
20 163 167 168 171 173 177 179 181 183 184 191 194 197 204 208 209 211 216 221 233
30 162 163 167 168 169 176 177 182 184 185 188 189 194 195 198 200 201 202 211 213 215 218 221 223 226 229 232 233 237 238
22 162 163 165 170 173 186 188 194 197 199 202 205 210 211 215 218 221 224 225 233 236 239
20 160 161 162 173 179 184 189 202 204 206 208 211 216 218 220 222 224 227 237 239
35 163 168 169 171 172 173 175 177 182 184 191 193 194 197 198 200 201 203 205 208 209 210 211 212 219 221 223 224 225 226 230 231 232 234 236
28 165 166 173 177 178 179 180 185 187 190 191 192 193 194 197 199 200 205 208 213 218 220 228 229 231 232 236 239
27 160 162 163 164 166 171 173 178 180 182 187 190 196 200 201 205 212 217 219 221 223 226 227 229 230 234 239
19 161 163 164 168 173 183 184 188 193 199 202 203 212 216 226 231 233 235 238
28 163 165 166 167 168 179 184 187 191 194 196 198 199 201 202 204 205 211 213 215 218 219 222 223 226 233 238 239
30 160 164 165 167 172 174 177 178 179 184 185 191 192 195 196 198 199 201 203 204 206 213 214 216 219 225 228 232 233 239
40 160 161 164 166 170 171 172 174 175 183 185 186 187 188 189 190 191 195 197 198 199 202 205 206 207 208 209 210 211 215 218 219 221 223 226 233 234 236 238 239
59 160 161 162 163 164 166 167 169 170 171 172 173 174 175 177 178 179 180 181 183 184 186 188 189 190 191 192 193 194 197 198 199 200 201 202 203 204 207 209 211 212 213 216 218 220 222 223 224 225 226 228 229 230 231 232 233 235 237 239
56 161 162 164 165 166 168 170 171 172 174 175 176 177 178 179 180 181 182 184 185 186 187 188 189 193 194 196 197 198 199 201 202 205 206 207 208 209 210 211 212 213 214 215 220 221 222 223 224 225 226 227 229 231 236 238 239
23 165 173 174 175 179 180 183 186 187 190 191 197 199 203 204 205 206 208 222 227 228 235 239
27 161 162 163 168 169 171 175 176 182 183 187 193 194 202 205 208 209 210 211 212 217 220 222 229 231 234 238
54 160 161 164 165 166 167 169 170 171 172 176 177 178 179 180 182 186 188 190 192 194 195 196 197 198 199 200 201 206 207 208 209 210 211 212 213 214 216 217 218 219 220 224 225 226 227 228 229 230 232 233 235 236 238
33 160 176 178 180 185 186 187 188 189 190 193 195 196 199 200 202 210 215 217 218 219 220 222 224 225 228 229 230 234 235 236 238 239
16 160 163 168 170 183 185 189 196 199 203 208 213 215 221 233 236
10 166 169 178 198 205 215 220 228 234 237
40 160 161 162 163 165 168 169 170 171 172 173 174 175 177 184 186 187 190 191 192 193 197 198 200 205 210 211 213 220 221 223 224 226 229 230 231 234 235 236 238
60 160 161 162 164 166 167 168 169 170 172 173 174 175 176 178 179 180 181 182 183 184 186 187 189 190 191 193 195 196 197 198 199 200 201 203 206 207 210 211 212 213 215 216 217 218 219 220 221 222 223 227 228 229 230 232 233 235 237 238 239
22 160 170 175 177 183 185 192 200 207 208 210 216 220 225 227 228 229 230 231 235 236 237
24 160 163 167 169 173 183 190 191 192 195 200 203 204 216 217 218 219 228 230 232 233 234 235 237
13 161 164 169 172 186 198 202 206 217 223 224 233 238
14 169 172 184 185 196 200 201 213 217 222 230 231 232 235
23 162 165 167 168 170 174 178 179 186 191 192 194 196 201 202 206 211 214 219 220 222 231 237
9 163 174 181 188 192 209 215 231 233
7 177 179 187 210 222 225 230
22 163 168 173 174 175 181 184 185 187 191 193 202 203 204 205 215 221 222 231 234 237 239
29 163 167 172 173 175 176 177 180 182 183 184 185 188 189 193 200 204 207 212 215 219 220 224 227 230 231 232 234 239
21 163 166 172 176 178 179 181 184 191 192 193 195 198 203 208 209 213 218 219 226 239
22 160 166 178 181 187 192 194 195 199 201 206 210 211 213 214 218 221 223 229 233 237 238
14 166 170 173 181 189 190 200 207 215 218 227 230 236 237
12 160 163 168 170 183 185 199 203 208 213 221 233
21 161 162 168 169 170 171 174 177 178 182 183 191 198 208 209 211 219 224 227 231 232
12 163 167 171 179 183 184 197 204 208 209 211 216
16 163 165 167 179 187 191 196 198 201 204 205 211 215 218 222 233
19 172 173 175 182 184 193 194 197 198 200 208 209 211 219 225 226 232 234 236
20 164 166 168 182 183 188 192 195 198 204 205 207 208 209 211 213 217 221 231 237
19 165 166 173 179 180 185 190 191 194 197 199 200 208 213 218 220 229 231 239
7 163 176 184 189 190 202 226
5 177 179 187 222 225
13 161 163 168 173 183 184 199 202 203 216 226 233 238
20 160 162 165 172 180 185 187 189 196 204 206 208 209 217 218 222 223 224 227 230
20 164 166 173 175 180 181 185 193 203 205 206 207 212 214 217 218 222 225 229 233
3 188 213 230
15 164 170 181 193 196 209 210 212 214 217 219 220 225 231 234
21 160 165 172 177 180 185 187 196 200 204 206 207 208 209 218 222 223 224 227 230 232
14 168 171 181 190 191 192 198 203 206 208 214 219 223 226
21 165 166 173 177 178 179 180 190 191 192 197 199 200 208 213 220 228 231 232 236 239
19 161 162 163 168 169 171 175 176 183 187 205 209 210 211 217 220 222 231 238
27 160 161 162 165 167 168 169 170 172 174 177 178 182 183 188 198 208 209 211 215 216 219 227 228 231 232 239
23 164 167 168 177 179 180 182 186 192 195 201 207 209 210 212 214 218 221 222 229 234 238 239
17 160 163 167 169 173 192 195 200 204 216 217 218 228 230 232 233 237
16 164 170 172 176 182 190 191 193 194 203 207 212 217 219 226 236
13 160 164 166 178 180 182 200 205 223 227 229 230 234
43 160 161 164 167 168 170 173 175 176 178 180 181 183 184 186 187 189 193 195 197 198 199 200 201 203 206 207 210 212 213 215 216 217 219 220 221 222 223 228 229 230 235 239
35 162 163 165 167 169 173 176 177 178 180 181 182 184 192 193 194 196 200 201 212 213 214 216 217 220 222 224 225 227 228 229 230 232 235 237
19 164 173 185 187 192 195 203 204 205 206 207 210 212 214 217 218 222 233 237
14 163 165 177 188 194 202 204 205 208 214 225 226 234 236
16 164 177 178 190 191 198 206 208 209 214 219 223 226 228 234 237
7 169 178 198 205 220 228 237
15 168 169 175 180 185 186 195 199 200 210 221 223 228 229 232
22 166 178 181 183 185 189 195 196 199 202 206 207 208 209 212 217 218 219 222 233 237 239
30 160 161 162 164 166 169 170 174 178 181 184 186 190 191 192 200 201 202 203 204 212 213 218 222 225 226 228 231 237 239
30 161 164 169 173 174 175 179 180 182 184 192 193 197 200 201 204 206 207 209 211 216 217 218 226 227 228 230 232 235 239
26 160 176 185 186 187 188 193 195 199 200 202 210 215 217 218 219 220 222 224 225 229 230 234 235 238 239
5 166 198 205 215 220
8 166 169 178 198 205 220 228 234
20 162 164 169 171 172 178 182 186 188 189 193 203 206 209 212 214 217 224 232 234
48 160 161 162 163 164 167 169 170 171 172 173 177 179 180 181 183 184 186 188 189 190 192 193 194 197 198 199 200 201 202 207 211 212 213 218 220 222 223 224 225 226 229 230 231 233 235 237 239
19 169 171 173 175 177 184 194 200 201 208 210 212 219 224 225 226 230 231 236
20 160 161 167 180 187 189 192 195 199 204 208 209 210 212 214 218 225 231 233 237
21 160 161 166 171 178 181 187 188 190 193 199 203 204 211 213 215 219 225 226 232 233
20 162 163 168 173 174 175 181 184 185 187 189 191 193 203 215 222 223 231 234 239
28 161 165 167 170 174 175 176 177 184 192 194 195 197 198 199 202 204 207 208 213 216 224 225 228 231 235 237 238
41 160 161 162 167 170 171 172 173 174 176 177 180 181 185 186 187 189 190 193 197 199 201 203 206 212 214 215 216 222 224 226 228 229 230 232 233 234 235 236 238 239
23 165 166 174 178 180 181 185 187 188 189 195 202 204 206 214 215 216 217 220 222 227 229 233
20 165 166 173 177 180 185 187 190 191 192 194 200 208 213 218 220 228 229 232 239
23 164 165 168 175 182 183 188 192 195 198 204 207 208 209 210 213 217 219 220 221 225 231 237
11 179 181 183 191 197 204 208 209 216 221 233
18 186 190 195 202 210 215 217 218 219 222 224 225 228 229 234 235 236 238
27 160 161 163 167 169 170 172 173 177 178 179 180 181 186 187 191 193 196 200 215 224 226 230 232 233 236 239
21 160 162 165 172 177 180 185 187 189 196 200 204 206 207 209 217 222 227 229 230 232
24 161 164 167 176 181 201 203 204 205 206 212 213 216 217 221 223 227 229 232 234 235 236 238 239
7 169 178 198 215 220 228 234
17 161 166 178 181 184 190 194 198 200 204 208 215 219 220 226 232 233
21 177 178 179 185 187 190 191 192 193 194 197 199 200 208 213 228 229 231 232 236 239
25 164 165 166 168 175 182 183 184 188 192 195 198 204 205 207 209 210 213 217 218 219 220 225 231 237
7 172 176 187 190 191 194 231
16 169 178 187 195 197 198 200 201 210 213 214 221 223 225 228 235
13 162 169 172 178 200 206 220 221 223 224 227 234 239
15 171 191 192 201 203 206 210 213 214 222 223 229 233 235 238
33 162 163 165 166 168 171 172 175 178 182 185 186 188 189 190 191 192 193 194 195 196 197 199 207 208 209 211 214 218 226 228 233 237
21 162 163 165 167 168 169 173 177 179 180 184 196 201 203 204 220 222 225 229 230 231
37 164 165 168 171 172 174 176 177 178 179 180 182 186 188 194 196 197 201 205 206 208 209 211 212 213 215 221 222 223 224 225 227 229 231 236 238 239
26 160 161 166 171 178 191 192 194 195 199 201 203 206 210 211 213 214 218 221 222 223 226 229 235 237 238
19 161 168 169 174 180 187 188 189 206 214 215 220 224 225 228 229 232 234 237
11 163 173 186 194 197 199 202 205 224 233 236
23 160 161 166 167 171 173 179 187 192 195 203 204 205 208 209 212 218 222 225 228 231 233 237
19 163 168 171 172 177 193 198 200 205 208 209 210 212 221 223 224 226 231 236
14 160 163 168 170 185 189 196 199 203 208 213 215 233 236
39 162 163 164 165 168 169 170 172 173 175 176 177 179 180 182 183 185 188 190 193 197 200 202 204 205 207 208 209 215 217 219 224 228 230 231 232 234 236 239
11 169 184 200 201 213 217 222 230 231 232 235
21 160 161 164 168 169 174 180 187 189 206 211 221 223 224 225 228 229 232 234 236 237
23 160 162 166 170 174 176 178 179 181 190 196 202 204 206 207 213 215 216 222 227 233 237 238
9 172 185 196 201 213 217 222 232 235
17 164 166 171 173 177 181 183 185 188 190 197 198 204 217 224 226 238
7 163 176 189 221 226 235 238
28 163 168 169 171 172 175 177 182 184 191 193 194 197 198 201 203 205 209 210 211 212 219 221 223 230 232 234 236
3 186 197 234
9 163 176 184 189 190 213 226 235 238
40 160 161 165 166 167 169 171 176 177 178 179 180 182 186 188 192 194 195 196 197 199 201 206 208 209 210 211 214 216 219 220 224 225 227 228 229 230 232 233 235
24 162 163 167 168 169 176 177 182 184 185 188 194 198 200 202 211 215 218 221 223 226 229 233 237
17 162 163 165 170 173 186 188 194 197 199 205 215 218 224 225 233 239
16 160 164 165 172 174 178 185 191 204 213 214 216 219 228 233 239
12 160 167 175 179 180 183 193 195 207 212 220 229
14 162 167 168 174 192 194 196 206 211 219 220 222 231 237
10 163 165 167 174 181 188 192 205 209 215
14 160 163 183 190 192 204 217 218 228 230 232 234 235 237
13 168 171 181 189 191 198 203 208 214 223 226 234 237
24 161 162 163 165 171 172 173 174 184 186 192 193 197 200 205 210 213 220 223 226 230 234 235 236
22 165 166 173 177 178 179 180 185 190 191 193 197 205 208 213 218 220 228 229 231 236 239
27 160 176 178 180 185 186 187 188 189 190 193 196 199 200 210 215 217 219 220 224 228 229 230 234 235 238 239
12 163 165 167 171 174 177 181 188 192 205 209 215
15 162 165 168 174 179 186 192 194 196 201 211 214 219 220 237
13 172 176 182 190 193 194 203 207 212 217 219 226 238
38 161 163 171 172 174 176 177 178 179 181 185 186 187 189 190 191 193 194 196 197 199 202 203 212 214 215 216 222 227 228 229 230 232 233 234 235 238 239
11 170 177 200 220 225 229 230 231 235 236 237
17 165 168 176 182 185 187 195 208 210 214 217 219 221 227 234 236 238
6 163 176 184 202 221 235
33 162 163 168 169 170 172 174 175 178 182 185 186 188 191 192 193 194 195 196 198 199 207 208 209 211 214 218 224 226 228 231 233 237
13 165 173 174 179 186 190 191 197 205 208 227 235 239
15 165 166 168 179 187 191 198 201 202 215 219 222 223 226 239
7 166 187 191 194 223 231 234
38 162 163 164 168 169 173 174 175 176 179 180 182 183 184 186 189 190 193 196 197 198 200 202 204 205 208 212 217 219 224 227 228 230 231 232 234 236 239
13 164 168 171 177 182 206 209 214 223 227 234 237 238
27 160 161 166 178 181 187 191 192 194 195 199 201 206 210 211 213 214 216 221 222 223 226 229 233 235 237 238
22 162 163 164 167 168 169 172 179 180 186 195 202 209 210 212 221 222 229 234 236 238 239
33 161 164 167 169 171 173 174 175 179 180 181 182 184 192 193 195 198 200 201 204 207 209 211 212 214 217 218 219 224 226 227 228 230
20 162 165 172 177 180 185 187 189 197 200 204 207 208 209 217 218 219 223 227 229
10 166 172 176 187 194 222 223 231 234 237
4 197 201 213 230
19 167 170 171 174 179 182 186 190 191 192 194 195 201 210 211 213 214 236 239
36 160 161 162 164 165 166 167 170 174 176 178 180 183 185 187 188 190 195 196 199 202 204 206 207 213 214 215 216 217 220 222 228 229 233 235 237
14 160 168 169 174 188 206 211 214 221 224 225 232 234 236
6 177 178 188 202 220 238
26 162 163 167 170 171 175 181 182 183 184 188 195 196 201 203 204 207 209 210 211 215 221 222 226 227 234
6 176 189 190 221 226 235
16 160 167 174 177 178 179 184 191 192 199 201 203 213 214 216 233
16 165 167 170 178 179 191 192 194 201 202 211 214 219 222 231 237
19 162 163 165 170 173 186 194 197 199 205 210 211 215 218 221 224 225 233 236
20 161 163 169 175 176 184 203 205 208 210 213 218 221 225 227 229 230 232 235 239
4 179 180 225 230
20 160 161 164 166 170 172 178 181 192 193 207 209 212 214 216 219 220 224 230 236
16 163 165 185 188 202 204 205 208 209 214 224 225 226 231 234 236
15 168 175 178 180 185 195 196 197 198 201 221 223 225 229 235
37 161 162 163 167 170 172 173 174 175 177 178 179 181 183 186 188 192 197 198 199 201 202 204 207 211 212 216 218 220 224 226 228 230 232 233 235 239
5 190 197 211 213 230
7 171 174 181 188 215 231 233
23 169 171 173 180 181 184 193 197 200 201 206 210 211 212 214 218 219 224 225 226 227 230 232
24 164 179 180 181 185 187 192 193 195 200 203 204 205 206 212 214 220 222 225 229 230 233 236 237
35 164 165 166 167 169 171 177 179 180 182 188 190 192 194 195 197 198 199 200 201 206 208 209 210 211 213 214 216 218 219 220 228 229 230 236
11 170 175 185 200 207 210 216 225 228 229 235
11 163 165 167 171 174 177 188 192 209 215 231
22 163 167 168 169 173 177 179 182 183 185 192 195 202 209 210 212 214 221 224 229 236 238
4 188 201 213 230
14 160 170 175 183 185 192 207 216 220 225 227 228 230 237
22 160 166 171 181 187 192 195 199 203 210 211 213 214 216 221 222 225 226 229 233 237 238
10 170 172 194 203 207 212 217 219 226 234
12 165 167 170 182 186 190 197 200 205 212 227 233
18 160 161 169 172 174 177 178 183 188 191 194 199 219 224 228 231 232 239
10 161 164 169 186 198 206 223 224 233 238
8 169 172 201 213 222 230 232 235
21 161 163 169 171 175 182 183 187 193 194 202 208 209 210 211 212 220 222 231 234 238
17 161 162 163 168 169 175 183 187 194 202 208 209 211 212 220 222 234
27 162 165 167 168 169 176 178 179 180 182 184 192 193 194 196 204 213 214 217 220 224 225 227 228 229 231 235
31 162 163 166 169 170 172 174 175 185 186 188 189 191 192 193 194 195 196 197 199 207 208 209 211 214 218 226 228 231 233 237
8 180 182 193 207 216 223 228 233
29 162 163 167 170 174 175 176 181 182 183 184 188 189 196 201 203 207 209 210 211 214 219 222 226 227 230 234 235 237
10 160 163 168 183 185 196 199 213 215 236
20 160 162 175 177 180 185 187 189 204 207 208 217 218 219 222 223 224 229 230 232
20 167 170 171 174 176 179 181 182 186 190 191 194 195 210 211 213 214 221 225 239
32 161 162 163 164 167 173 178 180 183 184 186 188 190 193 197 198 200 201 202 203 211 212 223 224 225 226 230 231 232 233 237 239
23 164 166 173 175 179 180 181 185 192 193 195 200 205 206 210 212 214 217 218 220 223 236 237
36 162 163 164 165 169 170 172 173 174 175 176 179 180 183 184 185 188 189 190 193 196 197 202 204 207 208 209 215 217 219 224 227 230 232 234 239
27 162 163 167 168 169 173 174 175 180 183 195 201 202 206 207 209 210 212 214 218 221 222 224 229 234 236 239
18 164 167 173 176 183 202 203 204 205 212 215 219 220 223 229 234 235 238
21 160 162 163 166 173 178 187 190 196 200 201 205 212 217 221 226 227 229 230 234 239
19 162 167 168 181 182 195 196 203 207 209 211 212 214 219 225 226 227 230 235
8 169 172 198 202 206 217 223 224
7 169 178 198 220 228 234 237
7 176 184 189 190 202 221 235
13 170 173 186 190 197 215 221 223 226 227 235 236 237
17 160 166 171 173 177 179 180 189 199 202 203 204 212 215 218 233 237
17 164 173 176 181 183 201 202 204 205 215 219 223 229 235 236 238 239
16 169 175 176 184 199 203 205 209 210 218 221 229 230 232 235 239
16 160 162 163 164 166 173 178 180 182 190 205 226 227 229 234 239
10 166 170 176 194 207 217 219 226 236 238
17 161 164 166 167 171 177 187 195 202 205 208 209 215 218 222 228 237
19 166 175 180 181 185 192 195 200 205 207 210 217 218 220 222 229 230 233 237
34 161 162 165 168 169 170 171 172 173 174 175 177 184 186 187 190 191 192 193 198 200 210 211 213 220 221 223 226 229 230 231 234 236 238
35 164 166 167 179 180 181 182 183 185 188 189 194 195 196 201 202 204 206 207 208 209 212 214 216 217 218 219 222 225 227 228 232 233 237 239
16 165 168 176 185 205 206 208 210 214 215 217 219 221 234 236 238
31 160 163 167 168 171 174 175 176 182 188 189 195 196 201 203 204 207 209 210 211 212 214 216 219 222 225 226 227 234 235 237
22 163 166 174 175 182 186 190 192 194 196 197 198 199 208 209 218 224 226 228 231 233 237
31 161 164 167 169 171 173 175 179 182 184 192 193 195 198 200 207 209 210 211 212 214 216 218 219 224 225 226 228 229 232 235
29 164 167 176 178 179 180 182 183 185 188 189 195 199 201 203 206 208 209 214 215 216 218 219 222 225 227 233 237 239
7 172 184 196 200 213 231 232
35 162 163 165 167 168 169 173 176 177 178 179 182 184 192 193 194 196 200 201 203 204 212 213 214 216 217 220 224 225 227 228 229 230 231 232
17 167 172 174 177 178 184 185 192 195 196 203 204 213 214 219 225 232
23 168 169 175 178 180 183 185 187 197 198 199 200 201 210 213 214 221 223 225 228 229 232 235
32 160 161 162 163 168 169 170 171 172 173 175 177 184 186 187 190 192 193 197 198 200 205 213 220 221 223 226 230 231 234 235 236
49 160 161 162 163 164 166 167 169 170 171 174 175 177 178 179 180 181 186 188 189 190 191 192 193 194 198 199 200 201 202 203 204 207 209 211 216 218 220 223 224 226 228 229 230 231 232 235 237 239
19 160 163 167 169 173 190 192 195 200 203 204 216 217 219 228 230 232 235 237
14 164 166 176 182 191 193 194 203 212 217 219 226 230 238
10 172 185 196 201 213 217 222 230 231 235
14 164 166 172 173 181 183 185 188 198 200 204 215 217 224
39 160 161 164 166 169 170 172 173 174 178 179 180 181 184 189 190 191 192 193 194 197 201 202 211 212 216 220 224 225 226 228 229 230 231 232 233 235 237 239
19 161 162 164 165 169 172 174 182 198 203 205 206 212 213 214 223 226 227 231
42 160 161 163 164 167 169 170 171 172 173 175 177 179 180 181 183 186 188 190 191 192 199 200 202 203 207 211 212 213 216 223 224 225 228 229 230 231 232 233 235 237 239
18 162 163 168 175 176 183 194 202 205 208 209 211 212 217 229 231 234 238
20 166 170 173 181 186 188 189 190 200 207 215 221 223 224 226 227 230 235 236 237
13 162 169 172 178 181 200 206 219 220 221 224 234 239
11 173 175 180 183 187 191 197 206 208 228 235
2 186 197
16 166 179 180 181 187 193 200 203 210 212 217 222 229 230 236 237
11 163 169 175 184 199 209 227 229 230 232 239
18 162 163 165 170 173 186 188 194 197 199 202 205 210 211 215 224 233 239
17 165 173 175 180 183 186 190 191 199 203 204 205 206 208 222 227 235
19 161 162 165 166 170 172 174 175 192 198 201 203 205 206 212 214 226 232 237
18 163 166 171 176 177 179 191 193 199 201 208 209 213 217 219 226 231 235
11 163 165 171 174 181 188 192 205 215 231 233
8 166 169 205 215 220 228 234 237
24 160 162 165 167 170 172 174 177 178 183 194 196 198 199 209 211 216 219 224 227 228 231 232 239
37 161 162 165 170 171 174 175 176 177 178 179 180 181 182 184 186 187 188 189 193 196 198 199 201 202 205 212 213 214 215 223 224 226 227 229 236 239
7 177 179 180 210 222 225 230
29 163 165 166 168 169 170 171 172 174 175 178 182 185 186 189 190 191 192 194 195 197 199 207 208 218 224 226 231 237
8 162 169 172 178 223 224 227 234
14 165 166 175 182 188 195 204 208 210 211 219 220 221 231
10 170 176 189 196 197 216 223 228 230 237
20 160 161 164 168 169 174 180 187 189 206 211 214 220 221 223 224 225 228 232 234
34 161 167 169 171 173 174 175 179 180 181 182 184 195 198 200 201 204 206 207 209 211 212 214 216 218 219 224 225 226 227 228 230 232 235
28 160 161 167 176 181 183 184 201 202 203 204 205 206 212 213 215 216 217 221 223 227 229 232 234 235 236 238 239
2 186 201
20 160 164 167 171 173 179 180 189 192 199 204 208 210 212 215 222 225 228 233 237
32 160 161 164 165 167 169 171 176 177 178 182 186 190 194 196 199 206 207 211 212 213 217 218 219 220 224 225 226 228 229 233 238
10 160 163 168 183 189 199 213 215 221 236
26 163 166 171 176 177 178 179 181 184 191 192 193 194 195 198 199 201 202 203 208 209 216 217 218 231 239
11 160 162 184 189 202 208 218 220 224 227 237
11 177 185 200 207 220 227 228 230 231 236 237
34 162 163 165 166 169 170 171 172 174 178 185 186 189 190 192 193 194 195 196 197 198 199 207 208 209 211 214 218 224 226 228 231 233 237
10 166 172 176 187 190 191 194 222 223 237
7 163 176 184 202 213 226 238
14 160 161 166 167 174 175 180 187 193 195 204 207 212 229
12 163 168 170 183 189 196 203 208 213 221 233 236
12 184 205 208 209 210 213 221 225 230 232 235 239
9 169 196 200 213 217 222 231 232 235
10 163 171 173 177 179 194 197 208 221 233
7 187 191 194 222 223 231 234
25 160 161 167 173 176 181 183 203 204 205 212 213 215 216 217 219 220 221 223 227 234 235 236 238 239
25 162 164 167 168 169 172 173 179 180 182 183 185 186 192 201 202 206 207 214 221 222 234 236 238 239
22 161 162 169 172 173 174 178 180 181 182 186 188 190 193 197 203 209 212 214 217 232 234
27 160 161 166 171 187 191 192 194 199 201 203 206 210 211 213 214 216 218 221 222 223 225 226 229 233 235 238
20 160 164 166 171 172 173 177 183 185 188 189 190 198 200 204 215 217 224 226 238
13 162 165 167 173 175 182 185 190 196 207 210 233 238
16 165 175 177 180 187 189 196 197 204 206 217 222 223 224 229 232
37 161 164 167 169 171 173 174 175 179 181 182 184 192 193 195 197 198 200 201 204 207 209 210 211 214 216 217 219 225 226 227 228 229 230 232 235 239
21 160 163 171 173 178 180 187 190 200 201 205 212 217 219 221 223 226 227 229 234 239
20 169 175 178 180 183 185 186 187 196 198 201 210 213 214 221 223 225 228 229 235
26 160 164 165 167 172 174 177 178 185 191 192 195 196 198 199 201 203 204 206 213 214 219 225 228 232 239
27 165 172 178 179 180 182 188 190 192 196 197 198 200 208 209 210 213 214 217 220 226 228 230 233 235 236 238
12 168 170 174 178 186 191 194 196 214 219 220 222
18 160 164 165 174 178 179 185 191 192 195 196 199 201 204 206 219 225 239
41 160 161 167 169 170 171 172 173 174 176 177 178 179 180 181 185 186 187 190 191 193 196 199 201 203 212 214 215 222 223 224 226 227 228 229 230 233 234 236 238 239
10 182 187 196 206 210 215 219 227 236 238
13 162 165 167 174 186 194 196 201 206 214 219 222 237
15 165 176 182 185 187 195 196 205 206 208 210 215 219 227 234
7 179 180 187 210 222 225 230
20 162 163 167 169 182 188 194 195 198 200 202 211 213 215 218 223 229 232 233 238
38 162 164 165 167 168 169 170 172 173 175 176 177 180 184 185 186 188 189 190 193 196 198 200 202 204 207 212 215 217 220 227 228 230 231 232 234 236 239
16 168 169 175 178 185 186 196 200 201 213 214 221 225 229 232 235
31 167 176 178 180 181 182 183 185 188 194 195 196 199 201 203 204 206 207 208 209 214 215 216 217 218 222 227 232 233 237 239
7 166 169 178 205 215 220 237
34 160 161 162 163 168 169 170 171 172 173 174 175 177 184 190 191 193 197 198 200 210 211 213 220 221 223 224 226 229 230 234 235 236 238
20 164 166 173 180 185 187 192 193 205 206 207 210 214 218 220 222 223 229 230 233
8 169 172 184 185 196 201 222 230
11 161 166 167 180 183 195 204 207 212 216 229
8 163 176 184 189 213 221 226 238
20 162 165 171 185 186 188 189 190 191 193 194 195 198 199 209 214 224 226 231 233
17 160 168 174 180 187 188 189 206 211 220 221 223 224 225 229 234 236
38 161 162 163 167 170 172 176 177 178 179 180 181 185 186 187 189 190 191 194 197 200 201 202 203 212 215 216 223 224 226 228 229 232 234 235 236 238 239
17 165 173 179 180 185 191 192 193 199 200 205 208 213 218 229 231 239
25 163 164 167 168 169 172 173 177 179 182 183 192 201 202 206 207 209 210 212 214 222 224 229 234 238
24 162 163 168 169 172 174 175 177 179 183 186 192 202 206 209 212 214 218 221 222 224 234 236 238
21 163 165 168 171 173 177 184 186 187 190 192 210 211 213 220 221 224 226 229 230 235
15 167 170 171 174 176 179 181 186 190 192 194 201 210 213 221
20 160 163 167 183 190 191 192 195 200 203 216 217 218 219 230 232 233 234 235 237
2 186 234
23 161 162 164 165 166 169 170 174 182 192 198 201 203 206 207 212 213 223 226 227 231 232 237
14 164 168 171 177 181 191 198 219 223 226 227 234 237 238
34 160 161 166 167 168 173 178 179 180 182 184 191 193 195 196 198 199 200 201 203 206 207 211 217 218 219 222 227 228 229 233 235 237 238
13 161 163 169 175 176 205 208 212 225 227 229 232 239
14 163 165 177 185 188 194 204 205 208 214 224 231 234 236
2 201 234
15 167 168 170 178 179 186 194 201 202 206 211 214 219 222 237
21 166 173 177 179 185 187 190 191 192 193 194 197 199 205 208 213 218 220 229 231 232
8 186 198 202 206 223 224 233 238
47 160 161 162 164 165 166 167 170 174 175 176 177 178 180 181 182 184 186 187 188 189 191 192 193 194 196 197 199 200 203 205 206 207 209 211 217 218 220 223 226 227 228 230 233 234 235 238
28 161 162 166 172 176 177 178 183 186 188 189 192 196 200 201 202 203 204 206 210 213 214 219 220 222 228 229 230
55 160 162 163 166 167 168 169 170 171 172 173 175 176 177 180 183 184 185 186 187 188 189 190 192 193 194 195 197 199 201 202 203 204 205 208 209 210 211 213 215 219 220 221 222 223 224 227 228 230 233 234 235 236 238 239
31 162 163 164 165 170 172 173 176 178 179 186 195 196 202 205 207 208 209 211 216 218 219 221 223 225 228 231 232 233 234 239
50 160 161 162 163 167 169 170 172 174 175 176 177 178 179 180 183 184 185 188 189 191 192 193 194 195 197 199 201 204 205 207 208 209 210 214 215 217 218 219 220 221 222 223 227 228 229 231 232 238 239
30 160 163 165 170 172 173 180 183 184 188 189 192 193 199 201 202 203 205 207 211 214 219 221 225 230 231 232 233 236 238
36 161 174 175 177 178 180 186 187 188 192 195 198 199 201 204 205 206 207 209 210 211 213 215 217 220 222 224 225 226 227 228 229 232 234 236 237
29 160 162 163 167 168 171 182 184 186 189 191 192 193 196 197 200 203 204 215 216 217 218 221 225 227 230 233 236 239
28 160 161 163 164 168 181 182 184 186 188 193 200 207 210 211 212 213 214 215 216 217 220 221 227 233 237 238 239
24 161 162 165 166 177 180 186 190 192 199 202 205 206 208 213 219 220 222 225 229 230 233 234 239
24 160 161 169 174 183 186 189 190 192 194 196 199 201 211 214 217 219 220 222 227 228 229 234 236
47 162 164 167 173 177 179 180 184 185 186 188 189 193 194 195 197 198 200 202 203 204 205 208 209 210 211 212 213 216 217 218 219 220 221 222 223 225 227 228 231 232 233 234 235 236 238 239
47 162 164 165 166 167 168 170 171 173 175 176 180 181 183 185 188 189 191 192 193 195 196 202 203 205 206 207 208 209 210 211 214 215 216 217 219 220 221 222 223 227 229 235 236 237 238 239
40 160 164 166 168 170 171 172 173 174 176 177 179 185 186 187 191 192 193 194 199 200 203 204 206 208 209 214 215 217 218 222 225 227 229 230 232 233 234 235 237
46 160 163 164 165 166 167 168 172 173 174 175 176 180 183 184 187 188 191 192 193 195 196 201 203 206 207 208 209 210 211 212 213 216 217 218 219 221 224 225 226 228 233 234 236 238 239
24 164 166 170 171 173 177 180 182 183 192 193 200 203 204 205 214 215 217 218 228 229 232 236 237
45 160 163 164 165 166 167 169 170 172 173 176 177 178 179 182 183 185 186 187 189 190 191 193 201 203 204 206 209 210 212 213 214 216 217 219 220 221 222 223 224 225 228 233 235 236
26 161 162 173 176 183 192 194 199 204 205 208 210 213 216 218 219 221 223 225 228 230 233 234 235 238 239
38 163 164 169 170 171 173 174 177 180 181 185 186 189 190 192 194 196 197 198 200 203 207 209 210 211 212 213 214 217 218 220 227 228 229 233 237 238 239
46 161 163 164 165 166 168 174 180 181 182 183 184 186 187 188 190 191 192 193 195 197 200 201 202 203 204 206 207 208 210 211 212 213 215 216 219 220 221 222 225 227 228 232 233 236 237
51 161 163 164 165 167 168 171 172 173 174 176 177 178 180 183 185 186 187 189 190 191 192 193 195 196 198 199 201 202 209 210 211 212 215 216 217 218 220 221 223 224 225 226 230 232 233 234 235 237 238 239
32 160 161 163 168 173 174 175 178 180 183 184 188 190 191 192 194 195 199 200 201 209 212 213 214 216 217 218 223 224 233 234 235
46 160 162 163 164 165 166 168 170 172 174 175 179 181 182 183 186 187 189 190 194 197 198 200 201 202 204 205 206 207 210 211 212 213 214 217 218 219 220 221 223 225 228 233 234 238 239
24 163 166 168 171 172 178 179 187 190 191 192 195 203 204 210 214 215 219 224 225 229 235 236 237
31 160 166 169 170 175 178 180 190 191 192 193 194 198 199 200 205 207 208 209 211 212 215 216 217 219 221 222 225 230 231 236
45 160 161 162 163 164 168 169 170 172 174 175 178 180 181 184 185 188 189 190 192 193 195 199 200 202 205 206 208 211 212 213 216 217 219 220 221 222 224 225 229 230 232 234 237 239
46 161 162 164 165 167 171 172 173 177 180 181 182 183 184 185 186 188 190 191 192 194 197 198 199 201 204 205 206 207 208 209 210 211 212 213 218 220 221 222 224 228 231 232 235 237 238
29 161 164 165 168 173 174 176 182 186 188 193 195 197 199 204 205 207 208 209 212 217 220 221 225 226 227 229 238 239
49 160 161 162 163 165 168 169 171 172 177 178 179 180 181 183 184 185 186 188 190 191 192 193 194 195 199 202 203 204 205 208 209 212 213 215 218 219 220 221 222 223 224 227 233 234 236 237 238 239
28 167 168 170 172 173 177 178 179 186 188 189 190 191 193 194 195 196 198 199 201 202 203 206 220 225 236 238 239
52 164 165 167 168 170 173 174 175 178 179 180 183 185 186 187 188 189 190 191 192 196 197 198 202 203 204 207 208 210 211 212 213 214 215 216 217 219 221 222 224 225 226 228 229 230 231 232 233 234 236 237 238
53 160 161 163 164 166 167 168 169 170 173 174 176 177 179 180 182 183 186 189 191 193 195 196 202 203 204 205 206 207 208 210 212 213 214 215 217 218 219 220 221 222 224 225 226 227 228 229 230 233 236 237 238 239
55 160 161 163 164 166 167 168 169 171 173 174 175 176 177 178 179 180 181 185 186 187 188 190 192 193 194 195 196 199 200 201 202 203 204 205 206 207 208 209 210 211 212 215 216 217 218 224 226 228 229 231 232 233 235 236
31 160 161 163 166 168 169 172 176 177 179 180 181 186 189 192 193 194 195 203 204 209 212 214 216 217 221 222 227 232 235 237
32 161 164 167 169 170 172 173 174 177 179 182 184 187 188 193 197 199 200 203 206 207 211 213 214 218 219 224 225 227 229 231 235
30 163 164 165 168 170 171 175 184 186 191 193 194 195 199 200 202 203 204 206 208 209 211 218 219 221 223 226 228 231 238
49 161 162 164 165 168 171 175 177 178 180 181 182 183 186 187 189 191 192 193 194 195 196 197 198 199 204 207 208 209 211 212 213 214 215 217 221 223 224 225 227 229 231 233 234 235 236 237 238 239
51 160 161 162 164 165 166 168 170 172 175 177 178 179 181 182 183 184 187 188 190 191 192 194 195 198 200 203 204 205 208 209 210 211 214 215 216 217 218 221 222 223 225 226 228 229 230 231 232 233 234 238
30 161 163 170 172 173 174 176 179 184 186 187 188 189 191 193 208 213 214 215 219 223 224 225 230 231 232 234 236 237 239
49 161 162 163 167 169 170 171 172 173 174 176 177 178 179 181 183 184 186 188 189 190 191 192 193 194 198 199 201 203 204 205 208 211 212 213 214 215 216 217 219 222 226 227 231 232 236 237 238 239
30 162 164 166 168 171 173 174 179 180 182 183 187 197 199 201 202 203 204 209 214 215 216 219 220 226 227 228 235 236 239
52 160 161 164 165 166 167 169 170 171 174 176 179 180 181 182 183 185 186 187 188 190 191 192 193 199 201 202 203 205 207 208 212 213 214 215 216 217 220 222 224 225 227 228 230 231 232 234 235 236 237 238 239
27 163 166 167 169 171 175 176 180 189 192 194 195 196 199 208 211 214 215 216 217 223 227 230 234 235 237 238
33 160 161 163 164 169 173 174 176 177 181 183 184 185 186 188 191 194 196 200 201 203 204 205 206 208 209 213 214 219 228 231 233 235
55 161 162 164 167 170 172 173 174 175 177 179 180 182 183 184 185 188 189 190 191 193 194 195 196 197 198 202 203 204 205 206 207 208 209 211 212 213 214 215 216 217 219 220 221 225 227 229 230 231 233 234 235 236 237 238
55 160 161 162 163 164 165 167 168 169 171 172 174 175 176 177 179 180 181 182 183 184 186 187 189 191 193 194 196 199 200 204 205 206 207 209 211 214 215 218 219 220 221 222 223 224 225 227 229 231 232 234 235 236 237 238
24 162 164 168 169 175 176 177 180 182 185 187 189 190 197 198 201 207 213 221 227 230 233 237 238
41 164 165 167 169 170 173 174 176 179 180 182 184 185 187 190 192 193 196 200 204 205 206 208 212 214 215 216 217 218 219 220 221 222 223 225 228 229 232 233 234 237
45 162 164 165 168 169 171 172 173 177 178 179 180 181 183 186 187 189 190 192 194 195 196 197 198 204 205 206 207 208 210 213 218 221 223 224 226 228 229 230 231 233 235 236 238 239
26 160 162 171 172 180 181 182 200 201 203 208 211 212 214 216 220 221 222 225 226 227 229 231 232 233 236
47 161 164 165 167 168 170 175 176 177 179 180 181 182 183 184 185 187 190 191 192 193 197 199 202 204 205 206 209 210 211 212 214 215 219 222 223 225 226 227 228 231 232 233 234 236 237 239
39 161 164 166 167 169 173 174 175 176 178 180 182 183 184 185 186 187 188 189 190 193 197 199 200 206 207 209 210 212 214 220 222 223 227 232 233 234 238 239
39 160 164 166 168 169 171 173 174 175 176 178 179 182 183 184 186 187 188 192 193 198 199 200 203 205 210 212 213 217 218 220 222 223 224 225 230 231 232 236
37 160 161 166 167 170 171 172 174 176 178 181 183 184 185 186 187 194 196 197 200 202 205 206 209 213 217 220 221 228 229 230 232 233 235 237 238 239
29 160 162 163 167 168 172 173 174 178 179 188 192 194 199 200 202 204 205 207 214 216 217 225 226 227 229 231 232 239
42 160 161 162 163 164 165 166 167 168 169 173 175 178 180 189 193 194 195 197 200 201 202 205 208 209 210 212 214 215 216 221 223 224 226 227 228 229 231 233 236 238 239
32 160 161 163 173 174 175 176 178 179 182 187 188 190 196 200 202 205 207 208 209 210 211 218 220 221 222 226 230 235 236 238 239
24 160 162 169 175 177 180 190 192 195 197 198 205 209 213 215 216 220 221 225 228 230 231 237 238
41 162 163 164 165 168 170 171 172 173 175 177 178 182 183 187 189 192 193 194 195 196 198 199 201 203 206 208 210 211 212 214 219 221 223 226 227 229 232 234 237 239
45 160 161 162 164 165 166 168 169 170 171 172 174 175 180 186 187 188 189 190 194 201 202 203 204 205 206 208 210 211 214 216 217 219 221 222 225 226 230 231 234 235 236 237 238 239
50 160 161 163 167 168 169 170 171 173 175 178 179 180 182 183 184 185 187 188 189 191 192 193 195 197 198 199 200 204 205 206 207 209 210 212 213 218 220 222 223 224 225 226 228 231 232 234 236 237 238
35 162 164 165 166 172 173 174 175 177 179 181 184 185 187 189 193 195 199 200 201 202 204 205 216 220 221 223 226 228 229 231 233 235 236 239
55 160 161 162 163 164 167 168 170 171 172 173 174 175 176 177 180 181 182 184 186 187 191 192 193 194 195 196 197 201 202 203 204 206 207 208 209 210 211 212 214 216 217 221 222 223 224 226 227 229 232 233 234 235 236 238
45 160 161 165 168 171 172 173 175 176 178 179 180 181 182 183 186 187 189 190 194 196 197 202 208 209 210 211 212 214 215 217 218 219 220 221 222 224 226 227 230 233 235 236 238 239
44 161 164 166 167 168 171 172 175 176 178 179 181 182 183 186 187 189 191 192 193 194 195 196 199 200 201 202 203 207 208 210 212 215 217 221 223 225 226 228 230 231 232 234 236
31 163 166 169 172 173 179 184 186 189 193 196 198 200 204 205 208 210 212 216 219 220 221 222 223 225 227 229 230 233 235 237
24 162 164 169 175 177 178 182 183 184 185 190 192 195 198 205 209 210 211 213 218 225 226 228 234
30 162 163 165 166 167 171 172 174 176 178 180 182 183 185 189 194 195 198 200 206 208 209 211 213 219 223 224 226 231 236
29 160 161 162 165 166 168 169 175 180 181 182 183 186 187 191 197 199 208 209 211 212 227 229 230 231 233 236 238 239
51 161 163 164 167 168 169 170 171 172 175 176 177 178 179 180 186 187 188 189 190 195 196 199 200 202 205 206 208 209 210 211 212 213 216 218 219 220 221 222 223 224 225 226 228 230 231 232 233 235 236 239
51 163 166 167 170 171 172 174 175 176 177 180 181 183 184 186 187 188 189 190 191 192 193 197 198 199 200 202 203 204 205 206 208 209 211 212 213 214 217 219 221 223 225 229 230 231 232 233 234 235 236 238
38 160 161 162 163 170 171 174 177 178 181 183 185 190 195 198 200 201 202 203 204 208 209 212 214 216 217 219 223 228 229 230 231 233 235 236 237 238 239
55 163 164 165 167 168 169 170 171 172 173 175 177 178 179 181 182 183 186 187 188 191 192 194 195 196 197 200 201 202 203 204 206 207 208 209 210 211 213 214 216 218 219 220 223 224 225 226 227 228 229 230 231 237 238 239
43 160 161 162 164 166 167 168 169 175 177 179 180 182 184 188 189 191 192 193 196 199 200 203 204 206 207 208 212 215 216 219 221 222 223 224 225 227 228 231 232 235 237 238
31 166 169 171 177 179 180 181 184 185 187 193 196 197 198 201 203 206 209 213 214 217 221 223 225 226 230 231 232 233 235 237
35 164 169 172 173 175 176 180 183 186 187 190 194 196 198 199 200 203 207 208 211 212 213 214 218 219 223 225 226 229 230 231 232 233 235 237
35 160 161 164 165 167 171 172 174 175 176 177 178 180 181 183 185 192 202 204 209 210 216 217 218 220 221 222 226 228 229 230 233 235 237 238
43 161 162 163 164 165 166 168 169 170 171 173 175 176 177 179 182 183 185 188 191 194 195 196 198 199 201 203 205 207 209 211 212 215 216 219 221 226 227 228 233 235 237 238
40 160 165 167 168 169 170 171 173 178 179 182 186 187 189 190 191 193 194 198 200 202 209 210 211 212 215 216 218 219 222 223 226 227 228 229 232 234 235 236 239
38 160 161 164 165 166 167 169 176 180 182 183 185 191 194 199 201 202 204 206 208 210 211 213 215 216 218 220 221 222 224 225 226 227 229 230 234 237 239
27 161 163 164 166 167 169 172 173 174 175 176 181 187 199 205 207 208 214 215 218 226 231 233 234 235 236 237
55 162 163 166 168 169 170 172 174 175 176 178 181 182 184 185 186 189 190 191 192 193 194 195 196 197 198 199 200 201 203 204 205 206 207 208 210 212 213 218 219 220 221 224 225 226 227 228 229 230 232 234 236 237 238 239
42 160 161 163 164 169 172 176 179 180 181 182 183 184 186 187 192 193 195 200 203 204 207 209 210 211 212 215 216 219 220 221 222 223 224 228 229 232 233 234 236 237 238
39 161 162 163 166 168 169 170 172 173 174 177 178 179 183 184 185 187 188 189 191 193 197 199 202 204 205 208 211 219 221 223 224 228 229 232 234 236 238 239
25 162 166 167 171 174 179 181 183 185 186 189 193 200 203 205 208 211 212 215 231 233 236 237 238 239
50 160 163 164 168 172 173 174 175 176 177 178 179 180 181 182 184 185 187 188 190 193 194 196 197 198 199 202 204 205 206 207 208 209 210 211 215 217 218 221 223 225 226 227 229 230 232 235 237 238 239
48 160 161 162 163 164 166 170 171 172 177 178 179 180 182 184 188 189 190 192 193 194 196 198 200 201 202 204 205 206 209 210 211 212 215 216 217 218 219 220 222 223 224 228 230 232 235 236 237
33 161 163 166 167 169 171 177 179 183 184 185 187 192 196 199 200 201 205 208 210 212 217 218 219 221 223 226 228 230 235 236 237 238
49 160 161 167 169 170 171 173 174 176 177 181 182 183 184 185 188 192 193 194 195 197 198 200 202 203 204 205 206 207 210 213 214 216 218 219 221 222 223 224 225 226 227 229 232 235 236 237 238 239
28 160 165 168 169 172 173 174 175 177 184 187 193 194 195 203 206 207 210 216 217 221 222 224 226 231 233 235 238
24 160 161 162 163 170 171 173 174 176 185 192 195 200 203 208 209 211 212 214 215 219 222 233 239
50 160 161 162 163 164 165 166 167 168 169 171 173 174 175 176 177 179 181 182 184 185 188 189 190 191 194 196 199 202 203 205 206 207 208 209 210 213 214 218 220 221 222 225 226 229 231 232 233 234 235
52 160 161 162 163 165 167 168 169 170 171 172 173 174 175 177 180 181 182 183 184 187 191 192 196 198 199 200 201 202 203 204 205 206 207 208 209 212 214 215 216 217 220 221 222 225 227 229 230 232 236 237 239
27 162 167 168 172 174 176 177 178 181 186 187 188 189 191 194 198 199 201 202 206 213 220 224 232 233 235 236
34 163 164 165 168 171 172 173 174 176 181 183 185 187 189 192 193 195 201 203 206 210 211 213 214 215 217 218 219 220 222 224 225 236 239
26 164 168 171 172 177 182 184 185 187 188 190 200 201 205 209 216 220 223 224 227 229 230 231 232 236 238
26 160 165 168 169 173 174 177 178 182 184 186 197 198 200 201 203 206 210 212 218 221 232 233 234 238 239
36 160 163 164 165 167 170 171 175 176 178 179 180 181 189 190 192 193 195 196 197 199 202 206 207 208 209 215 221 223 227 229 230 233 234 237 238
28 162 164 166 170 171 172 176 178 179 182 189 190 193 201 202 204 210 211 212 214 215 221 222 223 231 233 237 238
37 160 168 169 171 172 173 175 176 178 180 181 182 184 186 188 189 191 194 197 198 199 200 203 205 206 207 208 211 214 215 221 227 229 230 233 234 236
27 161 162 164 165 167 172 185 188 189 194 198 200 202 207 210 212 214 215 217 218 219 223 224 228 232 234 238
26 165 166 167 168 173 174 176 182 183 185 187 188 189 198 199 200 202 206 207 210 216 219 223 224 228 235
44 161 166 167 168 170 173 174 175 178 179 180 181 182 183 186 188 190 191 192 193 194 195 197 202 203 206 207 212 213 215 216 218 219 222 223 224 225 227 228 231 233 234 235 237
30 168 169 173 177 179 182 189 193 198 199 202 203 204 205 208 210 212 214 215 218 220 221 223 225 229 231 233 235 237 239
24 160 170 171 173 174 175 180 182 185 192 195 205 207 211 213 220 221 225 227 229 232 233 234 239
42 161 162 165 166 167 169 171 172 174 176 177 180 181 183 185 188 190 191 192 193 194 196 200 201 202 205 208 212 213 217 219 220 221 224 227 228 229 231 234 235 238 239
53 160 162 163 164 165 166 170 171 172 173 177 178 179 181 182 183 184 185 186 187 189 191 192 195 196 197 198 200 201 202 204 205 207 208 209 211 212 213 214 215 216 219 220 224 226 228 229 230 231 234 236 237 239
34 160 161 162 164 165 166 167 174 179 183 188 189 192 193 195 201 203 204 206 207 208 210 211 215 216 218 219 221 222 223 228 231 232 234
41 160 162 163 164 165 166 167 168 169 171 173 176 182 185 189 190 191 192 194 195 196 198 199 200 202 204 207 208 210 212 213 217 218 219 220 222 227 230 234 235 239
37 160 165 166 168 170 171 174 177 179 181 182 183 185 186 188 190 191 192 194 198 201 202 203 204 205 208 209 212 214 217 218 219 222 226 230 234 236
37 160 161 163 164 165 167 168 169 170 172 173 175 178 182 186 189 193 194 196 198 199 200 201 205 213 217 220 223 224 228 231 232 234 235 236 237 239
40 160 162 165 169 170 171 176 179 180 181 182 183 186 187 188 189 192 194 195 198 200 203 204 205 207 208 210 215 216 218 221 222 223 224 227 229 232 233 234 239
49 161 163 165 169 170 171 172 173 174 176 177 180 181 183 184 187 189 190 191 192 193 194 195 196 197 199 200 201 203 206 208 209 210 212 213 214 215 216 218 220 222 225 228 229 231 233 234 236 238
45 160 163 164 165 166 169 170 171 174 175 176 179 181 182 185 186 189 190 191 192 196 197 198 202 205 206 208 213 214 216 217 218 221 223 224 225 226 227 229 230 233 234 235 236 237
48 161 163 164 165 169 171 172 173 176 177 178 179 181 182 183 185 187 188 192 193 194 195 197 199 200 202 203 205 208 209 211 213 214 215 216 218 220 221 222 224 225 227 229 230 232 236 237 239
48 160 161 162 163 166 167 168 169 170 171 172 173 174 178 179 180 181 182 183 186 187 188 189 192 194 195 201 202 205 206 209 215 216 217 220 223 225 226 227 229 230 231 234 235 236 237 238 239
41 160 161 164 165 167 170 173 177 179 184 185 187 188 189 190 191 193 194 196 199 201 204 205 207 208 209 210 211 214 216 217 219 221 222 224 225 227 231 232 237 238
47 161 162 164 165 167 168 169 170 172 177 181 182 184 185 186 187 190 194 195 198 200 201 202 203 204 205 206 207 208 211 215 217 218 220 221 223 224 227 229 230 232 233 234 235 236 237 238
29 161 162 165 166 168 171 172 176 177 183 184 186 188 190 191 194 200 201 205 208 210 215 216 217 220 224 229 231 235
30 161 166 168 175 177 178 179 180 182 183 185 192 194 195 199 200 201 203 204 205 206 212 214 216 219 227 232 235 236 238
32 161 163 164 166 167 168 171 172 178 181 182 183 185 193 194 199 201 202 205 208 212 214 215 217 219 220 225 226 231 232 237 239
28 162 164 167 169 171 172 174 180 181 185 186 190 192 194 196 198 204 206 209 210 212 215 216 225 232 237 238 239
25 160 161 165 168 178 180 181 182 183 185 186 192 198 200 203 206 217 219 221 222 224 229 234 236 237
32 164 167 168 171 172 174 175 177 179 180 181 186 190 193 194 198 200 201 205 206 212 219 221 224 226 228 229 230 231 236 237 239
43 160 161 162 165 167 168 171 172 175 176 179 186 187 189 190 194 195 196 197 199 200 203 205 206 209 210 211 212 213 214 216 217 218 219 220 221 223 224 227 229 230 237 239
50 162 165 166 167 168 172 174 175 178 179 180 181 182 185 186 188 189 190 191 193 195 196 197 199 200 201 202 203 205 206 207 208 211 212 213 214 216 218 219 221 222 225 228 229 230 232 233 234 235 239
25 161 165 169 170 177 181 184 190 194 196 199 201 204 205 206 208 213 216 217 219 220 229 230 231 239
37 161 163 164 166 167 168 170 174 175 177 183 185 188 189 194 197 202 203 204 207 208 209 210 211 212 221 225 227 228 229 230 231 232 233 235 238 239
28 167 169 170 171 172 174 179 185 186 193 196 198 200 203 206 213 215 219 220 221 222 226 228 231 234 235 236 237
30 160 164 165 166 167 168 169 170 178 182 188 192 194 196 198 200 201 202 207 208 210 212 218 221 222 225 227 235 237 238
30 160 161 163 165 168 169 170 178 179 182 184 185 193 199 200 201 205 211 213 214 216 220 221 222 223 227 228 231 232 233
46 160 163 165 166 168 169 170 171 172 173 174 175 179 180 181 182 183 185 186 188 189 190 191 192 199 204 211 213 214 217 219 220 222 223 224 225 226 227 228 229 230 231 233 237 238 239
24 160 165 167 171 180 183 187 191 196 205 208 210 211 212 213 215 217 219 222 226 228 233 234 236
30 160 163 164 167 171 174 175 177 180 182 183 191 195 198 202 203 206 208 210 212 215 217 220 223 227 229 231 233 234 237
55 160 161 163 164 165 166 167 168 172 175 177 178 179 180 181 182 185 189 190 193 194 195 196 197 198 199 200 201 202 203 204 205 206 208 209 210 211 212 213 214 215 216 217 219 220 221 222 223 225 228 231 233 236 237 239
36 160 161 163 164 173 174 176 180 181 183 185 187 189 191 194 195 196 201 204 205 206 208 211 213 214 215 216 218 219 220 225 226 227 230 235 236
34 161 165 167 168 171 175 179 180 185 187 189 190 191 194 195 197 200 204 208 209 210 212 213 214 217 221 224 229 231 232 234 235 236 238
41 160 163 165 166 167 168 169 171 172 174 175 176 177 180 181 182 191 192 193 195 197 198 199 205 206 207 208 209 210 211 212 216 218 220 224 226 229 230 232 235 238
29 160 162 164 172 174 175 176 181 182 184 185 192 197 200 201 205 206 213 220 221 222 223 225 227 228 231 233 236 237
55 160 161 162 163 164 165 167 168 169 170 171 174 177 178 179 180 182 184 185 190 191 192 193 194 195 197 198 202 203 204 205 206 208 210 212 215 216 217 218 219 220 221 222 223 224 226 228 229 230 232 233 234 235 236 239
29 162 163 164 172 173 177 181 185 187 188 191 192 193 194 207 210 211 214 216 217 218 219 221 222 224 225 227 232 237
30 163 164 165 167 169 172 178 179 183 184 186 189 198 202 203 204 206 207 209 211 213 220 221 222 224 225 227 231 234 236
55 161 162 163 164 165 167 168 169 170 171 173 174 175 176 177 178 179 184 185 186 187 188 189 190 192 193 194 196 197 201 202 203 206 207 208 210 213 214 215 217 218 219 220 221 223 225 227 231 232 233 234 235 236 237 239
49 160 161 165 166 170 171 172 174 175 176 177 178 179 180 181 184 185 186 187 188 190 192 193 194 195 199 201 203 204 206 208 209 211 213 214 216 217 218 219 221 222 224 226 229 231 232 233 235 237
29 161 162 166 171 173 181 183 187 189 191 193 195 196 199 204 205 206 211 212 215 216 219 220 222 225 228 232 234 235
44 163 164 167 168 169 170 171 172 173 174 175 179 184 189 190 192 193 196 197 199 201 202 204 205 206 207 208 209 210 211 213 216 217 218 219 220 222 223 225 226 232 235 237 238
50 160 161 162 164 165 167 168 169 170 173 174 176 177 179 180 182 183 185 189 190 191 192 193 195 196 197 199 200 201 202 204 206 208 209 211 212 213 214 215 216 217 218 219 220 222 225 229 231 234 237
49 161 163 164 165 167 168 170 172 173 174 175 176 177 178 179 181 183 184 187 188 189 190 195 198 201 202 204 206 207 209 211 212 216 217 218 219 220 221 225 226 227 229 233 234 235 236 237 238 239
27 162 172 176 177 178 182 188 189 193 196 200 201 202 205 206 211 214 215 216 219 226 227 228 231 232 236 239
30 161 166 167 168 171 174 175 180 181 182 185 186 189 190 192 193 199 206 207 208 213 216 222 224 225 229 230 231 234 239
35 160 161 162 163 166 168 169 184 185 186 187 189 190 191 192 193 195 198 199 201 205 206 208 212 213 214 223 227 228 230 231 234 236 237 238
28 162 164 167 168 170 182 184 185 192 195 196 197 201 203 204 205 207 208 209 214 215 216 221 225 226 228 229 237
31 163 164 166 171 172 175 176 178 179 180 183 189 190 192 193 201 202 203 205 206 212 214 216 218 220 225 229 231 234 238 239
32 160 163 167 168 170 174 176 177 180 181 183 185 191 192 199 201 202 204 207 211 212 214 215 220 222 227 228 229 231 235 236 239
55 160 161 162 165 167 168 169 170 172 173 176 177 179 183 185 186 187 188 189 190 195 196 197 198 199 200 201 203 204 205 208 209 211 212 213 217 218 220 221 222 223 224 225 226 228 229 230 231 232 234 235 236 237 238 239
40 161 164 167 168 169 170 172 173 174 175 179 180 181 182 183 188 190 191 193 196 197 198 201 202 203 204 205 207 211 212 214 215 219 221 223 224 226 236 237 238
32 160 161 162 166 169 170 171 173 175 178 182 184 189 190 193 197 200 201 202 203 205 206 211 212 215 217 219 224 225 227 231 234
53 162 164 165 167 168 170 171 172 173 174 175 176 177 178 179 180 182 183 186 187 188 189 190 191 194 195 198 201 202 203 206 208 209 210 212 213 215 216 219 220 222 224 225 227 228 229 230 231 232 236 237 238 239
25 166 176 179 180 185 186 190 191 192 193 195 201 204 205 207 212 214 216 222 226 230 231 234 236 238
26 160 162 164 167 168 170 173 175 187 188 191 193 200 207 210 211 212 215 216 217 218 222 223 225 228 235
54 160 161 162 163 166 167 171 172 173 174 176 177 181 182 183 184 185 186 187 189 191 192 193 194 195 196 197 198 199 200 202 203 204 206 207 209 210 213 214 215 216 217 218 219 220 223 224 225 229 230 231 233 234 239
30 160 161 165 166 169 170 173 174 181 183 186 188 189 192 194 197 198 200 201 203 206 207 211 215 219 220 227 230 236 239
35 163 165 167 170 171 172 173 174 178 179 185 189 190 194 195 197 201 202 203 206 207 210 211 212 214 216 220 221 223 229 231 232 234 237 239
48 161 165 167 168 169 170 171 173 174 175 176 178 179 180 181 182 184 185 186 188 190 193 194 195 199 200 202 203 204 206 207 209 210 211 212 214 215 216 218 220 221 222 223 226 227 228 230 235
24 161 162 164 166 170 173 178 179 182 186 187 195 199 201 203 205 206 219 221 226 228 232 235 239
24 163 164 168 178 181 184 192 195 200 201 203 204 206 210 213 214 215 218 219 222 231 233 234 235
30 161 164 165 166 167 173 178 180 182 188 190 191 193 195 196 197 198 199 200 203 206 210 211 214 217 224 225 227 228 232
27 160 162 167 168 170 171 173 178 181 188 193 195 201 202 213 218 219 221 222 223 224 228 229 231 233 238 239
30 160 161 164 165 166 167 168 172 173 177 178 179 180 181 194 196 197 199 201 202 208 214 218 221 223 224 225 235 237 239
35 161 162 163 167 170 171 172 174 175 180 181 182 184 186 187 188 190 191 192 199 201 202 205 208 209 210 213 215 216 220 224 227 230 232 236
38 163 170 171 172 174 175 176 181 182 186 188 189 191 192 193 194 197 201 203 204 207 208 211 212 213 215 216 217 218 219 220 221 223 224 226 227 229 235
40 160 164 165 166 168 169 170 172 173 175 178 179 180 187 188 189 191 192 193 194 197 198 199 202 203 204 208 209 210 217 221 222 223 225 227 228 233 234 235 236
24 160 161 164 165 166 168 177 186 187 188 193 202 204 210 212 216 224 226 228 229 232 236 238 239
27 160 161 165 167 178 180 183 185 192 193 198 199 200 206 207 217 218 219 221 224 225 226 227 228 229 235 236
29 160 167 170 171 172 175 177 182 183 184 186 187 189 195 196 198 201 207 209 211 215 217 219 220 221 225 227 228 239
54 160 161 162 163 164 165 166 170 171 172 174 177 180 183 184 186 187 190 192 193 194 195 196 197 199 201 202 203 204 205 206 208 210 212 213 214 215 216 217 218 219 221 223 224 226 228 229 231 233 234 235 237 238 239
43 160 163 165 167 170 171 172 174 176 178 181 182 183 184 185 186 187 194 197 198 199 201 203 209 210 212 214 215 218 219 220 222 223 224 226 227 228 229 231 233 234 236 237
27 166 167 173 175 179 181 184 186 187 192 193 198 206 209 211 213 215 219 221 222 223 224 226 227 236 237 238
37 161 162 163 169 170 175 178 179 180 182 184 185 186 189 190 191 195 199 200 203 204 207 208 209 210 215 218 219 221 222 228 230 231 233 234 235 237
38 160 161 167 168 171 173 174 175 176 177 182 186 187 188 190 193 196 198 202 203 204 205 206 208 209 210 212 216 219 220 222 225 227 229 230 235 237 238
25 161 166 170 174 176 177 179 184 185 186 187 193 195 199 204 211 214 218 220 225 228 230 232 233 235
36 161 162 163 164 165 168 169 170 173 179 181 182 184 185 191 192 193 194 195 202 203 209 210 211 215 218 219 223 225 226 228 231 235 236 238 239
45 160 161 162 164 165 166 167 168 169 171 173 174 177 178 179 181 182 183 187 190 192 193 197 201 202 203 206 207 208 209 213 214 215 216 221 222 223 226 227 230 231 233 234 235 239
50 160 161 162 164 165 167 168 169 170 171 172 174 175 177 180 182 186 187 189 190 191 193 194 195 196 198 200 202 203 205 207 209 210 212 213 216 217 218 220 222 223 225 227 228 229 230 233 234 237 239
27 161 162 167 169 172 174 176 177 178 190 194 195 196 197 198 201 202 212 215 216 217 221 223 226 227 235 239
48 160 161 163 165 166 167 168 173 174 176 179 181 182 184 185 186 188 190 191 193 194 195 196 200 201 203 205 206 210 211 212 213 214 218 219 220 221 222 223 224 226 228 229 230 231 235 237 239
49 160 163 165 166 167 168 169 171 173 174 175 181 182 184 185 187 188 189 190 191 192 193 194 195 199 200 204 205 208 209 210 211 214 216 218 220 221 222 223 224 227 231 232 233 234 235 236 238 239
55 161 162 163 164 165 167 168 170 171 172 173 174 175 177 178 179 180 183 184 185 187 188 189 191 194 195 197 199 200 201 202 203 206 207 208 209 210 214 215 216 217 219 220 222 223 225 226 227 228 229 231 234 236 238 239
31 165 167 171 172 174 178 179 182 185 186 188 192 194 196 201 202 203 207 210 213 219 223 224 226 227 230 232 235 236 238 239
39 161 164 165 166 167 168 170 173 174 176 177 180 182 188 189 190 191 198 206 208 209 210 211 212 213 214 219 220 222 224 226 227 228 229 231 235 236 238 239
53 160 161 162 163 164 167 170 171 172 174 176 177 178 179 181 184 185 186 189 190 192 193 195 196 197 198 199 201 202 203 204 205 207 208 209 210 211 212 215 216 219 220 221 224 225 226 227 228 232 233 234 236 237
34 161 162 166 169 175 176 180 182 184 191 193 199 200 201 202 204 206 208 209 210 211 212 213 214 219 223 225 227 228 230 233 235 236 238
48 161 162 164 166 167 168 169 170 172 174 176 177 178 179 180 181 182 183 185 186 190 193 194 195 199 200 201 202 208 212 214 215 217 218 219 220 223 224 225 226 227 228 229 230 231 232 236 237
42 162 163 167 168 170 171 172 174 175 177 179 181 182 183 184 185 186 190 191 193 194 198 199 200 202 204 207 208 210 216 217 218 219 224 226 227 228 229 230 231 236 238
24 161 168 176 179 180 185 189 190 195 197 198 205 210 211 213 216 221 222 223 225 226 227 230 231
33 160 163 166 167 172 174 175 176 179 180 184 185 188 196 199 202 203 204 207 210 213 214 215 217 218 219 223 226 227 230 231 235 237
46 160 162 164 165 166 167 169 171 173 175 177 179 180 181 182 183 184 188 189 190 191 194 195 197 198 199 200 201 202 203 207 208 209 211 212 216 217 220 221 222 224 225 226 228 233 238
49 160 161 164 165 167 170 171 172 173 174 175 176 177 178 179 180 184 188 192 194 195 196 198 199 200 205 207 209 212 215 216 218 219 220 221 222 223 224 225 226 228 229 230 231 232 235 237 238 239
37 163 165 167 169 174 177 185 186 187 188 193 194 198 199 200 202 206 208 209 210 212 214 215 216 217 219 221 222 224 225 227 228 229 230 231 238 239
39 160 163 165 167 168 169 170 171 172 179 182 183 184 187 188 197 199 203 204 205 206 207 208 209 211 217 220 224 225 226 229 230 231 232 233 234 235 236 238
55 160 161 163 164 167 169 170 171 172 174 176 177 178 180 182 185 187 188 190 191 192 194 197 199 200 202 203 204 205 206 207 208 209 211 213 214 218 219 221 222 223 224 225 226 227 229 230 231 232 233 234 235 236 237 238
32 163 167 174 177 178 179 181 182 187 189 190 191 192 193 194 198 201 203 205 209 213 217 219 220 221 223 226 229 230 232 233 235
36 161 167 169 170 173 176 180 181 184 185 186 188 189 194 195 196 197 198 201 202 203 204 206 207 208 209 210 212 214 216 220 222 224 226 227 234
33 161 164 166 172 174 178 179 183 186 187 188 198 199 202 204 206 207 208 209 211 212 214 215 217 223 225 226 227 229 230 232 235 237
31 160 162 167 169 171 174 176 181 182 183 184 185 188 194 195 197 199 205 206 218 220 222 224 225 229 230 233 234 235 238 239
33 160 166 168 169 170 172 173 174 176 180 181 184 187 189 195 203 204 208 209 211 212 213 214 215 217 219 222 227 230 232 234 237 238
42 162 165 169 171 173 176 177 180 181 182 184 186 187 188 191 192 199 201 204 205 206 207 208 209 210 211 212 215 216 217 218 222 223 226 229 231 234 235 236 237 238 239
34 162 165 167 170 175 181 182 184 187 188 189 195 197 199 202 203 204 205 207 209 211 213 216 217 218 220 223 227 228 229 231 233 235 236
29 162 163 165 166 171 175 177 178 179 188 192 193 194 198 203 204 208 209 210 213 215 221 227 229 230 233 236 237 238
43 160 162 163 164 167 168 170 171 173 176 178 179 180 182 183 185 188 193 194 195 196 197 198 199 200 201 209 214 215 216 222 223 225 226 228 229 230 231 232 233 235 236 238
44 160 161 167 168 171 174 176 177 179 181 182 183 184 185 186 191 192 194 195 196 201 204 205 207 209 210 211 213 215 217 219 220 222 223 226 227 229 231 232 233 234 237 238 239
48 160 161 164 166 167 168 169 170 171 172 173 174 175 176 177 178 180 182 183 184 185 186 187 190 191 197 198 204 205 207 208 209 210 213 214 215 217 218 220 223 225 227 232 233 234 235 236 238
52 160 161 162 163 166 168 169 170 172 173 175 176 178 182 183 184 185 193 195 197 198 200 201 202 203 204 206 208 209 210 212 213 214 215 216 218 220 221 222 223 224 225 226 228 229 231 232 233 235 236 237 239
32 160 163 166 167 169 171 173 174 177 178 182 183 186 187 188 189 191 195 196 199 200 202 206 212 218 219 221 226 228 232 234 238
50 162 163 164 165 168 169 170 171 173 174 176 177 178 181 182 183 184 185 186 187 188 189 192 193 194 195 196 201 202 205 206 208 209 210 212 213 214 215 216 218 219 221 224 226 228 229 231 234 236 237
30 160 163 177 180 181 182 183 185 186 187 189 191 195 196 198 202 204 208 209 211 213 214 216 218 220 222 227 232 235 239
41 162 168 171 174 175 176 178 183 184 186 187 188 191 192 193 197 202 203 204 206 208 210 212 214 216 217 218 221 224 226 227 228 229 230 232 233 234 235 237 238 239
42 160 161 162 163 168 175 176 177 178 179 180 181 182 185 189 191 192 194 197 203 204 205 206 207 208 210 211 212 213 214 218 219 222 224 225 227 230 231 233 235 236 237
29 161 162 164 166 167 171 172 175 177 178 181 183 188 189 192 196 198 200 201 203 208 209 210 219 220 221 222 223 225
43 163 164 169 170 172 175 178 179 181 182 183 184 185 187 188 189 190 191 195 196 197 199 202 203 204 206 208 209 210 211 212 215 217 218 219 222 223 224 225 230 236 238 239
28 162 167 168 171 175 180 182 184 185 186 187 188 190 193 198 203 205 206 209 211 214 215 216 221 223 224 225 229
29 162 163 165 171 172 173 179 186 187 189 196 197 200 201 202 203 204 205 206 207 208 214 219 221 224 231 233 235 236
30 160 162 164 166 171 176 177 178 183 188 192 194 196 201 202 203 206 208 212 216 218 220 221 224 225 227 229 232 233 234
35 160 161 162 163 164 165 169 170 171 173 174 178 180 183 186 187 189 192 196 197 200 202 204 208 211 213 215 216 217 225 226 229 233 236 237
30 161 164 177 181 183 186 189 191 193 194 195 201 203 204 213 214 216 217 220 222 223 224 228 229 230 233 234 237 238 239
43 160 164 165 166 167 169 171 172 174 175 178 179 181 182 184 185 187 190 191 193 196 197 200 201 202 204 205 207 208 209 211 213 215 220 221 222 226 228 229 231 233 235 237
30 160 161 163 165 166 167 168 172 177 178 179 180 181 182 184 188 189 199 201 202 204 205 214 216 220 225 226 227 235 237
55 160 161 162 163 165 166 167 168 169 171 173 174 176 177 180 181 182 187 190 191 192 194 195 196 197 198 200 202 203 204 205 206 208 209 210 211 212 213 214 218 221 222 224 225 226 227 229 230 231 233 234 235 237 238 239
54 160 161 162 163 164 167 168 170 171 173 174 175 176 177 178 179 180 181 182 183 185 186 187 191 193 194 195 198 200 201 202 204 206 210 211 212 213 214 215 216 217 218 221 225 226 227 228 229 230 231 232 233 234 237
36 161 166 167 171 172 173 174 175 176 178 180 181 183 186 189 190 191 194 195 197 200 204 205 207 208 210 212 214 215 222 224 225 229 231 232 238
42 161 164 167 168 169 170 171 173 175 176 179 181 183 185 186 187 188 189 191 192 194 197 202 203 205 207 210 213 214 217 218 222 224 225 226 232 233 235 236 237 238 239
31 162 163 165 167 171 172 174 178 180 181 183 184 187 188 195 199 207 211 212 214 215 219 222 223 224 226 228 229 231 232 234
55 160 162 163 164 165 168 171 172 173 174 176 177 178 179 180 181 183 188 189 190 191 192 193 194 195 196 199 200 201 202 203 204 205 206 209 212 213 214 215 218 220 222 223 224 225 226 227 228 229 230 232 234 236 237 238
26 166 169 174 176 178 179 184 187 189 190 199 202 204 205 206 210 212 215 221 222 223 224 229 232 238 239
26 162 167 170 171 175 179 182 191 193 194 203 205 207 208 210 211 212 222 224 225 226 227 229 231 232 239
44 160 161 162 167 169 171 173 174 175 176 180 182 183 186 187 188 189 190 191 192 194 196 198 201 203 208 214 215 217 218 219 220 221 222 224 229 230 232 233 235 236 237 238 239
28 161 171 173 176 181 182 183 184 185 189 191 192 195 197 198 201 206 209 210 213 214 217 218 221 222 233 236 239
51 162 164 165 166 168 170 171 172 174 175 177 180 183 185 186 188 189 190 191 192 193 194 196 197 199 203 204 208 210 211 214 215 217 218 219 220 221 222 223 224 225 226 227 228 229 230 232 233 235 236 237
25 163 167 173 174 182 183 185 186 187 190 195 199 203 205 206 211 214 218 223 224 226 227 235 237 239
45 160 161 163 164 165 166 172 173 175 179 180 181 183 184 187 188 190 193 194 195 199 202 203 206 207 209 210 211 212 213 214 216 217 218 219 222 223 224 227 228 229 231 236 237 239
39 160 165 166 167 172 174 178 179 180 184 186 188 190 191 193 195 196 197 199 201 203 204 205 209 210 214 215 216 217 219 221 223 225 229 231 232 236 237 238
41 160 161 164 165 167 170 171 172 173 175 178 181 184 185 186 188 192 194 198 199 200 201 202 204 205 207 210 213 214 215 217 220 223 224 226 227 230 233 234 236 239
54 160 161 163 164 165 167 169 173 174 175 176 177 180 181 182 183 184 185 186 187 188 189 190 191 194 195 196 197 198 200 201 202 204 205 206 208 209 210 212 215 218 219 223 226 228 229 230 231 232 234 235 237 238 239
48 161 163 164 165 166 167 169 170 173 174 175 177 178 183 185 186 189 194 196 197 198 199 200 201 202 203 204 205 206 207 208 210 211 213 214 215 216 217 220 221 222 225 226 230 233 234 235 237
24 161 166 168 172 175 178 179 184 186 188 189 193 202 208 213 218 219 221 222 223 229 233 236 237
47 161 164 165 168 169 170 171 174 175 176 177 178 179 180 181 182 183 184 185 186 188 190 192 194 196 197 199 200 203 204 205 207 210 211 213 214 215 216 218 219 220 221 224 225 227 231 232
28 164 165 168 169 172 180 182 185 188 192 196 198 199 200 202 204 211 214 219 222 226 229 231 234 235 237 238 239
28 163 164 169 170 173 184 185 188 189 194 200 201 203 206 207 208 209 214 216 218 221 227 231 234 235 236 237 238
39 162 165 166 167 169 170 171 175 177 178 179 180 183 184 189 191 192 194 195 197 199 200 203 208 210 212 214 215 216 222 223 224 228 229 231 232 236 238 239
26 160 161 164 169 172 176 177 180 188 190 192 198 199 201 204 208 211 212 215 219 222 224 226 232 235 236
28 164 171 173 182 183 185 187 188 189 193 194 195 196 197 199 202 204 205 206 209 212 226 228 230 231 232 237 238
39 160 161 168 170 171 174 175 177 179 181 182 183 185 188 189 191 193 194 197 198 199 206 208 218 220 221 222 223 226 227 229 231 232 233 234 235 237 238 239
45 160 161 162 163 164 166 169 170 173 175 177 178 179 183 184 185 188 189 191 192 193 196 198 200 201 202 203 205 206 208 211 214 215 217 220 221 222 223 224 228 229 231 235 236 237
44 164 166 168 169 175 176 177 178 180 183 184 185 187 189 190 192 193 198 199 200 201 202 204 207 208 209 211 213 215 216 217 221 223 224 225 226 227 228 229 231 233 234 235 239
48 160 161 163 165 167 169 171 172 173 174 175 176 177 179 180 181 183 185 186 188 189 190 193 195 198 201 202 205 206 208 209 210 211 212 215 218 221 223 224 226 227 228 229 232 233 235 236 237
46 161 163 165 166 167 171 173 174 175 179 181 182 185 186 189 190 192 193 194 195 196 197 198 200 202 204 206 207 208 210 211 212 217 219 221 223 224 225 226 227 229 230 233 236 238 239
41 160 163 165 166 167 169 172 173 174 175 177 181 182 184 187 191 192 193 195 197 198 200 201 204 209 211 212 214 216 219 220 221 222 223 224 225 226 233 234 237 238
42 161 163 164 165 167 169 172 173 175 176 177 178 181 182 183 185 186 190 191 192 194 195 196 198 204 206 208 209 212 214 215 216 219 221 224 227 228 232 233 235 237 239
39 164 167 172 174 176 177 178 181 186 188 189 191 192 193 195 198 199 202 204 206 210 211 212 213 214 215 217 218 220 221 224 225 229 230 231 232 237 238 239
24 161 171 172 174 176 177 179 187 197 198 204 205 207 212 215 217 219 221 223 225 226 234 236 239
49 160 161 164 165 166 167 168 171 172 174 175 177 179 180 181 182 184 187 191 193 195 196 198 199 201 202 203 204 205 208 213 215 217 218 219 220 221 223 224 225 226 230 233 234 235 236 237 238 239
55 160 161 162 163 164 165 167 169 171 172 173 174 175 176 179 180 181 184 185 186 188 189 190 191 192 193 194 195 196 198 200 202 203 207 209 210 211 212 213 214 215 216 218 220 222 224 225 226 231 232 233 234 237 238 239
32 160 163 165 167 169 171 172 173 174 176 186 187 188 189 190 193 194 196 197 198 199 201 202 205 211 213 217 219 222 223 226 233
32 161 164 166 167 169 172 173 178 179 182 183 185 188 189 190 192 201 204 206 207 209 210 212 221 224 226 229 232 233 234 237 239
32 163 166 169 173 174 176 177 178 181 188 194 195 199 201 203 204 205 209 211 213 217 219 224 226 227 228 229 231 232 237 238 239
24 160 174 176 177 186 191 192 194 198 199 208 209 213 214 216 217 220 224 225 232 234 235 236 239
45 161 163 164 165 166 167 169 171 172 173 174 176 178 179 181 182 183 184 186 187 188 189 191 193 194 195 199 201 203 204 205 206 207 209 211 214 215 216 218 219 223 225 231 234 235
38 160 161 164 165 166 168 169 170 171 177 178 180 183 184 185 191 194 196 197 199 200 201 202 203 204 205 206 207 209 217 219 220 224 225 226 227 232 238
32 163 164 165 166 168 171 172 182 184 185 186 189 196 197 198 200 204 207 209 216 217 219 223 224 225 226 230 231 234 237 238 239
44 160 161 162 164 165 168 171 173 174 176 179 183 186 191 192 193 195 196 197 198 199 201 202 203 204 207 208 209 213 217 219 220 221 222 223 224 225 226 228 229 230 233 235 237
29 160 161 162 163 166 169 173 174 182 183 185 189 194 196 197 199 204 206 207 211 212 221 222 231 233 234 235 236 239
37 160 161 163 168 170 172 173 177 178 180 183 187 188 191 193 194 195 197 202 203 204 208 213 217 218 223 224 226 227 228 229 231 232 233 235 236 239
55 160 165 166 169 171 172 173 174 175 177 178 179 182 183 184 185 187 189 192 194 196 197 198 199 200 203 204 205 206 208 209 210 211 212 213 214 215 216 217 218 219 220 221 222 223 224 226 228 229 230 232 233 235 236 238
51 160 162 163 164 165 167 169 170 173 174 176 177 180 181 182 183 186 187 189 190 191 192 193 196 197 198 201 202 206 207 208 209 210 211 212 213 214 216 219 221 226 227 229 230 231 233 234 235 237 238 239
44 160 161 162 163 164 165 166 168 170 173 175 176 177 180 183 184 188 189 191 194 195 199 200 201 203 205 206 207 208 209 210 211 213 215 216 218 219 221 222 223 232 234 235 237
52 161 162 163 164 165 166 169 171 172 173 174 175 176 178 179 181 183 184 186 189 195 196 200 201 203 205 206 207 208 209 210 211 214 215 216 218 219 220 221 222 224 225 226 227 228 229 233 234 235 236 238 239
48 160 164 165 166 168 169 170 171 175 176 178 179 181 182 183 184 185 188 190 191 192 193 194 195 198 199 200 203 204 205 207 208 210 212 213 215 217 218 220 221 222 226 227 228 230 232 236 238
27 161 162 163 166 169 172 173 175 176 179 184 186 188 196 201 203 205 208 218 219 221 224 225 230 232 234 237
33 160 165 167 170 175 183 184 185 188 191 193 196 197 199 200 202 203 204 205 206 208 212 213 214 215 217 223 224 228 229 232 236 237
32 163 167 169 170 173 176 179 182 183 184 185 186 193 195 196 198 202 203 204 205 206 209 212 213 216 226 228 229 231 233 236 237
31 160 164 165 167 176 180 181 187 188 195 200 201 203 205 213 215 216 217 220 222 223 224 226 227 228 229 231 232 233 235 236
39 160 162 165 170 172 174 177 178 181 183 184 185 186 187 188 189 190 196 198 199 204 205 208 210 212 214 217 219 220 221 224 226 227 229 232 233 234 235 239
47 160 161 166 170 176 178 180 181 182 184 186 187 188 191 192 193 196 197 199 200 201 202 203 204 205 206 208 210 211 212 213 214 215 216 217 219 221 223 224 226 227 228 230 235 236 238 239
22 244 245 246 253 260 264 265 267 272 273 278 281 282 283 285 288 289 296 306 311 312 313
12 243 246 263 264 269 270 277 280 286 299 301 305
22 241 244 254 260 262 263 268 271 277 279 283 284 285 287 292 293 294 295 302 308 312 313
47 243 244 247 248 249 250 251 255 257 258 259 261 262 263 265 267 268 269 270 271 274 276 277 279 281 282 283 284 285 286 287 290 292 294 295 297 298 299 300 301 303 304 305 306 309 311 312
22 240 242 243 248 253 261 265 266 267 269 278 280 282 286 289 290 297 298 303 305 307 310
20 240 241 245 246 257 260 269 273 280 282 284 285 286 293 294 298 304 308 309 310
32 241 242 244 248 250 253 255 256 258 259 262 264 265 266 268 273 274 278 281 284 286 288 292 293 295 297 303 304 306 307 308 309
21 242 243 245 252 256 272 277 279 280 281 285 286 289 290 291 295 304 309 310 311 312
58 240 241 242 243 245 249 250 251 252 253 254 255 256 258 260 261 262 263 264 265 266 267 268 269 270 271 272 273 274 276 277 278 279 280 281 285 286 287 290 291 293 294 295 296 297 298 299 300 301 302 303 305 307 308 309 310 312 313
59 240 242 243 244 245 246 249 250 251 252 253 254 255 256 257 258 259 262 263 264 266 267 268 269 270 271 272 273 274 276 277 278 279 282 283 285 286 288 290 291 292 294 295 296 297 298 299 300 302 303 304 305 306 307 308 310 311 312 313
32 240 241 242 244 246 249 251 252 258 260 261 265 268 269 270 271 272 274 275 278 280 281 289 290 291 300 304 305 306 308 311 313
20 241 242 246 252 253 254 266 270 271 274 276 285 289 296 302 303 304 305 307 311
27 240 242 243 244 245 249 253 255 259 265 267 269 274 279 281 283 284 285 286 289 293 297 300 303 305 308 312
16 248 252 254 255 271 274 278 292 296 297 300 302 307 309 310 311
12 245 246 249 253 262 268 281 284 303 306 310 312
16 243 244 247 249 260 261 263 280 281 282 292 300 301 305 307 311
31 241 248 251 252 254 255 256 257 258 259 265 266 267 269 272 274 275 276 278 279 283 285 287 290 291 294 296 303 306 309 313
36 241 242 243 247 248 250 257 259 260 261 263 267 271 274 275 276 277 278 279 285 286 287 288 289 292 293 294 295 297 298 302 304 308 309 311 313
16 244 246 247 248 257 259 275 282 283 284 288 289 292 304 306 311
17 245 251 255 259 267 269 277 279 280 282 288 294 298 308 309 312 313
15 248 250 258 263 268 275 287 290 291 292 295 297 300 306 310
29 241 243 253 256 260 261 264 265 267 268 271 273 275 279 281 282 283 286 291 295 298 299 301 306 307 309 310 311 312
20 244 245 247 248 250 255 263 266 269 277 284 288 289 292 293 294 303 304 305 308
12 242 250 255 262 270 276 278 285 289 299 305 309
18 243 254 262 268 274 275 276 280 284 286 292 295 298 301 302 303 305 309
26 240 242 244 249 251 252 256 257 258 259 263 271 273 279 282 285 286 288 289 292 297 298 300 301 304 309
25 240 241 242 243 244 249 258 259 263 267 269 273 278 283 285 286 290 291 294 295 297 298 300 303 304
25 241 243 246 247 253 254 265 266 267 269 276 278 280 283 293 294 295 303 305 306 307 310 311 312 313
7 245 248 262 267 272 283 298
13 247 249 251 256 261 264 265 266 281 295 300 304 313
19 241 244 247 249 261 262 263 271 274 282 287 292 293 302 305 306 308 312 313
15 248 254 255 257 265 268 272 275 279 289 292 302 308 311 313
15 241 247 248 260 261 265 275 280 281 284 287 289 293 301 309
20 254 256 270 275 278 287 289 291 295 297 299 300 301 302 303 305 306 311 312 313
27 240 242 245 246 250 253 262 264 268 270 271 273 277 284 286 288 289 293 295 297 298 299 302 304 308 310 312
23 240 247 248 250 251 255 257 263 265 266 268 270 273 275 284 296 300 301 302 303 305 306 308
23 245 248 250 255 260 261 262 264 268 270 272 274 275 277 281 284 287 290 291 296 299 302 308
20 240 242 243 244 248 253 254 258 261 262 266 270 273 274 286 301 303 307 308 309
11 245 259 263 268 271 278 285 286 298 303 309
29 242 243 244 251 252 254 255 259 262 264 266 268 272 282 290 291 292 294 295 296 297 299 301 302 303 304 305 308 309
19 242 248 251 253 254 265 269 270 272 278 279 281 283 284 295 297 298 303 310
17 240 242 249 250 251 252 255 257 266 269 277 287 290 291 293 304 307
31 241 244 245 249 251 256 257 258 259 261 266 267 268 272 273 275 276 279 281 283 287 288 289 290 294 295 303 306 308 312 313
17 241 253 254 258 260 261 262 267 269 274 283 287 288 297 298 299 307
34 245 246 247 250 251 252 253 256 260 261 262 264 266 270 271 274 276 277 280 281 282 284 287 288 293 296 299 301 305 306 307 309 310 312
24 241 243 245 246 247 250 262 265 267 269 275 276 277 281 282 287 288 290 295 301 306 308 312 313
15 240 242 247 250 253 260 262 265 282 284 285 291 293 298 304
10 254 256 264 265 283 291 300 301 305 307
32 250 251 256 258 259 262 263 266 269 270 274 275 276 279 280 281 283 284 286 287 289 291 292 294 295 296 298 302 303 305 308 310
34 242 244 248 253 255 256 257 259 260 264 266 268 270 271 273 274 280 283 284 285 286 289 292 293 294 296 298 299 300 302 303 305 307 310
27 240 241 242 245 246 252 253 254 256 260 264 266 272 273 275 278 280 288 289 291 293 296 302 307 308 310 313
43 240 241 243 246 247 248 249 250 252 253 254 255 258 260 261 262 264 266 272 273 274 275 276 277 279 280 282 283 284 288 290 294 296 297 299 300 302 305 306 307 308 311 312
22 240 241 244 246 252 253 255 256 260 261 263 264 270 275 276 278 287 296 305 306 308 311
36 240 243 245 246 250 252 255 256 257 258 259 260 264 266 267 268 273 275 276 277 280 285 286 288 289 290 291 294 296 299 300 301 304 307 309 311
15 250 251 259 263 264 265 267 278 281 282 283 293 297 300 313
14 250 256 258 260 267 269 270 271 281 283 288 293 300 307
12 246 247 252 257 275 283 301 302 310 311 312 313
34 242 243 244 247 248 249 250 251 252 253 255 258 259 261 262 263 264 265 266 267 268 271 272 274 276 277 279 281 283 288 290 292 296 307
22 240 243 244 247 249 256 257 260 261 262 264 265 272 273 278 281 283 284 286 293 299 301
20 245 246 247 249 250 252 257 258 259 264 275 276 288 291 299 300 301 304 306 309
25 240 242 246 249 251 252 254 257 258 259 262 270 272 274 276 278 280 285 287 290 296 297 300 302 313
30 240 243 245 249 251 254 260 261 263 267 269 270 271 272 276 277 279 280 282 285 287 289 290 291 294 296 298 299 300 305
28 246 247 249 252 255 256 260 269 271 272 275 276 277 280 284 285 288 290 291 292 295 298 299 304 306 310 311 312
16 240 244 251 252 255 258 266 269 270 272 273 280 282 290 296 299
20 246 247 256 258 260 261 262 263 266 270 273 277 278 282 288 290 294 306 309 311
26 241 243 244 252 254 257 259 260 267 268 269 273 280 282 284 287 292 296 298 301 302 303 308 310 311 312
16 240 249 251 252 254 258 261 263 272 278 279 291 297 304 309 311
17 243 247 253 267 273 276 279 282 284 293 296 298 302 303 307 309 312
11 241 245 257 268 279 287 289 294 296 302 305
27 241 248 250 251 252 254 257 264 268 271 272 275 276 280 287 291 292 295 296 298 299 301 302 304 307 310 313
23 240 245 246 248 253 258 263 271 272 274 275 277 279 283 286 288 290 291 293 294 297 306 307
29 242 243 250 251 257 258 259 265 271 273 279 282 284 286 288 290 291 292 293 294 295 297 299 301 304 307 309 312 313
17 241 247 248 256 258 259 261 263 270 271 279 294 297 299 300 308 310
31 240 241 245 246 247 248 249 253 257 261 263 265 273 274 275 276 277 278 279 280 284 285 286 287 289 298 306 310 311 312 313
13 244 246 249 259 264 271 276 278 282 292 293 294 313
23 243 244 245 246 249 253 254 255 257 260 261 268 271 273 285 290 293 300 306 307 309 311 313
20 242 244 251 256 257 265 267 269 270 281 287 289 291 292 293 295 301 304 310 313
19 240 241 242 247 248 252 264 265 267 272 277 278 282 288 297 299 301 304 312
25 245 248 250 254 255 256 257 259 262 263 264 266 277 283 285 286 287 288 292 294 295 297 299 301 310
16 247 249 254 266 268 269 274 277 280 281 285 289 300 302 303 310
10 251 255 256 270 272 273 274 281 296 311
4 267 272 283 298
18 245 248 250 254 255 257 259 263 264 266 277 283 285 288 292 297 299 301
12 250 256 258 260 267 269 270 271 281 283 288 300
5 257 287 294 296 305
29 240 243 245 246 250 252 255 256 257 258 259 260 264 267 268 275 277 280 285 286 289 290 291 296 299 300 301 304 311
14 240 245 246 248 253 258 279 283 288 290 293 294 306 307
27 251 256 258 259 262 263 266 269 274 275 276 279 280 281 283 284 286 291 292 294 295 296 298 302 303 305 310
6 259 263 268 271 286 309
22 241 242 247 257 260 261 263 267 271 274 277 278 285 286 293 297 298 302 308 309 311 313
15 242 257 265 271 279 282 286 288 290 291 293 294 304 309 312
18 245 248 250 255 260 264 268 272 274 277 281 284 287 290 291 299 302 308
18 240 242 249 251 252 256 257 259 263 271 279 286 288 289 297 298 300 304
11 250 263 268 275 290 291 292 295 300 306 310
7 246 247 275 283 301 310 312
21 241 243 244 252 254 257 259 260 268 273 280 282 284 287 292 296 298 301 308 310 311
38 240 244 246 249 251 252 253 254 256 259 262 263 264 266 268 269 271 272 273 277 278 282 283 285 286 288 290 291 292 295 296 297 300 305 306 308 311 312
13 246 256 258 260 261 262 266 270 273 277 278 282 311
19 245 248 255 261 262 264 268 270 272 277 281 284 287 290 291 296 299 302 308
23 242 243 244 247 249 250 251 255 258 259 262 263 264 268 271 274 277 279 281 288 290 296 307
24 240 243 245 251 254 260 261 267 269 271 272 276 277 279 282 285 287 289 290 291 296 299 300 305
6 256 265 291 300 301 307
14 243 248 253 266 278 280 282 286 289 297 298 303 305 307
19 242 251 252 255 259 262 272 282 291 294 295 296 297 299 301 303 304 305 308
13 245 248 253 263 272 274 275 277 279 286 293 306 307
11 247 253 273 279 284 293 296 302 303 307 312
21 245 248 250 254 255 256 259 262 263 277 283 285 286 287 288 292 294 295 297 299 301
20 242 243 252 254 255 259 268 272 282 290 291 292 294 295 297 299 301 302 305 308
13 245 246 249 250 252 264 275 276 291 299 301 306 309
21 241 242 245 246 252 253 264 266 272 273 275 278 280 288 289 293 296 302 307 310 313
10 243 246 263 264 269 270 277 280 286 299
7 243 246 263 269 270 280 286
17 240 247 248 250 257 263 265 266 268 270 273 284 300 303 305 306 308
9 249 254 266 268 274 280 281 285 310
22 241 244 249 251 257 258 261 266 268 273 276 279 281 283 289 294 295 303 306 308 312 313
17 240 247 248 251 255 257 266 268 270 273 275 284 296 302 305 306 308
19 245 248 250 254 256 257 262 264 266 277 283 286 288 292 294 297 299 301 310
10 244 251 256 257 265 269 292 293 301 310
10 249 260 263 280 281 292 300 301 305 311
26 248 251 252 255 256 257 258 259 265 266 267 269 272 274 275 278 283 287 290 291 294 296 303 306 309 313
20 245 250 254 255 257 259 262 263 264 266 277 283 285 286 287 288 292 295 299 310
8 244 246 247 284 288 292 306 311
50 241 242 243 245 249 250 251 252 253 254 255 256 261 262 263 264 265 266 267 268 269 270 271 272 273 274 276 277 278 280 285 287 290 291 294 295 296 297 298 299 300 301 302 305 307 308 309 310 312 313
19 240 241 242 244 251 258 260 261 271 272 275 278 280 290 291 300 304 308 313
11 240 244 252 258 269 270 273 280 282 290 299
23 240 244 246 249 251 252 260 261 268 270 271 272 274 275 278 281 289 290 291 300 304 305 306
9 245 259 263 271 278 286 298 303 309
7 259 268 271 278 285 286 303
17 245 246 247 250 252 261 264 270 277 280 281 296 299 305 306 309 310
11 240 242 243 248 253 266 286 290 297 298 303
9 244 249 260 261 281 282 292 301 311
7 250 255 270 278 285 305 309
15 244 256 257 258 259 263 273 279 282 286 288 289 292 301 304
12 246 253 255 257 260 261 271 300 306 307 311 313
29 242 248 253 255 256 259 260 264 266 271 273 274 280 283 284 285 286 289 292 293 294 296 298 299 300 302 303 305 307
27 240 243 245 252 255 257 258 260 264 267 273 276 277 280 285 286 288 289 290 294 296 299 300 301 304 307 309
9 253 267 276 279 296 298 302 303 309
22 240 242 251 252 256 257 258 259 263 271 273 279 282 286 289 292 297 298 300 301 304 309
9 247 256 261 270 279 294 297 300 308
5 245 248 262 272 298
21 241 242 244 248 250 253 256 258 259 262 265 274 284 286 292 293 303 304 306 307 308
35 240 242 243 245 246 249 251 252 253 254 255 259 262 263 266 267 268 269 272 273 274 278 282 285 286 290 291 295 297 300 303 304 305 310 311
10 250 258 267 269 270 271 283 288 293 307
19 240 243 244 247 256 257 260 261 262 264 265 272 273 278 281 284 286 293 299
14 240 249 250 251 252 255 257 269 277 287 291 293 304 307
12 244 247 248 250 255 269 288 289 292 293 303 308
9 245 259 268 278 285 286 298 303 309
19 245 248 250 255 261 262 264 268 270 272 274 277 281 284 287 290 296 299 302
16 241 243 252 254 257 259 260 269 273 284 292 296 298 301 303 312
25 241 251 254 255 256 257 258 259 266 267 269 272 274 275 276 278 279 290 291 294 296 303 306 309 313
5 248 262 272 283 298
34 241 243 246 248 249 252 253 254 258 260 264 266 273 274 275 276 277 279 280 282 283 284 290 294 297 299 300 302 305 306 307 308 311 312
7 245 262 268 281 284 303 306
19 240 243 244 249 256 257 260 261 262 272 273 278 281 283 284 286 293 299 301
43 240 244 245 246 251 252 253 254 255 256 257 258 259 262 263 264 266 267 268 269 271 272 273 274 276 277 278 279 288 290 291 292 295 299 302 303 304 305 306 308 310 311 313
33 240 241 242 245 249 253 254 255 256 260 261 264 268 269 270 271 272 273 276 277 281 290 291 293 295 297 299 301 302 305 307 310 312
14 248 256 258 261 263 270 271 279 294 297 299 300 308 310
22 241 244 250 253 255 256 258 262 264 268 274 278 281 286 292 293 295 297 303 304 307 308
7 247 252 257 283 301 310 313
8 245 259 263 271 278 285 298 303
22 246 247 249 252 255 256 269 272 275 276 280 284 285 291 292 295 298 299 304 310 311 312
13 244 255 263 269 277 284 288 289 293 294 303 304 308
17 242 244 251 252 256 258 259 273 282 286 288 289 292 300 301 304 309
8 246 257 283 301 302 310 311 312
13 241 247 248 256 258 259 263 270 279 294 299 300 308
11 241 244 247 262 263 271 274 292 305 306 313
14 241 244 260 268 271 277 279 283 284 285 294 295 302 313
18 242 244 255 262 264 265 266 268 273 278 281 284 286 288 292 303 304 307
43 240 243 244 245 249 250 251 252 253 254 255 256 258 259 262 264 266 269 270 272 274 276 278 279 282 283 286 288 292 294 295 296 297 299 300 304 305 306 307 310 311 312 313
13 240 244 251 252 255 258 266 269 272 273 282 290 299
13 247 249 254 266 268 269 277 281 285 289 300 303 310
10 243 262 268 275 276 280 295 302 305 309
13 240 249 251 252 254 258 261 263 279 291 297 304 309
6 243 263 269 299 301 305
13 250 254 255 256 259 264 266 277 285 287 295 297 299
15 240 241 242 248 264 265 267 272 278 282 297 299 301 304 312
9 245 246 268 281 284 303 306 310 312
23 243 245 249 254 260 263 270 272 276 277 279 280 282 287 289 290 291 294 296 298 299 300 305
15 245 248 250 254 255 257 259 263 264 287 288 297 299 301 310
8 240 258 266 272 273 280 290 299
15 242 248 251 253 265 269 270 272 278 279 281 283 284 303 310
37 240 241 243 246 248 249 250 252 253 254 255 260 261 262 264 266 273 276 277 279 280 282 284 288 290 294 296 297 299 300 302 305 306 307 308 311 312
17 241 248 252 255 257 258 259 266 267 276 279 283 290 294 303 306 313
12 250 251 259 264 265 267 278 281 282 283 293 297
17 240 243 244 247 249 256 261 262 264 265 272 278 283 284 286 299 301
17 243 244 246 249 253 254 255 261 268 271 273 285 290 293 300 306 313
20 246 247 249 252 255 256 260 269 271 272 276 284 288 290 291 295 299 306 310 311
12 242 248 254 265 270 272 279 281 283 284 295 297
8 245 257 268 279 287 289 302 305
20 251 253 256 260 262 266 271 274 277 280 281 282 284 287 288 299 306 307 309 312
8 240 253 260 265 282 291 293 304
11 254 266 268 269 277 280 285 289 300 303 310
8 241 247 248 261 275 280 301 309
23 243 244 247 249 252 258 259 261 262 263 265 267 271 272 274 276 277 279 281 283 288 292 296
15 241 244 247 249 261 262 263 271 274 282 292 305 306 308 313
27 241 244 245 249 251 256 257 258 259 261 267 268 272 273 275 279 281 283 287 288 289 290 295 303 306 312 313
9 245 259 263 268 271 278 286 298 303
18 253 260 261 267 271 273 275 279 281 283 295 299 301 306 307 309 310 311
19 240 242 244 249 252 256 257 259 271 279 285 286 288 289 297 298 300 301 309
17 241 244 254 260 268 271 277 284 285 287 292 294 295 302 308 312 313
27 244 248 253 255 256 257 259 264 266 268 270 271 273 274 280 283 284 286 289 293 294 296 300 302 303 307 310
14 241 252 270 271 274 276 285 289 296 302 303 304 307 311
8 254 256 264 283 291 300 305 307
11 251 252 254 258 261 263 272 279 291 304 311
10 242 249 250 255 266 269 277 287 290 293
18 248 250 251 252 253 255 259 262 266 267 271 272 277 279 281 283 288 290
7 245 271 278 286 298 303 309
20 240 242 243 245 249 253 255 259 267 269 274 279 281 285 289 293 297 303 308 312
25 250 256 258 259 262 266 270 274 275 276 279 280 281 283 284 286 287 294 295 298 302 303 305 308 310
30 246 250 252 255 256 257 258 260 264 266 268 273 275 276 280 285 286 288 289 290 291 294 296 299 300 301 304 307 309 311
13 244 250 255 263 269 277 288 289 292 293 304 305 308
6 241 245 257 268 279 294
27 241 244 245 249 251 256 257 258 259 261 266 267 268 272 273 275 276 279 281 283 287 290 294 295 303 306 308
21 240 242 244 249 251 260 265 268 269 271 280 281 289 290 291 300 304 305 306 308 313
14 242 251 254 265 270 272 278 281 283 284 297 298 303 310
16 241 242 246 252 253 266 274 276 285 289 302 303 304 305 307 311
12 245 251 255 259 267 269 277 280 288 294 312 313
11 260 261 265 280 281 284 287 289 293 301 309
13 243 244 247 261 263 280 281 282 292 300 301 305 307
21 241 251 257 258 259 266 267 268 273 275 279 281 283 287 288 295 303 306 308 312 313
9 244 247 262 263 274 287 292 312 313
16 241 248 251 252 255 258 259 267 269 272 274 283 287 306 309 313
12 250 256 258 260 269 270 271 281 288 293 300 307
31 241 242 243 248 250 259 260 261 263 267 271 275 276 277 278 279 285 286 287 288 289 292 294 297 298 302 304 308 309 311 313
14 240 241 245 257 260 273 282 284 286 293 298 308 309 310
17 241 244 245 251 256 257 261 266 273 276 279 287 288 303 306 312 313
13 249 251 257 258 259 273 286 289 292 298 300 301 309
9 246 247 259 275 288 289 304 306 311
16 246 249 250 252 259 264 275 276 288 291 299 300 301 304 306 309
18 240 245 248 253 272 274 275 277 279 283 286 290 291 293 294 297 306 307
30 241 243 246 247 248 249 250 252 254 258 260 261 262 264 273 275 276 277 279 282 283 284 294 296 297 300 302 306 307 312
11 241 244 249 261 262 263 271 287 305 306 308
10 245 266 269 277 284 288 292 294 303 305
15 241 243 246 253 254 265 278 280 283 293 303 306 311 312 313
11 244 247 257 259 275 282 283 284 289 304 306
17 246 247 256 260 262 263 266 270 273 278 282 288 290 294 306 309 311
30 240 243 246 250 252 255 256 258 259 260 264 266 268 275 276 277 280 285 286 288 289 290 296 299 300 301 304 307 309 311
21 247 249 256 260 269 271 272 275 276 277 284 288 291 292 295 298 299 304 310 311 312
6 245 279 289 294 302 305
10 251 252 255 266 269 270 272 280 282 290
12 240 251 255 258 266 269 270 273 282 290 296 299
17 244 245 246 253 260 264 265 267 272 278 285 288 289 296 306 311 313
25 242 243 250 251 257 258 259 265 271 279 282 284 286 288 290 291 294 295 299 301 304 307 309 312 313
6 245 279 289 294 302 305
11 250 256 258 260 267 269 281 283 293 300 307
10 244 246 247 257 288 289 292 304 306 311
36 240 241 243 246 248 255 256 257 258 264 265 267 271 272 273 276 278 279 281 282 284 285 286 290 291 292 293 294 297 298 299 301 303 305 309 312
27 240 241 243 245 246 248 253 254 258 263 264 266 268 269 271 274 277 278 283 287 289 293 294 295 302 306 308
28 242 243 244 245 246 249 254 255 256 261 266 268 273 275 276 277 278 279 282 285 286 296 304 307 308 309 312 313
22 240 248 254 259 260 261 265 267 270 272 276 280 284 285 287 292 294 295 299 302 305 309
27 240 241 242 244 247 249 252 253 256 259 260 267 268 272 273 275 277 278 280 281 283 287 291 297 302 307 310
36 240 241 247 248 249 252 253 254 255 257 259 261 263 264 267 268 269 271 272 277 278 280 283 284 286 288 290 296 297 300 302 303 305 306 310 312
24 241 245 249 250 252 253 254 256 258 259 260 261 268 270 272 278 280 285 286 288 296 299 307 310
29 240 242 243 246 250 251 254 259 260 264 265 266 267 269 272 274 276 277 280 289 292 297 298 303 305 306 307 311 313
41 241 242 243 246 248 249 257 258 259 261 264 265 266 269 270 271 272 273 274 275 276 277 279 283 284 285 287 290 291 292 293 294 295 296 297 298 301 303 309 311 313
36 240 243 245 246 247 250 252 254 255 257 260 262 263 264 267 268 270 271 272 282 283 286 288 289 291 293 294 295 297 300 304 307 308 310 312 313
35 242 243 245 247 251 252 253 254 256 257 259 261 263 264 272 273 275 276 278 279 281 290 291 293 295 296 301 302 303 304 307 309 310 312 313
36 240 241 243 244 245 247 249 250 251 253 254 255 256 257 261 263 264 265 266 267 270 272 274 275 277 278 281 292 295 299 300 302 303 304 310 311
25 242 243 244 245 247 253 256 257 258 263 267 270 273 274 278 279 281 283 287 295 299 301 303 306 311
47 241 243 245 246 247 249 251 252 253 255 256 258 259 262 263 264 265 266 267 269 272 273 275 277 278 280 281 284 286 288 289 292 293 294 295 296 297 298 299 300 307 308 309 310 311 312 313
43 240 241 242 244 245 246 247 248 249 253 254 255 256 257 262 265 267 268 273 275 276 277 278 279 280 281 282 283 285 287 288 289 290 291 294 297 299 303 304 305 309 310 313
48 242 243 244 247 249 250 251 253 254 255 256 257 259 261 262 265 266 267 268 269 271 273 276 277 278 279 280 281 282 283 285 286 287 291 292 293 294 295 299 300 301 302 303 305 306 307 311 312
36 246 247 252 253 254 261 264 269 270 271 272 274 276 278 279 280 281 283 285 286 289 290 292 293 294 295 296 298 300 302 303 305 306 311 312 313
40 240 242 244 247 248 250 251 255 257 258 259 263 264 265 268 269 270 271 272 274 278 282 284 285 286 290 291 293 294 295 296 298 301 303 304 306 307 309 310 313
26 246 249 250 251 256 258 259 261 265 274 276 277 280 282 283 285 289 291 292 293 294 295 299 300 302 309
33 241 243 244 247 248 250 255 256 262 268 271 272 275 276 277 279 281 282 283 284 287 288 289 290 291 292 294 296 304 306 307 309 312
29 243 244 245 247 251 252 253 254 257 259 261 267 271 274 275 278 282 287 288 290 292 298 300 303 305 307 309 310 311
46 240 244 246 247 249 250 255 258 260 261 262 263 265 266 267 269 270 272 274 275 276 277 279 280 282 283 285 286 287 288 290 291 292 294 296 298 299 300 301 304 305 306 307 308 309 313
33 243 245 250 251 252 261 265 266 267 268 269 270 271 274 275 278 279 281 284 286 288 292 294 298 300 301 303 307 308 309 310 312 313
35 241 245 246 248 251 253 256 258 259 260 262 263 266 269 271 277 281 282 284 286 287 289 290 291 292 293 295 296 297 298 299 303 304 311 313
42 240 243 244 247 253 254 255 258 259 260 264 267 268 270 271 272 273 274 275 276 280 282 285 286 288 289 291 295 296 298 299 300 303 304 305 306 307 308 309 310 311 313
50 240 241 242 244 245 247 248 249 250 251 252 253 259 260 261 262 263 264 265 267 271 272 275 276 277 280 281 285 286 287 288 289 290 291 292 293 294 295 296 297 298 301 302 304 305 309 310 311 312 313
46 240 241 242 244 245 246 249 251 252 253 254 255 257 259 260 261 262 268 271 272 273 274 275 276 277 278 279 281 282 286 287 289 290 292 295 296 297 298 301 302 305 306 307 310 312 313
25 242 247 249 250 254 255 256 266 273 274 275 277 278 280 281 282 283 285 295 296 298 300 306 311 313
30 241 243 245 249 251 252 253 255 259 260 261 264 268 269 276 277 279 282 283 284 291 293 296 298 300 301 304 307 308 311
40 240 241 242 243 244 245 248 249 250 251 252 253 256 257 259 265 266 267 272 273 278 281 282 283 284 287 288 289 292 293 296 297 298 300 304 305 306 309 311 312
26 241 242 249 252 253 254 255 259 263 265 266 268 275 276 277 281 282 286 294 296 299 300 301 302 306 310
40 241 243 247 248 250 252 253 256 257 258 259 264 267 270 274 278 279 281 283 284 285 290 292 293 294 296 297 298 299 300 301 302 304 305 306 307 308 310 311 312
45 240 243 248 249 250 252 253 254 255 256 257 258 259 260 261 263 265 266 267 268 269 270 273 277 279 280 281 282 283 286 287 288 292 293 294 296 299 301 304 305 306 310 311 312 313
41 241 243 244 246 249 250 251 253 254 256 257 258 261 262 263 265 268 270 271 272 274 276 279 280 281 282 284 285 287 288 289 292 293 294 297 300 304 306 307 308 310
39 241 242 243 244 246 247 249 250 252 253 254 257 258 259 265 268 270 271 273 275 276 278 279 282 285 286 291 293 294 295 296 297 301 302 303 305 307 308 312
25 240 243 244 245 246 247 248 252 258 260 265 266 267 277 284 288 289 292 293 294 300 301 303 308 312
41 245 246 247 248 250 253 255 257 259 264 265 266 268 270 271 272 273 274 275 276 279 280 281 282 283 289 290 291 292 293 296 297 299 301 304 305 306 307 308 311 313
31 241 245 249 255 256 257 258 262 264 265 274 275 276 277 278 279 280 282 284 287 292 293 294 296 300 304 306 307 308 310 313
32 241 242 245 246 247 252 254 257 259 262 263 266 269 272 275 276 278 279 281 283 284 286 287 291 292 293 294 297 298 300 304 305
36 246 247 249 251 254 255 257 258 261 263 268 269 271 272 274 276 278 281 284 285 288 289 291 295 296 298 299 300 303 304 305 306 309 310 311 313
48 240 245 248 251 255 256 257 260 261 262 265 266 267 269 270 271 272 273 274 275 276 277 278 280 281 283 284 285 287 289 290 291 293 294 295 296 297 298 299 300 302 303 306 307 308 309 311 312
26 242 243 244 246 249 252 253 258 260 265 267 268 269 274 277 279 281 283 284 293 297 299 302 303 308 312
44 243 244 246 247 248 250 251 254 257 258 261 263 265 266 267 268 269 271 272 274 275 276 277 280 281 282 283 284 288 289 290 293 294 298 300 301 303 304 306 307 309 310 311 312
45 240 241 242 243 244 246 247 248 249 250 251 254 256 257 258 262 264 269 270 271 272 274 275 278 279 281 283 285 287 288 289 290 291 295 296 297 301 305 306 307 308 309 310 311 313
24 243 244 245 254 255 257 258 262 266 267 268 269 275 276 278 282 284 285 287 289 297 301 302 313
44 242 243 244 248 249 250 251 252 253 254 256 257 259 260 264 266 268 269 270 271 272 275 280 282 283 285 286 287 289 292 293 294 296 297 298 299 302 303 307 309 310 311 312 313
24 240 241 244 252 253 254 262 263 265 274 277 280 282 284 291 292 295 296 298 302 306 307 310 313
42 241 245 246 249 252 254 255 256 257 258 260 261 262 263 264 266 268 272 276 278 281 282 283 284 287 291 294 295 296 297 298 299 300 303 304 305 306 307 308 309 310 311
45 242 243 244 245 246 247 248 249 250 251 254 255 260 261 263 266 267 268 269 270 272 273 275 276 278 280 281 282 283 284 286 287 289 291 293 294 296 298 299 300 302 303 305 311 312
50 240 241 243 244 245 246 247 248 249 253 254 256 258 259 261 263 264 266 267 268 269 271 273 274 275 276 278 279 281 284 285 287 288 289 290 291 292 293 294 295 297 299 301 302 304 308 310 311 312 313
39 241 243 244 245 247 248 249 250 254 258 260 262 265 270 271 272 274 277 279 280 284 285 288 289 290 292 293 294 295 297 298 300 302 304 306 309 310 312 313
38 242 244 246 248 255 256 257 258 260 261 263 270 271 273 274 276 279 282 284 285 286 287 288 289 290 291 292 293 294 295 299 302 304 305 306 308 312 313
23 242 252 255 257 259 268 270 272 276 283 287 289 291 293 295 299 301 303 306 308 310 311 312
33 240 241 243 245 251 252 256 259 263 264 267 269 270 271 272 273 274 277 278 281 284 286 288 290 291 294 295 298 304 305 306 307 310
22 241 246 249 250 252 254 255 256 258 261 268 270 277 286 290 292 294 295 299 301 304 306
30 240 242 243 245 250 251 253 254 258 259 264 266 267 268 271 273 276 279 280 283 292 294 297 302 306 307 309 311 312 313
25 243 248 249 252 255 256 257 260 265 269 273 277 282 284 285 286 288 292 293 295 298 300 301 304 311
26 240 243 248 250 260 261 262 264 265 270 272 274 276 277 278 280 281 297 300 301 303 304 305 306 307 312
50 241 244 245 246 247 248 249 250 251 253 254 255 257 259 260 261 263 264 265 267 268 269 270 271 272 275 276 277 279 280 281 283 285 287 288 289 290 293 294 298 300 301 302 305 307 308 309 310 312 313
27 240 241 249 251 253 254 257 262 267 268 270 272 274 277 278 281 283 284 286 288 289 291 294 299 303 308 313
27 247 249 250 251 252 253 260 261 262 268 270 272 274 278 279 281 285 286 287 288 292 295 296 298 300 305 312
35 240 241 249 252 254 256 257 258 259 260 261 262 263 264 265 266 269 271 274 279 283 284 286 287 290 291 296 297 298 299 301 304 309 311 313
25 242 243 249 251 253 254 257 263 265 267 268 271 273 276 277 278 284 285 286 289 292 298 300 305 313
44 240 241 242 243 244 245 246 247 250 252 253 254 260 261 264 265 266 268 271 273 274 275 276 277 278 279 280 283 285 287 289 291 293 296 297 298 299 300 302 303 307 308 310 312
41 242 244 245 246 247 249 251 252 253 254 255 259 260 261 262 263 264 265 266 270 271 273 274 276 279 284 287 288 292 297 299 302 304 305 306 307 308 310 311 312 313
26 241 242 245 254 257 260 261 266 267 270 271 275 279 280 281 283 284 285 287 288 295 297 303 304 312 313
23 245 248 249 250 254 256 257 262 276 279 282 284 285 286 294 296 299 300 302 303 306 307 309
29 245 246 247 251 252 255 258 260 263 267 268 270 271 273 274 277 279 282 284 285 290 296 300 302 303 304 306 307 309
36 240 241 243 245 246 247 253 255 261 263 265 266 270 272 273 276 279 280 281 283 285 286 288 289 290 291 292 293 295 296 297 301 302 303 306 307
33 241 242 244 248 249 250 251 253 255 256 260 261 265 266 267 268 270 271 272 274 277 278 279 282 286 287 290 292 295 298 299 305 313
46 240 241 242 244 245 248 252 256 257 259 260 261 262 263 265 267 269 271 272 274 275 276 278 279 280 282 283 285 286 288 289 290 291 294 295 296 298 300 302 304 305 306 309 310 311 312
35 240 242 243 246 247 250 251 252 254 256 257 258 261 265 269 270 276 278 279 281 283 284 292 293 294 296 297 301 302 303 305 306 308 309 313
36 242 243 244 245 246 247 249 258 259 260 261 263 264 265 267 268 276 278 280 281 282 283 284 285 286 287 289 290 292 293 296 301 302 303 305 309
34 240 244 246 247 248 250 252 253 254 255 257 260 261 264 265 266 268 274 286 287 291 292 294 295 296 298 303 304 305 306 308 309 310 311
29 242 244 251 252 255 260 262 264 265 266 268 271 273 276 278 279 281 286 287 289 291 294 297 301 303 307 308 309 313
26 242 243 246 247 258 259 260 261 263 267 274 275 276 281 282 285 289 294 297 298 299 300 301 302 308 312
45 241 243 244 246 247 248 251 254 255 257 260 261 264 265 267 268 269 270 271 273 274 275 278 279 281 282 283 284 288 290 291 293 294 295 297 299 300 301 304 306 307 308 309 312 313
42 240 241 242 244 245 247 249 251 252 254 255 257 260 261 263 265 266 267 268 269 270 271 272 273 274 276 277 279 280 287 291 294 296 298 301 302 305 306 308 310 311 312
35 240 241 242 243 244 247 249 250 256 262 263 265 266 268 269 271 275 276 277 279 280 282 285 286 289 290 293 295 296 297 298 305 307 310 311
37 240 243 244 246 252 254 256 257 258 259 262 263 264 265 266 267 268 269 272 273 274 275 276 280 281 282 284 285 290 291 295 296 299 302 304 307 311
24 241 245 246 248 249 253 257 258 259 263 264 274 278 285 286 287 288 298 299 301 302 305 308 311
30 240 243 246 248 249 251 254 255 258 264 265 266 270 271 277 280 282 291 293 295 297 300 302 305 306 308 309 310 311 312
47 242 243 244 245 247 248 249 250 252 253 255 256 259 261 263 264 265 266 267 270 271 273 275 277 278 282 283 284 286 287 289 290 291 292 293 294 295 296 297 299 301 302 305 306 308 310 312
24 241 246 248 249 250 255 259 261 268 271 275 278 279 284 285 287 291 294 295 302 305 307 308 313
30 240 241 245 246 250 252 254 255 256 257 262 263 264 269 271 273 274 279 280 288 289 291 292 293 297 298 305 306 307 311
28 242 243 248 252 256 258 259 260 265 269 270 271 274 275 278 279 281 282 283 289 290 293 294 299 303 304 307 311
29 243 245 249 254 256 260 262 263 265 266 267 268 270 273 274 275 276 277 278 281 282 284 290 292 298 302 303 306 307
30 242 243 254 256 258 262 263 264 268 271 272 274 275 280 281 285 286 290 291 294 295 300 302 304 306 307 309 311 312 313
35 242 243 250 252 253 257 258 259 261 264 268 269 271 272 273 276 281 282 286 288 289 290 293 294 295 297 301 303 304 305 306 307 309 310 312
50 243 245 246 248 250 251 252 253 255 256 257 258 259 260 261 263 264 265 267 268 269 270 271 272 273 275 276 277 278 279 280 282 283 285 287 288 289 291 292 297 298 300 301 302 303 304 306 307 308 312
51 241 242 243 244 245 247 248 249 250 251 252 253 254 255 256 258 260 262 263 264 265 267 269 272 273 276 277 278 281 283 284 287 289 290 291 292 293 295 296 297 299 300 301 302 304 305 307 308 311 312 313
37 240 242 243 244 248 249 251 254 255 256 258 260 265 272 275 276 277 278 280 281 283 286 287 289 290 291 292 294 295 296 297 299 302 303 306 308 309
42 240 242 243 244 247 254 256 257 259 261 263 264 267 268 269 270 273 274 275 276 280 281 282 285 287 289 290 291 292 293 294 296 297 299 300 301 303 304 308 310 311 313
35 249 250 251 252 254 255 256 259 264 265 266 267 270 274 275 278 280 281 282 286 289 291 292 293 294 295 297 300 301 302 303 304 310 311 313
39 240 241 243 244 245 250 253 255 256 260 264 265 266 267 269 270 272 274 275 279 280 284 286 289 290 291 295 296 297 298 300 303 304 305 306 307 308 311 312
39 240 242 243 244 245 247 248 252 259 260 261 264 265 272 275 276 278 279 281 285 286 287 290 291 294 296 297 300 302 303 304 305 307 308 309 310 311 312 313
39 240 241 243 244 247 251 253 254 255 256 257 258 261 265 266 268 270 271 273 276 277 278 280 281 282 285 286 287 288 296 297 298 299 300 302 303 304 310 312
45 242 243 245 246 248 249 250 251 253 257 260 262 263 265 266 267 268 269 270 272 273 279 280 281 282 284 287 289 290 291 292 293 294 296 298 299 300 301 302 303 306 308 309 312 313
51 240 241 242 243 244 245 246 247 248 250 251 252 253 255 258 259 260 262 263 264 267 268 270 273 274 277 278 279 280 281 282 283 284 285 289 292 293 296 297 298 300 301 302 303 304 305 306 307 308 309 310
45 240 241 242 244 246 247 248 251 252 253 254 256 259 261 262 263 264 267 268 271 272 273 278 279 281 282 283 284 285 286 287 288 289 290 291 292 295 296 299 300 301 302 303 307 312
37 240 241 243 245 247 248 249 250 253 254 256 258 259 260 261 263 264 266 267 269 272 275 276 280 282 284 287 288 295 296 299 300 302 303 307 310 312
31 243 250 252 255 256 257 259 261 262 263 265 267 271 272 273 274 275 276 279 282 285 289 295 296 297 300 303 304 305 309 313
29 244 249 250 251 253 256 259 261 262 263 265 266 267 269 272 278 280 281 284 285 290 292 293 294 297 298 300 304 307
34 241 242 245 246 248 257 258 260 263 264 267 270 271 274 276 279 284 285 287 288 290 292 293 294 296 297 298 300 301 303 306 309 311 312
28 245 246 247 249 251 256 258 260 266 270 271 273 276 278 281 282 283 284 286 287 292 296 299 301 303 307 309 313
23 240 245 248 249 256 258 264 267 268 272 275 276 281 283 284 286 287 292 294 302 304 306 310
30 242 246 254 256 259 260 262 263 264 272 274 275 276 277 282 286 287 288 289 291 294 295 296 298 299 302 303 304 306 313
34 240 241 247 253 254 259 260 262 267 269 270 271 272 273 274 275 276 278 279 282 283 285 288 289 290 297 298 299 300 304 308 310 312 313
27 246 250 256 258 259 260 261 265 268 269 270 271 275 276 279 286 288 291 293 294 295 298 302 304 308 312 313
43 241 243 244 248 252 255 256 258 259 260 261 263 264 265 267 269 270 272 273 275 277 278 280 281 283 284 286 287 288 290 291 292 293 294 295 297 298 302 303 306 310 311 313
23 242 243 251 252 260 261 264 266 277 279 280 281 282 284 285 288 291 294 295 297 300 303 304
45 240 242 245 247 248 249 254 256 257 258 259 260 261 262 263 264 265 266 267 271 272 273 274 275 276 277 282 283 284 285 286 288 290 292 293 297 300 301 302 303 307 308 309 310 311
23 243 244 255 256 258 267 268 272 274 277 279 280 283 284 285 290 291 293 295 297 299 300 305
43 240 241 242 243 245 246 249 250 253 254 256 258 260 262 264 265 266 269 270 271 273 274 275 276 279 280 281 283 290 291 294 295 296 297 299 300 301 303 304 307 310 311 313
25 243 244 253 255 259 263 264 265 267 269 271 274 276 279 280 286 287 292 293 303 306 307 309 310 313
37 244 245 247 254 256 257 258 259 261 263 265 271 275 276 277 278 280 283 285 287 289 290 292 293 294 299 300 301 303 305 307 308 309 310 311 312 313
49 240 243 248 249 250 251 252 256 257 258 260 261 262 263 264 267 268 270 271 273 275 276 277 279 280 281 282 283 284 286 287 291 292 293 297 298 299 300 301 302 303 304 305 306 308 309 310 312 313
24 241 242 243 244 246 249 250 253 265 270 271 274 275 277 280 283 288 291 297 298 303 307 309 312
37 240 241 243 244 250 251 253 254 255 264 265 266 270 271 274 275 276 281 282 283 284 285 286 287 288 289 290 292 293 295 299 302 304 306 309 310 311
33 240 242 243 245 247 250 251 255 258 259 261 262 263 272 274 276 277 278 280 281 283 284 285 287 288 289 290 295 296 300 301 311 313
45 240 242 243 245 246 249 250 251 252 253 254 257 259 260 262 263 265 266 268 273 275 276 277 279 280 281 284 286 287 290 291 292 294 295 298 299 301 302 303 304 306 309 310 311 312
50 241 242 243 244 245 246 247 248 249 251 253 254 256 257 258 259 260 261 264 265 267 268 269 271 272 274 277 278 279 281 282 284 285 286 287 288 290 292 293 296 297 298 301 303 304 306 310 311 312 313
46 240 241 243 244 245 246 248 249 250 252 255 256 259 261 262 263 267 268 269 271 273 274 275 276 277 279 281 283 286 287 288 289 290 291 292 293 294 299 300 302 304 307 308 309 311 312
34 243 244 245 246 251 252 254 258 259 260 261 263 265 268 269 274 276 279 281 282 283 285 286 288 289 291 292 294 295 300 304 307 309 310
47 242 243 244 246 247 248 249 251 253 257 258 259 260 262 263 266 267 268 270 273 274 275 281 282 283 287 288 289 290 291 292 293 294 295 296 297 298 300 301 302 304 306 307 309 310 312 313
45 240 241 242 244 246 248 249 251 252 253 254 256 257 258 259 260 261 262 263 265 266 267 269 270 271 275 277 278 279 281 284 286 287 288 289 290 291 292 295 299 305 307 309 310 313
42 240 241 242 243 244 245 246 249 250 251 254 255 257 258 259 260 264 265 266 267 276 277 278 279 281 282 283 284 285 286 287 289 292 297 298 299 301 304 307 308 309 313
40 240 242 244 245 248 249 250 253 255 257 258 260 261 263 264 272 273 275 277 278 280 281 282 286 287 288 290 292 293 298 301 302 303 304 306 308 309 310 311 313
38 240 241 247 254 255 259 260 261 262 263 266 267 268 271 273 277 280 282 283 285 287 288 289 293 294 295 296 298 301 302 303 304 305 306 307 310 312 313
45 245 246 249 251 254 256 257 258 261 262 263 264 267 268 270 271 272 275 276 277 278 280 281 282 283 284 285 286 287 288 290 291 293 295 296 297 298 301 303 304 307 308 309 311 313
31 241 243 249 251 254 258 259 261 265 269 271 275 276 277 280 281 284 285 287 288 289 291 292 295 297 298 307 308 309 310 311
38 240 241 242 244 246 249 250 251 253 255 256 258 259 263 267 268 271 274 275 276 277 278 280 285 286 289 290 291 292 295 296 297 298 305 308 309 310 313
26 240 241 244 250 254 255 256 257 258 260 271 277 279 282 283 285 287 289 290 291 292 300 303 306 308 312
39 240 241 242 245 247 248 256 261 263 265 266 269 270 271 272 274 276 277 278 279 280 281 282 284 287 288 289 293 294 295 297 299 300 301 302 303 306 307 308
27 244 246 251 254 258 260 268 269 270 273 276 277 281 282 286 289 290 294 299 300 301 302 308 309 311 312 313
33 240 243 247 250 254 255 257 258 260 263 267 273 274 275 277 278 280 281 282 286 289 291 293 294 295 296 298 303 304 305 308 311 313
40 240 241 243 244 246 249 250 251 253 258 259 261 264 265 268 270 271 272 273 276 277 278 279 280 281 286 288 290 292 294 300 301 302 307 308 309 310 311 312 313
37 240 242 244 247 248 249 250 251 256 257 259 260 263 265 268 270 271 273 275 276 280 281 285 286 287 288 289 294 297 298 299 301 302 308 309 310 311
23 242 243 245 250 255 257 261 267 271 274 278 279 282 284 286 289 291 293 300 302 303 305 309
49 241 243 244 245 246 247 249 250 251 252 254 255 256 258 259 260 261 262 264 266 268 270 271 273 274 276 277 279 281 290 291 292 293 294 295 296 297 298 299 301 302 304 305 306 307 308 309 311 313
30 240 241 243 244 245 249 250 251 253 257 261 263 268 272 277 278 284 285 287 289 291 293 297 299 302 304 306 307 308 312
45 240 241 242 243 247 248 249 250 251 252 253 255 258 259 261 266 268 269 270 271 272 274 275 276 278 279 280 281 282 283 284 285 286 287 288 290 293 295 299 300 301 307 309 312 313
50 240 241 242 243 245 246 248 249 250 251 252 253 254 255 257 258 259 260 262 265 267 268 270 271 273 275 276 277 279 281 283 284 286 288 289 291 292 293 296 297 298 301 305 307 308 309 310 311 312 313
34 243 244 245 246 247 249 250 251 255 257 259 261 262 263 265 267 273 275 277 278 280 282 284 287 289 295 297 301 305 306 309 310 311 312
23 245 252 253 255 266 270 271 275 278 279 284 285 286 287 288 291 293 294 297 300 303 306 312
28 240 245 250 254 255 256 258 259 264 266 268 275 277 278 280 284 286 290 292 295 299 300 301 302 307 308 311 313
32 242 245 247 248 249 252 254 255 257 259 260 261 266 269 273 277 278 280 284 287 292 294 297 298 299 300 301 305 306 308 311 312
29 240 242 244 245 248 249 252 256 261 262 266 270 272 275 276 279 281 288 290 292 293 294 299 300 304 307 310 312 313
49 241 242 243 244 246 247 248 249 250 255 258 260 262 263 265 266 267 268 270 271 272 274 275 276 277 278 279 280 281 282 283 285 286 288 289 290 292 293 295 297 298 299 300 302 305 307 311 312 313
42 243 244 245 249 251 253 254 256 257 258 260 261 262 263 266 267 268 269 270 271 273 274 275 277 278 279 283 284 286 287 288 292 294 296 297 299 300 301 303 304 311 313
44 240 241 243 245 247 250 254 256 257 258 259 264 265 266 267 269 272 274 275 276 278 280 281 285 287 288 289 290 291 292 295 296 297 298 299 300 302 303 307 308 309 310 311 312
29 243 244 250 251 252 256 257 259 261 262 263 270 271 272 276 279 281 282 283 287 289 293 299 303 307 310 311 312 313
47 240 241 243 246 247 248 249 250 252 253 256 257 258 259 261 262 263 264 267 268 270 273 277 279 280 282 283 284 285 287 288 289 290 291 294 295 296 297 299 300 301 305 308 309 310 312 313
38 241 242 243 244 245 246 248 250 251 253 254 256 259 261 263 264 265 269 271 273 278 280 282 284 285 286 292 293 297 298 300 301 303 304 305 308 309 312
33 240 241 244 245 246 249 255 256 259 261 262 264 265 266 267 274 277 279 281 283 284 286 287 291 295 296 297 299 300 304 305 307 310
45 240 242 243 244 246 247 248 249 250 251 252 254 260 265 266 267 270 271 272 273 274 277 278 280 282 286 287 288 289 290 291 292 295 297 299 300 302 303 305 307 309 310 311 312 313
23 242 249 250 251 253 255 257 264 265 266 269 272 275 282 286 288 291 301 305 310 311 312 313
48 240 241 242 243 244 246 247 248 249 250 252 253 254 255 256 257 258 259 261 266 268 269 272 273 274 276 278 280 282 283 286 288 289 291 292 293 294 295 296 297 298 300 301 302 305 308 311 312
43 244 245 246 247 250 251 253 254 256 257 258 259 262 263 264 265 266 269 273 275 279 280 284 286 289 290 291 292 293 294 295 296 297 300 301 303 304 306 308 309 310 311 313
43 240 242 243 244 245 247 248 249 254 257 259 260 261 262 263 265 266 267 269 270 271 272 273 274 276 278 279 280 281 282 283 284 288 289 291 292 296 297 306 309 310 311 312
34 241 242 247 248 249 250 251 254 256 258 260 262 264 269 270 271 272 274 277 283 289 291 292 293 295 296 297 298 300 302 303 304 305 308
31 242 246 247 249 253 254 256 257 264 265 266 267 271 272 274 275 277 279 280 281 287 292 293 294 300 303 304 305 306 307 309
31 240 242 243 245 247 248 249 252 259 261 262 266 267 268 269 270 271 273 275 276 279 282 285 286 289 290 297 307 311 312 313
29 241 247 248 249 250 251 252 253 254 256 257 260 276 282 283 284 290 291 292 293 294 295 298 300 303 304 305 308 313
29 240 244 245 246 248 249 250 252 253 256 257 258 262 270 271 273 274 275 278 279 281 290 291 293 294 300 302 304 309
51 241 243 245 246 248 249 250 251 252 253 254 255 256 257 259 260 261 262 263 264 265 267 268 269 275 277 278 280 281 282 283 284 285 287 288 289 290 291 292 294 295 297 299 300 301 304 305 306 308 310 311
16 317 322 331 334 343 344 346 348 351 354 357 358 359 370 371 374
4 319 328 342 368
18 317 320 326 328 332 337 338 341 342 346 348 351 353 355 359 365 367 369
22 315 319 323 324 327 328 330 332 334 336 339 341 343 345 348 350 359 360 361 365 366 375
14 314 317 319 326 331 333 342 352 357 360 362 364 367 370
14 321 325 334 336 341 346 348 354 360 361 371 372 374 375
9 326 331 335 338 343 353 355 359 365
17 314 316 319 325 328 331 334 345 355 359 361 363 367 368 370 373 375
18 324 325 332 335 336 343 347 349 353 362 363 364 365 366 367 368 369 372
10 332 334 335 344 350 353 359 368 370 374
17 316 321 325 329 332 344 346 350 353 354 355 358 359 368 371 372 373
46 314 316 318 319 320 321 322 323 324 325 328 329 332 334 335 336 337 340 341 342 344 345 346 347 348 349 350 351 353 354 356 358 359 360 361 362 363 364 366 367 368 371 372 373 374 375
15 320 322 325 326 331 335 350 354 355 359 361 362 364 369 372
11 314 321 323 329 330 337 340 341 345 351 374
20 320 322 328 330 334 335 336 337 339 341 343 345 347 356 361 363 365 366 369 374
24 317 318 321 324 326 327 335 338 339 340 342 343 344 346 349 350 351 352 356 358 360 366 372 374
16 315 317 326 327 330 331 333 338 339 343 352 355 357 365 369 370
28 314 315 316 317 318 320 322 323 326 328 330 333 334 337 341 344 345 346 351 352 354 355 357 360 361 370 373 375
17 314 318 323 325 327 330 332 334 336 337 339 340 346 362 372 373 374
22 318 319 324 327 328 332 333 334 338 343 344 347 353 356 360 365 367 368 370 371 373 375
20 321 322 327 330 334 337 339 343 346 348 350 351 353 354 360 364 366 367 373 374
41 314 315 317 318 319 321 322 323 324 326 327 329 331 332 333 339 341 342 343 344 345 347 350 351 352 353 354 355 358 359 360 361 362 365 367 368 369 370 371 372 373
20 314 315 317 318 319 323 330 336 339 341 343 350 353 357 362 365 366 367 370 372
23 314 316 319 326 328 329 331 332 333 338 341 345 350 351 352 357 358 365 367 368 369 370 372
21 314 320 321 326 327 333 336 337 340 341 344 347 356 360 361 362 364 366 367 370 373
21 319 322 323 334 338 339 340 341 345 349 353 356 359 362 366 367 368 370 373 374 375
10 315 325 327 328 332 333 342 343 346 355
21 316 320 327 330 331 334 336 337 340 341 343 345 350 354 356 359 361 362 363 367 370
11 318 321 336 340 343 347 348 359 361 366 373
24 316 317 321 322 323 326 331 333 336 338 340 341 343 346 349 351 357 358 360 362 363 366 369 371
28 314 315 318 319 320 324 325 327 328 329 330 337 339 342 345 347 348 352 354 355 356 361 364 365 367 372 373 375
16 319 321 327 329 331 338 339 340 342 348 350 356 358 359 371 374
47 314 315 317 318 320 321 322 323 324 325 326 327 329 331 332 333 334 337 339 340 341 342 343 345 346 347 348 349 350 351 354 355 357 359 360 361 362 363 364 365 367 369 370 371 372 374 375
38 314 316 320 321 322 323 324 326 328 329 330 332 333 334 335 338 339 341 343 345 347 349 350 351 356 357 358 359 360 362 365 366 367 370 372 373 374 375
20 322 323 325 326 329 331 332 338 341 343 350 351 352 356 363 365 369 370 371 372
23 314 315 317 322 324 325 327 333 334 335 336 337 340 342 346 348 350 352 356 359 363 369 375
18 314 317 318 321 324 338 339 344 348 351 353 357 358 365 366 369 373 375
46 314 315 316 318 319 320 321 323 324 325 326 327 328 329 330 332 333 335 336 337 338 339 340 341 342 345 347 349 350 352 353 355 356 360 361 362 363 364 365 366 367 368 369 372 373 375
19 319 320 324 328 333 334 335 336 339 342 347 358 359 361 364 366 367 368 375
9 314 315 329 330 343 352 354 363 371
19 319 321 322 327 334 335 336 339 345 347 350 357 358 360 362 366 368 373 374
32 316 317 318 321 323 324 327 328 331 333 334 336 338 339 340 341 345 350 352 353 354 356 357 359 360 363 365 367 369 370 371 374
30 320 322 324 325 326 327 329 332 333 334 338 340 342 344 345 346 347 348 349 351 356 358 360 361 363 364 368 369 373 374
30 314 315 319 320 322 325 326 329 330 332 335 337 342 343 344 346 347 348 349 351 355 358 361 362 364 366 368 372 373 375
33 317 318 319 323 324 326 327 330 332 333 336 339 340 341 342 343 345 348 350 351 353 354 357 358 359 366 367 369 370 371 372 373 375
17 324 326 329 330 331 335 336 348 350 351 352 354 358 360 365 369 371
12 316 321 328 331 335 337 352 354 355 359 371 375
14 316 318 320 322 324 327 328 337 342 351 362 363 367 370
11 314 320 334 338 344 346 347 349 355 360 361
11 315 322 323 334 335 348 350 354 358 365 369
25 314 315 317 319 323 329 330 332 333 339 340 344 345 347 349 350 352 356 357 358 364 366 368 369 373
13 315 316 321 322 325 328 331 337 352 356 362 364 368
14 315 316 317 336 339 342 346 348 349 352 357 358 363 366
30 316 317 318 319 324 325 328 329 330 331 332 338 339 342 343 345 346 349 351 352 353 355 357 359 363 368 371 372 374 375
12 314 315 316 317 318 327 344 346 349 353 357 360
16 316 318 323 324 325 331 333 340 344 349 356 361 364 370 372 375
34 314 316 317 320 326 328 329 330 333 334 336 337 339 340 341 343 348 351 353 354 355 356 359 360 361 362 363 364 367 369 371 373 374 375
45 315 316 317 319 320 321 322 324 326 328 329 331 333 335 338 341 342 343 344 345 347 348 349 350 351 352 353 354 355 356 357 358 359 360 361 363 364 365 366 367 368 369 370 371 375
28 315 318 319 321 322 323 324 325 327 331 332 335 338 342 344 345 346 347 349 350 352 357 358 365 366 368 370 372
27 316 317 318 321 322 326 329 335 337 338 347 349 351 352 355 356 357 358 362 363 364 367 368 369 370 371 372
24 315 317 318 319 325 327 331 336 337 340 342 344 346 348 352 353 354 355 361 363 364 368 369 371
21 315 320 322 323 329 330 332 333 336 337 341 347 348 353 354 357 362 364 365 369 371
28 315 317 320 322 323 324 325 327 330 334 335 337 339 342 344 346 349 353 354 355 356 360 362 363 364 371 374 375
42 314 315 316 317 318 319 320 323 324 325 326 328 329 331 332 333 335 336 338 340 341 342 344 345 347 349 352 355 356 357 358 359 361 362 363 365 368 369 370 371 372 375
11 321 330 337 340 345 348 354 355 362 373 374
11 315 318 323 324 327 338 340 348 349 351 375
21 316 320 325 328 330 334 335 336 337 338 340 346 348 349 356 357 363 364 366 374 375
13 314 320 325 331 333 340 342 344 346 353 354 373 374
39 316 318 319 320 321 323 326 328 329 330 331 332 338 339 341 343 344 345 347 349 351 353 354 355 357 358 360 361 362 364 365 366 367 368 370 371 372 373 374
14 314 316 317 318 320 321 337 344 347 357 361 363 364 372
19 315 322 323 325 326 329 332 333 335 346 347 349 352 355 360 364 371 372 374
5 329 335 363 365 374
15 316 319 328 330 335 336 338 344 352 353 356 358 366 368 373
18 317 318 321 324 326 335 340 343 344 349 350 351 352 356 358 360 366 374
15 314 315 316 318 322 326 328 337 341 345 351 354 357 360 370
9 314 316 319 328 331 355 361 363 370
12 321 322 334 335 339 345 347 358 362 366 368 374
17 314 320 321 327 333 336 340 341 344 347 360 361 362 364 367 370 373
7 332 334 350 353 359 370 374
22 320 322 324 325 326 327 333 334 338 342 344 345 346 348 356 358 360 361 363 364 368 374
7 315 325 328 332 342 343 355
22 316 317 318 319 324 325 328 329 330 338 342 343 345 346 349 351 353 363 368 371 372 374
13 314 317 323 330 339 341 350 353 357 362 365 366 367
13 314 317 323 330 332 333 339 340 345 347 350 356 366
8 316 319 335 336 344 358 366 368
13 314 318 321 324 338 339 351 353 357 358 365 366 369
13 322 328 330 334 335 337 341 347 356 361 363 365 366
11 322 332 335 346 347 352 355 360 364 372 374
18 315 317 320 322 323 325 327 334 346 349 353 355 356 360 362 363 371 374
18 316 317 322 326 335 337 338 347 349 352 357 358 362 363 364 367 368 369
16 320 324 328 333 335 336 339 342 347 358 361 364 366 367 368 375
8 316 321 329 332 350 353 354 373
21 317 318 321 322 326 337 338 347 349 355 356 357 358 362 363 364 367 368 370 371 372
15 321 322 326 329 337 338 352 356 362 364 367 368 369 370 372
16 320 321 326 327 333 336 337 340 341 344 347 356 360 362 364 367
8 315 316 317 327 344 349 353 360
6 316 321 335 354 355 375
11 319 321 322 327 334 339 345 347 350 358 362
13 319 327 329 331 339 340 342 348 350 356 359 371 374
9 321 329 332 346 350 354 358 359 368
9 318 321 336 340 343 347 348 359 361
6 316 321 328 337 352 355
19 318 321 322 329 337 347 349 351 355 356 357 358 362 363 364 367 369 371 372
25 317 318 319 323 326 327 330 332 333 336 339 342 343 345 348 350 351 353 354 358 359 369 372 373 375
11 315 317 336 342 346 348 349 352 357 363 366
19 316 319 326 328 329 331 332 333 338 341 345 350 351 352 357 358 369 370 372
18 317 321 322 323 326 331 333 340 341 343 349 351 357 360 362 363 369 371
8 314 334 344 346 347 349 360 361
11 316 323 331 344 349 356 361 364 370 372 375
13 314 319 328 329 331 341 352 357 358 365 367 368 372
34 314 315 316 319 320 321 323 324 325 327 328 329 330 332 333 335 336 337 338 339 340 347 350 352 353 361 364 365 366 367 368 372 373 375
13 316 328 330 335 336 338 352 353 356 358 366 368 373
20 316 320 328 329 330 334 336 337 339 340 341 353 354 359 363 364 367 369 371 373
9 314 321 323 329 337 340 341 345 351
10 316 325 350 353 354 355 358 368 371 372
10 334 335 336 341 343 347 356 361 366 369
14 314 323 325 327 330 332 334 336 337 340 346 362 372 373
7 322 325 326 331 354 355 372
18 316 320 327 331 334 336 340 341 343 345 350 354 356 359 361 362 363 370
30 314 317 319 323 324 326 329 331 339 341 342 344 345 347 350 352 353 354 358 359 360 361 362 365 367 368 369 370 371 372
7 315 323 324 327 338 351 375
19 319 325 327 331 336 337 340 342 344 346 348 352 354 355 361 363 364 369 371
9 314 320 334 338 344 347 349 360 361
11 322 325 326 331 335 354 355 359 361 369 372
27 317 318 319 323 324 326 327 332 333 336 339 341 342 343 345 350 351 353 357 358 359 366 367 369 371 372 375
11 324 332 336 343 353 362 363 364 366 368 372
13 317 320 326 328 332 337 338 341 342 351 353 359 365
24 316 317 318 321 323 324 331 333 334 336 339 340 341 345 352 356 357 359 360 363 365 370 371 374
19 315 318 319 321 323 325 327 331 332 335 338 344 347 349 352 365 366 368 370
15 318 324 335 340 342 343 344 346 350 351 356 358 360 372 374
28 314 315 320 321 322 323 324 325 327 332 333 334 337 339 340 343 347 348 350 351 357 363 364 365 369 370 372 374
9 314 315 316 317 318 344 346 349 353
16 315 322 324 325 333 334 335 336 340 346 348 350 359 363 369 375
6 334 335 344 359 368 370
9 315 321 325 337 352 356 362 364 368
3 363 365 374
35 314 318 319 320 322 323 324 325 328 329 332 334 335 337 340 341 342 344 345 347 348 350 351 353 356 359 361 363 364 368 371 372 373 374 375
24 320 321 324 329 342 343 344 348 349 350 351 352 353 354 356 358 359 361 363 364 366 367 368 375
9 314 316 317 318 327 346 349 353 357
11 316 319 325 328 331 334 355 361 370 373 375
13 315 320 329 330 332 333 336 337 341 347 348 353 357
18 314 316 319 326 329 331 333 338 345 350 351 352 357 367 368 369 370 372
2 319 368
21 314 316 317 320 322 323 326 328 330 333 334 341 344 345 346 355 357 360 370 373 375
9 316 321 322 325 331 337 352 362 364
10 315 325 328 331 337 352 356 362 364 368
7 315 317 336 348 349 357 366
13 317 326 327 331 333 338 339 343 352 357 365 369 370
15 319 324 328 333 334 335 336 339 342 347 358 361 366 367 375
22 317 318 319 324 325 328 329 332 338 339 342 343 345 346 349 351 355 357 359 368 372 375
38 314 316 318 319 320 321 323 324 328 334 335 336 337 341 342 344 345 346 347 348 349 350 351 353 354 356 359 360 361 362 363 364 366 368 371 372 373 374
11 314 320 333 340 342 344 346 353 354 373 374
6 314 316 317 318 344 360
6 314 325 331 333 346 374
8 315 316 321 322 325 328 337 368
15 316 321 325 329 332 344 346 350 353 354 355 358 359 372 373
12 320 322 334 335 336 339 341 343 345 363 366 369
12 322 323 326 331 338 340 341 349 351 358 362 371
10 331 338 343 350 351 352 356 369 371 372
13 318 319 324 327 334 344 347 360 365 368 370 371 375
10 330 331 336 348 350 351 352 354 369 371
17 314 315 322 324 333 334 335 336 337 340 342 346 350 359 363 369 375
5 332 334 335 368 374
9 320 334 338 346 347 349 355 360 361
19 315 318 319 321 322 327 332 335 338 342 346 347 352 357 358 365 366 370 372
15 314 319 320 328 329 337 339 347 354 355 356 361 364 372 375
2 319 342
8 318 340 343 347 348 359 366 373
6 331 335 343 353 355 365
10 315 322 323 326 333 346 355 360 364 374
13 324 332 333 334 343 344 347 353 356 360 365 370 371
16 316 320 325 335 336 337 340 346 348 349 356 363 364 366 374 375
16 324 325 332 336 343 349 353 362 363 364 365 366 367 368 369 372
9 314 323 325 332 334 340 362 372 374
16 315 319 323 330 332 333 339 344 345 349 350 352 356 357 358 369
15 315 325 327 336 337 342 344 348 352 354 355 361 368 369 371
12 321 322 330 339 348 351 353 354 364 366 367 374
16 315 320 322 323 329 330 333 336 337 353 354 357 362 364 365 371
19 320 321 322 329 330 332 335 339 341 345 349 351 357 358 359 365 367 373 375
21 315 317 318 325 331 336 337 340 342 344 348 352 353 354 355 361 363 364 368 369 371
8 314 334 338 344 346 347 349 355
26 314 315 317 319 321 323 327 332 339 341 342 344 345 347 351 352 353 354 355 358 359 361 367 368 372 373
12 316 319 328 330 335 336 344 352 356 358 366 373
24 316 317 318 325 328 329 330 331 338 339 342 343 345 346 349 351 352 355 357 359 363 368 374 375
14 314 317 318 321 324 339 351 353 357 365 366 369 373 375
9 316 324 325 331 333 340 349 370 372
3 363 365 374
16 316 320 325 330 334 335 338 340 346 349 356 363 364 366 374 375
12 319 321 327 329 331 339 340 356 358 359 371 374
12 315 316 317 336 339 348 349 352 357 358 363 366
16 321 326 327 333 336 337 340 341 344 347 356 364 366 367 370 373
11 319 327 334 335 339 345 347 350 357 360 362
11 315 317 326 327 331 333 338 339 343 357 370
15 315 317 319 325 331 336 340 342 344 346 352 354 355 361 364
10 320 323 330 333 336 341 353 362 369 371
9 314 320 325 331 333 340 342 354 373
5 330 345 348 354 355
14 318 321 327 335 339 342 344 346 350 358 360 366 372 374
23 320 322 327 329 333 340 342 344 345 346 347 348 349 351 356 358 360 363 364 368 369 373 374
2 319 342
18 320 321 326 327 333 336 337 340 344 356 360 361 362 364 366 367 370 373
17 317 321 327 335 338 339 340 343 346 349 350 351 352 358 360 372 374
15 315 319 325 331 336 337 344 348 352 353 354 355 363 369 371
7 314 315 329 330 354 363 371
9 314 321 324 338 351 358 365 369 373
6 321 330 337 340 354 355
35 314 319 320 321 322 324 325 328 329 332 334 335 337 340 341 342 344 346 347 348 349 350 351 353 354 358 359 360 361 362 364 367 371 373 374
30 314 318 320 321 325 329 332 334 335 337 340 341 342 344 345 347 350 353 354 356 358 359 360 361 363 367 372 373 374 375
5 331 335 353 355 365
8 314 319 325 334 345 363 367 368
13 324 325 332 335 336 343 353 362 363 364 366 368 369
12 316 318 324 325 331 333 340 356 361 370 372 375
7 318 321 336 348 359 366 373
30 314 316 318 319 322 323 332 334 335 337 340 341 342 344 345 348 350 351 354 356 359 360 362 363 364 366 367 368 371 374
13 314 316 319 328 331 334 345 359 361 363 367 368 373
24 314 318 319 321 323 325 332 333 337 339 340 341 345 349 352 355 360 362 365 367 368 369 372 373
12 314 316 317 318 321 337 344 357 361 363 364 372
15 319 322 323 338 339 341 345 349 353 356 366 370 373 374 375
8 328 338 344 352 356 358 366 368
10 314 317 318 321 338 339 344 357 358 375
2 329 365
28 315 317 320 321 326 328 331 333 335 338 341 342 344 348 351 354 356 357 359 360 361 364 366 367 369 370 371 375
7 328 331 337 352 354 371 375
8 314 323 325 340 346 372 373 374
9 317 336 339 342 346 349 358 363 366
27 314 316 317 320 326 328 329 330 333 336 337 340 341 348 351 353 354 355 360 361 362 363 364 367 371 373 374
27 317 318 321 324 327 328 333 334 336 338 339 341 345 352 353 354 356 357 359 360 363 365 367 369 370 371 374
23 316 317 318 321 322 326 329 335 337 338 347 349 351 355 356 357 358 363 367 368 369 370 372
8 314 317 319 326 342 352 364 370
14 319 322 334 339 340 345 349 353 362 366 367 368 370 373
14 318 319 321 322 338 344 345 346 349 350 358 366 368 372
16 316 317 323 326 331 336 338 340 341 343 346 349 357 360 363 369
23 314 315 321 324 326 333 339 343 344 345 347 351 352 359 360 362 365 368 369 370 371 372 373
10 325 336 346 348 360 361 371 372 374 375
16 322 323 325 326 329 331 332 338 341 350 351 352 365 370 371 372
18 320 322 325 326 332 333 334 338 340 345 349 351 358 363 368 369 373 374
30 316 317 319 320 321 322 324 328 333 335 338 343 344 345 348 349 350 351 352 354 355 356 357 361 363 367 368 369 370 371
5 325 327 328 332 342
26 317 318 319 323 324 327 330 332 336 339 340 342 343 348 350 351 353 354 358 366 367 369 370 371 372 373
7 317 319 326 357 362 364 370
12 317 332 338 341 342 346 351 353 355 359 365 367
24 314 316 319 320 321 322 324 325 332 337 340 344 345 347 348 351 353 360 362 363 366 367 368 373
16 314 315 317 318 319 323 336 339 341 343 350 353 365 366 367 372
28 314 315 316 320 321 323 326 328 332 333 335 336 337 338 340 341 347 349 350 352 353 364 366 367 368 369 372 373
2 328 368
14 319 321 329 331 338 339 340 342 348 350 356 358 359 371
9 316 323 324 325 331 340 344 372 375
6 315 323 350 354 358 369
20 315 322 323 324 327 330 334 337 339 342 344 346 349 353 354 363 364 371 374 375
27 314 316 317 326 329 333 334 336 339 341 343 348 351 353 354 355 356 359 360 361 362 363 364 367 371 373 375
14 314 321 324 338 339 344 353 357 358 365 366 369 373 375
19 314 319 326 328 329 332 338 341 345 350 352 357 358 365 367 368 369 370 372
15 315 318 322 324 325 327 335 338 347 349 350 357 358 370 372
21 314 316 317 322 323 326 333 334 337 341 344 345 346 351 354 355 357 360 361 370 373
11 321 325 334 336 341 346 348 354 360 372 375
15 314 319 326 328 331 332 341 351 352 357 358 367 369 370 372
9 314 321 329 330 340 341 345 351 374
13 324 326 329 330 331 335 348 351 352 354 360 369 371
18 316 317 322 329 335 337 338 355 356 357 358 363 364 367 368 370 371 372
9 316 321 328 331 335 337 355 359 375
5 326 338 353 355 365
10 321 322 330 334 337 348 354 360 373 374
18 316 327 330 331 334 336 337 340 341 345 350 354 356 359 361 362 363 367
8 316 321 331 337 352 356 364 368
25 316 317 318 319 324 328 329 331 332 338 339 342 343 346 349 351 352 353 357 359 363 368 372 374 375
12 322 327 330 334 339 343 348 350 353 354 364 367
7 325 350 359 361 362 369 372
29 314 316 320 322 323 324 328 329 330 332 333 334 335 338 339 343 345 347 349 357 358 359 360 362 365 367 370 372 373
8 320 322 327 337 342 362 363 370
8 319 327 331 340 342 348 356 374
9 321 330 340 345 348 354 362 373 374
23 317 318 319 323 324 327 332 333 336 340 341 342 343 345 351 353 354 357 358 367 369 372 373
25 317 323 324 326 327 330 336 339 340 341 342 345 348 350 353 354 357 358 366 367 369 370 371 372 373
8 336 341 346 348 360 361 372 375
9 321 329 331 339 340 350 358 359 374
8 315 322 323 335 350 354 358 365
8 314 321 323 329 330 337 351 374
9 315 317 339 342 348 349 358 363 366
18 316 319 325 329 330 338 339 345 346 352 353 355 357 363 368 371 372 374
9 314 316 317 318 321 344 357 361 364
7 315 316 336 339 342 348 349
13 314 322 325 327 333 337 340 348 356 359 363 369 375
10 325 334 346 348 354 360 361 371 372 375
15 322 330 339 343 346 348 350 351 353 354 360 364 366 367 373
5 337 354 355 373 374
5 314 323 340 341 374
23 320 322 324 325 327 329 333 334 338 342 344 345 346 347 349 351 356 360 361 363 364 368 369
33 315 317 319 322 323 324 326 327 329 331 332 333 339 341 342 343 345 347 351 352 354 359 360 361 362 365 367 368 369 370 371 372 373
15 314 315 319 323 329 339 344 347 350 352 358 364 366 369 373
34 314 316 318 319 321 322 324 325 328 332 334 335 336 337 341 342 344 347 348 349 350 351 358 359 361 363 364 366 368 371 372 373 374 375
16 315 322 323 329 332 333 337 341 347 348 353 354 362 364 365 369
20 315 317 318 319 325 327 331 337 340 342 344 346 348 352 353 354 364 368 369 371
24 316 319 324 325 328 329 330 331 332 338 339 342 343 345 349 351 352 353 363 368 371 372 374 375
6 314 338 346 347 355 361
5 321 337 348 373 374
23 317 318 319 323 324 326 332 333 336 339 341 342 343 357 358 359 366 369 370 371 372 373 375
11 322 323 326 338 341 343 350 356 363 369 370
13 314 316 319 325 328 331 334 345 359 361 367 370 375
16 324 327 330 332 334 336 339 341 343 345 348 350 359 365 366 375
20 316 320 323 326 329 331 338 339 343 344 351 353 354 355 357 360 367 371 372 373
8 314 320 325 331 333 342 344 354
12 315 317 326 327 331 333 338 339 352 355 357 365
16 316 320 325 328 330 334 335 337 340 346 348 349 356 364 366 375
11 314 316 317 318 320 321 344 347 357 361 372
14 315 320 322 329 330 333 337 341 347 357 362 365 369 371
24 314 315 318 319 320 324 325 328 329 337 339 342 347 348 352 354 355 356 364 365 367 372 373 375
15 314 318 323 327 330 332 334 336 337 340 346 362 372 373 374
17 314 315 319 320 322 325 326 330 337 343 344 351 358 361 364 368 375
11 314 316 317 320 321 344 347 357 363 364 372
10 320 332 333 337 347 353 354 357 362 369
35 314 316 318 320 321 324 325 327 328 329 330 333 335 336 337 338 340 341 342 345 349 350 352 353 356 360 361 362 363 364 366 368 369 372 373
13 327 334 335 336 339 347 350 358 360 362 366 368 373
9 314 320 334 338 346 349 355 360 361
26 320 322 324 325 326 327 329 332 333 334 338 340 342 344 345 347 348 351 360 361 363 364 368 369 373 374
15 318 319 323 324 331 335 338 342 345 346 347 350 357 358 372
12 316 326 329 331 332 333 341 350 358 365 369 370
17 318 321 335 338 339 340 342 343 346 349 350 351 356 358 360 366 372
33 314 316 320 322 323 326 328 329 330 332 333 335 338 339 341 343 345 347 349 350 351 356 358 359 360 362 365 366 367 370 372 373 375
11 317 320 326 332 337 346 348 353 359 365 369
6 337 340 348 354 362 374
29 314 317 320 326 328 329 330 333 334 336 339 340 341 348 351 353 354 355 356 360 361 362 363 364 369 371 373 374 375
11 314 325 328 331 345 355 359 361 363 367 375
15 316 321 325 329 344 346 350 353 354 358 359 368 371 372 373
8 332 334 335 344 350 359 368 370
14 314 320 327 336 337 340 344 347 360 364 366 367 370 373
17 315 317 318 325 336 340 342 346 348 354 355 361 363 364 368 369 371
9 321 330 337 340 345 348 355 362 373
8 318 336 340 343 348 359 361 373
11 321 327 329 331 340 342 348 350 356 359 371
6 322 323 348 350 354 365
2 328 342
11 314 320 325 331 333 342 344 346 353 354 374
18 314 316 326 328 329 332 333 338 341 345 350 351 352 357 358 365 370 372
33 317 320 321 322 324 326 328 329 331 333 335 338 342 343 345 347 348 349 350 351 352 353 355 356 357 358 361 364 365 366 367 368 370
21 316 317 321 323 326 331 333 336 338 340 341 343 346 349 357 358 360 362 363 366 369
32 315 316 317 318 319 323 324 325 326 328 329 332 333 335 336 338 340 341 344 345 349 352 357 358 359 362 363 365 368 369 372 375
18 314 317 319 325 326 332 333 337 341 343 345 346 349 351 353 355 357 372
32 314 316 320 321 322 327 328 329 332 333 336 337 339 340 341 342 344 346 350 351 354 355 357 361 365 366 367 369 370 371 372 375
20 317 321 331 338 339 340 342 345 348 351 352 355 356 358 362 364 367 368 369 371
21 317 325 329 333 334 338 340 341 342 343 345 347 348 349 350 353 361 363 366 368 369
42 314 317 318 322 323 325 326 327 328 331 332 333 336 339 340 342 343 344 345 346 347 348 349 350 351 352 353 354 355 357 358 359 360 362 365 366 367 369 370 371 374 375
24 315 320 321 323 324 325 332 333 337 341 343 344 347 348 350 351 352 358 360 364 366 368 369 371
34 314 315 317 319 322 327 332 333 334 336 339 340 342 344 345 347 348 349 350 351 352 353 355 356 360 362 363 364 366 367 369 372 373 375
39 314 317 320 321 322 323 325 327 328 329 330 332 333 334 335 336 337 338 339 342 344 345 347 349 350 352 353 354 355 358 359 360 361 364 365 367 368 369 372
28 314 315 320 323 324 330 331 333 334 338 341 343 345 346 347 348 352 353 354 356 357 359 360 361 369 371 374 375
29 317 319 320 325 326 327 329 330 332 333 334 335 336 339 344 345 346 347 348 349 352 355 359 367 368 369 370 371 372
26 322 323 325 327 329 330 331 332 336 340 343 347 348 352 353 354 355 356 359 360 361 363 368 371 372 374
40 314 315 316 317 318 319 322 324 325 327 328 329 332 334 338 339 340 342 343 344 345 346 347 348 350 351 352 354 356 358 360 362 365 366 369 370 372 373 374 375
24 319 321 322 328 331 333 334 337 339 342 344 346 350 351 352 353 356 360 362 364 365 367 368 371
42 314 318 321 322 323 324 327 329 330 331 332 334 335 336 337 339 340 341 342 343 346 347 348 349 351 352 353 354 356 357 359 360 361 362 364 365 366 367 370 372 374 375
30 314 316 317 319 322 326 328 329 330 334 335 337 338 339 345 347 348 349 350 354 355 356 358 362 364 365 368 371 373 375
24 315 319 320 323 329 330 331 332 333 336 338 339 341 342 343 346 350 363 364 367 369 370 371 375
32 315 324 327 331 333 335 338 339 342 348 349 351 353 354 355 356 357 358 359 360 362 363 364 365 366 367 369 370 371 372 373 375
34 317 320 321 327 328 329 330 331 332 335 340 341 342 343 344 345 346 349 350 352 354 355 356 357 358 359 360 362 363 367 368 371 373 375
40 314 315 319 320 321 322 324 325 326 327 329 330 333 335 336 337 339 340 342 344 345 348 350 353 354 355 356 359 360 362 363 365 366 369 370 371 372 373 374 375
31 314 315 316 318 320 321 323 324 327 328 336 338 339 341 342 346 348 352 353 354 356 359 360 363 365 366 367 368 372 373 375
42 314 315 316 318 319 320 323 325 326 327 328 329 330 331 332 334 335 336 339 341 342 343 346 351 353 354 355 356 357 358 359 360 361 363 364 365 366 367 369 371 373 375
19 314 317 319 322 324 325 328 330 339 340 344 351 353 354 356 359 363 371 373
23 314 317 318 322 323 328 346 348 349 351 354 355 356 360 361 362 364 366 368 369 370 372 373
26 315 324 325 326 329 330 336 337 338 339 340 341 343 344 346 347 349 350 352 353 356 360 363 366 368 375
30 318 319 320 322 324 327 328 334 337 338 340 341 342 343 345 346 349 350 353 357 358 359 361 362 363 367 368 372 373 375
29 315 317 319 321 322 323 325 331 335 336 337 338 339 340 341 344 347 349 350 352 353 354 356 360 363 364 370 372 374
42 314 319 320 321 322 323 324 326 328 330 331 332 334 335 336 337 338 341 343 344 345 346 347 348 349 350 351 352 354 355 356 357 358 360 361 362 364 365 369 370 372 373
19 316 318 319 320 323 324 326 328 329 330 336 343 346 352 354 355 362 366 375
27 314 315 316 317 320 322 323 324 326 328 329 330 333 335 336 338 341 342 345 360 362 363 364 367 368 372 373
40 314 316 317 318 319 321 322 325 326 327 328 330 331 332 333 334 335 336 337 338 339 341 342 345 346 350 353 354 355 356 358 359 360 367 368 369 370 372 373 375
24 315 317 320 324 332 335 340 342 343 344 345 347 349 350 354 359 362 364 366 367 371 372 374 375
34 314 316 317 318 320 321 323 324 326 327 332 333 334 336 338 339 343 345 348 350 352 355 356 362 363 364 366 368 369 370 371 372 373 375
34 314 315 316 317 319 320 324 328 329 330 334 335 336 337 339 341 342 343 344 349 353 357 359 361 362 363 364 365 366 367 371 373 374 375
26 317 318 320 321 323 324 325 327 328 329 334 336 343 346 347 355 356 359 360 362 365 366 370 371 374 375
40 314 316 318 319 321 326 327 328 329 330 331 333 335 336 337 338 339 340 341 342 343 345 346 347 348 349 352 356 357 358 361 363 364 365 366 369 370 372 374 375
38 314 315 317 318 320 321 325 327 331 333 334 336 338 340 341 342 344 345 346 347 348 349 350 352 356 357 358 359 360 361 363 364 367 368 371 372 373 375
40 315 316 318 320 321 323 327 329 330 331 332 334 335 339 340 341 342 344 345 348 349 350 352 353 354 355 357 358 359 360 361 362 363 367 368 369 370 371 373 375
39 314 317 318 319 320 321 322 326 327 328 330 331 333 335 337 339 340 342 343 345 346 347 349 351 352 354 355 357 359 360 361 362 363 364 365 367 372 374 375
18 315 318 323 325 326 329 333 334 338 340 345 347 351 354 358 366 368 375
25 314 315 316 322 326 327 331 333 336 339 349 354 355 357 359 360 362 363 364 366 367 370 373 374 375
27 318 319 320 322 327 330 331 336 338 339 342 346 348 350 351 354 356 359 361 362 363 364 365 367 368 370 374
39 316 318 319 320 322 324 325 328 329 330 331 332 334 337 338 339 340 341 343 345 346 348 350 351 353 356 357 358 360 362 364 365 367 368 369 370 371 372 374
37 315 316 317 318 320 322 324 325 326 327 328 329 331 332 337 338 340 346 350 351 352 354 355 356 359 361 362 363 364 365 367 368 370 372 373 374 375
28 315 318 319 320 324 331 333 334 336 339 340 341 343 344 346 351 354 355 356 357 358 359 362 365 366 368 369 375
34 314 315 316 317 318 323 324 330 333 335 336 337 340 344 346 348 349 350 351 352 353 355 356 357 362 363 365 366 367 369 370 371 372 374
20 314 319 323 325 326 327 328 333 338 341 345 346 349 350 351 361 363 366 369 374
43 314 319 320 321 322 323 324 326 327 328 329 331 333 334 335 336 337 338 339 341 342 344 346 347 348 349 350 351 352 353 354 355 357 359 362 363 365 366 368 369 371 373 374
29 314 316 317 319 322 323 326 327 335 338 339 341 342 343 346 347 350 352 355 356 359 360 361 364 365 366 367 368 369
29 314 315 316 317 321 322 324 326 327 331 332 333 335 337 339 342 345 347 350 352 353 357 361 362 364 365 366 369 374
19 314 322 330 332 335 336 337 339 344 345 346 347 348 355 358 363 367 369 371
41 314 315 316 317 318 322 323 324 325 326 328 329 330 331 333 336 338 339 340 341 342 343 344 345 347 348 349 350 351 352 355 358 360 361 363 365 366 370 371 373 375
35 317 318 319 320 321 323 326 329 331 334 335 336 337 338 339 342 344 345 346 347 348 352 353 354 355 356 357 358 359 365 366 369 373 374 375
26 317 319 321 323 325 329 330 332 335 336 337 341 344 345 350 351 352 355 360 361 362 363 366 369 374 375
28 318 319 322 324 327 330 331 332 333 338 339 340 342 343 344 348 349 351 355 360 361 362 364 368 369 371 373 374
34 314 315 318 319 320 321 323 324 326 329 331 333 334 335 336 338 339 344 346 347 349 353 355 359 360 362 363 364 365 367 372 373 374 375
29 315 316 317 318 324 329 331 333 336 337 340 341 344 345 350 352 353 355 356 358 359 360 361 362 363 364 372 373 375
40 319 321 322 324 325 326 327 329 330 331 332 333 334 335 336 338 339 340 341 342 343 344 345 347 349 350 351 353 354 355 358 359 360 363 364 365 367 368 372 374
31 314 315 317 319 324 325 326 327 329 331 334 339 341 342 343 344 345 347 348 349 352 353 358 363 365 367 368 369 370 372 373
29 315 317 319 320 322 324 326 327 328 331 335 336 337 342 344 345 347 349 350 351 352 354 356 357 365 369 370 371 372
41 316 317 318 319 320 322 324 325 327 330 332 333 334 335 336 338 341 345 346 347 348 350 351 352 354 356 357 358 359 360 361 362 363 364 368 369 370 372 373 374 375
27 314 316 317 322 324 325 326 329 331 336 338 341 343 346 348 349 351 352 353 354 355 356 357 361 362 363 371
25 316 317 319 320 326 328 331 333 337 340 341 342 344 345 349 350 353 354 359 362 363 364 365 372 373
27 315 316 319 323 324 325 329 330 334 336 340 342 343 344 345 347 349 351 352 360 361 363 365 367 371 372 375
20 318 320 321 322 323 333 335 338 340 341 352 355 358 359 360 361 370 372 374 375
34 317 325 327 330 331 333 335 336 337 339 340 341 342 344 345 346 347 349 350 351 352 353 354 355 356 357 361 364 366 369 370 371 374 375
29 317 318 330 333 334 336 339 342 343 346 347 349 351 352 353 354 355 357 358 360 361 362 363 365 366 368 371 372 374
30 315 317 319 321 322 323 325 330 334 335 337 339 340 341 342 344 345 346 350 351 352 353 355 359 362 364 366 368 369 373
26 315 316 317 320 326 327 329 331 337 338 341 342 345 346 349 352 353 355 358 359 360 364 368 369 373 374
29 314 316 317 319 321 324 325 328 330 336 339 341 343 347 350 351 353 357 359 360 362 364 365 368 369 371 372 373 375
35 317 319 320 322 323 325 326 327 328 329 334 336 338 339 340 345 346 349 350 351 352 355 357 359 360 363 364 365 366 368 369 370 373 374 375
35 315 317 320 321 322 324 326 327 333 334 335 336 339 343 345 347 348 349 355 356 357 358 360 361 362 363 366 367 368 369 370 371 373 374 375
40 315 317 319 321 322 323 324 326 329 330 331 333 336 337 341 343 346 348 349 350 351 352 353 354 355 356 357 358 359 360 361 362 364 365 366 369 370 371 372 373
37 316 317 318 319 320 321 323 324 327 329 331 333 335 336 338 340 341 342 343 344 346 351 352 354 355 356 359 361 362 364 366 367 369 371 372 374 375
30 314 315 317 318 326 330 331 332 333 334 336 339 341 343 344 345 346 347 349 352 354 355 358 363 365 367 368 369 371 374
23 315 318 320 321 322 327 329 330 332 333 336 337 338 340 347 348 349 351 357 361 368 370 373
27 314 316 318 319 328 330 331 333 335 336 338 339 340 342 343 348 350 351 358 359 360 361 362 368 372 373 374
21 314 317 321 324 325 331 333 339 340 341 342 350 351 352 356 357 359 360 362 371 373
40 317 319 320 321 322 324 325 327 331 332 333 335 336 340 343 344 345 346 347 348 350 352 354 355 356 357 358 360 361 362 363 365 366 369 370 371 372 373 374 375
29 314 316 319 320 321 323 325 326 327 331 334 335 336 339 340 341 345 348 349 350 351 352 353 354 361 363 370 374 375
43 317 320 321 322 323 325 327 328 330 332 333 334 335 336 337 338 339 340 341 342 343 345 346 347 349 350 351 352 353 354 355 356 358 359 360 362 363 365 366 367 368 371 374
26 316 318 322 327 328 329 330 331 332 334 337 344 346 351 353 356 359 362 363 368 369 370 372 373 374 375
31 314 315 316 319 320 326 327 328 329 330 331 333 334 340 342 349 350 351 352 353 354 356 357 360 362 363 364 367 370 372 375
27 314 315 318 320 322 327 330 332 333 334 335 337 338 341 342 346 347 352 357 361 364 366 367 368 371 372 373
20 319 324 327 329 330 333 334 338 343 344 345 350 354 360 362 365 368 369 371 374
19 319 320 322 323 329 334 342 343 344 346 347 351 352 359 360 363 365 371 372
22 315 317 318 320 323 330 334 335 336 337 343 344 345 347 353 356 359 363 366 372 373 374
20 319 320 321 326 332 335 336 337 339 342 343 345 351 353 357 360 361 362 366 374
23 315 316 324 325 328 338 339 341 342 343 345 348 354 355 357 360 364 365 368 370 371 372 374
19 314 315 316 318 325 326 330 331 332 340 342 350 352 354 360 362 364 366 374
23 314 315 322 326 329 335 336 341 342 343 345 349 350 353 354 356 360 364 365 371 372 373 375
35 317 318 319 320 322 325 326 327 328 330 333 336 337 339 342 343 344 345 346 348 350 352 353 355 358 359 361 362 365 368 369 370 371 373 374
25 316 319 320 322 323 326 329 330 333 338 343 345 346 348 349 352 357 359 364 365 368 369 370 372 374
40 314 315 316 317 318 319 320 321 323 324 325 326 332 333 336 338 339 340 341 343 345 347 349 350 351 352 357 359 360 361 362 363 364 366 367 370 371 373 374 375
26 315 317 318 319 322 323 325 326 327 328 332 333 346 347 350 352 354 357 358 361 363 365 368 370 372 374
21 314 315 317 323 326 333 335 337 338 340 344 350 352 355 361 362 367 369 370 373 375
39 315 316 317 318 321 322 325 328 329 331 332 333 335 336 338 340 341 342 344 345 347 348 349 350 352 353 355 357 358 359 360 361 362 363 365 368 369 370 372
33 316 317 318 319 320 322 323 325 326 327 330 332 333 334 337 338 340 342 348 350 351 353 354 356 357 359 361 365 367 369 370 371 375
40 314 315 316 318 319 320 321 324 327 328 329 331 332 334 335 338 339 343 344 346 349 350 353 354 356 357 358 359 360 361 364 365 366 367 368 370 371 372 373 375
25 315 317 319 322 324 327 330 334 337 338 339 342 343 347 349 351 352 353 360 361 364 365 369 370 372
25 317 319 325 326 329 331 333 335 336 337 339 341 342 345 350 352 353 355 360 362 363 366 368 374 375
20 314 318 320 323 329 334 340 342 343 347 349 351 353 362 363 364 365 366 367 373
28 318 319 320 324 326 328 333 334 335 336 337 338 341 342 346 352 353 354 357 360 361 362 364 365 366 368 369 370
20 316 320 321 322 326 338 341 342 349 350 353 354 355 356 365 369 370 373 374 375
32 314 315 316 317 321 322 325 326 328 329 330 331 332 333 334 335 338 339 342 343 347 353 355 356 357 358 359 361 362 363 370 374
25 316 318 319 320 323 324 326 328 329 330 332 335 341 342 348 354 355 358 361 362 363 365 367 371 374
27 314 315 316 318 322 323 328 329 334 338 339 341 342 343 344 346 347 352 353 356 357 359 361 366 370 372 374
35 316 317 318 321 322 327 328 331 332 334 336 337 338 339 342 343 344 345 346 347 350 353 355 356 357 359 360 361 362 364 366 369 371 374 375
41 314 316 317 318 323 325 329 330 331 332 333 334 336 337 338 340 341 342 343 344 346 347 349 351 352 353 354 355 357 358 359 360 362 364 365 368 369 371 373 374 375
30 317 322 325 326 327 328 329 330 331 333 334 338 340 341 343 351 352 355 359 360 361 362 363 364 365 368 371 372 373 375
39 314 315 316 317 320 323 324 325 326 327 328 329 330 331 333 334 335 336 337 340 341 342 344 347 348 350 355 357 359 361 363 364 365 366 367 369 370 371 374
36 314 317 318 319 322 323 324 325 326 327 329 330 332 333 334 335 336 337 339 340 341 342 345 346 348 349 350 352 354 355 357 362 365 366 369 370
19 317 318 319 323 326 328 329 330 333 339 346 351 352 355 357 361 363 367 375
24 315 316 321 322 327 329 331 334 335 336 337 345 346 348 353 356 358 361 362 363 368 369 370 371
26 315 317 318 321 323 327 328 329 333 338 339 341 343 344 346 347 353 355 357 359 361 364 366 367 368 375
22 316 318 319 320 321 322 324 328 330 331 338 343 344 347 349 364 366 367 369 370 373 375
19 314 317 319 322 325 327 328 329 332 333 335 339 341 342 344 349 356 358 369
36 314 316 320 322 323 325 326 328 331 332 333 334 338 339 341 343 344 345 347 349 351 352 353 355 356 357 359 360 362 364 367 369 370 371 373 374
24 314 318 319 321 322 323 326 327 329 330 336 339 342 343 345 348 350 355 356 364 366 370 371 374
22 320 326 327 329 332 333 335 342 345 349 350 351 352 353 357 359 360 362 365 369 371 373
35 314 317 318 320 322 324 325 327 329 331 335 339 340 341 342 343 345 348 350 352 353 354 355 357 358 359 360 361 363 365 366 370 371 373 374
23 317 318 324 326 328 329 330 331 333 336 337 341 342 347 348 354 359 361 365 367 369 372 375
33 315 317 319 322 323 326 327 328 331 333 334 335 336 337 338 340 341 342 344 345 347 348 349 352 354 356 359 360 365 366 372 373 375
40 314 316 317 319 320 321 323 325 327 328 329 332 333 334 338 339 341 342 343 345 346 349 350 351 352 353 356 357 358 362 363 365 366 367 368 370 371 372 373 374
22 314 315 318 321 324 327 329 333 335 337 340 342 344 346 353 355 358 360 361 366 368 371
31 316 317 320 323 326 327 329 333 335 336 337 342 345 346 347 348 349 350 351 354 356 358 364 365 366 367 368 370 371 374 375
24 314 317 318 321 322 323 326 329 336 338 340 344 345 346 347 348 349 356 357 363 364 365 366 375
22 314 319 321 328 329 333 337 341 343 344 347 350 353 355 357 359 362 364 367 369 374 375
36 314 315 316 318 320 321 322 324 326 327 330 331 334 335 336 340 341 342 343 344 346 350 353 354 356 357 358 359 360 363 364 365 366 367 368 369
36 315 319 320 322 323 324 325 326 327 328 329 330 331 332 334 338 339 341 343 344 345 346 347 349 350 352 353 354 355 361 363 368 369 370 371 373
28 314 315 317 319 321 323 325 328 333 335 336 338 346 347 348 350 351 354 355 360 363 364 368 370 372 373 374 375
33 314 317 318 322 323 326 329 330 331 334 336 338 339 344 346 347 348 349 354 355 356 357 359 360 364 365 366 369 370 371 373 374 375
33 316 318 322 324 328 329 330 331 332 333 334 336 340 342 343 346 347 348 349 352 353 355 357 358 359 360 361 362 368 371 372 373 374
33 314 317 318 319 320 323 325 326 328 330 334 336 337 341 342 343 344 347 349 350 351 352 353 354 356 357 359 363 366 368 369 371 373
23 314 315 316 317 320 321 322 323 327 334 335 336 346 348 356 357 358 360 362 365 366 374 375
39 314 315 316 317 318 323 325 326 328 329 330 334 335 337 338 340 341 343 345 347 348 349 351 352 355 357 358 359 360 362 363 364 365 366 367 369 371 372 375
21 316 319 329 334 336 339 343 348 357 359 361 362 363 364 365 367 369 370 371 374 375
25 315 317 318 325 326 329 330 333 334 335 336 340 341 342 349 353 356 362 363 365 366 367 370 371 375
36 315 317 318 319 321 324 327 330 331 332 336 337 338 339 340 342 343 344 347 348 349 350 352 354 355 356 357 359 361 362 367 368 369 370 372 373
23 314 317 318 319 322 328 333 334 337 338 340 345 347 350 351 352 357 358 359 367 369 370 372
30 315 318 319 321 322 324 326 327 333 336 337 340 341 342 344 345 346 348 351 352 353 355 360 362 365 366 367 369 370 372
22 314 318 323 325 327 328 329 333 336 337 344 346 347 352 353 355 357 358 361 365 366 368
38 314 315 316 318 320 321 324 325 326 327 328 329 330 334 335 338 341 344 345 350 351 353 354 356 357 359 360 362 363 364 367 368 369 370 372 373 374 375
32 314 315 320 321 325 326 327 329 330 334 339 340 342 343 345 347 349 350 352 353 356 357 359 360 362 365 368 371 372 373 374 375
22 314 321 323 329 331 338 340 344 345 347 349 350 352 353 359 362 363 368 371 373 374 375
29 315 316 317 319 322 324 327 328 330 331 332 338 343 344 347 348 350 352 355 356 357 358 360 361 362 364 365 366 371
37 314 316 317 322 325 326 327 328 329 330 331 332 333 334 335 337 338 339 340 341 342 343 347 349 353 354 357 358 359 361 363 364 365 367 370 371 375
37 314 315 316 318 319 321 322 324 325 330 331 332 334 336 338 339 340 341 342 343 345 348 349 350 353 355 356 359 360 363 364 365 368 369 371 374 375
39 314 315 318 324 325 326 327 328 330 331 333 334 335 336 337 339 340 341 344 346 348 350 351 352 353 354 355 356 357 358 361 362 363 365 368 369 370 371 372
19 314 315 317 323 331 332 340 347 348 352 354 356 358 359 360 361 365 371 374
35 315 317 319 321 324 326 329 330 332 333 334 335 337 342 344 345 347 348 351 353 355 358 361 362 363 364 366 367 368 370 371 372 373 374 375
23 314 316 318 319 322 324 325 328 329 332 338 339 340 341 345 346 347 348 356 365 366 367 368
26 314 315 317 318 319 320 322 323 324 328 332 335 337 345 346 347 349 351 355 356 357 365 367 369 372 374
25 314 317 318 320 321 327 328 329 334 337 344 345 349 351 354 357 359 361 362 363 365 372 373 374 375
32 314 315 317 318 320 321 322 324 327 329 334 338 339 341 342 344 345 346 347 349 350 352 356 359 361 362 363 367 368 371 373 374
22 314 315 317 318 321 325 326 327 330 331 332 342 344 345 348 355 357 359 360 362 371 375
39 314 317 319 320 323 324 325 327 329 330 332 333 335 336 337 338 339 343 344 347 348 350 351 354 355 356 357 361 362 365 366 367 368 370 371 372 373 374 375
27 318 319 323 324 325 331 332 334 335 337 338 339 342 348 349 351 355 357 359 362 363 365 366 369 370 373 375
21 314 329 330 331 341 343 344 345 347 349 351 352 358 359 361 365 369 370 371 372 373
31 316 318 320 321 325 328 329 330 334 335 336 338 340 341 344 345 346 347 348 351 353 354 359 361 363 364 365 368 373 374 375
30 316 317 319 321 323 325 326 329 331 335 336 337 341 342 344 347 348 350 351 353 355 358 359 360 362 366 368 370 371 375
28 314 315 317 323 324 326 327 329 331 338 339 343 344 345 347 351 352 353 356 359 363 367 368 369 370 372 373 375
38 314 315 316 319 321 322 323 324 325 326 331 333 334 336 340 341 342 343 345 346 348 349 352 353 354 355 357 360 361 362 363 364 365 368 369 370 372 374
37 314 315 317 319 323 324 325 326 328 330 333 334 338 340 342 343 345 346 347 348 352 353 354 355 357 359 361 364 365 367 368 369 370 371 373 374 375
26 317 318 326 328 329 332 333 334 335 337 338 340 343 345 347 348 349 356 359 361 364 367 368 369 374 375
38 314 316 317 320 321 322 324 326 328 331 333 334 335 336 337 338 339 342 344 346 347 349 350 351 353 354 356 361 362 364 365 367 370 371 372 373 374 375
30 317 320 321 325 328 331 332 333 334 341 342 343 344 345 347 348 351 352 354 356 357 358 359 361 365 368 369 371 373 375
26 314 315 317 318 319 322 330 333 334 335 337 340 341 347 351 352 353 354 356 360 364 369 371 372 373 374
42 314 317 318 319 320 322 323 324 325 326 327 328 329 330 331 336 338 339 342 344 346 347 348 349 352 353 355 356 358 359 360 362 363 366 367 368 369 371 372 373 374 375
33 314 316 317 320 323 325 326 327 329 331 333 334 335 338 341 342 345 349 350 351 352 353 354 355 357 360 363 364 365 366 368 371 374
24 316 324 325 327 328 330 331 335 336 339 349 351 353 354 356 362 363 366 369 370 371 372 374 375
30 315 318 319 320 321 322 324 325 326 328 329 331 335 341 343 346 347 349 350 351 354 356 357 361 363 365 368 371 373 374
37 314 315 316 317 319 322 323 325 326 331 332 333 335 336 338 343 344 346 347 348 349 350 351 352 353 354 355 357 358 360 361 364 368 370 372 373 375
26 314 319 323 324 325 326 330 335 336 340 344 345 350 351 354 357 359 361 363 364 365 366 370 371 372 373
27 317 320 322 324 325 327 329 330 333 337 338 339 340 341 343 348 349 353 356 358 360 361 362 365 366 368 373
23 314 316 317 319 320 323 327 330 340 341 342 344 349 350 353 356 359 360 366 371 372 373 374
20 318 320 321 323 324 325 328 329 335 337 343 344 346 349 350 357 359 363 368 370
30 314 316 317 319 321 322 323 325 326 327 328 331 335 337 338 339 340 343 344 347 348 350 353 354 360 362 363 364 367 369
22 316 318 319 321 322 323 324 327 337 340 341 342 344 346 349 352 353 356 359 365 366 370
27 314 315 318 319 320 323 325 327 328 335 338 340 342 343 348 349 352 354 358 359 360 361 365 367 373 374 375
32 314 317 318 319 320 324 326 328 329 330 331 333 335 336 337 341 343 345 348 350 351 356 359 362 363 366 367 368 369 370 371 372
37 315 318 319 322 323 324 325 330 332 333 334 336 337 340 341 343 344 346 348 350 352 353 354 356 357 359 361 362 363 364 365 366 368 369 373 374 375
33 315 318 319 322 325 326 327 329 330 332 335 336 339 340 342 343 344 345 346 347 349 350 352 357 358 361 362 363 364 365 367 370 373
33 314 315 318 319 320 322 323 327 329 331 336 337 339 341 342 343 346 349 350 351 352 353 354 356 358 360 364 366 367 368 370 372 375
36 315 316 319 320 325 327 328 329 330 331 334 335 336 337 339 343 345 346 348 350 351 352 354 355 356 357 359 360 364 365 368 369 370 371 374 375
39 315 316 319 320 322 323 324 325 326 327 328 329 332 334 336 337 341 343 345 346 347 349 350 351 352 353 356 357 358 359 362 364 367 369 370 371 372 374 375
20 314 315 324 326 327 329 330 331 333 337 341 347 355 358 361 363 364 367 369 373
27 314 315 318 319 323 324 325 327 332 333 336 338 339 340 341 343 346 350 351 353 358 359 362 364 365 372 373
42 314 315 318 323 324 325 326 328 329 330 331 333 334 337 339 342 344 345 347 348 350 351 352 353 354 355 356 357 358 359 361 362 364 365 366 367 368 370 371 372 374 375
33 314 315 318 320 323 326 328 329 331 334 336 337 338 339 340 342 343 344 346 347 350 351 352 355 359 360 362 363 367 368 370 371 373
36 314 318 319 323 326 328 329 333 334 337 338 341 342 344 345 346 347 348 349 351 352 353 354 355 356 357 358 363 364 365 367 369 370 371 372 375
18 317 332 334 338 339 341 344 345 348 349 356 357 358 364 365 366 369 373
19 315 317 320 321 323 325 330 331 332 337 345 346 348 354 358 361 363 364 373
21 316 317 320 321 322 325 329 330 334 340 345 346 348 354 357 358 359 360 364 365 372
24 318 320 323 324 331 333 334 339 340 341 343 345 346 348 349 350 352 353 356 358 360 362 368 369
43 315 316 317 318 319 320 322 324 325 329 330 331 332 334 335 337 338 339 340 345 346 347 348 349 350 351 352 354 357 359 360 361 362 364 365 366 367 368 369 370 371 373 374
43 314 315 316 319 320 321 323 325 326 329 330 331 333 334 335 337 339 341 343 344 345 347 348 350 351 352 353 355 357 358 359 360 362 363 364 365 366 369 370 371 373 374 375
32 315 316 317 319 320 322 324 326 329 331 332 334 335 336 337 340 342 345 346 347 348 350 355 358 359 363 364 365 366 369 370 375
29 314 318 320 321 322 323 326 329 330 332 333 334 336 339 340 342 344 347 348 350 354 356 358 360 362 363 369 371 375
31 315 317 319 320 321 324 325 327 328 333 335 336 337 338 340 342 344 346 348 351 353 357 359 360 362 364 366 368 371 372 373
24 317 320 326 327 329 333 334 336 337 342 347 348 352 353 354 358 360 361 365 366 367 368 371 374
33 318 322 324 325 326 327 328 329 331 333 334 335 337 341 342 343 344 346 348 350 351 352 353 354 355 359 360 361 362 367 368 372 374
34 316 320 321 325 326 330 332 333 334 335 336 337 338 340 341 343 347 348 349 350 351 353 354 358 359 360 362 363 365 366 368 371 372 373
19 321 322 324 327 329 332 333 335 337 346 348 350 351 354 355 357 359 362 368
27 315 316 317 318 323 324 328 335 337 339 342 343 344 347 351 354 355 356 358 359 360 363 365 366 369 374 375
42 316 318 319 320 321 322 323 324 326 327 328 330 331 334 335 336 337 338 339 340 341 342 343 346 348 349 350 351 353 355 358 361 362 364 365 367 368 369 371 372 374 375
41 314 317 318 320 321 324 326 327 328 329 331 332 333 334 335 336 337 339 340 341 342 343 345 347 348 349 350 352 353 355 356 360 362 363 364 365 366 367 368 369 370
23 314 316 320 322 323 326 330 331 336 340 342 344 347 348 352 355 356 358 361 369 370 372 374
34 314 315 316 317 325 327 329 330 332 334 336 338 342 343 345 346 348 349 351 352 354 356 357 361 362 363 365 366 367 368 370 371 372 375
24 314 316 317 318 323 324 326 335 337 345 346 348 353 354 355 360 361 362 364 366 367 370 372 374
28 317 318 322 324 325 326 327 328 329 332 333 336 337 339 348 350 353 354 356 358 361 363 364 366 368 371 373 374
26 314 316 318 320 322 323 326 327 329 330 334 338 340 341 344 346 350 351 354 361 364 365 366 369 371 375
43 314 315 319 320 321 322 324 325 326 327 329 331 332 333 335 336 339 342 344 345 346 347 348 352 353 354 355 356 357 359 360 363 364 365 366 367 368 369 371 372 373 374 375
37 314 315 316 318 319 320 324 327 328 330 332 335 336 337 339 341 342 343 344 345 349 350 353 355 356 357 358 360 362 363 366 367 370 371 372 373 374
22 315 316 319 321 324 333 334 337 338 343 344 347 348 354 357 363 365 366 367 369 370 372
30 314 318 319 320 321 322 323 326 329 330 331 332 336 337 338 339 341 343 344 347 349 350 352 355 358 360 368 371 373 375
21 317 320 321 323 326 330 334 341 343 344 345 346 348 354 358 365 366 369 371 372 373
23 315 318 319 321 322 324 326 335 336 339 340 341 346 347 351 358 362 364 368 369 371 374 375
42 315 316 317 318 319 321 322 325 327 328 329 331 333 334 335 336 337 338 339 341 342 343 344 348 349 352 355 357 358 359 360 362 363 366 367 368 369 370 371 373 374 375
27 314 317 318 319 320 321 323 329 331 335 336 337 342 345 347 349 350 352 354 355 358 363 366 367 368 370 375
22 314 315 317 321 324 327 330 331 332 333 338 342 349 352 353 354 357 361 365 366 371 372
21 317 319 320 325 327 331 332 334 338 339 343 346 347 348 349 352 355 360 364 367 373
32 314 318 320 321 324 325 327 328 330 333 336 341 343 344 345 346 347 348 351 353 354 355 357 358 362 363 365 366 371 373 374 375
39 314 315 318 320 322 323 325 326 327 330 331 332 333 334 336 337 339 341 343 345 346 347 348 350 352 354 355 357 360 361 362 363 366 367 368 369 371 372 375
31 316 317 321 322 323 324 325 329 330 331 333 334 335 339 340 343 346 347 350 351 352 353 355 356 358 361 362 367 369 370 372
41 315 317 318 319 320 321 322 323 324 325 327 329 330 331 332 333 336 337 340 341 343 344 348 349 354 355 356 357 358 360 362 363 365 366 367 368 369 371 372 373 374
24 316 317 318 321 323 327 331 334 335 337 343 352 353 355 358 360 363 365 368 370 372 373 374 375
24 316 317 318 323 324 325 326 327 337 340 341 343 344 350 352 353 358 359 362 364 367 370 373 375
31 314 316 320 325 326 327 328 329 331 335 338 340 341 342 343 347 348 349 351 352 354 355 357 360 363 364 365 367 372 373 375
43 314 319 320 321 322 324 325 328 329 331 332 334 335 336 337 338 340 341 342 343 344 345 346 347 348 349 350 353 354 355 356 358 359 360 361 362 363 365 366 369 371 372 374
34 315 316 317 318 320 322 323 324 325 326 328 329 332 333 337 339 341 343 350 351 352 353 358 359 360 361 362 363 365 368 369 372 373 375
38 314 315 317 318 319 322 323 324 326 327 330 331 332 333 334 335 336 337 338 339 341 344 345 346 349 350 358 359 360 362 363 365 366 370 372 373 374 375
33 315 319 320 321 326 328 329 331 332 333 334 335 336 340 342 343 345 348 349 352 353 354 357 359 360 361 362 365 369 370 371 372 373
33 314 315 316 321 322 325 327 329 331 332 334 335 337 338 342 343 345 346 347 350 352 355 356 357 358 359 363 367 368 369 370 372 375
31 317 322 323 324 325 326 329 330 332 333 334 336 337 338 340 341 343 344 345 346 347 350 351 352 356 357 358 361 362 374 375
38 314 316 319 320 321 322 325 327 328 329 330 331 332 334 335 336 337 338 339 344 346 347 349 350 351 352 356 359 362 364 365 366 367 368 370 371 373 375
32 314 315 316 317 320 321 322 323 325 327 329 330 332 333 334 336 337 342 343 347 348 353 354 356 357 358 359 361 365 366 371 374
21 321 324 325 329 330 331 333 337 344 348 352 354 358 359 360 361 366 367 369 374 375
30 314 315 319 323 327 328 329 330 331 336 337 338 340 341 342 343 346 347 348 351 358 359 361 362 365 366 369 372 374 375
42 314 318 319 320 321 323 324 326 328 329 330 331 332 335 336 338 339 341 342 343 344 346 347 349 350 351 352 355 357 358 359 360 361 362 363 365 366 367 368 371 372 374
37 314 316 320 322 323 325 326 327 331 332 333 335 337 338 340 342 345 346 347 348 349 350 351 352 358 359 363 364 365 367 369 370 371 372 373 374 375
29 314 315 316 317 319 320 323 324 327 328 329 330 333 335 336 339 342 343 344 346 349 351 355 359 360 361 370 371 373
30 320 324 325 326 330 333 335 339 340 342 343 344 346 347 348 349 350 351 353 354 355 356 361 362 364 365 368 369 373 374
31 315 316 317 318 319 320 324 325 328 330 331 332 334 337 338 340 341 342 348 350 351 353 356 357 358 361 363 364 365 367 368
40 314 315 317 318 319 320 321 323 324 325 326 327 328 329 335 336 340 342 344 345 347 348 349 352 355 357 358 360 361 363 365 366 367 368 369 370 371 372 374 375
37 316 318 319 320 321 322 323 324 325 326 327 329 330 331 333 334 335 336 339 341 342 343 344 352 353 354 355 356 358 361 363 364 367 369 372 373 375
30 314 319 320 323 326 327 329 330 332 333 334 337 338 341 342 343 344 346 348 352 354 355 356 359 360 363 366 367 372 373
31 314 315 318 319 321 322 324 325 328 330 331 333 334 338 340 343 344 345 346 348 349 351 352 356 357 358 360 364 365 371 375
24 315 317 319 323 327 328 329 334 339 342 343 348 349 350 351 354 355 359 360 362 365 369 373 374
27 317 321 325 328 329 331 333 334 339 341 343 344 345 350 352 354 355 357 358 361 362 365 369 371 372 373 374
25 314 315 317 318 319 322 323 325 333 335 336 344 348 349 350 353 355 361 362 363 366 369 372 373 374
22 314 320 323 324 334 335 337 338 340 343 344 346 348 349 350 353 355 356 362 365 367 369
20 314 319 322 334 337 340 345 347 351 352 354 356 361 362 364 365 367 371 373 374
29 314 315 318 321 322 323 329 330 332 336 338 341 344 345 351 352 353 354 355 357 358 362 364 365 368 370 372 373 375
21 315 318 320 325 334 341 342 349 350 353 354 355 356 357 358 363 366 367 370 371 374
20 314 318 319 322 326 327 333 336 337 338 340 343 344 347 353 355 362 369 373 375
22 315 319 320 321 324 325 327 330 334 338 339 342 346 350 352 356 360 362 366 367 370 374
42 314 315 316 317 320 321 322 324 325 327 329 330 331 332 333 334 337 338 340 342 343 344 345 346 347 348 350 352 353 354 355 358 359 360 361 363 364 366 368 370 372 374
40 314 315 316 317 318 323 324 327 332 333 334 335 336 337 338 340 344 345 347 348 349 350 351 353 354 355 356 357 358 359 360 361 362 363 364 367 368 370 371 373
40 314 317 318 320 321 322 325 326 328 329 330 331 332 333 334 335 336 337 338 339 340 344 345 346 347 349 350 351 352 353 354 356 361 362 364 365 367 370 374 375
31 314 316 318 320 321 323 326 327 328 329 331 333 334 337 338 341 345 346 347 351 352 353 354 357 358 362 363 367 370 372 373
35 316 318 320 321 322 323 324 325 331 333 334 335 338 339 342 348 349 352 355 356 357 359 360 361 362 364 365 366 367 369 370 371 372 373 374
22 315 316 318 325 329 330 332 334 339 342 343 349 350 352 354 357 359 363 366 367 368 371
33 316 319 322 323 325 328 329 332 333 334 335 337 339 341 342 343 351 352 353 354 356 358 360 361 362 363 366 367 368 370 371 373 374
27 315 316 317 321 323 324 326 327 332 336 337 338 343 346 348 349 353 355 356 357 359 366 367 368 372 373 374
