368 2145
67 1 2 3 4 5 6 7 8 9 10 11 12 13 14 15 16 17 18 19 20 21 22 23 24 25 26 27 28 29 30 31 32 33 34 35 36 37 38 39 40 41 42 43 44 45 46 47 48 49 50 51 52 53 54 55 56 57 58 59 60 61 62 63 64 65 66 67
36 2 3 5 6 7 9 15 16 18 22 23 25 26 27 29 30 31 32 35 36 38 40 42 44 47 49 50 51 53 54 56 57 58 60 61 67
21 2 4 5 14 19 21 25 27 29 31 32 37 38 39 40 43 52 55 56 64 67
49 1 2 3 5 6 7 8 9 10 11 12 13 16 18 19 23 24 25 26 27 28 30 31 33 35 37 38 39 40 41 42 43 45 46 51 52 53 55 57 58 59 60 61 62 63 64 65 66 67
50 1 2 3 4 5 6 7 11 12 14 15 17 19 20 25 26 27 28 29 30 31 32 34 35 36 37 38 39 40 41 42 44 45 46 47 48 49 51 52 53 55 57 58 59 60 61 62 63 64 65
32 3 4 9 11 12 14 17 18 19 22 23 25 26 30 31 32 33 35 36 39 40 43 44 45 47 48 51 53 56 60 65 66
37 1 4 5 6 8 10 11 14 15 16 17 18 19 23 24 26 27 30 31 33 36 38 42 43 44 46 47 50 54 56 58 62 63 64 65 66 67
25 1 2 4 7 9 11 15 18 20 22 23 29 31 41 43 44 51 52 53 55 59 61 63 64 67
37 2 6 7 8 9 10 11 13 15 19 20 21 22 24 25 26 28 29 32 36 37 40 42 43 45 47 51 53 54 56 57 58 59 60 61 62 63
41 2 3 4 6 7 9 10 12 14 15 18 20 22 23 24 25 26 27 29 31 33 34 35 36 37 38 39 44 49 51 52 53 54 55 56 57 58 63 65 66 67
52 2 3 5 6 7 8 9 10 11 13 14 15 16 17 18 20 21 23 24 26 27 28 29 31 32 33 34 37 38 39 40 41 42 44 45 47 48 50 52 53 54 55 56 58 59 60 61 62 63 64 66 67
37 2 6 11 12 14 18 20 22 25 28 30 31 32 33 34 35 36 38 39 40 41 42 44 45 49 50 53 55 57 58 59 60 61 62 63 64 66
25 1 10 11 14 17 18 19 20 22 26 27 28 29 31 34 40 45 46 47 48 56 57 60 62 65
39 1 2 5 8 10 11 13 15 16 20 21 23 24 27 29 30 32 33 38 39 40 42 43 45 46 47 48 51 53 55 56 58 59 61 62 63 64 65 67
36 1 2 3 5 6 7 8 11 12 13 16 20 21 23 25 27 28 29 36 37 41 42 43 44 45 50 53 54 55 56 58 59 62 65 66 67
25 1 2 3 4 8 9 11 12 18 22 24 25 26 28 31 41 42 43 44 45 47 53 54 57 58
44 1 2 5 7 8 9 10 11 13 15 18 20 21 22 23 26 27 28 31 32 34 35 36 39 42 44 45 47 48 49 51 52 54 55 57 58 59 60 61 62 63 65 66 67
47 2 3 4 5 6 9 11 13 15 16 19 20 21 22 24 25 26 27 28 30 31 32 33 34 35 36 37 38 42 43 44 45 46 47 48 50 52 53 54 56 58 59 60 63 64 65 66
37 1 3 5 7 8 10 11 12 14 22 23 24 25 26 27 29 30 31 32 34 35 36 39 40 43 45 48 50 52 53 54 58 60 61 63 64 66
32 2 4 6 7 9 14 15 16 18 20 24 25 26 30 31 34 35 36 37 38 40 50 51 54 55 58 61 63 64 65 66 67
39 2 4 5 7 8 10 11 12 13 14 15 16 20 21 22 24 25 29 30 32 33 34 35 39 40 41 44 46 47 50 54 56 57 61 62 63 64 66 67
21 9 12 15 16 19 22 25 27 37 43 47 48 50 51 55 57 62 63 64 65 66
33 2 3 8 9 13 15 18 19 20 21 22 23 27 30 33 34 37 39 40 43 45 47 50 51 52 53 54 56 57 63 64 66 67
31 1 9 10 11 14 18 19 21 22 25 26 27 28 29 31 34 35 37 38 39 41 46 49 54 55 56 58 59 61 66 67
47 1 2 4 5 6 7 8 13 14 15 16 17 18 20 21 22 24 26 27 28 29 30 31 32 34 35 36 37 40 44 45 46 47 48 51 52 54 55 56 57 59 61 62 63 65 66 67
29 4 5 6 7 9 14 15 16 18 19 21 23 25 28 32 34 35 37 42 43 45 47 48 50 51 52 55 62 66
41 1 2 3 4 6 9 11 12 13 16 18 19 21 22 23 25 26 27 29 31 32 33 36 38 39 40 42 43 44 48 53 55 56 57 58 59 61 62 63 64 67
32 1 2 4 5 7 8 9 11 13 15 16 19 21 22 24 25 27 28 33 35 43 44 45 48 54 55 56 58 62 64 66 67
40 1 2 3 4 5 7 9 11 12 14 15 17 18 19 21 22 23 26 27 28 29 30 32 34 37 41 42 43 44 46 48 49 50 51 56 57 60 61 64 66
27 4 5 13 14 15 16 17 18 20 21 22 23 24 26 34 41 42 43 45 46 47 49 50 57 61 63 65
25 1 8 11 18 19 20 21 23 26 27 35 36 46 47 48 49 50 53 54 56 60 61 62 64 67
52 2 3 4 6 7 11 12 14 15 16 17 18 19 20 21 22 23 24 25 26 27 29 30 31 32 33 34 36 37 39 40 41 43 44 45 46 47 48 49 50 51 52 53 54 56 60 61 62 63 64 65 66
41 1 2 3 4 6 7 10 12 13 14 15 17 18 20 21 23 25 27 29 30 32 35 36 37 38 39 40 41 42 43 44 45 47 49 52 56 57 58 61 66 67
50 1 2 3 4 5 6 9 11 12 13 14 15 16 17 18 19 20 21 22 23 28 29 30 32 33 34 35 36 41 42 44 45 48 49 51 52 53 54 55 56 57 58 59 60 61 62 63 64 65 67
25 1 4 8 14 15 16 22 25 26 28 29 30 32 34 36 45 46 47 48 50 54 57 61 62 66
30 3 4 6 10 11 12 18 19 20 24 25 26 27 28 31 34 35 36 40 41 42 44 45 46 47 48 52 56 61 62
20 4 9 15 18 25 26 28 29 30 34 36 38 39 49 51 55 57 58 60 62
24 1 4 6 8 12 14 15 21 25 28 33 36 37 39 42 44 48 49 50 51 52 57 58 64
23 1 3 5 7 9 16 17 18 21 22 24 31 32 35 39 47 48 49 50 59 62 64 67
46 1 4 5 6 8 9 10 11 12 13 14 15 17 18 19 21 22 23 24 26 27 28 29 30 31 32 35 39 43 44 45 46 47 48 49 52 53 56 57 58 60 61 62 63 66 67
26 2 5 6 7 9 13 16 18 21 24 25 29 32 35 36 40 41 42 51 52 55 57 59 60 62 63
26 1 3 8 10 11 16 18 20 21 31 33 34 37 38 42 46 47 48 51 53 54 55 57 58 59 66
21 1 4 6 10 13 18 22 25 27 28 35 38 39 44 53 57 58 59 61 66 67
33 1 3 5 10 11 13 16 17 18 19 20 21 22 23 26 27 30 33 35 38 39 40 43 44 46 49 54 55 56 58 59 63 64
50 1 2 3 5 6 9 10 11 13 15 16 17 18 19 20 22 23 24 25 26 27 28 29 32 35 36 37 38 39 40 41 43 44 45 46 48 49 51 52 53 54 56 57 58 59 61 62 63 64 65
25 1 4 8 9 10 18 21 24 25 27 29 34 37 38 39 40 42 44 45 47 48 57 58 62 65
24 3 4 7 8 10 11 12 16 18 22 25 26 31 33 39 41 43 44 46 51 54 61 62 67
45 2 3 4 5 9 10 11 12 15 16 17 18 19 20 21 25 27 29 30 31 33 34 35 36 37 38 42 43 44 45 47 48 49 51 52 53 54 59 61 62 63 64 65 66 67
20 3 4 5 12 14 22 25 29 30 38 41 42 46 47 48 50 51 60 64 65
42 2 3 4 6 8 9 10 13 15 16 17 18 19 21 25 26 27 28 29 30 33 34 36 42 43 44 45 46 47 49 53 55 56 57 58 59 60 61 62 63 65 67
23 1 10 14 16 17 18 19 20 24 28 29 37 49 50 51 52 54 55 56 57 61 63 66
27 3 5 10 12 14 16 17 20 22 23 25 31 33 39 41 45 48 50 52 53 57 59 60 62 63 64 66
27 3 4 9 13 15 16 18 19 22 23 25 30 34 36 39 47 50 51 52 55 57 58 62 63 64 65 66
34 2 3 4 7 9 10 12 13 14 18 19 20 22 23 28 31 32 33 34 35 36 38 40 45 46 48 51 52 54 55 58 61 62 65
40 1 2 5 6 7 10 11 12 13 14 15 16 20 22 23 24 26 27 28 29 31 32 34 35 36 40 41 44 45 49 50 52 54 58 59 61 62 63 65 67
52 1 2 3 4 5 8 9 10 11 12 13 15 16 18 19 20 22 23 25 27 29 30 31 32 34 35 36 38 39 40 41 42 43 44 45 46 47 48 49 50 51 53 54 55 56 58 61 62 63 64 65 66
25 4 6 7 13 15 19 20 23 25 27 28 29 30 32 38 42 47 49 51 55 56 57 63 64 65
23 1 9 11 14 16 22 23 26 30 33 34 36 41 44 48 50 53 55 56 58 63 66 67
45 2 3 5 6 10 11 13 15 16 18 19 24 26 27 28 32 33 36 37 38 39 40 42 44 45 47 48 50 51 52 53 54 55 56 57 58 59 60 61 62 63 64 65 66 67
31 1 7 8 10 11 13 14 15 16 18 19 24 25 27 29 30 33 34 37 39 42 44 49 51 54 59 61 62 63 66 67
41 1 2 3 4 5 6 8 9 12 13 15 16 18 19 20 22 24 25 29 30 31 32 34 35 36 38 39 40 41 43 44 46 47 54 57 59 60 61 63 64 66
27 3 4 5 6 7 10 13 18 21 23 26 29 31 34 35 38 39 45 47 48 52 58 59 60 62 63 67
52 1 3 4 6 7 8 9 10 11 13 14 16 17 18 19 20 21 23 24 25 26 27 28 29 30 31 32 34 35 36 37 38 39 40 43 44 45 46 47 48 50 51 52 54 55 56 58 60 62 63 65 66
42 1 2 3 4 5 9 10 11 13 14 15 16 20 21 23 25 26 29 30 31 33 36 37 39 42 45 46 48 49 50 52 54 55 57 58 59 60 61 62 64 66 67
48 2 3 4 5 7 8 9 10 11 14 15 17 18 19 20 24 25 26 27 28 29 30 31 32 33 35 36 37 39 40 43 44 45 46 48 51 53 56 57 59 60 61 62 63 64 65 66 67
41 1 2 4 5 7 9 10 12 13 14 17 18 19 20 23 24 28 29 30 31 32 33 34 36 38 46 47 48 49 52 53 54 55 56 59 60 61 64 65 66 67
39 1 4 6 11 12 15 16 17 18 19 20 22 24 26 27 30 31 33 36 37 38 40 41 42 43 44 45 48 51 52 54 55 58 60 61 63 65 66 67
20 1 10 14 17 18 20 21 24 26 27 32 38 40 42 45 51 52 54 57 66
36 1 5 7 9 10 11 15 16 17 18 19 20 22 26 28 29 31 32 34 36 37 39 43 45 46 47 49 50 51 53 59 62 63 64 65 67
38 2 3 4 6 7 12 13 14 17 18 19 22 23 26 29 31 33 34 36 38 40 41 43 44 45 46 47 48 50 51 53 54 55 60 61 63 65 67
54 68 69 70 71 72 73 74 75 76 77 78 79 80 81 82 83 84 85 86 87 88 89 90 91 92 93 94 95 96 97 98 99 100 101 102 103 104 105 106 107 108 109 110 111 112 113 114 115 116 117 118 119 120 121
16 68 70 74 75 79 82 84 86 90 92 93 94 104 105 115 120
23 70 76 77 79 83 85 87 88 90 91 92 95 96 99 102 103 104 106 108 111 114 115 118
32 68 69 71 72 73 76 77 78 79 80 82 83 84 85 87 89 90 93 94 95 96 98 102 105 107 109 112 116 117 118 120 121
41 68 69 72 73 74 76 78 81 82 83 84 85 86 87 88 89 90 91 92 93 95 97 98 100 101 102 104 105 106 108 110 111 112 113 114 115 116 118 119 120 121
38 68 69 71 72 73 74 76 78 79 80 82 85 87 88 89 90 91 92 97 98 99 100 101 102 103 104 107 108 109 111 112 113 114 117 118 119 120 121
27 68 73 77 79 80 81 82 84 86 87 91 92 96 97 99 101 102 103 104 107 108 111 113 115 117 118 120
22 68 71 72 73 74 75 76 78 79 82 83 87 91 95 97 102 108 110 113 114 117 118
34 69 70 72 73 74 75 77 78 80 81 83 87 90 91 92 93 95 96 97 98 99 100 103 104 106 107 109 111 113 116 117 118 119 121
22 69 71 72 75 78 81 83 86 87 90 93 94 95 97 98 102 105 109 111 115 116 118
33 70 71 74 75 76 77 78 80 81 82 83 84 86 87 89 90 91 94 95 97 98 99 100 102 108 109 110 112 113 117 118 119 120
37 68 69 70 71 72 73 75 78 79 80 81 83 86 87 89 91 92 94 95 97 99 102 103 105 106 107 108 110 112 113 114 115 116 118 119 120 121
41 68 69 70 71 72 73 74 75 77 79 80 81 82 83 84 86 87 88 89 90 91 92 94 95 96 97 99 100 103 104 105 107 108 111 112 113 117 118 119 120 121
20 69 72 74 76 77 80 81 83 87 89 90 92 97 103 104 105 106 108 120 121
38 68 69 71 73 75 77 78 79 80 82 84 86 87 88 90 92 94 95 97 98 99 101 102 103 105 106 109 110 111 113 114 115 116 117 118 119 120 121
41 68 69 70 71 72 73 74 75 76 77 78 79 80 83 85 87 88 89 93 94 95 96 98 99 100 101 102 103 105 106 108 109 111 112 114 115 117 118 119 120 121
18 72 74 77 78 88 91 92 93 96 98 102 104 106 108 113 115 117 118
35 68 72 73 74 75 77 78 79 80 81 85 86 89 90 91 92 94 95 96 98 99 100 102 104 106 107 108 109 111 115 116 117 118 120 121
19 71 73 74 79 80 82 83 87 89 91 92 93 97 98 105 108 113 117 119
27 68 70 71 73 75 78 82 86 87 89 90 91 93 94 96 97 100 102 104 105 106 109 111 112 113 115 118
34 69 71 73 75 77 78 80 81 84 87 88 89 90 91 92 93 95 96 101 102 103 104 105 107 108 110 111 112 113 114 116 118 119 121
20 72 73 76 77 82 83 86 89 90 91 93 98 105 106 107 109 111 114 116 117
20 70 71 76 79 82 83 85 89 91 95 98 99 100 103 104 105 108 110 115 116
22 73 76 77 78 79 80 83 84 85 89 91 94 95 97 100 101 102 104 111 112 114 120
37 70 71 72 73 74 75 76 77 80 81 82 84 85 86 87 89 90 91 92 94 96 97 99 100 102 104 105 107 111 112 113 114 115 116 118 119 120
38 68 70 71 72 73 75 76 77 78 80 81 82 83 84 85 87 88 89 90 95 96 97 98 100 101 102 104 105 108 111 112 113 114 115 118 119 120 121
35 68 69 70 71 72 73 76 79 82 83 84 85 87 88 89 90 91 93 95 96 97 98 100 101 103 104 105 106 109 111 113 115 116 117 121
30 69 71 72 74 76 77 80 81 82 83 89 90 92 95 96 98 100 101 102 103 105 108 109 110 112 113 116 117 118 121
31 69 74 75 77 78 80 81 83 84 85 86 88 89 90 92 93 95 99 100 101 104 106 107 109 111 113 114 118 119 120 121
42 68 69 70 71 73 74 75 76 77 78 79 80 81 82 83 84 85 86 88 89 90 92 94 96 98 100 101 102 104 105 106 107 108 109 111 112 115 116 117 118 119 121
22 70 71 72 73 75 80 82 84 85 88 89 90 91 93 105 106 107 108 109 110 111 121
33 69 71 73 74 76 77 78 79 81 82 84 85 86 88 91 92 93 94 96 97 102 103 108 109 110 111 112 114 115 118 119 120 121
17 72 75 78 84 85 86 87 90 92 93 96 99 103 112 116 117 121
63 122 123 124 125 126 127 128 129 130 131 132 133 134 135 136 137 138 139 140 141 142 143 144 145 146 147 148 149 150 151 152 153 154 155 156 157 158 159 160 161 162 163 164 165 166 167 168 169 170 171 172 173 174 175 176 177 178 179 180 181 182 183 184
24 122 123 128 132 133 136 143 147 149 151 153 154 155 156 159 163 166 167 169 173 174 177 180 184
23 125 127 128 129 133 134 135 137 139 150 151 153 161 162 166 172 173 177 179 181 182 183 184
33 122 123 124 125 131 132 133 137 138 140 141 143 145 147 152 153 154 155 157 159 162 164 165 166 167 169 171 173 174 175 176 179 184
23 123 127 130 133 135 139 140 143 151 156 158 160 164 167 169 171 172 173 175 177 179 181 183
47 122 123 124 125 126 127 128 129 132 133 134 135 136 137 138 139 140 141 142 143 144 145 146 147 148 149 151 152 153 155 156 159 161 162 163 165 166 167 169 170 171 173 176 178 179 181 182
25 126 129 130 133 135 137 139 140 142 143 144 145 148 149 154 156 157 158 159 160 168 169 172 177 180
32 122 123 125 126 127 128 131 134 135 138 142 143 147 148 151 153 155 157 158 160 162 164 165 167 170 173 174 176 178 179 180 181
39 122 124 127 128 129 131 135 136 138 139 140 141 143 145 146 148 149 150 151 152 155 156 157 162 163 164 165 166 167 168 169 170 173 174 175 176 179 182 184
45 122 123 124 126 127 128 129 130 131 132 134 136 137 140 141 142 143 144 145 146 147 148 149 150 151 152 154 155 156 157 158 159 160 163 164 165 166 169 171 177 178 180 181 182 183
27 124 126 128 130 134 137 144 146 147 148 150 152 154 155 156 157 158 159 164 166 170 171 172 177 181 183 184
31 124 125 127 131 133 139 140 143 144 145 146 148 149 150 151 154 155 160 164 165 167 169 170 171 173 174 175 176 178 180 182
44 123 124 125 126 127 130 131 132 137 138 139 140 141 145 146 148 149 151 152 155 156 157 159 160 161 162 163 164 166 167 168 170 171 173 174 175 176 177 178 179 180 181 183 184
29 122 123 124 125 127 128 129 130 131 132 135 137 140 145 149 150 151 155 161 165 166 167 172 175 176 178 179 181 183
38 122 123 125 126 127 128 130 132 133 134 136 137 142 144 145 146 148 151 152 155 156 157 162 166 167 169 171 172 173 176 177 178 179 180 181 182 183 184
45 123 124 125 127 128 129 130 131 132 133 134 135 136 138 139 140 144 145 146 149 151 153 154 155 157 158 160 161 163 164 165 167 168 170 171 172 174 175 176 177 178 179 180 182 184
22 124 126 127 129 138 142 144 148 157 158 160 164 165 168 170 172 173 174 175 180 181 182
47 122 124 125 126 127 129 130 131 132 133 134 135 136 138 139 140 141 143 144 146 147 148 149 150 151 152 153 154 156 157 159 162 164 165 166 167 168 169 170 171 172 173 175 176 178 181 183
48 123 124 126 127 128 132 134 135 136 137 138 139 140 141 142 143 144 145 146 147 148 151 152 153 154 156 158 159 160 161 162 163 164 165 166 167 168 169 170 172 174 176 178 179 180 182 183 184
34 122 123 130 131 132 137 138 139 141 142 143 144 146 147 148 149 151 154 155 157 160 162 164 169 171 172 174 176 177 178 180 181 183 184
22 122 124 130 136 138 141 142 147 148 152 153 154 156 160 162 163 165 169 171 172 177 180
36 122 123 124 125 126 127 128 129 131 134 136 137 140 141 142 144 146 147 148 149 150 156 157 158 161 165 167 168 169 173 176 177 180 181 182 184
48 122 124 125 128 129 130 131 132 133 134 135 136 137 138 139 140 141 143 144 146 148 149 150 151 153 154 156 157 158 159 162 163 164 165 166 167 168 169 170 171 172 173 178 179 180 181 182 184
34 123 127 129 131 133 135 136 138 139 141 143 144 145 146 147 148 150 151 152 155 156 157 158 159 160 164 165 168 171 173 174 179 183 184
20 122 131 133 134 137 139 140 144 145 146 150 165 166 167 170 172 177 180 181 183
41 122 123 124 125 126 129 132 133 134 135 136 139 140 141 142 144 148 149 151 152 153 154 155 157 162 164 165 166 167 170 172 174 175 177 178 179 180 181 182 183 184
56 185 186 187 188 189 190 191 192 193 194 195 196 197 198 199 200 201 202 203 204 205 206 207 208 209 210 211 212 213 214 215 216 217 218 219 220 221 222 223 224 225 226 227 228 229 230 231 232 233 234 235 236 237 238 239 240
25 190 191 195 196 199 200 204 205 207 208 209 210 213 215 216 219 225 227 228 229 234 235 236 237 239
37 185 186 187 188 189 190 192 193 194 195 196 197 198 199 200 202 203 206 207 209 212 213 214 215 216 218 219 220 225 227 228 229 230 231 233 234 237
39 185 186 187 188 189 190 193 195 196 197 199 200 201 203 204 205 206 208 211 213 214 215 216 217 218 219 221 222 223 224 225 227 228 229 230 231 232 235 238
33 185 187 188 189 190 191 192 193 196 197 200 202 203 207 208 209 210 212 214 215 217 218 219 220 221 224 225 228 229 230 231 233 238
27 187 189 190 194 196 197 199 200 203 204 206 208 209 212 213 215 216 218 219 220 225 226 229 231 232 234 235
43 185 186 187 188 189 190 191 193 194 195 196 197 198 200 202 203 204 206 208 209 210 211 212 213 216 217 218 219 220 221 222 223 224 227 228 229 230 232 233 235 236 237 240
33 186 189 192 195 196 197 200 201 204 205 208 209 210 212 213 214 215 216 217 219 220 222 224 225 227 229 230 231 232 235 237 239 240
19 185 186 192 195 199 200 205 206 210 217 219 221 227 228 232 233 234 235 240
19 186 187 191 192 195 199 203 205 206 211 218 219 222 227 229 231 233 239 240
36 185 186 187 188 190 191 192 193 195 196 198 199 201 203 204 205 206 207 208 209 212 217 221 222 224 227 228 231 232 234 235 236 237 238 239 240
30 186 187 190 191 192 195 196 197 198 199 200 204 210 211 212 213 214 215 216 217 221 224 225 226 230 232 233 235 236 238
37 185 186 188 190 191 194 195 197 198 199 200 201 203 204 205 206 207 208 209 210 212 214 215 216 217 218 219 223 225 226 227 228 232 235 237 239 240
29 186 189 191 192 194 195 199 204 206 207 208 210 214 215 218 219 220 221 222 224 225 228 229 230 231 235 237 239 240
19 186 188 190 191 195 197 198 201 202 204 205 217 218 223 224 234 235 238 239
30 185 186 187 188 192 193 198 199 203 206 207 208 210 211 213 214 218 221 222 223 225 226 228 229 230 231 233 238 239 240
28 186 187 188 189 190 191 194 195 196 198 199 200 201 203 210 212 216 220 222 224 225 227 228 230 233 234 238 239
33 185 186 187 188 192 193 194 196 198 199 200 202 203 204 205 206 208 210 211 213 214 215 218 219 223 224 228 231 233 236 237 239 240
38 185 188 189 191 193 194 196 198 199 200 202 203 204 205 206 208 209 211 212 214 215 216 219 221 223 226 227 228 229 231 232 233 235 236 237 238 239 240
38 186 187 192 193 195 196 197 198 199 200 201 202 203 205 206 207 208 211 212 213 215 216 218 219 220 222 225 226 228 230 232 233 234 235 236 237 238 240
31 185 187 188 189 191 193 198 199 201 202 203 206 207 211 212 217 218 219 220 222 223 224 225 227 228 231 233 237 238 239 240
31 186 187 188 190 191 192 195 196 197 198 199 200 201 205 206 207 210 211 213 214 215 217 220 222 225 227 230 232 236 239 240
41 185 186 187 188 189 190 191 193 194 195 196 197 200 201 202 203 205 207 208 209 210 211 212 213 214 216 218 221 222 223 225 226 227 228 230 231 233 236 238 239 240
17 185 187 188 191 195 198 200 211 212 213 218 219 220 230 231 237 239
31 186 190 194 195 196 197 198 199 200 202 203 205 208 209 211 212 214 216 218 220 221 223 227 228 230 232 234 235 236 238 240
17 185 189 193 195 197 198 199 203 204 205 207 212 216 219 223 226 227
37 185 187 189 190 191 192 193 194 195 196 198 199 200 203 204 208 209 210 211 213 214 216 218 219 221 222 225 226 227 230 232 233 234 235 237 238 239
18 188 198 205 207 209 210 213 216 219 221 225 226 227 229 232 235 237 239
26 187 188 190 191 192 194 195 199 201 204 205 206 210 212 215 219 220 221 222 223 224 225 230 231 237 238
33 187 188 189 191 193 196 201 202 204 205 206 207 210 211 213 214 215 216 217 220 222 223 224 226 229 230 231 233 235 236 237 238 239
25 186 190 193 194 196 199 204 205 206 207 209 210 213 218 219 220 223 226 229 230 232 234 235 237 238
19 185 186 188 189 191 192 200 201 204 209 210 212 219 221 223 225 228 235 239
27 187 193 196 197 198 199 200 204 207 208 211 212 214 218 219 221 222 223 224 225 228 230 231 234 235 236 237
18 186 194 196 201 202 203 204 208 210 212 213 219 220 221 224 225 229 240
43 186 188 189 190 191 194 195 196 197 198 199 200 201 202 203 204 205 206 208 209 212 214 215 216 217 218 219 220 221 222 223 225 227 230 231 232 233 234 235 237 238 239 240
41 185 187 188 189 190 191 192 193 194 195 196 201 202 203 205 206 207 208 209 210 211 212 213 214 216 217 218 220 222 223 225 228 229 231 233 234 235 237 238 239 240
19 189 192 193 195 198 203 205 207 210 212 216 217 220 221 224 226 229 238 239
23 186 189 190 195 198 201 202 204 205 209 210 212 213 216 217 222 223 230 231 232 234 235 240
18 187 188 191 192 203 204 206 207 208 212 213 215 219 222 232 236 237 240
26 185 187 188 189 191 192 196 197 199 205 206 210 212 214 215 218 220 221 224 225 227 228 230 234 238 239
33 185 187 188 189 191 192 193 194 196 198 199 204 207 209 212 213 214 215 216 217 218 219 220 221 222 225 226 228 231 233 235 237 240
27 186 189 190 194 196 199 200 201 204 206 209 210 212 217 220 222 224 225 226 229 231 232 234 235 236 237 240
21 185 186 190 191 192 196 201 202 205 207 210 211 215 218 219 222 224 229 232 233 236
30 189 192 193 194 195 198 199 201 202 203 204 206 208 209 213 219 221 223 224 225 226 227 228 229 232 233 234 235 238 240
37 185 186 187 188 192 193 194 195 196 197 199 200 201 203 204 205 208 211 213 215 216 217 218 219 220 223 224 228 229 230 231 232 234 237 238 239 240
42 185 186 187 188 190 191 192 193 194 195 197 198 199 200 201 203 205 206 210 211 212 214 215 216 217 219 220 221 223 225 227 228 229 230 231 232 233 234 235 237 239 240
41 185 186 187 188 189 192 194 196 197 198 199 200 201 202 203 205 206 207 210 213 214 215 216 217 218 221 222 223 224 226 227 228 229 230 233 234 235 237 238 239 240
30 185 187 188 191 193 195 196 197 198 199 200 202 203 204 205 214 217 221 222 223 227 228 229 231 233 234 236 237 238 240
39 185 186 187 188 189 191 192 193 198 200 201 202 203 208 209 210 212 213 214 215 216 217 219 220 222 223 224 226 227 228 230 231 232 233 234 235 237 239 240
30 185 189 195 196 197 199 200 203 205 206 208 209 210 212 216 217 219 220 222 223 225 226 228 230 231 232 233 234 238 240
28 185 191 192 193 194 197 198 199 200 202 203 204 205 209 212 213 214 216 217 220 223 224 226 228 232 233 238 240
35 185 186 188 190 193 195 198 203 205 209 210 212 213 214 215 216 217 218 219 220 221 223 224 226 227 228 229 230 231 233 235 236 238 239 240
23 187 188 191 192 193 195 199 200 202 204 206 210 211 214 217 219 222 224 227 228 234 235 240
29 185 186 187 188 189 190 193 194 196 197 198 200 201 202 209 213 215 221 222 225 227 229 231 232 236 237 238 239 240
40 186 189 190 191 192 193 194 195 196 197 198 199 200 201 202 204 205 207 208 209 210 212 215 216 217 218 219 223 225 227 228 229 230 231 232 234 236 237 238 239
30 185 186 187 189 191 192 193 195 197 198 200 208 209 211 213 214 216 218 219 221 222 224 225 227 231 235 236 237 239 240
42 186 188 189 190 191 192 193 194 195 196 198 199 200 201 202 204 205 206 208 209 210 211 214 216 217 218 219 220 224 226 228 229 230 231 233 234 235 236 237 238 239 240
42 185 186 187 188 193 194 195 197 199 200 201 202 203 204 205 206 207 208 210 211 212 213 214 216 217 218 219 221 224 225 226 227 228 229 231 232 233 234 237 238 239 240
35 187 188 189 190 191 193 194 195 196 197 198 201 202 203 204 207 209 210 211 212 213 215 216 218 219 220 223 224 225 227 228 229 231 233 237
19 185 191 192 194 195 199 201 204 205 207 210 211 213 215 218 225 230 232 238
27 185 186 187 189 194 196 198 200 201 202 204 205 208 212 213 214 218 219 221 225 226 227 228 229 231 232 236
17 188 191 193 196 201 204 206 213 216 221 222 223 225 229 230 237 239
26 186 187 188 198 200 201 203 205 206 207 208 209 210 214 215 216 217 218 224 226 227 228 230 231 235 236
38 185 187 189 190 194 195 198 199 201 203 204 206 208 211 212 213 214 215 216 217 218 220 222 223 224 225 228 229 230 231 233 234 235 236 237 238 239 240
24 185 187 193 195 198 199 200 201 204 205 208 214 216 220 221 222 223 225 226 227 230 234 236 239
33 185 187 190 191 193 194 195 196 197 198 199 202 205 206 207 208 211 213 215 217 220 221 224 225 229 230 233 234 235 236 237 238 240
23 185 187 190 191 195 197 199 202 203 205 208 216 217 221 222 223 226 227 228 229 232 235 240
18 186 187 189 190 194 199 206 207 210 213 217 218 222 226 230 231 238 239
22 185 187 188 192 194 195 197 200 202 204 205 208 209 211 212 215 220 227 231 232 235 240
26 186 187 188 192 195 201 203 206 207 208 209 212 214 215 217 218 219 220 223 224 225 226 229 233 234 235
23 187 190 194 196 197 201 202 203 204 205 206 207 208 209 215 219 222 230 231 234 235 236 239
18 186 188 190 192 195 196 199 201 205 208 216 219 223 226 229 230 233 238
22 186 187 189 193 194 196 198 200 203 206 207 210 219 224 225 230 233 234 235 236 239 240
29 185 186 190 191 195 196 198 199 200 201 202 204 206 207 216 220 222 223 224 225 226 227 228 231 232 234 237 239 240
28 188 189 192 194 195 197 198 199 201 202 205 206 209 211 212 215 217 218 219 223 226 227 228 231 232 233 237 239
18 241 243 246 247 249 251 253 255 257 258 259 263 264 265 266 267 268 269
2 258 261
8 243 248 252 260 262 265 268 269
7 243 253 255 256 258 265 266
17 242 244 245 246 247 248 255 258 259 260 261 262 263 266 267 268 269
6 241 245 251 256 263 269
13 241 243 248 249 251 253 258 259 260 262 263 266 269
15 241 242 243 245 246 247 248 249 251 252 253 255 259 262 264
16 245 246 247 249 251 252 253 254 256 258 259 260 261 262 265 267
16 241 245 246 248 250 251 256 257 258 259 260 261 262 263 264 269
13 241 242 243 244 248 250 255 257 263 264 266 268 269
7 246 247 248 252 254 255 266
6 243 250 251 258 259 261
5 246 252 262 263 267
8 241 242 247 249 255 260 262 264
21 243 244 245 246 248 250 251 252 253 254 256 257 258 259 261 263 265 266 267 268 269
12 241 244 245 247 249 250 252 255 257 261 268 269
8 241 243 247 252 255 259 262 263
13 241 242 245 246 248 252 255 257 259 261 262 264 265
10 246 247 249 252 253 254 257 259 260 269
6 244 249 254 255 258 259
12 241 245 246 248 249 251 252 263 264 266 267 268
13 242 243 244 247 249 252 253 254 255 265 266 267 268
3 245 258 266
15 241 242 243 244 245 248 249 251 254 255 259 265 266 268 269
16 241 245 248 249 250 251 253 254 255 257 259 260 261 264 268 269
6 243 248 253 261 267 268
9 241 242 246 247 253 261 264 266 267
7 241 247 251 256 259 260 263
11 241 242 244 249 253 257 260 263 265 268 269
1 254
7 249 253 256 257 259 264 269
18 241 244 249 250 252 253 254 256 258 260 261 262 263 264 265 267 268 269
20 241 247 248 249 250 251 252 253 254 255 256 257 258 259 260 262 263 265 266 269
9 244 245 249 251 258 261 264 265 266
26 241 242 243 244 246 247 248 249 250 251 252 253 254 255 256 257 259 260 261 262 263 264 265 267 268 269
7 242 248 254 256 258 262 265
7 241 243 246 247 248 260 265
8 242 244 246 249 250 258 265 266
5 245 256 262 264 267
19 241 242 243 244 245 248 250 251 255 256 258 261 262 263 264 265 266 267 268
10 241 242 243 246 247 250 251 260 261 265
8 242 243 244 247 256 258 265 266
9 247 252 254 255 257 259 260 262 264
21 242 244 245 249 250 251 252 253 254 255 256 257 258 261 262 263 264 266 267 268 269
5 243 259 260 263 267
9 245 249 250 252 254 257 261 265 266
10 242 244 245 248 250 252 256 260 261 262
12 244 245 248 252 254 255 258 262 263 266 267 268
8 247 253 254 255 256 259 260 262
5 246 251 253 264 266
6 250 253 256 257 267 269
2 243 258
14 241 244 246 247 249 250 252 253 255 256 257 260 263 266
6 245 250 251 256 257 263
7 242 244 250 257 261 265 269
1 259
11 242 243 245 246 247 248 251 255 257 259 266
16 241 242 244 245 246 250 252 257 259 260 261 262 264 267 268 269
12 243 249 250 251 253 254 256 263 266 267 268 269
4 244 247 258 260
12 241 243 249 250 251 252 253 254 256 257 264 265
12 244 250 254 256 257 260 263 265 266 267 268 269
6 247 248 249 251 254 263
9 242 243 244 245 246 261 264 267 268
15 242 243 245 248 251 254 258 259 261 262 264 265 267 268 269
6 242 246 248 254 260 268
16 242 244 245 246 247 250 252 254 255 256 257 261 264 265 267 268
13 242 243 244 246 248 253 255 258 262 264 267 268 269
14 246 247 250 252 253 256 257 258 260 261 262 263 264 267
7 242 244 248 252 256 260 261
2 258 266
4 243 251 258 261
4 241 249 255 262
5 246 247 250 251 261
14 241 242 244 245 246 252 257 259 260 261 262 267 268 269
5 244 249 254 255 258
9 241 242 244 249 257 260 263 268 269
7 241 243 249 251 259 260 269
4 243 256 258 266
3 244 258 260
5 241 247 251 260 263
6 242 245 261 264 267 268
4 248 261 267 268
4 246 247 255 266
8 242 243 245 246 247 251 259 266
10 241 242 244 246 252 257 261 264 267 268
5 242 244 250 257 269
4 245 256 257 263
3 248 249 254
5 248 254 256 258 265
4 245 250 257 263
9 242 243 245 247 248 251 253 255 259
7 243 244 253 258 264 267 269
3 245 264 267
11 241 245 248 251 253 254 255 257 259 260 264
6 252 255 262 266 267 268
11 245 248 250 252 253 254 256 263 265 267 269
6 244 245 247 250 255 261
6 242 244 246 249 265 266
7 241 242 243 244 255 263 266
11 241 242 244 245 250 257 259 260 267 268 269
13 241 244 249 250 252 253 254 258 260 261 262 263 265
5 241 247 252 255 262
6 242 247 254 255 265 268
6 242 244 257 260 265 269
3 253 256 269
4 254 255 258 259
3 246 254 260
12 241 242 243 244 245 248 249 254 259 265 266 268
12 241 245 248 250 251 253 254 255 257 259 268 269
9 244 246 249 250 255 256 257 260 263
10 249 251 253 254 256 263 266 267 268 269
6 241 242 243 250 251 260
10 242 243 248 253 255 258 262 264 267 269
3 252 262 267
1 258
6 241 242 247 253 261 266
5 247 252 254 255 266
7 257 263 265 266 267 268 269
12 246 247 250 252 253 256 258 260 261 262 264 267
10 242 243 244 246 248 255 258 264 268 269
13 241 245 246 248 251 256 258 259 260 261 262 263 269
11 242 244 245 247 250 252 254 256 261 264 268
3 243 258 259
4 243 258 259 261
3 246 247 248
7 244 246 249 250 258 265 266
13 241 243 244 245 248 251 256 258 263 264 266 267 268
4 247 248 252 266
7 246 247 249 254 259 260 269
1 258
9 250 254 256 257 260 263 266 268 269
5 242 244 256 258 265
7 246 247 252 254 257 260 269
9 242 243 245 246 251 255 257 259 266
6 247 253 254 255 260 262
4 241 247 259 262
4 245 256 263 269
7 244 245 249 251 258 264 266
13 245 246 247 251 254 256 258 259 260 261 262 265 267
7 243 249 253 254 256 263 269
9 241 243 249 251 252 253 254 256 257
8 242 245 248 251 255 257 259 266
13 241 244 246 250 252 257 259 260 262 264 267 268 269
9 241 242 244 249 253 257 263 268 269
9 241 242 244 250 255 256 262 264 266
1 261
7 244 250 263 265 266 268 269
3 241 245 269
9 243 248 251 254 258 261 262 264 267
5 241 247 249 260 264
8 248 251 259 261 262 265 267 269
6 244 257 263 265 268 269
7 247 253 254 255 256 259 260
8 243 249 250 253 256 257 264 265
7 249 253 260 263 265 268 269
5 241 253 261 264 267
3 245 264 267
1 243
2 264 267
3 252 263 267
11 245 246 247 252 253 254 256 259 261 262 265
9 241 247 248 249 251 252 259 262 264
7 247 252 254 255 260 262 264
10 242 243 244 248 249 251 254 255 265 266
3 246 252 262
4 242 246 248 260
1 243
5 241 247 252 255 262
9 241 244 245 247 249 250 255 261 269
11 246 250 252 253 256 257 258 260 261 262 264
14 245 246 247 249 252 253 254 256 258 260 261 262 265 267
6 243 252 253 254 265 268
6 246 247 252 257 260 269
1 258
19 241 242 243 244 246 247 248 249 250 251 252 254 256 257 259 261 263 264 269
19 241 242 243 244 246 247 249 250 251 253 254 259 260 261 263 264 265 267 269
7 247 249 252 253 254 257 260
3 251 256 263
10 244 245 246 247 248 258 259 260 262 268
8 242 245 246 247 251 255 259 262
4 242 250 257 265
3 253 258 265
4 241 247 255 262
9 242 244 246 248 258 262 264 267 269
7 244 248 252 254 255 267 268
9 244 248 252 254 262 263 266 267 268
9 245 248 254 259 261 262 267 268 269
3 243 260 267
15 241 243 246 247 249 251 253 257 258 259 263 264 265 267 269
13 242 245 249 251 252 253 255 257 262 263 264 266 268
5 242 248 254 262 265
12 243 247 249 251 253 255 263 265 266 267 268 269
6 247 253 254 257 260 269
16 241 243 244 246 247 248 250 251 253 255 257 259 261 263 264 265
4 247 252 255 263
4 256 257 259 269
3 243 261 268
7 244 245 248 250 252 261 262
2 245 258
10 243 248 250 255 256 258 262 264 265 267
12 244 246 247 249 250 252 253 255 256 260 263 266
9 242 244 246 255 258 262 264 267 269
3 241 256 263
13 245 246 249 252 253 254 256 259 260 261 262 265 267
9 247 248 255 258 259 263 266 267 269
4 243 248 252 265
10 241 242 248 252 255 257 261 262 264 265
8 241 242 243 246 247 250 260 261
6 242 247 249 260 262 264
7 242 247 249 255 260 262 264
5 253 256 257 267 269
3 256 259 260
5 242 248 256 258 262
9 243 249 251 253 254 263 266 267 269
7 243 249 251 262 263 266 269
1 258
3 241 245 263
4 243 251 259 261
12 241 245 248 249 250 251 253 259 260 261 268 269
5 241 247 256 259 260
6 247 252 257 259 262 264
9 241 242 244 253 260 263 265 268 269
17 244 245 246 248 250 251 252 253 254 256 257 258 259 263 265 266 267
9 241 248 249 258 259 260 262 266 269
4 242 246 254 268
9 241 245 248 249 250 255 257 259 261
9 241 246 247 249 250 253 255 256 263
6 243 244 247 258 265 266
12 242 243 244 245 248 249 251 255 259 265 266 268
4 253 256 257 269
6 243 252 260 262 268 269
6 245 249 250 257 261 266
5 242 246 248 254 268
3 249 254 263
5 245 250 251 256 263
4 241 242 249 255
8 245 248 252 254 258 266 267 268
10 243 248 249 251 253 259 260 263 266 269
4 247 248 249 251
7 246 249 251 252 263 266 268
4 243 248 252 262
6 247 253 254 255 256 262
9 244 254 256 260 263 266 267 268 269
9 245 248 250 251 255 260 264 268 269
4 247 251 259 260
3 245 263 269
1 258
11 241 242 245 247 249 252 253 255 259 262 264
4 242 243 247 266
13 242 244 245 246 250 254 255 256 257 264 265 267 268
5 241 243 246 247 265
7 243 245 246 261 264 267 268
4 246 252 263 267
8 241 244 245 247 250 252 255 269
6 246 249 250 258 265 266
6 244 245 261 264 267 268
9 244 245 247 250 252 255 257 261 268
10 241 243 250 251 252 253 254 256 257 264
8 242 243 248 251 254 262 267 269
18 244 245 246 248 250 251 252 253 254 256 257 258 259 261 263 265 266 268
10 244 245 247 255 259 261 262 263 268 269
3 256 262 267
5 242 243 244 256 258
3 250 256 257
10 242 243 249 252 253 254 265 266 267 268
12 245 246 247 251 252 253 254 256 258 260 265 267
4 242 261 265 269
1 258
10 241 243 249 251 258 259 260 263 266 269
6 242 243 244 255 262 264
5 243 244 245 246 268
5 249 250 257 261 265
5 243 248 260 262 265
7 249 250 255 257 261 268 269
8 241 244 249 250 252 256 260 263
2 244 258
9 243 251 253 254 256 263 266 267 269
2 246 266
12 242 243 245 248 251 254 259 261 262 265 268 269
5 247 253 254 255 260
11 241 242 244 250 252 259 260 262 264 268 269
5 244 249 250 265 266
12 246 247 250 252 253 256 257 258 262 263 264 267
4 243 260 265 269
2 256 262
2 258 260
10 245 247 250 252 254 255 256 261 264 267
14 241 242 243 245 248 250 251 255 256 258 264 265 266 267
8 243 244 248 255 257 263 266 269
4 250 252 254 261
3 253 267 269
4 244 254 255 259
9 242 244 249 252 254 255 266 267 268
5 245 251 256 257 263
5 247 251 256 259 263
5 245 250 251 257 263
1 245
5 248 252 254 255 266
16 242 244 245 249 250 251 252 255 256 257 261 262 263 264 266 267
11 242 243 245 251 254 258 259 261 262 267 268
6 241 243 249 258 266 269
3 262 263 267
4 247 248 251 254
6 241 245 249 263 264 266
10 241 245 247 249 252 255 257 261 268 269
7 244 245 247 250 255 261 268
6 245 248 254 258 267 268
12 241 242 243 248 251 255 258 262 263 266 267 268
15 244 245 251 253 255 257 258 261 262 263 264 266 267 268 269
5 248 253 261 267 268
3 247 248 249
4 250 256 267 269
3 253 264 266
6 246 249 252 253 257 260
4 249 250 258 266
7 250 257 260 263 266 268 269
17 241 242 243 246 248 249 251 252 253 254 256 257 260 263 264 267 269
6 253 254 257 259 260 269
5 253 256 257 264 269
15 242 245 249 250 251 253 256 258 261 262 263 264 266 268 269
8 242 243 244 253 255 258 267 268
14 241 243 246 247 249 253 257 258 259 263 266 267 268 269
6 241 242 247 255 260 264
6 242 243 246 247 255 266
15 242 244 249 250 252 253 255 257 258 262 263 264 266 267 268
4 241 249 255 264
2 246 253
5 241 246 253 261 267
5 244 251 258 264 265
4 247 248 254 263
5 241 243 247 259 263
4 254 258 262 265
2 244 258
14 245 246 247 249 251 252 253 256 258 259 260 261 265 267
9 246 247 250 256 257 258 260 261 267
5 241 247 251 260 263
5 242 255 260 262 264
12 241 242 245 246 250 252 257 259 261 262 264 267
10 241 244 245 247 250 255 257 261 268 269
7 250 257 258 260 262 263 264
7 241 242 247 253 261 264 267
4 243 255 258 266
7 243 245 246 261 264 267 268
3 244 247 258
12 242 246 247 250 254 255 256 257 261 264 267 268
11 242 244 245 246 252 254 255 257 261 264 268
3 243 250 258
4 253 254 259 262
11 241 242 243 244 248 249 251 255 265 268 269
13 243 245 250 251 253 257 258 261 263 265 266 267 269
11 241 248 249 250 251 254 259 260 264 268 269
8 245 246 256 258 261 262 263 264
5 244 250 257 265 269
10 250 252 253 256 257 260 261 262 264 267
3 243 258 261
12 243 245 251 254 258 259 262 264 265 267 268 269
10 242 245 247 250 255 256 257 265 267 268
2 247 258
5 241 245 251 256 263
6 241 242 243 246 251 261
5 243 253 255 258 266
5 247 252 255 259 262
14 243 246 247 249 251 252 253 254 256 259 263 265 267 269
10 241 242 250 252 254 256 264 265 266 269
16 241 243 246 248 250 252 255 256 257 260 261 263 264 265 267 268
13 242 243 247 248 249 250 252 258 262 263 264 265 269
18 241 242 243 244 245 248 249 250 251 252 255 256 258 259 262 264 266 267
17 241 244 245 246 247 249 253 254 255 257 259 260 262 264 266 268 269
10 244 245 247 249 254 256 258 260 264 269
9 248 254 255 256 259 261 262 266 268
12 241 243 247 250 254 255 256 258 261 262 267 269
14 241 247 248 250 252 254 255 256 257 258 261 262 265 269
16 242 243 247 248 249 250 251 254 258 259 260 261 262 266 267 268
12 241 243 244 247 252 255 260 261 262 265 266 268
8 241 242 249 255 258 261 262 264
8 241 245 252 253 255 256 258 261
9 242 246 247 251 254 256 259 265 269
18 241 244 248 249 250 254 256 257 258 259 260 261 262 263 264 265 268 269
18 241 243 245 246 248 250 251 252 253 256 257 258 261 262 264 265 267 268
18 241 243 244 245 246 247 249 254 255 256 258 260 262 263 264 265 267 269
18 241 242 245 246 248 249 250 251 254 256 259 260 262 263 264 266 268 269
12 243 245 246 248 251 254 260 262 263 266 268 269
15 243 247 248 249 250 252 253 254 255 257 258 261 262 267 268
17 241 242 245 246 247 249 251 252 253 254 257 258 261 262 267 268 269
16 243 244 245 246 248 251 255 256 257 258 259 260 264 266 267 268
8 241 242 253 255 257 259 263 265
14 241 243 247 248 249 252 256 257 260 261 262 264 266 267
17 245 246 247 248 250 252 254 256 257 259 262 263 264 266 267 268 269
10 246 247 248 250 251 252 256 262 266 268
10 242 244 248 249 257 261 263 264 265 268
16 243 244 247 248 250 251 252 254 256 258 261 262 263 264 268 269
10 246 247 249 251 252 256 257 260 261 266
17 242 244 245 247 248 249 251 254 257 260 262 263 264 265 267 268 269
18 241 243 244 247 248 250 252 253 254 255 258 259 260 262 263 264 267 269
11 242 244 246 248 249 253 255 256 267 268 269
16 241 242 244 245 246 247 248 249 257 260 263 264 265 266 267 269
15 241 242 245 246 247 249 251 256 257 260 261 262 265 266 269
15 242 243 245 247 248 250 251 252 256 257 262 263 266 267 268
12 242 245 246 249 252 255 257 258 259 265 267 269
11 242 244 246 252 254 255 257 258 264 265 268
17 243 244 245 248 250 251 252 253 255 257 259 260 261 264 265 267 268
19 242 243 244 245 246 248 249 255 258 260 261 262 263 264 265 266 267 268 269
15 241 242 243 244 245 248 249 251 253 257 262 264 265 266 269
18 241 242 243 244 247 248 249 251 252 253 254 257 260 261 262 266 267 268
19 241 243 244 245 246 247 248 249 251 254 255 256 257 258 260 261 265 268 269
17 247 248 249 251 252 253 254 255 256 257 258 260 261 262 263 267 269
18 242 244 245 246 247 249 251 252 253 254 255 257 258 263 264 267 268 269
19 242 244 246 247 249 251 253 254 256 257 258 260 261 262 263 265 266 268 269
18 241 242 243 244 245 246 248 251 253 254 255 256 257 258 262 264 268 269
13 241 245 246 247 248 250 251 257 258 259 260 263 264
17 242 245 246 247 250 251 252 254 255 257 258 259 260 262 264 266 268
11 244 246 248 251 253 255 260 261 264 266 269
14 243 245 247 249 252 255 257 258 260 261 263 266 267 268
13 244 245 247 249 251 253 254 256 258 261 264 265 267
9 242 245 246 248 251 254 255 261 262
18 241 243 245 248 249 250 253 255 256 258 259 261 263 264 265 266 267 268
9 242 245 250 251 252 257 262 264 268
15 241 242 244 246 250 254 258 259 260 261 262 264 266 267 268
10 241 244 248 249 250 252 256 258 263 266
8 241 248 249 252 255 258 264 267
18 241 242 243 245 246 247 249 250 252 253 254 255 256 260 261 264 265 266
20 241 242 243 244 245 246 247 248 251 252 256 258 259 261 263 264 265 266 268 269
10 241 242 244 245 250 256 258 259 263 265
19 242 243 245 247 249 252 253 256 257 258 261 262 263 264 265 266 267 268 269
12 241 243 244 245 246 255 258 260 261 262 268 269
13 242 243 246 248 250 251 253 254 258 263 264 265 267
12 242 245 247 250 253 255 257 260 263 265 266 269
11 241 242 243 244 245 252 258 260 261 263 269
15 241 242 243 245 246 247 251 253 256 257 259 261 262 264 269
15 243 247 249 251 252 253 256 258 259 260 261 262 267 268 269
10 242 247 248 249 252 255 258 259 262 269
12 246 248 249 250 251 252 256 257 258 262 265 266
14 243 244 245 248 249 250 254 255 256 259 263 264 268 269
11 245 247 254 255 260 262 263 266 267 268 269
17 241 244 245 247 248 249 251 253 255 256 257 258 259 262 266 267 268
11 241 243 244 248 250 251 252 253 255 259 266
16 244 245 247 248 249 251 255 257 258 259 260 261 264 265 267 268
13 244 245 246 247 248 250 253 256 258 263 265 268 269
17 241 242 245 246 247 250 252 253 254 255 258 259 263 264 265 267 269
12 241 244 245 249 250 252 254 256 261 262 267 268
12 241 244 245 246 248 251 254 256 266 267 268 269
9 241 243 245 247 249 257 258 261 263
18 241 243 244 245 246 247 250 251 252 253 256 258 259 261 264 265 266 269
13 243 244 245 246 248 249 256 257 258 259 264 265 266
15 241 244 245 246 248 249 250 252 257 258 259 263 266 267 268
17 244 245 246 247 248 250 251 252 253 255 258 263 264 265 266 268 269
9 241 246 253 254 258 259 261 266 268
9 243 245 248 250 254 260 265 266 267
12 243 244 248 252 255 257 258 260 264 265 267 268
11 244 245 246 247 250 251 256 260 262 264 268
8 243 248 252 253 257 260 263 265
8 247 248 250 254 255 263 264 268
12 241 242 243 247 249 250 253 256 258 259 266 267
17 242 243 244 245 246 247 250 251 252 253 254 258 261 262 265 266 269
10 241 244 247 249 253 256 257 263 268 269
16 241 242 244 246 247 249 251 254 257 258 259 261 262 263 264 266
15 244 245 246 247 250 253 256 257 258 261 262 263 265 266 267
10 241 250 252 254 261 264 265 267 268 269
17 241 242 244 245 246 247 249 251 254 255 256 258 260 263 264 266 268
14 241 242 243 244 246 247 249 250 253 254 256 257 259 265
13 241 244 246 247 248 249 254 255 261 262 263 264 266
8 241 245 246 251 255 258 263 267
9 244 246 253 257 264 266 267 268 269
12 244 245 247 248 249 251 257 260 261 262 266 267
18 242 246 247 248 249 251 252 253 256 257 258 259 260 261 264 265 267 269
13 243 246 247 248 251 254 256 262 263 264 265 266 268
9 241 244 245 246 260 262 265 268 269
9 244 245 246 248 249 251 256 262 265
18 241 242 244 246 248 249 251 253 254 255 257 260 261 264 265 267 268 269
12 245 247 248 250 253 254 256 257 258 259 263 265
19 241 243 245 246 247 249 251 252 253 254 257 258 260 261 262 263 266 267 268
10 244 245 248 251 253 257 258 261 262 266
18 241 242 246 248 249 250 252 253 254 255 256 259 261 263 264 266 268 269
10 242 243 247 252 253 257 258 261 262 269
9 244 246 247 254 257 259 260 266 267
17 243 244 247 248 249 250 251 252 253 256 258 259 261 262 263 268 269
11 241 243 246 249 250 255 261 265 266 268 269
14 241 242 244 247 250 252 255 256 257 258 261 263 267 268
16 241 242 244 246 247 251 253 257 258 260 261 262 263 264 266 268
15 241 242 244 245 248 249 250 252 253 258 259 260 262 263 266
17 245 246 247 248 250 252 253 256 257 259 260 261 263 264 265 268 269
17 241 243 244 245 248 250 251 252 253 255 259 262 263 265 267 268 269
16 245 247 248 249 251 252 253 254 257 258 262 265 266 267 268 269
15 241 243 244 247 248 249 250 252 253 259 260 262 265 267 269
10 245 246 247 248 250 255 259 262 264 265
9 245 253 254 256 257 260 262 265 268
19 244 247 249 250 251 252 254 256 257 258 260 261 262 263 264 265 266 267 269
9 242 244 246 251 253 257 261 264 268
9 248 250 256 257 261 263 264 266 268
19 242 244 245 246 247 248 251 252 253 254 255 259 260 262 263 264 266 267 269
14 244 251 254 255 256 258 259 261 262 263 265 266 267 268
19 241 242 245 247 248 249 250 252 253 254 255 256 258 260 264 266 267 268 269
19 241 242 243 245 248 249 250 252 253 254 255 256 258 260 261 263 265 267 268
16 241 242 243 246 251 252 254 255 256 258 259 261 262 264 266 269
13 242 244 247 248 251 256 258 260 261 265 266 267 269
17 241 243 244 246 247 248 249 252 254 256 258 262 263 265 266 267 268
15 241 242 243 246 247 248 250 253 257 258 260 263 264 265 268
9 241 244 245 247 252 253 254 259 262
10 241 243 247 249 254 255 256 257 263 265
17 241 242 243 247 248 249 251 257 258 259 260 262 263 264 267 268 269
14 241 242 243 244 245 254 257 258 259 261 262 264 265 266
11 246 256 257 259 260 261 262 264 267 268 269
12 241 242 244 246 247 248 251 252 258 260 264 266
16 241 242 244 247 250 252 253 254 257 258 260 261 263 266 267 268
16 241 242 243 244 250 252 253 255 257 258 260 261 262 265 266 267
13 244 245 248 249 250 251 253 257 258 262 267 268 269
12 241 242 249 250 252 258 259 261 262 263 265 268
13 246 251 253 255 257 258 259 261 262 266 267 268 269
18 243 246 247 248 251 253 254 256 257 258 259 262 263 264 266 267 268 269
16 242 243 244 246 249 250 251 253 254 256 259 262 263 265 267 268
18 241 242 243 245 246 251 252 255 256 257 260 261 264 265 266 267 268 269
13 241 242 244 245 246 248 251 252 256 260 263 267 269
13 247 249 250 251 254 256 257 259 261 264 265 267 268
11 245 247 250 252 257 259 260 263 265 267 269
18 243 244 245 247 248 250 251 253 254 255 256 258 262 263 264 266 267 268
9 241 246 250 253 258 260 262 263 267
11 242 243 247 248 255 256 259 260 263 265 266
10 252 255 256 259 260 262 263 265 267 269
8 243 251 252 253 256 258 262 268
17 241 242 243 244 245 247 250 252 255 256 257 258 261 262 264 266 267
11 241 247 251 252 254 258 259 262 263 266 267
15 242 243 246 247 248 249 250 252 253 257 260 262 265 268 269
13 241 242 243 247 248 250 251 253 257 259 260 266 269
18 241 242 243 245 247 248 249 251 252 254 255 257 260 261 263 264 267 268
17 241 242 243 246 247 249 250 252 254 256 257 258 259 260 263 264 265
8 244 248 252 253 255 260 264 265
13 241 243 244 245 248 249 252 254 255 256 262 268 269
11 243 245 246 247 248 249 255 261 262 265 269
13 243 244 248 249 250 254 255 256 257 258 263 264 269
11 242 243 244 245 250 252 253 254 261 262 265
9 244 245 248 249 256 258 261 262 263
18 242 243 245 247 248 249 250 251 254 255 257 258 260 262 263 264 268 269
16 242 244 245 248 249 250 251 252 253 255 259 260 263 267 268 269
14 242 244 246 249 250 252 253 259 261 262 263 264 266 267
8 247 250 251 253 259 260 263 268
16 242 243 247 249 250 251 252 253 255 258 260 261 262 263 265 267
15 245 248 249 250 251 253 254 256 257 258 263 265 266 267 269
19 242 244 245 247 248 249 251 253 254 255 257 258 260 261 262 263 264 265 267
15 242 244 245 246 248 251 252 254 256 258 261 264 266 267 268
11 243 256 259 260 261 262 263 265 266 267 269
11 242 244 245 246 250 258 259 260 262 264 266
13 244 247 249 251 252 254 255 258 260 263 264 265 267
18 241 242 245 246 247 250 251 252 255 257 258 261 262 263 265 266 267 268
13 241 245 247 248 250 252 253 256 257 258 259 263 267
9 242 243 245 247 248 252 256 260 267
9 246 247 249 252 257 259 260 262 263
16 241 242 244 245 246 247 250 253 255 257 259 260 263 266 267 269
19 241 242 244 245 246 249 250 252 253 254 255 258 259 260 261 262 263 264 266
20 241 243 244 246 247 248 249 250 252 253 254 256 257 260 262 263 265 266 267 268
11 245 246 248 253 254 257 258 260 262 267 269
14 242 243 244 247 250 251 252 253 257 258 259 262 265 269
9 241 243 244 247 251 254 258 260 269
19 241 244 245 246 248 250 252 253 254 257 258 259 260 261 265 266 267 268 269
17 242 243 244 247 248 249 250 253 255 257 258 259 263 264 266 267 269
11 241 247 248 249 256 258 262 263 264 267 269
12 241 242 244 247 249 251 252 254 255 261 266 267
16 243 245 246 247 250 251 252 253 254 259 260 261 263 264 268 269
12 241 243 245 246 247 248 249 250 256 261 267 268
17 241 244 246 247 248 250 252 253 255 256 257 258 259 262 267 268 269
11 241 247 248 250 256 257 258 259 261 265 268
17 241 243 244 245 246 249 256 257 258 259 262 263 264 265 266 267 269
10 242 243 244 246 251 257 258 261 262 263
16 242 243 244 246 247 251 254 255 257 258 259 264 265 266 268 269
18 241 243 246 247 248 249 252 254 255 256 258 260 261 263 264 266 268 269
19 242 243 244 246 247 248 249 252 253 254 255 257 259 260 262 263 264 266 268
15 242 244 245 246 247 248 249 250 253 255 256 263 264 265 268
20 242 243 244 245 247 250 251 254 255 257 259 260 261 262 263 264 265 266 267 269
12 241 243 246 252 253 255 258 259 262 263 265 266
14 241 242 244 246 247 253 254 257 259 260 263 266 267 268
14 241 246 247 248 249 250 252 254 257 260 261 263 266 268
12 241 243 246 253 254 255 256 258 261 263 267 268
17 246 248 249 250 251 252 253 254 256 258 261 262 263 264 266 267 268
13 242 246 247 249 254 255 257 260 261 264 266 268 269
12 241 244 247 248 250 251 253 257 259 266 267 269
13 246 247 248 253 254 257 259 260 263 265 267 268 269
19 243 244 245 246 247 248 249 251 252 253 254 255 259 262 263 264 265 267 268
10 246 247 250 259 260 261 263 264 268 269
17 243 245 246 247 248 250 252 255 256 257 258 261 263 264 266 267 269
14 241 243 246 248 249 251 256 257 258 259 261 262 265 269
12 244 247 248 252 253 255 257 259 261 264 267 268
13 241 243 247 248 249 250 251 257 261 264 266 267 269
10 241 242 243 244 245 251 266 267 268 269
18 241 243 246 248 249 250 253 257 258 259 260 261 262 263 264 266 268 269
10 242 249 250 251 253 256 257 259 260 261
10 241 242 243 244 248 249 254 262 267 268
9 241 242 244 245 251 252 260 265 268
10 241 242 250 255 259 260 261 262 263 266
12 243 246 248 250 254 255 261 262 264 265 266 267
10 242 243 246 249 252 258 263 264 265 269
16 242 243 245 247 250 251 252 253 254 256 258 260 261 265 266 268
11 243 245 246 251 257 259 260 262 263 265 269
18 242 243 245 246 247 249 250 251 254 255 260 262 263 265 266 267 268 269
9 245 246 248 251 253 258 261 268 269
18 241 242 245 247 249 251 252 253 255 256 257 259 260 261 263 265 268 269
11 242 245 247 248 253 254 261 262 263 265 266
14 242 243 245 248 252 253 254 255 256 260 264 266 268 269
18 241 242 243 247 249 250 251 252 253 254 256 257 258 259 260 264 268 269
15 241 242 243 244 246 252 253 254 259 261 262 264 265 266 269
11 242 244 245 247 248 254 257 262 264 267 268
16 241 243 245 246 247 248 249 252 254 257 260 262 263 266 267 268
12 241 242 248 249 250 252 253 257 260 263 264 265
9 247 252 256 259 261 263 266 268 269
9 242 243 246 253 254 255 261 263 264
20 242 243 244 245 246 247 248 250 251 253 255 256 257 258 259 261 262 265 268 269
10 241 243 244 248 249 254 256 261 262 263
10 242 243 244 245 248 250 254 258 260 261
9 241 252 255 260 261 264 267 268 269
10 241 243 248 254 256 258 263 266 267 268
16 241 244 246 247 249 250 253 255 257 258 260 261 265 266 268 269
18 242 245 246 248 249 250 251 252 254 255 256 258 259 261 263 264 268 269
19 242 243 244 245 246 247 248 249 250 252 253 254 255 256 257 259 265 266 268
12 244 248 250 252 253 254 258 260 261 265 266 269
18 241 242 243 246 247 248 249 250 253 254 255 258 259 261 262 263 268 269
16 241 242 243 244 245 246 248 251 253 255 257 258 259 260 264 269
9 247 250 251 256 257 260 261 266 268
9 242 245 250 251 254 259 264 267 269
11 242 243 245 253 255 256 259 260 262 264 265
16 242 243 245 248 249 250 251 256 258 261 262 263 264 267 268 269
13 241 242 245 248 250 251 253 256 258 259 260 261 264
12 243 245 251 253 256 257 259 260 261 262 265 267
15 245 247 249 250 253 255 257 258 260 262 263 264 265 267 268
16 241 243 244 246 248 249 250 252 254 257 259 263 265 266 267 269
19 241 242 244 245 247 248 249 250 251 252 254 255 256 257 259 262 264 265 269
10 241 242 246 253 254 256 260 264 267 269
17 241 243 244 247 250 251 253 254 258 259 261 262 263 265 267 268 269
16 243 245 246 247 249 250 251 252 253 254 256 258 259 260 264 266
9 247 248 252 253 254 258 262 264 269
10 241 242 243 244 257 260 262 263 265 269
19 241 243 244 245 248 250 251 253 254 255 256 257 258 260 262 263 264 265 269
11 241 243 245 249 252 255 257 258 260 266 267
15 241 242 243 245 246 253 254 257 259 260 262 264 266 268 269
10 241 242 243 244 246 253 254 256 258 268
18 241 243 244 246 247 248 250 252 253 255 257 260 261 262 264 266 267 268
17 242 243 245 246 250 251 252 255 256 257 258 259 261 265 267 268 269
12 242 243 244 245 246 248 251 254 255 258 259 267
20 241 242 243 244 245 250 252 253 254 255 256 257 259 260 263 264 265 266 267 268
12 243 245 253 255 256 257 260 264 265 266 268 269
14 241 244 245 246 248 249 250 252 254 257 258 261 267 268
18 242 244 245 247 249 250 253 255 256 257 258 261 264 265 266 267 268 269
10 245 247 248 250 253 257 258 261 263 267
18 243 244 245 246 247 249 250 254 255 256 257 258 259 263 265 266 268 269
17 241 244 246 247 249 250 252 254 255 257 258 260 263 264 265 267 269
17 241 244 245 246 247 249 250 252 254 257 258 259 260 262 263 264 269
14 241 243 245 246 247 253 255 256 260 263 264 265 267 269
14 242 243 245 249 250 252 253 254 256 257 262 263 264 269
12 248 249 250 252 255 256 257 262 265 266 268 269
18 241 243 245 246 248 249 250 251 253 254 255 256 258 259 260 264 265 266
15 241 245 246 247 251 252 257 259 260 262 263 265 267 268 269
20 241 242 243 244 245 246 249 250 251 254 256 257 258 260 262 264 265 266 267 269
16 241 242 243 245 249 252 253 254 255 258 259 260 261 263 266 267
19 242 243 245 246 248 249 252 255 256 257 259 260 261 263 264 265 266 268 269
19 241 242 244 245 246 247 248 249 251 252 253 254 257 258 261 262 265 266 268
18 241 242 243 244 245 246 247 249 252 254 255 257 259 260 262 263 267 269
9 241 250 251 252 254 257 259 267 268
15 241 242 244 249 251 252 253 256 258 260 261 262 265 267 268
18 246 247 249 250 252 253 254 255 256 257 259 260 261 262 263 267 268 269
13 241 243 245 249 253 258 260 261 262 263 264 268 269
12 241 243 244 248 249 250 251 253 261 264 266 268
19 244 245 247 248 249 251 252 254 255 257 258 260 261 262 263 265 267 268 269
14 242 243 245 246 247 250 252 256 257 259 260 265 266 268
17 244 246 247 248 249 253 254 256 257 258 259 261 263 264 265 267 269
10 241 244 246 248 253 259 265 266 267 269
18 241 243 244 245 246 248 249 253 254 255 257 259 260 261 263 266 267 268
9 246 249 251 255 257 259 262 263 265
19 243 245 247 249 251 252 253 254 255 256 258 259 260 261 263 264 266 268 269
10 270 272 273 277 280 284 287 288 291 294
9 275 276 278 280 281 285 287 289 290
13 271 272 273 276 277 278 280 281 285 287 289 291 293
6 276 281 282 284 287 292
4 272 280 284 288
13 272 273 274 275 278 279 280 282 284 287 289 290 294
3 279 288 293
5 278 279 282 287 290
21 270 271 272 273 274 275 278 280 281 282 284 285 286 287 288 289 290 291 292 293 294
9 271 272 274 276 277 279 283 285 293
12 274 276 279 283 285 286 287 288 290 292 293 294
3 270 271 294
21 270 271 273 274 275 276 277 278 279 281 282 283 285 286 287 289 290 291 292 293 294
16 272 273 274 276 277 278 280 282 284 288 289 290 291 292 293 294
3 277 284 287
6 274 279 281 285 291 293
15 270 271 272 274 276 277 278 280 282 284 286 289 290 291 294
5 272 274 278 286 294
9 273 275 276 281 283 287 288 291 293
7 270 272 274 275 283 284 292
12 270 271 276 277 281 283 285 286 288 291 292 293
7 272 273 282 283 284 287 294
5 279 283 284 288 293
5 272 273 279 282 285
8 271 272 277 280 284 286 293 294
8 270 274 280 282 286 290 292 294
5 277 278 279 284 289
12 270 274 275 279 282 283 284 286 288 290 292 294
12 272 273 274 276 278 279 281 282 283 285 287 288
13 270 271 275 277 280 284 286 289 290 291 292 293 294
3 271 272 285
8 276 278 280 282 285 287 288 291
4 271 284 287 293
7 273 274 276 277 281 285 291
12 270 271 275 276 277 278 280 286 288 289 290 292
7 270 273 274 281 283 284 286
11 274 275 278 280 283 284 286 289 292 293 294
22 270 271 272 273 274 275 276 278 279 280 281 282 283 285 286 288 289 290 291 292 293 294
13 270 271 272 273 275 277 278 280 281 282 284 289 291
9 271 275 276 277 280 289 292 293 294
4 272 285 288 291
2 279 285
7 270 271 275 281 283 286 287
10 272 278 279 280 282 284 289 290 292 294
15 272 274 276 277 278 279 282 284 285 286 288 289 290 292 294
7 270 275 276 281 283 285 292
3 273 277 290
9 270 281 282 284 288 289 290 292 294
7 273 275 278 280 286 287 291
10 270 271 273 275 280 281 283 287 291 293
6 272 276 279 282 287 291
9 273 277 279 280 282 288 289 290 291
7 273 275 281 288 290 291 292
19 270 271 273 274 275 277 278 280 281 283 284 285 286 288 289 290 292 293 294
7 271 279 281 286 289 293 294
15 271 274 275 276 278 279 281 282 283 285 286 289 290 292 293
4 276 277 279 283
3 276 283 291
13 270 274 275 277 278 280 284 286 287 288 290 292 293
5 272 279 281 287 290
10 270 274 276 278 279 282 283 285 287 289
10 273 275 279 281 283 285 287 288 292 293
16 271 272 273 274 275 276 279 281 283 284 285 287 288 289 291 294
8 270 271 275 283 286 287 288 293
8 272 273 274 277 282 286 291 292
9 270 271 273 276 277 282 285 288 291
4 271 281 289 294
9 270 277 278 280 282 286 290 292 293
10 270 272 273 274 275 277 278 283 289 291
6 271 280 285 286 290 294
7 270 271 276 277 282 285 288
11 272 273 274 275 278 279 280 284 289 290 294
6 276 278 280 285 287 291
9 270 271 276 278 280 286 289 290 292
5 271 279 281 286 294
4 279 283 284 288
2 280 284
5 274 280 282 286 294
5 279 286 289 293 294
1 285
5 270 274 290 292 294
6 271 272 277 286 293 294
12 271 272 273 276 279 281 283 285 288 289 291 294
4 270 271 281 287
5 273 275 285 287 288
2 284 287
2 277 283
5 273 275 281 287 292
7 273 275 283 285 287 288 292
5 272 277 280 286 293
5 277 280 282 290 292
4 275 283 285 292
4 276 278 280 285
15 271 275 277 278 280 281 283 284 285 286 288 289 290 292 294
2 279 284
5 271 272 276 277 283
6 270 272 273 277 288 291
13 271 272 274 276 277 278 280 284 286 289 290 291 294
8 272 274 279 281 285 287 289 291
4 277 280 292 293
7 273 277 279 280 288 289 290
2 272 285
3 278 282 287
8 270 281 282 284 288 290 292 294
8 272 273 274 278 280 282 289 294
6 279 287 288 292 293 294
5 271 275 276 289 292
10 271 272 274 276 278 282 284 289 291 294
10 272 273 274 275 283 287 288 289 291 294
6 270 273 274 281 283 284
2 272 291
3 276 281 284
5 273 283 285 292 293
5 272 276 279 282 291
2 272 288
1 279
10 272 276 277 279 282 288 289 290 292 294
9 276 277 281 283 285 286 288 292 293
12 271 274 275 276 278 279 283 285 286 290 292 293
5 273 275 278 280 286
3 272 278 294
1 291
5 271 272 280 284 294
8 270 277 280 284 289 290 291 292
6 271 276 280 289 292 293
3 279 284 289
5 276 279 282 287 291
3 272 287 290
11 271 273 276 279 281 283 284 285 288 289 291
3 272 285 291
7 273 277 279 280 282 289 290
7 271 273 276 282 285 288 291
6 270 271 275 286 288 293
3 281 284 287
7 270 281 282 288 289 290 292
4 274 280 282 290
2 276 283
2 273 290
2 271 294
2 277 283
6 273 274 276 277 281 291
7 274 275 278 280 284 288 290
6 275 280 281 283 287 293
11 271 272 274 277 278 280 282 284 286 291 294
10 271 274 275 276 278 281 285 286 290 293
6 276 278 280 282 285 287
6 273 275 278 286 287 291
6 270 273 277 284 287 288
7 274 276 279 281 282 285 293
6 271 277 280 284 286 294
4 272 277 280 286
5 273 275 281 287 291
8 271 275 282 283 285 286 292 293
3 274 278 294
7 276 277 281 285 287 289 291
7 270 272 273 280 282 284 291
10 272 273 276 278 279 281 282 283 285 288
3 280 284 288
8 270 274 278 279 282 283 287 289
3 272 281 287
3 272 287 290
3 272 280 288
10 272 273 275 277 278 280 281 282 284 289
4 272 277 280 293
4 274 276 277 285
7 270 274 275 282 283 286 290
5 273 282 283 284 287
4 279 286 289 294
5 270 274 282 287 289
5 272 274 286 291 292
4 278 282 287 290
10 272 274 275 278 279 284 287 289 290 294
4 272 279 282 285
7 270 271 275 277 280 284 293
4 272 273 282 283
4 280 286 290 294
6 271 275 283 286 287 293
2 276 277
4 270 282 292 294
13 271 273 274 278 280 281 284 285 286 288 289 292 294
6 278 279 282 283 285 289
8 276 278 280 282 289 291 293 294
3 272 279 281
4 271 275 283 286
5 270 275 281 283 291
7 270 271 275 277 280 284 291
2 270 271
3 273 282 285
11 273 274 276 278 280 282 289 290 291 292 294
3 274 278 286
9 270 271 275 276 277 278 286 288 289
6 274 280 282 286 290 292
8 275 279 283 285 287 288 292 293
5 270 273 274 281 283
19 270 271 272 273 274 275 276 278 279 281 282 283 286 288 289 290 291 293 294
5 272 280 284 286 293
7 275 276 278 281 285 289 290
7 270 275 277 280 288 290 292
4 280 286 287 291
8 271 273 275 280 281 283 287 293
2 288 293
10 276 279 283 285 286 287 290 292 293 294
9 274 275 278 280 283 284 286 292 293
5 270 273 280 284 291
5 270 272 274 275 292
4 271 280 285 286
4 271 279 286 294
3 272 282 285
10 270 274 275 282 284 286 288 290 292 294
3 281 289 294
19 270 271 272 273 275 278 279 280 281 282 283 285 286 288 289 290 292 293 294
4 280 285 286 294
8 270 272 273 277 280 287 291 294
7 273 275 281 283 287 288 291
2 284 287
3 278 282 290
5 281 282 290 292 294
13 271 272 274 275 276 281 283 284 285 287 288 289 294
7 270 272 277 280 281 284 289
16 270 271 272 273 274 275 280 282 286 288 289 290 291 292 293 294
5 271 285 286 290 294
1 279
19 270 271 273 274 276 278 279 280 282 283 285 286 288 289 290 291 292 293 294
3 276 279 282
3 273 282 285
10 272 273 274 276 279 281 282 283 287 288
3 277 278 279
1 279
3 285 286 294
2 283 284
5 271 276 277 283 285
4 270 271 283 287
8 270 274 275 279 283 284 288 292
6 271 272 277 284 286 294
7 270 283 284 286 288 292 294
8 272 276 279 281 282 283 287 288
4 279 282 287 291
4 272 274 286 294
4 276 281 282 287
11 271 274 276 278 281 282 285 286 289 290 292
2 272 282
7 278 279 280 282 284 290 294
3 272 273 285
2 284 293
3 272 282 287
3 273 279 282
3 272 279 281
7 270 274 280 286 290 292 294
3 274 278 286
7 270 272 273 275 283 289 291
6 278 279 280 290 292 294
12 271 272 274 275 276 279 285 287 288 289 291 294
1 272
1 285
3 271 284 293
1 276
10 270 271 276 277 281 283 285 288 291 292
10 270 275 277 280 286 290 291 292 293 294
7 273 275 279 281 285 287 293
12 274 277 279 281 282 283 285 286 287 290 291 294
8 270 274 279 282 283 290 292 294
12 272 276 277 279 282 284 285 286 288 290 292 294
10 272 273 274 276 278 281 282 285 287 288
4 272 282 287 294
2 271 272
14 270 271 273 276 277 278 279 281 282 283 287 290 291 294
4 276 281 284 287
5 273 281 283 284 286
2 279 290
7 271 276 277 280 289 292 293
4 272 279 282 285
19 270 271 272 273 275 279 280 281 282 283 285 286 288 289 290 291 292 293 294
4 279 282 287 291
4 274 275 283 292
4 271 277 289 294
3 275 276 281
2 272 285
5 275 276 280 285 287
2 288 293
5 276 277 289 293 294
6 270 277 282 285 288 291
8 270 276 277 281 283 285 291 292
4 281 282 284 287
7 271 275 277 280 289 292 293
6 277 281 283 285 288 292
1 271
5 273 274 276 281 285
6 270 274 276 278 279 287
4 274 290 292 294
4 273 274 283 284
6 270 271 276 286 288 291
8 274 276 279 283 285 286 287 294
2 277 289
5 275 277 280 292 294
2 271 294
6 271 273 275 280 281 293
5 275 278 280 287 291
3 275 281 288
10 270 274 277 278 280 284 286 288 290 293
8 270 274 278 282 283 285 287 289
6 270 277 280 282 286 290
2 272 284
7 275 280 284 286 289 293 294
8 270 273 274 275 277 283 289 291
4 273 283 284 286
5 272 282 283 284 287
5 275 280 283 287 293
4 283 284 288 293
6 273 275 276 281 287 291
1 270
4 280 282 290 294
6 270 275 281 287 291 293
6 273 275 281 287 288 293
4 277 278 279 284
7 274 275 279 282 288 290 292
9 272 273 274 278 279 280 282 284 287
4 273 274 282 292
8 274 275 278 283 284 289 292 294
4 272 281 287 290
4 273 275 291 293
2 279 283
4 285 287 288 291
3 276 277 285
7 270 271 276 277 285 288 291
7 270 275 277 284 286 289 293
5 279 281 285 291 293
12 270 274 277 278 281 283 284 285 286 289 293 294
9 273 274 278 279 281 282 283 287 288
5 276 280 281 287 289
1 284
1 277
3 277 284 289
1 294
9 270 271 272 273 277 278 280 284 289
3 283 288 293
3 278 279 289
12 271 273 274 275 282 283 288 289 290 291 292 293
4 278 282 287 290
4 274 281 284 286
4 275 288 290 292
5 274 276 277 283 293
6 271 272 273 285 289 291
7 273 279 281 283 287 292 293
3 272 284 288
7 270 271 275 283 286 287 288
11 272 274 275 278 279 280 282 284 287 290 294
1 285
8 270 273 275 280 281 283 287 291
4 273 277 282 289
5 272 274 275 284 292
6 270 277 278 280 290 292
8 271 273 275 277 278 280 281 282
7 272 275 281 282 284 289 291
2 272 291
3 278 279 290
5 270 275 283 284 292
10 271 274 275 276 278 282 285 286 292 293
7 272 274 278 280 282 284 290
4 270 274 283 292
12 270 273 274 277 278 281 283 288 289 290 292 294
2 276 279
7 270 271 273 276 277 285 291
2 279 288
18 270 271 273 274 275 276 277 278 279 281 282 283 286 287 289 290 291 292
13 273 274 276 277 278 280 282 284 288 290 292 293 294
8 273 274 275 277 278 283 289 291
6 270 277 278 280 282 292
7 274 278 280 283 284 286 293
6 274 278 286 289 292 293
4 273 275 290 291
6 271 272 273 277 287 289
11 270 274 277 278 280 284 289 290 292 293 294
5 272 276 279 282 291
8 270 273 277 280 284 287 288 294
7 279 280 284 289 290 292 294
2 279 293
5 270 287 288 291 294
7 270 271 278 280 281 284 291
4 272 274 275 292
14 270 271 272 274 278 281 282 286 287 288 290 292 293 294
7 270 271 273 278 284 289 291
9 271 272 274 279 283 284 285 287 288
5 270 275 283 284 292
4 270 283 284 286
6 270 274 286 290 292 294
4 283 286 288 293
6 270 282 289 290 292 294
6 275 276 277 292 293 294
2 270 271
12 272 274 276 278 279 282 284 285 288 289 290 294
5 273 274 276 281 291
11 271 272 273 276 277 280 284 285 288 289 292
8 276 277 279 281 284 287 290 294
16 270 271 272 274 275 277 278 279 282 283 285 286 289 290 293 294
17 271 272 274 275 276 277 279 282 284 286 287 288 290 291 292 293 294
14 270 271 272 274 276 278 280 281 282 284 286 287 288 290
9 276 277 282 283 284 286 287 288 289
12 272 273 276 279 282 284 285 286 288 291 292 293
16 270 273 275 276 277 279 281 283 284 285 286 287 288 289 292 293
16 270 272 273 276 277 278 280 281 282 283 284 285 286 287 289 291
14 270 271 272 273 274 275 277 278 282 283 284 288 290 293
9 272 273 274 278 284 286 288 290 291
7 271 273 283 289 290 293 294
16 272 273 275 276 277 278 281 282 283 284 285 286 288 292 293 294
13 270 271 272 273 274 275 277 283 284 285 287 290 292
10 276 278 284 285 288 290 291 292 293 294
12 271 274 275 279 281 282 283 284 287 288 290 294
8 271 275 277 280 284 286 287 292
11 273 274 276 280 281 285 288 289 290 291 294
15 270 271 275 277 278 279 280 281 282 285 289 290 291 293 294
11 270 271 272 273 279 280 286 288 290 292 293
11 271 277 279 282 285 286 289 290 291 292 294
8 270 279 280 281 284 286 292 294
16 271 272 273 274 275 276 277 279 281 285 286 288 289 291 292 294
7 276 279 286 289 291 292 294
8 270 273 274 277 278 283 284 291
10 271 272 275 277 279 283 288 292 293 294
13 270 271 273 274 275 278 279 280 284 288 289 291 293
12 271 272 274 275 276 277 279 280 281 284 290 293
12 270 271 272 273 275 276 278 280 281 287 288 289
9 270 273 274 275 276 277 279 283 294
14 271 273 274 278 280 282 283 284 285 288 289 291 292 293
12 271 273 274 276 277 278 279 280 285 286 293 294
8 270 272 274 279 281 286 291 294
14 270 271 272 273 274 280 282 283 286 289 290 291 292 293
8 275 281 282 285 286 287 288 291
15 270 274 275 276 277 278 279 280 281 283 285 286 287 289 291
9 271 272 278 279 283 286 288 290 292
15 272 273 274 276 277 279 280 281 285 286 287 288 289 290 292
17 270 271 272 275 276 277 280 281 282 283 286 287 288 289 290 292 294
15 274 275 276 277 278 279 281 285 286 287 288 289 290 293 294
15 270 273 274 275 277 278 279 283 284 285 288 290 291 292 293
12 270 271 276 277 278 282 283 285 287 288 290 292
17 270 271 272 276 277 278 281 282 283 285 286 289 290 291 292 293 294
7 270 271 279 281 282 285 287
14 270 272 273 278 281 282 283 284 285 286 287 291 292 294
14 270 271 272 274 275 280 283 284 285 287 289 290 291 292
10 270 271 273 274 278 284 285 288 291 293
15 270 273 274 275 276 277 279 280 282 284 285 287 290 292 293
14 271 272 273 274 275 276 277 279 281 282 283 286 287 289
16 271 272 273 274 275 276 277 278 281 283 284 285 286 288 289 290
10 271 272 274 277 278 281 286 289 292 294
13 270 271 273 274 276 277 279 280 286 287 288 289 291
12 270 271 276 277 278 282 285 286 287 292 293 294
12 271 272 274 276 278 280 282 284 287 290 291 292
9 270 272 273 274 276 278 281 287 294
17 270 271 275 276 277 279 280 281 282 283 285 287 289 290 292 293 294
11 276 278 281 282 284 285 286 287 292 293 294
14 272 273 275 278 279 280 281 283 284 285 286 289 291 293
10 272 274 276 279 283 284 285 286 289 293
9 272 276 278 283 287 288 289 291 294
12 270 271 276 277 278 284 285 288 290 291 292 294
14 271 273 274 275 276 281 282 283 285 287 288 291 292 294
9 272 274 281 285 286 288 289 290 294
11 270 271 273 275 278 279 282 284 286 293 294
12 272 273 274 275 278 279 282 285 286 290 293 294
11 272 274 275 279 281 283 285 286 287 293 294
14 270 273 275 278 281 282 284 285 286 289 290 292 293 294
9 273 275 276 277 279 280 281 282 288
14 270 274 275 276 277 279 280 281 285 288 290 291 292 293
10 270 272 273 279 280 283 284 288 289 294
17 270 271 272 273 274 276 278 280 281 283 284 285 286 288 289 290 291
11 270 271 273 274 275 279 280 281 284 288 293
15 270 271 272 274 278 279 280 281 283 285 287 288 289 291 294
15 270 272 274 276 277 279 280 282 283 284 288 289 290 291 294
15 270 271 272 274 281 282 284 285 286 287 288 289 290 293 294
16 270 273 275 276 277 278 279 282 283 284 285 287 290 291 292 293
8 270 278 286 287 289 290 291 294
7 272 273 274 276 277 284 293
12 271 273 274 275 278 279 285 288 289 290 291 293
8 279 281 285 286 288 290 291 294
12 270 271 272 273 274 280 281 282 283 287 288 289
17 273 274 275 277 279 280 282 283 284 286 287 288 289 290 291 293 294
14 270 272 274 275 277 278 279 281 283 284 286 288 289 294
12 275 276 277 278 281 282 283 285 286 289 290 292
13 270 271 272 276 278 281 282 284 286 288 291 293 294
16 270 273 274 275 276 278 279 282 283 286 287 288 291 292 293 294
17 270 271 272 274 275 278 279 280 281 282 284 285 286 287 288 291 294
15 271 272 273 278 279 280 281 282 283 285 289 290 291 292 294
10 270 272 273 280 282 283 286 287 289 292
7 271 279 280 281 287 288 293
15 272 274 275 277 278 280 281 283 284 286 287 289 291 292 294
10 270 271 274 275 280 282 286 289 293 294
8 272 280 283 284 287 291 293 294
15 271 273 274 275 276 277 278 281 282 284 290 291 292 293 294
9 273 275 276 279 280 288 290 291 293
11 271 272 273 275 276 280 281 282 284 285 290
13 271 272 273 275 278 279 281 284 285 288 292 293 294
15 271 272 275 276 277 280 281 282 283 284 287 289 291 293 294
13 270 271 273 274 276 277 278 281 283 285 290 292 293
16 270 271 273 274 275 276 277 278 281 283 284 286 288 290 291 292
13 270 271 274 276 277 281 284 288 289 290 291 293 294
13 271 273 275 277 278 280 282 284 285 287 291 293 294
16 270 273 274 275 276 277 278 279 281 283 285 288 289 290 292 294
14 270 273 274 278 279 281 282 283 284 285 288 289 290 292
10 270 271 276 280 282 285 287 292 293 294
17 270 271 272 273 274 277 278 279 280 282 283 285 286 288 289 292 294
8 275 278 279 281 283 284 292 294
9 274 281 282 284 289 290 291 292 294
9 270 278 280 284 285 287 290 292 293
14 270 271 273 274 279 280 281 282 285 286 287 288 290 294
9 271 272 279 283 287 288 292 293 294
8 272 274 276 278 282 287 289 291
12 270 271 272 275 276 281 283 284 285 289 291 292
8 273 274 281 286 287 291 292 293
15 270 271 273 274 275 276 277 278 279 280 281 285 288 290 291
11 270 273 275 281 282 285 286 287 288 291 293
17 270 271 272 273 274 275 276 277 278 281 285 286 288 289 290 291 293
7 273 275 277 280 283 289 294
7 275 287 288 289 291 292 293
7 272 276 277 281 284 287 294
9 272 273 274 275 278 285 288 291 294
16 271 272 273 274 276 279 281 282 283 285 286 288 291 292 293 294
16 271 273 274 275 277 278 279 280 282 283 285 287 291 292 293 294
15 270 271 272 277 278 279 283 284 285 286 287 289 290 291 292
8 271 272 275 276 277 279 281 292
14 270 271 272 274 276 279 280 283 285 287 289 290 291 294
13 271 272 276 278 279 282 284 285 287 289 291 293 294
11 271 272 275 276 277 282 283 284 287 290 292
15 270 271 272 276 277 278 280 282 283 284 289 290 291 292 294
9 271 274 277 278 279 284 286 287 290
14 271 272 273 274 276 279 281 282 286 287 288 289 291 293
15 271 272 277 278 279 281 283 285 286 287 288 289 290 291 293
13 272 274 275 279 280 282 284 285 286 287 289 290 294
15 270 272 274 275 278 280 281 282 283 284 286 287 290 291 293
7 270 284 285 289 290 291 292
14 271 273 274 275 276 277 279 280 282 284 289 290 292 293
17 272 274 276 277 278 280 281 282 285 286 287 288 289 291 292 293 294
15 270 275 276 277 280 281 283 285 286 288 289 290 291 293 294
17 270 272 275 276 277 278 280 281 284 285 286 287 289 291 292 293 294
13 273 277 279 280 282 283 284 286 287 288 289 290 291
15 271 272 273 274 276 277 279 281 282 284 288 289 290 292 294
11 271 274 275 276 283 287 288 289 290 291 293
12 272 273 276 277 279 282 283 285 287 291 292 294
10 270 271 275 281 282 284 286 289 290 293
15 270 274 275 276 277 279 280 283 284 286 287 288 289 293 294
14 275 277 279 281 282 283 284 285 287 289 291 292 293 294
13 270 273 276 277 280 283 284 286 287 290 291 293 294
11 270 271 272 274 276 279 280 281 283 288 289
8 276 281 283 284 286 288 289 290
7 276 279 281 282 284 285 287
14 270 275 277 278 282 283 284 285 287 288 291 292 293 294
13 270 271 273 276 277 278 279 280 282 284 287 293 294
13 271 273 277 278 282 283 284 285 286 287 290 291 294
12 272 275 277 278 279 281 282 283 284 287 289 291
14 270 272 273 276 278 279 280 284 287 288 289 291 292 293
16 273 274 275 276 277 278 280 282 284 285 287 288 289 290 292 294
10 271 277 278 281 283 284 286 287 288 290
10 272 274 275 277 278 283 289 291 292 293
7 274 277 278 279 280 282 288
15 271 276 277 279 280 281 282 284 285 287 288 289 291 293 294
12 275 276 278 281 282 283 284 285 286 287 288 293
16 271 275 276 277 278 279 280 281 282 287 289 290 291 292 293 294
15 271 273 274 275 280 281 282 284 285 286 287 288 290 292 294
14 271 273 278 279 280 282 284 287 288 289 290 292 293 294
15 270 271 274 276 277 278 279 281 283 285 286 288 289 291 292
16 272 277 278 279 281 282 284 285 287 288 289 290 291 292 293 294
10 272 275 278 279 280 281 284 286 291 294
14 270 272 273 274 276 277 278 279 280 283 286 290 293 294
10 271 277 278 279 285 286 288 289 290 292
17 270 272 274 276 279 280 281 282 284 285 286 287 288 289 292 293 294
15 270 271 272 273 275 277 279 280 281 286 288 289 291 293 294
15 270 271 272 275 276 277 282 284 285 286 288 291 292 293 294
16 271 273 274 276 277 278 279 280 281 283 284 285 288 289 293 294
13 270 271 272 278 280 281 283 284 288 290 292 293 294
9 270 272 273 281 282 284 286 290 293
10 274 276 280 281 282 283 284 287 293 294
12 270 272 273 277 278 280 281 284 285 288 289 294
8 271 274 276 278 285 288 292 294
17 270 271 273 276 277 280 281 282 283 284 286 287 288 291 292 293 294
8 275 278 279 284 285 288 292 293
9 273 274 279 280 284 290 292 293 294
17 270 272 273 275 277 278 279 280 283 284 285 286 287 290 291 292 293
17 270 271 273 274 275 276 277 278 279 280 281 282 283 285 286 291 294
13 272 278 282 283 284 285 286 288 289 290 292 293 294
15 270 273 275 276 277 279 281 284 285 287 288 289 291 292 294
16 270 273 274 275 276 278 280 281 282 284 286 287 288 291 293 294
16 271 273 276 277 280 281 282 283 285 287 289 290 291 292 293 294
12 272 273 276 277 278 279 281 283 285 287 289 292
12 270 272 276 279 280 282 283 284 286 287 288 294
11 270 271 274 275 277 286 287 288 289 290 293
8 272 274 276 279 286 289 291 293
13 271 273 274 275 277 278 279 280 285 286 287 291 294
7 270 271 279 284 291 292 293
17 270 272 273 274 275 276 277 278 280 281 282 283 284 287 288 290 294
15 271 272 273 274 276 278 279 280 282 284 286 287 288 290 294
14 270 272 275 276 278 279 280 281 286 287 290 291 293 294
9 271 272 274 276 278 280 283 287 290
8 273 276 277 279 286 289 293 294
12 270 272 276 277 279 280 281 284 285 289 290 294
13 274 276 277 278 280 281 284 285 286 287 288 291 293
13 270 271 273 274 275 278 281 282 287 288 289 292 293
14 270 271 272 273 275 277 280 282 283 285 286 287 288 292
9 275 278 279 283 286 288 290 291 294
17 270 273 274 275 276 279 280 281 282 284 285 286 287 288 289 290 291
16 271 274 277 278 279 280 281 282 284 285 286 287 288 290 292 294
16 270 271 272 274 275 276 278 279 284 286 287 289 290 291 293 294
7 271 277 282 284 285 286 290
9 272 273 280 281 286 288 289 291 292
13 270 276 277 278 279 280 282 283 285 286 289 292 293
12 270 271 272 274 275 277 278 281 282 283 284 292
17 270 271 273 275 277 280 282 283 284 285 287 288 289 290 291 292 293
16 270 271 273 274 275 277 278 281 283 284 285 287 288 289 290 291
12 271 272 274 275 277 278 281 282 284 287 292 293
16 271 272 275 277 278 279 280 281 282 284 285 288 289 290 292 293
15 270 271 272 274 275 276 277 278 282 283 284 287 291 292 294
16 270 271 272 274 275 276 277 278 280 282 287 289 290 292 293 294
11 271 274 276 277 278 285 288 291 292 293 294
9 270 275 279 280 282 284 287 289 291
13 270 271 274 280 281 282 283 285 287 291 292 293 294
12 270 274 277 278 279 282 287 288 289 290 293 294
12 272 273 275 276 278 285 286 288 290 292 293 294
9 270 271 272 274 277 278 283 285 290
16 270 271 272 274 275 276 278 281 282 283 284 286 287 288 290 293
15 271 273 274 275 276 277 280 281 283 284 285 287 288 289 292
16 271 272 273 275 276 278 279 281 282 283 285 286 287 289 293 294
13 270 271 274 278 279 280 281 285 288 289 290 291 292
15 271 272 275 276 277 278 279 280 281 284 286 288 289 290 292
12 272 275 277 278 279 280 286 288 289 290 292 293
13 270 272 274 275 277 279 280 282 287 288 290 293 294
8 271 274 277 279 285 286 288 294
10 273 274 275 279 281 282 289 290 292 294
9 271 278 279 280 282 285 286 287 293
7 271 277 280 282 285 286 289
13 270 271 272 276 277 283 284 285 286 288 289 292 294
9 275 277 278 280 281 282 285 288 293
16 270 271 272 275 276 277 278 279 281 282 284 287 288 289 291 293
12 272 276 278 279 282 283 284 285 289 290 291 292
13 270 275 276 279 281 284 285 286 288 289 290 292 294
15 270 272 275 276 279 280 282 283 284 286 287 289 290 291 294
9 271 272 276 278 279 280 282 284 287
13 270 273 274 275 277 280 281 283 285 287 289 292 294
12 270 271 273 274 275 276 279 282 283 284 287 289
15 270 272 273 274 277 278 279 280 281 282 283 284 286 293 294
8 271 275 280 283 286 289 292 293
10 270 272 277 278 280 283 288 291 292 293
10 270 271 272 274 278 279 281 285 288 291
14 270 271 272 273 274 276 279 281 284 285 288 289 291 293
10 275 276 280 282 285 286 289 291 292 294
11 272 273 274 278 281 282 283 286 288 290 293
7 272 277 278 283 285 290 291
11 272 273 274 275 276 278 280 284 285 289 291
12 272 278 279 281 283 284 286 289 290 291 293 294
13 271 273 274 276 278 282 283 284 285 286 287 288 294
13 270 272 273 275 278 279 281 282 286 287 291 293 294
13 271 273 276 278 283 284 286 287 288 289 290 293 294
16 270 272 275 276 277 278 281 282 283 286 288 289 290 291 292 293
13 270 272 273 274 275 277 278 279 280 282 285 286 292
7 270 275 278 280 283 288 294
15 274 275 276 278 279 282 283 284 286 287 288 290 291 292 294
9 270 272 277 278 285 286 289 291 292
15 270 271 273 274 275 276 279 281 283 285 287 288 289 292 294
15 270 271 272 273 274 275 277 278 279 284 286 287 288 290 294
14 273 274 275 277 278 279 280 284 285 286 288 290 293 294
14 270 271 272 275 278 282 283 284 286 289 291 292 293 294
15 270 271 274 275 277 278 279 281 282 288 290 291 292 293 294
12 270 275 276 280 281 283 284 287 291 292 293 294
9 270 271 272 274 276 277 288 291 294
10 271 273 274 276 277 281 283 286 287 292
11 270 273 276 277 278 281 282 285 287 289 292
16 271 272 273 275 277 280 282 284 286 287 288 289 290 291 292 294
10 271 272 273 278 280 281 284 286 287 294
15 274 275 276 277 278 279 280 284 287 289 290 291 292 293 294
7 270 273 283 288 289 291 294
7 270 272 273 277 289 290 293
9 271 274 277 280 281 286 289 291 294
8 271 272 274 283 285 286 291 292
13 272 273 274 275 276 279 280 282 286 288 291 292 293
12 270 271 272 273 277 280 283 284 286 289 290 294
9 270 273 274 281 283 285 286 287 291
11 270 272 275 278 280 285 287 290 291 292 293
16 270 271 272 273 274 275 277 278 280 282 284 286 288 290 291 294
9 277 279 280 281 282 286 287 288 294
8 272 273 278 279 283 285 286 292
16 270 271 272 274 275 276 277 280 282 284 286 288 289 290 291 294
14 270 271 272 273 274 278 279 280 282 284 286 289 291 292
14 274 275 277 278 280 281 285 286 288 289 291 292 293 294
13 270 273 274 275 279 280 282 283 286 287 292 293 294
11 272 273 277 281 282 284 285 286 287 290 293
9 275 277 279 282 283 285 288 291 294
17 271 273 274 276 277 278 279 280 281 282 283 284 285 288 289 292 293
17 271 272 273 274 275 277 279 280 282 284 285 286 288 290 291 293 294
13 271 273 274 278 279 280 281 283 284 287 288 289 292
17 271 273 274 276 277 278 279 280 282 283 284 285 287 289 292 293 294
16 270 273 275 277 279 280 281 282 283 284 286 288 290 291 292 294
13 273 274 275 277 280 283 285 286 287 288 290 292 294
8 272 273 276 283 284 285 287 289
8 274 277 279 281 286 288 289 290
11 271 272 275 277 280 281 283 285 289 290 294
11 271 272 274 277 282 284 286 288 289 290 292
16 270 272 273 274 277 279 280 281 282 283 284 285 288 291 292 293
12 272 273 274 280 282 285 286 287 289 291 292 293
9 270 271 279 280 283 284 286 288 293
11 271 273 274 279 282 284 286 288 289 291 292
12 270 271 272 273 276 282 283 284 287 288 291 292
8 273 274 275 279 284 286 292 294
15 271 274 275 277 279 281 284 285 286 287 288 289 290 292 293
11 279 280 283 284 286 287 288 289 292 293 294
15 270 271 273 275 277 280 281 282 284 285 288 290 291 292 293
8 270 276 280 284 286 289 290 294
10 271 276 280 283 284 285 288 289 291 292
10 271 279 280 282 283 284 286 288 290 294
16 271 272 273 274 275 277 278 281 282 283 285 288 289 291 293 294
16 270 271 273 275 276 277 278 279 280 281 282 285 289 290 291 294
16 271 273 274 276 278 279 280 283 284 285 286 289 290 291 293 294
15 270 271 272 273 274 275 276 278 281 282 283 285 287 289 291
16 272 273 274 275 276 277 280 281 282 284 285 286 288 291 292 293
9 270 274 275 276 283 284 285 290 294
10 272 275 276 280 282 284 288 289 291 294
7 271 278 279 287 288 291 294
16 271 274 275 277 278 282 283 284 285 286 287 288 289 290 291 292
12 270 271 275 277 279 280 281 283 285 286 291 294
31 295 298 299 301 302 304 306 307 309 313 314 316 318 319 323 328 331 340 341 343 344 345 348 350 351 355 357 360 361 362 365
27 297 299 302 303 304 311 314 315 316 317 318 329 334 336 337 339 340 341 343 349 351 352 356 360 362 363 365
12 296 307 308 312 341 344 348 353 359 361 362 367
25 298 301 306 308 310 311 312 317 320 323 328 329 333 336 340 341 346 347 349 352 355 356 361 362 368
25 296 301 302 303 310 311 312 326 327 330 331 339 344 348 350 351 352 353 357 358 360 362 364 365 368
25 297 302 305 306 307 315 317 318 320 321 323 328 331 332 337 341 342 346 351 356 357 359 364 365 368
21 295 297 301 302 306 319 320 323 325 330 331 333 337 339 350 355 357 358 360 364 366
42 295 296 300 301 303 304 308 309 310 312 313 314 316 319 322 324 325 326 327 329 333 334 336 338 339 340 343 344 345 347 348 349 350 352 354 355 360 361 362 363 366 367
25 296 299 301 309 314 318 320 323 324 325 328 331 333 335 338 340 344 345 352 356 359 363 364 366 368
26 295 298 299 301 303 308 317 319 322 325 328 330 331 334 335 336 339 342 344 351 356 358 359 365 366 368
14 300 301 307 310 319 326 327 342 345 347 348 353 359 366
32 296 301 302 303 304 311 312 319 321 322 323 324 327 328 329 332 333 334 338 340 341 343 347 350 351 353 354 355 359 361 363 368
33 296 297 300 302 304 306 307 309 310 311 312 313 314 316 318 320 326 332 337 338 340 345 347 348 349 350 352 355 357 362 363 364 367
20 295 296 305 312 313 322 323 324 325 328 330 331 332 333 338 346 350 358 361 364
28 297 298 299 300 302 303 304 308 311 312 313 320 324 327 332 333 336 338 340 341 347 349 354 356 359 360 364 365
16 308 312 314 317 319 322 323 329 342 344 347 348 353 355 356 360
37 297 298 299 300 303 305 306 308 311 312 315 317 318 320 323 327 328 329 331 332 338 339 344 347 348 352 353 355 359 360 361 362 363 365 366 367 368
35 295 298 299 300 301 302 303 306 308 309 312 313 315 317 324 325 326 327 329 334 336 339 341 342 346 349 350 354 355 356 357 359 363 365 368
12 295 298 299 316 319 329 336 340 352 355 358 365
19 298 300 308 313 315 316 317 320 330 335 336 337 339 342 346 348 356 364 365
22 296 302 303 311 312 314 317 318 319 321 322 327 330 335 342 344 347 349 356 357 362 363
20 296 305 308 311 315 317 318 322 327 329 331 333 336 340 342 345 354 355 361 367
13 299 303 305 310 314 324 326 335 337 347 350 354 361
35 295 296 299 300 301 304 305 310 311 315 317 321 322 324 325 330 331 332 333 335 337 340 342 345 346 348 350 353 354 355 356 358 359 363 368
47 298 299 302 303 304 305 306 307 309 310 311 313 316 317 320 321 322 323 324 325 326 327 328 329 330 332 333 334 338 340 343 344 346 348 349 350 352 353 354 355 356 357 359 361 363 364 365
14 299 300 310 311 313 314 315 324 334 340 343 345 351 368
27 298 303 304 305 309 316 317 318 321 322 326 327 328 329 332 335 336 338 342 346 347 349 352 354 356 363 365
39 296 297 304 305 307 310 311 314 316 318 319 320 321 322 323 328 330 331 332 333 335 337 338 340 343 344 345 347 348 351 352 353 358 360 361 362 364 366 367
21 296 297 299 300 302 315 316 318 321 325 327 330 332 333 334 340 357 361 362 363 368
34 295 298 301 305 306 307 309 310 313 316 323 324 325 328 329 332 333 334 336 338 339 340 341 345 346 348 351 353 354 359 361 364 367 368
33 295 298 300 301 302 304 309 310 316 319 321 325 326 328 332 334 338 341 343 346 347 349 350 351 353 356 358 359 360 363 364 366 368
21 299 300 302 305 313 314 315 325 330 332 338 339 342 343 345 350 353 357 359 360 366
26 295 297 300 302 305 310 313 315 316 319 321 322 326 330 334 339 342 348 349 350 353 354 355 358 365 367
12 302 309 310 316 317 320 327 330 332 359 361 366
39 297 298 302 303 306 307 308 309 312 313 314 316 318 319 320 323 326 327 328 329 334 336 338 339 341 343 344 347 349 351 352 357 360 361 362 364 365 366 367
34 295 296 301 305 306 307 309 310 314 315 316 317 319 321 323 326 328 330 334 335 337 339 343 344 345 348 350 351 353 355 358 363 367 368
49 295 297 298 299 300 304 305 306 307 308 309 313 314 315 316 317 318 319 320 321 322 323 324 325 328 329 332 333 334 335 336 337 338 340 341 342 343 345 346 347 349 354 355 356 359 361 363 366 367
23 295 306 308 315 316 319 328 329 330 331 332 334 336 339 343 349 356 358 360 362 363 365 368
27 295 296 297 300 301 308 312 314 315 318 319 331 335 336 337 339 341 342 345 347 351 358 360 362 366 367 368
29 305 307 309 313 314 315 316 317 323 327 328 329 333 335 336 338 339 340 345 347 350 351 353 354 355 359 364 366 368
21 297 299 303 306 307 312 313 314 320 323 324 330 335 337 339 344 348 352 357 362 365
21 297 300 301 305 306 307 308 310 315 321 324 327 329 333 334 351 352 354 358 364 368
12 318 322 325 329 331 342 346 352 357 361 362 366
38 296 298 301 303 306 307 309 312 317 319 320 321 322 323 324 327 328 329 332 333 335 338 339 340 346 347 348 350 352 354 355 356 357 358 362 363 365 368
21 296 305 308 310 312 315 320 321 322 325 327 333 336 338 339 352 353 359 363 367 368
18 295 296 297 303 307 309 321 322 327 331 334 348 351 354 363 364 365 367
28 295 296 297 298 299 304 305 307 315 318 319 324 331 333 334 340 341 344 350 351 352 353 356 357 360 364 367 368
23 295 297 299 305 306 307 309 310 314 318 325 326 331 344 345 349 352 357 358 360 362 366 367
7 298 299 311 330 335 353 358
15 295 304 305 306 308 315 319 335 343 349 358 362 363 366 367
37 295 296 301 302 304 307 309 310 313 314 316 319 321 322 324 325 326 330 333 334 335 336 337 340 341 342 343 345 346 349 350 351 354 356 357 358 364
20 295 296 297 299 301 302 309 313 320 322 328 330 333 334 345 348 349 356 362 363
17 301 303 308 321 322 323 325 328 329 335 336 342 345 354 355 362 365
17 300 306 311 312 313 314 326 337 338 339 343 346 347 348 349 358 363
25 302 305 307 308 312 313 318 321 322 323 326 327 331 337 338 339 344 345 347 349 350 353 359 361 366
32 296 297 298 300 301 302 307 309 312 313 317 318 320 321 322 323 327 333 340 341 342 345 346 348 351 352 355 357 359 364 366 367
6 304 311 325 338 344 353
13 298 306 308 309 320 321 335 344 354 355 357 367 368
23 295 301 303 304 306 307 309 310 311 313 328 335 339 343 346 349 350 354 358 359 364 366 367
15 305 315 321 323 324 327 329 333 341 343 346 353 354 360 361
36 295 297 299 300 302 304 305 308 310 311 313 314 315 316 318 325 326 330 331 334 336 337 341 342 343 344 345 349 351 353 359 360 361 364 366 367
22 297 300 303 311 317 324 326 329 330 332 334 335 337 342 346 347 349 354 356 358 364 366
10 304 316 318 319 324 326 335 337 344 358
45 295 296 297 298 299 300 301 302 303 304 306 308 310 311 312 318 319 320 321 322 324 325 326 330 331 332 334 337 341 342 343 344 346 348 349 352 356 357 358 360 361 362 363 365 367
18 297 299 300 304 308 315 320 326 331 337 343 350 352 355 358 360 365 366
21 297 299 302 309 311 317 324 325 333 334 337 338 342 344 350 354 356 359 361 365 368
25 295 298 302 311 312 314 317 319 323 326 328 330 331 335 338 339 340 342 344 346 349 350 360 363 366
14 298 305 320 324 326 331 336 337 338 341 345 351 352 365
22 298 307 310 313 318 320 323 326 327 330 331 336 339 340 341 347 348 351 352 355 357 360
16 296 300 301 303 312 314 316 321 322 328 329 332 345 346 353 364
37 296 297 300 301 303 304 306 309 310 311 314 315 317 320 324 325 328 330 332 333 334 335 341 342 343 346 348 351 354 356 357 360 362 363 364 367 368
54 298 300 303 304 305 306 307 308 310 311 312 314 315 316 317 318 319 321 323 324 325 326 327 329 331 332 335 336 337 338 339 340 341 342 343 344 346 347 350 351 352 353 354 355 357 358 359 360 361 364 365 366 367 368
28 296 299 303 304 309 313 316 318 320 322 325 332 336 337 341 343 345 347 348 353 355 356 357 359 361 362 365 367
23 298 303 304 306 307 308 311 312 317 327 329 332 336 337 341 343 346 347 351 357 360 361 362
18 295 297 300 302 305 310 313 316 322 326 334 339 342 348 354 355 365 367
6 299 303 314 335 337 361
19 295 296 300 301 308 312 314 315 318 319 331 337 341 347 351 358 360 367 368
17 297 303 306 307 312 313 314 320 323 324 330 335 344 348 352 357 365
18 296 297 299 300 302 315 316 318 321 325 327 330 332 334 340 361 362 368
8 303 322 323 325 342 345 354 355
15 296 312 313 322 323 324 325 330 331 338 346 350 358 361 364
30 296 300 301 303 304 306 309 310 311 314 317 320 324 325 328 330 332 335 341 343 346 348 351 354 356 357 360 362 363 367
17 295 306 308 315 328 329 330 331 336 339 343 356 358 360 362 363 368
10 298 305 320 324 326 331 341 345 352 365
18 303 310 312 326 327 330 339 344 348 350 351 353 357 358 360 362 365 368
36 295 296 300 303 304 308 309 310 312 313 314 316 319 322 324 326 327 329 333 334 336 339 340 343 344 345 348 349 350 352 354 355 360 362 363 367
12 298 305 320 324 326 331 336 337 338 351 352 365
13 302 305 308 312 321 322 326 327 337 338 345 361 366
19 298 307 310 313 320 323 326 327 330 331 336 339 340 341 347 348 352 355 360
6 322 331 352 361 362 366
12 305 315 321 323 324 327 329 333 343 346 353 361
18 297 298 300 302 303 304 308 320 324 332 336 338 341 349 354 356 360 365
10 296 297 309 320 322 330 333 334 349 362
24 295 298 299 300 302 303 309 312 315 317 325 326 327 329 336 339 341 342 346 354 357 359 363 365
27 297 302 303 306 307 308 309 312 313 314 318 319 320 326 327 328 329 341 343 344 351 357 360 361 364 365 367
16 297 302 305 310 313 319 321 334 339 348 350 353 354 355 358 365
8 298 305 320 324 331 338 345 352
8 308 315 319 335 349 362 366 367
32 298 299 300 303 305 306 308 311 312 315 320 323 328 329 331 332 338 339 344 347 348 352 353 359 360 361 362 363 365 366 367 368
10 299 300 310 311 314 315 334 340 343 368
9 295 296 303 307 327 351 354 363 367
20 301 303 304 306 307 309 310 311 313 335 339 343 346 349 350 354 358 359 364 367
28 295 301 305 306 307 309 310 313 323 325 328 332 333 334 336 339 340 341 345 346 348 353 354 359 361 364 367 368
9 302 309 316 317 327 330 332 359 361
20 296 305 318 321 322 323 328 330 331 333 335 337 338 340 343 344 347 348 351 360
18 298 300 302 304 311 312 320 327 332 333 336 340 341 349 354 356 360 364
16 298 301 306 308 312 317 323 328 336 340 346 347 349 352 361 362
12 295 297 320 323 325 331 333 339 350 358 364 366
20 299 301 309 314 318 320 324 325 328 331 333 335 338 345 356 359 363 364 366 368
21 296 307 310 314 317 319 321 323 328 330 334 335 337 339 344 348 350 358 363 367 368
17 297 299 302 311 317 324 325 333 334 344 350 354 356 359 361 365 368
24 296 297 300 301 303 306 309 315 317 320 324 325 328 330 334 335 346 348 351 354 356 357 360 362
12 297 300 308 315 337 343 350 352 358 360 365 366
20 299 300 303 311 312 315 318 320 323 331 338 344 347 348 352 359 360 363 366 368
5 299 311 335 353 358
23 299 300 301 305 310 311 321 324 325 333 335 337 342 346 348 350 353 354 355 356 358 359 363
9 300 313 315 324 334 340 343 345 368
14 296 309 318 320 323 325 328 331 338 340 344 345 352 363
14 295 296 303 309 321 322 327 331 348 351 354 364 365 367
19 298 307 310 313 320 323 326 327 330 331 336 339 340 341 347 348 351 355 357
27 297 298 302 306 307 308 312 314 318 319 320 323 326 327 328 329 334 339 341 343 349 351 361 362 364 366 367
13 296 303 312 314 318 319 322 330 349 356 357 362 363
17 304 305 316 318 321 322 326 327 328 329 335 336 342 346 349 363 365
11 315 321 324 327 329 333 341 346 353 354 360
13 302 311 319 323 326 331 335 342 344 346 349 350 363
17 295 297 300 302 305 315 316 319 330 348 349 350 353 354 355 358 365
11 297 299 302 311 325 334 338 344 354 359 368
11 300 301 307 310 319 326 327 342 347 353 359
7 298 306 308 309 320 354 367
21 295 296 305 309 314 315 317 319 326 330 335 339 343 345 348 351 353 355 358 363 368
19 305 309 317 318 321 326 327 328 329 332 335 336 342 346 347 349 354 356 363
21 297 298 299 302 303 304 308 313 320 324 327 336 338 340 341 349 354 356 359 360 365
22 297 300 303 306 308 311 315 317 318 320 323 328 332 344 348 353 359 361 365 366 367 368
23 297 300 302 305 313 315 316 321 322 326 330 334 339 342 348 349 350 353 354 355 358 365 367
6 316 329 336 340 352 358
18 295 297 299 302 304 310 311 313 314 325 330 334 341 343 349 351 360 366
18 295 298 301 302 307 309 318 323 340 341 343 350 351 355 357 361 362 365
8 304 316 318 324 326 335 337 344
14 295 296 297 303 307 309 321 322 327 334 351 364 365 367
12 301 308 323 325 328 329 342 345 354 355 362 365
22 295 297 300 302 305 313 315 316 322 326 330 334 339 342 348 349 350 353 354 355 365 367
12 297 301 307 308 310 315 327 334 351 352 358 364
17 297 298 299 303 304 308 311 312 320 324 327 336 341 347 354 356 360
14 295 296 297 303 322 327 331 334 348 354 363 364 365 367
16 295 297 301 308 312 314 319 331 337 341 347 360 362 366 367 368
20 296 300 301 305 310 311 315 317 321 324 325 330 335 340 342 345 348 355 363 368
37 295 296 300 301 303 304 308 309 310 313 314 316 319 322 324 325 326 327 329 333 334 336 338 339 340 343 344 347 349 350 352 354 360 362 363 366 367
20 297 299 302 304 311 314 315 316 317 329 334 336 337 340 341 343 352 356 360 362
10 296 297 302 322 328 330 345 348 356 363
23 297 299 302 304 311 315 316 317 318 329 334 336 339 340 341 349 351 352 356 360 362 363 365
12 298 303 304 306 307 312 317 347 351 357 360 362
12 308 312 314 317 322 323 329 344 353 355 356 360
15 303 304 305 317 318 321 322 327 328 329 336 347 354 356 363
22 302 305 307 308 312 313 318 321 322 323 326 327 331 339 344 345 349 350 353 359 361 366
16 296 299 301 302 309 313 320 322 328 330 333 334 348 349 356 362
24 299 304 305 309 314 315 318 319 321 323 324 325 329 337 341 343 346 349 355 356 359 361 363 367
14 298 300 315 316 317 320 335 336 339 342 346 348 364 365
20 295 296 297 299 305 315 318 319 324 333 340 341 344 350 352 353 360 364 367 368
27 298 300 301 302 310 316 319 321 325 326 332 334 338 343 346 347 349 350 351 353 356 358 359 360 364 366 368
28 296 297 300 302 306 307 309 310 312 313 314 316 318 320 326 332 338 340 345 347 348 349 350 352 355 357 362 367
13 295 299 308 319 322 325 328 331 336 339 356 359 368
6 312 341 344 359 361 367
21 295 302 310 313 314 316 321 324 326 334 335 336 340 342 346 349 350 351 357 358 364
15 295 306 315 319 328 330 331 334 336 343 349 358 362 365 368
36 298 299 302 304 306 307 309 310 311 313 316 317 320 322 323 324 326 328 329 330 332 333 334 338 340 344 346 348 352 354 355 356 359 361 363 364
13 297 301 302 306 319 320 330 333 350 355 357 360 364
23 297 299 303 304 314 315 316 317 318 329 336 337 339 340 341 343 349 351 352 356 362 363 365
19 297 299 302 303 304 311 314 316 317 318 329 336 337 340 341 349 352 362 363
10 322 325 329 331 342 346 352 357 361 362
6 304 319 324 335 337 344
24 296 297 298 300 302 307 309 313 318 321 322 327 333 340 341 345 346 348 351 352 355 359 364 366
24 296 298 301 306 307 309 312 317 319 320 323 327 332 333 335 348 350 354 355 357 362 363 365 368
18 295 305 310 311 321 324 325 330 340 342 345 346 348 350 353 354 363 368
7 299 303 305 326 350 354 361
7 322 325 329 331 342 361 362
5 298 299 311 353 358
14 298 307 313 318 320 323 326 330 340 341 347 348 355 357
10 305 311 318 329 333 336 342 345 354 355
30 296 298 301 303 307 309 312 317 319 320 321 323 324 327 328 329 332 333 335 339 346 348 350 354 355 358 362 363 365 368
11 298 306 312 329 337 341 343 351 357 361 362
15 295 301 304 306 310 311 335 346 349 350 354 358 364 366 367
9 305 315 321 327 333 346 353 360 361
11 301 303 308 321 322 325 329 336 355 362 365
22 307 309 314 316 317 323 327 328 329 335 336 338 339 340 345 347 350 351 355 359 366 368
17 297 298 300 302 303 304 313 320 324 332 336 340 341 356 359 364 365
14 302 305 307 321 322 323 331 337 338 339 344 345 347 349
10 299 303 306 312 313 314 320 324 357 365
26 297 300 309 310 311 314 315 320 324 325 332 333 334 341 342 343 346 348 351 354 356 357 360 362 363 368
16 295 311 314 317 319 323 326 328 335 339 340 342 344 349 360 363
18 302 304 310 311 313 314 315 326 330 331 337 342 344 351 353 359 361 364
21 295 299 301 306 307 313 314 318 319 328 331 340 341 343 345 348 350 351 355 357 360
11 300 306 307 315 321 333 334 351 352 364 368
35 296 297 300 301 302 304 306 308 310 311 312 319 320 321 324 326 330 331 332 334 337 341 342 343 344 348 349 352 357 358 360 361 363 365 367
21 295 298 302 311 317 319 326 328 330 331 335 338 339 340 342 344 346 349 350 363 366
20 295 298 299 300 301 302 303 308 309 313 315 317 327 339 341 349 356 363 365 368
17 298 310 313 318 320 323 326 327 331 336 339 341 347 348 351 352 355
21 295 299 300 302 303 306 308 309 326 327 329 334 336 339 342 350 354 355 356 363 368
11 297 302 309 317 324 325 333 334 350 361 365
25 300 301 303 306 309 310 314 315 324 325 328 330 332 333 334 335 341 342 351 354 356 357 360 364 367
20 295 301 302 304 309 316 319 325 332 338 346 347 349 350 353 358 360 364 366 368
41 298 303 305 306 307 308 310 312 314 315 316 317 319 323 325 326 327 329 331 332 335 337 338 340 341 343 344 347 350 352 353 355 357 358 359 360 361 365 366 367 368
32 295 297 299 302 304 305 308 310 313 315 316 318 325 326 330 331 334 336 337 341 342 343 344 345 349 351 353 359 361 364 366 367
24 296 301 303 306 307 309 312 319 320 321 323 327 328 333 338 339 340 348 352 354 358 362 365 368
8 295 298 299 340 352 355 358 365
14 295 305 313 323 324 328 330 331 333 346 350 358 361 364
7 308 309 321 354 357 367 368
16 305 308 311 317 318 322 327 329 331 336 340 342 345 354 355 361
17 295 302 311 317 319 328 330 331 338 339 340 342 344 349 360 363 366
15 295 296 297 303 307 309 321 322 327 331 334 351 364 365 367
30 297 304 305 307 310 311 316 319 320 321 323 328 330 331 332 333 335 337 338 343 344 345 347 351 353 358 360 361 362 366
42 298 300 303 304 306 307 310 312 315 316 321 324 325 326 329 331 332 335 336 337 338 339 340 341 342 343 344 346 347 350 351 353 354 355 358 359 360 361 364 365 366 368
28 296 297 298 300 301 302 312 313 317 318 320 321 323 327 333 340 341 342 345 346 348 351 352 355 359 364 366 367
11 295 296 324 325 328 331 332 333 346 358 361
17 296 305 308 311 315 317 318 322 327 329 331 336 340 342 354 355 361
7 310 316 317 330 332 359 366
12 296 305 308 310 315 320 321 333 353 359 363 367
11 299 300 310 311 314 315 334 343 345 351 368
3 330 335 353
21 297 298 299 303 305 306 308 318 320 328 331 338 339 352 353 355 360 363 365 367 368
18 297 301 302 306 319 320 323 325 331 333 337 339 350 355 357 358 360 366
27 296 297 300 304 307 309 310 311 312 313 314 316 318 320 326 332 337 348 349 350 352 355 357 362 363 364 367
16 296 299 309 314 318 323 324 325 331 335 344 356 363 364 366 368
34 298 300 306 308 310 312 314 315 317 319 321 325 326 327 331 332 335 337 340 341 342 344 346 347 351 353 354 355 357 359 364 365 366 368
37 295 296 300 301 303 304 309 310 312 313 314 316 319 322 324 326 327 329 333 336 338 339 340 344 345 347 348 349 350 352 354 355 360 361 362 363 366
13 298 301 308 311 312 328 329 333 336 340 346 349 352
14 296 302 311 314 317 318 319 321 327 335 344 347 362 363
31 296 298 301 306 307 312 317 319 321 322 324 327 328 329 332 333 335 339 340 346 347 348 350 352 354 355 356 358 363 365 368
14 296 305 308 311 315 318 322 327 331 336 345 354 355 367
11 321 323 324 327 329 341 343 346 354 360 361
13 296 305 308 310 312 315 327 333 336 338 353 359 368
9 299 300 311 313 314 315 324 334 340
9 300 301 303 321 322 329 332 346 353
24 297 299 303 304 311 314 316 317 318 329 334 336 337 339 340 343 349 351 352 356 360 362 363 365
13 295 296 305 312 313 322 323 324 330 331 333 346 361
7 309 310 316 327 332 361 366
9 302 310 316 317 327 330 332 359 361
10 300 312 313 326 337 338 339 346 358 363
18 297 300 303 311 317 324 326 329 330 332 334 335 337 342 347 349 364 366
19 295 296 297 300 301 314 315 331 335 336 339 341 345 347 351 360 362 366 368
17 296 299 301 309 314 318 320 323 324 331 333 344 352 356 359 363 364
21 295 301 307 310 313 316 324 329 332 334 338 341 348 351 353 354 359 361 364 367 368
22 301 306 308 310 311 312 317 320 323 328 333 336 340 341 346 347 349 355 356 361 362 368
11 295 304 305 319 335 343 349 358 362 366 367
8 299 303 314 324 326 335 347 350
10 312 313 314 326 337 338 343 346 347 358
14 300 306 311 312 314 338 339 343 346 347 348 349 358 363
36 295 299 305 306 307 309 313 314 315 316 317 319 320 321 322 323 324 332 333 334 335 336 338 340 342 343 345 346 347 349 354 355 356 361 363 367
29 295 298 300 302 304 309 310 316 319 321 325 326 328 332 334 338 341 343 346 347 349 350 353 356 359 363 364 366 368
9 297 300 315 326 337 355 360 365 366
21 298 305 306 307 309 310 313 323 324 328 332 333 334 340 341 346 351 353 354 361 368
24 295 298 300 310 316 321 325 326 328 332 338 341 343 346 347 349 353 356 358 359 360 363 366 368
11 296 303 311 312 318 319 327 344 347 356 363
14 311 312 320 324 327 332 333 340 341 349 354 359 364 365
11 300 324 329 330 332 334 337 347 356 358 366
15 300 306 311 312 313 314 326 338 343 346 347 348 349 358 363
10 305 315 321 327 329 333 343 346 353 360
15 301 303 304 307 309 311 313 335 339 350 354 358 359 366 367
12 299 300 310 311 313 314 315 334 340 345 351 368
4 298 299 335 358
28 297 298 299 300 303 306 308 311 312 315 317 323 327 328 329 338 339 347 348 352 355 359 360 361 362 363 367 368
14 297 299 302 309 317 325 333 337 338 342 344 350 359 365
9 308 312 323 342 344 353 355 356 360
18 297 299 303 307 312 314 320 323 324 330 337 339 344 348 352 357 362 365
13 297 299 307 312 313 314 323 324 339 348 352 357 362
23 297 302 305 308 310 311 313 315 316 326 331 334 336 337 342 343 344 349 351 353 359 361 364
21 301 302 304 307 310 316 319 324 333 334 337 340 341 342 345 346 349 350 351 354 356
7 318 322 325 346 357 361 366
31 302 303 306 307 308 309 312 313 314 316 318 319 323 327 328 329 334 338 339 341 344 349 351 352 357 360 361 364 365 366 367
14 295 296 297 299 302 320 322 328 330 333 334 348 349 363
7 301 307 327 342 345 347 353
25 304 306 307 309 311 312 313 314 316 318 326 332 337 338 345 347 348 349 350 352 355 357 362 363 364
17 295 301 303 304 307 310 311 313 328 335 339 343 346 349 354 364 366
15 300 306 311 312 313 314 326 337 338 339 346 347 349 358 363
18 296 300 311 315 321 325 330 331 332 333 340 348 350 354 356 358 363 368
15 295 296 308 314 315 318 331 335 337 342 345 358 360 362 367
37 298 299 300 306 307 308 309 315 316 317 318 320 321 322 324 328 332 333 334 335 336 337 338 340 341 343 345 346 347 354 355 356 359 361 363 366 367
12 295 305 307 325 326 344 345 349 357 358 366 367
4 304 311 325 344
21 295 298 302 312 314 317 319 323 326 328 331 335 338 339 340 342 344 346 349 360 366
22 297 298 299 303 305 306 311 317 323 329 331 332 338 344 347 352 353 359 360 362 363 367
16 298 303 304 305 309 317 318 321 332 335 336 342 352 354 363 365
29 296 297 305 307 310 311 314 318 321 322 323 328 330 331 333 337 338 343 344 347 348 351 352 360 361 362 364 366 367
17 300 308 312 318 319 331 336 337 339 341 342 345 351 358 360 366 368
22 295 296 297 299 304 305 307 315 318 319 333 341 350 351 352 353 356 357 360 364 367 368
13 308 315 317 318 327 329 331 333 336 340 342 355 361
15 297 302 305 306 307 315 318 332 337 341 342 346 356 357 365
13 298 313 316 317 320 335 336 337 339 346 348 356 364
10 298 316 319 329 336 340 352 355 358 365
20 295 297 299 306 307 309 310 314 325 326 331 344 345 349 352 357 358 360 362 366
6 308 341 344 361 362 367
11 298 305 326 331 336 337 338 341 351 352 365
7 306 309 344 354 355 367 368
13 295 306 316 328 331 336 339 343 349 356 360 363 368
19 296 303 311 312 321 322 329 332 333 338 343 347 350 351 354 355 359 361 363
14 295 296 299 301 302 309 313 320 322 345 348 356 362 363
11 296 300 301 314 321 328 332 345 346 353 364
22 297 298 299 302 303 304 308 312 313 320 324 327 332 333 338 340 341 347 356 359 360 365
10 295 297 301 302 313 320 330 334 345 348
9 300 304 315 320 337 343 350 358 360
11 300 301 310 319 326 327 342 345 347 348 366
24 298 299 302 303 304 311 312 313 320 324 327 332 333 338 340 341 347 349 354 356 359 360 364 365
8 308 319 329 342 344 347 348 355
18 296 297 299 300 302 315 316 318 321 327 330 332 333 334 361 362 363 368
15 295 297 299 301 309 313 320 322 328 330 334 349 356 362 363
21 296 301 302 303 310 311 312 326 327 330 331 339 348 350 352 353 357 358 364 365 368
16 296 297 301 302 309 313 320 322 328 333 334 345 348 356 362 363
18 299 303 304 316 320 322 332 336 337 345 347 348 353 356 359 362 365 367
23 299 300 303 305 308 312 315 317 320 323 327 331 339 344 352 353 355 359 360 361 363 366 367
19 307 310 313 318 320 323 326 327 330 331 336 339 341 347 351 352 355 357 360
13 296 308 317 318 327 329 336 340 342 345 355 361 367
13 299 309 317 324 325 337 338 342 344 350 354 361 368
16 296 297 298 300 301 313 321 322 323 327 340 345 346 351 352 366
14 314 318 320 323 325 328 331 333 344 345 356 359 364 366
10 296 297 301 313 320 322 333 348 362 363
22 303 304 305 309 317 318 321 322 326 328 329 332 335 336 338 342 346 347 349 352 356 365
12 296 300 301 303 312 314 316 321 322 328 329 346
20 298 302 311 312 314 319 323 326 331 335 338 339 340 342 344 346 349 350 360 366
17 299 302 304 311 312 320 327 332 333 336 340 349 354 359 360 364 365
35 295 296 298 299 306 307 309 311 312 319 320 324 325 327 328 329 331 332 334 335 337 338 339 340 342 345 346 349 350 351 352 358 363 365 367
37 296 297 300 301 308 309 311 315 316 319 320 322 323 324 326 330 331 332 333 335 336 337 339 341 344 345 347 349 350 352 354 358 359 360 361 363 368
39 297 298 301 302 303 304 305 306 307 309 310 312 318 320 322 324 325 327 329 330 331 332 334 336 342 343 344 345 346 347 348 349 352 354 357 359 361 364 365
50 295 297 298 299 300 301 303 304 305 306 309 312 313 315 316 318 320 322 324 327 328 329 330 332 333 334 336 340 341 342 343 344 345 347 348 349 350 352 353 354 355 357 358 359 363 364 365 366 367 368
48 295 297 298 299 300 301 302 303 307 309 310 311 312 313 314 315 316 320 321 322 323 324 327 330 333 335 336 337 338 339 341 343 345 346 347 349 350 352 353 356 357 358 360 361 363 365 366 367
49 295 297 298 299 300 303 304 305 306 307 308 311 312 314 315 317 318 319 320 322 324 325 326 327 328 331 332 333 334 336 337 338 339 341 342 344 345 347 350 351 352 355 356 357 359 362 363 364 367
44 295 298 300 302 303 306 307 308 309 312 314 315 316 317 318 319 320 321 322 323 324 332 334 335 337 340 341 342 343 344 345 347 351 353 354 356 357 358 359 360 363 364 366 368
30 295 296 301 303 307 308 310 313 314 316 324 325 327 332 334 340 341 343 345 347 348 351 352 354 355 357 358 361 367 368
23 297 299 304 310 312 316 317 318 321 323 330 332 334 336 337 338 339 345 347 349 357 358 362
37 296 299 300 302 304 306 307 309 310 313 314 319 320 321 322 323 325 328 331 332 334 336 337 338 341 343 347 351 354 355 356 358 359 362 364 366 367
30 295 296 300 301 305 306 307 312 315 318 319 324 325 327 329 331 342 348 351 352 353 354 355 356 357 359 360 364 366 367
51 295 296 297 298 299 300 301 302 303 304 305 307 308 309 311 313 314 316 317 321 324 326 327 330 332 333 334 335 336 338 339 341 343 344 347 348 349 350 351 352 353 354 355 356 357 360 361 363 364 365 367
46 295 296 297 298 302 305 306 307 308 309 310 311 315 317 319 320 321 323 324 325 326 327 328 329 330 331 332 334 336 339 341 342 344 345 346 348 351 353 356 357 358 359 363 364 365 368
44 295 296 297 299 300 301 302 303 305 306 307 308 309 310 312 314 315 316 317 318 319 322 324 325 326 327 328 329 333 335 336 337 339 341 343 344 346 348 349 352 360 366 367 368
50 297 298 299 301 303 304 305 306 307 309 311 315 316 317 318 319 320 321 323 324 326 328 329 331 332 333 334 335 336 337 342 344 345 346 348 349 351 353 354 355 356 357 358 359 360 362 363 365 367 368
35 296 297 299 300 301 302 303 304 310 311 313 315 317 322 323 325 326 327 338 339 341 342 343 344 345 348 354 356 357 358 362 365 366 367 368
42 296 302 304 305 306 308 309 310 311 312 317 318 319 320 322 324 325 327 329 330 331 332 333 334 336 339 340 341 343 344 345 346 347 348 349 350 355 359 360 361 362 365
43 295 296 297 304 305 306 307 308 310 312 315 319 320 323 325 326 328 330 331 332 333 335 336 337 338 340 341 342 343 344 345 346 347 348 351 353 355 356 361 362 365 366 367
49 296 297 298 299 300 301 302 304 306 307 308 310 311 312 313 314 315 316 318 320 321 322 323 325 326 327 328 329 330 332 333 335 337 339 340 341 343 346 347 348 350 352 353 354 358 360 361 362 367
45 296 300 301 303 304 305 306 307 308 309 311 312 313 314 316 319 320 322 324 325 327 328 329 331 333 334 335 336 337 339 340 342 344 347 349 350 351 352 354 359 360 361 362 366 367
35 295 302 304 306 311 313 314 315 316 317 320 324 326 327 328 331 333 334 335 336 337 338 339 340 342 343 347 351 352 355 359 361 363 364 367
34 296 299 300 301 303 304 305 307 310 311 313 314 315 320 328 330 332 335 336 337 339 341 344 345 346 348 352 356 357 359 361 364 365 366
27 296 297 301 303 307 310 312 315 323 326 327 331 334 336 337 340 342 344 346 351 352 354 356 362 363 366 367
46 296 297 298 299 300 303 304 307 309 311 313 314 315 316 317 318 319 320 321 322 323 324 327 328 331 332 333 334 335 337 338 339 344 347 349 351 353 355 357 358 359 360 361 364 366 367
27 296 297 300 302 303 306 308 310 313 319 323 324 326 329 330 331 337 338 343 344 353 360 361 362 363 365 368
32 297 298 300 303 307 309 310 312 315 317 320 324 328 329 330 337 340 341 343 344 345 350 352 353 355 356 357 360 361 362 364 366
48 296 297 298 300 301 303 305 306 307 308 315 316 317 319 320 321 324 325 326 327 328 330 332 335 336 337 338 339 341 343 345 348 349 350 351 352 353 354 355 358 359 361 362 363 365 366 367 368
49 295 296 297 298 299 300 303 304 305 307 309 310 311 312 313 314 316 319 320 321 323 325 326 327 328 332 333 334 336 337 338 340 341 343 344 345 346 348 350 354 356 358 359 361 362 364 365 366 368
29 298 302 304 305 311 312 313 314 319 321 324 325 327 329 330 332 337 345 347 349 350 351 354 356 357 360 363 365 368
39 296 298 300 302 304 305 306 307 310 315 317 318 319 320 321 322 323 324 325 326 329 332 334 335 342 344 345 348 350 351 354 357 358 360 361 362 364 365 367
37 297 298 300 301 302 303 304 305 308 309 310 311 314 315 316 319 323 326 327 330 334 338 339 340 341 344 347 351 352 355 356 358 359 360 362 366 368
28 297 302 305 307 310 311 313 314 318 320 323 324 327 328 334 336 337 344 345 347 349 353 356 357 358 359 360 361
26 302 312 314 315 318 319 321 323 324 327 328 331 334 336 337 340 347 348 350 352 355 357 360 361 365 367
34 296 297 301 302 303 308 312 319 320 321 323 324 326 328 329 330 333 335 337 339 340 341 344 346 353 355 356 357 358 359 362 366 367 368
45 295 296 298 301 302 303 304 307 309 310 313 314 316 317 319 320 322 323 325 326 327 328 329 331 332 333 335 336 337 338 340 343 344 345 347 348 349 351 353 354 357 360 362 366 368
24 295 297 300 305 306 315 316 318 319 325 327 332 334 341 345 350 352 353 354 357 359 365 367 368
40 300 301 304 305 306 309 310 311 313 317 319 320 321 323 324 326 328 332 333 334 336 338 340 341 342 343 344 346 347 348 349 351 352 353 356 358 360 361 362 366
23 296 297 299 300 304 308 310 312 314 315 320 325 328 329 331 337 339 340 348 352 353 361 362
38 295 296 297 298 299 300 301 302 303 305 310 311 313 316 320 321 323 325 329 330 331 332 335 336 337 338 342 344 345 347 351 359 360 361 362 364 366 367
50 295 296 297 301 302 303 304 305 307 310 312 314 318 319 321 324 325 326 327 329 330 331 334 335 336 337 338 340 341 342 343 344 345 346 347 349 350 351 354 355 356 357 358 359 360 361 362 364 365 367
47 295 296 299 301 302 303 304 305 307 308 310 312 313 315 316 319 320 321 322 323 324 326 327 328 329 331 335 337 338 339 340 341 342 343 344 345 346 349 350 352 355 357 359 362 365 366 367
27 296 297 299 300 301 306 307 309 311 313 320 321 322 323 327 328 332 334 338 343 345 346 347 353 354 356 361
24 301 303 304 306 307 309 315 316 318 320 321 322 323 332 335 344 345 349 352 355 359 362 363 365
24 297 301 302 306 307 310 312 313 316 317 321 323 324 325 327 330 334 335 337 344 349 355 367 368
31 295 296 298 299 300 301 302 304 305 314 315 317 318 319 320 321 327 328 332 334 337 340 342 344 345 347 354 355 360 361 365
37 297 299 300 301 302 305 306 308 310 311 316 317 321 322 323 324 326 328 330 331 334 336 337 338 339 341 344 345 348 350 352 354 356 359 362 366 367
47 295 296 297 298 299 303 305 306 307 309 312 313 314 316 320 321 323 325 326 327 329 330 331 332 333 334 335 337 339 340 341 342 343 344 345 346 349 350 351 352 354 355 359 361 362 363 364
25 295 296 297 300 307 310 313 315 318 320 322 323 325 333 337 338 339 343 346 347 349 355 356 361 368
36 297 298 299 303 304 305 306 308 310 311 314 317 320 321 328 329 333 336 337 340 341 343 344 350 351 353 354 356 357 360 362 363 365 366 367 368
37 296 300 304 305 306 307 312 313 314 316 321 322 326 327 328 331 332 334 335 336 337 339 340 342 343 345 350 351 352 355 356 357 358 360 362 365 367
38 296 297 299 300 302 303 304 305 308 310 311 314 316 318 319 322 323 326 327 329 330 332 334 337 340 341 344 347 348 353 354 355 356 357 361 362 364 365
48 295 296 297 299 301 304 305 306 307 310 312 313 314 315 316 318 319 320 322 325 326 327 328 329 330 331 333 334 336 337 338 339 341 343 344 345 346 347 348 349 353 354 357 358 363 365 367 368
41 295 297 299 300 301 304 305 307 308 312 313 314 316 317 320 322 323 324 325 326 328 329 331 336 339 341 342 343 344 347 350 351 352 353 354 355 356 358 359 363 365
39 301 302 303 305 306 307 309 311 313 314 316 317 319 320 321 324 325 326 328 329 330 333 341 342 343 344 345 348 351 352 353 355 356 357 358 360 362 366 368
41 295 296 297 298 299 300 301 302 303 305 307 310 315 317 320 321 324 327 329 330 331 332 333 335 337 339 341 342 343 345 347 350 351 353 354 355 356 358 363 367 368
36 296 297 300 301 306 307 308 309 310 312 313 315 317 319 320 321 323 324 327 330 332 333 334 337 338 340 342 345 347 350 353 354 355 364 366 367
22 300 302 307 310 311 313 314 321 322 323 325 333 336 340 341 342 345 347 353 356 363 365
51 295 296 297 299 302 303 306 307 308 309 310 311 312 314 316 317 318 319 320 321 322 323 324 326 327 329 330 331 332 333 334 335 339 340 341 342 344 345 347 348 350 351 353 354 356 358 360 364 365 366 368
33 295 297 299 303 305 306 307 313 314 315 317 319 321 328 329 330 331 332 333 336 337 340 342 343 345 346 348 353 354 355 361 365 368
49 295 296 297 298 302 303 304 305 306 307 310 311 312 313 314 315 316 318 319 320 322 324 326 327 328 330 332 333 338 339 340 341 342 343 345 348 350 351 356 358 359 360 361 362 363 364 365 366 368
23 303 304 306 307 311 312 315 319 328 330 331 341 342 350 353 354 355 357 359 360 362 364 368
37 295 298 300 302 306 309 310 311 313 315 316 317 318 319 320 321 322 324 327 330 331 336 337 338 339 342 344 345 347 349 353 356 358 359 360 362 363
48 295 296 297 298 299 301 304 305 307 310 312 313 315 316 317 318 319 320 321 323 324 325 327 329 332 334 335 336 337 338 339 340 341 342 344 346 347 350 351 352 354 356 357 361 362 364 365 367
23 296 298 299 309 311 317 321 322 326 330 334 340 341 345 352 353 354 356 357 358 359 362 368
44 295 297 298 301 302 306 310 311 312 313 314 315 317 318 319 322 323 325 326 327 328 330 331 336 337 338 339 340 341 342 343 345 347 350 352 353 356 357 359 360 361 363 367 368
48 298 299 300 302 303 304 305 307 308 310 311 313 314 316 319 320 321 322 324 326 327 328 331 332 333 334 335 339 341 342 344 346 347 349 350 351 352 353 355 356 357 358 359 363 364 366 367 368
29 295 300 307 308 312 316 319 320 321 324 329 330 331 332 334 337 341 342 343 344 349 352 356 358 359 360 363 364 366
36 295 297 298 302 304 307 309 310 311 315 316 317 318 324 327 328 330 332 333 334 340 341 342 343 344 346 348 349 351 352 353 357 363 364 365 367
34 300 301 302 303 305 306 308 310 316 317 318 319 320 321 325 327 329 330 331 332 333 335 339 343 346 349 353 354 356 357 361 363 364 366
25 296 299 301 304 307 312 313 315 323 324 326 328 336 337 339 340 341 343 344 350 352 354 357 367 368
40 297 298 299 300 301 303 305 306 308 312 316 318 320 324 325 331 332 333 334 335 336 338 339 340 341 342 343 346 348 349 350 352 355 357 358 359 361 362 363 366
49 296 297 298 301 303 306 307 308 309 310 312 314 315 316 317 318 319 320 322 323 324 325 326 327 330 331 333 334 335 338 340 341 342 343 344 346 348 349 350 351 352 354 355 357 358 361 362 365 366
37 295 297 303 304 305 306 307 308 309 313 314 317 320 324 325 328 330 331 332 336 337 338 339 340 341 343 345 346 347 348 349 350 352 353 356 360 365
48 295 296 297 298 299 303 305 306 307 308 310 312 315 316 319 320 324 325 326 327 328 329 330 332 333 335 336 338 339 341 343 345 346 347 348 349 351 354 355 356 357 358 360 361 363 364 367 368
34 297 301 305 307 311 313 318 320 322 324 325 326 328 333 334 337 338 340 342 345 347 348 350 351 352 354 355 357 358 361 363 365 367 368
50 295 297 298 300 301 302 303 304 306 308 310 311 312 315 316 317 318 321 322 324 326 327 328 330 331 332 333 334 339 340 341 342 343 345 346 348 349 350 351 352 354 355 357 358 360 362 363 364 366 368
31 295 296 303 305 307 310 312 313 317 321 326 328 330 331 332 336 338 339 341 342 344 345 348 350 351 354 356 359 362 367 368
40 295 296 301 302 304 307 309 310 312 313 314 315 319 321 322 329 331 333 334 336 337 338 339 342 345 346 347 348 351 355 356 358 359 361 362 363 364 365 366 367
29 295 296 298 302 307 309 313 314 318 319 322 326 327 328 333 334 338 341 346 349 351 352 354 360 362 365 366 367 368
47 295 296 297 300 301 303 305 306 307 308 309 310 311 312 313 315 317 318 319 321 323 325 326 327 330 337 339 340 341 342 343 344 345 346 347 348 349 352 353 354 361 362 363 365 366 367 368
40 295 298 299 302 304 305 306 307 308 309 314 319 320 322 323 325 326 329 330 334 335 336 337 339 340 342 344 346 347 349 350 351 352 353 355 356 361 363 364 367
47 295 296 297 299 301 302 303 305 306 307 308 310 311 312 313 315 316 317 318 319 323 324 325 328 333 334 336 338 340 343 344 345 346 347 348 349 351 352 354 355 356 358 359 360 363 367 368
33 295 297 299 300 301 302 309 311 313 321 323 326 332 334 336 338 339 340 341 342 345 350 351 352 353 354 355 356 357 359 362 364 367
44 298 299 304 306 307 309 310 311 312 313 314 315 317 319 320 321 322 323 326 329 330 331 332 333 338 339 340 343 344 347 351 352 353 354 355 357 358 359 360 361 364 365 366 368
28 295 298 299 301 302 303 304 305 306 310 315 316 317 319 321 324 325 326 331 335 341 348 350 352 359 360 361 365
32 297 299 300 303 305 306 308 309 313 314 318 319 326 330 331 334 336 341 342 347 350 352 355 356 358 359 360 361 362 364 365 366
42 295 298 299 301 304 306 307 310 311 315 316 317 318 320 321 322 324 326 327 328 329 330 332 335 336 337 338 344 346 347 348 350 352 354 357 358 359 362 363 364 366 368
30 298 305 310 311 312 315 317 321 323 327 329 338 340 342 345 346 347 348 349 350 351 352 353 354 356 359 360 362 363 366
48 296 297 298 299 300 301 302 304 305 306 308 310 311 312 313 315 317 318 319 320 321 322 323 324 325 326 327 328 329 331 333 336 338 340 343 346 347 348 350 351 354 355 359 360 362 363 364 368
49 295 296 297 299 301 303 304 305 306 307 309 310 311 313 314 317 319 320 321 322 325 326 328 329 332 333 334 335 337 338 340 342 343 344 345 346 347 351 352 353 356 357 359 360 362 363 366 367 368
47 296 297 298 299 300 302 303 304 305 307 310 311 312 314 316 317 320 321 322 324 326 329 330 332 333 334 335 336 337 339 340 341 343 347 348 349 351 354 355 356 358 359 360 361 363 364 368
30 296 297 304 305 307 308 309 313 316 321 323 325 327 328 330 332 333 335 336 337 338 342 346 348 349 356 360 364 365 367
23 295 298 301 303 304 308 309 313 314 315 319 321 324 333 335 341 344 346 351 354 355 365 366
33 296 297 300 301 302 308 309 313 315 319 321 327 328 330 333 334 339 344 346 348 349 350 352 355 357 359 361 363 364 365 366 367 368
51 295 296 298 299 300 303 306 307 308 309 312 313 314 315 316 317 318 321 322 323 325 327 328 329 337 338 339 340 342 343 344 345 346 347 348 350 351 352 353 354 355 356 357 358 360 361 362 363 365 366 367
29 295 299 300 301 307 311 312 315 316 317 319 321 323 326 329 330 336 340 343 346 349 353 355 358 360 362 364 365 368
33 298 300 307 308 314 315 316 317 318 319 321 322 325 328 329 330 334 336 339 340 341 342 344 345 346 348 351 352 357 358 361 364 366
38 297 298 301 302 305 306 308 309 310 314 317 318 319 323 325 326 328 331 335 336 342 343 345 347 348 349 352 353 354 358 359 360 361 362 363 364 365 368
47 295 297 298 299 300 301 305 306 307 308 309 310 311 314 315 316 317 320 321 322 323 325 326 327 330 331 334 335 338 342 343 344 345 347 348 350 353 355 357 359 360 361 362 364 365 367 368
51 295 296 297 298 299 300 302 308 311 312 313 314 315 317 319 321 322 323 324 325 326 327 329 330 331 333 336 337 339 340 341 342 345 346 347 348 349 350 351 354 356 357 359 360 361 362 363 364 366 367 368
44 295 298 299 301 302 306 307 309 312 313 315 317 318 319 320 322 325 326 327 328 330 332 333 334 335 336 339 340 343 345 346 348 349 350 354 355 356 358 360 363 364 365 366 367
37 295 296 298 300 302 306 308 311 312 313 319 321 327 328 329 330 331 334 335 337 339 342 346 348 349 351 353 355 356 359 360 361 362 363 364 366 367
31 296 298 299 300 301 303 305 307 308 309 312 313 317 319 322 323 326 329 330 331 336 337 339 340 342 345 349 361 362 364 368
30 298 301 302 305 311 312 313 314 315 316 318 323 326 329 332 333 334 336 337 339 342 343 345 356 357 362 364 365 367 368
30 296 297 298 299 301 304 306 310 311 312 313 316 317 318 320 321 322 323 324 329 331 332 336 337 338 340 346 349 354 359
40 295 296 297 301 304 307 308 310 311 312 313 316 317 319 321 325 327 328 329 331 335 336 338 339 341 342 343 344 347 351 352 355 356 357 359 360 361 363 366 368
27 295 297 301 307 308 309 310 312 313 314 316 319 327 329 331 332 338 339 340 343 344 345 347 350 362 363 366
51 296 297 299 302 303 304 305 306 308 309 311 312 317 319 320 321 322 323 324 325 326 327 329 330 331 332 333 334 337 339 340 341 342 343 344 345 346 348 350 351 353 354 355 357 358 361 362 364 366 367 368
48 296 298 299 300 301 302 303 305 306 308 309 310 311 314 316 317 318 319 320 324 325 327 330 331 333 334 335 336 338 339 340 341 342 344 345 346 348 349 351 355 356 359 360 361 362 365 366 367
27 295 296 299 307 310 312 313 314 319 321 326 328 330 331 333 334 339 343 344 345 351 354 356 364 365 366 367
35 296 297 298 302 303 306 308 310 313 316 320 321 322 323 325 327 328 332 334 335 337 339 341 342 344 346 347 348 349 350 353 359 360 361 368
37 297 299 302 305 308 310 311 312 313 314 315 317 318 321 324 328 329 331 333 334 336 337 340 341 346 348 349 350 351 352 354 355 357 362 363 364 365
37 297 298 300 301 304 305 309 310 311 313 316 319 320 321 322 328 330 331 332 334 335 336 338 340 341 342 343 344 347 352 356 357 359 365 366 367 368
33 295 298 300 303 304 305 306 308 311 312 313 314 318 321 323 326 328 330 331 332 333 335 336 337 339 340 342 346 351 357 364 365 367
49 295 296 297 300 301 302 303 305 306 307 308 309 310 311 315 316 319 321 323 324 325 326 327 329 330 332 333 335 336 337 338 339 342 344 346 347 348 352 354 355 356 357 358 359 360 362 364 365 367
26 304 306 307 309 310 312 314 315 321 330 334 335 336 337 340 341 344 346 349 350 351 352 357 358 362 367
49 296 297 298 299 300 303 304 305 308 311 312 313 314 318 319 322 323 324 325 326 327 328 329 330 332 333 334 335 336 337 338 339 340 341 342 343 348 349 350 352 355 356 357 359 360 362 365 367 368
43 295 296 298 300 303 305 308 311 313 314 315 316 317 319 320 321 323 324 325 328 329 330 332 333 334 336 337 338 340 341 342 349 350 351 352 354 355 357 360 363 366 367 368
44 295 296 297 300 301 302 303 304 309 310 313 316 317 320 321 322 323 324 325 327 328 330 331 333 334 337 339 342 344 345 346 347 349 350 351 355 356 359 361 362 364 365 367 368
38 297 298 301 304 305 308 309 310 311 315 316 320 324 326 327 329 332 335 336 340 344 345 347 348 349 351 352 353 354 357 359 360 363 364 365 366 367 368
37 295 296 300 301 302 305 308 309 311 312 313 314 316 318 320 325 326 328 329 330 337 340 341 343 347 349 351 352 353 354 356 359 362 363 364 365 368
46 296 300 301 304 305 306 307 308 310 311 313 314 315 317 318 319 321 325 326 327 330 331 333 334 335 336 338 339 340 341 343 344 346 347 350 351 353 357 358 359 361 362 363 364 365 367
43 297 298 301 302 303 304 305 306 307 308 315 316 318 320 322 323 325 326 327 328 329 333 335 337 339 340 341 343 344 345 348 350 353 354 356 359 360 361 362 363 364 366 367
33 298 299 300 303 306 307 308 309 311 313 318 319 320 321 322 326 328 329 331 332 333 339 340 341 343 347 352 357 358 361 362 363 365
42 295 297 300 301 304 305 306 307 308 311 312 313 314 315 317 319 321 322 328 330 333 337 338 340 341 346 347 348 350 351 355 356 357 358 359 360 361 362 363 365 366 367
28 295 298 299 306 307 308 312 320 321 322 325 329 330 332 333 335 339 346 350 352 353 354 355 357 362 365 366 368
42 295 297 298 300 301 305 308 309 310 311 312 313 320 323 324 328 329 330 331 332 333 334 336 338 339 340 343 345 349 350 352 353 354 355 356 357 359 360 361 363 365 368
42 295 298 299 300 301 304 305 307 308 314 315 316 317 319 320 324 325 326 327 328 329 330 332 335 338 341 342 343 346 348 349 351 352 354 355 357 358 361 362 363 366 367
26 295 296 297 300 310 313 316 317 321 322 326 327 328 329 335 336 337 338 341 342 346 352 353 356 361 362
35 295 299 303 304 307 315 317 318 319 321 322 323 324 325 327 328 329 331 332 333 337 341 342 344 345 348 349 351 353 354 356 357 360 363 364
25 297 303 305 306 307 313 318 319 320 321 322 328 330 332 337 343 350 352 353 355 356 360 364 365 367
28 302 303 305 307 310 317 320 322 325 326 328 330 331 334 339 344 345 346 350 353 354 356 362 363 364 365 366 368
45 295 299 301 303 307 312 314 315 318 319 320 321 322 323 325 326 327 328 329 333 334 336 337 338 339 342 343 344 345 347 348 349 350 351 352 353 354 355 356 357 360 365 366 367 368
50 295 297 298 299 300 301 302 304 305 306 307 309 310 311 312 314 315 316 317 321 323 325 326 327 328 330 332 333 334 335 336 337 341 344 346 349 350 351 352 353 354 356 358 359 360 361 363 364 365 366
45 295 296 297 299 300 301 305 306 308 309 310 311 313 314 315 318 319 322 323 325 326 327 328 330 331 332 333 334 335 337 338 340 341 342 343 345 353 354 357 359 360 361 363 365 368
35 296 298 299 300 301 305 308 312 320 321 322 323 324 326 327 330 332 334 335 336 338 340 341 345 346 349 350 358 359 362 364 365 366 367 368
30 296 299 302 303 305 306 310 311 321 326 327 328 330 331 333 336 339 342 344 347 350 354 355 356 358 359 360 362 363 368
23 296 298 302 307 311 313 321 322 325 329 330 336 337 339 341 343 344 345 353 358 359 367 368
27 295 297 300 303 304 308 310 313 317 321 328 329 330 331 333 337 339 341 342 343 354 358 359 360 361 362 365
36 295 296 297 299 300 304 305 307 308 309 314 315 316 322 325 327 329 331 332 333 334 336 337 343 344 350 354 356 359 360 361 362 364 365 367 368
39 298 299 300 301 303 304 307 308 311 312 313 314 315 321 322 324 327 329 330 331 333 335 336 341 342 343 344 345 348 349 350 351 352 353 358 363 366 367 368
42 296 298 299 300 302 304 305 307 311 312 314 316 317 318 319 320 324 325 326 328 331 332 334 335 336 338 340 342 345 349 350 351 352 354 356 357 359 360 361 364 366 367
25 296 297 299 303 308 319 322 327 328 332 333 335 339 340 341 344 348 350 351 352 354 361 363 364 368
34 295 300 303 304 306 308 310 311 314 315 316 317 318 319 320 322 324 329 330 332 334 335 336 339 340 344 348 349 350 352 354 355 366 368
34 296 297 299 301 302 306 309 310 313 315 316 322 323 326 329 332 337 338 339 341 342 343 344 347 349 351 353 354 355 359 362 363 365 368
23 295 297 298 303 316 321 324 325 333 334 337 340 342 344 345 346 347 351 354 358 359 364 366
47 295 296 297 299 300 303 304 305 307 308 309 310 311 314 315 317 318 319 322 323 324 326 329 330 333 334 335 336 339 341 342 343 344 345 347 348 349 351 352 355 356 357 358 359 360 363 366
23 299 302 305 307 310 312 314 320 324 332 336 338 340 344 346 350 353 358 362 364 365 367 368
44 295 296 297 298 300 301 302 303 304 306 307 309 311 313 314 318 319 320 322 324 325 326 327 329 332 333 334 337 340 341 342 344 345 346 350 351 354 357 358 361 362 363 366 367
51 295 296 298 299 301 302 303 305 307 308 309 311 312 313 314 316 317 318 320 322 323 324 325 326 327 328 329 330 331 332 334 336 338 341 342 346 347 348 350 351 352 355 356 357 359 360 362 363 364 365 368
42 295 296 298 300 304 308 309 311 312 313 314 320 323 324 326 328 329 330 331 332 336 337 338 340 342 343 346 347 348 350 351 353 354 356 357 358 361 362 363 365 366 367
50 295 296 297 300 301 304 306 307 308 310 311 313 315 318 319 320 322 323 324 326 327 329 330 331 335 337 338 339 340 341 342 343 344 345 346 347 348 349 350 351 355 356 360 361 362 364 365 366 367 368
27 295 296 307 311 315 316 319 320 324 325 329 332 336 339 341 343 345 347 349 353 357 358 361 362 363 367 368
41 296 298 301 302 304 305 306 311 313 314 315 319 321 322 323 328 329 330 331 333 335 337 340 341 342 343 347 349 350 351 352 355 357 358 359 360 361 362 363 365 367
40 295 296 298 301 302 304 305 306 310 311 312 313 315 316 317 318 320 321 324 325 327 329 332 333 334 342 343 346 347 349 350 354 355 356 358 359 362 363 366 367
49 295 296 300 301 302 303 304 305 306 307 308 310 311 312 316 317 318 319 322 323 325 326 327 329 332 335 336 337 338 339 342 343 344 345 347 348 349 352 353 354 357 358 359 360 361 362 365 366 367
51 296 297 299 300 303 304 305 307 308 309 310 311 312 313 315 319 323 324 326 328 329 330 331 332 335 337 338 339 340 341 343 344 346 347 348 349 351 352 353 355 356 357 358 359 361 363 364 365 366 367 368
26 296 302 306 307 309 312 319 322 324 326 328 331 333 335 338 340 343 348 350 351 352 353 357 363 366 367
47 295 297 298 299 300 301 302 306 307 310 311 313 314 316 319 320 321 322 325 326 327 328 330 331 333 335 336 338 339 340 342 344 346 349 351 352 353 354 355 356 357 358 360 363 364 365 367
32 296 298 299 302 303 307 310 314 315 317 321 327 329 330 331 332 333 341 344 345 347 349 350 351 352 354 356 358 360 361 362 363
22 296 299 308 309 319 320 323 324 325 328 329 330 336 337 340 352 357 359 360 362 363 364
44 296 297 298 300 302 304 305 306 307 311 312 315 316 322 323 324 325 328 331 332 334 335 336 337 338 339 341 342 344 345 349 351 353 354 355 356 357 358 359 361 362 363 364 366
50 296 299 300 303 305 306 309 310 311 312 313 314 315 318 319 321 322 323 324 325 326 329 333 334 335 336 337 338 339 340 341 342 344 345 346 347 348 350 351 352 355 357 359 360 361 362 365 366 367 368
45 295 297 298 299 301 303 304 305 307 308 310 311 312 314 315 317 318 320 321 322 323 325 329 331 332 333 334 339 342 343 344 347 348 349 353 354 355 356 358 359 360 362 366 367 368
46 296 297 301 302 304 305 306 307 309 310 311 315 316 317 318 319 321 322 323 326 328 332 333 334 335 336 337 338 339 340 342 344 345 346 348 349 352 353 355 357 359 360 361 364 365 366
47 296 297 300 301 302 304 306 308 310 312 313 314 315 316 318 319 321 322 323 325 327 328 329 330 332 333 338 340 342 344 345 346 347 348 349 350 352 353 354 355 356 357 359 362 366 367 368
40 296 297 299 300 301 303 306 307 308 312 314 315 316 318 319 321 323 324 326 328 329 332 333 337 338 340 341 342 343 348 350 351 352 353 356 360 363 364 366 368
40 295 302 303 306 307 308 309 310 311 312 313 314 315 317 319 321 325 326 327 330 331 334 336 337 338 339 342 343 344 347 349 350 351 352 353 354 358 361 364 368
35 295 297 298 299 300 309 310 315 316 317 319 320 321 324 326 329 331 332 334 335 338 345 347 351 353 357 358 359 361 363 364 365 366 367 368
42 295 298 299 302 303 304 308 309 310 312 314 315 316 318 321 324 328 329 330 331 332 333 335 336 338 340 342 344 346 348 349 352 353 355 357 358 359 362 363 366 367 368
34 296 303 304 305 306 307 310 311 312 313 314 315 319 320 321 323 327 328 329 330 331 332 335 337 342 343 344 345 351 352 353 363 367 368
24 298 304 307 310 315 317 319 320 322 323 324 326 332 334 341 344 345 347 351 352 354 356 357 361
51 295 297 298 299 300 301 302 304 305 306 308 310 311 312 313 315 316 317 318 320 321 323 324 325 326 327 330 332 333 334 335 336 337 340 341 345 348 349 350 351 352 354 356 359 360 362 363 364 365 367 368
48 295 297 298 299 301 302 306 307 308 309 310 312 313 314 316 319 321 322 324 325 327 329 331 332 333 334 337 338 340 341 342 344 345 348 349 350 354 355 356 357 358 359 360 361 362 366 367 368
44 295 296 297 298 301 302 303 304 305 306 307 311 312 315 316 318 319 320 322 323 327 328 329 330 331 333 336 338 340 342 345 347 348 351 352 353 355 357 359 360 361 364 367 368
30 295 298 301 302 303 307 308 311 313 315 317 319 320 321 325 326 331 332 336 337 338 341 342 347 356 358 359 364 365 367
22 298 302 305 308 309 315 316 317 319 325 329 331 332 337 340 349 350 351 353 363 367 368
33 295 296 299 300 302 305 311 313 315 316 318 319 325 326 328 330 331 334 337 338 343 344 346 347 350 351 352 354 357 358 362 366 368
33 297 300 303 305 308 309 312 315 316 318 319 321 325 327 334 337 338 341 342 343 345 347 348 349 350 351 359 360 362 363 365 366 367
47 295 297 299 300 301 302 305 307 310 311 312 316 320 322 323 324 325 326 327 328 329 330 332 333 334 335 336 337 338 340 341 343 344 345 346 349 350 353 354 357 358 359 360 364 365 367 368
36 295 296 297 301 303 304 307 308 311 312 314 316 317 318 319 323 324 325 331 333 335 336 337 338 341 343 345 350 351 354 356 357 359 360 362 364
41 295 296 299 300 301 302 303 304 307 308 309 311 312 313 319 320 321 323 326 328 330 338 339 340 341 342 343 349 350 351 352 353 354 355 356 357 360 361 362 366 367
45 295 296 297 300 302 303 304 305 307 310 313 314 318 319 320 322 324 325 326 327 328 330 331 332 334 336 339 340 341 342 346 348 349 352 353 354 355 357 358 359 360 361 362 366 368
36 296 297 302 303 308 309 311 312 313 314 316 319 322 326 327 328 331 332 333 334 335 339 340 341 342 344 345 350 351 355 358 359 361 363 364 367
26 295 296 301 304 306 307 312 319 320 323 326 327 331 338 344 348 349 352 354 357 358 360 362 363 365 367
31 295 299 300 303 305 306 308 310 316 317 320 321 323 324 325 328 329 330 332 334 335 336 343 345 352 354 356 358 360 361 367
34 296 297 298 299 300 301 302 305 312 315 316 320 322 324 325 326 327 330 331 333 337 338 339 340 345 346 349 350 357 360 361 363 364 368
34 295 296 297 300 301 303 305 306 310 311 315 318 319 320 321 323 325 333 335 337 340 341 345 346 347 349 350 351 352 356 357 359 366 367
36 295 297 298 299 300 301 305 307 309 310 312 313 318 319 322 323 324 325 326 332 333 339 340 342 344 345 347 349 350 351 353 354 357 363 365 368
43 295 297 298 301 302 303 305 310 311 312 315 316 318 322 323 324 325 328 330 331 333 334 336 337 338 339 340 343 344 347 348 349 350 352 354 355 357 358 359 360 361 366 367
51 295 296 297 299 300 301 305 306 308 309 310 312 313 314 315 317 318 319 320 321 322 323 326 327 328 329 332 335 336 340 341 342 343 345 346 347 348 352 353 354 355 356 357 358 360 361 362 363 366 367 368
23 295 299 300 301 304 305 310 312 320 321 322 323 325 330 338 345 348 351 356 361 363 365 367
26 297 299 304 306 307 311 314 315 316 317 319 322 324 326 329 330 331 337 339 342 348 350 353 357 361 362
36 296 297 298 300 301 302 304 311 314 315 316 318 321 323 326 332 334 335 337 339 340 341 342 345 346 347 348 353 356 357 359 360 363 364 365 368
39 296 300 301 304 305 306 307 308 309 312 318 321 322 323 324 325 327 330 332 333 334 336 337 339 342 343 344 345 347 348 353 355 356 359 362 364 365 366 367
48 295 296 297 302 303 304 305 307 308 309 313 314 315 317 319 321 323 324 326 328 329 330 331 332 333 335 336 337 338 339 342 346 347 349 351 354 355 356 357 360 361 362 363 364 365 366 367 368
46 295 296 298 299 303 304 305 307 309 310 312 315 316 317 319 320 321 322 324 325 326 327 328 329 332 333 334 336 338 339 342 344 345 346 347 351 353 355 357 360 361 362 363 365 366 367
24 296 297 301 306 308 310 311 312 314 321 324 325 327 329 330 332 334 342 346 349 350 354 361 368
26 295 304 310 311 312 317 318 319 321 322 323 324 326 327 328 329 334 340 341 344 347 351 353 365 366 368
46 295 296 297 299 300 301 304 305 309 311 312 313 314 315 316 317 318 321 323 326 329 330 331 332 335 336 337 338 339 341 343 344 346 348 349 352 354 356 357 358 359 361 362 364 365 368
37 295 296 298 299 304 305 309 311 314 315 316 318 321 322 324 328 329 330 331 332 335 339 340 343 344 347 348 350 351 352 353 354 356 360 361 363 366
39 297 298 299 301 302 303 307 308 309 310 312 313 314 315 317 318 319 322 323 324 325 335 339 341 342 343 346 351 352 354 357 359 360 361 362 363 364 365 368
40 295 301 304 305 309 311 312 313 316 318 319 320 321 324 326 329 330 331 333 334 337 338 341 345 346 347 348 349 350 352 353 354 355 356 357 358 360 361 363 367
31 296 298 299 301 305 306 307 308 309 310 311 317 320 322 323 324 330 338 339 341 344 346 347 348 349 353 359 360 362 363 367
38 296 298 300 303 304 305 306 308 310 313 314 315 316 319 322 327 328 331 333 334 335 337 338 339 343 344 345 346 347 348 352 353 355 356 361 365 367 368
48 295 296 300 303 304 306 307 310 311 312 315 316 317 320 321 322 323 324 326 327 328 329 335 336 338 339 340 342 344 345 346 347 348 350 351 352 353 354 357 358 359 360 361 363 364 365 367 368
41 295 296 297 299 303 304 305 308 309 310 311 312 313 314 315 317 319 320 321 322 325 326 332 333 334 336 337 338 341 345 346 348 351 353 354 355 359 360 362 365 366
30 295 296 301 304 306 308 310 311 317 318 321 322 327 328 331 332 334 340 342 348 350 352 353 356 357 358 360 362 363 368
35 296 297 298 303 304 306 307 310 314 316 317 318 320 322 323 324 326 327 328 329 331 333 336 344 346 347 348 351 352 357 361 363 364 367 368
46 295 296 298 300 301 303 305 306 307 308 310 313 315 316 318 321 323 324 325 326 327 329 330 332 333 334 335 336 339 342 343 344 346 348 349 351 352 353 357 359 360 361 363 365 367 368
28 297 298 300 305 307 309 312 315 316 320 322 324 326 327 330 333 338 341 342 343 344 345 347 352 360 361 365 367
33 297 299 300 302 304 306 307 311 316 317 320 321 323 324 329 330 331 334 337 340 343 347 350 351 354 356 359 360 362 364 366 367 368
44 298 302 305 306 307 311 313 317 319 320 321 322 325 326 327 328 329 331 332 333 335 336 338 339 340 341 342 343 344 345 347 348 350 353 355 356 357 358 359 362 363 364 365 366
27 299 300 304 309 315 322 324 326 327 328 329 330 331 332 333 335 340 342 343 349 351 354 355 363 365 367 368
39 295 296 298 299 301 302 304 306 309 310 312 314 316 318 319 321 325 326 333 334 336 338 339 341 343 344 346 349 350 351 352 353 356 358 360 363 364 365 367
34 296 298 300 306 307 312 313 315 317 318 319 321 322 325 327 333 334 336 337 338 340 341 345 347 348 350 353 354 358 360 361 363 364 365
50 295 296 298 299 300 301 302 303 305 307 308 310 313 314 315 316 318 319 322 323 325 326 327 331 334 335 337 338 341 342 343 344 345 347 348 349 350 351 353 354 355 356 357 359 361 362 364 365 366 368
45 295 296 297 299 300 303 304 305 311 313 314 315 317 318 319 320 321 322 324 325 326 330 333 335 338 339 340 341 343 344 346 347 348 349 350 351 352 354 357 359 360 361 362 363 368
25 295 298 300 302 303 304 306 308 311 312 320 323 326 329 330 332 336 346 349 350 352 353 356 365 368
51 296 297 298 299 300 301 302 303 305 308 310 311 312 314 315 316 317 318 319 320 321 322 324 326 327 328 329 332 333 334 335 336 337 338 340 343 345 348 350 351 352 353 354 359 360 361 362 365 366 367 368
45 298 299 301 302 303 305 306 307 308 309 310 311 312 313 314 317 324 325 327 328 331 332 333 334 336 337 339 341 342 344 346 348 349 350 351 352 355 356 357 361 364 365 366 367 368
28 297 312 313 314 319 320 321 324 327 328 329 331 332 336 339 342 343 344 345 349 350 351 352 354 361 364 367 368
43 296 297 298 299 301 302 303 305 306 308 313 314 315 317 319 323 324 326 327 328 329 332 336 337 339 340 341 342 347 348 349 350 351 352 353 354 355 358 359 362 366 367 368
51 295 298 299 300 301 302 304 305 306 307 308 310 311 313 314 316 317 318 319 320 322 323 324 325 326 328 329 330 331 332 333 334 339 340 341 342 344 345 347 348 350 352 353 357 358 361 362 363 365 367 368
39 296 299 300 306 307 309 311 312 313 317 320 322 323 324 327 328 330 331 333 334 337 339 340 346 347 348 349 350 351 352 353 354 359 360 361 362 364 365 368
45 295 296 297 299 301 302 303 305 306 309 310 312 313 314 315 317 320 322 323 324 325 327 330 331 332 335 336 339 342 343 346 347 348 349 351 352 353 355 357 358 360 361 365 367 368
34 295 298 299 306 310 311 313 317 318 319 320 321 322 323 326 329 332 334 340 342 344 347 348 349 351 353 354 356 359 360 361 363 364 365
28 296 297 298 299 302 304 305 307 308 309 315 318 319 325 328 329 333 338 343 344 345 348 352 356 360 362 366 367
39 299 300 301 302 303 304 305 306 309 310 312 313 317 318 320 321 322 327 330 332 333 334 335 336 338 340 342 345 347 350 352 355 356 358 361 362 364 366 367
46 295 298 300 302 304 305 308 309 310 314 315 317 318 319 320 322 324 325 326 327 329 330 332 333 335 336 337 338 339 341 343 344 345 346 348 349 350 352 353 355 356 360 362 364 365 366
40 296 300 303 305 306 308 311 312 317 318 319 321 324 325 326 327 328 332 333 335 337 338 340 342 343 345 346 349 351 353 355 356 357 358 359 360 361 362 367 368
44 295 296 297 298 299 300 302 303 310 311 314 315 316 317 318 319 320 325 326 327 328 329 331 334 335 341 343 344 345 346 349 350 351 355 356 357 358 359 360 363 364 365 366 367
23 297 303 306 311 316 320 321 324 325 334 337 338 340 343 346 347 349 352 356 359 360 361 362
39 297 298 300 301 304 305 311 312 314 315 317 318 319 320 321 324 325 327 332 334 335 339 340 341 345 346 347 349 352 353 354 355 356 358 359 363 366 367 368
25 301 302 308 312 313 315 316 317 319 320 325 330 331 332 333 339 340 341 344 348 349 350 351 354 363
47 295 296 300 301 302 303 305 306 307 309 310 313 314 315 316 317 318 319 320 322 324 325 329 331 332 333 334 338 339 340 342 343 344 347 348 349 350 353 354 356 358 359 360 361 362 364 366
36 295 297 298 299 300 302 308 310 318 319 321 323 326 329 331 332 334 337 338 339 345 347 349 351 352 354 355 356 358 361 363 364 365 366 367 368
34 296 297 298 302 303 304 305 306 307 308 310 313 314 318 319 320 321 323 324 326 328 329 331 332 337 341 342 345 346 350 353 356 363 364
51 295 296 297 299 300 301 302 303 304 305 307 309 312 313 314 315 317 318 319 323 326 327 328 329 332 333 334 335 336 337 338 341 342 344 345 348 351 352 353 354 356 357 358 359 361 363 364 365 366 367 368
37 295 298 299 300 305 306 307 310 311 322 323 325 327 328 331 332 334 335 339 340 343 344 345 346 347 349 350 352 353 354 356 357 358 362 363 364 366
23 295 298 300 301 302 305 307 309 312 315 320 324 328 336 340 347 352 356 361 362 363 364 366
27 298 299 304 308 309 310 313 316 318 322 327 330 331 332 336 339 341 342 346 348 349 350 361 364 365 367 368
44 295 296 299 300 301 303 304 306 308 311 312 314 315 316 317 318 320 321 324 325 326 329 332 333 334 335 336 337 338 339 341 345 346 348 349 351 356 358 362 364 365 366 367 368
34 295 298 301 303 304 306 307 311 314 317 320 322 324 326 327 329 330 331 333 336 337 339 344 345 347 349 351 354 355 356 357 364 367 368
