500 2770
73 1 2 3 4 5 6 7 8 9 10 11 12 13 14 15 16 17 18 19 20 21 22 23 24 25 26 27 28 29 30 31 32 33 34 35 36 37 38 39 40 41 42 43 44 45 46 47 48 49 50 51 52 53 54 55 56 57 58 59 60 61 62 63 64 65 66 67 68 69 70 71 72 73
40 1 3 4 6 9 12 14 15 16 17 19 23 24 27 30 33 35 37 38 41 43 44 49 50 51 53 54 55 57 58 60 61 62 63 66 67 68 70 72 73
52 1 2 3 5 7 8 10 11 12 13 15 17 18 19 20 22 23 24 25 26 29 30 31 32 33 35 36 37 38 39 41 42 45 47 48 50 51 52 53 54 55 59 61 63 64 66 67 68 70 71 72 73
34 1 2 4 6 7 9 12 13 15 16 20 21 32 33 35 36 39 40 41 42 44 45 50 52 56 58 59 61 62 64 68 70 72 73
38 2 3 5 7 8 10 12 16 17 20 21 22 23 25 26 27 28 29 30 33 34 35 37 38 41 44 50 51 52 54 56 58 59 61 62 69 71 72
25 8 9 12 15 17 24 28 34 35 38 39 40 41 42 47 52 53 56 57 59 61 67 69 71 73
33 1 4 8 12 13 15 22 24 25 28 30 32 33 35 40 41 43 45 48 51 53 55 57 59 61 62 63 65 66 67 69 72 73
23 1 5 7 9 12 13 15 25 26 27 31 34 36 40 43 45 46 47 51 56 60 67 73
50 1 3 5 6 9 10 12 13 14 17 18 19 21 23 24 28 29 30 31 32 33 35 37 38 39 42 44 45 47 48 49 51 52 53 54 55 56 57 58 59 60 61 62 63 64 66 68 69 70 71
43 1 2 5 6 8 11 13 14 15 18 19 20 21 22 25 27 29 30 31 32 33 37 38 39 42 46 48 49 50 51 52 53 58 59 60 61 62 64 65 66 68 71 72
52 1 2 3 4 5 6 9 10 12 13 14 15 16 17 19 20 21 23 24 25 28 29 30 31 32 35 36 37 38 41 42 43 44 45 46 47 50 51 53 54 55 56 57 58 59 63 65 66 67 70 71 73
31 1 2 5 8 10 13 14 16 17 21 22 23 24 25 26 29 30 31 32 35 36 37 45 47 48 56 57 59 65 67 71
35 1 2 5 6 7 8 9 10 11 12 14 19 23 29 31 32 34 35 38 39 41 47 48 49 51 53 54 57 62 63 65 69 70 71 72
58 1 2 3 4 5 6 7 8 10 13 14 15 16 17 18 20 21 22 24 26 27 28 29 30 31 32 34 35 37 39 40 41 42 43 44 46 47 49 50 51 52 53 54 56 58 59 60 61 62 63 64 65 66 67 68 69 71 73
43 1 4 5 7 8 9 10 14 15 16 18 19 20 23 24 25 27 28 29 30 31 34 39 43 44 45 46 49 51 53 54 55 57 58 59 60 64 65 67 70 71 72 73
34 1 3 6 9 11 16 17 18 21 23 27 28 29 31 32 39 42 43 47 48 52 53 55 56 58 59 60 62 64 65 68 69 72 73
38 1 2 3 7 8 10 11 12 14 15 16 17 21 23 27 28 30 33 35 38 40 43 44 45 47 48 51 52 54 55 57 58 60 63 65 68 69 73
24 5 10 14 17 21 22 27 29 30 35 36 37 38 41 42 43 44 47 53 54 58 61 66 71
31 1 3 6 9 10 11 12 16 17 24 25 27 28 30 33 36 38 40 43 44 49 50 52 54 57 62 63 64 67 68 71
42 1 2 4 6 7 8 9 11 14 18 20 21 24 25 29 32 34 35 39 40 41 43 44 45 49 50 51 52 53 55 56 58 59 60 61 62 63 66 67 68 71 73
39 3 5 7 8 9 11 13 15 16 18 19 21 22 23 25 27 28 30 31 32 35 36 37 38 39 41 42 43 50 52 54 56 58 59 63 65 66 68 70
39 2 3 5 6 7 8 12 13 15 16 18 20 22 24 25 27 29 31 33 34 35 36 38 40 42 47 49 52 57 58 59 61 64 65 66 67 68 69 71
35 2 6 11 12 13 15 17 18 20 21 23 24 26 28 29 30 31 32 33 36 37 42 44 46 48 50 51 54 55 57 58 61 65 66 68
45 1 3 4 7 8 9 14 15 16 18 19 20 22 26 28 31 32 33 34 35 36 37 40 41 42 47 48 49 52 53 55 56 57 58 59 60 61 62 64 65 66 68 69 70 72
31 1 2 3 6 7 8 13 16 20 21 22 23 25 28 29 33 35 42 44 46 48 49 50 52 53 56 57 58 63 64 65
26 3 4 9 13 15 21 27 28 29 35 36 37 44 46 51 53 54 56 60 61 66 68 69 71 72 73
47 1 2 3 4 5 6 8 9 10 11 12 14 19 20 22 23 24 25 26 27 28 29 31 32 33 35 36 38 40 41 43 46 47 49 50 51 56 57 61 64 65 66 67 68 69 70 71
29 4 5 6 8 11 14 15 16 19 24 25 29 35 36 39 41 45 47 48 51 52 53 54 57 59 65 70 72 73
47 3 4 5 10 11 13 14 15 17 18 19 20 21 23 24 26 27 28 29 30 31 35 36 38 39 40 41 42 43 44 45 47 48 50 51 52 53 56 57 58 60 62 63 64 67 70 72
36 3 4 5 7 12 13 14 15 16 17 19 22 28 29 31 33 34 37 38 39 42 43 44 48 51 52 53 54 58 62 63 65 67 68 69 71
35 1 2 5 6 9 10 13 14 15 17 19 20 23 25 29 32 35 37 39 40 41 43 47 48 49 50 51 53 57 58 62 63 65 72 73
41 3 7 8 9 11 12 13 14 15 17 20 21 23 24 26 28 29 30 32 33 38 42 43 44 45 46 47 48 50 51 52 53 55 58 59 61 64 67 68 69 72
28 1 2 3 4 7 9 14 17 20 27 28 29 31 34 37 39 42 45 49 52 58 60 62 63 64 65 67 70
56 1 2 3 4 5 6 8 10 12 15 16 19 20 21 22 23 24 26 27 28 29 30 32 33 34 35 37 38 39 40 41 42 44 45 46 47 48 49 51 52 53 54 55 57 58 59 61 63 64 65 66 67 70 71 72 73
58 2 4 5 6 8 9 10 12 13 16 17 19 20 22 23 24 25 26 27 28 30 31 32 33 34 35 36 37 38 39 40 41 45 46 47 48 49 50 53 54 55 56 57 58 59 61 62 63 64 65 66 67 68 69 70 71 72 73
30 11 13 16 18 19 22 24 25 27 29 31 33 34 35 37 39 41 46 51 52 53 54 55 56 62 63 66 67 69 72
22 1 5 9 12 16 18 19 21 25 26 28 30 31 36 42 44 49 54 57 60 65 70
35 4 6 13 16 17 18 20 21 24 26 29 31 37 38 39 42 43 45 46 48 50 51 53 55 56 57 58 60 61 62 63 66 70 71 72
23 1 2 6 10 12 15 20 21 23 25 27 29 34 35 36 40 45 49 50 51 58 62 64
30 5 6 8 10 11 15 16 19 20 29 33 34 38 41 43 44 46 47 50 54 57 58 60 61 63 64 67 68 70 72
56 1 2 3 4 5 6 7 8 9 10 11 12 13 14 15 18 19 20 21 22 23 24 25 26 28 30 31 32 34 35 36 39 40 42 43 45 46 47 48 49 55 57 58 59 60 61 62 63 65 66 68 69 70 71 72 73
54 1 4 5 6 8 11 12 13 14 15 17 18 19 20 21 23 24 25 26 27 29 30 31 32 35 36 37 38 39 41 43 44 45 46 47 50 51 52 53 54 56 57 58 59 60 62 63 64 65 66 67 68 69 71
47 2 3 4 5 6 7 8 12 13 14 16 17 18 19 21 23 24 26 27 29 31 32 34 36 39 40 41 42 43 44 45 46 48 49 50 51 52 53 54 55 57 58 60 61 62 69 73
51 1 3 4 5 8 9 10 11 13 15 16 17 18 19 20 21 22 23 24 26 29 30 34 35 39 40 41 42 43 44 45 46 47 48 49 50 52 53 54 55 56 57 58 62 64 65 67 69 70 71 73
28 1 3 5 6 9 10 11 13 14 19 22 25 26 29 31 32 33 36 38 43 47 48 52 53 56 63 67 69
44 3 5 6 7 8 9 10 11 13 14 15 17 23 24 25 26 27 30 34 35 36 37 39 40 41 42 43 45 46 47 51 52 53 54 55 57 58 61 62 63 65 66 68 72
29 3 4 5 6 10 17 22 24 25 29 31 32 33 37 38 39 40 41 42 44 45 47 51 53 61 69 70 72 73
31 3 4 9 10 14 15 17 20 25 27 28 29 31 37 38 39 40 42 49 50 54 56 57 58 60 62 63 65 66 67 73
32 2 4 8 10 14 17 18 19 20 24 27 28 30 31 32 34 35 36 38 46 47 49 50 52 54 55 57 61 67 68 71 73
40 2 7 9 10 11 13 14 15 17 18 20 22 24 25 26 28 29 30 31 33 34 40 41 43 44 45 46 47 48 49 52 54 56 59 64 65 68 69 70 72
52 1 3 4 5 7 10 12 14 16 17 19 20 21 22 23 24 25 28 30 31 32 34 35 36 37 38 39 40 41 42 44 45 47 50 51 52 53 54 55 56 59 60 61 62 64 66 67 69 70 71 72 73
35 1 3 6 7 10 11 13 14 18 19 21 23 24 26 29 30 31 33 36 37 41 45 47 48 49 53 54 55 56 58 61 64 68 71 73
51 1 3 4 5 6 7 8 9 11 12 13 14 15 16 18 19 21 23 24 27 29 30 31 34 36 38 39 40 42 44 45 46 49 50 52 53 54 55 58 60 61 62 63 65 66 67 68 69 70 71 72
55 2 3 4 6 7 8 9 10 11 12 13 14 15 16 17 18 19 20 23 24 25 26 28 31 33 36 37 39 40 41 42 43 45 46 47 48 49 52 53 54 55 57 58 60 61 62 63 64 66 67 68 69 70 71 72
49 2 5 6 7 8 9 10 11 12 13 14 15 17 20 21 23 24 25 26 27 31 32 33 34 36 37 38 40 41 42 43 44 45 46 47 48 49 51 52 55 56 60 62 65 66 69 70 71 72
50 1 3 4 6 7 9 13 14 15 16 18 20 21 23 24 25 28 29 30 32 33 34 35 37 39 40 42 44 46 48 49 50 51 52 53 54 55 57 58 59 60 62 63 66 67 68 69 70 71 72
31 3 5 6 12 13 14 15 18 20 23 25 26 28 29 30 32 33 34 38 39 40 41 43 44 49 52 57 62 66 71 73
24 11 15 16 21 26 27 29 31 32 33 45 46 49 53 56 57 60 63 64 65 68 70 72 73
37 5 6 11 18 19 20 21 22 24 25 27 29 30 32 33 35 36 37 41 42 47 48 49 51 54 55 56 58 61 62 63 64 65 66 69 70 71
33 1 2 6 8 15 18 19 22 25 26 27 28 29 31 32 35 37 41 42 43 44 45 46 50 53 56 57 61 63 64 66 71 73
39 1 2 3 5 6 10 12 16 17 18 19 20 23 24 25 26 33 35 38 39 42 44 45 47 48 49 50 51 53 56 58 59 63 64 66 67 69 71 72
37 1 3 5 7 9 10 11 12 13 14 15 21 25 26 30 31 33 34 36 38 40 43 44 46 47 48 49 50 51 52 53 54 59 61 62 66 68
51 1 5 6 7 8 9 10 11 12 13 15 16 17 19 21 24 25 26 27 28 30 31 32 33 34 35 39 40 42 44 46 48 49 50 53 55 56 57 58 59 60 61 63 64 66 67 68 69 70 71 72
39 1 2 6 8 9 14 15 16 17 23 27 30 31 32 33 35 36 37 41 44 46 49 50 51 53 55 58 59 61 62 63 65 66 67 68 69 70 71 72
23 3 4 9 10 17 18 22 23 25 27 28 29 36 40 42 47 48 50 51 59 61 64 73
55 1 3 5 6 7 8 9 10 12 13 14 15 17 19 20 21 22 23 24 26 27 28 30 31 32 33 34 35 36 40 41 42 43 44 45 47 48 50 51 52 54 55 56 57 59 60 61 63 64 65 66 68 69 72 73
42 2 3 5 6 9 12 13 14 18 21 22 24 25 26 29 30 34 35 36 38 39 40 42 43 45 46 47 48 50 51 52 53 57 59 60 61 63 64 68 70 72 73
27 10 12 14 15 16 19 20 23 26 27 29 30 31 36 38 45 47 48 50 55 57 59 61 65 66 67 73
27 9 10 12 13 14 15 19 22 26 28 29 30 32 33 34 38 40 41 45 48 51 53 60 66 67 71 73
39 2 7 8 10 12 15 16 17 20 21 23 24 25 26 29 30 31 32 33 34 37 38 40 44 45 46 49 51 56 57 58 59 62 64 67 68 69 70 73
49 1 2 5 8 10 11 12 13 15 17 19 20 21 22 25 27 28 29 30 31 32 33 40 41 45 46 47 48 49 50 51 52 53 54 55 57 58 59 60 61 62 64 65 67 69 70 71 72 73
22 2 6 7 9 11 12 20 21 26 32 33 34 35 40 42 48 53 54 57 60 61 67
24 1 3 6 9 10 12 15 22 23 25 27 31 35 39 42 44 45 47 48 61 62 67 72 73
25 6 10 17 18 19 20 21 22 23 26 30 32 36 42 44 52 54 59 60 61 64 67 68 71 72
32 4 7 8 10 12 13 16 17 20 23 25 32 33 40 41 44 50 51 52 53 54 55 56 58 61 64 65 66 67 70 72 73
56 1 2 4 5 6 7 8 10 12 14 15 17 18 19 20 21 22 25 26 27 29 30 31 32 33 34 35 36 37 39 40 41 42 43 44 45 46 47 48 49 50 51 52 54 55 56 57 58 59 64 66 67 69 70 72 73
24 7 8 10 15 18 21 27 31 37 40 44 46 48 49 51 55 56 57 59 60 64 66 67 73
33 2 4 10 15 18 20 21 22 24 25 26 28 30 32 35 36 37 40 42 43 45 46 48 50 53 54 57 65 66 68 69 70 71
26 1 2 6 7 10 11 13 18 19 20 23 24 29 37 38 39 43 46 47 49 55 57 58 60 62 64
56 1 2 3 4 5 6 7 10 12 13 14 15 16 17 18 19 20 21 22 23 24 25 26 27 28 31 32 35 38 39 40 41 42 44 45 49 50 51 52 53 54 55 56 57 58 60 61 62 63 65 66 67 68 70 71 72
40 1 3 4 5 6 11 14 16 18 19 20 21 22 23 24 26 27 29 32 38 39 40 41 43 45 46 47 50 51 52 54 57 58 59 60 61 62 69 71 73
52 1 2 3 4 6 7 8 9 10 12 13 14 15 16 18 20 21 22 23 26 27 28 29 30 31 33 36 37 38 39 41 42 44 45 46 47 48 49 50 52 53 55 56 57 60 62 63 64 65 69 70 72
27 2 3 5 7 8 12 15 19 23 28 33 34 38 41 43 44 45 51 55 56 60 64 65 66 67 69 73
56 1 2 3 4 6 7 9 11 12 13 16 17 19 22 24 25 26 27 28 29 30 31 32 33 34 35 36 37 38 39 40 42 43 44 45 46 47 49 50 52 53 54 55 59 60 61 62 64 65 66 67 68 70 71 72 73
31 1 6 7 12 13 16 18 21 23 24 29 33 34 37 39 40 41 45 46 47 48 53 57 58 60 65 66 69 70 71 73
54 2 3 4 6 7 9 10 12 13 14 15 16 19 20 21 22 23 24 25 27 28 29 30 31 32 33 36 37 38 39 40 42 43 44 45 48 49 50 51 52 54 55 56 57 58 61 63 65 66 68 69 70 71 72
53 1 2 3 4 5 6 8 9 10 13 15 16 17 18 19 21 22 24 25 26 27 28 30 31 32 33 34 35 37 38 40 41 42 44 45 46 47 49 50 51 56 57 58 60 62 63 64 67 68 69 71 72 73
25 2 4 9 16 23 25 27 28 29 31 32 37 38 43 45 46 49 51 54 56 57 70 71 72 73
22 5 8 9 10 19 21 24 29 32 33 34 36 49 50 52 56 57 63 64 69 72 73
26 3 5 7 8 11 18 19 20 25 26 29 35 38 43 44 45 50 51 53 55 56 60 62 66 67 71
42 1 3 4 6 8 11 12 17 19 20 21 23 26 28 29 30 31 32 34 35 36 38 39 40 42 43 44 46 52 53 54 55 58 60 61 62 63 67 68 71 72 73
48 4 6 10 11 15 16 17 20 21 22 23 24 26 29 30 31 32 33 34 35 38 39 41 42 43 44 45 46 47 49 50 51 52 53 56 57 58 59 60 62 63 65 67 68 70 71 72 73
49 1 2 3 4 5 6 8 9 10 13 14 16 17 19 20 24 29 30 32 33 34 35 36 38 39 40 41 42 43 44 47 48 49 50 53 54 55 56 57 59 60 61 62 66 68 69 70 71 73
64 74 75 76 77 78 79 80 81 82 83 84 85 86 87 88 89 90 91 92 93 94 95 96 97 98 99 100 101 102 103 104 105 106 107 108 109 110 111 112 113 114 115 116 117 118 119 120 121 122 123 124 125 126 127 128 129 130 131 132 133 134 135 136 137
35 78 80 81 82 85 87 88 90 91 95 96 97 99 101 102 103 104 106 108 109 110 111 113 116 117 118 121 123 125 131 132 133 134 136 137
24 74 75 85 86 89 91 93 94 96 98 99 102 103 104 113 115 118 119 123 127 128 133 134 137
22 76 77 78 80 81 85 87 88 96 97 109 110 111 116 118 120 123 125 129 133 136 137
28 74 76 78 83 86 87 88 89 91 92 94 95 96 97 103 107 108 111 113 114 116 118 121 124 129 130 132 135
47 75 76 78 80 81 82 83 84 86 87 88 89 90 93 94 96 97 98 99 102 103 105 106 110 111 112 114 115 116 117 118 119 120 122 124 125 126 127 128 130 131 132 133 134 135 136 137
28 74 75 77 78 79 82 84 88 92 93 100 103 105 106 110 111 114 116 117 119 121 122 123 128 129 133 135 136
34 75 78 80 81 84 90 91 94 96 97 98 99 100 102 105 107 110 111 112 113 116 117 118 119 120 121 123 125 127 128 130 132 135 137
31 74 75 76 77 78 79 81 82 87 89 93 95 96 99 101 102 103 104 105 106 112 113 115 116 123 124 126 127 130 131 135
49 74 75 76 77 79 80 81 83 84 85 87 88 89 90 91 92 93 94 95 96 97 98 100 101 102 103 105 106 108 110 112 113 114 115 116 118 119 120 121 122 124 127 128 129 130 134 135 136 137
31 74 78 79 86 87 90 91 92 93 94 99 100 101 102 103 104 105 107 108 111 112 115 117 120 124 125 128 129 130 132 137
46 74 75 76 78 79 82 83 86 87 88 89 90 91 92 94 97 98 99 100 102 103 106 109 110 111 112 113 114 115 116 117 118 119 120 122 123 124 125 126 127 130 132 133 134 135 136
40 75 78 80 82 84 86 91 92 93 94 95 96 97 98 99 100 102 105 106 107 108 109 111 112 114 115 116 117 121 123 124 126 127 128 129 131 132 133 134 135
37 77 80 82 84 85 86 88 89 92 93 94 95 96 97 98 103 104 105 108 110 112 113 114 115 116 120 121 122 123 128 129 130 131 132 133 135 136
28 75 76 79 83 88 89 94 100 105 106 107 110 111 112 113 114 117 119 121 123 124 125 127 128 129 130 132 134
30 75 78 80 81 86 89 91 96 98 99 101 105 108 109 110 111 112 113 114 122 123 124 125 126 129 131 132 133 134 137
47 74 78 80 81 82 83 84 85 86 87 90 91 94 95 96 97 99 102 103 104 105 106 107 108 109 110 111 112 113 114 115 116 119 120 121 122 123 125 126 127 128 130 131 133 134 136 137
27 74 77 81 82 91 93 94 96 98 100 103 106 108 109 110 113 117 122 124 125 126 128 129 131 132 136 137
23 74 75 76 81 86 90 91 94 102 104 105 108 109 110 111 116 117 124 125 127 129 130 133
41 76 78 80 82 83 85 87 89 90 92 93 96 97 98 99 100 102 103 104 105 107 108 111 113 116 117 118 119 120 121 122 125 126 128 129 130 131 133 134 135 137
49 75 76 77 78 80 81 82 83 84 85 87 88 89 90 91 92 93 94 97 98 101 102 104 106 108 109 110 111 112 114 115 116 117 118 120 121 122 123 124 125 127 128 130 131 132 133 134 135 136
32 75 77 79 80 82 83 84 86 90 93 94 95 96 97 98 99 104 108 109 113 114 115 116 117 118 120 121 124 126 129 133 135
49 74 75 76 77 79 80 81 83 86 88 89 90 91 93 94 95 97 99 100 101 102 103 104 105 106 107 108 109 110 112 113 114 115 117 118 120 121 122 123 124 125 127 129 130 131 132 133 134 136
20 78 79 86 87 92 94 97 99 102 105 106 113 114 116 124 125 130 132 133 137
49 74 75 76 77 78 80 81 82 84 86 87 88 90 91 92 93 94 95 97 98 99 100 101 103 104 105 106 107 108 109 110 111 113 116 117 119 120 121 122 125 126 127 129 130 132 133 134 135 137
31 78 82 85 86 88 91 92 93 101 105 106 107 109 110 111 112 114 116 117 120 123 126 127 128 129 131 132 133 134 135 136
38 75 77 81 84 85 86 87 89 90 91 92 93 94 95 96 97 98 100 102 103 105 107 108 109 110 111 112 114 118 119 122 123 124 125 126 128 134 135
42 74 75 77 79 80 81 83 84 87 89 91 94 95 96 97 99 101 102 103 104 106 107 108 110 111 113 115 117 118 119 121 122 123 125 126 128 130 132 133 134 135 136
19 76 77 83 84 95 100 104 109 110 111 113 122 125 127 129 130 132 134 137
50 74 75 76 77 79 80 81 82 84 85 86 87 89 90 91 93 95 96 97 98 99 100 101 102 103 106 107 108 109 110 112 113 114 116 117 118 119 120 121 122 123 124 125 126 127 128 129 131 132 137
39 74 75 76 77 78 80 82 83 85 86 87 88 89 90 91 92 93 95 96 98 100 101 102 103 105 106 107 109 110 112 113 115 116 117 120 121 128 129 132
46 75 76 77 78 79 80 81 82 83 87 88 89 90 93 94 95 97 99 101 102 103 104 105 106 108 109 110 111 112 115 116 117 118 119 121 123 124 125 127 128 129 131 133 134 135 136
42 75 76 77 80 81 85 86 89 90 91 92 93 94 95 99 100 101 102 103 104 106 107 108 110 112 114 115 116 118 119 121 122 124 125 129 130 132 133 134 135 136 137
24 75 77 84 86 87 91 93 94 95 97 100 107 111 114 118 121 122 123 124 126 131 133 134 136
34 76 77 79 81 82 83 85 86 88 92 93 97 99 100 101 102 104 112 114 115 117 118 119 120 122 125 126 128 131 132 133 134 135 137
32 77 78 79 80 81 82 84 87 88 90 92 95 99 102 104 105 111 112 113 114 115 116 118 121 123 127 128 129 133 134 136 137
36 74 77 78 80 82 83 84 85 87 92 93 95 96 97 98 100 101 102 106 110 111 112 114 115 118 119 120 121 122 124 126 131 132 133 134 137
32 76 77 78 80 84 85 87 88 90 93 95 96 97 98 100 102 104 108 109 112 115 116 121 122 124 125 127 131 133 134 136 137
34 76 78 81 84 85 89 90 92 93 94 98 101 103 104 106 107 108 109 110 112 113 115 116 117 120 123 124 128 129 131 132 134 135 136
37 75 76 77 80 81 82 83 84 85 90 94 96 97 100 101 102 103 104 108 109 110 111 112 114 115 116 118 120 122 123 125 126 127 131 134 135 136
43 74 75 76 78 84 85 87 88 89 90 91 92 95 96 97 98 99 100 101 102 104 108 110 112 113 114 115 118 119 120 121 124 125 126 127 128 129 131 132 133 134 135 136
29 74 82 83 85 86 87 91 93 94 98 99 100 101 104 105 108 109 118 119 120 121 122 128 130 131 133 135 136 137
44 74 75 76 78 79 80 81 82 84 85 86 88 89 90 91 92 93 94 95 97 98 99 101 103 104 107 108 109 110 112 113 114 115 116 118 120 123 125 126 127 129 131 132 136
38 75 76 77 79 80 82 85 86 90 94 96 98 99 101 102 103 104 107 108 110 111 112 114 117 118 119 120 121 124 125 128 130 131 132 133 134 135 137
26 75 85 86 89 91 96 97 98 102 108 109 110 112 113 119 122 124 125 127 128 130 131 133 134 136 137
25 74 77 78 79 80 83 85 86 87 89 90 93 94 98 100 104 105 107 111 117 122 125 126 134 137
33 75 77 81 82 87 89 92 93 94 95 96 98 102 103 104 106 107 112 113 115 117 118 120 121 122 123 124 125 128 129 132 134 135
47 74 75 77 79 80 81 83 84 85 87 88 90 92 93 95 96 97 99 100 101 102 103 104 107 108 111 114 115 117 119 120 121 122 123 124 125 126 127 128 129 131 132 133 134 135 136 137
39 74 75 76 78 80 82 84 85 88 89 90 91 93 95 99 100 101 102 103 104 105 106 108 113 114 115 116 118 120 121 123 125 127 128 131 132 134 135 136
23 75 81 85 88 89 91 94 96 98 100 101 109 110 117 119 120 121 124 127 130 131 132 135
36 75 76 77 78 82 83 84 85 86 90 91 93 96 97 99 101 105 107 108 109 110 111 114 116 117 119 121 122 123 124 126 127 128 129 135 137
44 74 75 77 79 81 82 83 84 85 86 87 88 90 91 92 93 94 95 96 97 98 100 101 103 104 111 112 113 114 116 117 120 121 122 123 124 125 128 130 131 132 133 135 137
30 79 81 83 86 87 88 89 92 93 94 96 99 101 103 106 110 111 112 114 115 116 117 119 121 125 128 130 135 136 137
25 74 78 80 81 82 83 84 85 87 90 94 96 97 99 102 103 104 111 123 125 126 127 129 132 134
43 74 75 76 77 78 79 80 81 82 83 84 85 88 89 90 91 92 93 94 95 96 98 99 102 105 106 109 110 111 112 113 114 115 117 118 120 122 124 129 132 134 135 137
23 75 77 79 83 84 85 86 87 96 97 101 102 103 106 107 108 110 111 119 126 128 131 136
37 74 75 76 77 78 79 82 84 85 86 87 88 89 93 97 99 101 102 103 104 106 108 110 113 115 116 117 118 121 124 128 130 131 132 135 136 137
49 74 75 76 78 79 81 82 83 84 86 87 88 89 90 91 92 93 97 98 99 101 102 103 104 105 107 108 109 112 113 114 116 117 118 119 121 123 125 126 127 128 129 130 131 132 134 135 136 137
25 77 80 83 84 89 94 96 97 101 105 109 110 114 115 117 119 120 124 126 128 129 133 135 136 137
44 75 76 77 78 79 81 82 83 85 86 89 90 91 92 93 94 95 96 97 99 100 101 102 104 105 106 107 108 109 112 115 116 117 119 122 126 128 129 130 131 133 134 136 137
35 75 77 82 83 86 87 88 91 92 96 97 98 99 100 101 102 104 108 110 111 112 117 118 119 120 121 123 124 127 128 129 132 133 135 137
33 75 76 77 78 79 80 81 83 86 87 88 89 92 97 98 99 100 104 106 107 109 114 116 120 121 122 124 127 129 130 132 134 136
45 74 77 78 79 80 81 83 84 85 86 87 88 89 92 93 94 95 96 97 98 100 101 102 104 105 107 109 112 115 116 117 118 120 121 122 123 126 128 130 131 132 134 135 136 137
44 74 77 78 79 80 81 82 83 84 85 86 87 91 93 95 96 97 99 100 101 104 105 106 107 108 111 112 113 115 116 118 119 120 122 123 124 125 129 131 132 133 135 136 137
50 74 75 76 77 78 79 80 81 82 83 84 87 88 89 90 91 92 94 95 98 99 100 101 102 103 104 105 106 107 108 109 110 111 113 115 116 118 120 121 123 124 125 126 127 129 132 133 134 135 136
30 75 78 81 82 83 86 87 88 89 91 93 95 96 101 103 106 110 112 119 120 121 122 123 125 127 129 132 133 135 137
32 77 78 82 83 84 85 86 87 89 90 95 97 98 100 101 102 103 105 106 109 116 121 122 123 124 125 126 128 130 132 133 136
35 76 79 80 81 82 84 88 89 90 91 94 99 103 104 105 106 107 108 110 111 112 113 114 115 116 118 120 122 123 124 125 126 134 135 137
35 74 77 80 81 82 83 84 85 86 96 98 101 102 106 108 109 111 112 113 114 116 117 120 121 122 124 125 127 128 129 130 131 133 134 137
25 75 76 77 80 87 89 91 92 94 95 96 99 104 107 108 110 117 119 123 125 132 133 134 135 136
41 75 76 77 78 80 82 83 84 86 88 90 91 92 95 96 97 98 99 103 105 107 111 112 113 114 115 116 117 118 119 121 122 123 125 126 128 129 131 133 136 137
28 74 76 77 78 80 85 89 91 92 95 96 100 102 107 108 109 110 112 113 115 116 119 120 125 128 129 131 133
49 74 75 76 78 79 80 81 82 84 85 86 87 88 89 90 91 92 93 94 95 97 98 101 102 104 105 106 107 108 110 111 114 115 116 117 118 120 121 123 124 126 128 129 130 132 133 134 135 137
45 74 75 77 78 79 80 81 85 86 89 90 91 92 94 95 96 97 98 99 100 101 102 103 104 105 107 108 109 113 114 116 117 120 121 122 123 125 126 128 129 131 132 133 136 137
39 77 79 81 82 84 85 87 88 89 90 91 94 95 98 101 102 105 109 110 111 112 113 114 118 119 120 121 122 124 125 127 130 131 132 133 134 135 136 137
49 74 75 77 78 79 80 81 82 83 85 86 90 92 93 94 95 96 97 98 99 103 104 105 106 109 110 111 112 113 114 116 117 118 119 120 121 122 124 125 127 128 129 130 131 132 133 134 135 136
26 75 76 77 80 81 83 84 89 90 91 93 94 98 99 105 106 107 110 112 115 117 118 128 132 135 136
43 74 75 76 79 80 81 82 86 87 88 89 91 92 94 96 98 99 100 106 107 108 109 110 111 113 114 115 116 117 119 120 122 123 125 126 129 130 131 133 134 135 136 137
44 74 75 76 77 78 79 80 81 82 84 85 86 88 89 92 95 96 98 99 101 102 104 105 106 107 108 109 110 111 113 115 116 117 119 120 123 124 127 129 130 131 135 136 137
26 74 76 80 81 83 86 89 92 94 95 96 97 99 105 107 110 113 116 117 119 122 123 130 132 134 135
48 74 75 76 77 78 80 82 83 85 86 88 89 90 92 94 95 96 97 98 100 101 102 103 104 105 107 109 110 111 112 114 115 116 117 119 120 121 122 124 125 126 128 130 131 134 135 136 137
32 74 76 78 83 85 93 94 96 98 99 100 104 105 106 107 108 109 110 111 112 114 116 117 120 121 123 124 126 128 129 131 135
50 74 75 76 77 78 79 80 81 82 83 85 86 88 89 90 91 92 93 94 95 96 97 98 99 102 103 105 106 107 108 109 113 114 115 116 117 119 121 122 123 125 126 129 130 131 133 134 135 136 137
35 77 78 79 80 81 83 84 86 87 89 90 91 92 93 95 97 99 100 103 105 106 107 108 110 116 118 120 121 122 123 128 129 131 132 134
40 74 75 76 78 79 81 83 84 86 87 88 90 92 93 95 99 100 102 105 106 108 112 113 114 115 116 119 121 122 123 124 125 126 127 128 131 132 135 136 137
47 74 75 76 77 79 80 81 82 84 85 86 88 89 90 91 92 93 94 95 96 97 98 99 100 104 105 107 110 111 112 113 114 116 117 119 120 122 123 124 126 127 128 129 130 134 135 136
25 75 79 81 83 87 88 91 95 98 104 109 111 113 115 116 117 119 120 124 125 129 132 135 136 137
45 74 76 77 78 79 80 81 82 83 84 85 87 89 90 91 92 93 95 98 99 100 102 103 104 106 107 112 113 116 119 120 121 122 123 125 126 128 130 131 132 133 134 135 136 137
25 75 76 77 78 80 81 84 86 88 90 93 96 100 102 107 111 117 119 120 123 127 131 135 136 137
48 75 77 78 80 81 83 85 86 87 88 89 90 91 92 93 94 95 96 98 99 100 101 102 103 104 105 106 107 108 110 112 114 115 116 118 119 121 124 125 126 128 130 131 132 133 135 136 137
71 138 139 140 141 142 143 144 145 146 147 148 149 150 151 152 153 154 155 156 157 158 159 160 161 162 163 164 165 166 167 168 169 170 171 172 173 174 175 176 177 178 179 180 181 182 183 184 185 186 187 188 189 190 191 192 193 194 195 196 197 198 199 200 201 202 203 204 205 206 207 208
31 138 141 143 146 147 148 149 155 156 158 162 163 165 166 170 175 177 180 181 183 187 189 190 191 194 195 196 197 202 204 208
41 141 142 143 145 146 147 149 150 151 152 154 155 156 158 159 160 161 162 163 164 168 169 177 178 179 180 184 185 189 190 193 195 196 197 200 202 203 204 206 207 208
50 140 141 142 143 144 145 146 147 148 152 153 156 157 158 159 161 162 163 165 168 169 170 171 172 173 174 175 176 177 178 180 181 182 183 185 189 190 191 192 194 195 197 198 199 200 201 204 206 207 208
34 139 140 145 146 148 150 151 153 154 159 160 163 165 166 170 171 172 173 179 181 182 187 188 190 191 194 196 197 198 199 201 202 204 205
54 138 139 140 143 144 145 146 147 148 150 151 152 153 156 157 158 159 160 162 163 164 165 167 169 170 171 172 173 174 176 177 178 179 180 183 184 185 187 189 191 192 193 194 195 196 197 198 199 200 203 204 206 207 208
46 139 140 144 146 147 149 150 151 154 155 157 158 160 161 163 164 166 167 168 170 171 172 174 175 176 178 179 180 181 183 184 185 186 187 188 189 190 191 192 194 195 196 197 200 204 207
46 139 140 141 142 143 144 145 147 148 151 152 153 155 156 157 158 160 163 164 165 166 168 171 172 175 179 181 185 187 188 189 190 191 192 193 194 197 199 200 201 202 203 205 206 207 208
47 138 139 140 141 142 143 145 146 147 148 149 150 153 154 155 157 158 160 161 162 163 165 167 168 170 171 173 175 178 179 180 181 182 183 184 185 186 188 192 194 198 201 202 203 206 207 208
44 138 139 141 144 145 147 148 150 152 153 154 156 158 160 161 167 169 170 171 172 173 175 177 181 183 184 185 186 187 188 189 193 194 195 196 198 200 201 202 203 204 205 207 208
27 138 139 142 145 152 154 155 156 160 164 165 166 167 170 173 178 179 188 193 194 197 199 200 202 203 206 208
24 139 142 145 146 147 149 151 153 155 156 157 158 163 165 166 169 175 176 184 190 192 202 205 207
49 140 142 144 145 146 148 150 151 152 153 156 158 162 163 165 166 167 170 171 172 173 175 176 177 178 179 180 181 182 183 184 185 187 188 189 190 192 193 195 196 197 199 200 201 202 203 204 207 208
27 139 140 142 144 145 150 155 156 158 159 161 163 171 173 175 179 184 186 190 195 197 198 200 202 203 207 208
46 141 142 143 144 145 148 149 150 151 152 153 154 155 156 158 159 161 162 163 164 165 168 169 172 173 174 175 177 178 179 180 181 182 183 184 185 187 189 190 194 195 196 197 199 200 206
36 138 144 145 150 151 152 154 155 156 158 161 165 168 170 171 173 174 176 177 178 180 182 183 184 185 186 189 191 192 196 200 201 204 205 206 207
29 144 146 148 149 152 155 158 159 164 166 171 172 174 176 177 178 179 183 184 188 192 194 196 197 198 200 202 205 208
42 143 144 146 148 151 152 153 154 155 157 158 159 160 163 167 168 169 170 172 173 175 180 181 182 183 185 187 188 190 191 192 194 195 196 197 199 200 201 205 206 207 208
55 138 139 140 141 142 143 144 146 148 150 151 152 153 154 157 158 160 162 164 165 167 168 169 171 172 173 174 176 177 178 179 180 181 182 184 186 187 188 189 190 191 192 193 196 197 198 199 200 201 203 204 205 206 207 208
26 139 143 144 147 150 154 156 160 161 163 168 171 172 173 174 177 179 180 183 192 193 197 198 200 203 206
53 138 139 141 142 143 144 145 148 149 150 151 152 153 154 155 156 158 160 161 162 163 164 165 167 168 169 174 177 179 180 181 183 184 186 187 189 191 193 194 195 196 197 198 199 200 201 202 203 204 205 206 207 208
43 140 141 142 144 146 148 150 153 157 158 159 161 163 165 166 167 170 171 172 175 177 179 182 184 185 186 187 188 189 190 191 192 193 194 195 196 197 200 201 202 203 204 206
36 139 141 142 143 144 147 148 150 151 152 153 154 157 158 159 160 161 163 164 166 169 170 172 177 178 180 187 188 190 191 192 200 201 202 205 207
36 138 141 142 143 144 147 148 149 151 153 154 156 157 158 159 163 165 167 172 173 174 175 176 177 181 182 183 184 185 190 192 197 201 205 206 207
49 138 139 140 141 142 143 145 146 149 150 152 154 156 157 158 159 160 161 163 164 166 170 172 174 175 176 177 178 179 180 181 182 184 186 188 189 190 192 193 194 195 197 198 200 201 202 203 204 205
23 140 142 143 154 156 167 168 171 173 174 179 183 186 187 188 191 193 195 199 201 205 206 208
39 138 141 144 145 151 152 153 154 160 162 163 164 165 166 167 168 169 171 173 174 175 176 177 179 181 182 184 185 186 187 188 190 193 195 201 205 206 207 208
54 138 139 140 141 143 145 147 148 149 150 151 153 154 155 156 158 159 160 162 163 165 167 168 169 170 171 172 173 174 175 176 179 181 182 183 184 185 186 187 188 189 190 191 192 194 195 196 197 199 202 203 204 206 207
34 138 139 140 141 143 144 145 146 147 149 153 154 155 158 159 163 164 166 177 180 181 184 185 187 188 190 194 196 197 198 199 201 203 204
54 138 139 140 141 142 144 146 147 148 151 152 153 154 155 156 157 158 159 161 162 165 166 167 168 169 171 172 173 174 175 176 177 178 179 181 182 183 185 186 187 189 190 193 194 195 196 197 199 200 201 204 205 206 208
42 138 139 144 145 146 147 148 150 151 152 153 155 156 157 158 159 160 164 165 166 168 170 171 172 177 179 180 181 183 184 185 187 192 193 194 199 200 201 203 204 205 206
49 139 140 142 143 144 145 147 148 150 152 154 156 159 161 165 166 167 169 170 171 172 174 175 176 177 179 183 184 185 186 187 188 189 190 191 192 193 194 195 196 197 198 199 201 202 203 206 207 208
23 139 145 146 154 157 160 166 172 173 176 179 183 185 187 188 190 193 196 198 200 201 207 208
49 139 141 143 144 145 146 148 150 151 152 153 154 155 156 157 160 161 162 163 165 166 167 169 170 171 176 177 178 179 180 182 184 185 186 189 191 192 193 194 198 199 200 201 202 203 204 206 207 208
53 140 141 142 144 145 146 147 148 150 151 152 153 155 156 157 161 162 163 164 165 166 167 168 169 170 171 172 173 174 176 177 178 180 181 183 184 185 188 189 191 192 193 194 195 196 197 198 199 200 201 204 205 207
28 140 147 148 152 153 159 162 165 169 170 171 174 176 177 180 182 184 185 186 187 189 191 197 198 202 203 204 208
25 138 141 143 144 151 152 153 164 166 168 170 175 177 178 183 184 185 186 188 190 191 195 199 200 206
38 139 141 142 144 145 147 148 149 150 152 154 161 162 163 165 168 170 171 172 174 175 176 179 184 189 191 192 194 195 196 197 199 200 201 203 205 207 208
55 138 139 140 142 143 144 145 146 147 149 150 151 152 153 154 155 156 157 159 160 161 162 163 164 165 166 167 171 172 173 174 175 177 179 181 184 185 186 188 190 191 192 193 194 195 196 197 198 199 201 202 203 204 206 207
29 139 140 143 144 145 146 153 159 161 164 167 168 170 172 173 174 175 176 177 185 188 191 193 194 197 203 206 207 208
48 138 140 141 143 145 146 147 148 149 150 151 152 153 156 157 159 162 163 164 165 166 167 170 172 174 175 177 179 180 183 185 187 189 191 192 193 194 196 197 198 199 200 201 202 204 205 206 208
52 139 140 142 143 146 147 148 149 150 151 152 153 154 157 158 159 160 161 163 164 165 166 167 168 169 170 171 172 173 174 178 179 181 182 184 185 186 187 189 190 192 193 194 195 196 197 198 199 201 203 205 207
44 138 139 141 144 146 148 149 150 151 152 153 154 157 159 160 161 162 163 165 166 167 168 169 170 171 175 182 183 184 185 186 188 189 190 191 192 193 195 197 200 203 205 207 208
42 139 140 142 144 147 148 150 151 152 153 155 156 158 161 165 166 168 169 170 171 172 173 175 177 180 183 184 186 187 189 194 195 197 198 199 201 202 203 204 205 206 208
33 143 146 148 149 150 154 155 156 157 158 159 160 161 164 167 170 174 175 178 185 187 188 189 190 193 196 198 199 201 204 205 206 208
63 209 210 211 212 213 214 215 216 217 218 219 220 221 222 223 224 225 226 227 228 229 230 231 232 233 234 235 236 237 238 239 240 241 242 243 244 245 246 247 248 249 250 251 252 253 254 255 256 257 258 259 260 261 262 263 264 265 266 267 268 269 270 271
28 209 210 213 218 219 221 222 223 224 232 234 235 237 238 239 240 242 243 244 245 246 247 248 250 263 268 269 270
33 209 211 212 213 214 218 221 223 224 227 229 230 231 235 237 238 241 242 244 246 247 249 250 251 252 254 256 260 267 268 269 270 271
49 209 210 212 213 214 215 217 218 219 220 221 222 223 226 227 228 230 232 233 235 236 237 238 239 240 241 243 244 245 246 248 249 250 251 253 254 256 257 258 260 262 264 265 266 267 268 269 270 271
32 209 210 213 214 215 220 221 224 226 227 228 229 230 231 233 235 236 237 240 242 247 249 252 253 256 258 261 263 265 268 269 270
48 209 213 214 215 216 217 219 220 221 222 223 225 226 227 228 230 231 232 233 236 237 238 239 240 242 243 244 245 247 248 249 251 252 253 254 255 256 257 258 259 260 261 264 265 266 267 270 271
44 210 211 212 214 216 220 221 222 223 224 225 229 230 231 232 233 234 235 237 238 241 243 244 245 246 247 250 251 254 255 256 257 258 260 261 262 263 264 265 266 267 268 269 271
22 210 216 219 220 221 223 228 234 236 238 241 242 244 252 253 256 258 259 260 261 265 266
42 210 211 215 220 221 222 223 224 225 227 228 230 232 233 234 235 236 237 238 239 240 244 245 246 247 249 250 251 252 255 256 257 258 260 261 262 263 265 266 268 269 270
31 210 212 214 217 219 220 221 222 226 227 228 230 233 235 236 238 240 241 245 248 249 252 253 255 257 258 262 263 264 265 270
46 210 211 214 215 216 217 218 219 220 221 222 223 224 225 226 227 229 230 231 232 234 235 241 242 243 244 245 246 247 248 249 250 253 254 255 256 258 260 261 262 263 267 268 269 270 271
31 209 210 213 216 217 220 222 224 225 226 230 231 234 235 236 237 240 242 246 247 248 251 253 257 258 260 261 264 266 268 269
31 209 210 211 213 218 220 222 224 225 230 233 236 240 241 244 245 246 249 250 251 253 254 257 258 260 262 264 265 268 269 270
30 210 211 215 216 217 222 224 226 229 231 236 238 239 241 243 244 245 246 247 248 250 251 253 254 257 258 259 262 268 271
28 209 211 213 214 217 218 219 220 222 223 224 225 227 234 236 237 238 241 244 245 247 250 251 252 259 260 261 266
39 212 213 214 217 218 220 222 223 226 227 228 229 230 231 232 234 236 237 242 243 244 245 246 247 248 251 253 254 255 256 260 262 265 266 267 268 269 270 271
18 210 212 213 214 215 224 225 226 227 230 241 244 245 247 254 264 265 271
23 210 212 215 220 221 226 229 232 239 240 245 248 249 251 252 254 255 256 260 263 266 268 271
28 209 212 217 221 223 224 226 227 228 229 231 232 234 235 237 240 241 242 243 255 256 258 261 262 265 266 267 268
46 209 211 212 214 215 216 219 220 222 224 225 226 228 230 231 232 233 234 235 236 237 238 239 240 241 242 243 244 245 246 247 248 249 250 254 255 258 259 262 263 264 265 266 267 268 271
30 209 211 213 214 215 219 221 222 224 226 227 228 229 232 235 238 239 240 242 246 252 253 254 255 260 262 264 268 269 271
40 209 210 211 213 217 219 221 222 223 224 227 230 232 234 235 237 238 239 240 241 242 243 244 245 246 250 251 252 253 256 257 258 259 263 266 267 268 269 270 271
38 209 211 215 216 217 218 220 221 222 223 224 226 227 228 229 230 232 234 235 237 241 243 246 247 248 249 252 254 255 256 258 261 262 263 267 268 270 271
29 209 212 215 221 222 224 225 228 230 232 240 241 243 244 245 247 248 250 251 252 253 254 258 261 264 266 267 269 270
30 209 211 212 214 215 218 219 221 228 231 236 237 238 239 242 243 247 248 251 253 255 258 260 262 263 266 268 269 270 271
43 209 210 213 214 215 216 217 218 219 220 221 225 226 228 229 230 231 232 234 235 236 239 241 243 244 246 247 248 249 250 251 252 253 254 255 257 258 259 261 264 268 269 271
35 209 211 213 214 215 217 221 222 224 225 226 229 231 232 233 235 236 238 239 240 241 243 244 245 249 251 253 256 258 259 261 262 268 269 270
33 210 211 212 214 216 224 225 227 228 230 231 233 235 236 237 239 240 242 247 248 250 251 253 254 255 256 258 260 261 262 264 266 268
20 209 211 212 215 220 222 224 228 230 233 234 238 244 254 256 261 264 266 268 270
25 209 210 213 215 216 218 219 221 226 227 228 229 234 238 245 247 248 254 260 261 263 265 267 270 271
33 209 210 211 213 214 215 216 217 218 219 220 221 226 227 228 229 235 236 237 239 241 244 245 250 252 253 259 260 261 262 265 269 271
36 209 213 215 216 217 218 221 222 225 227 228 230 231 233 236 238 240 241 242 243 244 245 246 247 249 250 254 256 259 261 263 264 266 267 269 271
43 209 210 213 214 215 217 218 219 220 222 223 225 226 227 229 230 231 232 233 234 235 237 238 239 240 242 243 244 245 247 249 250 251 252 253 254 256 260 263 264 266 268 270
49 209 210 211 212 213 214 215 216 217 218 220 222 223 224 225 226 227 229 231 232 233 234 236 237 238 240 241 242 245 246 247 248 250 251 253 254 255 256 257 258 260 261 262 264 266 268 269 270 271
47 209 210 216 217 218 219 220 221 222 224 227 228 229 230 231 233 234 235 236 238 239 240 241 242 243 244 245 247 248 249 250 252 253 254 255 256 257 258 259 262 263 264 265 268 269 270 271
30 209 211 212 220 221 223 225 226 227 228 233 235 236 239 241 247 248 249 250 253 254 256 257 261 262 264 266 268 269 270
24 209 213 214 217 221 222 223 226 228 232 235 236 237 242 243 245 247 256 260 261 263 265 269 271
21 209 210 213 214 215 216 222 225 227 228 237 240 245 247 252 255 257 258 264 267 271
22 213 216 224 226 227 228 232 233 236 237 238 239 240 244 246 248 254 255 263 264 267 269
28 210 212 217 218 220 221 222 223 226 230 231 232 233 234 239 240 245 246 247 251 252 254 259 260 261 263 264 268
25 210 211 212 213 214 217 221 225 226 227 228 230 240 245 253 254 256 257 258 259 260 262 264 265 269
25 209 212 214 216 217 221 222 224 226 235 237 238 240 241 242 245 249 252 253 256 258 263 269 270 271
31 209 211 212 213 215 217 218 219 221 225 226 233 235 237 238 242 243 247 248 254 258 259 260 261 262 263 265 266 268 269 271
47 209 210 211 212 213 214 217 218 220 221 225 226 227 228 229 230 231 232 233 234 235 236 238 239 240 242 244 245 246 247 248 249 250 251 255 256 257 259 260 261 262 263 265 267 268 269 270
20 209 214 216 219 224 235 236 239 241 244 247 249 250 251 252 253 260 263 270 271
44 209 210 211 213 214 216 217 218 219 221 223 225 226 229 230 231 232 233 234 236 237 239 241 243 245 246 247 248 250 252 253 254 257 258 260 261 262 263 264 265 267 268 269 270
27 210 213 214 215 216 217 218 219 220 223 229 231 232 235 236 237 242 244 247 250 252 255 256 260 264 266 270
30 210 211 214 218 225 226 227 230 231 233 234 240 242 244 246 247 249 251 252 254 257 262 264 265 266 267 268 269 270 271
29 209 210 211 212 213 215 216 218 221 226 227 228 229 232 235 237 238 244 245 246 247 250 251 252 254 255 264 267 269
27 209 211 216 222 226 229 230 231 236 237 238 241 242 243 244 245 246 247 248 255 256 260 263 265 267 268 271
36 209 210 211 212 214 215 217 219 222 223 227 228 229 230 231 235 236 240 242 245 246 247 248 249 250 253 257 258 259 260 261 264 266 268 269 271
21 209 210 211 218 220 225 227 230 232 239 242 243 245 252 254 255 260 263 264 266 271
39 209 210 211 212 213 214 215 216 217 218 221 225 226 227 233 234 236 239 240 241 242 243 244 246 249 250 251 253 255 256 259 260 262 263 264 265 266 267 269
38 210 211 212 213 215 216 217 218 219 220 223 224 227 228 229 231 232 238 242 243 244 245 249 250 251 252 253 254 255 256 257 259 260 261 263 265 270 271
33 209 213 214 215 216 217 219 223 225 227 232 233 235 236 237 238 240 241 242 245 246 248 249 255 257 258 259 260 262 263 266 270 271
20 209 216 226 230 231 232 234 237 244 245 246 252 253 255 259 264 265 266 267 268
37 212 213 215 217 219 220 221 222 223 224 226 227 232 233 234 235 236 238 239 240 242 243 244 247 248 252 257 258 260 262 263 264 265 267 269 270 271
31 211 212 213 215 216 217 219 221 222 226 227 228 231 233 238 241 245 247 253 254 255 256 257 258 261 262 263 265 268 269 271
28 214 215 216 217 218 219 221 226 229 230 232 236 238 239 244 246 247 250 252 255 256 257 260 262 264 268 269 271
24 209 211 213 217 218 228 230 233 240 242 245 246 247 248 253 256 257 260 261 263 266 268 269 270
41 209 210 214 215 216 217 219 222 223 224 225 226 227 228 229 231 233 234 235 236 238 241 245 246 248 249 250 251 252 254 255 256 257 258 259 261 264 267 268 269 271
38 210 211 212 217 220 221 222 223 224 226 227 230 233 234 237 239 240 241 242 245 246 248 249 251 254 256 258 259 260 261 264 265 266 267 268 269 270 271
32 209 210 211 213 214 216 217 218 219 221 226 230 231 234 237 238 240 245 246 248 249 254 255 256 258 260 262 263 264 266 269 271
35 209 210 211 212 214 217 219 220 222 223 224 225 226 228 229 230 231 234 237 240 241 245 247 248 250 251 253 254 255 257 261 262 269 270 271
42 209 210 211 212 213 215 216 218 220 221 222 223 225 227 228 229 230 231 233 234 236 237 239 240 242 243 244 245 248 249 251 254 255 257 259 261 262 263 264 266 268 269
40 210 211 212 214 216 217 218 220 221 224 225 226 227 228 230 233 234 235 236 240 241 242 243 244 245 246 247 250 251 252 253 254 255 257 258 259 260 265 266 269
46 209 211 212 213 214 216 217 218 220 221 222 226 227 228 229 231 232 234 237 238 239 241 242 243 245 246 247 248 249 250 251 252 254 255 256 258 259 260 261 263 265 266 268 269 270 271
33 209 210 211 212 214 215 218 220 224 226 227 230 231 232 233 235 237 238 240 247 248 249 252 254 258 260 261 262 263 264 265 269 271
45 210 211 212 213 214 217 220 221 222 223 226 227 230 231 232 233 235 236 237 238 239 241 242 244 245 246 248 249 251 252 253 254 255 256 257 260 261 262 263 264 265 266 267 269 270
27 210 213 219 221 226 228 229 230 234 236 238 240 241 244 247 248 249 250 251 257 258 259 262 266 267 268 271
39 212 214 215 216 218 219 220 221 223 225 226 228 229 230 231 232 233 235 236 237 238 240 241 243 244 246 248 249 251 253 255 257 259 261 263 264 265 267 270
26 212 213 214 215 216 217 218 220 226 228 233 235 240 241 247 250 251 253 255 256 261 265 267 268 270 271
38 209 210 215 216 218 219 221 222 224 225 226 228 229 231 234 236 238 239 243 248 249 250 251 254 255 256 258 259 260 261 262 263 264 266 267 268 269 270
39 209 210 214 216 217 218 219 220 221 222 223 225 227 228 229 232 233 234 235 236 237 238 239 241 244 245 246 248 250 251 256 259 261 264 266 267 268 269 270
44 209 210 211 212 213 215 217 218 219 220 221 223 225 227 228 230 231 232 233 234 236 237 238 239 240 244 246 247 248 249 250 251 252 253 255 256 257 258 259 260 265 267 270 271
28 213 214 216 217 219 220 222 223 224 226 227 228 229 232 233 234 237 239 240 245 249 251 252 253 256 266 267 268
32 212 214 216 217 218 219 221 223 227 228 229 231 234 235 237 239 240 245 248 250 251 253 255 257 258 259 260 261 263 266 268 271
16 277 279 280 286 289 299 302 306 314 318 319 321 329 334 340 344
36 272 274 275 278 283 284 286 288 291 292 293 295 296 297 299 300 305 307 309 310 316 319 321 322 323 326 327 329 330 332 333 335 336 338 340 346
36 272 274 275 279 280 284 286 287 289 290 291 294 295 296 297 300 302 306 310 311 312 314 319 320 322 324 325 326 330 331 333 335 336 337 339 343
49 272 273 274 275 277 278 280 281 283 284 285 289 290 291 292 293 294 295 298 299 300 301 303 308 314 315 316 317 319 320 321 322 323 326 327 330 331 332 333 334 335 336 338 341 342 343 344 346 347
47 274 275 276 278 279 281 282 283 284 288 289 290 292 294 295 296 299 301 303 304 308 310 311 313 316 318 320 321 323 326 329 331 332 333 334 335 337 338 339 340 341 342 343 344 345 346 347
29 272 275 281 282 284 287 288 289 290 291 293 294 295 297 298 299 309 313 320 321 328 333 334 335 337 340 343 344 345
27 272 273 277 278 282 289 290 291 294 296 298 300 303 304 307 310 319 321 327 332 333 334 336 337 338 343 344
25 272 275 277 279 286 287 288 291 292 303 304 305 307 308 309 311 312 314 322 324 325 326 332 339 344
21 273 280 281 283 284 285 289 294 295 296 297 299 313 315 327 330 335 336 342 343 345
29 272 273 274 276 278 281 283 285 290 292 294 300 304 309 315 320 323 326 327 332 333 335 338 339 342 343 345 346 347
12 277 278 281 286 287 293 300 304 310 314 315 335
25 274 276 280 284 288 289 291 294 299 302 305 308 320 322 323 324 328 331 333 334 336 340 342 343 347
39 273 276 278 281 283 287 288 289 290 294 296 297 298 300 301 302 304 305 306 307 310 313 314 315 316 317 321 322 323 324 326 328 329 330 334 338 340 342 344
20 273 278 281 283 285 296 299 301 302 306 307 313 319 323 326 330 332 336 337 340
47 273 274 276 277 278 279 280 283 285 286 292 296 300 301 302 303 304 305 306 307 308 310 311 312 314 315 316 317 318 319 322 323 324 325 326 327 329 330 331 332 336 338 339 341 342 346 347
41 272 275 277 278 279 281 283 284 287 288 292 294 295 301 302 304 305 307 308 309 310 311 312 313 314 317 319 320 325 327 328 329 331 333 335 336 337 339 340 344 345
14 282 291 297 313 316 322 324 331 334 338 340 342 343 347
19 276 279 287 294 295 298 304 308 310 311 315 317 320 321 323 325 339 341 344
21 280 281 283 287 292 301 305 306 309 311 314 316 318 320 322 323 326 341 345 346 347
25 273 275 290 297 298 301 303 306 307 309 311 313 316 317 318 319 325 330 332 338 339 341 344 345 346
15 276 279 281 289 295 300 302 305 313 314 317 321 324 344 345
21 275 284 293 295 296 301 303 305 307 310 312 316 317 322 324 325 328 330 336 337 341
19 276 278 282 285 288 298 299 301 303 304 313 315 316 318 327 328 334 344 345
28 272 273 274 277 278 280 283 284 285 287 288 290 294 299 304 307 311 318 319 326 327 328 329 335 338 341 343 346
33 275 282 286 291 292 293 296 297 298 301 303 306 308 309 310 312 315 316 320 322 323 325 330 331 332 333 334 336 337 339 340 342 347
40 273 274 276 277 278 279 281 286 288 294 295 296 298 299 301 303 306 307 308 309 310 311 312 314 315 317 319 320 321 322 326 328 329 332 333 334 340 342 343 346
44 272 276 278 280 282 283 284 286 290 291 292 293 294 295 296 297 299 300 301 304 305 306 308 309 310 315 317 320 321 322 324 326 327 328 329 331 332 333 334 335 337 340 343 345
13 295 305 306 307 308 311 321 323 327 334 335 340 345
19 272 280 284 286 293 294 301 302 304 307 309 313 315 319 322 324 330 331 340
12 289 290 304 308 309 310 334 335 338 341 342 343
16 273 275 282 287 295 298 300 306 311 318 323 325 326 334 338 347
75 272 273 274 276 277 278 279 280 281 282 283 284 285 286 287 288 289 290 291 292 293 294 295 296 297 298 299 300 301 302 303 304 305 306 307 308 309 310 311 312 313 314 315 316 317 318 319 320 321 322 323 324 325 326 327 328 329 330 331 332 333 334 335 336 337 338 339 340 341 342 343 344 345 346 347
24 274 277 285 289 292 293 294 296 297 299 301 303 304 310 312 317 318 324 325 330 331 333 337 341
35 273 274 276 280 282 285 286 289 290 291 293 296 297 298 299 300 303 306 315 316 318 321 322 323 324 326 330 332 334 338 341 342 343 346 347
54 273 274 275 276 277 278 279 281 283 284 285 286 288 289 290 291 292 293 294 295 296 297 298 300 301 302 303 305 306 309 310 311 313 314 315 318 320 321 323 324 327 328 329 330 331 333 336 337 339 341 342 343 346 347
18 273 279 281 286 290 299 300 302 323 329 330 331 335 336 338 339 342 347
1 275
27 276 279 282 286 287 288 296 297 302 304 305 306 307 309 310 311 312 313 318 324 325 328 329 337 339 340 345
22 272 280 282 287 299 304 307 308 312 316 317 319 322 325 326 332 334 335 338 340 344 345
37 272 274 275 277 279 280 282 284 285 286 291 292 293 295 299 303 308 309 311 312 318 319 320 325 327 331 332 333 335 336 337 339 341 343 345 346 347
25 272 273 275 278 280 282 283 284 286 291 298 302 313 314 315 316 319 326 328 329 332 336 343 344 347
14 276 279 281 287 288 290 300 309 320 322 338 339 342 346
44 272 274 275 276 277 279 280 282 284 286 287 288 291 292 293 294 295 297 298 300 303 305 311 312 314 315 316 317 318 320 321 322 324 325 327 328 329 331 333 339 344 345 346 347
10 282 287 288 291 297 298 308 311 313 331
30 274 276 278 282 290 293 298 300 301 302 306 310 316 317 318 319 320 321 323 328 329 331 333 334 337 338 340 341 346 347
25 274 276 279 281 283 285 289 290 291 295 301 305 307 312 314 321 322 326 328 330 334 335 336 337 340
32 273 274 275 277 279 281 285 287 288 289 298 302 303 307 311 312 313 314 316 318 319 323 325 330 336 338 339 341 342 344 346 347
22 274 275 277 280 281 284 285 292 296 301 305 306 307 309 314 318 319 326 330 333 335 346
32 273 274 277 278 279 282 283 284 287 289 291 293 294 295 296 297 300 301 305 307 309 310 323 324 325 329 331 332 333 334 338 344
44 272 275 276 280 281 285 286 288 290 292 298 299 302 303 304 306 308 311 312 313 314 315 316 317 318 319 320 321 322 326 327 328 330 335 336 337 339 340 341 342 343 345 346 347
29 272 273 277 280 285 286 287 291 293 297 298 300 302 305 306 307 309 312 314 315 317 319 322 324 325 327 328 330 336
37 272 273 275 278 280 282 284 286 287 288 292 293 294 296 298 299 303 304 308 309 310 313 315 317 319 324 325 327 329 332 333 339 341 342 343 344 345
39 273 274 275 278 280 281 286 287 290 291 293 295 296 298 299 300 302 307 308 310 311 315 317 318 320 321 322 324 326 327 331 332 338 339 340 344 345 346 347
14 277 297 300 302 306 311 316 318 320 323 331 338 346 347
14 272 279 282 283 285 292 295 296 312 321 326 327 329 337
22 277 279 283 289 290 297 303 305 310 316 317 321 327 333 335 337 339 341 342 343 344 345
37 274 275 280 284 285 287 288 293 294 295 296 298 301 303 307 308 309 310 311 313 314 315 316 318 320 321 322 324 325 326 327 328 332 340 341 344 346
21 272 273 278 283 286 288 289 290 293 299 300 302 303 312 327 328 329 332 336 337 345
21 273 277 281 283 292 293 305 307 308 309 317 321 323 329 332 338 340 341 342 346 347
40 273 276 277 279 280 281 282 285 287 289 290 294 298 301 302 303 304 306 308 311 312 313 314 315 317 318 320 324 325 328 331 334 337 339 341 342 343 344 345 347
21 272 276 277 278 282 283 289 291 292 297 304 305 306 312 317 319 333 334 337 343 345
38 272 273 274 276 277 280 281 283 286 289 291 292 293 294 297 299 301 303 306 311 315 318 319 323 324 326 328 329 331 333 334 336 337 341 342 343 345 346
28 274 275 276 279 284 285 286 288 293 295 297 299 302 308 312 313 315 317 324 325 328 329 330 331 335 339 340 342
19 274 276 278 281 285 288 291 292 296 299 308 312 314 320 328 329 332 336 346
36 272 275 280 282 283 284 285 287 289 290 291 292 293 297 300 302 304 305 313 316 318 323 324 325 327 330 331 335 336 337 338 339 341 344 345 347
38 275 278 279 282 284 285 287 288 290 295 296 298 300 302 304 305 307 308 309 310 312 313 314 316 317 320 321 322 325 327 330 332 335 338 339 340 344 347
37 272 276 277 279 282 283 284 285 288 289 292 294 297 301 303 304 305 306 309 312 313 314 316 319 323 325 328 329 330 333 334 335 336 337 341 342 343
17 280 281 283 292 301 305 306 309 311 314 316 318 322 323 326 345 347
17 272 276 277 278 283 291 292 297 304 305 306 317 319 333 334 337 345
15 273 290 298 303 307 311 316 317 318 319 330 341 344 345 346
16 273 278 281 283 285 296 299 302 306 313 319 323 326 330 337 340
28 273 276 280 282 285 286 289 290 291 293 296 298 299 300 303 315 316 318 321 322 323 324 326 330 332 334 341 347
9 279 283 292 296 312 326 327 329 337
32 272 274 276 277 280 281 283 286 289 291 292 293 294 297 299 301 306 311 315 318 319 323 324 326 329 331 333 334 336 337 345 346
14 273 275 280 282 284 291 298 302 313 326 328 332 336 347
34 274 278 279 283 285 286 292 296 300 301 303 305 310 311 315 316 317 318 322 323 324 325 326 329 330 331 332 336 338 339 341 342 346 347
11 273 281 286 290 300 302 329 335 336 338 347
12 278 280 283 284 286 302 313 314 315 319 343 347
10 277 278 281 286 293 300 304 310 315 335
14 277 279 280 286 289 299 302 306 318 321 329 334 340 344
10 277 297 302 311 316 318 320 323 331 346
12 286 293 301 302 307 309 313 315 319 330 331 340
33 273 276 278 281 283 287 289 290 294 296 297 298 300 301 302 304 305 306 313 314 315 316 317 322 324 326 329 330 334 338 340 342 344
9 282 291 297 313 322 331 340 343 347
14 272 280 286 293 294 301 302 313 315 319 322 324 330 331
27 273 280 283 286 292 296 300 301 302 304 305 306 307 311 314 315 316 317 319 323 325 327 329 330 339 341 346
26 273 280 282 286 293 296 297 299 300 303 306 315 316 321 322 323 324 326 330 332 334 338 341 342 343 347
5 282 297 298 308 313
27 274 275 277 279 281 287 288 289 298 302 303 311 312 313 314 316 318 323 325 330 336 338 339 341 344 346 347
35 272 276 278 280 284 286 290 291 293 294 295 296 297 299 300 304 305 306 308 309 310 315 317 321 322 324 327 328 329 331 332 333 334 335 343
7 277 297 300 311 323 346 347
11 273 281 283 285 313 323 326 330 332 337 340
13 281 283 287 292 301 306 309 316 318 322 323 326 341
21 276 280 282 285 286 289 291 296 299 300 303 315 318 321 324 326 330 332 341 346 347
16 276 278 281 285 288 292 296 299 308 314 320 328 329 332 336 346
23 272 273 274 277 278 280 284 285 287 288 290 294 299 304 311 319 326 327 329 338 341 343 346
22 273 280 282 284 287 288 293 294 296 304 308 309 310 315 317 319 327 332 339 343 344 345
13 277 290 303 305 310 317 327 333 335 339 341 343 345
9 307 308 311 321 323 327 334 340 345
11 278 281 285 291 299 312 328 329 332 336 346
8 277 297 302 316 318 320 331 338
23 274 276 282 290 293 298 300 301 302 310 316 318 320 321 323 328 331 333 334 337 341 346 347
19 275 282 292 296 297 298 301 306 308 309 310 312 322 323 325 330 331 332 337
27 273 277 278 279 288 294 295 296 298 299 301 303 310 311 312 314 315 317 319 320 321 332 334 340 342 343 346
25 272 274 277 278 281 283 284 285 290 294 295 299 301 308 314 315 317 319 322 331 333 334 336 344 347
15 279 281 286 299 300 302 323 329 330 331 335 338 339 342 347
59 272 273 276 277 278 279 280 281 282 284 286 288 289 290 291 293 295 296 298 299 300 301 302 303 304 306 308 309 310 311 312 313 315 316 317 318 319 321 322 323 324 325 326 327 328 329 331 333 334 335 336 337 338 339 340 343 344 345 347
38 273 274 276 277 278 279 280 283 285 286 292 296 301 302 304 305 306 307 308 310 311 312 314 317 318 319 322 323 324 325 326 327 329 330 331 339 342 347
15 273 277 280 287 293 300 302 305 309 315 322 327 328 330 336
10 277 286 289 302 306 318 321 334 340 344
10 295 305 306 308 311 321 327 334 340 345
24 272 275 283 285 289 291 293 297 300 302 305 313 318 323 324 325 327 331 335 336 338 339 344 345
34 274 275 276 277 282 284 286 287 288 291 294 295 297 298 300 303 305 311 314 315 316 317 318 320 321 324 325 327 329 331 339 344 345 346
38 274 277 278 280 281 283 284 285 286 288 289 290 291 293 294 295 298 304 313 314 317 319 320 321 322 324 326 327 328 329 336 337 338 339 342 344 345 347
33 273 278 281 283 288 289 290 294 296 297 298 300 301 302 304 305 306 307 313 314 315 316 317 322 323 326 328 329 330 334 338 340 344
11 273 275 287 298 300 306 318 323 325 334 347
15 274 276 279 283 285 291 301 307 326 328 330 334 336 337 340
31 276 277 279 282 283 285 288 289 294 297 301 303 304 305 306 309 312 313 314 316 319 323 325 328 329 330 335 336 337 342 343
12 284 293 295 296 301 305 310 312 322 325 336 341
18 275 284 293 295 296 303 305 307 310 316 317 322 325 328 330 336 337 341
24 277 279 280 282 289 290 298 301 302 303 304 306 308 317 320 325 328 331 334 337 339 341 343 345
15 285 289 292 293 296 299 301 304 318 324 325 330 331 333 337
22 274 275 280 285 293 298 303 307 308 311 313 316 318 320 321 322 325 328 332 340 344 346
33 273 276 277 279 280 281 285 287 289 290 298 301 302 303 304 308 311 313 314 315 318 320 324 325 328 331 334 337 341 342 343 344 345
16 272 280 286 293 294 301 302 304 307 309 315 319 322 324 330 340
13 276 287 294 295 298 304 315 317 320 321 323 339 344
31 274 275 276 279 280 282 284 287 288 291 292 293 295 297 298 303 305 312 316 317 320 321 322 324 325 327 328 329 344 345 346
8 277 281 286 287 300 304 310 335
12 272 280 286 293 294 301 304 307 309 319 322 324
11 283 284 289 294 295 296 297 299 327 335 342
18 284 285 287 290 293 297 302 304 305 323 325 327 330 335 336 338 345 347
12 279 283 289 310 321 327 335 337 339 342 343 345
22 274 276 279 281 285 289 290 291 295 301 305 307 312 314 321 322 326 328 330 334 335 337
15 276 279 287 294 298 304 308 310 311 315 321 325 339 341 344
19 276 279 286 288 296 302 304 305 306 310 311 312 313 318 324 325 337 340 345
10 282 313 316 322 324 331 334 340 343 347
7 281 286 287 300 304 314 315
21 274 276 278 279 294 295 296 299 301 307 308 309 310 312 317 320 333 334 342 343 346
23 272 277 280 286 287 291 293 297 298 300 305 307 309 312 314 315 322 324 325 327 328 330 336
8 276 279 295 302 305 314 321 324
16 275 297 298 303 307 313 316 317 318 319 325 330 338 339 345 346
12 281 285 296 299 302 306 313 319 323 326 332 336
27 272 274 275 279 280 284 286 291 294 295 296 297 300 302 306 311 312 319 320 322 324 331 333 335 337 339 343
16 272 286 287 288 291 304 305 308 311 312 322 324 325 326 339 344
37 272 275 276 280 285 286 290 292 298 299 303 304 308 311 312 313 314 315 316 317 318 319 320 321 326 327 328 335 336 337 339 340 341 342 343 345 347
44 274 278 279 280 281 282 288 289 290 292 293 297 298 300 302 304 305 308 309 310 311 312 314 318 320 323 324 327 328 329 330 331 332 335 336 337 339 341 342 343 344 345 346 347
16 280 289 291 294 299 305 322 323 324 328 333 334 340 342 343 347
10 276 279 281 287 288 290 300 320 339 346
14 280 283 287 292 301 305 311 314 316 318 320 322 326 346
8 295 306 308 323 327 334 335 345
20 276 279 285 289 290 291 301 305 307 312 321 322 326 328 330 334 335 336 337 340
9 276 281 288 290 320 322 338 339 342
12 285 289 292 294 301 303 304 318 330 333 337 341
10 276 279 294 304 308 317 321 323 339 341
21 272 275 277 280 282 285 286 292 293 303 311 318 325 327 331 332 333 335 341 343 345
28 273 274 275 278 280 281 286 287 291 295 296 298 300 302 315 317 320 321 322 324 327 332 338 340 344 345 346 347
11 274 281 285 288 291 296 314 320 329 332 346
7 282 287 288 291 297 311 313
37 272 276 278 280 282 283 284 286 291 292 293 294 295 296 300 301 304 305 306 308 309 310 317 320 321 322 324 326 328 329 332 333 335 337 340 343 345
28 273 274 276 283 284 288 291 295 297 300 302 303 306 309 310 311 313 315 320 321 323 324 327 329 330 336 339 343
15 273 278 282 289 291 296 300 307 321 327 333 334 336 337 338
17 272 275 279 287 288 292 304 307 308 311 312 322 324 326 332 339 344
19 272 276 279 282 284 289 292 297 303 304 309 313 316 319 325 329 334 335 343
9 281 287 288 290 300 309 320 322 339
12 282 297 313 316 322 324 331 338 340 342 343 347
34 272 275 276 277 280 282 284 286 287 288 291 292 293 294 295 297 298 305 312 315 316 318 320 321 322 325 327 328 329 333 339 344 345 347
8 304 309 310 334 335 338 341 342
29 272 276 280 283 284 286 290 291 292 293 294 295 296 297 299 300 301 306 317 322 326 327 328 331 333 334 335 337 343
18 272 273 277 278 282 291 294 296 298 303 307 319 321 332 333 336 337 344
42 272 273 274 275 277 278 280 283 284 285 290 291 292 293 295 298 299 300 301 308 315 316 317 320 321 322 323 326 330 331 332 333 334 335 336 338 341 342 343 344 346 347
11 291 297 313 316 322 324 331 334 340 343 347
32 272 274 275 277 279 280 282 284 285 291 292 293 295 299 303 309 311 318 320 325 327 331 332 333 335 336 337 339 341 345 346 347
26 275 286 292 293 296 297 298 301 303 306 310 312 316 322 323 325 330 331 332 333 334 336 337 339 340 347
8 289 304 308 309 310 334 342 343
16 279 287 294 295 304 308 310 311 315 317 320 321 323 325 339 344
7 272 282 283 321 326 329 337
24 274 277 278 279 282 284 287 289 294 296 297 300 301 305 307 309 324 325 329 332 333 334 338 344
13 274 277 284 296 301 306 307 309 318 319 330 333 335
13 273 278 281 283 296 299 301 306 313 319 326 330 332
12 272 273 283 288 293 300 302 327 329 332 336 345
22 282 286 293 296 298 301 303 306 308 309 312 315 316 323 331 333 334 337 339 340 342 347
20 272 273 278 290 291 294 296 298 300 303 307 310 327 332 333 334 337 338 343 344
19 272 273 278 280 284 285 287 288 290 294 311 326 327 328 329 335 341 343 346
11 279 283 289 290 303 310 317 327 333 335 341
17 274 276 280 284 288 291 294 302 322 323 331 333 334 336 340 342 343
10 289 290 308 310 334 335 338 341 342 343
24 272 273 274 278 280 283 284 285 287 290 294 299 304 307 311 318 319 326 328 335 338 341 343 346
51 272 273 274 276 279 282 283 284 285 286 287 288 289 290 291 292 293 295 296 297 299 300 301 303 304 305 306 307 309 310 311 312 314 315 318 319 322 324 325 327 329 330 334 335 337 338 339 340 345 346 347
16 272 282 288 289 290 291 294 298 309 313 321 334 335 340 344 345
13 274 278 281 285 288 292 299 312 320 328 329 332 346
24 282 286 292 293 296 301 303 306 308 310 315 320 322 323 325 330 332 334 336 337 339 340 342 347
37 272 275 277 278 280 281 283 284 285 289 290 292 293 294 295 298 299 300 301 308 314 316 317 319 321 323 326 327 331 332 333 335 336 341 342 343 346
23 275 278 279 281 284 288 289 292 294 308 313 316 320 321 326 338 339 340 341 343 344 346 347
9 279 281 288 290 309 322 339 342 346
25 272 275 281 282 287 289 290 291 293 294 295 298 299 309 313 321 328 333 334 335 337 340 343 344 345
16 280 281 287 305 306 311 314 316 318 320 322 323 326 341 345 346
34 273 276 278 283 287 288 289 290 294 296 297 298 301 302 304 305 306 310 313 314 315 316 317 321 322 324 326 328 329 330 334 338 342 344
23 272 275 278 286 288 293 296 298 299 304 308 309 310 315 317 325 327 329 332 333 341 343 345
19 273 274 282 285 286 291 296 300 303 306 315 316 326 330 332 334 341 343 347
19 282 286 296 297 304 306 307 310 311 312 313 318 324 325 328 329 337 339 345
22 277 279 280 282 285 287 294 298 303 306 311 313 317 318 324 334 339 341 342 343 344 345
11 276 279 281 287 290 300 309 320 339 342 346
11 280 281 285 301 306 307 309 314 319 326 330
17 273 278 283 285 296 299 301 302 306 307 319 323 326 330 332 337 340
12 273 281 286 290 299 300 302 323 330 336 339 347
17 280 281 283 287 292 301 309 311 316 318 322 323 326 341 345 346 347
16 276 279 295 298 304 310 311 315 317 320 321 323 325 339 341 344
16 291 293 297 306 308 310 312 316 323 330 336 337 339 340 342 347
7 277 297 300 306 311 318 323
16 275 284 293 295 296 303 305 307 310 312 317 324 328 330 336 341
8 275 295 298 311 323 325 338 347
32 273 274 275 280 281 286 287 290 291 293 295 296 298 299 302 307 310 311 315 318 320 321 322 324 326 327 332 338 339 340 345 346
40 273 274 275 277 278 281 283 285 289 290 291 293 294 295 298 299 300 303 308 315 316 317 319 320 321 322 323 327 330 331 332 333 334 336 338 341 343 344 346 347
10 272 280 286 293 301 307 309 319 322 330
28 273 276 277 278 296 301 302 304 305 306 307 312 314 315 316 317 319 322 327 329 331 332 336 338 339 341 346 347
15 272 273 275 283 284 298 313 314 315 316 319 328 332 343 344
17 273 274 277 279 281 285 288 298 312 313 316 318 323 338 341 342 347
21 274 276 280 284 289 291 294 299 302 308 322 324 328 331 333 334 336 340 342 343 347
19 284 285 288 290 295 302 305 307 309 312 313 314 317 327 332 338 339 344 347
15 273 292 294 300 304 309 315 320 323 333 338 342 343 345 347
25 272 273 274 276 278 281 285 290 292 294 300 304 309 315 320 323 326 327 332 333 338 342 345 346 347
31 272 274 277 279 280 282 284 285 286 291 292 293 295 299 303 308 309 311 312 318 319 320 325 327 332 333 335 336 337 346 347
32 273 274 277 278 279 280 283 296 300 301 303 306 307 308 311 312 314 316 318 322 323 324 326 327 330 331 332 336 339 342 346 347
49 272 273 276 279 280 281 284 285 286 288 289 291 292 293 295 296 299 300 305 307 308 311 312 314 315 316 317 319 320 321 322 324 325 326 327 328 329 330 331 333 334 335 339 341 342 343 344 346 347
15 272 278 283 286 288 293 299 300 303 327 328 329 336 337 345
30 274 276 277 279 282 284 286 287 288 292 293 294 297 300 303 305 311 314 317 318 320 321 322 325 327 329 331 339 345 346
62 272 274 276 279 281 282 283 284 286 287 288 289 290 291 292 293 294 295 296 297 298 299 300 301 302 303 306 307 308 309 310 311 312 313 314 315 316 319 320 321 322 323 324 325 326 327 329 330 331 333 334 335 336 337 339 341 342 343 344 345 346 347
38 272 275 276 280 281 285 286 290 292 298 299 302 303 306 308 311 312 313 315 316 317 318 319 320 321 322 326 327 328 330 335 336 337 339 341 342 343 346
7 279 287 288 290 300 338 342
23 274 276 277 283 286 289 291 292 293 299 301 311 318 319 323 324 328 329 331 334 336 342 345
15 276 279 287 295 304 308 310 311 315 317 321 323 325 339 344
40 274 275 278 279 281 282 283 284 288 289 290 292 294 295 296 299 301 303 304 308 310 313 318 320 321 323 329 331 332 333 334 335 337 339 340 341 343 344 345 346
20 274 276 280 285 289 291 296 297 306 315 316 318 321 322 323 324 342 343 346 347
58 272 274 278 279 280 282 283 284 285 289 291 292 293 294 295 296 298 300 301 302 303 304 305 306 307 308 309 310 311 314 316 317 318 319 320 321 322 324 325 326 327 328 329 330 331 332 333 335 336 337 339 340 341 342 344 345 346 347
28 273 274 276 280 285 286 289 291 293 296 297 298 299 303 306 316 318 321 322 323 326 330 334 341 342 343 346 347
29 278 280 282 283 290 291 292 293 294 295 296 297 299 300 304 308 309 310 317 320 324 327 329 331 334 335 337 340 345
22 272 280 282 285 287 290 293 297 302 304 305 313 316 318 323 324 325 331 337 339 344 347
36 276 278 279 281 282 284 288 289 290 295 296 299 301 303 308 311 313 316 318 320 321 323 326 332 333 334 335 337 338 339 340 343 344 345 346 347
30 272 274 275 277 280 282 284 285 291 292 293 299 303 308 309 311 312 318 319 320 325 327 331 332 333 337 339 341 343 347
9 305 306 307 308 311 327 335 340 345
18 273 280 290 293 296 298 299 306 321 323 326 330 332 334 341 342 343 346
15 273 275 278 280 283 298 314 315 319 328 329 336 343 344 347
18 274 275 277 280 281 284 285 292 301 305 306 307 309 318 319 333 335 346
24 274 277 278 283 296 301 302 303 304 314 315 316 317 319 322 323 324 325 326 327 329 330 338 342
16 273 274 278 281 283 285 290 294 304 309 327 332 335 339 345 346
31 273 274 277 278 281 286 288 295 296 298 299 301 303 307 308 309 310 311 312 314 315 319 321 326 328 329 332 333 334 342 343
22 275 276 280 284 286 287 288 291 293 297 298 300 305 315 320 321 327 328 329 331 333 346
17 276 279 287 288 296 297 302 306 307 309 310 312 313 325 337 339 345
8 287 295 300 311 323 325 326 334
16 276 278 282 283 289 291 292 297 304 305 306 312 319 333 343 345
11 279 295 298 304 308 310 320 321 323 339 341
38 273 275 277 279 281 284 285 286 288 289 292 294 295 296 297 298 300 301 302 303 305 311 313 320 321 324 327 328 329 330 331 333 336 337 339 341 342 347
17 279 282 287 288 302 305 307 309 311 312 313 318 324 325 339 340 345
22 272 280 281 289 294 297 301 303 306 311 315 318 323 324 326 329 331 336 337 342 343 346
10 279 287 298 304 308 315 320 321 339 344
18 272 274 278 280 285 288 290 294 299 304 319 327 328 329 335 341 343 346
33 273 276 278 283 287 288 289 290 294 297 298 300 302 304 305 306 307 310 315 316 317 321 322 324 326 328 329 330 334 338 340 342 344
17 272 273 277 278 282 291 294 298 300 307 310 321 332 334 338 343 344
24 275 278 282 284 287 288 292 296 299 303 308 309 310 313 315 319 325 327 329 332 341 343 344 345
16 272 273 278 282 283 286 291 298 313 314 316 319 326 328 332 344
31 272 275 280 282 283 284 285 287 289 290 291 292 293 300 304 305 313 316 324 325 330 331 335 336 337 338 339 341 344 345 347
32 275 276 278 279 281 282 283 288 289 292 296 299 301 303 308 313 316 318 320 321 323 326 329 331 334 335 337 340 342 343 346 347
21 274 276 283 285 290 291 295 301 305 307 312 314 321 322 326 330 334 335 336 337 340
39 272 273 274 277 278 280 281 283 284 289 290 292 293 294 298 299 300 301 303 308 314 317 319 320 321 322 326 330 331 333 334 335 336 338 341 342 343 344 346
18 274 277 285 289 292 293 294 297 299 310 317 324 325 330 331 333 337 341
25 275 279 284 290 295 296 300 302 304 307 308 309 310 312 313 314 316 321 322 325 332 335 338 339 344
25 272 273 277 280 285 286 287 291 293 298 300 302 305 306 307 309 312 314 315 319 322 325 327 330 336
8 279 283 292 295 296 312 321 337
21 274 276 279 281 283 285 289 290 291 301 307 314 322 326 328 330 334 335 336 337 340
13 275 290 297 298 306 307 309 311 313 325 341 344 345
6 288 297 298 308 313 331
7 277 297 311 318 331 346 347
11 273 275 282 287 295 298 306 326 334 338 347
17 277 278 282 289 291 294 298 300 303 310 319 321 332 336 338 343 344
16 281 283 292 293 307 308 309 321 323 329 332 338 341 342 346 347
29 273 274 283 286 289 291 292 293 294 297 299 301 306 311 318 323 324 326 328 331 333 334 336 337 341 342 343 345 346
13 274 276 279 281 283 285 289 301 305 307 312 330 340
21 274 277 279 282 283 287 293 296 297 300 301 307 309 310 323 324 325 329 332 333 344
13 275 278 282 284 286 291 302 326 328 329 332 344 347
13 273 277 281 283 293 305 308 317 332 340 341 342 347
16 272 273 274 278 280 283 285 294 299 304 311 318 329 341 343 346
23 272 274 277 278 280 283 284 285 287 288 290 294 304 307 311 326 327 328 329 335 338 341 343
22 274 276 279 281 283 289 291 295 301 305 307 312 314 321 322 326 328 330 335 336 337 340
13 278 282 285 299 303 304 315 316 327 328 334 344 345
15 273 290 297 298 303 307 311 313 316 318 330 338 341 344 346
22 273 276 282 285 286 289 293 296 299 303 306 316 321 326 330 332 334 338 342 343 346 347
18 272 282 287 299 304 307 308 316 317 319 322 325 326 332 334 338 340 344
12 273 281 286 290 323 329 330 331 336 338 339 342
28 273 274 275 277 279 281 285 287 288 298 302 303 311 312 313 314 316 323 325 330 336 338 339 341 342 344 346 347
31 272 275 280 281 286 288 290 292 298 299 302 303 304 308 311 312 314 315 316 317 321 322 326 327 328 335 336 339 341 343 347
12 273 275 282 287 298 311 318 323 325 326 338 347
23 272 274 278 280 283 284 285 288 290 299 304 307 318 319 326 327 328 329 335 338 341 343 346
16 277 279 289 290 297 310 316 321 327 333 335 339 342 343 344 345
14 281 282 284 287 288 291 293 294 297 298 299 328 337 344
10 276 279 294 304 311 317 320 323 325 341
17 272 273 278 283 290 300 309 315 320 326 332 338 339 342 343 345 346
13 272 280 287 304 312 316 317 319 322 326 334 335 345
39 272 275 276 280 281 285 286 288 292 298 302 303 304 306 308 311 313 314 315 316 318 319 320 321 322 326 327 328 330 335 336 337 339 340 341 342 345 346 347
32 274 275 276 279 281 282 283 288 289 290 295 296 299 301 308 310 311 313 323 329 332 333 334 337 338 339 341 342 343 344 345 347
18 272 277 278 282 289 291 296 300 303 304 307 310 319 321 336 337 343 344
18 286 291 292 293 297 301 306 308 309 310 312 315 323 330 334 336 342 347
9 300 302 306 311 320 323 331 338 346
19 272 273 277 282 289 290 296 298 300 303 304 307 310 319 332 334 337 343 344
21 273 290 297 298 301 303 306 307 311 313 316 317 318 319 325 330 338 339 344 345 346
19 274 276 278 290 298 301 310 317 318 319 320 321 323 331 333 334 338 340 347
15 275 293 295 301 303 312 316 317 322 324 325 328 330 336 341
16 272 274 278 283 292 300 304 323 326 333 335 339 342 343 345 347
31 273 278 281 283 287 288 289 290 296 297 298 301 302 304 305 307 310 313 314 315 317 321 322 323 326 328 329 334 338 340 342
13 275 280 282 284 291 298 302 319 326 332 336 344 347
25 275 281 282 284 287 288 289 290 291 293 294 295 297 298 299 309 313 320 328 333 334 335 337 343 345
18 294 295 296 301 303 307 309 310 311 313 314 315 316 318 321 326 332 341
28 274 275 284 285 287 294 295 296 298 303 307 308 309 310 311 313 314 315 318 320 324 326 327 328 332 340 341 344
19 286 287 288 297 302 304 305 306 309 310 311 312 313 318 325 328 329 339 340
28 274 275 280 284 287 288 293 294 295 298 301 303 308 309 310 311 314 315 320 322 324 326 327 328 332 341 344 346
13 276 278 282 285 288 298 313 315 316 318 327 328 345
12 276 282 288 298 299 301 303 304 315 316 318 327
18 277 279 283 289 297 303 305 316 321 327 333 335 337 339 341 342 343 344
28 272 275 278 279 281 283 284 287 288 295 302 307 308 309 310 311 313 314 317 319 320 327 328 329 335 336 337 339
20 274 279 281 285 287 303 307 311 313 314 316 318 319 323 325 336 341 342 344 347
5 282 287 297 298 331
25 272 273 277 280 286 287 293 297 298 300 305 306 309 312 314 315 317 319 322 324 325 327 328 330 336
20 273 275 290 297 301 303 306 309 316 317 318 319 325 330 332 338 339 341 344 345
29 274 283 284 285 289 291 292 295 301 303 308 314 315 316 317 319 322 323 326 327 330 331 332 333 334 335 338 341 342
13 276 279 281 289 295 300 302 305 313 321 324 344 345
27 275 278 279 282 284 287 288 296 298 305 307 308 309 312 314 316 320 321 322 325 327 330 332 335 340 344 347
20 274 276 284 288 289 291 294 302 305 308 320 322 323 324 333 334 340 342 343 347
10 276 281 287 309 320 322 338 339 342 346
17 273 275 278 280 282 283 286 291 298 302 315 319 328 329 332 336 343
28 274 279 283 292 296 300 301 302 304 306 312 314 315 317 319 323 324 326 327 329 332 336 338 339 341 342 346 347
12 276 279 281 295 300 302 305 317 321 324 344 345
27 273 279 280 281 282 287 289 298 301 303 304 308 311 313 314 315 320 324 325 331 334 337 339 341 342 343 345
31 272 277 279 280 284 285 286 291 292 293 295 299 303 309 311 312 318 319 320 325 332 333 335 336 337 339 341 343 345 346 347
13 281 283 285 299 301 302 306 307 319 330 332 336 337
23 272 275 276 280 281 285 286 288 292 298 299 304 308 315 316 319 320 326 327 335 337 339 343
9 276 279 281 289 295 302 305 313 344
14 275 284 293 296 303 310 316 317 322 325 328 336 337 341
20 272 273 274 276 278 283 285 292 294 304 315 320 323 326 327 332 338 343 345 346
20 279 286 288 293 297 299 302 312 313 315 317 324 325 329 330 331 335 339 340 342
16 273 275 290 297 301 306 307 313 316 317 330 332 338 341 345 346
24 274 276 279 284 285 286 288 293 295 297 299 302 308 312 313 315 324 325 328 329 330 335 340 342
15 273 281 283 284 289 295 296 299 313 327 330 336 342 343 345
13 272 279 286 288 292 304 305 308 312 324 325 332 339
19 272 275 277 279 286 287 291 303 307 308 309 311 314 322 324 325 326 332 339
33 273 277 278 279 283 284 285 288 290 295 297 298 302 304 306 307 313 315 317 318 319 322 323 325 330 334 336 337 340 341 342 343 345
31 274 276 278 282 285 287 288 289 291 294 296 298 300 302 306 310 312 314 317 318 319 321 323 325 326 330 337 338 340 343 345
28 272 278 279 284 287 292 295 298 299 303 306 307 308 313 318 319 324 331 332 334 335 336 339 340 341 343 344 347
43 272 273 275 276 277 281 282 283 284 288 290 293 297 299 300 302 303 304 305 307 308 311 312 313 314 315 316 318 319 322 324 325 330 331 332 334 335 337 338 339 342 344 347
34 275 278 279 287 289 292 295 296 297 299 301 302 303 304 305 306 307 310 311 314 315 317 318 322 323 324 330 332 337 339 340 341 345 347
31 272 273 276 281 282 283 286 289 290 297 301 303 306 308 311 315 317 321 322 327 331 333 334 335 336 338 339 340 342 343 346
43 272 273 274 275 276 280 281 285 289 290 291 293 294 295 296 297 299 303 304 307 308 311 312 316 317 319 320 321 323 324 325 327 329 331 333 335 336 338 340 342 344 346 347
23 276 278 281 290 291 292 294 298 299 300 305 308 309 316 323 325 327 329 331 338 339 340 342
45 273 275 277 278 280 282 283 284 285 289 293 294 295 296 297 300 301 302 303 304 305 309 310 311 312 313 315 317 321 322 324 325 326 329 331 332 333 334 337 338 339 340 342 345 347
25 274 279 280 286 287 288 289 290 297 298 305 306 307 311 312 314 323 325 327 332 333 335 338 343 347
52 273 275 276 277 279 283 284 287 288 289 291 292 293 294 296 297 298 299 300 302 303 304 305 307 308 309 310 312 314 315 317 318 319 321 324 325 326 327 328 329 330 331 332 333 334 336 338 339 340 341 342 346
32 272 273 274 277 280 281 284 288 291 292 293 296 297 299 304 307 308 309 312 314 316 317 318 323 324 327 331 334 337 340 345 347
35 272 274 281 282 283 286 287 289 290 293 295 298 299 300 301 302 311 315 318 320 322 323 325 326 327 328 329 332 333 334 335 337 338 343 347
33 274 277 278 281 286 287 289 294 295 298 299 302 303 307 309 310 314 324 325 326 328 330 331 332 333 334 336 337 339 340 341 343 346
42 272 273 274 275 276 277 278 279 283 284 285 287 289 290 291 293 295 297 301 303 304 305 306 309 310 311 313 315 316 317 318 319 323 326 335 338 339 340 342 343 345 347
36 272 278 279 280 283 284 286 287 289 291 292 296 297 302 303 304 306 312 314 315 316 318 322 324 326 327 329 331 333 334 335 336 339 342 343 346
41 272 273 274 275 276 277 279 280 282 283 284 287 288 290 292 294 296 299 300 301 303 304 307 309 311 312 317 319 322 324 326 327 329 331 332 333 337 339 342 343 346
28 273 276 279 282 284 285 286 289 290 295 296 302 304 308 309 310 311 313 315 316 323 326 331 337 341 344 346 347
43 272 274 275 277 278 281 283 285 287 288 289 291 292 297 298 299 300 301 302 304 305 306 307 308 309 310 312 314 316 317 318 321 330 332 333 335 336 339 340 341 344 346 347
36 272 275 276 277 278 281 285 288 289 291 292 298 299 300 301 306 310 311 313 314 315 317 319 321 322 323 326 328 329 330 332 335 336 338 340 341
36 273 274 276 279 280 281 283 287 290 291 292 296 297 299 300 301 302 303 304 305 308 309 312 315 316 318 320 325 326 328 330 333 340 341 342 346
23 273 280 282 283 284 285 287 288 289 300 304 310 313 321 322 325 329 331 333 334 339 341 342
39 272 276 277 278 279 281 287 288 290 291 293 295 296 298 300 306 310 311 312 313 314 317 319 321 323 325 326 327 328 331 332 333 334 335 336 338 340 345 346
43 273 274 277 278 279 280 281 282 287 288 291 292 293 295 296 298 299 300 301 302 304 306 307 308 311 314 315 318 319 321 322 325 326 327 329 330 332 338 340 343 345 346 347
39 272 274 279 280 283 284 286 287 289 291 294 295 297 298 300 302 303 305 306 311 312 314 316 317 318 319 324 326 331 332 333 334 335 336 337 338 341 342 346
46 275 276 278 279 280 281 282 283 285 286 288 289 290 291 295 296 297 299 301 304 306 307 308 310 311 313 317 318 319 320 322 323 325 326 327 330 331 332 334 336 338 339 341 344 345 347
32 272 275 276 278 280 281 283 287 289 294 295 300 303 305 307 308 309 310 316 317 320 324 327 328 329 330 333 338 340 343 345 347
49 273 276 278 279 280 281 282 285 286 287 288 289 290 291 292 294 295 297 301 305 306 307 308 309 310 311 313 314 318 319 320 321 323 326 327 328 330 333 335 336 337 338 339 341 342 343 344 346 347
46 272 273 274 275 277 278 279 281 283 285 286 287 289 293 294 295 296 297 298 299 302 303 306 308 309 310 311 313 314 315 317 319 320 324 325 326 329 330 331 332 334 337 339 341 346 347
33 272 273 275 276 277 278 279 282 285 289 290 302 306 308 309 310 311 312 318 319 323 324 325 326 331 336 337 338 339 341 342 343 347
37 272 274 276 277 280 283 284 285 286 290 291 296 297 299 300 302 304 306 307 308 310 311 315 321 324 327 328 329 331 332 334 337 338 342 343 344 347
39 272 273 275 276 280 282 283 284 286 289 293 295 301 302 305 306 307 308 309 313 314 315 316 317 319 320 323 324 325 326 327 329 330 336 338 343 344 346 347
51 274 275 277 278 279 280 281 282 283 284 285 287 290 291 293 294 296 297 301 302 303 304 305 306 309 310 311 312 313 316 320 321 322 323 324 325 327 328 330 332 334 335 336 337 338 340 341 342 343 344 346
34 273 278 279 284 285 286 289 290 291 292 294 302 304 305 308 309 313 316 319 320 321 322 323 324 325 329 333 336 338 339 340 342 345 347
25 272 278 279 281 282 287 288 293 300 302 307 313 320 321 327 328 329 332 335 339 340 342 343 344 346
48 272 273 275 278 280 281 282 283 285 286 287 290 291 292 293 294 295 297 298 299 301 302 303 306 307 308 309 312 313 314 315 316 317 318 319 323 324 325 328 331 332 335 337 339 341 342 344 347
36 273 274 280 283 284 285 291 292 293 296 298 299 301 303 304 308 310 311 313 315 316 317 318 319 322 324 325 326 327 331 332 333 334 336 345 347
50 272 273 274 277 278 279 280 281 285 287 288 289 290 291 293 294 296 297 298 302 303 304 306 307 308 309 310 311 312 313 314 316 319 320 321 323 329 330 331 332 334 336 338 339 341 342 344 345 346 347
45 273 278 284 285 286 288 289 291 293 295 296 297 298 299 301 302 303 305 307 310 311 312 313 314 318 319 321 322 323 324 325 326 328 329 330 332 333 334 336 337 338 340 341 342 345
28 274 279 281 282 291 292 297 303 305 306 308 310 312 314 315 316 320 322 324 329 330 331 333 335 336 338 339 347
42 273 274 275 278 279 280 282 283 284 287 288 290 291 292 294 295 297 301 303 307 309 310 312 313 315 316 320 321 324 325 326 327 329 332 335 337 339 340 342 343 344 345
32 273 275 277 283 284 289 294 295 299 301 303 305 308 309 311 312 314 315 317 318 323 328 332 333 335 338 339 340 341 343 346 347
51 272 273 275 278 279 281 282 283 284 285 286 288 289 292 293 296 297 300 302 303 304 305 307 308 309 310 311 312 314 315 317 320 321 323 325 326 327 328 331 332 334 335 336 337 338 339 341 342 345 346 347
52 273 274 276 277 279 281 282 283 284 285 286 287 288 289 292 293 294 296 298 299 300 302 303 304 305 306 309 311 312 313 318 319 320 321 322 324 325 326 327 328 329 330 331 332 333 334 336 337 338 340 344 345
46 272 277 278 279 280 281 282 284 285 286 287 289 290 291 292 293 294 295 297 298 300 302 307 310 311 312 315 316 317 322 324 328 329 330 331 333 335 336 338 340 341 342 343 344 345 347
36 272 274 275 276 279 281 282 285 287 288 289 290 291 294 295 300 301 311 314 316 319 320 321 322 324 325 326 327 329 330 334 338 341 342 343 344
26 272 274 275 276 277 280 283 284 289 294 295 298 299 300 305 306 308 313 317 324 328 334 336 340 341 342
29 277 278 279 286 287 288 289 290 291 295 297 299 300 304 305 306 311 312 313 314 315 318 321 326 332 334 338 343 346
47 273 274 277 278 280 283 286 288 289 290 294 296 298 301 302 305 306 307 308 310 311 313 314 315 318 319 320 321 324 325 326 327 328 329 331 332 334 335 336 337 339 341 342 343 344 346 347
26 272 273 277 279 286 287 288 289 291 295 297 298 299 300 309 314 320 321 322 323 324 328 332 344 345 346
42 272 273 274 275 277 279 280 281 282 284 285 287 289 293 294 295 298 303 305 307 309 310 312 313 314 318 321 322 323 324 325 326 330 332 334 338 339 343 344 345 346 347
32 279 281 282 284 285 286 290 295 296 297 299 301 302 305 308 309 313 315 316 317 318 320 325 326 329 332 333 334 340 344 346 347
44 275 276 277 279 280 281 282 287 288 291 292 293 294 296 297 299 301 303 307 309 310 311 313 314 315 316 318 320 322 324 326 327 329 333 334 335 336 337 339 342 343 344 346 347
29 272 273 274 275 277 280 288 289 291 293 294 295 297 303 313 315 321 323 324 325 327 330 332 337 338 340 341 346 347
23 276 277 282 284 285 288 290 304 305 308 316 317 318 324 327 328 329 330 333 334 341 344 346
28 272 279 282 284 286 288 289 291 292 293 296 297 300 304 305 306 308 309 312 317 323 325 326 327 330 331 334 340
31 274 277 279 281 283 284 287 288 289 290 291 292 293 299 302 304 308 310 312 313 314 321 328 330 332 334 337 338 340 344 346
37 274 276 277 278 280 281 284 286 290 291 294 297 300 301 302 303 304 306 307 309 312 314 317 319 322 323 324 325 326 327 330 333 336 339 344 346 347
39 273 275 276 277 278 280 281 282 287 289 290 291 292 294 295 297 299 302 305 306 309 311 316 317 318 321 323 325 326 329 333 335 336 337 339 340 342 343 345
32 273 274 275 277 281 290 292 293 297 298 299 301 302 312 314 315 318 321 322 323 326 327 329 330 332 333 334 335 337 341 345 346
46 275 277 278 279 280 281 283 284 286 290 291 292 294 295 296 297 300 301 302 304 305 306 308 309 310 312 313 315 318 319 323 324 327 328 329 330 333 336 337 340 341 343 344 345 346 347
41 274 275 276 277 278 279 280 281 283 287 289 291 295 296 297 299 300 301 302 304 305 309 310 312 313 318 322 323 324 325 326 329 330 336 339 340 341 342 343 345 346
24 277 288 291 295 298 299 301 303 305 306 310 312 315 316 319 321 327 329 332 335 338 339 344 346
25 273 277 280 282 283 285 286 287 298 299 300 301 312 313 316 324 327 333 334 335 336 343 344 346 347
43 272 273 274 276 277 280 283 284 285 288 289 290 295 296 297 299 302 304 305 306 307 308 309 311 312 314 317 319 323 324 327 329 330 331 332 333 334 335 336 339 341 344 347
45 272 275 276 277 278 279 281 282 284 285 286 288 289 292 293 294 295 297 298 300 301 302 303 306 307 315 317 318 319 321 323 324 325 327 330 331 333 334 336 337 338 339 343 344 346
45 272 273 274 275 276 277 281 282 287 289 290 292 294 295 296 297 298 301 303 305 306 309 310 315 316 317 318 322 324 327 328 329 330 331 333 334 335 338 339 340 341 344 345 346 347
51 272 273 275 276 281 282 284 286 287 289 291 292 293 294 295 296 297 299 300 302 303 304 305 306 307 309 311 312 313 315 318 319 320 322 324 325 327 328 330 333 334 335 337 338 340 341 342 343 344 345 347
25 273 278 282 286 289 292 294 295 300 301 302 306 311 319 324 325 328 330 333 335 337 338 342 343 347
45 272 273 275 276 278 279 281 282 286 287 288 289 290 291 292 294 295 296 301 302 310 311 313 315 317 318 319 320 321 322 324 325 326 327 332 333 337 338 339 340 341 344 345 346 347
30 273 274 276 280 281 285 287 288 289 295 296 298 300 302 305 306 307 309 314 315 323 325 326 330 332 333 336 342 346 347
39 272 276 278 279 282 285 286 287 288 292 293 298 300 301 302 305 306 308 309 310 314 318 319 320 321 323 324 325 326 327 330 331 332 333 335 337 340 345 347
38 274 276 278 279 280 282 284 287 291 293 298 300 302 303 306 308 309 310 311 312 313 314 316 317 319 324 325 327 328 329 332 333 338 339 342 345 346 347
28 275 276 278 281 282 287 291 292 300 302 308 310 313 314 315 316 318 321 323 327 328 331 332 336 338 342 343 344
51 272 273 275 276 278 280 281 282 283 284 286 287 289 290 291 293 294 295 298 299 300 301 302 304 305 306 307 308 310 311 314 315 316 322 323 324 327 329 330 331 332 333 334 335 336 337 338 340 341 342 346
34 273 274 276 277 283 289 291 292 293 297 298 305 307 308 310 312 313 314 315 317 322 323 324 325 327 329 330 333 335 336 337 338 341 347
52 272 275 276 277 279 281 284 285 286 287 288 290 291 292 293 294 295 296 298 299 300 302 303 306 307 308 309 310 311 314 316 318 320 321 322 323 325 326 327 329 330 331 332 333 336 337 338 339 341 342 344 346
26 275 281 284 286 290 291 295 297 299 300 303 304 305 306 309 313 317 318 324 332 333 336 338 342 343 347
27 274 280 281 282 283 284 286 287 290 291 296 297 298 299 301 302 306 311 318 320 323 326 331 332 333 336 346
38 275 279 281 285 286 287 288 289 290 293 295 301 302 303 304 305 306 308 313 315 318 319 321 322 325 327 329 331 333 334 337 339 340 341 342 343 344 345
41 273 274 275 276 277 279 281 282 283 285 287 288 289 290 291 294 298 300 301 303 307 308 310 316 317 323 324 325 326 327 328 329 330 331 332 333 334 339 343 344 345
41 275 276 278 279 281 282 287 289 290 294 295 296 297 299 301 302 305 306 307 310 311 314 315 316 318 319 322 323 324 325 326 328 331 334 336 337 338 339 340 342 346
50 273 277 279 280 281 283 284 286 287 290 291 292 293 294 295 296 297 298 299 302 303 304 305 307 308 309 310 311 312 314 318 319 321 322 323 325 327 331 332 333 335 337 339 340 341 342 343 344 346 347
42 272 274 275 277 281 282 286 287 288 289 291 292 293 296 297 300 301 306 307 308 311 313 314 315 320 321 323 326 327 328 329 330 332 333 336 338 341 343 344 345 346 347
52 272 273 274 278 279 280 281 282 283 284 289 290 291 292 293 294 295 297 298 299 301 302 303 304 305 306 307 308 311 312 313 314 315 316 317 319 322 324 326 327 331 334 335 337 338 341 342 343 344 345 346 347
35 274 275 280 281 284 286 289 293 294 298 299 300 302 303 304 305 308 309 311 313 316 317 322 323 324 327 331 333 334 335 336 338 340 342 346
25 278 279 280 283 290 291 294 300 301 302 303 304 305 308 310 311 314 320 322 324 330 331 338 345 346
48 273 275 276 277 280 281 282 283 285 286 287 288 290 291 292 293 294 295 296 298 299 300 301 303 305 307 308 309 311 312 314 315 316 317 318 322 323 324 329 335 337 338 339 340 341 342 344 347
44 274 275 276 277 278 279 284 287 288 289 290 292 294 296 298 300 303 305 306 309 310 312 313 314 315 317 319 320 321 322 324 325 326 328 329 330 332 334 335 339 340 343 345 347
37 273 279 280 282 284 285 288 290 292 293 294 295 297 298 299 300 305 309 310 312 318 319 323 324 325 326 328 331 332 333 335 338 340 342 344 346 347
33 273 277 284 290 291 293 294 296 297 302 304 305 307 308 309 311 312 313 314 317 318 319 321 324 325 326 327 330 334 335 342 344 345
40 274 275 279 280 284 286 287 289 291 294 296 297 300 301 302 303 306 308 312 315 316 317 318 319 321 323 324 329 330 331 333 334 335 337 338 340 342 343 344 347
27 272 275 276 282 283 284 291 292 294 301 304 305 306 310 313 314 321 323 325 330 336 337 338 340 342 343 344
33 273 274 276 277 279 280 282 287 290 293 295 298 299 301 302 303 306 307 311 312 316 317 318 322 324 335 336 339 340 341 342 344 345
52 272 273 274 275 276 277 280 283 284 285 286 288 291 294 295 297 298 299 301 302 303 304 305 306 310 311 313 315 317 319 320 321 322 323 325 326 327 329 331 332 334 335 336 337 338 340 341 343 344 345 346 347
27 273 274 279 283 284 285 289 290 294 295 310 316 317 323 326 328 330 331 332 334 338 339 340 342 343 344 345
29 274 275 277 280 283 286 288 292 294 295 298 299 301 302 303 305 308 309 313 319 322 323 325 328 331 332 333 339 345
26 274 276 279 280 281 283 286 288 291 301 303 306 314 317 319 320 321 324 325 327 329 333 341 343 344 347
28 272 273 278 285 286 288 290 292 294 295 300 307 311 313 316 317 318 321 322 328 329 332 334 336 340 343 344 345
34 272 274 275 277 281 282 284 285 286 292 295 296 297 299 302 304 305 309 310 312 314 315 319 322 323 327 329 330 333 334 336 338 341 344
33 272 273 280 281 283 285 287 288 289 291 297 299 301 302 303 304 305 306 308 311 314 316 318 322 328 331 332 333 336 337 339 341 345
42 272 273 275 276 284 285 287 288 290 293 294 295 296 297 298 299 301 303 304 306 307 309 311 312 313 315 318 319 320 321 325 328 329 330 331 333 336 337 342 345 346 347
38 272 275 280 284 285 286 287 290 291 292 293 294 295 298 304 307 308 310 314 316 317 318 320 321 322 323 325 328 329 331 332 333 336 337 340 343 344 347
50 272 274 279 280 281 282 283 284 285 286 288 289 291 292 295 296 298 301 302 305 306 307 310 311 313 315 316 318 319 320 321 323 324 325 326 327 328 330 331 332 334 335 337 339 340 341 342 345 346 347
51 272 273 274 275 278 279 281 282 284 285 288 290 291 292 293 294 297 298 302 303 304 305 306 307 308 309 311 312 314 315 316 317 318 319 321 322 324 325 326 328 329 331 332 333 334 336 338 342 345 346 347
34 273 274 276 282 283 285 290 293 294 297 298 302 303 304 306 308 310 311 316 317 318 319 320 321 325 330 331 332 334 335 339 340 342 344
30 273 274 275 276 277 280 282 286 287 295 299 300 301 302 306 310 311 312 314 316 319 321 323 325 326 331 338 341 342 345
43 272 273 275 277 278 279 281 282 284 287 288 291 292 293 297 299 300 301 302 303 305 306 308 310 311 313 314 315 318 325 326 327 328 329 330 336 337 340 341 342 344 345 346
28 274 277 278 279 280 283 288 294 297 298 299 307 308 309 310 311 315 318 320 324 325 329 331 332 339 341 343 347
27 274 282 286 287 289 291 294 296 298 300 303 305 306 307 310 311 314 315 316 319 322 330 336 337 340 344 347
52 273 274 275 276 277 278 279 281 282 283 285 286 287 288 289 290 291 292 293 296 297 298 300 302 304 305 306 307 312 314 315 318 319 320 323 324 328 330 331 332 333 334 336 337 338 340 341 342 343 344 345 347
43 273 274 277 280 281 282 284 285 288 289 293 294 295 297 301 302 304 306 308 311 314 315 316 317 318 321 322 323 325 326 328 329 330 331 332 333 335 336 338 340 341 343 344
43 273 274 275 278 279 282 283 284 286 287 288 292 297 298 301 303 304 305 306 309 311 312 314 315 316 318 319 321 322 323 327 330 331 335 338 339 340 342 343 344 345 346 347
31 274 277 279 284 285 286 287 288 292 294 301 302 304 305 308 309 313 314 319 322 323 324 329 331 333 337 339 340 343 344 345
26 280 281 283 286 288 290 292 293 295 299 300 301 308 319 320 321 324 325 327 328 336 338 339 343 344 345
23 279 280 286 294 295 296 301 303 306 312 316 317 319 323 326 330 333 334 336 337 342 345 346
49 272 274 275 276 277 278 279 280 283 284 285 286 288 289 290 291 294 298 303 304 305 306 307 311 313 314 316 318 319 320 322 323 324 326 327 329 330 331 333 334 336 338 339 340 341 344 345 346 347
42 272 277 278 283 284 285 287 288 289 291 294 295 297 298 299 300 305 306 307 308 309 312 313 314 316 318 323 325 326 328 329 330 331 332 335 337 339 340 341 342 343 344
24 273 276 277 279 281 284 287 290 295 297 299 301 304 305 315 317 322 326 330 331 332 336 339 344
46 276 279 280 281 282 283 284 285 287 289 290 292 293 295 296 297 298 299 300 304 305 306 307 309 312 313 314 315 316 317 320 321 323 324 327 330 332 334 336 337 339 341 342 343 344 347
50 274 276 278 279 280 281 282 283 284 285 287 288 291 292 293 295 296 297 298 302 303 304 305 307 308 311 312 313 314 316 318 319 323 324 326 328 330 331 334 335 337 338 339 340 342 343 344 345 346 347
32 272 273 275 276 280 281 285 286 288 291 293 296 297 299 305 306 309 310 313 314 316 318 319 322 324 326 330 336 341 342 343 345
26 273 276 277 278 280 281 283 286 287 288 289 291 293 296 300 302 309 315 323 325 334 341 343 344 345 347
40 274 276 277 278 281 283 284 286 287 289 291 292 293 294 297 300 301 302 303 304 307 308 312 314 315 318 319 322 323 324 325 327 334 335 338 339 340 344 345 346
29 272 273 275 277 278 280 284 285 292 296 297 301 303 304 309 315 317 319 323 324 326 334 335 338 339 342 343 344 347
42 273 281 285 287 288 290 293 294 299 300 301 303 304 305 306 308 309 310 311 312 313 314 316 318 319 320 321 322 325 326 330 332 333 335 337 340 341 342 343 344 346 347
44 272 273 274 276 277 278 281 283 285 286 288 289 290 292 293 294 298 301 303 304 305 306 307 308 309 311 312 317 322 323 325 326 329 330 333 334 335 337 338 339 340 343 345 346
52 272 273 274 275 276 279 280 281 282 283 284 285 286 287 288 289 290 292 293 294 296 297 300 301 302 303 306 309 310 311 312 313 314 315 317 320 321 322 323 325 328 330 332 333 334 335 338 342 343 344 345 346
27 272 273 277 281 282 283 288 294 297 299 300 302 304 305 306 311 317 318 320 325 326 327 329 330 335 340 346
48 272 273 274 275 276 278 279 281 282 283 285 286 290 292 293 294 295 297 298 300 301 302 303 304 307 308 309 311 313 314 316 318 319 320 323 325 327 331 332 335 336 337 341 343 344 345 346 347
47 272 273 274 276 284 285 286 287 289 290 291 293 294 295 296 298 300 301 302 304 305 306 308 310 312 313 316 320 321 322 325 326 327 329 330 332 333 334 335 337 338 339 340 343 344 345 346
36 272 273 274 276 279 280 281 283 284 285 286 288 290 295 296 298 301 306 307 311 312 313 318 319 320 322 327 328 330 331 334 336 337 339 341 344
45 277 278 279 281 284 285 286 287 288 289 290 291 294 298 299 301 303 304 305 306 307 308 310 311 314 315 317 320 322 323 324 325 328 329 330 331 335 336 338 339 340 341 343 344 347
31 272 273 276 279 280 282 283 285 291 292 299 308 309 311 315 317 318 320 322 324 326 328 329 330 331 332 335 337 338 341 343
25 284 286 288 289 294 296 299 305 313 315 318 319 323 324 325 326 330 334 337 338 341 344 345 346 347
34 272 274 275 276 279 281 283 284 286 287 289 291 294 296 305 308 312 315 317 319 321 324 327 328 329 330 331 332 333 334 337 338 340 344
41 273 278 279 282 283 284 286 290 291 292 294 296 297 298 300 303 304 305 306 307 308 309 310 316 317 318 319 321 323 324 325 326 327 329 336 338 340 341 344 345 347
50 273 276 278 279 280 281 282 283 284 287 289 290 291 292 293 294 295 296 297 298 301 302 303 304 305 306 307 308 312 313 315 317 318 319 321 322 323 324 327 328 329 332 334 335 337 338 339 341 344 347
23 280 281 293 296 298 300 301 309 311 313 314 318 321 323 328 329 330 331 332 333 334 335 344
30 275 279 282 286 287 288 290 293 295 297 298 301 304 305 310 312 314 318 319 321 322 327 336 337 338 342 343 344 345 347
51 273 274 275 276 277 278 282 283 284 285 286 287 288 289 290 293 295 296 297 298 301 302 303 304 305 306 309 310 311 312 313 316 321 322 323 326 327 328 329 332 333 334 336 337 339 340 341 343 344 345 347
30 279 280 281 283 287 288 289 300 302 304 311 312 314 320 322 323 324 326 327 330 332 333 334 336 337 341 342 343 346 347
52 272 274 275 277 279 280 282 284 285 286 287 288 289 290 293 295 296 297 298 299 300 301 306 307 310 311 312 313 314 315 317 318 319 320 322 323 324 327 330 332 334 335 337 338 339 341 342 343 344 345 346 347
34 273 277 278 280 281 282 284 288 289 292 294 295 296 299 306 307 308 311 313 319 320 322 323 327 328 329 333 336 337 342 344 345 346 347
24 273 275 277 283 285 290 291 292 293 294 295 297 298 299 300 305 311 312 316 318 326 333 343 345
51 272 274 276 277 278 279 281 282 283 284 285 287 288 289 290 293 294 295 297 298 300 301 303 304 307 308 309 310 312 313 315 317 318 319 320 321 322 323 324 325 326 328 329 330 331 339 341 342 343 346 347
46 273 274 277 278 279 280 282 284 286 288 289 291 293 294 295 296 298 299 300 302 303 304 305 306 307 308 309 312 313 316 317 318 319 320 321 324 326 328 332 333 334 336 340 341 344 345
48 272 273 274 275 276 277 279 280 281 283 285 288 289 291 292 293 294 295 297 299 300 301 302 304 308 309 313 314 317 319 320 321 322 326 327 329 330 331 333 334 335 336 338 341 344 345 346 347
30 273 277 280 282 283 286 295 296 297 299 301 302 303 304 308 320 323 327 328 330 331 332 337 338 341 343 344 345 346 347
47 272 273 274 275 278 279 280 282 284 285 286 288 289 291 293 297 299 302 303 305 306 307 308 311 312 314 317 320 321 322 325 326 327 328 329 332 333 334 335 336 337 340 342 343 344 345 347
50 272 273 274 275 277 279 280 282 283 284 286 287 288 294 295 296 297 298 300 302 303 304 305 306 307 308 309 312 313 314 317 320 321 322 323 327 328 329 330 334 335 336 337 338 339 341 342 344 345 347
36 274 277 280 282 284 285 288 289 290 291 293 294 295 297 300 302 307 308 314 316 317 318 319 321 324 329 331 332 333 336 337 338 339 340 344 347
42 272 274 276 277 278 279 281 283 285 287 288 289 290 291 292 293 295 296 298 300 304 305 307 308 310 312 313 314 317 321 323 325 328 329 330 332 333 334 335 338 339 347
30 272 275 279 280 281 282 287 288 290 291 292 293 295 297 301 304 308 311 313 316 324 325 326 327 333 339 340 341 343 346
34 273 274 275 278 280 283 286 288 290 292 293 295 296 300 301 302 307 308 309 310 313 314 315 318 322 326 329 331 333 334 337 339 342 347
31 274 276 282 284 287 289 290 291 295 296 297 298 299 301 304 306 308 310 315 317 319 320 324 327 330 334 335 337 338 339 346
33 274 277 285 287 291 292 297 301 302 305 306 307 309 312 314 315 319 323 329 330 331 332 334 335 336 338 339 341 343 344 345 346 347
44 273 274 275 276 278 280 282 284 285 286 287 289 290 294 295 296 297 299 300 301 302 304 305 306 310 311 312 315 317 318 319 321 322 323 324 326 327 328 329 331 337 339 340 341
28 272 273 274 278 279 280 284 289 291 292 296 299 302 303 304 306 307 308 314 315 320 322 325 326 333 334 335 344
47 273 274 275 276 278 279 280 281 282 284 285 287 289 292 295 300 301 303 304 307 308 309 310 311 312 313 314 315 317 318 319 320 324 325 328 330 331 332 334 336 337 339 340 342 344 345 347
27 272 274 275 280 281 283 286 288 289 291 292 301 302 309 310 311 319 322 324 329 331 335 336 338 341 342 344
44 272 273 274 276 278 282 284 285 286 287 289 291 295 297 302 305 306 307 310 311 312 314 316 318 319 321 325 326 327 329 330 331 332 335 336 338 339 340 341 342 343 344 345 347
24 274 280 284 285 288 290 297 299 300 303 305 307 308 309 318 319 323 329 330 332 341 344 346 347
25 275 277 280 281 293 296 300 308 311 313 314 315 316 317 322 323 324 330 331 332 337 338 341 343 346
31 272 273 275 277 280 286 287 289 290 292 297 298 299 300 301 305 306 311 313 314 316 318 319 320 326 327 331 332 336 337 340
32 272 274 280 282 285 288 290 291 299 301 303 304 307 308 310 311 312 314 316 317 327 330 333 334 335 336 339 340 342 344 346 347
27 272 276 284 287 292 293 294 295 298 303 305 310 311 312 316 318 321 323 326 329 331 332 334 337 338 345 347
37 272 275 276 284 287 291 292 293 294 295 297 298 302 303 304 309 310 311 312 313 314 315 320 321 323 324 327 328 329 330 331 332 335 337 339 343 345
46 272 274 276 277 281 282 284 287 288 290 291 293 294 295 297 299 301 302 303 304 306 307 310 311 313 317 318 320 322 323 325 326 327 328 329 330 331 332 335 336 337 339 341 342 343 344
41 273 277 278 279 280 281 282 284 285 286 287 288 289 291 294 295 296 301 303 304 306 312 315 316 317 318 322 324 326 327 328 329 330 331 332 337 338 339 341 345 347
25 275 278 281 286 288 289 290 294 295 296 309 314 315 316 319 323 325 327 328 329 331 334 337 341 345
36 274 276 278 279 282 284 288 290 291 292 294 296 297 300 301 302 309 310 311 312 315 320 322 324 325 327 328 332 333 336 337 340 342 343 345 347
25 276 279 280 283 284 285 299 302 303 307 308 309 310 312 318 321 325 331 333 335 339 340 341 342 346
48 272 273 274 275 276 278 279 280 282 283 284 286 287 291 293 294 295 297 301 302 303 307 308 309 311 312 315 316 318 319 323 325 326 327 328 331 333 336 337 338 339 340 341 342 343 344 345 346
34 272 275 277 279 285 290 293 295 297 298 301 302 305 308 309 312 313 314 318 320 323 325 326 331 332 333 335 336 337 339 340 342 343 347
50 273 274 275 276 277 278 282 284 285 286 288 290 291 293 294 296 297 298 299 300 302 303 304 305 306 308 311 313 314 318 319 320 324 325 326 327 328 329 330 331 332 333 335 338 340 341 343 344 345 347
43 275 276 277 278 280 282 284 286 287 288 294 295 297 301 302 304 305 306 308 309 312 313 316 317 319 320 321 322 324 325 326 327 331 332 334 335 336 338 339 340 341 342 344
28 272 275 278 281 286 288 294 297 299 300 304 306 307 312 313 314 318 319 322 323 324 326 327 338 344 345 346 347
28 276 278 281 283 284 291 292 300 301 309 310 312 315 316 317 318 319 323 327 330 332 336 337 339 340 343 346 347
29 274 277 279 280 281 283 284 285 286 293 295 297 299 304 310 313 316 318 324 325 326 328 329 333 335 338 344 345 347
35 272 273 281 284 285 288 292 295 296 299 302 303 307 308 309 312 313 314 315 316 317 318 320 322 323 325 326 331 332 334 338 339 342 344 347
41 272 273 274 276 277 279 280 284 287 289 291 294 295 299 301 302 303 306 308 310 312 315 316 319 320 322 323 325 326 328 330 332 333 336 338 340 341 342 344 345 347
39 272 277 280 284 285 286 291 293 294 295 296 298 301 302 305 308 312 314 315 318 319 322 323 326 327 328 329 333 334 336 337 338 339 340 341 342 343 344 346
46 272 274 275 276 277 278 280 286 288 291 292 293 295 296 297 298 301 302 306 307 309 310 311 312 314 315 317 318 319 322 323 324 326 327 328 329 332 333 335 336 337 339 340 345 346 347
27 273 275 276 278 279 282 284 288 289 290 291 292 297 300 308 309 322 323 324 327 330 331 332 335 339 340 342
43 272 274 275 276 279 281 282 283 287 289 290 291 293 295 296 297 298 300 301 302 304 307 310 312 314 317 321 323 324 325 326 327 329 330 335 336 338 339 340 341 343 344 346
35 273 274 275 277 278 280 282 287 289 290 292 293 297 298 301 305 306 307 310 311 312 314 316 321 326 327 329 331 332 333 334 339 340 342 344
31 272 274 277 281 282 283 285 286 289 291 294 295 296 299 304 306 307 311 313 317 320 323 325 327 329 331 335 337 342 343 345
27 272 273 275 279 280 281 282 284 293 295 296 297 303 305 307 308 312 313 314 315 323 325 330 332 334 338 340
40 273 275 276 277 278 282 283 285 286 287 288 290 291 292 294 296 300 301 302 304 314 319 320 321 323 324 326 328 329 330 332 334 337 338 341 342 343 344 345 346
25 275 279 285 290 294 296 297 299 300 302 303 305 308 313 314 316 324 325 326 331 333 336 337 342 347
51 273 275 276 279 283 285 286 287 289 291 292 294 295 296 297 298 299 301 303 304 307 308 309 310 311 312 315 317 320 324 325 326 327 329 330 331 332 333 334 335 336 337 338 339 340 341 342 343 344 345 347
38 272 274 279 280 281 283 285 286 288 290 291 293 294 295 296 305 307 308 309 313 316 318 324 325 326 327 330 331 333 334 335 336 337 340 341 343 345 346
39 272 273 274 275 277 280 281 285 289 291 293 295 297 298 299 301 304 305 306 307 308 310 311 315 318 320 323 324 325 327 328 331 336 338 340 341 343 345 347
37 276 277 279 284 285 286 288 290 292 293 297 298 300 301 303 307 310 312 313 316 320 321 323 324 325 326 327 328 329 332 333 335 337 338 341 342 347
25 273 274 277 280 285 287 292 293 294 295 297 299 300 301 303 304 305 307 308 322 331 332 333 334 336
34 278 284 285 287 291 292 298 299 300 302 303 304 305 309 312 313 315 316 317 318 322 323 325 326 327 328 329 330 331 333 337 338 344 346
49 273 274 275 276 280 283 284 285 286 287 290 291 292 293 294 295 296 297 298 299 300 301 302 304 306 308 310 311 312 313 314 316 319 321 322 325 329 330 334 335 337 338 340 341 342 343 344 346 347
26 272 273 279 281 282 287 288 291 293 295 297 303 315 316 317 318 325 327 328 331 337 338 339 340 341 345
24 273 277 280 286 292 293 295 296 300 306 307 315 320 321 324 329 330 332 334 338 341 342 344 346
48 273 274 275 276 278 281 282 283 287 288 290 291 292 294 295 296 300 301 302 304 305 306 307 309 310 311 316 318 319 320 321 322 324 325 326 327 328 329 332 333 335 337 341 342 343 344 345 346
27 275 277 278 280 285 288 292 293 296 297 298 299 300 301 302 311 315 316 321 323 326 330 332 338 340 341 346
43 274 277 282 283 284 285 286 287 288 289 290 291 292 294 296 297 303 305 306 307 308 310 312 313 314 316 317 320 322 325 327 328 329 331 334 335 336 338 339 342 344 345 346
50 272 274 276 277 278 281 282 283 284 286 288 290 291 292 293 294 295 296 297 300 302 305 306 307 308 310 312 313 315 317 320 321 322 323 326 327 329 331 333 334 335 336 337 338 339 340 344 345 346 347
26 273 279 280 281 282 284 285 287 292 298 308 309 313 317 318 319 322 323 324 335 336 337 339 340 345 347
44 272 274 275 276 278 282 283 285 288 289 293 295 296 297 299 301 302 303 306 307 308 309 311 312 313 316 317 318 320 321 322 323 327 328 329 330 331 333 338 339 340 342 343 346
45 273 276 277 278 279 280 281 283 284 285 286 287 289 290 291 294 295 296 300 301 305 306 308 309 313 314 315 316 317 321 322 323 324 325 329 333 335 336 337 340 342 343 344 345 347
38 272 274 276 279 280 281 285 286 291 297 300 301 302 303 307 309 310 315 318 323 324 326 327 328 329 330 332 333 334 335 338 339 340 341 343 345 346 347
38 272 273 274 277 278 281 282 285 287 288 291 292 294 295 296 298 300 302 304 306 308 309 315 316 318 320 322 325 326 328 330 332 333 334 336 340 343 346
33 272 275 276 277 278 282 283 285 286 287 289 295 297 298 300 302 306 312 316 319 323 324 325 327 328 329 331 332 333 336 339 341 344
38 273 274 275 277 278 279 281 282 284 287 288 289 290 291 293 294 297 299 300 302 305 306 308 313 314 317 321 322 324 325 331 336 337 340 341 345 346 347
42 272 274 277 284 290 291 292 293 294 296 299 301 304 305 306 308 309 310 311 312 314 315 319 320 321 322 323 326 327 328 329 330 333 334 336 338 339 341 342 344 346 347
23 277 278 285 286 287 291 292 304 309 311 315 316 318 323 328 330 331 334 337 338 339 343 347
23 279 281 286 287 296 301 308 312 314 318 319 320 324 328 329 330 331 332 335 337 339 340 344
41 273 274 275 276 278 279 284 285 288 289 291 297 298 299 300 301 303 304 306 307 309 311 312 313 315 320 321 322 326 327 328 331 332 333 335 336 337 341 343 345 346
50 272 277 278 279 280 281 282 283 284 285 286 289 291 292 293 295 296 297 298 299 300 302 303 304 306 307 308 312 313 314 316 317 318 320 324 325 326 328 331 332 333 334 335 337 338 339 340 342 344 345
32 273 274 276 277 278 282 286 288 289 292 293 294 295 299 300 302 305 308 310 317 318 319 320 322 325 326 330 331 336 341 344 345
48 272 273 274 275 276 278 279 281 282 285 286 288 290 291 293 294 296 297 300 301 302 304 305 306 307 309 310 311 313 314 315 320 321 324 325 327 328 329 330 332 334 335 337 338 339 343 344 346
24 272 273 274 280 284 292 293 294 301 306 307 309 314 315 318 319 323 327 328 329 333 336 337 345
24 273 274 276 281 283 286 288 297 298 300 301 303 311 313 314 326 327 331 332 335 336 339 344 346
35 275 277 279 280 282 283 285 287 288 290 295 296 298 300 301 302 304 305 306 310 311 313 319 320 324 328 330 331 338 341 342 343 344 346 347
39 272 273 275 277 279 283 284 285 289 291 292 294 302 303 304 305 306 308 309 310 313 314 315 318 319 321 322 326 328 329 331 333 334 337 339 340 341 344 345
48 272 273 274 275 277 278 279 280 282 283 284 287 292 293 295 297 298 300 303 305 306 308 309 310 311 313 316 318 319 320 321 324 326 327 330 332 333 334 336 337 338 339 340 341 342 343 345 347
49 273 274 276 277 278 280 281 283 284 286 287 288 289 290 291 292 294 295 297 299 300 302 304 306 308 309 310 311 312 313 314 316 317 318 319 323 324 325 327 329 330 331 332 336 337 341 342 343 344
24 275 277 283 285 294 295 300 303 305 312 313 314 316 319 321 324 327 329 330 333 336 337 342 346
23 275 276 278 279 280 281 288 289 290 291 297 298 300 301 312 313 315 324 325 328 333 343 346
40 275 277 278 279 281 282 283 285 287 292 295 296 297 299 303 305 307 309 312 313 316 318 321 324 325 327 329 330 332 333 334 335 336 337 338 340 343 344 345 346
48 273 274 275 276 277 281 282 283 285 287 288 289 295 296 297 298 299 300 301 302 304 305 307 310 311 312 314 316 317 318 320 321 322 323 324 325 326 327 328 330 332 336 339 340 341 345 346 347
49 273 274 276 277 278 280 281 282 283 284 287 288 290 292 293 294 295 296 297 299 301 302 303 304 305 307 310 313 315 316 318 319 321 322 323 324 325 326 328 329 331 335 336 337 339 342 343 344 346
25 272 275 280 282 286 291 292 294 295 298 300 304 306 313 317 319 320 322 326 327 333 336 341 342 346
31 274 275 278 280 282 286 287 288 289 290 291 292 294 297 299 307 309 311 314 316 318 319 323 325 327 330 334 337 342 343 344
52 272 275 276 278 279 280 281 282 284 287 288 289 291 293 295 297 299 303 305 306 307 309 311 312 313 314 316 317 318 319 320 321 322 324 326 327 328 329 330 331 332 333 334 335 336 338 339 340 341 342 343 346
28 273 275 277 279 281 282 283 285 292 295 299 300 305 307 308 310 313 316 322 325 327 331 334 337 338 342 346 347
36 273 274 276 277 279 282 285 286 291 292 294 298 300 305 313 315 316 317 318 319 322 326 327 328 329 331 332 333 334 335 338 339 341 344 345 347
34 274 279 283 284 285 292 294 297 300 301 303 305 306 308 311 312 313 314 315 319 320 322 323 324 326 327 329 330 334 337 338 339 340 341
35 274 276 278 280 282 283 286 290 292 294 295 296 297 298 301 304 305 307 308 309 314 317 318 320 322 325 327 330 332 335 338 340 341 344 347
26 273 274 275 279 282 284 290 291 294 296 300 303 316 317 318 319 327 328 330 332 334 335 337 338 345 347
43 274 276 277 280 282 284 286 287 289 290 291 292 293 295 297 298 300 303 305 307 308 310 312 313 314 316 320 322 323 324 325 327 328 330 331 332 333 336 341 342 343 346 347
40 272 275 276 277 278 279 283 284 285 286 290 293 294 295 297 300 301 304 306 308 309 311 312 313 314 315 316 317 319 320 322 323 324 325 328 335 338 340 342 345
51 272 275 277 278 279 281 284 285 287 290 292 294 295 296 297 298 299 301 302 303 304 306 307 308 309 310 311 312 315 317 318 319 321 323 324 325 327 328 330 331 333 334 335 336 337 338 339 343 344 345 347
42 273 275 278 286 287 288 289 291 292 294 295 296 298 299 301 302 305 306 307 308 309 310 313 314 318 319 320 322 323 325 327 329 330 331 334 336 339 341 342 343 345 346
26 274 278 280 283 284 286 289 290 294 298 302 303 306 314 316 318 320 321 322 326 328 329 334 335 336 337
32 272 274 276 278 279 280 283 288 289 290 295 302 303 304 307 309 316 317 318 319 322 323 326 327 331 332 333 336 337 338 340 347
40 272 275 279 281 282 284 286 287 288 290 292 293 295 297 298 299 300 301 305 308 313 316 318 319 324 325 327 328 329 330 331 335 338 339 341 343 344 345 346 347
49 272 274 275 276 278 279 281 282 283 284 287 288 289 290 291 292 293 295 296 297 299 303 305 306 307 308 309 311 314 315 317 318 319 320 321 323 326 328 331 332 333 334 335 339 340 344 345 346 347
39 272 273 274 278 280 281 282 284 289 290 292 295 298 299 300 302 304 305 306 308 312 313 316 318 321 322 323 326 328 329 332 333 334 335 336 341 342 344 347
34 272 276 277 278 279 282 285 286 289 290 291 293 296 297 299 301 303 306 307 309 312 316 319 321 322 323 325 328 329 335 339 342 343 345
40 272 273 274 277 278 281 283 284 285 286 287 288 291 293 294 298 302 305 309 310 311 312 313 314 318 321 323 324 325 326 327 328 329 331 332 333 334 339 341 347
43 272 273 274 276 277 278 279 281 283 284 286 290 292 293 295 296 297 299 301 307 308 309 310 312 313 316 321 323 326 328 331 332 333 336 337 338 339 340 341 342 343 346 347
33 275 276 277 280 285 287 288 292 296 300 301 302 303 304 307 308 309 315 318 319 322 324 325 327 330 332 334 337 338 340 341 342 347
32 273 275 278 281 283 287 288 290 291 295 298 299 300 301 302 304 307 308 310 312 315 318 327 329 333 335 340 342 343 345 346 347
34 273 275 278 280 285 290 291 292 294 295 296 298 300 302 303 304 305 306 307 311 312 314 316 318 320 325 328 329 333 334 335 342 343 346
22 272 276 279 284 285 288 289 296 299 304 310 311 316 318 319 322 323 337 338 342 343 345
34 275 276 278 279 280 285 286 288 290 291 293 294 295 299 301 302 306 307 315 317 318 319 320 324 325 326 327 328 334 336 337 339 346 347
29 277 280 285 286 289 291 295 298 299 303 306 310 311 312 313 315 316 317 319 320 324 325 330 331 332 333 339 346 347
23 272 274 285 286 288 291 292 293 294 298 301 308 313 315 317 321 324 335 338 342 344 346 347
40 273 276 277 278 279 280 282 284 286 287 288 291 293 295 296 299 300 301 304 306 308 309 310 312 317 320 321 324 326 328 330 331 336 337 339 340 341 342 343 347
26 273 279 284 287 288 292 293 295 296 298 299 302 305 309 314 320 323 324 325 330 334 337 339 341 342 347
39 273 277 279 286 287 289 290 292 293 294 295 296 301 302 303 305 311 312 314 315 316 317 318 321 323 325 326 327 328 331 332 333 335 337 340 341 344 345 347
36 272 274 275 282 283 284 287 290 291 293 295 296 297 299 300 301 304 308 310 312 315 317 318 319 324 326 327 331 334 335 336 337 338 339 340 344
28 274 276 285 286 288 291 293 295 297 298 302 306 310 311 313 315 318 320 321 323 324 331 332 341 342 344 345 346
41 272 274 275 278 280 281 282 283 286 289 291 292 293 294 295 297 298 301 303 306 307 308 309 311 313 318 320 324 329 330 331 332 333 334 335 340 341 342 344 345 347
51 272 273 274 276 279 281 282 283 286 287 289 290 291 292 293 294 297 298 300 301 302 304 305 307 308 309 311 312 314 315 317 318 319 320 321 322 324 327 328 329 331 332 335 336 338 339 340 343 344 346 347
35 274 279 280 281 283 284 285 290 292 296 298 299 300 301 302 303 305 306 307 308 312 314 315 318 322 323 328 331 332 335 338 339 342 343 344
52 272 274 278 282 283 284 285 287 288 289 290 291 292 293 295 296 297 298 299 300 301 302 303 305 306 308 311 312 313 314 316 317 319 321 323 326 329 331 332 333 334 335 336 338 339 340 341 342 343 345 346 347
43 273 276 277 278 279 280 281 282 285 286 287 288 289 290 294 296 298 300 301 302 308 311 312 313 314 315 316 320 321 322 323 326 328 330 331 332 333 335 338 340 341 343 347
33 272 275 276 278 279 283 284 289 291 292 294 296 301 302 303 305 306 308 309 314 317 318 319 320 321 326 327 333 339 342 343 344 347
28 274 275 277 282 283 284 287 292 295 298 299 303 305 306 309 310 314 318 323 324 328 331 332 334 340 341 343 346
44 272 273 274 275 276 277 280 283 284 286 287 288 289 291 293 294 296 297 299 300 302 304 305 306 307 308 311 315 321 323 325 326 327 330 331 332 334 336 338 339 342 343 345 347
39 273 275 277 279 283 285 289 291 292 293 294 297 298 299 300 301 302 306 307 308 310 313 314 316 318 320 321 322 323 325 327 331 332 334 335 336 337 338 340
25 273 276 277 278 281 286 288 289 290 294 295 301 308 311 314 318 322 323 324 327 338 339 340 346 347
28 273 277 278 279 282 286 287 288 292 294 295 296 301 306 310 311 312 314 317 318 324 328 334 336 338 339 340 342
36 275 276 278 279 283 284 285 291 293 295 298 299 300 301 306 308 309 310 311 313 316 320 321 322 323 325 327 330 334 335 336 337 338 341 343 344
23 272 279 283 284 285 289 294 295 297 303 304 307 311 316 320 325 329 331 337 340 341 345 347
40 272 273 274 276 279 281 284 287 290 291 292 295 296 299 302 303 306 307 310 312 313 315 317 318 320 321 326 327 328 329 330 331 332 334 335 338 340 343 346 347
50 272 273 274 275 277 279 280 281 282 283 286 287 288 289 291 292 293 296 297 298 301 303 304 305 306 308 309 311 313 316 317 318 320 321 322 324 326 327 328 331 332 334 336 337 339 341 342 343 345 347
40 272 274 276 277 278 280 281 283 284 287 288 289 292 294 298 299 300 302 303 304 305 306 308 309 310 311 313 314 317 320 322 323 324 326 328 334 335 336 337 339
50 273 274 275 277 278 279 280 282 283 284 285 287 288 289 290 291 292 293 294 295 296 297 298 299 301 302 303 305 312 314 315 316 317 319 320 322 323 324 325 332 334 335 336 337 338 339 340 344 346 347
38 274 276 279 280 281 283 285 286 287 289 292 293 296 297 298 301 304 305 306 307 308 311 312 316 317 324 325 326 329 331 332 335 337 340 341 342 344 347
49 273 274 275 276 278 279 280 283 284 285 287 288 290 291 293 295 296 298 299 301 302 307 311 312 313 314 315 317 318 319 322 323 324 327 329 330 332 333 334 335 336 339 340 342 343 344 345 346 347
43 272 273 274 275 276 277 281 284 285 287 291 293 295 296 299 300 301 304 306 308 312 316 317 318 319 321 323 324 325 328 329 330 332 335 337 338 340 341 342 344 345 346 347
36 272 273 274 275 276 278 279 280 281 282 286 290 292 297 300 301 305 310 311 313 315 316 323 324 325 326 327 329 330 332 336 338 342 344 345 347
25 272 280 288 290 295 297 301 303 305 306 314 315 316 317 318 321 326 328 332 333 338 339 344 345 347
31 274 275 277 278 281 285 289 292 293 296 301 303 304 305 306 312 314 316 320 325 326 327 330 334 335 336 341 342 344 345 347
35 273 275 278 280 281 285 288 289 290 291 292 295 298 301 303 304 306 307 308 312 315 316 319 323 324 326 331 332 335 337 339 340 341 342 347
18 351 352 353 355 356 360 363 367 369 370 371 374 376 377 381 382 385 386
11 362 364 371 373 374 379 381 383 385 386 387
32 348 350 351 352 353 354 356 359 360 361 362 363 364 365 366 367 368 370 372 373 374 375 376 377 379 380 381 383 384 385 386 387
9 349 355 357 358 369 371 378 382 388
19 351 354 358 360 362 363 364 365 368 369 372 373 375 378 380 383 384 385 387
13 349 356 358 360 365 368 372 375 376 377 381 386 388
9 357 360 362 365 370 374 381 386 387
14 351 355 356 357 362 364 365 369 372 375 380 382 384 385
12 348 350 357 362 364 369 374 380 383 384 385 388
19 348 349 353 354 356 358 359 361 364 365 366 367 372 373 376 377 379 380 387
17 348 349 350 351 353 354 364 367 369 372 377 379 380 382 383 384 388
15 352 355 356 358 359 361 363 366 368 371 373 375 376 378 385
26 348 349 350 351 352 353 354 355 357 358 359 360 361 363 366 369 370 371 374 375 376 380 381 384 386 387
12 353 356 360 363 364 366 369 370 371 381 383 384
16 349 353 354 355 357 361 362 365 366 367 369 370 380 381 383 385
11 351 352 354 368 369 372 374 377 379 386 387
21 348 350 355 356 360 361 363 365 368 369 370 373 375 376 380 381 382 383 384 386 388
15 351 354 357 361 364 369 373 374 376 378 379 384 386 387 388
13 348 354 356 361 362 369 372 373 374 375 379 384 388
12 348 351 353 355 362 366 369 374 377 380 386 388
15 349 354 362 363 365 368 370 371 372 376 377 381 383 385 387
17 349 350 354 355 357 358 359 365 367 368 373 374 376 378 380 382 387
22 348 349 350 352 353 355 356 357 359 361 366 367 370 371 374 376 377 379 381 382 386 388
21 349 350 353 354 355 356 358 359 360 364 366 367 371 372 373 374 377 381 386 387 388
10 354 361 364 366 368 379 380 383 384 388
13 349 350 351 352 355 357 360 361 366 368 370 377 388
19 348 352 353 354 355 357 362 363 366 367 369 370 373 374 379 382 384 385 387
20 348 351 352 357 361 362 363 365 368 369 370 375 376 378 379 380 382 383 384 385
23 348 349 352 355 356 357 358 359 361 362 363 364 367 374 375 376 377 378 379 380 381 386 388
5 359 362 372 373 375
25 348 350 351 352 356 358 359 360 363 364 368 371 372 373 374 375 376 377 378 379 382 384 386 387 388
27 348 349 350 352 353 354 358 359 360 361 363 366 367 368 370 371 373 374 376 377 378 379 381 383 386 387 388
14 349 353 354 361 367 371 372 373 374 377 378 381 382 386
9 350 356 358 360 365 368 372 373 383
17 348 349 356 357 359 360 362 363 364 366 368 370 372 377 380 383 388
28 349 350 351 352 353 355 357 358 359 360 363 364 365 366 367 368 370 371 376 377 378 380 381 382 383 385 386 387
9 350 351 359 361 364 371 378 380 383
12 348 351 352 361 362 372 375 377 379 385 386 388
29 349 351 352 353 354 355 356 358 359 360 361 363 365 366 367 368 370 371 372 373 375 376 377 378 379 381 382 386 387
7 352 357 367 371 378 385 387
17 348 353 354 356 358 359 363 365 367 369 372 375 376 378 380 382 384
12 350 351 352 353 354 365 369 375 378 381 384 385
13 349 351 354 361 374 376 377 378 383 384 385 386 387
9 349 350 353 358 365 367 371 375 383
8 348 349 350 357 358 365 378 387
27 348 350 351 352 355 356 357 358 359 360 362 363 364 365 366 368 369 370 375 376 379 380 383 384 385 387 388
13 349 354 359 361 363 364 370 375 376 379 381 382 384
15 356 362 364 365 367 368 372 373 377 378 379 382 383 385 388
17 348 350 355 357 359 361 362 363 364 366 373 374 375 376 378 386 388
21 348 351 352 353 354 356 361 362 365 366 367 369 372 373 374 375 376 382 383 386 387
12 355 358 361 367 371 373 374 376 379 382 386 387
20 349 350 355 357 358 359 360 363 364 368 370 371 377 378 379 380 381 384 385 388
22 350 351 352 355 357 360 362 363 368 369 370 371 374 375 378 381 382 383 384 385 386 388
9 348 360 363 366 368 372 377 380 382
18 348 349 350 353 356 358 361 362 365 366 367 371 376 380 382 383 385 388
12 355 357 359 360 363 364 370 373 375 378 381 384
11 351 352 353 355 358 359 367 369 373 375 378
18 350 351 353 354 360 365 366 368 369 370 371 372 373 382 383 384 385 387
20 349 351 352 353 354 357 358 359 362 364 366 367 371 372 374 377 378 379 385 387
24 349 351 352 353 354 356 358 360 365 367 368 369 370 371 372 377 379 380 381 382 383 384 385 387
15 348 350 356 357 360 361 364 366 374 379 380 382 384 386 388
8 352 355 356 359 362 370 381 385
28 348 350 352 353 355 356 357 358 359 360 362 363 364 365 366 367 368 369 370 371 372 373 375 379 380 381 382 388
8 349 354 361 373 374 381 382 386
10 349 350 354 355 356 359 367 371 372 377
6 362 364 371 383 385 386
11 351 355 356 357 362 364 365 372 375 380 384
17 350 351 352 355 357 360 362 363 369 370 374 375 381 383 384 385 388
11 353 354 355 361 365 367 369 370 380 381 385
19 349 352 355 356 357 358 359 363 364 367 374 375 376 377 378 380 381 386 388
7 348 355 366 369 377 380 386
9 353 354 361 362 366 369 380 381 383
3 359 373 375
9 348 349 350 353 365 376 380 382 385
7 349 351 354 374 378 383 385
15 349 350 354 355 357 358 359 367 368 373 374 376 380 382 387
6 350 351 352 355 357 388
5 349 350 358 365 378
9 351 354 358 360 373 375 378 385 387
9 362 371 373 374 379 381 383 385 387
5 359 362 370 381 385
12 348 350 355 356 368 370 373 375 376 382 383 384
12 351 354 357 361 369 373 374 378 379 386 387 388
5 357 360 362 370 374
13 349 351 353 359 364 366 367 371 372 374 379 385 387
8 354 356 369 374 375 379 384 388
10 349 357 360 368 370 378 380 384 385 388
4 371 378 385 387
13 349 352 354 357 358 362 364 367 371 374 377 379 385
7 350 358 360 368 372 373 383
16 348 349 353 354 356 358 359 361 364 365 367 372 376 377 380 387
11 348 349 350 354 367 372 377 380 382 384 388
7 355 366 374 377 380 386 388
6 351 367 369 373 375 378
13 348 357 359 360 362 363 364 366 368 372 377 383 388
4 348 366 372 377
7 353 356 363 364 370 371 383
21 348 350 352 353 355 356 357 360 362 364 365 367 368 369 371 373 375 379 380 381 382
15 350 351 354 355 357 359 363 366 369 370 374 375 376 384 387
16 348 352 356 359 363 364 368 373 374 377 378 379 382 384 386 388
11 357 359 361 362 364 367 374 376 379 380 381
6 360 364 373 375 381 384
11 351 352 355 356 363 369 371 374 376 385 386
9 350 355 361 363 373 374 375 378 386
8 351 352 354 368 374 379 386 387
6 351 359 361 371 378 383
17 349 350 354 356 358 360 364 367 371 372 373 374 377 381 386 387 388
11 350 356 362 365 366 367 371 376 380 382 388
9 349 353 367 371 373 374 378 381 386
4 348 349 350 358
11 352 357 362 363 365 375 376 379 380 383 385
14 352 353 362 365 367 369 372 373 374 375 376 383 386 387
12 353 356 358 361 362 365 366 367 371 380 385 388
9 354 355 357 358 373 374 376 378 387
21 349 351 353 354 356 358 360 367 368 369 370 371 372 377 379 380 381 383 384 385 387
4 357 378 385 387
13 348 355 357 359 361 362 363 373 374 375 376 378 388
9 350 355 362 363 364 376 378 386 388
11 352 356 358 359 366 371 373 375 376 378 385
12 350 361 363 365 369 370 375 380 381 382 383 388
7 364 371 373 379 383 385 387
5 351 354 368 377 379
6 357 360 362 365 386 387
9 349 351 357 361 366 368 370 377 388
14 349 350 357 358 364 370 371 377 378 379 381 384 385 388
12 351 354 357 361 364 373 376 378 379 384 387 388
10 348 354 356 361 362 372 373 374 379 388
5 361 364 371 380 383
5 351 361 371 378 383
6 349 350 357 365 378 387
12 348 350 357 360 361 364 366 374 379 380 382 384
6 354 366 368 380 384 388
13 348 352 355 356 358 362 367 374 378 379 380 381 388
10 355 357 359 360 363 373 375 378 381 384
10 350 354 360 365 368 369 372 382 383 387
6 356 368 375 376 377 386
8 353 354 356 359 369 372 378 382
6 355 357 359 360 378 381
13 349 357 361 363 367 374 376 377 379 380 381 386 388
4 359 361 371 383
6 352 355 356 359 370 381
10 349 354 357 361 362 365 366 367 369 380
9 348 357 360 361 364 379 382 384 388
11 349 353 367 372 373 374 377 378 381 382 386
11 349 354 359 361 363 364 370 376 379 382 384
10 351 352 357 362 363 370 378 380 384 385
15 350 352 355 359 361 366 367 370 371 376 379 381 382 386 388
9 350 352 353 365 369 375 378 381 384
7 356 358 360 372 375 376 381
6 350 356 360 365 373 383
6 350 351 353 354 378 381
22 348 352 353 355 358 360 362 363 364 365 366 367 369 371 372 373 375 379 380 381 382 388
6 354 361 366 368 380 383
9 349 354 355 357 361 362 380 381 385
11 349 350 353 362 365 371 380 382 383 385 388
7 349 356 358 372 375 376 386
14 348 351 352 354 361 362 365 369 372 373 375 376 382 386
14 351 354 360 363 364 365 369 372 373 378 380 383 384 385
7 353 354 367 372 381 382 386
14 348 350 355 357 359 362 363 364 366 375 376 378 386 388
8 355 356 357 369 372 380 382 385
21 348 350 355 356 357 359 360 364 365 366 368 369 370 375 379 380 383 384 385 387 388
5 348 366 368 372 382
7 350 356 358 360 368 372 373
12 352 353 354 358 367 370 372 379 381 383 384 385
6 360 363 372 377 380 382
2 362 375
19 349 351 354 356 358 365 367 368 369 370 371 372 377 381 382 383 384 385 387
11 350 351 353 354 367 372 379 380 382 383 388
7 357 360 365 370 374 386 387
16 349 353 354 355 356 359 360 364 366 367 371 372 373 381 386 388
8 351 354 357 369 373 376 378 386
13 352 356 358 359 361 363 366 368 371 373 375 376 385
14 348 353 354 356 359 363 365 367 369 372 376 380 382 384
10 354 359 363 364 370 375 376 381 382 384
3 352 367 387
12 351 352 353 355 356 363 369 371 374 381 382 386
8 348 359 363 365 369 378 380 382
7 361 364 368 379 380 384 388
11 351 355 356 357 362 365 369 372 375 382 384
17 348 352 357 361 362 363 365 368 370 375 376 378 379 380 382 383 385
8 354 357 364 376 378 379 384 386
14 348 349 355 357 358 361 362 363 367 376 378 381 386 388
16 349 351 352 353 354 357 359 364 366 367 371 372 374 378 385 387
5 371 373 383 385 387
11 353 354 355 357 365 366 367 369 380 383 385
15 348 349 353 356 358 362 365 366 367 371 376 380 382 383 385
12 349 354 362 363 365 368 372 376 377 381 383 387
12 351 357 362 365 368 369 375 378 379 382 384 385
10 348 351 353 362 366 369 377 380 386 388
11 348 350 359 363 364 366 373 374 375 378 388
5 350 358 360 373 383
11 349 353 354 361 367 371 372 373 374 378 382
16 351 356 359 360 363 368 371 373 374 375 377 378 384 386 387 388
10 351 352 355 369 370 374 376 377 381 385
8 353 356 365 372 375 376 380 382
13 349 353 354 355 357 361 362 366 367 380 381 383 385
11 348 350 356 357 360 361 366 374 382 386 388
10 353 354 365 366 371 372 373 382 385 387
9 356 365 368 372 375 376 377 381 388
4 349 350 357 358
19 350 351 352 355 357 360 362 363 368 369 370 374 375 382 383 384 385 386 388
14 348 349 350 351 352 357 359 360 363 369 370 374 375 376
15 348 349 353 354 359 364 365 366 367 372 373 376 377 379 387
13 351 352 360 362 370 371 375 378 381 383 384 386 388
13 349 354 355 357 359 365 367 368 373 374 376 378 382
20 349 351 352 354 356 360 365 367 368 369 370 371 372 377 379 380 381 384 385 387
24 349 351 353 354 355 356 358 359 360 361 363 365 366 368 370 372 373 375 378 379 381 382 386 387
13 351 354 361 364 369 373 374 378 379 384 386 387 388
5 353 358 365 371 375
11 349 354 362 363 365 368 370 371 372 376 381
5 364 371 379 383 386
6 358 360 365 372 373 383
6 357 367 371 378 385 387
18 348 350 354 358 359 360 361 363 367 370 373 376 377 378 381 383 386 387
8 351 352 362 372 379 385 386 388
20 348 349 350 351 354 355 358 359 360 361 363 366 370 371 374 376 381 384 386 387
16 348 352 353 354 355 362 363 366 369 370 373 374 379 382 384 385
7 357 359 360 363 370 373 378
8 356 358 365 372 375 376 377 388
16 351 353 354 357 358 359 362 364 366 367 371 372 374 377 378 387
17 349 350 351 352 358 360 363 364 367 368 371 376 377 378 380 381 383
12 349 354 362 365 368 370 371 372 376 377 385 387
7 348 356 369 372 373 374 388
11 348 349 352 353 355 359 361 366 376 379 381
8 349 356 362 363 370 377 383 388
6 348 352 377 379 385 386
6 351 352 369 374 377 386
15 349 355 357 360 363 364 368 370 371 379 380 381 384 385 388
12 351 354 358 360 363 364 372 375 380 384 385 387
13 352 355 356 358 359 361 363 366 368 371 376 378 385
6 348 350 357 369 385 388
5 362 364 374 385 387
4 348 366 368 382
12 348 352 357 361 362 363 375 379 380 383 384 385
19 351 353 355 356 361 363 365 366 367 371 372 373 376 377 378 381 382 386 387
10 348 351 353 355 362 369 374 380 386 388
11 349 353 354 356 359 366 367 376 379 380 387
11 350 355 360 363 365 369 370 373 376 381 388
15 352 353 356 358 362 364 367 368 369 372 375 380 381 382 388
11 349 350 354 355 358 366 367 372 377 386 387
11 352 353 362 366 367 369 373 374 382 385 387
10 349 356 358 372 375 376 377 381 386 388
24 348 349 350 352 353 354 358 360 361 363 366 367 368 370 371 374 376 377 378 379 383 386 387 388
18 349 350 353 354 356 359 360 364 366 367 371 372 373 377 381 386 387 388
11 351 355 357 362 365 369 372 375 380 382 384
10 349 354 359 361 363 364 375 376 379 381
3 362 372 373
10 348 349 357 359 360 363 366 372 380 383
11 350 355 357 365 367 368 373 374 380 382 387
13 356 362 364 365 368 373 377 378 379 382 383 385 388
17 348 349 352 355 356 357 358 359 361 362 363 374 375 376 378 379 388
10 355 361 371 373 374 376 379 382 386 387
5 354 364 368 379 384
5 352 359 362 370 385
19 348 349 352 353 358 359 360 361 366 367 368 371 373 376 379 381 383 386 388
7 350 351 359 371 378 380 383
11 349 354 359 363 370 375 376 379 381 382 384
12 349 355 358 361 364 367 376 377 380 381 386 388
10 350 359 361 363 366 373 374 378 386 388
5 350 351 359 371 380
9 362 364 371 374 379 383 385 386 387
5 349 355 358 378 388
6 360 366 368 372 380 382
7 352 358 366 368 371 373 376
11 355 357 362 363 366 367 369 373 374 379 385
12 349 352 354 357 358 362 364 367 371 374 377 385
12 352 353 356 357 359 366 367 377 379 382 386 388
12 348 350 355 360 361 363 365 368 373 375 376 382
13 350 352 355 357 360 369 370 371 375 378 381 382 386
23 348 349 350 352 358 359 360 361 363 366 367 368 370 371 373 374 377 378 379 381 383 387 388
9 362 364 367 368 372 377 378 385 388
10 356 358 361 363 366 368 371 375 376 378
19 348 351 352 359 360 363 364 368 371 372 373 374 375 376 378 379 384 387 388
12 348 356 359 364 365 366 367 372 373 377 379 387
7 349 350 353 358 365 367 371
6 349 354 363 370 376 379
9 348 353 364 367 369 382 383 384 388
13 348 349 356 357 359 360 362 364 366 372 377 380 383
5 350 357 358 365 387
10 348 354 356 369 372 373 375 379 384 388
6 354 366 368 379 380 384
8 362 364 374 379 381 383 385 387
6 348 349 350 357 358 365
13 348 349 352 354 358 359 360 361 366 367 374 383 388
17 348 350 351 352 354 356 361 363 364 365 366 368 370 372 375 377 387
8 348 360 363 366 368 377 380 382
10 348 353 358 363 365 367 375 376 380 384
8 355 357 363 373 375 378 381 384
19 350 351 352 355 357 360 362 369 370 371 374 375 378 382 383 384 385 386 388
6 350 359 364 378 380 383
12 354 358 360 362 363 364 368 373 378 384 385 387
11 351 357 360 363 368 370 371 374 378 382 383
10 356 359 360 362 370 372 377 380 383 388
11 351 352 357 363 370 371 374 375 378 383 386
6 351 352 361 372 375 377
9 348 350 362 369 374 383 384 385 388
13 353 354 355 357 362 363 366 369 370 382 384 385 387
8 351 352 361 362 375 377 386 388
8 349 350 351 352 360 366 368 388
6 353 355 358 359 369 378
8 351 356 357 362 369 372 380 384
12 351 354 362 363 365 372 375 380 383 384 385 387
6 354 361 364 366 368 383
11 349 351 354 361 376 377 378 383 384 386 387
6 353 364 366 369 381 384
21 348 350 352 356 358 359 360 363 364 368 371 372 373 375 377 378 379 382 384 387 388
8 354 357 373 376 378 379 387 388
12 349 353 354 355 357 362 365 366 369 370 380 381
7 349 354 361 363 364 379 382
15 349 351 353 354 355 358 360 363 367 368 370 373 376 382 387
5 350 359 378 380 383
19 348 357 358 359 361 362 363 364 365 367 369 372 375 377 378 381 382 383 386
15 348 350 353 354 360 362 363 366 368 372 374 379 381 383 386
23 349 350 351 352 355 357 359 361 362 365 366 368 369 371 373 376 377 378 381 383 384 385 387
20 348 351 354 355 357 358 361 366 368 369 370 371 374 377 378 381 382 383 386 387
16 349 355 357 361 362 363 364 368 369 371 373 377 378 384 387 388
20 348 352 354 355 359 361 362 365 367 369 370 371 374 377 381 382 383 385 386 387
24 349 350 353 355 356 357 359 360 362 363 365 368 369 370 371 372 373 376 378 379 382 383 387 388
19 350 351 354 355 358 359 365 366 367 368 372 374 376 377 380 382 383 384 388
20 348 349 351 353 354 355 357 358 360 364 368 369 374 376 378 379 384 386 387 388
21 349 352 353 356 360 361 362 364 365 366 368 371 372 373 375 377 379 383 384 386 388
14 348 350 351 353 355 359 364 367 368 376 378 384 386 387
25 348 349 350 351 352 353 354 355 362 363 364 366 368 369 371 372 373 375 378 382 384 385 386 387 388
18 348 351 352 353 354 357 361 364 367 368 371 372 375 379 383 386 387 388
14 352 356 359 360 369 371 373 378 379 380 383 384 385 388
22 350 351 353 354 355 356 360 362 365 367 368 372 374 375 376 377 380 382 385 386 387 388
24 349 352 353 357 359 360 361 363 364 365 367 368 371 372 374 375 377 378 379 380 382 385 387 388
13 348 352 353 358 359 360 361 363 365 366 368 369 380
23 348 350 353 354 356 357 358 359 360 361 362 365 366 367 369 370 372 379 381 383 384 387 388
22 348 351 354 358 359 362 363 365 366 368 369 373 374 375 376 377 378 380 382 386 387 388
24 349 350 353 354 356 359 360 361 362 363 364 370 371 372 375 377 378 381 382 384 385 386 387 388
27 348 354 355 358 359 360 361 363 364 366 367 368 369 371 372 373 374 376 377 379 380 381 382 383 385 386 388
17 348 350 352 353 355 361 362 366 367 369 372 374 380 381 383 384 386
22 348 350 351 352 355 356 359 362 364 365 366 369 373 375 376 377 381 382 383 384 385 386
21 348 349 353 356 357 359 361 363 365 367 368 369 370 371 375 376 378 381 383 387 388
26 349 350 357 358 359 360 361 363 364 365 366 367 368 371 372 373 376 377 378 379 380 381 382 385 387 388
15 350 351 358 360 362 363 364 365 368 372 374 375 383 384 386
15 352 356 357 358 360 364 366 370 371 374 375 376 378 379 382
28 349 350 352 353 357 358 359 360 361 362 363 366 367 368 372 373 375 377 378 379 380 381 382 383 384 385 387 388
13 349 356 357 358 365 366 373 377 381 382 383 386 387
13 350 352 354 358 359 370 372 375 378 379 381 386 387
28 348 349 350 352 354 357 358 360 361 363 364 365 367 368 369 370 372 374 376 379 380 382 383 384 385 386 387 388
25 348 349 350 351 353 354 356 358 359 360 364 365 366 367 369 370 371 373 375 377 379 381 382 387 388
15 349 350 352 353 355 357 358 360 361 363 366 368 382 383 384
26 351 353 354 355 357 358 360 361 363 364 365 366 368 369 370 372 373 374 377 379 381 383 385 386 387 388
17 350 351 354 356 357 363 365 367 368 372 373 375 376 378 382 385 387
18 349 350 359 360 361 362 363 366 369 370 374 375 378 380 382 386 387 388
24 348 349 352 354 355 356 359 360 364 365 367 369 371 372 373 374 375 376 377 382 383 384 385 387
14 349 351 352 354 355 357 360 361 371 377 379 381 384 387
22 348 349 350 351 352 356 357 358 359 360 361 362 367 369 370 372 376 379 380 383 384 385
13 352 353 358 361 363 365 366 371 372 377 378 379 382
20 349 350 351 354 357 360 361 363 365 366 369 371 376 378 380 382 383 384 387 388
21 349 351 353 355 360 361 362 366 367 368 371 372 374 377 379 380 382 384 385 387 388
16 351 352 355 356 363 366 369 370 372 374 376 382 383 384 386 388
24 349 350 351 353 355 359 360 361 362 363 365 368 370 371 372 375 377 378 379 381 383 386 387 388
25 348 350 351 353 355 356 358 360 361 363 364 365 366 369 370 372 373 374 376 377 379 380 382 385 386
24 348 349 351 352 354 359 360 361 362 363 364 365 368 369 370 373 374 376 378 380 381 383 385 386
20 349 351 355 357 359 361 363 366 367 370 372 373 375 377 381 382 384 385 386 388
23 349 350 351 352 353 354 355 360 363 364 365 367 369 370 373 374 377 379 380 382 385 386 387
14 348 352 354 358 361 362 366 370 373 374 380 381 384 386
12 348 352 354 355 358 360 363 366 368 369 371 372
12 353 355 357 364 365 366 371 377 380 381 383 387
17 354 364 367 369 370 371 372 373 374 375 376 379 380 382 384 385 388
25 351 354 356 358 359 362 363 365 366 367 368 369 370 372 373 374 375 376 377 378 380 383 385 386 387
21 349 350 352 354 359 362 363 364 367 368 369 370 372 378 379 380 381 384 385 387 388
26 348 349 350 351 353 354 356 358 361 365 368 369 370 371 372 373 375 376 378 379 380 383 384 385 387 388
14 353 360 361 362 364 365 368 371 375 376 378 382 386 387
26 348 349 350 352 353 354 355 356 359 360 361 362 363 365 367 368 372 375 377 380 381 383 384 385 387 388
19 348 349 351 352 354 359 363 364 370 373 374 375 376 380 381 382 383 384 387
13 351 352 353 360 361 363 366 368 369 373 376 382 384
20 350 353 355 356 357 360 362 363 366 369 370 371 374 377 378 379 380 384 387 388
27 351 352 353 354 357 358 359 360 361 363 364 366 367 369 370 371 372 373 377 379 380 381 382 383 385 386 388
13 352 362 370 371 374 375 376 377 382 385 386 387 388
13 351 353 354 356 361 363 365 370 373 377 379 382 388
20 349 351 352 355 357 362 363 364 367 368 369 373 375 376 377 378 379 382 386 387
25 348 349 351 352 353 354 355 356 357 361 364 366 368 369 372 373 374 379 380 381 383 384 385 386 387
21 348 351 352 355 356 357 361 362 363 365 368 369 374 377 379 380 383 384 385 386 388
26 348 350 351 354 356 358 359 361 362 364 365 366 369 370 372 373 374 375 377 378 380 381 382 383 384 385
12 348 349 354 357 359 361 364 369 376 383 384 387
15 352 355 361 362 364 368 369 371 375 376 377 381 385 387 388
24 349 350 351 354 357 359 361 363 364 365 366 367 369 370 372 374 375 376 377 378 379 383 385 388
25 348 350 351 354 355 356 360 361 362 363 364 365 366 367 377 378 379 381 382 383 384 385 386 387 388
18 348 349 350 352 353 354 356 358 359 361 370 371 374 375 378 381 385 388
15 349 350 351 353 366 367 369 370 372 374 375 376 379 385 387
22 350 351 352 353 355 356 357 358 359 360 362 363 367 368 373 374 375 378 383 385 386 387
25 348 350 352 353 354 356 358 359 360 361 364 368 370 371 372 373 374 376 377 378 383 384 385 387 388
26 348 349 350 353 354 355 356 359 360 362 363 364 367 369 370 372 375 376 377 378 379 381 383 384 387 388
17 350 352 353 355 360 361 362 364 368 369 372 373 374 376 383 385 387
14 348 357 358 361 362 364 365 366 367 371 375 376 380 384
21 348 352 355 356 360 362 365 368 371 372 374 375 377 378 380 382 383 384 385 386 388
16 349 352 355 356 357 360 365 366 368 371 373 376 380 381 382 385
19 349 350 351 352 353 357 359 361 364 368 369 370 375 376 377 378 380 383 387
20 349 350 351 354 355 359 361 366 367 369 370 371 373 378 379 380 382 385 386 387
15 348 350 354 355 360 361 369 372 373 374 375 376 382 387 388
18 348 352 354 358 361 362 364 366 367 368 369 374 377 378 381 382 387 388
15 352 353 354 357 358 363 364 371 372 376 382 383 384 385 388
26 348 349 350 351 352 353 355 356 358 359 360 361 362 364 366 367 369 370 371 372 373 375 376 386 387 388
26 349 350 352 353 355 356 359 361 363 365 366 367 368 370 372 373 374 376 377 380 381 382 383 386 387 388
19 348 351 352 354 355 356 361 362 364 369 370 371 373 374 377 379 384 386 387
17 349 351 352 353 357 360 363 366 370 371 374 375 376 379 381 383 384
28 349 351 352 353 355 358 360 361 362 363 364 365 366 367 368 369 370 371 374 375 376 379 381 382 383 384 386 388
17 349 352 353 355 357 358 360 361 362 363 364 367 370 374 379 383 387
16 348 349 351 352 353 363 364 366 367 371 375 379 380 381 382 385
24 349 350 353 354 355 356 358 359 361 365 366 369 370 372 373 374 376 378 379 380 381 383 385 387
17 349 350 353 354 357 358 361 362 364 368 369 373 375 381 383 387 388
26 348 349 350 352 353 355 357 358 359 360 362 363 364 365 367 368 372 373 374 376 378 379 380 384 385 388
27 348 349 350 351 354 355 356 358 359 360 361 362 363 365 370 371 372 373 374 375 379 380 381 384 385 386 387
25 348 349 350 351 352 356 358 359 360 361 362 363 364 368 369 371 372 373 374 378 379 383 384 385 388
18 349 350 357 359 360 363 368 369 370 374 375 376 378 380 381 382 385 387
28 348 349 351 352 354 356 357 358 359 360 361 363 364 365 367 369 371 372 373 374 375 377 381 382 383 386 387 388
19 352 353 354 356 357 360 362 364 365 368 369 371 373 374 376 377 379 382 386
24 348 352 355 356 357 358 359 361 362 365 366 368 370 371 372 375 377 378 383 384 385 386 387 388
28 348 349 350 351 355 356 357 358 359 361 362 363 364 365 366 367 368 371 373 376 377 379 380 381 384 386 387 388
18 348 353 357 360 362 365 367 368 369 371 372 373 375 376 377 380 381 387
17 348 354 357 360 362 366 367 368 371 373 376 377 379 380 382 383 388
21 349 350 352 354 355 358 359 360 361 365 367 369 371 372 375 378 379 380 381 382 383
28 349 350 352 355 356 359 361 362 363 366 367 368 369 370 371 372 374 375 376 377 378 379 381 382 384 385 386 387
28 349 350 352 354 355 356 359 360 361 362 363 364 366 367 368 369 370 374 375 376 377 379 380 381 382 383 384 385
26 348 350 351 353 354 355 356 358 359 360 364 366 367 368 370 371 373 375 377 378 379 384 385 386 387 388
17 348 349 354 356 360 361 363 364 368 369 373 375 378 381 384 385 388
19 353 356 357 359 360 361 362 363 364 365 367 368 377 378 381 384 385 386 388
22 348 350 351 356 358 359 360 362 363 366 371 372 373 374 375 376 378 381 382 383 384 386
19 348 350 353 354 355 356 358 359 360 363 365 370 372 373 376 378 380 381 382
26 349 351 352 353 354 355 356 357 360 362 363 364 366 367 369 371 373 374 375 376 377 380 383 384 386 387
12 349 352 353 358 361 363 365 368 370 374 380 384
22 348 351 352 353 354 355 356 357 359 360 361 362 364 367 369 370 376 380 381 383 384 386
16 349 352 354 357 363 365 368 371 376 378 379 380 384 385 386 387
21 349 350 352 354 356 358 359 360 361 362 363 364 367 370 373 374 381 382 383 386 387
23 350 351 352 353 354 355 357 359 360 365 366 367 368 371 378 379 380 382 383 384 385 386 387
14 348 351 353 365 368 369 370 373 377 378 380 382 384 386
25 349 350 354 355 357 360 361 363 366 367 368 369 370 371 372 374 375 378 379 381 383 384 385 386 388
22 348 349 350 353 354 355 356 357 358 360 366 367 369 370 374 378 379 381 382 383 385 388
19 348 353 355 357 359 361 363 364 365 366 368 370 372 376 377 381 382 383 384
16 350 355 356 360 361 368 369 371 372 375 377 382 384 385 386 387
20 349 352 359 362 363 364 365 370 372 373 377 378 379 380 382 383 384 385 386 388
26 349 352 353 355 357 358 359 363 364 365 368 369 370 371 372 373 375 376 379 380 381 382 383 386 387 388
17 349 353 356 357 360 361 362 367 369 371 372 376 377 379 380 385 386
16 350 352 353 358 362 364 368 374 375 376 379 382 384 385 387 388
23 349 351 354 355 357 358 359 361 362 363 366 369 370 374 375 376 377 378 379 381 383 386 388
20 348 350 353 355 357 362 363 364 365 371 373 374 376 377 379 382 383 384 387 388
25 348 349 350 351 352 354 355 356 358 359 360 361 362 363 364 368 369 372 374 375 377 380 386 387 388
17 352 353 354 355 356 357 359 360 363 364 366 367 368 373 374 387 388
17 349 356 358 360 363 364 365 366 368 369 371 372 377 379 381 383 384
24 349 350 353 355 356 357 358 360 364 368 370 371 372 376 378 379 380 381 382 383 384 386 387 388
25 348 349 350 351 352 353 356 357 359 361 362 367 368 369 370 371 372 376 377 378 380 381 384 385 388
24 349 351 354 355 357 359 361 362 363 364 365 366 367 369 370 371 372 373 374 379 380 383 385 388
13 348 349 351 354 357 360 362 364 367 375 380 384 386
26 348 351 352 353 354 355 356 358 359 360 361 364 365 368 369 370 371 372 375 377 378 380 383 384 386 388
21 349 352 353 354 357 358 359 360 362 365 369 370 371 373 375 378 379 380 382 383 388
23 348 349 350 351 352 353 354 356 357 359 360 364 367 368 370 374 375 376 377 379 382 387 388
23 348 350 351 356 357 360 361 362 366 368 369 370 371 372 373 374 376 378 379 380 381 383 388
16 351 355 361 363 364 368 369 371 372 373 374 377 378 380 383 386
18 355 356 358 360 361 362 363 364 367 370 372 373 376 377 380 381 382 384
22 348 350 352 355 358 361 362 366 369 370 371 372 373 374 375 376 378 379 380 384 386 387
25 349 350 351 353 354 355 358 360 362 364 367 368 369 372 374 376 377 380 381 382 384 385 386 387 388
25 349 350 351 352 353 356 357 360 361 362 364 367 369 370 373 374 375 376 378 380 383 384 385 386 387
26 348 349 352 353 356 358 359 360 361 362 364 366 368 371 372 375 377 379 380 381 382 383 384 386 387 388
28 348 349 350 351 352 353 355 358 359 361 362 363 365 366 367 368 369 370 371 373 375 377 378 382 383 384 385 386
26 349 350 352 354 355 357 358 359 360 361 362 363 365 369 370 371 372 375 376 377 378 379 381 383 386 388
13 351 354 355 361 363 366 368 370 372 376 382 386 388
27 348 349 350 352 353 355 356 357 358 359 360 361 364 365 366 367 368 370 372 373 375 379 380 383 385 386 387
28 348 350 351 352 353 356 357 360 361 364 365 367 368 370 371 372 373 374 375 376 378 379 380 381 383 385 386 388
22 349 350 351 354 355 356 360 361 362 363 364 366 368 369 370 371 372 376 379 381 382 383
27 348 352 353 354 355 356 357 361 362 363 364 365 366 367 368 369 370 371 372 373 374 375 376 378 380 384 387
18 348 352 357 359 361 363 366 367 371 372 375 376 377 380 381 382 383 386
19 349 350 354 356 358 361 364 365 366 369 370 371 376 378 381 384 386 387 388
21 348 351 354 355 357 359 361 362 363 365 367 371 377 378 379 381 382 384 385 387 388
28 349 350 351 353 354 355 356 360 362 363 364 365 366 367 368 369 370 374 376 377 378 379 381 382 383 384 387 388
25 348 351 352 353 354 355 356 359 361 363 365 366 367 368 369 373 374 375 376 378 379 380 381 383 385
21 350 354 357 359 361 365 367 369 370 374 375 376 377 379 380 382 384 385 386 387 388
19 349 350 351 352 356 358 360 363 364 365 366 370 374 376 378 381 382 383 384
18 350 353 357 360 363 364 365 368 369 370 376 377 378 379 380 384 386 387
22 354 355 356 357 359 360 367 369 370 371 372 375 376 377 380 381 382 383 385 386 387 388
20 350 353 354 355 363 364 366 368 371 372 375 379 380 381 382 384 385 386 387 388
26 348 349 352 353 354 356 357 359 360 361 362 364 365 366 367 368 369 370 371 374 377 380 381 383 385 388
20 350 351 352 355 356 357 359 360 364 368 369 370 375 376 378 379 381 383 384 388
14 348 350 351 357 362 364 368 371 377 378 379 382 384 385
16 350 354 359 363 367 368 372 373 374 375 376 380 381 384 386 388
24 349 351 352 354 358 359 360 362 364 365 366 368 369 370 372 376 378 380 381 382 383 385 386 388
18 349 351 352 354 357 359 360 364 365 366 368 369 373 374 381 383 384 386
14 348 351 353 355 356 360 362 363 364 371 375 378 379 385
26 348 349 350 351 354 358 359 361 363 365 367 368 369 370 371 373 374 375 376 379 380 381 382 384 386 388
26 350 351 352 354 356 357 358 361 362 364 366 367 368 369 370 371 372 373 374 379 382 383 384 385 387 388
19 352 354 355 356 357 358 364 365 367 368 372 373 378 379 380 382 383 386 388
12 348 349 355 356 359 360 362 363 364 375 376 380
23 348 352 353 354 356 357 358 360 361 363 364 365 367 369 371 372 373 376 380 381 382 384 388
24 350 351 352 353 354 358 361 362 364 365 366 370 371 372 373 375 377 379 380 382 383 385 386 387
19 348 349 350 351 354 358 360 362 367 371 377 380 382 383 384 385 386 387 388
12 348 349 356 360 361 362 365 375 380 382 384 386
14 350 352 354 357 358 363 364 365 367 370 379 383 386 388
28 348 350 351 352 353 354 355 356 357 359 362 366 370 371 372 373 374 375 376 377 378 379 380 381 382 384 386 387
23 348 349 352 353 354 355 356 357 358 360 361 363 365 366 367 369 370 378 380 382 385 386 387
19 350 353 354 356 359 360 365 368 369 370 374 378 379 380 383 384 385 387 388
18 348 349 351 354 355 357 358 361 362 363 367 372 374 376 378 381 384 388
12 348 351 355 356 357 359 364 370 379 381 382 383
17 349 351 354 355 356 358 364 366 367 373 374 375 378 380 381 385 388
26 349 350 352 353 354 355 356 360 361 362 363 364 367 369 371 372 373 375 377 378 380 381 383 384 386 387
27 348 349 350 351 352 354 355 356 357 358 360 361 362 365 366 367 371 372 373 374 376 379 380 382 385 387 388
26 348 350 351 352 354 355 356 360 364 365 366 368 369 370 371 374 376 377 380 381 382 383 385 386 387 388
15 348 349 350 354 357 358 363 369 370 372 376 377 382 383 386
22 348 354 357 358 361 362 364 365 367 368 369 372 375 376 377 378 379 380 381 383 384 388
18 349 351 353 354 356 362 363 364 367 370 372 377 379 381 385 386 387 388
18 350 353 354 357 362 365 367 369 370 374 375 378 379 380 385 386 387 388
13 348 349 354 358 359 362 366 368 369 372 374 382 387
18 349 350 351 353 356 359 363 364 365 366 369 370 371 381 382 385 386 388
15 349 352 353 357 365 367 369 375 377 378 380 381 383 386 387
15 352 354 359 360 361 363 369 371 375 377 379 382 384 386 388
13 355 356 357 358 363 365 368 371 374 375 379 381 385
17 348 349 350 352 357 359 361 363 366 370 371 376 377 379 382 386 387
27 348 351 352 353 354 356 359 360 361 362 364 365 366 369 372 374 375 377 379 380 381 382 383 385 386 387 388
27 348 350 351 353 354 360 361 362 364 365 366 367 368 369 370 372 374 377 378 379 380 381 382 383 385 386 388
28 348 349 351 353 356 357 359 360 361 363 368 369 370 371 372 373 374 375 378 379 380 381 382 383 384 386 387 388
25 348 349 353 354 356 358 360 361 362 364 365 366 370 371 372 374 375 379 381 382 383 384 385 386 387
23 349 350 351 352 357 359 360 362 364 365 366 367 369 372 374 376 377 378 382 383 384 385 386
23 348 349 352 356 357 358 360 362 363 364 367 371 372 374 375 376 378 380 381 382 383 386 388
26 349 350 352 353 355 357 358 359 360 363 364 365 368 369 370 372 376 377 378 379 380 382 383 385 386 388
14 348 349 350 352 353 357 362 363 366 367 370 378 380 385
17 349 351 354 358 359 360 362 365 368 369 370 372 374 377 382 384 387
22 349 351 352 353 356 360 363 364 365 366 367 371 372 375 376 377 378 381 382 384 387 388
20 348 349 350 351 354 355 356 360 366 367 368 369 370 371 377 379 380 381 384 385
19 351 353 354 356 360 361 362 366 369 370 372 375 376 377 379 380 381 385 388
18 348 350 353 361 366 367 370 371 372 373 375 379 380 381 382 385 386 387
19 349 350 351 355 357 361 366 369 370 371 374 377 378 380 381 383 384 385 388
17 352 354 355 357 361 366 367 369 370 372 373 374 377 379 385 386 388
17 350 353 354 355 356 360 364 368 369 370 374 376 378 380 383 385 388
27 348 349 350 353 354 355 357 360 362 364 366 367 368 369 371 374 375 377 378 379 380 381 382 383 385 387 388
25 349 351 352 355 357 358 361 362 364 365 367 369 371 372 373 375 377 378 379 381 382 383 386 387 388
21 349 351 352 354 357 358 359 360 364 365 366 368 370 372 375 377 379 382 383 384 388
17 349 350 355 356 358 362 363 366 372 375 377 380 384 385 386 387 388
12 348 359 364 369 370 371 376 379 380 382 383 385
20 348 350 352 354 355 359 362 364 365 367 368 369 378 380 381 382 385 386 387 388
20 350 351 352 353 355 357 359 362 364 365 366 367 371 372 374 380 382 383 387 388
26 348 352 356 357 358 359 360 361 363 364 365 368 369 373 374 375 376 377 378 379 380 381 382 385 387 388
26 348 350 352 353 354 357 359 361 363 364 366 368 370 371 372 374 375 376 378 380 383 384 385 386 387 388
19 348 350 351 353 359 361 368 369 370 372 373 376 377 379 380 381 384 387 388
25 348 349 350 352 353 354 356 357 359 360 361 362 366 367 369 370 371 372 376 378 381 382 384 385 387
12 349 354 358 360 367 375 376 380 381 382 385 387
17 350 351 352 353 355 356 360 363 366 370 371 375 376 377 380 381 385
22 348 349 353 354 355 360 362 365 367 369 370 371 373 374 376 377 379 381 385 386 387 388
15 349 355 358 363 364 366 367 373 375 376 380 381 386 387 388
28 348 350 351 352 353 354 355 357 358 361 362 363 365 366 369 370 371 372 374 376 378 380 381 383 384 385 386 388
15 349 351 354 358 360 362 363 365 367 371 372 376 380 384 387
21 348 350 352 353 354 358 359 363 364 369 370 372 373 375 376 378 379 381 384 385 386
18 348 350 353 357 358 359 361 362 365 368 376 378 380 382 385 386 387 388
15 349 350 351 356 359 361 362 366 367 370 371 378 379 384 387
13 348 352 360 361 362 364 367 368 373 374 382 385 387
15 349 352 354 356 358 360 363 364 365 369 371 377 378 383 384
20 349 350 351 353 354 356 360 361 365 366 368 369 370 372 376 377 378 381 385 388
12 350 352 353 364 365 369 372 377 378 379 383 384
19 350 352 354 357 360 363 365 368 369 371 377 378 379 381 382 383 385 387 388
14 348 349 355 357 358 360 364 365 369 377 378 379 381 386
21 349 350 352 353 354 362 364 365 366 368 371 372 373 374 375 376 379 381 382 385 387
20 348 349 350 351 352 353 354 357 358 360 363 364 367 369 370 371 376 382 386 388
21 348 349 351 352 354 363 366 367 369 370 371 374 375 376 377 379 380 381 382 384 387
17 349 352 353 354 355 356 361 363 369 370 371 372 374 376 377 381 385
21 349 352 353 358 359 360 362 364 367 369 373 374 377 379 380 382 383 385 386 387 388
23 349 350 352 356 357 359 360 361 362 365 367 369 372 373 374 375 376 377 380 381 382 383 386
20 348 351 352 353 354 356 357 359 361 362 368 369 370 375 376 377 379 383 387 388
28 348 349 350 352 353 355 356 357 360 361 362 363 366 367 368 371 372 373 375 376 377 380 382 383 385 386 387 388
24 348 350 351 355 356 358 359 362 363 364 367 368 370 373 377 378 379 380 381 382 383 384 385 387
26 348 351 352 354 355 356 357 359 364 365 366 367 368 369 372 373 376 378 379 380 381 382 383 385 386 387
23 396 397 406 407 409 411 413 414 415 416 419 421 424 429 432 433 434 437 443 444 447 450 452
19 389 390 395 396 397 399 402 405 407 417 420 423 427 429 435 440 446 448 449
19 395 396 397 405 409 419 420 422 424 426 430 432 435 436 443 447 448 450 451
26 390 392 395 396 400 403 404 414 415 416 417 418 420 421 424 429 430 433 435 436 437 438 440 446 449 452
37 389 391 392 393 397 398 399 402 404 405 408 410 411 412 413 414 415 416 419 420 421 422 423 426 428 430 432 436 438 439 444 445 447 448 450 451 452
44 389 390 391 392 393 395 396 397 398 399 401 402 404 405 407 409 412 415 416 418 422 423 424 425 426 427 432 433 434 435 436 438 440 441 442 443 444 445 446 447 448 449 450 452
32 390 391 396 397 398 401 404 406 408 410 411 412 413 414 416 417 418 419 420 421 423 424 425 427 428 429 430 434 437 438 442 445
15 390 392 395 401 414 417 432 433 435 437 439 440 442 447 451
27 389 392 393 398 399 400 403 406 407 408 411 418 420 421 422 423 425 426 427 429 431 432 439 440 442 449 451
27 390 394 395 396 400 401 403 406 407 409 417 418 424 425 427 429 431 433 434 435 437 440 441 442 443 446 449
21 389 393 395 398 399 400 401 405 410 412 418 422 425 426 427 428 430 436 439 441 442
35 391 392 394 397 398 401 403 404 405 406 407 408 409 410 411 412 414 415 418 420 421 423 425 426 432 433 434 436 437 441 446 448 449 450 451
23 389 391 393 396 398 402 404 407 408 410 412 413 416 418 422 425 427 434 441 443 448 449 450
44 389 390 391 392 395 396 397 400 402 404 405 406 407 409 410 413 414 415 417 419 420 421 422 423 424 428 429 430 432 433 434 436 438 439 440 441 442 444 445 446 448 449 450 452
30 389 391 394 395 400 401 403 405 407 408 413 414 415 416 417 421 424 426 427 429 430 431 433 435 441 442 445 446 449 450
12 392 393 398 402 410 412 418 422 425 438 443 448
14 392 395 401 403 407 413 421 423 424 427 438 444 446 449
20 394 400 403 406 408 410 411 413 414 417 419 420 421 428 429 430 431 437 439 451
20 390 391 392 394 402 403 404 408 417 420 423 431 435 438 440 445 446 448 449 451
25 389 391 393 394 396 399 402 404 406 408 414 415 419 420 422 426 432 433 434 435 436 437 439 442 452
16 398 401 407 414 417 418 421 426 427 430 438 439 441 445 450 452
32 397 398 402 404 405 407 409 410 412 413 414 415 417 418 419 420 424 425 426 430 431 432 435 436 439 441 443 444 446 448 451 452
16 393 404 410 411 419 425 426 428 436 439 442 443 445 447 450 451
15 395 399 400 401 403 409 418 419 421 426 430 436 444 450 451
25 390 397 398 400 405 409 410 411 412 416 417 418 425 428 429 430 431 440 441 443 445 447 448 450 451
20 391 394 396 397 398 402 404 409 413 414 420 423 424 426 430 434 437 439 444 450
22 392 394 398 400 404 408 409 413 414 419 421 425 428 430 431 432 433 435 438 440 446 447
5 395 417 434 436 443
9 391 393 417 425 433 437 439 441 452
22 389 390 392 394 402 406 407 415 416 420 422 423 424 427 428 431 438 439 445 447 448 449
44 389 390 392 393 395 399 400 401 403 405 406 407 408 410 411 412 415 416 417 418 419 421 422 425 427 428 429 431 432 433 435 436 438 440 441 442 443 445 446 447 448 449 451 452
23 392 394 396 397 399 401 404 414 415 419 420 426 428 432 434 439 440 442 444 446 449 450 452
14 391 392 394 409 414 415 416 421 430 433 434 437 441 452
18 392 395 397 405 409 411 412 414 417 418 422 426 427 430 439 445 450 451
35 391 395 396 397 399 400 401 402 405 409 411 412 413 416 418 419 420 422 423 425 426 428 429 430 432 434 435 436 437 439 440 441 442 450 451
24 389 390 392 394 399 401 403 404 411 412 414 415 421 423 427 429 431 434 438 440 442 444 445 446
29 389 390 393 395 396 399 400 402 413 416 417 419 422 424 427 428 429 430 431 435 438 439 440 442 443 444 445 447 452
17 396 402 403 410 411 412 413 415 418 420 421 425 428 429 432 440 449
16 396 399 400 404 409 412 415 423 427 430 432 435 436 446 447 452
14 391 402 407 410 412 415 418 421 433 434 441 447 448 450
9 404 409 412 416 430 438 445 446 450
29 389 391 393 395 401 402 403 407 410 411 413 414 416 417 418 420 421 426 428 431 433 434 437 438 439 442 445 448 451
37 389 391 392 394 395 397 398 399 400 401 404 405 406 407 409 419 422 423 424 426 427 430 433 434 435 436 437 438 439 441 442 443 444 445 447 448 451
19 392 395 400 402 403 405 407 409 422 426 431 432 435 439 443 444 446 447 449
21 389 390 394 399 403 404 406 411 414 417 419 420 422 429 432 437 442 443 446 451 452
22 390 396 397 399 404 406 409 411 419 420 423 428 432 434 436 437 439 440 444 447 451 452
38 389 391 393 394 397 398 399 401 402 405 406 407 408 409 410 411 412 413 419 422 423 425 426 427 428 431 432 434 439 441 442 443 444 445 447 448 450 451
42 389 390 391 393 395 396 397 399 401 402 403 405 406 407 410 411 412 415 416 417 418 420 422 423 424 426 427 429 434 436 437 439 441 442 443 444 445 448 449 450 451 452
15 394 399 400 403 405 409 411 421 423 424 429 430 431 438 445
29 389 390 392 393 394 398 403 404 406 407 408 410 414 415 417 421 424 427 431 433 438 443 444 445 446 447 448 449 452
46 389 390 391 393 394 396 398 399 400 401 402 403 404 406 407 408 410 413 415 416 419 420 421 423 424 425 428 429 431 432 433 434 435 436 437 438 440 441 442 443 444 446 447 448 449 452
41 389 390 391 393 395 398 400 402 403 405 406 407 408 409 410 411 412 413 416 417 418 421 422 423 424 425 427 429 430 431 433 435 436 437 438 441 443 445 447 448 451
14 393 405 408 410 411 412 414 429 434 435 437 440 442 452
19 390 392 394 397 398 405 406 408 419 422 424 425 429 440 441 443 444 449 450
40 391 395 396 398 399 400 403 405 407 408 409 410 411 412 413 414 415 422 423 424 425 427 428 429 430 432 434 436 438 440 442 443 444 445 446 447 448 449 451 452
15 398 400 401 403 406 408 412 413 418 422 424 431 432 438 444
10 390 393 408 414 416 417 431 446 450 452
18 393 394 396 399 403 404 406 409 410 411 413 415 432 436 443 444 448 449
24 389 390 392 393 394 397 401 402 404 406 416 417 418 419 420 421 426 431 433 435 437 439 441 450
11 397 406 415 419 420 426 428 436 444 446 452
12 398 400 402 406 407 408 410 413 416 418 428 449
13 391 396 397 398 404 413 417 425 432 433 441 443 446
14 392 393 395 396 397 405 408 424 426 427 430 436 439 445
23 390 391 394 396 397 401 402 405 410 413 414 415 419 424 428 433 435 437 441 444 447 448 452
30 389 390 391 392 395 397 400 402 405 408 412 416 419 420 422 423 424 425 428 429 431 433 434 435 437 440 442 446 447 451
32 389 390 391 392 393 394 395 396 399 400 401 403 406 408 411 416 421 422 423 427 428 429 433 434 437 438 440 442 445 447 449 450
15 398 400 401 409 413 416 423 425 428 431 435 438 440 444 449
13 389 393 394 399 415 433 436 440 441 448 450 451 452
20 393 394 398 399 401 403 408 411 412 416 418 425 426 427 431 435 437 443 447 451
11 393 394 396 403 409 415 432 436 443 444 449
12 396 406 407 409 416 419 421 432 434 437 447 450
16 389 393 394 399 402 406 408 415 426 432 433 434 435 437 439 452
35 389 390 393 394 398 399 400 401 402 403 406 408 413 415 416 419 420 421 423 425 428 432 434 435 437 438 440 442 443 444 446 447 448 449 452
13 395 400 401 403 417 424 427 431 433 435 440 442 443
30 390 391 393 396 397 398 399 401 405 407 409 412 415 422 423 424 425 426 435 436 438 440 441 442 444 445 446 447 448 449
13 390 392 393 397 416 417 419 421 426 431 435 437 439
29 390 391 393 395 402 403 405 406 407 410 411 412 416 417 418 421 423 424 425 430 431 433 435 436 438 441 447 448 451
38 389 390 392 393 395 399 400 401 403 405 406 407 408 410 411 412 416 417 418 419 425 427 428 431 432 433 435 436 438 442 443 445 446 447 448 449 451 452
17 389 400 401 403 413 414 415 416 421 427 430 431 433 441 442 445 449
13 396 400 404 409 412 415 430 432 435 436 446 447 452
4 395 417 434 436
15 392 394 400 404 409 413 419 421 430 431 432 433 438 440 447
9 393 394 396 404 410 411 432 444 448
24 389 392 393 398 404 405 408 411 412 420 421 423 426 428 430 432 436 438 444 445 447 448 451 452
28 391 392 394 397 401 403 404 405 406 407 408 409 411 414 415 420 421 423 425 426 433 434 436 437 441 446 448 449
32 390 392 393 395 399 400 401 406 407 408 411 412 416 418 421 422 425 427 431 432 435 436 438 440 441 443 445 446 447 448 449 452
16 392 395 396 400 403 404 416 418 420 421 424 429 437 446 449 452
25 390 391 393 395 402 403 406 407 410 411 413 417 422 424 427 430 433 435 436 437 438 441 443 448 451
11 389 393 394 399 436 440 441 448 450 451 452
35 389 390 391 392 395 398 401 402 404 405 407 409 415 416 422 423 425 426 427 432 433 435 436 438 441 442 443 444 445 446 447 448 449 450 452
29 389 391 393 397 398 399 402 408 410 411 412 414 415 416 419 420 421 422 423 428 432 438 444 445 447 448 450 451 452
16 389 399 401 403 404 411 415 421 423 429 431 434 438 444 445 446
21 389 391 392 393 394 395 396 400 401 406 408 411 421 422 423 427 428 429 434 449 450
9 393 405 408 410 429 435 437 442 452
17 390 396 399 400 401 406 408 411 416 422 429 433 434 437 442 447 450
24 389 390 393 394 404 406 407 408 410 414 415 417 421 424 427 431 438 444 445 446 447 448 449 452
17 390 399 404 411 412 414 415 421 423 427 431 434 440 442 444 445 446
7 393 410 434 435 440 442 452
14 390 400 401 409 417 418 425 429 433 440 441 442 443 446
12 398 400 401 409 423 425 428 431 435 440 444 449
11 398 400 409 413 416 423 425 428 435 440 449
11 393 405 408 410 412 414 429 434 437 440 452
11 409 411 419 432 434 437 439 440 444 447 451
28 391 395 396 398 399 400 403 409 410 411 412 414 415 422 423 424 425 432 434 436 440 443 444 446 447 448 449 452
11 410 411 419 425 426 428 436 442 443 450 451
15 390 392 396 400 404 415 416 420 424 430 433 436 440 446 452
25 389 392 393 398 403 404 406 407 408 410 414 415 421 424 427 431 433 438 443 444 445 446 447 448 452
26 394 397 398 401 403 404 405 406 407 409 412 414 415 418 420 423 425 432 434 436 437 446 448 449 450 451
22 389 392 393 398 402 405 408 412 413 420 421 426 428 430 432 438 439 444 447 448 450 451
25 390 391 395 396 400 402 404 405 410 413 414 415 417 419 423 424 429 432 434 439 440 445 446 448 452
18 394 395 396 400 403 406 407 409 417 418 425 431 434 440 442 443 446 449
17 402 404 405 407 409 412 414 418 419 424 425 432 436 439 443 444 451
12 396 400 404 409 412 423 430 432 435 446 447 452
11 392 395 397 405 408 424 426 427 430 436 445
29 391 392 394 397 401 403 404 405 406 407 408 410 411 412 414 415 418 421 423 425 426 432 433 434 436 437 446 449 450
10 393 404 410 411 425 426 428 439 442 450
13 398 401 407 418 421 426 427 430 438 439 441 445 450
13 398 401 409 413 416 423 425 428 431 435 438 444 449
11 393 402 404 408 410 413 418 434 443 448 449
11 394 400 403 406 410 413 419 420 429 437 451
7 391 393 425 433 439 441 452
15 392 395 397 405 409 411 412 414 417 418 427 430 439 450 451
4 395 417 436 443
22 389 392 393 398 399 400 403 406 407 408 411 421 422 423 426 429 432 439 440 442 449 451
33 389 390 391 393 395 398 400 402 403 405 406 411 412 413 416 417 418 422 423 424 425 427 429 430 431 435 436 437 438 441 445 447 448
19 391 395 399 401 404 405 406 407 409 419 422 424 433 434 435 439 442 444 451
14 389 390 397 401 406 416 419 420 426 431 437 439 441 450
8 392 393 410 412 418 425 443 448
15 395 396 397 405 419 420 422 424 426 432 435 436 443 448 450
26 390 391 393 394 395 396 399 400 403 408 411 416 421 422 423 427 429 433 434 437 438 442 445 447 449 450
8 398 400 403 406 413 418 424 444
20 390 391 396 397 398 401 404 408 410 411 413 414 420 423 424 425 427 434 437 442
33 390 391 395 396 397 402 404 405 407 413 415 417 419 420 421 422 423 424 428 429 430 432 434 436 439 440 441 442 444 445 448 450 452
17 391 393 394 399 402 404 406 408 414 419 422 426 434 435 437 439 452
12 394 403 406 408 410 411 419 420 429 431 437 451
7 408 411 412 414 429 435 442
32 395 396 398 399 400 403 405 409 410 411 412 414 415 422 424 425 427 428 429 430 432 436 438 440 442 443 444 445 446 448 451 452
14 389 392 393 394 402 406 417 419 420 426 431 435 437 450
21 391 397 404 406 408 410 412 413 416 418 419 420 424 425 427 429 430 434 437 442 445
7 392 395 397 408 424 430 436
37 389 390 393 395 399 405 406 408 410 411 412 415 416 417 418 419 421 422 425 427 428 429 431 432 433 435 436 438 441 442 443 445 446 447 448 451 452
12 398 401 409 413 416 423 428 431 435 438 440 444
11 393 405 410 412 414 429 434 435 437 440 452
18 392 394 396 397 404 414 415 419 420 426 428 434 439 440 444 446 449 450
11 389 393 394 415 433 440 441 448 450 451 452
25 397 402 405 407 409 412 414 415 417 419 420 424 426 430 431 432 435 436 439 441 443 446 448 451 452
9 395 400 407 409 431 439 444 446 447
16 389 390 403 404 406 407 408 410 415 417 424 427 433 444 447 448
22 391 392 394 397 398 401 406 407 409 411 415 418 420 421 423 425 432 433 436 437 448 449
4 404 409 416 430
4 393 417 441 452
18 390 392 395 400 403 404 414 415 416 418 421 424 429 430 435 436 446 452
15 393 394 396 403 404 409 410 411 413 415 432 436 444 448 449
14 389 393 395 398 399 400 405 412 418 427 428 430 436 439
16 395 396 397 405 419 420 422 424 426 435 436 443 447 448 450 451
20 390 394 395 396 400 401 403 407 417 424 425 427 429 431 434 437 441 442 443 446
7 406 408 412 413 424 431 432
7 393 408 411 429 434 437 452
11 394 398 402 409 413 414 423 424 434 439 450
16 390 394 396 397 401 402 405 410 414 428 433 437 441 444 448 452
8 398 414 418 421 426 441 445 450
19 389 390 392 394 402 406 415 416 420 422 424 427 428 438 439 445 447 448 449
35 389 390 391 395 402 403 405 406 408 409 410 411 412 413 416 417 418 421 422 423 424 427 430 431 433 435 436 437 438 441 443 445 447 448 451
11 402 404 408 417 423 435 438 440 445 446 448
10 407 417 418 421 426 430 438 439 450 452
14 390 403 404 414 415 418 421 430 433 437 438 440 446 452
34 389 390 391 393 396 397 399 402 403 405 406 411 415 416 417 418 420 422 423 424 426 427 429 436 437 439 441 443 444 445 448 449 451 452
8 406 415 419 426 428 436 444 446
17 394 396 398 404 409 413 414 420 423 424 426 430 434 437 439 444 450
18 389 394 396 406 408 414 415 419 422 426 432 433 434 435 436 437 442 452
8 391 404 413 417 433 441 443 446
11 392 395 401 403 413 421 424 427 444 446 449
18 399 404 414 415 419 420 426 428 432 434 439 440 442 444 446 449 450 452
24 389 393 395 396 397 403 405 406 411 415 416 422 423 427 434 436 437 439 441 444 445 448 449 450
8 393 395 397 405 424 430 436 445
11 390 392 395 401 414 437 439 440 442 447 451
26 391 395 396 397 399 400 402 411 412 413 418 419 420 422 423 426 429 430 432 434 436 439 440 441 442 450
15 389 395 400 401 403 413 414 421 426 431 435 441 442 446 450
29 391 395 396 397 399 400 401 402 405 409 411 412 416 418 420 422 423 425 426 428 429 430 432 435 436 437 440 441 450
12 411 414 415 419 424 429 433 434 437 443 444 447
8 392 393 395 396 397 408 424 436
11 392 394 409 415 421 430 433 434 437 441 452
9 403 413 421 423 424 438 444 446 449
2 395 434
10 405 408 411 412 429 434 435 437 440 442
17 393 394 395 396 399 400 403 406 408 411 416 421 422 445 447 449 450
9 391 392 409 415 416 421 433 434 437
19 389 392 397 398 405 408 411 413 415 419 421 423 426 430 432 444 447 451 452
25 390 391 392 395 397 405 408 412 416 419 420 423 424 425 428 431 433 434 435 437 440 442 446 447 451
7 391 393 417 433 439 441 452
12 391 394 409 414 415 416 421 430 433 437 441 452
7 389 393 394 399 415 441 452
22 391 394 398 403 404 405 408 409 410 411 415 420 421 423 425 433 434 436 441 446 449 451
10 391 396 397 398 413 417 425 432 433 443
14 395 396 397 405 409 419 420 422 426 432 435 443 448 450
15 392 395 397 405 411 412 414 417 426 427 430 439 445 450 451
27 391 395 396 398 400 403 408 409 410 412 413 415 422 424 425 427 434 436 438 442 443 445 446 447 448 449 451
19 391 394 396 399 402 404 406 408 414 415 419 420 422 426 434 435 436 437 452
8 400 401 403 418 422 431 432 438
8 391 394 409 416 421 433 437 441
8 399 403 409 411 421 423 430 438
11 390 392 395 401 417 432 433 437 442 447 451
9 398 400 401 403 406 408 422 438 444
20 398 403 405 406 408 409 410 412 414 415 418 420 421 423 426 432 433 441 446 449
12 392 395 400 402 405 422 431 432 439 444 446 449
15 392 395 405 409 412 414 417 418 422 426 430 439 445 450 451
18 389 390 394 399 403 406 414 419 420 422 429 432 437 442 443 446 451 452
17 389 391 393 398 402 404 407 408 413 416 418 425 427 434 441 448 450
23 389 392 393 398 400 403 406 407 408 418 420 421 422 423 425 426 429 431 432 440 442 449 451
10 398 400 406 408 410 413 416 418 428 449
21 391 395 398 402 405 406 407 408 410 412 413 422 424 425 427 431 433 436 438 441 448
17 396 407 411 413 414 415 416 419 424 432 434 437 443 444 447 450 452
16 389 392 394 399 401 403 411 423 427 429 431 434 442 444 445 446
9 392 394 409 414 421 430 434 441 452
35 389 390 391 392 393 396 397 398 401 402 405 409 412 415 416 418 422 423 425 426 433 434 436 438 440 441 443 444 445 446 447 448 449 450 452
11 396 397 406 411 414 419 421 424 434 437 444
18 396 397 406 407 409 411 413 414 419 421 424 429 432 433 434 437 444 450
20 391 393 401 402 403 407 410 414 416 417 420 421 428 431 433 434 437 438 439 445
18 389 390 393 399 413 416 417 419 422 427 430 438 440 442 443 444 445 452
21 394 397 398 401 404 405 406 409 410 411 412 415 423 432 433 434 436 441 448 449 451
10 405 411 412 422 426 430 439 445 450 451
27 389 390 392 393 399 403 405 408 410 412 418 421 422 425 427 429 431 432 433 435 438 441 443 445 446 451 452
30 389 391 393 394 397 398 402 405 406 407 408 409 410 411 412 419 422 423 425 426 427 428 434 439 441 442 443 444 447 450
9 407 414 417 426 438 439 441 445 452
15 389 392 394 401 411 412 415 421 427 434 438 440 444 445 446
11 389 390 396 397 402 417 420 429 435 440 448
23 391 396 397 400 401 405 409 411 416 419 420 422 423 425 428 430 432 437 439 440 441 442 450
17 394 396 397 398 402 404 409 413 414 420 424 426 430 434 437 439 450
34 390 392 393 395 399 400 401 403 405 407 408 411 412 416 417 419 422 427 428 429 432 433 435 438 440 441 442 443 445 446 447 449 451 452
8 398 400 406 413 418 422 431 438
21 389 395 400 401 403 407 408 413 414 415 416 417 421 424 426 429 430 433 435 449 450
23 389 391 393 395 402 403 407 414 416 417 418 420 421 426 428 431 434 437 438 439 442 445 448
25 391 395 396 397 399 400 401 402 409 412 413 418 419 420 422 423 426 428 434 436 437 439 440 441 451
24 397 398 402 404 405 407 409 412 413 414 417 418 419 430 431 432 435 439 441 443 444 446 448 452
25 389 390 391 392 393 399 402 404 415 418 422 427 432 433 434 435 438 441 444 446 447 448 449 450 452
24 389 391 392 393 394 395 399 401 406 408 411 416 421 422 427 428 433 434 437 438 440 442 445 450
21 392 393 398 399 400 403 406 407 411 418 420 423 425 426 429 431 432 439 440 442 451
17 389 390 392 402 406 407 415 416 422 423 424 427 431 438 439 447 448
13 391 394 397 398 404 413 423 424 426 437 439 444 450
14 394 396 399 415 419 420 432 434 439 444 446 449 450 452
18 389 391 393 395 401 402 403 413 414 420 421 426 431 433 434 439 442 448
5 391 417 425 433 439
22 389 390 391 395 402 403 406 408 410 412 413 421 425 427 431 433 436 441 443 445 448 451
25 394 397 398 403 407 408 409 410 411 412 414 415 418 420 421 425 432 433 434 436 441 446 448 450 451
13 391 394 401 405 410 413 414 419 424 435 441 447 448
12 390 397 398 400 409 417 425 430 431 447 450 451
11 398 400 401 416 423 428 431 435 438 440 444
10 400 403 408 413 422 424 431 432 438 444
31 392 395 399 401 403 405 406 407 408 410 412 415 416 417 419 421 422 425 427 428 429 432 435 436 440 442 443 447 449 451 452
17 391 396 397 398 402 404 413 414 420 424 426 430 434 437 439 444 450
9 400 402 406 408 413 416 418 428 449
9 398 400 401 409 413 416 423 431 438
8 390 393 408 414 416 417 431 452
12 389 396 402 404 407 408 410 412 413 418 441 448
10 393 404 410 411 425 426 439 442 447 450
16 392 394 398 408 409 413 414 425 428 430 432 433 435 438 446 447
17 402 405 409 414 415 417 420 424 425 426 430 432 436 443 444 446 451
9 399 403 405 409 421 423 429 430 431
10 399 409 412 415 423 427 432 435 436 446
16 393 394 398 399 401 403 411 412 416 425 426 427 435 437 443 447
36 390 391 393 395 398 400 402 403 406 407 408 409 410 411 412 413 416 418 421 422 423 424 425 427 429 430 431 433 435 436 437 438 441 443 447 451
8 389 393 394 399 433 448 451 452
19 389 390 392 393 403 404 406 407 410 421 424 427 431 445 446 447 448 449 452
22 389 391 392 394 395 397 398 404 409 419 422 423 427 430 434 435 436 438 439 443 448 451
19 391 393 396 398 402 404 408 410 413 416 418 425 427 434 441 443 448 449 450
12 399 400 405 409 411 423 424 429 430 431 438 445
19 390 397 398 400 409 411 416 417 425 428 430 431 440 441 443 447 448 450 451
19 396 397 406 407 411 413 414 415 416 419 421 429 432 433 434 437 443 444 447
31 389 390 392 393 395 398 399 401 405 409 415 416 418 422 423 424 425 426 427 432 433 434 435 441 442 443 444 446 449 450 452
22 389 390 392 394 398 403 406 410 415 417 421 424 431 433 438 443 444 445 447 448 449 452
12 402 410 412 413 415 418 420 421 428 429 432 440
23 395 399 400 403 405 407 409 410 413 422 425 428 430 432 436 438 440 444 446 447 448 451 452
14 389 390 397 401 402 416 417 418 419 420 421 431 435 441
17 391 395 401 410 414 416 417 418 421 426 431 434 437 438 439 442 448
10 398 400 416 423 425 428 431 435 440 444
13 400 402 403 405 407 422 426 432 435 439 443 444 446
9 398 414 417 418 427 430 438 441 450
26 389 391 394 395 400 401 403 405 407 408 413 414 415 416 424 426 427 429 430 431 433 442 445 446 449 450
22 391 393 396 399 400 401 403 406 408 411 416 421 427 428 429 433 434 437 440 442 445 450
37 389 391 393 394 398 399 400 401 402 403 404 406 407 410 413 415 416 419 421 423 425 429 431 433 434 435 436 437 438 440 441 442 446 447 448 449 452
15 389 390 395 396 399 402 405 407 417 423 429 435 440 448 449
12 392 395 401 414 433 435 437 439 440 442 447 451
14 396 402 410 411 413 415 418 420 421 428 429 432 440 449
33 389 393 394 397 398 401 402 406 407 408 409 411 412 413 419 422 423 425 427 428 431 432 434 439 441 442 443 444 445 447 448 450 451
20 390 392 396 400 403 414 415 417 418 420 421 429 430 436 437 438 440 446 449 452
12 391 392 409 414 415 416 421 430 434 437 441 452
22 389 391 393 395 402 407 410 411 413 414 416 417 418 421 426 428 431 433 438 445 448 451
14 393 394 398 399 401 403 408 412 425 426 427 437 447 451
22 393 398 402 405 406 408 410 411 412 422 423 425 426 427 428 431 432 439 441 445 447 451
19 393 398 403 407 408 410 414 417 424 431 433 438 443 444 445 446 447 449 452
5 408 414 417 446 450
20 394 396 397 399 401 404 414 415 419 420 426 428 432 439 440 442 444 446 449 450
13 390 392 397 398 405 406 408 422 425 429 441 444 450
9 398 400 407 408 410 413 416 428 449
7 404 409 412 416 438 445 446
9 395 400 409 418 419 426 430 436 450
11 393 394 398 403 408 411 412 418 435 437 451
10 399 404 409 415 430 435 436 446 447 452
24 389 391 403 405 409 410 411 412 413 416 417 421 422 425 427 429 431 435 436 437 441 445 447 448
36 389 390 391 392 395 397 400 402 404 405 406 407 409 410 414 417 419 420 422 423 424 428 429 430 432 433 436 438 439 440 441 442 445 446 449 452
13 394 398 406 408 419 424 429 440 441 443 444 449 450
14 392 396 397 399 404 414 420 426 434 439 440 442 444 450
29 391 393 394 397 398 399 401 402 405 406 407 408 410 412 413 419 422 425 426 427 432 434 439 441 442 443 445 447 448
27 389 391 393 395 401 402 403 406 407 410 411 415 416 417 418 420 426 434 436 439 441 443 444 445 448 449 451
28 389 391 394 395 398 399 400 401 405 406 407 419 422 423 424 426 430 433 434 435 436 437 439 441 442 444 445 447
11 396 397 398 404 413 417 425 432 433 441 446
7 393 395 397 424 427 430 439
12 392 404 408 409 419 425 428 431 432 433 440 446
15 390 392 395 396 400 417 421 424 429 433 436 437 438 440 452
15 389 391 400 405 408 413 416 417 421 426 427 431 433 435 441
15 392 397 405 409 411 412 414 417 418 426 427 430 439 445 450
15 392 396 397 399 401 414 415 420 428 432 434 444 446 449 452
9 398 401 417 426 430 438 439 441 450
17 390 396 399 406 409 411 420 423 428 432 434 436 437 439 440 444 451
18 389 393 399 400 401 405 410 412 418 422 425 427 428 430 436 439 441 442
31 389 391 393 394 397 398 399 401 405 407 409 410 412 422 423 425 426 427 428 431 432 434 439 441 442 443 444 445 447 450 451
11 394 399 400 403 405 409 411 421 429 430 431
11 392 397 411 412 417 418 422 427 430 439 451
16 394 395 396 400 407 424 425 431 433 434 435 437 440 443 446 449
14 391 393 402 414 417 418 420 426 428 431 437 439 442 451
14 389 391 393 402 408 419 422 426 432 433 437 439 442 452
28 389 392 393 397 398 399 402 405 408 410 411 412 413 414 415 416 419 420 422 423 426 428 430 439 444 445 450 451
24 397 398 404 405 407 409 410 412 413 414 415 417 419 420 424 425 426 435 439 441 443 446 451 452
20 390 392 395 400 403 404 414 415 416 420 421 424 429 430 433 435 438 440 446 452
23 389 390 392 393 394 398 403 406 407 408 410 415 417 421 424 427 433 438 443 445 446 447 448
14 391 393 396 404 410 416 418 422 425 427 434 441 448 450
40 390 391 393 396 398 399 400 401 402 403 404 407 408 410 413 415 416 420 421 423 424 425 428 429 431 432 433 434 436 437 438 440 441 442 443 444 446 447 448 449
2 436 443
16 392 395 397 409 411 412 414 417 422 426 427 430 439 445 450 451
15 389 392 393 398 404 406 407 408 410 415 421 438 443 445 447
17 396 397 406 407 409 411 416 421 424 429 432 433 434 443 447 450 452
13 389 393 400 412 418 422 426 427 428 430 436 439 441
33 391 395 396 398 400 403 405 407 408 409 410 411 412 413 422 423 424 425 427 428 430 432 434 436 440 442 443 445 446 447 448 449 451
9 392 395 396 405 408 426 427 430 436
35 390 391 392 393 400 403 404 405 407 408 409 410 412 413 414 415 416 417 422 423 424 425 426 433 434 436 439 440 441 442 443 446 447 449 450
19 390 394 395 400 401 402 406 408 409 412 413 415 418 419 432 440 445 446 448
29 389 390 391 392 394 396 400 402 405 409 413 414 415 416 418 419 421 422 425 427 430 431 435 437 438 445 448 450 451
32 390 395 398 399 400 401 403 404 405 408 409 411 418 419 421 423 424 425 428 429 430 431 432 433 435 436 438 441 442 445 447 450
23 389 391 392 393 397 399 401 404 414 416 418 421 429 430 431 434 435 436 440 444 446 447 451
19 391 393 397 401 404 405 407 420 422 423 425 429 433 435 436 442 446 449 450
19 397 398 402 405 410 411 414 415 416 417 418 422 425 427 432 439 441 443 452
33 389 390 395 396 398 400 401 402 404 405 409 410 412 413 414 415 416 420 423 424 426 428 429 432 433 434 435 436 444 445 448 450 452
33 389 391 393 394 395 401 406 408 409 410 411 413 414 418 419 426 427 429 432 433 434 438 439 441 442 443 444 446 447 448 449 451 452
25 389 393 398 399 400 406 408 410 413 414 419 421 424 426 428 429 434 439 440 442 443 444 446 450 451
20 389 393 394 396 400 401 404 406 409 410 411 419 425 428 429 432 433 445 446 448
42 389 390 392 393 394 396 397 398 402 403 404 405 406 410 411 412 413 415 417 418 419 421 422 424 426 427 429 431 432 433 434 436 437 438 440 442 443 445 446 449 450 452
27 389 394 396 397 398 402 403 405 406 407 409 410 413 415 416 417 422 428 433 435 436 437 442 449 450 451 452
21 390 391 392 395 397 399 405 414 416 420 421 422 425 432 436 438 442 445 448 450 452
35 390 391 393 399 400 402 403 404 405 406 407 408 410 412 414 415 418 419 420 421 423 424 425 430 433 434 435 436 437 439 440 441 442 445 449
44 389 391 392 393 394 396 398 401 402 404 405 406 407 409 412 413 415 416 417 418 420 423 424 426 427 428 429 430 431 432 433 434 436 438 440 441 445 446 447 448 449 450 451 452
30 389 390 392 393 394 396 399 407 410 411 414 415 417 418 419 420 422 431 432 433 435 437 438 439 441 445 446 447 451 452
37 391 392 395 396 397 401 404 407 409 410 412 415 417 418 419 421 422 423 424 426 427 429 430 431 432 433 437 438 441 442 443 444 445 446 447 449 450
30 395 396 398 399 401 402 403 404 411 412 413 414 416 417 419 423 425 426 427 433 434 435 440 441 442 443 445 448 451 452
37 389 390 392 394 398 399 400 401 402 403 404 406 407 408 409 410 411 412 415 416 420 421 422 431 433 434 435 436 440 443 444 445 447 448 450 451 452
25 389 391 397 399 402 403 404 407 412 413 419 422 424 427 429 431 432 434 435 439 442 445 446 447 449
34 389 391 393 395 396 397 398 399 400 402 404 405 406 409 411 417 419 420 421 423 424 427 428 430 432 433 435 436 437 439 447 448 449 452
32 392 393 394 395 396 397 398 400 401 405 406 409 415 417 420 421 422 423 424 426 427 428 432 435 439 441 443 444 445 449 450 452
36 390 392 393 394 397 401 402 404 405 407 408 410 411 412 416 417 419 420 421 422 424 426 427 429 430 433 435 438 439 440 441 442 443 447 451 452
19 393 401 405 406 407 411 414 416 421 424 430 431 433 442 445 446 447 449 451
31 394 395 397 401 402 404 405 406 407 408 412 413 414 415 416 420 421 423 427 428 429 430 431 432 433 435 438 443 447 448 452
39 389 391 392 393 394 397 401 402 403 404 405 406 407 408 412 415 417 419 420 421 422 423 424 430 434 435 438 439 440 441 442 444 445 446 447 448 449 450 452
36 389 390 392 393 394 395 396 397 398 399 400 401 402 403 404 405 407 411 412 413 418 421 425 426 427 429 431 435 437 439 440 447 448 450 451 452
22 395 398 400 402 409 414 416 419 420 421 422 429 430 434 440 441 445 447 448 449 450 452
33 389 393 394 395 397 406 407 408 409 410 412 413 417 419 420 422 423 425 427 431 432 433 434 435 437 438 439 442 443 446 447 449 451
21 392 398 400 405 408 414 415 416 418 421 424 425 430 432 434 435 439 440 443 451 452
42 390 391 392 393 394 395 397 399 401 402 404 406 407 408 410 411 412 415 416 418 420 422 423 425 426 427 428 429 430 431 432 433 434 438 439 440 442 445 447 448 451 452
23 391 396 398 401 403 406 407 409 410 414 416 423 428 429 430 432 434 437 440 445 446 447 452
29 389 393 395 396 399 401 403 404 405 407 408 409 413 415 416 423 428 430 431 434 435 437 438 440 442 444 449 450 452
28 389 390 392 399 402 404 406 410 411 412 414 415 416 422 423 426 427 429 432 434 435 436 437 443 445 446 451 452
31 391 394 395 397 400 402 403 404 405 406 411 412 413 415 417 419 420 421 424 425 426 427 429 435 441 442 444 445 446 451 452
19 397 398 401 406 407 408 409 416 424 426 427 429 432 434 435 437 440 445 450
28 389 390 393 397 398 399 400 409 410 414 416 417 418 420 422 423 425 426 429 431 432 433 435 436 438 442 443 448
38 389 391 394 395 396 398 402 403 404 406 407 408 409 415 416 417 419 421 422 424 425 427 428 429 431 433 438 439 440 441 443 444 445 446 448 449 450 452
21 390 392 394 397 399 400 405 409 413 416 418 426 429 436 439 441 443 445 448 449 451
24 389 391 393 394 398 400 404 410 411 412 413 415 417 420 425 429 432 435 437 439 442 443 445 452
28 389 390 395 396 399 400 401 404 407 411 413 418 421 422 425 427 428 430 432 436 437 439 440 441 442 444 449 450
37 389 391 394 395 396 398 402 404 405 406 410 411 413 416 418 419 420 421 422 424 426 427 428 429 431 435 436 438 441 442 443 444 445 447 448 449 452
21 399 401 404 406 407 410 414 419 420 425 428 430 432 433 434 437 443 444 445 449 451
32 389 392 393 394 395 398 399 401 403 406 407 408 409 410 412 414 416 421 422 423 427 429 431 432 433 440 444 445 446 448 449 452
34 389 391 395 400 402 403 405 406 407 408 411 412 416 417 418 422 423 424 425 426 427 428 429 430 432 433 435 438 439 440 441 444 445 451
27 393 394 398 399 400 402 412 413 414 421 425 426 427 430 431 432 434 436 438 439 441 442 445 446 447 449 451
34 392 394 395 396 398 400 401 402 403 405 406 408 410 411 413 414 420 421 423 425 428 430 431 432 433 435 437 441 442 444 445 447 450 452
38 389 390 395 396 397 401 402 404 407 408 410 412 413 414 416 417 418 420 421 422 423 424 425 426 428 429 430 433 434 435 438 441 443 445 447 449 450 451
27 390 391 393 395 401 402 409 413 415 416 417 419 422 428 429 430 431 436 439 442 443 444 446 447 448 450 451
32 389 390 392 393 394 395 396 397 398 401 405 407 408 409 414 415 419 424 425 428 429 432 434 435 437 438 439 444 445 448 449 452
29 389 390 394 395 398 400 403 404 407 412 413 414 416 417 419 420 421 422 425 427 429 432 433 434 439 442 443 447 451
23 390 391 394 396 397 398 400 401 402 403 414 418 421 424 426 430 431 434 437 446 447 448 451
30 389 391 393 397 398 399 400 402 403 405 406 407 409 410 411 415 423 424 425 432 434 438 439 444 446 447 449 450 451 452
39 390 392 393 397 399 400 401 403 406 407 410 411 412 413 414 415 416 418 419 424 426 428 429 430 431 432 433 434 435 436 439 440 441 443 444 445 447 448 451
19 390 391 397 401 402 403 404 406 407 409 412 421 429 430 434 437 438 441 445
32 392 393 394 396 397 398 404 405 407 408 410 411 412 413 414 415 416 419 421 423 426 428 430 432 435 442 443 446 447 449 450 452
30 389 391 392 397 398 403 404 408 409 410 413 415 417 418 421 423 424 427 432 434 436 439 440 444 445 446 449 450 451 452
29 389 391 392 398 402 403 404 406 407 409 411 413 415 418 419 420 421 422 424 425 426 428 430 438 442 443 448 449 450
23 391 396 398 399 402 403 404 410 412 413 417 418 421 422 423 426 434 439 443 444 447 449 450
30 389 391 392 393 394 397 401 402 404 407 409 412 413 414 416 417 423 426 429 431 432 433 434 439 442 444 447 448 451 452
31 391 392 393 395 396 398 400 402 403 405 406 409 410 413 414 420 424 425 426 428 429 431 433 434 435 437 438 440 441 442 445
34 389 392 393 394 395 397 403 406 407 408 409 411 412 413 417 418 420 421 422 423 425 426 427 429 430 432 433 435 440 442 447 449 450 451
24 389 392 394 395 396 398 400 402 404 406 407 408 410 414 419 423 426 427 432 436 437 440 448 449
19 389 393 395 397 400 401 403 404 407 409 410 414 420 424 426 428 433 435 450
41 389 390 392 393 395 397 398 399 402 403 405 407 408 412 413 414 415 417 419 420 421 422 423 424 425 426 427 428 429 430 431 433 436 438 439 440 441 446 448 449 452
21 390 393 400 403 404 405 408 412 415 416 419 422 428 431 436 437 438 440 441 442 444
25 390 391 392 394 397 398 404 405 407 410 411 415 421 424 425 432 433 434 436 438 439 443 447 449 450
23 390 392 401 410 414 416 418 420 422 428 430 432 435 436 440 441 444 445 446 447 449 450 452
23 390 392 393 394 398 400 401 408 414 415 418 421 422 426 430 432 435 436 441 442 443 446 448
25 389 390 392 393 394 395 396 397 400 401 403 405 420 422 424 426 427 428 431 435 438 440 443 450 452
42 391 392 393 395 396 397 398 399 400 402 403 404 406 408 409 410 412 414 418 419 420 421 422 424 425 428 429 430 432 433 434 435 436 437 439 440 442 444 447 448 449 451
31 389 391 392 395 396 398 399 400 401 402 403 404 405 407 408 411 412 415 419 421 426 431 433 438 440 442 444 446 448 449 451
20 389 390 391 396 401 402 405 410 415 420 422 423 428 429 433 437 440 446 449 451
19 391 392 393 403 407 415 416 417 421 423 426 431 432 437 440 442 445 446 450
41 389 390 391 393 395 397 399 401 402 403 405 406 407 408 409 410 411 413 414 417 420 421 422 424 426 427 428 429 430 431 433 435 436 437 438 439 440 443 444 448 451
31 390 392 394 395 396 397 398 399 402 404 405 407 409 410 411 413 415 416 417 421 422 429 433 434 438 441 444 446 447 450 451
38 389 390 392 395 396 397 399 401 402 403 405 406 410 414 415 417 419 421 423 424 425 426 429 431 432 433 434 435 436 437 439 442 443 444 445 449 450 451
20 394 397 400 401 408 410 412 416 417 420 425 429 430 436 437 442 443 445 447 452
35 390 391 392 393 394 395 397 398 399 401 405 406 408 411 412 414 415 416 419 420 423 424 425 427 428 430 433 439 440 441 442 444 445 446 447
22 390 391 398 401 404 405 406 412 413 415 423 428 433 435 436 438 444 445 447 448 449 452
42 390 391 392 393 394 395 397 398 400 401 405 406 407 410 411 412 413 415 416 418 421 422 423 425 426 428 431 432 433 434 435 436 437 440 441 443 444 446 447 448 449 452
33 395 396 398 399 400 402 405 407 411 412 414 415 416 419 421 423 424 425 426 429 431 433 437 439 440 441 442 443 446 449 450 451 452
27 392 393 394 396 398 399 400 401 403 406 407 408 412 419 420 421 423 425 430 433 434 439 441 442 443 446 447
41 389 390 391 393 399 400 401 403 404 405 406 407 411 412 413 415 416 417 418 422 423 424 425 426 427 429 431 432 434 435 436 437 439 440 441 443 445 448 450 451 452
27 390 391 392 396 398 399 403 404 407 412 415 416 417 421 423 424 425 426 430 431 432 433 437 439 444 446 449
22 389 390 392 402 403 405 413 415 416 420 422 423 431 432 433 435 437 439 442 445 449 451
34 389 390 391 394 395 397 399 403 404 406 407 408 409 410 411 414 415 416 418 419 420 421 422 428 432 435 437 438 441 444 445 448 451 452
33 389 392 394 403 405 406 407 410 414 416 417 418 419 420 421 422 424 426 428 431 432 433 434 435 436 437 440 441 444 446 448 449 450
41 390 392 394 396 397 399 400 401 402 403 405 407 408 410 411 413 414 415 416 418 420 421 424 425 428 429 431 432 433 436 437 438 439 442 443 445 446 447 449 451 452
22 390 392 397 400 404 409 411 412 415 419 427 429 430 436 437 439 443 444 446 447 449 451
39 391 392 394 395 396 398 400 401 402 404 405 407 408 411 413 414 417 420 421 423 424 425 426 427 428 429 430 431 433 435 436 437 439 442 443 445 447 451 452
38 389 391 392 393 394 395 396 397 398 399 401 404 409 410 413 414 415 417 418 419 422 425 426 427 429 430 431 432 433 434 436 437 443 444 446 447 450 451
25 389 390 392 397 398 399 402 403 404 406 410 418 422 425 426 433 436 440 444 445 447 448 450 451 452
33 391 392 393 394 396 398 401 403 407 410 411 412 413 414 416 417 419 420 421 422 424 425 426 433 436 437 438 439 440 442 444 448 450
34 390 392 393 396 397 398 403 404 405 408 410 411 412 415 416 417 418 419 420 421 425 426 428 429 430 431 432 434 436 438 441 444 446 447
38 390 392 393 397 398 399 401 402 403 404 406 409 410 411 413 414 415 417 418 419 420 423 427 429 430 432 434 435 436 437 439 441 444 445 446 448 449 450
30 389 391 393 395 396 397 399 400 403 404 405 413 418 423 426 429 430 431 432 433 437 439 441 443 445 446 448 449 450 451
38 389 393 394 395 397 398 399 400 401 403 405 407 408 409 411 413 415 416 418 419 420 421 423 426 430 431 432 434 436 438 439 440 442 444 449 450 451 452
26 394 395 396 397 400 402 405 406 408 410 412 415 417 421 422 427 428 431 432 435 436 438 441 442 443 447
33 389 390 393 395 396 397 399 400 401 403 407 409 411 412 413 414 415 416 423 425 426 428 430 431 435 436 438 439 440 447 449 450 452
34 389 391 394 397 399 401 403 405 406 407 408 410 412 413 414 415 420 421 422 424 425 431 433 434 435 437 438 439 442 444 446 448 449 450
28 389 390 396 397 398 402 404 407 409 411 413 415 421 422 424 425 426 428 429 431 432 435 438 441 445 448 449 450
35 389 391 393 394 395 397 400 401 402 405 406 407 408 412 413 414 415 417 419 420 421 422 424 428 432 436 437 438 439 440 442 444 446 448 449
29 389 391 394 395 397 402 405 408 413 419 422 424 426 428 430 431 434 435 436 437 438 440 441 442 444 446 448 450 452
29 389 390 391 395 400 402 406 408 410 413 414 415 416 417 422 424 429 431 432 434 436 437 438 440 441 444 446 448 450
35 389 390 391 394 398 400 402 405 406 408 409 410 411 413 414 416 417 418 419 421 424 426 427 428 429 433 434 439 443 444 446 448 449 451 452
30 389 390 391 392 393 395 400 401 402 403 406 407 408 409 412 415 416 420 422 423 425 429 432 435 439 445 449 450 451 452
29 394 396 397 399 403 407 409 411 413 415 417 418 419 422 424 426 430 431 432 434 435 437 438 439 441 442 446 448 450
41 390 393 394 395 396 397 400 401 403 405 406 407 408 409 411 412 413 415 416 417 418 420 422 425 426 427 428 429 430 432 434 435 436 439 441 442 444 445 448 449 450
31 390 391 392 394 398 399 400 402 408 409 411 412 413 414 415 416 418 419 421 422 425 426 428 432 438 440 441 442 447 448 450
21 389 392 393 394 400 401 403 407 412 415 418 422 424 431 432 436 437 439 441 443 446
34 390 392 394 396 398 401 406 408 409 410 411 412 417 418 419 420 421 422 425 426 427 428 433 435 436 437 440 444 445 447 449 450 451 452
35 392 393 394 395 396 397 398 399 400 401 402 403 405 406 410 412 413 416 421 422 423 425 427 430 431 433 435 436 438 439 445 447 449 450 452
30 391 398 399 400 401 403 404 407 413 414 415 416 417 420 421 422 423 426 427 429 430 432 434 437 441 442 443 444 448 450
28 389 391 394 395 407 408 414 416 417 418 419 420 422 426 427 429 430 431 432 434 435 437 442 444 446 448 449 452
23 389 394 395 399 400 402 404 405 407 412 416 420 422 423 425 428 429 431 435 436 438 443 451
39 389 391 392 393 396 397 399 400 401 403 404 406 407 409 410 411 413 416 417 418 420 423 424 425 428 429 430 435 436 439 440 441 442 443 445 446 448 451 452
29 389 390 392 395 397 398 399 403 404 406 407 408 409 411 413 414 416 419 421 422 424 425 429 435 436 444 447 449 452
31 396 398 399 400 401 402 404 407 408 410 412 413 415 417 420 423 426 428 429 433 434 439 440 441 442 443 445 448 450 451 452
34 389 390 392 395 396 398 400 401 402 405 410 411 413 414 415 417 418 420 421 422 423 424 425 426 427 428 430 432 433 435 436 439 442 443
25 392 395 396 399 402 404 405 407 417 422 426 428 429 430 431 432 433 435 439 441 444 445 447 450 451
32 392 393 394 395 398 400 401 403 404 405 407 408 409 411 412 414 417 418 425 427 429 430 431 433 435 437 438 439 446 447 451 452
25 389 390 391 396 400 402 403 405 406 407 413 416 419 422 423 427 428 429 430 432 433 444 448 449 452
37 390 392 393 397 399 404 407 408 412 413 414 415 416 417 418 419 420 421 422 425 428 431 432 433 434 435 436 437 438 439 444 445 446 447 448 449 450
31 391 392 393 397 400 402 404 405 406 409 414 415 416 418 419 420 422 424 425 427 428 429 430 432 437 438 439 441 447 450 451
30 390 391 392 394 395 396 399 400 406 408 410 412 415 416 417 419 426 428 429 430 431 434 435 436 437 440 441 446 447 448
34 389 391 393 395 396 397 398 399 400 402 403 405 407 410 412 414 416 417 420 425 427 429 430 431 434 436 439 441 442 446 447 448 451 452
43 389 390 391 392 393 394 396 397 398 399 400 401 402 404 406 408 409 411 412 413 414 417 419 421 423 425 426 428 429 430 433 434 436 438 439 440 444 445 446 448 449 451 452
21 391 392 398 399 400 403 404 405 406 411 419 420 421 423 427 429 436 439 441 445 450
31 390 391 397 398 399 402 403 406 407 409 411 412 415 420 426 428 429 430 431 432 433 434 435 436 438 440 442 446 449 450 452
37 390 391 392 394 395 396 397 399 400 402 403 405 406 408 410 411 414 420 421 422 423 424 425 427 431 435 436 438 439 440 442 444 446 448 449 450 452
33 394 397 398 399 401 402 405 407 408 410 413 416 417 418 424 427 431 432 433 435 436 437 438 439 440 441 442 443 444 448 449 450 452
34 390 392 395 396 397 398 399 401 406 410 411 412 414 416 417 419 420 421 423 424 426 428 431 433 434 435 438 439 440 443 447 449 451 452
27 389 397 398 402 403 405 407 410 414 415 416 418 421 423 424 426 427 430 433 435 436 441 442 443 444 445 450
25 389 390 391 393 398 399 402 403 404 406 412 415 419 420 421 422 435 436 439 441 442 446 447 450 451
38 389 391 392 393 395 396 399 401 402 403 404 406 407 408 409 410 412 416 417 418 419 420 422 423 426 431 432 433 434 435 436 437 441 442 443 448 450 452
22 390 395 397 404 406 407 408 409 412 416 418 419 423 424 426 429 430 434 439 441 446 448
22 389 393 394 395 397 404 405 408 410 412 416 419 422 423 424 435 437 441 446 447 450 452
28 392 393 396 397 400 401 402 405 406 409 410 411 416 417 418 421 424 426 427 430 434 437 439 441 445 447 451 452
38 389 390 391 394 396 397 400 401 402 404 405 406 407 408 411 412 414 417 419 422 423 424 425 426 427 431 433 434 435 437 438 441 442 443 445 447 450 451
38 389 390 392 393 395 396 397 399 400 403 404 405 406 407 409 410 412 413 414 416 417 418 421 424 425 427 429 431 433 435 437 440 444 448 449 450 451 452
25 390 391 394 395 400 405 407 410 413 414 421 425 429 430 431 432 434 438 441 443 444 446 447 449 451
42 390 391 392 393 394 395 397 400 401 402 403 406 408 410 411 412 413 414 415 418 419 421 422 425 426 427 429 430 431 432 433 434 435 436 439 441 442 444 445 448 450 452
29 392 393 394 398 399 400 401 403 405 408 410 414 416 418 420 425 427 433 435 436 437 438 439 441 443 445 446 447 448
31 389 394 395 397 399 401 403 404 406 407 409 410 411 413 414 415 418 424 425 426 428 431 432 433 437 443 445 447 450 451 452
33 389 390 391 394 397 398 399 400 401 404 405 408 411 414 417 420 423 425 427 429 432 433 434 436 438 441 442 444 445 449 450 451 452
35 389 391 395 397 398 400 403 406 408 410 412 414 415 416 417 419 420 421 422 424 426 428 431 432 433 435 436 437 438 439 443 447 448 449 452
27 390 392 394 395 398 402 403 405 408 411 413 414 415 416 419 422 424 427 429 436 437 440 442 444 446 447 448
31 389 391 395 396 399 400 401 402 406 407 410 411 414 418 419 420 424 425 428 431 434 435 436 438 439 440 441 442 443 445 450
39 389 390 391 393 395 396 397 398 400 401 402 403 404 408 410 412 415 417 418 419 420 421 425 427 428 429 431 432 435 436 437 438 439 441 444 445 448 449 452
22 391 392 393 394 399 402 403 406 407 409 411 414 415 421 422 426 433 434 446 448 451 452
43 389 391 392 393 394 396 397 401 402 403 404 405 406 408 409 410 412 413 414 417 418 419 420 422 423 425 426 427 428 429 431 432 434 436 437 440 441 442 444 445 446 447 452
35 390 392 393 394 395 399 400 401 402 403 405 406 407 409 410 411 412 415 417 421 426 428 429 430 431 432 434 435 438 440 441 443 446 450 451
29 389 390 392 393 395 400 401 404 405 409 410 411 413 417 418 422 426 427 433 437 440 441 442 443 444 446 449 451 452
26 389 390 391 393 395 399 401 403 405 406 409 412 415 418 420 421 425 426 429 431 432 441 442 444 449 450
37 389 390 393 395 396 398 399 401 402 404 406 407 408 411 412 413 417 418 423 424 425 427 434 435 436 437 438 440 442 444 446 447 448 449 450 451 452
25 390 395 396 400 402 405 409 414 416 417 418 421 422 425 426 428 432 437 440 442 443 444 445 447 452
35 391 394 395 396 397 398 402 403 404 405 408 412 413 414 416 417 419 420 422 423 425 426 427 436 437 439 440 442 443 447 448 449 450 451 452
39 390 391 392 393 395 396 398 399 400 401 405 408 409 410 412 413 415 416 421 422 424 425 426 428 429 431 433 434 435 436 438 439 441 445 446 448 449 451 452
43 389 390 391 392 393 394 396 399 400 404 406 407 408 410 412 413 414 415 417 418 419 422 423 425 426 427 428 430 431 434 435 436 437 438 439 440 441 442 446 447 449 450 452
28 389 390 391 393 395 396 405 408 411 418 420 424 426 427 428 432 433 435 438 439 440 442 443 444 445 448 449 451
25 389 393 394 395 404 408 409 410 414 416 417 419 420 423 424 429 432 433 435 436 440 441 443 444 450
44 391 392 393 394 396 397 398 400 402 403 405 406 408 410 411 413 415 416 417 418 421 422 423 424 425 426 428 429 430 435 436 437 438 439 440 442 443 445 446 447 448 449 450 451
36 390 392 395 398 400 404 405 407 409 411 412 413 414 415 417 418 422 423 425 426 427 428 430 431 434 435 436 437 438 440 441 444 447 449 450 452
25 389 393 394 395 399 400 401 403 404 408 412 413 415 416 418 423 427 432 437 439 442 443 444 449 451
34 389 391 392 394 395 396 402 403 407 408 409 410 412 414 415 416 417 418 419 420 423 425 426 427 428 429 436 438 443 444 446 450 451 452
43 390 392 393 394 395 396 397 398 399 400 401 403 404 405 410 411 412 413 414 416 418 419 421 423 424 426 427 428 429 431 432 433 434 435 436 439 442 443 444 447 448 451 452
22 389 390 392 393 395 396 399 400 404 405 406 407 408 409 412 413 416 422 427 438 449 452
36 389 390 392 395 397 399 402 404 407 408 409 410 411 412 414 416 417 418 421 423 424 425 427 428 429 430 432 433 434 436 438 444 446 448 449 450
33 390 391 395 396 398 399 401 403 405 410 411 413 414 416 419 421 424 425 426 427 428 429 430 432 434 438 441 443 444 445 446 447 451
30 390 393 394 397 399 401 405 407 408 410 413 416 417 418 421 424 425 428 430 432 433 434 437 439 440 441 448 449 450 451
29 390 393 394 401 403 404 406 407 408 409 410 413 414 415 418 419 420 421 426 429 432 433 434 435 440 443 444 447 450
40 391 393 394 395 396 397 398 400 404 405 406 407 409 410 411 414 415 417 419 420 421 422 423 424 426 428 430 431 433 435 436 440 443 444 445 446 447 449 450 452
24 389 391 392 394 399 400 401 403 407 410 413 414 417 419 421 422 423 425 427 430 438 441 443 447
39 390 392 394 399 400 405 406 407 408 410 412 414 415 416 417 420 421 422 423 424 427 429 430 431 432 433 434 437 438 440 441 442 443 444 447 448 449 450 452
44 390 391 392 393 395 398 399 401 402 403 404 407 410 411 412 413 416 417 418 419 420 422 423 424 425 426 427 428 431 432 434 435 436 437 439 440 441 442 443 445 446 448 449 452
34 390 392 396 397 398 399 400 405 406 409 411 413 414 415 417 418 422 423 424 429 432 433 434 436 437 438 439 441 442 443 444 447 449 451
30 390 391 393 397 403 404 405 408 413 415 416 417 418 420 421 422 423 424 428 429 430 432 433 436 440 442 443 445 446 449
21 399 406 407 408 410 413 414 415 419 427 429 430 432 433 435 436 437 439 442 447 448
38 389 390 392 395 396 397 398 399 400 403 404 405 406 409 410 413 418 419 420 422 424 426 427 428 429 430 432 433 434 437 438 439 443 447 448 449 450 451
43 389 391 392 393 394 397 398 400 401 402 403 404 406 408 409 410 411 412 413 415 416 419 422 424 425 426 427 428 429 430 431 432 434 435 436 438 439 442 445 448 449 450 451
43 389 390 391 392 393 394 395 396 398 399 400 401 402 404 405 406 408 410 413 415 416 418 420 421 422 423 424 426 431 435 436 437 439 441 443 444 445 446 447 448 449 450 452
21 389 392 395 401 405 410 411 413 416 418 426 427 429 435 437 438 445 446 448 449 450
40 389 390 392 393 395 397 398 399 400 401 408 409 410 412 414 415 416 417 418 419 420 421 425 426 428 430 431 432 433 435 437 441 443 444 445 446 447 449 450 451
27 391 392 393 395 397 399 402 405 406 410 413 414 415 424 428 429 431 434 437 439 440 442 446 448 449 450 451
37 389 391 392 394 398 399 402 403 406 407 411 412 413 417 418 419 420 423 424 426 428 430 431 433 434 435 436 437 438 439 441 442 443 444 445 450 451
23 390 391 392 394 396 398 401 406 408 411 412 413 421 422 428 435 438 441 442 445 446 451 452
23 391 393 395 397 398 412 417 418 420 421 423 429 432 434 435 438 439 440 443 444 445 449 450
34 389 392 393 400 402 403 405 407 409 411 415 419 421 422 423 424 425 428 430 432 434 435 436 438 441 442 443 446 447 448 449 450 451 452
32 389 392 393 394 395 396 399 400 406 407 409 410 415 416 417 418 419 421 423 424 427 429 432 433 434 435 437 439 443 446 451 452
25 390 392 393 394 395 399 411 413 418 420 421 422 423 426 428 432 433 435 438 439 442 443 444 448 452
33 389 391 392 394 397 400 402 404 405 408 412 415 416 418 421 422 423 426 427 428 429 432 433 436 440 442 444 446 447 449 450 451 452
33 389 390 391 393 396 397 398 402 403 405 409 410 411 412 414 416 417 419 422 425 428 429 432 433 434 436 439 440 444 445 446 448 449
26 389 390 391 392 395 396 397 398 406 408 410 411 414 418 421 425 426 428 430 433 439 440 442 443 449 452
40 389 391 394 395 396 398 399 400 401 402 403 404 406 410 411 413 415 419 421 422 423 426 427 430 431 432 433 434 435 436 438 439 440 442 444 446 449 450 451 452
30 390 394 395 401 404 405 407 409 410 411 412 413 417 418 420 421 422 427 431 432 436 437 438 440 442 443 447 449 450 452
22 389 390 392 396 399 403 404 405 406 420 425 429 431 436 438 439 441 442 445 446 447 450
21 390 393 395 396 397 398 400 407 411 413 414 415 417 419 421 428 431 433 439 448 449
40 390 391 393 394 395 398 400 402 403 404 407 408 409 412 413 414 415 416 417 421 422 425 426 427 428 429 430 433 435 436 438 439 440 444 445 446 449 450 451 452
43 389 391 392 393 394 395 396 397 398 404 405 406 408 409 410 411 415 417 420 421 423 425 426 427 429 430 432 433 434 435 436 437 438 439 440 443 445 447 448 449 450 451 452
37 390 391 392 393 395 396 399 404 405 406 408 409 413 414 415 417 418 419 421 423 424 425 426 427 429 430 431 432 435 438 440 441 442 444 446 447 451
42 389 390 391 392 393 394 395 396 397 399 403 405 406 409 410 415 416 417 419 420 421 423 424 425 426 427 429 430 433 434 435 436 437 440 443 444 446 447 448 449 450 451
26 390 394 396 397 398 399 400 401 406 408 409 410 412 414 416 418 422 424 425 428 432 436 438 443 444 452
37 392 393 395 399 401 402 405 406 408 411 412 413 414 417 418 419 420 421 423 425 426 427 429 430 431 433 434 438 439 441 442 443 447 449 450 451 452
29 389 390 394 395 397 398 400 402 403 405 412 414 416 418 422 424 425 427 428 429 432 433 434 438 443 444 448 449 452
20 389 391 394 395 401 402 407 409 412 420 421 422 423 425 429 431 433 445 450 451
30 389 390 392 396 397 398 400 401 404 405 407 408 411 414 415 416 418 420 422 425 426 430 432 433 436 438 440 443 449 450
38 389 390 391 392 395 396 399 403 406 407 408 409 410 411 413 414 416 418 419 421 423 425 426 427 429 433 434 436 437 438 439 440 441 442 443 445 447 451
41 390 393 396 398 399 400 403 404 406 407 408 409 411 412 414 416 418 419 420 425 427 428 429 430 431 432 433 434 435 437 438 440 442 443 444 445 446 449 450 451 452
24 389 391 392 393 395 396 397 398 401 402 403 405 407 414 416 418 422 430 431 439 445 446 448 449
27 390 392 394 395 400 401 402 407 411 413 415 416 420 421 422 424 427 428 429 430 432 435 436 438 442 446 448
43 389 390 391 392 394 395 396 397 399 401 402 403 404 405 406 407 410 412 413 415 416 417 421 423 424 425 426 427 428 429 430 431 433 434 435 436 438 440 446 447 449 450 452
26 389 390 393 394 395 401 402 406 409 412 413 414 418 420 422 423 425 426 429 431 434 440 441 443 446 452
30 389 391 392 393 398 400 401 404 413 414 416 419 421 422 423 424 427 431 432 435 436 439 440 443 446 447 448 449 450 451
22 390 391 392 393 399 400 403 405 407 410 417 419 421 426 429 430 433 442 443 444 448 451
39 389 391 392 393 396 397 399 400 401 402 403 406 407 412 415 416 419 420 422 423 424 426 429 430 432 434 436 437 438 439 441 442 443 444 445 446 450 451 452
21 390 394 401 402 409 410 414 417 419 420 424 427 430 432 435 438 443 444 449 451 452
35 389 392 395 400 401 404 405 409 410 411 413 414 415 416 418 421 424 425 426 427 428 430 432 434 436 437 440 442 443 445 446 447 448 450 452
30 390 392 395 398 401 402 403 404 406 407 408 409 410 411 415 416 418 419 420 421 422 424 430 437 439 440 441 442 445 450
27 389 390 399 401 404 405 406 407 408 412 419 421 423 424 427 429 430 433 435 437 440 441 443 444 447 448 451
40 390 391 392 394 395 397 399 403 404 405 406 407 408 409 412 414 415 416 417 418 419 420 421 424 425 426 427 430 431 435 438 440 441 442 443 445 448 449 450 451
27 389 392 395 399 401 402 409 410 411 413 416 418 423 424 428 429 431 434 435 436 438 445 446 448 449 450 451
21 394 398 400 404 405 407 411 415 416 418 419 422 436 437 440 443 444 445 447 450 452
21 389 391 396 401 407 412 413 414 416 418 419 420 421 422 431 433 441 442 446 447 451
32 389 391 393 396 398 399 400 402 403 405 406 410 412 413 414 415 418 419 423 430 432 435 437 439 440 442 443 445 448 449 450 451
19 389 391 393 397 398 400 401 405 412 414 415 417 419 422 427 428 437 440 452
39 390 391 392 393 394 397 400 402 408 409 410 412 414 415 417 418 419 420 421 422 423 425 427 428 430 432 433 436 438 439 440 441 443 445 446 447 448 449 451
28 390 393 396 397 398 399 401 402 403 406 407 408 411 413 417 421 422 423 426 429 431 432 434 438 441 442 444 448
43 389 390 391 392 393 394 397 399 401 402 403 405 407 408 409 410 411 412 414 415 416 417 418 419 420 421 422 423 424 426 427 428 431 433 436 437 438 439 440 441 442 443 445
24 389 395 396 400 403 404 408 409 410 411 413 416 419 420 422 426 436 438 439 440 442 444 450 451
29 389 391 393 394 398 399 401 404 409 410 414 416 417 419 420 422 425 430 434 436 438 439 441 442 443 444 446 447 450
26 392 393 396 397 400 406 407 411 412 413 420 423 424 425 427 428 430 431 432 433 434 435 436 441 445 448
31 390 391 392 395 399 405 406 409 411 413 417 420 422 423 424 426 427 429 430 431 433 436 437 439 443 444 447 449 450 451 452
40 390 391 392 393 394 395 397 401 403 404 405 407 408 409 410 411 413 414 415 417 419 420 421 424 425 426 428 429 431 438 439 441 442 443 444 446 448 449 450 452
19 393 394 398 400 403 409 411 412 415 416 419 420 429 430 431 434 440 450 452
43 389 390 391 392 393 394 395 396 397 398 399 400 401 404 405 407 408 410 412 414 416 421 422 423 424 426 428 429 430 432 433 434 436 438 440 443 444 445 447 448 449 451 452
38 389 390 391 392 394 395 399 401 403 404 408 409 413 414 415 416 417 419 421 423 424 425 426 428 429 431 432 433 434 437 439 442 443 448 449 450 451 452
24 393 394 396 399 400 402 403 405 406 407 408 409 414 418 420 421 422 423 424 426 436 443 445 448
43 389 391 392 393 394 396 397 398 399 400 401 402 403 404 405 406 408 409 412 413 416 419 420 421 422 424 426 427 429 431 434 436 437 438 439 440 441 443 444 447 450 451 452
34 391 394 396 398 399 401 402 405 408 410 417 421 422 423 424 425 426 427 431 432 433 434 436 437 438 439 441 443 445 446 448 449 451 452
41 389 392 393 394 395 399 402 403 404 405 407 408 409 411 412 415 417 418 420 421 422 423 424 425 426 427 428 429 432 433 434 435 436 439 440 441 444 447 449 451 452
26 389 390 391 395 396 406 407 408 413 416 419 422 423 426 428 429 430 431 435 437 439 440 444 446 449 452
28 389 390 394 396 398 399 403 406 408 411 416 419 421 422 423 427 428 429 430 431 432 434 437 439 441 442 448 450
30 389 392 394 399 400 402 403 404 405 408 411 413 419 420 422 426 429 430 433 434 435 436 440 442 444 445 446 447 448 449
19 391 393 395 406 410 413 417 419 422 424 429 430 431 432 434 435 443 445 446
27 392 395 397 398 400 402 403 405 407 409 412 414 415 416 418 419 420 423 424 428 434 439 441 442 445 447 450
27 392 393 394 395 397 398 401 403 404 408 411 413 415 419 421 423 425 429 430 431 438 439 445 446 448 450 451
43 389 390 391 393 394 395 396 397 398 400 401 403 404 408 409 410 411 414 416 417 418 420 422 423 425 427 428 430 432 435 436 438 439 440 441 442 443 444 446 447 450 451 452
41 389 391 392 393 394 396 397 398 401 403 404 405 406 408 409 412 415 416 417 418 419 421 422 423 424 427 429 431 432 434 435 437 439 441 443 444 446 448 449 450 452
33 390 394 395 396 397 402 406 407 408 412 414 416 417 419 420 422 423 425 427 428 429 430 434 438 441 442 443 444 446 448 449 450 451
43 389 390 391 393 394 396 397 398 399 402 403 405 406 408 410 411 413 414 416 417 418 419 423 424 425 426 428 430 431 432 433 435 436 438 439 440 442 443 445 449 450 451 452
21 392 394 395 399 404 407 410 413 414 421 422 425 427 428 430 432 438 440 441 443 451
19 390 393 395 396 398 400 408 411 414 419 423 424 426 430 433 436 439 450 452
25 389 390 395 397 399 401 402 404 407 409 410 411 412 416 417 419 420 425 429 435 440 445 446 449 450
42 389 390 391 392 394 395 396 397 398 400 402 403 404 405 406 407 408 409 410 413 415 416 417 418 419 420 423 424 427 428 429 430 432 434 436 437 438 440 445 449 450 452
42 389 390 391 392 393 397 399 401 403 404 406 407 409 410 411 416 417 418 419 420 422 423 424 425 426 427 428 431 432 434 437 439 441 442 443 444 446 447 448 449 451 452
28 391 393 396 398 399 400 401 403 405 406 407 409 413 415 416 418 419 421 424 427 429 432 434 441 442 443 445 447
39 390 391 393 394 395 397 398 400 401 402 404 405 409 410 413 415 418 419 421 422 425 426 427 429 430 431 432 433 434 436 438 440 441 442 443 444 446 448 449
41 390 391 392 393 394 396 398 399 401 405 406 411 412 415 416 417 418 419 420 422 423 424 425 428 429 430 431 434 435 437 439 440 441 442 443 444 446 447 449 450 451
40 389 390 393 394 395 396 397 398 399 400 401 402 405 407 408 409 410 412 413 414 415 417 419 421 422 423 425 426 427 428 431 432 434 438 441 442 443 449 451 452
19 392 395 397 399 403 407 413 417 418 419 420 421 423 434 441 442 447 449 450
23 393 404 406 411 412 414 416 422 423 425 429 431 434 438 439 440 442 444 445 448 449 451 452
36 389 392 393 395 396 397 398 399 402 404 406 407 408 409 410 411 413 414 415 417 418 420 422 427 428 429 430 433 435 440 442 443 444 447 448 452
25 395 397 402 406 407 408 412 415 416 419 421 425 426 428 429 430 431 433 434 437 441 443 445 447 449
28 389 390 391 395 396 397 400 401 403 408 409 410 413 418 419 423 427 428 430 432 434 436 440 445 447 449 450 451
11 456 458 461 467 473 483 485 487 492 496 499
14 453 454 455 462 469 470 471 474 479 480 486 490 491 492
13 459 460 466 468 476 478 484 487 493 495 496 498 499
19 455 459 460 462 463 465 466 471 476 478 479 482 484 486 490 491 494 497 498
23 454 458 462 465 466 468 474 475 476 478 480 481 482 486 487 488 489 490 493 495 496 497 499
15 453 457 461 469 474 475 478 482 486 487 491 493 494 498 499
19 453 454 460 462 466 469 472 474 477 478 479 481 482 484 485 489 490 498 500
13 463 464 469 475 478 481 484 487 488 491 493 495 499
13 456 457 461 463 464 466 468 469 474 481 486 498 500
14 455 456 458 459 460 461 464 465 476 481 483 487 495 499
14 456 458 459 467 468 471 484 487 490 491 492 494 495 497
7 454 464 468 470 480 489 493
8 453 464 465 479 481 488 497 500
20 455 456 461 462 464 467 468 470 471 472 474 478 480 483 484 487 488 489 497 500
12 453 455 465 467 478 482 484 487 492 493 496 499
25 453 454 455 458 463 467 469 471 473 474 475 476 480 481 483 487 488 490 491 492 493 494 496 498 500
18 456 457 461 462 463 464 468 470 474 476 479 480 484 485 490 496 498 499
15 454 459 460 462 471 472 477 480 483 485 490 491 494 495 497
6 453 459 466 471 483 494
11 466 470 471 475 476 478 480 482 488 489 494
20 453 456 462 464 465 466 471 474 480 481 483 484 486 487 489 490 495 496 498 499
23 456 457 459 460 461 462 464 465 466 468 470 472 477 478 479 482 484 485 486 489 495 497 499
11 454 460 466 470 478 481 482 485 486 493 500
12 460 462 470 471 473 474 476 482 485 487 491 496
13 454 457 463 470 471 473 478 479 480 489 490 491 498
13 453 457 461 463 464 469 473 474 475 476 479 488 489
23 454 455 457 458 460 461 467 468 469 472 473 475 476 477 482 485 488 491 492 493 494 497 500
15 453 459 461 465 469 474 478 479 483 484 486 492 496 497 499
17 454 455 462 464 467 468 470 472 473 480 481 489 490 493 494 498 500
11 453 457 469 472 474 475 477 481 488 495 500
6 467 484 486 494 496 497
25 458 460 461 464 465 466 467 468 470 472 474 475 479 481 483 487 488 491 492 494 496 497 498 499 500
6 456 457 482 485 491 495
8 455 463 465 466 469 471 477 493
13 455 456 457 458 467 468 469 472 481 484 486 492 500
16 457 458 465 466 469 473 476 477 485 491 492 493 494 495 496 499
8 453 465 466 469 483 489 491 493
24 453 454 459 460 461 462 463 464 465 473 474 477 479 483 485 487 490 491 493 495 496 497 498 499
12 453 454 455 456 467 474 479 484 485 492 496 499
13 453 458 467 469 472 476 477 480 484 485 491 493 494
5 461 472 485 488 500
20 461 462 463 464 465 470 471 473 478 479 481 482 483 487 488 489 495 496 498 499
15 454 455 456 457 459 460 466 468 474 475 486 490 492 497 500
16 455 459 462 466 467 468 470 476 477 481 483 489 492 495 496 497
20 455 456 457 461 465 468 470 472 473 476 477 479 480 482 485 489 490 492 497 498
5 459 463 470 478 479
10 455 462 465 472 477 480 483 496 498 499
31 453 454 457 461 463 464 465 468 469 470 471 472 473 474 477 478 481 484 485 486 488 489 490 492 493 494 495 496 497 499 500
16 456 457 458 463 464 465 467 473 475 477 481 482 483 489 494 497
7 462 471 478 481 482 493 499
23 453 454 455 456 457 459 462 463 469 471 473 476 477 478 480 482 484 485 486 489 490 493 495
9 454 458 460 462 467 474 486 496 500
21 459 463 465 468 469 470 475 476 477 478 480 481 482 486 488 490 491 493 497 498 500
28 454 455 456 457 458 459 461 463 466 467 468 469 472 475 477 478 480 483 484 486 489 490 492 493 494 495 498 499
25 454 457 459 461 462 463 465 467 468 470 471 473 474 475 476 479 480 483 484 485 486 495 496 499 500
29 455 456 457 458 459 461 463 464 465 467 468 470 471 473 475 476 480 483 486 487 488 491 492 493 494 495 496 497 499
15 457 458 460 461 462 464 466 471 472 473 483 487 489 494 495
18 454 457 467 470 473 474 476 478 480 485 486 487 489 490 491 492 496 500
15 453 462 466 468 469 472 474 475 477 482 485 488 492 493 500
19 457 460 461 463 466 467 469 473 476 477 479 483 488 490 491 492 494 495 498
12 453 454 458 465 470 480 484 486 487 489 496 500
35 453 454 455 456 457 458 459 460 462 463 464 465 466 468 469 470 473 474 476 478 479 480 482 484 485 488 490 491 492 494 495 496 497 498 500
10 455 456 459 464 468 472 474 475 485 497
8 458 470 473 475 476 479 488 489
17 455 456 458 459 460 462 466 467 475 476 479 480 482 483 487 491 498
33 453 454 455 457 458 459 460 461 464 466 469 471 473 474 475 476 478 479 480 481 483 484 485 486 489 490 493 494 495 496 497 498 500
17 454 456 458 460 463 464 465 471 472 473 479 480 484 485 488 490 500
15 456 462 463 465 467 468 470 472 477 482 487 488 491 492 499
14 455 456 458 460 464 469 472 481 487 490 491 493 497 498
9 453 466 477 478 482 488 489 492 494
16 453 455 457 459 461 463 464 467 469 473 479 483 485 491 492 500
9 456 460 470 471 472 477 484 494 498
13 461 467 471 472 475 477 481 483 486 487 489 493 499
10 458 460 463 466 471 475 476 477 487 488
22 453 456 458 459 460 461 462 464 468 472 475 479 481 482 483 484 488 494 495 497 498 499
3 473 497 500
12 453 454 459 460 463 475 479 481 482 486 490 498
19 454 455 458 459 460 467 471 472 475 477 478 481 482 486 487 488 492 494 495
6 454 467 474 486 496 500
12 455 457 459 461 463 464 467 469 473 479 483 492
7 453 455 465 467 484 492 499
8 467 471 472 475 487 489 493 499
19 457 459 463 465 467 468 470 471 473 474 475 476 479 483 485 486 495 499 500
4 467 486 494 497
9 455 465 467 482 487 492 493 496 499
7 455 456 457 459 486 490 500
19 454 459 461 462 463 465 467 468 470 473 474 475 476 480 483 485 495 496 499
14 454 455 462 464 467 468 470 472 480 481 493 494 498 500
9 453 466 469 472 477 482 485 493 500
14 456 458 460 463 464 471 472 473 479 480 484 485 488 490
4 453 466 483 494
7 455 462 472 483 496 498 499
6 456 473 483 485 487 492
10 453 458 472 476 477 480 484 485 491 493
12 454 456 457 459 463 469 477 478 480 482 489 495
15 455 456 461 462 464 470 472 478 480 484 487 488 489 497 500
8 457 472 474 475 477 488 495 500
8 456 457 461 466 468 474 481 486
8 453 457 469 472 475 477 481 500
6 455 463 465 466 477 493
13 456 458 460 461 462 464 468 472 479 481 482 488 495
8 453 469 472 476 480 491 493 494
11 463 469 475 478 481 484 487 488 491 495 499
5 464 470 480 489 493
1 500
14 457 460 461 463 466 467 473 476 479 488 490 491 494 495
10 460 462 470 473 474 482 485 487 491 496
13 458 461 465 466 467 468 472 479 487 491 492 494 500
7 458 460 475 476 477 487 488
11 454 457 459 466 468 475 486 490 492 497 500
10 459 466 468 478 487 493 495 496 498 499
12 465 466 469 473 476 477 485 492 494 495 496 499
8 456 461 463 464 466 468 498 500
7 454 457 473 479 489 491 498
6 455 462 477 480 498 499
8 461 467 471 472 475 486 489 493
6 455 465 466 469 471 477
18 455 457 460 462 463 464 465 470 479 480 484 485 488 490 492 495 496 498
13 454 459 460 462 471 480 483 485 490 491 494 495 497
10 454 458 465 470 480 484 486 489 496 500
9 461 466 469 476 477 479 488 491 492
8 456 459 460 461 464 487 495 499
17 455 461 462 464 467 468 470 471 472 474 478 483 484 487 488 497 500
11 456 457 461 463 464 466 468 469 481 486 500
11 454 462 469 471 474 479 480 486 490 491 492
10 453 457 461 464 469 474 476 479 488 489
16 453 454 460 462 469 472 474 477 478 481 482 484 485 490 498 500
17 454 460 463 464 465 474 483 485 487 490 491 493 495 496 497 498 499
16 455 456 457 461 465 468 470 472 473 477 479 480 489 490 497 498
12 454 459 460 462 471 472 477 490 491 494 495 497
12 455 456 458 459 460 467 475 476 482 483 487 498
19 454 459 460 461 462 463 464 465 477 483 485 487 490 491 493 495 497 498 499
12 454 460 462 471 472 477 480 483 490 494 495 497
5 464 479 481 497 500
12 456 462 463 465 472 477 482 487 488 491 492 499
8 464 469 475 478 484 491 495 499
3 471 483 494
7 464 475 478 484 488 495 499
21 453 454 457 461 463 465 468 469 470 473 478 481 484 485 486 488 489 494 495 499 500
22 457 461 465 468 469 470 471 473 477 478 485 486 488 490 492 493 494 495 496 497 499 500
7 455 456 459 464 468 472 474
14 454 460 462 466 469 472 474 477 478 479 482 484 485 498
9 454 455 456 467 474 479 484 485 496
10 456 460 462 466 475 476 482 483 491 498
6 456 467 473 487 492 496
9 458 469 472 476 484 485 491 493 494
9 455 465 467 482 484 487 493 496 499
19 454 460 461 462 463 465 474 477 483 485 487 490 491 493 495 496 497 498 499
9 461 463 464 469 473 474 475 488 489
8 454 455 464 470 472 480 481 494
18 455 460 464 466 469 471 475 479 480 481 486 489 490 494 495 496 497 500
9 453 455 457 459 461 464 479 485 491
4 466 488 489 494
13 456 457 463 464 468 470 476 480 484 490 496 498 499
9 455 456 457 458 468 472 481 484 500
11 455 462 465 466 478 479 482 486 491 494 497
20 453 454 455 456 457 459 462 471 473 476 477 478 482 484 485 486 489 490 493 495
8 455 456 458 467 468 484 486 492
16 453 454 455 463 469 471 475 480 483 487 488 491 493 494 498 500
2 473 500
14 462 463 471 473 478 479 482 483 487 489 495 496 498 499
5 454 464 468 489 493
11 453 456 462 466 480 481 483 486 489 490 498
6 460 470 471 472 484 498
6 458 470 473 475 479 489
6 462 471 478 482 493 499
13 453 454 463 464 473 483 485 487 490 491 496 497 499
15 454 455 458 463 467 474 476 480 481 483 488 490 491 494 500
16 454 455 459 460 467 471 472 475 477 478 481 482 486 488 494 495
10 456 457 461 463 464 468 481 486 498 500
7 453 457 469 472 475 488 495
5 467 484 486 496 497
3 463 478 479
6 453 457 469 475 477 481
13 455 459 460 462 463 471 476 478 479 486 490 494 498
4 465 479 488 500
6 457 467 468 469 481 492
10 457 473 476 478 485 486 489 490 496 500
5 456 461 473 487 492
5 455 465 466 469 493
17 462 463 464 465 470 471 473 478 481 482 483 487 488 495 496 498 499
14 454 458 460 463 464 465 471 472 473 479 484 488 490 500
14 456 457 466 467 468 469 475 478 480 484 486 492 493 495
11 458 459 467 468 471 484 490 491 492 494 495
9 456 458 461 467 485 487 492 496 499
9 455 457 467 469 472 481 484 486 492
9 461 463 466 469 474 481 486 498 500
6 460 470 473 482 485 491
6 455 456 458 468 469 486
13 456 461 465 468 470 473 476 480 482 485 492 497 498
8 453 454 458 465 470 484 486 489
13 455 457 461 465 468 476 477 479 480 482 485 489 498
17 454 458 462 465 468 474 475 476 478 480 481 482 486 489 490 495 499
10 455 458 459 460 461 476 481 483 495 499
13 455 461 468 470 472 473 476 477 480 482 490 497 498
15 460 461 463 466 467 476 477 479 483 488 490 491 494 495 498
17 455 456 461 465 468 470 472 473 477 479 482 485 489 490 492 497 498
24 453 454 455 457 460 461 464 471 473 474 475 478 479 480 484 485 486 490 493 495 496 497 498 500
4 456 482 485 495
20 454 457 459 461 462 463 465 467 468 470 473 474 475 476 480 483 484 485 496 500
13 459 463 469 470 475 476 480 481 488 490 491 493 497
7 453 466 477 482 488 489 492
19 456 457 459 460 462 464 465 466 468 470 472 478 479 482 485 486 495 497 499
9 458 460 463 464 465 472 485 488 500
7 454 460 470 478 481 482 486
8 463 464 467 473 481 489 494 497
8 456 460 464 465 476 481 483 487
18 454 455 457 458 460 461 467 468 472 473 476 477 482 488 492 494 497 500
2 472 485
4 454 468 470 489
9 453 454 455 456 467 485 492 496 499
9 454 455 462 464 467 468 481 490 494
14 454 455 456 457 459 462 471 476 477 478 480 490 493 495
5 465 469 489 491 493
5 453 465 479 481 497
26 453 454 461 463 464 465 470 471 472 473 474 477 481 484 485 486 488 489 490 492 493 494 495 496 499 500
22 454 457 459 461 462 463 465 467 468 470 471 473 474 476 479 480 483 484 485 486 496 500
4 456 457 485 491
14 454 457 467 473 476 478 480 486 487 489 490 491 496 500
5 470 472 477 484 494
3 456 491 495
15 458 459 460 468 475 479 481 482 483 484 488 494 495 497 498
12 456 458 459 460 462 466 467 475 483 487 491 498
1 500
10 461 467 471 472 475 477 481 486 487 499
9 461 469 475 478 482 486 491 493 498
7 462 470 473 474 482 487 496
8 453 457 474 475 477 481 495 500
12 457 462 463 464 468 470 474 476 479 490 496 498
8 453 469 472 474 475 481 488 495
12 456 461 462 468 474 480 484 485 490 496 498 499
14 456 461 462 464 467 468 471 472 474 478 484 487 497 500
9 458 460 462 466 471 473 483 487 489
7 454 463 478 489 490 491 498
10 468 478 480 481 486 488 490 497 498 500
6 459 468 472 474 475 497
5 455 465 496 498 499
8 458 459 467 490 491 492 494 495
11 456 458 460 461 464 465 476 481 483 487 499
13 457 458 466 469 473 476 477 485 491 492 493 496 499
15 461 462 463 464 465 473 479 481 482 483 487 489 495 496 498
3 463 470 478
14 454 455 462 467 468 470 472 473 480 489 490 493 494 500
8 455 462 472 480 483 496 498 499
7 461 467 481 483 486 487 493
10 453 454 459 460 475 479 482 486 490 498
20 453 454 459 460 461 462 463 464 473 474 477 483 485 487 490 491 495 496 497 498
10 453 454 459 463 475 479 481 482 490 498
6 458 470 473 476 488 489
13 455 458 460 467 471 472 477 481 482 486 488 494 495
15 454 455 462 464 467 468 470 472 473 480 481 493 494 498 500
5 463 466 469 471 477
9 466 470 475 476 478 482 488 489 494
6 455 456 457 484 492 500
15 458 459 460 467 471 475 477 481 482 486 487 488 492 494 495
12 454 455 456 459 460 466 468 474 486 490 492 497
6 471 473 482 485 487 496
15 457 459 462 464 465 472 477 478 479 482 485 489 495 497 499
2 473 497
6 458 460 462 467 474 496
7 470 475 476 478 480 489 494
17 454 457 458 459 466 472 475 477 478 483 489 492 493 494 495 498 499
19 453 454 455 459 460 463 466 468 469 473 479 480 484 485 488 490 495 496 500
15 456 457 461 462 463 468 470 474 476 479 484 490 496 498 499
8 463 469 475 481 487 488 491 499
7 456 461 464 469 481 486 500
3 459 463 470
7 453 454 459 463 481 482 498
11 455 461 467 468 470 472 480 483 487 488 500
10 457 463 464 465 467 473 475 477 481 497
9 454 455 462 467 468 472 473 481 490
8 455 462 465 480 483 496 498 499
9 455 457 459 460 468 486 490 492 500
24 454 455 457 458 459 460 461 464 466 469 471 473 475 476 478 480 486 489 490 493 494 497 498 500
7 455 460 464 472 481 491 497
13 456 461 462 464 468 471 472 474 483 487 488 489 500
15 453 458 463 469 474 480 481 483 487 488 490 491 496 498 500
10 453 454 455 462 470 474 480 486 490 491
14 454 455 458 460 472 475 477 478 481 482 486 488 492 494
12 453 457 469 474 475 478 482 486 491 493 494 499
7 455 458 460 461 464 465 476
10 459 460 466 468 476 484 493 496 498 499
9 455 456 459 461 476 481 483 495 499
14 462 464 470 473 478 479 482 483 487 488 489 495 496 498
15 455 458 459 460 467 471 472 477 478 482 487 488 492 494 495
6 466 478 482 488 489 494
9 457 458 465 469 485 492 494 495 496
16 461 462 463 464 465 470 473 478 479 482 483 487 495 496 498 499
14 454 455 456 457 462 469 471 473 477 482 489 490 493 495
9 453 454 456 467 479 484 492 496 499
23 453 454 455 457 458 460 461 464 466 469 473 474 475 478 479 480 481 483 485 490 494 496 500
18 454 455 456 457 459 462 469 471 473 476 477 482 484 485 486 489 490 495
4 456 485 491 495
11 455 456 460 464 469 481 490 491 493 497 498
8 458 461 473 483 485 487 492 496
5 464 465 479 481 500
13 465 466 474 475 476 478 481 486 487 488 493 496 497
6 455 456 474 484 485 499
7 466 471 478 480 488 489 494
15 454 458 460 463 464 465 471 472 473 479 480 484 485 488 500
18 458 460 461 466 468 472 474 479 481 483 487 488 492 494 496 497 498 499
3 466 483 494
6 455 463 465 471 477 493
8 455 456 459 464 468 474 485 497
8 466 471 475 476 478 480 489 494
7 453 465 480 484 489 496 500
15 454 457 459 461 462 465 467 471 474 476 479 485 486 496 499
9 456 458 465 473 481 482 483 489 497
13 460 466 467 473 476 477 479 483 488 490 492 494 498
11 455 458 460 461 464 476 481 483 487 495 499
5 458 462 467 496 500
14 454 457 470 473 474 478 480 485 486 487 490 492 496 500
6 453 466 477 489 492 494
11 453 459 461 465 469 474 484 486 492 496 499
9 455 456 457 467 468 472 481 492 500
10 470 471 478 479 483 488 489 495 496 498
18 453 454 456 457 459 460 463 469 476 478 480 482 484 490 494 496 497 500
4 453 483 489 493
5 466 482 488 489 492
7 454 463 470 478 479 489 498
9 467 471 475 477 483 487 489 493 499
11 455 457 459 464 467 479 483 485 491 492 500
6 453 467 484 487 492 499
11 460 465 471 476 478 484 486 490 491 494 497
11 453 462 466 468 474 477 482 488 492 493 500
5 465 479 488 497 500
25 454 455 456 457 458 459 461 466 467 468 469 472 475 477 478 480 483 484 489 492 493 494 495 498 499
14 453 459 460 461 463 464 474 485 490 491 495 497 498 499
12 453 458 460 464 468 472 481 482 484 488 495 498
11 456 457 462 464 468 474 476 479 484 485 496
28 453 455 456 457 458 459 460 462 464 465 466 468 469 470 474 476 478 479 482 485 488 490 491 492 494 496 497 498
15 459 463 465 468 469 470 476 477 486 488 491 493 497 498 500
5 460 471 477 484 494
2 473 500
5 462 467 474 486 500
16 455 459 463 465 466 471 476 478 479 482 484 486 490 494 497 498
12 454 455 464 467 468 472 473 480 489 490 493 498
9 454 457 463 470 473 478 479 489 490
5 453 459 466 471 483
12 455 466 467 468 470 477 481 483 489 492 496 497
15 463 468 469 470 474 477 485 486 488 493 494 496 497 499 500
13 456 457 461 462 463 464 470 474 479 484 485 490 498
5 456 459 464 475 485
16 454 461 463 465 470 473 474 475 476 479 480 483 485 495 496 499
16 458 465 466 474 475 476 478 481 482 487 488 489 490 496 497 499
5 463 466 471 475 488
9 463 464 467 473 475 477 481 482 497
10 459 471 472 477 480 483 490 491 495 497
10 454 462 464 467 470 480 481 489 493 498
8 463 464 473 481 482 483 489 494
12 456 462 467 468 472 477 482 487 488 491 492 499
11 454 455 456 457 459 466 474 486 490 492 500
17 456 457 459 462 465 466 470 472 477 478 479 482 484 485 486 489 499
8 459 466 468 477 481 483 495 497
6 470 473 476 479 488 489
8 453 466 478 482 488 489 492 494
9 453 457 472 474 475 477 488 495 500
3 456 457 491
11 459 468 470 475 476 478 480 486 491 493 500
6 472 474 475 477 481 488
6 470 475 482 488 489 494
15 453 454 455 458 474 475 476 480 481 483 487 492 493 498 500
10 467 471 472 475 477 478 486 487 488 492
19 456 460 462 463 464 465 466 468 470 473 474 479 480 482 488 491 496 498 500
6 455 456 457 467 484 492
10 453 457 469 474 478 482 486 491 493 498
5 453 459 466 471 483
18 453 454 459 463 469 471 473 476 477 478 480 482 485 486 489 490 493 495
9 456 460 465 471 472 484 488 490 500
7 453 469 476 477 480 484 493
3 470 478 479
17 453 456 458 459 460 461 462 464 472 481 483 484 488 494 495 497 498
13 454 458 462 466 474 475 478 481 486 489 493 495 497
5 460 470 471 494 498
11 463 465 468 475 478 480 481 486 488 491 497
14 453 454 460 462 466 474 477 479 482 484 489 490 498 500
26 453 454 455 460 464 465 467 468 469 470 471 472 473 475 479 482 484 485 486 487 488 495 496 498 499 500
26 453 454 455 456 457 458 463 468 470 473 474 475 476 477 478 479 481 485 487 488 491 492 495 498 499 500
17 458 460 468 469 474 476 477 481 485 486 487 490 491 492 493 494 500
25 455 456 458 459 460 462 463 464 467 468 471 472 474 478 479 481 483 484 489 491 492 494 495 499 500
24 453 455 457 460 462 463 468 470 473 474 475 476 477 479 480 484 490 492 493 494 496 498 499 500
28 453 454 455 456 461 462 463 464 466 470 471 472 473 477 478 480 482 484 487 488 490 491 492 495 496 497 498 500
15 455 456 457 458 461 466 467 473 478 480 482 483 484 492 497
15 454 456 457 463 466 475 476 479 481 486 487 490 494 495 500
16 455 457 459 461 466 469 471 472 477 481 482 484 486 489 494 499
22 457 458 459 466 468 469 470 472 473 475 478 479 481 483 484 485 488 491 496 498 499 500
26 454 456 457 458 459 461 462 463 464 465 467 468 469 471 473 475 476 480 482 484 485 493 496 498 499 500
15 454 457 459 461 464 468 475 477 478 485 488 489 494 498 499
29 453 456 457 458 459 460 461 462 464 465 468 469 474 477 479 480 481 482 483 485 488 489 490 492 493 494 495 498 500
24 453 454 455 457 459 460 461 462 466 467 471 473 480 481 482 483 484 485 489 490 491 492 494 496
31 453 454 457 459 460 461 462 463 464 465 466 468 472 473 478 479 480 481 483 484 485 488 489 490 491 492 493 494 497 499 500
25 463 464 465 467 468 471 473 474 477 479 480 481 482 483 484 485 487 488 489 490 494 495 498 499 500
14 456 460 464 466 469 476 479 480 482 485 487 490 494 496
25 453 454 455 457 458 463 468 471 472 474 475 476 478 479 483 484 486 487 488 491 493 495 497 499 500
33 453 454 455 456 458 459 460 461 462 464 467 469 470 473 474 476 477 479 480 481 483 484 485 486 487 488 490 492 493 495 496 498 499
17 454 463 464 469 470 472 476 483 487 488 491 492 496 497 498 499 500
26 456 457 459 460 461 463 464 465 467 470 471 472 477 478 480 481 482 484 486 488 491 495 497 498 499 500
15 455 461 463 473 476 477 482 484 486 487 491 493 494 497 499
17 454 455 459 462 465 467 468 470 472 478 486 488 491 492 494 496 498
15 456 460 463 465 467 470 474 479 482 486 488 491 493 495 498
22 453 456 457 458 461 464 468 469 473 474 475 476 478 479 482 486 487 488 492 494 497 499
22 456 457 458 459 461 462 463 464 466 467 468 473 474 475 478 481 482 483 485 487 492 495
19 453 458 459 460 461 466 469 471 475 477 478 480 482 484 485 491 495 496 500
24 453 459 460 462 463 466 468 471 472 473 475 478 479 480 482 484 486 488 490 491 492 495 498 499
26 454 457 462 464 465 466 468 469 470 472 473 474 475 476 477 479 481 484 485 487 488 489 491 493 494 498
24 453 456 457 459 461 462 463 464 467 468 469 471 472 473 475 477 478 479 481 484 493 495 496 497
29 453 454 455 456 459 462 463 464 465 466 467 470 471 473 475 476 477 478 479 483 485 486 488 490 491 494 497 498 500
28 454 456 457 458 459 465 467 468 469 470 471 472 475 477 478 479 480 481 483 484 485 486 487 488 491 492 496 499
29 454 459 460 462 463 464 465 466 467 468 469 471 472 477 478 480 482 484 486 487 488 489 490 491 493 494 497 499 500
28 453 454 455 459 461 462 464 465 468 470 471 472 473 474 477 478 480 481 483 485 486 488 489 491 494 495 499 500
14 453 460 462 464 465 469 472 482 485 491 495 496 497 500
29 453 455 456 457 458 459 460 462 463 464 465 466 468 469 470 473 474 475 476 478 480 481 484 486 487 488 495 496 500
16 455 456 467 470 471 474 475 480 483 484 485 486 488 491 493 494
19 453 455 459 464 465 469 474 475 478 480 485 488 489 493 495 496 497 498 499
23 453 457 458 460 462 463 466 467 470 472 476 480 485 486 488 490 492 493 495 496 498 499 500
24 454 455 456 457 459 461 462 464 465 468 473 475 476 478 480 481 482 483 486 487 489 490 491 495
18 454 458 459 461 462 464 466 470 472 475 479 483 486 490 493 494 497 499
28 455 456 459 462 464 465 466 468 471 472 474 476 477 479 480 481 482 484 485 487 488 489 491 495 496 498 499 500
28 453 454 456 458 460 461 463 465 472 475 476 478 480 481 482 484 485 487 488 489 490 493 494 495 496 497 498 499
15 454 455 457 462 470 474 477 478 481 489 491 492 493 495 499
32 453 454 455 457 460 462 463 464 466 467 468 470 471 474 477 478 482 484 485 486 487 488 489 491 492 493 494 495 496 498 499 500
30 453 454 455 456 459 460 462 463 466 467 468 469 470 471 475 476 477 479 480 481 482 484 487 489 491 492 494 495 498 500
22 461 462 463 464 467 471 472 473 474 475 477 479 480 483 484 485 487 494 497 498 499 500
18 453 458 459 460 462 463 466 468 469 470 472 477 483 486 487 488 497 498
20 457 462 463 464 465 467 473 477 482 483 485 486 487 490 491 493 494 497 498 500
23 455 456 459 460 463 464 466 469 471 472 474 475 478 483 484 485 486 487 488 489 493 495 498
19 455 459 460 463 465 467 468 470 472 473 482 483 488 491 493 495 496 497 500
29 453 454 457 458 459 460 464 465 466 467 469 471 472 474 475 477 478 482 483 484 486 487 490 491 492 493 494 495 496
20 453 455 456 457 459 461 464 466 470 473 477 478 481 482 483 486 490 493 497 498
23 453 454 455 458 459 462 463 464 465 466 475 479 482 485 487 488 489 491 492 493 495 496 497
20 455 457 460 461 463 465 470 478 479 480 482 484 486 487 489 490 494 496 497 499
17 453 455 456 457 460 461 464 469 470 475 477 478 483 488 496 497 498
19 455 458 463 467 469 472 475 481 483 486 488 491 492 493 495 497 498 499 500
18 453 455 456 457 459 461 464 475 478 479 480 481 485 486 489 492 495 496
22 454 457 458 459 465 466 469 471 473 475 479 480 481 483 486 487 491 494 496 497 499 500
15 453 456 459 460 467 469 471 476 478 484 485 489 493 497 499
21 453 459 460 463 465 467 468 472 475 478 482 483 485 486 492 494 495 496 497 499 500
30 454 455 456 458 460 462 463 464 466 468 469 472 473 474 478 479 480 482 483 484 486 488 491 492 493 494 496 497 498 499
33 453 454 455 457 458 459 460 461 462 463 465 466 468 470 473 474 477 479 480 482 483 484 485 487 488 489 491 493 494 495 496 499 500
16 456 458 464 468 471 472 473 475 479 482 490 491 493 494 496 500
27 453 454 455 457 459 463 464 465 466 469 470 473 475 477 479 481 487 488 489 491 492 493 494 496 497 498 500
32 456 459 460 461 462 464 466 467 469 471 472 475 476 477 478 480 481 482 483 484 485 486 487 488 489 490 492 493 495 498 499 500
26 454 455 457 461 463 465 466 467 468 470 471 472 475 479 480 485 488 489 490 492 493 494 497 498 499 500
18 454 455 456 463 467 469 474 475 482 483 485 488 490 491 493 495 496 497
20 453 454 456 458 459 463 464 465 468 469 470 472 477 488 489 490 494 498 499 500
20 454 455 457 459 463 464 466 472 473 477 479 480 485 487 488 490 491 494 497 498
21 454 455 456 463 466 469 470 472 476 477 479 485 487 490 491 493 494 495 496 497 499
15 453 461 464 466 470 471 472 476 479 480 485 490 491 494 497
16 454 456 460 461 469 471 472 478 480 481 485 490 491 493 494 498
29 454 456 457 458 459 460 463 464 466 467 470 472 473 474 475 476 478 480 481 482 485 486 487 488 490 491 494 496 500
30 453 454 455 456 457 458 459 460 461 464 467 468 470 471 473 475 477 479 481 485 486 488 489 491 492 494 495 496 497 500
30 453 454 455 456 458 459 460 461 463 466 467 469 472 473 475 476 482 483 484 485 486 487 488 491 493 494 495 497 499 500
25 454 456 460 461 462 464 466 470 472 473 474 480 482 483 484 487 488 489 491 492 494 496 497 498 500
25 454 457 459 461 462 467 468 470 476 477 478 479 480 481 483 485 486 489 491 492 494 495 496 499 500
27 454 455 456 457 459 460 461 462 464 466 469 470 473 474 475 480 484 485 486 487 489 491 492 494 497 498 500
27 453 456 458 463 464 465 466 467 468 469 470 471 475 476 477 479 480 482 486 487 488 490 494 495 497 499 500
30 454 455 457 458 459 460 463 465 466 470 471 472 473 474 476 477 480 481 482 483 485 486 488 489 491 493 494 496 499 500
17 453 456 461 462 466 472 476 477 478 480 483 488 490 493 494 498 500
23 454 456 457 458 459 460 461 462 465 470 472 476 479 483 484 487 489 491 493 494 497 499 500
33 454 455 456 457 463 464 466 470 471 473 474 475 476 477 478 479 480 481 483 485 486 487 489 491 492 493 494 495 496 497 498 499 500
23 453 456 457 464 466 467 469 471 473 475 478 480 481 482 484 485 487 488 491 493 496 497 499
19 454 455 457 460 461 463 465 467 473 474 478 481 482 484 485 486 490 491 494
23 453 454 455 456 457 458 462 466 467 469 473 474 476 477 480 486 487 488 492 493 497 498 500
18 454 455 458 460 463 464 466 471 473 476 477 479 482 485 491 494 497 498
29 453 455 456 458 459 461 464 465 466 467 470 471 472 474 476 479 480 482 484 485 486 487 488 489 490 492 496 498 499
26 453 454 455 458 459 461 463 464 465 467 469 471 476 478 482 483 484 485 490 493 494 495 496 497 498 499
32 453 455 457 458 461 462 464 466 467 468 469 471 472 473 474 475 477 479 483 484 485 486 487 488 489 492 494 495 496 497 498 499
16 456 457 459 463 467 469 472 473 477 479 484 486 489 494 497 499
17 454 458 465 467 471 473 474 475 477 480 481 488 491 492 493 498 500
24 456 457 459 462 463 464 466 468 470 472 476 477 479 480 481 482 485 487 488 489 490 491 494 500
21 453 455 456 457 460 461 462 463 468 470 473 474 479 480 481 482 485 489 494 498 499
20 454 458 461 464 466 467 469 471 472 473 476 477 481 482 485 487 491 493 495 500
19 454 456 459 460 461 463 464 465 467 469 474 482 486 487 490 492 493 495 496
29 454 455 456 457 458 461 462 463 464 465 467 468 469 471 472 473 475 477 479 483 484 486 488 491 492 493 496 498 499
28 455 457 460 461 462 463 465 467 470 471 472 473 474 475 478 479 480 481 484 485 486 488 490 491 493 494 496 499
16 456 460 465 471 473 478 480 482 484 485 490 491 493 494 495 499
23 453 454 456 457 458 460 461 466 467 469 470 474 477 479 480 481 483 485 488 495 496 499 500
26 453 454 456 457 459 460 461 465 470 474 475 476 477 478 479 480 481 483 487 488 489 494 495 496 499 500
29 455 456 457 458 459 461 463 464 465 467 468 469 470 473 479 480 481 482 483 484 485 486 488 489 494 496 497 498 500
26 454 455 457 458 460 461 462 463 469 475 477 478 480 481 482 484 485 487 488 489 491 493 495 496 498 499
20 456 457 459 461 462 464 472 473 474 475 477 478 479 481 485 489 490 492 493 499
20 454 455 456 462 463 466 467 472 474 475 476 481 482 485 488 490 493 495 499 500
22 454 458 459 460 462 469 472 473 477 478 481 482 483 484 485 488 490 491 494 495 497 499
24 453 454 455 456 458 461 463 468 469 471 475 478 479 480 481 482 484 485 487 490 494 495 496 498
19 454 455 459 462 463 464 471 472 473 479 481 482 486 490 495 496 498 499 500
25 454 456 457 459 460 463 465 468 469 471 472 473 477 478 479 480 481 482 484 485 487 491 493 494 500
14 454 458 466 467 473 475 476 477 478 479 484 490 492 499
18 455 462 464 465 466 470 472 477 482 483 484 488 489 490 493 497 498 500
27 453 458 459 460 462 466 468 470 472 474 475 476 478 479 480 481 482 484 485 487 490 491 492 494 496 497 498
29 453 454 455 456 459 462 464 465 470 473 474 475 476 477 478 479 480 483 486 487 488 491 492 493 494 495 496 497 498
31 453 454 455 456 458 461 462 464 465 470 472 473 474 475 476 479 483 486 487 488 489 490 491 492 493 494 495 496 497 498 499
32 453 455 456 458 459 460 461 462 463 464 470 471 473 475 477 478 480 481 482 483 484 485 486 487 488 489 490 493 494 495 496 497
16 460 461 464 467 469 471 472 479 481 484 485 487 489 493 496 497
15 455 457 461 462 465 469 476 477 478 480 486 489 493 495 499
20 458 460 463 465 470 471 473 476 479 481 482 487 489 490 491 492 494 497 499 500
19 453 454 456 457 458 462 463 467 477 479 483 485 487 488 492 493 495 496 498
15 453 461 462 464 468 469 470 478 479 481 487 488 494 496 499
25 454 458 460 461 462 463 464 465 469 470 471 474 478 480 481 482 486 487 488 490 492 493 495 497 499
18 455 456 459 463 464 466 467 470 471 473 475 477 483 488 495 498 499 500
32 453 454 455 457 460 461 463 464 465 466 467 469 473 474 475 477 478 480 481 482 483 484 486 487 489 491 493 496 497 498 499 500
30 456 457 458 459 460 461 462 463 466 467 468 470 471 472 473 474 476 479 481 482 484 485 487 489 490 492 494 495 499 500
26 453 457 459 460 464 465 466 467 469 471 472 473 474 476 477 478 479 481 484 485 487 493 495 496 497 498
33 453 454 455 456 458 459 460 461 462 465 466 468 469 470 471 472 475 477 478 479 481 482 485 488 489 490 491 492 493 494 495 496 500
14 453 454 456 460 461 465 468 471 473 482 484 485 486 489
27 453 454 456 459 460 461 462 463 465 467 468 470 472 477 478 479 481 484 486 487 488 489 490 491 498 499 500
24 453 454 455 456 457 462 465 466 467 470 475 478 480 482 488 489 491 492 493 494 495 496 498 499
26 454 455 457 459 462 463 465 466 467 468 474 475 478 479 480 482 483 484 485 489 490 493 496 497 499 500
14 458 459 461 462 464 466 471 473 475 482 484 489 498 500
32 453 454 455 457 458 459 461 463 464 468 470 471 472 474 475 476 477 478 480 481 482 483 484 487 488 489 491 494 495 496 497 500
18 453 455 457 458 460 463 465 467 468 472 473 474 476 484 490 491 497 499
16 454 461 462 463 468 469 471 475 476 479 481 485 487 490 493 497
32 454 461 462 463 465 466 467 468 469 470 472 474 475 477 478 479 481 482 483 485 486 487 488 489 491 493 494 495 496 497 499 500
17 455 464 466 472 473 476 477 480 481 482 486 489 490 491 496 498 499
26 454 455 456 457 459 463 464 465 466 467 471 472 473 474 476 481 482 485 486 491 492 493 494 497 499 500
18 454 458 459 460 464 468 469 470 471 472 477 478 479 481 483 485 488 496
20 453 457 459 462 463 468 470 472 473 475 478 479 480 483 486 488 490 491 497 499
23 453 455 457 458 462 463 468 469 470 472 473 475 476 477 480 481 484 485 488 492 495 497 500
24 453 454 455 456 458 460 462 464 468 469 471 472 473 474 479 481 482 483 486 487 489 490 495 496
15 454 458 459 464 468 470 475 477 479 480 482 487 491 497 500
28 453 454 455 456 457 459 463 464 465 467 470 471 472 474 476 477 480 481 482 483 485 487 488 490 492 495 496 499
16 455 459 460 465 471 472 474 479 482 485 486 487 490 493 495 497
24 453 456 458 459 462 463 466 467 469 472 476 479 480 481 482 483 486 488 491 492 495 496 497 499
28 453 454 455 456 457 458 459 460 461 462 464 466 468 469 470 471 473 474 479 480 481 482 486 490 492 495 496 497
26 453 454 459 461 463 464 466 467 468 473 475 476 477 478 481 483 487 488 491 492 493 494 495 497 499 500
31 453 459 460 461 462 464 466 467 468 469 470 471 472 473 474 476 478 479 480 481 482 484 486 487 488 490 491 493 495 498 500
26 453 454 455 456 461 462 464 469 472 474 476 477 478 480 481 483 484 486 487 488 490 491 492 493 494 497
31 453 454 455 457 458 459 460 462 465 467 469 470 475 476 477 478 479 480 481 482 483 489 490 491 493 494 495 496 497 498 499
30 453 454 455 456 457 458 460 461 462 463 464 465 466 468 471 473 475 476 478 479 480 482 485 487 492 493 494 496 497 500
16 454 456 461 462 463 465 466 469 473 474 478 479 481 482 495 496
22 453 454 456 460 461 463 466 467 468 470 472 474 475 477 479 480 484 485 486 487 492 495
15 453 456 458 459 463 464 465 467 470 471 473 476 481 484 489
20 456 458 461 464 466 469 471 472 475 476 478 480 481 488 491 493 494 498 499 500
31 453 454 457 458 460 463 465 468 470 471 474 476 477 478 481 482 483 484 485 486 487 488 489 490 491 492 493 496 497 498 499
29 454 457 458 459 460 461 462 463 464 465 466 467 468 469 471 474 475 476 481 483 484 487 488 489 491 494 495 496 500
14 454 458 461 463 474 476 480 482 484 485 487 490 498 499
15 453 455 456 461 467 472 474 478 480 484 488 489 493 495 498
17 456 459 460 461 462 463 466 467 468 469 475 476 481 487 493 498 499
32 453 455 457 459 460 461 464 466 468 470 471 472 474 475 477 478 479 480 481 482 483 485 489 490 491 493 494 496 497 498 499 500
16 456 460 464 471 472 473 474 476 477 481 487 490 491 492 493 498
22 453 454 457 459 460 465 468 471 474 475 479 480 483 484 485 486 488 489 494 498 499 500
24 453 457 459 463 466 467 468 473 475 476 477 483 486 487 488 489 490 492 493 494 495 498 499 500
24 454 455 457 461 463 466 468 469 470 471 472 475 477 478 480 481 484 485 490 494 495 497 498 500
23 453 455 459 461 462 464 466 468 470 473 475 477 478 483 485 486 487 489 491 496 497 498 500
16 453 457 460 463 464 466 469 471 474 476 481 488 493 497 499 500
23 453 455 457 460 462 463 466 467 469 470 471 474 475 476 478 483 485 487 491 492 493 496 499
30 453 455 457 460 461 462 463 464 465 467 468 470 471 472 475 476 477 478 479 480 481 483 484 487 489 490 492 493 494 497
27 455 456 458 459 460 463 464 467 468 471 472 473 474 475 477 482 483 488 491 492 493 494 495 496 497 499 500
33 453 455 456 458 460 461 462 463 464 465 466 469 470 472 473 475 476 480 481 483 484 485 486 487 488 489 490 492 493 494 495 498 499
30 453 454 455 458 460 461 462 464 467 469 470 472 474 475 476 477 478 479 480 481 482 484 486 488 490 492 493 494 496 498
33 453 455 456 458 459 460 461 462 464 465 466 467 468 469 470 473 474 475 479 480 482 484 485 486 487 488 490 491 492 494 495 497 499
21 455 458 460 464 467 468 469 474 476 477 480 481 484 485 486 489 494 495 496 497 499
26 454 456 460 461 462 464 467 468 469 471 472 473 474 475 476 477 478 483 484 486 489 490 495 498 499 500
15 453 454 463 464 468 471 473 477 478 480 482 487 490 493 495
30 453 454 456 458 460 461 462 463 464 465 466 467 469 471 473 474 477 478 479 480 481 484 485 488 491 495 496 497 498 500
33 453 454 455 456 457 458 460 461 462 465 466 470 471 472 473 474 475 477 478 480 482 483 484 488 490 491 492 493 496 497 498 499 500
29 454 456 457 462 463 465 466 467 468 471 473 475 476 478 479 480 482 483 484 485 487 488 490 491 494 495 496 498 499
31 453 454 455 457 458 459 460 461 462 463 466 471 474 475 477 478 479 480 481 483 484 485 487 488 489 491 493 494 496 497 498
30 454 457 458 459 460 462 463 465 466 467 468 469 471 473 474 476 477 478 479 485 486 488 489 493 494 495 496 497 498 500
32 453 455 457 459 461 463 464 467 468 469 470 473 474 475 476 477 478 480 481 483 484 488 489 490 491 492 493 495 496 498 499 500
15 455 456 459 463 466 467 475 476 481 482 486 487 494 498 499
23 455 457 460 461 465 466 467 468 469 471 472 476 478 480 481 483 485 488 490 495 496 498 500
30 453 454 455 456 457 458 460 461 463 464 465 466 470 471 473 478 479 480 481 483 484 487 488 489 490 492 493 495 496 498
16 455 465 467 472 475 477 478 479 481 483 485 488 491 494 495 500
25 454 455 456 457 458 463 466 467 468 469 471 473 475 476 477 478 481 482 488 490 492 493 494 495 497
21 460 461 462 464 466 468 470 471 472 474 475 476 481 483 485 492 493 496 498 499 500
20 459 460 461 465 466 467 468 471 477 478 480 483 487 489 490 494 497 498 499 500
20 453 457 459 460 462 466 467 468 470 471 472 477 478 479 481 483 484 485 492 497
16 455 456 460 461 462 468 471 472 478 481 483 485 486 490 496 498
26 454 456 458 459 462 463 466 467 471 472 475 478 480 481 482 483 486 488 489 490 493 495 496 497 499 500
28 455 458 461 462 463 465 468 469 470 471 472 473 474 476 477 478 480 482 485 487 488 489 491 492 493 495 496 499
27 456 459 460 461 464 466 467 469 470 471 472 474 475 477 478 479 480 482 483 484 485 488 489 490 492 494 500
17 453 455 458 463 464 466 467 469 470 474 481 484 485 487 488 497 500
32 454 456 458 459 460 461 463 464 465 466 467 469 470 471 473 474 475 476 479 480 481 482 483 484 485 487 491 492 497 498 499 500
32 453 454 456 457 458 461 462 464 465 469 470 471 472 473 474 475 476 478 481 483 484 486 487 488 489 490 493 494 495 496 497 500
32 453 455 456 458 459 460 461 462 463 466 468 469 470 471 472 474 475 476 478 482 484 485 488 490 491 493 494 495 496 498 499 500
17 453 455 457 458 459 461 463 464 472 487 490 492 494 495 496 499 500
19 456 460 463 467 469 471 473 476 477 478 480 481 485 487 489 490 495 496 497
26 453 454 455 456 457 459 460 461 463 464 466 478 480 482 483 484 485 486 487 489 492 494 495 496 498 500
21 454 455 458 461 462 463 465 466 469 470 473 474 476 477 480 482 483 485 488 496 497
16 454 459 460 461 472 473 474 475 476 477 478 486 489 491 492 499
22 454 456 457 460 461 463 464 465 467 468 471 473 475 476 478 483 484 487 488 491 495 500
27 453 454 456 457 458 464 465 466 467 468 470 471 472 475 477 478 483 484 485 486 488 494 495 496 497 498 499
16 460 461 462 463 465 468 470 473 476 477 482 488 491 494 495 497
28 453 455 456 458 459 461 463 464 465 466 468 469 470 471 473 474 479 486 487 488 490 491 492 493 494 496 499 500
31 453 454 456 457 458 459 460 461 463 464 467 470 472 473 475 476 478 479 480 483 484 485 487 488 489 492 494 495 498 499 500
15 455 457 460 463 464 466 471 473 482 483 486 487 488 490 500
33 453 455 456 458 460 462 463 465 466 468 469 470 472 473 474 476 478 479 480 482 483 484 485 488 489 490 492 493 494 496 498 499 500
14 456 460 467 468 469 473 475 478 482 484 486 488 492 495
18 453 456 459 464 468 470 471 474 477 478 479 482 485 487 488 490 496 500
14 453 460 463 464 471 481 482 486 487 491 494 495 497 498
30 453 454 455 457 458 459 460 461 462 463 465 466 467 468 470 471 472 473 479 482 484 487 489 491 495 496 497 498 499 500
17 453 456 457 459 464 466 467 470 476 482 483 484 486 489 491 497 498
26 453 455 458 459 460 461 462 464 465 467 473 475 477 482 483 484 486 488 489 492 493 494 495 496 497 498
20 455 458 461 465 470 472 474 476 478 480 481 482 485 488 492 493 494 495 496 499
25 453 454 457 458 460 461 462 463 464 473 474 475 476 478 479 482 484 486 488 489 491 492 493 494 497
31 454 456 457 458 461 462 467 468 469 470 471 472 473 474 475 476 478 480 481 482 484 488 489 490 492 493 494 495 496 499 500
21 455 456 457 459 460 463 464 469 471 474 477 478 481 482 484 490 491 492 495 497 498
19 456 457 458 459 466 468 473 477 478 480 484 486 488 490 492 495 497 499 500
30 455 456 457 458 459 460 465 466 467 468 469 471 472 474 475 476 480 482 483 484 485 486 488 491 492 493 494 497 499 500
16 454 455 458 461 467 469 475 478 479 480 484 485 486 491 493 499
17 455 456 457 458 461 467 468 472 473 476 478 482 483 492 495 497 500
26 453 454 455 456 458 459 461 462 466 467 468 469 472 473 474 477 478 480 485 488 489 490 491 494 496 498
14 454 458 459 461 464 467 472 473 478 481 482 495 497 499
31 453 454 455 456 459 460 461 463 464 466 467 468 469 470 471 472 474 475 477 479 480 481 482 484 486 488 489 494 497 498 500
15 454 456 461 466 472 473 476 480 484 489 490 491 492 495 498
29 454 456 458 459 463 464 465 466 469 472 473 475 477 478 479 481 482 483 485 489 490 491 492 494 495 497 498 499 500
30 453 456 457 459 461 463 465 466 469 470 471 472 473 477 478 479 480 481 484 486 487 488 489 490 491 492 495 496 497 499
19 454 456 460 462 466 472 474 476 479 481 482 484 487 491 492 493 494 499 500
26 454 455 456 457 458 460 462 463 465 466 468 469 471 473 475 476 478 479 480 483 486 487 489 492 494 496
23 453 454 455 459 461 464 469 471 475 479 481 482 484 485 486 488 492 493 494 496 498 499 500
32 456 457 460 462 463 464 467 468 469 470 474 475 477 478 479 480 481 482 483 484 487 490 491 492 493 494 495 496 497 498 499 500
33 453 454 455 460 461 462 464 465 466 467 468 469 470 473 474 475 476 479 480 481 482 483 484 485 489 490 491 492 493 494 497 498 500
15 454 465 467 470 472 477 479 485 486 487 490 491 493 499 500
32 453 455 457 458 459 460 463 465 467 468 469 470 471 472 474 475 476 478 479 481 482 483 486 488 489 491 492 495 496 498 499 500
22 456 462 468 469 471 472 473 474 475 476 477 483 484 485 486 487 489 495 496 497 498 499
32 454 455 456 460 461 462 463 465 466 467 468 471 472 473 475 476 477 480 483 484 486 488 489 491 492 493 494 495 497 498 499 500
20 453 455 456 458 459 464 466 469 470 471 475 482 484 486 487 490 491 492 495 498
31 453 455 457 461 462 463 464 465 466 467 468 469 470 471 472 473 476 480 481 482 485 486 489 490 491 493 494 496 497 498 499
31 454 455 457 459 463 464 465 469 470 471 474 476 478 481 482 484 485 486 487 488 489 490 491 492 493 494 495 496 498 499 500
16 458 460 461 464 465 466 468 472 476 477 479 481 487 490 491 494
18 457 458 463 464 468 470 473 475 481 483 484 489 490 491 492 494 496 499
23 458 459 460 464 466 468 469 470 473 475 481 482 484 485 487 489 491 493 495 496 498 499 500
28 456 458 460 462 463 464 466 467 468 470 473 476 477 479 480 482 485 486 487 488 489 491 492 494 495 496 497 500
26 454 459 460 461 465 466 468 469 470 471 476 478 479 480 482 485 486 488 489 490 491 493 494 497 498 500
16 453 456 458 460 465 468 469 470 478 480 481 485 488 491 498 500
29 454 455 457 458 460 461 462 463 466 467 474 475 479 481 482 483 485 487 488 489 490 491 492 493 494 495 496 498 500
25 454 458 459 460 462 464 467 468 469 470 471 474 475 476 478 479 482 483 484 487 488 490 496 497 498
18 454 455 458 459 460 464 466 470 471 473 474 477 483 484 485 487 498 500
22 453 454 457 458 461 464 467 469 470 472 477 480 481 484 489 490 491 492 493 496 499 500
22 453 454 455 459 460 461 465 467 468 471 475 477 478 479 482 483 485 486 487 489 490 495
32 453 454 456 458 459 461 462 463 464 466 467 468 471 472 473 474 475 476 477 478 479 482 483 486 488 490 491 492 493 495 498 500
14 455 465 473 477 479 480 482 488 490 491 496 497 498 500
14 453 458 462 463 465 468 473 475 482 483 487 493 495 496
21 453 456 459 460 465 467 468 469 470 471 475 476 477 481 482 483 486 491 496 497 500
21 456 457 464 467 471 472 473 474 475 478 480 484 485 486 487 489 491 492 496 497 499
21 453 454 456 458 459 463 464 470 472 474 479 483 487 488 489 491 492 493 494 498 499
23 454 456 457 461 462 470 471 472 473 475 476 477 482 483 484 486 487 489 490 494 496 497 499
28 454 455 456 458 459 461 462 463 465 467 468 472 473 475 476 477 480 481 483 484 487 492 493 494 495 496 498 499
15 456 459 460 464 466 471 472 475 477 478 486 487 492 493 496
27 454 456 457 459 462 463 465 466 467 468 470 471 473 474 477 480 481 483 484 485 487 492 494 495 497 498 499
29 454 458 459 460 463 465 468 471 472 473 475 476 477 478 479 480 481 482 483 484 485 486 488 492 494 495 496 497 500
16 454 455 457 458 461 467 473 478 481 484 486 492 493 495 496 500
17 455 460 462 463 464 470 473 475 478 479 481 485 488 489 494 499 500
17 455 456 460 464 470 476 478 479 481 483 484 487 488 489 491 497 500
18 453 454 455 458 459 463 465 467 468 469 472 479 480 482 486 487 489 497
25 453 455 456 458 459 461 464 465 467 469 470 474 475 477 479 481 483 484 485 488 490 492 495 497 498
25 454 455 456 457 460 461 462 464 466 467 468 471 474 475 476 479 483 485 488 490 493 495 496 498 500
20 453 460 462 466 468 470 472 473 476 477 478 486 489 490 491 494 497 498 499 500
21 453 454 461 464 465 468 469 470 471 474 475 478 479 481 482 487 488 490 495 497 499
22 456 459 461 462 463 466 467 468 469 471 472 473 476 477 486 487 490 491 492 495 498 500
19 454 459 461 462 467 468 469 470 475 478 480 483 484 490 491 493 495 496 500
15 453 454 459 462 464 471 474 481 485 486 487 493 495 497 499
25 453 457 460 461 462 463 464 465 466 467 468 470 471 472 475 477 480 481 483 486 487 490 492 496 497
27 453 455 457 458 460 461 463 465 468 469 470 474 477 478 480 482 483 485 486 487 488 489 490 492 495 497 500
30 455 456 457 459 461 463 464 465 467 470 471 472 473 474 476 477 478 479 481 482 484 486 488 490 491 492 493 494 495 497
24 454 456 457 458 459 460 462 464 465 467 469 470 472 474 476 477 478 485 487 493 494 497 499 500
25 454 455 456 460 462 464 465 467 471 473 474 476 477 479 480 481 483 485 488 489 490 491 492 493 499
30 453 454 456 457 458 460 461 463 465 468 471 472 473 475 476 480 482 483 484 485 488 489 490 492 493 494 496 497 498 500
21 453 456 458 460 461 462 463 464 465 472 473 474 475 476 479 481 486 488 490 492 496
25 453 454 456 459 461 462 464 467 468 470 471 473 475 477 479 481 483 487 491 492 493 494 496 497 498
33 453 454 456 458 459 460 461 462 463 464 465 467 468 469 471 473 477 479 480 481 482 483 484 485 486 487 490 492 494 495 497 498 499
27 454 455 456 457 462 463 464 465 467 475 477 478 479 480 482 484 485 489 490 491 492 494 495 497 498 499 500
32 454 455 456 457 460 462 463 464 465 467 468 469 470 471 473 474 476 478 480 481 483 484 485 486 487 490 492 493 494 495 498 499
30 453 454 455 456 458 459 462 463 465 466 468 470 471 472 473 475 476 477 479 481 482 483 485 487 490 491 492 493 495 499
18 457 459 461 464 465 468 470 472 473 484 486 487 489 491 492 493 496 498
22 454 457 460 461 462 463 464 466 468 469 470 473 476 477 487 488 490 493 495 496 498 500
15 453 455 456 458 464 466 476 480 482 484 487 488 489 493 497
22 454 455 458 459 460 466 467 468 473 474 475 476 480 482 484 485 488 490 493 494 496 498
23 453 457 459 463 465 466 468 473 477 479 480 483 484 485 487 488 491 493 496 497 498 499 500
27 454 455 456 459 460 461 462 463 464 465 466 467 470 471 475 476 477 484 487 488 489 490 493 495 496 498 499
28 454 459 460 461 462 465 468 470 471 474 475 476 478 480 482 483 484 487 488 490 491 492 493 494 496 498 499 500
16 453 454 457 458 462 467 468 473 475 480 485 486 488 490 493 498
32 453 454 456 457 458 459 460 461 462 463 464 465 467 468 470 475 480 481 482 483 484 485 486 487 488 489 491 495 496 497 498 499
28 455 456 457 458 459 461 462 465 468 472 474 476 477 479 480 483 484 485 486 487 488 489 490 492 494 497 498 500
28 453 454 456 458 459 460 462 468 469 470 471 472 474 475 477 478 479 480 484 485 488 489 490 492 495 496 498 499
