245 1683
35 1 2 3 4 5 6 7 8 9 10 11 12 13 14 15 16 17 18 19 20 21 22 23 24 25 26 27 28 29 30 31 32 33 34 35
17 1 3 10 12 15 16 17 19 20 21 23 24 27 29 30 31 34
27 1 2 4 6 7 8 10 11 13 15 16 18 19 20 23 24 25 26 27 28 29 30 31 32 33 34 35
16 1 10 15 18 19 21 22 24 25 26 27 28 29 30 32 33
27 1 2 3 4 5 6 8 9 11 12 14 15 16 18 19 20 21 22 23 24 26 27 28 29 31 34 35
25 2 4 5 7 10 11 12 13 14 15 17 18 19 20 22 23 25 26 27 30 31 32 33 34 35
16 4 5 8 10 13 15 16 17 19 20 23 25 26 31 33 34
20 1 3 6 7 8 10 11 13 14 15 17 18 19 20 22 28 29 32 33 34
23 2 3 4 6 7 9 10 13 15 16 18 19 21 22 23 24 25 27 28 29 30 32 33
16 1 2 3 4 5 8 10 11 15 18 21 24 26 27 29 31
12 1 4 6 7 9 12 21 24 25 26 27 31
18 3 4 5 6 8 11 12 14 15 16 19 20 23 31 32 33 34 35
24 1 3 5 6 7 8 10 11 12 13 14 15 16 17 19 20 21 23 25 26 28 30 31 33
18 1 6 10 11 12 13 14 16 17 19 20 21 26 29 30 31 33 35
27 2 4 6 7 8 9 11 12 13 14 15 17 19 20 21 22 23 24 26 27 28 29 30 31 33 34 35
25 1 2 3 5 11 13 14 15 17 18 19 21 23 24 25 26 27 28 29 30 31 32 33 34 35
15 5 7 8 9 15 19 20 23 25 26 28 30 31 33 34
14 2 3 5 6 7 8 10 13 15 21 23 25 29 35
25 2 3 4 6 7 8 9 10 11 13 15 16 17 18 19 21 22 24 25 26 29 30 32 33 34
17 2 9 10 12 13 16 17 20 21 22 23 25 26 27 28 31 33
18 1 3 4 5 7 8 10 12 13 14 18 19 21 22 27 28 32 35
18 1 3 8 9 15 16 17 19 22 23 24 25 26 27 32 33 34 35
12 1 2 3 13 17 19 23 24 25 26 30 35
24 2 4 5 8 9 10 11 14 15 16 17 18 20 21 22 24 25 26 28 29 30 31 33 34
22 4 5 6 8 9 10 11 14 15 16 17 19 20 21 23 24 25 26 28 29 34 35
19 1 2 3 5 6 9 12 13 17 18 19 20 25 27 28 29 30 32 33
25 5 6 8 10 12 13 14 15 16 17 18 20 21 22 23 24 25 26 27 28 31 32 33 34 35
24 1 3 4 5 6 8 9 10 12 13 14 15 16 20 21 23 24 26 27 29 30 31 32 33
11 6 7 11 13 14 15 16 18 19 22 33
26 1 2 3 4 5 6 7 8 9 10 11 12 13 16 18 19 20 21 24 25 26 27 29 30 31 35
18 2 3 4 6 8 11 15 18 19 22 26 27 28 29 30 31 32 33
11 2 4 5 6 10 11 13 16 27 31 35
16 2 7 9 11 12 13 14 16 18 19 20 22 27 31 32 35
13 1 2 4 8 9 11 14 16 22 24 29 33 35
27 1 2 4 6 8 9 10 12 13 14 15 16 17 18 20 21 22 24 25 26 27 28 29 30 31 33 34
23 2 4 5 6 8 9 12 13 14 15 16 17 19 20 21 23 25 26 27 29 31 32 34
12 2 4 5 13 15 16 21 25 27 30 31 35
14 1 2 8 11 12 14 15 18 19 22 23 26 31 32
22 1 2 5 8 10 11 12 13 16 17 19 20 21 23 25 27 28 29 31 32 34 35
19 2 3 6 9 15 16 19 20 21 24 25 27 28 29 30 31 32 33 34
17 2 3 4 5 7 9 11 13 14 15 17 19 21 22 25 27 34
14 2 4 6 9 12 14 15 17 18 25 27 30 31 35
11 1 2 7 10 11 12 16 21 24 27 33
11 2 4 7 16 17 19 21 23 24 27 32
20 1 2 3 4 6 8 11 12 13 15 16 17 18 20 22 24 32 33 34 35
20 4 5 7 9 10 12 13 14 17 20 21 22 23 24 26 28 29 33 34 35
16 1 3 5 9 10 13 16 17 21 25 26 28 29 31 34 35
13 7 9 10 13 14 15 16 18 19 26 27 34 35
15 3 4 5 9 11 12 15 16 21 22 24 25 31 33 34
15 1 2 3 5 6 7 8 10 20 22 24 25 27 28 30
20 1 2 4 5 6 9 11 13 15 16 17 21 26 27 28 29 30 31 34 35
21 2 3 6 7 9 10 11 14 16 17 18 19 21 24 25 27 29 30 31 33 34
12 2 5 9 11 18 21 22 23 24 26 29 35
27 1 2 3 6 7 8 9 10 11 12 13 14 15 16 17 20 21 23 24 26 27 28 29 31 32 33 35
22 1 2 4 5 6 8 9 10 11 13 16 18 20 21 22 23 24 25 29 32 33 35
20 3 4 6 7 8 9 10 11 12 13 15 17 19 22 23 24 25 28 31 33
14 1 9 13 14 15 19 20 22 27 28 29 31 33 35
24 1 2 3 6 7 9 11 13 14 16 17 18 19 20 21 22 23 24 25 26 29 32 33 34
27 1 2 3 4 5 6 9 10 12 14 15 16 18 19 20 21 22 23 25 27 28 29 30 32 33 34 35
21 2 3 4 5 7 8 9 13 14 16 17 18 19 21 23 24 25 26 28 29 34
20 2 4 5 10 11 12 13 14 18 19 20 21 22 23 25 28 29 30 32 34
21 1 3 4 5 7 9 10 11 15 16 18 22 24 25 26 27 28 30 31 32 34
20 1 4 5 7 8 9 13 14 15 19 20 22 25 27 28 30 31 32 33 35
17 8 9 10 11 12 14 15 16 18 21 22 23 25 26 27 29 35
10 6 7 12 14 20 21 23 31 32 35
53 36 37 38 39 40 41 42 43 44 45 46 47 48 49 50 51 52 53 54 55 56 57 58 59 60 61 62 63 64 65 66 67 68 69 70 71 72 73 74 75 76 77 78 79 80 81 82 83 84 85 86 87 88
29 37 39 41 44 45 46 49 51 53 54 55 56 57 59 60 61 62 64 65 66 67 75 76 82 83 84 85 86 87
26 36 38 41 44 47 50 51 52 53 54 56 60 61 65 66 71 72 74 77 78 79 80 81 83 84 85
38 36 38 39 40 41 43 44 45 46 48 49 50 51 53 54 55 57 58 60 61 62 63 64 66 68 71 72 74 76 77 79 81 82 83 84 85 86 88
31 38 39 40 41 44 46 48 50 53 55 56 57 58 59 60 62 66 67 68 69 70 72 73 74 75 78 79 80 81 86 88
27 36 37 38 39 40 42 44 45 47 49 51 52 53 54 57 58 62 66 67 68 70 74 76 77 79 82 84
36 38 39 40 41 42 43 46 49 50 52 53 54 55 56 57 58 60 61 62 63 64 65 66 67 70 71 72 73 74 75 77 79 80 82 84 85
27 36 38 39 45 46 48 49 50 52 53 57 59 63 64 65 66 68 71 72 74 76 77 80 82 83 86 88
16 39 40 45 46 48 49 51 54 57 69 70 74 81 84 86 88
24 38 39 43 44 46 47 49 55 56 63 64 66 68 71 73 74 77 79 81 82 83 84 86 88
20 36 39 40 49 52 53 56 58 59 60 62 63 68 74 76 77 81 83 87 88
31 40 41 42 43 44 47 48 51 52 53 54 58 60 61 63 64 65 67 68 70 76 77 78 79 80 82 83 84 86 87 88
31 38 40 42 43 47 48 50 51 52 53 55 57 58 60 61 63 66 67 69 70 72 73 74 76 77 79 82 83 85 87 88
33 36 37 38 40 41 42 43 46 49 50 53 55 56 57 58 59 60 61 64 65 66 67 68 69 71 72 75 77 80 81 85 86 87
17 37 38 39 42 45 48 52 61 65 66 69 70 79 81 85 87 88
17 37 38 39 49 50 53 55 61 62 70 73 75 76 78 82 84 85
34 36 37 38 43 45 46 47 48 49 50 51 52 55 57 58 60 61 62 63 66 67 69 72 74 76 77 78 79 81 83 84 86 87 88
27 36 37 38 40 41 45 46 48 49 50 53 56 57 60 61 62 67 71 72 73 74 75 78 80 82 83 84
29 36 37 38 40 41 44 46 47 48 50 51 52 53 54 59 65 66 69 70 72 73 75 76 79 80 81 82 84 85
17 38 42 43 44 48 50 55 62 65 73 74 76 81 82 84 85 86
36 36 37 39 40 41 42 44 45 47 48 49 51 53 55 56 57 59 60 61 62 63 64 66 67 68 69 71 75 76 77 78 79 81 83 84 86
38 36 37 38 39 42 43 44 45 46 47 49 50 51 52 53 56 57 58 59 60 61 62 63 65 66 67 68 69 71 72 73 74 80 81 82 83 85 88
23 37 38 41 43 49 53 55 57 61 65 67 68 70 73 74 75 76 78 80 81 84 85 86
36 36 37 38 39 40 41 42 43 44 45 46 50 51 53 58 60 61 62 64 65 67 70 71 73 75 76 77 78 79 80 81 82 83 84 85 87
16 40 44 47 53 55 56 57 58 65 66 69 70 77 79 82 86
35 36 37 38 39 40 41 43 44 45 46 49 50 54 57 58 60 61 62 63 64 65 66 67 68 69 70 71 72 73 76 78 79 81 87 88
25 39 42 45 48 51 52 55 56 57 58 59 60 63 64 68 71 74 75 76 77 79 80 82 85 87
35 37 38 39 40 41 42 44 46 47 48 50 51 52 53 55 56 57 58 59 60 61 63 66 67 68 69 70 71 73 74 80 83 84 85 86
39 36 38 39 41 42 43 44 45 46 47 49 50 51 52 53 54 56 57 58 60 62 63 65 68 69 70 71 73 75 76 78 79 80 81 83 85 86 87 88
28 37 40 41 44 45 46 47 49 50 51 54 57 58 59 60 62 63 65 66 69 72 73 74 75 77 78 85 87
24 37 38 41 43 44 45 46 48 49 51 53 55 59 60 63 71 72 74 75 76 77 80 81 82
37 36 38 39 41 42 44 45 46 47 49 51 53 54 55 56 57 58 61 62 63 64 66 67 68 69 70 72 73 74 75 76 77 80 81 83 86 87
30 89 90 91 92 93 94 95 96 97 98 99 100 101 102 103 104 105 106 107 108 109 110 111 112 113 114 115 116 117 118
21 89 91 92 94 95 96 98 99 100 101 102 104 106 109 110 111 112 114 116 117 118
15 89 90 92 93 96 97 101 102 103 107 109 110 112 114 115
13 94 95 97 99 100 101 102 107 112 113 116 117 118
12 90 91 95 96 97 98 101 107 110 113 115 117
10 91 94 98 100 101 102 111 112 113 115
18 89 90 93 94 96 99 100 101 103 106 108 110 111 112 114 116 117 118
22 89 90 91 92 93 94 96 97 99 100 101 102 104 108 109 110 111 112 115 116 117 118
19 89 90 92 93 96 97 98 99 100 101 103 105 106 107 109 110 111 115 118
20 91 93 95 96 98 102 103 104 106 107 108 110 111 112 113 114 115 116 117 118
9 89 90 93 97 100 107 109 114 118
10 89 90 92 93 97 98 99 100 102 115
12 89 91 96 99 104 105 107 111 112 113 116 117
23 89 91 92 94 95 96 98 99 101 102 103 104 105 106 107 110 111 112 114 115 116 117 118
23 89 90 92 93 94 95 96 100 102 103 104 105 106 107 108 109 110 112 113 115 116 117 118
16 89 91 92 94 95 96 97 98 99 101 104 106 109 114 116 118
7 119 124 125 129 137 142 153
10 127 134 140 143 146 148 149 151 152 153
10 122 123 125 127 129 138 144 145 151 155
21 119 120 122 123 124 125 126 128 129 131 133 135 137 139 143 145 146 147 153 154 156
12 120 123 125 128 129 130 136 140 141 143 145 146
3 120 130 136
18 121 122 124 130 132 133 134 135 138 141 144 145 148 149 151 152 153 154
19 120 123 124 127 128 129 130 131 133 135 136 139 140 143 149 151 153 154 156
14 119 121 124 125 129 131 134 140 145 146 147 150 154 155
6 120 121 150 151 152 155
10 123 128 132 133 136 138 141 144 149 156
18 120 121 122 127 128 131 133 134 135 136 138 140 141 143 149 150 153 156
12 122 125 126 127 128 129 132 135 136 139 149 153
12 120 121 127 128 132 135 137 144 146 148 155 156
9 120 126 133 137 149 150 152 154 155
17 121 127 130 132 134 136 138 140 141 142 144 148 149 150 151 152 155
10 121 124 131 133 140 141 145 146 147 156
20 119 120 123 125 126 127 128 129 131 136 137 139 140 142 143 146 147 150 155 156
4 127 135 148 152
16 119 121 122 125 132 137 138 141 142 145 146 147 148 150 152 155
11 123 125 129 137 139 144 146 147 148 151 152
6 122 139 141 143 146 148
18 119 121 124 126 129 130 131 132 135 138 139 140 141 142 143 147 149 150
8 123 128 131 132 134 135 141 156
17 120 121 122 124 125 128 129 130 133 136 138 139 142 144 145 150 156
7 120 124 130 132 138 149 151
6 128 135 150 152 155 156
13 122 124 129 130 131 133 136 141 143 147 149 150 151
11 122 123 125 127 133 134 144 148 151 152 156
13 122 123 124 129 130 134 142 143 144 146 152 153 156
14 119 121 123 124 131 137 140 142 144 145 150 151 152 153
3 126 134 144
14 119 121 124 125 127 129 130 136 139 142 144 145 146 151
15 120 126 127 130 133 134 138 139 140 141 143 146 147 151 154
29 120 121 122 123 124 125 128 129 131 132 134 135 136 137 139 140 142 143 144 146 147 148 149 150 152 153 154 155 156
10 124 126 133 137 142 144 147 150 154 156
10 123 125 131 135 142 144 145 147 153 154
16 119 124 126 127 128 129 130 132 133 134 136 137 138 140 149 156
26 119 121 125 126 127 129 130 132 133 135 136 137 138 140 142 143 145 146 147 148 150 151 152 153 154 155
15 119 121 122 125 127 128 131 132 135 140 141 143 146 148 151
9 119 124 126 130 132 142 145 154 155
24 119 121 123 126 128 129 130 132 133 136 140 141 142 143 144 145 147 148 151 152 153 154 155 156
8 127 129 134 143 145 154 155 156
1 142
5 123 126 134 145 154
7 121 126 129 136 140 146 154
19 119 121 123 124 126 128 136 137 140 141 143 145 146 148 150 151 152 153 156
4 125 139 150 154
11 120 122 125 126 129 130 132 136 141 143 149
14 123 124 125 128 131 132 135 140 141 144 146 147 150 151
17 119 120 121 122 126 128 133 135 137 138 139 144 146 147 151 152 155
5 119 121 133 138 139
14 119 120 123 125 127 130 131 133 139 142 143 144 153 154
10 119 126 131 135 137 138 148 149 151 155
8 119 125 138 139 140 142 152 153
14 120 122 124 125 127 131 134 135 137 138 139 146 149 150
13 121 124 128 130 131 132 134 137 139 143 146 153 156
20 123 124 126 129 133 134 137 138 139 142 144 145 147 149 150 152 153 154 155 156
16 119 121 122 127 131 132 134 135 138 139 148 149 151 152 153 155
20 119 122 123 125 127 128 131 133 134 137 139 141 142 144 148 150 152 153 155 156
12 120 122 123 124 128 131 134 139 141 144 149 156
11 120 122 126 130 136 137 142 148 149 152 153
14 121 124 135 137 140 145 146 147 148 149 150 152 155 156
15 119 120 123 130 134 137 138 143 144 148 150 151 152 154 155
7 122 138 140 143 147 148 153
14 123 124 127 129 131 134 136 141 142 148 150 153 154 156
3 128 132 141
4 135 143 145 147
7 125 130 132 140 143 145 149
7 122 126 129 134 136 138 151
10 120 122 126 130 137 139 142 143 151 153
9 120 128 136 137 145 146 153 154 155
10 121 122 123 131 132 136 144 145 148 149
9 119 126 127 130 133 138 141 145 151
19 120 122 125 127 129 130 131 132 133 134 135 138 139 142 144 147 149 154 155
15 119 120 126 133 135 136 140 141 142 147 148 149 150 152 154
11 119 123 126 131 132 135 137 141 147 154 155
11 120 121 127 128 132 133 136 140 141 145 147
13 127 128 133 134 135 138 139 146 147 148 154 155 156
2 148 152
12 119 121 127 131 132 135 139 148 149 152 153 155
12 120 126 133 135 136 140 142 147 148 149 150 152
12 119 121 124 126 130 132 139 140 142 143 147 150
2 128 141
7 120 127 133 139 143 153 154
17 119 120 127 128 129 131 136 137 139 140 142 143 146 147 150 155 156
14 121 122 124 133 135 138 141 144 145 149 151 152 153 154
12 121 122 125 132 137 141 146 147 148 150 152 155
1 134
1 134
6 119 125 138 139 152 153
7 122 123 127 134 148 152 156
3 123 126 134
5 121 124 131 133 147
9 121 122 129 130 133 138 142 144 150
10 121 127 128 132 137 144 146 148 155 156
7 127 134 143 146 148 151 153
6 119 125 139 140 142 153
11 120 124 129 131 135 139 143 149 151 153 154
7 120 133 137 149 150 152 154
14 120 122 127 128 131 133 136 138 140 141 143 149 150 153
9 122 124 129 130 131 136 141 147 150
3 120 124 149
5 127 130 133 145 151
7 126 136 137 148 149 152 153
5 135 150 152 155 156
14 127 130 134 136 138 140 141 142 144 149 150 151 152 155
12 120 121 124 125 128 129 130 138 139 144 145 150
12 127 130 132 134 136 138 140 141 142 144 148 155
3 125 137 153
4 126 134 138 151
13 124 129 134 137 138 139 144 145 147 149 153 154 156
15 119 122 123 125 127 128 131 133 134 137 139 141 148 152 155
8 123 124 129 130 134 143 152 156
3 143 148 153
7 119 124 126 132 142 154 155
5 120 149 150 152 154
10 120 127 128 131 134 135 138 141 153 156
10 127 128 133 134 146 147 148 154 155 156
5 127 143 145 154 155
2 134 144
8 119 120 127 131 133 142 143 154
3 134 145 154
8 122 130 133 141 147 149 150 151
14 123 124 126 129 137 138 142 145 149 150 152 153 154 155
7 122 123 127 133 134 148 152
8 122 126 137 142 148 149 152 153
13 119 121 122 133 135 137 138 139 144 146 147 152 155
6 120 137 149 152 154 155
4 122 140 143 147
9 120 126 128 133 138 144 146 152 155
8 125 129 137 139 144 146 147 151
5 123 128 131 132 135
4 120 121 150 152
9 120 126 130 133 134 138 140 141 151
16 119 123 125 127 128 129 131 136 137 139 140 143 146 147 150 156
5 119 139 140 142 152
8 122 123 124 129 134 144 146 153
1 144
8 121 122 131 132 136 144 145 148
7 121 127 132 135 137 146 155
14 120 121 122 124 129 130 133 138 139 142 144 145 150 156
7 124 126 133 137 142 144 150
14 130 132 133 134 135 138 141 144 145 149 151 152 153 154
16 119 120 123 125 126 128 129 131 133 135 137 139 145 153 154 156
5 121 126 129 140 154
7 122 123 125 144 148 151 152
14 121 127 130 132 134 138 141 142 144 148 149 150 151 155
11 124 125 127 129 130 136 139 144 145 146 151
2 126 134
2 145 147
6 119 135 137 138 149 155
10 119 121 140 141 143 146 150 151 152 156
5 131 142 144 153 154
14 120 123 124 127 130 135 136 139 140 143 149 151 153 156
1 120
10 121 127 130 134 138 140 142 149 151 155
4 119 121 133 138
6 126 133 137 149 150 152
7 121 124 141 145 146 147 156
7 129 134 136 141 148 150 154
10 121 124 130 132 134 138 149 151 152 153
10 127 128 133 134 139 146 147 148 154 155
6 128 135 138 139 148 156
5 120 133 137 152 155
7 120 122 126 139 142 151 153
2 134 145
3 123 126 154
2 126 134
15 119 126 129 130 132 133 136 141 143 147 151 152 154 155 156
8 123 124 127 131 136 150 153 154
16 124 126 129 133 134 137 139 144 145 147 149 150 152 153 154 156
9 119 123 126 131 135 137 141 154 155
8 120 122 126 139 142 143 151 153
7 123 129 134 144 146 152 153
6 120 124 131 134 144 149
7 120 133 137 149 150 154 155
4 120 150 152 155
4 123 132 134 141
7 122 126 136 137 142 149 152
16 121 123 124 126 128 137 140 141 143 145 146 148 150 151 153 156
7 120 122 123 124 131 134 156
11 120 124 128 131 133 140 143 149 151 153 154
5 125 129 137 142 153
1 136
16 122 125 127 130 131 132 133 134 135 138 139 142 144 147 149 154
12 119 121 125 128 131 132 135 141 143 146 148 151
14 119 120 123 125 129 131 136 137 139 140 142 143 150 156
1 136
6 134 143 145 154 155 156
4 130 132 138 149
6 122 123 125 127 152 156
9 123 124 127 129 134 136 150 153 154
12 119 124 126 128 137 140 143 145 146 151 153 156
13 120 121 122 128 133 137 138 139 144 146 147 151 155
9 123 128 129 130 136 140 141 145 146
6 122 127 134 148 152 156
3 138 147 148
10 124 130 132 134 144 145 148 152 153 154
11 123 124 129 130 142 143 144 146 152 153 156
6 123 132 134 135 141 156
10 120 121 124 128 133 138 142 144 150 156
12 121 122 124 130 132 133 134 141 144 149 152 153
10 121 124 129 131 134 140 145 147 150 154
1 144
5 120 133 152 154 155
12 119 123 127 128 131 136 137 140 143 146 150 156
4 128 135 152 155
7 123 125 127 138 144 145 151
23 121 122 123 124 131 132 134 136 137 139 140 142 143 144 146 147 148 149 150 152 153 155 156
9 121 124 130 132 133 145 149 151 153
25 120 121 122 123 124 125 128 129 131 132 135 136 137 140 142 144 146 147 148 149 152 153 154 155 156
10 123 124 127 129 134 136 142 150 154 156
5 122 126 142 151 153
10 135 137 145 146 147 149 150 152 155 156
12 123 124 127 129 134 136 141 142 148 150 154 156
11 120 123 125 130 133 139 142 143 144 153 154
7 128 136 137 145 146 154 155
13 121 122 124 130 132 135 138 141 144 145 149 151 154
4 125 129 137 142
6 121 140 141 145 146 147
10 120 123 128 129 130 136 140 143 145 146
5 124 133 141 145 147
9 119 125 131 132 135 141 143 146 151
2 125 139
9 121 122 132 133 148 149 151 153 154
7 119 123 135 137 141 154 155
9 123 125 137 139 144 147 148 151 152
10 120 126 133 134 138 139 141 143 147 154
5 127 128 133 140 145
3 138 147 153
3 139 150 154
8 133 135 140 141 147 148 152 154
8 123 125 127 129 138 144 151 155
6 120 124 130 132 138 151
2 134 154
14 121 127 130 132 134 138 140 141 142 144 148 150 152 155
18 121 122 123 124 125 128 129 131 132 134 135 137 144 146 147 148 149 154
5 123 131 145 153 154
15 122 123 127 128 131 134 137 139 141 142 144 152 153 155 156
5 132 133 138 141 149
10 119 123 124 126 133 135 139 143 145 156
7 136 140 141 148 149 150 154
9 123 124 127 131 134 136 142 150 153
18 119 123 126 128 130 132 133 136 140 141 142 144 145 147 151 152 154 155
3 126 129 146
2 128 132
8 120 126 133 138 139 140 151 154
8 121 127 128 132 133 136 145 147
11 119 121 125 129 131 140 145 146 147 154 155
17 121 125 126 127 129 130 135 138 145 146 147 148 150 151 152 153 154
8 123 125 129 139 144 147 148 152
12 119 121 124 125 127 129 130 136 144 145 146 151
4 139 141 143 146
10 125 127 129 130 136 139 142 144 145 151
5 119 131 137 148 155
8 122 125 134 144 148 151 152 156
10 124 130 132 138 141 144 148 149 151 153
7 121 124 130 134 139 143 153
10 122 124 129 133 141 143 147 149 150 151
7 123 124 134 141 150 153 154
15 121 122 127 131 133 134 135 136 138 140 143 149 150 153 156
2 128 141
7 126 127 130 133 146 147 151
13 119 122 123 124 125 126 128 129 133 143 146 147 153
8 125 129 131 140 145 146 154 155
9 119 124 131 137 140 142 144 152 153
3 133 138 139
5 125 129 130 136 149
7 123 128 136 138 144 149 156
8 122 127 128 131 132 140 146 151
7 135 137 148 150 152 155 156
8 123 125 137 139 144 146 147 151
21 121 125 127 129 132 133 135 136 137 138 140 142 143 145 146 147 150 151 152 153 155
9 123 125 128 135 141 144 146 147 150
17 119 123 125 127 128 131 133 134 137 139 141 142 150 152 153 155 156
5 120 125 126 141 149
6 122 138 140 143 147 148
7 122 126 136 137 142 148 153
13 128 133 134 137 139 141 142 144 148 152 153 155 156
11 121 124 135 137 140 147 148 149 150 152 156
6 121 122 123 144 145 149
5 122 141 143 146 148
15 119 122 123 125 128 133 134 139 141 142 150 152 153 155 156
5 123 133 141 149 156
14 122 124 130 134 135 138 141 145 148 149 151 152 153 154
4 122 138 140 143
2 128 132
10 122 125 126 127 129 135 136 139 149 153
16 119 125 126 129 130 136 138 140 142 143 146 151 152 153 154 155
3 133 138 139
15 120 122 127 129 130 131 133 135 138 142 144 147 149 154 155
8 120 122 124 125 135 137 149 150
5 131 135 137 138 149
7 128 133 139 146 147 154 156
12 119 136 137 140 143 145 146 150 151 152 153 156
6 134 143 146 148 149 151
8 127 140 143 146 149 151 152 153
3 127 148 152
12 120 121 122 127 131 133 140 141 143 149 153 156
7 119 123 127 130 131 153 154
3 139 146 148
12 123 124 128 133 135 136 139 140 143 153 154 156
8 120 122 125 126 130 136 143 149
8 122 124 131 133 136 143 147 150
16 119 121 124 126 128 136 137 141 145 146 148 150 151 152 153 156
6 122 126 137 139 143 151
6 140 143 146 148 149 151
15 120 122 127 130 131 132 134 135 138 139 144 147 149 154 155
4 140 143 148 153
4 119 124 125 153
2 128 141
10 119 120 123 125 127 133 142 143 144 154
11 121 122 127 131 134 136 141 143 149 150 153
2 123 126
16 119 125 126 130 132 133 135 136 138 140 143 145 146 148 150 153
10 124 127 129 131 134 141 148 150 153 156
13 127 128 129 130 131 135 136 139 140 143 151 154 156
6 124 133 137 144 147 156
7 123 125 131 135 144 147 153
12 121 124 125 127 129 130 136 139 144 145 146 151
17 119 123 130 132 133 136 140 141 144 145 148 151 152 153 154 155 156
10 121 127 134 136 140 141 142 150 151 155
13 121 124 128 136 137 140 141 145 148 150 152 153 156
12 123 124 126 129 137 138 139 142 150 152 154 156
16 120 121 123 128 129 131 132 136 137 139 142 144 146 147 152 154
15 119 121 123 124 126 128 137 140 141 143 148 150 151 152 156
3 122 126 151
14 127 130 134 136 140 141 142 144 148 149 150 151 152 155
8 124 126 133 144 147 150 154 156
5 120 126 150 152 154
2 135 152
7 124 126 133 137 144 154 156
9 120 121 127 128 132 136 140 141 145
4 125 130 143 145
11 121 130 132 138 140 141 142 144 148 149 151
6 128 133 136 138 144 149
14 120 122 123 124 126 128 129 131 133 137 139 146 147 156
10 119 123 125 127 130 133 139 142 153 154
13 124 127 128 129 130 132 134 136 137 138 140 149 156
8 119 123 134 137 143 144 148 155
7 120 122 130 136 137 148 149
12 122 132 134 135 141 144 145 149 151 152 153 154
7 123 128 132 136 138 141 144
8 123 128 132 133 141 144 149 156
15 121 122 124 130 132 133 134 135 141 144 145 148 151 152 153
2 121 139
18 119 121 123 126 128 129 130 133 136 140 142 143 145 147 151 154 155 156
8 120 122 128 131 134 141 149 156
4 126 127 133 138
1 128
14 121 124 126 129 130 132 135 138 139 140 141 142 143 149
9 119 124 129 131 134 140 146 150 154
8 121 127 128 132 135 137 146 156
6 123 128 132 134 141 156
12 120 123 127 128 130 131 135 136 139 140 149 154
2 132 141
13 119 120 121 122 126 133 135 138 144 146 147 152 155
7 125 127 128 131 132 143 151
6 128 131 134 135 141 156
9 123 124 129 130 134 143 144 152 156
11 121 123 124 131 142 144 145 150 151 152 153
7 124 131 134 139 141 144 156
4 132 140 145 149
6 121 122 131 132 145 149
7 126 133 137 149 152 154 155
12 120 121 124 128 130 133 136 138 139 142 150 156
13 119 124 126 129 130 135 139 140 141 142 147 149 150
7 122 124 129 136 141 147 151
8 123 128 133 138 141 144 149 156
8 127 130 133 138 141 146 147 154
7 131 137 138 148 149 151 155
12 125 126 128 129 131 143 144 145 150 151 154 155
21 122 123 125 126 127 128 129 131 133 136 137 138 141 143 144 148 149 151 152 154 155
14 121 122 125 126 129 135 137 139 140 145 147 150 153 154
23 121 122 123 127 128 129 131 132 133 134 138 142 143 144 145 146 147 148 150 151 152 154 155
19 121 122 123 124 125 126 129 131 132 133 135 137 138 139 140 141 146 151 153
18 119 120 123 124 127 132 133 134 137 138 139 140 143 145 146 148 151 155
20 121 122 123 124 125 127 128 130 134 136 139 143 144 146 147 149 150 153 155 156
15 121 123 125 127 134 135 136 141 144 145 148 151 152 154 155
14 123 127 128 129 131 137 143 145 146 149 150 151 153 154
24 120 121 122 123 126 127 130 131 132 133 134 135 138 139 140 141 143 144 146 148 150 152 154 155
24 119 120 125 128 129 130 131 133 134 135 136 138 139 140 142 143 144 148 150 151 152 153 155 156
18 119 122 124 127 131 133 134 136 139 145 147 148 149 151 152 153 154 156
13 119 125 126 130 132 134 138 144 147 149 150 151 155
26 119 120 123 124 125 127 128 129 130 132 134 136 137 139 140 141 143 145 146 147 148 149 151 153 155 156
22 119 121 123 125 129 131 132 133 134 135 136 138 141 143 144 145 147 149 152 153 154 156
25 119 120 122 124 125 126 127 128 129 132 133 135 136 137 140 141 142 143 144 148 149 151 152 154 155
23 121 123 125 126 127 129 130 133 134 136 137 138 140 142 144 145 146 147 148 149 152 153 154
23 120 121 122 126 128 130 131 132 133 135 137 138 140 141 144 145 146 148 149 151 152 154 156
13 120 122 124 125 126 128 129 131 132 136 147 148 149
11 122 123 124 137 138 140 143 145 148 150 153
17 123 124 125 128 129 131 132 137 141 145 150 151 152 153 154 155 156
22 120 121 122 124 125 126 129 130 131 133 135 136 137 139 144 145 146 148 149 150 152 155
23 121 123 124 126 127 131 132 134 135 136 138 139 140 141 143 146 147 150 151 152 154 155 156
14 120 121 123 126 136 137 145 146 148 151 152 154 155 156
21 121 125 126 127 132 133 134 136 138 139 141 142 144 145 146 147 148 149 150 151 156
12 120 125 128 136 137 139 141 143 146 147 152 154
23 123 124 125 127 129 130 132 133 135 136 139 141 142 145 146 147 149 150 151 152 153 154 156
18 119 120 121 122 125 126 127 129 132 133 134 136 144 147 148 151 155 156
25 119 120 121 122 123 124 125 127 129 130 132 135 136 138 139 140 141 143 144 145 146 147 148 155 156
20 123 126 127 128 129 130 134 135 137 141 143 144 148 149 150 151 152 153 154 155
23 121 122 125 128 130 133 134 137 138 139 140 141 142 145 146 147 148 150 151 152 153 155 156
26 119 121 122 123 126 127 128 129 131 132 133 134 136 137 138 139 142 143 144 145 146 148 150 152 153 154
23 119 120 121 124 125 127 128 129 131 132 134 135 136 137 138 140 143 144 148 149 151 154 156
13 128 129 131 133 134 139 141 143 144 148 150 152 154
23 120 121 122 124 125 126 129 130 131 133 136 138 140 141 142 143 145 146 147 149 152 155 156
22 119 120 121 124 127 128 129 130 131 133 134 138 140 142 143 145 147 148 150 152 154 156
21 119 120 122 123 125 126 127 128 132 133 134 136 138 139 140 143 144 147 153 155 156
14 119 121 127 128 129 130 139 140 144 145 149 151 154 156
13 119 121 123 124 125 131 132 142 143 145 147 154 156
25 119 120 121 123 124 125 127 132 133 134 135 136 137 140 142 143 144 145 147 148 149 151 152 154 155
19 121 122 123 131 132 138 139 141 142 143 146 147 148 151 152 153 154 155 156
17 120 122 124 131 135 138 140 141 144 145 146 151 152 153 154 155 156
23 119 120 121 122 124 125 126 127 128 129 132 133 135 137 138 139 141 144 145 146 147 151 154
21 119 120 123 124 125 127 128 129 132 135 136 137 139 143 144 147 148 149 153 154 156
24 119 120 121 125 126 128 131 132 135 136 137 138 142 143 144 146 147 148 149 151 152 153 154 155
16 121 122 123 129 138 139 140 141 143 147 148 149 150 151 152 155
22 119 120 121 122 123 125 126 129 130 133 134 136 138 139 141 142 143 144 147 149 150 156
20 123 125 126 127 129 130 131 132 134 137 139 143 146 147 148 149 150 152 154 156
26 120 121 122 123 125 127 128 131 132 133 135 136 138 139 140 142 143 144 147 148 149 150 151 153 155 156
16 120 123 125 126 127 129 130 137 139 143 145 146 149 150 152 154
14 120 123 125 127 134 139 140 141 147 150 151 152 153 155
19 122 124 125 127 128 129 134 136 138 142 143 145 146 147 150 151 152 153 154
25 119 120 121 122 123 125 126 128 129 131 132 133 134 135 138 142 143 144 145 146 147 150 151 152 153
11 120 123 127 136 143 149 150 151 152 153 155
22 122 123 127 128 129 130 132 133 135 136 137 138 139 140 141 142 146 147 148 151 154 156
19 119 120 122 123 125 128 130 134 135 136 138 142 144 145 146 148 150 152 155
22 120 123 125 126 127 128 129 132 133 137 138 139 141 142 145 147 148 149 150 151 152 154
16 119 121 122 126 129 130 133 135 137 138 139 141 142 149 152 153
18 121 124 128 131 132 133 134 136 140 141 143 144 145 146 147 149 150 156
16 119 121 122 125 129 131 132 137 140 141 146 148 151 152 153 154
20 119 120 121 123 124 131 132 133 135 136 141 142 143 144 146 147 148 150 154 156
16 119 120 124 125 126 129 131 132 134 137 140 141 143 145 146 147
22 121 122 123 126 127 128 133 135 137 139 140 141 142 143 145 146 147 148 149 150 155 156
11 120 121 124 126 128 130 132 138 144 146 155
19 119 121 123 125 126 130 134 135 137 139 140 141 142 144 146 147 150 151 155
22 120 122 123 124 125 126 128 130 131 136 138 142 143 144 146 147 148 149 150 152 153 154
24 119 122 124 128 130 131 133 134 135 136 137 138 141 142 144 145 146 147 148 149 151 152 155 156
22 119 120 122 123 124 125 129 130 131 139 140 141 142 143 145 146 147 150 151 152 154 155
26 119 122 124 125 126 127 128 129 130 134 136 137 139 140 141 142 145 146 148 150 151 152 153 154 155 156
14 124 125 126 127 128 130 133 135 142 143 149 151 152 155
15 122 127 128 129 132 135 136 138 139 143 145 146 149 155 156
25 119 120 121 122 124 125 127 128 130 131 133 134 136 138 139 142 144 145 146 148 150 151 154 155 156
21 119 120 121 122 123 125 129 130 131 135 138 139 141 142 144 145 146 150 152 153 154
16 120 121 124 127 130 133 135 136 138 140 142 145 146 151 154 155
11 125 126 129 135 136 142 144 145 147 150 152
15 120 122 124 127 130 133 134 135 136 139 141 142 147 153 155
19 120 121 122 124 133 134 136 137 139 140 142 144 145 146 150 151 152 154 156
16 120 121 123 125 128 130 132 139 140 146 147 150 153 154 155 156
17 120 122 125 130 132 133 140 141 142 143 145 147 148 149 151 152 155
17 122 125 126 127 131 132 133 136 139 141 142 146 147 149 152 154 156
23 120 121 123 126 128 130 131 134 135 136 140 141 142 143 144 145 147 148 150 151 152 154 155
21 121 122 123 125 126 127 128 130 133 136 137 138 142 143 145 147 148 150 152 153 155
15 126 127 131 132 133 134 135 136 138 139 141 147 148 151 155
24 119 120 122 123 124 125 127 129 130 131 137 138 139 140 143 144 145 149 150 151 153 154 155 156
22 120 121 123 124 125 127 128 129 134 135 137 140 141 142 144 148 149 150 151 152 153 156
25 119 120 121 122 123 125 126 127 130 132 134 136 137 140 142 145 146 147 150 151 152 153 154 155 156
25 119 120 121 124 125 127 128 130 131 133 135 140 141 142 143 144 145 146 147 150 151 152 153 155 156
22 119 122 123 124 129 131 132 133 134 135 136 140 141 143 144 147 148 149 152 153 155 156
12 119 121 125 132 134 135 141 146 148 149 154 155
16 120 121 122 123 126 130 131 133 136 138 140 141 142 146 152 153
14 119 120 123 126 127 130 131 132 134 136 137 141 150 152
11 121 124 128 130 131 135 137 142 145 150 156
20 119 122 123 128 130 131 133 136 138 139 140 143 145 146 147 151 152 153 154 155
14 121 122 127 130 132 137 138 140 141 142 143 149 151 156
19 119 120 121 122 125 126 128 130 131 133 136 137 138 139 142 144 145 147 148
21 122 123 127 129 131 133 134 135 136 138 140 141 143 144 145 147 149 150 151 153 156
15 119 122 125 132 133 134 136 139 142 143 144 145 153 155 156
15 119 122 125 126 128 129 136 137 139 140 141 145 146 151 152
12 124 125 129 131 133 135 144 146 147 151 155 156
13 122 124 125 127 130 134 137 142 143 149 151 152 154
13 119 123 125 126 127 128 130 131 135 139 148 149 151
15 119 124 125 126 128 131 135 137 140 141 143 145 149 155 156
22 126 130 131 132 133 134 135 136 137 138 139 141 142 143 145 146 148 149 150 152 155 156
24 119 122 126 127 128 130 131 132 133 136 137 138 140 143 144 145 146 148 151 152 153 154 155 156
24 119 120 121 125 129 130 132 133 136 138 140 141 142 143 146 147 148 149 150 151 152 153 154 155
21 120 121 122 123 124 127 130 131 137 138 139 140 141 142 146 148 149 150 153 154 155
17 123 124 125 129 130 131 132 135 136 139 141 142 143 144 146 153 155
12 123 130 139 141 143 144 145 147 150 153 154 156
22 119 120 122 124 125 126 127 130 132 133 134 135 136 139 142 144 147 148 149 150 155 156
13 119 120 122 129 134 139 140 141 145 146 147 148 149
18 119 121 123 126 129 130 132 133 134 136 137 138 141 145 147 150 154 156
20 120 121 122 125 127 128 129 130 131 132 135 136 137 138 139 140 142 143 149 150
13 122 124 130 134 138 139 140 143 146 149 150 154 155
17 119 120 121 124 126 127 128 133 134 135 137 139 140 141 145 146 156
11 119 121 126 131 139 140 141 142 145 150 154
14 120 123 127 128 129 133 134 139 140 141 143 147 153 155
26 120 121 123 126 130 132 133 134 135 136 137 138 139 140 142 144 145 146 147 148 150 151 152 154 155 156
19 122 125 128 130 132 133 134 135 137 138 141 142 144 146 148 150 151 154 156
11 120 125 128 130 131 137 138 143 146 153 154
19 119 120 121 123 128 129 130 132 134 138 141 142 143 144 146 147 149 152 154
19 125 127 129 130 135 136 137 140 141 142 143 145 146 148 150 151 154 155 156
13 131 132 133 135 137 139 140 145 146 150 152 153 154
26 119 120 121 122 123 124 125 127 128 129 130 132 136 137 140 141 142 143 145 146 147 148 150 152 155 156
25 120 122 123 124 125 127 128 130 131 132 134 135 137 138 139 140 141 142 145 146 150 151 152 154 156
16 119 121 123 125 127 128 131 134 135 136 143 144 146 148 152 155
14 121 122 124 130 132 133 135 144 145 149 150 151 152 154
14 120 122 123 125 126 127 131 134 136 140 144 145 146 155
21 119 120 122 125 126 129 130 131 132 134 138 140 141 144 145 146 148 149 150 152 155
23 119 122 123 124 125 127 128 130 134 135 138 139 141 142 143 145 146 147 149 151 154 155 156
17 123 124 126 127 129 130 132 135 137 138 139 141 144 145 151 152 153
21 119 120 121 122 123 124 126 127 131 133 136 137 139 142 145 146 148 149 150 153 156
19 123 124 126 127 130 132 134 138 139 140 141 142 144 145 146 148 150 151 155
19 121 122 127 128 130 131 136 138 139 141 142 145 146 148 149 150 152 153 155
22 119 121 122 123 126 128 130 132 133 134 135 136 138 140 141 142 145 148 149 152 153 156
24 120 121 122 123 124 126 127 129 130 131 133 135 137 138 140 142 143 144 145 148 149 151 154 156
19 119 120 121 127 130 131 132 133 135 136 137 139 140 141 143 145 149 151 153
25 122 124 125 128 130 132 133 134 135 136 138 139 140 142 143 145 146 147 148 149 150 152 153 154 156
16 122 124 126 128 129 135 136 137 138 141 146 147 150 151 153 156
16 121 123 124 125 129 132 133 134 135 136 140 141 143 145 148 155
15 121 124 126 129 132 133 136 139 140 145 148 149 150 151 155
18 119 120 124 126 135 138 139 143 144 145 146 148 149 150 151 152 153 155
26 119 120 121 122 123 125 126 127 129 130 133 134 135 136 137 138 139 140 142 144 146 148 152 153 154 155
24 119 120 122 123 125 128 129 131 133 135 137 140 141 142 143 144 145 147 149 150 151 154 155 156
12 120 121 125 128 131 133 137 140 145 146 148 149
18 120 122 123 124 130 131 132 135 137 138 139 140 142 144 148 150 151 152
24 123 125 126 127 128 129 130 131 132 134 135 136 137 138 139 140 141 142 143 146 147 148 149 155
16 119 121 123 125 126 127 131 134 135 136 137 139 141 144 148 154
17 120 125 129 131 133 135 136 138 140 141 142 143 145 149 151 153 155
15 120 123 129 132 133 134 137 139 142 145 146 147 152 154 155
12 119 121 122 124 125 127 128 133 140 147 152 156
14 121 122 123 124 126 127 130 133 134 143 145 147 150 155
25 119 121 122 124 126 129 130 131 132 134 135 136 140 141 142 143 144 145 147 148 149 150 151 155 156
13 119 124 125 127 129 130 133 136 137 144 150 151 156
12 125 126 128 129 137 138 141 143 146 147 151 152
23 119 120 122 124 126 127 128 130 131 133 134 135 136 139 140 141 142 147 149 150 151 154 155
13 120 122 130 133 134 138 140 143 144 148 150 151 154
17 119 121 122 124 128 129 135 137 139 140 142 143 144 151 152 154 156
15 119 121 123 124 125 127 130 132 136 137 145 146 148 150 151
24 119 120 121 124 125 127 128 131 132 134 135 136 139 141 143 144 145 146 147 148 150 152 154 156
20 121 125 127 130 134 136 137 141 142 144 145 146 148 149 150 151 152 153 154 156
24 119 122 123 124 125 128 129 130 131 133 134 135 137 138 139 141 144 146 148 150 152 154 155 156
13 120 122 128 129 130 133 134 135 140 142 144 145 150
22 123 124 126 127 132 134 135 136 138 140 141 142 143 144 145 148 149 151 152 154 155 156
14 119 127 129 130 131 132 133 134 135 136 138 141 150 153
15 119 126 127 128 134 135 137 140 143 147 149 150 151 152 154
25 120 122 123 124 125 126 127 128 129 132 133 138 139 142 143 144 145 147 148 149 150 152 153 154 155
23 120 121 123 124 125 127 129 132 133 135 136 137 138 139 141 143 144 146 147 149 152 153 155
20 120 121 122 124 125 127 128 131 132 134 136 138 139 140 143 150 151 154 155 156
18 120 121 124 126 128 133 135 136 137 142 143 144 145 146 151 152 153 156
21 119 123 124 125 128 129 131 134 135 136 137 138 139 141 143 144 149 151 153 154 155
18 123 124 125 126 127 129 130 131 134 137 138 139 141 143 146 147 149 150
26 120 121 122 123 124 126 127 129 130 132 133 135 137 139 140 141 143 145 146 147 148 151 152 154 155 156
11 119 122 124 129 132 139 144 146 147 151 153
26 120 123 125 126 127 128 129 130 131 134 137 140 141 142 143 145 146 147 148 149 150 152 153 154 155 156
26 119 120 121 123 125 126 127 128 129 130 131 132 133 135 136 137 139 140 147 148 149 150 151 152 153 155
19 120 122 123 125 126 127 128 131 132 133 137 140 141 145 146 147 149 152 153
22 121 126 128 129 131 132 135 137 138 139 140 141 142 143 146 148 149 151 152 153 155 156
22 120 121 124 125 126 127 129 130 133 134 136 137 139 140 142 143 144 145 149 150 152 153
12 120 121 125 127 130 132 140 143 144 147 149 150
23 121 123 124 125 128 130 131 133 134 135 136 137 139 140 142 143 144 148 151 153 154 155 156
21 119 120 121 122 124 125 127 128 133 134 137 138 139 141 142 143 145 146 149 150 152
11 120 130 136 138 139 142 145 148 149 152 156
15 119 120 122 125 132 134 140 141 145 146 148 150 152 155 156
19 120 122 123 124 128 130 132 134 135 136 137 138 139 145 148 150 153 155 156
17 121 123 126 127 128 131 133 134 135 136 137 138 139 140 145 147 152
18 119 120 121 124 125 126 128 131 132 136 142 144 145 146 149 150 151 155
12 120 123 124 131 133 134 135 136 147 148 151 152
23 120 121 123 124 126 129 131 132 133 135 136 137 140 141 142 145 147 148 149 150 151 154 155
19 121 123 124 125 128 129 131 132 139 142 143 145 146 148 149 152 153 154 156
13 123 127 128 129 131 134 137 138 139 145 147 154 155
22 119 121 122 124 126 127 128 129 130 131 132 134 136 137 140 141 142 145 146 147 149 155
13 122 127 128 129 136 137 139 140 143 151 153 154 156
14 119 120 121 122 127 133 136 137 140 143 145 149 153 156
20 121 122 125 127 131 132 134 136 137 141 142 144 145 146 147 148 149 151 154 156
16 120 121 129 130 131 133 134 135 137 139 143 146 147 150 152 153
24 119 122 124 126 128 129 131 132 133 134 136 137 138 139 140 144 145 146 147 150 152 153 154 156
21 119 121 122 124 126 127 128 129 133 136 137 141 143 144 146 148 149 151 154 155 156
23 119 120 127 128 129 131 132 134 136 137 139 140 141 142 143 144 145 147 148 150 154 155 156
24 119 120 122 124 126 127 128 130 131 133 134 136 140 141 142 143 144 146 147 149 150 151 153 156
16 119 131 132 133 134 138 139 141 144 145 146 147 148 149 150 154
17 119 121 124 125 129 133 137 138 140 141 142 145 147 148 149 150 153
11 123 125 127 128 131 137 144 145 150 151 153
21 122 123 124 125 126 131 133 134 136 137 138 139 142 143 145 146 149 150 153 154 156
14 123 126 128 129 141 144 145 146 148 149 150 153 154 155
20 119 120 121 122 123 125 126 127 132 133 136 139 141 142 146 147 148 149 150 152
15 119 121 125 126 127 132 136 137 138 140 141 145 147 150 151
19 120 121 122 123 125 126 128 130 132 134 136 137 139 142 146 147 148 151 152
22 120 122 125 126 127 129 130 131 133 134 139 140 141 144 146 147 149 150 151 152 154 155
12 124 126 127 128 129 135 142 146 149 150 154 155
15 120 121 126 131 133 136 141 142 143 146 149 151 154 155 156
22 119 120 121 124 125 126 127 129 131 132 136 137 138 140 141 142 145 146 149 150 153 156
12 119 120 121 124 127 129 132 138 143 144 153 154
17 120 121 122 123 125 126 128 131 136 141 147 149 150 152 153 154 156
15 119 120 123 125 130 131 136 137 141 144 147 151 152 153 154
22 119 120 121 123 126 127 129 130 131 133 134 136 137 138 145 147 148 149 152 153 155 156
26 120 121 122 123 124 125 128 130 131 132 133 134 137 138 140 141 142 145 146 147 149 150 151 152 153 154
24 120 122 123 124 125 126 130 131 134 135 137 140 143 144 145 146 147 148 149 150 151 153 154 155
17 121 122 124 125 128 133 137 140 141 142 143 145 146 147 148 151 155
18 125 126 127 131 132 134 136 137 139 140 141 142 144 147 148 150 151 156
14 120 121 125 129 132 135 136 139 141 146 147 150 152 153
18 120 122 124 126 129 130 132 137 138 139 141 143 144 148 149 151 153 155
20 120 121 122 127 129 130 131 132 135 136 138 140 141 142 143 145 146 152 153 155
24 119 120 121 122 123 124 126 127 128 129 130 132 133 134 135 137 142 144 146 147 148 150 155 156
15 119 120 122 125 128 129 135 139 140 144 146 148 151 152 156
16 119 122 124 126 128 129 130 133 135 136 144 145 148 152 154 156
26 119 122 123 127 130 131 132 133 134 135 137 138 140 141 144 145 146 147 148 149 150 151 152 153 155 156
21 121 123 125 126 127 128 129 131 132 133 135 136 138 139 140 141 142 146 148 150 152
15 119 120 121 125 127 128 136 138 140 142 145 147 149 151 153
20 121 122 124 125 128 129 130 131 135 139 140 141 144 145 146 147 148 150 151 153
21 119 120 127 129 130 131 132 133 134 137 142 144 146 147 148 149 150 151 152 153 156
23 120 121 122 124 125 128 129 132 133 134 136 138 140 142 145 148 150 151 152 153 154 155 156
17 120 122 124 130 131 133 135 138 141 143 145 149 150 151 152 155 156
26 119 120 122 123 124 125 128 129 132 133 134 135 136 138 139 140 142 143 144 146 148 149 150 153 155 156
22 120 121 123 124 125 126 128 130 131 132 135 136 139 141 142 145 146 147 148 150 151 152
12 122 123 128 130 134 138 143 144 147 151 154 155
22 119 120 122 123 124 125 126 129 130 131 133 134 135 136 137 140 142 144 147 151 154 155
17 121 124 125 126 130 131 132 134 135 137 140 144 147 148 152 154 156
25 119 120 121 122 123 124 127 128 130 133 134 135 137 138 141 142 145 146 148 150 152 153 154 155 156
22 120 122 126 127 129 131 132 134 138 140 142 143 144 145 146 147 148 150 151 152 153 155
19 120 122 124 125 126 127 133 135 139 140 142 143 145 147 148 151 152 153 155
19 119 120 121 125 127 128 130 132 133 136 139 143 144 145 146 147 148 151 153
16 122 123 124 128 129 130 132 133 136 143 144 146 147 149 154 156
17 119 120 121 123 124 127 128 129 130 131 133 134 139 145 151 152 153
17 120 124 126 127 128 130 131 136 138 143 144 145 149 151 152 154 156
18 119 120 121 123 126 130 132 137 141 143 144 146 147 150 151 154 155 156
11 127 128 129 130 133 134 138 144 146 151 153
13 119 120 124 125 127 130 133 138 139 142 145 150 152
19 119 121 123 124 125 126 129 130 132 133 134 135 141 145 148 151 152 153 154
12 121 130 131 132 133 135 140 142 146 147 150 156
26 119 120 121 122 123 124 125 127 128 129 130 131 134 135 136 137 138 139 140 142 146 151 152 153 154 156
26 120 121 122 125 127 129 130 131 132 133 134 137 138 140 141 142 145 146 148 149 150 151 152 153 155 156
15 119 122 123 124 126 131 132 134 148 149 150 152 154 155 156
21 119 120 121 123 125 127 129 130 132 134 135 139 142 143 145 146 148 150 151 153 154
13 119 121 124 127 128 134 135 137 139 144 145 146 150
19 120 124 126 127 128 129 130 132 134 135 137 141 142 149 150 151 154 155 156
15 119 121 123 124 126 128 133 138 139 142 144 146 149 153 154
22 120 122 123 124 126 127 128 130 134 136 143 144 145 146 147 148 149 150 151 152 154 155
23 121 122 123 125 126 127 128 129 130 131 132 134 137 140 143 144 145 147 148 149 150 152 156
24 120 121 122 123 124 125 129 130 131 135 136 137 139 140 141 143 144 145 146 147 151 152 155 156
25 119 121 122 124 125 126 129 131 132 133 135 136 137 138 139 140 141 142 148 149 150 151 152 153 154
13 120 124 125 126 127 131 132 135 139 145 149 150 153
17 120 122 123 126 129 134 135 136 137 138 141 145 148 150 151 154 155
14 121 122 123 126 132 134 135 136 139 140 144 146 153 156
15 121 122 123 129 130 132 134 136 137 140 143 144 149 151 155
21 119 122 126 128 129 130 131 133 135 138 140 141 142 146 147 149 150 151 152 154 156
23 120 122 124 126 129 130 131 132 133 136 137 138 140 141 142 145 146 147 149 151 154 155 156
12 119 121 123 124 131 132 136 143 144 145 149 150
17 119 120 124 125 126 127 131 137 138 140 141 143 145 149 150 152 154
25 119 120 121 122 126 128 129 130 131 132 133 135 136 137 138 140 141 142 143 146 147 153 154 155 156
21 119 120 121 122 124 125 127 129 130 134 135 137 139 140 141 143 146 147 148 151 156
21 119 120 124 126 128 130 133 134 140 141 142 144 146 147 148 149 151 152 153 154 156
14 120 123 130 133 135 139 141 142 143 144 150 154 155 156
21 123 124 125 126 127 129 131 134 135 136 141 142 144 146 147 149 150 151 152 153 154
25 119 120 121 122 124 125 126 127 128 129 132 133 134 136 139 141 143 144 145 147 149 151 152 153 154
21 119 120 122 124 126 128 129 132 135 137 138 139 141 144 145 149 150 152 153 154 156
24 119 120 121 122 123 126 127 128 131 132 133 134 135 139 140 141 142 143 145 147 150 151 155 156
23 120 121 122 127 129 130 131 132 133 134 135 137 139 141 144 145 146 148 149 150 151 153 154
15 119 121 123 125 126 127 130 131 134 137 140 143 148 149 153
13 120 121 122 124 125 133 135 140 146 147 149 152 153
16 120 127 132 133 135 138 141 142 144 145 146 148 150 151 153 154
12 121 124 125 128 132 134 138 139 144 148 150 151
25 120 124 125 126 127 128 130 131 132 136 137 139 140 142 143 144 145 146 147 148 150 152 153 154 156
23 119 122 123 124 125 127 130 131 133 137 138 141 143 144 146 147 148 150 151 153 154 155 156
15 120 122 123 124 126 127 141 143 145 146 147 150 153 154 155
20 119 122 124 129 130 131 132 134 135 136 137 139 140 142 145 149 152 153 154 156
12 120 123 127 129 133 136 137 138 143 148 154 156
21 119 121 122 126 128 129 131 132 134 136 138 139 140 142 143 144 149 151 152 153 155
18 123 124 128 129 130 131 132 133 134 136 141 143 147 148 149 151 153 155
20 119 122 124 125 126 128 129 131 133 134 135 139 140 143 147 148 149 151 153 154
24 120 121 123 124 125 127 128 129 131 132 134 135 136 137 138 139 141 142 143 144 146 149 153 155
23 120 121 122 124 125 126 127 128 129 130 136 137 140 141 143 144 145 146 149 150 151 152 155
26 119 120 123 125 126 127 128 130 131 132 135 138 139 140 142 144 145 146 147 149 150 151 152 153 154 155
11 120 126 132 134 135 136 144 148 150 152 156
23 119 121 122 123 124 125 127 128 129 130 132 133 135 140 141 143 145 148 149 151 153 155 156
15 119 120 121 122 125 128 140 142 143 145 148 152 154 155 156
24 120 125 127 128 129 130 131 132 133 134 136 137 138 139 142 143 145 146 147 149 151 152 155 156
15 119 121 125 127 130 133 134 135 136 137 138 140 144 151 152
23 119 122 126 128 129 132 133 134 136 137 138 139 141 142 143 146 148 149 150 153 154 155 156
18 158 159 160 163 164 173 176 177 179 188 189 192 196 199 200 208 209 212
9 158 163 167 174 176 182 190 204 213
25 157 158 162 167 168 172 175 176 177 179 180 187 192 193 195 196 198 199 203 204 206 207 210 213 215
20 157 162 163 166 167 169 170 178 180 181 183 185 186 191 195 197 203 205 209 211
23 166 169 176 178 179 182 183 187 188 189 190 192 193 194 199 201 202 204 205 207 210 214 215
29 157 159 161 162 163 165 167 173 175 177 181 183 185 186 187 189 191 192 193 197 198 200 201 202 204 208 209 212 215
7 175 182 198 202 204 205 214
12 157 159 173 178 183 185 192 199 203 205 210 214
16 158 174 177 178 179 183 186 188 195 196 198 200 205 209 210 213
34 159 160 161 163 164 165 166 169 170 171 173 174 178 181 182 183 184 185 186 188 189 190 191 194 197 200 201 202 205 208 209 211 212 214
32 157 159 161 163 164 165 168 171 172 173 174 176 178 180 181 185 190 191 192 193 194 196 197 199 202 205 208 209 211 212 214 215
18 164 169 172 177 178 185 187 193 194 196 197 199 200 202 205 209 211 212
41 157 158 159 161 164 165 167 168 169 170 173 175 176 177 178 180 183 184 185 186 187 188 189 190 191 192 194 196 200 201 203 204 205 206 207 208 210 211 212 214 215
11 161 166 168 169 184 185 187 195 197 203 210
11 168 171 174 192 193 194 196 197 198 209 210
19 159 162 166 168 171 172 174 175 176 180 186 188 194 198 203 205 212 214 215
30 158 160 164 166 168 169 170 171 172 174 176 178 179 180 182 184 188 190 194 195 196 199 203 205 206 207 210 211 213 214
25 158 163 164 169 170 171 173 176 179 181 182 186 193 194 195 196 200 204 207 208 209 211 212 214 215
9 160 175 183 184 188 190 192 197 205
23 158 160 161 163 164 165 168 170 174 175 176 177 184 186 190 194 195 197 204 206 207 209 211
15 162 167 172 179 181 189 191 193 196 198 202 208 212 213 215
39 158 159 160 161 164 165 168 171 172 173 174 175 176 177 179 182 184 187 188 189 190 192 193 194 196 198 199 200 201 202 204 206 207 208 210 212 213 214 215
17 159 164 167 170 171 174 176 178 186 194 200 202 204 205 207 209 210
26 160 162 164 170 171 174 177 181 183 185 186 187 188 189 190 193 198 202 204 206 207 208 209 211 214 215
10 157 165 169 173 177 185 189 196 201 205
9 166 169 171 180 182 187 188 200 201
24 158 160 162 163 166 172 175 177 179 180 182 183 184 187 189 190 193 195 203 206 208 211 213 214
19 158 160 161 163 165 166 167 171 172 173 182 184 194 196 201 203 206 212 213
18 157 163 166 170 172 173 174 179 182 183 190 195 197 198 199 205 209 210
12 159 161 185 188 189 191 193 201 203 204 206 213
21 158 163 171 173 175 176 177 178 180 187 188 193 196 198 200 203 204 205 211 213 215
27 158 160 162 166 167 169 170 175 177 179 182 183 184 186 187 188 189 195 198 200 201 203 204 206 207 210 213
15 162 166 170 175 179 183 186 188 189 193 197 202 205 206 207
31 157 158 159 160 162 163 164 166 172 174 176 177 178 183 185 189 191 193 196 199 200 201 202 203 204 205 206 208 210 212 214
34 157 159 160 161 162 164 165 166 167 168 169 170 172 174 179 181 182 183 185 186 189 190 192 194 195 197 199 201 202 206 207 208 209 214
23 157 162 165 167 170 171 172 174 178 180 181 183 186 190 191 193 194 201 206 207 211 213 215
13 159 160 164 165 167 175 177 184 196 197 200 203 209
11 159 170 172 175 178 182 185 189 190 202 205
20 169 177 179 180 183 185 187 189 190 193 195 198 199 200 202 204 207 208 211 215
26 158 161 162 168 170 172 174 175 179 181 182 184 188 191 192 195 197 199 203 204 206 207 209 211 213 215
16 157 158 161 163 168 170 171 172 173 174 180 185 191 195 206 212
44 157 158 159 160 161 163 164 165 167 168 169 171 172 173 174 176 177 178 180 181 182 184 185 187 190 191 192 194 195 196 198 199 200 201 203 204 208 209 210 211 212 213 214 215
36 158 162 164 169 170 171 172 173 174 176 177 179 180 181 184 185 186 187 188 189 192 193 194 195 198 199 200 203 204 206 207 208 211 212 214 215
14 162 170 171 173 179 181 183 189 191 195 198 206 208 215
19 157 158 160 163 164 165 166 173 176 179 183 186 191 201 203 206 208 213 214
14 158 160 165 167 171 177 178 184 192 194 202 208 214 215
24 158 159 160 164 165 169 170 172 174 175 176 177 179 180 184 186 191 194 196 206 207 210 214 215
16 160 164 167 168 172 175 176 181 184 185 190 191 194 197 207 212
19 157 160 162 169 177 179 180 181 183 184 190 191 195 197 198 201 202 205 212
35 159 160 161 162 163 164 165 168 170 171 172 174 176 177 178 179 181 182 183 184 187 190 194 195 196 197 199 200 203 204 205 206 209 211 215
18 157 161 165 168 169 173 181 185 188 191 192 196 197 198 199 201 212 215
18 157 159 160 161 165 166 168 175 180 184 186 188 192 201 203 207 210 214
8 159 171 174 176 187 199 204 214
7 162 181 186 198 208 211 213
8 169 173 179 183 190 197 200 208
23 159 160 163 164 166 167 171 176 178 180 183 186 187 190 193 194 198 200 202 208 210 212 214
28 161 165 167 168 169 170 171 173 175 179 180 181 182 184 186 187 188 190 192 194 195 197 198 207 209 211 213 215
24 157 158 166 167 169 173 175 180 185 186 188 189 191 192 193 198 201 202 207 208 210 212 213 214
13 163 166 167 168 172 173 182 185 186 192 209 211 213
18 160 162 163 166 171 172 174 179 181 182 193 195 197 198 199 202 209 213
33 157 158 159 161 163 165 166 167 168 169 172 173 175 176 178 179 180 182 184 191 192 194 195 196 197 199 200 201 203 205 210 212 213
27 157 159 161 162 163 165 166 169 170 171 173 180 182 187 189 192 193 199 201 202 203 204 206 208 211 214 215
32 157 158 160 161 163 164 165 167 170 177 178 181 182 184 185 187 189 191 192 193 195 196 199 201 202 204 206 207 209 210 211 213
15 162 164 168 169 175 176 180 181 186 187 196 200 207 211 212
18 161 162 167 169 177 180 181 184 187 188 195 199 200 204 207 211 212 215
35 157 161 162 163 166 167 168 171 173 178 181 182 183 185 187 188 189 190 192 193 195 197 198 199 200 201 202 203 204 205 208 209 211 212 213
4 184 191 210 212
19 158 161 164 165 170 175 178 188 189 193 194 196 200 203 206 207 208 210 215
25 157 159 161 162 165 166 167 168 172 174 177 178 180 185 187 189 191 198 199 201 202 203 206 210 213
23 157 159 160 161 163 165 166 167 168 175 178 182 183 190 191 196 197 201 202 205 209 210 213
20 157 159 162 164 168 170 174 175 176 178 181 186 188 191 192 197 205 209 210 214
9 160 162 163 174 181 198 199 202 209
14 157 159 161 165 166 167 175 178 182 183 197 202 205 209
8 159 164 184 196 197 200 203 209
21 157 162 167 168 172 175 177 179 180 187 192 193 195 199 203 204 206 207 210 213 215
9 158 161 168 170 171 172 173 185 212
15 157 166 170 172 173 179 182 190 195 197 198 199 205 209 210
12 158 163 166 167 172 182 194 201 203 206 212 213
10 157 168 169 181 192 196 197 198 212 215
6 169 171 180 182 187 188
6 159 171 174 176 187 214
8 163 166 167 172 182 192 211 213
13 159 162 166 171 172 175 176 180 186 194 212 214 215
13 162 163 167 169 180 181 183 191 195 203 205 209 211
20 158 161 163 164 165 168 170 175 177 184 186 190 194 195 197 204 206 207 209 211
7 172 175 178 182 185 202 205
23 164 171 172 173 174 176 180 181 184 185 186 187 188 189 192 193 194 195 198 203 206 208 214
21 159 162 164 165 168 170 177 178 181 182 183 187 190 194 197 200 203 204 205 209 215
14 157 158 160 163 164 165 173 176 179 186 201 203 206 213
19 157 159 160 161 165 166 167 168 178 182 183 191 196 197 201 202 209 210 213
12 158 159 163 164 176 179 188 189 196 200 209 212
25 159 161 163 164 171 173 174 176 180 181 191 192 193 194 196 197 199 202 205 208 209 211 212 214 215
16 158 159 161 163 166 168 173 178 180 191 196 197 199 201 210 213
6 174 193 194 196 198 210
12 169 177 180 183 187 190 193 198 199 200 207 208
15 177 179 180 183 187 189 190 193 195 198 199 200 202 204 208
16 158 162 167 169 170 175 177 182 183 187 189 200 201 203 204 213
7 157 159 183 185 192 205 210
10 157 159 178 183 185 199 203 205 210 214
12 159 160 161 166 168 180 184 192 201 203 207 214
4 182 198 202 214
9 164 169 177 178 187 193 194 196 205
14 159 160 165 166 168 180 184 186 192 201 203 207 210 214
32 158 164 169 170 171 172 173 174 176 177 179 180 181 184 185 186 187 189 192 193 195 198 200 203 204 206 207 208 211 212 214 215
27 157 161 162 163 166 167 168 171 178 183 185 187 188 189 190 192 197 198 199 200 202 203 204 205 208 211 212
11 160 167 172 175 176 181 185 190 191 194 197
13 159 164 167 171 176 178 194 200 202 205 207 209 210
27 157 158 159 161 163 165 167 168 169 173 176 178 179 180 182 184 191 192 194 195 196 197 199 200 203 205 210
6 159 171 176 187 199 214
6 165 169 177 189 201 205
29 162 164 169 171 172 173 174 176 177 179 181 184 185 186 187 188 192 193 194 195 198 199 200 204 206 207 208 211 215
31 159 161 162 163 164 165 168 170 172 174 176 177 178 179 181 183 184 187 190 194 195 196 197 200 203 204 205 206 209 211 215
9 174 177 178 183 188 198 200 205 210
13 159 162 166 171 175 176 180 186 194 198 205 214 215
22 161 165 167 169 170 171 173 175 182 184 186 187 188 190 192 195 197 198 207 209 211 215
9 160 162 163 171 172 181 193 197 209
3 186 208 211
5 188 190 192 197 205
7 158 163 174 176 182 190 204
8 177 186 195 196 198 200 209 210
12 157 162 179 180 184 190 191 195 197 198 205 212
19 158 160 162 166 172 175 179 180 182 184 187 189 190 193 195 206 208 211 214
13 164 172 177 178 185 193 196 199 200 202 205 209 211
10 162 168 169 175 180 186 196 200 207 211
10 157 161 163 170 171 173 180 185 191 206
15 162 166 172 174 179 181 182 193 195 197 198 199 202 209 213
17 169 177 179 180 183 187 189 190 195 198 199 200 204 207 208 211 215
6 161 166 185 187 197 203
21 161 163 164 167 170 178 182 184 187 189 191 192 196 199 201 202 204 206 210 211 213
20 157 158 159 162 166 172 174 178 185 189 193 196 199 200 202 203 204 206 210 214
22 162 164 171 174 177 181 183 185 186 187 188 189 193 202 204 206 207 208 209 211 214 215
16 169 170 177 182 183 184 186 187 189 195 201 204 206 207 210 213
16 163 166 170 172 173 174 179 182 183 190 195 197 198 199 209 210
14 157 158 160 163 164 166 176 179 183 186 203 208 213 214
8 166 167 172 185 192 209 211 213
11 172 175 176 181 185 190 191 194 197 207 212
25 158 160 162 163 164 166 172 174 176 177 178 183 185 189 191 193 196 200 201 203 204 205 206 210 212
24 157 158 159 160 162 164 166 172 174 177 178 183 189 191 193 196 199 201 202 203 204 206 212 214
17 157 161 162 166 167 168 177 180 185 187 189 198 199 201 202 203 213
8 173 181 183 189 195 206 208 215
4 169 190 197 208
11 171 175 176 177 178 193 196 200 205 213 215
9 157 158 163 172 174 180 191 206 212
6 169 179 183 190 197 200
24 157 159 161 162 163 165 166 169 170 171 173 180 182 189 192 193 199 201 202 204 206 208 211 215
8 173 179 181 183 189 195 206 215
15 162 166 167 169 177 179 183 186 188 198 200 201 204 210 213
20 157 161 167 168 171 173 183 185 189 193 195 198 199 200 201 202 209 211 212 213
12 158 160 163 164 165 173 183 186 201 203 208 214
21 158 160 162 167 169 170 177 179 182 183 184 186 187 195 200 201 203 204 207 210 213
7 162 170 173 183 195 198 215
13 158 171 176 177 178 180 188 196 198 200 203 213 215
25 159 161 163 164 165 168 172 173 174 176 180 181 185 190 191 193 194 196 197 199 202 208 209 211 215
28 159 160 161 162 164 165 166 167 168 169 170 174 179 182 183 185 186 189 190 192 194 195 201 202 206 207 208 209
18 158 169 170 177 180 181 184 186 187 188 194 195 198 199 204 208 214 215
17 162 170 171 174 178 180 181 186 190 191 193 194 201 207 211 213 215
12 159 165 166 180 184 186 188 192 201 207 210 214
15 164 169 172 177 178 185 187 193 194 197 199 205 209 211 212
25 158 160 164 169 170 171 172 174 176 178 179 180 182 184 188 190 194 196 199 203 205 206 207 211 214
25 157 158 159 163 164 166 172 174 176 177 178 183 189 191 193 196 199 200 201 204 205 208 210 212 214
19 161 165 167 168 170 173 175 179 180 181 182 184 186 190 195 197 207 209 215
5 198 202 204 205 214
20 158 160 165 169 170 172 174 176 177 179 180 184 186 191 194 206 207 210 214 215
10 164 172 177 194 196 199 200 202 209 211
26 157 158 160 161 164 165 167 168 174 177 178 180 181 182 185 187 191 194 195 200 201 204 208 211 212 214
17 161 163 164 170 174 182 185 190 191 194 197 200 201 202 209 211 212
20 157 159 160 161 163 165 166 167 175 178 182 183 190 196 197 201 202 209 210 213
30 158 162 169 170 171 172 173 174 176 177 179 180 181 185 186 187 188 189 193 194 195 198 199 200 203 204 206 211 214 215
13 157 159 160 161 168 175 180 184 192 201 207 210 214
20 158 164 169 170 171 173 176 179 182 193 194 195 196 200 204 207 208 211 214 215
7 169 173 185 189 196 201 205
13 162 166 175 179 183 186 188 189 193 197 202 205 207
19 157 159 165 166 167 168 175 178 182 183 190 191 196 197 201 202 209 210 213
9 163 166 167 168 173 185 186 209 213
22 158 164 169 170 171 173 176 181 182 186 193 194 195 196 200 204 207 208 211 212 214 215
17 158 159 160 164 172 175 177 179 180 184 186 191 194 207 210 214 215
14 159 164 167 170 174 176 178 186 194 200 202 204 209 210
5 173 179 190 197 208
8 157 158 170 173 174 180 185 212
8 167 172 189 198 202 208 212 213
23 161 165 167 169 170 171 175 179 180 181 182 186 187 188 190 192 194 198 207 209 211 213 215
20 164 166 168 169 170 172 174 176 180 182 188 194 195 199 203 205 210 211 213 214
9 171 174 192 194 196 197 198 209 210
21 160 161 162 168 170 171 172 176 177 183 184 187 190 194 195 199 200 203 205 206 215
13 157 163 166 170 172 174 179 182 197 198 199 205 209
8 161 168 169 184 195 197 203 210
10 162 168 175 176 181 186 196 200 207 211
10 157 161 173 185 191 192 196 197 198 215
35 157 158 159 160 161 165 167 168 169 171 172 176 177 180 181 182 184 185 190 191 192 194 196 198 199 200 201 203 204 208 210 211 212 213 214
24 159 161 163 164 165 171 172 174 176 177 178 179 181 182 190 194 199 200 204 205 206 209 211 215
9 161 162 167 181 187 199 200 211 215
11 159 167 170 171 176 178 200 202 204 207 209
25 159 161 162 163 164 165 168 170 171 172 174 176 177 181 182 184 187 194 197 199 204 205 206 211 215
18 162 167 172 175 177 179 187 192 193 195 196 198 199 203 204 210 213 215
13 158 161 163 165 166 171 173 182 184 194 196 206 213
26 157 159 160 161 162 164 165 167 168 169 170 172 179 181 183 186 189 192 194 195 201 202 206 208 209 214
8 157 169 173 185 189 196 201 205
14 158 159 160 163 164 173 177 179 188 192 199 208 209 212
16 159 160 165 172 175 176 177 184 186 191 194 196 206 210 214 215
6 169 173 179 190 197 208
10 158 164 165 166 173 183 186 191 203 208
9 159 170 172 175 182 189 190 202 205
20 160 162 163 166 172 175 177 179 180 182 184 189 190 193 195 203 206 211 213 214
14 161 167 169 170 171 180 184 188 190 192 209 211 213 215
13 161 162 165 166 168 172 174 187 191 198 203 210 213
18 159 161 162 165 168 172 174 177 178 180 187 191 198 199 201 202 203 210
16 158 162 170 172 174 179 181 182 184 192 195 197 199 203 209 215
9 157 159 173 178 185 192 203 205 214
12 157 161 165 168 173 185 188 192 196 197 201 212
15 159 160 163 164 167 171 176 183 187 190 193 194 198 202 208
12 162 166 171 172 180 186 188 194 198 203 205 212
12 158 174 177 179 183 188 196 198 205 209 210 213
12 160 164 165 168 170 174 176 186 190 206 207 211
5 175 182 202 205 214
5 166 171 180 187 200
6 158 163 167 174 190 213
10 161 162 169 177 180 181 188 200 204 207
22 161 162 164 167 168 169 170 172 174 179 181 183 185 186 192 194 201 202 206 207 208 209
17 158 160 165 169 174 175 176 177 179 180 184 186 194 196 206 207 210
18 159 160 164 169 172 174 175 176 177 179 180 186 191 194 206 207 214 215
20 158 160 163 164 165 168 170 175 176 177 184 186 190 194 197 204 206 207 209 211
23 158 160 162 166 169 175 177 179 182 183 184 186 187 188 189 195 200 201 204 206 207 210 213
17 166 169 178 179 182 183 189 190 192 193 194 201 202 205 210 214 215
32 161 163 164 168 169 172 178 181 183 184 185 186 187 190 191 192 193 196 197 199 200 203 204 205 206 207 208 209 210 211 214 215
23 161 162 163 164 165 166 169 173 175 176 179 182 183 184 191 195 197 206 207 208 210 211 212
19 163 164 171 173 176 177 181 188 190 193 198 202 206 208 210 211 213 214 215
24 158 159 163 167 169 172 175 180 181 184 187 189 190 192 193 195 196 199 200 204 207 209 212 213
32 157 158 160 161 162 168 171 172 173 175 177 179 181 183 185 186 187 188 189 190 191 192 193 195 199 200 202 203 206 208 212 214
36 157 158 159 160 161 162 164 165 166 167 168 169 171 172 173 178 179 180 184 185 186 187 191 192 193 195 197 200 201 203 207 209 210 211 212 215
24 157 158 160 162 164 168 171 176 180 181 186 187 188 193 195 197 199 200 206 207 208 209 213 215
22 158 160 163 164 165 166 167 170 171 177 179 181 184 186 188 189 193 200 201 209 214 215
23 159 160 161 169 171 172 176 179 182 184 185 188 190 191 193 199 202 204 206 208 210 211 212
27 160 162 163 165 168 169 170 171 172 174 176 179 182 183 184 187 190 192 194 195 200 202 204 205 206 207 208
30 158 160 162 163 168 169 170 172 173 174 177 181 182 184 186 190 191 194 195 197 199 203 205 206 207 208 210 212 213 214
17 158 160 161 165 166 167 168 182 192 195 198 202 203 204 206 207 215
40 157 160 161 162 164 166 168 169 170 171 172 173 175 177 179 181 182 184 187 188 189 193 194 195 196 197 199 200 201 202 206 207 208 209 210 211 212 213 214 215
40 157 158 159 160 161 162 163 164 165 166 167 169 170 172 173 174 175 176 177 179 181 182 185 187 188 189 190 191 193 195 198 200 201 203 204 206 207 210 213 214
37 158 160 161 163 168 170 171 173 174 176 177 180 181 182 183 184 185 186 188 190 192 195 196 199 201 203 204 205 206 207 208 210 211 212 213 214 215
19 157 158 159 165 167 168 171 173 181 188 189 190 192 203 204 205 208 210 213
36 157 158 159 160 161 163 166 170 172 175 177 178 180 181 182 183 184 188 189 190 192 193 196 197 199 200 201 202 203 204 205 206 207 208 209 215
39 159 161 162 163 166 169 170 171 172 173 174 175 176 177 179 180 181 182 185 186 187 188 190 197 198 199 200 201 202 203 205 206 207 208 209 211 212 213 214
29 157 159 160 162 166 167 168 174 175 178 183 186 187 190 191 194 197 198 199 200 204 205 207 209 210 211 212 214 215
31 157 164 167 171 173 176 177 179 181 183 185 186 187 188 189 191 194 196 197 198 201 202 206 207 209 210 211 212 213 214 215
29 161 165 166 169 173 174 175 176 177 179 180 183 186 187 188 190 192 196 198 200 201 203 205 207 208 209 210 211 213
21 157 162 163 164 165 166 169 172 175 177 179 181 185 187 188 195 196 203 207 208 210
21 157 161 162 163 169 171 174 176 178 180 181 184 185 188 191 192 196 201 203 210 215
41 157 158 160 161 163 166 167 168 170 171 172 173 174 175 177 179 182 183 185 187 188 189 191 192 195 197 199 200 201 202 203 204 205 206 208 209 210 211 212 214 215
28 157 158 161 162 163 164 165 166 167 168 169 170 172 173 174 179 180 186 189 191 194 196 197 199 201 203 205 210
34 157 159 160 161 162 164 165 166 167 172 173 176 178 180 184 185 186 187 193 194 195 196 197 199 200 201 203 205 207 208 209 210 211 215
41 157 158 160 161 162 163 165 167 168 169 171 172 174 177 178 179 180 181 182 183 184 186 188 189 192 193 194 196 197 200 201 202 203 204 206 208 209 210 212 213 214
32 157 160 161 162 163 166 168 169 170 171 172 173 174 175 176 178 179 181 185 186 189 197 198 199 202 204 205 207 208 211 213 215
23 160 161 164 166 168 172 174 177 178 182 183 184 187 189 190 195 201 202 203 210 211 212 215
18 158 161 163 165 168 169 175 176 179 180 184 185 187 188 189 198 205 210
31 159 160 161 166 167 168 170 172 173 174 175 176 177 179 180 181 183 184 186 187 188 193 194 197 198 199 205 207 208 211 214
26 164 165 166 168 172 173 175 177 179 181 182 183 185 189 195 196 197 200 202 203 205 208 209 210 211 213
24 160 163 169 171 173 174 175 177 182 183 187 191 192 194 195 198 199 205 206 207 208 209 212 214
20 158 160 162 163 164 169 170 171 172 176 178 182 183 188 189 193 197 204 209 210
24 163 167 169 170 171 178 179 183 188 189 190 192 193 194 195 196 197 200 201 202 203 208 212 215
30 157 159 163 165 166 167 169 172 174 175 181 182 183 185 187 190 191 192 194 195 197 200 201 202 207 210 212 213 214 215
30 157 158 161 162 163 166 169 170 171 172 173 174 176 180 181 183 193 194 195 200 201 202 203 204 205 206 208 210 212 215
35 158 159 160 161 162 164 166 167 168 169 170 171 172 173 176 177 179 180 181 183 186 187 191 192 198 200 201 203 205 207 208 210 211 213 214
25 157 158 159 162 163 164 165 166 169 175 176 179 183 184 188 191 192 194 196 197 199 206 208 210 215
40 159 161 162 163 164 165 167 169 170 171 175 176 177 179 180 182 184 185 186 187 190 191 192 193 194 195 197 198 199 200 201 202 204 205 206 207 208 210 211 215
35 157 158 159 160 163 168 171 174 176 177 178 180 182 183 184 185 186 188 189 190 192 194 195 196 201 202 203 205 207 208 209 211 212 213 214
23 161 162 163 169 173 175 182 184 185 186 187 188 189 192 195 197 200 202 208 209 210 211 214
28 158 161 162 166 173 174 175 181 183 184 186 188 192 193 194 195 197 202 203 204 206 207 209 210 211 212 214 215
33 158 160 161 163 166 168 169 170 171 173 174 175 177 180 183 186 187 189 192 194 195 196 197 200 201 203 206 208 209 211 213 214 215
31 157 158 159 160 161 162 163 165 166 169 170 172 180 183 185 186 187 189 192 193 194 196 199 200 203 205 208 209 211 213 214
22 158 159 161 163 168 169 172 173 174 175 178 179 185 186 191 195 200 203 207 208 212 214
33 159 160 162 163 164 165 166 168 169 170 171 173 174 177 178 180 181 182 188 189 194 197 199 202 206 207 208 209 210 211 212 213 214
33 161 162 163 164 166 169 171 172 174 177 179 180 182 185 188 189 190 193 194 195 196 200 201 202 204 207 208 210 211 212 213 214 215
37 160 163 164 165 166 171 172 173 175 177 178 179 181 182 183 184 185 187 188 189 191 192 193 194 196 200 201 202 203 206 207 208 209 211 213 214 215
30 159 162 163 164 167 168 169 170 171 172 175 176 177 181 183 186 190 192 196 198 199 203 204 205 206 207 208 211 212 214
33 157 158 160 161 162 163 164 166 167 169 171 173 175 176 177 178 179 180 183 184 185 186 193 195 197 199 201 202 203 206 208 209 215
33 160 161 163 166 169 170 172 174 180 183 184 185 186 187 188 189 190 191 193 195 196 197 198 199 200 201 203 205 206 207 209 213 214
21 157 158 163 164 166 167 174 175 178 181 182 184 189 190 193 196 199 202 212 214 215
36 160 161 162 163 164 166 168 169 170 173 177 179 183 184 185 186 190 191 192 193 194 196 197 198 199 200 202 203 204 206 207 208 210 211 213 214
40 157 158 159 160 161 162 164 165 169 171 172 173 174 177 180 183 185 190 192 193 194 195 196 197 198 199 200 201 202 203 204 205 207 208 209 210 211 212 213 214
29 157 158 159 160 162 166 168 169 170 172 174 175 178 179 181 182 183 184 187 188 189 190 192 197 198 203 207 208 212
29 159 161 162 163 164 165 166 167 169 172 173 175 177 180 181 182 184 185 191 192 196 198 201 202 206 207 210 212 213
30 157 159 161 162 164 166 169 170 172 174 175 178 183 185 186 187 189 191 193 194 195 196 200 201 202 203 204 210 212 214
41 157 160 161 162 163 166 167 168 170 171 172 173 174 175 176 179 181 182 183 184 186 187 188 190 191 192 193 194 195 197 199 200 201 203 206 207 208 209 213 214 215
27 157 160 161 162 172 176 177 178 180 183 184 187 191 193 194 195 196 201 203 204 205 206 207 209 210 212 214
33 158 159 160 162 163 165 166 167 168 175 176 177 180 183 184 185 186 188 190 192 195 196 198 201 202 206 207 208 209 211 213 214 215
37 159 160 161 164 168 170 172 173 174 181 182 184 185 186 187 188 189 192 193 195 196 197 198 199 200 201 202 205 206 208 209 210 211 212 213 214 215
38 157 158 160 161 162 165 166 168 169 171 172 174 176 178 179 180 181 182 184 186 190 192 193 195 197 198 200 201 202 203 205 206 207 208 209 211 214 215
36 158 160 161 162 163 164 165 166 168 169 172 173 174 175 178 179 180 181 183 184 185 191 192 195 196 197 198 200 202 203 204 208 209 210 211 213
32 160 162 164 165 168 169 171 172 173 176 177 178 182 183 184 185 187 191 194 195 196 198 200 201 202 204 205 206 210 212 213 215
32 160 164 165 166 168 171 172 173 176 178 179 180 181 184 186 188 191 195 196 198 199 200 201 202 203 204 206 207 209 212 214 215
39 158 159 161 163 166 167 168 170 172 173 175 176 177 178 179 180 181 182 183 184 185 189 190 191 192 193 194 195 196 197 198 199 201 202 203 206 207 211 213
30 158 159 161 162 166 168 170 172 177 178 179 180 181 182 184 186 187 189 190 191 193 195 198 200 201 204 206 211 212 213
33 158 159 160 165 169 170 171 172 174 177 178 179 181 182 183 187 188 190 192 194 195 196 201 203 205 206 208 209 210 211 212 213 215
40 158 159 161 162 164 165 166 167 169 171 172 173 174 175 177 179 182 183 184 185 186 187 188 189 190 191 192 193 194 198 199 200 201 202 204 206 208 209 211 213
20 157 158 160 161 168 170 171 172 173 175 182 184 186 187 189 195 199 202 207 210
25 157 158 166 167 173 175 176 177 178 179 180 182 184 186 188 193 196 198 199 202 206 212 213 214 215
22 158 160 161 162 164 167 172 174 175 178 181 182 188 194 196 197 199 201 203 204 207 208
37 157 159 161 162 164 167 170 172 174 176 177 178 180 181 182 183 184 186 187 189 193 195 196 197 198 199 201 203 204 205 206 207 209 212 213 214 215
20 157 158 160 161 163 167 174 176 178 181 187 189 190 195 199 205 206 208 210 215
36 158 159 161 165 168 169 171 174 175 176 178 179 180 181 183 186 187 188 189 192 194 195 196 197 200 201 204 205 206 207 208 209 211 212 213 215
28 161 164 165 166 167 168 174 178 180 181 182 183 184 189 190 192 195 196 198 199 200 202 207 209 210 211 212 213
21 158 165 167 169 170 178 179 189 193 196 198 201 205 206 207 208 209 210 212 213 214
24 157 158 159 160 164 165 168 174 175 180 182 185 186 187 188 189 190 192 196 199 200 201 206 215
31 157 158 162 164 167 168 169 172 173 174 177 178 179 182 183 185 186 188 189 190 191 193 194 198 199 202 203 204 206 214 215
27 158 159 160 161 171 174 176 178 180 182 184 185 189 191 192 194 195 197 201 202 206 207 208 209 211 212 214
25 157 162 164 167 172 173 175 177 178 180 183 185 186 190 193 194 197 198 199 200 203 204 211 213 215
34 157 158 159 160 161 163 164 168 169 170 171 173 174 175 176 177 179 180 184 189 192 193 195 197 200 201 202 205 208 209 212 213 214 215
27 157 160 162 164 166 167 168 170 172 174 177 179 183 186 195 196 198 201 202 205 207 209 210 211 212 213 214
24 158 171 172 173 177 184 186 187 188 189 193 194 195 196 197 198 199 201 202 203 205 206 207 209
36 159 160 161 164 165 166 167 169 170 171 172 173 174 175 176 177 180 182 190 192 193 194 195 197 198 199 202 204 205 206 209 210 211 212 213 215
28 157 158 159 161 164 165 166 167 169 171 176 177 182 183 186 189 191 192 193 198 201 202 203 204 207 211 212 215
40 157 158 160 161 162 163 164 165 166 168 169 170 171 172 173 174 175 178 179 180 182 183 184 188 189 191 193 194 196 198 201 202 203 207 208 210 211 213 214 215
38 158 159 160 161 164 165 166 167 168 169 170 172 174 176 177 178 179 183 184 185 186 187 190 192 195 197 199 201 203 204 205 207 209 210 212 213 214 215
19 160 167 168 169 170 174 176 177 180 183 185 189 191 196 199 203 211 213 215
17 160 161 164 171 172 180 183 185 186 193 195 198 203 207 210 211 212
38 157 159 160 161 162 163 164 165 167 169 172 173 175 176 177 180 183 185 186 187 188 191 192 193 194 195 197 198 199 201 203 206 207 208 210 212 213 215
28 158 159 160 161 164 166 167 169 170 174 175 176 179 181 182 184 185 186 188 190 191 200 203 204 206 209 210 214
26 157 158 159 163 165 166 167 168 171 173 174 175 178 181 182 183 184 185 194 195 196 197 198 207 208 213
36 158 159 160 161 163 165 166 167 169 170 171 173 174 178 179 180 181 183 186 187 189 191 192 194 195 196 200 202 203 205 209 210 211 212 213 214
33 159 162 163 164 165 166 169 170 171 176 178 179 181 182 184 185 186 188 190 192 193 194 196 197 201 205 206 207 208 209 212 213 214
21 161 169 173 174 177 181 182 185 186 187 189 191 193 195 196 202 204 205 212 213 214
39 157 159 161 162 163 166 168 169 170 171 172 173 175 176 177 180 181 182 183 184 185 186 187 188 189 190 192 195 196 198 199 201 203 206 208 209 211 214 215
40 161 162 163 164 166 167 168 169 171 172 173 174 175 177 178 180 181 183 185 186 187 188 190 191 192 193 194 196 197 199 202 203 205 206 208 210 211 213 214 215
19 157 170 173 175 177 178 183 189 190 193 194 197 198 201 205 206 207 209 212
34 157 158 160 162 163 166 168 172 173 174 177 178 179 180 181 182 183 184 186 188 190 191 192 193 197 198 199 201 204 205 208 209 211 215
29 157 161 162 163 164 165 166 168 172 173 174 177 178 181 182 186 188 190 192 193 195 197 200 201 202 203 205 206 207
31 159 160 161 165 166 167 168 169 170 172 176 177 178 181 182 184 185 186 189 190 196 197 198 199 201 202 208 211 212 213 214
22 159 161 163 169 172 180 184 185 188 191 192 195 196 198 203 204 205 208 209 210 211 213
39 157 158 159 160 162 163 165 166 169 170 171 172 174 175 176 180 181 182 183 185 189 190 191 192 194 195 196 197 198 199 201 202 203 204 206 208 209 211 213
34 157 158 162 163 164 167 168 169 170 171 172 173 175 178 179 181 185 187 191 193 194 196 197 198 199 200 203 205 207 208 209 210 211 214
18 157 159 160 167 172 175 177 183 184 186 192 196 197 204 206 208 209 215
35 157 160 161 162 166 167 170 171 174 176 177 178 179 180 181 182 183 184 185 187 188 189 191 192 195 196 199 200 202 203 204 207 210 211 214
22 159 160 161 162 164 166 169 177 178 182 183 189 192 194 197 199 202 203 205 208 214 215
31 157 158 159 160 166 168 170 171 172 175 177 178 179 181 183 184 188 190 191 192 193 195 200 201 203 204 205 208 211 213 215
29 157 159 161 163 166 167 169 170 173 176 177 179 183 184 185 186 188 191 193 194 198 203 204 206 207 210 213 214 215
18 157 160 163 165 166 168 170 177 178 181 189 192 194 195 197 199 204 207
18 162 164 166 169 172 179 180 181 183 188 194 200 202 204 206 207 210 212
22 157 159 160 162 166 167 169 170 176 179 181 183 185 186 187 188 192 202 205 208 214 215
38 157 158 159 160 162 163 164 165 166 167 168 169 171 173 175 176 177 184 185 188 191 192 196 197 198 199 200 201 202 203 204 207 208 211 212 213 214 215
38 157 158 159 160 161 163 164 165 166 167 168 171 172 173 174 175 176 178 180 183 184 186 187 189 190 194 195 196 198 201 202 206 208 210 211 212 213 214
39 157 158 159 160 161 162 164 165 166 167 169 171 173 175 179 181 182 183 184 186 187 189 191 192 193 194 195 196 198 199 202 203 206 207 209 210 212 213 215
27 157 161 162 165 166 167 168 169 170 172 176 177 179 180 181 182 190 193 194 201 202 204 206 207 209 212 213
25 158 159 161 165 166 172 175 177 181 188 190 191 192 193 194 195 199 201 205 206 207 210 211 212 214
26 157 160 162 169 171 174 177 179 180 181 182 183 185 191 193 194 195 197 200 202 204 206 207 208 211 215
22 160 161 162 164 171 172 174 175 177 178 180 182 185 192 194 195 197 198 201 206 207 208
31 157 164 165 166 167 170 172 174 175 179 180 183 185 187 188 189 190 191 193 194 195 196 198 199 204 205 206 207 209 210 213
21 159 160 161 162 165 167 168 182 183 184 187 188 189 192 198 199 200 205 207 213 215
18 158 164 165 177 178 185 186 187 189 190 192 193 198 203 205 206 209 212
28 157 158 159 162 165 167 168 172 173 174 175 176 177 178 179 186 189 192 196 197 200 202 203 204 205 207 212 214
31 157 160 161 163 164 165 169 170 171 174 175 176 179 180 182 186 188 189 191 192 195 196 199 200 201 202 203 205 207 211 215
17 157 160 166 167 171 178 180 186 187 189 191 198 199 202 205 208 210
21 157 158 164 165 170 171 179 180 182 185 190 191 194 195 196 200 205 208 209 210 212
22 160 163 164 166 171 179 180 182 184 185 187 188 189 191 192 195 198 200 203 206 211 214
19 167 169 172 174 176 177 178 180 186 187 188 191 196 199 201 205 209 210 213
24 157 158 159 164 168 169 171 173 176 177 179 186 187 195 198 201 202 203 206 207 209 210 211 212
20 157 162 165 170 176 177 182 183 184 194 195 200 204 207 208 209 210 212 213 214
25 157 159 162 163 167 168 172 176 178 181 183 185 186 189 190 191 192 194 195 196 199 203 204 211 214
40 157 158 159 160 163 164 166 167 170 171 172 173 174 175 176 177 178 181 182 183 188 189 194 196 197 198 199 200 201 202 203 204 207 208 210 211 212 213 214 215
40 160 161 162 164 165 166 167 171 172 174 175 176 179 180 181 182 183 184 185 186 187 188 189 190 191 193 196 197 198 201 204 205 206 207 209 210 212 213 214 215
26 159 161 162 164 168 169 170 171 172 174 177 178 179 181 183 184 186 188 189 191 194 198 199 203 210 211
22 162 164 167 168 169 173 174 176 177 180 181 185 194 196 197 201 203 204 207 209 214 215
32 157 167 170 171 172 173 174 175 178 179 180 183 184 185 188 189 190 191 192 194 197 198 199 202 206 207 208 209 210 211 214 215
30 158 161 162 164 165 166 167 171 172 174 175 176 177 181 182 183 184 185 195 197 198 199 200 201 203 206 210 213 214 215
24 157 158 159 160 161 162 166 174 176 177 179 180 181 194 197 198 199 205 206 209 210 212 213 215
18 159 167 179 180 183 190 193 198 199 200 201 203 205 206 210 211 212 213
19 158 162 170 171 177 182 184 188 192 193 198 200 201 204 205 207 208 213 215
24 160 161 163 164 167 168 169 171 177 184 190 192 193 194 196 198 199 200 202 204 207 209 210 212
30 161 162 164 165 167 170 171 173 174 177 180 181 182 183 184 185 186 187 188 190 191 192 193 194 195 197 204 206 208 213
21 158 161 164 167 168 170 172 173 176 182 187 188 194 195 196 197 198 204 205 209 212
20 157 159 161 174 176 177 179 181 184 188 189 191 195 196 197 200 205 209 211 215
17 160 162 167 168 174 175 177 181 182 190 192 194 200 203 208 209 213
29 159 160 161 162 165 166 169 176 177 178 180 184 188 190 191 192 194 196 197 198 200 203 205 206 207 209 211 214 215
35 158 159 160 162 165 167 168 169 171 172 175 176 178 180 182 185 186 187 189 190 191 192 193 198 199 200 204 205 206 207 209 211 212 213 214
40 157 159 160 161 162 163 164 167 169 171 172 173 175 179 180 181 182 184 185 186 187 190 191 192 193 194 195 196 197 198 199 202 205 206 207 209 210 212 213 214
26 157 158 159 161 163 165 167 168 178 181 182 185 188 189 190 192 193 195 197 202 203 204 205 208 209 212
36 158 159 161 162 164 166 167 168 173 174 177 178 179 182 184 187 188 189 190 192 193 195 196 197 198 200 201 203 204 205 208 211 212 213 214 215
10 219 220 223 224 225 228 238 241 242 244
12 216 217 218 220 223 227 230 233 240 241 242 243
9 220 222 224 225 227 231 233 237 243
13 217 218 221 222 223 225 228 229 230 239 241 242 245
8 218 221 224 227 228 230 236 241
15 216 218 220 221 224 227 232 233 234 235 236 239 241 243 244
8 227 230 232 233 236 242 244 245
8 216 227 228 230 231 239 241 245
5 218 221 229 233 237
8 219 221 226 227 228 231 239 245
9 222 227 230 231 234 235 241 242 244
12 219 225 227 228 231 232 234 235 240 241 242 243
14 216 219 220 221 222 223 224 226 234 235 237 238 239 241
13 216 217 218 219 220 223 224 230 233 234 236 238 241
10 218 223 224 234 235 236 237 238 242 243
9 220 221 223 225 226 232 233 236 243
6 235 238 239 240 242 245
8 217 218 222 225 226 227 230 232
21 216 217 218 219 220 221 223 224 225 227 228 229 233 234 236 237 238 240 241 243 244
8 219 229 233 235 239 240 241 244
8 216 218 219 223 230 234 236 244
8 221 222 223 224 229 233 236 245
11 223 225 226 227 230 231 234 236 239 243 245
8 224 233 234 235 237 239 242 245
7 222 232 235 236 238 239 240
5 218 227 239 240 243
7 217 221 226 228 229 232 241
10 216 219 220 222 228 235 238 240 242 244
12 216 217 220 222 225 229 230 232 233 240 241 244
9 219 221 225 226 229 237 238 243 244
9 218 222 223 226 230 236 238 242 245
12 216 223 227 234 235 236 239 241 242 243 244 245
13 216 217 221 222 223 225 228 229 231 232 239 240 245
9 216 221 222 229 231 233 234 236 243
13 216 217 220 221 224 225 227 228 231 232 234 237 243
4 217 224 232 241
15 217 219 222 223 225 226 228 229 230 231 237 238 240 242 245
3 221 222 231
10 217 223 229 232 233 234 237 240 242 244
7 217 219 220 224 233 242 245
8 216 219 221 228 229 236 238 244
12 220 224 229 231 232 233 235 236 240 241 243 245
4 218 232 235 236
6 219 222 225 231 235 243
11 217 218 226 227 230 232 235 237 239 240 245
16 217 218 221 224 225 226 227 230 232 234 235 238 239 241 242 243
6 220 223 231 240 241 243
16 216 217 219 225 227 229 230 233 234 238 239 240 241 242 244 245
5 216 219 220 223 236
10 216 219 224 231 232 233 235 237 240 243
7 219 231 235 236 237 238 241
6 222 228 231 233 244 245
7 216 217 224 228 237 239 245
13 218 220 221 224 225 227 229 231 233 234 243 244 245
5 222 225 230 234 239
12 225 226 227 228 229 232 237 240 242 243 244 245
10 222 225 226 228 229 232 234 237 238 244
11 219 221 225 226 231 234 235 236 237 238 244
9 220 224 225 229 231 232 240 241 242
18 216 217 218 219 221 222 223 225 226 227 228 230 234 237 238 239 242 244
8 216 221 223 230 231 235 236 241
5 218 219 229 238 240
8 217 218 225 228 229 231 240 243
10 216 217 218 220 226 230 237 238 239 244
9 222 226 230 231 232 235 239 242 245
9 217 220 222 223 224 233 234 240 242
5 218 232 233 243 245
14 218 220 221 222 223 224 226 228 231 232 235 236 237 243
21 216 217 218 219 221 222 223 226 227 228 230 233 234 235 236 237 238 239 243 244 245
2 235 239
7 222 224 228 229 232 239 245
17 218 219 220 224 226 227 230 233 234 235 236 237 238 241 242 243 244
13 216 217 220 221 223 224 226 227 228 229 240 242 244
10 216 217 219 223 226 228 230 237 241 242
6 216 220 226 238 239 245
18 217 218 219 220 221 222 224 225 226 228 229 230 231 232 233 237 238 240
3 229 237 240
7 220 226 227 234 236 238 244
4 216 219 223 236
4 217 225 226 232
2 229 237
6 224 233 234 237 239 245
5 220 223 231 241 243
14 216 217 219 225 229 230 233 234 238 239 241 242 244 245
5 220 238 241 242 244
9 220 221 223 224 226 227 228 240 242
7 216 221 223 231 235 236 241
6 222 230 232 239 242 245
2 221 222
9 217 220 222 225 230 232 240 241 244
13 217 218 219 222 225 226 230 231 232 233 237 238 240
6 216 221 231 234 236 243
8 219 225 227 231 232 234 235 240
8 223 225 230 234 236 239 243 245
6 217 221 226 228 229 232
6 219 220 224 225 241 244
7 216 222 229 233 234 236 243
5 222 233 234 236 243
6 220 221 223 225 233 236
6 219 226 229 237 238 244
7 223 232 233 234 237 242 244
5 217 218 228 229 231
7 222 230 231 235 239 242 245
18 216 218 219 220 221 223 224 225 227 228 233 236 237 238 240 241 243 244
5 221 222 229 233 245
6 223 224 225 228 238 244
3 218 219 229
1 239
7 220 222 224 225 227 231 237
7 220 221 223 225 226 233 236
11 217 225 227 229 230 234 239 240 242 244 245
10 219 227 231 232 234 235 240 241 242 243
7 227 230 232 233 236 242 245
6 220 221 223 225 232 236
2 218 236
2 229 237
7 220 221 225 226 232 233 243
4 221 230 231 236
4 216 221 231 233
1 239
2 219 240
1 231
7 227 232 233 236 242 244 245
3 230 234 239
6 222 225 226 229 232 234
11 216 217 221 222 223 225 228 229 231 232 240
3 216 219 220
8 218 222 223 226 230 236 242 245
9 217 219 223 225 226 228 237 238 240
9 220 229 232 235 236 240 241 243 245
7 219 221 225 226 237 238 244
3 218 227 239
3 235 238 239
6 225 228 232 237 240 242
9 216 220 221 224 227 231 234 237 243
8 219 221 225 226 234 236 237 238
3 216 223 236
6 218 221 227 228 230 236
4 227 230 232 233
4 216 233 234 236
4 217 225 231 243
4 231 233 244 245
5 219 221 229 237 244
5 222 227 235 241 244
9 216 219 221 223 226 237 238 239 241
10 219 220 221 222 223 224 226 234 238 239
5 216 218 219 223 230
5 219 221 228 239 245
3 232 243 245
3 235 242 245
3 239 240 242
7 225 227 228 231 240 242 243
7 217 218 220 227 233 241 243
5 222 235 236 239 240
4 217 219 233 245
6 217 218 220 226 230 244
1 239
8 216 217 221 222 232 239 240 245
12 218 221 222 223 224 228 231 232 235 236 237 243
5 223 224 236 238 242
3 229 238 240
4 230 231 239 241
10 219 225 228 229 230 237 238 240 242 245
4 222 224 228 232
4 225 230 234 239
3 217 224 241
7 218 222 226 236 238 242 245
3 235 238 242
11 219 220 222 223 224 226 234 237 238 239 241
7 218 220 222 226 231 235 243
4 222 225 230 234
5 219 220 238 240 242
1 235
6 219 226 231 234 237 244
4 222 230 234 239
4 224 234 235 239
5 227 230 232 235 245
6 219 229 237 238 243 244
1 235
6 219 221 228 236 238 244
6 216 218 230 234 236 244
5 221 229 231 233 243
4 216 226 239 245
4 225 229 231 243
13 216 217 219 225 227 229 233 238 239 240 242 244 245
13 218 219 222 225 226 227 228 230 237 238 239 242 244
4 218 221 227 241
12 217 221 226 228 230 234 236 237 238 239 244 245
15 216 217 218 220 221 223 227 228 233 236 237 238 240 241 244
4 220 227 236 238
8 216 217 219 223 226 237 241 242
7 219 221 234 235 236 237 238
11 216 217 219 220 223 224 230 234 236 238 241
6 216 227 228 230 231 245
13 217 219 222 223 225 228 229 230 231 237 240 242 245
5 216 221 222 229 234
5 220 222 224 240 242
11 218 220 221 224 225 231 233 234 243 244 245
5 220 224 225 231 241
6 216 219 223 230 234 236
3 221 229 233
5 232 233 236 244 245
8 217 218 226 227 232 237 239 245
3 218 232 245
8 217 221 224 225 227 232 238 241
3 218 235 236
12 218 219 226 227 230 234 236 237 241 242 243 244
9 218 220 221 222 228 231 232 235 237
7 218 227 230 232 237 240 245
8 216 217 218 223 227 230 233 241
3 216 220 226
8 219 225 227 228 231 234 235 242
6 222 224 229 232 239 245
6 222 225 228 234 237 238
6 229 233 234 237 240 244
8 222 225 226 229 234 237 238 244
6 223 226 227 236 239 245
7 217 218 227 232 237 239 240
6 216 227 228 230 241 245
4 235 236 237 241
11 218 224 225 227 232 234 235 238 239 242 243
5 225 226 236 237 244
8 223 234 235 236 239 241 243 244
6 229 233 235 239 240 241
3 235 242 245
4 221 223 233 236
5 218 227 235 237 245
5 222 228 229 232 245
4 218 223 236 244
13 216 220 221 224 227 232 233 234 235 236 241 243 244
11 218 220 221 223 224 226 228 231 235 236 237
11 220 221 224 227 232 234 235 236 239 241 244
4 222 232 239 245
7 222 227 230 231 234 241 244
3 225 234 239
3 218 233 237
9 218 220 224 225 227 231 234 244 245
3 228 244 245
8 216 227 234 236 241 243 244 245
5 216 228 230 241 245
3 219 220 236
6 218 224 236 238 242 243
7 216 221 229 231 234 236 243
3 219 238 240
5 228 229 231 240 243
8 216 217 223 226 228 237 241 242
13 216 218 220 221 224 227 232 233 234 235 239 241 244
6 217 229 232 233 237 242
4 226 237 238 244
10 216 223 227 234 235 236 239 241 242 243
3 219 231 238
3 218 232 236
3 227 239 243
5 234 235 237 239 242
4 238 240 242 245
4 231 232 241 242
5 224 237 239 242 245
6 221 223 230 231 235 241
15 217 218 219 220 221 222 224 225 228 230 232 233 237 238 240
5 226 228 231 239 245
4 228 229 232 245
12 218 219 220 224 227 233 235 237 238 241 242 244
2 235 236
8 216 217 221 225 228 229 231 240
7 230 232 233 236 242 244 245
13 216 218 219 220 221 225 227 229 233 237 238 241 244
7 221 225 226 229 237 243 244
11 216 217 219 227 230 233 239 240 242 244 245
7 217 221 224 227 228 231 232
7 218 220 224 232 236 237 243
7 217 223 232 233 234 242 244
4 225 231 233 243
12 220 221 222 223 224 226 228 231 232 235 236 237
6 216 219 228 236 238 244
2 219 236
7 217 220 223 224 233 234 242
3 218 232 235
14 216 217 225 227 229 230 233 234 238 239 240 241 242 244
4 219 229 233 239
4 223 230 236 245
7 216 219 224 235 237 240 243
4 232 235 238 240
10 220 224 229 231 232 233 235 240 241 243
6 218 223 236 238 242 245
6 220 221 224 225 231 234
15 217 218 219 220 221 222 224 225 228 231 232 233 237 238 240
3 223 240 241
7 216 217 219 223 226 228 230
4 218 221 230 236
5 220 224 229 240 242
5 228 230 231 239 245
8 216 217 219 226 230 237 241 242
8 223 224 226 234 235 237 239 241
4 219 222 231 235
4 216 220 226 238
3 228 239 245
8 224 229 231 232 233 235 241 243
5 217 218 226 232 239
13 217 218 221 224 226 227 230 232 234 235 238 239 241
5 227 230 233 244 245
2 218 243
17 216 217 218 219 221 223 225 226 227 229 231 232 235 236 238 242 244
20 216 217 220 221 224 225 227 229 231 232 233 234 236 238 239 240 241 243 244 245
19 218 219 221 223 224 226 227 229 230 231 232 235 236 238 239 241 243 244 245
12 216 220 223 226 230 231 233 234 235 237 242 245
12 218 219 220 222 225 226 227 230 231 234 240 244
18 216 217 219 221 222 225 226 227 230 232 233 235 236 237 239 241 242 245
19 216 217 219 221 222 225 226 227 228 231 234 235 236 237 238 239 241 242 244
18 216 217 221 222 223 227 228 231 232 234 235 236 237 238 241 242 243 244
13 216 218 220 221 222 223 224 226 229 231 234 238 245
20 217 218 219 220 221 222 223 224 225 228 231 232 233 234 235 239 240 241 242 245
18 217 219 220 221 222 227 228 230 231 232 234 235 236 239 242 243 244 245
20 218 219 220 222 225 226 227 228 229 232 234 236 237 238 239 240 242 243 244 245
18 217 219 220 221 225 226 227 228 229 232 233 234 236 237 240 241 244 245
9 219 220 222 227 229 232 235 236 240
19 216 218 219 220 221 225 226 227 229 230 231 232 233 235 236 237 240 242 244
16 217 218 220 221 223 227 228 229 230 234 237 239 240 243 244 245
12 217 219 221 229 230 235 237 238 240 242 243 245
12 216 222 225 230 231 232 234 235 237 238 239 243
18 217 219 221 222 223 224 227 230 231 233 234 235 236 237 238 241 242 244
12 218 219 227 228 231 232 235 236 237 238 240 245
19 216 217 218 222 224 225 227 228 229 230 233 234 235 236 237 239 240 241 244
20 216 217 218 220 222 223 224 225 226 230 231 232 237 239 240 241 242 243 244 245
11 217 221 222 225 227 229 231 233 236 238 243
14 216 221 222 223 225 227 229 233 236 237 240 241 243 244
11 217 225 227 231 232 233 234 236 239 242 244
12 216 219 220 223 225 232 234 235 236 239 241 245
11 220 224 226 227 229 230 236 237 238 239 240
18 216 218 219 223 225 226 227 228 230 231 233 235 236 237 238 239 243 244
16 217 222 223 224 225 226 228 230 233 235 237 240 241 242 244 245
16 220 221 222 224 225 227 229 231 233 234 238 239 240 241 242 245
16 220 221 222 225 226 229 230 231 233 234 236 238 242 243 244 245
15 216 217 219 220 225 227 228 229 230 231 234 235 239 240 241
18 216 217 218 221 222 223 225 226 227 229 230 231 232 238 240 242 243 244
10 218 219 225 227 229 230 232 234 242 243
15 217 218 220 223 224 225 227 228 229 231 232 234 236 242 243
19 216 217 219 221 222 223 224 226 228 229 232 234 236 238 239 242 243 244 245
9 218 220 223 235 238 240 241 243 245
14 217 218 222 224 225 227 231 232 233 235 236 238 239 240
20 216 217 218 219 220 223 224 225 226 227 228 230 232 233 235 238 239 241 244 245
17 217 218 221 222 223 224 225 226 228 233 235 237 238 239 240 243 244
18 216 217 219 220 221 223 224 225 226 230 232 234 236 237 239 240 241 244
9 217 221 228 231 232 234 235 236 238
14 217 218 219 221 222 223 225 226 231 234 239 240 241 244
12 218 221 228 230 231 234 236 238 239 241 242 244
17 216 217 222 223 224 225 226 227 229 231 236 238 239 240 241 242 245
10 216 217 218 219 221 223 226 227 231 233
16 217 219 220 225 226 227 228 233 236 237 238 240 241 242 243 244
15 216 222 225 229 230 232 233 234 237 240 241 242 243 244 245
10 216 220 221 223 225 232 238 240 241 242
20 216 217 218 219 220 222 224 226 228 229 230 232 235 236 238 239 241 243 244 245
17 216 217 218 219 221 226 227 228 230 234 235 238 239 241 242 243 245
15 216 217 219 221 222 228 230 232 235 237 239 241 242 243 244
10 219 220 229 230 233 234 236 241 244 245
9 216 220 223 224 233 236 237 238 240
16 216 219 220 222 223 224 225 226 229 231 232 236 238 240 244 245
20 216 217 220 223 225 226 227 228 230 231 234 237 238 239 240 241 242 243 244 245
13 218 224 225 226 228 232 233 234 235 238 242 243 244
18 216 217 220 221 223 224 225 226 227 228 230 232 233 234 235 237 238 242
20 216 218 219 222 223 224 227 228 229 231 232 233 235 236 238 240 241 242 243 244
17 216 219 220 223 224 225 226 229 231 233 234 237 238 239 242 243 245
9 216 218 221 224 227 229 236 240 245
19 216 218 220 221 222 223 224 225 226 229 230 231 233 234 235 237 241 244 245
11 220 222 223 226 229 232 237 239 241 242 245
19 216 217 219 220 221 222 225 227 228 231 234 235 237 238 239 240 241 242 243
14 217 221 224 226 227 228 229 233 238 239 240 241 244 245
14 217 219 220 222 223 226 227 230 231 234 236 238 240 242
9 217 228 232 233 236 237 238 239 241
14 218 219 221 222 223 226 228 229 234 235 238 239 240 242
18 216 217 218 219 220 221 224 225 226 227 230 232 234 235 238 243 244 245
19 216 218 219 220 224 227 228 231 232 233 234 235 236 237 238 240 241 242 244
18 216 217 219 220 222 223 227 229 230 231 232 233 234 237 239 241 244 245
16 217 219 220 222 223 224 226 227 229 231 232 234 238 239 241 242
9 218 219 225 228 230 232 233 238 242
19 216 217 218 219 221 226 227 229 232 233 234 236 237 239 240 241 242 243 245
15 216 219 226 227 230 231 233 234 235 236 238 239 241 242 245
10 216 217 223 226 229 230 231 232 238 243
9 218 220 225 227 233 234 237 240 241
18 216 217 218 219 221 222 223 232 233 234 236 239 240 241 242 243 244 245
11 218 222 226 228 229 230 232 237 238 240 244
20 216 217 218 219 220 222 223 225 226 227 229 231 232 233 236 238 241 242 243 244
14 216 218 219 221 223 225 226 229 232 234 236 238 240 242
11 217 221 222 226 228 232 234 238 241 242 243
12 216 218 223 225 230 231 232 233 237 240 244 245
13 216 218 223 225 227 228 230 232 234 238 239 242 244
11 217 218 220 223 227 230 236 237 238 240 245
19 217 218 219 220 222 224 225 228 229 232 233 234 235 237 238 239 242 244 245
10 219 224 226 229 233 234 238 241 242 244
14 216 220 221 225 229 230 233 235 236 238 240 241 243 245
13 217 218 220 223 225 226 229 231 235 236 238 242 244
17 216 218 219 221 224 227 231 233 236 237 238 239 240 241 242 243 245
10 218 221 225 226 229 230 232 235 236 242
20 217 218 220 221 223 224 226 228 229 230 231 232 233 236 238 239 240 241 242 244
10 218 219 222 223 225 229 238 239 243 245
11 219 225 227 229 232 235 239 240 241 243 244
19 216 218 219 221 223 224 225 226 227 228 229 231 232 233 236 237 238 241 242
11 223 225 227 228 229 231 232 233 241 242 243
11 217 218 219 220 223 226 228 231 237 240 245
18 216 217 218 220 221 222 224 225 226 227 228 235 236 237 240 241 242 245
10 218 226 228 229 230 233 235 237 241 243
18 217 218 219 220 222 223 224 226 227 231 232 233 235 238 240 241 244 245
14 218 219 221 223 224 226 229 232 234 236 237 241 243 244
13 217 221 222 223 224 225 226 229 231 233 237 240 241
20 216 219 220 223 224 225 227 228 229 230 231 232 233 234 236 239 240 241 242 245
16 217 220 221 222 224 225 228 229 232 235 236 238 239 240 242 244
16 216 217 218 222 225 227 232 233 234 235 239 240 242 243 244 245
14 216 217 219 220 221 222 225 228 229 234 238 239 240 242
10 217 219 220 223 224 228 230 241 243 245
17 218 222 223 226 227 228 231 232 233 234 235 238 239 240 241 242 243
10 216 219 228 231 232 235 236 238 242 244
11 216 217 218 219 222 228 230 231 233 240 244
10 216 219 224 226 228 229 233 237 242 243
12 216 217 221 224 225 226 228 230 236 238 243 244
9 216 217 222 226 233 234 235 239 242
19 216 217 218 220 221 222 226 229 230 231 232 233 234 236 238 240 241 244 245
9 217 229 230 231 237 242 243 244 245
16 217 220 222 224 225 228 229 233 234 235 236 238 239 242 244 245
13 222 223 224 225 229 232 234 235 236 238 241 243 245
10 218 222 223 226 227 228 234 235 236 241
19 220 222 224 225 226 227 229 230 231 233 234 235 236 238 241 242 243 244 245
15 216 217 221 222 223 224 226 227 228 229 231 233 238 242 244
12 216 217 218 223 224 226 229 230 231 233 235 238
15 216 217 218 219 225 227 228 229 230 231 232 235 237 241 244
11 219 221 222 223 225 228 229 236 238 239 243
11 219 221 222 223 224 226 233 241 242 244 245
16 217 219 221 222 224 225 226 228 229 230 233 237 238 239 240 244
16 219 221 222 224 227 228 232 233 235 236 239 240 241 242 243 244
11 218 219 222 228 229 231 232 233 236 244 245
17 216 217 219 222 223 224 227 230 231 234 235 237 238 240 242 243 245
13 217 218 219 220 222 223 225 226 229 236 239 242 245
11 216 221 223 224 233 235 237 239 240 243 244
14 217 219 222 223 224 226 229 230 232 233 235 241 243 244
10 217 225 227 230 231 232 236 237 239 241
16 216 218 221 224 225 226 229 231 232 234 235 239 240 241 242 245
10 217 222 224 225 226 228 238 239 240 243
16 217 218 221 222 223 225 228 230 232 233 239 240 241 242 243 244
12 216 217 224 226 229 230 231 235 236 239 240 241
15 216 217 219 221 223 224 225 232 234 236 240 241 242 243 244
18 217 218 219 224 225 226 227 229 230 232 233 234 236 237 238 239 241 243
10 217 218 220 224 226 229 231 236 242 243
13 216 221 223 224 226 228 229 230 231 236 237 241 242
20 216 218 219 222 224 225 227 229 231 232 233 234 235 236 237 238 239 241 244 245
14 218 219 220 222 224 225 227 229 231 232 236 239 240 244
20 218 219 220 222 223 224 225 226 227 228 230 231 232 233 235 236 237 238 239 242
19 216 218 219 220 221 223 224 225 228 229 231 232 234 235 237 239 241 243 244
11 216 217 218 219 221 224 233 234 240 243 245
13 220 224 225 226 228 234 236 238 239 241 243 244 245
11 216 219 229 232 234 236 237 238 239 240 245
12 216 220 226 227 231 233 235 237 239 240 241 242
10 216 218 225 227 228 229 232 237 238 244
10 220 222 223 225 226 228 229 235 237 244
17 217 221 222 223 225 226 227 228 229 231 235 236 237 238 242 243 245
11 219 221 222 225 228 231 233 234 235 241 243
12 216 219 220 224 230 231 232 237 238 241 243 244
14 216 219 222 224 226 227 231 234 235 241 242 243 244 245
13 219 221 226 227 230 231 232 233 235 236 239 240 243
9 224 226 229 231 232 234 242 244 245
20 216 218 219 220 222 223 224 225 228 229 230 231 232 233 234 238 239 242 243 245
19 217 219 220 221 224 225 226 227 228 232 233 235 237 238 239 240 241 242 245
13 217 219 221 224 227 229 231 232 236 238 239 242 245
20 216 217 218 219 220 221 224 225 227 228 229 230 234 235 238 239 240 241 243 245
13 216 217 219 220 223 224 228 230 232 233 236 239 242
14 218 219 221 222 224 229 230 232 233 235 236 237 239 242
16 216 218 221 222 226 227 228 229 232 233 234 235 236 240 242 245
16 216 217 224 227 228 230 231 233 234 235 237 238 241 242 244 245
12 221 222 227 228 229 230 233 234 238 241 243 245
19 216 217 220 221 222 223 224 225 226 227 229 230 231 233 235 240 242 244 245
9 217 218 220 228 229 232 235 244 245
15 216 217 220 222 224 226 227 228 229 231 233 235 238 241 244
11 216 217 221 222 224 228 231 237 239 242 244
17 216 219 220 222 223 224 226 227 228 230 232 233 234 235 236 239 243
19 216 219 221 222 223 224 226 228 229 231 233 234 237 238 239 241 243 244 245
16 219 221 222 224 225 226 229 234 235 237 238 239 240 241 242 245
19 216 219 220 221 224 225 226 227 229 230 231 232 234 235 236 237 238 239 245
16 216 218 219 220 221 222 225 226 227 232 234 235 236 238 239 242
17 216 217 218 219 220 221 223 224 227 228 230 231 234 237 240 241 245
14 218 220 225 226 227 230 231 233 234 235 239 241 242 245
20 216 217 219 220 222 224 225 226 227 229 232 233 234 235 238 240 241 242 244 245
16 216 217 219 220 223 224 226 227 229 230 232 233 235 236 237 238
15 216 219 220 222 225 229 231 234 235 236 237 241 243 244 245
10 218 221 223 224 235 238 239 240 241 244
16 216 217 219 220 221 224 225 226 228 229 230 233 237 239 240 244
15 216 217 219 220 221 224 225 227 228 229 235 236 238 243 244
11 217 219 223 226 229 235 237 238 240 241 243
18 216 218 219 220 221 222 223 225 227 234 236 237 238 239 240 243 244 245
11 216 225 227 229 230 233 234 238 239 241 243
15 216 217 221 224 226 228 229 232 233 234 235 241 242 243 245
11 217 221 223 226 232 233 236 239 241 243 245
14 221 224 226 228 229 231 233 234 235 236 238 239 241 244
20 216 217 218 220 223 224 225 226 227 229 232 233 234 235 236 238 239 241 243 245
9 218 221 226 238 240 241 243 244 245
15 216 218 222 224 225 227 229 230 233 234 235 237 239 243 244
14 216 217 218 219 221 222 224 229 230 231 236 238 239 243
9 218 219 223 227 228 233 234 237 242
18 216 221 223 225 226 227 231 232 233 234 235 236 237 238 239 240 242 245
14 216 217 219 221 225 227 229 230 231 236 237 238 243 245
10 218 223 224 227 233 234 237 241 242 243
9 219 223 224 229 230 232 236 239 244
20 218 220 222 223 224 226 227 229 230 231 233 234 235 237 238 239 241 243 244 245
17 216 217 219 221 223 226 228 229 230 233 234 236 237 242 243 244 245
12 216 219 221 226 228 229 231 232 236 237 240 241
12 216 218 221 222 223 226 230 236 238 239 240 243
18 216 217 219 220 221 222 223 225 228 229 230 231 232 234 240 241 242 245
19 216 217 219 222 224 225 227 229 232 233 234 235 236 237 238 239 240 242 245
10 216 220 221 223 225 227 230 233 237 240
15 216 220 221 223 225 227 230 233 236 238 239 240 242 243 245
16 216 217 218 220 221 222 223 224 226 230 236 237 238 243 244 245
11 220 222 223 228 231 237 240 241 242 244 245
17 217 218 221 223 224 226 227 230 231 232 236 237 238 239 243 244 245
9 219 221 222 223 231 232 240 241 244
10 217 218 220 227 230 232 234 236 237 245
12 217 219 224 225 229 230 232 233 234 236 242 243
10 216 217 222 228 229 233 234 240 241 242
13 218 221 222 225 226 232 233 236 237 239 240 244 245
19 217 218 219 220 221 223 224 225 227 228 230 232 233 234 238 239 240 243 245
20 217 218 220 222 223 224 225 226 227 228 229 234 235 236 237 238 239 240 242 244
18 216 218 221 223 224 226 227 232 233 235 236 237 238 239 242 243 244 245
19 216 217 219 220 224 225 226 228 229 231 232 233 235 238 240 241 243 244 245
18 219 221 222 223 225 229 230 231 232 233 234 235 236 239 240 242 244 245
14 216 219 230 232 233 234 235 236 238 240 242 243 244 245
20 217 218 220 221 223 227 228 229 231 233 234 235 236 237 238 239 242 243 244 245
16 216 218 219 220 221 222 226 228 229 230 231 235 237 238 241 245
13 216 218 220 221 222 227 228 229 231 233 237 238 242
9 219 221 224 230 231 234 237 240 242
19 217 218 219 221 222 224 226 229 230 231 232 233 234 237 239 240 241 244 245
