451 2373
42 1 2 3 4 5 6 7 8 9 10 11 12 13 14 15 16 17 18 19 20 21 22 23 24 25 26 27 28 29 30 31 32 33 34 35 36 37 38 39 40 41 42
26 1 3 5 7 9 10 11 13 14 15 16 17 18 19 20 22 23 29 30 34 35 37 38 39 40 42
19 3 4 7 8 9 11 16 25 28 30 32 33 34 35 37 38 39 40 42
14 6 8 10 12 14 15 16 17 24 25 28 36 40 41
18 2 8 9 11 13 14 15 17 19 23 25 26 27 28 29 34 36 40
23 1 7 8 9 12 13 14 16 17 19 21 23 24 25 26 28 30 32 38 39 40 41 42
31 2 3 4 5 7 9 10 11 13 14 15 18 19 21 22 23 24 26 27 28 29 30 31 34 35 37 38 39 40 41 42
17 1 2 3 7 10 12 13 14 22 23 25 26 29 30 31 38 42
15 1 2 3 5 13 16 18 23 25 29 32 34 37 38 42
15 2 3 6 7 11 19 21 26 32 33 35 38 39 40 42
22 3 4 9 11 13 14 15 18 21 23 27 28 29 31 32 33 34 35 37 39 41 42
23 1 4 5 6 7 8 14 16 17 18 19 22 23 27 29 33 34 35 36 37 39 40 41
28 1 2 3 5 6 7 9 10 11 13 14 15 16 20 21 23 25 26 27 29 30 31 33 34 37 38 40 42
25 1 3 5 9 10 13 14 15 16 18 20 24 25 26 27 28 30 32 33 34 35 37 39 41 42
12 2 9 14 26 27 31 32 33 34 35 37 42
31 1 2 3 4 5 6 7 8 9 11 16 17 18 20 21 22 23 24 25 27 29 31 33 34 35 36 37 38 39 41 42
23 1 3 4 8 11 12 13 16 17 19 22 24 25 26 27 28 29 32 33 34 36 38 41
32 2 3 4 5 6 9 12 13 14 16 17 18 19 20 21 22 23 24 25 27 28 29 30 31 32 33 34 35 36 37 39 40
19 2 3 4 9 10 11 16 18 19 20 21 24 27 28 30 32 34 36 37
19 3 4 5 6 9 13 15 20 22 24 25 28 30 31 32 34 35 39 40
29 2 3 4 6 10 11 12 13 14 15 16 17 18 21 22 24 25 26 28 30 31 32 33 34 35 38 39 41 42
28 1 2 3 4 5 6 7 9 10 11 12 13 14 15 18 20 23 29 30 31 33 34 35 37 39 40 41 42
24 1 2 3 5 6 8 9 10 11 12 14 18 20 21 26 28 30 31 35 36 37 39 40 42
21 4 5 7 8 9 10 14 16 17 21 23 24 25 26 28 31 32 33 34 40 41
33 3 5 7 8 10 11 12 13 14 15 16 18 19 20 21 22 23 24 25 27 28 29 30 31 34 35 36 37 38 39 40 41 42
29 1 3 4 5 7 8 9 10 13 14 15 16 17 19 24 25 27 28 29 30 31 33 34 35 36 37 39 40 41
14 8 10 13 17 18 21 23 24 30 31 32 35 36 40
25 2 3 4 5 7 8 10 11 13 14 19 21 22 23 26 28 29 31 32 33 35 36 37 38 39
29 1 3 4 5 7 8 9 10 11 13 15 16 17 18 23 24 25 28 31 32 33 34 36 37 38 39 40 41 42
23 1 2 5 6 7 8 9 10 12 14 15 16 17 20 22 24 25 28 34 37 40 41 42
13 2 5 7 10 11 15 16 17 18 29 34 35 39
13 3 8 9 13 20 21 24 25 28 30 32 34 41
30 1 2 3 4 5 7 9 10 13 15 17 19 20 21 22 23 24 25 26 27 29 31 32 34 35 36 37 38 39 40
18 1 2 6 13 14 15 20 24 26 27 28 30 31 35 36 38 39 40
28 1 2 3 4 5 8 9 11 13 15 16 17 18 20 21 23 25 26 27 28 29 31 32 34 35 38 41 42
29 1 3 4 8 9 10 11 12 14 15 16 17 18 20 21 22 23 24 25 27 28 29 30 32 34 36 38 39 41
28 1 2 3 4 5 6 7 8 9 10 12 13 14 15 17 18 21 22 24 28 30 31 33 36 37 38 39 41
16 1 3 4 8 11 13 19 21 26 27 28 31 32 36 37 40
24 2 4 6 7 8 9 13 14 15 16 17 19 21 24 25 27 29 30 31 35 38 40 41 42
24 1 5 7 8 10 11 13 16 18 19 22 24 26 27 28 29 30 32 34 35 37 38 40 42
29 1 2 3 4 5 7 9 12 13 14 15 16 20 22 23 24 25 26 28 29 30 31 33 35 37 38 39 40 42
22 3 5 7 8 9 10 11 12 14 17 20 22 23 24 25 26 27 30 34 36 39 40
13 1 3 5 6 10 14 20 21 26 27 31 39 42
22 2 3 4 7 8 9 10 15 18 19 20 21 24 25 28 29 30 32 34 36 37 42
26 2 3 4 5 7 11 12 15 16 18 20 24 25 26 27 28 29 31 32 33 36 37 39 40 41 42
16 1 3 10 11 13 14 15 19 25 27 31 36 38 39 41 42
29 1 3 5 6 8 9 10 11 12 13 15 16 17 18 20 21 24 25 26 28 30 31 32 33 34 35 36 37 42
28 2 6 7 9 11 13 14 16 17 18 20 21 22 23 24 25 26 27 28 30 32 34 35 37 39 40 41 42
23 1 2 3 6 7 9 10 11 15 17 19 20 22 23 25 26 29 30 31 35 40 41 42
13 1 2 3 4 7 8 15 17 18 29 31 32 39
26 2 3 5 6 8 12 14 15 16 17 18 19 21 22 23 24 26 27 28 31 33 34 38 40 41 42
14 4 5 15 18 23 27 29 31 32 34 36 38 39 40
20 3 5 7 8 9 10 11 14 16 18 23 25 27 28 30 31 32 34 40 41
27 1 2 3 4 7 10 11 13 16 20 21 22 23 24 25 26 28 29 30 32 33 34 35 37 38 40 42
12 4 5 6 8 10 12 16 19 21 24 34 37
32 1 3 4 5 6 7 8 9 10 11 13 15 16 17 18 20 21 22 24 25 26 27 28 31 33 34 36 37 38 39 40 42
14 2 7 10 11 20 32 33 34 36 38 39 40 41 42
19 1 3 5 6 7 10 15 18 19 21 23 26 30 32 33 34 36 40 41
32 1 3 4 8 9 10 11 12 13 14 15 16 17 18 19 22 23 25 26 27 28 29 30 31 33 34 36 37 38 39 41 42
32 1 2 3 6 7 8 9 10 12 13 14 15 17 18 20 21 22 23 24 26 27 29 30 32 33 34 35 36 37 38 41 42
26 1 2 3 7 8 10 13 14 15 17 18 19 21 22 24 25 27 29 31 33 34 35 36 38 40 42
31 2 3 4 6 7 9 11 13 14 15 16 18 20 22 23 24 25 26 27 28 29 31 34 35 36 37 38 39 40 41 42
17 6 11 13 15 16 17 18 19 22 28 29 30 31 32 33 34 40
21 1 4 5 6 7 9 10 11 12 17 23 24 28 29 30 32 33 36 37 38 42
24 5 7 9 10 11 12 13 16 17 18 21 23 24 26 27 28 30 31 32 34 35 37 38 41
57 43 44 45 46 47 48 49 50 51 52 53 54 55 56 57 58 59 60 61 62 63 64 65 66 67 68 69 70 71 72 73 74 75 76 77 78 79 80 81 82 83 84 85 86 87 88 89 90 91 92 93 94 95 96 97 98 99
25 43 44 48 49 51 52 53 54 55 56 61 68 70 72 74 75 78 79 80 82 83 89 92 94 96
38 43 44 46 47 48 49 50 51 52 53 55 58 61 62 64 66 70 72 74 77 78 79 81 82 83 84 85 86 88 89 90 91 92 93 94 95 96 97
21 44 45 49 51 52 53 58 60 65 72 74 76 80 82 83 90 91 92 93 95 97
35 43 44 47 48 50 52 53 57 58 60 62 63 65 66 68 70 72 73 75 76 77 78 79 80 83 84 86 88 91 92 93 94 96 97 98
41 43 44 45 48 49 54 55 56 57 58 59 60 62 64 65 66 67 68 69 70 71 72 73 74 75 76 78 79 81 82 83 86 88 90 91 92 94 95 96 97 99
25 51 52 54 55 57 60 63 65 67 68 69 71 74 75 78 80 81 82 83 85 86 87 88 94 96
38 43 44 47 49 50 51 52 55 56 58 59 60 63 64 66 68 69 70 71 73 75 76 77 78 79 81 84 85 87 88 90 91 93 94 95 96 97 99
31 45 46 47 50 52 53 55 58 62 63 64 68 69 70 72 73 76 78 79 80 81 82 83 84 86 88 89 91 92 95 99
35 44 45 46 50 54 55 56 59 60 61 62 63 64 65 66 68 69 70 72 74 76 78 79 81 82 83 84 87 91 93 94 95 96 97 98
20 45 50 51 59 60 67 69 71 73 75 77 78 79 80 84 86 87 89 94 99
26 43 44 45 47 48 54 56 58 68 69 70 73 74 76 79 80 83 84 85 87 88 89 90 96 97 98
22 44 47 48 49 50 51 53 56 58 62 64 67 70 73 79 81 82 90 91 92 97 98
39 43 44 45 48 49 51 52 53 54 55 57 58 59 62 63 65 67 68 71 72 73 74 77 80 82 83 84 85 86 87 88 89 90 91 92 94 95 98 99
41 43 44 45 46 48 49 52 54 56 58 59 60 62 63 64 65 67 68 69 70 71 72 73 74 75 76 78 80 82 83 84 85 87 89 91 92 93 95 96 97 98
44 43 44 46 47 48 49 50 51 53 54 56 57 59 60 62 63 64 65 66 67 68 69 70 71 72 73 74 75 76 78 79 80 82 84 86 87 88 89 94 95 96 97 98 99
22 43 44 45 47 50 54 58 59 62 64 66 68 70 71 72 81 86 89 92 94 96 99
38 43 44 45 47 50 51 52 55 56 57 58 59 60 61 62 63 64 65 68 69 71 73 74 75 77 78 80 82 84 87 89 90 91 92 95 96 97 98
27 44 45 46 49 50 53 54 57 58 59 61 62 65 66 67 73 76 77 79 80 82 85 89 92 93 94 99
19 46 47 49 56 57 60 70 72 78 81 86 87 88 94 95 96 97 98 99
20 43 44 45 51 53 55 57 61 65 66 67 70 71 74 78 80 83 84 88 97
41 43 45 46 47 49 50 52 55 56 57 58 59 60 61 62 63 64 66 68 69 70 71 74 76 79 80 81 82 85 86 87 88 89 91 92 93 95 96 97 98 99
33 43 44 45 46 48 49 53 54 55 56 58 59 62 64 65 67 70 73 74 77 78 81 82 84 85 86 87 88 90 91 95 97 99
30 43 44 45 46 48 50 51 54 56 57 60 63 65 66 67 69 75 76 78 79 80 81 84 85 86 90 94 97 98 99
23 45 48 52 53 54 60 64 65 67 69 71 73 77 78 79 81 82 88 92 93 95 96 97
26 45 49 51 52 53 55 61 63 64 65 67 69 70 72 75 77 78 81 83 85 86 87 90 92 95 97
38 44 46 47 48 49 50 52 53 56 57 58 59 61 64 67 68 70 71 72 75 76 77 79 82 84 85 86 87 88 89 91 92 93 95 96 97 98 99
39 44 46 48 49 50 53 54 55 56 57 58 59 60 61 62 63 64 66 67 69 70 71 72 73 77 78 80 81 84 85 89 90 91 92 94 95 96 97 99
28 44 45 46 48 49 53 54 55 56 58 59 60 62 63 65 69 70 74 78 82 83 86 88 89 90 94 95 97
35 43 44 45 46 47 49 51 52 53 54 57 58 59 60 62 64 65 66 68 69 71 73 74 75 78 82 83 84 85 88 90 91 93 95 97
26 43 45 48 53 54 55 61 63 64 65 66 69 70 72 76 80 81 83 88 89 92 95 96 97 98 99
27 43 47 50 51 52 53 54 57 58 59 61 62 63 67 75 76 77 79 81 83 89 90 91 93 96 97 98
42 45 46 47 48 49 50 51 52 53 54 57 58 59 60 63 65 66 67 68 71 72 73 74 75 76 77 79 80 81 82 83 84 85 87 88 89 91 92 95 96 98 99
28 44 49 52 53 54 56 57 58 59 61 62 63 64 66 67 71 78 80 84 86 88 89 91 93 95 96 97 98
30 45 46 48 49 54 56 57 59 62 63 65 66 69 70 72 73 74 77 78 79 84 86 87 90 91 93 95 96 97 98
42 44 45 46 47 49 51 53 54 56 58 60 61 62 63 65 66 68 69 71 72 73 74 75 76 77 78 80 82 83 84 85 86 87 88 89 91 92 93 95 96 97 99
23 43 44 47 49 50 51 53 54 62 64 67 71 74 76 78 81 82 85 87 89 92 93 95
34 43 44 45 46 48 51 59 60 62 63 66 67 69 70 71 73 75 76 77 78 80 83 85 87 88 89 90 91 92 94 96 97 98 99
17 43 48 49 51 55 58 65 68 72 76 78 86 88 90 92 97 99
33 43 44 45 47 48 50 52 53 55 57 58 59 60 61 62 63 64 65 67 70 72 74 76 78 79 83 88 90 92 93 95 97 99
18 47 48 49 50 51 61 67 69 71 72 74 75 76 80 81 82 86 87
22 44 56 57 59 63 65 66 67 68 71 74 78 84 85 86 87 88 92 94 97 98 99
31 43 44 45 47 48 50 52 53 58 60 63 64 67 68 69 70 71 75 76 77 78 79 82 83 86 88 90 94 95 97 98
33 44 46 47 48 50 51 55 57 58 59 60 61 62 63 64 65 67 70 71 72 73 74 76 79 81 82 85 87 91 93 94 95 96
19 43 46 48 49 54 55 56 65 67 68 76 77 79 80 82 89 90 94 97
40 43 44 45 48 49 51 52 54 55 56 58 59 60 62 64 65 66 70 71 72 73 74 75 78 79 80 81 83 84 85 86 87 89 91 92 94 95 97 98 99
33 44 45 48 49 50 51 53 54 55 57 59 61 62 63 64 67 70 71 73 76 77 81 82 84 85 88 89 91 92 93 95 97 99
42 43 45 46 48 49 50 51 52 53 55 57 58 59 60 61 62 66 67 68 71 72 73 74 75 76 78 80 82 83 84 85 86 87 88 89 90 91 93 95 97 98 99
45 43 44 45 46 48 49 50 51 52 53 54 55 56 57 58 60 61 62 64 68 69 70 71 72 74 75 76 77 78 79 80 82 84 85 86 87 89 90 91 93 94 95 96 97 98
26 43 45 49 51 53 54 55 56 57 58 60 65 68 69 70 71 73 76 77 83 84 85 88 91 96 97
44 43 44 45 46 47 48 50 51 52 53 54 56 58 59 61 62 63 65 67 68 70 71 72 74 76 77 78 80 81 82 83 84 85 87 89 90 91 93 94 95 96 97 98 99
17 43 44 52 55 57 58 59 60 69 71 79 82 84 86 87 91 98
44 43 44 45 46 47 48 49 51 52 53 56 57 58 60 61 64 65 68 69 70 71 72 74 75 77 78 79 80 81 82 83 85 87 88 89 90 91 93 94 95 96 97 98 99
37 44 50 51 52 53 55 56 57 58 59 60 61 63 66 67 68 69 70 73 75 76 77 78 79 80 82 84 86 87 88 89 92 94 95 96 98 99
23 45 49 56 58 59 64 69 72 74 76 79 81 83 84 85 88 90 92 93 94 95 98 99
23 45 47 48 51 55 56 58 59 60 61 63 68 71 72 74 78 79 81 83 84 90 94 96
33 43 44 45 46 47 49 50 52 53 54 55 56 58 59 63 65 68 70 75 77 78 82 84 85 86 87 89 90 91 92 93 95 98
21 43 44 53 58 62 63 64 69 70 72 75 78 80 81 82 84 86 87 89 96 98
31 43 44 45 46 49 55 56 60 62 66 67 69 71 72 73 76 77 78 80 81 82 83 84 85 86 87 88 89 96 98 99
31 43 46 47 52 54 56 57 58 60 63 65 67 69 70 72 74 75 78 80 83 84 86 88 90 92 93 94 95 96 97 99
26 54 58 59 64 65 67 68 70 71 73 76 78 81 83 85 86 87 88 89 90 91 92 93 94 96 98
22 47 51 53 54 55 56 58 62 63 68 72 75 76 77 78 82 88 91 93 96 98 99
19 43 44 45 47 49 52 58 59 60 67 68 70 80 89 90 91 92 98 99
28 46 48 52 54 55 56 58 60 63 64 65 70 71 72 73 75 77 78 79 80 82 86 88 90 91 94 95 97
36 43 44 45 49 50 52 55 56 58 59 60 61 62 63 64 67 68 71 72 74 75 77 78 79 80 81 82 83 84 85 86 90 93 96 97 98
42 43 45 47 48 49 50 51 52 53 56 57 58 60 61 62 64 65 67 68 69 70 71 72 73 74 76 80 81 82 83 84 85 87 88 89 90 91 92 93 96 97 99
43 43 44 45 48 49 50 54 55 56 57 58 59 61 63 64 65 66 67 69 70 71 72 73 74 75 77 79 80 81 83 84 85 86 88 89 90 91 92 94 95 96 97 98
30 43 45 47 49 51 52 54 56 58 59 62 63 67 71 72 74 75 76 80 82 83 84 87 88 89 90 91 95 96 98
33 43 44 46 47 48 50 51 53 54 55 56 57 59 61 63 64 65 66 68 71 72 76 79 80 81 82 83 88 89 90 91 95 97
17 47 50 51 55 59 64 69 71 75 80 81 83 84 85 88 93 94
38 44 45 47 48 49 51 53 55 58 59 61 62 66 67 68 69 73 74 76 77 78 79 82 83 84 85 86 87 88 90 91 92 93 95 96 97 98 99
41 44 45 47 48 49 50 51 52 54 55 56 57 59 64 65 66 67 68 70 72 74 75 77 78 80 81 82 83 84 85 87 89 90 91 92 93 94 95 96 97 98
18 46 47 48 49 50 52 58 61 62 64 67 71 73 78 82 83 86 89
22 44 45 46 49 50 52 54 56 57 59 65 68 69 72 76 78 80 83 88 90 93 95
21 44 46 50 54 60 63 68 71 72 73 75 76 77 81 83 88 91 92 93 94 97
25 43 50 51 53 56 58 65 66 67 70 72 73 74 76 77 78 79 85 86 88 90 91 94 98 99
33 44 46 47 52 54 55 56 57 58 59 60 61 62 64 69 70 71 74 76 79 80 82 83 85 86 87 88 89 90 94 97 98 99
34 43 44 45 46 49 52 53 55 58 59 60 61 64 70 71 73 74 75 76 78 79 82 83 84 85 86 87 88 89 90 92 93 94 97
20 43 48 49 51 53 54 56 57 61 65 66 71 78 81 83 86 89 92 98 99
39 44 45 46 47 49 51 52 53 54 56 57 58 59 60 61 62 63 65 66 67 68 69 70 71 72 77 78 81 82 84 85 87 88 89 90 92 94 96 98
25 43 45 46 48 51 56 57 60 62 69 70 72 75 78 79 83 84 86 87 88 90 92 93 94 98
35 43 45 48 50 51 52 55 56 57 60 61 64 65 67 68 69 70 73 75 76 77 79 80 81 84 85 86 87 90 91 92 93 94 95 96
45 43 44 45 46 48 49 50 52 53 55 57 59 60 62 63 64 66 67 69 70 71 72 74 75 77 78 79 80 81 82 83 86 87 88 89 90 91 92 93 94 95 96 97 98 99
23 47 48 49 50 58 59 65 66 69 72 73 74 76 77 79 80 82 83 87 89 94 95 99
44 43 44 46 47 49 50 51 52 53 54 55 57 58 59 60 61 63 64 65 67 68 70 71 72 73 75 76 77 78 80 81 82 84 85 86 88 91 92 93 94 95 97 98 99
30 44 45 49 50 51 53 54 57 59 61 65 67 68 70 73 75 76 78 79 80 81 82 83 85 87 88 90 91 96 98
17 43 53 54 56 62 65 67 68 75 83 88 89 91 92 95 97 99
22 46 50 53 54 55 58 59 60 63 65 69 71 75 77 79 84 91 92 94 95 96 98
42 43 44 47 49 52 53 54 55 56 57 58 60 61 62 63 64 66 67 71 72 73 74 75 76 77 78 80 81 82 84 85 86 87 89 90 91 92 93 95 97 98 99
30 43 45 49 51 53 54 55 60 61 63 64 65 68 71 72 74 75 78 79 80 83 86 87 89 91 93 94 96 98 99
45 100 101 102 103 104 105 106 107 108 109 110 111 112 113 114 115 116 117 118 119 120 121 122 123 124 125 126 127 128 129 130 131 132 133 134 135 136 137 138 139 140 141 142 143 144
27 100 103 104 106 107 108 109 111 114 117 120 121 122 124 125 129 130 131 132 133 134 136 139 140 141 142 144
31 100 101 102 103 105 106 108 109 113 115 118 119 120 121 122 124 125 126 129 130 131 132 133 134 136 137 138 139 141 142 143
33 100 101 102 103 104 106 108 109 110 113 114 115 116 118 119 120 121 123 124 126 128 129 130 132 133 134 136 137 138 139 140 142 144
29 100 101 103 108 109 110 111 112 113 115 117 118 119 120 121 122 123 124 126 129 131 132 134 137 138 141 142 143 144
22 103 105 106 107 111 112 116 117 119 120 121 123 125 129 130 132 133 134 136 137 138 141
35 100 101 102 103 104 105 106 108 110 111 112 113 114 115 116 117 118 119 120 121 122 123 125 127 128 130 131 133 134 135 137 138 140 142 144
30 101 104 105 107 108 109 111 112 113 114 115 120 121 122 123 124 125 126 127 128 132 133 134 135 137 138 139 142 143 144
19 100 102 104 106 108 109 110 112 113 114 120 122 123 126 127 131 132 139 140
29 101 102 104 105 106 108 109 110 111 113 114 116 117 119 121 123 125 127 129 131 132 133 134 135 138 140 142 143 144
20 102 107 108 110 111 113 114 115 116 120 124 125 126 127 129 133 134 135 138 142
18 102 103 109 110 114 117 119 120 122 123 125 132 133 137 141 142 143 144
22 101 102 104 106 108 109 110 112 113 115 116 117 118 119 121 127 130 132 137 139 142 143
23 100 101 102 107 109 110 111 114 116 118 120 121 123 126 130 133 136 137 139 141 142 143 144
22 100 101 102 103 104 105 107 108 113 115 116 118 123 127 128 129 133 135 136 138 139 142
20 100 102 104 106 110 111 112 113 115 116 122 126 128 131 132 134 135 136 138 140
22 100 101 104 109 110 112 116 117 118 119 122 123 126 128 129 130 132 134 138 139 140 142
22 102 104 106 107 111 113 114 115 116 118 119 121 122 127 131 132 133 135 139 140 143 144
23 103 106 107 108 112 114 115 117 121 122 123 124 126 128 131 133 134 136 137 140 141 143 144
17 100 105 106 108 110 112 114 115 118 120 123 124 129 133 135 136 142
29 100 101 102 103 107 108 109 110 112 113 114 115 116 118 119 120 123 124 126 127 129 131 132 135 137 138 140 142 143
14 101 107 110 112 116 118 119 122 123 125 126 137 139 143
31 100 101 102 104 106 107 108 109 110 111 112 113 114 115 116 118 120 121 122 125 126 127 128 129 130 131 134 136 140 143 144
25 100 101 104 106 107 109 111 112 113 114 115 118 119 121 123 124 126 127 131 132 134 135 136 138 141
19 101 103 107 109 110 117 122 127 128 129 130 133 134 135 137 138 140 141 144
17 106 108 109 113 114 115 117 118 119 121 123 125 126 133 137 140 142
31 100 101 103 104 105 106 107 109 110 111 117 118 119 120 121 124 125 128 129 130 131 133 134 135 136 138 139 140 141 143 144
31 100 101 102 103 104 105 107 110 112 113 115 118 119 121 122 123 124 126 127 129 130 131 132 133 134 136 138 141 142 143 144
23 100 102 107 108 109 110 111 113 117 118 119 123 129 131 133 135 136 138 139 140 141 143 144
22 100 101 106 110 112 115 116 118 120 121 123 124 125 126 130 131 137 139 140 142 143 144
13 106 107 108 109 110 119 124 126 128 134 137 141 143
29 100 101 103 106 111 112 114 115 116 118 119 123 124 125 126 128 129 130 132 133 134 135 138 139 140 141 142 143 144
29 100 101 102 104 108 110 112 113 114 115 116 117 120 121 122 128 129 130 131 132 133 134 136 137 138 139 140 141 144
31 100 101 102 103 104 105 107 108 109 111 112 113 119 120 122 123 125 127 128 129 130 131 133 134 135 136 137 140 142 143 144
20 102 104 105 108 110 115 116 117 118 120 123 125 127 129 130 131 137 138 141 143
16 102 104 108 112 113 114 118 120 121 125 130 131 132 133 138 142
29 100 101 102 103 105 106 107 112 113 115 116 121 122 123 125 126 127 128 129 131 133 134 135 137 138 139 140 141 142
20 102 106 108 110 112 113 114 115 116 120 123 126 127 130 132 133 139 141 143 144
34 100 101 103 104 105 107 108 110 113 114 115 116 118 119 120 121 122 123 124 126 128 129 131 132 133 134 135 136 138 139 140 141 143 144
25 101 102 103 105 110 112 113 114 115 118 119 122 123 124 126 129 131 133 134 135 136 139 140 141 142
22 100 103 104 106 108 109 111 113 114 115 122 123 126 129 130 131 135 136 139 140 141 143
16 100 105 108 109 113 118 122 123 128 129 130 132 133 134 141 142
24 100 101 102 106 107 108 109 110 113 115 116 117 120 122 123 125 127 128 129 130 132 137 138 144
25 102 103 104 106 107 109 110 112 113 114 115 116 122 124 125 127 128 130 131 132 134 135 137 138 139
33 101 103 105 106 108 109 111 112 113 114 115 116 117 118 119 120 121 122 124 125 127 129 130 131 133 134 137 138 139 140 141 142 144
27 100 101 102 105 106 107 108 109 110 111 114 118 119 122 123 127 128 129 132 134 135 136 138 139 140 141 144
16 102 103 105 107 109 110 113 114 116 117 121 128 130 134 139 141
29 145 146 147 148 149 150 151 152 153 154 155 156 157 158 159 160 161 162 163 164 165 166 167 168 169 170 171 172 173
19 146 147 148 149 150 152 153 154 155 160 161 162 163 165 166 167 171 172 173
19 145 146 147 151 152 153 154 155 156 157 158 160 164 165 166 170 171 172 173
12 145 147 149 150 155 156 157 159 160 161 163 171
22 145 146 147 148 150 151 152 153 154 156 157 159 160 161 163 164 165 166 167 168 170 172
14 147 148 149 154 158 163 164 165 166 167 168 170 171 173
9 151 152 155 163 165 166 167 168 170
21 146 148 150 151 152 153 155 156 158 159 161 162 163 164 165 166 168 169 170 172 173
23 145 147 148 149 150 151 153 154 155 156 157 158 159 161 162 163 164 165 168 169 171 172 173
18 146 147 148 149 150 151 153 155 156 157 158 159 163 166 167 168 171 172
11 145 146 148 149 155 158 162 165 166 170 171
16 148 150 151 154 156 157 158 159 160 162 164 165 166 170 171 173
14 147 148 154 155 158 159 160 161 162 163 165 169 170 173
19 146 149 150 151 152 153 154 156 157 159 160 162 163 164 165 166 168 172 173
12 145 146 150 155 158 160 164 165 166 171 172 173
21 145 146 147 148 149 150 152 153 154 155 156 157 158 160 163 164 167 168 170 172 173
14 146 147 148 149 151 155 159 161 162 163 164 166 167 173
15 145 146 147 148 150 152 154 156 161 162 164 166 169 171 173
9 146 153 155 157 159 161 167 170 172
11 148 150 154 155 156 159 162 163 168 169 170
16 145 146 149 153 157 158 160 161 162 163 165 166 167 169 172 173
14 145 147 148 149 151 152 156 161 162 163 165 169 171 173
13 146 147 150 155 158 162 164 165 167 168 171 172 173
15 147 148 150 153 158 160 161 162 163 164 165 167 169 170 172
21 145 146 147 148 149 151 153 155 156 157 158 159 161 162 163 164 165 167 168 171 173
11 145 149 150 152 158 159 162 163 165 166 171
15 145 149 150 151 153 156 157 158 160 161 162 164 166 167 171
19 147 148 151 154 155 157 159 160 161 163 164 165 166 167 168 169 171 172 173
16 145 146 147 148 152 157 158 159 160 162 163 164 165 166 167 171
21 145 147 148 149 150 151 152 154 155 156 158 160 161 162 165 166 168 169 170 171 172
22 145 146 147 148 149 152 153 154 155 156 157 158 159 160 162 163 165 166 167 170 171 173
21 145 146 147 150 151 152 154 156 158 159 160 161 162 163 164 165 167 168 169 170 172
8 149 150 154 158 159 160 163 169
23 145 146 147 148 149 150 151 152 153 154 155 156 157 158 160 162 164 165 166 167 168 171 173
10 146 151 154 159 160 163 165 169 170 173
16 145 146 149 153 154 155 156 157 159 160 162 164 166 167 168 172
9 145 146 157 158 160 163 164 168 172
42 174 175 176 177 178 179 180 181 182 183 184 185 186 187 188 189 190 191 192 193 194 195 196 197 198 199 200 201 202 203 204 205 206 207 208 209 210 211 212 213 214 215
27 179 182 183 184 185 186 187 190 191 192 194 195 196 197 198 199 200 201 202 203 206 208 209 212 213 214 215
20 174 175 176 177 178 180 183 184 186 187 192 193 194 195 197 202 209 211 212 214
17 177 180 181 184 188 196 197 199 202 204 206 208 209 211 213 214 215
13 174 176 178 181 183 185 188 204 205 207 209 210 214
29 174 175 176 178 179 183 184 185 186 187 188 189 190 195 196 197 198 199 200 201 203 205 206 207 208 209 210 212 214
16 177 178 179 183 188 191 193 194 196 197 198 199 201 206 208 214
23 175 178 180 183 186 187 190 193 194 196 197 198 200 201 203 204 205 207 208 209 212 213 215
17 176 177 178 182 183 185 190 191 192 196 197 198 200 205 208 210 211
23 176 178 179 180 182 184 186 188 189 190 196 197 198 199 201 204 205 206 208 209 210 213 214
25 175 176 177 179 180 183 184 185 191 192 193 194 195 198 199 202 203 205 206 207 208 211 213 214 215
12 175 182 190 192 194 196 204 205 209 210 212 215
21 176 179 180 182 186 187 188 189 191 192 194 195 199 200 202 205 206 207 211 213 215
25 175 176 178 179 181 188 189 190 191 192 194 196 197 198 200 201 205 206 208 209 210 211 213 214 215
24 174 175 177 178 179 181 185 187 188 189 191 193 194 197 198 199 201 203 204 205 208 211 213 214
20 176 177 181 185 186 187 189 191 192 193 194 195 196 199 200 201 203 205 211 213
26 175 176 178 181 182 183 184 185 186 187 188 191 193 195 196 197 200 203 205 206 207 210 211 212 213 215
17 175 179 180 181 182 184 185 191 192 193 201 204 206 207 208 211 214
21 175 176 179 181 183 188 190 191 194 195 196 198 199 200 201 202 206 208 211 212 213
15 174 179 180 182 183 185 198 199 201 202 204 210 211 212 214
23 176 177 179 181 182 185 186 187 189 190 192 193 194 196 198 201 208 209 210 211 212 214 215
29 174 175 176 177 178 179 181 182 183 184 186 189 190 191 192 194 195 196 197 199 200 203 205 207 208 209 210 211 214
20 174 176 177 178 179 180 181 182 183 186 188 194 195 198 202 204 206 208 212 213
23 174 180 181 182 183 186 187 188 189 190 192 194 197 198 200 202 203 204 206 210 211 214 215
29 175 176 177 178 179 180 182 183 185 186 188 189 190 191 193 194 195 197 198 199 201 202 204 207 209 210 211 213 214
32 174 176 177 178 179 180 181 182 183 184 185 186 188 189 191 192 193 194 195 196 197 198 199 200 203 204 205 207 209 210 212 214
13 176 177 184 186 193 195 201 202 204 206 212 213 214
13 180 181 182 183 184 193 198 207 208 209 210 212 214
24 175 176 177 178 180 181 182 184 188 189 191 193 194 199 201 203 204 206 208 211 212 213 214 215
33 176 177 178 179 180 181 183 184 185 187 189 190 191 193 194 196 197 198 199 200 201 202 203 205 206 207 208 209 210 212 213 214 215
25 175 176 177 178 179 183 184 185 187 188 189 190 193 194 195 197 201 202 203 206 208 210 211 213 214
21 175 178 182 184 185 187 188 189 190 191 193 194 196 199 200 202 208 209 211 213 215
24 174 175 178 180 182 183 185 186 187 188 191 196 197 198 199 201 202 204 205 206 208 209 211 214
20 174 176 177 178 180 182 188 189 194 196 197 200 203 204 206 209 211 212 213 215
19 176 178 179 182 184 186 188 191 193 196 198 200 201 205 207 208 212 214 215
27 217 218 219 224 226 230 240 245 248 249 250 252 257 260 263 270 272 274 279 280 283 284 285 287 288 289 291
35 216 218 221 229 230 231 233 236 237 238 241 243 244 246 254 256 257 261 262 266 269 270 275 277 280 282 283 284 286 287 288 289 291 292 293
39 222 223 228 229 231 232 233 236 237 238 240 241 243 244 245 246 247 250 252 255 258 259 260 261 263 266 267 268 269 270 273 277 279 283 284 285 290 292 293
24 217 220 225 226 228 232 234 235 239 245 248 251 252 255 258 259 264 267 268 273 278 285 290 294
27 216 219 226 228 229 230 236 237 238 243 248 250 251 253 254 255 256 262 264 267 272 273 280 287 288 290 293
22 222 229 235 236 239 240 243 244 246 247 249 250 254 263 267 274 276 279 282 287 290 291
19 216 225 227 229 235 241 244 246 250 252 253 255 258 264 271 278 283 285 288
25 221 223 225 227 239 240 246 250 253 264 266 267 268 270 276 277 279 280 281 283 284 285 289 291 293
19 218 223 225 226 229 232 235 237 238 240 245 248 250 259 271 283 288 290 291
20 217 220 226 228 241 243 247 248 251 253 257 263 273 275 280 281 289 290 293 294
16 216 220 222 224 226 232 233 240 251 254 261 266 269 281 290 292
34 216 220 221 224 225 232 234 235 236 237 238 241 242 246 247 248 251 252 253 259 260 266 268 272 275 276 277 280 281 283 285 286 290 294
19 218 232 235 238 241 244 247 250 252 267 268 271 272 273 281 284 290 293 294
20 217 218 221 232 238 240 241 243 255 256 264 266 267 272 273 276 278 285 286 292
27 216 223 225 228 229 233 234 235 236 238 239 242 243 246 247 251 253 256 261 267 268 269 271 277 278 292 294
9 220 227 255 258 260 261 265 269 275
25 216 217 218 232 240 246 247 248 250 253 258 259 261 262 267 268 269 271 275 277 278 280 281 284 289
19 218 220 222 224 225 238 243 248 249 253 257 259 260 262 267 274 283 292 293
33 217 218 219 220 223 224 229 230 231 233 237 241 244 245 247 249 253 256 262 263 264 265 269 270 272 275 277 278 279 288 292 293 294
28 216 225 232 234 236 239 240 242 243 248 254 255 261 267 268 271 273 274 276 280 281 282 283 285 287 289 290 291
40 216 217 218 219 220 221 224 225 226 227 230 234 235 239 242 248 249 251 253 254 256 257 262 264 265 271 272 274 275 276 278 280 281 282 286 287 288 289 291 294
20 221 223 226 229 234 235 241 242 251 254 264 266 273 274 282 283 285 288 291 293
8 221 222 226 228 251 252 260 284
42 216 219 220 222 225 226 228 229 230 231 235 237 238 239 240 242 243 245 247 249 250 252 257 261 263 264 266 267 268 270 272 274 277 278 279 281 284 285 287 288 289 290
38 217 219 221 225 226 227 228 231 232 234 235 237 240 242 245 246 247 249 250 255 258 260 261 265 268 269 273 275 281 284 285 286 287 288 289 292 293 294
52 217 218 220 221 222 223 224 225 227 231 232 233 234 235 239 240 241 242 244 245 246 247 249 252 257 258 259 260 261 263 265 266 268 269 270 271 274 275 276 277 278 279 281 282 283 284 285 286 289 291 292 294
18 217 219 222 228 231 236 237 240 245 246 251 262 274 276 285 286 291 292
32 216 218 224 229 232 234 236 238 240 243 248 252 254 259 260 264 267 268 273 276 277 279 281 282 283 284 285 286 290 292 293 294
20 219 222 223 224 227 240 242 247 249 250 253 260 263 265 271 272 274 276 279 281
10 227 239 246 248 256 263 271 272 283 284
20 218 221 229 234 242 245 249 255 257 259 260 270 273 276 278 280 286 287 288 289
22 216 223 231 234 235 237 247 249 250 252 254 257 258 262 265 269 271 274 275 284 290 293
16 219 224 227 228 229 233 245 246 248 260 261 281 283 288 289 294
44 216 218 219 222 227 228 230 231 233 235 236 238 239 240 243 244 245 246 247 248 249 250 251 252 255 256 259 261 265 266 268 269 270 271 272 273 274 278 280 282 287 289 292 293
28 218 221 223 225 231 232 233 240 244 245 246 249 252 256 258 265 267 268 269 270 276 277 282 283 286 287 291 292
46 216 219 220 222 223 224 225 226 227 230 231 232 233 236 237 240 242 243 245 252 253 254 255 256 259 261 262 265 266 269 271 273 274 276 280 281 282 283 285 286 288 289 290 291 292 293
45 216 217 219 220 221 222 223 224 226 227 231 232 233 234 237 238 248 249 250 253 254 255 258 260 262 263 264 265 266 267 269 271 273 275 276 277 278 281 282 283 284 286 287 292 293
21 217 218 221 229 235 239 241 244 246 247 249 250 251 257 260 268 270 272 278 284 287
33 217 219 223 225 228 230 231 235 236 237 238 241 243 244 247 250 252 253 258 262 264 265 267 268 274 275 277 279 282 285 291 293 294
21 220 222 225 226 230 236 239 242 244 251 253 259 263 268 270 277 279 280 282 287 291
34 217 219 229 230 231 232 234 236 238 239 240 241 242 244 249 250 253 255 256 257 258 260 265 267 270 272 274 275 276 277 280 283 285 291
28 217 220 221 222 223 225 227 228 237 239 241 242 244 247 250 253 257 262 263 269 270 274 275 278 280 288 289 291
21 221 223 224 225 229 230 233 242 243 248 249 253 257 258 264 265 266 282 287 288 289
12 228 234 238 248 258 263 264 267 275 277 279 294
34 219 220 222 224 225 227 228 230 231 233 236 237 238 239 243 244 245 249 252 255 256 257 260 263 265 270 272 276 279 286 287 290 292 294
25 220 221 222 227 231 232 237 241 244 254 255 258 259 262 264 265 266 273 275 276 281 282 286 290 293
60 216 217 219 220 221 222 224 227 228 230 231 233 234 236 239 241 242 243 244 246 247 249 251 252 253 254 255 256 257 258 260 261 262 263 264 265 266 267 268 269 270 272 273 274 275 276 277 278 279 280 281 282 284 285 286 287 289 292 293 294
22 216 218 222 223 230 238 241 243 251 252 253 256 263 266 267 270 271 272 277 280 290 291
60 217 218 219 220 221 222 223 224 226 228 230 231 232 233 234 236 237 238 239 240 242 243 245 247 248 249 251 254 256 257 259 260 261 262 263 265 266 267 268 269 270 272 273 274 275 276 277 279 280 281 282 284 286 287 289 290 291 292 293 294
45 216 218 220 221 222 223 224 225 226 227 228 233 235 237 243 245 246 247 248 251 252 254 259 261 262 263 264 266 268 269 271 273 278 279 281 282 284 286 287 288 289 290 292 293 294
19 216 220 231 233 237 239 241 245 251 254 258 260 270 271 272 275 280 281 294
21 216 220 226 227 234 239 254 255 256 259 260 261 263 269 270 275 277 278 279 280 283
10 227 235 238 246 250 257 258 259 266 286
35 217 220 221 223 224 225 226 229 232 234 237 241 242 253 254 257 258 260 262 263 264 267 275 276 277 279 281 283 284 285 286 288 290 291 294
29 216 217 218 219 221 224 229 233 240 241 242 243 246 253 255 258 260 263 266 267 268 269 272 278 281 282 284 286 291
20 218 219 223 239 244 250 256 257 261 265 267 270 271 273 278 279 282 287 291 292
31 216 217 218 220 224 228 229 231 232 233 234 238 242 243 245 247 251 255 257 259 260 261 263 265 269 271 272 274 278 287 294
14 222 224 227 229 234 236 242 255 262 266 272 278 284 288
37 217 218 221 223 224 227 232 233 234 236 241 244 246 248 251 253 254 255 256 258 259 260 262 265 269 271 273 275 276 280 282 283 286 291 292 293 294
25 217 222 226 227 228 229 230 231 233 240 243 245 249 254 255 258 262 263 264 269 274 284 288 289 293
23 219 222 226 230 235 236 237 241 244 248 249 252 254 256 258 262 273 275 282 286 288 290 292
20 221 226 227 231 234 237 241 244 251 256 261 264 266 271 277 278 279 280 284 294
29 218 219 221 223 225 226 230 234 237 238 242 245 251 252 259 264 266 270 271 273 277 280 281 283 286 288 289 293 294
34 218 225 228 229 230 235 236 239 240 241 242 243 244 245 246 247 251 252 256 257 259 261 268 270 272 274 279 280 285 288 289 290 291 294
28 220 223 225 228 231 232 234 235 236 237 239 244 245 252 256 257 271 274 275 276 280 283 285 287 288 289 292 293
19 216 217 224 228 231 232 233 241 248 253 256 257 262 268 272 278 284 285 292
27 217 219 221 223 224 228 230 236 242 248 249 250 252 256 257 261 264 265 267 269 274 276 278 279 283 284 288
22 222 226 227 230 238 247 248 249 250 251 254 259 261 262 264 265 270 273 277 279 290 294
33 218 222 225 226 227 229 232 234 235 238 240 243 244 246 247 253 255 259 262 263 266 268 273 277 282 285 286 287 289 290 291 292 293
21 219 223 228 229 232 236 242 246 250 254 255 258 263 269 270 273 276 281 282 285 286
17 216 219 230 235 237 238 239 250 254 259 260 261 264 271 274 279 285
19 220 224 229 233 236 239 244 248 254 257 259 262 264 274 276 278 279 282 283
19 216 217 230 233 235 239 240 245 247 252 265 268 272 275 287 288 289 290 291
19 219 226 230 231 233 235 245 246 249 251 255 256 258 261 265 266 271 272 287
24 216 217 218 221 224 229 233 240 241 242 253 255 258 260 263 266 268 269 272 278 281 282 284 286
13 221 224 225 230 242 243 249 253 265 266 282 287 289
21 220 223 228 231 232 235 236 237 239 252 257 271 275 276 280 283 285 287 289 292 293
10 216 219 239 254 259 260 264 271 274 279
20 217 219 221 226 227 231 232 235 237 240 242 246 250 260 261 268 275 286 287 292
9 222 224 227 229 234 255 266 272 284
16 218 219 223 239 244 250 256 261 265 267 270 271 273 279 282 291
16 218 224 232 238 240 254 259 260 267 279 281 282 286 290 292 294
17 216 218 232 240 246 247 250 253 258 262 267 268 269 278 281 284 289
12 216 217 230 233 235 239 247 252 265 268 272 275
30 216 220 221 224 225 232 235 236 238 241 242 246 247 248 251 252 253 259 260 266 268 272 275 276 277 280 281 283 286 294
24 217 220 221 222 223 225 227 237 239 242 244 247 250 253 257 262 269 270 274 275 280 288 289 291
16 219 235 236 237 241 249 252 254 262 273 275 282 286 288 290 292
25 217 220 221 222 223 226 227 231 233 234 237 238 248 255 263 265 267 269 271 273 275 277 281 287 292
13 216 220 222 224 232 233 251 254 261 266 269 281 290
7 229 234 255 262 266 272 288
13 221 229 241 246 247 249 250 257 260 270 272 284 287
24 219 220 222 224 228 230 231 233 237 239 243 244 245 255 256 257 260 270 272 279 287 290 292 294
12 232 235 238 241 250 267 268 271 272 273 290 294
15 221 234 242 245 249 255 257 259 260 270 273 276 278 286 287
10 217 230 233 235 268 272 275 287 288 291
22 220 221 222 223 225 227 228 237 239 242 244 247 250 253 257 262 269 270 274 278 288 289
17 225 228 229 233 234 236 239 242 243 246 251 256 261 267 269 292 294
15 221 223 226 229 234 241 251 264 266 273 274 282 283 285 288
24 220 223 225 231 232 234 235 236 237 239 244 245 252 256 257 271 274 276 280 283 285 287 292 293
10 216 220 237 239 245 260 271 275 280 294
18 216 218 231 236 238 246 256 257 275 280 282 284 286 287 288 289 292 293
13 216 222 224 226 232 233 240 251 254 261 269 281 292
17 216 228 229 230 236 237 248 250 253 255 256 262 273 280 288 290 293
17 218 222 225 226 227 229 234 235 240 243 246 259 263 282 286 290 292
28 216 219 222 228 230 233 235 240 243 245 246 247 248 249 250 252 255 259 266 268 269 270 271 274 278 280 287 289
32 218 221 222 223 224 227 232 233 234 235 239 240 242 245 247 252 260 261 265 266 269 270 274 276 279 281 283 284 285 286 292 294
7 234 236 242 255 262 272 284
9 228 234 238 248 263 267 275 279 294
12 216 223 230 241 243 252 253 263 272 277 290 291
11 232 235 238 241 244 250 252 267 271 281 290
10 218 221 242 245 249 257 260 273 276 289
20 225 232 236 242 248 254 255 261 267 271 273 276 280 281 282 283 287 289 290 291
17 219 226 228 229 230 236 238 243 250 253 254 255 256 262 264 273 280
18 216 217 218 247 250 253 258 261 262 267 269 271 275 277 280 281 284 289
27 218 227 232 234 235 238 240 243 244 246 247 253 255 259 262 266 268 273 277 282 285 286 287 290 291 292 293
9 217 230 233 252 268 272 289 290 291
43 216 217 219 220 221 222 224 228 230 233 234 236 239 241 242 246 251 252 253 254 255 258 261 262 263 266 268 269 270 272 274 275 278 279 280 281 282 284 286 287 292 293 294
17 219 223 239 244 250 257 261 265 267 270 271 273 278 279 282 291 292
19 216 218 224 233 234 242 243 245 251 257 259 261 269 271 272 274 278 287 294
16 217 220 226 241 243 248 251 253 263 273 275 281 289 290 293 294
21 220 221 222 227 231 232 237 241 244 254 255 258 262 264 273 275 281 282 286 290 293
12 216 217 230 235 239 247 268 272 275 287 288 290
28 216 219 220 224 225 226 227 230 231 232 233 237 240 243 245 252 253 254 256 261 262 273 274 276 281 282 289 291
23 218 219 223 225 226 230 237 238 242 245 251 252 259 264 266 270 273 277 280 281 289 293 294
20 223 225 228 231 232 234 235 239 244 245 256 257 271 274 276 280 283 287 288 292
15 216 232 246 248 250 258 261 267 269 271 275 278 280 281 289
13 220 222 226 230 242 244 251 253 263 270 282 287 291
21 218 225 228 235 236 239 240 241 246 247 251 256 259 272 274 280 288 289 290 291 294
16 221 223 224 228 230 248 249 250 257 264 267 269 278 283 284 288
16 221 225 229 233 242 243 249 253 258 264 265 266 282 287 288 289
11 225 227 235 241 246 252 255 264 271 278 283
15 216 225 227 229 241 246 250 252 253 258 264 271 283 285 288
13 222 223 224 227 240 242 247 249 250 265 276 279 281
14 218 222 238 243 248 249 257 259 260 262 274 283 292 293
4 226 228 251 260
30 217 220 221 224 225 226 229 232 237 242 253 254 257 258 260 262 263 264 267 275 276 277 279 281 283 285 286 288 290 294
13 226 231 235 245 251 255 256 258 261 265 266 272 287
19 222 226 227 230 238 248 249 250 251 254 261 262 264 265 270 273 277 279 290
19 218 222 227 234 238 240 243 246 255 259 262 263 266 268 273 285 289 291 293
13 219 228 230 243 251 253 255 256 262 264 280 287 288
28 222 223 229 232 233 236 237 238 240 241 243 244 246 247 255 260 261 263 268 269 270 273 279 283 284 285 290 292
34 216 218 219 222 227 228 230 231 235 238 240 243 244 245 247 248 249 250 252 255 256 259 261 265 266 268 270 271 272 278 280 282 287 289
14 221 226 234 235 242 254 264 266 273 283 285 288 291 293
32 216 220 222 223 224 226 227 231 233 234 237 238 248 249 253 254 258 260 262 263 264 266 271 275 281 282 283 284 286 287 292 293
12 218 224 225 238 249 253 257 259 260 262 267 274
10 217 226 228 241 243 263 273 275 289 294
21 218 219 220 226 230 234 239 242 248 249 251 254 256 257 271 276 281 282 288 291 294
13 217 226 241 243 247 248 251 253 257 275 290 293 294
13 216 217 230 233 235 239 245 252 265 268 272 275 287
31 219 222 224 227 231 233 239 241 243 246 255 266 267 268 270 272 273 274 275 276 277 278 279 280 281 282 284 285 286 289 293
21 219 220 222 228 236 237 238 239 243 244 249 255 256 257 260 270 272 279 286 287 294
22 223 231 232 234 235 236 237 239 244 245 256 257 271 274 275 276 280 283 287 288 289 292
21 217 222 227 228 229 230 231 233 240 243 245 254 255 262 264 269 274 284 288 289 293
6 239 246 248 272 283 284
16 216 217 220 224 228 229 238 242 245 251 257 261 265 271 272 278
13 219 222 226 244 248 249 252 256 262 273 275 286 288
10 220 222 224 226 233 240 251 261 281 290
17 216 218 229 234 236 254 264 267 268 273 277 279 281 284 286 290 292
23 217 223 225 230 231 235 236 244 247 250 252 253 258 262 264 265 268 274 275 279 282 291 293
14 221 227 231 237 244 254 258 259 266 275 276 281 282 293
13 228 231 236 237 240 245 246 262 274 276 285 291 292
21 221 225 231 233 244 246 249 252 256 258 265 267 268 269 270 276 277 283 286 291 292
8 227 235 238 246 250 257 258 286
23 216 219 220 222 223 226 231 233 234 237 238 248 250 255 258 265 266 271 276 278 282 283 292
26 216 221 229 230 231 233 236 237 238 241 243 254 257 269 270 275 277 280 283 284 286 288 289 291 292 293
31 216 219 220 222 223 224 227 230 232 233 237 243 252 253 254 261 262 265 266 269 271 273 274 280 281 282 283 289 290 291 293
29 222 223 229 232 233 236 237 243 244 245 246 247 250 259 260 261 266 267 268 269 270 273 277 279 283 284 290 292 293
17 223 224 225 229 230 233 243 249 253 257 258 265 266 282 287 288 289
15 217 230 236 248 249 250 256 257 261 264 265 267 276 283 288
24 217 218 221 223 224 227 233 234 236 253 254 255 256 258 259 262 269 271 275 280 282 291 292 293
16 216 219 228 230 236 237 243 250 251 253 255 264 267 288 290 293
15 216 220 227 234 239 254 255 261 263 269 270 275 277 279 283
11 217 221 238 241 266 267 272 276 278 285 286
31 216 217 219 221 224 226 231 233 238 249 250 254 255 258 260 264 265 266 267 269 273 275 276 277 278 282 284 286 287 292 293
11 217 233 239 245 247 265 268 275 287 289 290
27 225 229 230 235 236 239 240 241 242 243 244 245 246 247 251 256 257 259 261 268 270 279 280 289 290 291 294
12 216 220 222 224 226 232 233 240 251 254 269 290
14 226 227 230 238 247 249 250 254 262 264 265 273 290 294
14 219 228 229 232 246 250 255 263 270 273 276 281 285 286
13 217 228 231 240 245 246 262 274 276 285 286 291 292
26 220 224 225 227 228 230 231 233 236 237 238 243 244 245 249 252 256 257 263 270 272 276 279 286 290 294
14 231 233 237 239 241 245 251 258 270 271 272 275 281 294
15 216 220 233 239 241 245 251 258 260 270 271 272 275 281 294
28 218 221 224 232 233 234 236 244 246 248 251 254 255 256 258 259 260 269 273 275 276 282 283 286 291 292 293 294
14 219 223 229 246 250 254 255 258 263 273 276 282 285 286
19 221 229 236 237 238 241 243 246 257 261 275 277 280 282 283 284 286 289 292
11 216 220 222 224 226 233 251 261 269 281 290
14 222 229 235 236 239 247 249 250 254 263 267 274 279 290
11 219 223 229 246 250 258 263 273 276 281 282
15 219 221 223 228 230 236 248 249 256 261 265 267 269 274 278
23 217 219 221 223 224 228 230 236 248 249 250 252 257 264 265 267 269 274 276 279 283 284 288
21 222 229 231 232 236 237 238 240 241 243 245 246 255 259 263 266 268 270 273 290 292
31 216 217 218 219 220 221 224 226 230 234 239 242 248 251 253 254 256 257 262 264 265 271 272 274 275 276 278 280 281 282 288
13 222 236 239 242 251 253 259 263 268 277 279 282 287
26 219 220 222 224 228 230 231 233 239 243 244 245 249 252 255 256 257 260 263 265 276 279 286 287 292 294
13 216 220 231 233 239 241 251 258 271 275 280 281 294
17 224 229 231 233 234 238 243 247 251 257 259 261 265 271 272 274 278
17 220 222 225 230 236 239 251 253 259 263 268 270 277 280 282 287 291
17 220 222 225 226 230 236 239 242 244 251 253 259 263 277 280 287 291
5 222 226 228 251 252
6 221 222 251 252 260 284
7 220 255 260 261 265 269 275
16 219 226 230 231 233 235 246 251 256 258 261 265 266 271 272 287
18 229 232 234 238 240 241 242 244 250 256 265 270 272 274 275 276 277 283
11 218 223 239 250 257 261 267 270 273 279 291
16 216 217 218 232 240 246 248 253 258 259 268 269 278 280 284 289
13 222 226 227 229 231 240 243 249 255 263 274 284 293
17 217 218 219 224 226 240 248 250 257 263 270 272 283 284 285 288 291
9 229 233 236 239 244 259 274 278 282
12 223 226 229 241 242 251 264 266 273 282 283 285
6 221 222 226 228 252 260
23 216 218 219 221 224 229 240 241 243 246 255 258 260 266 267 268 269 272 278 281 282 284 291
14 220 223 231 235 236 245 257 271 274 275 285 289 292 293
8 227 235 246 250 258 259 266 286
13 222 229 235 236 243 246 247 263 267 276 279 287 290
17 218 219 221 225 230 237 251 259 264 266 271 273 277 280 283 289 293
14 229 236 239 243 244 249 254 263 267 276 279 282 287 291
16 216 218 238 243 248 254 260 276 281 283 284 285 286 292 293 294
23 217 219 225 230 231 237 238 243 244 247 250 253 258 264 265 267 268 277 279 282 285 293 294
10 220 226 247 251 253 263 281 289 290 293
33 216 218 222 227 228 230 231 233 236 239 243 244 245 248 250 251 252 259 261 265 266 268 269 270 271 273 274 280 282 287 289 292 293
20 217 227 228 229 230 233 240 243 245 249 255 258 262 263 264 269 274 284 288 289
17 216 219 228 229 230 236 237 238 248 250 251 253 254 264 267 273 287
13 216 224 226 232 233 240 254 261 266 269 281 290 292
21 216 223 225 228 233 234 235 236 238 239 242 243 246 251 253 268 269 277 278 292 294
23 216 217 221 222 227 234 237 238 248 253 254 255 262 263 267 269 276 277 282 284 286 287 293
48 216 217 219 220 221 224 227 228 230 231 233 234 236 239 241 242 243 244 246 249 251 252 254 255 256 257 258 260 261 262 263 264 266 267 269 270 272 273 275 276 277 280 281 282 286 289 292 293
13 216 219 230 235 239 250 254 259 264 271 274 279 285
14 216 220 222 226 232 233 240 251 254 261 266 269 281 292
16 224 229 233 236 239 244 254 257 259 262 264 274 276 278 282 283
30 216 220 221 225 232 234 236 237 238 242 246 247 248 251 252 253 259 266 268 272 275 276 277 280 281 283 285 286 290 294
18 219 229 230 231 232 234 236 238 240 244 249 256 260 265 274 275 276 285
17 216 225 232 239 242 254 261 267 268 271 273 274 281 283 287 290 291
24 217 221 223 227 233 234 236 241 246 251 253 254 255 256 259 265 269 271 273 276 280 283 291 292
12 219 222 228 231 237 240 245 262 276 285 291 292
9 224 227 242 255 262 266 272 278 284
15 221 223 225 227 246 250 253 264 266 267 268 270 281 284 285
31 216 222 226 228 229 230 231 235 238 239 240 242 245 247 249 250 252 257 261 263 267 270 272 274 278 279 284 287 288 289 290
10 216 219 235 238 250 259 261 264 271 285
10 230 231 245 246 249 258 266 271 272 287
12 219 223 249 250 253 265 271 272 274 276 279 281
26 217 218 220 223 225 231 232 233 234 239 242 244 245 246 252 258 259 260 261 266 269 275 283 284 285 286
12 220 226 254 255 256 261 269 270 275 278 279 280
14 222 223 224 227 240 247 249 253 260 263 265 271 272 276
24 216 218 224 229 238 240 252 254 259 260 264 267 268 273 277 279 281 283 284 285 286 290 293 294
53 216 217 219 220 221 222 224 227 228 230 231 233 234 236 239 241 242 243 244 246 247 249 252 254 255 256 257 258 261 262 263 264 265 266 267 269 270 273 274 275 276 277 278 279 281 284 285 286 287 289 292 293 294
13 225 226 229 232 235 240 245 248 250 259 271 290 291
15 218 221 229 249 255 257 259 260 270 273 276 280 287 288 289
26 217 219 226 227 228 234 235 237 240 245 250 258 260 261 265 268 269 273 281 284 285 286 287 288 292 294
40 216 217 220 221 222 224 227 230 231 233 239 241 243 246 251 252 254 255 256 258 260 261 262 263 265 266 267 270 272 273 274 277 278 280 281 285 287 289 292 293
20 216 225 232 234 236 239 243 248 254 267 271 273 274 280 282 283 285 289 290 291
34 217 220 222 230 231 232 233 234 236 237 239 240 245 247 248 251 256 259 261 262 263 265 266 268 274 276 279 281 282 286 287 290 292 293
28 218 220 221 223 227 231 234 239 244 247 249 257 258 260 263 266 268 269 270 271 274 279 281 284 285 286 289 292
11 217 224 228 231 248 253 256 272 284 285 292
19 217 218 219 226 230 240 245 248 249 257 260 263 270 274 280 283 284 285 289
25 216 224 232 234 236 238 240 243 248 252 254 259 260 264 267 273 277 279 282 283 284 290 292 293 294
20 222 224 225 227 231 236 238 239 243 244 245 249 252 257 260 265 270 272 286 287
32 219 223 224 226 227 230 231 232 236 237 240 242 243 252 253 255 259 261 262 266 269 273 274 276 280 281 283 285 286 288 291 292
15 216 227 229 235 244 246 250 252 253 255 258 264 271 278 288
14 217 220 228 241 247 248 251 253 263 275 281 289 290 294
18 221 223 224 225 229 230 233 242 243 248 249 253 257 258 264 265 282 289
22 220 221 222 231 232 237 241 254 255 258 262 264 265 266 273 275 276 281 282 286 290 293
19 217 228 237 238 241 243 244 247 252 253 258 262 264 265 275 277 279 291 293
7 228 258 263 264 267 277 279
19 217 220 225 228 237 239 241 244 247 250 253 263 274 275 278 280 288 289 291
49 217 219 220 221 222 223 224 230 231 232 234 237 238 239 240 242 243 245 247 248 249 251 256 257 259 260 261 262 267 269 270 272 273 274 275 276 277 279 280 281 282 284 286 287 290 291 292 293 294
29 219 220 222 224 225 227 230 231 233 236 237 238 239 245 249 252 255 256 257 263 270 272 276 279 286 287 290 292 294
25 217 223 227 232 233 234 236 241 244 246 248 251 254 255 256 260 262 265 269 271 280 283 291 292 294
13 221 223 224 225 229 248 253 258 264 266 282 287 288
22 217 218 219 224 226 230 240 245 250 252 257 260 263 272 280 283 284 285 287 288 289 291
13 219 226 231 233 235 246 249 256 258 261 266 272 287
39 217 219 220 221 224 227 231 233 234 239 241 243 244 246 247 249 251 252 254 256 257 260 261 264 265 266 267 270 273 275 276 278 279 280 281 285 287 292 293
18 223 228 229 232 236 242 246 250 254 255 258 263 269 270 273 281 282 285
31 218 220 224 225 226 227 230 235 239 242 248 249 251 253 254 256 257 264 265 271 272 274 275 276 278 281 282 287 289 291 294
15 217 221 232 238 240 241 243 256 266 267 272 273 285 286 292
16 217 221 229 241 244 246 247 250 251 257 260 268 270 272 278 284
27 217 220 221 222 224 232 233 245 246 249 252 257 258 259 260 263 266 270 275 276 281 282 283 284 285 291 292
9 228 238 258 263 264 275 277 279 294
16 219 221 225 234 237 238 242 252 259 270 277 280 281 286 289 293
13 228 241 247 248 251 253 257 273 280 281 289 293 294
26 217 219 220 223 229 230 233 237 244 245 247 249 253 256 263 264 265 269 270 272 275 277 278 279 288 292
14 219 226 230 231 233 245 246 251 255 256 266 271 272 287
24 217 218 221 224 227 232 233 241 244 248 253 254 255 256 259 260 262 269 273 275 283 291 292 293
15 216 231 233 237 239 241 251 258 260 271 272 275 280 281 294
23 219 220 226 229 230 231 235 237 238 239 240 245 249 252 257 261 263 264 274 279 284 288 289
6 239 246 263 271 272 283
33 222 223 228 229 231 232 233 236 237 238 241 243 244 245 246 247 250 252 255 258 263 266 267 268 270 273 277 279 283 284 285 290 293
14 228 234 235 236 239 244 257 271 274 276 285 289 292 293
22 217 220 221 223 225 227 228 237 241 244 250 253 262 263 269 270 274 275 278 288 289 291
12 217 226 227 240 243 249 255 262 263 269 284 293
15 221 222 227 231 244 254 262 264 266 276 281 282 286 290 293
23 217 220 221 224 225 232 237 241 242 257 260 262 264 275 277 279 283 284 285 286 290 291 294
19 217 221 222 223 228 237 239 241 250 253 262 269 270 274 278 280 288 289 291
39 218 219 220 221 222 223 224 230 231 232 234 237 238 240 242 243 248 249 254 256 261 262 263 266 267 270 272 273 275 276 280 281 282 284 286 291 292 293 294
21 216 225 228 229 233 234 235 236 238 239 242 243 251 253 261 267 268 269 271 278 292
18 221 223 225 229 230 233 248 249 253 257 258 264 265 266 282 287 288 289
21 216 218 220 224 228 231 232 234 238 245 251 255 257 259 261 263 269 272 274 278 287
18 222 229 235 236 240 243 246 247 249 250 254 263 267 274 276 282 287 291
11 220 224 229 239 244 248 254 257 262 278 282
26 217 221 223 224 227 232 233 234 236 248 251 253 254 255 258 259 262 265 271 275 280 282 283 291 292 294
24 217 220 221 222 223 225 227 228 237 239 241 242 244 247 250 253 257 263 269 274 275 280 288 291
16 219 244 250 256 257 261 265 267 270 273 278 279 282 287 291 292
25 217 219 227 231 232 235 237 245 247 249 255 258 260 261 265 269 273 275 281 284 286 289 292 293 294
32 222 223 228 229 231 232 236 238 240 243 244 245 246 247 250 252 255 258 259 260 261 266 267 268 273 277 279 283 285 290 292 293
9 222 224 227 234 236 255 266 272 278
10 217 219 222 231 236 237 245 246 251 262
6 227 246 250 257 258 286
13 224 229 230 243 248 249 257 264 265 266 282 287 288
15 221 223 226 229 234 235 241 242 254 264 266 274 285 288 293
14 216 230 233 239 240 245 247 265 268 272 287 289 290 291
10 223 226 229 234 254 264 283 285 291 293
21 224 235 236 237 241 246 247 251 252 259 260 266 268 275 277 280 281 283 285 290 294
17 218 223 225 232 240 244 246 249 252 267 268 270 282 283 286 287 291
15 218 223 225 232 237 238 240 245 248 250 271 283 288 290 291
12 217 218 240 247 250 253 262 269 277 280 281 289
10 224 228 232 233 241 257 268 278 284 292
24 216 218 224 232 234 236 238 240 243 252 254 259 260 264 267 273 281 282 283 284 290 292 293 294
12 220 222 226 230 239 244 251 263 270 279 282 291
42 218 222 225 226 227 229 230 232 234 235 236 239 240 242 243 244 246 247 248 253 256 257 258 259 262 263 264 267 270 271 272 277 278 279 282 286 287 288 290 291 292 293
44 216 217 218 220 224 225 226 228 229 230 232 236 239 241 242 243 244 245 246 248 249 251 252 256 258 261 262 263 264 265 266 267 268 270 271 272 274 279 280 281 285 287 291 292
40 216 218 219 220 221 224 225 229 234 237 241 242 244 245 246 247 248 251 254 256 259 260 263 264 265 266 269 270 274 276 277 278 279 280 281 284 285 290 292 294
36 216 217 220 221 223 227 230 234 235 237 239 240 242 244 245 247 250 252 253 256 258 259 260 262 265 268 270 274 278 279 280 281 287 290 292 294
29 217 225 228 229 230 233 235 236 240 244 245 248 254 258 259 260 261 262 263 267 268 270 271 274 279 286 291 292 294
29 226 227 228 229 230 231 232 237 239 240 244 245 248 249 250 255 260 266 268 270 272 279 280 284 285 286 290 293 294
35 216 225 227 230 231 232 233 234 235 236 237 238 241 242 243 246 247 251 253 254 258 259 264 266 268 269 271 272 275 278 282 289 290 291 293
46 217 219 220 228 230 231 232 233 237 238 239 240 241 244 245 246 247 248 250 254 255 259 260 262 264 265 266 267 268 270 271 272 273 275 276 277 279 280 281 283 284 285 287 289 290 291
41 218 219 222 223 227 229 232 234 235 239 240 241 242 243 244 245 248 250 251 252 253 254 255 257 260 262 265 266 270 271 273 275 277 281 282 283 286 287 290 292 294
42 217 220 222 224 226 229 230 231 235 236 237 239 241 242 243 244 246 247 248 252 253 255 258 259 262 265 266 269 271 272 274 275 276 277 279 281 283 285 288 290 291 292
26 216 217 222 225 231 233 237 238 240 241 244 245 246 247 263 265 267 268 270 275 278 284 286 288 289 292
44 216 217 218 220 221 224 226 227 228 230 232 233 237 240 243 244 246 247 250 251 253 254 259 260 261 262 264 267 268 269 271 277 278 279 280 283 286 287 288 289 290 291 292 293
32 216 218 220 224 225 228 229 231 232 235 236 238 245 246 249 250 252 254 258 260 261 263 264 267 271 277 278 280 281 288 289 290
24 216 217 219 221 227 229 232 234 235 237 240 246 250 261 262 263 264 266 271 272 276 277 282 289
36 218 220 221 222 231 232 234 237 238 241 242 243 244 245 246 250 253 255 257 261 265 266 267 268 270 273 274 275 278 280 282 286 287 288 289 290
50 216 219 220 221 223 224 225 226 227 230 232 233 235 236 238 239 240 242 243 244 247 248 249 251 253 256 258 260 262 263 264 269 270 272 273 275 276 277 278 279 280 281 282 283 284 285 287 289 291 294
23 217 220 223 225 229 237 239 247 248 252 253 255 261 263 264 271 272 273 281 286 287 291 293
36 216 218 221 227 230 231 232 233 235 239 240 242 243 244 245 246 247 249 250 252 254 263 265 266 267 268 270 271 276 278 280 282 288 289 293 294
30 223 224 226 228 230 236 239 241 247 249 250 254 256 257 261 263 269 270 272 273 274 275 277 278 280 284 286 288 292 293
29 219 222 231 232 233 234 239 240 241 244 245 251 252 256 260 261 266 269 270 272 274 277 279 280 286 290 291 292 293
32 218 219 221 227 228 229 232 233 234 238 239 250 254 257 258 259 260 261 263 264 268 269 270 272 276 279 283 287 288 290 291 293
50 216 218 220 222 223 224 226 229 232 233 234 235 236 237 240 241 243 244 246 247 248 249 254 255 256 258 259 260 262 263 266 267 268 269 270 272 274 275 276 279 280 281 282 283 287 288 289 290 292 293
53 216 217 218 220 224 225 226 227 230 231 232 233 236 237 238 239 241 242 243 244 246 248 249 252 253 254 255 258 259 260 261 262 263 266 267 268 269 270 271 272 273 276 278 280 281 282 283 286 287 288 289 291 294
40 218 224 226 229 231 235 237 238 239 241 243 245 246 248 249 250 252 255 256 258 259 260 262 264 266 267 269 270 271 272 274 277 278 280 281 282 283 288 289 291
28 216 222 223 226 228 233 234 235 237 242 249 250 251 254 258 260 263 266 267 271 273 274 279 280 282 284 286 288
51 216 217 218 219 220 221 222 223 224 226 229 230 232 235 236 237 238 241 243 245 246 247 248 250 251 252 253 255 256 257 259 266 267 268 270 271 274 275 276 277 278 283 284 285 286 288 289 290 292 293 294
29 217 222 224 225 230 237 238 241 243 245 248 251 252 253 254 259 263 264 266 269 272 273 275 276 277 282 284 288 293
52 216 217 219 221 222 223 224 225 226 227 228 229 232 235 236 237 238 240 241 242 243 246 247 249 250 252 254 255 256 257 258 259 261 264 265 266 267 268 270 272 273 276 277 278 280 283 284 286 288 289 292 293
26 219 220 225 226 229 232 233 239 244 246 249 250 251 252 256 257 259 262 270 271 277 282 284 285 286 293
37 216 218 220 221 224 226 229 231 235 236 238 239 241 242 244 246 248 249 251 256 261 263 264 265 266 267 269 271 272 273 275 277 278 279 287 291 292
43 216 217 224 225 226 227 229 232 233 235 237 239 240 242 244 246 247 249 251 252 255 258 260 263 264 265 268 272 275 276 279 280 281 282 283 285 286 287 290 291 292 293 294
32 218 220 223 225 227 229 232 238 239 245 246 256 258 259 260 261 262 264 265 267 269 272 276 277 279 281 282 283 284 286 287 292
44 218 219 220 221 226 227 228 229 231 238 239 242 243 244 245 249 251 252 254 255 256 257 259 260 261 262 263 264 265 266 268 270 272 273 274 277 278 279 282 287 288 290 292 294
38 216 219 221 222 230 233 234 237 239 240 241 244 247 249 250 251 252 254 257 258 259 261 264 267 271 272 273 274 275 278 281 282 283 284 289 290 291 293
24 220 222 224 230 234 240 243 244 247 251 253 260 263 268 270 271 279 284 285 286 287 289 292 293
30 218 219 222 224 226 227 230 232 237 239 242 243 246 249 250 253 260 263 267 268 269 270 273 275 278 279 284 287 290 291
49 216 222 224 225 226 228 229 230 232 234 235 237 238 241 242 243 244 245 246 247 248 249 250 251 256 257 258 260 263 264 266 268 269 270 271 272 275 276 278 281 282 283 284 287 288 289 292 293 294
40 219 224 226 227 229 230 231 235 237 238 239 242 244 247 249 251 255 259 260 262 263 265 267 268 269 272 273 274 275 276 277 280 282 283 285 286 287 288 291 294
37 216 219 222 223 224 227 229 232 233 235 237 238 239 241 242 243 245 246 247 249 250 251 254 256 258 259 261 262 263 266 267 268 281 283 284 288 291
34 223 225 227 230 233 236 239 240 241 242 244 245 247 248 249 251 252 254 256 257 261 262 265 268 273 277 280 285 286 287 288 292 293 294
45 217 218 219 220 221 222 223 224 226 227 228 229 234 237 241 242 243 246 248 250 251 253 254 258 259 260 261 263 264 266 267 268 269 270 274 275 276 281 282 283 285 286 288 291 293
38 218 220 221 223 226 228 229 231 232 234 235 239 244 247 249 250 251 252 253 255 259 261 262 264 266 267 268 270 271 272 273 274 276 277 284 287 288 290
42 216 218 219 220 221 222 224 226 228 229 230 232 233 234 236 237 238 239 240 245 246 247 248 250 253 254 256 257 258 259 265 272 274 276 277 282 283 284 285 288 292 294
52 216 217 218 223 224 225 227 228 232 233 234 235 236 237 238 239 240 242 243 244 246 247 249 250 252 253 255 256 257 258 260 261 262 263 267 268 269 271 272 275 276 277 278 281 283 284 285 287 288 291 293 294
53 216 217 218 223 224 226 227 229 231 233 234 237 238 239 244 246 247 248 249 251 252 255 256 257 258 259 262 263 264 265 267 268 269 270 271 273 274 276 277 279 280 282 283 284 286 287 288 289 290 291 292 293 294
46 217 219 220 221 222 226 228 230 231 232 236 238 240 241 242 244 246 249 250 251 253 255 256 257 259 260 263 264 267 268 270 271 272 274 276 277 278 279 280 281 283 284 288 289 291 292
44 217 218 219 220 222 226 230 232 234 236 239 240 242 243 244 245 246 247 248 249 252 254 256 257 258 261 262 263 264 265 266 267 268 273 274 279 280 282 283 284 285 286 289 291
28 216 220 222 231 232 233 235 241 242 243 245 246 254 255 256 258 262 263 265 270 271 272 274 280 285 290 291 294
36 217 220 221 224 228 231 234 236 237 240 241 243 244 245 246 248 249 251 252 260 264 267 268 269 270 275 278 279 281 284 285 288 289 290 292 294
41 216 218 219 222 223 224 226 227 229 230 232 235 236 238 239 244 245 246 247 249 250 251 254 255 258 259 260 261 266 267 268 270 272 276 277 278 280 284 285 289 291
55 217 218 220 222 223 224 225 226 227 228 229 230 231 235 237 238 239 240 242 245 246 247 249 250 251 253 254 255 257 258 261 263 264 265 268 269 270 273 274 275 276 277 278 281 282 283 284 285 286 288 289 291 292 293 294
38 217 220 222 223 224 227 231 233 235 238 240 242 244 249 253 256 257 258 259 260 261 263 264 265 267 270 272 273 274 276 277 280 284 285 288 289 292 294
30 216 218 220 221 222 224 225 228 229 231 233 234 237 240 249 251 254 255 256 259 262 266 270 274 276 281 288 289 290 292
31 217 219 221 222 223 225 236 237 240 241 242 244 248 250 251 252 256 259 264 266 267 269 272 273 275 276 279 283 290 291 292
36 219 221 223 224 225 226 228 231 234 237 239 241 245 246 247 248 249 250 252 256 257 258 261 263 264 267 268 273 274 275 279 281 284 285 286 289
44 216 217 219 223 224 225 226 233 234 235 236 239 240 241 243 246 247 248 249 250 251 254 256 257 258 260 262 264 265 267 268 270 271 272 273 274 282 284 285 286 287 290 291 293
42 216 217 219 220 221 224 225 227 233 234 235 240 243 244 246 250 252 253 254 255 256 257 258 259 260 261 262 264 265 267 269 270 271 272 276 278 279 281 286 289 293 294
51 216 217 218 219 220 221 222 223 224 226 229 231 233 234 235 236 237 239 243 244 245 246 247 249 251 252 257 258 259 261 262 263 264 266 268 269 270 271 273 276 278 280 281 283 288 289 290 291 292 293 294
41 216 217 219 222 225 227 228 230 232 234 236 238 239 242 245 247 252 253 254 255 258 259 261 264 266 268 269 271 272 273 275 276 279 280 282 283 284 286 287 292 294
30 218 219 220 221 223 225 227 228 229 233 234 236 240 244 245 247 251 253 254 261 269 271 273 274 275 278 279 287 288 291
44 216 217 218 219 220 221 222 225 226 227 229 230 232 236 238 241 242 243 244 247 249 250 252 254 256 257 259 260 262 263 265 267 268 269 270 271 272 278 280 282 283 287 291 292
38 218 219 220 221 223 230 233 234 236 240 243 244 245 251 252 253 254 255 256 258 260 263 264 265 266 267 268 275 278 280 281 282 283 285 286 288 290 292
38 216 218 219 220 222 224 226 228 233 236 238 240 241 242 243 246 247 249 250 252 255 261 262 264 265 266 267 270 271 276 278 283 284 285 288 289 290 293
30 216 217 222 223 225 226 229 231 233 236 242 244 247 249 250 252 253 254 262 263 265 267 269 275 276 278 285 286 291 294
40 217 218 219 221 222 223 225 228 229 231 233 235 238 240 242 244 246 247 248 249 250 251 259 263 266 267 270 275 277 278 280 281 283 284 287 290 291 292 293 294
31 218 220 222 225 230 231 233 234 236 237 241 244 246 250 251 252 253 258 259 264 272 275 276 279 281 285 287 289 290 291 294
26 216 221 230 231 237 239 240 244 245 246 249 251 257 259 266 271 272 274 276 277 279 280 282 283 290 294
24 217 220 227 228 230 231 232 238 239 241 242 245 248 251 252 261 262 264 276 278 283 284 292 293
51 218 220 222 223 224 225 227 228 230 231 233 234 235 238 239 240 242 244 246 249 251 255 258 259 260 261 262 263 264 265 267 269 270 272 273 274 276 277 278 280 281 283 284 285 287 288 289 290 291 292 294
39 218 219 222 224 226 227 228 229 232 233 235 237 238 241 244 245 246 249 250 253 254 257 258 260 263 266 267 268 271 272 279 282 284 286 287 289 292 293 294
46 216 217 218 219 221 225 226 228 230 231 233 234 235 236 237 238 239 241 243 244 247 248 250 251 255 256 257 258 259 260 261 262 263 270 271 272 275 279 280 282 283 286 288 289 292 293
49 217 218 219 220 221 223 224 226 229 230 232 233 234 235 237 240 242 243 249 250 253 254 255 256 257 259 263 264 265 266 267 268 269 270 271 272 273 274 277 278 279 280 281 283 284 286 289 293 294
53 216 218 219 222 224 225 227 228 229 230 231 232 236 237 239 240 243 244 246 247 248 249 250 252 253 256 257 258 259 260 261 262 263 264 265 266 268 270 271 272 273 274 275 276 279 283 284 286 287 288 290 291 292
53 216 217 218 219 220 222 223 224 226 227 233 234 237 239 240 241 242 243 245 248 250 252 253 254 255 256 257 258 260 261 262 263 264 265 267 268 269 270 271 272 273 274 276 278 281 282 283 285 286 289 291 292 294
37 218 219 220 223 228 229 230 231 235 238 240 242 244 248 250 251 252 253 255 256 261 264 265 267 268 270 273 274 275 276 279 280 284 287 288 291 294
31 217 219 220 226 228 229 231 235 237 238 243 244 245 249 258 259 261 262 263 264 266 268 269 271 272 277 279 284 285 288 289
41 216 217 218 220 221 222 223 225 227 229 231 233 234 236 239 240 242 243 244 246 252 253 254 255 257 258 259 263 265 266 267 268 269 273 277 280 281 282 286 288 292
47 218 220 221 223 224 226 227 228 229 230 232 233 234 235 236 237 238 239 240 243 245 246 247 248 252 254 255 256 257 259 261 265 266 269 271 272 273 274 276 278 279 280 282 286 290 292 294
34 216 217 224 225 227 229 230 232 235 236 237 238 239 240 241 242 244 251 252 256 260 265 267 268 269 272 274 276 280 283 284 285 287 292
48 216 223 225 227 228 229 230 231 232 235 236 237 238 241 243 245 246 247 250 251 252 253 254 257 258 259 260 261 264 265 266 267 268 269 271 272 273 274 275 277 279 280 282 286 289 290 291 292
39 219 221 222 223 228 232 235 236 237 239 241 244 245 247 248 250 251 252 255 257 258 259 260 264 266 269 271 273 274 276 277 278 279 283 288 290 292 293 294
29 216 218 221 222 223 226 228 232 233 234 236 238 242 244 245 249 251 254 258 260 263 275 276 277 285 286 290 293 294
47 218 219 220 222 223 225 226 227 229 231 236 237 238 240 241 242 243 244 245 246 247 248 250 252 253 254 256 260 264 265 266 267 268 270 272 273 276 279 280 281 282 283 284 285 288 291 292
50 216 217 220 223 224 225 226 228 229 230 231 233 234 236 237 239 240 242 243 246 247 248 249 252 253 254 256 257 258 260 261 262 263 265 267 268 271 272 274 275 277 278 280 281 283 286 289 290 291 294
36 217 228 230 231 234 237 238 239 243 244 245 247 248 249 252 253 254 258 259 260 261 262 265 266 270 273 274 276 278 280 282 283 288 289 290 294
44 216 220 222 223 225 227 228 233 234 235 236 237 238 240 241 243 244 246 247 249 250 252 253 254 259 260 262 264 265 268 270 272 273 274 275 276 279 282 284 288 289 290 292 293
53 216 217 218 219 220 223 225 226 227 228 230 235 237 238 239 240 241 243 245 246 247 250 251 252 253 254 255 257 258 259 261 262 263 264 265 266 267 269 271 273 274 277 278 280 281 282 283 284 285 286 287 288 293
30 216 220 222 223 225 226 227 230 233 234 236 239 241 247 248 252 255 258 260 263 266 267 269 270 271 274 285 286 288 290
41 216 217 219 220 222 223 225 226 228 232 233 234 235 237 238 239 241 243 244 246 247 250 251 252 253 255 256 257 263 269 270 271 273 275 279 282 283 285 286 293 294
40 216 217 218 219 220 221 222 226 227 228 233 234 235 241 243 244 245 248 249 252 253 255 256 258 262 263 264 267 268 269 271 277 281 285 286 287 288 291 292 294
34 216 224 225 227 231 234 238 239 241 242 245 252 255 256 259 260 261 262 263 265 267 268 271 272 275 277 278 280 281 284 285 291 292 294
54 219 221 223 224 225 226 227 228 229 230 231 232 233 234 237 238 240 242 243 244 245 246 248 249 252 253 254 255 256 257 258 259 261 262 263 264 265 267 269 270 271 272 273 274 278 280 281 282 285 286 287 288 292 294
43 216 220 221 223 225 226 227 229 230 232 233 236 240 243 244 245 247 248 251 253 254 255 257 262 263 264 266 267 268 269 272 273 274 275 277 279 280 282 288 290 291 293 294
53 218 219 221 222 223 224 225 227 228 230 232 233 234 236 237 238 240 241 242 245 247 248 249 252 253 254 255 258 259 262 263 264 265 268 270 272 273 274 275 276 277 278 280 281 282 284 285 287 288 289 290 291 294
33 216 217 219 220 223 227 231 235 237 239 241 244 245 248 249 250 255 256 263 264 266 267 268 269 270 272 273 277 278 280 283 288 294
48 216 218 219 220 221 223 225 226 227 236 238 239 240 241 242 243 247 248 249 252 253 254 256 257 258 259 260 261 264 265 271 272 276 278 279 281 282 283 284 285 286 287 288 290 291 292 293 294
29 216 219 220 224 226 227 232 233 239 240 241 242 244 249 250 253 258 260 266 267 269 282 286 287 288 290 291 293 294
54 219 222 223 224 225 226 228 229 230 232 233 234 236 237 238 239 240 241 242 243 244 245 251 252 253 257 258 259 260 261 262 265 266 267 268 269 270 271 274 276 277 278 280 282 284 285 286 287 288 289 290 291 292 294
52 216 218 219 220 221 222 224 225 226 228 229 230 231 232 234 236 237 238 239 240 241 242 244 245 246 247 248 249 252 253 256 257 259 261 263 264 265 267 276 278 280 281 282 283 284 285 288 289 290 292 293 294
35 216 217 218 220 221 224 225 228 229 230 231 234 236 241 242 245 248 249 250 258 259 260 261 265 271 274 275 277 278 279 283 287 289 290 293
29 217 219 221 225 228 230 236 237 238 239 242 244 247 249 252 254 256 260 262 264 271 272 278 281 283 290 292 293 294
49 216 217 219 220 222 225 226 227 228 230 232 233 234 237 239 240 241 243 244 246 247 249 251 252 254 255 257 258 261 262 263 264 266 267 268 272 273 274 275 276 278 280 281 286 289 290 292 293 294
42 216 217 218 219 221 223 225 227 228 231 233 234 235 236 238 239 242 243 247 248 251 252 255 259 260 261 262 263 264 268 272 278 280 281 282 286 287 288 289 290 291 294
47 216 221 223 224 225 227 228 229 230 231 232 234 235 236 237 238 239 240 241 243 244 245 246 247 248 249 254 255 256 257 258 260 261 262 263 266 268 271 272 273 275 277 278 279 287 289 294
29 216 218 224 227 229 232 234 240 242 244 246 250 251 255 256 258 259 261 264 265 266 267 269 270 274 275 277 285 294
38 218 221 222 224 225 227 228 230 232 233 237 239 245 248 249 250 251 252 257 259 260 261 266 269 271 272 275 276 278 279 280 284 286 287 288 290 293 294
41 216 217 218 222 224 225 228 229 233 234 235 236 239 240 241 243 245 246 247 248 249 250 251 252 253 255 256 257 263 266 268 271 277 278 280 281 283 286 291 292 294
28 223 224 225 227 233 234 241 245 247 250 253 260 264 265 266 267 268 270 273 276 277 278 282 284 286 289 290 294
27 216 217 218 220 221 223 224 225 228 229 230 231 255 257 262 264 265 270 273 280 282 284 285 287 289 290 293
35 219 220 224 226 227 229 230 232 233 235 240 241 242 243 244 247 248 249 254 256 259 261 262 265 266 267 270 273 277 280 284 285 292 293 294
45 217 218 219 221 222 223 224 225 226 227 229 231 232 234 237 239 240 241 243 244 246 248 249 250 253 255 256 259 261 264 265 271 273 276 280 281 282 283 284 285 286 289 290 293 294
38 218 220 226 227 231 232 233 234 237 242 243 247 248 251 252 254 255 256 257 259 264 265 266 271 272 273 274 276 277 278 280 281 282 286 287 290 291 292
46 216 217 218 219 220 222 224 227 228 229 231 232 236 237 240 241 243 245 246 247 248 249 251 254 259 261 267 268 269 271 272 273 275 276 277 278 281 283 285 286 287 289 290 291 293 294
38 216 218 220 221 225 226 227 228 230 231 232 241 242 243 244 248 250 251 253 257 258 263 265 266 267 269 271 272 274 276 277 279 287 288 289 290 291 292
33 216 217 221 222 225 232 233 235 239 247 248 252 253 254 255 256 257 260 261 267 273 275 276 277 279 280 283 286 290 291 292 293 294
53 216 218 221 222 223 225 227 228 229 230 232 233 234 236 237 240 241 242 243 244 245 247 248 251 252 253 254 255 256 257 260 262 263 265 266 267 268 269 272 276 280 281 282 283 284 285 287 288 289 290 291 292 293
30 220 223 225 229 230 231 238 242 243 244 245 246 248 249 254 255 258 259 261 267 268 279 284 285 286 288 291 292 293 294
30 216 217 218 219 220 223 225 231 233 238 239 241 243 244 245 247 248 250 251 254 256 259 260 261 267 269 272 280 285 294
48 216 217 218 221 222 224 226 231 232 234 235 236 237 239 240 243 244 245 246 248 249 251 252 253 254 256 257 261 264 265 266 267 269 270 271 272 273 274 279 280 281 283 284 287 288 289 292 293
38 219 220 222 223 225 227 230 233 235 236 237 239 246 249 256 259 260 262 263 264 265 266 271 273 274 277 278 279 280 282 283 284 287 288 289 291 292 294
41 216 217 218 219 220 222 224 225 226 227 229 232 233 237 238 239 240 242 246 248 250 251 253 254 255 256 262 264 266 269 270 273 274 275 277 278 279 281 285 290 291
50 217 219 220 221 222 223 225 226 227 228 230 233 236 238 239 240 242 243 244 248 249 251 252 254 256 257 259 261 263 265 266 267 269 270 271 272 274 277 278 279 280 281 282 284 285 286 288 289 293 294
39 217 219 220 223 226 227 229 230 232 233 235 237 238 240 241 242 243 244 247 248 249 254 255 256 258 260 261 266 267 270 271 273 276 279 281 282 283 286 288
42 216 218 222 223 224 228 238 241 244 246 247 248 249 251 252 253 255 258 260 261 262 263 267 268 269 270 271 272 273 276 277 278 279 280 284 285 286 287 289 290 291 294
48 216 218 220 221 222 225 226 228 229 232 233 238 240 242 243 244 246 248 249 251 253 254 255 257 259 261 262 263 264 265 269 270 271 273 275 276 277 278 279 280 282 283 285 286 289 291 293 294
50 216 217 219 220 221 224 226 227 228 229 230 231 232 234 235 237 239 241 242 243 244 245 246 248 250 251 254 259 260 261 262 263 264 265 267 270 272 273 274 275 279 280 281 282 285 289 290 291 292 294
53 216 217 219 222 224 226 227 228 230 232 233 234 235 236 239 242 245 248 249 250 252 254 255 256 257 258 260 261 262 263 266 267 269 270 271 273 274 275 276 277 278 279 280 281 282 283 284 285 289 290 291 293 294
27 216 217 220 225 226 232 235 239 246 248 249 250 251 252 254 262 264 268 269 273 282 283 284 285 287 288 291
43 219 221 222 225 227 228 229 231 232 233 234 236 237 238 239 240 243 244 247 248 251 252 253 255 256 258 259 260 261 262 263 264 266 267 268 269 270 271 279 281 288 291 292
32 220 221 228 229 231 232 233 236 238 239 240 243 247 249 250 253 258 259 265 266 267 268 271 273 275 276 282 286 288 289 292 294
43 216 219 220 226 230 232 236 240 244 245 246 247 248 250 251 254 258 259 262 264 266 268 269 270 271 272 274 275 276 277 278 279 280 281 282 283 284 287 288 289 291 292 294
50 216 217 219 221 222 223 224 225 227 228 229 232 233 234 235 236 237 239 240 241 242 243 245 247 249 250 251 252 256 257 258 260 261 262 264 267 269 270 271 275 276 277 281 283 284 286 287 288 290 293
26 216 217 219 222 224 225 226 229 232 234 243 249 253 262 264 265 268 269 275 276 279 287 288 289 291 293
25 217 218 221 225 228 230 232 234 235 238 244 245 246 248 249 258 259 263 267 271 272 278 285 291 292
30 218 219 220 221 223 225 226 234 236 237 240 242 245 248 250 255 257 260 264 265 267 271 275 276 281 283 285 286 293 294
44 216 218 219 221 222 223 224 225 229 230 231 234 239 240 241 243 246 247 250 254 255 256 257 258 259 261 263 265 267 268 269 271 275 276 278 280 283 284 285 286 287 290 292 293
46 216 217 218 219 221 222 223 224 225 226 227 232 233 234 236 239 240 241 245 248 250 251 253 255 256 257 258 260 263 265 268 269 272 273 277 280 281 284 285 286 287 288 289 291 292 294
37 216 218 219 223 225 227 228 230 231 234 242 245 247 248 249 251 254 256 259 261 262 263 264 269 270 271 274 275 277 279 280 281 282 283 286 289 290
55 216 217 218 219 220 222 224 225 229 230 231 232 233 234 237 238 239 240 241 242 245 247 248 249 252 254 255 256 258 259 260 261 263 264 265 270 272 273 274 275 276 277 278 279 280 284 285 287 288 289 290 291 292 293 294
28 217 219 223 228 232 233 234 235 236 241 244 245 247 250 251 252 255 256 261 265 269 274 275 280 284 288 289 294
52 217 218 220 222 223 224 225 227 229 231 232 236 237 239 240 241 243 245 247 248 250 252 254 255 258 260 261 262 263 264 266 268 270 271 273 274 275 276 278 279 280 281 282 283 284 285 287 288 289 291 292 294
39 216 220 221 222 224 226 228 231 234 236 239 241 242 245 246 254 255 257 259 260 262 263 265 269 272 273 275 276 277 278 280 281 282 285 289 290 291 292 293
43 217 218 220 221 222 223 224 226 228 230 231 232 234 238 240 241 242 244 246 249 253 256 258 260 262 263 264 265 266 269 271 272 274 281 282 284 287 288 289 291 292 293 294
30 216 217 228 230 233 235 237 238 241 243 246 251 254 258 259 260 263 265 267 270 272 273 275 279 282 283 284 285 286 293
54 216 218 219 220 221 222 223 224 225 226 228 230 231 232 233 234 240 241 243 244 246 247 248 249 250 251 252 253 254 255 256 258 261 262 263 264 266 267 268 269 270 271 272 275 278 279 281 283 284 285 287 290 291 294
31 216 219 220 221 223 224 228 233 236 238 239 243 245 246 250 253 258 264 265 267 268 271 272 274 276 277 281 282 288 291 293
35 216 217 219 223 224 230 231 236 237 241 244 245 247 248 249 251 256 257 260 265 266 271 272 274 277 279 281 286 287 289 290 291 292 293 294
39 216 219 222 224 225 228 231 232 238 240 242 243 244 245 246 248 250 251 253 255 256 258 259 263 264 265 267 270 271 275 278 279 284 286 287 288 289 290 292
32 222 223 224 225 229 230 232 233 236 237 238 245 246 247 250 254 255 256 257 258 261 263 265 266 270 274 277 279 286 287 291 294
34 217 218 221 222 225 228 231 233 234 236 237 239 241 250 251 252 253 255 256 259 261 262 266 269 271 272 273 278 283 286 287 291 292 293
27 217 225 228 229 232 234 235 236 241 243 246 249 251 253 257 262 275 276 277 281 284 285 286 287 289 292 294
26 221 225 229 231 238 239 240 244 246 251 252 256 257 261 262 264 271 276 277 279 280 285 287 288 291 292
50 216 219 220 222 223 227 228 231 233 234 235 238 239 241 243 246 249 250 251 252 254 256 257 258 259 260 261 263 264 265 266 267 269 271 272 273 274 275 278 279 280 281 283 285 286 287 289 291 292 293
43 217 219 222 227 228 230 231 232 234 235 236 237 238 244 250 253 254 255 256 257 258 259 260 261 264 265 266 268 269 270 271 273 274 275 281 283 284 285 286 287 289 291 293
47 216 217 218 225 226 229 230 232 233 234 235 237 238 241 242 244 246 247 248 249 250 253 254 256 257 259 260 262 263 265 267 268 271 272 274 276 277 278 279 280 284 286 287 288 289 290 294
48 216 217 218 221 225 228 229 235 236 239 240 241 243 246 248 250 251 252 253 255 257 258 259 261 262 263 264 266 267 268 270 272 273 274 275 276 278 279 281 282 283 284 285 286 288 290 292 293
45 216 217 219 221 222 223 225 230 231 236 237 239 241 244 245 247 248 249 250 251 252 254 255 258 259 264 265 266 268 273 274 276 277 279 280 281 282 283 284 287 288 289 291 293 294
47 218 219 222 225 228 231 232 233 234 235 238 239 240 242 246 248 249 250 251 252 253 254 255 257 258 260 261 262 263 266 268 269 270 272 273 277 280 283 286 287 288 289 290 291 292 293 294
51 217 218 222 223 224 226 227 228 233 234 235 237 238 239 240 241 243 245 246 247 248 249 250 251 252 253 254 255 256 257 258 259 261 262 263 264 265 266 268 269 273 274 277 279 281 282 283 284 285 286 291
29 222 223 226 228 230 231 234 239 240 242 243 245 246 249 251 253 259 260 264 265 269 271 279 281 282 285 287 291 292
47 216 217 219 220 221 225 227 231 232 233 235 237 238 239 240 242 243 246 250 251 252 255 256 257 259 263 264 265 266 267 268 269 270 271 272 273 274 277 279 282 283 285 288 291 292 293 294
34 216 219 222 224 227 229 233 236 237 240 241 246 248 250 252 254 258 259 261 266 267 272 273 274 275 280 286 287 288 290 291 292 293 294
53 216 217 218 219 223 224 225 228 229 232 233 234 235 236 239 241 243 244 246 247 248 249 250 253 255 258 260 261 262 263 265 267 268 269 270 271 272 273 276 277 278 279 281 283 284 286 287 288 289 290 292 293 294
38 217 219 221 223 224 225 227 230 232 233 234 235 236 238 241 242 244 245 247 249 251 257 258 259 260 264 265 268 269 274 275 278 279 284 286 288 290 292
53 216 219 220 223 224 225 226 228 229 231 239 240 243 244 245 246 248 249 252 253 254 255 256 257 258 259 260 261 262 263 265 266 267 268 269 270 271 272 273 275 276 277 279 280 282 283 284 285 288 290 292 293 294
45 216 217 218 220 225 226 227 229 230 231 233 234 235 236 240 242 243 246 247 251 252 253 254 256 258 262 263 264 265 267 269 271 273 275 283 284 285 286 287 288 289 290 291 292 293
45 216 218 219 221 222 225 227 228 229 230 231 234 236 237 238 240 243 245 247 249 251 254 256 258 259 260 261 262 263 264 265 268 272 274 275 276 278 279 282 284 285 287 288 290 293
40 217 218 219 220 222 225 226 227 233 234 236 238 239 241 242 248 250 251 252 253 255 258 265 266 270 271 272 273 276 278 281 283 284 285 286 287 288 289 291 293
49 216 217 219 220 221 222 223 224 225 226 227 228 230 231 232 234 235 238 239 240 241 243 244 246 248 251 253 255 256 257 259 262 263 264 266 267 269 270 271 272 273 274 275 278 280 284 288 292 293
32 216 218 219 220 223 224 225 229 232 233 242 243 247 248 253 256 257 260 266 268 270 271 272 273 277 282 284 286 287 289 292 294
35 218 221 223 225 226 229 230 232 235 236 238 239 241 242 244 245 247 254 255 256 259 260 262 268 271 277 280 282 285 286 287 290 291 293 294
28 217 220 221 229 230 231 233 235 237 241 244 247 248 249 251 253 255 265 266 267 272 276 281 283 288 289 293 294
31 216 218 219 221 223 224 225 228 231 232 236 238 241 242 243 247 253 255 260 261 264 266 274 278 279 286 288 289 291 293 294
25 216 220 222 227 229 230 232 234 236 237 243 254 257 259 268 269 271 273 274 276 284 287 289 293 294
47 217 218 220 221 222 224 225 226 227 228 231 232 233 234 235 236 237 239 240 244 245 247 248 249 251 253 255 259 260 261 262 263 265 267 270 272 273 275 276 277 278 280 281 285 290 291 292
45 220 221 222 223 224 225 226 227 228 230 232 234 235 237 238 239 240 241 244 246 248 249 250 252 255 258 259 262 264 265 266 267 269 271 275 276 278 279 280 283 284 286 287 289 291
32 219 224 227 228 229 231 232 238 244 246 248 249 251 254 255 256 261 262 265 269 272 275 276 278 280 283 285 287 288 290 291 293
24 217 218 220 221 224 232 233 240 244 246 247 248 250 259 261 263 266 271 272 273 276 288 289 294
29 216 218 219 221 222 228 229 231 232 233 236 237 241 249 253 255 257 260 263 264 265 268 270 277 278 282 285 292 294
40 220 221 222 224 226 229 232 233 234 236 240 242 244 245 246 248 250 252 253 254 255 258 259 261 262 265 266 267 270 272 274 276 278 281 282 283 286 290 292 293
36 217 219 223 224 229 231 233 237 238 241 243 244 245 247 252 255 257 262 263 265 269 271 273 274 276 277 278 279 281 283 285 286 288 289 290 294
29 222 223 225 226 230 232 235 239 245 246 247 250 251 253 254 256 260 262 264 266 271 272 276 278 283 285 288 291 292
52 216 218 219 220 222 224 225 226 228 229 231 233 235 237 240 241 244 245 247 249 250 251 253 254 255 256 258 259 260 262 264 265 266 267 268 269 270 272 273 275 277 280 281 282 284 286 287 288 289 290 292 293
51 216 218 219 222 226 227 229 230 232 233 234 235 236 237 238 240 241 242 243 245 246 247 248 249 250 251 252 254 255 256 258 259 260 261 262 263 266 268 271 273 274 276 280 282 286 287 288 289 291 293 294
27 216 218 219 222 223 226 227 229 231 235 238 240 241 243 245 254 257 258 259 265 270 271 273 280 281 284 292
52 216 217 218 219 220 221 222 223 224 225 227 231 232 235 240 242 243 244 246 247 248 249 250 252 254 255 256 258 259 260 261 262 263 264 265 266 268 273 274 275 276 281 282 283 286 288 289 290 291 292 293 294
45 218 219 220 221 224 227 228 229 230 231 234 235 238 240 241 242 243 244 245 248 250 251 252 254 256 259 260 262 263 264 267 269 270 271 276 278 279 282 283 284 285 286 290 292 294
45 216 219 220 223 224 225 228 229 230 231 234 237 238 239 242 243 244 245 249 251 254 257 259 260 264 265 266 268 270 271 274 275 277 278 279 280 281 282 283 284 285 288 289 291 292
24 218 220 221 226 227 231 235 241 242 245 250 252 254 255 257 258 262 263 265 268 269 279 283 293
33 216 217 218 219 225 228 230 232 234 237 240 241 242 244 245 247 249 250 252 260 261 264 266 267 268 272 273 280 282 287 288 290 292
28 217 226 227 229 233 234 236 237 239 240 243 247 248 251 256 260 263 265 266 267 269 271 274 281 284 286 290 291
47 217 218 219 220 222 226 228 229 230 231 233 235 238 239 240 241 242 243 247 251 253 254 255 256 257 261 262 263 265 267 268 269 271 272 274 276 279 281 282 283 285 287 288 289 290 292 294
53 216 218 219 221 222 223 225 226 228 231 232 234 235 236 237 241 242 243 245 246 247 249 250 252 253 254 255 256 257 262 263 266 267 268 269 270 271 272 273 274 275 276 277 278 280 282 283 284 285 291 292 293 294
30 218 226 227 228 229 231 240 242 247 248 253 255 256 258 262 263 266 270 271 276 277 280 282 283 286 288 291 292 293 294
40 216 217 218 222 225 227 228 232 235 236 239 240 241 242 246 248 251 253 254 255 256 257 259 260 261 263 267 269 272 273 274 277 279 280 282 283 284 286 287 290
52 216 217 218 219 220 223 225 226 227 228 229 230 231 232 234 235 236 237 238 239 242 245 246 247 248 250 251 252 255 256 259 260 261 263 264 266 270 271 273 274 275 277 278 281 282 285 287 289 290 291 292 294
38 217 218 224 226 228 230 232 233 234 236 237 238 239 241 243 245 247 248 249 254 255 258 259 260 261 264 269 270 277 282 283 284 287 288 289 291 292 293
54 217 218 220 223 224 228 229 231 233 234 235 236 237 238 239 240 241 242 243 245 246 247 249 250 251 252 253 258 259 261 262 263 264 265 266 268 269 270 271 273 274 275 276 277 278 283 287 288 289 290 291 292 293 294
44 216 220 222 223 225 226 229 230 235 236 238 239 240 241 245 246 248 250 251 253 254 257 259 260 261 262 264 268 269 270 271 272 277 278 279 280 281 282 283 284 285 287 290 293
55 216 217 219 220 221 222 223 224 226 227 228 229 231 234 235 236 238 240 241 242 243 246 248 249 250 251 253 254 255 257 259 260 261 262 264 265 266 267 268 269 272 273 274 275 276 277 279 281 288 289 290 291 292 293 294
38 219 222 223 225 226 227 230 231 232 236 237 240 241 242 245 247 249 251 252 254 259 260 261 263 264 270 271 275 276 279 280 282 283 284 286 290 293 294
48 217 218 219 220 223 224 225 226 227 229 230 233 238 239 241 242 244 245 249 251 252 253 254 255 257 258 260 261 263 264 265 266 269 270 271 272 274 275 276 277 281 282 284 285 287 289 291 294
29 218 219 223 229 234 238 241 242 243 244 247 249 251 258 262 263 264 265 267 271 273 274 275 279 280 281 285 292 294
51 216 218 219 220 221 225 228 229 231 233 234 236 238 239 241 242 243 245 246 248 251 254 256 257 258 261 264 265 266 267 269 270 272 273 274 276 277 278 279 280 281 282 283 284 286 288 289 290 291 292 294
53 217 218 219 220 222 223 224 230 232 233 235 236 237 238 239 240 241 242 244 246 247 248 250 251 254 255 256 257 259 260 263 264 266 267 268 269 270 275 276 277 278 279 280 281 282 284 287 289 290 291 292 293 294
29 220 224 231 235 236 240 242 243 244 245 247 250 252 254 256 259 261 262 265 266 267 269 271 275 277 280 282 287 291
23 216 222 228 231 232 235 243 245 247 248 249 254 257 258 259 269 270 275 277 280 284 289 292
52 217 220 221 222 224 225 226 227 229 230 231 232 233 234 235 237 239 241 242 243 244 246 247 249 250 251 252 253 254 256 257 258 266 267 270 271 272 274 275 277 278 279 281 282 284 287 288 289 290 291 292 293
44 216 217 218 219 223 225 226 232 233 234 235 237 239 241 242 243 245 246 247 248 249 250 255 256 257 259 261 262 263 264 266 268 269 272 274 276 277 279 282 283 284 288 289 290
51 216 217 219 220 222 224 225 226 227 228 231 232 233 234 235 237 238 239 240 241 244 246 247 248 249 250 254 255 258 261 265 266 268 271 272 274 275 276 278 279 280 281 285 286 287 288 290 291 292 293 294
31 216 217 218 220 224 226 228 230 234 235 236 238 239 252 255 260 263 265 267 270 271 273 275 276 278 280 282 285 286 287 290
46 216 218 222 223 224 225 226 228 230 231 233 234 239 240 241 245 249 251 252 253 254 258 259 260 261 264 265 268 269 270 272 273 274 275 278 281 282 283 284 285 286 288 289 291 292 294
38 217 220 221 222 223 224 225 226 227 228 229 230 231 233 236 237 238 239 240 244 249 258 259 260 264 267 268 269 270 271 273 276 277 279 280 281 287 288
40 218 222 223 224 225 226 227 229 232 236 242 243 244 245 246 247 249 253 256 259 261 262 264 265 266 270 272 274 278 279 280 283 284 286 287 289 290 292 293 294
29 220 221 225 231 234 235 236 244 245 246 248 249 260 261 263 268 269 271 272 276 277 278 281 284 285 287 290 291 292
27 220 228 235 236 237 240 244 245 247 251 252 254 258 259 260 263 266 277 282 283 284 285 287 288 289 291 294
39 216 218 224 227 228 231 232 235 236 238 240 241 242 244 246 247 248 253 254 255 259 261 263 264 265 267 268 273 274 279 281 284 285 286 288 290 292 293 294
31 216 219 220 224 225 226 227 232 237 238 242 244 245 247 249 251 252 256 259 261 262 264 265 274 276 279 281 283 291 293 294
42 217 219 220 223 231 232 233 234 238 240 241 242 243 244 245 246 248 249 250 251 253 254 258 259 262 263 264 265 268 269 270 271 273 276 277 279 281 282 283 284 286 288
48 216 217 218 219 220 221 224 225 226 229 230 231 232 233 234 235 236 237 239 241 242 243 245 249 251 253 254 255 259 260 261 263 265 266 269 270 271 273 274 277 280 281 285 286 288 291 292 294
54 216 220 221 222 224 227 228 229 230 231 232 233 234 236 237 238 239 240 242 243 245 247 249 252 254 255 256 258 259 262 263 264 265 266 267 268 269 270 272 273 276 279 281 282 284 285 286 287 288 289 290 291 292 294
28 216 223 226 227 229 231 233 235 237 238 242 245 246 247 250 252 254 255 259 261 264 266 269 272 277 279 287 289
30 216 219 222 224 227 231 233 235 243 248 250 251 255 257 260 262 264 265 270 274 275 277 281 282 283 284 285 287 292 293
35 219 221 229 231 232 233 237 238 240 241 244 245 249 253 255 256 258 259 260 261 264 266 270 271 272 274 276 277 280 282 288 289 292 293 294
27 218 221 223 225 226 227 232 237 238 239 242 244 245 246 250 253 254 262 265 269 271 272 274 277 279 288 293
38 219 221 222 224 226 229 230 232 236 237 240 241 242 248 252 253 254 255 256 257 260 261 262 265 266 268 270 271 277 282 285 286 287 288 289 290 291 292
50 217 219 222 223 224 226 227 228 229 230 233 235 236 237 238 240 242 244 245 246 247 248 249 250 252 253 254 255 256 257 258 261 263 264 265 267 269 270 274 275 277 279 280 283 284 287 288 289 290 293
52 218 219 221 223 224 225 228 230 231 232 233 234 236 237 238 240 242 243 244 245 247 251 255 256 257 259 263 264 266 267 268 269 270 271 272 273 274 276 278 279 281 284 285 286 287 288 289 290 291 292 293 294
48 216 218 220 222 226 227 228 231 232 233 234 236 237 238 240 241 242 243 247 248 250 251 256 257 258 259 261 263 264 265 266 268 273 274 275 276 277 278 279 280 282 283 284 285 288 290 293 294
41 217 219 222 225 226 230 231 232 235 237 238 242 243 245 246 249 252 253 254 255 259 264 265 267 268 269 270 274 275 276 277 278 280 281 282 283 284 289 290 291 292
26 226 230 232 235 238 250 251 252 256 258 260 262 265 267 269 271 272 276 277 278 279 281 283 286 291 292
41 217 218 221 223 224 225 228 230 232 234 238 241 242 244 245 246 247 250 252 253 254 256 257 260 261 263 267 268 270 271 273 275 276 278 279 281 283 285 286 293 294
47 216 217 219 223 226 227 230 231 232 234 235 237 239 240 241 243 244 245 247 248 251 254 257 259 263 265 266 268 270 271 272 273 274 276 277 278 279 281 282 283 285 286 287 288 289 291 294
30 217 219 221 222 225 227 231 234 235 238 246 248 251 252 253 254 256 262 263 267 273 277 278 279 280 282 289 290 291 293
46 216 217 218 219 222 224 227 228 229 232 233 234 238 240 241 242 243 244 246 249 250 251 253 254 259 260 261 264 265 266 268 270 271 272 273 274 280 281 283 284 285 289 291 292 293 294
50 216 217 219 220 221 222 223 224 225 228 230 231 233 234 238 239 241 244 245 246 247 248 249 251 253 254 257 258 261 262 263 264 265 269 271 272 276 277 278 279 280 281 282 283 285 288 290 291 293 294
36 216 218 220 221 223 228 231 232 234 236 242 243 245 247 252 254 255 256 259 263 265 271 272 273 274 276 277 279 282 283 285 286 288 289 291 292
26 216 218 221 226 230 231 239 243 246 247 251 254 256 258 261 263 270 272 273 277 283 287 290 291 293 294
30 216 218 219 227 238 241 244 245 247 249 250 251 253 256 258 261 263 264 269 270 271 272 274 276 281 283 285 288 291 292
42 216 217 218 220 221 222 224 228 230 233 234 239 243 244 246 247 248 251 252 256 258 259 260 261 262 263 266 273 274 278 279 280 281 282 284 285 287 288 290 291 292 293
47 216 219 220 223 225 226 229 230 231 232 235 236 237 238 240 242 243 244 246 247 248 249 250 251 253 254 255 257 261 262 264 266 267 268 269 271 272 273 276 278 279 281 282 283 286 288 294
31 217 219 220 222 225 226 230 231 232 234 240 241 242 243 247 254 255 263 265 268 269 270 272 275 280 283 284 286 287 293 294
54 217 219 220 223 224 226 229 230 233 235 236 237 238 239 240 243 244 245 246 250 251 252 253 254 255 256 258 259 260 261 262 263 265 266 267 271 272 273 274 278 279 280 281 282 283 285 286 287 289 290 291 292 293 294
32 216 217 218 224 228 229 230 233 235 239 240 243 244 247 249 255 258 259 262 263 264 265 268 271 274 277 281 282 285 286 287 288
11 295 299 302 307 309 312 313 316 319 321 325
4 304 311 321 323
10 295 300 301 305 307 309 319 320 321 325
9 298 299 300 303 305 314 316 320 321
9 295 298 299 301 302 307 309 310 320
9 297 298 300 305 309 311 320 324 325
18 296 297 300 301 303 304 306 308 310 311 314 315 317 318 320 322 323 324
9 295 300 309 310 311 317 319 320 322
7 295 296 306 313 315 316 321
9 299 301 302 303 306 315 319 320 324
4 296 312 315 325
7 296 297 303 309 318 321 324
12 297 298 301 302 308 311 313 314 320 322 323 325
16 295 296 299 301 302 305 306 307 309 310 313 315 317 318 323 324
17 295 296 297 303 304 306 309 311 313 315 318 320 321 322 323 324 325
6 297 298 309 310 317 325
8 296 297 312 315 318 319 324 325
11 295 299 300 305 306 307 308 315 317 323 325
10 297 302 304 307 309 316 317 318 321 325
18 296 297 300 303 306 307 308 309 310 311 312 316 319 320 321 322 323 325
12 302 303 304 309 310 311 312 314 316 320 321 323
10 295 300 301 303 309 310 313 317 321 323
19 295 296 299 300 303 304 305 306 307 309 310 312 315 316 317 318 319 321 324
5 296 303 307 311 325
11 297 301 302 303 305 306 307 313 314 316 321
10 297 300 301 305 307 308 309 310 311 315
22 295 298 299 300 301 302 304 305 306 307 308 309 311 312 313 315 316 317 318 321 324 325
2 298 305
11 299 303 304 305 308 313 315 316 317 318 319
14 296 297 298 303 304 306 307 308 309 312 315 321 322 324
12 296 297 301 304 307 311 316 317 318 319 321 323
9 296 300 308 312 313 314 318 322 323
9 299 302 303 304 308 311 313 316 323
10 300 303 305 306 308 313 314 316 317 322
4 298 301 310 315
14 299 302 303 304 305 306 308 309 311 313 318 322 323 325
13 298 301 302 304 310 311 312 313 314 316 319 320 322
10 299 301 302 304 307 308 317 318 319 322
9 296 297 298 301 307 315 319 322 324
5 303 310 312 314 323
14 295 299 301 302 305 311 313 316 317 318 319 320 323 325
11 298 305 309 310 313 316 317 319 321 322 324
6 297 298 312 314 318 322
11 295 297 300 302 307 309 310 311 322 324 325
21 295 296 298 299 302 303 304 306 312 313 314 316 317 318 319 320 321 322 323 324 325
9 296 297 299 308 312 317 318 323 324
9 297 298 303 308 311 312 314 320 322
7 295 304 305 307 311 316 321
10 297 300 301 302 304 312 314 315 318 320
8 296 297 300 301 304 306 309 312
7 300 301 303 307 311 316 319
22 295 296 297 301 302 304 306 307 308 309 310 311 312 313 315 317 318 319 322 323 324 325
10 296 297 298 300 312 314 316 317 320 324
14 298 299 300 301 302 305 307 308 310 312 314 316 317 319
7 295 301 307 310 315 319 321
19 295 296 297 298 299 301 302 303 304 308 309 311 312 315 316 318 319 321 323
5 295 299 306 308 323
10 300 303 306 308 313 314 319 320 322 323
13 295 298 299 301 302 304 305 313 314 315 317 318 324
3 300 310 314
9 296 298 301 306 312 314 320 321 323
8 299 303 307 308 311 316 317 319
9 296 297 303 310 314 319 320 322 323
6 296 306 310 315 317 324
7 295 296 299 305 311 312 324
10 295 299 300 305 306 308 313 317 318 325
6 300 304 316 319 321 325
13 296 297 298 299 302 304 305 311 314 320 322 324 325
15 295 298 302 305 310 313 314 315 318 320 321 322 323 324 325
15 295 298 302 304 305 306 309 310 313 314 315 320 321 322 325
7 298 299 304 308 318 323 324
19 295 298 299 300 302 303 305 306 308 309 310 312 313 314 315 320 322 324 325
8 306 307 308 312 315 316 318 319
12 300 305 306 307 310 313 314 317 320 322 324 325
6 296 297 316 318 321 323
3 313 315 316
6 295 299 312 313 316 321
10 300 304 306 310 311 314 317 318 323 324
6 297 307 311 317 318 319
15 295 298 299 300 302 303 305 306 309 310 312 314 320 324 325
6 307 312 315 316 318 319
4 296 315 318 325
7 303 304 310 312 314 316 323
7 296 297 303 310 314 322 323
5 303 304 308 315 317
7 297 298 311 313 314 320 323
6 300 301 303 311 316 319
4 295 315 316 321
15 295 296 297 303 304 306 309 311 313 318 321 322 323 324 325
6 300 305 306 308 316 322
7 298 300 302 305 308 316 317
14 295 296 300 303 305 306 307 309 315 316 318 319 321 324
4 296 306 313 321
6 296 297 312 315 324 325
8 297 303 305 306 307 313 316 321
16 295 298 299 300 302 303 306 308 309 310 312 314 315 320 322 324
8 300 301 305 307 308 310 311 315
6 296 297 300 301 309 312
7 297 305 309 311 320 324 325
14 295 302 303 304 306 312 313 317 319 321 322 323 324 325
1 305
5 301 303 307 316 319
4 301 307 315 321
4 295 310 315 319
4 302 308 311 323
9 297 306 309 311 315 318 320 321 322
3 296 306 324
8 298 303 308 311 312 314 320 322
7 297 301 303 305 306 307 321
4 304 307 311 316
6 299 301 302 304 317 322
14 295 296 297 299 301 302 304 308 309 312 315 318 319 323
18 295 296 302 306 307 308 309 310 311 312 313 315 317 318 319 323 324 325
6 297 312 314 315 318 320
3 299 306 308
6 299 302 305 311 314 320
7 302 307 310 311 322 324 325
6 295 300 305 309 321 325
7 300 303 305 306 308 316 317
5 303 307 308 311 317
5 304 316 319 321 325
6 296 316 317 318 319 323
3 295 299 305
8 300 303 306 308 314 319 322 323
11 297 303 306 309 313 315 320 321 322 324 325
5 297 298 312 314 322
7 297 304 307 316 317 318 325
6 296 312 315 319 324 325
4 296 306 313 315
7 297 302 316 317 318 321 325
5 295 304 311 316 321
4 306 308 312 318
4 300 305 309 324
16 295 296 297 298 299 301 302 304 308 309 311 312 315 318 321 323
12 295 298 302 304 305 306 309 313 314 315 322 325
18 295 296 297 301 302 306 307 309 310 311 315 317 318 319 322 323 324 325
3 298 301 315
8 301 302 303 305 313 314 316 321
5 299 304 308 318 324
4 296 307 319 322
18 295 296 298 302 304 312 313 314 316 317 318 319 320 321 322 323 324 325
7 296 297 308 309 321 322 324
16 298 299 300 302 304 305 307 308 309 311 316 317 318 321 324 325
8 295 299 301 302 306 310 313 317
3 298 310 315
9 296 297 298 299 302 311 314 322 324
5 299 305 314 316 320
8 297 303 304 306 308 309 315 321
5 296 297 303 309 321
3 304 321 323
10 297 301 302 308 311 313 320 322 323 325
10 303 304 309 310 311 314 316 320 321 323
6 299 307 308 316 317 319
4 297 298 312 318
13 296 299 301 302 306 307 310 313 315 317 318 323 324
5 296 300 312 318 323
4 295 299 306 308
4 298 302 307 310
4 307 312 315 319
9 302 304 311 312 313 314 316 319 322
5 301 302 305 307 316
11 295 304 305 306 309 312 315 316 318 319 321
13 295 302 305 306 307 309 310 313 315 317 318 323 324
5 299 304 318 323 324
9 297 298 308 311 313 320 322 323 325
6 297 311 313 320 322 325
6 300 301 303 311 316 319
7 299 303 305 308 313 316 319
2 306 308
9 298 302 304 310 311 312 314 319 320
3 304 316 321
11 298 301 302 304 305 313 314 315 317 318 324
10 295 313 315 318 320 321 322 323 324 325
6 300 301 312 314 318 320
5 299 301 315 319 320
6 296 300 308 312 314 318
7 295 302 307 309 312 319 325
7 295 298 301 302 307 309 310
6 298 301 308 313 320 322
18 295 296 297 301 302 304 306 307 308 309 310 312 315 319 322 323 324 325
11 295 299 301 305 311 316 317 318 319 320 323
7 297 300 301 307 308 309 310
5 295 301 307 315 321
4 296 299 311 324
7 297 301 302 312 314 318 320
7 297 300 302 310 311 324 325
4 296 303 314 323
7 297 300 305 307 308 309 310
3 306 310 315
6 299 301 303 306 319 324
4 304 308 323 324
15 296 297 300 301 306 308 310 311 314 315 317 318 320 322 324
3 300 316 325
7 300 309 310 317 319 320 322
12 299 302 304 305 306 308 309 311 313 318 322 325
2 295 306
8 298 305 310 313 314 320 324 325
11 295 298 302 313 315 320 321 322 323 324 325
6 295 305 307 308 323 325
4 297 312 314 318
13 295 296 297 303 306 309 313 315 320 322 323 324 325
7 300 303 309 313 317 321 323
4 307 310 315 319
15 295 298 299 300 302 305 308 309 310 312 314 315 322 324 325
11 299 302 305 306 309 311 313 318 322 323 325
7 297 298 305 309 311 320 325
7 299 305 308 316 317 318 319
8 295 302 306 307 310 313 315 323
7 296 298 306 312 314 320 323
4 307 315 319 324
7 297 300 308 309 310 311 315
6 295 297 307 310 311 325
4 301 307 310 321
5 312 317 318 323 324
6 298 299 300 303 314 320
8 301 302 308 310 312 316 317 319
6 299 303 307 308 311 317
4 296 306 316 321
9 296 297 298 304 305 311 314 320 325
11 298 300 301 302 306 309 315 318 321 324 325
5 299 301 306 315 320
5 299 302 303 304 313
2 304 321
2 301 310
6 296 297 315 318 319 325
10 296 298 299 304 305 311 314 320 322 324
4 297 298 309 310
3 300 316 325
6 297 300 307 308 310 315
8 296 297 298 301 307 319 322 324
4 303 307 311 325
6 300 301 310 317 321 323
4 295 305 311 321
4 295 306 313 321
6 299 300 303 314 320 321
10 295 299 301 302 311 313 316 317 319 323
3 300 304 321
1 305
7 309 310 311 317 319 320 322
4 298 300 303 321
7 296 307 308 309 315 321 324
9 299 304 308 313 315 316 317 318 319
5 296 297 303 319 323
10 296 297 301 302 312 315 317 320 321 322
14 298 300 301 307 309 310 311 313 314 317 318 320 321 323
16 295 297 298 301 302 304 308 309 310 313 314 315 316 321 322 324
16 295 296 298 299 300 301 306 309 311 313 314 315 316 317 318 319
11 295 298 300 306 308 309 311 316 317 321 322
13 295 296 297 298 305 307 308 310 312 313 316 319 323
12 295 297 300 302 303 304 309 310 311 312 316 324
11 296 297 298 301 313 314 316 321 322 323 324
11 296 298 305 308 309 311 313 315 318 319 321
20 295 298 300 302 304 306 307 308 309 311 312 315 316 318 319 320 321 322 323 324
15 296 297 298 302 303 304 308 310 313 315 317 318 319 323 325
19 295 297 298 299 300 302 303 304 306 307 309 311 313 314 316 319 321 323 325
14 295 298 299 301 303 305 311 313 314 316 318 321 324 325
15 297 298 299 301 302 306 307 308 309 312 313 314 317 318 323
21 295 296 298 299 300 301 303 304 305 306 307 308 309 313 314 316 318 321 322 323 325
12 296 306 311 312 313 314 315 316 317 321 322 324
13 298 299 300 305 307 310 311 314 316 317 319 322 323
21 295 296 297 299 301 303 304 305 306 307 310 311 312 313 314 316 319 321 322 324 325
16 297 299 302 303 305 306 310 311 313 315 316 317 318 321 322 325
10 304 305 306 308 310 314 315 318 323 324
16 298 301 302 303 304 305 307 308 310 313 316 317 318 320 321 324
20 295 296 297 302 303 305 306 307 311 312 313 314 315 317 319 320 321 322 324 325
9 297 302 306 309 315 317 321 322 324
11 296 298 304 306 312 314 316 317 320 323 325
13 295 300 302 303 304 305 310 312 313 315 316 322 325
12 296 298 303 304 305 308 313 315 317 318 320 322
9 295 298 299 302 305 307 311 317 321
19 295 297 299 300 301 302 303 305 307 308 310 311 313 314 316 318 320 321 323
15 295 296 297 300 302 304 306 307 310 315 316 317 320 322 324
14 300 301 302 304 305 309 310 312 316 317 321 322 324 325
17 295 298 300 302 305 306 307 308 311 312 313 315 317 319 320 321 324
17 295 296 297 298 307 309 311 313 314 315 316 318 319 320 322 323 324
9 297 299 300 305 308 312 313 314 321
17 296 297 300 303 306 308 309 310 311 313 314 317 318 319 320 323 325
12 295 298 299 301 309 310 312 313 314 318 324 325
13 295 299 300 302 305 307 308 309 313 315 319 320 322
15 296 298 299 300 301 304 305 306 309 312 315 321 322 323 325
11 299 300 301 302 304 311 314 316 318 321 325
14 299 302 303 304 307 309 310 312 315 317 319 320 322 325
15 295 297 303 304 305 307 309 311 313 316 320 321 323 324 325
14 296 297 298 299 303 304 305 306 307 314 315 316 320 323
10 300 301 302 304 307 309 312 314 316 323
20 295 296 297 298 299 302 303 307 308 309 310 312 315 316 317 320 321 322 324 325
15 297 299 302 305 307 309 310 314 315 317 319 320 321 322 325
16 296 298 299 304 305 306 307 310 311 312 315 316 321 322 323 325
14 296 299 300 301 302 309 311 312 313 316 317 321 322 324
19 295 296 298 300 302 303 304 305 306 308 309 310 313 314 315 317 322 324 325
10 296 303 304 307 310 315 317 318 320 323
10 297 299 302 305 306 307 309 311 315 320
17 295 298 300 303 304 305 306 307 309 311 312 313 315 316 317 318 320
19 298 299 301 303 305 306 307 309 310 311 312 313 315 316 317 321 323 324 325
13 295 297 298 301 305 306 307 309 311 316 317 322 323
21 295 297 298 299 301 302 303 304 306 307 308 309 311 313 316 318 321 322 323 324 325
12 296 301 305 306 307 309 312 314 315 317 318 320
16 298 299 300 304 305 306 307 308 310 311 312 317 322 323 324 325
20 296 297 298 299 301 302 303 308 309 310 311 312 314 315 317 320 321 322 323 325
14 297 299 301 302 303 304 306 311 313 314 317 318 319 320
20 295 296 299 301 302 304 306 307 308 310 311 312 313 314 317 318 320 322 324 325
20 295 296 299 300 302 304 305 306 307 308 310 313 314 317 318 320 321 322 323 324
9 296 297 304 309 312 314 320 323 325
16 295 297 298 299 302 306 307 308 310 314 315 316 317 319 320 324
17 295 298 300 302 303 304 307 308 310 311 315 318 320 322 323 324 325
12 298 299 300 303 307 311 313 314 318 319 320 322
16 298 299 302 304 305 307 312 314 316 317 318 319 321 322 323 324
17 295 296 298 300 301 303 304 305 306 307 308 309 313 320 321 324 325
15 295 296 299 300 302 303 308 309 313 315 316 317 319 322 323
11 295 300 301 305 307 310 313 316 318 319 322
20 299 300 301 302 304 305 306 309 310 311 313 314 316 318 319 320 321 322 324 325
18 296 297 298 300 301 302 305 309 310 312 313 315 317 318 321 322 324 325
12 295 297 299 302 303 305 307 310 313 316 317 318
10 295 301 302 305 308 311 318 320 322 323
12 296 298 302 303 306 309 313 314 319 321 323 325
17 295 296 297 300 302 305 306 307 308 310 311 312 316 321 322 323 325
11 296 298 305 306 310 314 321 322 323 324 325
14 298 300 302 306 307 308 309 310 311 312 317 320 321 324
14 295 296 298 302 303 305 308 310 311 312 318 319 322 325
16 296 297 299 300 302 303 305 307 312 313 314 315 317 320 321 323
13 298 299 300 305 308 309 312 314 318 320 321 323 325
17 295 299 301 302 303 305 308 309 310 311 312 313 314 316 320 322 324
19 296 298 301 302 303 304 305 309 311 313 314 315 317 318 319 321 322 323 325
17 295 297 299 300 304 306 308 311 313 314 315 316 318 319 320 323 325
14 297 299 301 302 306 307 308 309 310 312 315 316 317 322
15 295 297 298 299 300 303 304 305 311 313 314 321 322 323 325
20 295 296 297 302 304 305 306 310 311 312 313 315 317 318 319 321 322 323 324 325
11 297 298 304 305 306 314 316 318 320 322 324
12 296 297 300 301 303 304 305 306 316 317 320 324
12 300 301 302 305 312 314 315 316 318 321 323 325
16 298 299 303 306 307 311 312 313 315 316 317 318 321 322 323 325
16 295 297 298 300 302 303 306 308 310 312 313 314 316 321 322 324
10 295 297 304 305 307 309 310 316 322 323
9 297 298 302 304 317 318 319 321 324
12 296 299 301 303 305 308 310 312 315 316 318 322
17 295 301 302 303 304 306 307 308 310 312 313 316 319 321 323 324 325
12 297 299 300 301 302 303 310 313 315 316 319 321
10 296 302 305 309 310 313 314 321 322 323
20 295 297 298 300 301 302 303 304 307 308 309 310 311 315 316 317 318 319 323 325
20 295 296 297 298 304 306 307 308 309 310 312 313 314 315 316 317 320 322 324 325
11 298 299 302 303 304 310 314 317 318 319 325
17 295 297 298 299 301 304 306 312 315 316 317 318 319 320 322 323 325
15 296 298 299 303 306 308 311 313 314 318 319 320 321 323 325
10 298 300 301 307 311 315 316 318 320 323
10 302 303 307 310 313 314 315 316 317 322
9 297 301 306 312 317 319 320 321 324
16 295 297 298 299 300 302 308 310 314 317 318 319 322 323 324 325
18 295 297 298 299 300 301 303 304 305 309 310 311 316 317 319 322 323 325
14 296 300 302 305 306 307 308 310 311 318 319 320 323 324
10 296 305 306 308 315 316 319 320 322 325
17 296 297 298 300 303 305 306 307 309 311 314 316 319 320 322 323 324
21 295 296 298 300 301 302 304 305 306 307 310 311 312 314 315 317 318 319 320 321 322
15 296 297 300 301 302 304 305 306 312 314 316 318 319 321 324
11 298 300 305 309 311 313 314 317 320 321 322
13 296 298 299 302 304 306 307 311 312 314 315 316 325
12 298 302 304 307 308 309 312 313 315 316 318 321
13 299 301 302 303 304 305 313 315 320 321 322 323 324
10 296 297 301 302 309 317 318 320 324 325
15 295 297 298 299 303 304 305 306 307 312 314 315 320 321 325
12 296 298 299 303 309 311 313 314 317 320 321 325
17 295 296 298 301 302 304 305 307 311 312 314 317 318 320 321 324 325
16 297 299 302 303 304 306 307 308 309 311 312 314 315 316 320 321
9 299 307 311 312 313 314 316 319 320
19 295 296 297 300 301 302 305 306 307 308 312 313 314 316 318 320 321 322 325
18 295 298 299 300 302 303 306 307 309 310 311 312 316 318 320 322 323 324
13 295 298 300 308 310 312 314 316 318 319 321 324 325
16 295 296 299 303 304 305 307 308 310 311 315 316 317 321 322 324
20 295 296 297 300 301 302 303 304 305 310 311 313 315 316 317 318 321 322 323 324
20 295 296 297 299 300 301 303 304 305 306 307 309 310 311 312 313 320 321 322 325
16 295 296 297 298 302 303 304 306 307 309 314 317 320 321 322 323
20 295 296 299 303 304 305 306 307 308 309 310 311 312 315 318 319 321 322 324 325
18 295 302 303 305 306 308 310 312 315 316 317 318 319 320 321 322 323 324
21 297 298 301 303 304 305 306 308 310 313 314 315 316 317 318 320 321 322 323 324 325
10 295 300 303 305 306 310 315 317 318 319
12 296 297 300 304 305 306 309 311 313 316 318 319
11 295 296 297 298 300 301 307 308 318 321 323
14 297 298 299 301 303 305 308 312 315 316 317 322 323 325
11 295 296 297 298 301 311 312 314 315 320 324
11 296 300 302 306 308 314 315 316 318 320 325
10 295 297 299 303 304 308 311 315 319 324
19 295 296 297 302 303 306 307 310 311 312 313 314 316 318 319 320 322 323 324
10 296 299 305 310 311 319 320 322 323 324
14 297 298 302 304 305 307 309 310 311 312 317 318 319 325
16 295 296 297 302 304 306 308 309 312 313 314 315 317 319 323 325
12 296 298 302 303 306 308 310 319 320 321 322 323
17 297 301 302 303 304 306 307 309 310 311 312 317 320 321 322 324 325
15 295 297 299 301 302 304 305 306 308 309 314 315 320 322 325
10 297 299 301 303 309 310 315 316 318 321
20 295 298 299 303 304 306 307 308 311 312 313 314 316 317 318 319 320 323 324 325
15 296 297 298 301 305 306 307 311 313 314 316 317 318 319 321
16 299 301 302 305 306 309 311 312 313 315 316 317 319 322 324 325
18 295 296 297 299 300 303 305 306 307 308 309 314 316 317 319 320 323 325
16 296 298 299 300 301 302 306 308 309 312 313 314 315 319 320 324
19 296 298 299 302 303 304 305 306 309 311 312 313 316 319 320 321 323 324 325
18 296 297 299 300 302 304 305 307 308 309 310 311 312 314 315 318 321 324
12 302 305 306 307 309 311 312 314 316 317 321 324
21 295 296 297 298 301 302 303 305 306 308 309 311 313 315 316 318 319 320 321 322 323
18 297 298 300 302 306 307 309 311 313 315 316 319 320 321 322 323 324 325
14 295 297 299 301 303 304 309 310 313 316 319 320 322 324
14 296 298 300 307 308 311 315 318 319 321 322 323 324 325
11 299 300 304 305 308 310 312 314 315 316 322
11 297 298 300 301 302 303 311 314 315 321 324
16 295 296 298 299 300 302 303 304 306 309 310 312 314 317 318 323
20 295 296 297 299 300 302 303 305 307 309 310 312 313 314 315 317 320 321 324 325
12 295 297 301 305 307 309 310 311 312 315 318 323
13 301 303 305 307 309 311 312 315 316 317 320 321 323
17 295 296 297 298 300 304 305 307 308 310 311 315 316 318 321 324 325
17 295 297 299 304 305 306 307 308 310 311 313 314 315 319 321 322 325
14 298 303 306 308 309 310 312 314 316 317 318 319 321 324
19 295 297 298 300 304 305 307 309 310 313 314 315 316 318 319 320 321 323 324
18 295 297 299 302 303 306 307 308 309 310 311 312 313 314 316 317 318 322
16 295 297 300 302 304 310 312 313 314 315 317 318 319 320 321 322
21 327 328 334 342 345 346 356 357 367 369 376 378 379 382 384 385 386 389 393 394 395
13 327 332 340 342 343 345 349 350 357 369 376 377 394
13 331 332 335 341 348 352 357 360 362 371 375 377 394
15 327 330 332 336 347 353 360 361 364 370 374 387 391 393 394
19 326 329 331 336 338 345 348 350 353 367 369 371 372 373 375 382 383 386 397
13 330 346 347 357 365 368 374 379 386 391 395 396 397
17 326 331 333 335 346 355 359 366 367 378 379 382 383 386 388 393 395
25 328 329 333 334 338 339 340 344 348 354 356 357 358 363 365 369 372 375 378 379 382 383 388 392 397
14 327 328 329 334 339 355 358 363 364 373 375 388 390 397
34 326 329 330 331 335 336 338 341 343 347 350 351 352 353 354 355 358 359 360 362 365 370 372 373 374 375 377 380 383 388 390 391 396 397
29 326 327 330 339 340 342 343 345 346 348 349 352 353 363 367 370 372 373 376 379 380 382 383 384 389 390 394 395 396
19 330 331 332 333 336 343 345 348 350 352 354 359 360 366 372 374 377 378 393
23 327 329 330 331 334 336 339 341 342 343 344 358 364 367 369 377 381 383 390 391 394 395 397
13 340 342 343 348 350 355 368 371 385 389 392 394 397
13 327 339 343 344 346 365 376 379 385 389 390 391 395
11 330 335 337 341 352 358 360 366 374 388 393
17 332 335 336 343 347 361 363 364 365 367 371 372 386 390 391 393 396
17 329 330 334 338 339 348 352 356 362 364 368 375 380 381 384 391 397
22 329 334 336 337 342 348 349 357 358 362 365 372 374 376 380 385 386 391 392 393 395 396
33 326 327 328 334 336 338 343 345 347 350 351 354 355 356 358 359 363 364 365 367 368 369 370 372 373 376 378 381 382 383 390 395 396
17 329 330 333 337 339 344 346 361 366 374 379 380 386 387 389 393 397
14 327 328 329 331 334 335 346 348 359 360 364 370 377 381
7 327 328 334 340 350 380 385
9 340 342 349 353 384 385 388 391 392
17 332 339 341 342 343 345 353 354 360 362 369 370 376 389 391 392 396
22 332 333 335 336 338 340 347 348 351 360 364 369 375 380 381 383 384 386 388 392 394 395
15 329 331 333 338 341 344 351 355 359 365 374 381 387 391 392
24 326 327 329 335 339 340 341 344 347 351 353 356 357 358 362 368 369 373 379 383 386 389 390 397
19 332 341 344 350 351 352 355 357 358 365 367 372 375 379 382 386 390 395 397
25 328 336 337 341 344 347 351 353 354 358 360 361 363 365 370 371 372 373 374 385 387 389 390 392 396
41 326 327 329 330 331 332 333 335 339 343 344 349 350 353 354 355 357 358 360 361 362 364 368 369 370 371 373 374 375 377 381 382 385 386 388 389 391 393 395 396 397
17 332 333 337 339 340 344 348 349 361 363 364 366 368 371 381 387 392
21 330 333 337 338 340 343 345 349 356 361 362 363 366 368 373 374 383 388 392 394 396
44 326 328 329 330 331 332 334 335 337 339 340 341 342 346 348 351 353 357 359 360 361 362 364 367 369 370 371 372 373 374 377 379 380 383 384 385 386 387 389 391 392 393 395 397
27 328 332 334 340 343 344 349 350 353 355 356 357 358 365 366 369 372 373 374 378 384 385 386 387 389 392 395
25 327 331 332 337 338 339 341 343 350 358 359 360 361 364 366 369 370 372 373 381 386 389 390 394 397
18 326 336 339 342 347 353 354 369 371 376 378 380 384 385 387 389 391 393
31 328 334 336 337 338 340 341 342 345 346 347 348 351 352 356 359 363 365 366 367 372 376 378 379 380 383 384 387 390 392 394
28 331 332 333 334 337 341 342 345 346 348 349 350 357 359 362 366 370 371 373 374 376 377 378 384 386 388 390 397
14 328 334 337 338 349 355 363 367 370 371 376 380 381 387
29 328 332 333 334 340 342 347 349 351 354 355 356 357 359 361 362 363 364 368 370 377 378 380 381 384 387 392 394 396
21 329 330 331 335 336 338 339 349 351 354 357 364 370 372 377 382 388 389 391 394 395
26 326 327 328 331 338 340 341 344 351 353 359 360 361 364 368 370 371 377 381 382 384 387 388 389 390 397
11 335 337 350 354 358 364 369 371 378 386 388
47 326 328 329 330 333 334 335 336 340 342 344 345 346 347 348 349 351 352 353 354 355 356 357 362 363 365 367 368 371 374 375 376 377 378 379 380 382 383 384 385 387 388 391 392 393 395 396
24 326 333 334 335 340 342 343 344 348 352 354 356 359 360 362 369 370 371 375 383 384 387 388 390
18 328 329 334 338 349 354 355 357 358 362 366 374 378 383 384 385 387 388
25 326 327 328 333 334 341 345 346 350 352 355 359 367 369 371 373 374 378 379 381 383 385 386 390 396
17 328 332 334 336 347 356 357 360 361 362 366 368 375 377 385 393 397
48 326 329 331 332 333 334 335 337 338 339 340 341 342 343 344 345 346 347 348 349 353 354 355 356 357 358 359 362 365 366 367 368 372 373 375 378 379 382 384 385 386 388 390 391 394 395 396 397
19 326 336 341 345 346 351 352 360 361 362 363 364 367 372 375 376 379 381 384
44 326 327 328 329 330 335 336 338 339 340 343 344 347 351 352 353 354 355 356 358 360 361 363 364 365 367 368 369 372 375 379 380 381 382 383 385 387 389 391 392 393 394 395 396
18 330 336 337 338 342 345 347 351 352 359 361 363 364 371 375 376 382 394
50 326 327 328 329 330 331 334 337 339 341 342 343 344 345 346 349 350 352 353 354 355 356 357 358 359 361 362 363 365 366 367 368 370 371 372 373 374 376 377 378 379 382 385 387 389 390 391 393 396 397
13 332 338 344 347 349 366 370 373 380 386 388 391 395
27 328 332 335 340 346 349 352 355 357 359 362 363 368 371 372 373 376 379 380 384 385 387 388 389 392 393 396
24 327 328 330 336 350 351 352 360 361 363 364 369 370 371 374 376 377 380 381 383 387 389 392 393
22 326 333 337 338 345 347 348 350 351 353 354 356 360 361 365 366 370 374 375 378 382 386
27 326 327 329 331 333 335 339 341 346 348 354 360 362 367 368 370 377 379 380 381 383 388 390 391 393 396 397
43 326 327 328 329 330 331 332 335 336 337 339 340 341 342 344 345 346 347 348 349 352 353 360 361 362 363 364 366 368 373 374 375 377 378 379 381 385 386 387 390 392 393 396
37 326 327 330 331 333 337 339 340 341 342 344 345 346 348 350 351 352 353 356 359 360 368 369 370 373 375 376 377 379 380 381 382 389 392 394 395 397
13 330 331 338 343 352 357 362 368 377 379 380 384 387
20 332 342 344 345 346 347 352 355 356 358 360 361 362 368 372 373 384 390 396 397
27 327 328 329 330 331 333 334 335 337 339 353 354 356 357 358 359 365 369 374 377 378 382 383 387 390 393 396
30 326 329 330 333 337 344 347 348 349 351 352 355 357 358 359 363 367 371 372 375 377 378 379 381 382 383 384 386 387 388
52 326 327 328 329 330 331 333 334 335 336 337 338 339 340 341 343 348 349 350 351 353 354 357 359 363 364 365 366 367 369 370 371 374 375 376 377 378 379 380 381 382 383 385 386 387 388 389 391 392 393 394 395
11 327 333 344 345 347 352 355 363 376 378 381
14 332 342 343 344 347 356 358 360 362 363 365 366 376 384
13 326 335 341 350 351 355 362 367 368 377 385 395 396
19 331 337 342 343 345 346 349 352 359 366 371 373 376 380 381 384 386 389 390
9 338 339 350 361 363 364 373 377 380
17 336 338 343 349 350 354 356 358 365 366 368 375 382 388 390 394 396
26 327 328 329 331 332 336 337 341 345 349 351 353 355 358 366 367 372 376 378 381 382 385 389 392 393 394
24 330 332 333 335 339 343 345 346 347 350 352 354 355 356 363 366 367 369 373 375 378 379 383 394
18 331 335 336 338 346 356 361 364 365 366 368 373 374 390 393 394 395 397
29 333 334 338 343 350 351 354 355 356 357 358 359 365 367 369 370 371 372 376 380 382 383 384 388 389 391 394 395 397
17 326 337 340 344 346 350 353 354 359 360 365 366 369 370 376 383 394
28 332 333 335 336 341 342 345 347 348 349 351 356 361 367 371 372 374 378 381 382 385 386 389 391 392 393 395 396
15 342 346 361 364 365 375 382 384 385 388 391 392 394 395 396
12 337 340 348 353 361 368 375 380 387 392 393 397
20 326 327 328 333 334 341 345 346 355 359 367 371 373 374 378 379 381 385 386 390
7 350 351 355 362 368 385 396
14 331 337 342 343 349 352 359 366 371 373 376 381 384 389
14 334 336 337 342 348 357 358 365 374 380 385 391 393 396
9 331 336 356 361 364 365 368 390 397
9 332 343 345 348 350 354 360 366 374
15 332 333 337 340 344 348 349 361 363 364 368 371 381 387 392
18 328 335 340 346 349 355 359 362 363 368 371 372 373 376 385 387 389 393
24 326 329 330 333 337 344 347 348 349 351 352 355 357 358 367 372 377 378 379 381 382 383 384 386
8 332 334 336 347 360 375 393 397
13 332 344 345 346 347 356 358 360 362 368 372 384 390
8 342 343 355 368 371 385 394 397
15 326 336 342 347 353 354 369 371 376 378 380 384 385 387 391
9 335 337 350 364 369 371 378 386 388
13 333 335 336 338 347 360 369 375 380 381 383 386 395
35 326 329 331 333 334 335 337 339 341 342 343 344 345 346 347 348 353 354 355 357 359 362 365 366 367 375 379 384 388 390 391 394 395 396 397
46 326 327 328 329 331 333 334 335 337 338 339 340 341 343 348 349 351 353 354 357 363 364 365 366 367 369 370 371 374 375 376 377 378 379 380 381 382 385 386 387 388 389 391 393 394 395
11 330 332 336 360 361 364 370 374 387 391 393
14 344 345 346 347 352 355 360 361 362 368 372 384 396 397
13 326 345 351 352 360 361 362 363 367 372 375 379 384
5 327 328 334 340 350
13 332 335 336 343 361 363 364 367 371 372 386 390 396
11 328 342 356 369 378 379 385 386 393 394 395
21 327 328 331 338 340 341 344 351 353 359 360 361 364 381 382 384 387 388 389 390 397
13 329 330 334 338 339 348 356 362 368 375 380 381 391
8 331 335 348 357 360 371 375 377
13 327 328 340 341 351 361 370 371 384 387 388 389 390
15 331 335 336 338 361 364 365 366 368 374 390 393 394 395 397
41 326 328 330 333 334 335 336 340 342 344 345 346 347 349 351 352 353 354 355 356 357 362 363 365 368 371 374 375 376 377 380 382 383 384 385 387 391 392 393 395 396
7 346 364 365 375 382 388 394
6 331 332 348 357 360 375
6 335 341 357 360 362 394
7 340 343 350 368 385 389 394
10 330 346 347 357 365 368 374 379 386 397
8 337 353 368 375 387 392 393 397
8 329 333 351 359 365 374 381 387
18 333 335 336 338 340 347 348 351 360 364 369 380 381 383 384 386 388 392
12 327 331 338 339 341 359 361 364 369 372 381 389
25 333 334 338 343 350 351 354 355 357 358 359 365 369 370 371 372 376 380 383 384 388 389 394 395 397
45 326 328 329 330 331 333 334 336 337 338 339 340 341 343 349 350 351 353 354 357 359 363 364 365 367 369 370 371 374 375 376 377 379 380 381 382 383 385 386 388 389 392 393 394 395
8 346 357 365 379 391 395 396 397
20 326 327 328 333 334 341 346 355 359 367 369 371 373 374 378 379 381 383 386 396
19 327 330 339 340 342 343 345 348 349 352 353 367 370 372 379 382 389 394 395
19 328 329 333 339 340 344 348 354 357 358 363 365 372 378 382 383 388 392 397
23 328 334 336 337 338 340 341 346 347 351 352 356 359 363 365 367 378 379 380 383 384 390 394
28 326 327 330 331 337 340 344 345 348 350 351 352 353 356 359 360 368 369 370 373 376 377 379 380 382 394 395 397
11 327 344 346 365 376 379 385 389 390 391 395
30 326 328 329 330 333 334 336 345 346 348 349 351 352 356 365 368 374 375 376 377 378 379 380 383 384 388 391 392 393 396
35 326 328 329 330 331 332 334 335 337 339 341 346 348 351 353 360 361 362 364 367 369 370 371 372 373 374 377 379 383 385 386 387 391 393 395
15 326 336 341 345 352 360 361 362 363 364 372 375 376 379 381
11 332 335 341 348 352 357 360 362 371 375 394
10 329 339 344 346 361 374 379 386 387 389
18 327 328 334 342 345 356 369 376 378 379 382 384 385 386 389 393 394 395
7 336 347 353 360 370 387 391
14 329 330 334 338 339 348 356 364 368 375 381 384 391 397
15 334 340 344 354 356 357 358 363 365 369 375 378 379 383 392
15 329 336 337 348 349 357 358 362 374 376 385 386 391 392 395
10 329 330 339 361 366 379 380 386 389 397
16 334 350 355 357 367 369 370 371 372 376 380 382 388 391 394 395
22 328 332 334 340 343 344 349 350 353 356 357 365 366 369 372 374 378 384 385 387 389 392
9 328 336 356 357 361 362 375 377 393
14 332 344 352 355 357 358 365 372 379 382 386 390 395 397
13 329 354 355 357 358 366 374 378 383 384 385 387 388
11 332 342 343 344 347 356 358 363 365 376 384
11 336 338 345 347 352 361 363 364 371 375 394
22 327 328 331 332 336 341 345 349 351 353 355 358 367 376 378 381 382 385 389 392 393 394
25 333 335 336 340 342 345 346 349 351 353 354 356 362 363 365 368 375 376 379 383 384 387 388 392 393
15 328 334 338 349 354 355 357 358 362 374 378 383 384 385 388
13 329 336 342 348 349 362 365 376 380 391 393 395 396
9 327 344 345 347 352 355 363 376 381
16 327 345 356 357 367 369 376 378 379 382 384 385 389 393 394 395
25 326 327 330 339 340 342 345 346 348 349 352 353 363 367 370 372 373 376 379 380 382 383 384 394 395
13 333 337 339 340 348 361 363 364 366 368 371 387 392
9 326 336 346 360 362 375 379 381 384
13 326 341 345 351 360 361 362 363 364 367 372 375 376
12 327 328 334 339 355 358 363 373 375 388 390 397
5 349 353 384 385 388
4 339 361 364 373
15 332 341 342 346 348 349 350 357 366 370 373 378 384 388 390
9 326 335 350 355 362 377 385 395 396
10 332 339 341 342 343 345 353 354 391 392
7 337 350 358 369 371 386 388
17 326 331 340 341 351 353 359 360 361 371 377 381 384 387 388 389 390
12 326 336 341 345 361 363 364 367 375 376 381 384
11 342 344 347 356 358 360 363 365 366 376 384
22 326 327 329 331 335 339 346 348 354 360 362 368 370 377 379 380 388 390 391 393 396 397
23 328 332 340 344 349 350 353 355 356 357 358 365 366 369 372 374 378 385 386 387 389 392 395
10 330 335 339 354 370 372 377 382 391 394
18 333 334 338 339 344 356 357 358 363 365 369 375 378 379 382 383 392 397
14 337 342 343 345 346 366 371 373 376 380 381 386 389 390
7 341 348 357 360 362 377 394
11 326 335 350 351 355 362 367 368 377 395 396
12 327 351 352 360 363 369 370 376 377 380 381 389
13 329 331 333 341 351 355 359 365 374 381 387 391 392
10 327 330 336 347 353 360 361 364 370 387
29 326 328 329 330 336 338 339 343 352 353 354 356 358 360 361 363 367 369 372 375 379 380 382 387 391 392 394 395 396
13 326 336 342 347 353 354 371 376 380 387 389 391 393
28 326 328 329 330 332 335 336 337 340 341 344 347 348 352 353 360 362 363 366 368 374 378 381 386 387 390 392 393
25 326 327 334 337 342 349 352 353 354 358 365 366 368 370 374 376 377 378 379 382 385 387 389 396 397
6 340 349 353 385 391 392
9 346 347 357 365 368 374 379 386 397
7 331 334 348 359 360 377 381
18 334 340 342 347 349 354 359 362 363 364 368 377 378 380 381 392 394 396
16 330 337 347 348 351 357 358 363 375 379 381 382 383 384 386 387
6 340 342 343 345 349 350
16 326 336 339 342 347 353 354 369 371 376 384 385 387 389 391 393
18 331 332 337 341 345 348 350 359 362 366 370 371 373 374 376 377 384 390
20 326 327 330 339 342 343 345 346 349 352 370 372 373 379 380 382 383 389 390 394
10 326 341 345 346 351 363 364 375 379 384
15 329 333 337 344 347 351 352 367 375 377 378 381 382 386 387
12 336 338 343 349 350 356 365 366 368 375 382 390
11 332 338 347 349 366 370 373 386 388 391 395
5 344 352 376 378 381
14 332 342 344 345 346 347 352 356 358 368 372 373 390 396
10 331 332 335 341 348 352 360 362 375 377
20 326 329 330 333 344 347 348 349 352 357 358 359 371 375 377 378 382 384 386 387
15 329 344 348 354 357 358 363 365 369 372 378 379 382 388 397
30 326 327 329 335 336 338 339 344 347 351 352 353 354 355 360 361 363 364 365 367 372 375 379 381 385 387 389 393 394 396
13 332 341 344 350 351 352 355 357 365 367 379 382 390
18 330 332 333 339 343 346 347 350 352 354 356 363 369 373 375 378 379 383
21 327 331 332 337 338 339 341 343 350 358 359 361 364 366 370 372 373 381 386 389 390
25 334 338 343 350 351 354 355 356 358 359 365 367 369 370 376 380 382 383 384 388 389 391 394 395 397
14 328 329 338 339 340 354 356 363 365 372 378 379 388 397
17 332 333 335 336 338 347 348 351 364 369 380 381 383 386 388 392 394
18 331 332 333 334 341 346 348 349 357 359 362 366 370 371 373 377 388 390
20 326 339 342 343 349 352 353 363 367 370 372 379 380 382 384 389 390 394 395 396
23 326 327 331 333 335 339 346 348 354 360 362 367 368 377 379 380 381 383 388 390 393 396 397
31 329 330 331 332 334 335 340 341 342 346 348 351 353 359 360 361 362 364 367 370 371 374 377 379 380 383 385 386 392 395 397
32 327 330 331 337 339 340 341 342 344 345 346 348 350 351 352 353 356 360 368 369 370 375 377 379 380 381 382 389 392 394 395 397
21 326 327 331 338 340 341 344 351 353 359 360 364 368 370 377 382 384 387 388 389 390
9 329 334 339 355 358 364 375 390 397
15 332 341 344 350 352 355 357 358 365 372 375 382 386 390 395
14 332 339 342 343 345 353 362 369 370 376 389 391 392 396
31 330 336 339 340 343 344 347 351 352 353 354 355 356 358 360 363 364 367 369 372 375 379 380 381 382 385 387 389 393 394 396
6 337 348 353 361 368 392
16 326 327 328 333 334 341 346 350 352 355 367 373 381 383 385 396
26 330 333 337 339 340 341 342 344 345 348 350 351 353 356 359 360 369 370 373 377 379 382 389 392 394 397
18 327 328 342 346 356 357 367 369 376 378 382 384 385 386 389 393 394 395
14 326 327 339 354 360 362 377 380 381 383 388 393 396 397
7 339 343 346 365 376 389 391
11 331 336 338 346 356 361 365 368 393 394 395
12 331 335 336 338 346 361 365 374 390 393 394 397
15 331 337 342 343 349 352 359 366 373 376 380 381 384 386 390
6 350 354 358 369 378 388
7 342 349 353 385 388 391 392
27 327 329 331 332 335 339 343 344 349 353 358 360 362 369 370 371 374 375 377 382 385 386 388 389 391 393 396
13 328 334 349 354 357 358 362 374 378 383 384 387 388
45 326 327 328 329 330 331 334 337 340 341 342 346 347 348 350 351 353 355 356 357 358 359 360 362 363 365 366 368 369 371 373 374 376 377 379 380 381 382 384 385 393 394 395 396 397
36 326 328 334 336 337 338 340 341 342 343 345 346 348 349 351 352 353 357 360 361 364 365 366 369 371 372 375 376 378 379 380 381 383 385 395 396
28 328 329 331 338 345 346 348 349 350 351 353 354 355 359 360 363 366 367 370 371 382 385 388 390 391 392 393 397
49 326 329 331 332 333 337 339 340 343 345 347 348 349 350 352 353 355 356 358 359 360 361 362 363 364 365 366 368 369 370 372 373 374 377 378 380 382 383 386 388 389 390 391 392 393 394 395 396 397
30 327 328 329 332 336 339 341 343 345 346 357 360 361 362 363 366 369 371 372 373 375 376 377 379 382 383 384 387 390 394
43 327 329 330 331 338 339 340 341 342 343 344 345 347 349 350 352 353 354 356 359 360 362 364 366 367 368 370 371 372 376 378 379 380 382 383 384 385 387 388 389 391 393 396
25 328 330 333 335 342 346 348 349 351 352 353 356 360 361 362 365 370 377 379 382 383 385 394 396 397
50 326 327 330 332 334 336 338 339 342 343 344 345 346 348 351 352 354 355 356 358 360 361 363 364 365 366 368 369 371 372 373 375 376 377 378 379 380 381 385 386 388 389 390 391 392 393 394 395 396 397
41 326 327 328 329 333 334 335 338 340 341 346 347 348 349 352 356 357 358 359 360 361 362 363 365 366 369 373 376 377 378 379 380 382 385 386 387 388 389 390 394 397
31 327 328 330 334 336 338 339 340 342 343 344 345 348 354 355 358 360 362 363 366 368 369 375 379 383 386 391 392 395 396 397
42 327 328 330 332 333 334 336 339 341 342 343 345 347 348 349 350 352 353 355 356 358 361 362 365 366 373 374 375 377 380 381 383 384 386 387 388 389 390 392 393 394 395
35 329 330 331 332 333 335 338 339 343 345 346 347 348 351 356 357 361 362 363 368 369 370 371 374 375 379 380 381 382 383 384 385 388 393 394
49 326 327 329 330 331 333 334 336 337 338 339 340 342 345 346 347 348 349 350 351 352 354 356 357 359 360 361 363 366 368 369 370 372 374 376 377 381 382 383 386 388 389 390 391 392 393 394 396 397
30 327 329 332 333 337 338 339 340 343 345 347 348 351 352 354 357 358 359 361 365 366 367 373 374 377 385 386 392 394 395
40 326 327 328 329 330 331 332 333 335 342 343 344 347 350 351 355 357 358 359 360 362 363 364 368 371 372 373 376 378 379 380 381 383 384 385 386 387 388 391 395
30 330 331 335 336 338 339 341 345 346 348 349 351 352 353 354 355 361 364 365 366 370 374 376 378 383 384 390 391 396 397
47 328 329 335 336 337 338 340 341 342 343 344 345 346 348 349 351 352 353 355 357 358 362 364 367 368 373 374 376 377 378 379 380 381 382 383 384 385 387 388 389 390 391 392 394 395 396 397
47 326 327 329 330 331 332 333 335 336 340 341 342 343 344 345 348 350 351 353 354 355 356 357 358 359 360 361 362 365 366 369 371 373 376 377 379 380 382 385 387 388 389 390 391 393 394 396
46 327 328 330 331 332 333 334 335 336 337 338 339 341 343 344 345 347 349 350 352 355 357 359 360 361 362 363 365 366 368 369 370 372 375 376 377 378 380 382 385 386 388 389 391 393 395
44 326 327 328 329 334 336 337 339 341 342 343 344 345 347 349 354 355 357 358 359 363 364 365 367 368 369 372 377 378 379 380 381 382 384 385 386 388 389 391 393 394 395 396 397
49 326 328 329 331 332 333 334 335 339 340 341 343 344 345 346 347 348 349 350 352 353 354 356 357 359 360 361 362 363 364 365 366 369 370 373 375 376 377 378 379 382 384 385 387 388 389 391 393 396
30 338 339 340 342 345 349 351 354 355 356 357 358 360 362 363 365 366 367 368 371 373 375 379 384 385 387 388 390 395 397
45 327 328 329 330 331 334 335 336 337 339 340 341 344 347 349 352 354 355 356 357 358 359 360 361 362 363 364 368 369 370 371 372 373 374 375 376 377 380 383 384 387 388 389 392 393
48 326 327 328 329 331 332 333 335 337 338 339 341 342 343 344 345 346 349 351 353 355 356 357 358 359 361 362 364 365 367 368 373 374 375 377 378 379 380 381 383 384 385 386 391 394 395 396 397
24 326 328 342 346 348 352 354 356 360 362 366 368 369 370 371 374 379 381 384 385 387 390 393 397
33 327 330 334 335 336 338 339 340 345 346 348 352 355 356 357 359 361 362 364 365 367 373 377 378 381 382 385 388 389 391 395 396 397
34 328 332 334 336 338 339 342 343 344 345 346 347 350 351 354 357 358 360 362 363 366 368 369 371 373 375 376 378 379 381 383 385 386 395
39 326 329 330 332 333 334 335 336 337 341 342 344 345 348 349 351 352 353 355 356 358 359 360 361 365 367 369 370 371 372 373 374 379 381 384 385 387 389 397
44 328 329 331 332 333 335 336 337 338 339 341 342 343 346 347 349 350 351 354 355 356 357 359 360 362 363 364 366 368 369 371 374 375 377 379 380 381 382 385 386 388 389 390 392
48 328 331 335 336 338 339 340 341 343 344 345 346 347 349 350 351 353 354 356 357 358 359 361 362 363 364 366 367 369 371 373 374 377 378 379 380 381 382 384 385 386 387 388 390 394 395 396 397
47 327 328 331 332 333 334 335 337 342 343 345 348 349 350 351 352 355 359 360 361 362 363 364 365 366 367 368 369 371 372 373 374 375 376 377 379 380 384 385 386 390 391 392 393 395 396 397
31 327 329 330 333 335 336 337 343 344 345 347 348 351 354 359 360 361 364 367 368 370 376 378 380 385 387 389 391 392 394 395
46 327 328 330 331 332 333 336 337 338 339 340 341 342 343 344 345 346 350 351 352 353 354 356 358 359 360 361 363 365 367 370 372 373 375 376 379 380 382 383 384 385 386 387 392 393 395
25 326 327 331 337 340 344 346 349 355 356 359 362 363 364 367 369 371 375 376 380 384 388 389 393 396
46 326 329 330 331 333 334 335 337 338 339 340 343 344 348 349 350 351 353 354 355 357 358 359 361 362 364 365 366 367 368 370 371 372 373 375 376 377 379 383 385 387 388 390 391 393 396
47 328 334 335 340 342 343 344 345 347 348 350 351 353 354 355 356 357 358 359 360 362 363 364 366 367 368 369 370 371 372 374 375 376 377 378 379 382 383 384 385 386 389 391 392 394 395 397
30 327 330 332 333 335 340 341 342 346 347 348 349 352 353 355 356 357 358 359 361 364 369 373 374 375 376 384 389 390 394
40 329 331 332 333 335 336 337 340 343 345 347 352 354 355 357 359 362 363 364 366 367 369 371 372 373 374 376 377 378 379 380 382 385 389 390 391 394 395 396 397
25 330 332 333 336 342 345 351 352 356 357 358 365 366 368 369 370 371 375 377 378 380 381 390 393 397
23 326 327 328 333 335 336 339 341 342 344 349 357 358 360 362 364 365 366 377 378 379 387 394
23 330 334 336 337 339 345 348 353 355 357 359 362 370 373 375 376 383 384 385 387 389 390 396
45 326 327 328 329 331 334 336 338 341 344 345 347 349 351 352 354 355 357 358 359 362 363 364 365 367 369 373 374 376 377 378 380 381 382 383 384 385 387 389 390 392 393 394 395 396
24 327 330 332 336 340 342 346 348 353 354 355 359 360 361 370 373 375 376 379 383 386 388 390 392
25 328 332 335 340 341 346 349 354 359 366 367 369 372 374 375 376 378 380 381 385 387 389 391 396 397
39 328 329 330 331 333 337 340 341 343 344 345 346 348 350 351 352 354 355 356 359 360 361 366 367 368 371 372 376 377 378 379 380 382 384 388 392 394 396 397
35 328 330 331 333 334 341 342 344 345 347 348 349 350 351 353 356 358 359 360 361 362 363 364 366 368 372 374 375 376 378 383 385 393 394 396
24 331 332 333 334 335 339 342 343 346 351 353 356 360 368 370 371 381 382 390 391 392 394 395 396
29 326 328 329 332 333 334 336 338 339 342 345 346 350 351 352 354 362 364 366 367 368 369 371 372 385 389 391 392 397
26 334 336 337 340 343 344 354 356 357 358 360 363 364 365 366 367 368 370 375 379 380 381 386 393 395 396
33 326 328 333 337 338 339 344 345 349 350 351 352 353 354 355 358 360 361 364 366 368 371 373 378 382 383 385 388 389 392 394 395 396
45 326 328 329 330 332 334 336 337 338 339 342 343 346 347 348 349 350 352 353 354 355 357 360 361 362 364 366 367 369 372 373 374 375 378 379 381 382 383 384 386 388 391 393 394 395
48 326 327 328 329 330 331 334 335 336 339 340 341 343 344 345 348 351 353 354 355 357 358 360 361 362 365 366 367 371 372 376 377 378 379 380 381 382 383 384 385 386 388 389 390 391 392 393 396
24 328 330 331 333 339 342 343 345 346 350 355 358 359 364 365 368 376 378 380 384 385 386 392 396
24 326 327 329 337 339 345 350 351 354 361 362 363 371 373 381 382 384 387 389 390 391 392 394 395
46 326 328 330 331 332 334 335 336 337 341 342 343 344 345 346 347 349 353 354 355 357 359 361 363 366 367 368 370 372 373 375 376 377 379 380 381 382 384 386 388 389 390 391 392 393 397
29 327 328 334 335 338 339 340 342 343 344 345 346 347 353 354 359 364 366 369 371 373 377 378 383 387 389 391 394 395
37 327 328 329 330 332 333 335 337 338 341 343 345 347 351 355 356 357 359 361 365 367 368 371 373 374 377 380 381 383 385 386 388 389 391 392 394 396
27 330 333 336 339 344 345 348 350 352 353 355 357 358 360 364 365 368 370 373 377 382 386 387 388 389 391 392
33 326 327 330 331 333 334 336 337 340 342 343 344 346 347 349 351 353 354 356 357 358 359 362 363 364 368 372 378 381 383 385 388 389
29 328 329 330 332 333 336 339 342 343 347 349 351 352 354 355 356 358 360 364 366 368 375 377 379 385 387 388 390 396
31 326 327 329 330 337 339 340 341 342 345 346 347 350 354 361 362 363 365 366 368 369 375 376 377 378 379 382 389 391 392 393
50 326 327 328 329 331 332 333 336 339 340 341 342 343 344 346 348 349 350 351 353 354 355 357 358 359 360 361 362 364 366 367 369 370 372 374 375 376 377 379 382 383 384 385 387 390 392 394 395 396 397
37 326 327 328 329 330 331 333 334 336 338 342 343 344 346 347 348 350 351 353 356 358 360 361 363 364 366 368 375 378 379 387 389 390 391 394 396 397
29 326 328 333 336 337 340 342 348 351 357 358 359 367 370 375 376 377 378 379 381 383 385 387 389 391 393 394 395 396
38 326 328 329 332 333 336 337 338 339 342 343 344 347 351 352 353 359 360 363 365 369 370 371 377 378 379 380 384 385 386 387 388 390 391 392 393 394 397
28 328 330 331 333 334 335 338 344 347 348 349 351 356 358 363 364 365 366 369 370 372 376 382 383 385 386 391 397
39 327 328 329 330 331 332 333 334 336 337 345 346 347 348 349 351 354 356 358 359 360 361 362 363 364 365 373 374 376 378 379 382 383 389 391 392 394 396 397
31 327 328 331 333 334 336 338 339 344 346 351 352 353 360 361 362 369 370 371 372 373 374 375 376 379 386 387 389 391 393 394
48 326 328 329 332 333 334 335 336 338 341 343 344 345 346 347 348 351 352 353 354 355 356 358 360 361 363 364 366 367 368 369 370 372 374 375 376 378 379 382 383 384 385 386 387 388 390 391 396
40 327 328 330 333 334 339 340 342 344 345 346 347 348 349 353 355 356 357 360 363 364 365 366 369 371 372 380 382 383 384 385 386 387 389 391 392 393 394 395 397
48 326 328 329 330 332 333 334 335 337 341 342 344 345 346 348 349 350 351 352 353 355 358 359 360 361 362 363 364 365 366 367 370 371 375 376 377 379 380 381 382 383 386 387 389 390 393 394 396
24 326 329 333 334 345 346 349 353 359 361 362 364 369 373 374 375 376 386 387 389 390 391 392 393
37 328 329 332 334 335 342 343 344 345 347 349 350 352 353 354 356 358 360 365 366 369 370 373 375 376 378 380 382 383 385 390 391 393 394 395 396 397
32 326 328 329 332 334 336 337 338 340 341 342 343 344 346 347 350 353 354 356 361 363 371 372 373 375 376 377 380 392 394 396 397
22 327 334 335 336 338 340 345 348 349 351 352 356 365 367 368 370 373 375 382 388 390 394
31 330 334 335 339 340 344 346 347 348 350 351 352 353 355 356 365 366 369 375 376 377 379 380 381 385 386 387 388 390 396 397
47 326 328 329 330 331 332 334 335 336 337 338 341 342 343 344 345 349 350 351 352 353 354 355 356 357 358 362 363 364 366 369 371 374 377 378 384 385 386 388 389 390 392 393 394 395 396 397
30 328 329 333 336 337 338 340 341 345 346 349 350 351 353 354 355 357 359 362 367 368 372 374 379 380 382 384 386 387 392
46 327 329 330 331 333 335 336 338 341 344 345 346 347 349 352 353 354 355 356 357 358 359 360 362 363 364 365 368 373 375 377 378 380 381 382 383 384 387 388 389 390 392 393 395 396 397
44 326 327 328 330 332 333 334 335 337 338 341 342 343 345 346 349 350 352 353 357 358 359 360 363 365 367 369 378 379 380 381 383 384 385 386 387 388 389 390 391 393 395 396 397
40 326 328 329 336 339 344 346 347 348 349 350 351 353 355 357 358 359 360 361 362 363 364 365 367 368 370 372 374 376 380 381 382 386 389 390 391 392 393 395 396
47 326 330 331 332 334 336 337 338 340 343 344 345 346 348 349 350 352 353 354 356 357 358 359 360 361 362 363 365 368 370 373 374 376 377 378 379 380 381 382 383 385 386 387 392 393 395 396
29 326 331 333 334 335 338 340 341 344 352 353 354 355 356 361 365 367 368 371 372 374 376 381 384 388 389 394 395 397
31 330 332 338 340 341 342 343 344 348 349 350 353 354 355 357 358 359 360 361 363 367 372 373 374 375 377 379 388 391 393 397
49 326 328 330 331 332 333 336 337 339 340 341 342 343 345 350 352 353 354 355 357 360 361 363 364 365 366 367 368 370 371 372 373 374 375 377 378 380 381 382 384 385 387 388 391 392 393 394 396 397
26 328 329 331 332 338 339 340 345 346 349 351 353 356 360 364 365 367 374 378 379 382 383 384 387 390 397
46 326 328 329 330 331 332 333 334 336 340 344 346 347 348 350 353 355 357 358 359 360 361 362 364 366 369 371 372 374 376 377 379 380 381 382 384 385 386 387 388 389 390 391 393 394 396
42 328 329 331 332 333 334 337 340 341 344 345 348 349 350 351 353 356 358 359 362 366 367 368 369 370 371 373 376 377 378 381 382 383 385 386 387 388 390 392 394 396 397
48 326 327 328 329 330 331 333 334 335 336 337 338 339 340 342 343 344 345 349 352 353 354 356 357 358 359 360 361 362 364 365 366 367 368 370 371 375 376 378 380 381 383 384 387 388 393 394 396
28 326 327 329 331 334 339 342 346 348 351 353 356 357 359 360 363 368 371 374 375 378 382 385 388 389 392 393 397
44 329 330 332 333 334 335 341 342 343 344 345 346 347 352 353 354 355 356 358 359 361 362 367 368 369 370 373 374 375 377 378 379 380 381 382 384 385 386 387 391 392 393 395 396
49 327 329 330 331 332 333 334 335 336 338 340 343 344 345 348 349 350 351 352 353 354 355 360 361 362 364 365 366 367 368 371 373 374 376 378 380 381 382 383 384 385 387 388 390 391 392 393 395 396
48 328 329 332 333 335 338 339 340 341 342 343 347 348 349 350 351 352 354 355 356 357 358 360 362 363 366 367 368 371 373 374 375 376 377 380 381 383 385 386 387 388 390 391 392 393 394 395 397
38 327 329 331 335 336 338 339 340 341 343 345 346 348 349 356 357 359 360 361 364 367 371 372 373 374 376 378 379 380 384 385 387 389 390 391 392 395 396
22 331 332 333 339 340 344 345 346 349 350 352 354 359 362 365 368 369 371 385 388 393 395
47 328 329 330 331 332 333 334 335 337 339 341 342 343 345 346 348 350 351 353 357 359 360 361 362 363 365 366 367 371 372 375 377 379 382 383 384 385 386 387 389 390 391 392 393 395 396 397
40 326 327 328 329 330 333 334 336 338 340 341 343 345 347 353 354 356 357 360 362 363 364 367 368 369 371 372 373 375 376 378 382 385 387 388 389 390 392 393 397
26 330 332 333 335 336 337 345 349 350 351 356 358 360 361 365 366 367 371 375 376 381 383 384 386 389 395
35 327 331 333 334 336 338 339 340 341 345 346 348 349 350 355 356 357 360 361 363 364 369 371 376 379 380 383 386 387 389 390 391 392 393 397
32 330 333 334 336 338 339 340 344 345 346 347 348 349 350 351 352 353 357 361 362 364 365 373 375 376 377 379 380 385 387 390 391
28 327 328 330 332 333 334 337 345 347 348 349 352 356 357 360 362 363 364 366 369 370 371 376 378 379 385 386 390
48 327 328 329 331 334 336 337 339 340 342 343 345 347 348 350 351 353 354 355 356 357 358 359 360 361 362 363 364 365 366 370 372 374 375 377 378 379 382 383 384 385 387 388 391 393 394 395 396
27 328 334 337 338 340 345 346 348 349 351 352 354 355 357 360 364 368 371 375 376 377 380 387 388 390 393 397
48 326 327 328 329 330 332 333 334 335 336 337 338 339 341 342 343 344 345 346 348 351 353 354 357 358 359 360 361 363 365 366 368 369 370 372 373 375 376 377 378 379 380 382 384 385 389 391 392
41 327 328 329 330 332 336 337 341 342 343 345 348 351 353 355 357 359 360 361 363 364 366 368 369 372 373 374 375 377 378 380 381 383 386 387 389 392 393 395 396 397
48 326 328 330 331 332 333 334 335 336 337 341 342 345 346 347 348 351 353 355 356 357 358 359 362 363 364 366 367 368 369 370 371 373 374 375 376 378 379 380 383 385 387 388 390 391 392 393 395
31 327 330 331 332 336 338 340 343 346 347 350 351 353 355 356 359 360 361 363 365 368 369 371 372 375 378 380 384 390 394 395
22 330 331 335 341 345 355 356 359 360 361 364 366 373 376 378 379 382 384 385 387 395 396
23 327 334 337 342 343 346 349 352 355 356 366 371 373 374 377 378 382 386 387 388 389 391 395
34 329 335 336 337 340 341 343 344 345 349 351 353 355 356 357 358 359 360 361 364 365 368 369 370 376 378 379 381 382 383 387 391 392 397
37 327 328 333 334 335 336 337 339 340 344 345 346 347 353 355 356 359 360 362 363 365 368 372 376 379 382 383 386 387 388 389 390 393 394 395 396 397
27 326 329 331 336 337 339 340 346 353 354 358 359 360 364 368 369 372 374 375 376 386 387 388 390 393 396 397
31 326 329 331 333 335 337 338 346 347 354 356 358 359 360 363 366 367 368 370 371 372 374 380 385 387 388 389 390 392 394 396
45 326 328 331 332 334 337 339 340 341 344 345 346 351 352 354 355 358 359 360 361 362 365 368 369 370 372 373 374 375 376 377 378 380 381 384 385 386 387 388 389 391 392 393 395 396
34 327 329 330 331 334 337 338 345 348 349 350 353 359 360 361 362 365 366 369 370 371 372 375 378 379 380 381 382 387 389 391 395 396 397
36 326 328 330 334 335 336 337 341 342 345 346 348 349 352 354 355 356 357 358 367 368 369 370 373 374 377 380 381 385 389 390 392 393 394 396 397
43 326 327 328 331 332 333 334 336 340 341 343 344 345 347 348 349 351 355 356 358 359 360 361 363 364 365 366 367 368 370 372 376 378 381 382 383 384 386 388 389 390 396 397
34 329 330 334 335 336 338 339 344 346 349 351 353 355 359 360 361 362 363 364 367 368 370 373 377 382 383 384 385 386 387 389 391 393 394
32 327 330 332 335 338 339 342 349 350 351 356 359 360 363 364 366 368 369 371 372 373 374 375 379 380 382 387 388 389 391 393 396
28 326 329 332 333 340 342 344 345 351 354 355 356 357 361 363 364 365 367 373 378 384 386 388 390 391 392 393 397
28 328 329 333 338 340 342 345 346 348 351 353 354 358 361 364 366 370 371 372 377 379 382 384 385 386 388 394 396
43 326 327 329 331 332 338 339 340 342 346 348 349 350 351 353 354 355 360 361 362 363 364 365 366 367 369 370 371 372 373 374 375 376 377 378 380 382 385 387 388 389 394 395
49 326 327 328 331 332 333 334 335 337 338 342 344 347 349 350 351 352 353 356 359 361 362 363 364 365 366 367 369 370 371 372 373 374 375 376 377 378 379 380 381 383 386 388 389 393 394 395 396 397
25 327 328 329 331 334 335 341 344 345 346 351 352 354 356 359 362 364 366 368 370 374 380 381 386 393
44 329 330 332 333 334 335 336 337 338 339 340 341 342 344 345 346 347 349 352 354 356 357 358 362 364 365 369 371 372 374 375 376 377 380 382 383 385 386 387 390 391 395 396 397
47 328 330 331 333 334 336 337 338 340 341 342 343 344 346 347 348 349 350 351 352 353 354 358 359 360 361 362 365 366 367 368 370 373 376 377 378 382 383 384 386 387 388 390 392 393 394 395
44 326 327 328 329 330 332 333 334 336 337 338 340 341 342 344 345 346 349 350 352 353 354 355 359 361 362 364 368 369 371 372 376 377 379 380 382 384 386 387 390 391 392 394 396
27 326 327 329 337 340 341 342 343 348 355 356 357 358 360 362 363 364 365 372 374 375 377 378 379 391 394 395
29 326 328 334 337 338 339 341 342 344 349 352 355 361 362 366 368 370 372 375 379 380 385 386 387 390 391 392 394 395
50 327 329 330 331 332 333 335 336 337 338 339 340 341 342 344 345 346 347 348 349 350 351 353 354 355 356 357 360 362 363 364 365 366 368 369 371 372 373 374 377 378 382 383 387 388 390 392 394 395 397
22 326 332 334 340 343 345 347 348 356 357 362 363 370 374 375 377 380 381 385 390 393 396
33 326 331 333 335 338 341 342 347 349 352 354 356 359 360 362 363 365 367 368 372 373 374 376 377 379 382 383 388 389 390 391 393 396
30 326 327 331 333 337 340 343 347 352 353 354 357 361 366 367 368 369 371 376 377 379 382 384 385 389 390 392 393 395 396
35 330 331 335 336 337 338 339 342 343 347 351 352 353 354 355 359 360 361 362 365 366 369 370 371 372 374 378 379 380 381 383 389 390 391 395
49 326 329 332 334 336 337 338 339 340 341 342 343 344 345 346 347 348 349 350 351 357 358 360 363 364 365 366 367 368 370 371 373 375 376 378 379 380 381 382 385 386 387 390 391 392 393 394 396 397
48 326 328 329 330 331 333 334 337 338 339 340 341 342 343 344 346 348 350 355 356 357 358 361 362 365 366 367 370 373 374 376 377 378 379 381 382 383 384 386 388 389 390 391 392 393 395 396 397
35 329 330 332 333 335 336 343 344 345 349 350 351 352 354 355 359 361 362 363 365 367 368 370 372 373 379 385 388 390 391 392 393 394 395 396
43 326 328 329 331 332 333 335 336 337 338 339 340 343 344 347 348 350 351 354 355 358 360 362 364 365 366 367 368 371 372 373 374 376 378 379 380 381 382 387 388 389 390 397
39 328 333 334 337 339 340 341 343 344 345 346 347 350 353 354 355 356 357 358 359 360 363 364 365 367 368 369 370 375 378 382 385 387 388 390 392 393 396 397
29 327 328 329 335 337 338 347 349 351 352 353 354 356 359 361 363 367 371 372 373 375 376 377 381 388 389 390 395 396
29 330 333 334 335 345 346 351 352 355 357 358 359 360 362 363 364 367 370 371 376 378 379 380 385 386 389 391 393 394
34 326 328 329 332 333 341 348 349 350 351 354 356 359 360 361 363 364 365 368 371 372 373 378 379 382 383 384 386 387 389 391 394 396 397
24 327 332 333 337 339 346 347 350 351 353 361 368 369 370 374 377 378 381 382 386 389 392 396 397
21 330 332 335 337 338 340 341 344 346 348 349 352 356 360 364 366 370 377 391 392 397
23 329 331 333 338 339 342 345 346 347 349 352 353 357 358 361 364 365 367 369 378 384 393 394
45 328 329 333 334 336 338 339 340 341 342 346 347 350 351 352 354 359 360 361 362 363 364 366 367 368 369 370 371 373 374 375 376 377 378 379 380 382 384 387 388 390 392 393 394 396
39 327 328 329 332 333 335 338 339 340 346 347 348 350 352 354 355 358 359 360 361 363 364 365 367 368 369 371 374 376 377 379 380 385 386 388 389 390 393 396
48 326 329 331 332 334 335 337 338 339 340 341 343 344 351 352 353 354 355 356 357 358 362 363 367 368 369 370 371 372 373 374 376 378 379 380 381 384 385 386 388 389 390 391 392 393 394 396 397
17 400 402 406 407 409 410 411 412 419 422 423 425 428 436 437 439 451
32 398 399 402 406 407 408 409 412 413 418 419 420 421 423 425 426 427 429 430 431 433 437 438 439 441 442 443 445 446 447 450 451
15 398 404 411 414 416 423 425 426 428 430 439 441 443 445 447
23 403 404 406 407 420 421 422 424 426 427 431 432 434 437 439 440 441 442 444 448 449 450 451
8 406 411 423 432 434 435 444 451
7 401 410 411 415 417 423 438
32 399 400 402 403 404 406 409 410 411 412 413 414 416 417 419 424 425 426 427 429 430 433 434 435 436 437 438 443 444 445 447 449
20 400 401 402 407 408 410 411 412 413 416 419 420 426 430 431 433 436 440 442 446
41 398 399 400 401 402 404 405 406 407 409 410 411 412 413 415 416 419 422 423 424 425 426 427 428 429 431 432 434 435 436 438 439 440 441 443 444 445 447 448 450 451
18 399 400 402 405 406 408 410 413 419 421 425 426 429 430 431 434 441 448
11 400 405 406 411 419 423 439 440 443 444 448
18 403 404 408 412 413 417 418 425 427 428 429 430 431 434 440 443 444 451
17 398 401 402 404 408 412 419 421 422 424 425 426 427 431 433 436 446
13 399 402 406 407 410 411 413 422 433 437 439 447 450
19 400 403 404 410 412 414 415 417 421 427 429 430 432 440 441 442 445 446 449
11 405 409 413 418 425 431 432 438 439 440 447
14 398 403 406 407 411 416 418 421 434 438 442 444 449 450
39 399 400 401 402 403 405 406 407 408 409 410 412 413 415 417 418 419 420 421 422 424 427 429 431 432 433 434 435 436 437 438 440 442 444 446 448 449 450 451
20 400 403 405 410 413 415 416 418 420 428 429 430 437 438 439 441 442 443 447 448
43 398 399 400 401 402 403 404 406 407 408 410 411 412 414 415 416 417 419 420 421 422 423 424 426 427 428 429 430 433 434 435 436 437 441 442 443 444 445 446 448 449 450 451
14 404 408 410 412 413 414 418 427 433 436 440 441 446 447
22 406 409 412 414 416 417 419 422 425 426 427 428 431 432 433 438 439 440 441 447 449 450
26 399 400 404 405 408 409 412 416 417 421 422 424 425 426 429 432 433 435 436 437 440 441 443 445 450 451
13 398 400 403 404 405 407 408 413 415 423 424 435 445
8 399 402 418 429 430 434 436 442
7 416 429 433 434 436 439 442
3 413 419 428
28 399 404 405 408 413 414 415 416 417 424 426 427 429 430 432 433 434 435 440 441 442 443 444 446 447 448 449 450
20 398 399 402 408 409 410 421 424 426 427 431 432 433 434 435 437 441 446 447 449
15 401 404 407 412 413 415 416 420 422 428 429 430 436 438 451
25 403 405 406 408 409 411 415 416 419 420 422 423 428 430 431 432 434 435 436 437 443 444 446 447 449
29 398 399 400 401 402 404 407 410 412 413 414 417 418 421 424 425 426 427 429 433 438 439 440 441 442 445 448 450 451
10 401 404 406 408 410 422 424 428 438 443
15 402 404 406 407 411 414 418 420 427 436 439 443 446 449 450
13 403 408 414 417 418 420 421 430 433 437 442 446 449
13 398 404 405 408 414 415 418 420 421 436 443 444 449
16 400 408 409 410 412 416 417 421 422 425 430 440 441 442 445 448
16 398 399 400 402 405 408 409 413 418 428 429 435 443 445 446 447
21 401 402 403 405 418 419 420 424 425 428 431 432 435 437 438 441 442 447 448 449 451
19 398 406 410 411 414 415 417 420 421 424 426 430 433 436 437 438 443 447 449
12 402 404 405 413 419 427 432 440 445 446 448 451
12 400 409 414 415 420 423 426 437 439 441 448 450
11 401 410 411 420 421 437 443 444 446 448 451
8 412 414 416 419 425 430 433 436
33 398 399 400 404 406 407 408 409 410 411 412 413 414 415 416 417 421 422 423 426 427 429 430 433 434 436 439 440 443 444 445 446 450
35 398 399 401 402 405 406 407 408 409 411 413 416 418 419 420 422 423 424 425 426 428 431 433 434 435 436 437 438 439 443 444 447 448 450 451
26 399 400 401 408 409 410 412 413 415 417 420 422 423 424 426 427 428 430 431 432 437 440 443 445 448 451
15 400 409 412 416 427 428 430 431 434 435 438 441 442 446 451
10 400 401 404 412 414 418 433 441 446 451
12 401 410 416 422 432 433 435 436 442 445 446 447
22 398 401 405 407 408 415 418 420 421 422 423 428 431 432 439 440 441 442 446 448 450 451
13 401 403 417 419 423 424 425 426 429 432 440 445 448
20 398 399 401 403 405 415 423 424 426 429 431 432 433 434 435 437 438 444 447 451
28 398 401 402 403 406 407 410 411 413 414 415 418 419 420 423 427 428 430 431 434 438 439 442 444 446 447 448 449
14 402 404 405 414 419 425 429 433 435 436 439 441 446 447
17 398 405 412 414 418 421 423 426 431 432 435 441 444 445 446 448 450
9 398 401 403 418 420 421 431 438 445
22 400 401 403 404 405 410 411 414 415 416 417 422 424 428 432 434 435 436 440 444 448 449
29 399 400 402 403 408 409 410 412 415 416 417 420 421 424 427 428 431 432 434 435 437 438 440 441 442 445 446 447 449
17 398 399 402 403 406 407 411 417 420 423 426 428 429 435 437 449 450
20 399 400 402 403 407 409 411 413 415 417 419 420 425 427 430 437 440 447 449 451
36 398 401 403 404 407 409 411 412 414 415 416 417 418 420 422 423 424 427 428 432 433 435 436 437 438 439 440 442 443 444 445 446 447 449 450 451
8 403 414 417 418 425 442 445 450
12 398 399 402 405 406 407 411 419 421 424 438 449
23 399 400 401 403 407 408 409 412 416 418 422 423 425 428 429 431 434 435 439 441 442 444 450
25 398 401 404 405 406 407 411 413 414 418 419 422 423 425 426 429 430 433 436 439 443 444 448 450 451
17 405 406 414 415 418 421 422 423 424 429 435 437 438 439 443 444 448
36 398 399 402 403 406 407 408 409 413 415 416 417 419 420 422 423 426 427 428 429 430 431 432 434 436 437 438 439 442 443 444 445 447 448 449 450
23 400 401 405 409 415 416 419 421 422 424 425 430 431 432 434 438 439 442 443 444 445 448 451
17 398 399 403 404 409 417 425 427 428 432 434 441 445 447 449 450 451
9 399 407 409 414 417 440 445 449 450
8 405 410 411 421 424 425 435 440
12 400 401 402 407 410 411 416 430 433 436 440 446
22 399 400 404 405 408 409 412 417 421 422 424 425 426 429 432 433 435 437 440 441 443 450
25 398 399 400 404 406 407 408 410 411 412 413 415 416 417 423 426 433 434 436 439 440 443 444 445 450
4 399 418 430 434
13 401 405 409 415 419 421 424 425 430 432 434 443 445
20 401 402 410 411 413 414 415 418 420 423 427 430 434 438 439 442 444 446 448 449
8 404 412 413 420 422 428 430 451
35 398 399 400 401 404 405 407 409 410 411 412 413 415 419 422 423 424 425 426 427 428 429 431 432 434 435 436 438 439 440 441 443 444 448 451
9 398 408 419 422 424 431 433 436 446
7 400 405 411 439 440 443 448
8 398 408 415 418 420 421 436 443
5 399 429 430 434 442
10 403 406 411 416 421 434 438 442 444 450
13 398 399 406 407 411 417 420 423 426 428 437 449 450
7 398 399 402 407 419 421 424
9 403 417 424 425 426 429 432 440 448
11 398 405 418 422 423 439 440 441 442 450 451
5 410 411 417 423 438
11 398 400 403 404 407 413 415 423 424 435 445
12 400 404 410 412 415 421 427 429 432 440 442 445
12 400 405 408 409 413 418 428 429 435 443 445 446
10 400 409 412 416 427 428 435 438 441 451
10 408 414 418 420 421 430 433 437 442 446
22 399 403 406 413 414 416 417 424 425 426 427 429 430 433 435 436 437 443 444 445 447 449
8 398 399 402 406 407 419 421 424
12 400 403 412 414 415 417 421 427 429 440 442 445
5 407 409 440 445 449
14 399 402 405 406 408 410 413 419 426 429 431 434 441 448
19 398 401 402 403 406 410 411 415 418 419 423 427 428 430 438 446 447 448 449
26 399 400 403 406 408 409 410 412 415 418 419 420 427 429 431 432 433 435 436 440 442 444 446 449 450 451
7 403 417 424 425 429 440 445
15 401 402 403 406 407 411 414 419 420 423 434 438 439 447 449
13 405 406 411 415 420 423 428 432 434 436 437 444 449
10 399 406 407 410 413 422 433 439 447 450
9 398 403 407 416 418 434 438 442 444
6 407 409 417 445 449 450
14 398 399 402 403 406 407 411 417 426 429 435 437 449 450
8 401 404 406 408 424 428 438 443
20 401 402 406 410 411 413 415 418 419 420 427 428 430 434 438 439 442 447 448 449
11 405 414 421 423 431 432 435 445 446 448 450
11 412 414 417 425 426 427 428 433 439 447 449
12 398 399 403 405 415 423 424 426 429 433 438 444
12 403 407 409 411 413 415 417 419 420 427 437 447
9 404 405 413 419 432 440 445 446 451
19 400 403 406 407 409 412 415 417 418 419 420 421 424 427 435 436 437 438 451
15 399 403 407 412 416 418 425 428 429 431 435 439 441 444 450
15 399 412 416 417 421 422 424 426 432 433 435 437 441 445 450
8 400 401 404 412 433 441 446 451
10 398 402 405 418 428 429 435 443 445 447
11 399 400 402 408 413 418 428 443 445 446 447
27 398 399 400 401 403 407 411 412 414 415 416 422 424 427 428 430 433 434 436 437 441 442 444 446 448 449 450
11 405 415 421 422 423 424 429 435 439 443 448
5 405 411 421 424 425
5 407 414 440 445 450
9 402 405 414 419 425 429 436 441 446
18 401 403 405 419 420 424 425 428 431 435 437 438 441 442 447 448 449 451
4 417 418 425 442
11 400 405 415 416 418 428 430 439 442 443 448
8 400 405 406 411 423 439 440 444
9 400 405 406 419 423 439 440 444 448
5 401 410 415 417 423
19 402 403 406 413 415 416 419 423 428 431 432 436 437 439 442 445 448 449 450
13 401 407 410 411 413 416 419 420 430 431 436 440 442
6 409 413 418 432 439 447
9 399 402 407 411 413 422 437 439 447
19 399 401 408 413 415 417 420 422 423 424 426 427 428 431 432 437 443 445 448
18 404 407 415 418 420 422 423 424 428 432 433 435 436 438 439 443 444 445
6 406 411 423 435 444 451
10 399 402 406 410 411 413 433 437 439 450
28 399 401 402 405 406 407 409 411 413 416 418 419 422 423 424 425 428 431 433 434 435 438 439 443 444 447 448 451
24 398 399 400 401 402 404 407 413 414 417 418 424 425 426 427 429 433 438 440 442 445 448 450 451
9 402 404 406 411 436 443 446 449 450
15 403 409 412 415 416 417 420 424 427 428 431 432 437 438 440
8 398 399 405 406 407 411 419 449
15 398 405 412 414 418 421 423 426 432 435 441 444 446 448 450
6 406 407 411 419 421 449
10 398 410 415 417 424 426 433 436 438 447
5 406 432 434 444 451
11 398 403 406 407 411 418 421 434 442 444 450
6 412 414 416 425 430 433
10 400 409 414 415 420 426 437 439 441 448
8 404 410 412 418 427 436 441 446
9 399 400 405 413 418 428 429 446 447
6 406 411 432 434 435 444
19 398 405 406 407 409 413 418 419 423 424 425 426 428 433 435 443 447 448 451
15 407 408 410 411 412 413 416 419 426 431 433 436 440 442 446
10 398 405 406 407 411 419 421 424 438 449
7 403 408 418 421 430 433 442
8 403 414 417 421 430 437 442 449
10 404 405 408 414 418 420 421 436 443 449
7 403 417 421 430 437 442 449
15 403 404 406 421 422 426 427 432 434 439 440 442 444 449 450
9 403 414 420 421 430 433 437 442 449
6 406 423 432 434 435 444
5 407 409 414 449 450
29 398 401 402 403 404 410 411 412 414 416 419 420 423 424 426 427 428 429 433 435 436 441 443 444 446 448 449 450 451
9 402 406 407 411 417 423 429 437 450
5 416 434 436 439 442
4 403 420 431 445
2 419 428
7 401 404 414 418 433 441 446
7 408 417 420 421 430 437 449
16 400 405 415 416 421 425 430 431 432 434 438 439 443 445 448 451
10 399 400 402 409 413 418 443 445 446 447
11 403 404 412 415 417 421 427 429 430 432 441
17 399 402 403 407 409 411 413 415 417 420 425 427 430 437 440 447 449
33 399 400 401 403 405 406 407 408 409 412 415 417 418 419 420 421 422 424 427 429 431 432 433 434 435 436 437 442 444 446 448 449 451
8 402 405 406 407 411 419 421 438
11 401 417 419 423 424 425 426 429 432 445 448
12 402 406 407 414 418 420 427 439 443 446 449 450
13 398 401 402 404 408 412 422 425 426 427 431 433 446
14 398 401 410 412 414 418 421 424 427 433 438 442 445 448
21 399 404 413 414 416 417 424 427 430 432 433 434 435 441 442 444 446 447 448 449 450
8 404 405 407 408 415 423 424 445
24 400 403 410 412 413 416 417 419 424 425 426 429 430 433 434 435 436 437 438 443 444 445 447 449
17 402 403 418 419 420 424 425 428 431 432 435 438 441 442 447 448 449
8 408 409 416 417 421 430 440 442
16 402 403 405 418 420 424 425 428 431 432 435 438 442 447 448 451
6 416 429 433 434 436 439
9 410 416 421 422 430 440 441 445 448
14 405 412 414 418 421 423 426 431 432 435 444 445 446 448
9 405 409 413 418 425 431 438 440 447
16 403 406 407 410 413 414 418 423 427 430 431 434 438 444 446 447
8 404 416 425 426 428 430 439 443
13 405 407 408 415 418 422 423 428 431 432 442 450 451
7 413 418 425 431 432 438 440
11 403 404 408 418 428 429 430 434 443 444 451
23 400 401 402 403 406 407 408 409 418 424 431 432 433 434 436 437 438 440 442 444 448 450 451
28 398 399 402 406 407 409 413 416 417 419 420 426 427 428 429 431 432 434 436 437 438 442 443 444 445 447 448 449
9 406 407 410 419 422 423 436 437 451
12 406 409 416 419 422 425 426 432 438 439 440 450
6 404 412 418 433 446 451
7 401 417 419 425 429 440 445
16 400 401 402 407 410 411 412 416 419 420 426 431 436 440 442 446
6 404 406 422 424 428 438
8 401 410 416 422 433 435 436 442
32 398 399 402 403 406 407 408 409 415 416 417 419 420 422 423 427 428 429 430 431 432 434 436 438 442 443 444 445 447 448 449 450
21 403 405 406 408 409 416 419 420 422 428 430 431 432 434 435 437 443 444 446 447 449
12 398 406 410 411 414 415 421 424 426 433 437 447
14 403 405 406 409 420 422 423 428 430 436 437 444 446 449
5 416 429 434 439 442
9 400 402 407 411 412 419 422 439 451
22 399 400 402 403 404 406 409 410 411 414 416 427 429 433 434 435 436 437 438 445 447 449
7 402 413 427 432 445 448 451
10 403 404 409 417 432 434 441 445 447 449
6 399 418 430 434 436 442
15 398 401 407 408 422 423 428 431 432 439 440 441 442 446 451
9 399 400 402 413 419 425 426 431 441
4 433 434 436 439
6 400 409 420 426 437 439
6 400 414 420 439 441 448
12 398 399 403 406 411 417 420 428 429 437 449 450
10 400 402 407 410 411 412 423 425 437 451
21 406 408 409 411 415 416 420 422 423 428 430 432 434 435 436 437 443 444 446 447 449
10 398 404 405 408 414 415 420 421 436 449
27 401 402 405 406 407 408 409 411 413 416 418 419 420 422 423 424 431 433 434 435 436 437 438 439 443 448 450
5 412 419 425 433 436
12 398 404 411 414 423 425 426 428 430 439 441 445
12 406 409 412 417 419 422 425 427 433 441 449 450
17 399 400 401 407 408 409 412 416 418 425 428 429 431 439 442 444 450
5 405 421 425 435 440
25 399 402 403 407 408 409 415 417 423 426 427 428 429 430 432 438 439 442 443 444 445 447 448 449 450
4 399 418 429 442
20 398 405 406 407 411 413 414 418 419 422 423 425 426 429 430 433 436 443 448 450
22 399 401 408 409 410 412 413 422 423 424 426 427 428 430 431 432 437 440 443 445 448 451
15 405 411 415 416 419 422 423 428 430 431 434 435 436 437 443
11 398 399 408 409 410 424 433 437 441 447 449
15 398 399 401 407 412 413 417 426 429 438 439 442 445 448 451
22 399 406 407 408 409 413 415 416 423 426 427 428 432 436 437 438 439 442 443 447 449 450
7 401 406 410 422 424 438 443
14 400 401 403 405 410 411 417 424 428 434 436 440 444 448
10 399 402 410 413 419 421 426 430 434 441
16 403 404 405 410 411 414 415 416 422 424 432 434 435 440 444 449
25 398 399 401 402 405 408 409 411 413 416 418 419 420 424 425 428 434 435 436 437 439 443 448 450 451
10 403 417 419 423 424 425 426 429 445 448
7 401 406 410 422 428 438 443
8 401 404 410 422 424 428 438 443
11 402 406 407 411 414 418 420 427 439 446 449
14 398 401 402 404 408 412 419 422 426 427 431 433 436 446
11 400 403 405 410 411 414 415 422 434 435 440
12 400 404 405 410 411 415 422 432 434 435 436 449
13 400 408 409 416 417 421 422 425 430 440 441 442 445
11 398 403 406 411 416 418 421 434 438 442 444
9 398 399 408 428 429 435 445 446 447
15 398 405 412 414 418 421 423 431 432 435 444 445 446 448 450
9 404 408 410 412 414 418 433 436 447
7 404 408 418 427 433 440 446
12 400 408 409 410 412 417 421 422 440 441 442 445
6 406 411 419 423 443 444
8 403 414 421 430 433 437 446 449
8 402 404 405 419 427 432 446 451
6 401 416 422 432 435 445
9 400 402 406 411 412 419 425 428 436
19 403 405 406 408 411 415 416 419 420 422 423 428 431 434 435 444 446 447 449
10 398 403 409 417 425 427 432 445 447 451
6 412 416 425 430 433 436
14 400 402 406 407 409 410 411 412 423 425 428 436 437 451
23 398 399 406 407 409 415 417 419 422 423 426 427 428 429 430 432 434 437 438 442 444 447 450
15 399 408 409 410 421 424 426 427 431 433 434 435 441 447 449
13 403 404 412 418 425 427 429 430 434 440 443 444 451
11 402 404 405 414 419 429 433 436 439 446 447
12 404 408 410 412 413 414 418 433 436 440 441 447
7 404 405 419 429 433 435 436
16 409 412 414 416 417 419 422 426 427 431 432 433 440 441 449 450
14 400 403 410 414 421 427 429 430 440 441 442 445 446 449
8 403 406 416 418 421 442 449 450
9 404 405 414 419 433 435 439 441 446
18 399 400 401 403 407 408 409 416 418 422 423 428 429 431 434 439 441 444
13 401 402 403 420 424 428 432 437 441 442 447 448 451
11 405 407 408 418 420 423 428 431 439 440 450
11 398 400 405 409 413 428 435 443 445 446 447
18 399 406 408 420 422 423 428 430 431 432 434 436 438 442 443 444 448 449
6 399 418 429 430 436 442
17 399 400 403 408 409 415 416 417 420 421 431 432 435 437 440 441 445
23 398 399 400 402 404 405 406 409 411 416 422 423 424 425 426 428 429 431 439 441 443 445 447
17 408 409 410 412 413 415 417 422 423 424 427 428 430 431 440 445 448
9 398 404 423 425 426 430 439 443 447
11 401 404 407 412 413 415 416 420 422 428 429
26 398 401 407 409 411 414 415 417 418 420 423 424 427 428 432 435 436 437 439 440 443 445 447 449 450 451
11 402 404 405 414 419 425 429 433 435 436 441
12 398 401 403 405 423 424 426 429 433 434 435 451
10 400 403 404 405 408 415 423 424 435 445
9 400 405 406 411 423 439 443 444 448
11 398 403 404 417 425 427 432 434 441 447 449
11 398 405 421 423 426 431 432 441 445 446 450
12 398 404 411 414 416 423 425 439 441 443 445 447
6 401 404 410 422 424 438
10 400 409 414 415 420 423 437 439 448 450
7 405 410 411 421 424 425 435
12 398 405 407 411 413 418 422 429 430 444 448 450
7 406 411 423 432 434 435 451
9 404 408 417 418 425 427 429 434 443
5 399 418 434 436 442
13 403 404 406 420 432 434 437 439 440 442 444 448 449
6 406 407 410 413 447 450
6 403 404 405 415 423 435
8 400 401 404 412 414 418 433 441
26 399 400 402 403 408 409 410 415 416 417 420 421 424 427 428 431 432 434 437 438 441 442 445 446 447 449
10 399 402 421 424 427 431 433 435 437 446
21 399 402 406 408 409 411 423 424 426 431 433 434 435 436 437 439 443 444 448 450 451
16 400 404 405 409 417 421 425 426 429 433 435 437 440 441 445 451
16 402 404 407 412 413 417 418 421 424 425 427 429 439 440 442 451
4 433 434 436 439
13 400 408 410 412 416 421 422 430 440 441 442 445 448
16 398 399 409 410 421 426 427 431 433 434 435 437 441 446 447 449
14 398 399 403 406 407 411 417 420 426 428 429 437 449 450
16 409 412 416 417 419 425 426 427 428 431 433 439 440 447 449 450
15 403 404 407 420 421 424 427 431 434 437 439 441 444 449 451
9 399 402 407 410 411 413 422 437 450
22 399 404 405 408 414 416 417 426 429 430 432 433 434 435 441 442 443 444 447 448 449 450
22 398 401 414 417 418 420 422 423 427 428 432 433 436 437 439 440 442 444 446 449 450 451
20 399 401 408 410 415 417 420 422 423 424 426 428 430 431 432 437 440 443 445 451
9 404 410 412 413 418 427 440 441 446
5 399 402 430 436 442
9 412 414 415 421 429 432 441 445 449
8 409 412 427 430 431 434 438 442
8 408 417 420 421 430 437 446 449
12 398 403 404 417 425 427 428 432 434 441 449 450
24 399 404 405 408 413 414 415 416 417 424 426 427 432 433 434 435 441 442 443 444 446 447 449 450
7 401 404 406 408 422 438 443
9 398 405 408 418 420 421 436 443 449
11 399 402 406 410 411 413 422 433 437 447 450
11 417 419 423 424 425 426 429 432 440 445 448
10 400 414 415 427 429 432 440 442 445 446
16 403 404 406 420 421 426 427 432 434 437 439 440 441 444 448 449
11 400 406 407 412 419 422 425 428 437 439 451
10 400 403 404 405 407 415 423 424 435 445
17 401 402 403 405 418 420 425 431 432 435 437 438 441 442 447 448 449
20 399 404 405 408 414 415 416 417 426 427 429 430 432 433 435 443 446 447 448 450
6 400 409 414 420 437 441
17 406 412 414 416 417 425 428 431 432 433 438 439 440 441 447 449 450
7 406 408 410 422 424 438 443
10 400 406 409 410 411 412 423 428 439 451
8 402 405 414 419 425 435 436 441
14 403 407 421 427 431 432 434 439 440 441 444 448 449 450
5 416 429 433 439 442
5 408 410 422 424 438
5 401 410 411 417 438
5 401 412 433 446 451
8 398 402 422 424 425 426 427 436
11 404 413 417 427 428 429 430 434 440 443 451
11 399 400 403 407 408 418 425 429 431 435 450
10 403 414 417 418 421 430 437 442 446 449
14 400 410 415 416 418 420 428 429 437 438 439 441 442 448
11 400 416 427 430 431 434 435 438 441 446 451
14 412 418 421 423 426 431 432 435 441 444 445 446 448 450
11 404 410 412 414 418 427 436 440 441 446 447
7 420 437 443 444 446 448 451
9 398 399 405 406 407 421 424 438 449
8 401 404 408 422 424 428 438 443
14 399 400 402 405 406 408 410 421 426 429 430 434 441 448
10 404 405 414 425 429 435 436 439 441 447
4 414 417 418 445
14 406 410 411 414 415 420 421 426 430 433 437 438 443 447
9 401 410 411 420 421 437 443 444 451
11 398 417 425 427 428 432 434 445 447 450 451
10 401 402 407 408 412 413 419 420 433 446
10 398 402 404 419 421 422 424 426 433 436
18 403 404 406 407 420 421 422 431 432 434 437 439 440 442 444 448 449 450
5 399 418 429 430 442
22 404 405 408 413 415 417 424 426 427 429 430 432 433 434 435 441 442 443 444 446 449 450
13 400 409 412 416 427 428 430 434 435 438 441 446 451
25 398 400 404 407 408 409 411 412 415 416 417 421 427 429 430 433 434 436 439 440 443 444 445 446 450
5 407 409 440 445 449
11 410 412 421 422 425 430 440 441 442 445 448
11 401 417 419 423 424 425 426 429 432 440 448
9 404 405 414 419 425 435 439 441 446
5 411 423 434 435 444
24 399 407 408 413 416 417 419 426 427 428 430 431 434 436 437 438 439 442 443 445 447 448 449 450
12 398 404 411 414 416 423 426 428 430 441 443 447
24 398 399 402 405 406 407 408 409 413 422 423 424 425 426 428 431 433 434 436 437 447 448 450 451
7 409 420 423 437 439 441 448
9 406 411 414 418 420 439 443 449 450
10 400 409 411 413 415 417 420 425 437 440
18 401 402 403 405 418 420 424 425 428 432 435 437 438 441 442 448 449 451
7 401 411 421 437 444 446 451
8 416 422 432 435 436 442 446 447
19 398 401 405 407 408 415 418 420 421 422 423 428 432 440 442 446 448 450 451
7 405 409 413 418 431 438 440
17 403 405 408 409 411 416 419 420 428 430 435 436 437 443 444 446 449
16 400 405 408 409 412 416 417 421 422 424 426 432 435 436 443 445
9 402 407 411 418 420 427 436 446 449
32 398 399 400 401 402 404 405 406 407 411 412 413 415 416 419 422 423 424 425 429 431 434 435 436 438 439 440 441 444 447 450 451
14 398 406 413 414 419 422 423 425 426 429 433 436 443 451
37 399 400 401 402 403 404 406 407 408 410 412 414 415 417 419 420 421 422 423 424 426 427 428 429 430 433 434 435 437 441 442 443 444 445 446 448 450
10 399 403 424 429 431 434 438 444 447 451
17 401 403 405 410 411 414 415 417 422 424 428 434 436 440 444 448 449
6 404 406 408 410 422 428
11 402 406 407 411 426 428 429 435 437 449 450
16 399 402 403 407 409 411 413 415 419 420 425 427 430 440 449 451
10 408 413 417 425 427 429 431 434 440 444
9 406 418 421 422 423 424 437 439 443
7 403 405 407 413 423 435 445
12 402 404 406 407 411 414 420 427 439 443 446 449
10 398 417 420 421 424 426 436 438 443 449
8 403 408 417 418 430 433 442 449
10 405 406 414 415 421 422 423 438 444 448
8 398 412 421 423 426 435 441 446
22 399 400 404 405 408 409 412 417 421 422 424 425 426 429 432 433 436 437 440 441 443 450
30 400 402 404 405 406 412 413 415 416 417 418 419 421 423 424 425 426 428 430 434 436 438 440 441 442 444 445 447 449 451
28 398 400 402 405 407 410 412 414 415 418 419 421 424 425 426 427 432 434 436 439 442 443 446 447 448 449 450 451
24 398 404 406 407 413 414 416 417 422 423 427 428 430 434 437 438 439 441 442 444 445 446 449 451
26 399 400 403 404 405 406 407 410 411 412 414 416 417 418 419 421 427 429 430 433 436 439 440 443 449 451
24 399 400 402 403 405 406 413 416 420 421 423 425 426 427 428 430 432 438 439 441 444 445 449 451
34 399 402 404 405 407 408 410 411 412 415 416 418 419 421 422 424 427 428 430 431 433 434 436 437 438 440 442 443 444 445 448 449 450 451
24 402 403 405 408 413 414 418 419 420 421 422 423 426 427 429 433 435 436 438 439 440 446 447 450
17 399 407 409 410 416 418 419 420 423 426 427 428 432 433 434 437 451
32 398 402 406 407 408 409 410 411 413 416 417 418 419 420 422 423 424 426 428 429 431 433 434 437 439 441 442 443 446 447 450 451
21 398 401 402 403 409 410 412 422 423 428 429 431 432 433 434 437 441 442 443 444 445
17 399 401 402 413 415 418 421 422 423 424 430 433 434 436 439 442 446
17 402 407 409 411 414 416 423 425 426 428 434 442 443 444 445 447 448
27 402 403 404 409 410 412 414 415 417 419 421 424 427 429 431 432 433 436 438 439 440 441 442 443 444 448 451
17 403 404 406 407 408 411 414 415 416 420 425 426 429 435 446 450 451
37 398 400 401 403 404 406 409 410 411 412 413 414 415 418 419 420 423 424 426 427 430 431 432 433 434 435 436 438 442 443 444 445 446 447 448 450 451
36 399 400 401 402 403 408 411 412 415 416 417 419 420 422 423 425 426 427 428 429 430 431 432 433 435 436 438 439 441 442 443 444 445 449 450 451
24 398 400 401 406 407 408 409 410 411 413 414 416 420 426 430 431 432 433 435 439 442 444 448 450
37 400 401 403 406 407 408 409 410 411 412 413 414 417 419 421 423 426 427 428 429 430 432 433 434 436 438 439 440 441 443 444 445 446 447 449 450 451
32 398 400 401 403 404 408 409 410 411 412 416 417 420 421 422 424 429 431 433 436 437 438 440 442 443 444 445 446 447 448 449 451
16 406 409 410 413 421 422 424 426 430 431 432 435 437 445 449 451
16 399 400 407 408 409 410 411 414 415 416 419 424 430 433 444 445
26 398 402 403 406 407 410 412 413 415 416 418 420 423 424 425 426 429 433 437 439 440 441 445 447 448 450
25 400 401 402 405 406 411 412 413 415 419 420 422 426 428 431 433 434 435 438 441 443 444 447 450 451
28 399 403 405 406 408 409 410 411 413 416 418 420 425 427 428 434 435 436 438 440 441 442 443 444 445 447 449 451
24 398 400 401 402 404 405 408 412 414 418 419 420 426 427 428 430 431 434 437 439 442 445 446 451
27 399 405 406 408 412 414 416 419 421 423 424 427 428 429 430 431 434 435 438 439 440 441 442 443 445 447 448
20 398 399 402 403 405 408 411 413 418 419 420 422 427 433 434 436 437 438 440 445
25 398 399 400 402 404 406 407 412 413 415 416 418 420 422 425 428 429 432 433 435 438 442 443 444 446
35 398 399 400 401 402 403 404 405 406 408 409 411 413 414 415 418 419 420 424 425 428 429 430 431 432 435 436 437 438 439 440 445 446 449 450
37 398 399 400 401 402 403 404 405 406 407 409 410 412 414 416 417 420 422 424 425 426 427 429 430 432 433 434 435 436 437 441 442 443 445 447 449 451
28 398 399 400 402 406 410 413 415 417 419 421 424 425 426 427 432 434 435 436 440 441 443 444 446 447 448 450 451
36 399 401 402 404 405 406 407 408 409 411 412 413 417 418 420 422 423 425 426 427 428 431 432 436 437 438 440 441 443 444 445 447 448 449 450 451
21 398 404 405 408 409 410 413 416 418 421 424 432 438 441 443 445 447 448 449 450 451
30 398 399 401 404 405 407 409 411 412 413 415 419 421 422 424 426 430 431 434 435 438 439 440 441 442 444 445 448 449 450
32 398 399 400 401 403 405 407 411 413 414 417 419 421 423 424 425 426 428 429 430 431 432 435 436 437 438 440 442 443 446 447 449
22 399 401 402 405 406 407 409 414 415 416 420 423 425 427 430 431 432 433 436 439 442 444
19 399 402 404 407 408 411 414 415 420 423 424 425 429 431 438 441 443 448 449
26 398 401 403 407 409 413 419 420 421 422 423 424 425 428 430 432 434 435 437 439 440 444 445 447 448 450
31 398 399 400 401 402 403 405 407 408 409 411 416 418 419 421 423 425 427 429 431 432 433 437 439 441 442 443 444 445 447 451
33 398 401 402 403 405 406 407 408 409 410 413 416 418 419 420 421 423 424 425 429 430 431 433 434 435 438 439 442 443 444 445 448 449
18 398 399 406 407 409 412 416 420 423 425 429 430 431 435 440 443 445 451
35 399 402 404 405 406 407 408 409 413 414 415 416 418 421 424 425 426 427 428 430 431 432 433 434 435 437 438 440 442 444 446 447 449 450 451
33 398 399 400 401 403 407 408 410 412 413 414 415 417 418 420 422 423 426 427 428 429 432 434 438 439 442 443 445 447 448 449 450 451
22 398 401 403 405 410 412 414 416 417 421 423 427 428 429 431 432 434 437 438 442 445 447
19 398 399 400 401 403 404 407 408 413 414 417 421 422 436 437 440 443 444 451
33 399 400 401 402 403 404 407 410 412 413 414 415 417 418 419 420 421 425 426 427 429 431 433 434 436 437 440 444 445 447 448 449 450
36 398 399 400 401 403 404 405 406 407 410 411 414 416 417 418 419 421 422 426 427 428 429 431 433 434 436 437 440 442 445 446 447 448 449 450 451
24 398 402 403 404 405 409 416 418 419 423 424 425 432 433 434 435 441 443 444 445 447 448 449 450
28 398 401 403 405 406 411 413 417 420 421 423 424 426 428 429 430 432 433 436 437 439 440 441 444 445 446 448 449
19 398 399 401 402 403 405 406 412 415 416 422 423 424 425 430 432 446 447 450
26 402 403 405 406 408 409 412 413 416 417 420 424 425 428 429 430 432 433 434 437 441 443 445 447 449 451
17 410 411 414 415 419 422 426 428 432 433 437 438 439 442 443 446 447
31 398 401 403 404 405 406 407 409 410 413 414 415 416 422 423 424 425 426 427 428 431 433 434 440 441 442 447 448 449 450 451
30 398 399 403 407 408 409 410 413 414 416 417 420 421 422 423 424 426 428 429 432 434 437 438 440 441 443 446 447 449 450
17 399 403 413 421 422 426 428 430 434 437 438 442 443 446 447 450 451
36 398 399 400 401 402 403 404 405 407 408 412 413 415 416 417 419 420 421 422 423 424 425 430 431 432 436 438 439 441 442 443 445 447 448 449 451
23 402 403 404 405 410 411 413 414 417 419 420 421 429 431 433 435 436 437 443 447 449 450 451
26 398 399 400 406 410 414 415 416 417 420 423 424 427 429 430 431 432 433 437 441 442 443 445 447 449 451
33 398 399 402 403 404 405 406 408 409 410 412 415 416 419 420 425 426 427 428 431 432 435 436 438 440 441 442 443 445 448 449 450 451
34 398 399 400 401 403 406 407 408 410 414 416 417 419 420 421 422 424 426 427 428 430 431 432 433 434 437 442 443 445 446 447 448 449 450
29 398 399 400 401 403 409 411 412 413 416 417 418 419 422 424 425 426 427 432 434 435 437 439 444 445 448 449 450 451
26 398 399 402 404 407 410 411 412 413 414 416 418 420 421 423 424 426 429 433 434 436 441 446 448 449 451
37 401 403 404 405 406 409 410 411 412 413 414 415 417 419 421 422 423 426 427 428 429 430 431 433 435 436 437 438 439 442 443 444 445 447 448 450 451
28 399 400 401 404 405 406 407 409 410 412 413 414 420 422 423 429 430 431 438 439 440 441 442 444 445 446 449 450
21 399 404 405 406 412 414 424 426 427 428 429 430 431 433 434 436 438 440 444 448 451
18 401 403 404 408 409 411 415 416 427 429 437 438 442 443 445 447 448 449
28 398 400 403 404 405 406 409 412 413 414 415 417 419 422 423 424 425 430 431 432 434 435 439 440 442 446 448 449
16 401 407 409 417 421 422 426 435 440 442 443 444 445 446 447 448
26 400 404 405 406 407 410 413 414 415 416 417 418 419 422 424 426 428 429 430 432 434 436 438 439 442 445
24 398 401 408 413 414 415 416 418 419 422 423 425 427 429 430 432 433 434 442 444 446 449 450 451
28 398 400 401 403 404 405 407 408 409 410 412 413 416 421 423 428 430 431 432 435 436 437 439 443 446 447 449 450
29 399 401 403 404 406 408 415 417 418 419 422 424 425 427 428 429 431 434 435 436 439 440 441 443 445 446 447 448 451
29 401 403 404 405 406 407 408 411 412 416 417 418 419 421 423 424 425 426 428 430 432 437 438 440 442 443 448 449 450
37 399 400 401 402 403 404 405 407 408 409 410 411 412 414 415 418 419 420 423 425 427 428 429 430 432 433 434 435 436 437 439 441 442 443 445 446 451
31 398 401 406 408 410 411 413 414 415 418 419 420 421 422 426 427 430 431 432 434 435 438 439 440 444 445 447 448 449 450 451
20 398 404 405 406 407 408 411 414 418 420 421 422 425 430 432 437 438 439 442 443
28 401 403 404 406 409 410 411 412 413 415 418 421 424 427 429 430 431 434 435 436 437 439 440 442 443 446 449 451
28 398 400 402 405 409 410 413 416 419 422 425 426 427 428 429 430 432 433 436 437 438 440 442 443 444 447 448 450
36 398 399 401 402 404 405 407 408 410 411 414 416 417 418 419 420 421 422 423 424 425 426 427 428 430 433 434 436 437 438 439 440 442 444 445 446
29 398 399 402 403 404 406 409 410 417 418 421 422 425 427 429 430 431 433 434 435 436 441 443 444 445 446 447 449 450
19 398 400 402 403 404 415 418 423 427 428 432 436 438 439 442 443 444 445 450
27 399 401 402 404 406 408 410 412 417 418 425 427 428 431 434 435 437 438 439 440 441 442 443 447 448 449 450
27 399 400 401 403 404 406 407 408 409 412 413 415 417 422 431 432 434 435 436 437 439 441 442 443 445 447 451
31 398 400 401 402 403 407 409 410 412 413 415 416 418 424 425 426 427 428 429 431 433 434 435 437 438 440 444 445 447 448 450
22 399 401 405 407 408 413 417 420 422 423 424 427 428 429 431 436 438 441 442 446 448 451
32 400 402 403 404 405 406 409 411 413 415 417 418 419 420 421 422 423 424 427 429 431 432 436 437 438 439 441 446 447 448 449 451
37 399 401 404 406 408 409 410 411 413 415 417 421 422 424 425 426 427 428 429 431 432 433 435 436 437 438 439 440 441 442 443 444 446 447 449 450 451
36 398 399 401 404 405 406 407 408 410 413 414 415 416 418 419 421 422 423 424 425 428 429 430 431 432 433 434 435 436 439 441 442 445 446 449 450
18 400 401 407 409 410 416 417 418 423 424 428 437 438 440 443 446 449 451
28 400 401 403 406 407 408 410 411 412 413 415 416 419 420 421 423 425 426 429 434 436 437 441 442 444 447 449 450
17 400 404 413 414 420 421 423 424 427 428 430 431 434 435 438 444 446
31 403 406 407 409 410 411 412 413 415 416 418 421 424 425 426 427 428 430 431 432 433 434 436 439 440 443 444 445 447 449 451
28 398 400 401 402 404 406 408 410 412 413 415 416 417 418 421 423 425 426 427 428 431 432 436 438 439 440 444 446
35 398 399 400 401 403 404 405 406 412 413 414 415 416 417 419 420 421 422 423 424 427 428 431 434 435 436 439 440 441 443 445 446 447 448 450
26 398 402 404 408 410 413 415 418 419 422 425 426 429 433 435 436 437 438 439 441 442 446 447 448 449 451
19 399 400 405 406 407 408 410 411 413 417 424 426 427 432 435 441 442 447 448
26 400 401 403 406 409 412 414 415 416 417 418 419 420 421 423 425 433 434 435 436 440 442 444 446 447 451
17 401 403 406 408 417 418 419 423 424 426 427 429 432 439 445 446 447
21 400 401 403 408 409 411 413 415 417 420 423 426 427 429 432 434 435 437 444 445 447
21 399 410 413 414 415 424 426 427 428 429 431 433 434 435 437 438 439 444 445 446 451
36 399 402 404 406 409 411 412 413 414 415 417 418 419 420 421 423 424 425 426 427 430 431 435 436 437 438 439 440 441 442 443 444 445 448 449 450
17 399 401 408 412 420 425 426 427 429 431 432 437 439 440 445 450 451
26 401 402 403 404 405 406 413 414 416 418 420 425 428 431 432 433 434 435 436 438 439 445 447 448 449 450
25 399 401 403 406 407 411 414 415 416 417 418 419 420 422 423 424 427 432 438 439 441 442 443 445 448
29 400 403 407 408 409 411 414 415 416 417 418 419 421 422 424 425 426 427 428 430 431 432 435 438 441 446 447 448 451
30 398 399 403 408 410 411 413 414 415 416 419 420 424 425 426 429 433 434 435 436 438 439 441 442 443 445 448 449 450 451
30 402 405 406 407 408 409 410 411 413 414 415 416 418 419 421 422 424 429 432 434 435 438 439 440 444 445 447 449 450 451
37 398 399 400 401 405 407 408 410 412 413 414 416 418 419 420 421 422 423 427 428 429 431 432 433 434 435 437 438 440 441 442 445 446 447 448 449 451
33 398 401 402 403 404 406 407 408 409 411 413 414 415 416 417 418 420 421 422 426 427 429 432 435 436 438 440 441 442 443 444 447 449
23 398 400 401 402 403 407 412 415 416 418 420 423 424 426 428 432 435 439 443 444 445 447 448
25 399 400 403 404 411 415 417 418 422 425 427 430 431 432 436 439 440 441 442 443 445 446 447 449 450
31 404 405 406 407 408 410 412 413 414 415 416 420 421 422 423 424 427 428 429 432 433 435 436 437 438 440 441 442 444 446 451
30 398 399 405 407 408 409 411 414 417 419 422 423 424 425 427 432 434 435 436 438 441 442 443 444 445 446 448 449 450 451
32 398 403 404 405 406 407 408 409 412 413 416 417 418 419 421 422 423 424 427 428 430 431 432 437 440 441 443 444 445 448 449 450
26 398 400 403 404 405 406 410 412 415 418 422 424 425 427 433 434 436 437 442 443 444 445 447 448 450 451
28 398 399 402 407 408 409 412 415 416 417 420 421 423 429 430 431 432 433 435 436 441 443 445 447 448 449 450 451
29 398 400 401 402 404 405 407 408 410 411 413 414 419 420 421 423 425 426 427 432 434 439 440 441 443 444 445 447 449
17 399 400 403 404 405 408 409 414 420 421 430 431 433 434 436 447 448
27 399 401 402 403 405 406 407 408 409 410 411 413 414 415 416 417 418 421 426 430 432 438 439 445 449 450 451
19 398 399 402 403 407 408 412 416 417 429 430 433 436 437 438 441 446 447 451
24 400 402 409 413 414 415 416 417 421 425 426 430 431 434 437 439 440 441 442 443 444 445 449 450
24 399 401 404 406 407 410 413 416 417 419 424 425 426 427 428 430 432 433 438 439 440 442 443 450
24 400 401 403 404 413 416 417 418 419 420 421 431 433 437 439 440 442 444 445 446 447 448 450 451
34 398 400 401 402 403 404 405 406 407 409 411 413 414 415 416 417 418 422 425 427 428 429 430 431 432 434 437 439 440 442 445 447 449 450
33 398 399 400 403 404 407 409 410 411 412 415 416 417 418 419 420 421 424 426 427 428 429 432 435 437 438 440 441 442 443 445 447 448
24 400 402 405 407 408 410 411 413 414 416 417 418 419 422 423 424 425 426 427 428 437 438 444 451
37 399 400 402 403 406 407 409 410 411 412 413 415 416 417 418 419 420 423 424 425 426 427 428 431 433 434 436 439 440 441 442 445 446 447 448 449 450
17 398 404 405 406 412 421 423 426 427 429 433 434 436 437 444 445 446
21 399 401 402 404 406 411 414 415 419 429 430 431 432 433 435 436 437 439 444 446 447
32 399 401 403 404 405 406 411 412 414 415 418 419 420 422 423 424 425 426 431 432 434 435 437 438 439 441 442 444 448 449 450 451
19 404 407 410 413 414 417 419 420 427 432 433 436 437 440 442 443 444 446 447
30 398 399 400 402 403 407 409 411 414 415 416 423 424 425 426 428 429 431 434 435 438 440 441 442 443 444 447 448 449 451
26 400 402 403 404 405 407 408 409 413 415 416 417 418 420 424 427 430 432 434 435 437 438 442 446 450 451
19 400 407 408 410 422 424 425 427 430 431 435 437 438 441 443 444 447 448 450
19 399 402 404 405 406 408 415 416 417 421 423 425 428 429 433 440 441 446 447
29 398 399 401 402 403 404 405 407 409 412 413 414 415 418 421 422 424 427 430 431 433 434 437 439 444 445 446 450 451
32 398 399 401 404 407 409 410 411 412 413 414 418 420 421 422 423 426 428 430 431 432 435 437 438 439 440 441 442 443 447 449 450
23 399 401 402 404 408 411 413 414 417 418 419 423 424 426 429 433 434 436 439 440 446 447 448
22 399 400 402 406 409 413 415 416 417 418 419 423 424 432 433 436 437 439 440 446 447 451
35 403 405 408 409 410 411 412 413 414 416 417 418 419 422 423 424 425 426 427 428 429 430 431 433 434 435 436 437 439 442 443 445 446 447 448
33 398 400 401 405 406 407 408 409 410 412 413 416 417 419 422 424 425 427 428 429 430 431 432 433 434 436 437 438 440 442 446 447 448
34 398 399 400 401 402 404 406 408 409 411 412 413 415 417 426 427 430 431 432 433 435 438 439 440 441 442 443 444 445 446 447 448 450 451
31 401 402 403 404 405 406 408 409 411 413 414 416 418 419 420 421 422 423 429 433 434 436 438 439 440 442 443 446 448 449 451
37 399 400 401 405 406 407 408 409 410 411 414 415 416 417 418 419 420 421 422 424 425 426 428 429 430 431 432 433 434 436 437 438 441 442 446 450 451
27 398 399 400 401 404 406 407 411 413 414 416 417 419 421 422 423 425 428 429 430 433 434 436 437 443 448 450
35 398 401 402 404 406 408 410 413 414 416 418 419 420 422 423 424 425 426 427 430 431 432 434 435 436 437 438 439 440 442 443 446 447 448 450
34 399 400 404 405 406 407 409 413 414 417 418 419 420 421 423 424 425 427 428 429 430 431 432 433 434 436 437 439 441 442 444 445 450 451
18 401 403 404 408 415 416 420 422 424 428 430 434 437 440 442 444 447 448
32 399 400 401 402 403 405 408 409 411 412 414 415 416 417 418 422 423 425 426 427 428 429 431 438 440 443 444 445 446 447 448 451
37 398 399 400 401 402 406 407 408 409 411 412 413 414 420 421 422 423 424 426 427 428 430 432 433 435 437 438 439 440 441 443 444 445 446 449 450 451
22 402 404 405 406 407 411 414 415 417 423 428 430 433 435 436 438 443 445 446 447 449 451
24 400 401 402 406 407 408 413 415 419 421 422 426 427 428 434 435 436 437 438 439 440 445 447 448
26 398 401 402 404 406 408 409 411 415 416 417 418 419 421 422 427 428 433 434 436 439 440 447 448 449 450
35 398 403 405 406 407 408 409 410 411 412 414 416 419 420 421 423 425 426 427 428 429 430 431 433 435 437 438 439 440 443 444 445 447 448 451
18 398 399 401 402 403 406 409 410 412 413 416 420 422 426 434 440 447 451
36 398 399 400 402 403 404 408 410 411 412 413 414 415 416 417 418 420 422 423 424 425 426 429 430 432 434 436 438 439 440 442 443 444 445 447 449
32 398 402 403 404 406 408 410 411 412 414 418 420 421 422 423 424 425 426 427 428 429 430 432 434 435 439 440 441 444 445 447 451
17 403 404 407 410 413 418 422 425 426 428 429 435 439 442 444 447 449
34 398 399 400 401 404 406 407 409 411 412 413 414 416 418 421 422 423 425 427 428 429 430 433 434 435 436 437 438 440 441 442 445 448 451
24 399 401 404 405 406 409 410 414 416 417 419 420 423 425 428 432 433 434 436 437 440 443 447 449
25 404 410 412 416 418 421 422 423 424 426 427 428 433 434 435 436 437 439 440 441 444 445 446 447 449
32 398 399 401 402 403 404 407 409 410 411 414 415 416 417 418 420 421 425 426 428 433 434 437 438 439 440 441 442 443 447 448 451
25 398 399 401 402 408 410 412 413 414 415 421 422 424 428 429 433 434 437 438 440 443 447 449 450 451
28 399 400 401 402 406 407 409 410 412 414 419 420 421 422 423 425 428 431 432 433 435 436 437 446 447 448 449 451
20 404 405 406 407 409 412 417 422 425 426 428 430 434 438 439 443 447 448 449 451
29 398 399 400 401 402 403 404 405 407 409 411 415 416 418 420 424 426 427 428 429 430 431 432 437 438 439 441 446 447
34 399 402 403 404 405 406 407 409 411 412 416 417 418 419 420 421 422 423 424 425 429 430 431 432 433 434 436 438 439 444 445 448 449 451
33 398 401 402 404 408 410 411 413 414 415 416 418 419 420 421 422 425 426 427 428 430 432 434 435 437 438 441 442 444 445 446 449 451
17 398 400 402 411 413 414 415 416 419 420 428 429 435 437 440 445 448
23 401 402 407 408 409 410 412 415 418 423 425 427 428 430 433 435 436 438 440 441 442 445 450
23 398 402 407 408 409 411 413 414 415 416 420 421 425 427 430 431 435 438 439 441 445 448 450
16 409 410 415 420 422 428 429 430 435 436 438 439 440 442 446 447
20 398 403 405 413 418 420 427 428 429 430 432 434 436 438 440 442 447 448 449 451
22 398 400 404 405 407 411 418 419 421 422 423 425 426 431 432 434 437 439 445 446 448 450
28 398 399 401 403 404 407 408 410 411 413 414 419 420 423 424 425 428 430 431 432 434 435 436 439 440 443 444 446
31 400 401 403 404 406 408 409 410 411 412 415 416 417 419 420 427 428 429 433 434 436 437 438 440 441 442 443 444 445 446 449
24 399 402 403 408 410 411 412 413 415 421 423 425 427 428 429 430 435 437 438 440 443 445 447 451
16 398 404 405 411 418 419 429 434 436 437 439 443 444 445 450 451
17 400 403 409 410 411 419 420 424 428 432 436 438 441 442 447 450 451
23 398 400 402 406 409 411 412 414 420 423 424 425 426 427 430 432 434 435 445 446 447 448 450
37 399 400 401 402 405 406 407 408 409 412 414 415 416 417 418 419 421 424 425 428 429 430 431 432 433 436 437 438 440 441 443 444 445 446 448 449 451
34 398 400 401 402 403 404 407 409 410 411 412 414 415 417 418 421 426 428 429 430 431 432 433 436 437 439 440 443 444 446 447 448 450 451
24 399 405 408 409 410 413 414 415 418 422 425 426 427 429 430 432 435 438 442 445 448 449 450 451
34 398 400 403 407 410 411 412 414 415 416 418 421 422 423 424 425 426 428 429 430 431 432 433 434 435 437 438 439 443 447 448 449 450 451
33 398 399 400 403 405 408 409 412 414 417 422 423 424 425 426 427 428 429 431 432 433 434 435 437 438 439 440 441 442 448 449 450 451
24 398 401 405 407 408 409 413 414 416 417 420 421 422 423 424 425 427 428 433 437 438 444 446 451
37 398 399 400 403 404 405 406 407 408 409 411 412 413 414 418 422 424 425 427 428 430 431 432 433 434 435 436 437 438 440 441 442 443 445 446 448 451
34 399 401 402 404 405 406 407 409 410 412 413 414 415 416 418 420 421 422 424 426 427 428 432 433 434 435 437 439 440 442 443 444 446 449
24 401 403 404 406 407 412 413 414 415 418 419 420 422 423 427 428 430 432 438 442 445 446 449 451
28 401 402 404 405 406 407 408 411 416 417 419 421 423 425 429 430 433 434 435 437 438 439 441 444 445 446 448 449
17 400 402 406 409 410 420 421 422 423 429 430 431 437 439 446 449 451
36 398 399 400 401 402 404 406 408 409 410 411 413 415 416 417 419 421 422 423 424 425 426 429 430 431 432 434 436 437 438 439 442 444 446 449 451
24 398 400 401 405 407 409 410 412 413 414 415 418 420 421 422 427 431 435 438 439 441 443 444 451
33 398 399 400 402 403 404 406 408 409 410 414 415 418 419 420 421 424 428 429 433 434 435 439 440 441 443 444 445 447 448 449 450 451
24 402 410 413 414 415 418 419 420 424 425 431 432 433 435 438 439 441 442 446 447 448 449 450 451
28 398 399 400 401 403 405 409 414 418 419 420 422 423 425 427 428 431 432 435 436 437 438 441 442 444 445 449 450
26 403 404 406 407 409 410 412 413 416 417 418 422 425 426 431 433 434 435 438 442 443 444 446 447 448 451
29 399 400 404 405 411 414 415 416 420 421 422 424 425 426 430 431 432 434 435 436 437 439 440 441 443 445 446 447 450
37 398 400 402 403 404 406 407 408 409 410 411 413 414 416 417 422 423 424 425 426 427 428 430 431 432 434 437 438 439 440 442 444 446 447 448 449 450
26 399 401 403 405 410 411 412 413 416 419 420 421 424 425 426 429 430 431 432 433 435 441 442 445 447 451
21 401 404 408 413 414 416 421 422 423 426 427 428 431 433 437 438 441 442 443 445 448
21 398 399 400 401 404 408 410 413 420 424 425 430 432 437 438 439 441 443 445 446 449
31 398 399 401 402 404 405 407 408 411 415 416 417 419 420 421 422 425 426 429 432 433 434 436 439 440 441 442 443 446 449 451
32 399 400 401 402 403 406 407 408 409 412 415 416 417 419 420 421 423 425 427 428 430 432 434 435 439 440 442 444 447 449 450 451
35 398 400 403 404 405 406 408 409 410 411 413 414 418 419 422 423 424 425 426 427 431 432 434 435 436 437 438 440 443 444 446 448 449 450 451
32 398 400 401 402 405 406 408 410 413 414 415 416 418 419 421 422 423 424 428 432 433 435 436 438 441 442 443 444 446 447 449 451
26 398 399 400 401 403 404 409 410 411 413 415 419 420 422 424 429 430 431 432 433 439 444 445 446 448 449
35 398 402 403 404 405 406 407 408 410 411 412 414 415 416 417 421 422 423 424 425 427 430 431 432 434 435 436 437 438 439 440 442 445 446 449
21 398 399 401 407 411 417 419 421 422 424 425 427 432 440 441 443 444 445 447 448 451
31 399 402 403 405 406 407 408 411 412 414 415 418 420 423 424 427 428 430 431 432 433 437 438 439 442 443 446 447 448 449 451
29 398 399 401 403 405 408 409 411 412 413 414 416 419 420 422 425 430 432 433 436 437 438 439 440 441 444 447 448 449
17 398 400 402 406 409 410 411 415 418 422 425 430 433 437 442 443 448
30 398 401 404 405 406 409 410 412 414 415 416 417 418 423 427 428 433 435 436 437 439 440 442 443 444 447 448 449 450 451
23 398 399 402 403 405 408 409 411 412 416 423 425 427 428 434 439 440 441 442 444 445 450 451
33 398 399 402 403 404 405 406 407 408 410 414 415 417 418 419 420 424 425 426 428 429 431 432 433 435 437 438 440 441 442 443 450 451
24 399 403 404 407 409 410 412 415 416 419 421 422 425 428 431 434 436 438 440 442 445 446 447 450
28 398 399 401 403 404 406 407 408 410 411 413 415 418 419 420 422 424 425 428 429 434 437 438 439 441 446 447 448
19 401 402 405 407 408 409 411 414 415 423 424 425 427 428 436 439 440 443 451
21 398 404 405 407 408 410 411 413 418 421 423 427 428 429 432 433 437 439 441 443 450
34 398 399 400 401 403 405 406 408 409 412 413 416 417 418 419 424 425 427 430 431 435 436 437 439 441 442 443 444 445 446 447 448 449 450
27 398 399 400 401 403 404 405 411 412 413 415 418 420 421 422 423 426 427 429 430 431 433 436 441 442 448 451
35 399 402 404 405 406 408 409 410 413 415 416 417 418 419 420 421 422 423 424 427 428 431 432 434 436 437 438 439 442 444 445 447 448 449 451
28 400 401 402 406 407 408 409 410 411 415 417 421 423 425 426 427 428 429 431 433 434 437 438 439 441 442 445 448
28 398 403 405 407 410 413 414 415 416 417 418 419 422 423 425 431 433 434 435 436 437 438 439 444 445 448 450 451
25 398 399 401 406 408 409 411 412 415 417 418 419 420 423 424 428 429 436 437 441 442 443 445 448 450
17 404 405 406 407 408 409 410 412 420 425 428 435 441 444 447 449 451
35 402 403 405 406 408 409 411 412 413 414 416 417 418 419 421 422 423 427 428 431 432 433 434 437 438 439 441 442 444 445 447 448 449 450 451
26 398 401 404 405 409 412 415 417 422 423 424 428 429 431 432 434 435 436 437 438 441 442 446 447 448 451
34 401 404 405 407 408 409 410 412 414 415 416 418 420 421 422 424 427 428 430 432 433 434 436 437 438 439 440 442 443 445 446 447 448 451
37 398 399 402 403 404 405 406 407 408 409 410 411 413 414 418 420 421 423 424 426 428 429 430 431 433 436 438 439 441 443 445 446 447 448 449 450 451
22 400 405 406 408 411 414 415 416 419 421 422 428 431 433 434 438 440 441 443 444 447 450
32 399 402 403 408 409 410 412 415 416 417 418 421 422 424 425 427 428 430 431 433 435 436 437 440 441 443 444 445 446 447 450 451
30 399 400 401 402 405 407 409 411 414 415 416 417 419 420 421 422 424 426 433 435 437 438 439 441 442 443 446 448 449 451
27 399 401 402 405 406 407 410 412 414 420 425 426 431 433 435 436 437 438 440 441 442 444 445 447 449 450 451
35 398 403 406 407 408 409 410 411 413 414 415 416 417 418 419 420 421 423 424 425 426 427 429 432 433 435 436 439 440 442 445 446 447 450 451
19 399 405 406 416 417 419 420 425 427 434 436 438 442 444 445 446 448 449 451
20 398 404 407 408 410 411 415 416 417 420 422 423 427 428 431 433 439 443 447 450
28 398 400 401 409 410 411 413 414 418 419 421 424 425 429 430 432 435 436 437 438 441 442 443 444 445 446 450 451
27 399 401 402 406 410 412 413 417 419 422 424 426 427 429 430 432 434 435 436 437 440 441 442 443 445 448 451
30 400 404 406 407 409 411 412 413 414 416 417 418 420 422 423 427 429 430 431 432 434 435 436 437 438 443 445 447 448 451
37 399 401 403 404 405 406 408 409 411 412 414 415 416 417 419 420 421 425 426 427 429 430 431 432 434 435 436 437 439 440 441 442 445 447 448 449 451
22 400 405 408 409 411 413 416 417 418 419 420 421 423 426 429 432 433 434 438 448 449 450
26 404 405 408 409 411 412 415 416 418 419 420 423 424 425 426 427 428 429 430 431 432 436 437 438 445 447
27 399 402 403 405 406 407 408 409 410 413 418 419 421 422 425 428 430 432 433 434 438 439 440 441 443 444 448
17 400 401 402 403 405 406 407 408 417 419 422 423 424 432 434 445 446
35 399 401 402 404 405 406 408 412 413 414 415 416 417 418 420 422 423 424 425 427 428 429 431 433 434 435 436 438 439 441 442 443 447 450 451
27 398 399 401 404 405 406 410 411 413 414 415 419 420 421 422 425 426 429 434 435 438 443 444 445 448 450 451
24 400 402 406 408 410 411 412 414 420 427 430 431 432 433 434 435 436 439 441 443 444 445 449 450
22 398 400 403 409 410 411 416 418 423 424 428 433 434 435 438 439 440 443 444 446 449 450
17 398 401 403 405 406 409 410 412 413 417 424 426 431 439 442 450 451
22 398 399 400 408 411 413 414 415 416 417 419 421 422 423 424 429 431 432 433 434 435 442
17 401 403 404 409 412 414 416 418 421 424 431 439 441 442 443 444 449
20 402 404 406 408 412 415 416 417 421 423 426 433 434 441 443 444 445 446 448 451
21 401 402 404 405 408 409 417 420 421 423 426 428 429 430 431 432 434 438 448 450 451
25 399 401 402 403 404 405 410 411 412 413 416 419 420 421 424 425 428 430 436 437 438 443 444 446 447
32 398 400 401 402 406 408 409 412 414 416 418 419 422 423 424 427 429 430 431 432 433 434 436 437 438 439 440 441 442 443 445 447
32 398 399 401 406 407 410 411 412 413 414 416 418 419 420 423 425 426 428 431 432 433 434 436 437 439 440 441 442 445 447 449 450
19 398 399 401 406 407 411 413 418 419 421 423 424 425 431 432 435 440 443 451
32 400 401 402 408 409 412 413 415 416 417 418 419 420 422 423 424 425 426 427 431 432 436 440 441 442 443 444 447 448 449 450 451
27 398 399 404 405 407 409 410 413 415 416 422 424 426 427 428 430 435 437 438 440 441 442 445 447 449 450 451
36 399 400 401 402 403 404 405 407 408 409 410 411 412 413 414 417 419 420 421 423 424 427 429 432 433 435 436 438 439 441 442 446 447 449 450 451
26 401 405 407 409 410 411 412 413 415 416 417 418 420 422 423 424 427 429 430 434 438 439 441 449 450 451
32 398 402 403 406 407 410 412 414 417 419 420 421 422 424 425 426 430 431 433 434 435 437 438 439 440 441 442 443 446 448 449 451
21 400 401 403 404 409 411 415 416 419 421 422 427 429 434 437 439 440 441 448 449 451
31 398 399 401 406 408 410 414 415 416 417 418 419 423 424 428 430 432 434 435 436 437 438 441 442 443 445 446 448 449 450 451
29 399 403 405 407 408 411 414 417 419 420 424 427 428 429 432 433 434 436 437 438 440 441 442 443 447 448 449 450 451
18 398 403 406 407 408 410 412 413 414 417 422 424 428 431 432 438 441 442
33 400 401 403 408 409 411 412 414 418 419 422 423 424 425 426 427 428 429 431 432 433 435 436 437 439 440 443 444 445 446 448 449 451
19 400 406 410 412 414 416 417 423 425 427 432 433 435 436 437 440 448 449 450
30 400 401 402 406 407 408 410 411 413 414 415 416 417 418 419 421 422 424 425 426 430 431 433 440 441 442 443 445 449 450
17 398 400 404 406 410 413 417 418 424 425 428 433 435 436 439 441 443
26 401 402 406 407 411 413 414 415 416 420 421 423 424 425 426 427 428 429 430 436 439 442 448 449 450 451
21 399 403 404 405 407 415 416 418 423 424 425 426 427 430 433 434 437 442 446 448 451
23 398 399 401 403 409 412 418 420 422 428 430 433 434 435 436 437 438 439 443 444 449 450 451
35 398 399 401 402 403 404 405 406 408 409 410 412 415 416 417 419 421 422 425 427 428 430 431 432 433 434 436 437 438 439 441 443 445 447 450
23 400 401 407 408 410 411 415 416 417 418 423 424 427 430 432 435 436 438 442 443 446 447 450
35 398 399 400 401 402 404 406 408 409 410 411 412 413 414 419 422 423 424 425 426 428 429 431 432 434 437 439 440 443 444 445 446 448 450 451
17 398 402 404 407 413 417 418 421 424 425 430 431 438 440 441 442 445
20 400 401 403 404 407 411 413 416 417 418 423 424 430 431 433 438 439 441 443 445
16 403 405 407 411 414 416 429 430 435 437 439 440 445 446 450 451
26 399 400 401 402 404 407 408 410 417 418 420 421 423 424 425 429 431 432 434 435 437 438 444 445 446 449
26 400 402 404 405 408 409 411 412 413 414 415 420 424 426 429 430 433 435 439 440 442 444 445 446 449 451
31 400 403 404 407 410 411 412 413 414 418 419 420 421 424 428 429 431 432 433 434 435 438 439 440 441 442 444 445 448 449 450
26 398 401 402 405 406 408 410 413 414 415 417 419 422 425 427 429 430 432 433 435 441 442 444 446 449 451
22 403 406 409 410 411 412 416 419 420 422 423 427 429 431 434 438 440 443 444 446 447 449
28 399 401 406 409 410 411 414 416 417 418 419 421 422 423 424 425 426 431 432 433 436 438 439 440 442 446 449 451
32 401 402 403 404 407 408 409 412 413 416 417 418 422 423 424 429 430 431 432 434 436 438 439 442 443 444 445 446 448 449 450 451
36 398 399 401 403 404 405 406 408 409 410 412 413 415 416 417 418 419 420 421 422 423 424 427 430 431 434 435 436 437 440 441 442 444 446 449 451
36 399 401 402 403 404 405 407 408 409 410 411 413 414 417 419 420 421 423 424 425 426 429 430 431 434 437 438 439 440 441 442 443 446 449 450 451
31 398 400 401 402 405 406 407 408 413 414 416 417 418 420 421 423 424 425 431 433 435 437 438 440 441 444 447 448 449 450 451
28 402 403 404 406 407 408 409 413 419 421 425 427 428 429 430 431 432 434 438 440 441 443 445 446 448 449 450 451
35 399 400 403 404 406 408 410 412 413 417 418 419 420 422 423 424 425 426 427 429 431 432 434 436 437 438 439 440 442 446 447 448 449 450 451
26 398 399 404 405 406 409 410 412 413 414 418 424 426 427 429 430 431 433 434 435 437 438 444 447 448 450
21 404 406 407 408 410 411 415 416 425 427 429 431 432 433 434 435 440 442 444 446 447
17 402 409 410 420 422 423 424 429 431 432 434 435 439 442 445 446 451
23 399 400 407 411 412 413 415 417 418 419 422 423 426 427 431 432 434 436 438 439 443 447 450
30 398 402 403 408 410 411 413 415 417 419 420 422 423 424 426 427 430 432 433 435 437 438 439 440 441 442 443 446 447 449
30 398 399 400 401 402 403 409 414 415 416 418 420 421 422 424 425 426 427 428 429 432 433 435 436 441 443 445 447 448 450
21 399 400 406 407 408 409 416 417 420 423 424 427 430 434 435 436 439 440 444 445 449
19 399 403 408 411 412 417 418 423 424 425 427 432 437 438 440 446 447 448 449
33 398 400 401 402 403 404 409 411 413 414 415 420 421 422 424 425 426 428 430 432 433 434 435 439 440 442 444 445 446 447 448 450 451
25 399 400 401 402 403 405 406 407 411 413 415 416 418 421 423 425 426 428 430 433 440 446 447 448 449
31 398 399 401 404 405 406 408 409 410 413 416 419 420 421 422 425 428 430 431 432 433 434 435 436 438 439 440 441 445 446 447
31 398 399 400 401 404 405 407 409 410 414 417 418 421 423 424 425 426 432 434 436 437 439 441 442 443 445 446 447 448 449 451
33 398 399 400 401 404 406 407 411 416 417 418 420 421 424 427 428 431 432 433 435 436 438 439 440 441 442 443 445 447 448 449 450 451
28 398 400 401 404 405 406 409 410 413 414 415 416 417 422 426 427 429 431 432 436 437 441 443 445 447 448 450 451
17 404 406 413 415 419 420 423 424 425 434 435 436 439 441 449 450 451
22 400 404 409 410 412 414 418 427 428 429 430 431 433 434 435 438 440 442 446 449 450 451
29 398 406 408 409 410 411 412 414 417 419 420 422 423 424 426 427 429 432 434 435 436 441 442 445 446 447 448 450 451
23 401 402 404 407 409 417 418 421 422 424 426 427 428 429 432 434 435 438 439 440 447 449 451
24 407 408 409 410 411 412 413 414 420 421 422 423 425 427 430 431 433 434 436 437 438 439 442 446
30 398 399 400 402 404 408 411 413 414 415 416 417 419 421 422 423 424 425 426 428 429 431 434 435 436 437 440 446 449 451
25 398 399 401 404 408 410 412 413 416 417 421 422 426 429 430 431 433 435 437 438 440 442 445 446 449
29 399 405 406 410 411 414 416 417 418 419 420 421 423 425 427 428 429 432 433 434 436 437 440 441 442 445 446 448 451
21 399 400 402 404 406 407 408 414 416 418 420 421 422 425 429 431 433 439 442 444 448
18 400 405 408 409 413 415 419 421 422 423 426 427 428 440 441 443 450 451
32 399 400 401 405 407 409 413 415 417 418 419 420 421 422 423 425 426 428 431 432 433 436 439 440 442 443 445 446 447 448 450 451
27 399 403 404 407 408 409 410 411 412 413 414 417 419 423 424 425 428 429 434 435 436 437 441 443 446 448 450
29 399 400 401 403 404 405 406 407 409 411 412 413 414 422 423 425 426 427 430 432 436 438 441 442 444 446 449 450 451
19 398 399 400 401 402 403 404 405 408 411 413 420 423 429 431 434 439 441 447
27 398 400 403 405 406 407 408 411 412 416 417 419 420 422 424 426 428 429 430 431 435 438 440 441 443 444 448
27 400 401 402 403 405 411 413 414 416 418 421 422 423 426 429 432 436 437 439 442 443 444 445 446 447 449 451
33 399 400 401 402 403 405 406 408 409 411 412 414 415 416 420 421 422 424 425 428 429 430 431 432 436 438 439 440 443 444 445 447 449
20 399 403 404 405 408 413 414 416 419 422 423 425 431 436 439 442 444 446 449 451
17 399 402 407 413 415 417 424 425 426 429 432 436 439 440 442 444 447
20 400 401 405 408 412 418 420 422 426 429 430 432 434 436 437 440 444 448 449 450
37 398 401 402 403 404 406 407 408 409 410 411 412 413 414 416 418 419 420 422 423 424 425 427 430 431 434 436 438 439 440 442 444 445 446 448 450 451
21 398 401 405 406 408 411 413 415 417 420 422 423 428 432 437 442 445 448 449 450 451
22 403 404 407 413 415 417 418 420 421 425 426 427 428 433 434 435 436 441 442 448 450 451
20 399 403 404 406 410 412 416 420 422 423 424 427 435 438 440 446 448 449 450 451
21 402 403 404 406 409 411 414 416 417 423 428 431 435 437 438 439 442 443 446 448 450
33 399 400 401 402 403 404 406 407 410 411 416 418 419 420 423 424 426 427 428 430 431 434 435 436 439 442 443 444 445 446 448 449 450
17 403 405 408 410 416 420 422 430 431 434 436 439 442 443 445 448 450
32 400 402 403 404 407 409 413 414 416 417 418 419 420 422 423 424 425 426 428 430 432 434 435 436 437 440 441 442 443 446 450 451
19 403 405 408 410 412 414 415 420 424 425 426 433 437 438 439 440 446 447 448
33 402 403 404 405 406 407 408 409 410 411 412 413 414 415 417 418 420 421 423 427 430 431 432 434 435 436 438 440 441 442 446 448 450
18 401 402 405 406 411 413 414 418 420 423 424 426 432 436 443 447 449 450
25 399 400 402 406 408 409 412 413 416 419 421 422 427 428 429 431 432 433 434 438 443 444 445 448 449
32 399 400 401 402 403 404 407 409 411 412 414 415 416 417 420 421 423 424 425 427 430 434 435 436 438 440 441 442 444 446 447 448
