361 2878
56 1 2 3 4 5 6 7 8 9 10 11 12 13 14 15 16 17 18 19 20 21 22 23 24 25 26 27 28 29 30 31 32 33 34 35 36 37 38 39 40 41 42 43 44 45 46 47 48 49 50 51 52 53 54 55 56
32 1 2 3 5 7 10 11 12 15 16 17 18 24 25 27 30 31 33 34 35 38 39 40 41 42 43 44 46 47 49 53 55
18 3 6 11 12 16 20 28 31 34 39 42 44 47 49 50 51 52 55
18 1 2 4 5 7 16 17 20 22 29 35 37 38 47 48 49 54 55
26 2 4 7 9 11 14 15 17 18 20 23 30 31 35 40 42 44 45 46 47 48 49 50 51 53 56
43 1 2 4 6 7 8 10 11 13 14 15 16 17 18 19 20 21 25 27 28 29 31 32 33 34 35 38 39 40 41 43 45 46 47 48 49 50 51 52 53 54 55 56
18 7 8 9 14 17 21 23 24 26 31 32 33 34 36 37 43 48 50
34 1 4 5 6 8 9 10 11 12 13 14 16 17 18 20 22 23 27 28 30 33 34 35 36 37 39 40 42 43 48 51 53 54 56
35 1 4 5 6 7 8 10 13 14 15 18 20 24 26 27 28 29 30 31 32 33 37 38 39 41 43 44 45 47 48 49 52 54 55 56
17 4 6 8 10 16 19 26 29 31 32 33 35 39 41 46 52 56
31 1 3 4 6 7 10 15 16 17 18 19 21 24 25 26 27 28 31 32 33 36 37 38 43 44 46 47 48 49 54 56
24 5 7 11 12 15 18 19 21 24 28 29 32 34 35 37 39 41 42 43 44 47 48 55 56
29 2 3 4 8 9 11 12 15 16 17 23 26 28 29 31 32 33 34 35 40 41 42 43 44 45 49 50 51 52
24 1 3 5 6 7 10 12 14 15 25 26 29 35 38 41 42 43 44 45 46 48 53 54 55
23 1 3 5 8 9 10 13 14 15 25 28 30 31 34 36 43 45 46 48 49 50 54 56
33 2 4 7 8 9 10 11 13 14 15 18 20 24 25 26 28 29 30 31 32 34 35 36 37 38 40 41 42 44 46 48 51 52
33 2 5 6 10 11 14 16 18 19 20 21 22 23 24 25 26 27 28 29 30 34 38 39 40 41 44 46 47 52 53 54 55 56
40 1 2 3 4 5 7 8 11 12 15 16 17 18 19 21 22 23 24 25 26 28 29 31 32 33 34 35 36 38 39 40 42 43 44 47 48 49 50 52 56
23 7 9 10 12 13 14 15 16 17 20 21 23 24 27 30 35 36 38 42 46 50 52 54
32 1 2 3 4 6 9 10 12 13 15 16 17 18 19 23 27 28 29 30 31 32 34 36 38 39 40 41 45 47 49 51 54
38 1 2 3 5 6 7 8 9 10 11 12 13 14 15 16 18 20 23 25 28 29 30 31 35 36 37 39 40 41 42 43 46 47 48 49 51 52 56
30 1 2 4 7 8 10 12 15 16 18 22 24 27 28 30 32 34 35 37 39 40 42 45 46 47 48 50 51 52 53
40 1 2 3 6 9 10 11 13 16 17 18 19 20 22 23 24 25 26 27 28 29 31 32 33 35 36 37 38 39 41 42 43 45 47 48 49 51 52 54 55
18 1 5 9 14 21 25 26 27 29 32 34 36 39 46 47 48 51 52
22 5 7 9 11 14 15 17 18 25 28 35 36 37 38 40 46 47 50 51 52 53 55
19 1 5 6 8 10 13 14 15 17 25 27 28 32 34 36 37 45 47 50
41 1 2 3 5 7 9 11 12 13 15 16 17 18 19 20 21 22 24 25 26 27 30 33 34 36 38 39 41 42 44 45 46 47 49 50 51 52 53 54 55 56
21 3 5 11 12 17 19 20 21 22 29 31 34 36 38 44 45 47 48 49 52 55
34 3 5 6 7 10 11 14 15 17 19 20 22 23 25 26 27 28 29 30 31 32 35 36 38 42 43 44 45 47 48 49 52 53 54
37 1 2 4 6 7 8 9 10 11 13 14 16 19 20 21 22 24 25 27 28 29 30 32 36 40 41 42 44 45 46 48 49 50 51 52 53 55
23 3 5 7 11 13 14 16 20 23 25 26 27 29 30 32 33 36 41 42 46 47 52 53
29 2 3 4 6 7 8 10 13 16 18 20 22 25 26 27 28 30 34 37 38 39 41 43 44 45 48 50 53 55
23 1 8 9 10 12 16 17 19 21 22 24 25 27 29 31 35 38 39 45 47 49 50 52
29 1 4 6 7 13 14 15 16 17 18 19 20 22 25 26 27 28 32 33 35 37 39 44 46 47 50 51 52 53
32 2 3 6 9 10 12 13 14 15 16 17 21 22 25 26 27 29 30 32 35 36 37 40 42 43 44 45 46 48 49 51 56
38 1 2 3 4 5 7 8 11 14 15 16 18 19 20 21 22 23 24 25 28 29 31 32 33 34 35 36 38 40 41 43 44 45 46 48 49 51 53
18 2 6 9 11 12 18 22 25 30 32 37 40 42 43 48 49 50 51
22 2 5 6 8 12 13 16 17 18 19 22 23 26 28 29 30 32 34 36 45 52 53
40 1 3 4 5 6 7 9 10 11 14 15 16 17 18 19 20 22 23 26 27 28 29 30 33 34 35 37 39 41 42 44 45 46 47 48 50 52 53 55 56
19 2 6 10 11 15 18 19 28 31 32 33 37 38 41 44 47 48 53 56
31 1 2 5 6 7 8 10 15 17 19 21 22 23 24 25 27 29 35 36 37 41 42 44 47 48 49 50 52 53 54 56
33 4 9 10 11 13 14 15 20 21 22 23 24 25 26 29 30 32 33 34 35 36 38 39 42 45 46 48 49 50 51 53 54 56
26 2 5 7 9 10 12 13 14 15 19 20 24 29 32 33 34 39 42 43 44 45 48 52 54 55 56
39 1 2 4 5 7 8 9 11 13 14 17 21 22 23 24 25 26 28 29 32 33 34 35 36 38 40 41 42 43 44 47 48 50 51 52 53 54 55 56
34 5 6 8 9 10 11 13 14 15 17 18 20 21 22 23 25 27 28 29 30 32 33 34 38 39 40 43 46 48 51 52 53 55 56
38 1 3 4 5 6 11 12 13 16 17 18 21 22 23 24 25 26 27 28 29 32 33 34 35 37 40 42 44 46 47 48 49 50 51 53 54 55 56
34 1 2 3 4 6 7 8 10 11 12 13 14 17 18 20 22 23 24 25 29 30 31 34 35 37 38 40 41 45 46 47 48 50 54
27 2 4 5 6 8 9 10 11 13 15 17 19 20 21 22 25 30 34 36 40 42 44 46 47 51 52 53
23 7 8 11 13 18 19 20 23 26 27 30 33 34 37 39 40 41 45 47 50 52 53 55
35 1 2 5 6 8 9 11 12 13 15 20 21 22 25 27 30 33 34 35 36 37 38 39 40 41 42 44 45 46 48 49 50 52 54 56
42 4 6 7 11 12 13 14 16 17 18 19 20 21 22 23 24 25 26 27 29 30 32 33 34 36 37 38 39 40 41 42 43 44 45 47 48 49 50 51 53 55 56
30 2 3 4 5 7 9 11 12 13 14 15 18 21 24 28 33 35 39 41 42 43 44 45 48 49 50 51 52 53 56
44 1 2 6 7 9 10 12 13 15 16 17 18 19 21 22 23 24 25 26 28 29 30 31 32 33 35 36 37 38 40 41 42 44 45 46 47 48 49 50 51 53 54 55 56
24 1 3 5 6 11 12 15 16 17 18 23 25 28 31 32 33 34 37 38 40 42 51 53 55
21 1 2 3 5 6 9 19 22 23 25 26 30 32 33 38 40 41 42 46 48 56
17 4 5 7 19 20 21 22 26 30 31 33 38 49 52 53 54 55
23 3 4 5 6 8 9 10 11 13 14 19 24 33 34 37 38 39 41 42 43 44 49 53
42 1 5 7 8 9 10 11 13 17 19 20 21 23 24 26 27 28 29 30 31 32 33 34 35 36 37 38 39 40 41 42 43 44 46 48 49 50 51 52 53 55 56
21 1 3 5 6 9 10 11 13 19 20 23 26 29 40 43 45 49 51 52 54 56
22 1 4 11 12 13 14 18 19 21 27 30 34 36 37 43 44 45 47 51 52 53 55
32 1 5 6 7 8 10 11 12 13 14 15 21 23 24 25 26 29 32 33 34 35 37 38 39 40 42 43 44 45 49 55 56
19 5 6 11 13 14 15 16 17 19 29 30 31 40 41 48 49 50 53 56
21 4 5 8 12 14 15 16 17 20 22 30 32 35 44 46 49 51 52 53 54 55
30 2 5 10 14 15 16 17 20 21 22 23 24 25 31 32 33 35 36 37 39 40 41 42 43 44 45 47 50 53 55
38 1 2 4 6 8 9 10 11 14 16 18 19 21 22 23 26 27 28 29 30 31 32 34 35 36 38 40 43 44 47 48 49 51 52 53 54 55 56
22 2 4 5 6 9 13 15 16 17 18 20 25 26 27 30 40 41 42 47 48 49 53
33 3 7 8 9 10 12 14 16 17 22 24 26 29 30 31 33 34 37 38 39 40 41 42 43 46 47 48 49 51 53 54 55 56
18 4 5 10 14 16 23 27 28 30 32 35 39 43 46 47 50 53 56
43 2 3 4 5 6 7 8 9 11 12 13 14 15 17 18 19 20 21 22 23 24 25 26 28 29 30 31 32 33 37 38 39 42 44 45 46 48 49 50 52 53 54 56
31 2 3 4 8 9 11 12 14 15 17 19 22 23 24 25 26 29 30 32 33 36 37 39 43 45 46 47 49 53 54 56
42 2 3 4 5 6 7 9 10 11 12 13 15 16 17 18 19 20 21 22 23 24 25 26 28 29 30 33 34 36 37 39 41 42 44 47 48 49 51 52 53 55 56
34 1 4 6 7 8 10 11 12 13 14 16 18 19 20 21 23 24 26 30 31 33 37 38 40 42 44 46 47 48 50 52 54 55 56
23 57 58 59 60 61 62 63 64 65 66 67 68 69 70 71 72 73 74 75 76 77 78 79
17 58 59 60 62 63 64 65 66 67 68 70 71 72 73 75 76 79
8 58 59 64 67 69 70 74 75
15 57 58 59 62 63 64 66 69 70 74 75 76 77 78 79
14 58 60 63 65 67 69 70 71 73 74 75 77 78 79
12 60 61 63 67 68 71 72 73 75 76 78 79
18 58 59 60 61 63 64 65 66 67 68 69 70 71 73 75 76 78 79
12 57 59 61 62 65 66 68 69 70 73 78 79
17 58 59 60 62 63 64 66 67 69 70 71 72 73 74 75 76 78
7 57 59 62 71 77 78 79
7 62 63 65 71 73 76 79
11 58 59 61 62 64 67 72 74 75 77 78
7 57 59 60 62 63 69 74
6 63 67 71 73 74 75
8 59 63 64 65 70 72 74 76
12 57 58 59 62 63 65 67 68 70 71 75 77
13 57 58 59 61 62 64 65 67 68 71 74 76 77
13 57 59 61 62 63 64 65 66 68 69 70 72 73
17 58 59 60 61 62 64 65 67 69 70 72 73 74 75 77 78 79
13 57 60 62 66 68 70 71 72 73 74 75 76 79
8 61 62 64 66 67 70 74 76
15 57 58 59 60 61 62 63 64 65 66 67 68 71 74 79
18 57 58 59 60 61 62 64 65 66 67 69 70 71 74 75 76 77 79
18 57 58 59 60 61 64 65 66 67 68 70 72 73 74 75 76 77 78
15 57 58 61 63 64 66 67 68 69 71 72 74 75 76 79
13 57 60 62 64 65 66 67 68 70 72 74 77 79
9 58 60 62 68 73 74 75 78 79
15 60 61 62 63 64 66 67 68 69 70 73 74 76 78 79
12 59 60 62 63 64 65 67 69 71 72 77 78
8 58 59 60 63 67 68 73 77
12 57 58 59 60 61 62 63 66 71 73 75 76
7 63 65 67 72 73 76 79
17 57 58 60 61 62 63 64 65 66 68 69 71 74 75 76 77 78
10 63 64 65 67 68 69 70 71 74 78
18 57 58 59 60 61 62 63 64 66 67 68 69 70 72 73 74 76 78
17 58 59 60 61 62 65 67 68 69 70 71 74 75 76 77 78 79
17 57 58 60 61 62 63 65 67 68 72 73 74 75 76 77 78 79
11 57 60 61 62 63 67 68 70 71 72 76
15 58 59 62 65 66 67 69 71 72 73 74 76 77 78 79
11 57 58 60 61 62 64 68 70 72 76 78
16 58 59 60 62 63 65 68 70 71 72 73 74 75 76 77 79
17 58 60 61 62 64 67 68 69 70 71 73 74 75 76 77 78 79
8 58 60 61 63 65 66 68 78
12 58 61 62 63 65 66 68 69 71 73 77 78
10 58 61 67 68 69 70 72 74 77 78
13 57 59 60 63 65 67 68 69 72 73 74 75 77
13 57 58 59 61 64 67 70 71 72 74 75 76 78
11 60 64 66 69 70 73 74 76 77 78 79
15 58 59 60 61 63 64 65 66 70 73 74 75 76 77 79
10 58 59 65 67 68 72 75 77 78 79
16 59 60 61 62 65 66 68 69 70 71 72 74 75 76 78 79
11 57 58 64 65 68 70 71 72 75 76 79
15 57 59 60 61 62 63 64 66 69 70 71 72 73 74 75
16 57 58 59 60 61 62 63 66 67 69 70 72 75 77 78 79
9 62 63 67 69 70 71 72 74 76
16 57 58 59 60 61 62 63 64 66 67 69 70 72 74 78 79
14 59 60 63 64 65 67 68 71 72 74 76 77 78 79
7 58 59 62 64 65 72 73
10 57 59 61 66 68 71 73 74 75 79
7 57 59 60 66 67 69 78
15 57 59 60 61 62 65 66 70 71 73 75 76 77 78 79
17 59 60 61 62 64 65 66 67 68 69 70 71 72 73 76 77 78
13 58 62 66 67 68 69 71 73 75 76 77 78 79
8 57 59 60 61 63 66 68 71
8 62 65 68 69 70 72 75 78
13 57 58 59 61 63 65 66 67 73 74 76 77 78
12 58 60 61 67 68 69 70 73 74 77 78 79
8 58 61 62 64 65 68 73 78
10 57 58 64 69 71 72 74 75 76 78
13 57 58 59 60 61 62 63 64 67 68 70 77 79
13 59 60 61 64 66 67 69 71 73 74 75 76 77
13 57 58 61 64 65 66 67 71 74 75 76 78 79
13 58 59 61 63 64 65 67 68 69 70 73 74 78
15 59 60 61 63 64 66 67 70 71 72 74 75 76 77 79
17 58 60 61 62 63 65 66 67 68 69 71 72 73 74 75 76 79
8 59 65 67 72 74 75 76 79
17 57 59 60 61 63 64 65 66 67 68 69 71 73 74 75 77 78
9 58 63 66 67 70 71 72 73 74
11 59 60 62 64 66 67 69 70 73 74 76
9 58 61 63 65 68 70 71 73 76
12 60 61 62 64 67 69 70 71 73 75 76 77
13 58 59 60 61 62 64 65 67 68 70 71 74 78
16 57 58 59 60 63 64 66 67 69 70 71 72 73 75 76 77
10 58 64 65 66 68 69 73 74 78 79
7 67 68 69 71 72 73 79
14 58 60 61 63 65 66 67 68 73 74 75 77 78 79
14 57 58 59 60 63 64 66 67 69 71 72 73 74 75
10 57 59 65 66 67 72 73 75 78 79
14 57 58 60 64 65 66 68 70 71 74 75 76 77 79
12 58 61 62 64 67 69 70 71 72 74 76 77
18 57 59 60 62 63 64 65 66 67 68 69 70 72 73 75 77 78 79
10 58 60 65 66 67 68 71 76 77 78
10 59 60 62 64 65 69 72 73 75 76
7 57 58 65 66 67 71 77
9 57 61 62 63 66 68 73 74 78
7 58 60 67 68 72 73 76
7 58 67 70 71 72 78 79
15 57 59 60 61 62 64 65 67 68 69 70 75 76 78 79
57 80 81 82 83 84 85 86 87 88 89 90 91 92 93 94 95 96 97 98 99 100 101 102 103 104 105 106 107 108 109 110 111 112 113 114 115 116 117 118 119 120 121 122 123 124 125 126 127 128 129 130 131 132 133 134 135 136
44 80 81 82 83 84 86 88 89 90 91 92 93 94 95 96 98 99 100 101 102 103 105 106 107 109 110 111 113 114 116 117 118 120 121 122 123 128 129 130 132 133 134 135 136
34 80 81 82 85 86 87 88 89 90 91 93 95 96 97 103 105 106 107 108 110 111 112 114 115 116 118 122 123 126 127 128 130 133 135
43 80 81 82 84 85 87 88 89 90 91 93 94 96 97 98 99 100 101 102 103 105 106 108 109 111 112 113 114 115 118 120 123 124 125 126 127 129 131 132 133 134 135 136
36 80 81 82 83 84 86 87 89 90 93 94 96 99 100 101 102 105 106 107 108 110 113 114 116 117 118 119 120 125 126 128 129 131 132 134 136
22 80 81 88 94 96 97 99 101 102 104 105 106 107 109 113 114 115 117 118 119 121 122
23 82 84 85 87 90 94 99 100 103 104 107 108 110 113 114 115 118 120 121 126 127 132 136
27 80 81 83 85 86 89 92 93 94 99 102 103 104 106 110 111 112 113 115 119 120 125 127 128 134 135 136
42 80 82 83 84 85 86 88 89 91 92 93 94 95 96 97 98 100 101 103 104 105 107 108 110 112 113 114 115 116 117 118 121 123 124 125 126 129 131 132 133 135 136
33 80 81 85 87 88 95 96 97 98 99 102 103 104 105 106 108 110 111 112 114 115 116 117 120 121 122 123 125 126 128 129 131 135
31 80 81 83 86 87 91 92 93 94 95 98 99 100 101 104 108 109 110 112 113 114 115 118 123 126 129 130 131 132 133 134
27 80 82 85 86 89 93 94 95 96 101 102 105 106 108 110 117 119 121 122 124 125 126 127 129 130 132 133
18 80 82 83 85 89 95 102 103 104 106 108 111 112 113 116 123 130 134
36 80 81 82 83 84 87 88 92 93 95 96 97 98 99 100 102 103 104 105 106 109 110 111 112 113 115 119 121 123 125 127 129 130 131 133 135
39 80 82 83 84 85 86 87 88 89 91 92 93 94 95 96 97 98 99 100 104 105 106 107 108 112 114 116 119 120 122 123 124 125 126 129 130 132 133 134
19 85 87 96 97 98 99 103 105 106 108 110 113 114 116 125 127 130 131 132
30 81 82 86 87 90 94 95 99 101 102 104 105 108 109 112 113 115 117 119 120 122 123 124 125 127 128 130 132 135 136
44 80 81 82 83 84 87 88 90 92 93 94 95 97 98 99 100 101 103 104 105 106 108 109 110 111 112 114 115 116 117 119 121 122 123 124 125 126 127 128 129 130 134 135 136
28 82 83 84 85 86 88 90 92 94 95 96 101 105 107 108 111 113 116 117 119 120 121 122 123 124 125 128 131
29 81 86 88 89 90 92 95 96 97 101 102 103 104 107 108 112 115 118 119 122 123 126 128 131 132 133 134 135 136
26 80 81 84 87 90 91 96 99 102 103 105 107 109 111 118 119 121 124 125 127 128 131 132 133 134 136
31 81 82 83 84 87 88 89 91 93 94 95 96 100 101 103 105 107 108 112 113 118 119 120 121 123 126 127 130 131 132 133
44 80 81 82 85 86 87 88 89 90 92 93 94 95 97 98 100 101 102 103 104 105 106 107 109 110 111 112 113 114 116 117 118 120 121 123 124 125 126 129 131 132 133 134 136
22 86 88 91 93 97 98 101 104 108 111 113 114 115 119 120 122 127 129 131 132 134 135
29 82 84 89 91 92 97 99 100 102 104 105 107 110 112 113 114 117 120 121 122 123 124 126 127 129 130 131 132 136
42 80 81 82 83 85 86 87 88 90 91 92 94 98 103 104 105 106 107 108 109 111 112 113 114 115 117 118 119 120 121 122 123 125 127 128 129 130 131 132 133 134 135
42 83 85 86 87 88 90 91 92 94 95 96 97 98 99 100 103 104 105 108 109 110 111 113 114 115 116 117 118 119 120 121 122 123 124 125 126 128 129 132 133 134 135
26 80 81 82 85 87 88 90 94 101 102 104 111 119 121 122 123 124 126 127 129 130 131 132 133 135 136
17 83 84 88 92 98 102 110 113 114 115 122 123 124 125 130 133 134
41 80 81 83 85 86 87 88 91 92 93 95 97 98 101 102 105 106 107 108 109 110 111 112 113 114 116 117 118 120 121 122 123 124 125 126 128 129 131 132 135 136
23 81 83 88 89 93 96 97 101 102 103 105 114 115 119 122 125 126 128 129 132 133 134 136
44 81 82 83 84 85 86 88 90 91 93 94 95 96 97 98 99 100 101 102 103 104 105 109 110 111 112 114 115 116 117 118 119 120 122 123 124 125 126 127 128 130 131 132 134
37 80 82 85 86 88 90 91 92 93 97 99 100 101 102 103 104 105 108 109 110 111 112 113 116 117 118 119 123 124 126 129 130 131 132 133 135 136
19 82 87 94 95 98 102 108 109 117 118 121 124 125 127 130 131 133 135 136
29 81 83 85 87 91 95 97 98 99 101 104 105 108 110 112 113 114 115 116 121 122 123 124 126 127 128 132 133 136
35 80 81 82 83 84 86 87 88 91 93 95 96 97 99 100 101 105 106 107 108 110 111 112 114 116 118 122 126 128 129 130 131 132 135 136
20 80 82 86 87 90 91 95 98 107 108 110 112 113 116 118 120 122 130 134 135
29 80 81 84 85 91 92 99 102 104 105 106 108 111 112 113 117 120 121 122 125 128 129 130 131 132 133 134 135 136
40 81 82 83 84 85 86 87 88 89 90 92 93 95 96 98 99 101 102 104 106 107 108 110 112 113 115 117 118 119 121 122 123 124 125 126 127 130 132 134 135
39 81 82 84 85 87 89 90 91 94 96 98 99 100 101 103 104 105 106 107 108 109 110 111 112 113 115 116 117 122 123 125 126 127 128 129 131 134 135 136
29 80 84 87 89 90 92 93 95 96 97 98 101 102 105 106 107 109 111 112 113 114 117 118 119 120 128 130 134 136
18 88 90 93 95 103 104 105 106 107 109 113 115 120 122 129 130 131 136
30 80 81 83 85 90 92 94 96 97 98 101 103 104 105 107 108 110 111 114 115 121 123 124 127 128 130 131 132 133 134
34 80 82 83 84 86 90 91 93 97 98 99 100 101 103 104 105 108 109 110 112 114 117 120 121 122 123 124 125 126 128 130 134 135 136
24 82 84 85 87 89 91 93 96 98 104 106 108 111 112 113 114 119 120 122 126 130 131 133 136
40 81 83 84 85 86 87 88 89 92 94 95 97 99 100 102 103 104 105 106 108 110 111 113 114 115 116 117 118 120 121 122 125 128 129 130 131 133 134 135 136
40 80 82 83 84 85 86 87 88 89 91 93 98 100 101 102 103 104 105 106 107 108 109 113 115 116 118 119 120 121 122 123 124 126 127 128 129 130 131 132 134
37 80 81 82 83 84 85 90 91 92 94 97 99 101 104 105 106 108 109 111 112 113 114 116 117 118 119 120 121 122 123 124 125 126 128 131 132 134
33 80 81 88 90 92 95 96 98 100 101 103 105 106 107 108 109 110 113 119 120 121 122 123 124 127 128 129 130 131 132 133 134 136
21 80 85 90 92 93 96 103 105 106 108 109 111 114 118 119 120 122 129 131 132 133
21 82 83 89 94 95 96 100 102 104 109 112 115 116 118 121 122 123 126 127 133 136
19 81 82 83 85 87 94 96 99 102 103 104 105 110 111 112 115 125 128 130
36 81 84 86 87 88 90 92 93 94 95 99 101 102 103 104 106 108 110 112 113 114 115 117 118 121 122 123 124 125 126 128 129 132 133 135 136
30 80 81 84 85 86 89 92 94 96 97 98 99 100 102 105 108 112 115 119 120 121 122 123 124 125 126 129 132 133 136
18 81 83 84 85 87 88 94 96 98 109 112 120 124 125 130 131 134 135
43 80 81 82 83 84 85 86 87 88 89 90 91 93 95 96 97 99 101 102 103 107 109 110 111 112 113 114 115 118 120 121 122 124 125 126 127 128 130 131 132 134 135 136
39 80 82 83 85 86 88 90 92 93 94 96 97 98 100 101 102 103 104 105 107 108 109 111 113 114 116 117 118 119 120 121 122 124 125 129 131 133 134 135
31 84 85 88 91 92 94 96 98 99 100 102 105 108 109 110 112 113 117 118 120 121 122 124 125 127 128 130 131 132 135 136
35 82 83 84 85 87 88 89 91 92 93 94 95 97 98 100 101 103 104 107 108 110 111 112 113 114 116 117 118 121 122 123 130 131 132 134
31 80 81 83 87 89 91 92 93 94 96 98 99 100 101 103 106 107 110 111 115 116 118 119 120 122 123 124 127 128 129 136
43 81 82 83 85 86 87 88 91 92 93 95 96 97 98 99 100 101 102 104 105 106 107 108 109 111 112 113 114 116 119 120 122 123 124 125 126 127 129 130 131 132 135 136
21 85 86 87 91 94 95 98 103 108 109 113 119 120 122 127 129 130 131 132 133 136
25 81 82 83 85 86 87 89 91 95 96 98 99 101 102 103 105 106 109 112 118 124 128 131 135 136
31 81 82 85 88 89 90 93 94 95 96 97 98 101 103 105 106 109 113 116 117 119 120 121 123 124 125 129 130 132 133 135
18 88 97 99 101 102 105 111 112 116 117 119 126 127 128 130 134 135 136
40 80 81 82 83 85 87 88 89 91 92 93 94 96 98 102 103 106 108 110 112 113 114 115 116 117 118 119 120 123 125 126 127 128 129 130 131 132 133 134 136
35 82 84 85 87 89 91 92 94 95 96 98 99 100 102 103 104 105 107 109 111 112 113 115 117 118 119 124 126 127 128 130 132 133 134 136
28 81 84 85 89 91 94 95 98 99 103 104 105 106 114 116 121 122 123 124 125 126 128 129 130 131 132 133 135
34 82 83 85 87 90 91 92 93 94 95 98 100 101 105 111 112 113 114 115 116 117 118 119 122 123 124 127 128 129 130 131 132 134 135
26 82 83 84 86 87 88 89 90 91 94 98 103 106 107 116 117 119 121 122 124 126 128 129 131 132 135
40 80 81 82 83 84 85 86 87 88 89 90 91 92 93 94 96 98 99 100 101 102 103 104 109 110 111 112 113 114 115 116 118 122 125 127 130 132 133 134 136
26 81 82 83 84 85 86 87 94 95 97 99 101 104 105 109 111 114 116 117 122 124 128 131 132 133 135
36 80 81 82 83 84 85 87 88 89 90 93 96 97 100 102 105 107 108 109 110 111 113 115 116 117 121 122 123 124 125 129 130 132 133 135 136
27 81 86 90 92 93 96 98 99 104 106 107 109 111 112 115 116 117 120 121 122 123 124 125 126 127 130 133
67 137 138 139 140 141 142 143 144 145 146 147 148 149 150 151 152 153 154 155 156 157 158 159 160 161 162 163 164 165 166 167 168 169 170 171 172 173 174 175 176 177 178 179 180 181 182 183 184 185 186 187 188 189 190 191 192 193 194 195 196 197 198 199 200 201 202 203
25 138 139 143 144 150 151 157 158 162 163 167 169 170 174 175 179 180 182 184 185 186 189 192 197 199
45 137 138 140 141 142 143 144 145 148 149 151 153 155 156 157 158 160 161 163 164 165 167 169 170 171 174 175 176 177 178 179 183 187 188 190 192 193 194 195 196 197 198 199 201 203
32 138 139 140 141 142 144 148 149 151 152 155 157 158 160 161 165 169 170 171 172 177 179 180 181 182 183 184 186 187 188 197 200
24 137 145 146 148 156 158 160 161 164 165 170 177 180 181 183 184 185 187 191 194 196 198 200 201
42 137 138 139 140 141 142 143 145 146 148 150 152 153 154 157 161 162 163 164 165 166 168 169 170 171 173 174 175 176 178 179 181 188 190 191 192 194 195 199 200 201 202
35 138 143 144 146 147 148 150 152 153 154 155 157 159 160 161 164 167 169 170 171 175 176 178 179 180 181 183 189 190 192 197 198 199 200 201
27 137 138 141 145 146 150 152 154 155 160 164 165 167 170 173 177 178 179 181 183 185 186 189 193 195 197 199
37 137 140 142 143 144 148 149 152 153 154 158 159 160 161 162 164 165 169 170 173 176 177 178 179 181 182 184 187 189 190 191 192 194 195 198 201 202
42 137 138 139 141 143 146 151 152 154 156 157 158 159 161 162 163 164 165 167 168 170 171 172 173 174 176 177 179 181 183 185 187 188 189 191 192 194 195 198 199 201 203
32 138 139 140 144 145 148 152 153 154 156 158 164 165 166 168 170 172 177 178 179 181 182 183 184 189 190 192 193 194 196 201 202
49 138 139 140 141 142 143 144 147 149 150 151 153 154 156 157 160 161 162 164 165 167 169 170 171 172 173 174 175 176 177 179 180 181 182 187 189 190 191 192 193 194 195 196 197 198 199 200 201 202
37 137 140 141 144 145 146 147 150 151 155 158 159 160 163 168 169 172 173 174 176 179 181 182 183 187 188 190 191 192 193 194 195 197 198 199 201 202
39 138 140 142 143 144 145 146 147 148 149 151 152 155 158 159 162 163 166 167 168 169 170 172 174 178 179 180 182 183 185 189 190 191 195 196 199 200 202 203
45 138 139 142 143 144 145 147 149 150 151 152 155 156 157 158 160 161 162 163 164 165 166 168 169 171 172 173 175 176 179 182 183 184 185 186 188 192 194 196 197 198 199 200 201 203
53 138 139 140 141 143 144 145 146 147 148 150 151 152 153 154 156 158 159 160 162 163 164 165 166 167 169 170 171 173 174 175 176 177 178 179 180 181 183 184 188 189 190 191 192 193 196 197 198 199 200 201 202 203
39 137 141 142 143 145 148 149 150 152 154 156 158 160 163 165 167 168 169 170 171 174 175 176 177 182 184 185 186 188 189 190 191 192 193 194 198 201 202 203
31 139 140 141 143 146 147 150 153 155 157 158 159 160 161 162 163 164 165 168 169 170 174 176 177 180 184 185 191 193 194 203
37 137 138 141 142 144 145 147 149 150 151 152 153 156 157 158 161 162 164 166 168 169 170 172 173 174 179 183 187 189 190 193 194 195 196 198 200 201
31 137 142 146 147 148 149 153 155 156 157 160 161 162 166 173 174 175 176 179 181 184 186 188 189 190 197 198 199 200 202 203
40 137 141 143 146 147 148 149 151 152 153 156 157 158 159 163 164 166 169 172 173 174 175 176 178 182 184 185 186 187 188 190 191 194 195 196 198 199 200 202 203
31 137 138 139 141 143 144 150 153 154 156 158 160 164 165 167 169 171 174 175 176 180 181 183 184 187 190 192 195 196 202 203
35 137 144 145 146 147 153 154 156 157 158 160 162 163 165 166 167 168 171 172 173 174 179 180 181 182 183 185 186 188 189 190 192 193 194 195
32 140 141 146 148 149 155 156 157 158 159 163 164 165 166 168 169 177 179 180 182 185 186 189 192 194 195 196 197 198 199 202 203
30 137 141 143 150 153 155 156 158 159 167 168 169 172 173 175 176 177 180 181 182 183 184 187 189 194 195 197 198 201 203
46 137 138 140 141 145 147 148 151 152 153 154 155 156 161 162 164 165 166 168 169 170 171 172 173 174 175 177 178 179 181 182 183 184 187 188 189 190 191 193 194 196 197 200 201 202 203
30 138 143 146 149 152 153 155 156 157 160 163 165 167 171 172 173 174 177 179 181 183 184 185 186 192 194 195 196 197 200
45 137 139 141 143 146 147 148 149 150 151 152 153 154 155 156 157 158 159 161 162 163 165 166 167 169 172 177 178 181 185 186 187 188 190 192 193 194 195 196 197 198 200 201 202 203
41 137 138 140 141 143 144 145 146 147 150 151 152 153 155 157 159 160 161 163 166 167 168 169 170 171 174 176 177 178 183 185 187 188 191 194 197 198 199 201 202 203
41 137 138 140 142 143 145 149 150 152 153 155 157 158 159 161 162 163 166 167 168 169 171 172 173 174 175 176 179 180 181 182 183 184 185 186 188 190 191 194 196 201
33 138 140 142 144 147 149 152 154 156 158 160 163 164 165 169 170 171 172 174 176 178 180 183 185 187 189 191 192 193 198 199 201 203
28 138 139 141 142 143 147 150 151 152 153 159 160 162 163 164 167 168 169 170 171 177 183 186 195 197 199 200 201
37 138 140 141 144 147 148 150 154 156 157 158 159 162 164 165 166 167 168 169 171 172 173 174 178 180 181 183 184 187 189 192 193 194 195 197 199 200
34 140 143 146 147 148 150 151 153 157 158 159 161 162 163 164 166 167 170 172 176 178 180 181 183 185 190 191 192 193 195 196 197 199 200
25 139 142 147 149 150 151 152 157 159 162 165 169 170 171 173 174 177 182 186 187 191 193 195 197 200
25 143 146 149 150 158 166 168 170 171 173 175 176 180 181 183 184 185 186 188 189 190 191 194 200 202
38 137 140 141 144 148 149 150 151 152 155 156 157 158 159 160 161 164 165 166 168 170 173 174 179 180 182 184 187 188 190 191 193 196 198 199 200 202 203
32 137 139 141 142 145 146 147 152 153 156 157 158 159 161 162 163 164 167 169 172 175 176 178 180 181 182 183 184 185 189 194 200
44 137 138 141 142 143 144 145 148 149 150 151 152 153 155 157 158 161 162 163 164 165 166 167 168 169 171 172 173 174 177 178 179 181 182 185 188 190 191 193 194 195 198 201 203
47 138 139 141 143 144 146 147 149 151 152 153 154 155 158 159 161 162 163 165 167 168 170 172 174 175 176 177 178 180 182 183 184 185 187 188 190 191 192 194 195 196 197 198 199 201 202 203
22 138 147 155 159 163 164 166 169 170 171 176 178 180 182 184 185 186 194 195 197 199 203
25 137 140 149 150 151 152 154 162 163 164 166 168 175 176 179 180 181 183 185 186 191 192 196 200 201
35 138 139 140 144 145 147 150 152 156 157 158 161 162 164 165 167 168 169 170 171 173 175 177 178 180 182 183 184 186 189 190 193 198 201 203
45 137 138 139 140 141 142 143 148 149 151 152 154 155 156 157 158 160 161 162 163 164 165 166 168 171 172 174 175 179 182 183 184 185 187 188 189 192 193 194 196 198 200 201 202 203
40 137 139 140 142 144 145 147 148 150 151 152 153 157 158 159 160 164 165 166 169 170 171 172 173 174 178 179 180 183 184 185 189 190 192 195 198 199 200 201 202
48 137 140 143 144 145 146 147 148 149 150 151 152 153 154 155 156 159 160 162 163 164 165 166 167 169 171 172 173 175 178 179 180 181 182 184 186 187 188 190 191 193 195 196 197 198 201 202 203
47 137 139 140 141 142 143 145 148 150 151 152 154 155 159 160 161 162 163 164 165 166 170 171 173 174 177 180 181 183 184 185 186 187 190 191 192 193 194 195 196 197 198 199 200 201 202 203
38 139 140 141 143 144 145 146 147 148 150 152 153 155 156 159 164 166 168 169 171 172 173 174 178 179 183 186 187 189 191 192 193 196 197 198 199 202 203
34 137 138 141 142 146 148 149 150 151 152 154 155 158 159 160 161 163 165 168 173 174 179 180 181 182 183 184 185 186 187 195 198 199 203
45 137 138 139 140 141 143 144 147 148 149 150 151 153 154 156 157 159 161 162 164 167 170 172 174 175 176 179 180 181 182 183 184 185 188 191 194 195 196 197 198 199 200 201 202 203
36 137 138 142 144 146 147 148 149 150 151 153 156 161 162 163 166 168 169 172 173 176 177 180 181 184 185 186 188 193 194 195 197 199 201 202 203
28 138 139 141 145 149 150 151 153 154 156 158 161 162 163 164 165 169 171 176 179 180 182 184 190 193 197 200 202
30 137 138 141 143 145 148 153 154 159 160 161 164 166 169 170 171 175 179 181 182 183 184 185 187 189 191 193 194 200 203
49 137 138 139 140 141 142 143 145 146 147 149 150 152 153 154 155 156 158 159 162 163 164 165 166 169 171 172 173 174 175 176 177 179 180 181 182 183 185 187 188 189 193 194 195 197 200 201 202 203
42 137 139 140 141 142 143 144 145 146 147 149 150 152 155 158 160 162 163 165 166 167 171 172 173 174 176 177 180 182 183 186 187 188 189 191 192 193 194 195 198 199 201
26 138 139 140 142 150 154 155 157 159 169 170 171 172 173 176 177 182 184 185 186 187 188 191 196 198 199
45 137 138 139 140 142 144 145 146 147 148 150 152 153 154 156 157 158 159 160 163 165 166 167 168 169 170 174 175 176 180 183 184 186 189 190 191 192 193 194 195 198 200 201 202 203
49 137 139 141 142 143 144 145 146 147 148 149 152 153 156 157 158 159 160 161 163 164 165 170 171 172 173 174 178 179 180 181 182 183 185 186 188 189 190 191 192 193 194 196 197 199 200 201 202 203
34 137 140 142 143 144 145 146 148 149 150 151 154 156 157 159 161 165 170 171 172 173 177 178 179 180 181 183 184 185 186 190 195 201 203
48 137 138 139 142 143 144 145 148 149 150 151 152 154 157 158 159 164 165 166 167 169 170 171 172 173 174 175 176 177 179 180 181 182 185 187 188 189 190 191 193 194 195 196 197 199 200 202 203
40 140 141 142 143 144 146 147 149 150 151 152 153 154 155 156 157 160 162 164 165 166 169 170 174 176 177 179 181 184 186 187 189 192 195 197 199 200 201 202 203
42 137 138 140 141 142 145 147 149 151 152 153 154 156 158 159 160 162 163 164 166 167 168 169 170 171 172 177 179 182 185 188 190 192 193 194 196 197 198 199 200 202 203
30 137 138 139 140 144 149 151 153 159 161 163 165 166 167 168 174 179 181 183 184 185 186 189 193 194 195 196 200 201 202
43 137 138 139 141 142 143 145 146 147 148 149 151 152 153 154 155 156 158 159 162 163 164 167 168 170 171 172 173 177 182 183 186 187 188 189 191 192 194 195 197 199 201 203
24 137 140 141 147 150 151 153 155 157 159 161 162 165 168 170 174 175 182 186 196 197 198 201 202
28 139 142 144 147 149 151 154 156 157 158 160 161 168 169 171 174 175 176 177 178 179 186 187 191 194 196 198 201
49 137 138 139 140 141 142 144 145 146 148 150 151 152 153 154 156 158 159 160 161 162 164 165 166 167 168 171 172 174 175 176 177 178 180 181 182 183 184 186 188 190 191 195 196 199 200 201 202 203
42 137 138 140 141 143 145 146 147 148 149 150 151 152 153 154 158 160 162 163 164 165 166 169 172 173 174 175 176 177 178 179 181 183 184 186 188 191 192 194 197 199 201
39 138 140 141 142 143 144 145 146 149 150 152 156 158 159 161 162 163 164 171 173 176 177 179 180 181 184 185 186 187 189 190 191 193 195 198 199 200 201 202
36 137 138 140 142 143 145 146 147 150 151 152 153 156 158 160 162 163 168 169 172 175 178 180 181 182 186 188 189 190 191 193 194 195 196 200 202
52 137 138 139 140 142 143 144 145 146 148 149 151 152 153 154 155 157 158 159 160 161 163 164 165 167 168 170 171 172 173 174 175 176 177 178 180 181 182 183 185 187 189 190 192 193 194 195 198 199 200 201 202
53 137 138 140 141 143 144 145 147 148 149 150 152 153 154 155 156 157 158 160 161 164 165 166 167 170 171 172 173 174 175 178 179 180 181 182 183 184 185 186 187 189 190 191 192 193 194 197 198 199 200 201 202 203
46 137 138 139 140 141 142 144 148 150 151 152 153 155 157 159 160 161 162 163 165 166 167 170 171 172 173 175 176 178 179 181 183 184 185 190 191 192 193 195 196 198 199 200 201 202 203
24 137 139 140 149 150 151 152 153 154 157 168 169 170 172 176 177 178 185 186 189 196 198 201 202
20 138 140 141 150 156 163 168 169 170 172 173 176 177 184 186 189 194 195 200 202
31 141 146 150 151 153 156 157 159 160 161 165 166 167 168 169 171 173 174 176 177 180 183 184 188 189 191 192 195 199 202 203
35 139 141 143 144 147 148 149 152 153 154 156 158 159 160 163 165 166 167 168 172 175 176 177 180 183 185 186 187 192 195 196 197 200 201 203
50 137 139 140 142 143 145 146 148 149 150 151 152 153 154 155 156 157 158 159 160 161 163 164 165 166 167 168 169 170 172 173 175 177 180 181 182 183 185 186 187 189 190 192 194 195 196 197 199 200 202
21 150 155 158 167 168 169 173 177 181 182 183 184 185 189 193 196 198 199 200 202 203
33 140 141 142 143 145 146 148 149 153 155 156 157 159 161 163 164 165 166 171 173 174 175 179 182 183 190 191 194 195 196 200 201 203
34 143 145 146 147 148 149 151 154 159 161 162 163 164 166 168 171 177 179 180 182 183 184 185 187 188 192 193 194 196 198 200 201 202 203
31 137 140 141 142 143 144 145 147 149 151 153 154 158 161 170 171 172 174 175 176 177 182 183 186 187 190 193 194 195 196 201
32 137 138 139 140 141 142 144 145 146 150 151 152 155 156 157 160 161 163 171 173 176 179 180 184 186 187 188 190 191 197 200 203
34 138 139 141 143 144 148 149 150 154 156 157 158 160 161 162 164 166 167 171 172 173 174 177 178 180 181 183 184 188 191 192 196 198 202
23 137 147 148 150 152 156 161 162 168 171 174 175 176 177 181 182 185 192 193 194 195 199 201
36 137 139 141 142 143 144 145 148 149 151 155 156 159 160 162 166 167 168 171 172 174 177 180 182 184 186 187 190 192 194 196 197 199 200 201 202
38 137 140 143 146 149 150 154 155 156 157 160 163 164 165 166 167 168 170 172 173 174 175 176 177 178 181 182 183 184 185 186 187 190 191 193 196 198 199
11 208 210 212 213 217 226 227 228 230 235 238
1 237
16 205 206 207 210 211 212 215 219 222 224 225 228 229 231 233 238
7 213 218 219 220 225 235 236
14 211 217 218 219 220 221 224 225 226 229 230 231 232 233
12 204 206 210 213 217 223 224 227 228 229 234 235
26 204 207 208 211 212 213 215 216 217 218 219 220 222 223 225 226 227 229 231 232 233 234 235 236 237 238
21 204 205 206 207 208 209 210 212 213 214 215 216 222 223 227 228 234 235 236 237 238
10 207 217 221 222 226 227 231 236 237 238
12 206 207 209 213 214 216 222 224 227 230 237 238
11 207 209 210 214 217 221 229 231 234 237 238
6 216 227 229 230 234 237
13 205 213 215 216 220 222 224 226 229 230 231 232 238
9 205 206 209 210 214 221 224 228 230
8 208 209 210 216 219 225 228 235
8 209 214 219 226 229 233 234 238
14 204 205 206 207 209 212 213 220 230 231 232 233 235 237
14 204 206 207 208 210 212 215 217 218 220 231 233 234 236
3 213 218 226
8 205 210 211 213 214 215 217 221
10 204 205 207 210 218 223 224 229 233 236
11 205 212 216 219 220 226 227 229 230 234 237
10 204 208 210 219 220 223 225 232 235 236
10 204 206 208 212 213 225 226 228 235 238
21 204 205 206 208 211 212 215 216 219 220 222 223 224 225 227 228 230 232 233 235 236
12 206 207 208 209 211 214 219 223 225 227 234 235
7 204 206 209 215 223 225 238
13 205 211 212 215 217 218 221 226 228 229 231 233 234
11 206 208 212 217 218 226 228 230 233 234 238
10 208 209 212 213 214 215 216 221 226 235
18 204 205 207 210 211 213 215 216 218 220 221 222 223 225 226 231 233 238
11 211 213 214 216 218 221 231 232 233 236 238
10 205 209 217 220 223 227 229 230 231 234
9 208 213 218 221 228 231 232 233 236
17 205 207 210 211 212 214 216 219 220 221 222 224 226 229 230 235 238
13 205 207 209 211 212 218 219 222 225 230 232 233 237
17 206 208 209 212 214 217 219 224 227 228 229 230 232 234 235 236 237
17 204 205 206 211 212 213 214 215 218 220 223 224 229 230 232 233 234
11 214 216 217 222 223 225 226 228 229 234 236
24 204 205 207 209 210 211 213 214 215 216 219 220 221 222 223 224 225 227 229 231 232 235 236 237
16 206 207 208 213 215 217 218 219 220 221 223 228 232 234 236 237
9 204 205 206 215 221 222 224 231 232
19 204 206 207 208 213 214 219 221 222 223 224 226 227 229 230 231 234 235 236
7 206 207 210 212 213 224 236
11 204 206 212 216 218 223 227 234 235 236 237
28 204 205 208 209 211 214 215 216 217 218 219 220 221 222 223 225 226 227 228 229 230 231 232 233 234 235 237 238
15 206 211 217 219 220 222 225 227 228 230 231 232 234 237 238
5 210 213 225 227 236
5 205 208 211 222 230
17 204 206 207 212 215 216 217 218 220 221 223 224 228 231 232 235 237
15 207 209 211 214 216 218 219 220 223 225 229 233 234 236 237
18 204 206 208 209 213 215 217 218 223 225 227 228 231 232 233 234 236 237
15 207 210 211 214 215 216 218 219 221 222 224 232 233 236 237
12 204 207 210 215 217 220 222 223 224 225 228 230
10 208 214 215 216 220 221 226 231 236 238
16 207 208 209 219 220 222 224 225 226 228 229 230 231 232 233 238
34 204 205 206 207 208 209 210 211 212 213 214 215 216 217 218 219 220 221 222 223 224 225 226 227 228 229 230 231 232 233 234 235 236 238
7 211 216 224 227 229 230 235
5 210 212 214 222 231
8 207 210 211 214 217 222 224 235
10 204 210 212 217 218 221 228 233 236 237
8 205 209 213 223 224 225 227 230
7 205 208 219 227 234 235 237
5 206 209 212 226 229
7 214 216 221 226 228 232 238
12 206 208 209 210 212 214 215 221 231 232 233 238
7 210 211 215 218 219 227 238
6 211 219 222 229 235 237
16 205 209 210 211 212 215 216 217 218 220 225 228 232 233 237 238
10 204 205 207 211 217 222 223 224 226 228
11 209 213 214 216 220 223 226 230 234 235 236
7 204 205 209 225 226 233 238
8 204 208 217 218 221 227 232 237
3 208 221 224
6 204 215 217 220 225 228
11 206 215 216 220 223 224 228 231 232 235 237
7 210 212 217 218 221 228 236
10 206 211 213 214 218 220 223 224 229 234
13 206 209 212 214 217 224 228 229 230 232 234 236 237
4 227 229 234 237
5 210 211 215 218 219
5 207 217 222 226 231
10 205 213 215 216 222 226 230 231 232 238
15 204 206 208 212 215 219 222 223 224 225 227 230 232 233 235
8 205 215 217 218 226 228 231 233
14 204 205 211 212 213 215 218 220 223 224 230 232 233 234
9 204 206 208 212 217 231 233 234 236
4 205 208 222 230
11 205 213 215 216 220 222 224 226 230 232 238
12 204 205 207 210 213 215 216 218 222 223 226 231
6 204 208 217 218 232 237
7 206 208 217 218 226 230 233
5 213 219 220 225 236
5 213 218 219 220 235
2 208 221
2 208 221
14 206 207 208 213 215 218 219 220 221 223 228 232 234 236
10 206 207 208 210 212 215 231 233 234 236
14 205 207 210 211 212 216 219 220 221 222 226 229 235 238
10 204 207 210 215 217 220 222 223 228 230
14 207 211 213 215 216 217 219 220 225 227 231 234 236 237
3 209 212 226
8 204 207 208 212 218 233 234 236
5 213 218 219 220 235
8 207 213 214 216 222 227 237 238
8 208 212 213 217 226 227 230 235
7 204 210 212 221 228 236 237
12 204 206 207 208 210 212 217 218 220 231 233 236
15 204 205 210 211 213 215 216 218 220 221 222 223 225 226 238
5 207 210 218 224 236
3 212 222 231
28 204 205 206 207 208 209 210 211 212 214 215 216 217 218 219 222 224 225 226 227 228 229 230 231 232 233 234 235
9 209 213 214 216 223 230 234 235 236
14 204 206 211 212 213 214 215 218 220 223 224 232 233 234
6 204 206 215 221 231 232
11 205 207 209 211 212 218 219 222 225 230 232
6 205 210 211 213 215 221
15 204 205 207 210 211 213 215 216 220 221 222 223 225 231 233
7 207 208 212 217 218 231 234
16 204 205 206 208 210 212 213 215 222 223 227 228 234 236 237 238
9 214 216 217 222 223 225 226 229 236
5 206 215 221 231 232
1 213
11 205 208 211 212 215 219 220 225 227 233 236
1 213
12 210 211 214 215 216 218 219 221 224 233 236 237
8 207 208 210 215 217 218 231 236
5 204 205 209 225 226
7 204 206 218 227 234 235 236
6 208 216 221 226 231 236
13 207 210 211 215 216 218 219 221 222 224 233 236 237
4 218 219 220 236
4 211 219 229 237
15 204 205 207 213 214 215 219 221 222 225 227 229 231 232 236
11 205 210 211 212 219 220 221 224 229 230 235
9 207 209 224 228 229 231 232 233 238
5 215 218 219 227 238
8 210 212 217 218 221 228 233 236
9 205 209 210 211 218 225 232 233 237
4 227 229 230 234
13 207 209 211 214 216 218 219 220 223 225 229 233 234
4 210 218 219 238
3 210 218 227
4 207 217 224 235
5 205 215 222 231 232
17 204 205 209 211 214 215 216 217 218 219 220 221 222 225 228 233 238
6 212 219 220 226 230 234
16 209 211 215 216 217 220 221 227 228 229 230 231 233 235 237 238
13 206 213 215 217 218 225 227 228 231 233 234 236 237
4 210 213 217 221
10 205 211 212 215 221 226 228 229 231 234
14 204 205 206 208 211 219 222 223 224 225 230 233 235 236
3 229 234 237
9 207 208 210 215 218 220 231 233 234
12 205 207 211 213 215 218 222 223 225 231 233 238
13 205 206 210 211 212 219 222 224 225 229 231 233 238
6 204 205 209 225 233 238
9 208 210 212 213 217 227 230 235 238
6 208 226 227 228 230 235
4 204 206 215 225
7 207 210 217 220 223 225 228
5 213 219 220 235 236
5 216 227 229 234 237
5 205 211 213 217 221
8 204 206 212 213 225 226 235 238
8 205 206 207 215 222 224 228 238
9 210 213 218 220 221 223 226 231 238
9 207 208 212 215 217 231 233 234 236
9 204 205 215 222 223 225 226 233 238
20 204 205 207 210 212 213 214 215 216 217 220 223 224 226 229 232 233 234 235 236
3 212 214 222
6 210 219 223 225 232 235
14 205 206 207 210 211 215 222 224 225 228 229 231 233 238
4 205 211 213 215
5 218 219 220 235 236
6 206 207 211 214 223 227
16 205 208 209 210 212 213 214 216 222 223 227 228 234 236 237 238
11 204 208 215 218 225 227 228 231 232 233 234
9 206 207 209 213 216 222 224 227 230
5 209 213 223 224 230
16 205 208 209 214 215 216 217 218 219 221 228 229 233 234 237 238
8 217 218 220 224 226 229 231 232
18 204 206 207 208 209 210 212 214 215 216 222 223 227 234 235 236 237 238
14 205 206 207 210 211 212 219 222 224 225 229 231 233 238
9 206 207 208 209 211 214 219 234 235
6 206 209 215 221 231 233
6 210 214 221 231 232 238
9 208 212 213 217 226 227 228 230 235
6 207 210 220 222 228 230
6 204 205 206 215 222 231
5 205 210 224 228 230
6 214 216 222 228 234 236
3 216 229 234
6 208 213 226 228 235 238
8 211 217 222 225 230 234 237 238
2 208 221
22 204 205 208 211 214 215 216 218 219 220 221 222 223 225 229 230 231 232 233 234 235 237
5 209 210 221 231 237
7 207 217 221 222 236 237 238
11 211 212 214 216 219 220 221 222 224 235 238
9 206 207 209 214 219 223 227 234 235
8 206 208 212 217 226 228 234 238
7 205 216 222 226 231 232 238
5 216 227 229 234 237
14 206 208 209 213 215 217 218 223 225 228 232 233 234 236
13 207 208 209 219 220 222 224 225 226 228 230 232 233
6 207 211 217 222 224 235
3 204 205 233
5 209 216 219 225 228
9 209 213 214 216 223 226 230 234 236
5 204 208 212 213 225
6 204 208 221 227 232 237
22 204 206 208 209 211 212 213 214 216 217 218 219 222 225 226 227 228 231 232 233 234 236
3 205 222 230
3 205 208 211
11 205 207 210 212 214 216 219 222 224 235 238
19 204 205 207 209 211 213 214 215 216 219 222 223 225 227 229 231 232 236 237
5 208 227 234 235 237
5 208 214 220 221 231
6 210 211 214 217 224 235
6 206 208 212 217 226 234
7 204 205 207 222 224 226 228
20 204 205 208 209 211 214 215 216 217 220 221 222 227 229 230 231 233 234 237 238
5 206 210 212 224 236
6 211 212 219 232 233 237
7 206 212 217 226 230 233 238
5 210 211 217 222 235
10 207 210 214 215 216 219 224 232 233 237
9 209 212 217 219 228 229 230 234 237
3 205 211 230
7 204 210 219 220 223 232 235
8 207 210 214 221 229 231 234 237
7 204 207 211 222 224 226 228
7 209 211 218 219 230 232 233
27 204 205 206 207 209 210 211 212 213 214 216 217 218 220 221 222 223 224 226 227 228 229 230 232 234 236 238
8 205 209 217 220 223 227 229 231
21 204 205 208 209 214 215 216 217 218 220 222 223 225 226 227 228 229 231 232 233 234
10 205 213 215 216 220 222 229 230 231 238
4 211 219 222 235
5 211 219 222 235 237
10 209 219 220 222 225 226 229 232 233 238
8 205 215 217 226 228 229 233 234
11 206 208 215 216 219 223 224 227 228 230 233
15 208 209 211 217 218 219 225 226 227 229 233 234 235 237 238
10 206 208 209 210 212 214 221 231 232 233
6 208 210 219 223 232 235
21 204 205 207 209 210 211 213 214 215 216 220 221 222 223 224 225 227 231 232 236 237
3 210 214 222
16 204 206 208 211 212 219 220 222 223 225 227 228 230 232 233 235
7 204 208 217 218 220 231 236
5 211 227 229 230 235
6 211 213 214 221 232 236
4 210 213 214 221
10 206 207 213 215 219 220 221 223 228 234
6 209 217 223 227 230 234
17 204 205 208 211 212 215 216 220 222 223 224 225 228 230 232 235 236
4 211 218 219 238
8 209 213 214 216 220 223 230 236
7 209 217 221 229 231 234 237
15 204 206 207 208 214 219 221 222 223 227 229 230 231 234 236
14 205 211 212 216 219 220 222 223 224 225 228 230 232 236
8 205 206 212 215 219 224 225 229
6 205 206 210 214 221 230
7 212 217 218 226 228 230 234
5 211 222 229 235 237
6 214 217 225 228 234 236
6 207 210 220 222 224 230
8 206 207 209 213 214 224 230 237
7 205 209 210 214 221 224 228
11 208 209 212 219 227 230 232 234 235 236 237
9 206 208 210 215 217 218 220 233 234
14 205 209 210 212 215 217 218 220 225 228 232 233 237 238
20 204 205 207 209 210 211 214 215 216 220 221 222 223 224 225 231 232 235 236 237
12 207 210 211 214 215 216 218 219 222 232 233 236
7 205 210 211 213 215 217 221
11 204 207 215 216 218 220 221 222 225 233 238
4 204 225 233 238
8 207 209 211 212 218 225 232 237
14 204 207 208 210 212 216 218 221 225 226 227 232 234 238
15 205 207 213 215 216 217 219 220 221 224 225 230 231 234 237
13 205 206 211 212 213 214 215 217 221 226 229 233 234
14 204 208 211 212 214 216 218 220 221 222 230 231 232 238
19 204 205 208 210 211 212 214 216 218 224 226 228 229 231 233 234 235 236 238
22 204 205 206 207 208 211 212 213 214 216 217 219 221 222 227 229 230 232 233 235 237 238
22 204 206 207 208 209 210 211 212 213 214 215 216 217 218 223 224 225 227 228 231 233 237
16 204 205 206 210 211 212 213 216 217 223 227 228 229 233 234 236
12 212 214 216 217 218 221 224 225 227 229 230 236
11 204 208 209 213 214 217 226 228 230 234 237
12 211 212 217 221 222 226 227 228 229 233 235 236
24 204 207 208 209 210 211 214 216 217 218 219 220 222 223 224 225 227 228 230 232 234 236 237 238
13 209 210 211 212 214 217 218 224 231 232 233 234 237
17 204 205 206 210 211 218 219 220 222 225 229 230 231 232 235 237 238
13 205 208 214 216 218 226 228 229 230 231 232 234 237
16 205 206 207 211 212 213 214 215 217 220 222 223 224 226 227 232
23 204 206 209 210 211 213 215 218 219 221 224 225 226 227 229 230 231 232 233 234 235 236 237
21 204 210 211 212 213 216 217 219 220 221 225 226 228 230 231 232 233 234 235 236 237
11 204 209 219 222 225 226 230 231 233 234 238
14 204 206 208 213 214 215 216 218 220 223 224 225 227 233
23 204 206 207 209 210 211 212 213 215 216 217 218 219 222 223 224 226 227 229 230 231 234 237
20 204 206 207 212 213 214 217 219 220 221 223 226 228 229 230 231 234 236 237 238
20 206 207 208 209 211 212 213 214 219 222 223 224 227 228 230 233 234 236 237 238
12 204 205 206 207 209 216 224 225 227 229 233 236
16 207 208 209 210 211 213 214 217 221 224 226 228 232 233 234 236
23 205 206 207 208 209 210 211 213 214 216 218 219 221 222 223 224 227 228 229 232 233 237 238
17 204 205 206 207 208 209 213 214 215 218 219 222 225 227 230 231 232
14 205 207 208 209 215 216 217 219 221 228 229 233 234 238
14 204 205 206 208 210 211 213 215 217 220 222 227 228 231
11 208 209 210 212 213 216 220 221 223 234 238
20 206 207 210 212 214 216 217 218 221 222 225 227 228 229 230 231 233 234 236 238
17 204 205 208 210 211 213 215 218 219 221 223 225 228 229 231 232 236
21 205 207 208 210 211 213 214 215 216 220 221 222 224 226 227 230 231 232 233 235 237
22 205 208 209 210 211 212 213 214 216 218 219 220 221 222 223 225 227 231 232 233 236 238
15 204 206 210 214 215 217 219 221 224 228 231 232 234 235 236
12 208 210 216 217 219 226 229 230 233 234 235 237
18 205 206 207 208 210 211 212 213 218 221 222 224 225 227 231 232 233 238
16 205 206 207 209 210 211 212 213 217 223 226 228 229 232 237 238
16 204 208 212 213 214 216 217 221 223 226 227 229 230 233 234 235
16 205 206 207 212 213 214 215 220 222 223 226 230 232 234 235 236
15 204 205 208 213 216 218 219 222 224 225 226 233 235 236 238
13 204 207 210 211 215 220 222 227 229 230 234 235 237
11 204 206 207 212 214 215 221 223 229 230 233
22 205 207 208 209 211 214 215 216 217 218 220 221 222 223 224 226 228 231 235 236 237 238
11 205 210 211 215 216 219 222 228 230 232 233
18 208 210 212 213 215 217 219 220 222 225 228 229 230 231 234 235 236 237
19 204 205 207 208 210 212 213 216 218 220 225 228 229 230 231 233 235 237 238
19 204 205 206 207 208 209 210 212 214 215 219 220 221 223 224 229 233 235 237
12 207 212 213 217 218 219 225 228 232 234 235 237
12 208 209 212 215 217 219 224 225 227 230 231 232
13 204 208 211 215 220 223 229 230 231 232 233 234 237
12 205 210 212 213 219 220 224 228 232 234 235 238
13 204 205 206 209 212 215 217 218 222 229 230 231 236
10 204 206 207 209 215 220 230 235 236 237
11 204 205 208 218 223 224 229 230 231 232 235
10 204 206 214 216 223 224 225 230 235 238
12 205 207 208 211 213 216 219 220 221 224 228 231
14 206 208 214 216 217 218 219 222 226 228 229 230 232 238
20 204 207 209 210 215 216 217 218 219 224 225 226 227 232 233 234 235 236 237 238
22 204 206 207 208 210 211 213 215 216 217 218 221 222 224 226 227 228 229 233 234 235 236
12 206 207 208 210 215 219 221 222 223 226 233 237
22 204 206 207 208 209 210 211 212 213 214 218 219 220 221 222 223 227 228 231 233 237 238
17 206 209 210 211 213 215 216 217 219 220 221 224 225 234 236 237 238
12 214 218 219 220 222 223 225 226 230 232 235 236
24 204 205 207 209 210 211 214 215 216 217 219 220 222 223 225 227 228 229 230 233 234 235 236 237
10 208 213 214 215 216 227 230 234 236 238
19 204 205 206 209 211 212 214 219 221 222 224 225 226 228 230 231 232 233 238
10 208 211 217 221 227 228 230 231 235 238
12 205 206 208 218 221 222 223 224 225 227 228 230
17 204 205 206 208 209 210 211 212 213 215 220 222 223 224 228 233 235
22 204 205 207 208 209 210 211 212 215 216 217 219 220 221 222 224 231 232 233 234 235 238
17 205 206 207 210 211 215 216 219 222 225 226 228 229 232 233 236 237
23 204 205 206 208 209 211 212 216 218 220 221 223 225 226 228 229 230 231 233 235 236 237 238
24 204 205 206 209 210 212 215 216 218 219 221 222 223 224 225 226 227 228 229 232 233 235 236 237
19 205 206 207 209 210 212 215 216 218 220 222 227 229 231 232 233 235 237 238
22 204 205 206 207 208 209 213 214 216 217 218 222 224 225 228 229 231 232 233 234 235 236
11 204 207 211 212 215 219 224 232 233 235 238
21 204 209 212 213 214 216 217 218 219 220 222 223 224 225 227 228 229 230 235 236 237
17 204 205 208 212 213 217 218 220 221 225 226 228 230 231 236 237 238
12 205 210 212 216 219 220 223 225 226 228 230 232
19 207 208 210 212 214 217 219 221 222 223 224 225 229 231 232 234 235 236 238
18 205 209 210 211 215 219 220 224 225 226 227 228 229 230 232 235 237 238
12 204 207 208 209 210 212 216 221 225 226 232 233
13 204 211 212 214 215 219 224 225 226 229 232 233 234
15 204 205 207 208 209 210 212 213 214 219 227 230 233 234 236
21 204 205 206 211 213 218 220 221 222 223 226 227 228 229 230 231 232 233 235 237 238
12 206 207 210 213 216 223 224 227 231 232 235 238
17 205 207 208 209 215 216 218 219 223 225 229 231 233 234 235 237 238
22 206 207 209 211 212 213 214 215 217 218 219 220 222 225 226 232 233 234 235 236 237 238
23 205 206 207 208 209 210 212 214 215 217 218 219 222 223 224 225 226 227 228 229 231 232 233
16 204 207 208 209 211 212 214 215 218 223 224 228 231 233 235 238
10 204 205 210 211 212 218 223 225 236 238
11 206 207 209 215 219 224 226 228 229 233 236
17 204 205 207 209 210 214 216 219 220 224 225 226 227 230 231 232 236
18 204 206 207 209 210 211 213 217 218 219 223 224 226 227 229 232 234 237
16 204 205 206 208 209 210 211 213 215 218 220 221 223 234 236 237
14 205 207 208 209 210 213 215 217 219 224 230 233 234 237
15 204 205 215 216 217 220 222 224 226 230 232 233 235 236 238
14 205 207 209 212 213 215 218 221 223 224 226 227 236 237
20 204 206 207 208 209 210 211 212 213 214 218 219 220 224 226 229 230 232 233 238
14 205 206 208 210 211 213 215 220 225 226 230 232 236 238
13 207 208 211 212 218 222 224 225 227 228 230 231 235
19 206 208 209 210 211 212 213 216 217 220 221 222 227 229 230 232 233 236 238
20 206 207 208 211 213 214 215 216 217 219 220 222 225 226 227 229 232 233 234 237
17 204 206 207 208 212 213 214 216 217 218 219 223 225 230 232 235 237
18 205 207 208 211 212 213 214 216 217 219 220 223 228 230 231 233 235 236
20 204 206 207 212 213 214 215 216 217 218 219 220 222 223 227 228 229 230 231 232
17 204 206 207 209 212 214 218 220 223 224 226 227 228 232 236 237 238
20 207 208 209 210 211 214 215 216 217 219 222 224 225 226 227 230 234 236 237 238
16 204 206 209 213 217 218 219 220 222 224 225 226 230 231 232 238
11 207 210 211 216 218 219 220 221 224 235 237
24 204 207 208 210 211 212 213 214 215 218 219 220 221 222 223 224 225 228 230 231 232 233 234 235
12 205 206 207 213 215 223 224 226 227 229 233 234
20 204 206 207 208 209 210 211 212 213 214 215 217 220 222 229 231 233 235 236 237
17 205 206 207 209 210 212 214 215 219 220 222 223 224 226 227 228 229
21 204 205 206 208 211 212 213 214 215 217 220 221 222 223 224 225 226 233 234 235 237
21 204 206 211 212 216 217 221 223 224 225 226 227 228 231 232 233 234 235 236 237 238
19 204 207 208 210 211 212 213 216 217 218 219 220 222 225 226 227 229 230 233
23 204 205 206 209 210 211 212 213 215 217 218 220 221 222 226 227 229 230 231 232 233 235 238
12 206 215 216 217 218 221 229 230 231 234 235 237
11 204 208 213 215 216 219 225 226 227 234 237
15 205 206 214 215 216 218 220 221 222 223 224 225 234 236 238
14 206 207 208 210 211 213 214 216 219 221 222 226 228 230
20 205 206 207 210 213 214 215 216 217 218 219 220 221 223 224 226 227 228 233 237
18 204 206 207 209 210 217 219 220 222 223 224 225 226 227 228 229 233 235
15 204 205 206 207 208 213 214 219 222 223 224 228 229 236 237
19 204 205 206 207 210 213 216 217 219 220 221 225 227 230 231 233 234 235 236
22 204 207 208 209 210 211 214 215 217 218 219 220 221 224 225 226 229 231 232 233 235 237
13 205 206 215 217 218 221 222 223 225 226 229 231 232
14 209 210 211 212 214 218 221 222 223 224 225 231 233 234
12 206 207 208 213 216 218 219 222 223 225 234 238
20 205 206 207 209 211 212 214 215 218 220 222 224 225 226 228 229 232 235 236 237
11 204 205 210 212 218 222 223 226 233 234 238
11 204 207 208 209 217 221 223 226 233 235 236
19 205 206 207 208 209 215 216 217 219 222 224 225 226 227 228 230 234 236 238
19 205 208 212 213 215 216 217 218 219 221 222 223 225 226 227 230 233 235 236
22 204 206 208 209 211 213 214 215 217 218 221 222 224 225 228 229 230 233 234 235 236 238
11 207 208 209 211 215 216 217 226 231 235 236
19 206 207 208 210 211 214 215 221 222 225 226 227 228 230 234 235 236 237 238
14 207 209 210 211 212 217 220 227 228 229 230 231 234 235
23 204 205 208 209 210 213 214 215 218 219 221 222 223 225 226 227 229 231 232 233 235 237 238
18 206 209 212 213 218 221 222 224 225 226 227 229 230 233 234 235 236 238
14 205 207 211 213 214 220 221 223 227 230 232 233 236 237
17 206 208 210 212 215 219 220 222 223 227 230 231 232 235 236 237 238
17 206 210 213 215 218 221 222 223 224 227 228 230 232 233 234 236 237
14 206 209 210 212 215 216 220 225 229 230 231 232 234 236
13 206 207 209 212 214 217 218 222 224 226 235 237 238
17 206 208 209 210 213 214 217 218 219 224 227 228 230 233 234 237 238
24 205 206 209 210 211 212 213 214 215 216 217 218 220 222 223 224 225 226 227 230 231 234 235 236
15 205 206 209 218 221 224 226 231 232 233 234 235 236 237 238
10 208 210 211 215 221 228 229 232 233 235
17 205 206 207 209 210 214 216 218 219 220 225 226 230 231 235 237 238
20 205 206 210 213 215 217 220 221 222 225 226 227 229 231 232 233 234 236 237 238
14 204 206 209 210 213 214 217 220 224 228 229 235 236 237
15 205 206 207 209 210 216 217 219 224 225 229 232 234 237 238
23 205 206 207 209 210 211 212 213 214 215 216 217 218 219 220 221 222 226 230 231 233 237 238
24 204 206 207 208 210 212 213 214 215 219 220 222 225 226 228 229 230 231 232 233 234 235 236 237
12 205 206 212 213 217 219 222 225 227 229 232 237
16 204 206 208 210 213 214 220 221 222 224 227 229 231 232 234 235
20 205 206 207 212 213 214 215 216 217 219 223 224 225 226 228 229 231 234 237 238
15 206 207 209 210 211 215 220 221 222 223 227 230 232 236 238
12 206 208 212 213 216 219 221 226 227 229 230 234
11 206 207 208 215 221 222 223 225 226 231 237
21 204 206 207 210 211 212 214 215 216 217 219 220 223 224 225 228 229 230 232 236 238
19 206 210 211 212 215 216 217 218 219 220 221 222 223 227 228 230 232 235 238
18 204 208 211 215 218 219 220 221 222 223 224 225 226 227 230 231 233 235
22 205 206 207 210 212 213 214 215 216 218 220 221 224 225 226 228 229 230 231 232 233 237
16 208 209 211 217 218 219 220 221 222 223 225 226 231 233 235 236
22 207 208 211 214 215 216 217 219 220 221 223 224 226 227 229 230 231 232 233 236 237 238
23 204 205 206 207 208 211 212 214 215 216 217 219 220 221 223 224 225 228 230 231 236 237 238
12 204 211 212 213 216 217 218 222 226 230 235 238
17 204 205 209 211 213 214 218 224 226 227 228 231 232 233 234 235 238
22 204 211 212 213 217 218 219 220 222 224 225 226 227 228 229 231 232 233 234 235 236 238
14 204 208 210 212 213 215 217 220 223 226 229 232 235 237
15 204 210 211 214 216 219 222 226 228 230 231 233 234 235 238
17 207 209 211 216 217 218 219 221 222 225 226 232 233 235 236 237 238
14 205 207 209 212 218 220 223 225 228 232 233 235 236 237
13 209 211 214 215 222 224 225 227 228 231 235 237 238
12 206 207 209 211 212 215 216 218 227 228 232 237
23 205 210 211 212 213 214 215 216 217 218 219 220 222 223 224 228 229 230 231 232 234 235 237
17 208 210 211 213 214 215 216 217 222 225 228 231 233 234 235 236 237
14 204 206 208 209 210 211 212 215 217 219 222 223 232 238
15 204 207 215 217 218 219 222 223 225 227 229 231 233 237 238
17 205 208 209 212 213 214 217 218 222 224 226 228 230 231 232 234 236
11 207 209 219 221 224 227 228 230 234 236 238
21 204 205 206 207 209 210 212 216 217 218 219 220 222 223 224 227 230 231 232 234 237
16 206 210 212 213 214 216 217 219 220 223 224 231 232 233 236 237
14 204 205 208 210 211 220 221 223 226 228 229 231 232 237
23 204 205 206 207 208 209 210 212 216 217 220 221 224 225 228 229 230 231 234 235 236 237 238
22 207 209 211 213 215 217 219 220 221 222 223 224 225 226 227 228 229 232 233 234 235 236
24 204 205 206 207 208 209 211 213 214 215 218 219 220 223 224 225 226 227 228 233 234 236 237 238
12 207 209 212 220 221 222 223 229 232 233 234 238
18 205 207 210 211 213 216 222 223 224 226 227 228 229 230 231 232 237 238
18 204 206 208 209 212 215 216 217 218 220 221 222 227 228 232 234 237 238
15 204 205 209 212 215 220 224 225 226 227 229 230 231 233 234
12 205 209 210 213 220 222 225 226 230 231 234 235
20 204 209 210 211 214 216 217 218 220 221 222 224 228 229 230 231 232 235 237 238
21 205 206 207 209 210 211 213 214 215 217 219 222 223 224 227 228 229 230 231 234 236
18 204 205 207 209 211 212 217 218 221 223 224 229 231 232 234 235 237 238
11 204 207 212 213 214 215 217 220 233 236 238
13 209 212 213 215 216 219 220 224 225 229 230 231 237
16 206 207 208 212 213 214 216 217 219 220 222 224 225 228 236 238
23 207 209 211 212 214 218 219 220 221 222 223 224 225 226 227 229 230 232 233 235 236 237 238
13 204 205 207 208 210 211 213 219 220 231 233 234 237
12 206 207 210 215 216 219 220 223 227 233 237 238
19 205 207 209 210 214 217 218 221 224 225 226 227 230 231 232 233 234 236 238
14 205 208 211 212 215 220 221 223 224 226 234 235 237 238
34 239 240 242 244 245 248 249 252 253 254 256 257 259 260 261 263 264 265 267 268 270 271 272 273 274 275 278 279 280 281 282 286 288 289
17 239 246 253 262 265 266 267 268 273 274 275 277 281 283 285 286 290
18 249 250 251 252 257 263 266 267 268 271 272 273 274 281 282 284 285 290
16 240 254 255 257 259 260 262 266 268 272 274 280 281 283 286 288
13 241 244 248 250 253 254 255 256 261 279 281 284 287
18 242 246 248 250 255 257 263 264 265 276 279 281 282 283 285 287 289 290
11 242 245 247 254 255 257 266 270 276 277 279
25 239 240 242 243 244 245 248 249 250 256 257 258 259 261 264 267 272 279 280 281 284 287 288 289 290
4 251 264 278 285
15 243 246 248 251 252 253 256 261 263 269 275 282 285 288 289
18 239 242 244 245 249 253 256 261 269 272 273 275 277 280 281 283 287 288
22 239 241 242 253 254 256 258 262 264 265 268 270 271 275 276 278 284 285 286 288 289 290
10 245 246 248 253 255 256 259 260 283 287
3 254 262 289
33 240 241 244 245 247 248 249 251 252 253 255 256 259 261 262 263 264 265 266 268 271 273 275 276 278 279 280 282 283 284 286 288 290
7 241 247 262 270 274 278 286
11 251 253 254 263 265 266 271 276 277 282 283
13 241 247 250 251 254 257 258 260 263 267 268 286 290
12 240 243 244 247 262 264 269 275 278 279 288 289
21 240 241 243 245 250 251 253 254 255 257 263 264 266 267 270 272 273 277 279 283 284
6 241 242 246 258 284 289
15 247 251 253 255 264 270 273 274 275 276 281 282 288 289 290
14 241 245 249 253 254 257 258 261 264 266 268 277 281 289
11 240 241 243 249 251 255 257 261 264 270 287
12 239 241 242 254 258 261 265 270 276 277 280 286
29 240 242 243 244 245 247 248 249 251 254 259 261 266 267 268 269 271 273 275 276 277 278 279 280 281 286 287 289 290
15 240 244 250 252 253 254 258 262 264 270 276 279 281 283 289
10 240 254 256 264 266 272 274 275 277 290
10 244 251 263 265 269 272 274 278 283 287
30 240 242 244 246 247 250 251 253 255 256 257 259 261 263 264 265 266 268 273 274 277 278 279 280 281 282 283 285 286 290
12 240 245 247 252 258 260 263 271 273 274 279 288
6 251 264 270 271 272 284
24 241 243 245 247 251 255 256 261 263 265 267 268 269 271 274 275 277 278 280 282 285 286 287 290
5 242 248 262 270 289
39 239 240 242 243 244 246 247 248 249 252 253 255 256 257 258 259 260 262 264 266 267 269 271 272 273 274 275 277 279 280 281 282 283 284 285 286 288 289 290
19 239 242 244 249 252 258 259 260 262 265 269 271 274 275 276 278 281 282 285
14 239 240 246 247 255 256 260 262 267 270 273 276 282 284
19 239 242 243 246 250 254 257 258 260 267 269 270 272 274 277 281 285 287 289
11 241 242 245 247 252 255 257 260 261 279 281
19 239 241 243 245 248 249 252 258 260 267 269 270 271 272 275 276 284 287 288
31 240 241 244 249 250 252 253 256 257 258 262 264 266 269 270 271 273 274 276 277 278 279 280 281 283 284 285 287 288 289 290
30 240 243 244 245 246 247 248 249 250 251 252 255 257 259 260 261 263 266 267 269 272 273 274 277 279 280 281 282 283 287
12 244 248 252 254 259 269 272 276 278 280 282 289
19 239 244 245 248 249 254 256 258 259 260 261 267 268 269 279 280 282 283 290
18 241 243 246 247 250 251 255 258 262 266 269 276 277 283 284 285 287 290
6 241 260 266 268 274 278
18 241 243 244 245 248 249 252 257 258 259 265 268 271 277 278 279 284 287
10 240 243 246 252 253 263 266 273 274 288
11 243 244 252 254 261 262 271 272 275 284 288
20 242 245 247 248 251 252 253 257 258 261 263 267 269 270 272 274 275 282 284 285
19 239 240 242 246 250 254 256 260 261 262 263 266 267 269 272 280 283 285 286
13 239 242 246 248 249 257 259 260 266 272 273 284 288
12 242 245 247 250 256 258 260 263 271 279 284 288
16 239 240 245 249 258 259 260 265 267 269 272 274 277 286 288 289
14 243 244 246 251 258 259 267 268 270 271 273 280 286 287
5 240 243 265 276 282
21 239 242 243 245 246 247 248 251 254 255 259 260 261 263 265 267 268 272 275 282 286
12 246 247 248 256 261 268 280 286 287 288 289 290
19 242 243 246 247 252 257 262 263 266 268 270 271 273 275 276 280 282 283 290
21 241 242 244 247 248 252 257 258 261 264 265 266 271 273 276 281 283 286 287 289 290
14 242 243 248 250 252 259 271 275 279 280 285 286 288 290
40 239 241 242 243 244 246 248 249 250 251 253 254 255 256 257 259 261 262 264 265 266 267 268 269 270 272 275 276 277 278 280 281 282 283 284 285 286 287 289 290
9 246 252 255 260 268 269 273 275 285
16 245 249 250 251 253 261 265 269 270 271 275 276 277 282 285 290
31 239 240 243 245 246 249 250 251 253 254 255 256 259 260 262 263 267 268 269 270 272 274 275 277 278 279 280 282 284 285 288
14 239 243 244 247 248 252 256 263 264 267 273 278 279 287
32 239 240 241 243 244 246 249 250 254 255 256 259 260 262 264 265 266 268 271 273 276 277 278 279 280 281 283 286 287 288 289 290
23 239 241 246 250 252 253 255 256 257 258 260 262 263 264 265 270 272 274 282 283 284 285 288
13 241 245 250 251 254 261 263 265 268 270 276 278 287
17 239 248 249 250 253 262 263 265 269 276 278 282 283 284 285 288 289
16 246 248 252 255 259 262 264 266 270 271 274 278 279 284 285 289
17 241 242 247 250 255 257 262 265 275 276 277 278 281 285 286 287 289
17 239 240 245 247 249 251 253 256 258 259 267 269 270 273 277 280 286
26 239 240 241 244 249 250 258 259 260 262 264 265 267 268 271 272 273 274 278 280 281 283 284 286 287 290
47 239 240 241 243 244 245 246 247 249 250 251 252 253 254 255 256 257 258 259 260 261 263 264 265 266 267 268 269 271 272 273 274 275 276 277 278 279 280 281 282 283 284 285 286 287 288 290
10 246 247 248 261 268 280 287 288 289 290
6 240 252 260 263 274 288
5 255 268 273 275 285
27 239 242 245 248 249 252 253 254 256 257 259 260 261 263 264 265 267 268 270 271 273 274 278 279 280 281 286
7 239 242 246 249 257 266 284
12 239 246 253 262 265 267 273 274 275 283 285 290
10 240 245 247 252 258 263 273 274 279 288
6 246 253 255 259 260 287
11 239 240 245 258 259 260 269 272 277 286 289
19 239 244 245 248 249 254 256 257 264 267 268 270 271 272 278 279 280 288 289
7 242 245 247 254 257 277 279
7 251 263 265 266 271 276 277
14 239 242 243 246 254 257 258 267 270 272 274 281 287 289
8 251 254 265 266 276 277 282 283
15 239 243 246 250 254 258 267 269 272 274 277 281 285 287 289
9 240 241 243 249 251 261 264 270 287
15 239 242 244 249 252 259 260 262 265 269 271 274 278 281 285
10 249 252 263 266 267 272 273 274 282 290
12 247 251 253 255 264 273 274 276 281 282 288 290
11 239 244 245 249 261 269 273 277 281 287 288
9 241 245 250 251 261 263 270 278 287
9 245 251 261 269 270 271 275 276 290
10 253 262 266 267 268 273 274 275 277 286
8 244 248 252 269 276 278 280 289
8 254 255 266 268 274 283 286 288
5 246 252 255 260 269
4 240 243 265 276
3 270 274 286
16 239 241 243 245 248 252 258 267 269 271 272 275 276 284 287 288
10 249 252 268 271 273 274 282 284 285 290
6 248 252 276 278 282 289
11 252 255 259 264 266 270 271 279 284 285 289
11 239 243 246 258 260 267 270 272 277 285 287
6 243 244 254 261 271 275
23 240 242 244 246 250 253 255 256 259 261 263 264 265 268 273 274 277 278 279 280 283 285 290
25 240 241 244 245 247 248 251 255 256 259 261 263 264 265 266 276 278 279 280 282 283 284 286 288 290
6 246 252 255 269 275 285
8 251 253 263 265 266 271 277 283
6 241 245 252 255 260 279
11 243 246 247 257 262 268 270 275 276 280 290
12 240 255 257 260 266 272 274 280 281 283 286 288
9 240 243 244 247 262 278 279 288 289
3 240 243 282
3 262 270 289
9 239 243 244 247 256 263 264 273 278
16 241 247 252 257 258 261 264 265 266 271 273 276 281 286 289 290
6 240 241 243 255 257 270
6 242 245 247 250 284 288
10 240 242 246 250 254 256 263 269 285 286
7 245 250 254 261 268 276 287
7 251 253 266 271 276 277 282
16 240 243 250 251 254 262 267 268 269 272 274 277 278 280 282 285
12 243 244 246 251 259 267 270 271 273 280 286 287
13 239 241 242 253 258 264 265 268 271 276 284 286 288
11 241 244 248 250 254 255 256 279 281 284 287
11 243 251 258 259 267 268 270 271 273 280 286
17 239 242 243 247 248 251 255 259 260 263 265 267 268 272 275 282 286
10 239 253 265 266 267 274 275 283 285 290
9 244 248 252 254 269 276 280 282 289
16 241 242 244 248 252 257 258 264 266 271 273 276 281 286 289 290
7 245 249 258 264 268 281 289
14 241 242 247 250 255 257 262 275 277 278 285 286 287 289
12 241 250 251 254 263 267 270 272 277 279 283 284
11 239 243 244 248 252 256 263 267 273 278 287
7 239 247 248 252 267 273 279
14 242 245 247 248 251 252 253 257 261 263 267 270 272 274
22 244 245 247 248 249 251 259 261 266 267 268 269 271 273 277 278 279 280 281 286 287 290
8 241 242 245 247 252 255 261 279
34 239 241 242 243 244 246 249 250 251 253 254 256 259 261 262 264 265 266 267 270 272 275 277 278 280 281 282 283 284 285 286 287 289 290
27 239 240 245 246 250 251 253 254 255 256 259 260 263 267 268 269 270 272 274 275 277 278 279 280 282 285 288
9 242 250 255 265 275 276 278 287 289
10 249 252 258 260 267 269 270 271 287 288
5 244 251 269 278 283
8 241 248 250 253 256 261 279 287
13 242 243 250 254 257 258 270 274 277 281 285 287 289
10 240 245 249 259 260 272 274 277 286 289
11 249 250 251 253 261 265 270 275 277 282 285
3 251 264 278
4 242 248 262 289
13 240 254 255 257 259 260 262 266 268 272 274 286 288
9 239 240 246 255 256 262 270 273 284
15 249 250 251 252 257 263 266 267 271 272 273 282 284 285 290
7 241 250 254 255 261 281 287
8 244 251 263 265 269 272 274 283
13 244 252 257 258 261 264 266 271 281 283 286 287 289
9 246 248 255 266 270 278 279 285 289
11 253 262 266 267 268 277 281 283 285 286 290
13 240 254 255 257 259 260 262 272 274 280 281 286 288
6 251 254 265 271 276 282
4 264 271 272 284
12 242 245 247 248 253 257 258 261 269 274 282 285
28 240 242 245 248 249 252 254 256 257 259 260 261 264 265 267 268 270 271 272 273 274 275 278 279 282 286 288 289
10 239 242 245 248 251 254 260 263 282 286
17 240 241 244 249 250 252 273 274 276 280 281 283 284 285 287 289 290
10 246 247 248 256 261 280 286 287 289 290
17 239 242 243 244 248 250 256 257 259 264 267 272 280 284 287 288 290
25 240 243 245 247 249 250 251 254 256 258 259 260 261 266 269 271 277 278 282 283 284 286 287 288 290
16 245 246 247 250 251 255 257 259 260 272 273 274 277 279 283 287
11 246 257 260 267 270 272 274 277 281 285 287
12 244 247 252 257 258 264 266 271 281 286 289 290
2 254 289
9 244 252 254 261 262 271 275 284 288
16 242 243 246 247 252 257 262 266 268 270 271 273 275 276 283 290
11 246 248 252 259 262 264 270 274 278 279 284
7 243 244 252 254 261 272 288
15 239 241 243 248 258 260 267 269 270 272 275 276 284 287 288
27 239 240 242 243 244 246 247 252 253 255 256 257 259 262 266 267 271 273 274 275 277 279 281 282 288 289 290
13 243 245 249 252 258 260 267 269 270 272 276 287 288
2 251 278
7 240 249 251 255 257 261 287
4 241 242 258 289
15 241 243 246 247 250 251 255 266 276 277 283 284 285 287 290
11 243 244 245 248 249 252 259 268 277 278 284
13 239 240 250 258 259 260 262 264 265 271 274 280 286
7 244 259 269 272 280 282 289
14 242 248 255 257 263 264 265 279 281 282 283 285 287 289
17 241 244 249 250 252 256 257 264 274 276 277 278 279 280 283 288 289
10 239 242 246 254 257 258 267 272 274 287
16 240 244 246 247 251 253 257 259 266 273 274 280 281 282 286 290
17 243 244 245 246 247 248 250 257 261 263 266 267 269 273 280 283 287
23 240 241 244 249 253 258 264 266 269 271 276 277 278 279 280 281 283 284 285 287 288 289 290
10 241 250 251 254 261 268 270 276 278 287
9 243 248 250 252 259 271 279 285 290
11 246 250 254 261 262 266 269 272 280 285 286
12 241 245 249 253 254 257 258 266 268 277 281 289
9 239 246 248 249 257 259 266 273 288
8 244 250 253 254 264 276 283 289
3 248 262 289
6 240 245 247 258 260 274
18 241 245 251 256 261 263 267 268 269 271 274 275 278 280 282 286 287 290
9 240 254 255 266 280 281 283 286 288
10 240 245 252 258 263 271 273 274 279 288
16 239 242 244 245 253 256 261 269 272 273 277 280 281 283 287 288
4 241 242 246 284
9 240 243 244 247 264 275 278 288 289
10 240 249 251 258 267 269 270 273 277 286
9 243 244 254 261 262 271 272 275 288
9 247 250 256 258 260 271 279 284 288
12 248 250 253 262 263 265 276 278 282 283 288 289
16 241 243 245 251 256 263 265 268 271 274 275 277 278 280 282 285
28 242 243 248 249 250 251 253 254 255 256 257 264 265 266 267 268 269 270 272 275 278 280 282 283 284 285 287 289
16 242 246 247 257 262 263 266 268 270 271 273 276 280 282 283 290
20 239 240 242 245 252 254 256 259 260 263 264 267 268 270 272 274 275 278 288 289
15 241 243 253 254 255 257 263 264 270 272 273 277 279 283 284
16 243 244 245 246 248 250 252 257 263 266 272 273 277 280 281 287
12 239 244 245 249 261 269 272 275 280 283 287 288
9 240 243 249 251 255 257 264 270 287
13 246 248 252 255 259 266 270 271 274 278 279 285 289
14 241 244 248 249 252 257 258 259 265 268 271 277 279 284
4 270 271 272 284
7 264 269 275 278 279 288 289
9 241 247 250 260 263 267 268 286 290
16 242 245 247 248 251 252 257 261 263 267 269 272 274 275 284 285
2 254 262
8 239 249 267 269 272 277 286 289
12 241 250 252 260 262 263 270 272 274 282 283 288
5 251 254 266 276 282
9 240 241 249 251 257 261 264 270 287
13 239 245 248 249 254 256 259 261 267 268 282 283 290
7 251 263 269 274 278 283 287
13 239 240 245 251 256 259 267 269 270 273 277 280 286
5 262 270 274 278 286
5 251 272 274 283 287
31 239 242 243 244 246 248 250 251 253 254 255 256 259 261 264 265 269 270 275 276 277 278 280 281 282 283 284 286 287 289 290
4 264 271 272 284
14 239 246 253 265 268 273 274 275 277 281 283 285 286 290
13 243 245 248 252 267 269 270 271 272 275 276 284 287
8 246 248 252 270 274 279 284 285
4 264 270 272 284
8 246 259 267 268 271 273 280 286
20 241 243 245 247 251 255 256 261 265 267 268 269 274 275 277 278 280 285 286 290
7 241 242 247 252 255 257 281
10 247 250 251 262 266 276 277 283 285 287
10 240 254 260 262 268 272 280 281 283 286
10 244 250 253 254 255 256 261 279 284 287
18 240 241 243 245 250 251 253 254 257 264 266 267 270 272 273 277 279 283
23 240 243 244 245 246 247 248 249 250 251 252 259 261 263 267 269 272 273 274 277 279 283 287
4 251 271 272 284
2 251 285
10 239 250 254 256 260 261 263 267 280 283
13 239 240 242 243 244 248 256 258 259 261 267 279 288
13 243 245 248 249 257 258 259 271 277 278 279 284 287
7 247 252 258 263 271 279 288
9 239 240 246 255 260 267 273 276 284
8 239 246 247 256 267 273 282 284
7 244 247 264 269 275 279 289
25 242 246 247 250 251 253 255 256 257 259 261 264 265 266 268 273 274 277 278 280 281 282 283 285 286
5 241 242 246 258 284
11 239 243 244 248 252 256 263 267 273 278 279
10 242 243 250 258 260 272 274 281 287 289
10 239 242 246 248 249 257 259 260 266 284
34 240 243 244 246 247 249 250 251 253 254 255 256 257 260 261 264 265 268 269 271 272 274 275 276 277 278 280 281 282 283 285 287 288 290
17 249 250 251 254 255 259 262 263 268 269 272 277 279 280 282 284 288
11 240 244 252 253 254 258 262 276 281 283 289
9 247 252 258 260 263 273 274 279 288
9 254 257 259 266 268 272 280 281 286
14 242 244 249 252 258 259 260 265 271 274 276 278 282 285
18 239 246 253 255 256 257 258 260 262 263 264 265 270 274 282 283 285 288
16 240 241 244 245 251 252 253 263 265 268 275 278 279 283 284 290
17 241 244 247 248 249 252 256 261 262 265 266 276 279 280 282 283 288
6 241 247 262 270 278 286
13 241 243 245 248 252 257 258 259 265 271 278 279 287
13 239 242 253 256 258 264 271 276 278 284 285 286 290
11 249 250 251 265 269 275 276 277 282 285 290
9 246 252 255 262 270 271 278 284 289
3 241 242 289
2 264 285
9 243 246 247 262 263 270 275 276 282
11 246 248 252 259 266 270 274 278 284 285 289
21 244 247 248 251 252 253 255 256 261 262 264 265 266 268 275 279 283 284 286 288 290
4 246 269 273 285
9 240 241 249 251 257 261 264 270 287
6 256 260 263 279 284 288
7 244 250 253 261 279 284 287
16 240 241 244 250 256 257 262 266 269 270 278 279 283 285 288 290
12 239 246 250 254 257 267 269 270 274 277 281 287
10 245 249 251 253 261 265 269 270 275 285
10 246 248 255 262 266 270 274 279 285 289
14 239 242 244 245 253 256 261 269 272 273 280 281 283 288
8 245 254 261 263 268 270 276 278
5 264 270 271 272 284
12 251 252 263 266 267 272 274 281 282 284 285 290
5 246 252 260 269 275
9 239 245 249 253 269 273 277 280 288
4 242 248 262 289
6 246 248 255 256 259 287
13 245 249 250 251 261 269 270 271 276 277 282 285 290
11 247 251 253 255 264 273 274 276 288 289 290
10 241 243 247 250 251 255 258 262 285 290
9 241 243 246 251 258 266 285 287 290
8 256 264 266 272 274 275 277 290
7 246 252 255 268 269 275 285
4 242 246 258 289
5 242 246 258 284 289
15 239 241 244 250 258 259 260 262 264 267 268 278 283 286 290
7 246 252 255 260 268 275 285
16 239 240 243 244 245 248 249 250 256 257 259 261 272 279 281 287
15 242 246 248 255 257 263 264 265 279 281 282 283 285 287 290
21 239 240 243 244 245 249 250 256 257 258 259 261 264 267 272 279 280 284 288 289 290
6 248 256 286 287 288 290
16 242 248 250 257 263 264 265 276 279 281 282 283 285 287 289 290
7 240 243 244 247 269 278 279
19 240 242 246 248 253 255 262 264 266 267 269 272 273 274 279 280 281 285 290
3 242 246 258
16 239 241 243 245 248 249 252 260 267 269 270 271 272 275 284 287
7 242 250 256 260 263 271 284
16 239 243 245 246 247 248 254 255 261 263 265 267 268 272 275 286
8 243 244 246 258 268 271 273 287
10 240 245 247 258 260 263 271 273 274 279
7 241 245 261 263 265 268 278
8 242 243 252 271 279 285 286 288
10 248 250 263 269 276 282 283 284 285 288
15 240 250 253 255 257 263 264 266 267 270 273 277 279 283 284
5 246 252 269 273 275
17 241 243 245 247 251 256 261 263 265 267 268 274 278 280 282 285 286
18 240 243 246 249 250 251 254 255 256 260 263 267 269 274 277 278 284 288
25 240 242 244 246 247 251 253 255 256 259 261 263 264 265 266 268 274 277 279 280 282 283 285 286 290
7 255 264 270 275 276 281 282
14 241 243 246 250 255 258 262 266 276 277 283 284 285 287
5 246 252 268 269 285
22 240 244 249 250 252 253 257 258 270 273 274 276 277 278 279 281 284 285 287 288 289 290
9 243 249 251 255 257 261 264 270 287
14 245 247 249 253 256 258 259 267 269 270 273 277 280 286
34 239 240 242 243 244 246 249 252 253 255 256 258 259 262 264 266 267 269 271 272 273 274 275 277 279 280 281 282 284 285 286 288 289 290
25 240 241 249 250 252 253 256 258 266 269 270 271 273 274 276 277 278 279 280 281 284 285 287 289 290
8 244 258 259 270 271 273 280 287
6 243 252 261 271 284 288
11 241 242 247 252 261 264 266 271 273 287 290
11 239 241 242 253 254 256 268 270 271 278 285
9 241 243 249 251 255 261 264 270 287
7 252 254 261 271 272 275 284
12 239 245 249 258 259 260 265 267 269 274 277 286
9 239 242 243 257 260 267 269 270 272
10 242 255 263 264 265 276 279 281 283 290
5 245 253 259 260 283
7 240 243 246 252 263 273 288
10 242 243 248 259 271 275 279 286 288 290
15 241 243 244 248 249 252 257 259 265 268 271 277 279 284 287
8 241 247 250 251 257 263 268 286
34 239 241 242 243 244 246 248 249 250 251 253 254 256 257 261 264 265 267 268 269 270 272 275 276 277 278 280 281 282 285 286 287 289 290
9 247 256 261 268 280 286 287 288 290
5 244 263 269 272 287
13 242 245 246 254 255 259 260 261 263 267 268 272 275
10 241 246 247 250 251 255 269 284 287 290
11 255 257 259 262 266 272 274 280 281 283 286
9 242 245 247 254 255 266 270 277 279
7 246 248 253 255 256 259 287
15 240 244 250 251 255 265 266 268 273 274 279 280 282 283 290
12 241 243 245 251 257 264 266 270 273 277 283 284
12 247 253 255 264 270 274 275 281 282 288 289 290
5 241 243 249 261 270
13 249 250 251 257 263 266 271 272 273 274 282 284 290
33 239 240 242 243 244 246 247 248 249 252 253 255 256 258 259 260 262 269 271 272 273 274 275 277 279 280 281 282 285 286 288 289 290
10 251 255 264 270 273 275 276 282 288 290
17 240 242 243 244 249 250 257 258 261 267 272 280 281 284 287 288 290
10 243 246 247 251 258 269 276 277 285 287
12 251 255 264 270 273 274 276 281 282 288 289 290
5 252 255 260 273 285
11 243 246 247 252 266 268 270 271 275 276 290
13 240 241 244 250 259 264 265 278 280 281 286 287 290
15 239 244 248 249 250 259 264 267 279 280 281 284 287 288 289
18 240 242 243 245 248 249 257 258 259 261 264 272 279 280 281 284 288 289
35 239 241 242 243 244 246 248 249 250 251 253 254 255 256 259 261 262 264 266 267 268 269 272 275 276 277 278 282 283 284 285 286 287 289 290
27 239 243 244 246 247 249 250 251 253 255 256 260 263 265 268 269 272 273 274 276 277 280 281 282 285 288 290
15 242 246 248 250 255 257 263 276 279 282 283 285 287 289 290
12 243 244 245 248 249 258 259 265 271 278 284 287
7 254 256 264 266 272 275 290
15 240 246 250 251 252 257 259 260 263 266 269 274 279 280 287
8 247 251 253 255 264 276 288 290
29 239 241 243 244 250 251 254 255 256 257 259 265 266 267 268 270 272 276 277 278 280 281 282 283 285 286 287 289 290
8 245 247 250 258 260 263 271 284
28 239 240 242 244 245 248 249 252 254 257 259 260 261 264 265 267 268 271 272 273 274 275 278 279 280 286 288 289
12 245 249 250 251 253 261 265 269 271 275 277 282
12 239 241 252 253 255 256 260 265 274 283 284 285
20 240 243 244 245 246 248 249 251 252 259 260 261 272 273 274 277 279 280 283 287
10 254 255 259 262 268 280 281 283 286 288
28 243 244 246 247 248 249 252 253 256 258 259 260 262 266 267 269 271 272 279 280 281 282 283 285 286 288 289 290
16 241 243 244 246 249 250 256 259 262 266 268 271 276 277 286 289
2 242 248
29 240 241 244 245 247 248 249 251 253 255 261 262 263 264 265 266 268 271 273 275 276 278 279 282 283 284 286 288 290
3 262 270 289
21 239 242 244 249 252 254 257 259 261 263 267 268 271 272 273 275 279 280 281 286 289
10 239 242 246 248 249 257 266 272 273 284
13 242 243 247 252 257 262 266 268 271 273 276 280 290
10 247 251 255 264 273 274 281 282 288 290
23 242 243 244 245 247 248 249 254 259 266 268 269 271 275 276 277 278 279 281 286 287 289 290
8 242 248 260 266 272 273 284 288
6 241 243 249 257 264 270
11 250 252 253 255 257 260 262 270 272 282 284
12 239 247 249 251 253 258 259 267 269 270 277 286
13 242 243 246 247 248 254 255 261 263 268 272 275 282
13 250 251 257 263 266 268 271 272 274 281 282 284 290
3 251 264 285
11 241 245 249 253 254 257 258 266 268 277 281
8 241 247 252 257 260 261 279 281
18 240 241 252 253 256 258 262 266 269 271 274 277 278 280 281 283 284 289
19 242 245 249 253 254 257 260 263 265 268 270 271 272 274 279 280 282 288 289
17 239 240 241 244 245 246 247 248 255 258 262 273 275 276 277 281 283
31 240 242 244 245 247 250 251 252 253 257 258 259 260 261 264 265 266 267 270 272 273 274 275 276 280 282 283 285 286 288 290
29 239 241 242 244 245 246 248 252 254 255 256 258 259 260 261 262 263 264 265 266 269 270 274 280 282 283 285 288 290
25 241 243 244 250 252 253 254 256 259 261 262 267 268 271 272 273 274 275 276 279 280 282 283 284 286
19 239 242 244 247 253 254 256 259 269 270 273 276 277 281 282 283 286 288 289
29 240 243 244 245 246 247 250 252 256 257 259 260 261 262 263 265 266 267 270 271 274 275 277 279 282 285 286 287 288
19 241 244 245 246 247 251 252 253 256 257 259 262 264 271 272 273 279 282 289
31 239 240 242 243 244 247 248 249 250 251 253 256 259 260 261 263 264 265 266 267 268 271 274 275 281 283 284 285 286 288 289
21 239 240 241 242 247 248 249 250 252 254 256 258 261 262 266 267 277 279 286 289 290
23 239 240 241 242 244 245 247 248 249 250 254 256 258 259 263 266 278 279 284 285 287 288 290
20 239 242 243 245 246 247 253 255 263 265 268 273 274 275 276 279 280 284 289 290
29 239 241 243 246 249 251 252 253 254 257 258 262 263 265 266 267 269 271 273 275 277 279 281 283 285 286 287 289 290
18 239 240 242 244 246 260 263 265 268 272 274 277 278 283 284 286 287 290
16 239 245 249 254 258 262 267 268 270 273 274 275 276 277 282 286
15 241 250 253 255 257 258 259 263 276 277 279 282 284 286 287
26 240 241 244 247 250 251 253 254 255 256 258 264 265 266 271 274 275 277 279 280 282 284 285 287 289 290
31 240 241 242 246 248 249 250 251 252 253 254 255 256 258 259 261 262 263 264 265 267 272 273 275 279 280 281 282 284 286 289
21 239 241 243 249 252 258 260 265 266 267 269 271 273 276 278 279 280 282 284 287 289
35 239 242 244 245 247 248 249 250 251 253 254 256 259 260 263 264 265 266 269 270 271 275 276 277 278 279 280 282 283 284 286 287 288 289 290
32 239 240 244 245 248 249 250 251 252 253 254 255 257 259 260 261 262 266 267 268 270 272 273 274 276 278 279 280 282 283 284 288
26 239 240 242 244 248 249 250 251 252 253 255 257 258 259 262 265 273 274 279 280 281 282 283 284 285 290
34 240 241 242 243 244 245 246 248 249 250 251 252 254 256 258 260 261 262 263 264 266 267 270 273 274 275 276 277 278 279 281 285 286 289
19 242 244 245 248 251 252 255 257 261 264 265 266 267 268 270 273 274 279 289
34 239 240 243 244 247 248 249 250 251 252 253 255 256 258 259 262 263 268 270 271 272 274 275 276 277 278 281 282 283 284 286 287 288 290
20 239 243 248 251 252 254 255 260 266 270 271 273 274 275 277 282 283 284 285 289
35 239 240 242 243 244 246 247 248 249 250 251 253 254 255 256 257 258 259 261 263 265 266 269 271 272 274 275 276 278 279 282 283 288 289 290
27 240 242 243 245 248 249 250 253 254 255 256 257 259 261 262 264 266 267 269 271 273 274 275 276 284 285 289
29 239 240 244 246 247 248 249 254 255 261 262 263 264 267 269 271 273 275 276 277 278 279 280 282 283 284 285 286 289
16 244 246 247 250 257 260 261 266 270 271 272 277 283 284 286 287
16 239 242 243 244 245 246 249 255 256 259 271 272 274 282 288 290
19 244 245 249 251 253 261 263 267 272 274 275 277 278 279 280 282 284 286 287
18 240 241 242 246 248 255 258 260 261 264 270 271 274 277 280 281 283 287
16 239 241 249 252 256 261 262 268 269 273 275 277 280 282 283 289
29 240 241 244 246 247 248 249 252 253 254 255 256 257 258 260 263 266 268 269 271 272 273 275 276 284 285 286 287 289
31 240 241 242 243 246 248 249 251 252 253 254 256 257 258 261 262 263 264 267 268 269 271 272 274 276 277 279 280 282 286 290
34 240 241 242 243 244 245 247 249 251 252 256 257 258 259 260 262 264 266 267 268 269 270 271 272 273 275 276 277 278 280 283 285 286 288
27 239 245 248 249 250 251 252 253 254 258 259 262 264 268 269 271 273 274 275 276 277 279 281 285 286 287 289
26 243 247 248 249 250 251 253 254 255 259 262 265 267 268 270 273 277 278 279 280 281 284 285 288 289 290
20 241 246 247 248 251 252 256 261 263 270 273 277 279 280 282 284 286 288 289 290
32 240 244 245 246 247 248 249 251 252 253 254 255 256 258 261 265 266 268 269 271 272 273 274 275 276 277 278 280 282 286 288 290
29 241 242 244 245 246 249 250 251 252 253 257 260 264 265 266 267 270 271 272 275 280 281 282 284 285 286 287 288 289
18 251 256 258 259 262 264 267 268 270 272 273 281 282 283 285 286 288 289
32 239 240 242 243 244 245 246 247 250 251 252 254 255 256 257 258 261 263 264 267 269 271 274 275 277 281 282 284 286 287 288 289
24 240 241 242 244 246 249 250 251 258 259 261 262 263 264 267 270 272 274 275 277 279 282 285 290
30 239 240 241 242 243 244 245 246 247 249 250 251 252 253 255 257 258 261 263 264 267 268 271 273 278 279 283 284 285 288
20 239 242 243 245 247 248 254 255 257 260 263 265 266 278 279 285 286 287 289 290
20 242 246 248 251 254 256 262 263 264 265 268 269 273 275 276 277 280 287 288 290
32 239 240 244 245 246 247 249 250 252 254 255 257 259 260 261 265 266 267 270 271 272 274 275 277 279 280 281 284 285 287 288 289
34 240 241 242 243 246 249 250 251 254 255 256 257 258 261 262 263 264 267 268 270 271 272 274 275 276 277 278 279 281 284 285 286 287 290
18 241 242 243 244 247 249 250 253 254 255 268 270 271 272 273 278 279 284
20 241 243 244 248 250 252 253 261 263 264 265 267 277 281 283 284 285 287 289 290
25 241 246 247 249 251 255 258 261 262 263 265 266 267 270 273 277 278 279 281 283 285 286 287 289 290
24 240 244 249 254 256 257 262 265 266 267 268 271 272 275 278 279 281 282 284 286 287 288 289 290
32 240 243 248 249 250 251 252 253 255 257 259 263 264 267 268 269 270 272 273 275 276 277 278 281 282 283 285 286 287 288 289 290
19 239 240 241 242 244 245 246 248 250 251 259 267 270 274 276 279 285 287 289
30 241 242 244 245 246 247 248 249 251 254 255 256 258 259 261 262 263 264 265 266 269 275 279 281 282 283 284 285 288 289
25 240 241 242 245 246 248 251 252 253 256 259 260 261 265 267 268 269 270 271 275 280 281 287 288 289
33 239 240 241 242 245 246 248 249 252 253 255 256 261 262 263 265 266 267 268 269 270 273 275 278 280 281 283 284 285 287 288 289 290
34 240 241 244 245 246 247 248 250 251 256 257 258 260 262 263 264 265 266 267 268 269 270 271 273 274 275 276 277 281 284 285 288 289 290
21 244 245 247 248 253 254 256 260 261 264 266 267 270 271 279 282 283 286 288 289 290
17 242 246 250 252 254 255 261 266 267 268 270 271 277 280 282 283 290
22 240 241 242 245 248 253 256 257 260 261 263 265 266 270 273 278 282 285 286 288 289 290
17 239 240 242 244 245 247 255 256 262 269 275 276 281 282 283 285 288
36 239 244 246 247 249 250 252 253 254 255 256 257 258 259 260 262 263 264 265 268 269 271 273 274 275 279 280 281 282 283 284 285 286 287 288 290
31 239 240 241 244 245 247 249 251 253 254 255 259 261 263 264 265 267 268 271 274 275 276 277 278 281 284 285 287 288 289 290
18 242 245 251 252 256 258 260 264 267 268 271 274 276 282 283 284 288 289
22 239 242 245 246 247 249 251 252 258 259 262 266 267 269 270 271 272 278 281 282 283 288
33 239 241 242 245 247 250 251 253 254 255 257 258 259 260 261 263 264 265 266 269 270 272 274 275 276 277 279 280 281 283 284 286 288
30 239 240 243 246 248 249 250 252 253 254 255 257 258 259 260 261 264 265 266 269 270 272 273 274 275 276 280 287 288 290
19 239 247 249 251 253 254 257 258 259 274 276 279 281 282 283 286 287 288 290
31 239 240 241 242 243 245 246 247 254 257 260 262 263 264 265 266 268 269 271 272 273 274 275 281 282 283 285 287 288 289 290
30 239 240 241 242 243 247 248 249 250 251 253 254 261 262 266 267 268 272 273 274 275 280 281 282 284 285 287 288 289 290
27 240 241 243 246 248 249 252 255 258 262 264 265 266 269 273 275 276 279 280 281 283 284 285 287 288 289 290
32 239 242 243 246 247 248 249 251 252 258 259 261 262 263 264 265 266 267 269 270 272 273 274 276 282 283 284 285 286 287 288 289
25 241 244 245 247 249 250 251 255 256 258 259 260 264 265 269 273 275 276 277 279 281 284 286 289 290
23 240 241 244 246 248 250 251 254 255 256 257 259 263 264 265 271 272 273 274 278 281 287 289
32 240 241 242 243 244 245 248 252 253 254 256 258 259 260 262 263 264 266 267 270 272 273 275 277 278 279 281 283 286 288 289 290
28 239 240 241 242 243 247 248 254 255 256 259 261 263 266 267 268 269 271 272 274 279 281 282 283 284 286 289 290
28 240 242 243 245 249 250 252 253 256 258 260 262 263 265 266 267 270 271 272 276 277 278 283 285 286 288 289 290
22 240 241 246 247 248 249 252 253 255 256 257 262 265 266 272 275 276 281 282 284 287 289
16 243 245 254 255 257 262 263 264 268 269 270 273 274 275 276 289
24 240 243 244 245 247 250 251 252 258 261 265 268 270 273 276 277 278 281 282 285 286 287 288 290
16 243 244 248 250 251 252 253 254 257 270 274 277 281 282 283 289
22 240 243 244 247 248 249 251 252 255 256 257 260 261 263 271 277 279 282 283 284 285 289
18 239 242 243 250 252 254 255 256 257 269 270 275 279 281 282 283 286 288
30 242 243 244 246 247 249 250 251 252 253 254 257 260 261 262 263 264 267 269 270 271 273 274 277 278 281 282 283 284 289
18 239 241 247 252 254 258 260 263 264 265 268 272 274 276 277 283 289 290
29 239 241 242 243 245 247 249 250 254 255 256 258 259 261 262 263 268 270 274 275 278 280 282 283 284 285 288 289 290
23 243 246 247 251 252 256 257 259 261 263 265 266 267 268 269 274 276 277 278 281 284 287 290
36 239 240 243 244 245 246 247 248 249 250 251 253 254 256 257 259 261 263 264 265 266 267 268 270 271 272 274 276 278 279 280 282 285 286 287 288
26 242 243 244 245 246 247 252 254 257 258 259 264 265 267 268 271 273 279 280 281 282 284 285 287 289 290
15 244 248 249 251 265 269 271 272 273 281 282 285 286 288 289
21 240 242 243 248 252 254 255 256 257 260 261 264 267 268 269 270 276 283 284 285 290
23 242 243 244 246 248 249 250 251 253 256 262 266 267 269 270 272 277 280 283 285 287 288 290
29 240 242 243 244 247 248 250 252 253 254 258 261 262 263 264 266 267 268 269 270 271 276 278 279 282 283 285 288 290
31 242 243 244 245 246 247 248 249 250 251 252 253 255 256 261 264 266 267 268 271 273 274 275 276 277 278 279 283 284 288 290
26 241 245 247 248 249 251 252 253 256 257 260 262 264 266 267 269 271 276 280 281 282 283 284 286 287 290
24 239 240 241 242 243 244 247 251 256 263 264 266 271 272 273 274 276 279 281 283 284 285 287 288
21 240 241 242 243 250 253 259 260 262 264 266 269 272 273 276 277 278 281 283 284 286
32 239 241 242 243 244 247 250 251 253 254 255 258 259 261 262 263 264 265 266 268 271 273 276 277 280 281 282 284 285 288 289 290
33 240 241 243 247 250 251 252 253 254 255 256 257 258 259 262 264 267 268 272 273 275 276 277 278 279 280 283 284 285 287 288 289 290
16 242 244 245 247 249 251 252 254 256 260 263 268 269 277 278 287
25 240 247 249 250 251 253 254 257 258 259 262 265 267 268 270 271 273 275 276 277 279 280 281 284 285
31 240 242 243 245 246 247 248 251 252 254 255 259 260 261 263 265 266 267 268 269 270 272 273 276 279 282 283 285 287 288 290
33 241 242 244 245 246 247 248 249 251 252 253 259 262 263 265 266 268 269 271 272 273 274 276 277 278 280 281 282 284 285 286 288 289
26 239 242 247 249 251 252 253 254 255 257 258 259 260 262 264 266 268 271 272 279 281 282 283 285 286 290
22 240 242 246 247 252 254 255 256 257 264 265 267 268 270 271 272 273 275 277 282 285 288
18 239 243 246 249 252 253 258 259 261 262 266 272 276 278 282 283 284 287
34 239 240 241 243 244 245 246 248 249 250 251 254 255 256 257 259 260 261 264 267 268 269 272 273 275 278 279 281 282 283 284 285 288 290
31 239 240 241 242 244 245 246 248 249 250 251 252 255 256 258 259 261 262 263 264 266 267 272 275 276 278 281 283 284 285 289
28 242 243 244 245 248 250 251 252 254 255 257 260 261 263 265 266 267 270 273 274 275 277 280 281 286 287 289 290
15 243 249 253 256 257 265 266 271 272 274 280 286 287 288 289
28 239 240 241 242 244 246 248 250 253 254 255 260 261 263 265 269 270 272 273 277 278 279 280 282 283 284 285 288
16 239 244 248 250 252 253 254 255 256 257 262 268 276 280 281 286
31 239 240 241 243 245 250 252 253 254 255 256 257 259 260 262 263 264 265 269 272 273 274 277 279 280 282 283 284 285 286 287
26 239 240 241 242 243 245 246 249 250 251 254 256 262 264 266 268 270 273 274 279 281 282 283 285 287 289
23 239 246 247 249 250 252 254 257 259 266 268 269 274 276 278 279 280 281 285 286 287 288 289
29 242 245 247 248 249 251 253 255 257 260 264 266 267 268 272 273 274 276 277 278 279 280 281 282 285 286 287 288 290
15 239 257 259 260 261 266 268 270 275 276 277 280 281 283 289
18 239 242 250 255 256 257 259 265 266 270 272 273 275 278 282 284 287 289
34 240 242 245 246 247 248 250 251 252 253 254 255 257 259 260 262 263 264 265 266 270 272 273 274 275 276 277 278 279 282 283 288 289 290
24 241 242 244 246 248 251 252 254 256 259 261 262 264 266 268 272 274 276 277 278 280 283 289 290
15 242 245 246 252 254 255 259 261 268 274 277 278 281 283 288
26 240 242 243 245 246 250 251 253 254 255 256 259 264 265 266 268 271 272 275 279 280 281 283 284 288 289
18 239 242 244 245 247 249 253 254 255 257 259 269 281 282 283 284 285 286
18 239 252 253 254 258 259 261 263 266 270 273 280 282 284 286 287 288 290
16 240 245 247 248 251 255 257 258 266 271 274 278 279 283 287 288
31 239 240 241 245 247 248 249 250 253 255 257 258 262 265 266 267 268 269 271 272 275 276 277 279 280 281 282 283 285 286 290
22 240 241 242 244 247 252 254 258 262 264 266 267 269 271 273 276 277 278 279 281 286 287
26 239 240 241 245 246 248 249 250 253 256 257 258 260 261 263 265 266 269 270 271 273 275 279 283 284 289
17 240 244 247 252 253 254 257 258 262 264 266 268 270 282 286 289 290
33 239 241 245 247 248 251 252 256 257 258 259 260 262 263 264 265 266 267 268 271 273 274 275 276 277 278 279 281 282 284 288 289 290
29 239 240 241 243 244 245 249 250 251 253 260 261 262 263 264 265 267 268 269 270 273 276 280 282 283 284 287 289 290
18 241 242 243 244 246 253 254 258 259 260 262 267 271 273 275 285 287 289
22 242 243 244 252 254 256 257 258 259 261 263 270 271 273 276 277 278 279 280 281 284 288
19 241 242 243 245 247 250 253 256 259 260 263 266 271 273 276 278 280 286 288
34 239 241 243 244 245 247 248 251 254 255 257 258 260 263 264 266 268 269 270 271 272 273 274 275 278 280 281 283 284 285 286 287 288 290
24 240 246 247 248 249 251 253 256 260 261 264 266 268 269 270 271 272 273 274 276 279 282 289 290
16 241 242 246 249 251 252 253 260 261 268 269 275 280 283 285 286
16 250 253 254 256 257 258 261 263 273 274 275 278 280 282 283 287
30 240 241 242 243 244 245 246 247 249 250 251 252 254 255 257 258 259 260 261 263 264 266 272 276 278 281 283 285 287 288
31 242 244 245 247 248 250 251 254 256 257 258 259 260 261 263 264 267 268 269 270 271 273 274 276 277 280 282 285 287 288 290
27 239 242 245 246 247 248 249 250 255 257 260 261 262 263 265 269 270 273 275 276 280 281 283 284 285 286 290
17 241 244 245 249 250 252 254 256 262 264 270 272 273 283 285 287 288
29 240 241 242 243 245 246 249 250 251 252 256 260 261 265 266 267 268 269 271 272 276 277 278 279 283 284 285 286 288
30 239 241 245 248 249 251 252 254 256 257 258 259 260 262 266 267 269 270 271 274 275 276 278 280 281 282 283 286 287 288
30 241 244 245 247 249 250 253 254 255 256 257 258 259 261 263 264 266 267 271 273 275 278 280 281 283 284 285 286 287 289
24 240 241 243 247 248 252 254 256 257 261 264 265 269 270 271 272 273 275 276 280 281 285 286 289
25 240 243 244 246 247 249 250 251 255 258 261 262 263 267 269 270 271 275 277 278 279 284 285 286 290
35 239 240 241 242 245 247 248 249 251 252 253 254 256 257 260 261 262 263 264 265 267 269 270 272 274 276 277 278 279 281 282 285 286 287 290
24 240 247 249 250 254 256 257 258 259 260 261 263 270 272 273 275 276 277 279 281 283 284 288 290
36 239 241 243 244 245 246 247 249 250 251 252 253 254 255 257 260 262 263 265 266 267 268 269 270 271 273 274 278 280 283 284 285 286 287 288 290
26 240 241 243 244 247 248 250 251 252 254 255 258 259 261 262 263 264 265 270 271 274 277 279 284 285 288
15 242 245 251 252 259 262 263 264 274 275 279 280 281 282 283
32 243 244 245 247 248 249 250 251 253 254 255 257 258 260 261 264 265 266 267 268 271 273 276 277 279 281 282 283 284 285 287 288
28 239 240 244 245 246 248 249 255 256 257 259 261 263 264 265 268 272 274 276 279 280 281 282 283 285 286 287 288
18 241 243 245 247 249 252 259 263 264 269 272 275 280 282 283 285 287 289
17 240 245 246 248 249 254 259 261 266 269 271 272 276 279 287 289 290
35 240 241 242 244 246 247 248 249 250 251 252 253 255 257 258 259 261 263 264 265 267 268 269 271 272 273 274 275 277 278 281 284 286 289 290
34 239 240 241 242 244 245 247 248 251 253 254 257 259 261 262 264 265 266 267 268 269 273 275 277 279 280 282 283 284 286 287 288 289 290
28 239 240 242 243 247 249 250 251 255 256 260 261 264 265 267 268 269 270 272 277 278 280 281 284 285 286 288 290
35 239 240 241 245 248 250 251 252 253 254 256 257 258 260 261 262 263 264 265 266 268 269 271 272 273 275 276 277 278 279 280 284 285 286 289
19 240 241 242 243 244 245 252 254 255 256 264 265 275 278 280 281 286 287 289
23 239 243 245 246 247 249 250 252 253 255 256 257 259 262 267 268 272 276 277 280 284 285 288
29 240 241 243 244 247 252 253 254 256 257 260 261 262 263 265 266 267 268 270 271 274 275 279 281 282 283 284 285 287
26 239 240 241 242 244 246 249 252 258 260 262 264 265 266 267 270 272 273 274 276 278 279 280 281 284 287
27 240 247 249 252 255 258 260 262 264 265 266 267 268 270 271 272 273 274 275 277 280 281 282 284 285 286 289
19 242 244 245 247 252 253 258 261 266 270 271 274 275 276 281 282 283 286 287
20 240 242 246 249 255 259 261 262 265 266 267 269 273 275 277 279 283 284 287 289
16 239 240 241 242 248 253 260 261 264 270 278 279 284 285 288 289
18 242 243 244 251 253 257 260 263 264 266 269 270 271 280 282 285 287 290
29 240 241 243 246 247 248 249 250 251 254 255 258 260 262 266 267 271 272 277 278 280 281 282 284 285 286 287 289 290
22 239 240 242 243 245 246 247 249 251 254 264 265 266 268 271 272 275 277 279 280 285 287
23 242 245 248 249 250 251 253 256 259 262 266 268 269 270 273 275 277 280 281 285 287 288 290
22 239 245 246 249 251 253 256 257 258 259 260 262 267 273 277 278 280 281 284 288 289 290
36 240 241 242 245 246 247 248 249 250 251 253 254 255 256 258 259 260 261 262 263 264 270 271 272 273 274 275 278 280 281 283 284 285 288 289 290
31 239 240 244 245 247 248 249 252 256 257 258 259 260 262 263 264 265 267 268 270 271 272 273 276 281 283 285 286 287 288 289
23 240 244 246 248 250 252 253 255 256 267 268 269 270 272 273 274 276 281 282 285 286 288 289
34 239 242 244 245 246 249 251 252 253 254 255 260 262 263 266 267 268 269 271 272 273 275 276 279 280 281 282 283 285 286 287 288 289 290
29 239 240 241 242 243 244 247 250 255 256 257 258 259 261 262 263 264 265 266 269 270 273 275 277 280 284 286 288 289
27 239 240 241 245 247 248 253 254 262 263 266 268 269 270 271 273 274 275 276 277 280 282 283 284 286 287 290
24 239 240 241 242 244 247 249 251 252 254 256 258 259 260 263 266 269 270 271 276 280 281 283 285
35 240 241 242 243 244 245 246 247 248 250 253 256 258 259 261 263 266 267 268 269 270 274 275 276 277 278 279 280 281 282 283 286 287 289 290
19 239 240 241 243 245 247 252 253 258 259 260 261 263 269 273 281 286 287 288
25 241 242 243 247 250 251 252 254 256 260 262 266 268 269 270 273 276 278 281 282 283 284 285 289 290
16 242 244 245 247 250 252 254 255 258 275 278 280 281 282 283 286
25 240 241 243 244 248 249 255 257 258 260 266 267 272 273 274 275 276 277 278 280 281 283 284 288 290
21 240 241 243 247 248 250 255 258 259 261 262 263 264 265 273 275 278 281 282 286 287
22 240 244 248 249 252 254 255 256 257 258 259 262 266 270 273 275 278 279 282 283 286 289
28 239 240 248 249 250 251 252 253 255 257 258 259 260 265 267 269 270 271 272 273 274 276 279 281 282 283 288 289
23 240 241 244 245 246 249 252 253 256 257 261 265 267 271 273 276 278 279 281 284 286 288 289
28 239 240 243 244 245 255 258 259 260 261 262 265 266 267 268 269 270 271 272 274 277 280 282 283 286 288 289 290
32 240 242 243 244 247 248 250 251 252 254 256 257 258 259 261 264 266 267 268 271 272 273 275 279 280 281 282 284 287 288 289 290
16 241 242 245 253 254 262 268 270 271 278 280 281 282 283 285 289
21 239 243 244 245 247 248 250 256 258 260 261 262 264 266 269 271 272 273 276 277 288
31 239 240 241 242 243 244 245 246 248 249 252 254 258 259 260 263 264 265 266 271 274 277 279 280 283 285 286 287 288 289 290
29 242 246 248 250 251 253 255 257 258 262 264 265 266 268 269 273 274 275 276 277 278 279 280 282 283 284 288 289 290
32 241 242 243 244 245 247 248 249 251 252 255 257 259 262 265 267 268 269 271 272 274 275 276 279 281 283 284 286 287 288 289 290
32 241 244 245 246 248 250 252 253 259 260 262 266 268 269 270 271 272 274 275 276 277 278 279 280 281 282 284 286 287 288 289 290
31 239 241 242 243 244 247 249 252 253 255 257 261 264 265 269 270 271 272 273 274 276 277 278 279 284 285 286 287 288 289 290
31 241 242 244 246 248 250 251 253 255 256 257 259 261 262 264 265 267 270 271 273 274 275 276 278 281 283 284 286 288 289 290
32 239 240 241 244 245 247 250 253 255 256 258 259 262 263 264 265 267 268 269 270 271 272 273 275 278 281 282 284 285 286 287 288
15 245 256 257 268 269 271 273 274 275 277 281 284 288 289 290
26 241 242 244 249 253 255 256 257 258 259 262 263 265 266 269 271 273 274 275 278 279 280 282 286 287 290
24 239 244 248 249 250 254 259 260 262 264 265 266 269 272 274 276 277 279 280 283 284 286 287 288
16 239 240 241 243 248 251 257 260 271 272 273 277 280 287 289 290
19 246 249 252 253 254 256 260 261 262 268 270 274 276 279 280 281 284 285 289
26 239 241 242 243 245 246 247 248 251 253 254 257 261 262 263 266 268 269 276 279 280 281 285 286 287 289
22 239 242 243 244 246 249 250 257 258 262 264 268 269 270 271 272 275 276 278 280 283 285
21 239 240 245 246 247 253 263 267 270 271 273 275 279 280 282 284 285 286 288 289 290
29 239 240 242 243 246 247 248 249 250 253 255 257 258 260 263 264 265 266 268 269 270 272 276 278 279 280 282 287 288
15 244 245 250 252 260 261 262 269 270 274 276 277 280 282 285
28 239 244 245 246 247 248 250 252 254 255 256 257 263 264 265 268 271 272 273 275 277 279 281 282 284 285 286 288
33 240 241 242 243 244 245 246 247 248 249 250 252 254 256 258 259 260 262 265 266 269 270 272 275 277 280 281 282 283 285 287 289 290
18 239 240 244 246 247 248 250 255 257 259 262 267 270 272 282 285 286 287
34 239 240 241 244 246 247 248 249 250 251 252 255 256 257 259 260 262 263 264 267 268 269 272 275 276 277 278 279 281 283 284 286 287 289
33 239 241 243 244 245 246 248 249 254 255 256 260 261 262 263 264 268 270 274 275 276 278 279 280 281 282 283 284 285 286 287 288 290
36 239 240 241 242 243 246 247 248 249 250 251 252 253 255 257 258 259 261 262 263 264 265 269 272 273 274 276 277 280 282 283 284 285 286 287 290
35 240 242 243 245 249 250 251 255 256 257 259 260 261 262 263 264 265 266 267 268 269 270 271 273 274 275 278 279 280 281 282 283 285 286 288
21 243 246 249 253 254 257 258 262 264 265 269 270 271 273 274 278 280 283 284 286 289
31 240 241 242 243 244 246 249 250 252 253 254 255 259 262 264 266 267 268 269 270 272 275 279 280 281 282 283 284 285 288 289
35 239 240 242 243 246 247 248 249 250 251 252 254 255 257 260 262 264 265 266 268 270 271 272 274 275 276 277 278 279 281 283 285 287 288 290
23 239 241 243 246 250 255 256 258 260 261 265 269 271 272 273 279 280 281 284 285 288 289 290
23 240 241 242 247 248 250 253 255 264 265 266 269 275 278 282 283 284 285 286 287 288 289 290
34 240 243 244 245 247 248 250 251 253 254 255 256 259 260 261 263 264 265 267 268 270 272 273 274 275 277 279 280 281 282 283 286 287 290
17 241 242 245 248 259 260 266 269 270 272 279 280 282 283 287 288 289
30 240 241 245 248 249 250 251 253 254 257 258 260 261 262 266 267 270 273 274 275 277 278 280 282 283 285 286 287 288 290
25 239 241 242 243 244 245 249 250 251 254 255 258 264 267 270 273 274 276 280 281 282 284 287 288 290
29 239 240 241 244 246 247 249 253 254 259 260 261 263 265 266 268 269 272 273 276 277 280 281 284 285 286 288 289 290
16 242 246 249 250 256 258 263 265 266 268 269 274 276 279 282 284
21 241 242 251 253 258 259 261 265 267 268 270 271 272 274 282 283 284 285 287 288 289
26 239 241 242 247 248 253 256 258 261 264 265 266 268 270 272 273 274 275 276 278 280 281 282 285 288 289
26 239 241 243 246 249 251 252 253 255 256 257 259 262 264 266 267 268 270 273 275 277 278 279 280 282 283
19 240 241 247 248 250 252 253 257 259 261 264 266 276 277 278 284 285 286 288
34 239 240 242 244 246 248 250 251 252 253 254 255 256 257 258 259 260 262 263 265 266 267 274 275 276 280 281 282 284 285 286 287 289 290
17 241 246 249 250 252 254 257 258 260 265 269 271 272 274 277 283 286
20 239 242 245 247 248 250 253 257 259 260 262 268 269 275 278 279 280 281 284 288
30 240 242 243 244 246 248 251 252 256 257 258 259 261 262 263 264 265 266 267 268 269 273 279 280 283 285 286 287 288 290
20 239 240 242 247 248 249 254 255 261 262 267 269 270 271 273 274 275 277 282 288
25 239 244 246 251 254 255 257 258 259 260 261 262 268 270 271 276 277 279 281 282 285 286 287 288 290
20 242 244 245 247 248 249 250 252 255 256 259 265 267 268 269 274 278 279 282 287
26 239 245 246 247 248 249 250 253 254 258 259 260 261 262 265 266 267 271 272 277 279 283 284 286 287 290
25 240 241 242 243 247 248 249 251 254 255 256 257 261 262 263 268 269 271 272 274 279 281 285 288 289
25 241 242 243 245 247 250 251 253 256 259 260 261 262 263 270 272 276 278 280 281 282 283 285 287 290
19 240 242 244 245 248 250 252 253 254 257 266 269 271 274 275 277 279 282 289
34 239 240 244 245 246 247 248 249 251 252 253 254 255 256 258 259 260 263 264 265 266 267 268 269 271 272 274 279 280 283 287 288 289 290
34 239 240 242 243 246 247 248 250 253 254 256 257 258 259 260 261 263 264 266 268 270 271 272 273 275 276 279 281 282 283 286 288 289 290
34 239 240 241 242 243 244 245 246 247 248 249 250 251 252 254 256 257 258 259 261 262 267 268 269 274 275 278 279 280 282 284 285 287 288
22 241 245 247 250 251 252 253 258 259 260 261 264 265 267 269 270 271 273 277 284 285 289
26 239 241 243 245 246 248 250 251 252 255 256 263 266 267 268 269 270 271 273 274 279 281 285 288 289 290
20 240 241 242 250 252 253 255 259 261 264 265 267 268 271 279 280 281 282 283 286
36 239 240 241 248 249 250 251 252 253 254 255 258 260 261 262 263 265 267 268 269 270 271 274 275 277 278 279 281 282 284 285 286 287 288 289 290
28 239 240 241 242 244 245 246 251 252 254 255 256 259 260 261 262 263 272 273 275 276 277 281 283 285 288 289 290
35 239 240 241 242 245 248 249 250 253 254 255 256 258 259 260 262 263 264 265 266 267 268 270 272 273 274 275 276 277 280 281 282 283 289 290
25 239 242 244 250 252 253 254 255 258 263 264 267 270 271 273 275 277 280 283 284 285 286 287 289 290
24 239 240 243 250 255 257 259 260 263 264 265 267 268 269 272 273 275 276 278 280 282 284 286 287
18 245 251 252 257 260 266 267 268 270 271 272 273 275 276 277 280 281 290
26 242 245 247 255 256 258 259 261 262 263 265 266 267 272 273 276 277 278 279 282 284 286 287 288 289 290
25 239 240 245 246 247 252 253 254 255 256 257 261 262 265 268 270 271 272 274 275 277 279 287 289 290
22 240 241 243 246 251 253 254 256 258 262 263 265 270 272 274 276 279 280 281 283 285 286
22 240 241 243 244 245 247 256 257 258 259 261 262 264 266 267 270 275 276 278 283 289 290
20 239 242 245 247 248 250 254 257 260 265 269 271 275 277 278 282 283 287 288 289
36 239 240 241 242 245 246 247 251 252 253 254 255 256 257 258 259 260 261 263 264 265 267 268 272 273 274 275 277 278 280 283 284 285 286 287 289
22 243 244 247 248 250 251 252 256 257 259 260 266 267 269 270 271 274 275 277 279 283 289
17 239 240 246 250 257 258 260 262 267 274 275 276 280 281 282 283 284
18 239 240 242 245 246 249 250 257 258 259 260 264 265 266 273 275 276 286
29 240 241 242 243 244 246 247 248 249 250 251 252 254 255 256 258 261 262 263 266 269 273 276 277 278 279 280 282 288
20 242 245 246 248 255 259 262 265 267 270 272 274 276 280 281 282 283 286 288 290
33 239 243 245 246 247 249 250 251 252 254 256 258 259 263 264 265 266 267 268 269 270 272 275 277 278 280 281 282 283 284 285 286 288
27 240 246 247 248 252 254 255 256 257 259 260 264 266 267 268 269 270 272 275 278 279 282 284 285 286 287 289
19 239 240 244 250 251 254 255 261 262 263 264 266 268 272 273 277 279 281 289
29 239 240 241 243 244 245 246 250 252 253 254 255 256 259 261 262 263 264 266 271 273 277 279 280 282 283 284 286 287
18 242 243 244 247 250 251 253 256 262 264 266 270 274 277 280 282 285 290
28 240 242 243 248 251 252 253 256 258 260 261 262 263 264 266 268 271 272 273 274 275 276 277 278 284 285 287 289
19 239 240 241 242 246 250 254 256 259 262 264 270 271 273 277 278 282 285 287
34 241 242 243 244 245 247 249 251 252 253 256 257 258 259 260 261 262 263 265 268 269 270 271 272 273 275 276 277 279 282 284 286 289 290
25 239 242 243 244 245 248 249 253 257 258 259 261 263 266 269 270 274 275 276 280 281 283 284 287 290
16 239 242 244 251 260 262 263 265 266 267 271 274 275 281 289 290
24 240 243 244 247 248 251 252 253 255 256 258 260 262 263 266 268 270 271 277 279 285 286 287 289
28 239 241 243 245 246 249 252 253 254 257 260 264 266 267 269 270 271 272 273 275 276 277 278 279 281 286 287 289
31 239 240 241 245 248 249 253 257 258 260 261 262 267 268 269 270 271 272 273 274 276 277 278 281 282 283 285 286 287 289 290
29 240 241 243 244 245 246 248 249 250 251 254 257 264 265 267 268 269 270 271 272 273 275 276 277 278 279 282 283 289
23 243 244 246 248 249 250 251 254 257 260 261 263 264 265 269 273 274 276 281 282 283 286 287
34 240 242 243 246 247 248 249 250 251 253 254 256 257 258 262 264 266 267 269 270 271 273 274 275 276 278 280 281 282 283 286 287 288 289
28 239 240 241 243 246 247 249 250 254 255 256 257 258 261 263 264 266 269 272 274 276 278 279 281 283 284 288 289
31 239 240 243 244 246 251 252 253 254 255 259 260 261 262 263 264 265 266 267 269 270 271 274 275 276 279 280 285 286 287 288
15 248 249 250 253 259 262 265 268 270 271 272 277 280 284 289
24 239 241 242 243 244 248 249 250 252 254 255 256 259 262 263 268 269 270 272 273 278 279 281 284
31 239 241 243 244 246 247 248 249 251 252 253 254 255 256 257 260 261 262 263 264 265 267 273 274 275 276 280 282 285 287 288
25 240 241 242 243 244 245 248 254 257 258 262 263 268 271 274 275 276 277 278 279 282 284 285 287 290
32 240 241 243 244 245 246 249 250 251 254 255 256 257 260 261 262 263 266 267 268 271 273 276 277 278 279 280 281 283 285 288 290
29 240 241 243 244 247 248 249 254 255 257 260 261 262 264 266 268 269 273 274 276 279 280 282 284 285 286 287 289 290
25 239 241 243 244 245 246 247 248 249 250 253 255 256 261 265 266 270 271 277 281 282 284 286 288 290
29 240 242 244 246 248 249 251 252 253 259 260 261 264 265 266 268 271 272 274 275 277 278 279 281 284 285 286 288 289
22 244 249 252 253 254 255 260 262 263 265 266 267 270 271 273 274 275 277 278 279 282 285
27 239 241 244 245 249 250 252 253 254 256 259 260 262 264 269 270 273 276 278 281 282 283 284 286 287 288 289
19 240 242 243 246 248 249 251 254 257 258 260 264 268 280 281 285 286 287 289
27 243 244 245 246 247 248 249 250 251 252 253 258 259 260 263 265 266 268 271 272 273 279 280 281 283 284 286
24 239 240 242 245 247 248 249 251 253 255 256 262 264 268 270 274 276 278 279 280 281 282 285 290
19 244 245 247 250 251 256 257 259 261 262 267 268 274 278 279 280 282 286 287
23 239 241 245 246 251 252 253 254 256 258 259 261 265 267 269 271 272 277 280 281 286 289 290
26 241 242 243 244 248 250 252 258 259 262 263 264 266 268 269 271 275 276 277 278 279 281 285 286 288 289
35 239 240 241 249 250 251 252 253 254 255 256 257 258 259 261 263 264 265 267 268 269 270 271 272 274 275 277 278 281 283 286 287 288 289 290
29 244 245 246 247 248 249 250 251 252 253 255 257 258 259 264 265 266 267 268 271 277 278 283 284 285 286 287 288 290
22 241 244 245 246 247 249 251 253 254 256 257 258 260 261 265 273 275 277 279 284 285 287
32 239 241 243 245 247 248 250 252 254 255 256 257 258 259 261 262 264 267 269 270 273 274 275 276 277 279 280 283 284 285 286 287
15 242 243 252 253 257 258 264 267 273 276 278 280 287 288 289
34 240 242 243 244 245 246 249 250 251 252 253 254 255 257 258 260 262 263 264 266 267 269 271 273 274 275 276 279 280 281 284 285 286 289
30 241 243 245 248 249 252 254 255 257 260 261 262 263 265 266 267 269 271 272 273 275 276 278 280 281 283 287 288 289 290
25 239 240 242 246 250 252 253 257 258 261 263 264 265 267 268 271 273 276 277 279 281 282 285 288 290
25 239 240 241 244 248 249 251 253 255 258 260 261 264 267 268 272 273 274 277 279 282 283 285 287 289
28 239 240 244 245 246 247 248 249 250 251 252 255 256 258 259 264 267 269 274 275 276 278 280 281 282 286 288 290
34 239 240 241 244 246 247 248 252 255 257 258 259 260 261 262 263 264 265 266 268 269 270 272 273 275 276 277 279 281 282 283 284 285 287
22 242 251 252 253 254 256 261 264 269 270 272 275 279 280 281 282 283 286 287 288 289 290
18 245 246 247 249 250 251 253 254 258 263 264 265 267 273 274 280 281 283
36 239 242 243 244 245 248 249 253 254 255 256 258 259 260 261 262 263 264 265 266 268 269 270 272 273 274 275 277 278 279 280 282 284 285 286 288
21 239 241 242 248 251 254 256 257 258 259 262 264 265 271 272 276 280 282 287 289 290
32 239 240 241 242 246 248 250 253 255 256 257 258 259 260 262 263 264 268 269 270 271 274 275 276 277 278 283 284 286 288 289 290
33 239 240 241 244 246 248 249 250 251 252 253 255 256 258 259 261 262 263 267 269 270 271 272 273 275 276 278 281 283 284 285 289 290
26 239 243 244 246 247 248 250 253 255 259 261 264 265 268 272 273 274 275 277 278 279 282 284 286 287 290
34 239 240 241 244 245 246 247 250 251 254 255 256 257 258 261 262 264 265 266 267 268 269 271 272 274 277 279 280 281 282 284 286 287 288
25 239 240 243 244 247 249 250 252 256 259 262 263 265 271 272 273 274 276 277 281 283 284 287 288 289
28 241 242 244 246 249 251 253 254 258 260 261 263 264 265 266 268 269 270 272 274 275 277 278 279 280 283 287 289
26 241 244 247 248 249 255 256 258 259 260 261 263 264 265 269 270 271 273 274 279 282 283 284 287 288 290
32 239 241 243 244 247 248 249 252 253 254 256 258 259 261 263 266 267 268 271 275 276 277 279 280 282 283 284 286 287 288 289 290
35 239 240 241 242 243 244 245 246 248 250 251 252 253 255 263 264 265 266 268 269 270 273 275 277 278 280 281 282 283 285 286 287 288 289 290
22 240 242 250 251 254 256 260 261 262 263 264 266 270 271 272 275 276 277 278 285 289 290
19 241 242 245 247 253 255 256 257 259 261 263 264 265 273 277 281 288 289 290
27 241 244 247 249 251 252 255 256 257 258 259 263 264 265 266 271 273 274 275 276 278 280 283 284 285 287 290
33 239 240 244 245 246 248 249 250 251 253 255 256 258 259 262 264 267 268 269 270 272 273 274 275 276 277 278 283 284 285 286 287 289
22 240 241 242 244 245 246 247 249 250 251 255 260 261 263 269 271 278 279 280 287 288 290
21 239 241 245 247 251 252 254 255 257 259 260 263 267 269 272 279 280 282 286 287 290
33 239 240 242 243 244 246 254 255 257 258 259 261 262 263 264 265 267 268 269 270 271 272 273 275 278 280 281 282 285 286 287 289 290
29 240 241 242 244 248 252 253 256 257 258 260 262 265 268 269 270 271 272 276 277 280 281 282 283 284 285 286 288 290
24 240 247 249 250 251 257 258 260 262 263 264 265 266 268 273 275 277 280 284 285 286 287 288 290
32 239 240 241 242 245 246 248 249 251 252 253 255 257 258 259 262 263 266 269 272 275 277 278 279 280 281 282 283 284 286 288 290
20 239 242 243 244 245 248 250 255 260 263 268 269 272 275 276 279 280 281 285 287
33 240 241 243 244 245 248 249 250 251 253 255 257 258 260 261 263 264 265 266 267 269 273 275 277 278 279 281 282 283 284 286 288 289
16 293 301 302 303 306 307 309 312 313 315 316 317 318 319 321 322
19 291 292 295 296 297 299 303 305 306 307 310 311 316 317 318 319 320 321 323
12 291 292 297 299 301 304 308 311 312 313 314 327
11 294 298 300 301 303 306 307 313 314 316 319
12 292 293 295 296 299 313 314 317 318 322 324 326
12 291 292 297 301 302 305 309 311 319 322 323 326
18 291 292 293 295 300 301 304 307 311 312 314 315 316 318 320 322 325 326
8 292 297 302 303 306 312 326 327
19 294 296 297 298 299 302 303 305 306 308 309 310 313 317 319 321 323 324 327
13 292 297 300 306 308 309 316 318 319 320 324 325 326
6 292 297 308 320 326 327
9 294 301 302 303 309 315 318 325 326
6 292 302 312 323 325 326
5 298 305 315 320 324
9 292 293 305 312 314 315 319 323 325
4 295 296 307 311
8 291 299 304 308 309 310 315 321
11 291 293 299 301 304 305 311 312 315 321 327
4 293 308 309 315
8 291 293 296 308 311 324 325 326
18 292 295 297 299 302 304 305 309 310 312 315 317 318 320 321 322 323 327
13 294 295 296 298 302 303 307 310 313 314 317 322 323
7 293 298 307 308 312 316 317
11 293 297 300 301 306 312 313 320 323 326 327
12 297 298 299 300 301 303 308 316 319 320 323 324
9 291 292 295 298 308 311 313 321 324
21 291 292 293 297 298 299 300 302 303 304 305 310 313 314 315 316 318 319 321 322 324
7 295 297 307 309 314 323 325
20 293 294 295 296 300 302 303 306 307 309 310 316 317 318 319 321 322 323 325 326
13 291 292 294 295 296 298 302 305 306 310 311 320 324
8 293 296 300 305 309 316 317 322
15 291 294 295 298 304 306 307 311 312 314 315 319 324 325 327
12 291 293 296 299 301 303 306 311 315 316 317 327
9 291 293 297 298 304 307 318 321 323
13 297 298 302 304 305 306 310 311 314 318 321 325 326
11 292 293 302 304 309 311 312 317 318 321 325
14 299 301 307 312 313 314 315 316 317 321 322 323 325 327
10 294 299 304 306 307 309 314 317 321 322
15 291 294 295 296 305 307 313 314 315 317 318 319 320 323 325
10 295 299 301 302 307 309 310 315 322 324
18 292 293 297 299 305 307 308 310 311 312 313 316 317 319 320 321 322 324
5 303 306 318 324 327
24 291 292 293 294 295 296 299 300 301 303 307 308 309 312 313 315 316 317 319 320 322 323 324 327
10 293 297 300 303 304 308 309 318 319 326
11 292 294 296 298 307 311 314 316 318 319 322
27 291 292 293 296 297 298 299 300 301 303 304 306 308 309 310 311 312 314 317 320 321 322 323 324 325 326 327
9 291 294 295 305 307 313 315 326 327
10 294 304 305 309 312 314 317 318 323 325
10 295 298 301 303 308 310 311 315 319 324
4 298 306 309 311
5 296 306 310 314 322
20 292 296 300 301 303 305 306 308 309 310 311 312 314 315 316 317 320 322 326 327
12 293 298 299 300 304 308 309 310 311 316 321 324
5 299 310 315 316 320
14 294 298 300 301 302 304 312 313 314 322 324 325 326 327
12 291 292 295 299 310 311 314 323 324 325 326 327
10 294 295 302 305 307 313 315 316 318 319
17 291 297 298 300 303 304 305 307 308 309 312 315 316 319 320 321 323
13 294 295 296 299 300 304 310 313 314 315 320 321 325
22 291 293 294 295 296 299 300 301 302 303 306 307 309 310 313 314 316 317 322 325 326 327
12 294 301 306 308 309 312 317 320 323 325 326 327
7 295 302 303 305 317 324 325
9 294 296 297 298 300 304 305 308 320
13 293 296 297 300 301 302 303 306 307 319 322 326 327
10 291 293 294 298 300 305 306 311 314 325
6 294 297 302 307 308 320
22 291 292 295 296 297 298 299 302 306 307 308 310 314 315 316 317 318 320 321 322 323 324
14 292 297 299 301 302 303 308 310 313 318 320 321 323 326
18 291 295 296 299 300 301 303 304 310 313 316 317 318 321 322 324 326 327
15 293 294 300 301 303 304 305 309 311 312 313 319 325 326 327
8 294 295 299 302 313 319 324 325
15 292 297 298 304 305 308 311 312 315 318 319 320 321 323 324
11 291 293 296 297 300 305 313 316 318 320 327
2 301 322
11 296 303 304 312 313 316 317 318 319 321 323
8 294 301 302 306 310 311 325 327
18 292 294 298 300 302 304 305 308 310 312 313 318 319 320 321 322 324 326
10 291 295 296 298 300 304 306 314 323 327
12 292 296 300 301 303 305 310 312 314 315 316 320
6 298 300 307 313 314 319
7 296 304 313 317 318 319 321
9 293 300 301 305 312 313 325 326 327
12 291 294 296 301 307 316 317 320 322 323 324 327
6 296 312 313 317 319 321
4 291 309 315 321
9 294 295 296 299 300 314 315 321 325
11 297 298 302 304 305 306 310 311 321 325 326
7 301 309 312 323 325 326 327
9 292 297 299 301 303 308 310 318 321
21 291 293 294 295 296 299 300 301 303 307 312 313 315 316 317 319 320 322 323 324 327
7 291 294 304 307 315 325 327
10 294 306 308 309 312 317 320 323 325 327
5 297 302 303 306 326
6 294 301 302 309 315 325
7 295 296 300 304 314 323 327
7 295 298 302 310 314 317 322
7 294 302 309 315 318 325 326
3 306 318 324
12 291 294 295 304 307 311 312 314 315 319 324 327
12 292 299 302 304 305 313 314 315 318 321 322 324
7 294 306 307 309 314 321 322
3 303 317 324
8 294 304 309 314 317 318 323 325
4 304 308 309 310
14 291 295 296 299 300 301 303 310 313 318 321 324 326 327
8 298 304 306 311 314 315 324 327
6 291 292 295 311 313 321
13 291 294 295 296 307 313 314 315 318 319 320 323 325
7 293 299 300 304 308 310 324
4 295 299 324 325
12 291 294 295 304 306 307 312 314 319 324 325 327
7 304 309 312 314 317 318 325
12 292 299 301 302 303 308 310 313 320 321 323 326
5 291 292 295 308 324
5 295 296 300 304 323
8 293 297 300 301 306 313 320 327
10 292 294 298 300 302 304 305 308 312 313
7 292 293 296 313 314 318 326
5 294 296 297 300 320
3 292 297 327
6 293 299 300 310 311 321
11 294 298 300 302 304 312 322 324 325 326 327
14 291 293 294 295 296 299 300 301 307 308 313 319 320 327
4 302 312 323 325
7 291 297 298 304 318 321 323
9 294 298 301 302 312 314 322 326 327
7 293 300 301 313 323 326 327
4 292 297 306 326
2 306 310
8 295 301 303 310 311 315 319 324
9 293 295 301 311 312 314 316 320 326
5 298 300 304 314 323
8 291 293 299 305 311 312 315 327
3 293 308 315
9 306 308 309 317 320 323 325 326 327
8 305 314 315 317 318 319 320 325
5 291 296 300 304 323
6 291 295 314 323 324 326
5 293 297 308 309 319
5 303 311 315 319 324
2 310 316
4 292 323 325 326
3 303 306 327
10 301 303 305 306 311 312 314 320 322 327
12 292 293 297 299 305 307 308 312 313 317 322 324
16 291 292 295 296 297 299 305 306 310 311 317 318 319 320 321 323
5 292 302 312 323 326
8 298 302 304 313 314 322 324 325
8 294 301 306 308 320 323 326 327
5 293 298 307 308 317
13 291 294 295 298 304 306 312 314 315 319 324 325 327
4 292 297 320 326
4 297 307 309 325
7 294 300 301 307 313 316 319
4 297 307 314 323
2 310 314
19 291 292 297 299 300 301 303 304 309 310 312 317 320 321 322 323 325 326 327
3 294 307 320
6 293 298 307 312 316 317
8 297 300 303 308 309 318 319 326
11 299 307 312 313 314 315 316 317 322 323 325
9 298 300 301 303 306 307 313 314 316
8 293 297 300 303 308 309 318 319
5 294 302 315 318 319
5 292 297 302 303 306
2 306 311
6 312 313 317 318 319 321
4 291 309 315 321
17 291 294 295 296 299 300 301 302 306 307 310 313 316 322 325 326 327
12 291 297 298 303 305 308 309 312 315 316 320 323
5 295 299 301 302 324
8 292 297 306 308 309 319 320 325
19 293 294 295 299 300 301 302 303 306 307 309 310 313 314 316 317 322 325 326
7 295 299 302 313 319 324 325
6 294 301 308 323 325 326
7 295 302 305 307 313 316 319
5 299 304 309 321 322
5 300 313 323 326 327
3 298 306 311
6 292 302 303 312 326 327
10 297 298 305 306 310 311 318 321 325 326
8 291 292 297 299 308 311 313 314
4 292 297 320 326
5 295 313 319 324 325
8 294 304 305 312 314 317 323 325
11 291 297 298 300 303 304 305 307 308 312 320
4 292 312 323 326
8 292 294 296 307 316 318 319 322
3 302 307 320
5 295 301 311 315 324
4 293 296 300 316
7 294 295 305 313 315 316 318
5 295 303 317 324 325
5 292 293 315 319 323
4 293 324 325 326
4 292 302 312 326
5 295 297 307 309 325
10 297 298 304 311 312 318 319 320 321 324
10 297 299 301 302 303 310 320 321 323 326
6 291 294 307 313 315 326
4 298 307 312 317
8 296 303 304 313 316 318 319 321
8 297 299 304 308 312 313 314 327
7 295 296 298 304 306 314 323
14 291 293 297 299 300 302 303 305 310 314 315 316 321 322
6 295 302 303 305 324 325
10 291 295 299 303 307 310 318 319 320 321
1 301
10 293 301 302 303 306 312 315 316 319 322
6 292 299 311 325 326 327
12 294 300 302 305 308 310 312 313 318 321 322 324
7 299 301 302 310 320 323 326
5 291 298 304 318 321
17 294 295 296 299 300 302 303 306 307 310 313 314 316 317 325 326 327
3 305 320 324
8 291 292 295 310 314 324 325 326
9 292 297 304 309 312 317 320 321 322
2 314 322
10 294 300 302 312 313 314 322 324 325 327
7 297 298 299 301 303 308 316
5 291 293 298 307 318
11 291 303 304 305 307 308 312 316 319 320 321
10 291 292 295 310 311 314 323 325 326 327
2 296 322
4 293 308 312 317
4 291 296 311 326
9 291 292 299 310 311 314 323 325 327
12 291 294 295 296 305 307 313 317 318 319 320 325
7 294 295 300 310 313 314 325
8 293 297 300 304 308 309 319 326
9 292 295 296 302 305 306 310 311 324
4 297 298 300 305
4 292 302 312 323
10 298 300 305 308 310 313 318 319 320 321
17 291 292 293 297 299 300 302 303 304 305 310 313 314 315 318 321 322
12 293 294 300 301 303 304 309 311 312 313 326 327
9 291 294 295 302 305 306 311 320 324
9 297 301 302 303 306 307 322 326 327
3 296 306 322
4 303 305 317 325
4 292 302 323 326
11 293 301 302 306 309 312 313 316 317 319 322
17 292 293 295 299 300 301 303 308 309 313 315 316 317 322 323 324 327
10 299 307 312 314 315 316 322 323 325 327
8 301 306 308 320 323 325 326 327
8 296 303 304 312 313 316 319 321
5 299 302 307 315 324
1 301
4 298 305 315 320
5 291 298 308 311 324
5 291 296 300 306 314
11 291 296 299 300 304 317 318 322 324 326 327
7 296 297 300 305 313 316 327
5 294 299 306 309 322
3 292 308 326
8 294 295 302 307 313 316 318 319
8 292 297 301 302 309 311 323 326
9 297 300 306 308 309 316 319 320 324
10 294 296 303 306 307 310 317 318 321 322
5 307 313 316 318 319
2 296 311
10 299 301 302 308 310 318 320 321 323 326
14 296 300 301 303 305 309 310 311 314 315 316 317 322 326
14 292 293 297 305 307 308 310 311 312 313 316 319 320 324
3 306 309 311
6 294 295 307 313 318 319
7 301 304 313 324 325 326 327
2 306 309
6 291 292 295 308 313 321
11 293 300 303 304 305 309 311 313 319 326 327
5 291 296 308 311 326
3 295 303 325
2 308 315
7 293 297 300 308 309 318 319
8 291 296 297 300 305 313 318 327
8 294 299 304 307 309 314 317 321
3 308 326 327
17 291 292 293 297 298 300 302 304 305 310 314 315 316 318 319 321 322
6 294 306 308 309 323 327
10 291 292 297 307 311 316 317 318 319 321
5 295 307 309 314 323
6 303 304 312 313 317 318
8 304 306 307 309 314 317 321 322
3 293 307 308
6 295 302 313 319 324 325
8 297 301 302 305 309 311 319 323
5 294 295 305 313 326
8 293 301 302 309 313 315 317 322
11 294 297 298 299 308 309 310 319 321 323 324
5 295 302 305 324 325
3 298 309 311
8 292 297 300 309 316 320 324 325
7 294 304 305 312 314 317 325
2 295 307
13 292 295 299 302 304 309 312 315 317 318 320 322 327
2 308 309
8 292 294 296 307 314 316 318 322
11 291 298 299 305 313 314 316 318 319 322 324
8 291 296 306 311 315 316 317 327
6 291 299 304 309 310 315
12 292 296 301 305 310 311 312 314 315 317 322 327
12 292 295 297 299 303 305 306 316 318 319 321 323
9 293 297 301 303 306 307 322 326 327
6 292 294 296 298 314 316
2 306 309
10 295 300 304 310 313 314 315 320 321 325
6 293 305 312 314 323 325
6 291 292 295 298 308 311
8 292 297 299 304 308 311 312 314
18 292 293 297 298 301 303 304 306 308 310 311 314 317 322 323 324 326 327
15 292 294 298 300 302 304 305 308 310 312 313 318 319 321 326
5 291 299 304 308 321
5 291 293 307 318 323
8 292 297 304 308 312 319 321 324
5 300 305 309 317 322
8 296 303 304 313 316 317 318 323
15 296 297 298 302 303 305 308 309 310 313 317 319 323 324 327
2 295 311
5 294 296 297 300 308
7 291 293 297 298 304 307 318
7 294 298 300 304 305 308 320
12 291 293 294 299 300 301 307 309 310 313 316 327
3 303 318 327
7 291 292 301 305 309 323 326
5 307 309 314 323 325
6 295 298 303 308 315 324
3 298 306 311
6 291 301 302 309 311 326
8 291 294 295 296 307 314 319 323
3 295 296 307
10 294 301 306 308 317 320 323 325 326 327
6 296 303 304 317 321 323
10 293 296 301 303 306 307 319 322 326 327
7 294 295 302 305 307 313 318
10 292 297 299 311 312 316 319 321 322 324
11 291 295 296 299 302 306 309 310 313 316 327
8 291 292 295 298 308 311 313 321
10 297 298 299 300 303 308 316 319 320 323
5 301 309 310 315 322
6 294 301 303 315 318 326
3 302 308 320
3 302 307 308
7 292 294 296 298 311 314 318
7 292 301 302 305 311 319 322
9 292 293 302 304 311 312 317 321 325
13 295 299 304 309 310 312 315 318 320 321 322 323 327
7 291 297 301 304 311 312 327
11 292 296 300 301 309 311 315 316 322 326 327
6 295 299 301 302 307 315
8 295 299 301 302 307 309 310 324
8 292 297 303 308 318 320 323 326
4 297 302 306 312
15 292 300 303 305 306 309 311 312 314 315 316 317 320 326 327
13 293 301 302 303 306 309 312 313 315 316 318 321 322
9 294 295 296 300 304 310 320 321 325
1 301
14 291 292 294 299 300 301 307 308 309 315 317 319 320 322
10 294 298 300 302 305 310 312 318 320 322
4 294 301 309 325
5 296 298 300 305 308
18 291 295 296 297 298 306 307 308 310 314 315 316 318 320 321 322 323 324
10 291 295 296 305 307 313 314 315 320 323
6 292 297 302 303 306 312
2 293 308
4 302 306 311 325
8 291 293 296 303 306 311 316 317
1 301
11 292 299 301 302 308 310 313 318 320 321 326
6 291 298 304 307 318 323
4 299 313 319 325
2 310 322
2 318 327
5 295 305 307 315 327
8 291 294 295 306 307 311 324 327
6 300 304 308 309 319 326
9 291 292 295 299 310 314 323 324 326
21 291 292 294 295 296 298 299 302 303 306 307 308 310 311 316 318 320 322 323 325 326
12 291 296 300 303 310 311 312 315 317 318 325 326
19 291 294 296 298 304 307 308 309 310 313 314 317 318 322 323 324 325 326 327
20 293 294 296 299 303 304 306 307 308 310 311 312 315 317 318 319 320 321 322 323
24 292 293 295 297 298 300 301 302 303 304 306 307 308 309 311 313 315 316 317 318 321 324 325 327
22 292 293 295 296 298 299 300 301 304 305 308 309 311 314 315 316 317 318 319 322 325 326
17 291 293 294 295 296 298 299 301 302 303 306 310 312 316 320 322 323
13 292 297 299 303 306 307 308 309 312 314 320 324 326
22 291 292 294 295 296 298 301 305 306 307 308 309 311 313 315 318 320 321 322 323 325 326
22 291 294 295 296 298 299 302 303 304 305 307 310 311 312 315 316 317 318 319 323 325 327
16 291 292 293 294 296 297 299 302 304 306 308 313 314 318 324 325
14 291 298 299 302 303 304 306 308 309 316 317 318 319 323
16 293 294 296 299 302 306 307 309 313 317 318 319 320 321 325 327
17 291 292 294 295 296 297 300 301 302 303 313 315 316 318 320 326 327
11 297 299 302 305 308 312 316 317 318 321 322
11 291 296 300 301 304 308 312 317 322 324 327
16 291 292 293 297 298 300 304 306 309 311 314 316 317 318 322 324
20 291 295 297 300 302 303 304 306 307 309 310 311 312 315 316 318 320 321 325 327
25 291 292 294 295 296 297 299 300 301 303 304 305 309 311 312 313 314 317 318 319 322 323 324 326 327
18 294 295 296 297 300 303 306 309 311 313 315 316 317 318 319 321 322 325
12 293 295 296 297 298 300 311 315 322 323 326 327
16 293 295 296 298 299 300 303 304 310 314 317 318 321 322 323 326
13 291 292 293 295 297 300 301 304 308 310 311 312 314
11 292 294 307 311 312 314 316 319 320 322 326
18 294 296 298 300 301 302 304 306 307 310 312 313 314 317 320 324 325 327
12 291 292 294 296 297 299 304 306 307 310 316 320
22 291 292 293 296 297 298 301 302 305 307 308 310 311 312 313 314 317 318 319 321 324 326
14 291 292 296 297 300 301 304 306 309 311 314 315 321 324
21 294 297 299 300 301 302 303 304 305 306 307 310 311 314 315 318 319 320 323 325 327
23 291 296 297 298 299 300 301 302 303 304 306 307 311 313 317 318 319 320 321 322 324 326 327
15 291 292 294 295 296 302 303 306 307 308 311 317 318 321 324
21 293 294 298 299 300 302 306 307 311 312 313 314 315 316 319 320 322 324 325 326 327
12 293 295 296 304 309 310 311 313 314 317 321 324
17 291 292 295 299 300 302 306 307 308 309 310 311 313 314 316 322 324
20 291 292 293 295 296 300 304 306 308 310 313 316 318 320 321 322 323 325 326 327
22 291 293 295 297 298 301 304 305 306 307 308 310 312 313 314 316 319 320 321 322 323 325
13 291 294 301 302 307 313 314 315 316 317 318 320 321
15 291 292 294 297 298 300 301 308 310 312 317 322 324 326 327
22 294 295 296 300 301 302 303 304 305 306 310 312 313 314 315 317 319 320 321 322 323 324
25 291 292 293 294 295 296 299 300 303 306 307 308 309 311 312 313 314 316 319 321 322 323 324 326 327
11 295 296 298 300 302 303 307 309 312 316 322
25 291 292 294 295 296 297 299 300 301 303 306 307 308 309 310 311 313 314 315 317 318 319 320 321 323
21 291 292 295 296 297 300 302 303 306 307 309 312 313 315 316 318 319 320 321 326 327
17 292 293 294 296 297 298 302 305 307 311 315 317 320 321 322 323 326
25 291 292 293 294 296 297 299 302 303 304 307 308 309 310 311 312 313 315 316 317 319 323 325 326 327
18 293 296 298 300 301 303 305 306 307 308 309 315 316 318 320 322 323 325
21 292 293 295 297 298 299 302 303 307 308 309 310 312 314 317 319 321 323 324 326 327
14 291 292 294 295 296 301 308 311 312 313 317 321 324 326
11 292 297 298 299 302 307 308 315 316 324 326
23 291 292 293 294 296 297 300 302 303 304 308 309 311 312 314 316 317 318 321 322 323 324 325
22 293 294 295 296 297 298 300 301 303 304 305 309 310 311 315 319 321 322 323 324 326 327
21 291 294 296 299 300 301 302 304 306 307 308 309 311 312 313 316 317 318 319 320 324
13 291 292 294 296 301 305 308 311 313 317 318 320 324
14 292 295 300 301 302 303 307 309 311 312 313 317 322 324
21 291 294 295 296 298 299 300 301 302 305 306 308 310 311 313 315 318 321 324 326 327
14 291 298 299 300 302 303 304 305 306 313 317 319 326 327
20 291 293 294 299 300 303 304 305 306 308 310 312 314 315 316 318 319 320 321 322
21 292 294 296 297 298 299 302 303 305 306 308 310 312 314 315 316 317 319 321 326 327
12 296 298 304 305 306 312 313 317 318 322 323 326
14 296 297 300 302 303 306 308 309 313 318 319 323 325 327
25 292 295 296 297 298 299 301 302 303 304 306 307 308 309 311 312 313 314 317 318 319 323 324 325 326
22 292 294 296 297 299 301 302 303 304 306 308 309 310 312 314 315 316 317 320 321 323 327
21 293 294 297 298 299 300 301 302 303 304 305 307 311 313 315 316 317 320 322 324 326
17 293 295 297 302 303 304 305 308 309 310 313 314 315 316 317 323 326
22 291 294 295 296 297 298 299 301 302 305 307 308 310 312 313 315 316 318 321 322 324 325
18 291 292 293 294 295 298 300 302 307 309 312 313 314 319 320 323 324 326
21 291 296 297 299 301 302 303 304 305 307 308 311 313 314 315 316 317 318 320 321 323
17 293 294 295 296 299 302 306 308 309 312 313 314 315 323 325 326 327
25 291 292 293 295 296 298 299 301 302 304 306 308 309 310 312 313 314 316 317 318 319 320 322 323 326
13 293 299 300 304 305 309 311 314 316 319 320 325 326
21 291 292 293 296 298 299 301 303 304 305 307 311 313 315 316 317 318 320 322 323 327
14 294 301 302 306 307 308 311 312 314 318 320 322 326 327
12 293 295 296 297 303 315 318 320 323 324 325 327
22 291 292 296 301 302 303 304 305 306 308 310 311 312 314 315 318 319 320 321 322 325 327
13 294 295 297 298 302 303 307 309 311 317 320 321 324
16 291 292 293 295 297 299 301 304 306 315 316 317 319 321 323 326
19 292 293 294 296 298 300 301 302 303 308 309 310 311 312 314 316 318 319 321
25 294 298 299 301 302 303 304 305 307 310 311 312 313 316 317 318 319 320 321 322 323 324 325 326 327
15 291 294 296 297 300 301 302 305 306 312 313 315 318 321 326
21 292 294 297 298 299 300 301 302 305 308 310 312 314 316 317 318 319 323 325 326 327
23 291 293 296 298 299 300 302 303 304 305 306 309 311 312 314 315 316 317 319 321 322 326 327
12 292 293 294 303 305 306 308 310 311 316 323 325
25 293 294 295 296 301 302 303 304 305 306 307 308 309 311 312 313 314 315 318 319 321 322 323 324 326
20 294 295 298 300 302 306 310 311 312 314 315 316 317 318 319 322 323 324 326 327
11 293 298 299 300 302 308 315 319 321 322 326
20 292 293 294 295 301 304 305 306 309 311 313 316 317 319 320 322 323 325 326 327
18 293 294 295 296 297 300 303 308 309 310 312 313 318 321 323 325 326 327
11 291 294 296 298 305 308 315 317 319 324 325
14 291 295 304 308 314 315 316 317 319 320 321 325 326 327
20 291 292 295 296 297 298 300 301 303 305 308 309 311 313 317 318 319 320 323 325
12 291 294 297 298 300 301 302 310 311 312 319 325
15 291 293 295 299 300 305 308 309 314 316 317 320 322 326 327
24 292 293 295 296 298 301 303 306 307 308 309 310 311 312 314 315 318 319 322 323 324 325 326 327
20 292 293 296 297 298 301 303 306 307 309 310 311 316 318 320 321 323 324 325 326
19 291 292 294 295 296 298 299 306 308 310 313 314 317 318 320 321 322 323 325
14 296 297 299 307 309 311 315 316 318 319 320 323 324 327
17 291 293 294 296 299 300 303 304 305 306 310 316 319 320 321 324 325
21 292 293 295 297 298 299 301 305 306 308 309 310 314 318 319 320 321 322 325 326 327
12 291 292 294 301 303 304 305 310 311 314 321 327
25 291 293 294 295 296 297 299 301 302 303 304 305 306 308 309 310 312 313 318 321 322 323 324 326 327
14 294 296 299 300 302 303 304 305 309 310 312 320 324 327
15 295 297 302 305 312 313 314 315 316 317 319 321 322 325 327
12 294 301 302 303 304 306 308 309 314 316 317 326
21 292 293 296 297 298 299 300 302 304 305 306 308 316 318 319 320 321 322 323 324 326
21 291 297 299 302 304 305 307 308 309 311 312 313 314 316 318 320 321 322 323 325 327
21 291 293 294 295 297 300 301 304 305 306 307 309 311 314 316 318 319 322 323 324 326
16 291 292 295 298 299 300 303 304 312 314 316 319 322 324 326 327
13 293 294 295 296 301 302 304 306 312 318 319 323 325
20 296 297 299 302 303 306 307 308 310 311 313 314 316 319 321 322 324 325 326 327
21 293 294 298 299 301 302 303 304 305 306 310 311 312 317 318 319 320 322 323 324 326
24 291 292 293 295 296 297 298 299 300 301 302 303 304 306 307 308 313 316 317 319 320 323 325 326
11 293 297 299 304 307 308 309 320 321 322 326
12 291 294 295 304 309 312 313 314 315 316 319 320
16 292 295 299 300 301 303 304 305 306 310 311 313 317 323 326 327
14 297 298 299 300 301 304 316 319 320 321 322 323 325 327
14 294 295 297 298 304 310 315 318 319 320 321 322 324 326
15 295 298 299 300 302 304 305 307 316 317 318 321 322 324 327
23 291 292 293 295 296 297 299 301 302 304 306 308 309 310 311 312 313 318 319 320 322 323 324
11 291 292 294 296 298 301 303 304 315 320 325
23 291 292 293 294 295 296 299 301 302 304 308 309 310 313 314 317 318 320 321 322 325 326 327
19 292 294 299 300 303 305 306 307 308 311 312 313 315 317 318 319 323 325 327
25 291 292 294 295 296 297 298 302 303 306 307 308 309 310 311 312 314 317 318 320 321 322 323 326 327
13 292 295 300 305 306 309 313 316 317 318 323 324 325
11 292 293 294 300 303 306 307 312 318 319 325
25 291 295 296 297 298 299 300 302 303 304 306 307 308 309 311 312 314 316 318 319 321 322 323 326 327
20 291 294 295 299 303 304 305 306 307 310 311 312 313 315 316 318 320 323 324 325
23 291 293 295 297 298 299 301 302 303 305 306 309 311 313 314 315 316 317 319 320 321 322 327
15 291 293 297 298 299 303 305 315 317 318 322 323 324 326 327
17 297 298 299 301 302 303 307 308 310 311 312 315 318 319 322 323 324
14 292 293 294 300 302 304 310 311 314 316 317 323 324 326
13 292 293 299 300 304 305 306 308 314 320 321 322 324
20 291 293 294 296 297 299 301 302 303 304 309 311 316 318 321 322 323 324 325 327
11 295 299 300 305 306 310 313 317 319 320 326
25 291 293 295 296 297 299 301 302 306 307 308 309 310 311 312 313 314 315 318 319 321 322 323 326 327
11 293 294 301 311 312 314 319 320 321 326 327
25 291 292 293 294 295 296 297 298 299 300 303 304 305 308 310 314 315 316 318 320 321 322 323 325 327
14 291 295 296 297 301 302 303 305 306 309 312 314 317 318
21 291 292 294 295 296 298 301 304 305 307 308 309 310 311 312 315 316 317 318 323 327
13 291 299 302 304 305 307 316 317 318 320 321 326 327
15 291 292 293 294 295 298 302 307 309 311 319 320 323 324 325
11 292 296 297 299 303 306 313 318 325 326 327
18 292 294 297 299 304 305 308 312 313 315 318 319 320 321 322 325 326 327
12 297 299 301 303 306 308 309 310 314 319 322 326
23 292 293 295 296 299 303 304 305 307 309 310 311 312 313 314 315 318 320 323 324 325 326 327
16 292 296 297 299 300 301 302 303 304 307 308 309 310 313 317 326
25 292 293 295 298 299 301 302 303 304 305 306 307 310 312 314 315 316 318 319 321 322 323 324 325 326
25 291 292 293 295 296 299 300 302 303 306 307 308 309 310 311 313 315 316 318 319 320 322 325 326 327
25 292 295 296 297 300 301 303 304 305 306 307 308 310 311 312 313 314 315 316 317 319 321 323 325 326
18 293 294 298 300 301 302 303 308 309 310 312 317 318 319 321 322 326 327
24 291 292 296 297 299 300 303 304 306 307 308 309 310 311 313 314 316 317 318 319 322 323 324 327
25 291 292 295 296 297 298 299 300 301 302 303 304 305 307 308 310 312 314 316 317 320 322 324 325 327
25 291 294 295 296 297 300 301 303 304 308 309 311 312 313 314 316 317 318 319 320 321 322 323 324 326
19 293 295 296 297 300 302 305 306 307 311 312 313 317 318 320 322 323 324 326
23 291 292 294 295 296 297 298 299 300 303 304 305 307 309 311 312 317 319 320 321 323 325 326
19 291 294 295 296 297 298 299 304 308 312 313 314 315 319 320 321 323 324 326
16 292 294 297 298 299 301 303 305 306 308 309 312 318 319 321 322
18 291 292 295 296 301 302 304 305 306 307 308 311 317 318 320 323 324 326
12 294 296 302 303 305 307 309 313 321 323 324 325
21 291 293 295 296 297 301 303 304 306 307 310 311 313 316 319 322 323 324 325 326 327
18 292 293 294 295 300 301 303 304 306 307 312 313 319 321 322 323 324 326
21 291 296 297 298 299 304 306 307 308 310 312 313 314 315 319 320 321 322 325 326 327
23 291 293 294 296 297 299 300 302 304 305 306 307 308 309 312 316 317 318 319 321 322 325 326
24 291 292 293 295 296 297 298 300 301 303 304 306 307 308 309 310 314 317 318 319 320 322 324 326
20 294 295 297 298 300 301 302 304 305 308 313 314 315 316 317 320 322 324 326 327
21 292 293 294 296 297 298 300 301 304 308 309 310 312 314 315 318 319 321 322 324 327
21 292 293 295 298 301 303 306 308 310 311 312 313 315 316 317 319 321 322 324 326 327
23 291 292 294 296 297 298 300 302 304 305 307 308 311 312 314 315 316 319 320 322 324 325 326
25 291 292 293 294 295 296 297 298 299 300 301 302 303 304 305 306 309 310 313 315 322 323 324 325 326
14 297 298 303 305 308 313 315 316 318 319 324 325 326 327
18 293 294 295 300 305 308 310 311 313 315 316 317 319 320 321 323 324 325
24 291 292 293 295 296 297 298 299 302 304 305 306 307 308 310 313 314 316 320 321 322 323 326 327
19 291 293 294 296 298 299 302 305 307 308 310 313 318 319 320 321 324 325 327
13 295 296 297 305 306 309 310 311 312 313 324 326 327
24 291 293 298 300 301 302 303 304 305 306 307 308 309 310 313 314 315 316 317 320 322 324 326 327
24 293 294 295 296 297 298 299 301 302 303 305 307 308 310 311 313 314 316 320 322 324 325 326 327
24 296 298 299 300 301 302 303 304 305 306 307 308 309 311 312 314 315 316 317 319 321 322 324 327
25 294 295 296 298 299 300 301 302 304 306 308 309 312 315 316 317 318 319 320 321 322 323 324 325 327
21 295 298 299 300 301 303 305 306 308 311 314 316 317 318 319 320 321 322 323 324 325
23 291 293 296 297 299 301 302 303 305 306 307 308 309 314 315 316 319 321 322 323 324 325 326
23 291 292 293 296 297 299 300 301 302 305 307 308 309 312 313 314 315 317 319 320 322 323 326
11 292 293 299 300 302 303 310 312 318 325 327
11 295 296 298 304 305 306 307 309 310 313 321
20 291 292 294 296 297 298 301 303 307 308 311 315 316 317 318 319 320 321 323 325
15 291 293 296 304 305 308 309 312 314 315 316 318 319 323 324
19 292 294 295 297 301 304 305 307 308 317 319 320 321 322 323 324 325 326 327
17 293 294 295 298 304 305 307 309 310 314 315 317 319 321 324 325 326
18 293 296 300 301 304 306 307 308 309 313 315 317 319 323 324 325 326 327
21 291 292 293 294 295 296 297 298 299 301 304 305 306 309 313 315 318 322 323 324 326
18 293 294 296 297 298 299 303 304 306 309 311 314 318 320 323 324 325 326
24 291 292 293 294 295 297 299 300 301 303 305 306 307 312 314 317 319 320 321 322 323 324 325 327
24 291 292 294 297 299 301 302 303 305 307 308 309 312 314 315 316 317 318 319 321 322 324 325 327
22 291 292 294 296 300 301 303 308 309 311 313 315 316 317 319 320 322 323 324 325 326 327
19 293 294 296 297 298 299 301 306 307 308 309 311 314 315 317 321 324 325 326
15 293 296 298 299 304 308 309 314 316 317 319 321 324 325 326
11 291 293 295 304 309 316 318 322 323 324 326
21 291 292 293 295 296 297 298 303 304 306 309 310 311 312 313 315 317 321 324 325 327
14 291 293 295 296 297 299 300 305 306 308 309 317 319 326
23 291 295 296 299 300 301 303 304 305 307 308 309 311 313 315 316 317 318 319 320 325 326 327
22 291 292 294 297 300 301 302 304 305 306 308 310 315 316 317 318 320 322 323 324 325 326
25 291 292 293 295 296 298 301 302 303 305 306 309 310 311 312 314 315 316 317 319 320 323 325 326 327
17 297 300 301 302 306 307 309 310 311 313 314 316 320 321 322 325 326
16 291 293 294 295 298 299 302 304 305 307 308 314 316 317 319 323
16 291 292 303 306 308 310 313 314 317 319 321 322 323 324 325 326
18 292 293 294 295 299 300 301 303 304 306 308 312 313 317 321 324 325 327
18 292 293 295 297 299 301 302 304 307 308 311 313 314 315 316 319 325 326
17 293 294 295 298 299 301 302 303 304 305 310 311 313 317 322 323 324
17 291 293 294 297 298 302 304 306 312 313 314 316 317 318 319 324 327
18 293 297 300 304 307 311 312 313 314 315 316 317 318 320 323 324 326 327
14 295 301 302 305 306 307 309 313 314 316 318 319 320 324
19 292 293 294 295 298 299 301 305 306 307 309 312 313 316 317 318 319 321 322
16 291 295 299 300 303 304 305 306 307 308 313 315 317 319 322 325
15 291 301 304 307 310 314 315 316 318 320 321 323 324 325 327
12 292 298 299 306 308 310 312 315 318 323 326 327
13 293 297 301 302 303 304 307 309 310 311 313 318 327
19 292 293 294 297 301 302 303 304 306 307 308 309 311 312 313 315 317 325 326
17 294 295 296 297 301 302 303 304 313 316 317 318 319 321 322 323 326
22 291 292 293 297 298 300 304 308 309 311 313 314 315 317 318 319 320 321 322 324 325 327
17 291 292 295 299 300 303 304 307 309 310 313 315 317 318 322 323 325
18 291 293 295 296 297 298 299 302 303 305 306 309 313 315 316 318 320 323
12 291 296 297 305 308 311 312 319 320 321 323 327
18 292 296 297 301 305 306 307 314 317 318 319 320 322 323 324 325 326 327
13 291 297 298 299 302 303 306 309 312 316 319 321 325
24 292 295 296 298 300 302 303 304 305 307 308 309 312 313 314 315 316 317 319 320 322 325 326 327
17 291 294 297 298 301 303 304 308 309 310 312 313 316 317 325 326 327
15 291 294 297 298 301 303 304 310 312 315 316 321 323 324 325
14 291 292 297 298 299 301 303 310 312 316 319 322 323 326
21 293 294 295 296 298 299 300 304 307 308 309 311 312 314 316 317 318 320 321 325 326
16 291 292 293 294 295 298 299 300 303 306 312 314 317 319 323 325
24 291 292 293 294 295 296 297 299 300 301 302 303 304 305 308 310 313 315 319 320 321 322 324 327
15 292 293 294 295 296 298 303 304 306 307 313 321 323 325 327
23 292 296 298 300 301 302 303 304 305 307 308 310 311 313 314 315 316 319 320 322 324 325 326
23 292 294 296 299 301 303 304 305 306 309 311 312 313 314 315 316 318 319 320 323 324 325 326
16 293 294 299 300 302 303 308 310 313 314 315 316 320 322 324 325
24 291 292 295 296 297 298 300 301 302 304 305 306 308 309 310 314 315 316 319 320 321 323 324 325
15 292 295 298 299 302 303 305 306 307 308 309 310 316 318 323
12 292 293 294 300 301 304 306 308 310 313 314 324
21 291 292 293 295 296 298 300 304 307 308 309 310 311 312 313 316 318 322 323 324 327
13 299 303 304 306 307 309 312 318 319 320 321 323 326
13 293 300 302 304 310 314 316 319 321 322 324 325 326
13 291 293 295 296 298 304 314 316 317 319 323 325 326
15 292 293 299 302 305 307 308 309 311 312 314 315 320 323 325
20 291 292 294 295 296 298 300 301 304 305 308 310 311 314 317 318 320 323 324 327
21 291 292 293 294 295 296 297 300 302 307 308 309 310 315 316 317 319 320 322 324 326
16 292 297 298 304 305 308 310 311 312 314 315 316 320 322 326 327
16 291 294 295 297 300 303 304 312 313 314 316 318 319 321 322 325
19 291 294 296 299 300 301 307 308 309 311 312 315 318 319 320 321 322 323 327
15 293 295 296 298 300 301 303 305 308 312 313 320 323 326 327
15 293 296 297 301 304 307 310 312 313 314 316 319 320 323 326
16 291 292 294 296 299 302 306 307 310 312 313 314 317 318 323 324
14 291 293 297 300 301 306 307 310 318 319 320 322 326 327
14 295 299 300 302 303 305 309 311 312 315 316 317 324 325
18 293 297 298 303 305 306 307 308 309 310 312 314 315 317 318 319 325 327
19 293 294 297 300 302 303 305 307 312 313 316 317 318 320 321 322 323 326 327
11 292 302 303 308 311 315 316 318 319 320 323
22 292 295 297 299 301 302 303 307 308 309 310 313 314 315 317 318 319 320 322 324 325 326
22 291 293 296 298 300 304 305 306 309 310 311 312 314 316 317 319 321 322 324 325 326 327
11 300 301 305 307 308 311 312 315 316 318 326
24 291 293 294 295 298 299 300 301 303 306 307 309 313 315 317 318 319 321 322 323 324 325 326 327
20 291 292 293 294 295 296 298 300 303 304 305 307 310 314 315 317 318 319 321 324
15 291 293 295 296 297 304 306 309 312 313 314 316 318 320 324
13 293 295 303 305 306 309 312 315 316 320 321 324 325
19 292 293 294 296 298 299 302 306 307 310 313 315 318 322 323 324 325 326 327
22 297 298 299 300 303 304 305 307 308 309 311 312 314 316 317 319 320 321 322 324 326 327
23 292 293 299 302 303 304 305 306 308 309 313 314 315 316 317 318 320 321 322 323 325 326 327
17 292 297 298 301 304 309 312 314 315 316 317 320 321 322 323 326 327
19 291 292 294 296 299 300 302 306 307 308 312 313 314 315 316 321 322 323 325
22 291 292 293 295 296 297 299 300 302 303 306 309 312 313 314 317 318 319 320 321 322 327
12 292 293 295 301 306 309 310 312 316 320 322 326
11 291 296 302 303 305 307 320 323 325 326 327
13 292 294 298 301 303 307 308 309 319 322 324 325 327
20 291 294 297 298 299 300 301 302 303 308 311 312 313 314 315 316 317 319 320 325
17 291 293 298 299 300 302 303 304 305 309 310 312 314 321 322 325 326
11 293 301 307 311 313 314 316 318 321 324 325
15 291 295 296 297 298 304 305 307 310 312 317 321 323 326 327
23 291 292 293 294 295 296 297 300 304 305 307 309 311 314 317 318 319 320 321 323 324 325 327
14 292 294 295 301 304 305 307 308 310 320 322 323 326 327
19 292 293 294 296 297 298 299 302 307 308 309 312 314 315 316 317 318 321 323
13 295 298 299 307 308 310 312 314 316 318 319 321 326
12 295 299 306 308 311 312 314 316 320 321 326 327
11 298 301 302 304 311 314 316 319 321 322 325
18 295 296 297 303 305 307 308 310 311 312 313 316 317 320 321 322 323 326
14 291 293 297 299 300 303 308 309 314 315 321 323 325 326
24 291 293 294 295 296 299 303 304 305 306 307 308 309 311 312 313 315 316 320 321 323 324 326 327
17 293 294 296 300 301 303 304 307 308 309 312 317 320 321 323 326 327
13 292 293 296 300 305 307 308 309 311 312 317 324 325
21 291 293 294 297 298 299 302 304 305 308 310 313 314 315 318 319 321 322 323 324 326
23 291 292 293 295 296 297 298 299 300 303 304 305 311 313 314 316 317 319 320 321 324 325 327
22 291 296 297 298 299 302 304 305 306 308 309 310 311 312 314 315 318 321 322 324 325 327
19 291 292 293 294 296 297 298 301 302 305 306 312 313 317 320 322 324 326 327
21 292 295 297 301 303 304 305 307 308 309 310 311 312 313 314 315 317 319 320 321 327
20 293 294 302 303 305 306 307 308 309 310 314 315 316 317 320 321 323 325 326 327
12 291 296 301 302 308 310 316 319 320 322 323 325
21 291 292 293 297 298 305 306 307 308 309 311 312 315 316 319 320 321 322 324 325 327
20 291 292 293 295 298 299 301 302 304 307 309 311 313 314 315 318 319 320 322 323
19 291 292 295 296 297 301 303 304 305 307 309 313 315 316 317 321 324 325 327
18 291 293 295 296 297 298 299 301 303 307 308 315 317 318 320 322 325 327
19 291 294 296 299 302 304 305 307 309 312 313 315 316 317 322 323 324 325 327
25 291 292 293 294 295 296 297 298 301 302 304 305 306 307 308 310 311 312 316 317 318 319 320 323 324
14 292 295 296 302 303 311 312 313 314 316 319 320 326 327
24 329 330 332 334 337 338 339 340 341 342 344 345 347 350 351 352 353 354 355 356 358 359 360 361
15 328 331 333 335 336 339 342 345 350 351 352 354 356 358 359
11 329 333 336 338 345 346 347 351 353 358 359
15 329 331 332 335 336 338 340 342 345 346 348 349 352 356 361
10 329 332 334 336 338 339 340 343 351 356
16 331 334 335 336 337 338 340 344 345 347 348 350 354 355 356 361
6 328 329 334 339 344 351
17 329 330 332 334 336 339 340 341 342 344 345 346 347 353 358 359 360
15 329 331 332 335 337 343 347 348 351 352 353 354 355 356 359
9 332 334 342 345 349 354 358 359 360
5 334 340 346 350 356
13 328 331 332 334 340 341 342 346 349 352 357 358 360
13 328 331 335 340 343 344 345 349 350 357 358 359 361
17 328 331 333 335 337 338 343 348 349 350 351 352 354 355 356 357 361
11 328 329 332 335 339 347 349 350 355 357 358
11 329 331 337 344 345 346 347 353 358 360 361
4 336 348 358 360
12 330 340 342 343 346 347 350 351 355 356 358 359
15 328 331 334 335 337 339 340 342 343 348 349 352 355 356 361
12 328 331 333 335 340 344 346 347 351 352 353 356
7 333 339 341 343 348 352 353
6 331 335 347 350 353 361
13 328 329 330 331 338 339 340 341 342 344 348 350 351
8 328 329 338 345 348 353 360 361
9 331 332 342 347 350 352 353 355 358
9 340 342 344 345 346 348 354 360 361
12 331 333 335 336 337 341 342 343 347 349 351 359
2 339 359
7 330 333 336 337 341 343 356
21 330 333 334 335 338 339 341 342 343 345 346 347 348 352 353 354 355 356 359 360 361
21 329 330 332 333 334 336 337 338 339 341 342 346 347 348 351 352 353 354 355 356 360
12 328 329 335 337 339 344 345 352 354 357 360 361
13 329 330 334 335 338 339 341 344 346 347 352 356 357
9 329 331 335 336 340 344 346 347 356
6 329 332 348 355 360 361
22 329 330 332 334 336 337 338 339 341 342 343 345 348 349 350 354 355 357 358 359 360 361
12 332 334 335 336 338 343 345 347 350 357 359 360
7 331 334 338 351 352 353 359
8 330 337 341 343 346 349 357 359
21 328 331 332 333 336 337 340 342 343 345 348 349 350 351 353 354 355 358 359 360 361
8 330 332 341 344 350 354 357 360
11 333 335 336 338 340 345 348 354 356 360 361
8 328 338 339 340 341 348 351 354
9 330 332 339 344 352 354 355 357 358
15 328 330 333 334 341 343 350 351 353 354 355 357 358 359 360
19 328 330 333 334 336 338 339 340 341 342 344 345 346 349 350 357 358 360 361
8 328 330 342 343 351 353 358 360
8 329 332 333 341 346 349 352 357
9 329 330 334 340 341 346 347 350 361
11 328 333 337 338 339 342 343 344 351 352 356
19 329 330 332 334 337 338 340 341 343 344 346 347 348 349 353 355 357 360 361
10 331 332 335 345 349 353 354 355 357 359
6 333 340 344 348 352 353
14 330 333 338 340 341 342 343 344 347 349 350 352 357 358
14 328 331 334 335 336 337 339 345 346 351 353 354 356 359
16 332 334 337 338 341 343 345 349 351 353 354 355 356 357 358 361
21 332 333 334 335 336 337 343 345 346 347 349 352 353 354 355 356 357 358 359 360 361
18 328 329 330 331 333 335 336 339 340 342 344 346 347 348 350 352 359 360
4 337 339 344 347
8 328 330 333 341 344 345 348 358
7 332 333 334 336 352 356 359
18 330 331 334 335 336 337 339 343 346 348 350 352 353 354 355 357 358 360
13 328 329 331 332 336 337 340 344 349 350 351 357 358
6 329 330 331 342 354 361
9 328 330 337 338 350 351 355 357 361
10 328 331 333 335 336 343 346 348 349 357
11 329 330 333 336 337 344 345 347 356 359 361
8 330 335 342 343 349 350 355 357
10 331 332 333 334 336 338 341 348 349 353
10 335 338 339 343 348 350 351 353 354 355
10 337 342 346 349 352 354 355 357 359 360
10 328 337 339 341 346 349 351 355 356 358
16 328 329 332 333 338 340 341 342 344 345 347 349 351 356 359 361
7 331 334 336 338 341 349 353
13 329 330 333 334 336 337 342 346 347 351 352 354 360
15 330 331 334 335 336 339 343 348 350 352 353 354 357 358 360
7 333 335 336 347 349 351 359
5 329 333 341 349 357
14 330 333 334 338 339 341 342 346 347 352 353 355 356 360
6 329 332 334 336 343 356
4 336 352 356 359
4 328 330 345 358
7 335 340 344 346 347 353 356
7 333 338 342 347 349 357 358
10 341 343 345 349 351 353 354 356 358 361
11 331 335 340 344 345 349 350 357 358 359 361
3 334 346 350
8 332 340 341 342 346 349 352 360
6 329 338 339 343 351 356
11 328 331 335 343 344 345 349 350 357 358 361
12 332 334 337 341 343 345 351 353 354 356 357 358
13 329 331 332 335 337 343 348 351 352 353 354 355 359
4 329 353 360 361
9 329 331 344 345 346 347 358 360 361
6 329 330 340 341 346 347
4 330 346 349 359
10 329 331 335 337 343 347 352 353 355 356
6 329 331 336 340 344 356
1 359
15 329 334 337 338 340 341 344 345 347 351 355 358 359 360 361
7 329 338 339 344 346 347 352
2 348 358
6 330 339 344 352 354 357
3 346 350 356
4 333 336 352 359
6 329 333 336 344 356 361
6 330 332 341 344 354 357
4 333 340 344 348
5 330 333 336 337 343
5 330 332 344 352 354
7 332 335 345 349 354 355 359
17 329 332 333 334 337 338 342 346 347 348 351 352 353 354 355 356 360
8 332 334 336 343 345 347 350 359
5 335 343 350 353 355
7 335 338 339 348 350 353 354
11 332 334 336 337 343 347 349 352 353 356 357
7 336 338 340 345 348 356 361
2 336 358
15 330 331 333 335 336 339 340 342 344 346 347 348 350 352 359
10 329 330 334 335 338 339 341 346 352 356
3 329 360 361
7 340 342 346 347 351 356 358
2 348 358
1 339
10 331 338 340 342 346 348 349 352 356 361
6 329 332 335 347 349 355
9 331 334 335 336 338 347 350 356 361
11 329 332 335 337 348 351 352 353 354 356 359
5 329 339 340 343 356
11 334 335 336 337 338 340 347 350 354 355 356
5 330 332 339 344 354
18 328 331 332 336 337 340 342 343 345 348 349 351 353 354 358 359 360 361
5 328 341 344 345 348
10 329 330 336 340 341 342 345 347 358 360
9 332 334 341 343 349 351 353 358 361
16 328 330 333 334 336 338 339 340 341 342 344 345 346 350 357 360
8 331 332 335 343 351 353 354 355
9 329 331 337 344 345 346 347 358 361
9 329 331 336 340 345 346 348 352 361
14 328 331 332 342 343 345 348 349 350 353 354 358 359 361
5 328 338 348 353 361
8 337 346 349 352 354 357 359 360
5 334 342 349 354 358
7 337 342 346 349 352 355 357
9 330 340 342 343 346 350 355 356 358
14 329 330 332 336 339 340 341 344 345 347 353 358 359 360
4 330 341 345 348
9 329 330 333 336 337 345 347 359 361
6 335 342 343 349 350 357
8 328 329 330 339 340 348 350 351
10 328 329 335 337 344 345 352 354 357 361
8 330 334 341 343 350 354 355 360
8 328 335 337 339 344 345 354 360
1 359
12 329 330 337 339 341 342 351 352 353 354 356 360
4 330 343 346 357
8 328 329 331 336 340 344 351 357
9 330 334 335 338 341 344 347 352 357
10 340 343 346 347 350 351 355 356 358 359
8 334 337 340 345 347 348 354 356
4 330 332 344 360
12 329 330 339 341 342 348 349 350 354 357 360 361
7 330 334 335 338 346 347 357
4 342 345 354 360
11 329 332 335 336 338 340 342 346 348 349 356
5 331 332 333 336 341
5 330 338 355 357 361
12 331 334 335 336 337 339 345 346 351 354 356 359
13 329 330 332 336 338 339 341 342 346 348 352 356 360
5 331 337 347 358 360
7 333 336 345 348 356 360 361
5 331 336 346 347 356
5 330 335 342 350 355
5 328 333 341 345 358
6 328 338 345 348 353 360
11 328 329 330 333 336 339 342 344 347 352 359
5 332 333 341 352 357
12 328 331 333 336 339 342 345 350 351 352 354 356
6 329 332 347 349 355 357
8 331 333 336 337 341 343 347 351
1 339
3 333 340 353
12 330 332 334 336 337 341 342 350 354 357 358 359
6 328 338 341 348 351 354
3 335 347 361
4 328 339 351 354
13 334 335 336 337 338 340 344 345 348 350 355 356 361
9 334 337 339 340 348 349 355 356 361
7 340 341 342 344 347 349 358
4 342 347 350 352
4 333 344 348 352
4 343 349 350 357
5 332 345 354 358 359
5 334 338 352 353 359
7 328 330 342 351 353 358 360
8 335 338 339 343 348 350 353 354
16 330 334 337 338 341 342 343 345 348 350 354 355 357 358 360 361
18 329 334 337 338 339 340 341 345 350 351 352 353 354 355 356 358 360 361
14 330 332 334 336 339 340 341 342 344 346 347 353 358 359
17 330 333 334 335 338 339 343 346 347 348 352 353 354 355 356 359 361
7 333 341 351 353 354 359 360
1 339
18 329 330 332 333 334 336 337 339 341 342 346 348 351 353 354 355 356 360
10 328 334 341 343 350 351 353 358 359 360
7 328 330 337 338 350 351 355
13 330 333 336 340 341 342 344 346 349 350 357 360 361
10 334 335 336 337 338 340 347 348 354 355
5 335 353 354 355 357
7 331 335 336 340 344 346 356
3 334 336 359
4 333 341 352 353
4 329 330 342 361
8 331 332 345 349 353 354 357 359
16 330 332 336 337 338 339 341 342 343 345 354 355 357 358 359 360
8 330 333 336 344 345 347 356 359
5 337 342 346 354 360
9 333 335 336 338 340 354 356 360 361
8 331 334 335 340 343 352 356 361
3 348 355 360
17 328 331 332 336 337 340 342 343 348 349 350 351 353 354 358 359 360
2 334 356
7 331 332 342 350 352 355 358
13 330 331 335 339 343 348 350 352 353 354 355 358 360
6 330 341 343 349 357 359
12 329 330 332 334 336 340 342 345 346 347 353 358
2 346 356
7 329 332 335 336 348 352 361
6 333 338 340 345 356 361
7 334 335 339 345 346 351 354
10 328 333 334 341 343 351 353 354 355 357
6 339 344 352 354 357 360
6 334 342 345 349 354 359
6 329 331 336 346 347 356
5 338 340 341 351 354
4 329 332 349 352
5 328 337 351 355 358
2 348 360
7 339 343 348 350 351 353 355
7 332 334 336 338 339 340 356
2 336 360
10 333 335 336 337 342 343 347 349 351 359
16 328 330 333 338 339 340 341 342 344 345 346 349 350 357 358 360
8 328 329 335 339 349 350 355 358
6 329 332 334 336 339 351
7 329 333 338 345 353 358 359
14 330 331 334 335 336 337 339 343 346 348 352 355 358 360
1 359
14 328 330 333 338 341 342 344 345 346 349 357 358 360 361
1 339
7 337 346 349 355 357 359 360
7 328 334 335 336 339 346 356
7 330 335 342 343 349 350 357
4 337 341 343 349
5 330 333 341 344 348
4 337 349 357 359
9 329 334 335 341 346 347 352 356 357
6 342 347 352 353 355 358
14 330 331 334 335 337 339 343 346 348 352 353 355 357 358
8 335 345 349 353 354 355 357 359
6 328 331 340 344 346 347
9 328 340 343 344 345 357 358 359 361
9 331 335 337 339 343 348 352 354 360
10 330 335 337 343 348 352 353 357 358 360
12 328 330 333 334 341 343 351 354 355 357 358 359
12 328 329 333 338 340 341 344 345 349 356 359 361
14 328 331 333 337 338 343 348 349 350 352 354 355 356 357
11 336 338 340 344 345 347 348 350 354 355 356
3 339 344 347
12 329 330 332 334 336 340 344 345 347 358 359 360
7 335 339 348 350 351 353 355
4 334 340 346 356
6 330 332 341 344 354 357
13 329 331 335 336 338 340 345 346 348 349 352 356 361
6 330 332 339 352 355 358
9 328 332 336 337 344 349 351 357 358
7 329 332 336 338 340 345 346
4 333 339 343 348
7 335 344 345 350 357 359 361
9 333 338 348 350 352 354 355 356 357
3 340 350 356
8 329 336 338 345 347 351 353 359
3 334 339 344
9 338 340 342 343 344 347 350 352 357
3 331 342 354
12 329 331 332 335 338 340 342 345 346 352 356 361
10 328 329 332 340 341 342 344 345 351 361
14 332 335 336 337 343 345 346 347 353 356 357 358 360 361
10 328 331 332 334 340 342 346 352 358 360
6 328 329 345 348 353 360
5 332 341 346 352 357
6 329 331 339 341 342 351
8 328 333 334 341 350 355 359 360
10 330 332 334 339 341 342 344 345 359 360
11 334 335 338 340 344 345 347 348 350 356 361
9 335 336 338 340 345 354 356 360 361
4 332 342 345 349
6 342 345 346 348 354 360
7 331 332 342 347 352 353 358
9 329 330 333 336 337 345 347 356 361
5 338 339 340 348 351
4 328 329 334 351
8 332 334 345 351 353 354 357 361
5 340 342 344 354 360
7 333 335 336 343 346 348 349
9 329 330 332 334 342 345 346 347 360
4 332 350 352 355
6 331 332 333 334 336 338
10 329 330 331 338 339 341 342 344 348 350
10 328 329 332 336 340 344 349 350 357 358
5 328 329 334 339 344
8 331 333 335 336 339 345 354 358
5 331 335 340 344 346
10 328 329 335 337 339 344 354 357 360 361
7 330 336 337 344 345 347 361
14 328 330 333 334 338 339 340 341 342 344 346 349 358 360
6 339 343 348 350 351 355
15 329 330 334 337 338 341 343 344 346 347 349 353 355 357 360
10 328 330 331 338 339 340 341 342 348 351
9 328 335 343 344 345 349 350 358 359
11 329 330 332 334 342 344 345 346 353 358 359
6 335 338 343 350 353 354
4 338 348 353 360
7 331 332 347 350 352 353 358
5 342 347 352 355 358
7 331 333 335 336 337 343 349
13 333 334 337 343 345 347 349 352 353 354 356 358 359
16 330 333 335 338 339 341 343 345 346 347 348 353 355 356 360 361
1 359
9 334 335 336 339 345 346 351 353 356
10 328 329 332 333 338 342 349 356 359 361
6 338 339 343 350 351 354
6 328 339 340 348 351 354
13 328 333 337 338 343 349 350 351 352 355 356 357 361
7 330 340 343 344 347 357 358
13 329 332 334 339 341 342 350 351 352 353 354 356 361
7 328 329 338 348 353 360 361
5 330 334 340 346 350
4 330 341 344 360
8 331 334 335 340 349 355 356 361
15 329 330 337 339 340 341 344 345 347 352 353 355 358 359 360
6 330 342 343 355 356 359
15 329 330 332 334 337 340 341 344 346 347 348 349 355 357 360
7 338 340 341 342 349 350 352
8 335 338 339 343 348 351 354 355
8 335 338 339 343 351 353 354 355
7 328 331 344 346 351 353 356
9 329 331 332 336 338 340 346 348 349
4 329 334 344 351
9 334 341 351 353 354 357 358 359 360
5 350 351 355 357 361
13 333 334 335 336 343 345 346 349 353 354 356 357 360
4 336 352 356 359
5 330 333 337 341 356
11 328 331 335 343 344 345 350 357 358 359 361
10 331 333 336 349 350 351 353 355 358 359
16 330 331 336 337 338 340 343 347 350 351 354 355 356 357 358 359
14 328 330 332 335 336 342 344 345 347 353 354 356 358 359
13 329 331 333 334 338 340 344 351 352 353 354 355 359
21 331 333 336 337 338 340 343 344 345 346 348 350 352 353 354 356 357 358 359 360 361
17 329 331 333 334 335 337 340 341 344 346 347 354 355 357 358 360 361
14 328 333 338 339 342 344 345 346 350 351 352 355 356 358
16 331 332 334 337 339 340 342 343 348 349 350 352 355 357 358 359
21 328 329 330 331 332 333 334 335 339 340 342 345 346 348 349 350 352 353 356 359 361
10 329 339 340 341 343 349 350 352 353 361
19 328 329 331 332 333 334 336 337 339 341 342 345 347 348 352 354 355 359 360
16 328 330 331 333 334 336 345 346 350 351 352 354 355 356 358 359
13 337 338 341 343 344 345 346 349 350 354 356 357 359
16 328 329 330 332 333 334 335 339 343 345 346 349 351 353 359 360
16 330 331 332 336 338 339 342 344 345 348 350 353 355 358 360 361
10 328 329 335 338 343 346 349 354 356 359
20 330 332 333 335 336 339 343 344 345 348 349 350 351 353 354 355 356 358 359 360
10 330 331 336 338 340 342 343 345 352 360
12 330 331 335 336 340 342 347 348 351 353 354 355
11 331 335 336 339 342 343 350 351 356 359 360
10 328 329 336 337 338 340 342 344 359 361
22 328 330 332 333 334 335 336 337 340 341 342 343 345 346 347 348 349 351 353 355 357 360
13 331 334 335 340 341 344 347 348 350 351 352 353 361
15 329 330 333 336 338 341 345 346 348 352 355 356 357 359 361
15 330 331 336 339 340 342 347 348 350 351 354 356 357 359 361
23 328 329 331 332 334 336 337 338 339 340 341 342 344 345 346 347 350 354 357 358 359 360 361
15 328 338 341 342 344 345 346 347 348 349 351 352 353 357 359
20 328 329 331 332 333 334 337 341 343 347 348 349 350 351 352 353 354 355 357 361
13 330 334 338 341 342 346 347 348 349 351 352 356 360
23 329 330 331 333 335 336 337 338 339 340 341 342 345 347 348 349 350 351 352 354 355 359 360
18 331 333 334 335 336 337 340 341 342 345 346 347 348 351 352 355 357 360
16 329 330 331 336 337 338 339 340 342 346 347 349 351 352 360 361
13 330 334 335 336 340 343 348 352 353 355 357 358 360
14 329 331 334 338 339 340 341 342 344 345 351 352 356 361
18 328 331 333 336 339 340 341 342 343 344 349 354 356 357 358 359 360 361
16 329 330 332 335 336 337 338 341 346 350 351 352 354 355 359 361
11 330 333 334 337 342 343 348 349 350 359 361
15 331 333 334 339 343 344 346 347 348 350 355 357 359 360 361
17 328 338 339 341 342 344 345 347 349 350 352 353 355 356 359 360 361
13 329 331 332 340 342 343 346 347 350 351 356 357 361
16 328 329 330 332 337 339 341 343 345 346 350 353 356 359 360 361
14 328 331 332 334 336 337 339 340 342 343 349 354 356 357
10 329 338 339 340 346 347 348 353 354 355
18 329 330 331 332 337 339 340 342 343 345 346 348 349 350 351 353 359 360
19 328 329 330 332 333 335 336 337 338 339 340 341 346 347 348 350 352 360 361
18 328 329 331 335 336 337 338 343 344 348 349 350 352 353 356 357 358 359
11 332 336 337 338 341 343 344 356 357 358 360
22 331 332 333 334 339 340 341 342 345 346 347 348 350 351 352 353 354 355 356 357 358 359
14 328 338 339 340 346 350 351 352 353 356 357 359 360 361
23 330 331 332 333 336 337 338 339 340 341 342 343 345 347 348 349 350 351 352 357 358 360 361
23 328 330 331 332 334 337 339 340 341 342 344 345 346 350 353 354 355 356 357 358 359 360 361
17 329 330 336 337 338 339 340 341 343 347 353 354 355 358 359 360 361
16 328 329 331 338 339 342 344 345 346 349 355 357 358 359 360 361
23 328 331 332 333 334 335 337 338 339 341 342 344 345 346 348 349 351 352 353 354 355 358 360
14 328 329 331 332 333 334 341 343 347 351 353 355 358 360
14 328 332 334 337 338 339 340 341 346 350 352 354 358 361
15 328 330 331 337 347 348 349 350 352 353 354 355 356 358 359
13 328 329 332 333 334 336 339 340 346 351 355 357 358
14 330 331 332 334 337 338 340 341 345 349 354 355 357 360
15 328 331 332 334 336 337 338 340 341 342 351 352 353 356 360
19 330 333 334 338 339 344 345 346 347 348 349 351 353 355 356 357 358 360 361
18 329 331 333 334 337 339 342 343 344 346 347 348 350 351 352 353 357 358
18 328 330 333 335 337 338 343 344 347 349 350 351 353 354 356 357 358 359
14 332 335 337 338 341 343 344 345 347 351 353 358 359 361
16 328 332 334 337 341 343 344 345 347 351 354 355 356 357 358 361
20 328 329 330 332 335 336 338 339 340 344 345 346 347 349 352 353 355 358 359 361
23 328 331 332 333 335 336 339 340 341 343 344 345 347 349 350 351 352 354 356 357 358 359 360
19 332 333 334 335 336 338 341 347 349 350 351 352 353 354 355 357 358 360 361
18 328 329 332 334 336 338 339 341 342 343 346 347 349 350 356 357 358 359
18 329 333 334 337 339 340 341 342 343 344 345 347 351 352 353 357 359 360
19 328 331 332 333 335 336 337 340 341 342 343 345 346 349 351 352 353 354 360
11 328 329 334 336 338 339 343 345 351 358 360
11 333 336 338 339 348 350 352 354 357 359 361
17 329 330 333 334 338 339 341 343 345 346 347 350 352 353 354 358 359
16 329 332 334 335 336 341 344 345 346 347 351 352 357 359 360 361
19 328 330 331 333 334 335 337 338 340 342 344 347 348 350 352 353 355 358 359
15 328 329 330 332 334 338 340 341 343 348 350 352 358 359 360
20 328 329 330 332 335 336 337 339 341 344 345 346 349 353 354 355 356 357 360 361
11 328 332 334 338 342 345 347 350 351 352 354
21 328 329 330 333 335 336 339 342 343 344 345 346 348 352 353 354 355 357 358 359 361
10 330 337 340 346 347 350 353 357 358 361
16 328 330 331 333 336 341 345 346 350 351 352 356 357 359 360 361
15 328 333 334 337 339 341 342 344 345 347 349 350 351 357 361
13 328 329 331 333 334 336 339 342 346 351 355 356 359
17 328 330 332 333 337 338 340 341 343 346 347 348 349 351 352 354 360
18 328 329 332 334 336 338 343 344 346 348 349 350 351 353 355 358 360 361
19 328 329 330 331 334 335 337 340 341 342 343 344 347 349 350 351 353 356 357
22 328 330 331 332 335 336 337 338 340 341 344 345 346 347 348 350 351 352 355 356 358 360
13 329 331 333 334 340 341 342 346 348 349 353 356 359
16 329 331 333 338 339 342 343 344 351 352 355 356 357 358 359 361
23 329 332 334 335 336 337 339 340 341 342 343 344 345 347 349 350 351 353 354 356 357 360 361
23 329 331 332 334 335 336 337 340 341 342 346 347 348 349 351 352 353 354 355 357 358 359 360
13 329 330 332 334 337 339 342 344 350 352 353 357 359
13 329 330 331 333 335 338 339 345 346 348 349 356 358
16 328 331 332 333 335 338 340 344 345 347 349 350 352 355 358 359
15 333 338 339 342 343 344 346 347 351 352 354 355 357 358 359
22 328 329 330 333 337 340 341 342 343 345 348 349 350 351 352 353 354 356 357 359 360 361
20 328 330 332 333 336 337 338 340 344 346 347 348 349 351 354 355 356 357 358 360
16 328 330 332 337 339 341 342 343 345 346 351 352 353 354 356 358
14 330 331 334 336 337 339 342 343 345 348 349 350 353 356
11 328 330 332 334 335 336 345 349 353 354 360
22 328 329 331 333 335 336 339 340 341 342 346 349 350 351 352 353 355 357 358 359 360 361
22 329 330 331 332 333 334 335 339 340 341 346 347 350 352 354 355 356 357 358 359 360 361
22 328 329 330 331 332 337 338 339 340 341 344 345 346 347 349 350 351 355 356 357 358 359
22 328 329 330 334 335 336 337 338 339 341 345 346 348 350 351 352 355 356 357 358 360 361
21 328 329 331 332 333 334 335 337 342 345 347 348 352 353 354 355 356 357 358 359 360
16 333 335 336 337 338 341 344 345 346 347 348 350 354 358 359 360
14 329 335 337 338 343 344 345 346 348 349 351 355 358 359
14 328 333 334 337 344 345 349 350 352 354 355 356 357 360
14 328 329 334 336 338 341 344 346 351 353 354 358 359 361
17 332 333 336 338 340 342 343 344 345 349 350 352 353 354 355 358 359
16 328 335 336 337 340 342 343 348 349 352 353 355 356 359 360 361
21 328 329 331 333 334 336 338 339 340 342 343 345 346 349 350 353 356 357 358 360 361
16 329 331 334 335 336 337 338 339 340 341 346 348 350 352 353 359
14 328 329 332 333 334 340 343 344 345 347 348 349 355 361
20 328 330 331 333 335 336 337 339 340 342 346 347 348 349 350 352 355 357 360 361
12 335 336 337 339 346 349 350 351 354 355 360 361
21 329 331 332 333 334 336 339 340 344 345 347 348 349 350 351 353 354 355 356 358 359
15 330 332 334 335 337 338 341 344 346 348 349 350 351 352 357
17 328 329 332 333 334 335 336 337 338 339 340 341 347 352 355 358 359
15 329 331 332 337 339 342 343 345 347 348 352 354 357 360 361
20 328 330 332 333 334 335 339 340 342 346 349 350 351 353 354 355 356 359 360 361
20 329 330 331 334 335 336 337 338 340 342 344 345 348 349 351 352 353 357 359 360
18 329 331 332 333 334 337 340 341 342 346 347 348 350 351 354 357 358 360
21 329 331 332 333 334 335 338 339 341 342 344 347 349 350 351 352 353 354 355 356 360
16 329 331 332 336 338 340 341 342 343 346 347 354 356 357 358 359
12 334 342 343 344 345 347 348 351 352 353 358 361
11 329 331 334 337 344 347 350 353 354 356 361
13 328 329 330 331 333 335 338 341 347 350 352 355 357
22 329 330 332 333 334 335 336 337 338 340 343 344 346 347 348 349 350 353 355 356 359 360
12 328 334 337 341 343 345 346 347 349 352 356 359
17 328 329 330 331 332 335 338 339 341 345 349 351 353 355 358 359 360
14 328 329 330 335 343 345 348 350 355 356 358 359 360 361
23 328 329 330 331 332 333 334 335 336 337 338 339 340 342 343 344 345 347 348 353 356 357 360
21 329 331 332 333 334 336 338 340 341 343 344 345 346 348 351 352 354 358 359 360 361
11 328 334 337 339 341 344 345 351 353 356 360
11 328 329 333 338 340 343 344 350 352 358 359
22 328 330 331 332 333 335 337 338 342 344 345 347 348 349 350 351 352 354 356 357 359 361
22 328 329 330 331 334 335 336 337 338 340 342 343 344 349 350 351 352 353 355 358 360 361
19 328 331 332 335 336 337 341 343 344 346 347 348 349 350 354 355 356 360 361
12 329 334 335 338 339 340 343 347 348 354 357 359
10 330 331 338 342 345 349 352 354 355 358
15 328 332 333 334 336 338 343 346 347 348 349 350 357 359 360
14 328 334 337 340 344 345 348 349 350 351 353 355 359 360
13 328 329 330 333 336 337 338 340 341 346 347 349 354
16 330 331 333 334 335 337 342 343 344 345 346 352 355 359 360 361
17 329 332 334 335 336 338 339 341 342 343 346 347 348 350 351 357 361
17 330 335 337 338 341 342 344 345 346 347 352 354 355 356 358 359 360
10 328 329 336 337 340 342 347 349 357 360
17 329 330 332 333 334 337 339 340 341 345 346 348 352 354 357 358 359
14 328 330 331 335 336 341 347 348 350 352 355 356 360 361
12 333 335 336 340 343 347 348 349 356 357 358 359
20 328 331 334 337 340 341 342 343 344 347 348 349 352 353 354 356 357 359 360 361
11 329 331 333 336 339 349 350 351 352 353 356
19 331 332 334 335 337 338 340 341 344 346 347 349 350 353 354 355 359 360 361
23 328 329 330 331 332 334 335 337 338 339 341 342 343 346 348 349 351 352 353 355 359 360 361
21 328 333 334 336 337 338 339 342 343 344 347 348 350 351 353 355 356 357 358 359 361
16 328 329 337 339 341 343 344 347 348 349 350 351 352 355 357 361
13 328 330 333 335 337 338 339 346 348 352 353 355 360
21 328 329 332 334 336 340 342 343 344 345 346 347 348 350 351 352 354 356 357 360 361
21 328 329 332 333 334 335 336 338 340 341 343 345 346 347 348 349 350 355 356 359 361
16 328 329 331 332 336 338 339 340 341 344 346 349 350 351 353 358
11 328 332 335 338 340 341 350 353 354 358 359
13 331 335 339 341 342 343 344 348 350 352 353 358 361
11 328 329 332 334 342 347 350 353 354 356 359
21 329 330 332 333 336 339 341 342 343 344 345 347 348 351 352 355 357 358 359 360 361
23 329 330 331 332 334 335 336 337 338 340 341 342 343 345 347 348 351 352 353 356 357 358 361
17 329 330 333 336 337 341 342 343 345 347 348 349 353 355 356 359 360
14 328 331 333 334 336 341 342 344 348 350 351 357 359 360
16 328 331 332 337 338 341 343 345 346 347 349 354 355 357 359 361
14 328 330 333 339 342 343 345 346 349 352 355 356 359 360
21 329 330 335 336 337 341 342 343 344 345 346 348 349 351 352 356 357 358 359 360 361
21 328 329 330 331 332 333 339 340 341 342 343 345 347 348 349 350 354 356 357 358 359
10 335 336 340 345 347 348 350 354 356 357
20 328 329 330 331 332 333 334 335 336 338 339 342 347 348 351 353 357 359 360 361
21 328 329 331 333 337 338 341 342 343 346 348 349 350 351 352 353 355 356 357 359 360
15 331 334 335 336 337 339 340 343 345 352 353 354 358 359 360
20 328 330 333 334 335 336 337 339 341 342 343 344 346 347 349 352 353 354 360 361
18 328 332 334 335 337 338 339 341 342 344 345 347 349 350 351 353 358 359
20 328 331 333 334 336 338 339 340 342 345 346 348 351 353 354 355 356 358 360 361
22 328 330 331 332 334 337 338 339 340 341 342 343 345 347 348 351 352 353 356 357 358 359
14 330 333 336 339 344 346 347 349 353 354 355 358 360 361
16 330 337 338 342 343 344 346 347 350 352 354 355 356 357 358 359
12 331 332 336 339 349 350 351 352 354 355 358 360
17 328 331 332 333 334 335 337 340 342 348 349 353 356 357 358 359 361
12 330 335 336 337 339 340 341 350 355 356 357 361
15 332 334 335 337 338 340 342 343 344 345 349 352 353 356 358
14 328 330 331 335 337 339 340 342 345 346 347 349 352 357
20 328 329 331 332 335 336 337 340 345 346 347 348 349 350 351 352 353 354 355 361
12 328 330 331 332 342 343 345 351 353 355 356 359
19 328 329 333 334 338 340 341 342 343 345 346 347 348 349 350 351 352 355 361
12 330 332 335 341 343 351 352 356 357 358 359 361
14 329 330 331 332 333 334 335 336 338 339 344 345 356 357
19 330 331 336 337 338 341 343 344 345 348 349 353 354 355 356 357 358 360 361
20 328 332 334 335 336 339 340 342 345 346 348 349 351 353 354 355 356 358 360 361
21 328 331 333 336 339 340 341 347 348 349 350 352 353 354 355 356 357 358 359 360 361
19 328 329 334 336 337 339 342 343 344 345 346 347 350 351 352 355 357 359 361
12 329 330 337 341 343 344 345 346 350 352 353 359
20 328 329 331 332 333 335 337 338 342 344 345 346 347 349 350 353 355 357 360 361
13 328 336 337 338 342 344 346 350 351 352 357 360 361
21 328 329 331 334 336 337 338 339 343 346 347 348 350 352 353 356 357 358 359 360 361
19 329 330 332 334 335 338 341 343 344 347 348 349 350 353 354 355 357 358 361
14 330 331 335 338 339 341 342 346 347 350 351 352 354 356
13 333 336 337 338 345 347 348 349 350 351 352 358 361
12 330 332 334 337 340 344 345 348 349 355 359 360
22 329 330 332 336 338 339 340 341 342 345 346 347 348 349 350 351 353 354 355 356 358 361
23 328 330 331 333 334 336 337 339 343 344 346 347 349 350 351 352 353 354 356 358 359 360 361
16 329 330 331 332 334 335 338 341 346 349 350 352 353 354 355 356
18 328 330 332 334 337 338 339 344 346 348 352 354 355 357 358 359 360 361
15 328 329 332 334 337 339 340 346 347 348 350 351 353 356 357
20 328 329 330 334 337 339 345 346 347 349 350 351 352 353 354 356 357 358 360 361
17 329 332 333 335 336 340 341 344 347 349 353 354 355 356 358 359 361
21 328 329 330 332 335 337 338 340 341 345 347 349 351 352 355 356 357 358 359 360 361
20 328 329 332 334 336 337 338 340 341 342 344 345 348 350 351 353 357 358 360 361
21 328 329 330 332 336 337 338 339 340 341 344 345 346 349 352 353 355 356 358 359 361
23 328 330 331 332 334 335 336 337 340 341 342 346 347 349 350 353 354 355 356 357 358 359 360
21 328 331 333 334 336 337 338 339 340 341 343 344 347 348 349 352 353 356 358 360 361
18 332 333 336 337 338 340 345 346 347 349 350 352 353 355 356 359 360 361
18 328 329 330 331 332 334 336 337 338 341 346 348 350 354 355 356 357 359
23 328 329 330 331 332 337 340 341 342 344 345 346 348 350 351 353 354 355 356 357 358 360 361
19 328 332 333 335 336 338 340 341 342 343 344 345 347 350 352 353 357 359 360
23 329 330 333 334 335 336 337 339 340 341 343 345 346 349 350 351 352 353 354 355 357 358 361
23 328 330 331 332 333 335 337 338 342 344 345 346 347 348 351 354 355 356 357 358 359 360 361
20 328 332 334 335 336 337 338 339 341 342 343 346 347 348 350 351 356 357 358 359
20 328 330 331 333 335 337 338 340 343 344 346 347 349 351 352 354 357 358 359 360
20 328 329 330 334 335 336 338 340 346 348 349 350 351 352 353 354 357 358 359 361
14 328 329 330 334 336 338 350 351 352 353 355 356 357 358
22 328 329 334 335 337 338 343 344 345 346 347 348 350 351 352 353 354 356 357 358 360 361
23 329 331 332 333 334 336 337 338 339 340 341 342 343 347 348 349 350 351 352 353 357 358 360
15 329 339 340 341 343 344 345 346 348 351 353 355 356 360 361
17 329 332 333 334 335 336 339 341 343 346 347 348 349 351 352 353 359
20 328 329 332 333 334 335 339 340 342 343 344 349 352 353 354 356 357 358 359 360
14 328 335 336 338 342 344 346 350 351 352 354 355 356 360
16 328 329 333 336 338 340 344 345 346 349 352 353 355 357 358 359
18 328 332 334 337 338 340 341 342 345 346 347 349 350 352 356 358 359 360
21 328 330 331 332 333 335 336 337 339 340 341 342 344 347 348 350 352 353 355 356 361
15 329 333 336 338 339 342 344 345 347 352 353 355 358 360 361
21 328 330 334 335 337 339 340 341 343 344 346 347 348 353 354 355 356 357 358 359 361
12 328 331 332 333 334 338 340 342 344 353 354 361
22 329 332 333 334 336 337 338 339 340 343 344 345 347 348 349 350 352 353 355 356 357 359
23 330 331 332 333 334 335 336 337 339 341 342 344 345 346 347 349 350 352 353 354 356 360 361
15 328 330 331 332 333 338 339 350 351 353 354 355 356 357 360
12 330 337 339 342 345 346 349 353 356 357 359 360
11 328 331 335 336 345 346 347 351 353 355 356
19 332 333 334 337 338 339 341 342 343 344 345 346 348 350 351 352 356 359 361
14 330 333 334 338 339 342 344 345 346 349 351 356 358 361
15 328 329 330 336 338 339 340 344 345 348 349 351 352 354 357
19 328 330 331 332 333 334 335 336 337 338 343 347 350 352 353 354 355 356 357
10 329 330 332 338 339 341 346 352 354 361
22 328 329 332 334 335 337 338 340 341 342 345 346 347 349 350 351 352 353 354 355 357 360
20 328 329 330 332 333 336 338 346 347 348 349 350 353 354 355 356 357 358 359 360
20 328 329 332 333 334 336 338 339 340 341 342 344 345 346 347 353 355 356 358 359
22 328 329 332 334 335 336 337 339 340 341 342 344 345 347 349 350 351 352 353 354 355 360
13 329 332 333 335 341 344 345 348 351 353 355 358 359
19 330 333 336 338 339 340 341 343 345 347 348 349 350 351 353 357 358 359 361
15 328 330 331 336 338 341 342 345 347 350 353 354 356 358 361
15 329 330 331 332 334 338 341 343 345 346 348 352 355 360 361
12 328 331 335 336 338 341 344 345 347 358 359 361
23 328 329 331 332 333 336 337 338 340 344 345 348 350 351 353 354 355 356 357 358 359 360 361
11 330 331 332 333 336 339 347 349 356 360 361
16 328 330 331 332 335 337 340 341 342 343 344 346 350 351 358 361
15 328 333 336 337 339 343 346 348 349 350 351 353 359 360 361
14 328 330 334 335 342 343 344 345 351 354 355 357 359 361
11 328 329 333 337 340 343 351 352 354 357 360
19 328 329 331 334 337 338 339 340 342 343 346 348 350 351 353 354 355 359 360
19 328 331 333 334 336 337 341 343 344 346 347 348 349 351 352 356 357 359 360
18 332 334 335 336 337 338 339 341 342 345 346 347 348 350 356 357 358 360
19 329 330 336 337 338 339 340 343 344 346 347 348 351 352 354 355 357 358 361
21 328 329 330 331 332 338 339 340 342 343 344 347 348 352 353 354 355 357 359 360 361
18 330 331 332 333 339 340 341 346 347 348 350 351 352 354 355 357 358 359
15 328 331 334 336 339 340 341 344 346 348 349 352 354 356 361
13 329 334 335 336 337 340 341 344 348 351 352 358 361
17 330 332 334 337 338 342 343 344 347 348 351 354 355 356 357 359 361
11 330 332 333 335 338 341 344 347 349 352 358
19 329 330 335 336 337 340 341 342 344 345 348 349 352 354 355 357 358 359 361
21 328 329 330 331 333 335 336 337 338 342 343 344 347 348 349 350 351 352 354 355 357
22 328 329 330 331 333 334 335 337 339 341 342 344 345 346 348 349 351 352 357 358 359 360
19 328 329 331 335 337 340 343 345 346 347 349 350 351 352 353 356 358 359 361
17 328 329 331 333 334 335 339 340 344 347 350 352 354 355 357 358 359
21 329 330 333 335 337 339 340 341 342 344 345 348 350 351 353 355 356 357 358 359 361
12 328 332 333 334 339 342 345 349 350 351 355 356
15 330 331 332 334 336 338 343 345 346 348 350 354 356 360 361
19 328 331 333 335 336 337 339 340 343 346 348 349 351 353 354 355 356 357 358
