530 3162
44 1 2 3 4 5 6 7 8 9 10 11 12 13 14 15 16 17 18 19 20 21 22 23 24 25 26 27 28 29 30 31 32 33 34 35 36 37 38 39 40 41 42 43 44
20 3 8 9 11 13 14 17 19 23 24 25 26 30 32 35 37 38 39 42 43
27 1 2 3 4 6 7 9 10 12 16 17 18 20 21 22 25 27 28 29 33 35 36 37 38 42 43 44
24 2 3 6 10 12 13 14 17 18 19 20 21 22 24 27 34 35 36 37 38 39 42 43 44
23 1 2 3 4 5 6 7 9 11 12 17 20 21 22 25 26 27 31 35 38 40 43 44
33 2 5 6 7 10 11 12 13 14 15 16 17 18 19 20 22 24 25 26 27 28 29 30 31 32 33 34 36 37 39 42 43 44
27 6 7 9 11 12 13 14 17 18 20 22 23 26 28 29 30 32 34 35 36 37 38 40 41 42 43 44
29 1 2 3 5 7 8 9 10 11 13 15 16 18 20 22 24 26 27 28 29 35 37 38 39 40 41 42 43 44
33 1 2 5 6 7 9 10 11 12 14 15 16 18 21 22 23 24 25 27 28 29 30 31 33 34 35 37 38 39 40 41 42 44
23 4 5 6 7 8 10 13 16 17 21 23 25 27 28 29 30 31 33 34 38 40 42 43
24 5 6 7 12 13 14 15 18 19 20 22 24 26 27 28 29 32 34 36 37 38 40 42 43
23 3 5 6 10 11 12 14 18 20 22 24 25 27 29 30 34 35 36 37 40 41 43 44
14 4 7 10 16 17 19 21 25 29 32 36 41 42 43
13 4 10 14 15 16 20 27 30 37 39 41 43 44
17 3 10 11 15 18 19 21 25 26 27 29 30 34 35 36 38 40
14 4 6 9 11 13 17 18 22 29 31 32 33 42 44
33 1 3 5 6 7 8 9 10 11 13 14 15 16 17 18 20 21 22 24 25 27 29 30 32 34 35 36 37 38 39 40 43 44
26 1 4 6 12 16 17 18 19 21 22 23 26 28 29 30 31 32 34 35 37 38 40 41 42 43 44
25 1 3 4 6 8 9 10 11 12 13 14 15 16 17 18 24 25 29 31 32 33 36 38 39 40
14 5 6 7 15 16 19 21 28 30 34 35 38 39 44
19 2 3 5 11 12 17 18 23 25 27 29 30 31 32 36 39 41 43 44
16 2 3 5 7 12 13 16 17 19 22 23 29 35 39 41 43
23 1 3 5 7 11 13 16 17 19 21 23 24 26 28 30 32 33 34 35 36 39 40 44
33 2 4 5 7 8 11 12 13 14 17 18 19 20 21 23 24 25 27 28 29 30 32 33 34 35 36 37 38 39 40 41 43 44
13 2 8 9 12 13 20 26 29 33 34 36 38 43
14 1 3 6 9 12 19 21 22 25 37 38 40 42 43
20 2 3 4 9 11 12 14 15 16 17 21 22 24 28 29 30 32 34 40 41
14 3 6 16 18 20 23 26 30 32 35 37 41 43 44
20 1 3 5 13 14 15 17 19 20 24 25 27 28 30 33 34 36 39 43 44
31 1 2 5 6 7 8 10 11 12 13 14 15 16 17 18 19 20 21 22 24 26 27 29 30 33 34 35 38 39 42 43
23 1 3 4 10 12 13 14 15 17 20 21 22 23 26 28 30 31 34 35 36 37 40 43
24 1 7 8 9 10 11 12 13 16 17 19 20 22 23 26 27 28 30 32 35 36 37 42 43
15 1 5 6 9 15 17 18 22 23 24 30 33 37 38 44
20 1 3 6 7 10 13 20 23 25 26 27 28 29 30 31 35 37 38 40 44
13 1 9 12 15 18 19 24 28 30 32 35 41 43
13 9 11 14 15 16 17 20 28 32 34 39 42 44
23 3 4 6 8 9 10 11 14 16 17 19 21 22 23 28 29 30 33 36 37 38 42 44
21 2 3 4 6 13 14 15 16 20 21 22 26 28 29 32 36 38 39 40 41 44
25 1 2 3 4 5 8 9 11 13 15 17 20 21 23 24 26 29 32 33 34 35 36 39 40 42
19 1 3 4 5 10 11 12 16 18 22 24 26 30 36 38 39 40 42 43
23 1 4 7 12 13 14 15 16 18 22 23 25 29 34 35 36 37 38 39 40 41 43 44
23 1 2 4 6 8 9 10 12 13 15 16 17 21 23 24 26 27 30 32 33 37 40 44
19 3 4 9 10 13 15 16 20 22 26 28 30 32 33 35 38 39 41 42
28 1 2 4 5 7 9 11 13 14 17 20 23 24 26 28 29 30 31 32 33 34 35 36 37 38 40 43 44
18 3 4 5 8 10 14 15 17 18 19 22 23 28 31 32 35 37 38
13 1 2 4 9 13 14 17 33 34 35 37 38 44
28 1 2 3 4 5 6 7 11 13 15 17 19 20 24 26 27 29 30 31 34 35 36 37 38 40 41 42 43
26 2 3 4 5 8 9 12 15 16 17 18 19 21 22 25 26 31 32 33 34 35 38 39 41 42 44
28 3 4 5 6 7 8 11 13 15 16 17 19 20 21 22 23 24 25 26 28 29 32 33 34 36 37 42 43
19 4 6 8 9 10 11 12 15 19 20 21 22 23 24 27 34 36 38 41
17 2 6 8 9 10 11 18 22 26 28 30 36 38 39 40 41 42
26 1 2 3 6 7 8 9 10 12 13 15 16 17 18 20 22 23 25 31 32 34 37 39 41 42 44
30 3 4 6 7 10 12 14 15 16 17 19 20 21 22 23 26 27 28 29 31 32 33 34 35 36 38 39 41 42 44
27 2 3 4 5 7 9 11 13 14 15 16 18 21 22 23 25 26 28 29 30 31 32 33 39 41 43 44
18 7 8 10 11 12 13 15 17 18 19 20 30 31 32 34 41 42 43
23 3 5 6 8 10 15 17 18 20 21 24 25 26 27 30 31 33 37 38 39 40 42 43
65 45 46 47 48 49 50 51 52 53 54 55 56 57 58 59 60 61 62 63 64 65 66 67 68 69 70 71 72 73 74 75 76 77 78 79 80 81 82 83 84 85 86 87 88 89 90 91 92 93 94 95 96 97 98 99 100 101 102 103 104 105 106 107 108 109
37 45 46 48 49 51 52 54 57 58 61 62 65 69 70 74 75 76 77 78 80 82 85 86 87 90 93 95 97 98 99 100 102 103 106 107 108 109
43 46 47 48 49 52 54 58 61 63 64 65 68 69 71 72 73 74 75 76 77 78 79 80 81 85 86 87 88 89 90 92 93 94 97 99 101 102 104 105 106 107 108 109
45 45 48 50 51 52 53 54 57 58 59 62 63 64 65 66 67 68 69 72 73 75 76 77 78 79 82 83 84 85 88 91 93 94 95 98 99 100 101 102 103 104 105 107 108 109
43 46 48 49 50 51 52 53 54 55 56 57 58 60 62 63 65 67 68 69 71 73 76 77 79 80 81 84 86 87 88 89 90 91 92 93 95 98 99 100 101 104 107 108
41 45 47 49 50 51 52 53 54 55 57 58 59 60 61 62 64 65 66 67 70 73 74 75 78 79 80 82 83 84 86 87 92 93 95 96 98 100 104 106 108 109
37 46 48 49 50 52 56 58 59 60 61 63 64 65 66 67 70 71 72 74 76 77 79 82 83 84 87 90 92 93 94 95 97 101 102 104 105 108
28 45 46 53 54 57 60 61 66 68 69 73 76 78 79 80 83 87 88 91 92 93 94 96 99 101 102 104 105
45 45 46 47 48 49 50 52 54 56 57 58 60 61 62 65 66 68 69 70 72 73 74 75 76 77 80 81 83 84 85 87 88 89 91 92 93 95 96 98 101 102 104 105 106 107
38 46 48 49 50 51 52 54 56 57 58 61 62 64 67 68 69 71 74 75 76 77 79 80 83 84 85 89 90 91 93 94 98 102 103 105 107 108 109
34 46 48 50 60 61 62 65 66 67 69 71 72 73 75 77 78 79 81 83 85 88 89 91 94 96 97 98 100 101 103 104 105 106 108
46 47 48 50 52 53 54 55 56 58 59 60 61 62 64 65 68 69 70 71 72 75 77 79 81 82 83 84 85 86 87 88 89 91 92 93 94 95 96 97 99 100 102 106 107 108 109
44 45 47 48 51 52 53 54 58 59 61 62 63 64 66 67 69 70 71 74 75 77 78 79 80 82 83 84 85 86 88 89 91 94 95 97 98 100 101 104 105 106 107 108 109
36 47 51 54 55 56 57 59 60 62 66 67 68 69 71 72 73 74 75 79 81 82 85 86 89 92 98 99 101 102 103 104 105 106 107 108 109
32 46 48 49 50 53 54 56 58 59 60 62 63 65 66 72 79 80 81 83 85 86 87 88 89 93 94 95 97 100 101 102 108
46 46 47 48 49 50 51 53 54 55 56 58 59 60 63 66 67 68 69 70 71 72 73 74 80 81 82 84 85 88 89 91 92 93 94 95 97 98 100 101 102 103 104 105 106 107 108
27 47 51 52 58 62 63 66 67 68 72 73 74 75 78 80 81 82 83 86 89 91 93 95 96 97 99 104
37 45 47 48 49 51 52 54 55 59 60 62 64 65 67 68 73 74 77 78 79 80 81 83 84 87 89 91 94 95 96 97 100 102 103 104 108 109
37 45 46 48 49 51 54 55 57 58 59 60 61 62 63 66 67 68 69 70 72 73 75 77 83 86 87 89 91 92 97 100 101 102 103 105 107 109
40 45 46 48 50 53 56 59 61 64 65 66 67 68 69 72 75 77 78 79 81 82 83 84 86 87 90 92 93 94 95 97 99 101 102 103 104 105 107 108 109
38 47 48 50 51 52 53 54 56 57 59 61 63 64 65 66 68 69 70 71 72 74 75 76 78 79 80 86 87 90 91 93 94 95 96 97 100 104 105
35 46 47 49 52 53 54 55 56 57 58 60 62 64 65 66 69 70 75 79 84 85 86 88 89 94 95 97 98 99 100 101 102 107 108 109
21 45 50 57 59 61 64 65 71 74 75 76 79 80 88 90 92 97 102 106 107 108
24 48 49 51 53 59 60 65 67 70 74 77 79 80 81 85 89 91 99 100 101 103 104 106 109
32 45 47 49 51 54 56 57 58 59 60 62 66 67 70 74 75 76 77 79 81 85 90 91 92 93 94 95 96 98 99 103 108
29 45 48 51 52 53 54 56 57 61 63 65 69 71 75 76 82 83 85 87 91 92 96 97 99 101 102 103 108 109
22 50 51 54 55 60 62 64 68 71 74 77 80 88 89 90 92 97 99 100 101 105 107
24 48 51 57 60 62 67 69 74 78 79 80 82 86 87 90 92 93 95 97 99 105 106 107 109
50 45 49 51 54 56 58 59 61 63 64 65 67 68 69 71 72 73 74 76 77 78 79 80 81 82 83 84 85 86 88 89 90 91 92 93 94 95 96 97 98 99 100 102 103 104 105 106 107 108 109
28 46 47 48 52 53 56 58 60 63 64 66 71 72 77 79 80 84 86 87 89 90 93 94 98 99 102 104 107
29 46 48 50 51 52 57 58 59 61 64 65 71 73 74 77 80 83 84 89 93 95 96 98 99 101 102 103 104 106
46 45 46 47 48 49 50 51 52 53 55 56 57 58 59 60 62 63 64 65 67 70 72 73 75 76 77 78 79 80 81 82 84 85 86 87 91 92 93 94 97 102 103 105 106 107 109
32 45 46 47 50 51 52 53 55 59 62 64 66 67 68 69 71 72 73 80 81 82 83 85 89 92 95 96 98 99 104 105 109
46 45 48 49 51 52 53 54 55 57 58 59 61 62 63 66 67 68 69 72 74 75 76 78 79 80 81 82 84 85 86 88 89 90 91 92 93 94 97 100 101 102 104 105 107 108 109
47 46 47 48 49 50 54 57 59 61 62 64 65 66 67 68 69 70 71 72 73 77 78 79 80 81 82 83 84 85 86 87 88 89 91 92 95 96 97 99 101 102 103 105 106 107 108 109
30 45 50 52 54 55 59 61 64 65 67 68 72 73 76 77 78 80 84 85 88 90 91 92 94 95 96 99 101 103 108
33 46 47 48 49 51 58 59 60 66 67 70 71 72 75 76 77 79 80 81 82 85 87 88 89 92 93 97 98 101 102 104 106 108
31 45 46 50 51 56 58 59 62 64 65 68 69 71 72 75 77 79 82 83 84 86 87 89 90 91 93 95 99 104 108 109
50 45 46 47 48 49 51 52 53 54 55 56 57 60 62 64 66 67 68 69 70 71 73 74 75 76 77 78 79 80 81 84 85 86 87 88 90 91 92 93 95 96 97 99 100 101 103 105 106 107 109
24 46 47 50 51 54 57 59 60 62 65 66 67 73 74 76 77 78 80 83 88 91 97 99 104
21 48 49 50 53 54 58 66 69 71 72 75 77 79 81 83 84 87 89 92 100 102
30 46 49 50 52 54 60 61 63 65 67 68 70 72 74 75 76 79 80 81 82 83 85 94 95 96 97 100 102 107 109
40 45 46 47 48 49 51 52 54 55 57 60 62 63 66 67 68 70 71 72 73 74 75 76 77 78 81 83 84 90 91 92 95 96 103 104 105 106 107 108 109
31 48 49 52 53 54 55 56 57 58 59 62 65 67 68 72 73 77 79 81 82 83 89 90 91 92 99 101 103 106 107 109
21 46 47 51 53 55 56 58 62 67 68 72 73 74 78 82 83 84 90 99 106 108
24 47 48 55 59 60 61 62 65 67 72 80 81 82 83 85 87 89 91 94 97 98 102 108 109
29 46 47 48 50 51 52 53 55 61 62 67 69 76 78 80 81 83 84 88 89 90 92 96 97 102 104 106 107 109
23 50 60 62 65 68 69 75 76 77 79 80 82 85 87 90 92 95 96 99 102 103 105 109
49 45 47 48 49 50 51 53 54 55 56 57 58 59 60 61 62 64 65 66 68 69 70 71 72 74 75 76 77 79 84 85 86 87 89 90 92 93 94 95 96 98 99 100 101 104 105 106 107 109
46 45 46 47 48 49 50 52 53 54 55 59 64 65 66 67 68 70 71 73 74 75 76 77 78 79 82 84 85 88 90 91 93 94 95 96 97 98 99 101 102 103 104 105 106 108 109
29 51 52 53 54 56 57 59 66 67 69 73 74 76 78 79 80 82 83 84 87 88 92 94 97 101 102 103 107 109
30 45 46 48 50 52 53 54 55 62 65 69 70 73 74 75 76 77 79 80 82 84 85 87 95 98 99 100 106 108 109
42 45 46 48 49 50 52 53 54 58 59 63 64 65 66 67 68 69 71 72 73 76 77 78 83 85 86 88 90 92 93 94 95 96 98 99 101 102 103 105 107 108 109
25 50 53 54 56 59 66 68 69 77 81 83 84 85 86 87 93 94 96 98 99 100 102 103 106 107
45 45 47 48 49 50 51 52 53 55 56 57 60 63 64 66 67 68 70 71 73 74 75 77 79 80 83 84 85 86 87 88 89 91 92 93 95 97 98 100 102 103 104 105 107 109
47 45 47 48 50 51 52 53 54 55 56 57 58 60 61 62 65 66 67 68 69 70 73 74 75 76 77 78 80 83 84 85 87 88 89 90 93 94 96 97 98 101 102 103 104 105 107 108
39 47 48 49 51 52 53 54 56 58 61 62 65 67 70 72 73 75 78 80 81 82 85 86 87 88 92 94 95 96 97 99 100 101 102 103 104 107 108 109
21 45 46 49 51 54 56 61 64 65 72 76 78 86 91 92 97 99 101 104 105 106
20 45 48 50 56 58 59 61 66 69 71 75 78 79 87 90 91 92 93 98 108
26 48 51 53 54 59 60 63 64 65 66 70 71 74 76 77 82 85 92 93 98 99 101 104 106 108 109
41 45 47 48 53 57 58 59 60 61 62 63 64 66 67 70 74 75 78 79 82 83 85 86 87 89 90 91 92 93 94 96 97 98 99 100 101 102 105 106 107 109
24 45 46 49 55 60 63 68 74 76 77 79 81 85 86 87 91 93 96 97 100 103 106 108 109
37 45 47 52 54 55 56 57 60 61 63 64 66 72 73 74 75 77 78 79 81 83 84 85 86 88 91 92 93 94 95 96 98 100 101 102 103 105
23 49 50 51 52 55 57 60 63 64 70 78 79 80 84 85 92 97 100 101 106 107 108 109
45 45 47 48 49 50 52 53 54 55 56 57 58 61 62 64 66 67 68 72 74 75 76 77 78 79 81 82 83 84 85 86 87 88 92 94 95 96 100 101 102 103 104 105 107 108
47 45 46 47 48 49 50 51 52 56 58 59 60 61 62 63 64 65 66 67 69 70 73 74 75 76 78 79 80 81 82 83 85 87 88 89 90 91 92 95 97 99 100 102 104 105 107 108
36 46 48 49 52 55 56 57 58 60 61 63 66 67 70 71 73 75 76 77 78 79 81 84 86 87 88 89 91 92 94 95 96 97 102 107 108
34 45 46 47 49 53 58 59 60 61 62 63 66 67 73 74 75 76 77 79 83 84 85 86 87 89 91 92 94 96 98 100 103 105 109
22 52 53 56 64 68 71 73 77 80 81 82 85 88 89 90 91 94 98 99 105 106 109
26 45 46 53 55 56 57 58 60 61 64 65 66 67 71 72 74 76 83 91 93 94 98 100 101 108 109
44 45 46 47 48 51 52 53 54 56 57 60 62 64 65 66 67 69 70 72 75 76 81 82 83 84 85 87 89 91 92 93 94 96 97 98 99 100 102 103 105 106 107 108 109
38 48 50 51 52 55 56 59 60 61 66 67 69 70 71 72 73 76 77 78 80 83 84 85 87 89 90 91 92 93 97 100 102 103 105 106 107 108 109
25 45 47 50 51 52 57 58 59 63 65 66 72 73 76 77 78 81 82 84 86 90 91 93 102 103
39 46 48 49 51 52 55 56 57 58 60 61 62 64 65 67 68 71 74 75 76 77 78 80 81 85 86 87 89 90 93 94 95 96 97 99 102 106 107 108
39 45 46 48 50 53 56 57 63 64 66 67 68 69 70 72 73 77 78 79 80 81 82 83 84 85 86 87 89 90 91 94 96 97 98 103 105 106 107 109
20 45 47 50 58 63 67 68 70 73 78 80 81 84 87 90 92 97 101 108 109
36 45 46 47 49 50 52 56 57 58 62 63 64 67 68 69 70 72 73 75 77 79 80 82 84 86 87 88 90 91 93 94 99 102 103 104 107
51 45 46 47 48 49 50 51 52 53 54 55 57 58 59 60 62 63 65 67 68 70 71 73 75 76 77 78 79 81 82 83 84 85 87 88 89 90 91 92 93 94 96 100 101 102 103 104 105 106 108 109
35 46 50 52 53 54 56 57 58 59 60 62 63 65 66 67 68 69 70 72 73 74 76 78 79 81 86 87 89 91 92 97 98 101 102 109
35 45 46 48 51 52 54 55 57 58 62 64 65 71 72 74 75 77 78 80 81 82 83 84 86 88 89 91 92 93 96 98 102 103 104 109
24 48 49 51 55 56 57 62 65 73 80 82 83 85 86 88 90 92 94 95 96 101 102 108 109
32 46 49 51 52 55 56 57 58 60 61 62 63 64 65 67 71 72 75 76 79 80 86 89 91 92 95 97 98 100 103 104 106
25 45 46 47 48 53 54 55 56 58 60 64 66 67 68 70 74 76 78 82 87 88 100 103 104 105
46 45 46 47 48 50 51 52 53 54 55 56 58 59 61 63 64 65 66 67 69 70 72 74 75 76 77 78 82 85 86 89 91 92 94 95 97 98 100 101 102 103 104 105 106 107 108
49 46 49 50 51 52 53 55 56 57 58 59 60 62 63 64 65 66 67 69 70 72 73 74 75 77 78 79 82 83 85 86 87 89 90 91 92 94 95 96 97 98 99 100 101 102 103 106 108 109
43 47 49 50 51 54 56 57 58 60 61 62 63 68 69 70 71 73 74 75 76 78 79 81 82 83 84 85 86 87 88 89 90 91 94 95 96 97 99 100 101 102 105 108
35 46 48 50 51 53 54 56 58 59 61 62 65 67 68 70 71 73 74 76 77 80 81 82 84 86 88 89 92 94 102 103 104 106 107 109
51 45 46 47 48 49 50 51 52 53 56 58 59 62 63 64 65 66 67 68 70 71 72 73 74 75 77 78 81 82 83 85 86 88 89 90 91 92 93 94 95 97 98 99 100 101 102 103 104 106 107 109
47 45 46 47 49 50 51 52 53 54 55 56 57 59 61 62 63 64 65 66 67 69 71 72 74 75 76 77 78 79 81 82 83 84 85 86 89 91 95 96 99 100 102 104 105 106 107 108
27 46 47 48 54 60 61 65 67 68 70 71 73 75 76 77 79 81 84 85 92 94 95 96 101 102 104 108
20 45 47 53 56 63 66 69 71 72 81 83 85 88 90 92 94 99 101 103 106
22 53 54 58 63 65 68 69 70 72 76 77 78 83 85 86 88 89 90 93 99 108 109
19 49 51 52 53 59 61 63 65 68 74 79 81 82 83 87 95 98 102 109
37 45 46 47 49 50 52 54 55 57 58 59 61 66 67 68 70 72 73 76 77 80 82 83 84 85 87 88 94 95 96 97 99 103 104 106 107 109
50 45 46 48 51 52 53 54 55 56 57 58 59 61 62 63 64 65 66 67 72 73 74 75 76 77 78 79 81 82 83 84 85 86 88 90 91 92 94 96 97 98 100 101 102 103 104 105 106 108 109
46 46 47 48 50 51 52 53 54 55 56 60 64 65 66 67 68 69 70 73 74 76 77 78 79 81 82 83 84 85 86 89 90 92 93 94 95 96 98 99 100 101 102 104 105 107 108
38 47 48 50 51 53 54 55 58 59 62 65 67 68 73 74 75 76 77 78 82 83 85 87 88 89 90 91 94 95 97 99 100 102 104 105 106 107 109
47 45 48 49 51 52 53 54 56 58 59 62 63 64 65 66 67 68 69 70 71 73 74 75 78 79 80 82 83 84 85 86 88 89 90 92 94 95 97 98 101 102 103 104 106 107 108 109
40 45 46 48 49 50 52 53 54 55 56 57 59 60 66 67 68 69 70 71 72 73 74 77 78 79 80 82 83 89 90 92 94 96 97 99 102 104 106 107 108
21 46 51 53 54 57 61 65 66 73 76 77 78 79 82 84 91 92 99 100 102 107
46 46 47 48 49 50 51 52 53 54 55 57 58 59 60 62 63 64 65 66 67 70 71 72 73 74 76 78 80 81 83 84 85 86 89 91 93 95 96 97 99 100 102 103 106 107 109
59 110 111 112 113 114 115 116 117 118 119 120 121 122 123 124 125 126 127 128 129 130 131 132 133 134 135 136 137 138 139 140 141 142 143 144 145 146 147 148 149 150 151 152 153 154 155 156 157 158 159 160 161 162 163 164 165 166 167 168
22 110 112 120 121 129 132 133 134 135 140 141 142 143 145 149 151 153 155 156 158 162 164
40 111 113 114 115 116 117 118 119 120 122 124 125 126 127 128 129 130 134 137 138 141 142 143 144 145 146 147 148 149 150 151 154 155 157 158 159 160 161 163 166
35 110 111 112 113 114 117 118 119 120 124 127 128 129 130 132 134 135 136 137 139 140 141 142 144 146 149 150 152 157 158 161 165 166 167 168
31 111 112 114 118 119 120 122 123 124 130 133 134 137 138 139 140 142 143 144 146 147 149 150 151 152 154 161 162 164 165 167
45 111 112 113 114 115 116 117 119 120 121 122 125 126 127 128 129 130 131 132 133 134 136 137 138 140 143 144 145 146 147 148 150 151 152 153 155 156 159 160 161 162 164 165 166 168
30 110 112 113 114 115 117 121 123 132 133 134 135 136 137 138 140 141 143 144 146 148 151 152 153 154 155 164 166 167 168
39 110 111 112 113 114 115 116 118 120 122 123 124 127 129 130 132 135 137 138 140 141 143 144 145 146 147 148 149 150 152 154 156 158 160 162 163 164 165 167
21 111 120 122 123 125 128 133 134 135 139 140 142 143 145 146 148 154 157 164 166 168
39 111 115 117 119 120 123 125 126 128 129 131 132 134 135 136 137 138 141 142 144 145 146 147 148 150 151 154 155 156 157 160 161 162 163 164 165 166 167 168
29 112 113 115 116 118 119 123 124 125 127 128 133 134 137 138 139 140 145 146 148 153 154 155 157 159 160 162 164 168
21 111 113 114 115 123 126 127 134 135 139 141 143 144 145 146 148 149 150 152 158 166
29 110 112 114 119 121 123 124 125 126 128 129 130 131 134 135 137 139 142 143 144 147 149 150 151 154 156 163 164 167
23 116 118 123 125 126 128 132 134 136 138 141 142 144 146 147 149 150 154 157 159 164 166 168
29 112 113 114 115 116 117 120 121 123 127 128 136 139 140 144 146 147 148 149 152 153 154 156 157 158 161 163 164 166
24 111 113 114 115 118 119 120 124 127 128 131 132 133 134 136 137 143 145 151 152 154 159 162 167
45 110 111 112 113 115 116 117 119 120 122 123 126 127 129 130 131 132 133 135 137 138 139 140 141 142 143 144 145 148 149 150 151 152 153 154 155 156 157 159 160 163 164 166 167 168
42 110 111 112 113 115 116 117 118 119 122 125 126 127 128 132 133 135 136 137 139 140 142 143 144 145 146 147 148 149 150 153 154 156 157 158 160 162 163 164 165 166 167
18 117 118 120 123 124 126 129 133 134 136 137 138 143 148 149 150 154 164
38 110 111 114 115 116 118 120 122 124 125 126 127 128 129 134 135 136 137 138 140 143 144 146 147 149 150 152 154 155 156 157 159 160 164 165 166 167 168
22 112 121 123 126 127 128 132 134 138 140 141 143 145 146 147 150 153 156 159 166 167 168
18 111 113 117 119 121 122 126 130 133 140 142 148 149 153 156 163 166 167
43 111 113 114 115 120 121 122 123 124 125 126 127 128 129 130 131 132 134 135 137 139 141 142 143 146 147 149 151 152 153 154 156 157 158 159 160 161 163 164 165 166 167 168
32 110 111 113 114 115 116 121 123 125 126 127 128 129 131 133 134 138 141 142 145 148 150 151 152 153 154 155 159 161 162 163 164
26 113 114 121 122 123 125 127 128 130 131 134 136 137 138 140 141 146 147 156 158 161 162 163 166 167 168
35 111 113 114 115 116 118 119 123 124 125 126 128 129 133 135 136 138 139 140 141 143 144 148 151 154 155 159 160 161 162 163 164 165 166 168
20 113 114 119 121 122 126 128 129 135 139 146 148 151 152 156 158 159 160 166 167
37 110 111 112 113 115 117 118 120 122 125 128 129 130 131 132 133 134 135 137 138 139 140 141 145 146 148 150 151 152 153 154 157 159 160 161 163 164
34 110 111 112 113 114 116 117 118 120 121 122 126 127 128 129 131 132 133 135 136 137 138 146 148 151 155 156 159 161 162 163 164 166 168
44 113 114 115 116 117 120 121 122 123 125 126 127 128 130 132 133 135 136 137 138 139 140 141 142 143 144 145 146 147 148 151 152 153 154 156 157 158 160 161 162 164 166 167 168
38 110 111 112 113 115 117 118 120 121 122 123 125 126 128 130 133 134 135 139 142 143 145 147 148 149 150 151 152 154 156 157 158 159 160 162 163 165 167
31 110 111 112 115 118 119 122 123 124 125 127 129 131 134 138 140 141 143 147 149 151 153 154 155 157 160 161 162 164 166 168
46 110 111 112 113 115 116 117 118 120 122 123 125 126 127 128 129 130 131 133 134 135 136 137 138 139 140 141 142 147 148 149 150 152 153 155 156 157 158 159 160 162 163 165 166 167 168
26 115 116 118 119 124 128 130 133 135 137 138 139 140 141 142 143 144 147 149 151 152 153 157 158 165 168
32 115 117 118 119 120 121 122 126 129 130 131 132 137 138 139 141 143 145 148 151 152 153 154 155 156 160 161 162 163 164 165 166
37 110 112 113 114 115 117 118 120 121 122 125 127 128 129 130 133 134 135 137 138 140 141 146 147 148 149 150 154 155 156 157 159 160 162 163 165 167
19 112 114 116 120 122 130 131 138 139 143 153 154 156 157 158 161 166 167 168
25 110 111 112 118 119 121 125 126 127 130 133 134 135 137 138 141 146 152 154 155 160 161 164 167 168
38 110 111 112 114 115 117 118 121 122 123 124 127 133 137 139 140 141 142 143 144 145 146 147 149 152 154 155 156 157 158 159 160 161 162 164 165 167 168
39 110 111 112 114 116 117 118 120 121 124 125 126 127 129 130 131 134 137 138 141 142 144 145 147 150 152 153 154 155 156 157 159 160 161 162 163 164 165 167
35 111 113 115 117 118 119 121 122 123 125 126 127 128 129 130 131 132 134 135 136 139 140 141 142 144 145 146 147 156 157 160 161 163 164 168
20 113 121 124 126 134 135 137 140 142 143 147 150 151 155 158 160 161 162 163 168
40 110 111 113 114 115 116 117 118 119 120 122 123 126 127 128 134 135 136 137 138 139 140 141 143 145 146 149 150 151 152 154 155 156 157 158 159 162 163 164 165
41 110 111 113 115 116 117 118 119 121 122 124 125 126 127 128 129 130 131 132 133 135 136 137 139 146 148 149 151 154 155 156 157 158 159 161 162 164 165 166 167 168
35 110 111 112 114 116 117 120 121 122 123 124 127 128 129 130 133 134 135 136 137 140 143 145 146 147 148 151 154 157 158 159 160 162 165 166
31 111 112 113 115 119 120 123 125 128 131 132 133 134 135 137 139 143 144 147 148 149 150 151 152 155 157 158 159 160 161 168
36 169 170 171 172 173 174 175 176 177 178 179 180 181 182 183 184 185 186 187 188 189 190 191 192 193 194 195 196 197 198 199 200 201 202 203 204
20 170 177 179 180 182 183 185 187 189 190 191 192 194 195 197 198 199 200 202 203
23 170 172 173 174 175 176 177 178 179 183 185 186 187 188 189 190 192 194 196 198 201 202 203
20 170 173 174 176 178 179 181 182 184 185 186 191 194 195 196 197 201 202 203 204
15 172 173 175 180 183 188 191 192 194 196 197 198 199 200 203
20 169 170 171 172 173 175 181 184 185 186 188 190 191 193 196 197 198 201 203 204
20 169 170 171 173 174 179 181 182 184 186 187 188 190 192 195 198 201 202 203 204
25 169 170 171 173 174 176 178 180 181 182 183 185 186 187 188 189 190 191 195 196 198 200 201 202 204
19 169 172 173 175 177 179 180 190 191 193 194 195 197 198 199 201 202 203 204
15 169 170 172 173 174 180 184 187 189 191 193 198 200 201 204
22 170 171 173 174 177 179 181 182 183 185 187 188 189 191 194 197 198 199 200 201 202 203
12 169 171 172 178 186 190 192 194 199 200 201 203
14 178 179 180 181 182 186 190 192 194 195 196 198 200 203
14 171 173 175 178 179 183 184 185 186 189 191 202 203 204
25 174 176 177 178 179 180 181 183 184 185 186 187 188 189 190 191 192 194 195 196 197 200 201 202 203
24 169 170 171 172 173 176 178 179 180 181 182 183 184 185 186 189 192 194 195 196 197 199 201 204
18 172 173 176 178 179 180 181 182 183 184 185 186 188 190 194 198 199 200
28 169 170 171 174 175 176 178 179 180 181 182 183 184 185 186 187 188 189 190 191 193 194 195 196 199 200 201 202
19 173 174 177 180 182 183 184 185 189 190 192 193 197 198 199 201 202 203 204
18 170 171 172 173 179 180 181 184 187 188 190 193 196 197 198 199 201 204
22 169 172 175 176 177 178 179 181 184 186 188 189 190 192 194 195 197 200 201 202 203 204
13 170 171 178 180 181 186 188 191 193 197 198 199 203
12 169 177 178 182 183 187 189 190 196 197 198 201
25 170 171 172 173 174 175 176 177 178 179 180 183 184 185 187 191 192 193 194 195 196 198 200 201 204
26 169 171 173 174 175 177 179 180 181 183 185 186 187 188 190 191 192 193 195 197 199 200 201 202 203 204
11 172 177 178 181 182 183 184 192 197 199 200
27 169 170 171 173 174 177 178 181 182 183 185 186 187 188 189 190 191 192 193 194 195 196 197 201 202 203 204
22 171 174 175 176 177 178 179 180 181 183 184 185 186 187 188 191 192 193 195 196 201 204
23 170 171 172 173 174 175 176 178 179 182 183 184 185 186 187 188 189 191 193 194 196 199 200
14 173 176 179 185 186 187 189 192 194 196 199 200 202 203
16 169 170 172 174 175 176 181 184 190 191 192 194 196 202 203 204
11 169 175 176 177 178 179 180 183 195 196 200
20 169 170 171 172 173 174 175 176 180 181 184 188 190 191 192 195 197 199 201 204
19 172 174 175 176 178 180 182 183 184 185 186 188 189 191 194 195 199 202 204
13 173 176 180 185 187 191 192 193 195 196 200 203 204
28 169 170 171 172 173 175 177 178 179 181 183 184 185 186 187 188 189 191 192 193 194 195 196 197 198 200 203 204
17 169 171 173 175 178 180 183 184 187 189 191 192 194 197 202 203 204
17 170 172 173 175 177 179 180 184 185 187 193 194 196 198 199 201 202
18 170 171 172 173 175 176 180 181 185 186 189 191 193 194 195 197 199 204
20 169 170 171 172 173 174 177 178 181 182 183 184 188 193 194 195 197 199 200 203
24 169 170 171 174 175 177 180 181 182 183 184 186 188 189 190 192 194 195 196 200 201 202 203 204
28 169 170 171 173 174 175 176 178 179 180 181 182 184 185 187 188 190 191 192 193 194 195 197 198 199 200 202 204
11 169 171 173 180 183 184 187 188 190 199 200
28 169 172 174 175 176 177 179 180 181 182 183 185 186 187 188 189 190 192 193 194 195 196 197 198 200 202 203 204
17 169 170 174 178 180 181 182 184 185 187 188 190 191 193 195 198 204
14 173 174 175 177 181 183 184 187 189 191 196 197 201 203
22 169 171 172 175 177 179 180 182 186 187 189 190 191 192 193 196 197 200 201 202 203 204
26 169 171 172 175 176 177 178 179 181 182 183 184 185 186 188 189 190 192 194 195 197 198 199 200 203 204
14 170 171 172 177 179 180 181 182 184 185 186 193 194 201
23 171 172 173 175 176 178 179 180 181 182 183 184 185 188 189 191 192 193 194 197 198 199 200
12 173 174 176 178 179 180 186 188 193 195 200 204
24 169 170 171 172 175 176 177 179 181 182 183 184 185 191 192 193 194 195 196 197 200 202 203 204
22 171 172 173 174 175 176 178 180 182 184 185 190 191 192 193 195 197 198 199 200 202 203
21 169 170 172 174 175 176 179 181 182 183 184 187 188 190 192 197 199 200 201 202 203
25 170 171 172 174 175 177 178 179 183 184 185 186 187 188 189 191 192 193 194 195 196 197 199 202 204
21 169 170 173 174 176 177 179 180 181 185 186 188 190 193 194 196 197 198 199 200 202
22 170 171 173 174 175 176 178 179 180 181 183 184 185 187 188 192 193 195 196 198 201 202
16 169 174 180 182 183 186 187 188 189 190 191 193 198 202 203 204
26 170 171 174 176 177 178 179 180 181 182 183 184 187 189 191 193 194 195 196 197 198 199 200 201 202 203
27 170 171 173 174 176 178 179 180 181 182 183 185 186 187 188 189 190 191 192 194 195 199 200 201 202 203 204
11 169 173 180 186 187 190 192 197 198 199 202
20 170 171 172 173 174 175 180 181 183 184 187 189 190 192 193 194 196 200 203 204
12 169 173 174 175 178 182 186 189 194 196 197 199
20 170 172 174 175 176 177 180 182 183 187 188 189 190 191 192 194 198 199 201 203
17 169 172 174 175 178 180 185 187 188 189 191 193 195 196 200 201 203
21 172 173 177 178 180 182 184 185 186 187 188 189 192 193 195 196 197 200 201 203 204
12 169 175 176 185 186 189 193 195 199 201 203 204
28 169 170 171 173 174 175 176 177 178 179 180 181 182 183 184 185 187 189 193 195 196 197 199 200 201 202 203 204
18 172 173 174 175 178 181 182 184 185 187 189 191 192 193 194 196 199 200
14 171 175 176 177 180 183 184 185 188 190 195 199 201 203
14 169 171 177 180 181 187 188 189 191 192 200 202 203 204
17 170 172 177 180 183 184 185 187 190 191 192 193 194 196 199 200 204
16 169 170 171 174 176 177 179 185 187 191 192 194 198 199 200 201
18 170 172 175 177 178 182 183 185 186 187 189 190 192 197 200 201 202 204
12 169 170 173 179 182 184 192 193 194 197 198 200
20 169 176 178 179 180 181 183 186 187 189 190 194 195 197 199 200 201 202 203 204
18 169 171 174 176 178 179 181 184 185 189 191 192 194 196 197 200 201 204
22 169 170 173 176 179 182 184 185 186 190 192 193 194 195 197 198 199 200 201 202 203 204
11 169 175 178 179 181 182 183 191 195 197 203
15 169 171 174 177 178 183 189 190 193 194 195 196 201 203 204
18 172 173 177 178 179 181 182 184 189 190 191 192 196 198 201 202 203 204
13 169 171 173 175 181 184 185 189 191 192 193 199 202
10 169 171 174 178 179 183 185 191 198 203
22 169 170 171 172 173 176 177 179 181 183 185 186 190 191 192 193 194 195 198 201 202 204
20 169 171 172 174 175 176 177 178 180 181 186 187 188 190 192 195 196 198 199 201
12 170 171 173 175 178 179 185 187 194 198 199 202
19 169 171 172 174 176 179 181 182 183 184 187 191 192 194 195 196 198 200 204
16 169 171 172 178 181 184 186 187 192 193 194 197 198 199 201 204
19 170 173 174 176 178 181 183 185 187 189 193 194 196 198 199 201 202 203 204
21 169 172 173 174 175 179 184 186 188 189 190 191 192 193 194 195 197 198 199 201 203
17 169 170 172 173 177 179 180 183 184 185 188 190 191 197 198 199 200
22 169 170 171 172 173 176 179 180 181 182 183 185 186 187 188 189 194 197 198 199 200 204
15 169 175 176 178 179 180 181 187 188 190 193 195 201 203 204
27 169 172 174 175 176 177 178 179 180 181 182 183 184 185 186 187 188 189 192 193 194 196 198 199 201 202 203
18 172 173 174 175 177 178 179 182 183 185 190 194 197 198 199 200 201 202
14 171 172 174 175 176 177 180 184 187 190 191 194 195 201
61 205 206 207 208 209 210 211 212 213 214 215 216 217 218 219 220 221 222 223 224 225 226 227 228 229 230 231 232 233 234 235 236 237 238 239 240 241 242 243 244 245 246 247 248 249 250 251 252 253 254 255 256 257 258 259 260 261 262 263 264 265
39 205 206 208 210 211 212 213 214 215 216 218 220 222 224 225 226 227 229 230 232 233 234 235 238 239 240 243 245 246 247 248 249 250 253 254 257 263 264 265
26 206 208 209 210 213 214 215 220 223 224 225 231 238 240 242 244 247 249 250 251 252 253 258 259 262 264
41 205 206 207 209 210 211 213 214 215 216 218 219 220 221 222 223 225 226 228 229 230 231 232 234 235 238 239 240 243 244 246 250 251 252 253 255 256 257 261 262 264
41 207 208 209 210 212 213 214 216 217 218 219 220 221 224 226 227 229 230 232 233 235 237 238 239 240 241 242 243 244 245 246 248 250 251 254 255 256 257 262 263 264
20 213 215 222 223 225 227 229 230 231 234 236 240 241 242 243 247 248 251 252 260
23 205 206 207 210 211 215 216 217 228 230 234 236 237 238 240 244 246 252 253 257 259 261 263
44 205 206 209 210 212 213 214 215 216 217 218 219 220 221 224 225 226 227 228 229 231 233 234 235 236 237 238 240 242 243 244 247 248 249 250 253 254 255 258 259 260 261 263 265
29 206 207 211 212 215 216 218 219 220 221 222 226 227 237 239 240 245 246 248 250 252 253 254 255 256 260 261 264 265
25 206 208 209 211 215 217 218 223 225 228 237 238 239 240 242 243 244 246 249 250 251 253 257 258 259
39 206 207 209 216 217 219 220 221 222 224 225 227 228 231 232 233 234 235 237 238 239 240 241 245 246 247 248 249 250 252 253 255 259 260 261 262 263 264 265
29 209 210 211 212 213 214 215 218 222 224 226 228 230 234 236 238 239 243 244 246 247 248 251 252 259 260 263 264 265
41 205 206 207 209 210 211 213 215 217 218 219 220 221 222 225 226 230 231 232 234 235 236 237 238 239 241 242 243 244 246 248 249 250 251 255 256 259 260 263 264 265
18 205 212 213 215 217 223 224 227 230 232 233 235 245 247 249 251 257 264
32 205 206 208 210 211 212 214 215 216 217 218 220 221 223 225 227 229 234 235 237 239 241 243 244 251 254 255 257 258 259 261 262
28 206 207 208 210 211 212 213 214 217 218 219 220 221 227 228 230 232 233 238 239 240 241 245 252 256 259 261 262
35 205 208 210 211 213 215 217 218 219 221 222 223 224 227 229 230 233 234 236 237 239 240 241 245 249 251 254 255 257 258 259 260 261 263 265
46 206 209 211 213 214 215 219 220 221 222 223 225 226 227 228 229 231 232 233 235 236 237 238 239 240 241 242 243 244 247 248 250 251 252 253 254 255 256 258 259 260 261 262 263 264 265
24 207 212 215 216 217 220 221 223 225 227 228 229 232 240 246 249 253 254 255 257 258 259 261 262
30 205 206 207 209 215 217 220 224 226 227 230 231 232 235 238 239 240 243 244 246 247 249 250 253 254 258 259 260 262 264
36 206 208 209 213 214 215 216 218 219 221 222 226 227 228 232 235 236 237 239 240 241 242 243 244 245 246 250 253 254 255 257 258 259 262 263 264
33 205 206 207 210 214 216 217 218 221 222 226 227 228 229 232 235 238 240 241 242 243 245 246 247 248 249 251 253 254 258 260 264 265
20 208 211 216 217 220 222 223 226 228 229 231 235 238 240 246 249 252 253 257 263
30 208 210 213 216 220 222 227 230 231 232 233 235 236 237 240 241 242 245 248 250 252 253 255 256 260 261 262 263 264 265
19 206 209 211 212 217 222 223 224 229 231 236 239 245 248 249 252 254 255 261
20 210 222 223 224 225 228 230 231 232 236 238 241 242 244 251 252 255 258 259 265
26 205 207 210 211 212 214 215 216 217 224 227 229 233 235 237 238 243 245 247 248 251 252 256 261 263 264
23 210 214 217 218 221 223 232 235 236 240 241 242 244 245 246 251 252 254 255 256 257 262 263
20 208 209 210 214 215 217 220 225 227 228 232 238 243 246 247 251 256 258 263 264
23 205 206 207 210 212 215 216 218 220 221 222 224 226 228 236 244 249 255 256 257 258 260 264
27 206 207 208 213 214 216 218 221 222 224 225 227 229 232 233 234 238 243 244 246 247 252 254 255 258 263 264
33 205 206 207 209 212 215 217 218 219 221 223 226 228 229 230 232 233 234 235 237 238 240 242 244 245 246 248 250 251 253 260 261 264
48 205 206 209 210 211 214 216 217 219 220 221 222 224 225 226 227 228 231 232 234 235 236 237 238 239 241 242 243 244 245 246 247 248 249 250 251 252 253 254 255 257 258 260 261 262 263 264 265
23 209 213 214 218 219 221 222 223 229 233 235 240 242 245 248 249 251 252 254 255 256 263 265
43 206 207 208 209 212 214 215 216 217 220 221 222 223 225 228 229 230 231 232 233 234 238 239 241 243 244 245 246 247 248 249 250 251 252 255 256 257 258 259 261 262 264 265
25 207 210 212 213 214 218 219 221 223 226 227 230 232 235 238 240 241 244 245 247 252 257 258 262 264
33 205 208 209 210 211 212 213 216 218 219 220 221 226 227 228 229 234 235 237 240 241 242 243 249 251 253 254 256 259 261 262 263 265
22 206 208 214 216 217 218 219 223 224 235 241 243 244 245 247 251 252 253 257 261 264 265
39 205 209 210 211 212 214 215 216 218 219 220 221 223 224 225 226 227 228 229 230 235 236 239 241 242 244 245 246 248 249 250 251 252 254 255 258 259 260 264
26 205 208 213 214 217 219 221 222 224 227 228 229 235 238 240 246 248 249 251 252 253 255 257 258 260 264
37 205 207 208 209 210 214 216 217 218 220 222 226 227 233 234 235 236 239 241 242 244 246 247 248 249 250 251 252 253 255 256 257 258 260 261 262 263
43 205 206 207 208 209 211 212 213 214 215 219 222 223 225 226 227 228 231 234 236 237 239 241 242 243 244 245 246 247 248 249 250 251 252 253 256 258 259 260 261 263 264 265
34 205 206 207 209 210 211 212 213 214 216 217 218 222 223 224 225 226 228 230 232 233 234 235 238 243 244 245 249 251 255 256 257 259 262
46 205 206 208 209 212 213 216 217 218 219 221 223 225 226 227 229 230 231 232 233 234 236 238 239 242 243 244 245 246 247 248 249 250 251 253 254 255 256 257 258 259 260 261 263 264 265
44 206 207 208 209 210 211 212 214 215 216 217 218 219 220 223 224 226 227 228 231 232 233 234 236 237 238 240 242 244 247 249 250 251 252 253 254 256 257 258 261 262 263 264 265
41 205 206 207 212 213 216 217 218 219 221 222 223 224 225 226 227 228 230 232 233 235 236 237 240 242 243 244 245 247 248 249 250 251 253 255 260 261 262 263 264 265
18 205 211 214 216 219 221 222 228 230 233 235 236 244 250 255 257 259 265
47 206 207 208 210 211 212 213 215 216 217 218 220 221 222 223 224 225 226 228 229 230 231 232 233 234 235 236 239 242 243 244 245 247 248 249 250 251 252 253 254 256 257 259 262 263 264 265
41 205 206 208 209 211 215 216 217 218 219 220 221 222 223 224 225 226 228 229 230 231 232 234 236 238 241 242 243 247 248 249 250 251 252 254 255 256 257 259 262 263
43 205 207 208 209 210 212 213 214 215 217 218 219 223 225 226 227 228 229 230 231 232 235 236 239 241 242 243 247 249 250 251 252 253 254 255 256 257 258 259 260 262 263 264
28 206 208 209 210 211 212 213 214 219 221 222 224 227 229 234 237 240 241 242 245 246 250 252 256 259 261 262 263
41 205 207 208 210 211 212 214 216 217 218 219 220 223 224 225 229 230 231 232 233 234 235 236 238 240 242 243 244 246 247 248 249 250 254 255 256 257 258 260 262 263
18 210 211 212 213 214 216 217 219 224 228 231 234 236 239 242 243 248 250
41 206 208 209 210 211 212 213 214 215 217 218 219 220 221 222 224 227 228 231 232 233 234 237 238 239 240 243 244 246 247 249 251 253 254 255 256 258 259 263 264 265
35 205 206 208 210 213 216 219 220 221 222 224 225 226 229 230 234 236 237 240 241 242 243 245 246 247 248 251 252 255 258 259 262 263 264 265
31 207 208 209 212 213 214 215 216 218 219 226 229 230 233 234 235 238 239 244 247 248 250 251 255 256 257 260 261 262 264 265
27 206 209 211 212 215 216 217 218 223 225 226 227 228 233 239 242 243 246 251 252 253 256 257 259 261 263 264
36 205 207 210 213 215 218 221 223 224 225 226 229 231 232 233 234 235 237 238 239 242 244 245 246 247 248 249 250 254 255 256 258 259 262 263 265
34 205 207 211 212 213 215 216 217 218 221 222 224 230 231 233 234 237 238 239 240 242 243 244 245 247 248 251 254 255 256 259 262 263 265
39 205 206 207 208 209 211 215 216 217 218 219 220 224 225 226 227 228 229 231 232 234 235 241 242 244 246 247 248 249 252 253 255 256 258 259 260 261 264 265
36 205 207 209 211 212 214 217 218 219 220 221 222 223 224 226 228 229 233 234 237 238 242 243 244 245 246 247 249 250 252 253 254 259 260 262 265
31 205 208 210 213 215 218 219 221 225 227 228 230 231 232 233 237 238 240 242 244 245 247 249 250 251 252 255 258 259 260 264
38 205 206 208 209 210 211 212 214 215 216 219 221 222 224 225 227 229 231 232 233 235 236 237 240 243 250 252 254 255 257 258 259 260 261 262 263 264 265
22 205 214 221 222 223 226 230 231 234 235 237 238 239 245 247 250 251 254 256 257 260 265
34 206 208 209 210 211 212 214 215 217 218 219 221 222 225 226 228 229 234 235 236 237 239 244 246 248 249 251 253 254 257 258 259 264 265
34 207 209 210 213 214 219 221 222 226 227 228 232 233 234 237 239 240 245 246 247 249 250 251 252 253 254 256 257 258 260 261 263 264 265
30 205 206 207 210 211 219 220 221 225 226 227 228 229 231 232 238 239 240 243 244 245 246 248 250 251 252 257 258 264 265
30 206 210 213 214 215 216 219 222 223 225 228 229 230 231 236 237 238 239 243 245 247 248 249 253 254 256 258 261 263 264
19 205 206 207 219 221 223 226 231 233 234 236 241 243 245 250 256 257 261 264
37 205 207 210 211 214 215 216 218 219 220 221 223 225 228 229 230 231 232 234 236 237 239 242 245 247 248 250 252 253 256 257 258 259 260 261 263 264
13 266 270 275 277 284 285 286 291 292 297 298 301 303
8 266 268 270 274 278 282 286 302
15 266 267 270 273 275 276 278 282 283 287 289 291 295 301 306
13 267 268 269 271 274 279 281 285 287 289 290 298 303
21 268 269 271 272 273 274 276 278 279 280 282 284 286 288 291 297 301 302 303 304 306
12 268 272 274 275 277 278 289 293 296 299 301 306
18 267 268 270 272 273 274 275 283 284 285 286 288 292 294 296 299 305 306
5 275 286 295 296 299
12 268 271 275 278 280 283 294 295 296 299 304 306
7 268 286 287 294 295 298 303
11 272 277 278 281 282 283 290 294 298 303 305
23 266 269 271 272 274 275 278 280 282 286 288 290 291 292 294 295 296 297 300 302 303 304 306
18 268 269 270 271 272 274 275 276 278 280 286 289 294 295 300 301 302 305
25 266 268 269 274 276 278 279 280 282 283 284 286 290 291 292 295 296 298 299 301 302 303 304 305 306
16 268 269 272 275 276 277 278 279 281 285 286 288 289 291 299 306
11 272 274 278 282 283 284 288 289 293 294 300
5 270 282 284 295 305
13 269 285 286 288 294 296 297 298 299 300 302 303 304
29 267 268 270 271 274 275 276 277 279 280 282 283 284 286 287 288 289 290 291 292 293 294 296 297 299 300 302 304 305
11 266 280 282 284 286 291 292 294 297 299 300
10 266 271 273 283 285 287 288 297 300 303
8 269 272 273 279 291 298 303 304
8 268 277 279 284 285 297 298 300
16 266 271 273 276 277 281 283 287 289 290 293 294 297 298 303 306
14 266 268 279 280 285 291 292 297 298 301 303 304 305 306
33 266 267 268 269 270 271 273 275 276 277 278 279 280 282 283 284 285 287 288 289 291 292 293 294 295 296 298 299 300 301 302 305 306
9 268 269 277 279 285 288 292 297 302
8 272 274 281 286 290 297 303 304
28 267 268 269 271 272 273 274 276 278 279 280 281 282 283 287 288 289 290 293 294 295 296 299 300 302 304 305 306
16 267 270 271 272 273 275 277 281 285 287 288 289 293 294 297 300
7 278 280 281 282 287 290 302
8 270 276 277 283 293 296 301 304
17 266 267 271 272 273 274 276 280 284 285 289 290 292 297 300 301 304
16 267 270 272 273 276 281 282 284 286 287 288 289 292 293 297 301
26 266 268 272 273 274 275 277 278 279 281 283 284 285 288 291 292 294 296 298 299 300 301 302 303 305 306
25 267 268 269 270 272 274 275 278 279 280 282 284 285 286 288 291 292 295 296 299 300 301 302 304 305
15 267 269 270 271 276 280 282 286 287 289 290 293 295 297 304
10 268 273 275 282 283 285 290 293 296 304
9 269 272 279 280 281 295 297 299 302
12 266 267 270 277 278 284 289 292 294 298 301 303
21 269 271 275 276 277 278 280 282 283 285 288 289 291 294 295 297 298 301 304 305 306
12 266 269 272 273 278 281 285 295 298 301 303 306
13 266 269 274 277 279 285 290 291 298 300 302 303 305
8 271 278 283 288 289 293 295 301
19 266 267 269 271 272 276 281 283 284 287 289 290 291 293 297 299 300 304 306
5 266 271 273 280 293
14 267 271 277 281 288 289 290 293 294 297 300 301 305 306
4 271 274 280 293
22 268 270 273 274 275 277 278 279 280 282 285 286 288 292 294 295 296 298 301 302 303 305
9 268 272 277 279 281 284 290 292 305
16 266 269 271 276 277 279 289 291 293 295 297 298 300 301 303 304
25 266 267 270 271 273 274 280 282 283 284 287 290 292 293 294 295 296 297 298 300 301 302 303 304 305
14 270 275 276 284 285 286 288 289 292 297 300 301 304 306
11 267 269 270 271 273 276 277 281 287 290 302
14 267 269 276 279 280 281 286 290 291 292 294 298 302 304
11 267 268 269 274 279 287 291 295 296 299 302
9 272 273 275 278 288 295 302 305 306
13 266 267 272 280 281 286 287 291 292 296 302 304 305
16 267 270 274 275 281 282 283 286 290 294 295 296 300 301 305 306
14 266 272 273 276 278 280 284 287 289 291 293 298 299 303
17 269 270 275 277 278 279 281 282 283 288 291 293 296 299 302 305 306
10 271 274 276 286 287 288 291 300 305 306
7 274 279 284 286 290 292 303
12 269 270 273 274 275 276 282 290 294 299 303 306
20 266 267 270 275 277 281 283 285 287 289 290 292 293 294 295 296 298 299 300 305
11 275 276 280 283 284 285 287 292 295 296 299
18 267 268 270 273 276 277 279 281 283 284 285 287 289 293 298 299 301 305
13 266 267 268 270 272 273 281 287 293 296 299 300 302
2 271 304
23 266 267 273 277 279 281 282 283 284 285 287 288 290 291 292 293 296 297 298 299 303 304 306
10 273 276 281 283 287 289 290 293 297 306
11 270 275 276 284 285 286 288 289 297 304 306
4 286 295 296 299
7 267 268 269 271 274 279 303
14 267 270 273 276 281 282 284 286 287 288 292 293 297 301
15 267 268 270 272 274 275 283 284 286 288 292 294 296 299 306
21 267 268 269 270 274 275 278 279 280 282 284 285 286 288 291 292 295 296 299 302 305
21 267 268 270 274 276 277 279 280 282 283 286 288 289 290 292 296 297 299 300 302 304
12 268 269 272 275 276 278 279 281 285 286 288 299
11 266 271 276 277 289 291 293 295 297 301 303
20 267 268 269 270 272 274 275 278 279 282 284 285 286 288 291 295 296 299 300 305
7 268 269 277 279 285 292 297
6 269 274 281 285 289 303
6 270 273 276 277 287 302
14 267 268 270 276 277 279 284 285 287 293 298 299 301 305
11 266 273 276 287 289 290 293 294 297 298 306
4 272 281 290 303
9 268 272 275 277 278 293 296 301 306
13 268 269 272 275 276 277 278 279 281 288 291 299 306
5 269 272 280 297 299
13 270 274 275 282 283 286 290 294 295 296 300 301 305
13 267 271 272 274 276 280 285 289 290 292 297 300 301
12 266 270 275 283 285 287 290 293 295 298 299 305
3 266 271 293
23 267 268 270 271 274 275 276 277 279 280 282 283 284 286 287 290 291 292 293 294 297 299 300
10 270 275 277 278 279 283 296 299 302 306
9 267 270 271 273 277 281 287 290 302
9 266 271 273 276 293 297 298 303 306
9 266 270 284 285 286 292 297 301 303
4 272 298 303 304
8 269 270 273 274 276 290 294 306
9 268 271 275 280 283 294 295 296 304
16 268 269 276 278 279 282 283 284 290 291 292 295 296 298 299 302
5 266 268 278 286 302
6 268 277 279 297 298 300
3 275 295 299
13 267 268 270 274 275 285 286 292 294 296 299 305 306
8 274 278 282 283 284 289 293 294
13 269 271 275 276 277 278 285 288 289 294 298 301 306
5 269 280 295 299 302
13 267 270 272 273 282 284 286 287 288 289 292 297 301
7 271 273 283 287 297 300 303
5 268 269 277 288 302
5 283 288 289 293 301
3 280 282 302
7 268 272 277 279 284 290 292
4 272 279 290 305
19 266 269 271 274 275 278 282 286 288 290 291 292 294 295 297 300 302 304 306
12 269 270 271 272 275 276 286 289 294 300 302 305
3 266 271 293
4 271 278 295 301
9 269 270 273 276 282 290 294 303 306
12 267 270 275 277 283 287 289 290 292 295 299 305
9 273 274 284 286 288 296 299 305 306
10 269 272 276 277 279 286 289 291 299 306
9 271 274 284 285 289 292 300 301 304
6 270 273 276 281 287 290
8 268 278 279 285 288 289 299 306
8 271 274 286 288 291 300 305 306
12 266 269 271 278 288 290 291 295 297 300 302 303
6 272 277 279 281 292 305
6 272 286 290 297 303 304
8 272 273 275 278 288 295 302 306
8 267 269 271 276 277 281 290 302
18 266 268 272 273 274 277 278 281 283 288 291 292 294 296 298 299 303 305
9 266 269 272 278 281 285 298 301 306
28 266 269 271 273 275 276 277 278 279 280 282 283 284 285 287 288 289 292 293 294 295 296 298 299 300 301 302 305
15 266 267 277 281 283 285 287 289 290 292 294 295 296 299 300
8 266 267 277 289 292 298 301 303
8 271 280 294 295 296 299 304 306
14 271 278 282 286 288 290 291 294 295 296 300 302 303 306
7 266 273 287 288 297 300 303
8 271 278 280 283 294 299 304 306
20 266 267 270 273 274 280 282 283 284 290 292 295 296 297 298 300 302 303 304 305
9 270 275 278 279 296 299 302 305 306
9 267 268 269 271 285 287 289 290 303
9 266 277 287 289 290 294 297 298 306
7 267 281 288 293 297 305 306
10 266 270 277 281 285 290 293 294 300 305
9 267 268 269 274 281 289 290 298 303
16 268 270 275 276 282 283 287 288 292 293 294 297 299 300 302 305
6 271 283 288 289 293 301
10 281 282 283 286 290 294 295 296 300 301
13 269 270 275 278 279 282 283 291 293 296 299 302 305
7 269 286 294 297 300 303 304
12 266 269 271 276 279 289 293 297 298 300 301 303
5 268 277 279 285 297
5 268 277 284 285 297
4 282 284 295 305
9 275 276 283 284 287 292 295 296 299
6 267 268 269 274 287 302
11 269 271 278 280 286 294 295 300 302 304 306
11 266 267 277 281 285 289 290 293 295 298 299
18 268 270 274 275 277 279 280 282 285 286 288 294 295 296 298 301 303 305
4 266 282 286 302
9 269 276 277 279 297 298 300 301 304
3 274 286 290
14 272 275 278 280 282 286 288 291 292 295 300 302 303 306
5 274 276 300 305 306
6 278 280 281 282 287 290
6 272 273 275 295 302 306
20 267 268 269 270 272 274 275 278 282 284 291 292 295 296 299 300 301 302 304 305
3 271 280 293
14 266 269 271 276 277 279 289 291 295 297 298 300 301 304
8 269 270 271 280 282 290 295 304
9 266 273 278 287 289 293 298 299 303
3 266 271 273
11 267 270 276 279 281 285 289 298 299 301 305
19 266 267 273 279 282 283 284 285 288 290 291 292 293 296 297 298 303 304 306
4 270 274 286 302
8 267 275 282 283 294 300 301 306
11 267 274 282 283 286 290 295 296 300 301 305
11 266 269 274 277 279 285 290 298 300 302 305
12 268 270 271 272 276 278 289 295 300 301 302 305
7 272 275 288 295 302 305 306
8 272 278 281 282 283 290 294 305
7 271 274 276 287 291 300 306
9 266 269 279 285 291 298 300 302 305
8 272 278 282 283 284 289 293 294
7 284 288 289 292 297 301 304
14 269 272 278 279 282 285 286 291 295 300 301 302 304 305
5 271 278 283 288 295
11 276 279 280 281 286 290 291 292 294 298 304
6 266 269 278 295 298 306
12 267 270 271 276 280 286 289 290 293 295 297 304
7 272 274 278 289 293 299 306
7 269 273 274 282 290 303 306
7 272 273 275 295 302 305 306
6 268 277 278 289 293 306
18 266 271 273 282 283 284 287 290 292 293 294 295 297 298 300 301 302 304
7 269 270 275 276 282 290 299
17 271 275 276 278 280 282 283 285 289 291 294 295 297 298 301 305 306
10 269 270 274 275 282 290 294 299 303 306
11 267 271 277 288 289 293 294 297 300 301 306
7 267 269 271 273 276 287 302
3 274 284 286
9 270 275 276 286 288 289 292 301 306
3 271 274 280
7 275 276 283 284 287 292 299
8 267 270 275 281 295 300 301 306
4 268 277 285 300
14 266 271 272 274 275 278 290 291 294 295 296 297 300 303
9 272 276 278 280 287 289 291 298 303
5 287 294 295 298 303
10 269 272 275 276 279 286 289 291 299 306
5 268 273 275 282 304
18 266 269 271 272 274 275 278 286 288 290 292 294 295 296 297 300 302 306
11 268 269 272 275 276 278 286 294 295 301 305
11 267 268 272 273 274 288 294 296 299 305 306
6 277 284 291 298 301 303
7 266 270 275 277 284 286 298
6 271 278 283 289 293 301
14 267 274 280 282 283 290 292 295 296 297 301 302 303 305
2 273 293
6 269 272 291 298 303 304
8 267 275 278 283 287 289 295 301
6 271 278 283 288 289 293
8 266 267 270 273 276 283 291 306
7 272 274 281 286 290 303 304
7 267 271 277 288 289 300 306
8 268 272 274 275 277 278 296 301
4 277 279 285 300
9 268 272 275 277 279 281 286 288 289
10 267 268 272 281 287 293 296 299 300 302
8 268 277 279 281 284 290 292 305
21 266 268 273 274 275 277 278 279 281 283 284 288 292 294 296 298 299 300 301 303 306
11 267 270 274 275 281 282 283 290 295 296 305
13 273 277 281 283 284 285 287 292 293 296 297 298 304
11 267 271 272 273 274 284 285 290 297 301 304
7 272 283 284 288 289 293 294
8 267 281 282 284 286 288 292 297
10 267 269 276 280 286 290 291 292 298 302
20 266 267 273 277 281 282 283 284 285 288 290 291 292 293 296 297 298 303 304 306
8 273 275 282 290 294 299 303 306
9 267 271 277 290 293 294 297 300 301
7 268 275 289 293 296 301 306
7 270 273 275 276 282 290 294
29 266 267 268 269 270 271 273 275 277 278 279 280 282 283 284 287 289 291 292 294 295 296 298 299 300 301 302 305 306
5 271 278 288 293 301
5 266 270 278 282 302
8 275 280 283 284 285 292 295 296
15 266 268 269 274 282 284 286 295 296 299 301 303 304 305 306
6 271 285 287 288 297 303
18 266 267 273 277 279 281 282 284 285 287 288 291 293 296 298 303 304 306
2 274 293
8 267 269 276 280 281 292 294 302
14 266 268 279 280 282 283 284 292 296 298 299 301 303 305
4 274 284 286 303
3 275 295 299
16 268 269 271 272 273 274 276 279 282 284 288 291 297 302 304 306
15 268 269 270 271 274 275 276 278 286 289 294 295 301 302 305
5 277 283 293 296 301
11 267 271 277 281 289 290 293 294 300 305 306
6 266 271 273 285 297 300
8 277 281 288 289 290 294 300 305
8 266 271 277 289 293 300 303 304
4 291 298 303 304
15 268 270 273 277 279 282 285 286 288 292 294 296 301 303 305
1 304
4 271 288 295 301
8 267 269 270 271 273 276 277 290
6 280 282 284 286 297 299
13 268 272 274 276 280 284 286 288 297 301 302 304 306
7 266 267 272 281 287 292 304
8 272 274 275 277 278 289 293 296
10 267 270 275 281 282 283 286 295 300 301
6 278 283 288 289 293 295
7 274 276 286 288 300 305 306
8 272 274 282 284 288 293 294 300
12 266 276 278 282 283 284 291 292 298 301 303 304
13 267 274 275 282 283 286 290 295 296 300 301 305 306
8 268 269 274 279 281 287 298 303
9 269 274 285 290 291 298 300 303 305
6 269 272 280 281 295 299
6 268 274 275 289 296 299
7 268 275 280 283 299 304 306
12 266 267 270 275 278 282 287 289 291 295 301 306
22 266 268 272 273 274 275 277 278 283 284 288 292 294 296 298 299 300 301 302 303 305 306
10 270 275 284 285 288 289 292 300 301 306
4 270 284 295 305
16 266 270 277 281 283 285 287 289 290 292 293 294 295 298 299 300
9 268 272 274 277 278 293 296 299 301
6 272 274 277 278 299 301
15 266 267 270 275 277 281 287 290 293 294 296 298 299 300 305
10 268 272 275 277 289 293 296 299 301 306
9 266 267 270 273 276 287 289 295 301
22 267 268 269 270 272 274 278 279 280 282 284 285 288 291 292 295 299 300 301 302 304 305
7 266 270 277 285 286 298 303
26 267 268 270 271 273 275 276 279 280 282 284 285 287 288 289 291 292 293 294 296 299 300 301 302 305 306
9 267 271 277 281 290 294 301 305 306
12 267 270 272 276 281 282 284 286 287 288 297 301
13 269 270 275 277 278 283 288 291 293 296 299 305 306
14 266 271 273 276 277 281 283 289 290 293 297 298 303 306
10 266 279 280 285 292 297 303 304 305 306
6 266 268 274 278 286 302
19 268 269 270 273 275 276 278 279 281 283 286 290 293 294 296 300 302 303 306
24 266 267 268 271 272 274 276 278 279 280 282 284 288 290 291 293 295 297 298 300 301 302 303 305
24 267 268 271 272 273 274 276 277 278 279 280 283 284 288 289 290 294 296 298 299 300 304 305 306
24 266 267 268 269 270 271 272 273 275 278 279 281 282 283 285 288 289 291 294 295 299 302 303 306
19 266 268 271 279 280 285 287 288 290 291 293 294 295 296 297 299 301 303 304
17 266 267 274 275 276 278 280 281 282 283 286 293 295 299 302 304 305
16 266 267 270 272 275 278 282 284 285 286 290 291 292 295 298 303
19 266 269 277 280 281 286 288 289 290 293 295 297 298 299 300 301 302 304 305
18 266 267 268 269 270 271 272 274 277 279 280 284 287 291 293 302 305 306
16 269 270 272 277 278 280 281 288 290 293 296 297 298 301 304 306
17 266 268 270 272 273 275 277 280 282 286 289 292 293 300 302 304 306
24 266 267 268 270 274 275 277 278 282 286 289 290 291 293 294 295 296 297 299 300 301 302 303 306
18 267 269 272 274 276 278 282 284 285 286 287 288 293 297 300 303 304 306
25 266 272 274 277 279 280 281 282 284 285 286 287 288 289 290 292 293 294 296 298 299 300 304 305 306
15 266 267 271 275 276 280 283 285 287 292 294 295 297 298 303
18 266 267 269 270 271 272 273 276 278 280 285 291 293 295 296 297 300 303
27 266 267 268 269 270 271 272 273 275 276 278 279 280 282 283 285 290 291 293 294 295 296 297 300 302 305 306
24 266 267 271 273 274 277 280 281 283 286 287 288 290 291 292 293 295 297 298 299 302 304 305 306
16 267 272 273 274 275 281 283 287 289 295 296 298 300 302 304 306
18 267 274 276 277 278 282 283 284 285 286 287 292 295 299 300 301 305 306
27 268 269 270 271 273 274 275 276 279 281 282 285 287 288 289 294 295 296 298 299 300 301 302 303 304 305 306
27 266 267 268 269 271 273 276 277 278 279 281 284 285 286 290 291 292 293 294 295 297 298 299 300 301 302 305
15 266 275 280 282 285 286 288 291 293 295 297 300 302 304 306
26 266 270 271 272 273 274 275 276 279 280 282 284 285 286 287 288 292 293 294 295 297 299 302 304 305 306
12 267 272 273 276 284 287 288 291 294 295 302 305
25 267 268 270 271 272 273 275 276 277 278 279 280 288 289 290 291 295 296 299 300 301 302 303 304 305
13 266 267 268 272 280 283 284 286 287 288 299 301 304
27 266 267 269 270 271 273 274 276 277 278 279 280 281 282 285 286 287 290 291 294 300 301 302 303 304 305 306
26 268 269 270 271 273 274 275 276 279 281 282 283 284 285 286 287 288 289 290 291 292 296 300 301 303 304
12 268 270 273 278 281 286 288 297 298 303 304 306
14 266 270 271 274 278 280 286 289 290 293 294 295 296 301
25 267 268 269 270 271 273 274 277 279 283 284 285 286 288 291 293 295 296 297 298 299 300 303 305 306
20 267 269 270 272 273 275 276 279 280 284 285 286 288 289 291 292 293 296 300 306
24 268 270 271 272 274 276 282 285 287 288 289 290 291 292 293 294 295 297 298 300 301 303 304 306
13 270 274 280 282 284 285 288 289 290 294 298 302 303
19 267 268 269 271 272 273 274 275 279 280 290 291 292 293 294 295 297 298 306
19 266 270 271 274 275 276 277 279 281 287 289 294 295 296 297 298 299 300 303
20 269 275 277 279 280 282 283 286 287 289 290 291 292 293 296 297 298 299 300 302
15 267 273 275 276 280 281 284 293 294 296 297 299 300 303 306
21 268 269 271 272 274 275 277 279 280 283 285 288 292 293 294 299 300 302 303 304 305
13 268 274 277 278 280 282 285 286 288 292 296 297 303
23 268 269 274 275 276 277 279 281 284 285 290 291 292 293 294 295 297 298 299 300 301 302 303
22 267 268 269 272 276 277 278 280 281 284 285 288 292 294 295 297 298 299 300 301 302 305
13 266 267 270 274 276 278 287 288 296 297 298 302 303
17 267 268 271 272 274 275 278 283 284 290 294 295 300 303 304 305 306
26 266 267 273 274 275 276 278 279 280 281 283 284 286 287 288 289 291 293 294 296 301 302 303 304 305 306
28 266 267 268 269 270 272 273 274 275 278 279 280 281 282 284 285 287 290 293 294 295 296 297 299 301 302 305 306
23 266 268 269 271 274 276 277 278 279 281 283 284 286 290 291 292 295 296 297 299 300 302 304
22 268 269 274 275 277 278 279 281 283 287 288 292 293 295 296 297 298 300 302 303 304 306
17 270 272 273 274 275 276 279 281 282 288 289 292 293 297 301 302 305
12 267 273 279 280 287 288 294 297 298 299 304 306
17 266 269 270 271 272 275 276 278 281 283 285 286 287 288 295 297 301
28 268 269 270 271 272 273 274 276 277 278 279 281 282 284 285 286 287 288 289 290 294 296 297 299 302 303 304 305
18 266 267 268 272 274 275 277 278 280 282 287 290 293 298 302 303 304 306
23 266 269 272 274 275 276 278 281 282 283 284 285 287 289 291 292 293 296 298 301 303 304 305
17 266 269 270 272 275 276 277 282 283 284 287 291 292 296 299 303 306
25 266 268 269 270 271 274 275 276 278 279 281 282 284 288 289 291 292 293 294 296 297 298 299 302 304
25 267 269 272 273 276 278 279 280 281 282 284 286 287 290 292 293 294 295 296 297 299 300 302 305 306
15 268 272 276 280 281 282 283 290 293 295 296 298 301 302 306
15 270 273 274 279 280 281 282 288 289 292 295 298 299 301 305
18 266 269 271 273 275 277 279 280 283 289 290 291 294 296 297 298 302 304
24 268 269 270 271 272 273 275 276 280 283 284 285 286 287 289 290 292 293 296 297 298 301 302 305
17 266 270 272 278 279 282 284 285 287 291 293 294 296 301 303 305 306
12 269 271 277 281 286 287 288 293 294 296 298 300
14 273 278 281 282 284 285 289 291 292 293 294 297 301 303
20 269 270 272 273 274 278 280 282 283 285 287 289 292 293 295 296 299 302 304 306
15 266 276 277 279 283 287 288 292 293 295 298 299 301 302 306
27 266 270 271 272 275 276 277 278 279 280 281 282 284 285 287 290 292 293 295 296 297 298 300 303 304 305 306
19 266 268 275 277 281 282 283 284 286 289 290 292 294 296 297 299 301 304 305
14 267 269 270 271 273 274 281 287 289 290 295 297 303 305
27 267 270 271 274 275 276 277 278 281 282 283 284 285 288 289 291 292 293 294 295 298 299 300 301 302 303 306
24 268 270 271 272 273 274 275 276 279 280 284 285 287 289 291 295 297 298 300 301 302 303 304 305
17 268 270 272 274 277 278 279 281 285 289 290 292 295 297 301 304 306
28 266 267 268 270 271 273 276 279 281 283 285 287 288 290 291 292 293 294 295 296 297 298 299 300 301 303 304 306
17 267 269 270 273 275 283 286 287 288 291 293 297 298 299 300 302 303
12 271 273 275 280 281 282 289 295 296 303 304 305
13 270 271 272 273 274 278 279 280 286 287 292 299 302
13 266 267 271 275 278 280 282 283 287 290 297 303 305
27 266 267 268 271 272 273 274 275 276 278 279 280 282 283 284 286 287 289 290 294 297 300 301 302 304 305 306
21 267 268 269 271 272 273 275 282 285 286 287 289 290 291 293 294 297 298 301 303 304
14 267 269 277 279 280 284 285 287 288 289 292 295 297 299
12 267 268 271 272 275 285 286 292 296 300 303 305
26 267 270 271 272 273 274 275 276 277 278 280 281 282 284 285 286 287 289 291 295 296 300 301 303 304 306
23 266 267 268 269 271 272 276 279 281 282 285 287 288 290 291 292 293 294 295 296 299 302 305
20 266 267 268 270 271 276 277 278 280 281 283 284 287 290 291 293 295 297 299 303
14 266 267 270 271 274 279 288 289 291 293 295 300 303 306
27 267 268 269 270 271 273 274 275 276 277 278 279 282 283 284 285 289 290 291 293 294 296 297 298 301 303 304
16 266 269 270 271 272 273 274 275 278 281 283 284 285 287 297 306
14 266 268 269 270 272 278 283 287 293 294 301 302 304 305
15 267 273 277 279 282 283 287 288 292 293 294 296 297 299 303
17 269 270 276 278 283 285 286 289 291 294 297 299 300 301 302 303 304
26 267 268 269 270 271 272 274 275 276 280 281 282 285 286 287 288 290 291 292 296 299 302 303 304 305 306
14 266 269 275 276 279 282 283 287 288 294 298 299 305 306
28 267 268 269 270 271 272 274 275 276 278 279 280 281 285 286 287 288 289 291 292 293 294 295 296 298 302 303 305
26 266 267 269 271 272 274 275 276 277 279 281 282 283 285 287 288 290 291 292 293 296 299 300 302 303 304
21 268 271 272 273 274 275 277 278 280 281 282 283 285 288 292 293 294 295 297 302 306
20 267 268 269 272 273 274 278 279 283 284 287 289 290 291 295 296 299 300 301 303
21 269 271 272 273 274 275 276 279 280 282 283 284 285 288 289 290 291 292 297 303 304
15 266 267 272 275 277 279 280 283 284 285 286 296 302 305 306
24 267 269 271 272 273 278 282 283 284 285 286 287 288 289 290 294 295 297 300 301 303 304 305 306
12 269 271 273 274 288 292 293 296 298 301 302 305
17 268 269 270 276 278 280 282 283 284 286 288 291 294 297 299 301 303
21 269 271 272 274 276 277 278 280 281 284 285 293 294 296 297 298 299 300 302 303 304
25 266 267 268 270 271 272 273 275 276 277 280 281 282 284 285 288 289 291 294 295 297 298 301 304 305
18 267 268 270 272 273 282 283 286 289 293 294 295 297 298 300 301 302 306
19 266 267 269 270 272 276 277 278 279 280 282 283 289 292 294 299 300 301 302
21 266 267 268 269 271 273 275 276 280 281 286 290 292 295 296 298 299 301 302 303 304
19 266 269 270 271 272 275 277 279 280 282 285 286 287 288 290 291 300 301 306
26 269 270 272 275 276 277 279 280 282 283 284 286 287 290 291 292 293 294 295 296 298 299 300 304 305 306
17 267 269 271 272 273 274 275 278 279 280 281 283 285 287 289 300 301
21 266 267 268 270 272 273 274 275 283 284 285 288 289 290 291 294 296 297 298 302 304
16 266 269 271 272 274 275 278 279 286 288 295 297 300 302 305 306
14 267 269 270 272 276 278 279 281 291 294 296 298 302 305
24 270 271 273 278 279 280 281 282 283 284 285 287 288 289 291 292 295 296 298 300 301 303 304 305
24 266 267 268 271 275 276 277 279 280 285 286 287 289 290 291 293 294 298 300 302 303 304 305 306
14 269 271 273 275 280 282 284 288 290 292 294 300 303 306
12 269 275 277 280 281 283 285 289 290 294 296 300
25 266 269 270 272 274 276 279 280 282 284 285 286 288 289 290 291 292 293 294 295 296 300 302 303 304
23 269 270 273 275 276 277 278 281 282 284 285 287 288 289 290 291 293 294 295 296 299 301 302
21 266 269 270 272 273 275 277 278 279 280 283 284 286 288 290 295 296 297 300 303 306
19 266 267 268 273 274 278 280 284 285 288 290 293 294 296 298 299 300 302 305
18 266 268 269 278 280 281 282 283 284 285 287 288 293 298 301 302 303 304
19 266 267 269 270 271 275 277 279 281 286 288 291 296 297 300 301 303 305 306
23 267 268 274 275 276 278 279 281 282 283 284 285 287 289 290 292 293 295 296 299 301 302 304
23 266 268 269 275 277 278 280 281 285 286 288 289 290 291 292 293 294 297 300 301 303 304 306
20 267 268 270 271 274 278 279 281 282 285 286 288 289 291 293 296 297 299 302 305
26 266 267 270 271 273 274 276 278 279 280 282 286 287 288 289 290 292 293 294 295 298 300 302 303 304 305
17 267 269 271 273 274 275 280 281 287 288 293 294 296 297 298 300 306
20 267 268 271 272 273 274 278 280 289 290 291 293 296 297 298 299 300 303 305 306
21 266 267 268 269 270 271 274 275 277 278 279 280 281 290 294 297 298 299 301 302 304
20 267 269 270 271 272 274 275 276 280 282 284 288 291 292 294 296 300 302 304 306
12 268 269 271 283 286 289 295 296 299 301 302 303
14 267 268 269 278 281 285 286 287 288 291 293 301 303 306
21 268 269 270 271 273 275 276 278 281 283 285 286 288 291 293 294 296 297 298 299 304
26 266 268 269 270 272 275 276 277 279 281 283 284 286 288 289 291 292 293 296 298 299 300 302 304 305 306
26 266 268 269 271 272 273 274 275 276 278 279 282 285 289 290 291 292 293 294 295 297 300 301 302 303 305
16 269 271 275 276 277 278 280 281 282 287 288 290 295 298 299 304
25 268 270 271 272 273 276 277 278 279 280 281 282 283 285 289 290 291 292 293 294 297 299 301 303 306
12 266 272 281 292 293 294 297 298 299 304 305 306
12 266 271 276 283 290 293 295 296 298 300 301 303
16 268 272 274 275 277 280 282 285 287 288 289 292 295 297 298 303
16 266 267 268 270 271 277 280 285 286 289 293 294 302 303 304 306
27 266 267 269 271 272 273 276 277 278 279 280 281 282 284 286 287 289 290 291 292 293 295 296 298 299 301 302
17 267 271 272 273 275 277 281 282 283 284 292 293 296 299 300 302 303
20 271 272 273 277 278 281 282 283 284 290 291 292 293 294 295 296 298 300 301 303
14 266 268 269 270 271 276 278 282 285 287 288 291 293 299
23 268 269 270 272 274 277 278 279 281 282 283 284 286 288 291 292 297 298 299 300 301 304 305
15 269 270 272 276 277 280 282 283 285 289 296 299 303 304 305
26 266 268 269 271 272 273 275 276 277 278 279 282 283 285 286 287 289 290 291 293 296 297 301 303 304 306
25 266 267 268 269 270 271 272 273 275 278 283 284 285 286 287 288 289 290 292 294 296 301 302 303 306
25 266 267 268 269 272 273 274 276 277 279 280 281 282 283 284 288 291 292 294 295 296 298 301 303 306
15 267 268 272 273 278 279 284 286 288 291 293 298 302 304 306
18 266 270 274 276 277 281 284 286 287 288 290 291 295 297 298 302 304 306
26 266 267 268 270 271 272 273 275 276 278 279 281 282 283 287 290 291 294 295 296 298 301 302 303 304 305
23 267 269 270 271 275 277 279 280 281 282 283 285 288 289 290 295 296 297 298 300 304 305 306
24 266 267 269 271 275 277 279 280 281 282 283 286 287 288 291 292 294 297 298 299 300 301 302 304
15 270 275 277 278 285 286 288 289 293 296 297 301 303 304 306
12 266 269 273 277 286 288 289 298 302 303 305 306
14 266 267 269 280 281 288 291 292 297 300 302 303 304 305
13 267 273 275 276 278 282 285 288 289 292 295 302 306
21 269 270 271 274 277 278 279 280 287 288 289 291 292 294 295 296 299 300 301 302 305
22 269 270 272 274 275 276 277 279 281 282 287 288 290 293 294 299 300 301 302 303 304 306
13 267 274 278 281 284 286 288 292 296 298 299 300 306
28 266 267 270 271 272 273 274 276 277 278 279 283 284 286 288 289 291 293 294 295 296 298 299 301 302 303 305 306
23 266 267 268 270 273 275 276 280 281 282 283 284 286 288 289 291 294 296 299 300 301 305 306
13 271 272 273 281 283 286 287 288 291 292 296 303 304
25 266 268 272 273 275 277 279 280 285 286 288 289 290 291 292 293 295 296 297 299 300 303 304 305 306
20 269 270 271 272 273 274 275 276 277 280 287 288 291 294 296 298 300 301 303 305
19 268 269 270 275 276 278 279 280 281 282 284 288 290 294 295 298 299 301 305
22 268 270 271 272 277 279 282 285 286 288 289 293 294 295 298 299 300 302 303 304 305 306
28 266 267 270 271 273 274 275 278 279 281 282 285 286 287 288 290 291 292 294 295 296 298 300 301 302 303 304 306
27 268 269 270 271 275 277 279 280 281 282 283 284 286 287 289 291 293 294 295 296 297 299 300 301 302 303 306
23 266 267 269 273 274 275 276 277 278 280 282 284 285 289 291 294 295 296 298 299 300 301 305
28 267 272 273 275 276 277 279 280 282 283 285 286 288 289 290 291 292 293 294 295 296 297 299 301 302 303 304 305
28 267 268 269 271 272 274 275 277 278 280 281 282 283 284 285 286 287 288 290 291 293 295 296 299 302 303 304 306
14 266 271 273 276 278 280 284 285 288 295 296 298 302 305
27 266 268 270 276 277 278 279 280 281 282 284 285 286 289 291 292 293 294 295 296 297 300 301 302 303 304 305
26 269 270 271 272 276 278 280 282 283 284 285 287 288 289 290 291 293 295 296 298 299 300 301 302 304 305
13 268 272 273 276 278 283 284 286 288 289 292 293 300
16 268 269 272 273 274 278 282 283 285 287 288 289 292 294 301 305
15 267 269 272 280 281 285 286 293 294 295 296 297 299 301 302
20 266 269 270 271 272 278 280 283 285 286 287 288 293 295 297 298 299 303 304 306
23 266 267 269 272 275 277 278 279 281 283 284 290 291 292 294 295 296 299 301 302 303 305 306
23 268 271 272 273 278 279 282 284 285 286 287 288 290 293 295 297 299 300 301 302 303 304 305
18 268 269 270 275 276 277 280 281 282 283 292 293 295 296 297 298 300 304
12 267 269 271 272 273 274 278 283 286 287 298 300
23 267 268 269 271 272 273 275 276 279 280 281 284 285 287 289 292 293 294 295 298 300 305 306
28 266 267 268 269 270 272 273 274 275 276 277 278 280 281 282 284 286 287 288 290 291 293 297 299 301 304 305 306
22 268 269 271 273 274 275 276 280 282 284 286 288 289 290 292 293 294 296 297 302 304 305
16 268 269 276 277 278 281 284 286 287 291 292 297 298 303 304 306
24 266 268 269 270 271 272 273 274 276 277 283 284 285 286 287 288 289 292 296 297 298 301 303 305
17 269 270 272 274 275 279 281 282 283 284 286 291 292 293 294 298 303
24 266 267 269 270 273 274 275 277 278 280 281 282 286 289 291 295 296 297 298 299 300 301 303 306
28 266 267 268 269 270 271 272 275 276 277 279 280 283 285 286 288 289 290 292 294 295 296 297 298 299 300 304 306
19 266 267 268 270 275 276 277 278 284 285 286 287 292 293 295 297 298 301 305
24 268 270 273 275 276 277 278 279 280 281 287 291 292 294 295 296 299 300 301 302 303 304 305 306
25 267 268 269 271 272 273 274 275 277 280 281 283 284 286 287 290 292 293 295 296 297 299 301 303 305
13 268 271 274 277 287 295 296 299 300 301 302 305 306
24 266 267 268 269 270 271 272 274 278 281 282 286 287 289 290 291 293 295 299 300 303 304 305 306
28 267 268 271 273 274 275 277 279 281 282 283 284 285 286 288 289 291 293 294 297 298 299 300 301 303 304 305 306
22 266 269 271 273 275 276 280 281 286 288 289 290 292 293 294 296 297 298 299 300 305 306
21 266 269 271 273 278 279 282 283 284 285 286 290 293 295 297 298 300 301 302 303 306
24 267 269 270 271 274 276 277 280 282 283 284 286 288 289 292 293 294 296 297 299 301 303 305 306
12 269 270 273 275 278 279 282 290 292 294 296 305
26 266 268 269 271 272 274 276 278 279 280 281 284 285 286 287 289 294 295 296 297 298 299 300 301 305 306
20 270 271 273 275 280 281 284 285 287 290 291 292 293 295 296 298 299 300 301 302
15 266 267 270 281 282 284 287 288 295 296 297 299 300 303 305
15 266 277 281 283 284 286 288 289 290 292 295 298 299 302 304
17 266 268 270 271 276 277 279 282 283 285 286 290 291 296 297 302 304
22 267 270 272 274 275 278 282 284 285 286 289 291 293 294 298 299 300 302 303 304 305 306
26 267 268 269 270 271 272 274 277 279 283 286 288 289 291 293 294 295 296 298 299 300 301 302 303 304 305
15 270 271 272 273 276 280 281 287 295 297 298 302 303 304 306
21 266 267 271 272 274 275 278 281 282 284 285 287 289 290 294 295 297 299 303 304 305
23 267 268 270 273 275 277 278 279 280 281 283 284 288 289 290 296 297 298 301 302 303 304 306
28 267 269 271 273 274 276 278 279 280 281 283 284 285 286 289 290 291 293 294 295 297 298 299 301 302 303 304 305
15 267 272 280 281 284 290 292 293 294 295 296 297 299 304 305
20 266 268 270 274 276 280 282 285 288 289 292 293 294 295 297 300 301 302 303 306
18 269 270 273 274 275 276 277 282 289 294 295 296 297 298 299 302 303 306
24 267 269 271 272 273 274 275 276 278 279 281 282 284 286 289 290 292 296 297 299 301 302 304 306
28 267 269 270 271 273 276 277 278 279 280 281 282 284 285 287 288 289 291 292 293 294 295 296 297 298 300 304 306
21 266 267 268 269 271 272 277 281 282 286 290 291 292 293 294 295 298 299 300 303 305
14 266 272 273 285 286 288 289 290 292 293 297 299 301 305
27 266 268 269 270 271 272 273 276 278 280 282 285 288 289 290 291 292 293 295 297 298 299 300 301 302 304 306
16 267 268 270 274 277 279 283 286 288 289 295 296 297 298 299 304
18 267 268 269 270 273 276 277 280 281 284 289 290 291 294 298 301 303 306
14 267 268 269 271 273 275 279 280 288 293 294 300 301 304
22 266 267 268 269 270 271 272 273 274 275 276 279 280 290 292 294 295 296 299 301 303 305
14 267 274 275 280 282 288 291 293 295 297 298 299 301 306
22 269 270 271 272 274 278 283 285 286 287 289 292 294 295 296 298 299 300 301 303 304 306
12 266 267 268 269 272 275 280 285 296 299 304 306
13 266 267 272 273 279 280 282 284 285 289 290 294 302
23 270 271 275 276 280 282 284 287 288 289 290 291 292 293 294 295 297 298 299 300 301 302 303
16 269 275 276 277 279 286 287 289 292 293 294 295 296 298 303 305
21 266 267 276 277 279 280 281 282 283 284 285 286 287 288 293 294 296 297 300 304 305
23 267 269 273 274 276 280 281 282 283 285 290 291 292 293 294 296 299 300 302 303 304 305 306
11 307 314 318 319 323 331 333 337 341 343 347
13 308 311 323 329 330 333 334 338 343 344 345 348 350
19 307 309 313 317 319 320 325 326 335 340 341 342 343 344 346 348 349 350 351
16 307 309 311 313 314 318 320 322 330 342 343 344 345 347 348 350
8 310 312 317 324 329 331 345 351
1 310
9 312 313 315 317 331 337 343 349 351
19 310 311 312 313 314 316 319 325 326 327 335 336 339 341 343 344 345 350 351
18 307 309 314 317 319 320 321 322 324 325 327 329 331 334 339 341 343 346
40 307 309 311 312 313 314 315 316 317 318 319 320 321 322 323 324 326 327 329 330 331 332 333 335 336 337 338 339 340 341 342 343 344 345 346 347 348 349 350 351
11 309 313 316 321 334 340 343 345 347 348 349
13 310 311 315 316 318 323 330 332 335 338 340 348 351
17 308 310 314 317 318 322 327 333 337 338 339 341 342 344 346 350 351
8 315 322 324 327 332 334 340 344
18 308 309 310 311 317 321 322 325 326 327 332 335 338 341 343 345 349 350
31 307 308 309 310 314 315 316 317 318 321 322 323 324 327 328 329 330 332 333 335 336 337 338 340 341 343 345 347 349 350 351
17 308 310 315 317 324 326 327 328 329 332 333 337 338 339 340 341 349
17 307 311 312 315 319 320 323 324 325 326 328 329 330 331 332 335 336
8 310 315 325 336 344 345 350 351
7 314 323 339 341 342 343 350
14 311 312 313 319 320 325 326 331 334 339 342 344 346 348
16 308 309 310 312 317 320 321 326 328 329 330 335 336 338 345 351
36 307 308 309 310 311 314 316 318 319 320 321 322 323 324 325 326 327 328 329 330 332 333 334 335 336 338 339 340 341 342 344 345 346 347 348 350
12 312 316 319 321 323 325 331 334 335 336 346 351
11 310 316 318 319 323 326 329 331 334 336 343
22 308 309 313 315 317 320 323 326 328 330 333 335 336 340 341 342 343 344 347 348 349 351
16 307 309 310 312 313 314 315 325 331 332 335 336 339 342 347 350
10 311 313 316 325 339 342 346 348 349 350
17 307 310 313 314 316 318 321 322 326 327 328 339 340 342 346 347 351
14 314 315 316 318 321 323 324 327 328 333 337 339 345 347
12 308 310 311 312 322 329 330 331 332 334 336 338
11 312 315 322 325 334 337 338 339 342 344 350
18 307 309 311 313 315 317 319 320 321 326 330 332 335 340 343 346 348 349
9 312 315 317 320 331 332 336 341 349
20 307 309 313 314 317 318 320 321 324 327 328 330 332 333 334 340 344 345 347 350
23 307 310 311 312 314 316 318 319 321 322 324 325 327 329 331 332 334 337 338 339 345 346 350
15 307 311 313 314 321 324 326 327 328 330 331 337 338 343 347
12 308 315 316 323 324 325 330 333 339 340 349 350
12 310 314 318 319 326 329 331 341 344 345 346 347
5 308 310 325 328 334
10 311 312 317 320 321 324 325 332 337 346
27 307 312 313 314 315 316 318 319 320 323 324 328 329 330 331 333 334 336 337 339 340 342 344 346 347 348 351
13 307 311 316 327 330 331 335 336 340 343 346 348 351
11 307 308 310 311 316 325 336 340 341 342 351
16 309 311 313 315 316 325 327 332 333 335 337 342 346 347 349 350
10 310 316 323 324 328 331 341 344 347 351
14 308 312 313 326 328 333 336 337 342 344 345 347 349 350
8 309 311 320 327 332 336 338 343
26 307 308 309 315 317 318 320 321 322 323 324 328 329 330 331 332 333 334 337 338 340 342 346 347 348 349
6 309 319 324 325 335 337
18 307 308 311 315 316 318 319 321 322 326 328 330 333 334 336 337 346 349
25 307 308 311 312 313 314 316 317 321 324 325 326 327 328 329 332 333 335 336 337 338 340 341 350 351
11 313 314 328 330 338 339 341 342 344 345 348
29 308 311 316 317 318 319 320 321 322 323 324 326 327 328 329 330 333 334 337 338 340 341 343 344 345 346 348 349 351
23 307 310 314 317 318 320 321 322 324 326 327 328 329 330 331 333 335 339 340 341 346 349 351
21 308 309 310 313 314 317 318 319 320 321 323 324 326 328 329 332 333 341 345 347 349
15 313 314 315 317 318 321 322 326 329 333 335 337 339 344 347
16 308 312 317 318 322 323 332 333 334 335 339 340 341 342 346 348
20 309 310 315 318 319 320 322 323 330 331 334 339 342 343 344 345 346 347 348 349
14 307 308 312 314 318 322 324 328 331 334 338 339 344 351
13 307 312 313 317 321 322 328 334 335 337 342 348 351
17 308 312 314 318 322 325 327 329 333 334 336 337 338 339 342 345 350
12 309 313 320 325 327 332 335 338 340 344 347 348
22 308 309 311 312 313 315 316 319 323 325 332 334 336 337 338 342 343 344 345 347 348 350
14 317 319 320 321 323 326 329 330 336 340 341 343 345 348
15 308 311 312 316 319 322 323 326 331 337 342 346 348 349 351
13 307 308 309 315 322 327 333 335 340 347 349 350 351
19 309 312 319 320 323 324 327 328 330 331 332 334 338 343 345 346 348 349 350
10 310 315 325 329 335 336 338 339 341 343
6 309 316 319 320 329 349
10 320 323 329 330 336 340 341 343 345 348
11 309 319 320 325 335 340 341 343 348 350 351
19 309 310 314 318 321 322 325 328 329 330 332 333 334 338 339 340 341 342 348
20 307 315 317 318 320 321 322 323 324 330 331 332 333 334 337 340 346 347 348 349
12 307 309 313 317 319 320 341 342 343 344 349 351
7 308 324 330 333 339 349 350
14 307 309 313 317 320 325 340 341 342 343 344 346 349 350
11 311 313 316 325 336 339 341 343 345 350 351
10 314 315 318 321 326 335 337 339 344 347
6 310 323 324 331 347 351
10 307 311 317 319 320 321 330 335 348 349
6 310 316 329 331 336 343
11 307 310 313 314 318 322 326 327 340 342 346
8 310 311 315 323 330 332 335 351
10 307 310 314 316 321 322 326 327 339 346
9 308 312 328 333 342 344 345 349 350
8 307 312 314 318 331 334 339 344
4 309 319 320 349
11 317 319 320 323 326 329 330 340 341 345 348
10 315 316 318 323 330 332 335 338 340 348
12 307 311 315 323 324 326 328 329 330 331 332 335
9 307 312 313 317 334 335 337 342 348
10 309 314 317 320 321 324 332 333 345 350
25 308 311 316 319 320 321 322 323 324 326 327 328 329 330 333 334 337 338 340 341 343 345 346 348 349
5 310 312 324 345 351
6 308 323 325 330 340 350
7 312 317 324 325 332 337 346
8 311 313 316 325 342 346 348 349
10 309 310 312 313 314 331 332 335 336 350
14 307 309 317 320 321 322 324 325 327 329 331 334 341 346
16 307 317 318 320 321 322 326 329 330 333 335 339 341 346 349 351
15 310 311 312 313 314 316 326 327 335 336 341 343 344 345 351
11 308 310 313 319 320 323 324 326 328 347 349
14 310 311 312 314 316 319 325 326 327 335 339 343 345 350
8 311 315 325 335 342 347 349 350
3 309 320 329
10 313 314 318 328 332 333 334 344 345 350
11 319 320 321 323 326 329 330 340 341 343 345
3 308 328 334
7 310 316 324 331 344 347 351
8 309 312 325 331 335 336 339 347
19 307 312 314 315 316 319 320 323 324 328 329 330 333 337 339 340 342 344 347
10 309 311 317 321 325 326 327 341 345 349
11 307 312 313 314 315 331 332 335 336 347 350
27 307 308 309 310 314 315 316 317 318 321 322 323 324 327 328 329 330 333 335 337 340 341 343 345 347 349 351
11 307 311 313 314 324 326 327 328 337 338 347
10 308 323 329 330 333 334 344 345 348 350
5 309 316 319 329 349
8 308 312 329 330 331 332 334 336
9 307 311 330 342 343 344 347 348 350
7 310 316 328 331 341 344 347
10 309 311 315 319 320 321 332 340 343 349
5 310 324 341 344 351
10 308 310 311 312 322 329 330 331 332 338
10 314 315 318 321 323 324 327 328 337 347
12 307 311 319 322 324 327 331 338 339 345 346 350
6 307 308 310 311 316 340
11 307 312 317 321 322 328 335 337 342 348 351
7 313 330 338 339 342 344 348
9 310 317 327 332 333 337 339 341 349
4 308 310 328 334
7 312 316 319 325 331 335 336
19 308 309 317 318 323 328 329 330 331 332 333 334 337 338 340 342 346 348 349
8 315 317 322 326 333 337 339 347
2 325 334
7 309 322 340 347 349 350 351
11 309 310 312 317 321 326 329 335 336 338 345
14 309 311 313 315 319 320 326 330 332 335 340 343 346 349
6 314 318 341 345 346 347
17 308 309 313 315 319 323 325 332 334 336 337 338 342 343 344 345 350
20 311 317 318 320 321 322 323 324 326 327 328 329 334 337 340 341 343 344 345 346
13 309 318 319 322 323 331 339 342 344 345 346 348 349
7 310 318 323 326 329 334 343
17 307 309 313 314 317 320 321 324 327 330 332 333 334 340 344 345 350
6 311 317 325 332 337 346
6 313 325 327 338 340 348
13 309 317 323 326 328 330 336 340 341 342 344 347 348
8 311 329 330 333 343 344 345 350
10 309 315 319 320 323 330 334 339 342 346
13 308 311 312 316 319 322 323 331 337 342 346 349 351
27 307 308 309 310 311 314 316 318 319 321 323 324 326 327 328 329 330 332 333 336 338 340 342 344 345 347 348
7 308 311 325 336 341 342 351
4 312 315 331 332
7 316 330 335 336 340 343 348
12 312 314 318 322 325 327 333 334 336 337 338 350
11 309 317 319 325 340 343 344 348 349 350 351
11 308 310 317 324 327 328 329 337 340 341 349
6 314 323 339 341 342 343
9 309 314 317 320 322 327 341 343 346
6 309 311 320 327 336 338
14 307 309 317 319 320 321 330 332 335 340 343 346 348 349
12 309 314 317 318 324 327 328 332 340 344 347 350
3 308 310 328
11 309 312 320 323 327 330 334 343 346 348 350
29 307 308 309 310 311 314 316 318 319 322 323 324 325 326 327 328 329 330 335 336 338 339 340 341 344 345 346 347 350
14 312 314 316 321 324 326 327 328 332 335 336 338 340 351
14 312 319 320 323 324 330 331 332 334 338 343 345 346 350
4 319 324 335 337
5 309 316 319 329 349
8 307 314 319 331 337 341 343 347
12 307 317 318 320 321 324 329 333 335 341 346 351
10 308 312 322 323 332 333 334 340 341 348
15 308 309 313 315 320 326 330 333 340 341 342 343 348 349 351
16 309 310 318 320 322 323 330 331 334 339 342 344 345 346 348 349
11 314 315 316 321 323 324 327 337 339 345 347
19 308 311 317 318 319 320 321 323 327 328 329 333 334 340 344 346 348 349 351
6 315 317 331 343 349 351
13 310 311 312 313 314 325 326 335 336 339 341 344 345
6 318 319 326 331 336 343
7 311 316 318 323 332 335 351
11 307 309 313 321 326 330 332 343 346 348 349
12 313 314 315 317 318 321 326 333 335 337 339 347
8 309 312 313 325 332 335 339 350
13 307 311 313 314 318 320 322 342 343 345 347 348 350
5 312 317 331 343 349
9 308 311 330 333 334 338 344 345 348
11 308 317 318 323 332 334 339 340 341 342 348
8 319 320 329 340 341 343 345 348
12 309 314 318 320 321 328 330 340 344 345 347 350
8 308 329 330 334 338 343 345 350
4 309 325 335 337
11 307 308 315 318 319 328 330 333 334 336 337
20 307 308 309 315 317 320 321 322 324 329 330 332 333 334 338 340 342 346 348 349
9 308 310 317 320 328 329 335 336 351
7 307 310 311 316 336 341 351
18 310 314 318 321 322 326 327 328 330 331 333 335 339 340 341 346 349 351
12 312 315 319 323 324 325 326 328 329 332 335 336
5 310 325 329 336 341
6 307 311 327 336 346 351
13 308 311 316 318 319 322 326 328 333 334 337 346 349
13 307 309 317 320 325 326 335 343 344 346 348 349 350
16 308 310 313 318 319 320 321 324 326 328 329 332 333 341 345 349
11 308 309 312 317 320 326 329 330 336 338 351
5 315 336 345 350 351
17 307 309 315 318 320 321 323 324 328 331 332 334 338 340 347 348 349
8 309 320 332 335 340 344 347 348
9 316 323 324 325 330 333 339 340 350
13 309 310 313 314 317 319 321 328 333 341 345 347 349
9 313 314 328 330 339 341 342 344 348
9 308 311 316 319 322 326 331 337 349
18 310 314 317 318 321 324 326 329 330 331 333 335 339 340 341 346 349 351
13 308 310 312 320 321 326 328 329 330 335 336 345 351
13 307 309 311 313 314 318 322 330 342 344 345 348 350
9 319 320 321 326 329 330 336 343 348
8 318 321 323 327 333 337 339 347
5 315 322 327 334 344
12 307 311 313 314 321 324 326 327 331 337 343 347
8 312 313 326 328 333 336 337 342
8 316 323 330 335 338 340 348 351
6 310 316 318 323 329 334
12 307 311 312 315 320 324 325 326 328 331 332 335
6 316 323 329 334 336 343
6 309 327 332 340 344 348
8 311 316 325 342 346 348 349 350
6 315 317 320 332 341 349
9 308 310 311 312 329 331 332 334 336
6 315 322 334 338 342 344
13 307 309 313 314 315 325 331 332 336 339 342 347 350
12 311 312 314 316 324 328 332 337 338 340 341 351
7 307 312 321 328 342 348 351
6 312 317 320 336 341 349
4 315 327 332 344
14 308 309 310 313 317 319 320 321 323 329 341 345 347 349
13 308 312 314 318 325 327 329 333 334 336 338 342 350
10 317 318 322 327 333 338 339 342 344 351
11 307 313 314 321 324 327 330 331 337 343 347
14 307 309 317 319 320 325 340 341 342 343 346 348 349 351
11 311 313 316 325 326 327 335 339 343 344 345
7 309 313 320 325 340 344 348
11 307 312 314 318 322 324 328 334 339 344 351
14 308 314 318 322 325 327 333 336 337 338 339 342 345 350
4 316 319 320 329
10 310 314 318 329 331 341 344 345 346 347
10 308 314 327 338 339 341 342 344 350 351
20 307 308 310 314 315 318 322 323 324 327 329 332 335 337 340 341 345 347 349 351
11 308 312 313 326 328 333 336 342 344 345 349
6 311 316 342 346 348 349
8 308 315 323 324 325 330 333 350
9 313 318 320 322 330 344 345 347 348
7 311 317 320 321 324 337 346
8 313 319 320 325 331 334 344 348
5 310 312 317 324 329
12 319 320 321 323 326 329 330 340 341 343 345 348
22 307 309 310 315 316 317 318 322 323 324 328 330 335 336 338 340 341 343 347 349 350 351
11 307 309 311 313 315 326 330 332 335 346 348
2 325 334
11 308 312 313 326 328 333 337 342 344 347 349
7 313 315 317 331 337 343 351
18 307 311 312 313 316 317 321 324 325 327 328 329 332 336 340 341 350 351
17 308 309 313 315 323 328 330 333 335 336 340 343 344 347 348 349 351
15 308 311 313 315 316 319 325 332 336 337 338 342 344 347 348
12 311 312 313 320 325 326 334 339 342 344 346 348
13 307 309 313 314 318 320 322 343 344 345 347 348 350
4 314 339 343 350
6 311 320 321 332 337 346
16 307 310 311 316 318 321 324 325 329 331 332 337 338 345 346 350
9 312 317 326 328 330 336 338 345 351
19 308 313 315 317 320 323 326 328 330 333 335 336 340 341 343 344 347 348 351
7 317 319 320 321 340 341 348
6 314 330 338 341 344 348
8 327 329 332 333 338 339 341 349
10 308 311 312 316 319 323 337 342 349 351
9 309 320 325 327 332 335 340 344 348
8 307 308 309 315 322 327 333 340
10 314 315 316 324 327 333 337 339 345 347
11 307 314 318 320 322 330 342 343 347 348 350
11 308 312 318 327 329 334 336 337 339 345 350
3 308 325 328
15 312 314 322 325 327 329 333 334 336 337 338 339 342 345 350
13 307 317 320 321 324 330 332 333 334 340 344 345 347
5 309 316 319 320 349
13 307 309 311 313 318 320 322 342 343 344 345 348 350
20 307 312 313 314 316 318 319 320 323 328 333 334 337 339 340 342 346 347 348 351
10 309 313 320 325 327 335 338 340 344 347
12 314 315 316 321 323 324 327 328 337 339 345 347
9 311 316 327 330 335 336 340 346 348
8 307 312 322 328 334 337 348 351
16 308 309 317 320 323 328 330 335 336 340 343 344 347 348 349 351
15 309 314 317 320 321 324 327 330 332 333 334 340 344 347 350
5 316 319 320 329 349
18 307 309 310 314 316 317 323 324 327 328 330 337 338 340 343 347 350 351
5 322 324 332 334 340
11 308 312 318 322 327 329 334 336 337 345 350
9 312 322 325 337 338 339 342 344 350
7 318 319 331 341 345 346 347
9 308 310 311 312 322 331 334 336 338
29 307 308 309 310 311 316 318 319 320 322 323 325 326 327 328 329 332 333 335 336 338 340 341 342 344 345 346 348 350
11 307 313 314 321 324 326 327 328 330 331 343
16 309 312 319 320 324 327 330 331 332 334 343 345 346 348 349 350
9 308 311 312 322 329 331 332 336 338
29 307 311 312 313 314 315 316 317 319 320 322 323 326 327 329 331 332 333 336 337 338 339 340 341 344 345 346 347 350
5 316 328 331 341 351
10 309 313 320 326 340 342 346 349 350 351
13 313 317 323 326 328 335 340 342 343 344 347 348 351
3 308 310 328
16 310 311 312 313 316 319 326 335 336 339 341 343 344 345 350 351
16 309 313 315 317 320 328 330 335 336 340 341 342 343 344 347 351
12 307 313 317 318 320 327 330 332 333 334 344 347
16 309 315 318 319 320 323 330 331 334 339 342 343 345 346 347 348
15 308 311 312 315 319 325 334 336 337 338 342 344 345 347 348
4 309 319 324 325
8 308 311 323 329 330 333 338 344
9 307 309 312 315 325 335 336 339 350
11 311 313 319 320 325 326 331 334 344 346 348
11 308 318 325 327 334 336 337 338 339 345 350
7 312 313 319 325 326 342 346
6 315 322 324 332 340 344
6 315 336 344 345 350 351
12 307 313 317 320 321 326 330 332 335 340 348 349
5 310 315 325 344 351
14 308 309 310 317 322 325 326 327 332 335 338 341 343 349
10 314 315 316 318 321 323 328 333 339 345
12 307 314 317 320 324 328 330 334 340 344 347 350
8 310 315 325 329 336 338 341 343
10 307 309 319 320 324 327 331 334 341 343
7 322 325 337 339 342 344 350
8 310 316 318 323 331 334 336 343
11 308 312 313 326 333 336 337 342 344 349 350
17 308 309 310 313 314 317 318 319 320 321 324 326 328 329 332 341 349
13 314 319 321 322 324 325 329 331 334 339 341 343 346
15 307 309 311 313 315 319 320 321 332 335 340 343 346 348 349
13 308 314 317 327 333 337 338 339 341 342 344 346 350
13 307 311 312 313 314 324 325 326 332 335 337 338 340
11 310 314 317 321 329 330 333 335 340 349 351
7 307 308 312 314 324 328 339
13 308 309 311 317 321 322 325 327 335 338 341 345 349
11 310 311 312 319 327 335 336 344 345 350 351
16 307 308 312 313 314 316 317 324 325 327 329 332 335 341 350 351
7 310 315 325 344 345 350 351
7 316 319 321 334 336 346 351
11 312 319 323 327 332 334 338 343 346 349 350
13 313 319 325 326 335 340 341 343 344 346 349 350 351
6 313 338 339 341 342 348
7 311 312 317 320 324 332 337
16 307 309 313 317 319 320 325 326 335 340 341 344 346 349 350 351
14 310 315 318 319 320 322 323 330 331 334 342 344 346 347
6 329 335 336 338 341 343
7 317 318 326 333 335 337 339
6 315 331 337 343 349 351
10 312 319 320 323 324 325 329 331 332 335
14 309 314 319 320 321 324 325 327 329 331 334 339 341 346
9 313 320 325 327 332 335 340 344 347
12 307 308 315 316 318 319 321 322 333 334 346 349
13 308 309 310 312 317 321 328 329 335 336 338 345 351
29 307 308 310 311 314 316 319 320 321 322 324 325 327 328 329 330 334 336 338 339 340 341 342 344 345 346 347 348 350
5 309 316 319 320 329
3 309 316 319
7 309 313 320 332 340 347 348
5 310 312 317 329 345
7 310 316 323 324 331 341 351
11 309 310 318 320 323 330 331 343 344 348 349
12 307 309 311 313 314 318 320 342 344 345 347 350
10 311 315 316 318 330 332 335 338 340 348
8 310 315 316 318 332 335 338 351
15 307 309 311 313 317 319 320 321 326 330 332 335 340 346 348
3 319 320 329
10 311 316 327 330 331 335 336 340 348 351
11 308 311 312 316 319 322 323 337 342 346 349
17 307 308 310 316 322 324 328 333 335 337 340 341 343 345 347 350 351
5 309 320 327 338 343
12 309 313 315 316 325 327 332 333 335 337 342 350
7 307 308 315 347 349 350 351
8 310 316 323 331 341 344 347 351
15 308 309 315 317 320 326 328 330 333 335 342 343 347 348 349
10 307 309 313 315 325 331 335 339 342 347
5 309 327 332 336 338
13 309 310 317 321 322 325 326 327 332 335 338 349 350
7 312 313 317 322 334 342 351
5 314 323 341 342 343
6 310 323 324 328 341 351
6 312 322 325 339 344 350
20 307 310 311 314 316 320 322 325 327 328 334 335 336 338 340 341 345 346 347 348
8 308 312 316 319 322 326 337 348
23 308 311 316 317 318 319 320 322 324 326 328 329 330 333 334 337 340 343 344 345 346 349 351
9 315 317 326 328 333 338 339 341 349
6 310 315 325 336 345 351
15 310 311 312 313 314 316 325 326 327 336 341 343 344 350 351
10 309 315 319 322 330 339 342 343 344 346
7 310 326 329 344 345 346 347
7 310 311 316 325 336 342 351
26 307 308 310 311 314 316 318 319 324 325 328 329 332 333 334 335 338 339 340 341 342 344 345 347 348 350
16 308 310 311 315 320 321 328 331 333 336 338 339 340 345 348 351
31 307 308 309 310 312 313 316 317 318 319 320 322 323 324 325 326 329 331 332 333 334 336 337 340 341 342 343 344 345 346 351
18 307 313 317 318 319 324 327 329 330 333 334 335 337 338 339 341 343 346
31 307 308 309 314 316 319 321 322 323 324 325 326 327 328 329 330 331 332 333 334 335 338 339 340 341 342 343 344 347 348 350
25 308 310 311 313 314 315 317 318 320 323 325 326 328 330 331 332 335 336 337 339 340 344 345 349 351
21 308 311 315 320 321 322 323 324 326 327 328 329 332 338 339 343 344 345 347 349 350
18 312 313 314 315 319 323 326 329 330 335 336 337 338 340 344 345 346 347
15 313 314 315 321 322 327 329 331 332 334 343 344 347 350 351
16 324 326 327 331 334 337 338 339 340 341 342 345 347 348 350 351
23 307 308 310 312 313 314 315 318 320 321 323 328 330 333 335 336 338 339 340 342 343 346 350
16 311 314 316 318 323 324 327 328 330 331 332 334 340 341 345 349
18 308 313 317 318 319 320 321 322 324 325 326 329 332 342 344 346 347 350
21 307 308 309 312 313 315 317 324 326 327 332 333 335 336 338 340 343 344 347 348 350
24 308 311 312 313 317 319 320 322 324 325 329 332 333 337 338 339 340 341 342 345 346 347 349 350
23 307 309 310 312 313 314 316 317 319 321 322 324 325 329 333 335 338 339 340 341 346 347 350
14 307 309 311 318 319 321 332 333 334 340 344 346 348 351
30 307 309 312 313 314 315 316 317 320 322 323 324 325 326 329 330 332 334 335 337 338 339 340 341 342 343 344 348 349 351
27 308 309 310 311 313 314 315 316 317 319 320 323 325 331 332 333 334 336 338 340 341 343 344 345 348 350 351
27 307 308 309 310 311 312 315 317 318 319 322 325 326 327 329 331 333 334 335 337 338 339 345 346 347 348 350
14 310 314 319 322 325 328 331 335 337 339 340 341 343 350
14 308 310 315 321 322 326 327 331 334 338 340 344 347 351
24 307 308 309 312 313 314 315 316 318 321 322 325 326 330 334 335 338 339 340 341 343 344 345 347
21 316 318 321 322 323 326 327 330 331 333 335 337 339 340 341 342 346 347 348 349 351
24 308 310 312 314 316 318 319 320 321 323 326 327 328 330 331 332 335 337 343 344 346 349 350 351
19 315 317 319 321 323 324 327 328 331 332 336 337 338 339 341 343 344 345 349
19 307 308 310 311 316 318 319 321 322 325 326 327 329 331 332 336 337 345 346
15 308 310 311 314 321 329 330 331 336 339 340 344 345 346 348
18 309 310 311 314 315 316 320 321 326 327 328 330 331 334 338 339 343 346
16 308 309 311 312 315 317 321 327 329 330 338 339 342 343 345 348
15 307 309 314 316 317 318 320 326 327 329 334 336 345 346 351
18 310 314 315 319 322 323 325 328 330 331 333 334 336 337 340 344 345 348
25 308 309 311 313 314 315 317 318 319 320 324 325 327 331 334 337 338 339 340 342 344 345 346 350 351
26 308 311 312 313 314 315 316 320 325 326 327 329 331 332 336 337 338 339 340 342 343 344 346 347 348 350
25 308 311 313 316 317 320 321 322 325 326 327 328 330 331 333 334 337 338 340 342 343 344 349 350 351
29 307 308 310 311 312 313 314 316 317 319 324 325 326 327 329 331 332 333 334 337 338 339 340 341 343 345 347 348 349
14 309 310 311 316 318 320 332 335 337 339 343 344 349 351
21 309 311 317 318 319 321 322 325 326 327 328 330 332 334 336 342 343 345 346 347 351
17 308 312 315 318 320 321 324 328 330 332 333 335 338 339 342 344 347
30 308 309 312 313 314 315 318 319 321 322 324 325 327 329 331 332 334 335 336 338 340 341 342 343 344 345 346 349 350 351
13 308 309 314 318 323 324 328 329 332 334 338 340 347
30 307 308 309 310 311 312 313 314 316 318 319 320 321 322 323 325 326 332 333 335 336 337 342 344 346 347 348 349 350 351
31 307 309 311 313 314 315 316 318 319 320 322 323 324 325 327 330 331 332 333 334 336 338 339 340 343 344 345 347 349 350 351
14 309 311 312 313 314 315 316 319 320 323 328 333 342 344
29 309 310 311 313 314 315 317 319 320 322 324 325 326 327 330 333 334 336 337 338 339 340 341 342 343 345 347 349 351
14 308 313 316 317 323 331 333 334 337 338 339 340 346 349
25 308 310 312 315 316 317 318 321 322 323 325 326 329 331 332 333 334 337 338 339 340 343 345 346 348
24 308 309 310 311 312 314 315 316 317 318 319 320 321 322 325 327 332 333 335 340 342 343 344 351
18 310 315 316 317 319 320 327 328 330 331 332 336 338 340 344 345 346 350
17 308 311 313 317 322 323 327 328 330 331 333 334 337 338 339 346 351
24 309 312 314 316 318 320 321 324 331 332 333 334 335 337 338 340 342 344 345 346 347 348 350 351
26 307 308 310 311 314 315 316 320 321 322 323 324 325 326 327 328 329 330 332 335 336 337 340 341 349 351
28 307 308 309 310 311 314 315 319 320 321 322 323 324 325 327 328 329 330 335 337 338 342 343 345 346 348 350 351
21 307 308 309 314 319 320 321 323 324 325 326 327 329 333 335 340 344 345 346 347 350
15 307 309 310 312 318 319 324 326 332 336 337 342 346 350 351
20 307 308 309 310 315 316 318 320 323 325 328 331 332 334 337 342 344 346 347 351
22 309 312 313 315 316 317 322 325 326 327 328 331 333 334 336 340 341 343 344 346 347 348
14 308 309 313 316 317 320 321 325 330 334 336 344 345 346
20 309 310 312 314 316 318 319 320 321 322 328 330 333 335 336 337 342 349 350 351
15 307 313 318 319 320 322 323 329 331 335 336 345 346 350 351
20 309 310 313 314 315 321 324 327 330 331 333 334 336 338 343 345 346 347 348 349
16 308 312 313 315 316 325 326 335 340 341 342 345 346 347 349 350
26 307 308 309 310 312 313 314 315 316 318 320 321 323 324 325 328 329 332 335 342 343 344 345 347 349 351
20 307 308 309 314 315 317 319 320 323 324 328 330 336 338 341 342 344 346 348 349
29 307 309 312 314 316 317 318 319 324 325 326 328 329 331 332 334 336 338 339 340 341 342 343 344 345 346 347 349 351
17 314 318 319 321 323 327 328 334 335 336 339 343 345 348 349 350 351
14 307 308 310 320 324 327 329 330 331 332 338 340 343 345
24 311 313 315 316 317 319 321 323 324 325 326 328 329 333 335 337 339 340 343 344 346 347 349 351
15 310 314 316 328 329 331 332 333 335 338 341 343 344 345 347
24 307 308 310 311 312 313 316 317 318 321 322 323 325 327 328 329 331 334 339 341 343 348 350 351
24 307 311 312 313 316 321 323 325 328 330 331 334 336 337 338 340 342 344 345 346 347 349 350 351
21 307 308 310 312 315 320 325 327 329 330 331 333 335 343 344 345 346 347 348 349 351
27 307 308 309 310 311 312 315 316 317 318 320 321 322 328 330 332 333 334 336 338 342 344 346 347 348 349 350
15 307 310 313 320 321 324 327 331 335 337 340 345 347 348 349
28 309 310 311 312 313 315 318 319 322 323 324 325 326 327 328 330 332 333 336 338 339 340 342 343 344 346 349 350
15 308 311 313 315 320 324 325 328 329 330 334 335 339 347 350
27 309 313 314 316 317 318 319 322 324 325 326 327 328 329 334 335 336 337 339 340 341 342 344 345 349 350 351
29 308 309 312 313 314 315 316 319 320 321 322 323 324 325 327 330 332 333 337 338 339 340 341 342 344 345 348 350 351
22 308 309 316 320 321 323 325 327 328 329 331 332 333 334 339 340 343 345 346 347 348 349
16 315 317 318 319 324 326 327 330 334 336 337 340 343 344 346 351
29 307 308 309 310 311 313 314 316 317 318 321 323 325 326 327 328 329 330 333 336 338 341 342 344 346 347 348 349 350
22 308 310 313 314 315 316 318 321 322 323 324 325 328 329 330 335 336 337 338 342 344 347
24 307 308 313 314 315 316 317 318 320 321 322 324 326 327 329 330 338 339 341 342 343 344 346 351
21 308 309 312 314 315 316 318 319 320 324 325 328 330 332 336 340 341 343 347 349 350
18 313 314 316 317 318 321 322 325 329 331 332 334 336 337 340 343 347 348
26 308 310 313 314 317 318 320 322 323 324 325 327 328 329 330 335 338 339 341 342 344 345 346 347 348 350
31 307 308 309 312 315 316 318 319 320 321 324 325 326 328 329 330 332 333 335 336 337 340 342 343 345 346 347 348 349 350 351
27 307 310 311 313 315 318 319 320 323 326 328 329 330 331 333 334 335 336 337 338 340 342 343 345 346 348 350
15 310 314 320 325 326 328 330 335 338 340 341 343 349 350 351
30 307 309 311 312 314 316 318 320 321 322 323 324 325 327 331 333 335 336 337 338 339 340 341 343 344 345 346 347 350 351
30 307 308 309 310 311 312 313 314 316 317 318 319 321 323 324 325 327 331 334 335 337 338 339 340 341 342 343 345 347 350
30 307 308 309 310 311 312 314 316 317 318 319 322 323 326 327 328 329 330 334 335 339 340 341 342 343 344 345 346 347 349
17 307 310 312 313 315 316 318 320 321 323 324 325 328 330 342 346 350
27 307 311 313 314 316 318 319 323 324 325 326 327 328 331 332 333 337 339 340 341 342 344 345 347 348 349 350
17 311 312 315 316 328 330 331 333 335 337 338 339 341 342 346 347 348
24 307 308 309 311 315 317 320 321 322 323 324 326 329 332 333 334 335 336 337 342 344 345 347 350
29 307 309 310 311 312 313 314 316 317 320 321 323 325 326 329 331 332 333 335 336 337 338 339 340 341 342 345 346 348
25 307 308 309 311 312 314 315 316 318 319 320 323 325 326 327 329 331 332 333 334 336 337 343 344 346
24 309 313 316 317 318 320 322 324 325 326 332 333 334 337 338 339 340 341 343 345 347 348 349 350
15 310 312 315 321 325 328 329 333 334 339 340 341 343 345 351
29 307 308 309 310 311 312 313 316 318 319 320 322 324 325 326 327 328 329 330 331 332 335 341 342 346 347 348 349 350
15 316 318 319 326 327 331 335 337 340 342 343 344 346 347 348
22 307 309 310 312 313 316 321 327 328 329 330 331 332 333 334 335 341 343 345 346 348 351
25 308 314 316 317 318 319 320 322 323 324 325 329 330 331 332 334 335 336 339 343 345 348 349 350 351
24 307 308 311 312 314 317 318 319 321 322 330 332 333 334 335 336 340 341 342 344 345 346 349 351
15 312 313 315 316 319 322 324 325 326 333 335 337 343 345 346
22 307 308 312 317 319 320 324 325 327 328 330 331 332 335 337 338 339 342 343 348 350 351
25 307 308 309 312 316 317 321 323 324 326 331 332 334 338 339 340 341 343 344 345 347 348 349 350 351
29 307 308 309 310 311 312 314 315 316 318 319 321 323 329 331 332 333 334 337 338 339 340 341 342 343 347 348 349 351
16 308 313 314 320 321 326 327 328 329 331 332 335 338 340 344 345
19 307 308 310 312 314 316 319 320 325 326 329 330 337 339 344 345 346 347 350
18 307 311 312 313 314 316 320 322 323 329 331 334 336 337 340 343 344 346
21 310 315 317 320 322 323 324 328 329 331 334 338 339 340 343 344 345 346 347 348 351
21 307 309 311 312 313 319 320 321 324 325 326 327 328 330 333 336 344 347 348 349 350
17 307 308 311 313 315 318 320 325 333 335 337 338 342 343 348 349 351
22 307 309 310 311 315 316 319 320 322 323 325 326 327 329 332 335 342 343 344 345 349 351
20 308 309 310 313 314 315 316 325 327 331 335 336 337 338 339 342 343 346 347 350
19 308 310 312 315 318 322 325 327 334 337 338 339 340 341 342 343 344 347 349
22 307 310 312 313 314 316 321 323 324 329 332 333 334 335 337 338 339 341 342 343 344 348
14 310 316 318 323 326 327 329 331 333 335 336 339 344 345
28 307 308 312 314 315 319 321 322 325 326 328 329 331 333 334 335 336 337 339 340 341 343 344 345 346 347 348 351
26 312 313 318 319 320 321 323 324 328 331 332 333 334 336 337 338 339 340 341 342 343 344 347 348 349 351
28 307 308 309 312 314 315 316 317 320 321 322 324 328 329 332 333 335 336 337 340 341 345 346 347 348 349 350 351
24 307 310 311 312 313 315 318 322 323 324 327 329 330 331 332 337 339 340 341 343 344 348 350 351
16 308 311 312 315 316 325 326 329 330 334 335 338 343 345 350 351
30 307 308 311 312 313 315 316 319 320 322 323 325 328 330 332 333 334 335 336 337 338 339 341 342 343 344 346 347 348 350
22 307 309 310 311 313 316 317 321 323 324 327 329 330 331 333 334 338 340 342 348 349 351
30 307 308 309 310 311 312 313 314 318 321 324 326 327 328 329 331 332 336 337 339 340 341 342 345 346 347 348 349 350 351
15 307 308 311 322 324 328 330 332 334 336 337 341 342 344 345
15 308 315 316 318 319 322 324 326 327 330 332 334 338 342 350
24 307 308 309 310 311 313 315 316 319 321 322 326 328 331 332 335 337 338 343 344 345 346 348 350
27 308 309 311 314 318 321 324 325 326 327 328 329 330 331 332 334 335 336 337 338 339 341 342 343 344 346 350
16 307 310 312 317 318 323 324 325 328 333 335 337 339 340 342 345
30 307 308 309 311 312 315 316 317 318 319 320 321 323 324 327 329 332 333 334 335 336 337 338 339 341 342 343 345 346 348
25 307 308 309 310 312 316 317 319 322 323 324 325 327 329 330 332 338 340 341 342 343 344 345 347 349
21 310 311 312 313 314 315 316 317 320 321 323 330 334 335 340 342 345 346 347 348 350
31 307 308 310 312 313 314 317 319 320 321 322 324 325 326 327 329 330 331 332 335 336 338 339 340 343 344 346 347 348 349 351
15 308 311 312 314 316 319 321 324 336 340 342 343 344 345 349
17 307 308 309 311 314 315 322 323 324 326 333 336 337 338 340 343 349
22 307 308 309 310 313 314 317 318 326 327 331 335 336 337 340 341 342 343 345 347 349 351
26 307 309 310 314 315 317 318 319 320 322 323 325 326 327 331 332 334 335 336 337 339 341 342 343 348 351
22 309 312 313 314 317 318 322 325 327 329 332 333 335 336 337 339 342 343 344 347 349 351
29 308 309 310 311 312 316 322 323 324 325 328 330 331 332 333 334 337 338 339 341 342 343 345 346 347 348 349 350 351
23 309 310 311 312 314 315 318 322 323 324 326 327 332 334 335 338 339 340 341 344 345 350 351
30 309 311 312 314 316 317 319 320 321 323 324 327 329 330 331 332 333 335 336 337 340 341 342 343 344 346 347 348 349 350
17 316 317 318 319 320 321 322 323 329 330 335 336 337 343 344 350 351
14 313 320 321 324 329 331 332 333 339 340 341 346 350 351
16 307 308 318 319 320 325 326 331 332 335 336 340 344 346 347 351
16 309 311 314 318 323 328 332 333 337 339 340 342 344 345 347 350
26 307 308 311 314 315 320 321 322 325 326 329 331 332 333 334 335 336 338 339 340 345 346 347 349 350 351
19 307 308 311 316 321 322 324 328 329 330 332 333 334 337 338 343 346 347 351
23 307 309 310 312 313 314 315 318 319 323 324 325 326 327 332 333 335 336 338 341 348 349 351
21 307 309 310 312 314 316 318 319 320 323 327 329 332 333 335 336 337 338 339 344 348
21 310 311 312 313 314 316 317 321 322 324 328 333 335 336 337 339 341 343 346 350 351
18 307 308 315 316 317 318 321 326 331 333 335 337 340 344 346 347 348 349
24 308 312 318 319 320 321 322 324 326 327 329 330 331 333 334 336 337 338 339 340 345 346 347 350
28 308 309 311 312 313 315 316 318 320 321 322 325 327 328 330 331 332 333 335 336 337 343 344 345 347 348 349 350
13 307 313 314 318 327 328 332 333 336 338 340 341 347
27 307 308 310 311 312 313 314 315 317 320 321 322 324 325 326 330 331 333 335 336 338 342 343 344 347 350 351
19 311 314 315 317 321 322 325 326 328 331 337 338 339 341 342 343 345 346 351
13 315 316 322 328 329 334 335 337 338 340 342 346 349
16 308 309 318 320 321 322 324 330 332 335 336 337 339 340 347 351
23 311 313 314 315 317 319 324 327 328 329 330 332 333 334 335 337 338 339 342 344 347 348 349
23 307 308 309 311 313 315 318 319 321 323 327 328 330 333 334 336 337 340 345 347 348 349 351
26 307 309 311 312 313 314 315 316 317 318 321 324 325 327 329 330 332 333 335 337 338 340 342 343 346 351
13 312 313 314 316 318 320 323 333 336 342 343 344 346
22 307 309 312 313 314 315 316 321 325 330 331 335 338 339 341 342 343 344 346 347 348 350
16 307 308 314 316 320 322 324 326 327 329 332 334 336 339 344 345
21 307 308 310 316 318 322 324 325 326 327 329 331 332 334 340 341 344 345 348 350 351
21 307 308 310 311 312 314 318 319 323 327 329 330 331 332 334 335 336 338 343 347 349
30 307 308 312 314 315 316 317 318 319 321 322 323 324 325 327 328 330 331 332 333 335 336 338 340 346 347 348 349 350 351
29 307 308 310 311 312 313 315 317 318 320 321 322 324 325 326 328 329 331 334 336 337 340 341 342 343 345 347 348 351
28 307 309 310 311 312 313 314 319 321 322 323 324 325 326 327 330 331 334 336 337 338 340 341 345 347 348 350 351
16 311 316 319 322 323 325 329 333 334 335 336 340 342 346 349 350
17 308 309 312 313 314 325 326 327 329 333 336 337 342 343 344 347 351
29 307 308 309 311 313 315 316 317 320 321 322 323 325 326 328 329 330 331 337 338 340 341 342 344 345 347 349 350 351
30 307 308 309 310 311 312 313 314 316 319 320 321 323 324 325 326 327 328 330 331 332 334 335 337 341 342 344 345 346 350
14 307 312 314 316 318 332 333 334 335 337 344 345 346 349
22 308 309 311 313 318 319 321 325 330 331 335 338 339 341 342 344 345 347 348 349 350 351
18 307 309 312 316 317 318 322 327 328 331 333 334 336 339 344 346 347 350
14 310 312 316 322 326 329 330 333 335 343 344 347 350 351
28 307 308 310 311 312 316 317 319 322 323 324 325 329 330 332 333 335 336 337 341 342 343 344 345 347 349 350 351
27 307 311 313 314 317 318 320 321 323 324 326 327 328 330 333 334 335 337 339 341 342 343 345 346 347 350 351
14 311 312 314 319 322 325 326 327 332 334 335 338 347 351
16 307 311 312 318 321 322 326 327 329 334 335 336 341 343 345 349
24 307 309 310 311 313 314 315 316 317 320 322 323 324 325 328 330 331 334 340 341 344 346 348 350
17 308 309 311 312 316 317 318 323 324 331 332 334 335 338 342 346 350
29 307 308 309 310 311 313 317 319 320 322 323 324 326 327 330 331 332 334 336 337 338 339 340 342 344 345 346 348 350
22 307 309 310 311 312 313 315 317 319 324 325 329 331 334 335 339 341 342 344 346 348 351
25 309 312 315 316 319 320 321 322 323 324 325 326 327 328 331 332 335 336 337 338 344 345 346 348 351
27 307 311 312 314 315 316 317 319 320 321 323 325 326 327 328 330 331 334 335 338 340 342 345 346 347 348 349
14 308 309 317 318 320 325 326 332 336 340 341 342 349 351
23 307 309 311 314 321 325 328 329 332 333 336 337 338 341 342 344 345 346 347 348 349 350 351
18 307 311 313 315 319 322 325 327 328 330 331 332 333 340 342 344 345 349
14 307 310 311 315 318 321 325 334 336 337 339 341 344 348
17 308 312 316 318 319 323 324 326 333 335 336 338 340 343 345 346 351
22 307 308 309 310 311 312 313 314 315 319 321 322 323 325 326 329 330 337 339 340 349 350
25 307 309 310 311 314 319 321 325 326 328 331 332 333 334 336 337 338 339 340 342 343 344 346 348 349
15 307 314 318 324 328 332 335 336 338 339 341 342 343 345 347
28 307 311 313 314 315 316 317 318 320 321 322 323 325 327 328 329 331 332 334 335 336 338 339 341 343 344 347 350
30 308 309 310 313 314 315 316 317 318 319 320 321 323 324 325 326 327 330 333 338 339 340 341 342 343 344 345 346 347 351
18 311 313 317 319 322 325 330 331 336 339 340 342 343 344 345 349 350 351
21 307 312 314 318 319 320 321 323 327 330 333 336 337 338 339 340 343 347 348 350 351
26 307 308 311 312 314 315 316 318 320 322 323 324 325 327 329 331 333 336 337 338 339 342 345 346 349 350
31 307 308 309 310 312 315 317 318 320 321 322 323 324 325 326 327 329 330 331 332 333 334 335 336 337 338 339 346 347 349 350
27 307 308 310 311 312 314 318 319 320 321 322 323 325 326 327 328 329 330 331 332 333 336 341 343 347 348 351
22 310 311 312 315 320 321 324 326 329 330 333 334 335 336 339 340 341 343 344 346 347 348
29 307 308 309 310 311 312 313 315 317 320 321 322 323 325 327 328 329 330 331 334 335 336 337 338 341 342 344 347 351
27 307 309 311 313 314 315 317 318 319 320 321 327 328 330 331 334 335 336 337 338 339 340 341 343 346 350 351
26 308 309 310 311 314 315 316 317 319 320 321 323 324 325 331 332 333 335 336 338 341 342 343 344 349 351
29 307 308 309 310 313 315 318 320 322 324 325 326 327 329 330 331 334 335 337 338 339 340 342 343 344 348 349 350 351
19 309 310 311 316 317 318 319 323 325 329 331 335 336 340 345 346 347 349 351
19 307 308 309 310 311 314 315 317 320 321 322 323 326 329 333 337 340 341 343
14 309 313 320 321 327 332 342 343 344 345 347 349 350 351
20 307 308 310 311 312 316 320 322 323 324 326 327 328 337 338 339 344 345 346 348
22 307 309 310 311 313 316 317 318 320 321 323 332 334 337 340 343 344 345 346 348 349 351
28 308 309 310 313 315 316 318 319 320 321 322 323 324 326 327 328 329 330 334 335 336 338 341 342 344 348 350 351
30 307 308 309 310 312 314 315 316 318 319 320 323 324 325 326 328 329 330 332 335 337 339 342 344 345 346 348 349 350 351
16 308 310 316 319 322 324 325 326 331 333 334 336 337 340 341 344
25 307 308 310 311 313 317 318 319 320 324 325 326 329 331 332 333 334 337 338 340 341 343 344 348 351
16 308 315 319 326 330 332 336 338 339 341 342 343 344 349 350 351
31 307 308 310 311 312 314 315 317 320 321 323 325 326 327 328 329 332 333 334 337 338 339 341 342 344 345 346 348 349 350 351
26 307 308 309 311 312 318 319 320 322 324 326 327 328 330 331 332 335 336 340 342 343 345 347 349 350 351
24 308 309 312 313 316 320 321 323 324 326 330 331 332 335 336 337 339 340 343 344 345 347 348 350
17 311 312 314 316 320 325 326 329 330 331 335 336 337 343 344 347 350
19 309 310 312 315 316 318 323 325 328 330 333 334 337 338 343 344 345 347 351
15 308 311 312 317 318 320 324 327 328 331 333 334 335 343 348
16 307 308 309 313 316 318 325 326 330 331 332 335 342 345 347 350
18 307 308 310 312 314 316 321 322 323 324 326 327 330 336 340 341 347 350
20 313 316 320 321 324 325 328 329 333 334 335 337 338 339 340 342 343 345 347 350
24 309 310 312 313 317 318 320 323 324 325 326 328 329 332 334 335 339 340 341 342 346 348 349 350
16 307 308 309 313 316 317 318 321 326 327 334 335 338 341 348 349
21 307 309 311 312 313 314 315 316 317 325 326 327 332 334 335 337 338 343 344 347 349
18 308 310 314 315 317 319 320 322 323 325 329 331 335 336 337 345 349 351
30 307 310 311 313 314 315 316 317 318 319 322 324 325 328 329 330 331 332 333 335 339 340 341 344 345 346 347 348 349 351
30 308 309 310 311 312 313 314 315 316 317 319 321 322 323 327 331 335 336 337 340 341 342 343 344 345 346 348 349 350 351
20 309 310 311 314 316 317 320 321 322 324 325 329 334 337 340 341 342 346 347 351
31 307 308 309 310 311 312 313 315 317 318 319 321 322 324 327 328 329 332 333 334 335 336 339 340 341 342 343 344 345 346 347
22 308 310 311 314 315 316 320 322 326 329 330 331 332 333 342 343 344 345 346 347 348 351
27 307 309 310 311 314 315 318 319 321 322 324 325 326 327 329 331 332 333 336 339 341 342 344 347 348 350 351
29 307 308 310 312 313 314 315 317 318 319 320 322 323 324 326 327 328 331 333 336 340 341 342 343 346 347 348 349 351
29 308 310 311 313 314 315 316 317 318 319 321 323 324 326 327 328 331 333 334 335 336 338 339 342 344 346 347 348 350
23 307 308 309 310 314 315 317 319 326 327 328 331 333 334 336 337 339 340 344 347 349 350 351
30 310 312 313 314 315 316 317 318 319 320 321 322 324 326 328 329 331 332 334 337 338 340 341 342 343 345 346 348 350 351
23 307 308 311 314 315 316 322 323 324 326 328 330 331 332 333 334 335 337 340 343 345 346 348
22 309 310 311 312 315 317 325 326 327 329 330 331 332 333 334 336 342 343 344 345 347 349
26 307 308 309 310 313 316 318 319 320 322 323 326 329 331 332 334 336 337 338 343 344 345 346 347 348 351
23 307 308 309 316 318 320 321 322 324 325 326 327 330 333 334 337 340 341 342 344 345 346 349
23 312 314 315 318 319 320 322 323 325 328 329 335 339 340 341 342 343 344 345 346 347 348 351
23 308 309 311 312 316 319 321 324 325 326 330 331 333 334 337 338 340 341 342 343 346 348 350
29 307 308 312 315 316 317 318 319 320 327 328 329 330 331 333 334 336 337 338 339 340 341 342 343 344 348 349 350 351
25 307 308 310 311 313 314 320 322 324 325 329 330 332 333 334 335 336 337 338 339 340 348 349 350 351
24 307 310 312 313 314 315 316 318 321 322 323 325 332 334 336 338 339 340 341 343 344 346 347 350
26 311 312 313 317 320 322 324 325 326 327 328 330 333 334 335 337 339 340 341 342 344 346 347 348 349 350
22 309 310 313 314 315 316 317 320 322 325 326 328 329 330 331 333 334 336 337 338 340 351
15 308 309 310 312 314 320 323 327 330 332 334 336 339 345 347
30 307 308 309 310 311 313 314 316 317 318 319 320 322 326 327 328 329 330 332 334 336 337 342 343 345 346 347 348 350 351
22 307 308 309 310 311 312 317 322 324 325 329 334 335 340 341 343 344 346 347 349 350 351
23 307 310 311 312 313 314 315 317 318 319 321 325 326 327 328 329 333 335 338 339 344 345 351
20 308 309 311 313 315 320 323 324 326 329 334 335 338 339 340 341 342 343 347 351
23 307 309 310 315 316 321 322 328 329 331 332 334 336 337 338 340 342 343 344 347 348 350 351
19 307 310 311 312 315 317 319 321 324 325 326 327 329 330 332 335 345 346 348
19 309 313 314 315 316 317 320 321 326 327 329 330 334 336 337 340 344 345 346
24 307 308 309 313 315 316 317 318 319 320 322 323 330 331 333 335 336 339 342 343 344 345 350 351
16 312 316 317 321 323 326 327 328 330 333 337 338 339 340 343 344
30 307 309 310 311 312 313 314 315 317 319 320 321 323 327 328 331 332 334 336 337 338 339 340 342 343 344 345 346 347 348
29 307 308 309 310 311 312 316 318 319 320 321 325 326 327 328 329 330 331 333 334 335 337 338 339 341 346 347 349 350
13 308 316 319 320 322 326 329 336 342 343 345 347 349
20 308 309 311 312 317 322 323 325 327 328 329 330 334 336 337 343 344 345 347 351
27 307 308 309 311 314 317 319 320 321 323 324 325 327 328 330 332 335 336 337 339 340 344 345 346 347 348 351
20 307 309 311 312 313 314 316 323 325 326 327 331 332 333 334 336 338 339 344 349
18 310 315 319 321 322 324 325 327 331 332 333 338 340 341 342 345 348 351
15 307 308 309 310 313 317 326 330 332 335 340 342 345 349 350
17 309 311 312 317 318 319 322 323 326 327 330 331 334 335 338 343 346
28 307 309 311 314 317 318 320 321 322 323 326 327 330 332 334 337 338 339 342 343 344 345 346 347 348 349 350 351
24 308 310 311 313 317 318 319 320 326 328 329 330 331 334 335 336 337 338 339 343 344 345 346 347
14 309 314 315 316 319 331 332 339 340 342 344 347 348 350
30 309 310 312 313 316 317 318 319 320 321 322 323 325 326 328 330 331 332 333 334 335 336 337 338 340 341 342 344 346 351
15 309 312 313 316 322 325 326 333 339 340 341 346 347 348 351
16 312 314 320 321 323 326 337 338 339 340 342 343 345 347 348 351
17 307 309 310 311 314 317 318 328 329 334 339 340 341 342 343 344 349
29 307 308 309 310 312 315 316 319 320 321 324 325 327 328 331 332 334 339 340 341 343 344 345 346 347 348 349 350 351
19 309 310 318 319 322 326 328 331 332 338 339 340 342 343 344 345 348 349 350
14 308 309 311 312 313 315 316 329 332 345 348 349 350 351
28 307 308 313 314 316 317 318 319 320 321 323 324 325 326 328 330 331 332 335 336 339 340 341 344 346 347 350 351
20 307 315 317 318 319 320 323 324 325 326 329 334 338 340 342 344 345 348 350 351
29 309 311 312 315 317 318 320 321 322 324 325 326 327 330 333 334 337 338 339 340 341 343 344 345 346 347 349 350 351
31 307 308 309 311 312 313 314 319 320 322 323 324 326 327 328 330 331 332 333 334 335 337 338 340 341 342 343 346 348 349 351
29 307 308 309 310 311 312 313 314 316 318 319 321 322 323 325 327 331 332 335 336 337 338 340 342 344 346 347 349 351
26 307 308 312 314 315 316 317 320 321 322 324 327 328 330 331 334 335 336 337 338 342 344 346 348 349 350
29 307 308 310 312 314 317 320 321 322 323 324 325 326 328 329 331 332 334 335 337 338 339 340 341 342 346 348 349 351
20 311 312 314 318 319 320 323 324 326 328 330 331 335 336 342 343 346 347 349 350
18 315 318 319 321 322 326 327 329 330 333 337 339 340 342 343 345 346 348
14 309 310 313 328 333 334 335 336 340 342 344 345 350 351
16 309 314 315 317 318 323 329 330 331 332 334 335 336 337 339 341
24 307 308 310 311 312 313 315 317 318 320 322 324 325 326 332 333 335 336 337 338 342 345 350 351
27 309 310 311 314 316 317 318 319 320 321 323 324 325 329 331 334 335 336 338 340 341 345 347 348 349 350 351
31 307 308 309 311 312 314 315 317 318 319 320 321 322 323 324 326 327 328 330 331 333 335 336 339 340 342 343 344 347 348 349
15 308 309 310 313 316 317 322 327 328 332 333 337 338 340 348
16 308 309 313 314 316 318 322 328 330 334 336 337 339 341 343 345
23 308 311 313 315 316 317 319 320 321 322 323 328 330 331 337 338 340 341 343 346 347 349 351
25 308 311 312 315 316 318 319 321 323 324 325 330 331 332 333 334 335 338 339 340 341 343 346 347 348
24 309 312 313 314 316 317 319 321 322 325 326 328 333 334 335 336 337 338 340 341 342 345 348 349
24 307 308 314 317 318 319 320 322 323 324 325 326 330 332 338 339 341 342 343 344 345 346 347 348
18 307 309 311 312 316 317 318 320 321 322 325 327 329 330 335 344 345 346
18 308 311 318 323 324 328 329 332 333 334 335 336 339 341 343 344 345 349
22 307 308 309 312 313 314 315 318 320 322 323 324 325 330 333 334 336 338 340 343 348 350
22 307 308 310 312 315 322 324 325 329 330 332 334 335 337 340 341 342 344 345 346 348 350
22 308 309 310 311 315 316 318 319 320 321 322 323 326 331 333 335 336 339 343 344 349 351
22 310 314 315 317 318 319 320 322 323 324 325 328 329 331 332 334 336 337 341 342 345 348
20 309 312 314 319 321 322 323 325 326 327 328 332 333 338 339 342 343 344 348 350
24 308 309 310 311 312 314 315 316 317 318 319 324 325 326 327 329 336 337 341 343 344 349 350 351
18 307 311 313 315 320 326 328 330 335 336 337 340 345 346 347 349 350 351
21 309 312 313 319 321 322 325 328 329 330 331 332 333 336 338 340 342 344 349 350 351
29 308 311 313 314 315 316 317 318 319 320 321 324 325 326 327 328 329 330 331 332 333 339 340 341 344 346 348 349 351
21 307 308 309 312 315 316 317 318 322 324 326 329 330 332 335 337 340 341 347 350 351
21 308 310 313 316 317 320 324 327 329 331 332 333 335 336 337 339 341 347 348 349 350
23 307 312 313 314 315 316 317 319 320 321 322 323 325 326 327 330 333 337 342 345 348 350 351
20 310 314 315 317 320 322 328 331 333 335 336 337 339 340 342 344 346 348 350 351
14 308 313 316 319 320 323 325 331 334 335 341 348 349 350
29 308 311 314 316 318 319 320 322 323 325 326 327 328 331 332 334 335 336 338 339 340 341 343 345 346 347 348 350 351
16 310 318 319 320 323 326 328 329 332 334 338 341 343 344 346 351
23 309 310 311 313 314 317 318 321 322 325 327 328 329 330 334 335 336 338 341 343 344 346 349
22 307 308 311 312 313 314 315 317 319 322 323 324 325 327 331 333 335 337 338 340 343 349
14 308 309 310 312 314 316 317 326 332 335 336 337 345 351
15 307 309 310 317 318 321 327 329 330 332 335 338 343 347 351
14 354 358 359 360 366 374 382 384 387 388 392 397 403 407
12 355 357 358 360 368 384 386 390 393 396 410 415
15 353 359 366 372 376 379 387 391 395 396 397 407 408 412 417
28 352 353 356 357 358 362 363 366 369 371 375 379 380 383 389 390 393 395 396 400 401 405 406 408 409 414 415 417
32 352 353 355 360 361 363 365 367 369 373 374 375 378 379 381 383 385 389 390 391 395 397 398 399 402 403 404 410 411 413 416 419
14 355 360 361 362 363 368 372 385 388 392 395 404 407 411
14 360 363 366 371 374 386 391 392 393 394 405 406 410 419
18 356 358 373 378 380 381 384 390 398 399 402 404 405 409 411 413 415 419
14 354 355 356 357 358 360 364 370 385 387 389 391 392 415
38 352 353 354 361 362 363 365 366 368 369 372 374 377 379 381 383 384 386 388 389 390 391 392 395 396 397 400 401 404 407 408 409 410 413 414 416 418 419
22 352 353 356 357 358 364 367 371 376 377 378 379 383 384 386 390 394 403 408 412 414 418
31 353 354 355 356 357 358 359 360 362 363 375 379 391 392 394 398 399 400 402 403 405 406 407 408 410 411 412 414 415 417 419
20 354 359 361 378 380 381 383 386 389 391 397 399 401 403 409 410 413 414 418 419
15 360 367 372 379 384 387 390 392 393 395 396 398 406 408 411
32 352 354 357 358 362 364 366 367 371 372 373 374 377 379 381 383 385 388 389 390 391 392 397 399 400 404 409 411 413 415 416 417
11 354 355 358 371 388 393 401 407 408 410 412
16 352 354 360 361 362 365 368 374 388 393 394 401 403 406 410 416
14 356 364 370 372 376 377 381 385 392 394 400 404 417 418
16 353 355 361 362 364 367 368 377 378 381 388 395 403 412 414 416
20 353 355 359 360 361 363 365 370 375 382 384 386 394 403 406 407 408 412 418 419
23 356 357 359 361 362 365 366 368 376 378 380 382 386 390 392 396 399 400 403 404 414 417 418
31 353 355 358 362 364 365 367 380 382 386 389 392 393 395 396 397 398 400 401 402 404 405 408 409 411 412 413 415 416 417 418
27 355 356 358 362 364 365 366 371 374 381 384 387 391 392 393 396 397 403 405 406 407 409 410 412 413 416 418
19 355 357 363 364 367 369 370 371 375 377 382 383 385 386 389 392 400 414 418
19 361 363 366 368 369 376 380 381 384 388 395 398 403 407 408 412 414 417 418
16 363 365 368 370 377 386 389 391 394 397 401 404 405 412 413 416
36 354 356 357 358 359 362 364 366 368 370 371 372 376 377 380 382 384 386 387 388 392 393 394 396 400 401 405 406 407 408 409 412 414 415 417 418
30 355 356 361 363 365 367 370 371 372 375 377 378 379 381 385 386 391 394 395 398 399 400 406 408 410 411 412 413 414 418
19 352 359 361 362 363 365 367 369 373 374 375 378 379 383 395 406 407 408 416
40 354 355 359 360 361 364 365 367 368 370 372 373 374 376 377 378 381 382 384 385 386 387 388 391 392 394 397 398 399 402 403 404 407 410 411 412 413 416 418 419
30 355 356 357 358 359 360 364 367 370 371 373 375 376 378 380 382 385 387 393 394 398 399 402 403 405 406 411 412 415 417
37 352 353 354 357 358 361 364 365 366 367 368 369 372 373 375 377 378 379 380 381 383 385 386 387 393 394 396 399 400 401 403 405 407 408 409 418 419
16 353 358 362 364 365 366 368 371 373 374 375 376 388 412 415 416
17 353 358 360 365 366 372 375 379 381 387 391 393 397 399 400 401 411
9 356 359 360 365 380 396 406 409 413
18 353 370 372 377 379 381 383 384 385 387 394 397 398 405 409 413 416 419
14 359 365 367 371 373 375 380 391 395 397 399 401 404 407
41 352 353 354 357 359 360 361 363 367 368 369 370 372 373 375 376 377 378 379 380 382 383 385 386 388 389 390 394 395 398 399 400 401 402 404 408 411 414 415 417 419
8 362 369 371 385 404 409 416 419
14 359 369 370 374 375 380 393 397 398 400 401 406 415 416
38 354 355 357 358 360 362 363 365 367 368 369 370 371 374 375 377 381 382 383 384 385 386 387 389 391 395 396 399 400 404 405 407 409 410 411 412 417 418
42 353 354 356 357 358 359 360 363 364 366 367 368 369 370 374 375 377 378 379 382 383 385 387 388 389 390 394 398 399 400 401 402 403 406 409 411 412 413 414 416 417 418
9 357 364 369 380 383 389 401 415 416
31 352 354 355 358 360 362 363 364 366 369 372 374 378 382 383 384 386 388 389 392 393 396 398 400 402 406 409 414 415 416 417
16 358 362 366 370 371 372 379 383 385 386 387 389 400 407 414 415
16 356 368 369 376 378 380 387 393 395 396 398 401 402 405 410 414
20 352 353 354 361 370 372 374 377 378 381 382 383 387 390 391 392 395 412 415 417
27 355 356 357 358 360 365 367 376 379 386 388 393 394 396 397 399 400 401 402 403 405 406 408 410 413 414 418
32 353 354 362 364 366 369 371 372 374 375 376 382 383 384 387 392 393 395 396 398 399 400 402 403 406 407 409 410 411 417 418 419
23 354 356 357 359 360 363 368 369 371 372 373 374 375 379 381 383 385 390 394 403 406 407 410
21 354 361 367 368 375 376 377 384 388 390 391 394 397 398 402 403 404 410 416 417 419
22 352 353 355 357 363 364 369 373 374 378 381 382 392 393 395 399 401 405 408 411 412 418
15 352 353 362 368 373 376 390 393 396 402 404 405 409 417 419
19 352 356 359 365 369 370 375 376 379 382 384 387 389 398 399 404 407 413 415
14 352 361 366 370 376 377 378 384 387 388 391 399 414 419
18 354 365 366 373 381 382 387 389 391 396 399 402 405 409 410 413 417 419
16 352 360 363 364 367 369 373 374 375 389 391 395 402 406 411 415
45 352 353 355 356 357 360 361 362 363 365 366 368 369 370 371 372 373 375 376 377 380 381 383 385 387 388 389 390 391 392 393 395 396 397 401 402 405 406 408 409 413 414 416 418 419
31 352 356 359 364 366 367 368 369 370 371 373 374 375 376 380 384 385 387 388 391 392 395 396 402 406 407 409 412 413 415 417
26 352 355 361 362 365 371 372 373 376 380 381 384 386 391 392 393 395 396 397 404 405 407 408 410 415 419
19 354 357 358 372 373 380 383 385 390 396 397 400 401 402 408 409 411 417 418
31 355 356 359 360 362 363 370 371 374 376 382 384 388 389 390 391 392 395 397 398 402 404 406 410 411 412 413 414 415 416 417
23 353 354 366 371 380 382 387 388 389 391 397 398 399 401 402 403 405 409 411 412 413 414 419
12 356 368 370 376 377 385 387 394 403 405 411 412
15 353 359 362 374 375 377 378 383 393 396 399 402 406 409 413
17 352 355 356 357 363 369 370 377 382 385 394 400 402 404 405 407 417
11 353 357 361 379 381 390 408 410 413 418 419
20 352 365 367 371 372 373 379 382 386 390 394 397 400 401 404 405 410 411 416 419
28 355 356 357 362 367 368 369 370 371 378 383 384 385 388 395 396 398 402 403 405 406 407 409 410 412 414 415 416
23 354 358 359 364 367 374 378 379 382 384 386 394 398 399 400 403 404 407 410 411 412 415 417
20 352 355 356 357 358 359 360 361 367 373 378 379 380 381 385 388 390 408 414 415
37 352 361 364 365 366 367 368 369 370 371 372 373 374 376 377 378 380 381 382 383 384 385 386 387 388 389 390 393 395 396 397 401 404 409 413 416 418
23 352 354 359 361 363 364 373 374 376 377 380 382 386 389 390 392 394 404 408 413 417 418 419
30 352 353 356 359 361 364 366 372 373 376 378 379 380 388 390 392 393 394 397 398 401 402 403 406 408 413 414 415 416 419
37 353 354 355 357 358 360 361 362 363 365 372 377 378 379 381 382 383 386 389 390 393 394 397 398 399 400 401 403 404 405 408 410 411 414 416 418 419
13 359 363 364 366 368 373 375 380 384 389 398 407 411
15 353 355 362 364 367 382 393 395 401 404 405 408 415 416 417
5 353 361 379 381 418
12 358 360 366 375 381 387 391 397 399 400 401 411
9 355 356 358 364 370 387 389 391 415
18 352 353 357 366 380 383 389 393 395 396 400 401 405 406 408 409 414 417
24 352 353 356 357 358 362 366 369 371 375 379 380 383 389 390 395 396 400 401 405 406 409 415 417
7 352 361 366 377 378 384 391
10 370 372 379 383 384 394 398 409 413 416
18 352 353 356 357 362 366 369 375 379 383 390 396 400 401 405 406 409 415
8 364 372 377 381 385 394 404 417
9 353 379 381 384 387 398 405 409 416
10 354 358 359 360 366 382 384 387 397 407
19 353 354 362 369 371 372 376 383 384 392 393 398 399 403 406 410 411 417 419
32 352 353 354 357 358 361 364 367 368 369 372 373 375 377 378 380 381 383 385 386 387 393 394 399 400 401 403 407 408 409 418 419
22 352 353 356 357 358 366 369 371 379 380 389 390 393 395 401 405 406 408 409 414 415 417
22 355 359 360 365 367 368 370 372 373 374 378 384 386 388 394 398 399 402 403 407 413 416
10 352 360 364 375 389 391 395 402 411 415
16 352 354 362 364 367 371 372 373 374 385 391 392 397 400 404 415
17 354 357 358 362 364 371 373 374 379 385 388 390 397 399 411 415 416
11 352 370 375 376 379 384 387 389 398 404 407
9 352 360 363 364 367 369 374 389 415
13 359 361 378 381 386 389 391 397 401 403 410 413 419
23 353 356 359 361 364 366 372 373 376 378 379 380 388 390 394 401 402 406 408 413 414 416 419
15 353 370 372 377 381 385 387 394 397 398 405 409 413 416 419
12 357 363 364 369 370 371 375 377 383 389 392 418
9 354 355 357 360 370 385 389 392 415
16 353 355 357 364 369 373 374 381 382 392 393 399 401 411 412 418
12 353 374 375 377 378 383 393 396 399 402 406 413
13 354 357 358 372 383 385 397 400 402 408 409 417 418
11 356 361 362 366 382 386 399 403 404 414 418
21 355 358 362 366 371 374 384 387 391 392 393 396 403 405 406 407 409 410 412 413 418
11 352 354 363 373 374 386 390 392 394 413 417
14 355 357 369 370 371 375 382 383 385 386 389 392 400 414
10 352 361 362 368 374 388 394 401 403 410
7 356 359 365 380 406 409 413
11 352 356 369 370 379 387 389 398 404 413 415
23 352 353 356 359 361 364 372 373 380 388 392 393 394 397 398 402 403 406 408 413 414 416 419
19 355 356 358 362 364 365 366 371 381 384 387 392 396 405 406 410 412 413 416
26 352 353 355 360 361 363 365 367 369 373 374 375 378 379 381 389 391 397 398 399 403 404 410 411 413 419
18 355 356 361 363 370 371 372 375 377 379 386 391 399 406 410 411 413 418
18 354 358 362 368 370 376 377 384 386 388 392 405 406 407 408 409 417 418
18 356 357 361 365 366 368 376 378 380 382 386 399 400 403 404 414 417 418
6 356 368 376 387 411 412
12 355 360 361 362 368 372 385 392 395 404 407 411
7 353 366 376 396 397 407 408
12 358 359 374 378 379 386 400 403 404 407 412 417
11 353 366 388 398 399 401 402 409 411 413 419
10 355 357 358 360 384 386 393 396 410 415
15 361 368 375 376 377 384 390 391 394 397 398 403 410 416 419
11 356 364 370 372 377 381 385 394 400 404 418
18 354 361 368 375 376 388 390 391 394 397 398 402 403 404 410 416 417 419
19 353 362 366 369 371 375 379 380 383 389 390 396 400 405 406 408 409 414 415
23 352 355 361 362 371 372 373 376 380 381 384 386 391 392 395 396 397 404 405 407 410 415 419
8 368 380 393 396 401 402 405 414
11 356 369 370 375 376 382 384 387 404 413 415
9 354 366 374 382 384 387 388 397 407
32 354 355 357 358 360 362 367 368 369 370 371 374 375 381 382 384 385 387 389 391 395 396 399 400 404 405 407 409 410 411 412 418
11 355 356 358 360 367 373 379 380 381 390 415
13 363 365 368 370 377 386 394 397 404 405 412 413 416
21 355 361 365 371 372 373 376 380 381 384 386 391 392 395 396 397 405 407 408 415 419
7 359 365 380 391 397 399 404
15 355 357 363 364 367 369 370 375 383 385 386 392 400 414 418
11 365 367 371 373 379 382 390 401 404 411 419
14 361 363 368 369 376 380 381 388 398 403 407 408 414 418
21 355 356 357 362 367 368 370 371 378 383 384 388 395 396 398 403 405 407 409 412 415
22 353 358 362 365 367 380 382 386 389 392 393 395 398 400 401 405 408 411 412 413 415 417
23 355 356 357 358 359 367 370 375 376 378 380 382 387 393 394 398 399 405 406 411 412 415 417
19 355 357 365 367 376 379 386 394 396 397 401 402 403 405 408 410 413 414 418
31 353 354 356 357 358 359 363 366 367 368 369 370 374 375 377 379 383 385 388 389 390 394 398 400 401 402 406 409 412 413 417
11 367 372 373 382 386 390 394 404 405 410 419
7 354 360 382 384 387 403 407
19 356 357 362 363 366 369 371 380 383 389 390 395 396 400 406 408 409 414 417
12 359 370 375 380 393 397 398 400 401 406 415 416
6 357 358 360 368 386 390
14 359 361 380 381 383 386 389 391 399 401 403 409 413 414
11 356 373 378 398 399 402 404 409 413 415 419
38 353 355 356 357 360 361 362 363 365 366 370 371 372 373 375 377 381 383 385 387 388 389 390 391 392 393 395 396 401 402 406 408 409 413 414 416 418 419
24 352 354 357 358 362 364 366 371 372 373 377 379 381 383 385 389 390 391 392 397 409 411 415 416
11 365 366 368 376 378 380 382 386 396 400 417
11 355 363 364 369 370 371 375 383 389 400 418
14 354 371 380 389 391 397 399 401 402 403 405 411 412 413
33 352 353 354 357 358 361 364 365 367 368 369 372 373 375 377 378 379 383 385 386 387 393 394 396 399 400 403 405 407 408 409 418 419
22 355 357 360 362 363 365 369 375 377 382 384 385 386 387 391 399 404 407 409 410 417 418
9 361 366 370 377 384 387 388 391 419
9 355 358 371 388 393 401 408 410 412
14 355 357 363 367 370 371 375 382 383 386 389 392 400 414
19 353 355 362 382 389 392 393 396 397 398 400 401 402 405 408 409 413 415 416
18 356 357 358 359 364 370 373 375 378 382 385 387 393 394 399 411 412 415
16 352 365 367 371 372 379 382 386 390 397 400 401 404 410 411 416
11 359 369 374 375 380 393 397 400 401 406 415
10 359 364 366 368 373 375 384 389 398 407
10 355 357 363 369 370 394 400 402 404 417
12 358 362 366 370 371 372 383 385 389 400 414 415
10 353 358 360 379 381 387 391 393 397 411
19 355 357 358 364 367 371 373 375 376 378 380 387 393 394 398 402 403 406 417
13 352 356 359 365 369 370 379 382 384 387 399 413 415
20 354 361 363 365 377 378 379 382 383 386 393 394 399 400 401 403 404 410 414 418
8 355 360 362 363 385 388 404 407
12 353 358 362 364 365 371 373 374 375 412 415 416
11 353 355 361 362 364 378 381 388 403 414 416
18 358 364 365 367 382 386 389 395 396 397 400 402 408 409 413 416 417 418
8 365 368 373 374 375 376 412 415
21 353 354 361 365 372 377 379 381 388 389 390 391 392 395 401 404 413 414 416 418 419
37 352 353 355 357 360 361 362 363 365 366 368 369 370 371 373 375 376 380 381 383 387 390 391 392 393 395 397 402 405 406 408 409 413 414 416 418 419
8 359 365 367 371 399 401 404 407
19 354 359 364 367 374 379 382 386 394 398 399 400 403 404 407 410 411 412 415
20 352 369 372 373 380 381 382 383 384 385 386 388 389 390 393 395 397 404 409 418
14 356 357 361 362 378 380 382 386 392 399 400 403 404 417
10 353 359 366 387 395 396 397 407 408 417
25 352 353 360 361 362 363 365 366 371 373 375 376 377 381 383 385 388 390 392 396 397 401 402 405 414
7 352 361 366 370 376 387 419
16 353 366 369 371 372 375 376 383 384 399 400 407 409 417 418 419
10 359 365 367 371 373 375 380 397 399 401
7 359 372 376 379 396 397 417
11 353 362 364 368 371 373 374 375 376 388 412
10 363 369 376 384 395 398 403 408 412 414
9 354 355 358 371 388 393 401 408 412
26 353 354 356 357 364 366 368 370 374 375 377 378 382 383 387 388 390 399 401 402 403 409 412 414 416 418
11 360 371 374 386 391 392 393 394 406 410 419
9 359 366 374 384 387 388 397 403 407
14 353 355 361 362 367 368 377 378 381 395 403 412 414 416
9 361 362 364 368 377 388 395 412 416
5 353 357 361 379 390
14 352 359 361 362 367 373 378 379 383 395 406 407 408 416
8 352 361 370 384 387 399 414 419
30 354 356 357 358 362 364 368 371 372 376 377 380 382 384 386 387 388 392 393 396 400 401 405 406 408 409 412 414 415 418
5 380 383 389 401 415
28 352 354 357 358 362 367 371 373 374 377 379 381 383 385 388 389 390 391 392 397 399 404 409 411 413 415 416 417
11 353 366 372 376 379 387 391 396 407 408 417
12 356 368 369 378 380 387 396 398 402 405 410 414
8 354 358 371 393 401 408 410 412
36 352 353 354 357 359 361 363 367 369 370 372 373 376 377 378 379 380 382 383 385 388 389 390 394 395 398 399 400 401 402 404 408 411 414 415 419
20 352 353 362 366 369 372 381 384 386 388 389 390 391 392 396 397 407 410 413 416
11 352 360 367 369 373 389 391 395 406 411 415
4 369 371 404 419
14 352 356 363 366 371 375 395 400 401 405 406 408 409 415
16 353 356 357 359 360 363 391 392 394 398 403 407 411 414 417 419
33 352 353 354 361 362 365 366 368 369 372 377 379 381 383 384 386 388 389 390 391 392 395 396 397 400 401 404 408 413 414 416 418 419
11 361 363 368 369 384 398 403 408 412 417 418
26 356 357 358 359 360 364 367 371 373 375 376 378 380 382 385 387 394 398 402 403 405 406 411 412 415 417
15 352 359 361 362 363 367 369 373 374 375 378 379 383 407 408
15 361 366 368 369 384 388 395 398 403 407 408 412 414 417 418
29 352 365 366 367 368 370 372 373 374 376 377 378 381 383 384 385 386 387 388 389 390 393 395 396 397 401 404 409 416
27 353 354 357 358 365 367 368 369 372 373 377 378 379 380 383 385 386 387 394 396 399 401 403 408 409 418 419
22 358 364 365 366 371 374 381 387 391 392 393 396 397 403 406 407 409 410 412 413 416 418
9 379 384 387 392 393 396 406 408 411
31 353 354 355 358 360 361 362 365 372 377 378 379 381 382 390 393 394 397 398 400 401 403 404 405 408 410 411 414 416 418 419
13 355 357 364 367 369 370 371 382 383 385 389 400 418
9 356 364 370 377 392 394 404 417 418
46 353 355 356 357 361 363 364 365 366 367 368 369 370 371 372 374 375 377 378 379 380 381 383 385 387 388 389 390 391 393 396 397 398 399 401 402 403 404 405 406 407 411 412 415 418 419
22 354 355 356 359 364 368 369 374 376 378 380 384 385 386 393 396 399 400 403 405 408 417
34 355 357 360 365 366 371 374 375 377 378 380 381 382 383 384 385 388 390 391 392 393 395 397 403 404 405 406 408 410 412 413 415 418 419
42 352 353 354 355 357 359 361 363 364 366 367 368 370 372 373 374 376 378 380 381 383 384 385 386 387 391 394 398 399 401 403 404 406 407 409 411 412 414 415 416 417 419
31 353 358 360 363 364 366 369 371 374 375 376 377 380 383 384 385 388 389 390 396 397 398 401 402 406 413 414 415 416 417 419
34 352 354 355 358 359 360 365 368 373 376 378 379 381 382 383 384 386 387 388 389 390 391 394 395 400 401 402 403 405 406 409 410 411 418
28 355 356 357 362 363 366 369 373 374 375 379 383 384 385 392 395 400 402 405 406 407 408 412 414 415 416 417 419
35 354 355 358 360 364 366 368 369 370 371 372 373 375 381 382 383 385 388 390 392 394 396 397 398 399 400 402 404 405 406 409 410 413 416 417
44 353 354 355 356 357 360 362 363 364 365 366 367 368 369 373 374 375 377 378 379 380 386 387 389 390 391 392 396 397 399 400 403 404 405 409 410 412 413 414 415 416 417 418 419
28 353 355 363 364 367 371 372 374 375 378 380 381 382 383 388 390 392 394 396 398 403 405 412 414 415 417 418 419
29 355 356 359 365 369 370 371 375 379 384 388 390 391 392 393 394 395 396 397 398 399 400 401 402 407 410 411 412 416
41 353 354 355 356 357 358 361 362 364 365 366 368 372 374 375 376 379 380 383 384 387 388 389 390 391 393 394 396 399 400 401 402 403 405 406 408 410 411 417 418 419
27 352 354 355 363 366 367 369 371 373 374 376 381 385 389 393 394 395 396 398 399 401 403 404 406 411 416 419
24 354 357 365 368 369 371 372 374 377 378 380 385 387 389 391 393 395 396 398 399 409 412 413 414
33 352 356 357 358 359 365 366 367 368 369 370 372 375 376 378 381 382 383 384 385 386 387 390 392 395 401 403 406 407 410 411 412 418
44 352 354 355 357 358 361 362 363 365 366 367 369 370 371 372 373 374 378 379 380 381 382 383 384 385 386 388 390 391 392 393 395 397 401 402 404 410 411 412 413 414 415 416 418
27 354 360 362 363 364 365 366 369 371 373 374 378 381 382 387 388 389 393 394 398 399 403 407 411 413 417 419
38 352 353 354 355 356 357 359 360 362 363 364 367 368 370 371 373 375 378 380 382 385 386 387 389 390 391 392 396 397 398 400 403 408 409 416 417 418 419
33 352 353 355 357 358 359 365 367 368 369 371 372 378 379 382 383 393 397 398 399 400 401 403 404 405 406 407 408 412 413 415 417 419
44 352 354 355 357 358 359 360 361 363 364 365 367 368 369 370 373 378 379 382 383 386 387 389 390 391 392 393 394 395 397 399 400 401 403 404 405 406 407 408 409 411 414 415 419
24 352 353 359 363 364 368 370 372 373 377 383 385 386 387 389 392 395 396 397 398 402 406 414 415
33 353 354 355 357 358 359 360 362 365 367 368 371 372 375 377 379 384 385 387 389 392 394 395 396 398 401 404 406 410 412 415 416 418
22 355 358 361 366 367 368 369 370 373 375 379 385 387 395 398 401 402 406 409 413 418 419
35 352 355 356 358 360 361 362 365 370 371 372 377 378 379 384 385 386 387 389 390 391 395 396 397 399 401 403 404 409 410 411 414 415 418 419
29 352 355 356 357 358 360 365 368 370 371 372 376 377 379 381 387 390 397 401 402 403 404 405 409 410 413 415 418 419
27 352 353 354 355 359 363 368 370 371 374 375 380 385 389 390 399 401 403 406 407 408 410 412 413 414 417 419
29 353 357 358 359 372 374 376 377 378 381 382 387 389 390 391 394 395 396 397 398 399 401 402 404 407 408 410 415 416
25 354 357 358 367 373 375 376 378 379 381 384 385 389 392 394 395 400 402 405 406 409 410 412 415 419
25 354 361 362 364 365 366 367 375 377 378 379 384 394 395 396 398 401 402 406 407 411 412 414 415 417
27 353 354 357 361 362 363 364 371 373 375 379 380 381 382 385 387 388 390 391 393 400 405 406 407 411 414 416
28 354 356 359 360 365 366 370 373 374 376 380 383 387 388 390 393 394 395 397 402 406 412 413 414 415 416 418 419
35 352 355 356 358 359 363 365 366 367 368 370 372 374 375 376 377 380 381 384 387 388 389 391 392 395 399 400 401 402 404 405 407 410 411 415
41 352 353 355 356 357 359 360 364 365 367 368 370 371 374 375 376 377 379 380 383 384 386 387 390 391 392 394 395 396 397 401 403 404 405 406 407 408 413 417 418 419
34 353 354 356 357 359 361 362 365 366 369 370 373 376 378 379 383 384 385 386 387 388 391 393 394 395 397 398 401 404 406 407 408 410 416
21 353 354 361 365 367 368 369 372 373 378 387 395 399 402 405 406 407 415 416 417 418
40 352 353 355 356 359 362 364 367 368 371 372 376 379 380 381 382 383 384 385 386 390 391 392 393 394 397 398 399 400 401 402 403 407 408 410 411 415 416 418 419
46 352 353 354 355 356 358 359 360 361 362 363 365 366 369 370 371 372 373 374 376 378 379 380 381 383 385 386 387 388 389 391 393 394 397 398 399 403 404 407 410 411 412 413 414 416 418
45 352 353 355 356 359 360 361 365 366 367 369 370 372 373 374 375 378 379 380 383 384 385 386 387 388 389 390 391 393 394 396 397 398 400 401 402 404 407 408 410 412 413 414 416 418
39 353 354 355 356 359 360 361 362 365 367 370 371 373 374 375 376 379 380 384 385 386 387 388 389 390 394 395 396 397 399 400 402 404 406 407 408 409 412 418
37 352 353 355 359 360 361 362 365 366 367 368 370 378 380 381 382 383 385 386 387 388 389 390 392 393 394 395 402 403 404 409 410 411 413 414 417 419
30 357 358 359 362 364 366 367 369 373 375 380 381 382 383 384 388 389 391 395 398 400 403 404 406 409 410 413 414 416 418
21 362 363 365 366 367 371 376 379 380 381 387 393 394 395 396 399 400 409 411 412 416
39 352 353 354 357 359 362 368 369 370 371 372 373 374 376 378 379 380 381 382 383 384 385 386 389 391 392 394 398 399 402 403 404 409 411 412 413 414 415 418
26 353 355 358 359 362 363 370 371 372 373 375 376 377 378 381 383 386 388 395 396 397 399 400 407 411 414
29 352 355 358 362 363 365 368 369 370 371 372 376 383 384 385 387 389 392 396 397 400 401 402 405 407 409 410 412 419
24 359 360 364 366 369 373 375 376 380 381 388 389 390 391 394 398 401 402 406 408 412 413 416 417
47 352 355 356 358 360 363 364 366 367 368 370 372 373 374 375 381 383 384 385 386 387 388 389 390 391 392 393 394 395 396 397 398 399 401 402 403 404 405 406 407 408 409 411 413 415 417 419
25 352 353 355 356 358 359 360 361 362 367 370 372 377 381 383 385 386 394 398 403 408 409 410 412 417
21 353 360 366 368 369 378 380 386 387 393 394 395 397 399 400 408 410 411 415 417 418
47 352 353 356 359 360 361 362 366 367 368 369 370 372 373 374 378 379 381 382 383 384 385 386 387 388 390 392 393 394 395 396 397 398 399 400 401 403 404 405 408 410 412 413 415 416 417 419
45 352 353 354 355 356 359 360 361 364 365 366 367 368 369 370 372 373 375 376 377 378 381 383 385 386 387 391 392 393 394 395 396 398 402 403 404 407 408 409 411 413 415 416 417 419
21 361 363 368 370 377 380 381 383 386 387 388 390 392 393 399 400 402 407 409 416 419
32 352 353 355 357 358 361 362 363 367 368 372 373 374 379 380 384 385 387 388 389 390 393 401 402 403 404 407 408 411 413 415 418
37 352 353 355 356 357 359 360 362 364 366 368 369 370 371 373 376 379 382 385 389 390 391 392 397 398 400 401 403 404 405 410 411 412 415 416 417 418
46 352 353 354 355 357 358 359 360 361 363 365 366 367 368 370 373 374 375 377 378 382 383 385 386 387 388 389 391 394 395 396 397 398 399 400 402 403 407 408 409 410 412 414 415 417 419
22 352 354 355 356 360 362 369 380 382 383 388 392 395 396 399 401 404 405 410 415 417 418
28 353 354 358 359 363 364 365 367 368 370 371 372 373 374 375 378 387 390 393 394 396 397 401 403 405 406 412 413
29 352 354 358 359 361 366 369 370 373 374 375 381 382 383 388 389 392 393 395 399 401 407 408 410 412 416 417 418 419
44 352 353 354 355 356 357 360 361 362 363 365 366 369 371 372 376 377 378 380 382 383 384 386 387 388 389 390 391 392 393 395 396 397 398 399 400 401 402 403 405 408 410 412 416
39 352 353 357 360 363 364 365 366 367 368 369 372 376 377 378 379 380 383 388 392 394 399 400 401 402 403 404 405 406 407 408 409 411 412 413 414 415 418 419
42 352 354 356 357 359 360 361 362 364 365 367 370 371 374 375 376 378 381 382 383 384 386 387 388 391 392 393 396 397 398 399 400 401 402 403 405 407 409 412 415 417 418
32 352 354 355 358 359 360 361 363 366 368 369 370 372 377 378 380 382 385 386 388 392 395 398 402 404 405 409 410 411 414 415 418
25 353 354 355 356 358 361 368 369 371 372 379 381 385 386 388 389 392 393 395 401 405 406 412 413 417
21 356 358 359 360 363 365 370 375 376 379 381 383 385 387 390 392 393 397 401 412 417
41 352 353 355 357 358 359 361 362 363 364 365 367 368 369 373 374 375 376 379 380 383 384 386 389 390 393 397 398 399 400 401 402 403 406 408 410 412 414 415 418 419
33 352 354 356 358 359 360 364 365 366 367 368 369 371 372 373 376 377 378 380 381 383 384 385 387 392 395 399 402 403 409 416 417 419
28 355 359 361 364 365 366 368 371 372 374 375 376 380 385 388 390 392 393 395 399 400 401 403 405 410 413 415 417
37 355 356 358 360 362 364 365 366 367 368 371 372 373 375 376 378 381 382 384 387 389 392 393 396 397 399 400 402 403 407 410 411 412 414 415 416 417
22 352 353 355 361 370 371 372 378 381 384 386 388 393 395 402 406 407 410 412 413 414 419
21 352 353 358 359 363 368 371 374 378 379 380 383 388 390 395 400 401 402 408 409 417
31 353 354 356 359 360 362 364 366 368 369 373 377 380 382 383 384 385 386 387 390 396 399 401 405 406 407 408 409 410 412 418
35 352 353 355 356 358 359 360 362 363 364 365 367 370 371 378 381 386 388 389 390 392 393 394 396 400 402 403 404 405 411 412 413 414 415 419
42 352 354 355 356 357 359 361 363 364 365 366 367 368 369 370 371 375 377 378 379 382 385 386 391 392 394 396 398 399 402 403 404 405 406 408 409 410 411 412 416 417 418
20 352 357 360 361 365 369 372 375 376 378 379 387 393 399 402 403 405 406 417 419
28 352 353 355 356 357 358 360 364 365 369 372 374 378 387 392 394 396 399 401 402 403 405 406 412 413 414 415 418
41 354 355 357 358 360 361 365 367 368 369 371 372 373 378 379 381 382 383 384 385 386 390 392 393 394 397 398 399 400 403 405 406 407 408 409 410 411 414 416 417 418
38 352 353 356 357 360 361 362 363 364 366 367 369 372 373 374 375 376 379 380 382 384 386 388 389 392 393 395 396 399 400 401 407 409 410 411 412 416 417
38 352 357 359 363 365 367 369 370 374 377 380 381 382 383 385 386 387 388 389 391 393 394 396 397 400 401 405 407 408 409 410 412 413 414 416 417 418 419
31 352 354 355 356 360 366 367 368 370 371 378 379 380 382 385 388 390 394 395 396 397 399 404 409 410 412 414 415 417 418 419
27 353 355 357 363 364 366 369 370 375 377 378 380 381 388 389 390 391 393 399 403 405 407 408 412 414 417 418
37 352 353 354 355 356 357 358 365 366 368 370 372 373 374 376 378 383 384 385 387 390 391 392 393 395 399 400 401 402 403 404 405 407 412 415 417 418
25 356 359 360 368 369 372 374 375 379 381 382 384 386 387 392 395 397 398 401 403 407 412 413 415 417
34 353 354 356 360 364 366 367 371 372 373 374 375 376 377 378 379 380 382 386 387 388 393 395 398 399 400 401 404 405 407 410 412 413 419
28 357 359 361 363 366 367 376 378 381 382 383 385 388 389 394 395 396 397 398 402 406 408 409 413 414 417 418 419
28 354 355 356 357 359 360 361 363 366 369 372 374 377 381 383 387 388 391 393 394 398 400 403 405 407 409 413 418
43 353 354 355 356 357 358 360 361 362 363 364 367 369 372 374 376 377 378 379 384 385 386 388 390 391 393 394 395 396 397 398 400 402 403 405 408 409 410 411 413 414 415 418
44 352 353 355 357 361 362 363 365 367 368 369 370 373 374 376 377 379 380 383 384 386 388 389 391 392 393 394 395 396 397 398 400 401 402 403 406 407 408 409 411 412 414 418 419
44 353 354 357 359 360 361 363 364 365 366 368 369 370 371 373 375 377 378 380 381 383 384 385 386 387 389 391 393 394 397 398 399 400 402 403 404 407 409 410 412 415 417 418 419
24 355 357 358 361 362 369 372 375 376 380 383 386 393 394 396 397 399 402 403 405 406 407 408 410
27 352 356 357 358 362 364 366 367 372 373 377 378 387 389 390 395 396 397 399 404 406 407 409 410 413 414 416
34 353 354 356 358 360 361 362 363 364 368 369 372 374 375 379 380 384 390 391 392 393 394 395 396 397 398 401 402 404 407 409 410 414 415
25 353 354 355 357 360 365 366 368 369 371 373 378 379 382 384 385 386 388 394 399 406 407 411 412 417
22 354 355 359 360 364 367 369 371 377 386 387 390 391 393 394 395 402 403 410 417 418 419
25 358 360 362 363 365 368 373 376 377 378 383 385 386 387 388 391 393 401 402 403 410 413 414 415 419
32 353 356 360 361 362 364 365 366 368 372 373 374 375 376 380 384 386 387 390 391 392 394 399 404 406 408 409 411 413 415 417 419
32 352 353 356 359 361 363 368 374 375 376 379 380 381 383 384 385 388 391 393 394 397 399 402 403 407 409 411 412 413 414 415 418
38 352 354 355 356 357 358 359 363 364 365 367 368 371 372 373 375 376 377 378 379 383 385 386 388 389 393 396 398 400 401 402 403 404 410 411 417 418 419
23 354 357 360 361 362 363 368 371 373 376 378 381 382 385 387 393 400 405 406 408 409 411 416
26 354 360 361 366 368 369 377 379 386 390 391 394 396 400 401 402 403 404 405 407 408 409 410 412 416 418
33 353 355 358 359 360 362 363 364 366 373 375 376 382 384 388 390 391 392 393 394 396 399 400 401 402 403 404 405 406 411 414 415 416
23 353 354 360 365 369 372 375 376 377 378 381 382 386 388 394 398 399 403 404 408 413 415 418
32 354 355 357 360 361 364 365 366 368 369 374 378 379 380 381 382 384 385 391 392 395 397 399 401 402 407 408 410 411 413 414 417
45 353 356 357 361 362 363 364 365 366 367 369 370 373 374 375 376 377 378 380 381 386 387 388 389 390 391 396 397 398 399 400 401 402 403 404 405 406 407 410 411 412 415 416 417 419
21 352 354 356 358 359 365 367 375 382 384 387 388 391 393 400 402 409 411 412 415 419
39 352 353 354 356 359 361 365 367 370 371 372 373 374 375 382 385 386 387 388 389 391 395 396 397 399 400 401 402 404 406 407 408 410 412 414 415 416 417 418
28 354 355 356 358 363 364 365 369 371 372 373 381 382 384 385 389 390 394 400 402 403 404 407 410 413 415 416 418
45 352 353 354 358 360 362 363 365 366 367 369 370 371 374 375 376 377 378 379 380 381 385 386 387 388 389 390 391 393 394 395 396 397 399 400 401 402 403 406 408 409 411 413 414 415
27 352 357 361 368 370 372 373 377 378 381 382 387 389 391 395 397 399 401 405 408 410 411 413 414 415 417 418
22 352 358 361 364 366 368 370 374 384 386 389 391 392 403 404 405 407 412 415 416 417 419
35 352 356 358 362 363 366 367 368 371 373 374 375 379 381 386 387 389 391 392 394 395 397 398 401 402 403 404 405 406 407 409 410 411 415 417
36 352 353 357 358 359 362 366 367 368 369 372 376 378 380 382 383 384 385 388 389 392 393 396 397 398 399 405 406 408 410 412 413 414 416 418 419
36 352 353 356 357 358 359 360 362 363 366 367 368 370 373 374 375 376 377 381 383 385 387 389 390 394 398 404 406 408 410 411 414 415 416 417 419
38 352 353 357 358 359 360 362 364 365 366 368 374 376 377 379 382 383 385 386 388 389 390 391 393 394 395 397 400 404 405 406 409 410 411 414 415 418 419
34 354 356 357 361 362 363 364 367 369 371 372 373 374 377 380 381 383 384 388 390 393 394 395 399 401 404 407 410 414 415 416 417 418 419
33 353 355 356 357 358 359 360 363 366 368 371 372 377 380 381 384 386 389 391 392 394 395 396 398 400 401 402 403 405 406 411 414 419
34 354 356 357 358 359 363 365 366 367 371 372 374 376 377 378 380 383 384 385 386 389 394 398 399 403 405 406 407 410 411 413 416 417 419
36 352 355 357 358 360 361 362 363 367 368 369 370 373 374 378 379 381 384 387 389 390 391 394 395 397 400 402 403 405 408 409 410 413 414 417 418
37 352 353 354 355 356 357 359 360 362 364 367 368 369 371 376 377 378 379 380 381 382 387 388 390 394 395 396 397 399 401 403 404 405 410 412 413 419
30 354 356 357 360 361 362 364 365 368 371 375 376 378 379 381 388 390 391 392 394 396 397 400 405 409 410 411 413 415 419
41 352 353 355 359 361 362 363 364 365 368 369 372 374 376 377 378 379 381 382 384 385 386 387 389 390 391 395 398 401 403 404 406 407 408 409 410 411 412 414 417 418
40 354 355 356 357 359 360 361 363 365 366 367 368 369 373 375 376 382 383 385 386 387 388 389 391 393 394 395 396 397 398 399 401 402 403 405 406 409 411 414 419
36 353 356 358 361 366 367 369 370 372 373 375 376 377 379 380 381 382 383 384 387 389 390 392 393 394 397 398 401 402 403 407 408 410 416 417 419
37 352 355 356 358 362 365 366 367 370 372 375 376 377 381 382 383 384 387 388 390 392 393 394 396 398 400 403 404 406 408 410 413 414 416 417 418 419
26 353 355 362 363 366 367 370 374 380 384 387 388 389 392 393 394 399 403 406 407 413 414 415 417 418 419
33 353 354 355 362 364 365 371 373 377 378 379 381 383 386 387 390 393 394 396 397 399 400 401 402 403 405 409 410 411 412 413 417 419
36 354 357 360 361 363 365 367 368 370 371 372 373 375 377 378 379 380 381 382 384 386 388 389 390 394 395 396 397 401 402 404 409 412 413 415 417
35 355 356 358 362 364 365 370 372 373 374 375 377 378 379 384 385 387 389 390 391 392 394 395 398 399 400 401 403 405 406 408 412 417 418 419
45 352 353 354 355 356 357 358 359 360 362 363 364 365 366 367 371 372 373 374 378 382 384 386 387 388 389 393 396 397 398 400 401 402 403 404 405 408 409 410 411 413 414 416 417 419
33 355 358 360 362 364 366 367 368 369 370 373 374 375 376 377 378 379 383 386 387 388 390 393 395 403 404 409 410 411 413 414 417 418
31 353 357 358 361 363 366 368 369 371 373 374 375 378 379 382 386 388 389 391 393 394 399 404 405 408 409 410 412 413 417 419
41 356 357 358 359 360 361 362 364 366 369 370 371 373 374 377 379 381 384 385 390 391 393 394 395 396 397 398 399 400 401 402 404 407 408 409 411 412 413 416 417 418
31 353 357 358 359 360 361 362 364 367 368 371 374 378 380 385 386 387 389 390 391 392 394 395 402 405 409 412 415 416 417 419
31 352 354 355 357 359 360 362 365 368 369 370 373 379 380 381 382 385 387 389 390 392 396 398 400 404 406 407 408 410 412 414
40 352 354 355 356 357 358 361 362 365 366 369 372 374 375 376 377 378 379 382 383 384 386 387 392 394 396 397 400 401 404 406 407 408 409 411 412 413 415 416 419
30 352 353 355 356 359 362 363 368 370 371 372 377 380 384 386 389 390 392 395 396 398 400 403 406 408 411 413 417 418 419
30 356 358 359 360 362 363 365 366 367 378 379 382 383 384 388 390 392 398 400 401 403 408 409 411 413 414 416 417 418 419
40 352 354 357 358 359 360 361 362 363 365 366 367 370 373 374 375 376 379 383 385 386 387 388 389 393 394 395 396 397 399 400 402 403 404 405 408 409 410 417 418
39 352 353 354 355 356 357 358 360 362 364 365 368 369 371 373 374 375 377 379 380 381 384 389 390 391 393 395 396 397 398 400 401 405 406 407 408 412 415 416
42 352 354 355 356 358 361 362 364 365 366 367 368 369 373 375 377 378 380 382 383 384 385 386 388 391 392 393 394 395 396 398 400 401 403 404 410 412 413 414 415 417 418
40 353 354 357 358 360 361 362 363 367 368 369 370 374 375 377 378 379 381 384 387 388 389 390 392 393 395 396 397 398 399 402 404 409 410 411 412 413 415 417 419
36 354 355 356 358 359 361 363 364 365 367 369 370 375 376 377 378 379 382 383 384 385 386 387 388 389 394 395 396 397 402 407 411 412 414 417 419
35 352 357 362 363 364 365 366 369 370 371 372 374 378 380 384 385 387 389 390 391 393 394 395 396 398 401 402 403 406 407 408 410 411 417 418
41 352 353 354 355 356 358 359 361 362 365 366 368 370 371 375 376 379 380 381 386 387 389 390 391 392 394 395 397 398 399 401 404 407 408 409 411 412 414 415 416 419
38 355 356 357 358 362 365 366 368 371 373 374 375 377 378 380 382 383 385 386 388 389 391 392 393 398 400 406 408 409 411 412 413 414 415 416 417 418 419
44 352 353 356 358 359 361 362 363 365 366 368 369 370 373 377 378 380 381 382 383 384 386 389 392 393 394 396 398 399 401 402 403 405 406 407 408 409 410 411 414 415 416 417 419
40 352 353 354 356 357 358 359 361 362 363 365 367 368 371 374 375 377 378 379 384 386 387 388 389 391 392 393 394 395 396 397 399 400 402 406 407 408 411 413 416
36 352 353 357 358 363 364 366 368 369 370 374 377 379 381 382 383 385 386 387 388 390 391 394 395 396 397 398 399 401 402 403 406 415 416 417 419
42 353 354 355 357 358 359 360 361 363 364 365 366 369 371 372 373 374 376 382 386 389 390 391 394 395 396 397 398 399 400 401 404 405 406 408 410 411 412 413 414 416 419
43 352 354 357 358 359 360 361 364 365 366 368 369 371 373 374 379 380 381 382 383 384 385 386 388 389 390 392 393 394 397 398 400 401 402 404 405 406 409 410 412 415 416 417
42 352 353 354 357 358 359 360 361 362 363 364 367 369 371 372 373 376 377 380 382 384 388 389 391 395 396 397 399 400 402 403 407 408 409 411 412 413 414 415 417 418 419
44 420 423 424 425 426 427 428 432 433 437 438 439 442 443 445 447 448 450 451 452 454 455 457 461 462 463 464 468 469 473 478 479 481 484 485 486 488 489 490 491 492 494 495 496
30 425 426 430 436 449 450 451 453 454 455 458 459 460 461 464 465 470 472 473 475 476 481 482 483 484 485 487 490 495 496
26 423 426 428 429 432 433 434 437 440 446 454 456 461 463 472 474 477 478 482 485 490 491 492 493 495 496
8 425 434 435 475 477 486 487 489
15 423 427 429 431 435 437 439 440 446 448 457 467 469 477 489
20 428 430 432 434 436 438 444 447 450 457 458 459 463 467 468 470 471 474 484 490
23 420 421 422 423 430 433 439 442 445 449 454 458 465 466 467 470 472 478 482 488 491 494 496
25 420 422 424 429 430 432 433 434 438 441 447 456 457 462 468 469 470 475 476 479 481 486 491 494 495
29 420 422 430 431 436 438 440 441 442 443 446 447 449 451 452 456 458 464 466 467 470 472 475 476 480 481 484 486 495
26 429 430 432 437 442 446 448 449 450 454 455 460 461 462 463 465 466 468 475 477 478 481 482 484 487 495
45 420 421 422 424 425 426 427 429 430 432 435 436 439 440 442 443 444 445 446 451 452 453 455 457 458 459 461 464 466 468 469 471 473 474 477 478 480 481 483 485 486 489 490 494 495
25 420 427 429 431 433 440 444 445 447 449 451 453 456 460 462 464 468 471 473 480 485 488 492 494 496
12 425 444 448 455 459 465 470 477 482 483 485 493
32 427 432 436 439 440 441 444 445 446 447 452 454 455 457 459 460 461 464 465 466 468 469 474 475 477 479 482 487 488 489 492 493
32 420 421 422 424 428 432 433 434 438 441 442 443 444 445 447 452 456 462 463 466 468 471 474 478 479 480 486 488 491 492 493 494
32 420 421 422 423 425 426 429 439 440 448 449 451 453 455 460 464 466 469 473 476 477 478 479 480 481 483 485 486 487 491 495 496
22 429 430 434 436 441 443 452 459 460 461 466 469 470 471 474 475 480 485 489 490 493 494
26 422 425 426 428 429 434 437 439 440 442 444 445 446 447 448 451 460 465 475 477 482 486 487 488 490 492
21 425 426 427 430 431 433 437 439 450 452 454 455 456 460 472 473 474 475 481 484 495
52 421 422 423 424 425 426 428 430 432 434 435 436 437 438 439 441 442 443 446 448 450 452 454 455 457 458 459 461 463 465 466 467 469 470 472 474 475 476 477 478 479 481 482 483 484 486 487 489 490 491 493 495
17 420 421 425 433 434 438 445 452 459 461 466 469 472 482 486 490 492
37 420 422 425 427 429 431 432 433 436 438 440 443 444 445 448 449 451 452 454 455 456 457 459 461 463 469 470 472 473 479 482 485 488 489 492 493 495
41 420 422 423 424 425 428 429 430 431 432 434 440 442 447 448 449 454 456 457 458 464 465 466 468 472 474 476 477 480 483 484 485 486 487 489 490 491 493 494 495 496
15 421 424 436 443 460 462 465 469 470 471 476 480 481 486 487
33 421 422 429 430 431 434 435 436 440 441 444 446 449 453 456 458 459 460 465 466 467 470 471 472 474 475 476 477 480 482 483 487 493
20 424 429 430 439 440 441 447 448 449 454 462 463 465 471 476 485 487 489 491 493
17 422 426 427 437 444 446 453 455 457 467 473 477 478 479 483 488 495
32 424 425 426 429 430 431 432 433 435 436 439 440 442 443 449 452 462 465 467 468 470 472 477 478 479 481 484 487 490 492 493 495
12 420 434 438 441 445 453 458 461 462 465 480 492
22 422 426 427 433 448 450 453 454 459 461 465 469 471 473 475 476 478 479 487 494 495 496
13 421 423 428 433 442 454 456 467 472 477 486 487 488
18 420 421 429 430 435 442 450 451 453 456 472 478 480 481 484 494 495 496
23 423 428 431 432 435 436 442 443 450 451 456 458 460 464 468 470 474 475 480 481 484 494 496
38 420 423 424 425 428 431 432 434 436 437 438 440 441 442 443 445 448 449 451 454 459 460 461 462 465 469 472 473 474 476 478 482 486 489 490 494 495 496
18 420 425 427 438 439 442 444 448 450 453 457 458 459 464 467 468 479 484
24 428 435 442 443 444 447 449 457 459 464 466 468 476 477 478 479 482 485 486 487 489 490 494 496
32 421 426 427 428 431 435 436 437 439 442 446 448 449 450 452 454 455 459 461 464 465 474 478 480 484 485 487 488 490 492 493 496
15 431 433 434 447 450 454 456 460 462 475 476 482 484 492 493
39 421 422 426 427 429 430 433 435 439 444 446 447 450 452 453 455 456 457 458 463 464 466 467 468 470 471 475 477 479 480 481 483 484 485 487 488 491 492 493
48 421 423 424 425 426 427 428 429 432 433 434 435 437 439 444 445 448 450 453 454 455 457 459 460 461 462 463 465 468 469 471 473 474 477 478 479 482 483 485 487 488 489 490 491 492 493 494 496
45 420 421 422 423 427 428 434 437 438 441 444 445 446 447 448 450 451 453 454 455 456 457 458 459 460 461 463 464 466 469 471 473 474 475 476 480 482 483 485 486 488 489 491 494 496
18 422 430 431 435 441 445 447 449 451 452 455 466 473 475 483 488 489 494
40 421 423 424 426 428 430 434 435 437 439 441 442 446 447 450 453 458 460 462 464 465 466 467 468 471 474 475 476 477 478 480 481 483 484 486 487 490 491 494 496
13 426 429 430 433 437 441 448 452 461 466 467 492 494
8 425 429 443 466 475 476 480 482
28 420 421 422 424 427 431 436 444 446 447 450 454 456 458 459 460 463 468 470 471 472 477 478 481 482 485 486 488
36 423 425 428 432 434 435 438 439 440 442 443 445 449 451 453 455 457 462 464 465 469 473 474 475 476 479 480 483 484 487 489 490 491 493 495 496
25 424 427 431 433 435 437 441 442 443 445 446 452 454 456 461 462 465 472 475 482 488 489 492 493 494
22 425 426 427 431 437 438 439 440 445 449 450 453 457 458 462 478 479 481 482 483 492 496
29 421 424 427 431 436 441 443 452 455 456 457 458 459 463 466 468 470 471 472 473 474 478 479 481 483 489 491 493 496
23 423 424 425 436 437 438 442 447 449 464 468 469 470 472 474 478 481 483 486 487 488 490 494
20 420 422 424 432 435 444 446 447 448 451 455 463 464 465 468 473 476 484 491 495
20 421 422 423 424 429 432 436 440 446 448 451 463 467 469 470 471 483 488 491 493
20 423 425 440 443 444 445 451 453 458 460 463 466 467 471 472 473 477 482 483 489
22 420 423 430 432 433 435 438 449 450 453 454 461 462 464 467 469 476 480 484 485 494 495
11 422 423 428 435 439 442 451 452 473 480 490
46 424 426 427 428 429 431 432 436 437 438 440 441 443 444 446 447 448 450 451 452 453 455 456 457 459 460 461 462 463 464 468 469 471 473 474 476 479 480 481 483 484 485 490 492 493 495
17 423 428 437 438 441 448 449 463 465 467 470 472 479 487 488 491 496
24 423 428 435 437 438 441 444 446 448 449 450 453 456 459 461 463 469 473 478 486 487 491 495 496
44 420 421 427 428 429 430 431 436 437 438 439 442 445 447 448 451 452 453 454 455 456 457 460 461 462 463 464 468 469 471 473 474 476 477 479 480 481 483 484 485 490 492 493 494
18 426 433 436 438 440 444 445 447 451 453 456 458 464 471 476 486 490 493
19 420 421 422 423 425 428 431 435 441 467 469 470 472 473 479 480 488 489 494
14 424 427 434 439 443 452 457 459 474 483 485 491 492 496
55 420 421 423 424 425 428 429 430 431 432 434 435 436 437 438 439 440 441 442 443 444 445 446 447 449 451 452 455 456 457 458 460 462 463 464 466 467 468 470 472 474 477 480 481 482 483 484 485 486 488 489 490 491 492 493
23 421 422 430 432 434 436 439 445 452 454 460 462 464 468 471 472 477 481 484 489 490 492 493
27 422 423 424 425 426 428 431 433 434 437 438 443 448 449 458 462 463 467 470 471 473 476 483 485 486 490 491
22 420 424 426 427 431 433 440 442 447 451 455 457 458 465 467 470 474 479 483 485 488 494
54 420 421 422 426 427 428 429 430 431 432 433 434 435 439 440 441 443 444 445 446 448 450 451 452 453 454 455 456 457 458 459 460 461 462 463 465 466 467 471 473 475 476 477 479 480 482 484 485 489 491 492 493 495 496
36 421 426 427 433 435 436 437 438 439 441 443 444 445 446 450 451 452 453 455 459 460 461 462 463 467 469 470 471 473 475 478 479 481 482 488 492
36 420 421 424 427 430 433 436 440 443 445 446 447 450 453 454 456 457 462 463 466 467 468 471 474 475 476 478 481 484 486 488 489 492 494 495 496
33 422 423 424 425 426 432 433 434 435 440 441 443 444 446 449 450 458 459 465 466 467 470 472 475 478 482 486 487 488 489 491 495 496
18 426 429 431 432 434 437 438 441 449 458 460 461 464 469 472 479 487 491
20 420 422 423 424 428 449 454 458 466 474 477 480 483 484 486 489 490 491 494 495
19 426 427 428 431 435 439 442 450 452 454 455 461 464 474 480 484 485 487 493
19 429 430 432 437 446 449 454 455 460 461 462 465 468 475 478 481 484 487 495
21 427 429 431 432 436 438 440 449 452 455 456 461 463 470 472 473 479 485 488 489 495
27 421 426 427 435 436 437 439 443 444 445 446 450 451 455 460 461 463 467 469 471 473 478 479 481 482 488 492
29 421 423 424 425 426 428 430 432 434 439 441 442 450 452 454 458 459 465 470 472 474 475 476 477 478 479 486 487 493
30 421 422 426 427 429 433 435 439 444 446 447 450 452 453 457 458 463 464 466 467 468 470 475 477 480 483 484 485 488 493
23 421 429 430 439 447 450 452 453 455 456 458 468 470 475 477 479 480 481 483 484 487 491 492
20 421 424 431 436 455 456 458 459 463 466 470 472 473 474 479 483 489 491 493 496
13 424 429 430 439 440 448 449 462 463 465 487 491 493
13 426 429 432 437 438 449 458 460 464 469 472 479 487
27 420 427 429 430 436 439 442 445 447 448 451 454 455 456 460 461 462 463 464 468 469 471 476 477 484 485 494
19 420 422 430 431 436 438 440 443 446 449 451 452 458 470 472 475 476 486 495
21 427 436 439 440 445 447 452 454 455 457 459 460 464 465 468 474 475 477 487 489 492
15 420 429 431 440 453 456 460 462 468 471 473 480 485 488 496
18 426 428 429 434 439 440 442 444 445 446 451 465 477 482 487 488 490 492
16 420 424 426 427 433 440 442 447 451 458 465 470 474 479 483 488
10 423 425 440 451 453 460 472 473 477 482
29 420 423 425 428 431 432 436 438 440 441 442 443 445 448 449 451 460 461 462 469 473 474 476 482 489 490 494 495 496
34 420 423 424 426 427 428 437 438 439 442 443 445 447 450 451 452 454 457 462 463 464 468 473 478 479 481 484 486 488 489 490 492 494 495
15 420 425 438 439 442 444 448 450 453 457 458 459 467 468 484
17 428 435 438 441 448 449 456 459 461 463 469 473 478 486 487 491 495
22 420 421 422 424 429 430 439 440 443 452 455 457 459 464 466 473 477 480 483 489 494 495
30 423 425 429 430 431 434 436 437 439 443 445 449 452 458 460 466 467 468 470 474 477 480 482 483 484 485 486 489 491 493
13 422 427 437 444 446 453 467 473 477 478 479 483 488
19 422 423 424 431 434 438 443 448 449 463 467 470 471 473 476 483 485 490 491
9 421 428 433 454 456 467 472 477 488
15 428 434 436 438 444 450 457 458 463 467 468 470 471 474 490
8 424 436 462 465 480 481 486 487
11 422 426 427 444 453 455 457 473 477 483 488
13 421 422 430 445 452 454 460 477 481 484 489 490 492
11 422 450 453 454 461 465 469 473 476 478 487
13 421 424 436 443 462 465 469 470 471 476 481 486 487
10 433 436 440 444 445 451 458 464 471 490
17 425 426 427 438 439 440 445 449 450 453 457 458 462 478 481 482 496
14 426 428 439 440 442 444 445 446 447 460 465 482 487 490
8 420 433 434 461 466 482 490 492
19 428 437 438 444 446 448 449 450 453 456 459 461 463 473 478 486 487 491 495
18 422 432 434 436 439 452 454 460 462 468 471 472 477 481 484 490 492 493
11 423 437 449 463 465 467 479 487 488 491 496
15 422 423 424 429 432 436 440 446 463 467 469 470 471 491 493
10 422 426 427 444 457 467 477 478 488 495
21 423 425 431 432 436 437 438 440 442 443 449 451 454 459 461 462 465 482 486 494 495
15 425 426 430 436 449 453 454 459 461 472 475 476 485 490 496
6 422 439 442 451 473 480
18 422 430 436 438 440 441 442 443 446 447 451 456 467 470 480 481 484 495
11 426 431 434 437 438 458 461 469 479 487 491
23 421 422 423 426 429 439 448 449 451 453 455 469 473 476 478 480 481 483 485 486 487 491 496
16 422 425 428 429 434 439 440 444 448 451 460 475 477 486 487 492
16 424 433 435 441 445 446 452 454 456 462 465 472 475 489 492 494
17 425 428 434 437 439 440 444 445 446 447 448 460 465 475 482 486 490
29 422 423 424 425 426 432 433 440 441 443 444 446 449 450 459 465 466 467 470 475 478 482 486 487 488 489 491 495 496
26 423 426 428 430 436 438 441 442 443 446 450 454 459 461 466 467 472 474 475 478 482 484 486 489 490 495
23 422 424 428 433 438 441 442 443 444 445 447 452 462 463 466 468 471 478 480 488 492 493 494
14 423 425 426 428 431 437 438 443 448 470 473 485 490 491
26 420 421 422 423 425 440 448 449 451 453 455 460 464 466 469 476 477 478 481 483 485 486 487 491 495 496
20 422 430 432 436 439 445 452 454 460 462 464 468 471 472 477 481 484 489 492 493
16 421 422 424 429 432 436 440 448 451 463 467 469 470 471 488 491
28 424 426 427 428 436 437 438 444 447 448 450 453 456 457 459 460 463 468 469 471 474 476 481 484 485 490 492 495
21 421 427 431 436 444 447 450 458 459 460 468 470 471 472 477 478 481 482 485 486 488
5 434 475 477 487 489
5 434 475 486 487 489
13 426 436 438 440 445 447 451 456 458 471 476 490 493
17 420 427 429 431 433 440 444 445 447 451 453 460 468 471 485 492 496
26 425 428 432 434 438 439 442 449 451 453 457 462 464 465 469 473 475 476 480 483 484 489 490 493 495 496
29 423 424 426 428 430 434 435 439 446 447 450 453 458 460 462 465 466 467 468 471 474 476 481 486 487 490 491 494 496
28 420 423 424 425 427 428 432 437 445 448 451 454 455 457 461 462 464 468 469 473 478 479 481 484 485 489 490 491
40 420 421 422 426 427 428 429 433 434 435 439 441 443 444 445 446 448 450 451 454 455 456 458 459 461 463 465 466 467 475 477 479 482 484 485 489 492 493 495 496
33 420 422 423 429 430 431 432 434 440 447 448 449 454 456 457 458 464 465 466 472 476 477 480 483 484 485 486 487 490 493 494 495 496
24 425 426 430 436 449 450 453 454 458 459 464 465 470 472 475 476 481 482 483 484 485 487 495 496
17 420 422 435 444 446 447 448 451 463 464 465 468 473 476 484 491 495
20 423 428 432 433 437 440 446 454 456 461 463 472 474 478 482 491 492 493 495 496
21 422 423 425 426 428 433 434 438 443 449 458 463 467 470 471 473 476 483 485 490 491
11 422 426 427 446 453 467 477 478 483 488 495
10 441 447 449 451 452 455 466 473 475 488
22 420 425 428 431 434 436 440 442 448 454 459 460 462 465 469 472 473 474 476 478 482 495
30 420 421 423 424 429 434 435 436 439 440 441 442 443 444 449 455 457 458 460 463 468 472 477 480 481 482 483 486 491 492
15 423 428 431 432 435 443 450 464 468 470 475 480 481 484 494
9 423 428 439 442 451 452 473 480 490
7 420 438 441 458 462 480 492
7 422 435 442 452 473 480 490
34 421 424 426 427 433 434 435 437 439 444 445 448 453 454 455 457 459 460 462 463 465 468 469 473 474 477 478 479 482 485 487 491 492 493
19 422 429 430 431 435 436 441 444 446 453 456 458 460 466 471 472 475 480 493
24 424 425 426 428 437 438 439 442 443 448 451 452 455 457 461 462 463 468 469 473 485 486 492 494
16 421 422 423 433 439 442 445 454 465 466 467 470 482 488 491 496
26 424 426 428 430 435 439 442 446 447 450 453 458 460 462 466 467 471 478 480 481 483 487 490 491 494 496
24 427 432 440 441 444 446 447 452 454 455 457 460 464 465 466 468 469 474 475 477 487 489 492 493
20 425 432 434 435 439 440 445 451 455 457 462 465 469 476 479 480 483 484 487 493
41 421 423 424 426 428 430 432 434 435 436 438 441 442 443 446 448 450 452 458 459 465 466 467 469 470 472 474 475 476 477 478 479 482 483 484 486 487 489 490 493 495
21 427 429 431 433 440 444 447 449 451 453 456 460 462 464 468 471 480 485 488 492 494
15 435 437 441 444 446 449 450 456 459 461 463 469 473 478 487
5 429 466 476 480 482
19 420 424 426 427 431 433 440 442 447 451 455 457 458 465 467 470 479 483 494
15 422 431 435 441 445 447 449 451 452 455 473 475 483 488 489
7 427 434 439 443 452 483 485
17 426 427 431 437 439 445 449 450 453 458 462 478 481 482 483 492 496
12 429 430 442 450 451 453 456 472 478 481 484 495
18 430 449 451 458 459 464 465 472 473 475 476 481 482 483 485 487 490 495
14 422 429 433 438 447 456 462 470 475 476 481 486 494 495
35 422 423 424 425 428 432 434 435 438 439 441 443 446 454 455 457 458 459 461 467 469 470 472 474 475 477 479 481 482 484 487 490 491 493 495
13 428 435 443 444 457 464 468 477 479 482 489 490 494
12 425 426 427 431 439 449 453 462 478 479 482 496
12 429 434 436 443 452 459 461 470 474 480 485 490
11 431 433 447 450 454 456 462 475 476 492 493
19 422 425 426 428 429 434 437 439 440 442 444 447 465 477 486 487 488 490 492
18 423 430 433 435 438 449 450 453 454 461 464 469 476 480 484 485 494 495
19 421 427 433 437 439 441 443 445 450 459 460 461 462 463 470 478 479 481 482
17 429 430 437 446 448 449 454 460 461 462 463 465 468 475 478 481 495
29 420 422 425 427 429 431 432 433 436 440 443 445 448 451 455 456 457 459 463 469 473 479 482 485 488 489 492 493 495
13 423 428 437 441 449 463 465 467 470 472 479 488 496
21 420 421 424 428 434 438 443 445 447 452 456 468 474 478 479 480 486 491 492 493 494
12 422 426 427 444 446 453 455 457 467 473 483 488
13 425 427 430 439 452 454 455 460 473 474 475 484 495
21 421 424 427 431 436 455 456 457 458 463 466 471 472 473 474 478 479 481 489 491 496
25 420 422 423 424 429 430 431 432 434 442 447 449 457 458 466 468 472 476 477 480 484 487 490 493 495
10 420 421 433 445 452 461 466 482 490 492
40 422 423 424 425 426 428 430 434 435 436 437 438 439 441 442 446 454 457 458 459 461 465 467 469 470 472 474 476 477 478 481 482 483 486 487 489 490 491 493 495
17 424 429 439 440 441 447 448 449 454 462 463 465 471 476 485 489 491
11 421 435 442 451 453 472 478 480 484 494 495
31 422 423 427 428 434 437 444 445 448 450 451 453 454 455 456 457 458 460 461 463 464 469 471 475 476 482 483 485 486 488 491
11 426 429 430 433 437 448 452 461 467 492 494
31 421 422 426 427 429 430 433 435 439 444 446 452 455 456 458 463 464 466 467 468 471 475 477 479 480 481 483 485 487 488 493
4 429 443 466 482
44 420 422 426 427 428 430 432 433 434 435 439 440 441 443 444 446 450 451 452 453 454 455 456 458 459 460 461 462 463 466 467 471 473 476 479 480 482 484 489 491 492 493 495 496
38 420 421 427 429 430 431 436 437 438 439 442 445 447 448 451 453 454 456 457 460 461 462 463 464 468 469 471 473 474 476 477 481 483 484 485 490 492 494
24 421 422 428 441 444 446 447 450 451 454 457 458 459 460 461 466 473 474 476 480 482 485 491 494
6 423 428 435 442 451 473
15 423 428 437 441 448 463 465 467 470 472 479 487 488 491 496
12 421 429 430 442 451 453 456 472 480 494 495 496
23 426 430 436 449 450 451 453 454 455 459 460 461 464 465 475 476 481 482 484 485 487 495 496
19 420 426 427 431 433 442 447 455 457 458 465 467 470 474 479 483 485 488 494
18 430 434 436 441 443 452 459 460 461 466 469 471 475 480 485 489 490 494
14 426 427 431 437 438 439 450 453 457 478 482 483 492 496
26 420 423 424 425 428 431 432 434 436 440 441 442 443 445 448 451 459 461 462 469 472 473 482 486 494 496
26 421 424 427 431 436 443 452 455 456 457 458 463 466 468 470 471 472 473 474 478 479 481 489 491 493 496
15 423 425 440 443 451 453 460 463 471 472 473 477 482 483 489
21 421 427 431 436 441 443 452 456 457 458 459 466 472 473 474 478 479 481 483 489 491
15 428 430 432 434 444 447 450 457 458 459 468 470 474 484 490
34 421 422 429 430 433 435 439 444 446 447 450 452 453 455 456 457 458 463 464 466 467 468 470 477 480 481 483 484 485 487 488 491 492 493
8 423 438 441 449 470 487 488 491
12 429 436 441 459 460 469 470 471 474 475 485 494
15 421 422 432 434 439 452 462 464 468 471 481 489 490 492 493
13 420 425 427 439 444 450 453 457 458 464 467 468 479
10 421 443 460 462 469 470 471 480 486 487
13 420 421 422 423 433 442 445 465 466 470 482 494 496
16 422 424 429 430 432 434 441 447 468 469 475 476 479 481 486 495
14 425 426 430 431 433 439 450 452 454 460 472 474 484 495
43 420 421 423 424 428 429 430 431 432 435 437 439 440 441 442 443 444 446 449 451 452 455 457 458 463 464 466 467 468 470 472 474 477 481 482 483 484 486 488 489 490 491 493
25 421 426 427 433 435 436 438 439 443 444 445 446 450 451 452 459 460 463 467 469 470 471 482 488 492
9 422 423 428 435 442 451 452 473 480
7 425 429 443 466 476 480 482
30 421 426 427 435 436 437 438 439 441 443 445 446 450 451 452 453 455 459 460 461 462 469 470 471 473 478 479 481 482 488
10 421 425 433 438 459 469 472 482 486 492
13 423 428 437 438 441 448 463 467 472 479 487 491 496
11 422 427 444 446 453 455 477 478 479 488 495
9 434 438 441 453 458 461 465 480 492
10 423 427 429 431 437 439 440 467 469 477
12 428 430 434 438 444 447 450 457 463 467 470 471
11 425 426 433 437 439 452 456 460 472 474 475
16 420 423 430 433 435 449 450 453 454 467 469 476 484 485 494 495
10 440 444 460 463 467 471 472 473 482 483
14 421 423 424 432 440 451 463 467 469 470 483 488 491 493
11 426 433 450 453 459 465 469 475 476 478 494
7 444 448 459 470 482 485 493
9 426 429 434 441 460 461 464 479 491
5 425 429 443 476 482
15 423 429 432 436 440 448 451 463 467 469 470 471 483 488 493
21 424 427 436 440 443 446 450 457 462 463 468 475 476 478 481 484 486 488 489 494 496
12 423 428 431 435 450 451 456 460 468 470 494 496
8 425 444 459 470 477 483 485 493
18 428 443 444 447 449 457 464 466 468 477 478 479 482 485 486 487 490 494
15 426 429 431 434 437 438 449 458 460 461 464 469 472 487 491
28 421 423 424 428 434 435 437 439 442 446 450 453 458 460 465 466 474 475 476 477 478 480 481 484 486 490 494 496
7 422 428 439 442 452 473 480
12 420 427 431 442 447 455 465 467 479 485 488 494
24 422 423 434 437 441 446 450 451 453 456 457 459 463 466 469 473 474 475 480 482 485 488 491 494
14 420 421 425 433 434 438 452 459 461 469 472 482 486 490
10 422 427 437 444 446 453 457 477 478 479
35 420 421 424 425 428 430 431 434 438 440 441 442 443 446 447 452 455 457 458 460 462 464 466 467 470 474 480 482 483 485 486 489 490 491 493
24 420 421 422 424 427 436 440 443 444 445 446 452 455 461 466 468 469 473 480 481 483 489 494 495
35 421 423 424 426 430 434 435 437 441 442 446 447 450 453 458 460 462 464 465 466 467 468 471 474 475 476 477 478 480 481 483 486 487 494 496
6 425 429 443 466 476 482
30 421 422 426 427 430 433 435 439 444 446 447 452 453 455 456 457 458 463 467 468 470 471 477 479 480 485 487 488 492 493
40 421 424 425 426 427 428 429 432 433 434 435 439 444 445 448 450 454 455 457 459 460 461 465 468 469 471 473 474 478 479 482 485 487 488 489 490 491 492 493 494
7 423 428 442 472 477 487 488
26 426 428 431 432 436 438 440 441 443 444 447 448 450 451 452 457 459 471 479 480 481 485 490 492 493 495
28 420 421 422 424 428 432 433 434 438 441 442 443 444 452 456 462 463 466 468 471 474 478 479 480 486 491 492 493
8 421 433 442 454 467 472 477 486
30 425 428 432 434 438 439 440 442 443 445 449 451 453 455 462 464 465 473 474 475 476 479 480 484 487 489 490 491 493 496
15 423 424 425 447 449 468 472 474 478 481 486 487 488 490 494
26 421 427 428 431 435 436 437 439 442 446 449 450 452 454 459 461 464 478 480 484 485 487 488 492 493 496
24 420 422 424 427 431 444 446 447 450 454 456 459 460 463 468 470 471 472 477 478 481 482 485 486
11 423 427 429 437 439 446 448 457 467 469 489
33 421 422 423 425 432 435 436 437 439 441 442 443 446 448 450 452 454 455 458 459 469 470 472 479 481 483 486 487 489 490 491 493 495
12 427 429 431 440 445 453 462 468 471 473 480 488
18 422 424 426 428 431 434 437 438 443 458 462 470 471 483 485 486 490 491
34 420 424 425 426 427 432 433 437 438 439 442 443 445 447 450 452 455 457 462 464 468 473 478 479 485 486 488 489 490 491 492 494 495 496
26 425 428 434 435 438 439 440 443 449 451 453 457 462 464 465 473 474 476 479 480 483 484 487 490 493 496
11 421 423 433 454 456 467 472 477 486 487 488
10 423 427 429 431 435 439 448 457 477 489
24 424 428 430 434 435 441 442 446 453 462 464 466 467 468 474 476 477 478 480 481 484 486 490 494
20 421 422 430 432 434 436 445 452 454 460 468 471 472 477 481 484 489 490 492 493
21 423 426 428 429 433 434 437 440 446 454 456 461 463 477 478 482 485 490 493 495 496
11 431 433 434 447 454 456 460 475 476 482 493
8 423 431 439 440 448 467 469 477
23 420 429 437 439 442 447 448 454 456 463 468 469 473 474 476 479 480 481 483 484 490 492 494
22 420 427 429 431 433 440 444 445 447 449 453 456 460 462 464 468 471 473 480 488 492 494
38 420 421 422 423 427 428 437 441 444 445 446 447 448 451 453 455 457 458 459 460 461 463 466 469 471 473 474 475 476 480 482 483 485 488 489 491 494 496
6 428 454 477 486 487 488
17 426 427 431 433 440 442 451 455 457 458 465 467 470 479 485 488 494
16 420 429 433 444 445 447 453 456 462 464 473 485 488 492 494 496
39 420 421 427 428 429 431 436 437 438 442 445 447 448 451 452 453 454 455 456 457 460 461 462 464 468 469 471 473 474 476 477 479 480 481 484 490 492 493 494
39 420 421 422 424 425 429 430 435 436 439 442 443 444 445 451 453 455 457 458 459 461 464 466 468 469 471 473 474 477 478 480 481 483 485 486 489 490 494 495
5 425 475 477 487 489
24 423 424 426 430 434 435 439 441 442 458 462 464 466 467 468 471 474 477 478 481 483 484 491 496
22 421 429 431 434 440 441 444 446 449 458 459 465 467 470 471 472 475 476 477 482 487 493
9 420 425 427 438 439 444 448 459 467
28 420 421 428 430 433 440 441 443 444 450 454 455 457 460 462 463 465 467 471 475 477 482 484 485 489 491 492 493
16 431 437 441 442 445 452 454 456 461 465 482 488 489 492 493 494
28 421 423 424 426 434 435 437 439 441 442 446 447 453 458 460 465 468 471 474 477 478 480 481 484 487 490 491 496
11 422 437 444 453 457 467 473 477 479 488 495
20 420 422 430 431 436 438 441 442 443 446 447 449 451 456 458 467 475 480 484 486
35 420 422 423 425 428 429 432 434 440 442 448 449 454 456 457 458 465 466 468 474 476 477 480 483 484 485 486 487 489 490 491 493 494 495 496
15 420 422 424 435 446 447 451 455 463 464 468 473 476 484 495
16 421 424 427 431 436 441 455 457 458 459 470 472 474 478 483 496
9 426 429 432 437 438 449 458 460 461
43 420 421 422 424 425 426 429 432 433 440 443 446 450 451 455 456 458 461 462 465 466 467 468 470 471 472 473 474 475 476 478 479 480 483 484 485 489 490 492 493 494 495 496
29 420 424 428 429 431 432 436 438 440 441 444 446 450 452 454 462 463 467 468 470 471 475 476 478 479 480 483 493 494
33 421 423 424 425 426 428 435 437 441 446 447 449 450 451 455 456 457 463 464 467 470 472 476 477 478 479 481 482 483 486 492 494 495
51 420 421 422 423 424 425 426 427 428 429 430 431 432 433 438 439 440 441 442 443 446 448 449 450 451 452 453 454 457 458 459 460 462 463 465 467 470 471 472 474 478 479 480 482 483 484 485 487 490 492 496
23 420 423 426 429 430 437 442 443 450 453 457 459 464 465 469 470 474 479 480 484 486 487 495
23 420 421 423 428 429 438 440 441 442 443 444 446 454 455 462 463 465 469 475 480 481 484 491
53 420 421 424 426 427 429 430 431 432 435 437 438 439 440 441 442 444 446 447 448 449 450 454 455 456 457 462 463 464 465 466 467 471 472 473 474 475 476 477 479 480 481 482 484 486 487 488 489 490 491 493 495 496
46 420 422 423 424 425 426 428 429 430 431 433 436 438 440 442 443 445 446 447 449 450 451 453 454 456 457 460 462 463 467 468 470 473 474 476 477 480 482 483 485 486 488 489 494 495 496
26 421 423 434 435 437 439 442 446 447 448 452 453 455 459 465 467 468 477 478 486 487 488 490 492 494 495
47 420 421 422 423 424 425 427 428 429 431 434 435 436 440 441 442 443 446 447 451 452 454 458 459 462 463 464 468 470 471 473 474 476 477 478 480 481 483 484 485 487 488 489 491 494 495 496
38 426 428 429 436 437 441 446 451 452 454 455 456 457 459 460 463 464 468 469 470 471 472 474 475 476 477 478 480 482 484 485 487 488 489 491 492 493 496
49 420 423 426 427 428 429 431 432 433 434 438 441 443 447 448 449 450 451 452 454 455 456 459 460 461 462 463 464 465 466 468 469 470 471 472 473 474 477 478 479 481 483 484 486 487 490 492 495 496
35 421 423 425 428 430 434 437 439 440 445 447 449 450 452 453 455 460 463 466 467 468 472 473 475 476 478 481 483 485 486 488 489 492 493 496
25 420 421 426 429 430 431 432 440 450 451 461 468 471 472 475 480 481 483 484 487 489 491 492 494 495
53 420 422 423 424 425 426 427 428 429 431 432 435 436 437 438 439 440 441 442 447 450 451 452 453 455 456 457 459 460 462 463 466 468 469 471 472 473 474 476 479 481 483 484 486 487 488 489 490 491 492 494 495 496
32 422 424 427 432 433 437 442 446 447 448 452 454 459 462 464 466 468 470 473 475 476 477 478 479 483 485 488 491 492 493 494 495
31 421 425 427 430 437 439 440 441 448 454 455 457 464 466 467 468 469 470 475 477 478 479 481 482 483 484 488 489 493 494 496
37 420 424 428 429 430 434 437 439 443 444 447 450 451 452 453 455 456 459 460 464 465 468 469 470 471 472 474 475 476 485 486 487 488 491 492 493 495
37 420 423 424 427 430 432 433 435 436 438 441 442 444 447 448 449 453 454 459 462 463 465 467 468 469 470 471 472 479 483 485 486 488 489 490 491 494
31 421 422 428 430 431 433 434 436 439 440 441 446 447 457 459 460 461 465 466 468 469 474 478 479 481 483 486 487 488 490 491
27 420 421 424 427 428 429 438 439 440 443 448 449 451 458 459 463 465 468 473 474 479 481 482 487 489 492 496
34 420 421 425 426 427 433 434 435 438 439 445 446 447 448 451 455 456 457 460 466 467 470 478 480 481 483 484 485 486 488 490 491 493 496
48 420 422 423 424 426 427 428 429 430 433 437 438 439 440 441 445 446 447 449 451 452 454 455 456 457 458 459 460 462 463 464 471 472 474 475 476 477 478 479 481 482 483 485 487 491 494 495 496
30 420 421 424 429 430 431 433 435 441 446 450 452 457 458 459 461 465 467 471 476 477 481 483 484 485 486 487 488 490 492
45 421 422 425 426 428 429 430 434 435 436 437 438 441 445 447 450 452 454 455 458 459 460 461 462 464 465 467 468 469 471 472 473 474 475 477 480 481 482 483 485 487 489 491 492 493
25 421 422 423 425 427 439 441 442 449 452 455 463 465 468 469 470 472 477 478 479 483 485 487 488 489
26 423 430 434 442 445 449 452 454 455 456 459 461 464 465 467 468 474 477 482 484 486 487 489 490 493 495
34 421 422 423 425 426 427 429 432 434 435 439 440 441 444 446 448 449 451 452 456 460 464 466 467 471 475 477 480 485 486 491 492 495 496
30 422 425 426 427 428 429 431 435 437 439 442 443 444 447 451 456 457 458 459 463 464 466 472 475 480 483 484 488 492 495
30 421 423 424 426 428 429 430 431 432 433 435 437 444 445 446 448 452 457 460 462 463 466 471 475 477 484 486 489 492 496
24 421 423 426 427 428 433 435 436 439 441 446 449 452 453 456 464 465 466 468 476 478 483 485 488
23 424 425 426 433 435 439 450 452 453 454 455 459 461 462 464 466 468 469 474 487 489 492 495
39 420 421 425 427 428 429 430 434 436 438 439 440 441 442 448 452 453 456 459 464 466 469 470 472 473 474 475 478 479 480 483 484 485 486 488 489 491 493 496
37 422 423 424 425 430 435 436 437 438 439 440 442 444 445 447 451 457 458 461 465 466 467 469 470 471 472 476 479 485 486 487 490 491 493 494 495 496
26 420 423 424 425 431 438 442 443 444 445 448 451 453 459 460 462 464 466 467 469 475 487 488 489 490 493
45 420 421 422 424 427 428 430 432 433 435 437 439 440 441 444 445 448 449 450 453 454 456 458 459 461 462 463 464 466 467 470 473 475 476 477 478 479 480 481 484 487 489 492 494 496
33 423 424 426 430 434 436 438 439 440 441 442 445 450 453 455 459 461 463 464 466 468 469 472 477 478 480 481 482 485 486 487 494 496
23 421 423 427 435 436 447 449 456 457 459 463 464 466 470 472 473 474 479 482 485 486 491 494
23 420 423 425 431 435 436 441 444 445 448 449 451 454 455 457 463 473 480 481 488 490 491 492
33 420 423 426 432 435 436 438 439 446 450 451 452 453 456 458 460 461 462 465 469 471 473 475 476 481 484 486 488 489 490 491 493 496
28 423 426 428 430 431 434 435 437 442 444 445 447 450 451 455 464 467 469 476 477 479 482 486 487 489 493 494 496
39 420 424 427 428 431 433 434 435 436 437 439 441 442 443 446 447 450 452 454 455 458 461 462 463 464 465 466 468 472 473 475 480 484 489 490 491 492 493 496
25 422 424 428 430 431 432 433 440 441 444 445 446 449 454 456 457 459 465 466 468 469 475 476 488 493
24 426 430 431 433 438 441 443 448 454 455 458 459 465 469 473 476 484 485 487 488 491 492 494 495
48 420 422 424 425 426 427 428 429 430 431 432 433 435 437 439 440 441 444 445 446 447 448 449 451 453 454 458 459 460 462 463 466 467 469 471 474 475 478 480 482 483 487 488 489 492 493 495 496
50 421 422 425 427 428 430 431 432 433 434 435 436 437 440 441 442 446 447 448 450 451 452 455 457 458 460 461 462 463 464 465 466 470 471 474 475 476 477 478 480 483 485 486 487 488 490 491 494 495 496
33 422 423 424 425 430 432 434 435 436 437 439 441 445 448 452 454 456 458 462 465 466 468 469 472 474 476 479 481 482 487 489 492 493
39 420 421 424 432 433 434 437 438 439 440 441 443 444 445 446 448 449 450 452 454 455 457 459 461 463 464 466 467 470 471 473 476 477 479 481 484 488 491 493
36 421 422 428 429 430 434 437 438 443 444 446 447 450 453 454 455 456 458 462 463 464 467 469 470 474 475 476 477 478 479 480 481 483 488 489 494
49 421 422 426 427 428 429 431 433 434 436 438 439 440 441 443 444 445 447 449 452 455 456 458 459 461 462 466 468 470 471 472 473 474 475 476 478 479 480 481 482 483 484 485 486 488 491 492 495 496
28 423 425 427 429 432 434 436 438 441 445 446 449 451 456 458 459 461 468 469 470 473 477 481 483 484 485 486 487
34 421 422 423 424 425 428 430 431 433 439 440 444 446 448 450 452 455 460 461 462 464 466 468 474 475 476 477 479 481 482 486 488 492 493
48 421 422 423 424 427 430 431 432 433 435 437 438 440 441 442 444 445 446 449 450 451 452 453 456 457 458 459 460 461 462 463 465 466 468 473 474 477 478 479 483 486 487 488 489 490 491 492 493
43 420 421 422 424 425 426 427 428 430 435 436 438 441 443 444 445 446 452 453 454 456 460 461 463 465 467 468 474 476 477 478 479 480 481 482 484 485 488 489 491 493 495 496
35 420 422 423 424 429 434 435 436 438 444 448 452 454 456 458 463 464 465 468 471 472 473 476 479 480 481 483 486 487 489 490 491 493 495 496
39 428 430 431 433 435 436 437 438 440 441 443 445 447 448 449 455 457 458 459 460 461 463 464 467 469 470 471 472 481 483 484 489 490 491 492 493 494 495 496
25 420 432 434 435 436 437 442 444 447 451 453 454 455 456 458 461 465 467 471 473 476 483 484 490 491
30 421 423 428 429 435 437 443 446 449 450 451 454 458 461 463 467 472 473 474 476 480 481 484 485 486 487 488 493 494 496
43 420 422 424 425 426 427 430 432 438 440 441 444 446 447 448 449 450 451 453 455 456 457 458 459 460 461 463 467 469 471 474 475 476 477 479 483 484 485 489 491 494 495 496
23 425 428 432 434 438 443 447 448 449 451 452 454 457 461 464 467 477 479 484 487 492 494 496
25 428 431 433 437 438 441 442 443 445 447 450 451 455 457 461 462 464 466 469 476 477 484 486 488 495
33 420 423 425 429 430 431 432 436 439 440 441 444 447 448 451 452 454 455 456 457 458 461 463 464 466 471 474 476 478 485 486 491 494
45 420 421 422 423 424 425 426 429 433 437 441 442 443 444 446 447 448 449 451 452 454 458 460 462 463 464 466 467 469 470 471 473 475 476 479 484 485 486 488 490 491 492 494 495 496
44 421 425 426 427 430 431 432 433 436 437 438 440 444 445 446 448 449 450 451 453 455 456 458 460 463 468 469 470 471 473 474 476 478 480 481 485 486 487 488 492 493 494 495 496
43 421 422 423 426 427 428 429 431 432 434 436 438 439 443 445 446 447 453 455 456 457 459 460 461 464 467 469 470 472 474 475 478 480 483 484 485 488 489 490 492 494 495 496
44 422 423 424 426 427 429 431 432 433 434 436 438 439 442 443 444 445 446 447 448 449 450 453 456 457 460 461 463 465 466 468 470 473 476 478 479 482 483 484 487 488 491 492 496
42 423 425 427 428 430 431 432 435 436 438 439 440 442 444 445 446 450 451 453 454 456 457 459 461 462 463 465 466 468 469 471 472 473 477 478 481 483 485 486 489 493 494
44 420 424 425 426 427 431 432 433 435 436 438 440 441 442 445 446 448 449 450 451 452 453 456 457 458 459 460 461 463 464 465 466 470 471 475 476 479 482 484 486 487 488 492 496
24 420 428 431 433 434 436 437 439 440 443 447 449 455 459 462 466 467 471 479 484 486 488 490 496
40 420 421 423 425 428 429 435 436 439 440 441 443 446 449 450 451 453 454 456 457 458 459 460 461 462 464 465 468 469 470 475 476 477 478 479 481 488 489 494 496
29 423 424 426 427 428 429 430 432 435 436 439 444 445 448 452 453 457 459 462 463 468 469 471 472 473 476 483 486 495
49 421 423 425 426 427 429 430 431 432 433 434 435 436 438 440 441 443 444 446 447 449 451 453 455 456 458 459 460 461 464 466 467 468 469 470 472 473 474 476 478 479 481 483 484 487 490 493 495 496
39 420 424 425 426 427 428 431 432 436 438 442 445 446 452 455 458 459 460 461 462 465 467 468 470 471 472 473 477 478 482 483 484 486 488 490 491 492 493 495
24 422 424 430 438 439 444 446 449 451 454 455 456 459 462 470 471 476 477 483 485 488 489 490 491
30 425 429 432 434 435 437 440 442 444 445 451 453 456 460 464 465 468 473 476 478 479 480 483 486 489 490 491 493 494 495
35 421 422 425 428 432 433 435 436 439 441 442 444 447 449 451 452 454 456 457 458 461 463 465 466 467 470 472 474 477 478 482 483 487 490 494
46 420 421 422 425 426 427 428 430 432 434 438 441 442 443 446 448 451 453 454 456 457 459 461 462 463 466 470 472 473 474 476 477 478 479 480 481 483 484 485 486 489 491 492 493 495 496
27 420 421 424 425 426 427 428 430 438 444 449 450 455 456 463 464 465 468 472 473 477 478 484 485 487 488 489
45 420 421 423 424 425 426 428 434 436 438 439 440 441 443 445 446 448 449 450 451 452 453 454 455 458 462 464 466 467 471 472 473 474 475 476 477 481 482 483 489 490 492 493 495 496
26 420 424 430 433 436 437 439 441 444 447 453 454 455 458 462 464 469 472 474 477 480 485 486 489 492 493
41 421 429 430 431 433 434 435 436 437 438 440 442 443 444 447 449 451 453 457 460 461 464 465 466 468 470 471 473 474 477 479 480 483 484 485 490 491 492 494 495 496
38 420 421 423 425 426 427 429 431 434 438 441 443 445 447 448 450 451 457 458 460 463 467 468 470 471 472 475 476 477 478 480 482 483 485 486 487 489 495
50 421 423 424 426 427 429 430 431 436 437 439 440 441 442 444 445 448 449 451 452 453 454 456 457 458 459 461 462 463 465 466 467 468 469 471 472 473 474 477 479 481 483 485 486 487 490 492 493 494 495
31 420 421 422 424 425 426 430 432 434 435 436 443 446 449 452 453 454 460 461 463 474 475 477 482 483 485 487 489 492 493 494
23 420 421 424 429 430 434 435 440 444 445 446 447 464 465 470 474 477 479 481 483 487 492 493
35 424 428 436 437 438 439 443 444 445 446 447 449 451 453 457 460 461 463 465 469 470 472 474 475 476 478 480 482 485 487 489 490 493 494 495
51 421 422 423 424 425 426 427 428 429 430 431 434 436 437 438 440 441 443 444 445 446 448 449 452 453 454 455 458 459 460 461 462 463 464 465 467 469 470 473 477 481 482 483 486 487 488 489 490 491 492 493
53 420 421 422 423 425 426 427 428 429 430 431 432 434 436 437 438 439 440 442 443 448 450 451 453 454 455 457 460 461 463 464 467 469 470 471 472 473 474 475 476 477 478 480 481 482 483 486 488 489 490 492 493 496
46 420 421 423 424 425 426 427 429 431 434 436 438 439 440 442 443 448 449 454 455 456 459 463 465 466 469 470 471 472 473 474 476 477 480 481 483 485 487 489 490 491 492 493 494 495 496
34 420 421 423 429 430 431 436 437 438 442 448 449 450 453 454 457 459 461 462 464 468 471 474 475 476 477 479 480 481 483 490 491 493 494
35 420 422 424 425 428 429 436 438 439 442 443 444 446 448 452 453 456 457 459 460 462 465 466 468 474 475 477 478 481 482 486 487 491 493 495
53 420 422 424 426 427 429 430 431 433 435 436 437 438 441 443 444 446 447 448 449 451 452 453 454 455 456 458 460 462 463 465 466 467 469 470 473 474 475 476 477 478 479 481 482 483 484 487 489 490 492 493 494 495
49 420 421 422 424 425 430 432 433 434 435 436 437 438 439 440 441 443 444 445 446 447 448 450 451 454 455 457 458 459 460 461 463 464 466 471 477 478 479 480 481 482 486 488 490 491 492 493 494 495
32 420 425 429 431 433 435 437 439 441 442 443 445 446 447 448 450 454 456 457 465 470 472 476 479 481 482 486 487 488 489 490 491
48 420 422 424 426 427 428 431 432 433 435 438 440 442 443 444 445 447 448 449 451 452 453 454 455 456 457 458 459 460 461 462 463 464 465 466 467 468 471 473 474 477 481 482 483 484 488 489 492
32 424 425 426 428 432 435 437 443 444 448 450 452 453 458 459 460 465 466 467 468 470 472 474 475 480 481 484 485 487 489 491 496
47 420 423 424 425 426 428 429 434 435 436 437 440 441 443 444 446 448 450 451 452 453 456 457 458 459 460 462 463 465 469 470 472 473 475 477 478 480 481 482 483 484 485 487 488 490 493 494
48 420 421 422 423 425 426 431 434 436 437 439 440 442 444 448 449 450 451 453 454 456 458 460 463 464 466 467 468 469 470 471 472 474 475 476 477 478 479 480 482 483 484 485 486 487 492 495 496
26 420 423 425 431 434 436 437 441 445 453 458 459 460 461 464 465 466 470 475 476 479 480 484 492 493 495
52 421 422 423 425 427 429 430 431 433 434 435 436 437 438 439 440 442 443 444 445 446 447 448 449 451 452 453 456 457 461 464 465 466 467 468 469 470 472 474 476 478 480 481 482 483 484 485 487 488 490 491 492
26 423 427 431 435 438 440 442 444 445 446 448 451 453 455 457 466 468 474 476 477 481 484 491 492 493 496
28 421 423 426 427 428 430 432 437 441 444 448 451 454 459 461 462 469 470 474 476 478 479 481 483 485 489 490 493
37 420 423 430 432 446 447 448 449 451 452 454 457 459 460 461 462 464 466 469 471 472 473 474 475 476 480 481 483 484 485 487 488 489 490 491 492 496
30 422 423 426 427 435 438 441 443 445 446 447 452 453 454 456 457 461 463 466 468 471 472 474 475 476 480 481 492 493 494
38 427 432 435 436 438 439 442 443 445 448 450 453 454 455 458 459 461 464 465 467 468 471 472 474 475 477 478 479 480 482 484 486 487 488 490 494 495 496
24 422 423 424 425 432 434 437 438 439 440 446 448 451 456 457 461 468 470 475 476 477 483 488 489
48 420 423 424 425 428 430 431 433 434 435 436 437 441 442 443 444 446 448 451 452 454 455 457 458 459 460 461 463 464 465 467 468 469 470 471 472 474 476 478 479 481 483 486 491 492 493 494 495
39 420 423 425 426 428 429 432 433 434 437 438 444 447 448 450 451 453 454 458 460 461 462 464 467 471 474 475 476 477 478 483 484 485 486 488 491 492 493 494
29 421 424 426 432 434 435 436 441 444 445 447 448 450 453 454 455 458 461 466 469 470 474 475 476 483 484 490 492 493
26 420 421 425 426 427 428 429 430 433 434 435 438 443 445 447 458 465 467 469 478 486 487 488 493 494 496
30 421 424 430 432 436 437 441 443 444 448 449 452 455 458 460 461 463 464 465 469 471 476 478 481 482 486 490 492 493 494
35 420 422 424 426 427 428 429 431 432 436 437 439 445 452 461 465 470 472 475 476 477 478 480 482 483 484 485 486 489 490 491 492 493 495 496
35 421 428 430 433 434 441 442 443 445 448 449 450 451 454 455 456 457 459 460 461 464 466 467 468 474 475 476 479 480 482 485 487 489 491 492
29 427 429 430 431 438 440 441 443 444 454 455 456 457 462 463 467 470 472 475 477 480 481 483 486 491 493 494 495 496
33 420 423 424 425 426 431 433 434 438 442 444 447 451 452 456 458 464 465 467 469 470 471 472 476 477 478 480 481 482 484 488 493 496
25 422 423 430 431 438 440 442 443 446 447 453 454 462 463 464 465 469 473 474 477 479 482 483 490 492
26 427 428 434 435 438 442 444 449 452 453 455 456 457 458 460 465 466 472 474 477 479 486 487 488 491 496
46 422 426 428 429 430 432 433 435 436 439 440 443 444 446 447 448 450 451 452 453 457 460 462 463 464 465 467 468 470 471 473 474 476 477 478 480 484 485 486 487 488 489 490 492 495 496
33 423 424 427 428 429 430 432 435 436 439 440 441 445 448 449 454 455 456 469 470 473 477 479 481 483 484 486 488 490 492 493 494 496
39 423 425 429 430 432 434 436 437 438 439 441 445 446 447 451 453 457 458 460 461 465 466 467 468 469 470 471 472 480 482 483 484 488 489 490 492 493 494 496
52 420 421 422 423 424 426 427 431 432 433 434 435 437 438 441 442 443 444 445 446 448 450 451 452 454 456 457 459 462 464 465 469 470 474 475 476 477 478 479 480 481 483 484 485 486 487 490 491 492 493 494 495
32 421 422 426 428 430 431 434 436 441 442 443 447 449 454 455 457 460 462 463 464 468 471 473 474 479 482 483 489 490 491 493 494
52 420 423 425 427 428 429 430 431 432 433 435 436 437 439 440 441 443 444 446 448 449 450 451 452 456 459 463 465 467 469 470 471 472 473 474 475 476 478 479 480 481 482 484 485 486 488 490 491 492 493 494 496
34 420 422 423 424 427 429 430 433 434 435 437 438 439 440 441 446 449 452 453 459 463 469 470 471 475 476 478 483 484 486 489 492 495 496
30 421 423 424 429 430 431 438 443 444 447 448 449 452 453 454 455 456 458 459 468 471 472 476 478 480 483 484 489 490 491
42 421 422 424 425 426 428 429 431 432 433 436 439 440 443 444 449 450 451 453 455 458 459 460 462 468 469 470 471 473 475 476 477 478 484 485 486 487 489 493 494 495 496
51 421 423 425 426 427 428 430 432 433 434 435 437 438 439 440 441 443 445 446 447 449 450 453 454 455 456 457 459 462 463 465 467 468 469 473 474 476 477 479 480 481 482 483 484 486 487 491 492 493 495 496
33 420 422 423 424 426 427 428 430 432 434 438 443 446 447 449 451 454 457 458 463 464 465 467 468 469 472 475 478 481 483 484 489 493
31 420 422 425 426 427 429 432 439 440 442 447 448 450 451 452 453 456 461 462 464 466 468 472 474 478 480 482 483 488 494 495
41 420 421 422 424 426 428 430 431 432 433 434 441 444 445 446 447 448 451 452 455 457 459 460 462 464 465 467 469 470 471 472 473 474 476 478 480 481 482 487 488 491
40 421 422 423 425 426 427 429 432 434 437 440 445 450 451 452 453 456 457 460 462 464 467 468 470 473 474 475 476 477 479 480 481 483 485 486 488 490 492 494 496
29 420 422 424 426 431 432 437 439 442 449 451 452 453 456 457 458 459 461 462 473 474 475 476 477 483 484 486 493 496
28 421 423 425 426 427 431 434 435 436 437 440 442 447 448 449 451 453 458 460 464 468 469 472 479 483 484 493 495
50 420 423 424 425 428 429 433 435 438 439 440 441 442 444 445 446 447 453 454 459 460 461 462 464 465 466 467 468 469 471 473 474 475 476 478 479 480 481 482 483 485 486 487 488 489 490 492 493 495 496
28 420 421 422 423 425 427 428 435 436 438 439 440 441 450 451 455 456 463 467 478 479 480 482 483 486 492 493 496
52 420 422 423 425 426 428 429 430 432 435 436 437 438 442 444 445 446 447 448 449 450 452 453 454 455 456 458 460 463 464 465 468 469 470 471 472 474 476 477 478 479 481 483 484 486 488 490 491 492 494 495 496
47 420 421 422 427 428 429 430 432 433 434 435 436 438 441 443 444 445 449 450 454 456 457 458 459 460 461 462 463 464 465 468 469 471 476 478 479 481 482 485 487 488 489 490 491 492 493 495
25 421 423 424 425 430 440 441 445 447 450 455 456 457 458 460 462 465 472 479 480 485 486 492 494 495
40 420 422 423 425 426 427 431 433 434 435 438 439 446 447 449 450 451 452 455 459 462 464 465 468 469 471 474 475 476 480 481 482 485 486 487 490 491 492 493 495
37 424 426 428 430 431 432 434 439 440 444 446 448 451 452 454 455 456 458 461 463 465 467 468 470 472 473 477 478 479 480 482 483 484 485 486 488 494
31 421 423 430 431 433 438 439 442 443 444 445 454 459 460 461 463 464 465 467 468 469 474 475 479 480 484 486 488 491 492 494
46 423 424 426 427 429 430 431 432 433 434 435 437 440 442 443 447 449 452 453 455 457 458 459 463 464 466 469 471 472 473 474 476 477 480 483 485 486 487 488 489 490 491 492 494 495 496
45 421 422 423 424 425 426 428 431 432 435 439 440 443 444 446 447 449 450 452 454 458 459 461 462 464 466 467 470 471 472 473 475 476 477 478 479 480 482 483 484 486 487 491 493 496
31 421 422 426 429 433 435 437 438 441 446 449 450 451 452 453 456 457 460 465 471 472 473 477 481 483 485 486 488 489 492 493
39 425 427 432 436 437 439 441 446 448 449 451 453 454 455 457 458 459 463 464 465 467 468 470 472 473 477 478 479 481 482 484 485 486 489 492 493 494 495 496
47 420 421 422 426 428 429 430 431 432 433 434 436 437 438 442 444 445 446 449 453 454 456 457 459 461 462 463 466 467 468 473 474 475 476 478 479 481 483 484 485 486 487 491 492 494 495 496
35 420 423 424 425 433 436 437 440 442 443 449 450 451 453 454 455 456 458 464 466 473 474 475 476 477 478 480 482 483 487 488 490 492 494 496
29 420 422 423 424 426 427 429 432 436 442 444 445 446 455 459 462 463 466 469 472 473 476 477 487 490 491 493 495 496
28 421 422 425 428 432 433 437 441 450 451 453 455 456 459 460 461 463 466 467 473 475 476 477 478 479 483 488 496
23 420 421 422 423 425 429 430 432 437 439 440 442 444 447 449 453 455 459 464 467 473 477 487
29 423 425 426 432 434 435 436 438 441 442 443 445 448 449 451 457 458 460 464 468 475 477 486 487 488 489 490 491 492
43 422 424 427 431 435 436 439 440 442 443 445 447 448 452 454 455 456 457 460 462 463 464 466 469 470 472 473 474 477 479 480 481 483 485 486 487 489 490 491 492 494 495 496
24 421 423 425 426 435 437 441 445 447 449 450 453 457 459 461 464 470 471 474 477 484 485 489 496
51 422 424 425 426 427 428 429 430 431 432 434 436 437 439 440 441 442 443 444 445 446 447 448 450 452 453 454 456 457 460 461 462 467 468 470 474 475 476 477 478 480 482 485 487 488 489 490 491 492 493 494
46 420 422 425 426 427 431 434 436 437 439 440 441 442 443 444 445 447 448 450 451 455 456 457 459 461 463 465 466 469 470 472 473 475 477 478 479 481 482 484 485 486 487 491 493 495 496
43 424 425 427 428 430 431 434 437 438 439 440 442 444 446 447 451 452 453 457 462 464 465 467 469 471 473 474 475 476 477 479 480 481 482 484 486 487 488 489 491 492 495 496
47 420 421 424 426 427 428 431 432 435 437 438 439 440 442 444 446 447 448 450 451 452 453 456 458 461 463 464 465 466 467 468 470 471 472 474 475 477 478 480 482 485 487 489 490 491 494 496
24 424 425 426 427 428 430 431 436 439 446 452 454 455 457 463 464 467 470 473 475 479 481 482 483
49 420 423 424 425 427 431 433 434 435 436 437 439 440 442 443 444 445 446 447 448 449 450 451 452 453 455 456 457 460 463 464 468 469 470 472 473 474 475 477 479 481 485 489 490 492 493 494 495 496
24 421 422 428 431 432 433 434 438 440 441 451 453 456 458 461 463 477 481 485 487 489 492 494 495
33 421 424 425 426 427 428 429 430 433 434 436 437 443 444 452 453 455 458 459 460 461 463 465 466 467 468 469 478 479 483 488 489 491
26 425 426 434 435 441 443 445 447 448 449 452 456 457 459 461 463 465 467 468 473 475 476 479 486 488 495
49 420 421 422 424 425 426 427 428 429 430 433 434 435 436 437 438 439 440 441 443 444 446 448 449 450 453 459 464 466 467 469 470 472 474 475 476 478 479 480 481 482 484 485 486 487 488 493 494 495
29 422 424 428 431 432 433 434 443 444 446 448 452 454 455 458 459 460 462 470 473 478 479 481 482 486 488 489 491 494
32 420 423 425 429 434 435 442 443 444 446 447 449 452 453 455 456 465 466 470 473 474 476 477 481 485 486 487 488 490 492 494 496
48 420 421 422 423 424 425 426 427 428 430 432 433 435 437 438 439 441 442 443 444 446 448 449 451 452 453 454 457 459 463 464 466 469 471 473 475 476 477 480 483 485 486 487 488 489 492 493 494
29 422 424 426 432 434 439 444 447 449 454 458 459 461 462 463 465 467 468 470 472 473 478 483 486 488 489 490 491 492
48 420 422 423 426 428 429 430 431 432 438 439 440 442 443 444 445 447 449 450 451 453 454 455 456 457 458 459 460 463 464 465 466 467 468 473 474 476 477 480 481 484 486 487 488 491 492 494 495
44 421 422 423 424 425 426 429 430 431 434 435 436 438 439 440 445 447 448 450 451 453 454 455 456 458 460 465 466 470 472 473 474 476 479 481 484 487 488 489 490 491 492 495 496
51 420 421 422 423 426 427 429 431 432 434 435 436 438 439 440 441 442 443 444 446 449 450 451 453 455 456 457 458 460 461 462 464 465 466 468 474 475 478 479 480 481 482 483 484 486 489 490 491 492 494 495
40 420 422 424 425 426 427 428 429 430 431 432 433 440 442 444 445 447 448 449 451 452 454 455 456 457 461 462 463 465 467 470 471 472 477 478 488 490 492 494 496
37 420 421 423 426 429 431 432 435 437 439 440 442 443 449 451 453 457 460 461 463 465 470 472 473 475 477 478 479 483 484 485 487 488 490 492 493 495
28 420 422 425 426 430 432 434 437 439 443 444 448 450 452 456 462 464 465 471 475 481 485 486 487 488 490 491 495
29 420 422 423 426 427 429 437 438 439 441 445 446 449 453 454 457 459 460 464 467 469 471 476 477 480 489 491 494 496
27 422 423 426 430 442 443 445 446 447 449 452 454 457 458 459 468 469 471 474 475 476 480 484 486 487 489 494
30 422 427 428 429 436 437 438 440 442 444 445 448 449 454 456 461 462 463 467 468 469 470 471 473 474 479 480 490 492 494
45 420 421 424 426 429 430 431 432 434 436 437 438 439 441 442 444 446 452 453 454 455 456 457 459 460 464 465 468 469 470 471 472 475 476 479 481 482 484 488 489 490 493 494 495 496
46 420 421 422 423 425 427 429 431 432 433 434 436 441 442 443 445 447 448 449 451 452 455 456 457 458 459 461 464 465 466 467 469 470 471 472 474 475 476 481 484 485 488 491 493 494 495
27 420 421 422 423 427 430 432 433 434 436 437 447 449 451 453 463 464 465 470 471 472 477 479 488 489 492 496
33 422 423 425 426 427 428 429 430 432 433 434 437 438 439 440 447 448 450 451 453 455 464 467 469 471 472 477 478 479 482 484 488 494
35 422 427 431 433 434 435 437 444 447 448 449 450 451 452 458 459 462 463 464 465 466 467 468 471 472 473 476 478 480 483 488 489 490 491 493
25 424 425 426 427 430 431 436 438 442 445 447 449 452 453 458 466 471 473 475 480 484 490 494 495 496
28 420 424 425 427 428 430 436 446 447 450 456 457 458 465 466 470 471 472 473 477 480 482 483 484 489 490 492 495
45 421 422 423 425 429 431 432 434 435 436 438 439 441 443 445 447 448 453 455 458 459 461 464 465 467 468 469 470 472 473 474 477 478 480 483 485 486 488 489 490 491 492 493 495 496
41 421 422 425 426 427 428 429 433 435 436 440 442 443 445 448 450 451 452 453 454 457 460 461 467 468 469 471 473 474 476 482 485 486 487 488 489 490 493 494 495 496
48 423 425 426 428 430 431 434 435 437 439 440 442 443 445 447 450 453 454 455 459 460 461 462 463 464 465 466 467 468 469 472 474 475 476 477 479 480 482 483 484 485 486 487 488 489 490 492 493
37 421 422 426 427 429 434 438 439 440 441 444 446 451 452 455 456 457 459 461 464 466 467 471 473 474 477 478 481 482 483 485 486 487 488 491 493 496
33 420 423 425 429 430 432 434 442 443 444 451 452 455 456 458 460 464 465 466 468 469 471 472 476 481 482 486 488 489 491 493 495 496
41 420 422 428 429 430 432 433 434 438 440 441 446 448 449 450 451 452 454 455 457 458 459 460 461 462 463 465 467 471 473 474 476 477 479 480 484 485 487 488 489 493
48 422 423 424 428 430 431 433 435 437 438 440 441 442 443 444 445 446 448 451 452 453 455 456 457 458 459 460 461 462 463 464 465 467 469 470 473 475 479 482 484 485 486 487 489 490 491 494 496
37 421 422 425 426 427 428 430 431 432 434 437 438 440 441 442 443 445 448 451 459 461 462 464 466 469 473 475 478 479 482 483 486 488 489 490 491 495
25 420 421 435 436 438 439 443 445 450 452 453 458 461 464 466 467 468 474 477 483 484 489 490 491 495
39 420 423 424 425 426 427 428 429 433 435 436 437 446 449 450 451 455 457 459 461 463 464 466 467 468 469 473 476 478 482 483 486 487 489 490 491 492 493 496
25 432 433 435 443 446 448 450 455 459 462 465 468 472 473 475 476 477 478 479 480 483 484 485 488 495
33 420 422 425 426 427 430 431 433 439 440 441 442 445 448 449 450 453 457 459 460 466 472 473 476 477 478 479 480 481 483 485 487 496
50 420 421 423 424 425 426 427 428 429 431 433 435 437 438 440 441 443 447 451 452 453 454 456 458 459 461 462 463 466 467 468 471 472 473 474 475 476 477 478 479 483 486 488 489 490 491 492 493 494 496
32 420 425 428 431 435 436 438 439 440 441 446 447 448 450 453 455 457 459 460 461 463 466 472 475 477 478 483 485 488 489 490 492
37 421 424 425 427 435 437 440 441 444 445 446 447 448 449 451 452 453 454 455 456 458 459 460 468 470 472 474 477 479 481 482 484 485 487 489 491 493
50 420 421 425 426 428 429 431 432 433 436 439 440 441 443 444 447 448 450 451 452 453 454 458 460 461 462 463 464 465 467 468 472 473 474 475 476 477 479 480 481 482 483 484 487 489 490 493 494 495 496
33 422 424 425 426 427 429 434 437 438 440 445 447 448 450 453 455 461 462 463 465 466 470 474 480 481 482 484 486 487 490 491 493 496
49 423 424 426 427 428 429 432 436 437 439 441 442 443 444 448 449 451 453 454 455 456 458 459 460 461 462 463 464 465 466 469 470 471 472 475 477 478 480 481 484 485 486 488 489 491 493 494 495 496
29 421 426 428 430 433 434 435 444 447 448 452 459 460 461 462 463 464 474 475 477 479 481 483 484 485 487 492 495 496
43 420 421 422 424 427 429 432 434 435 436 437 438 440 441 442 443 453 454 455 458 463 464 465 467 468 470 471 472 475 478 481 482 485 486 487 489 490 491 492 493 494 495 496
48 420 423 424 425 428 429 430 432 433 434 438 441 442 443 444 445 446 447 448 449 450 454 455 456 458 459 461 464 467 468 472 473 474 477 478 479 480 481 484 485 486 487 488 489 490 493 494 496
36 420 423 424 425 426 427 433 435 437 439 440 442 446 450 455 457 459 461 462 464 465 467 468 469 473 474 476 477 481 482 483 486 487 490 493 494
52 420 421 423 426 428 429 431 433 434 435 437 438 439 441 443 446 447 450 451 453 454 455 456 457 458 461 462 463 464 466 467 468 471 473 474 476 477 478 479 481 483 484 485 486 487 488 490 491 493 494 495 496
52 421 423 424 425 426 427 428 429 430 432 435 440 443 444 445 446 447 448 449 450 453 454 455 456 457 458 459 463 464 466 467 469 470 471 472 473 475 476 477 480 481 482 483 484 485 486 487 488 490 492 495 496
29 425 426 428 429 430 433 435 437 440 441 443 445 447 448 449 463 464 465 468 472 481 482 484 485 486 490 493 495 496
43 421 422 423 427 429 430 431 432 434 435 437 438 440 443 444 446 448 449 450 451 454 455 456 457 458 459 460 462 463 464 466 467 469 471 479 480 483 485 487 488 491 495 496
49 420 423 424 425 428 429 432 433 435 437 440 441 442 446 447 450 451 452 454 455 456 457 458 459 460 461 462 463 466 467 468 469 473 474 478 479 480 481 483 484 485 486 487 488 489 490 491 493 494
30 425 433 434 438 439 440 441 444 445 447 450 451 453 454 456 457 467 468 470 473 475 478 480 481 486 488 492 494 495 496
32 421 424 425 426 428 429 432 435 436 444 447 451 454 457 458 460 461 463 464 466 469 470 472 473 475 478 479 480 488 492 493 496
45 421 422 423 425 428 429 432 433 437 438 439 440 441 443 444 445 446 447 448 450 452 453 457 458 462 463 464 465 466 468 469 470 471 472 473 474 475 476 477 478 479 481 483 485 488
45 420 421 422 423 424 425 426 428 429 430 431 432 433 436 437 438 440 444 445 447 448 450 453 454 456 458 461 462 463 464 467 469 471 472 475 476 479 480 485 486 490 492 493 494 495
32 425 426 428 432 433 434 435 436 438 439 441 442 447 448 456 460 462 467 468 469 471 474 475 476 478 480 483 487 489 490 491 492
24 420 422 424 427 433 434 435 437 443 445 450 455 456 459 463 464 465 470 471 480 484 491 493 496
24 420 422 423 428 432 433 434 436 439 445 447 451 454 455 456 458 460 462 463 466 472 486 492 493
52 421 422 423 424 425 427 428 429 432 433 435 437 438 439 440 442 443 446 448 449 450 451 453 454 455 456 457 459 461 462 463 464 465 466 469 471 472 473 475 476 477 479 480 481 482 483 484 485 486 487 488 494
41 420 421 422 423 424 426 428 432 434 438 439 440 441 442 444 446 449 450 451 454 456 457 458 459 460 464 465 467 468 470 471 472 473 480 481 484 486 487 491 494 495
50 420 421 423 424 427 428 429 430 431 433 434 437 438 439 441 442 445 446 449 450 451 453 454 455 457 458 459 460 462 464 465 466 467 468 470 473 474 476 477 478 479 480 482 484 488 489 490 493 494 496
44 421 423 424 426 427 428 429 430 431 432 433 435 436 437 438 441 445 446 447 450 451 452 453 455 456 458 462 463 465 466 468 469 470 472 476 477 478 479 480 483 485 489 492 496
43 420 421 422 423 424 426 429 432 433 435 436 437 440 443 445 446 447 448 449 450 455 458 459 461 463 464 465 466 467 468 469 471 472 475 476 477 478 481 482 486 488 493 494
24 420 421 423 424 425 431 434 435 438 443 445 446 451 454 456 469 476 478 480 482 488 492 493 495
35 420 421 423 425 427 428 430 432 434 440 442 445 446 448 449 452 454 455 460 462 463 464 466 469 470 474 475 480 482 483 485 488 492 493 494
44 420 421 423 424 425 427 429 431 432 434 435 437 438 439 440 441 442 445 447 453 455 456 458 459 460 461 462 464 467 468 471 472 474 475 476 477 479 484 485 486 487 489 494 496
35 420 421 422 424 425 426 427 431 432 433 434 438 440 441 445 448 450 452 454 457 459 460 461 463 467 470 472 475 477 479 481 484 487 490 494
49 421 422 423 424 425 426 427 428 429 433 435 436 437 438 441 442 444 446 448 449 450 451 452 454 456 457 460 463 465 466 469 471 472 474 475 476 477 479 480 481 482 484 485 486 488 492 493 494 495
11 497 500 502 505 509 510 516 521 527 529 530
16 497 498 500 501 503 505 506 510 518 520 521 522 524 526 527 528
5 499 504 508 517 526
20 497 498 501 502 503 505 506 510 515 516 517 518 519 520 521 523 524 526 527 529
5 507 517 526 528 530
8 501 504 506 507 511 516 518 523
13 497 501 502 503 504 506 514 517 522 523 526 529 530
4 498 503 504 526
6 500 510 512 523 528 530
14 497 504 506 508 509 510 512 516 522 523 524 527 528 529
15 502 503 504 505 507 508 509 513 516 517 520 523 526 529 530
5 504 513 514 523 526
9 499 501 505 506 507 508 512 515 517
8 499 501 503 516 524 525 526 527
7 502 504 513 514 520 526 528
5 499 512 518 519 528
3 508 515 516
25 497 498 500 501 502 503 504 507 509 510 511 512 513 514 516 517 519 520 521 522 523 524 526 527 529
7 497 499 503 509 514 515 526
11 497 498 499 501 507 515 518 519 524 525 528
10 499 514 515 518 519 521 522 524 527 528
11 500 503 506 508 510 511 512 517 521 527 530
7 500 504 507 512 514 528 530
9 498 501 506 507 512 515 520 528 530
16 497 500 504 505 509 510 511 512 514 521 523 524 526 527 529 530
9 505 508 511 517 519 520 521 523 529
10 497 498 500 501 507 515 522 525 527 529
5 507 508 511 521 524
10 498 502 503 506 508 515 516 518 519 520
8 499 501 507 513 517 522 525 528
21 497 498 500 506 507 510 511 513 514 515 516 518 519 520 521 523 526 527 528 529 530
9 498 501 503 506 510 513 516 524 525
14 497 499 501 506 507 512 513 515 516 518 519 523 524 530
15 499 500 501 506 507 508 509 512 514 515 516 520 523 527 530
11 498 500 505 509 510 513 515 516 520 525 527
9 497 498 500 501 506 510 511 512 525
13 497 499 506 507 515 516 517 518 519 525 527 529 530
10 497 502 505 511 513 519 522 524 525 528
8 498 502 505 508 509 511 517 525
16 498 499 500 501 505 507 508 512 516 517 519 522 523 524 525 526
20 497 504 505 507 509 510 513 514 515 516 517 518 519 520 521 524 525 526 527 529
14 498 499 502 503 504 506 508 512 516 520 522 523 525 530
4 512 516 517 530
21 498 500 501 502 503 504 505 508 509 510 511 512 513 514 520 521 522 523 524 526 528
7 502 505 509 516 520 522 529
11 497 500 502 508 511 513 516 518 524 525 529
11 507 509 510 513 514 515 517 518 519 526 529
15 499 502 504 507 509 511 512 513 514 517 519 523 525 529 530
12 497 498 502 505 506 507 508 509 517 520 521 529
3 504 511 525
18 498 501 503 506 507 511 512 513 514 515 518 519 520 522 523 524 525 528
8 500 503 513 516 519 520 523 530
13 499 501 502 503 504 505 508 509 512 517 522 524 525
10 500 502 510 513 517 519 521 525 527 529
26 497 499 500 501 503 504 506 507 510 512 513 514 515 516 518 519 520 521 522 523 524 526 527 528 529 530
9 498 505 508 512 520 522 524 528 530
14 499 500 504 507 508 509 511 512 513 514 522 525 528 530
20 498 500 502 503 504 505 508 509 510 511 514 517 520 521 522 525 526 527 528 529
17 497 498 499 501 503 504 505 506 508 509 512 514 516 519 521 523 525
20 498 499 500 501 502 503 505 507 511 513 514 515 517 518 519 520 521 525 526 530
14 497 498 502 509 510 514 518 521 522 524 526 527 528 529
14 499 503 504 505 509 510 514 517 519 521 522 523 526 527
14 498 499 500 501 502 503 506 508 511 512 522 523 528 530
8 504 511 513 514 515 518 519 522
12 500 502 510 511 513 515 518 520 522 524 527 529
9 497 499 502 509 515 518 522 526 527
9 499 505 506 508 515 518 525 528 530
6 510 511 515 520 521 529
17 497 498 503 504 505 506 508 511 512 514 516 518 519 524 525 526 529
12 497 502 503 504 506 509 513 514 518 527 528 530
17 499 500 501 502 507 509 510 513 515 517 520 521 522 523 527 528 530
5 510 517 518 521 529
13 499 503 505 506 508 509 510 511 518 519 521 523 524
9 497 500 501 505 511 521 524 527 528
6 507 509 513 515 517 518
8 500 501 502 506 522 523 528 530
15 498 500 501 503 505 507 513 514 515 517 518 521 525 526 530
10 499 501 506 507 508 509 514 515 523 527
4 510 511 515 521
7 500 501 505 511 521 524 527
6 498 503 506 510 513 524
15 498 499 500 501 502 503 505 513 514 515 518 520 521 525 530
5 500 507 512 528 530
6 502 510 515 520 527 529
8 502 504 506 509 518 527 528 530
13 497 500 505 509 510 511 512 514 523 524 526 527 529
2 513 523
3 504 513 523
7 500 502 505 509 510 521 527
8 499 504 506 508 512 520 523 525
5 499 505 515 525 530
8 499 505 506 508 509 511 518 521
6 500 506 510 512 517 527
2 504 511
8 499 503 505 509 511 519 521 524
15 498 500 506 507 511 513 515 516 518 519 520 526 527 528 530
6 505 506 507 508 509 529
7 497 502 509 510 521 527 529
2 504 526
6 500 503 513 516 519 523
6 500 502 510 519 521 529
3 517 518 529
6 503 513 516 519 523 530
11 498 500 502 508 509 517 520 521 522 525 528
9 507 510 513 514 517 518 519 526 529
3 499 515 526
11 498 499 502 503 506 508 512 516 520 523 525
7 508 510 512 517 521 527 530
4 507 512 514 528
7 501 505 508 512 517 522 524
17 499 503 504 506 512 514 515 516 518 519 520 522 524 527 528 529 530
10 499 502 504 505 508 509 512 517 522 524
6 502 505 509 520 522 529
8 499 501 512 515 516 519 524 530
13 497 502 503 505 506 510 518 519 521 523 524 526 529
5 500 510 513 521 527
11 498 501 502 503 508 509 511 521 523 524 526
4 505 506 508 528
8 498 501 506 507 512 515 520 528
12 499 500 504 507 508 509 511 512 513 514 525 528
15 497 504 505 509 510 514 515 516 517 518 520 521 524 525 527
7 514 515 518 521 522 524 527
3 507 528 530
13 498 499 505 507 511 514 515 517 519 521 525 526 530
16 501 503 506 507 511 512 513 514 515 518 519 520 522 523 524 528
10 499 501 507 510 513 517 520 521 527 530
3 512 518 519
4 500 510 512 523
9 499 500 506 509 512 514 520 523 530
11 498 499 502 503 504 506 508 520 522 525 530
5 497 500 501 522 527
6 498 505 510 515 525 527
14 497 498 500 507 510 513 514 515 518 519 523 526 528 529
5 505 507 512 515 517
3 507 508 521
11 500 502 503 504 511 513 514 520 524 526 528
6 498 501 507 520 528 530
7 498 501 506 510 511 512 525
7 498 502 503 508 518 519 520
4 498 502 508 511
5 502 515 522 526 527
6 500 502 513 520 524 527
3 507 511 521
7 501 506 507 508 512 515 517
6 500 519 521 525 527 529
4 510 512 523 530
7 497 498 500 501 510 511 525
6 502 505 508 509 511 517
4 497 498 500 525
6 501 506 507 512 520 528
4 499 501 507 513
7 497 498 499 501 507 518 528
3 500 523 528
8 503 504 505 508 514 516 523 525
12 497 498 502 509 510 514 518 521 524 527 528 529
8 498 502 503 506 515 516 519 520
4 500 503 513 530
4 511 515 520 521
9 497 500 505 509 510 514 527 529 530
8 501 506 507 513 515 516 519 530
6 497 502 505 524 525 528
11 497 498 499 503 505 509 512 516 521 523 525
8 501 502 503 505 509 512 522 525
10 498 500 503 506 508 511 512 522 523 530
3 504 514 526
7 499 505 506 515 518 528 530
5 505 517 519 521 523
8 497 498 500 501 515 525 527 529
2 504 508
6 502 508 513 516 524 525
4 499 503 514 526
13 501 503 506 511 512 513 514 518 519 520 522 525 528
3 499 509 526
10 497 502 503 504 506 509 514 518 527 530
4 499 512 518 528
3 500 512 530
7 502 510 513 515 520 522 524
5 501 504 506 507 518
11 497 501 502 503 504 506 522 523 526 529 530
5 502 505 508 517 525
7 503 506 513 514 527 528 530
5 501 503 506 516 524
6 500 517 521 525 527 529
10 497 500 504 509 510 511 514 521 526 527
12 497 498 503 504 506 511 512 514 519 524 525 529
15 498 500 502 503 504 505 508 509 511 520 521 526 527 528 529
14 498 500 502 503 505 509 511 514 520 521 522 525 526 527
6 509 510 513 514 518 529
4 508 511 519 521
4 509 516 520 522
5 511 517 519 520 529
4 502 514 526 528
9 497 498 502 509 510 514 518 522 526
2 507 524
7 507 510 515 517 518 519 526
5 509 513 514 515 526
4 507 517 526 530
3 498 503 504
4 507 512 514 528
1 504
3 507 508 524
7 497 500 505 510 516 521 527
11 502 503 504 505 509 516 517 520 526 529 530
4 510 511 515 521
8 503 505 510 514 519 521 522 526
7 499 505 506 508 518 525 528
5 500 513 519 523 530
9 501 506 507 512 515 518 519 523 524
5 499 502 509 515 518
5 498 506 510 516 524
6 505 506 508 518 525 528
13 500 502 503 511 513 514 515 517 519 520 521 526 530
10 497 498 500 501 505 506 510 518 520 526
5 500 504 507 512 530
3 510 515 521
8 499 504 506 508 516 520 522 523
5 507 515 522 525 527
2 504 525
4 502 505 509 529
5 497 499 503 509 515
3 512 523 530
11 504 507 509 513 514 519 520 521 524 525 529
8 498 503 505 508 509 516 523 525
9 498 500 505 509 510 513 516 525 527
14 497 498 501 503 504 505 506 508 509 512 514 521 523 525
6 503 508 510 517 527 530
4 501 504 506 511
9 501 502 509 510 515 517 520 521 522
6 502 505 516 520 522 529
6 498 505 508 520 522 530
4 500 510 512 523
4 501 516 524 527
5 501 504 507 511 518
18 497 499 501 503 504 506 510 512 513 515 516 518 520 521 522 523 526 530
7 499 503 504 505 510 514 527
5 508 522 524 528 530
9 497 500 505 509 516 521 527 529 530
5 499 503 509 515 526
17 497 498 500 506 507 510 511 513 514 516 518 519 521 523 526 528 530
7 497 500 505 511 524 527 528
13 497 503 504 505 506 511 512 514 516 518 519 525 529
5 501 513 517 525 528
9 497 498 503 506 508 512 519 524 526
7 500 510 513 517 521 525 529
6 504 506 511 516 518 523
9 498 502 505 506 507 509 517 520 521
17 499 504 506 507 510 512 513 515 516 518 521 522 523 526 528 529 530
14 499 500 501 502 507 509 510 513 515 517 520 521 527 528
7 498 502 503 506 508 516 518
6 503 506 510 511 512 527
4 499 516 525 526
5 499 503 509 514 526
11 498 502 509 510 518 521 522 524 527 528 529
8 497 503 506 514 523 526 529 530
1 508
7 497 500 502 505 509 516 527
7 504 505 509 514 519 523 526
7 510 517 519 521 525 527 529
14 500 501 503 504 510 511 513 514 520 522 523 524 526 528
8 497 500 502 509 510 516 521 527
7 498 508 512 516 520 525 530
11 497 498 506 513 515 519 520 526 528 529 530
8 497 498 500 507 515 525 527 529
4 508 511 517 520
14 497 501 502 503 505 506 516 517 519 520 521 523 527 529
7 510 514 517 521 523 526 527
2 512 517
7 505 508 515 518 525 528 530
5 502 514 520 526 528
7 497 500 501 510 511 512 525
6 515 518 519 522 524 528
2 513 514
5 504 507 516 518 523
7 508 512 520 522 524 528 530
6 498 501 507 520 528 530
3 504 517 526
3 508 517 526
11 498 500 505 509 510 511 521 522 524 526 528
10 499 500 502 503 507 517 518 519 525 530
5 499 519 521 524 528
5 502 504 513 514 520
4 504 507 512 514
4 499 507 525 528
15 498 501 506 507 511 512 513 515 518 519 520 522 523 525 528
15 498 500 502 503 504 505 508 510 514 517 520 521 526 527 528
11 502 504 507 509 511 512 514 517 519 525 529
7 501 504 507 511 516 518 523
3 517 526 528
5 505 508 511 517 520
7 498 500 507 515 525 527 529
4 501 525 526 527
5 497 499 509 518 527
5 499 505 508 515 518
3 517 518 521
3 504 512 528
16 498 501 503 504 507 509 510 511 514 516 517 521 522 526 527 529
11 500 507 510 514 515 518 519 521 526 527 529
14 498 502 503 505 510 515 516 517 518 519 521 523 524 526
11 497 500 505 511 512 521 524 526 527 529 530
12 498 499 502 503 504 506 508 516 520 522 525 530
7 500 502 511 513 515 522 529
8 499 501 503 505 509 517 522 524
4 513 514 523 526
7 497 506 516 518 519 525 527
10 504 505 507 508 509 513 516 526 529 530
4 510 517 518 529
9 498 500 502 506 508 511 512 523 528
7 506 515 516 517 518 527 529
12 499 501 505 508 512 516 517 522 523 524 525 526
4 499 512 518 528
9 497 504 506 510 512 522 524 527 528
7 498 505 508 520 522 524 528
7 498 505 512 520 522 524 530
6 502 513 515 522 524 529
14 504 505 509 510 513 515 516 518 519 521 524 525 526 529
3 510 518 529
12 502 503 504 505 509 513 516 517 520 523 529 530
11 497 498 504 505 506 511 512 514 519 524 525
9 497 498 502 505 506 508 509 520 521
12 497 500 501 503 506 510 518 520 522 524 526 527
6 498 505 508 509 517 525
5 502 503 508 515 516
8 497 499 506 508 509 514 519 523
6 498 505 508 512 520 522
10 502 507 509 513 520 521 523 527 528 530
10 500 501 502 515 517 520 523 527 528 530
5 499 502 518 522 526
4 499 503 509 514
6 502 505 519 522 524 525
6 506 508 515 518 525 528
2 498 503
5 500 513 520 523 530
14 498 503 504 505 506 508 511 512 516 518 524 525 526 529
10 498 499 502 503 504 506 508 512 522 525
11 499 501 506 507 513 516 518 519 523 524 530
3 510 515 521
9 499 500 507 513 515 520 522 523 530
13 497 502 503 505 506 515 516 518 519 523 524 526 529
9 497 500 508 511 516 518 524 525 529
8 497 502 514 518 522 524 527 528
6 497 505 511 519 522 528
3 505 520 522
16 504 505 507 509 510 514 516 517 518 519 520 521 524 525 526 529
2 504 525
3 520 526 528
8 500 502 510 513 517 521 525 529
5 501 503 516 524 527
10 499 503 505 506 510 518 519 521 523 524
8 497 500 502 511 516 518 524 525
5 497 498 515 525 529
12 499 501 506 507 512 513 516 518 519 523 524 530
7 514 515 518 519 524 527 528
5 497 498 515 525 527
2 499 517
5 501 505 506 507 512
16 498 500 502 505 506 508 510 511 514 515 516 517 521 524 527 529
20 498 499 501 503 505 507 508 513 514 515 516 517 518 521 522 523 524 525 528 529
11 503 511 513 515 518 521 522 524 525 528 529
17 497 500 501 502 503 506 507 508 513 517 519 520 521 523 528 529 530
14 498 500 501 502 503 507 510 512 513 519 525 528 529 530
13 501 503 506 508 510 511 512 513 515 523 524 526 530
16 498 499 501 502 503 506 507 510 519 522 524 525 526 527 528 530
12 497 503 504 505 507 514 516 519 521 525 527 529
12 498 503 504 506 507 511 519 520 522 525 528 530
20 498 499 500 501 502 503 504 505 508 509 510 516 517 521 522 523 524 527 528 530
18 498 499 501 502 503 505 510 512 514 516 517 519 520 522 524 526 528 530
10 497 498 502 503 507 517 520 521 525 530
16 497 498 506 507 508 509 510 511 513 517 521 523 525 526 529 530
18 497 500 503 504 505 506 509 510 514 516 517 520 521 524 526 527 529 530
17 497 498 499 501 503 507 509 510 513 514 515 516 517 518 521 522 524
22 498 499 501 502 503 505 506 507 508 509 510 511 512 513 515 516 521 522 525 527 528 530
12 498 500 505 507 513 515 518 522 523 524 525 530
21 497 499 501 502 503 504 508 510 511 512 513 515 516 517 519 520 522 523 524 528 529
12 497 499 502 506 509 510 513 519 521 523 527 529
14 497 499 504 506 510 511 514 515 516 520 522 524 526 528
20 497 499 500 501 505 506 509 510 514 515 517 518 520 522 525 526 527 528 529 530
15 500 503 505 510 511 514 515 516 519 521 523 524 525 529 530
12 498 499 500 502 505 506 508 516 520 526 529 530
18 498 499 501 507 512 513 514 517 519 520 521 522 523 524 525 526 527 528
18 497 499 500 501 502 503 504 506 507 512 513 516 517 524 525 526 528 530
23 498 499 500 501 502 503 504 506 507 510 511 514 516 517 518 519 520 522 523 524 525 527 529
18 497 498 501 502 503 505 507 510 511 512 515 516 524 525 526 527 528 529
13 499 503 505 506 507 509 518 520 521 524 526 529 530
16 498 501 502 503 504 505 506 507 509 510 511 515 522 523 527 528
19 497 499 500 501 502 503 505 507 508 512 515 518 519 522 524 525 526 528 529
11 497 498 500 501 503 504 509 512 522 523 530
11 498 501 502 508 514 518 520 521 522 525 527
19 497 499 502 503 509 510 511 512 513 514 516 517 518 521 523 525 526 529 530
18 497 499 500 506 507 508 509 511 514 515 517 518 520 524 525 526 528 529
17 499 501 502 503 504 505 509 511 512 515 517 519 520 524 527 529 530
10 500 504 505 510 513 515 520 523 524 526
16 499 501 507 509 511 513 514 515 518 519 520 521 524 528 529 530
17 498 500 504 506 508 509 512 514 515 516 517 519 523 524 525 528 529
14 497 500 501 511 513 514 516 518 520 521 526 527 528 529
23 497 498 500 502 504 505 506 508 509 511 512 515 516 518 520 521 522 523 524 526 527 529 530
17 497 498 499 500 503 504 508 510 511 516 517 518 526 527 528 529 530
20 497 499 504 505 506 509 510 512 513 518 519 520 521 522 525 526 527 528 529 530
21 497 499 502 504 505 506 507 508 509 512 513 514 517 519 520 522 524 526 528 529 530
15 498 499 500 502 504 505 509 510 511 512 513 514 523 524 527
11 497 501 503 506 513 515 517 518 521 525 526
21 497 500 501 502 503 504 505 506 507 509 510 512 514 517 519 520 521 524 525 526 529
22 497 499 501 504 505 507 508 509 510 512 513 514 516 517 518 519 520 522 526 527 528 530
20 497 498 499 500 501 502 503 505 509 511 514 515 516 518 520 523 524 526 527 528
22 497 500 501 502 506 507 508 511 513 514 515 517 520 521 522 523 524 525 526 527 528 529
21 498 500 501 502 504 506 507 509 513 514 515 517 519 521 522 524 525 527 528 529 530
11 499 500 504 510 513 514 515 516 517 524 527
14 498 504 505 507 511 512 514 515 517 518 520 521 526 527
10 497 506 507 508 512 517 521 522 523 524
19 498 500 502 503 504 505 507 508 510 513 515 516 518 520 522 523 524 526 528
17 498 501 504 507 508 509 510 511 513 517 520 521 522 526 527 529 530
15 497 500 503 504 505 507 514 516 517 520 521 522 524 528 530
11 498 507 509 511 512 513 516 517 518 519 523
15 497 503 504 510 511 512 513 515 517 519 521 524 526 528 529
11 498 500 501 506 508 509 510 514 516 523 527
11 497 502 503 504 505 508 510 511 514 521 523
20 498 500 503 506 507 510 511 512 513 514 516 517 520 522 523 524 526 527 529 530
14 497 500 502 506 509 510 511 515 516 519 524 525 527 530
19 498 499 501 502 503 505 506 507 511 512 513 517 520 521 523 525 526 527 528
10 499 502 503 506 509 512 520 522 526 529
23 497 498 499 501 502 504 505 506 508 509 510 511 513 519 520 521 522 524 525 527 528 529 530
20 497 498 499 500 503 506 507 508 509 510 511 513 516 517 518 521 523 526 527 530
13 497 500 501 503 504 506 507 509 518 524 527 528 529
14 497 498 500 502 503 508 509 511 513 519 521 523 524 527
18 497 498 502 505 506 508 511 513 514 515 518 519 521 524 525 526 528 530
12 498 504 508 509 513 515 516 521 523 527 528 530
22 497 499 500 501 502 504 506 507 510 511 512 513 514 515 519 520 522 523 524 525 527 529
10 497 501 502 504 509 520 522 523 524 528
21 499 500 501 502 506 508 509 510 512 516 518 520 521 522 523 524 526 527 528 529 530
20 497 499 502 503 507 508 509 510 512 513 514 515 516 518 519 521 523 525 526 527
15 498 499 500 507 509 512 515 516 520 521 522 525 526 529 530
11 497 500 503 507 510 515 516 520 524 525 528
16 497 499 500 501 503 506 508 510 513 515 517 519 521 522 526 529
16 498 500 501 502 506 509 511 513 516 517 520 521 524 525 526 530
17 497 498 499 501 503 504 505 507 509 510 511 515 516 517 518 521 524
13 502 503 504 505 508 510 512 516 518 523 525 526 528
11 497 499 500 501 503 512 513 515 522 524 527
19 497 498 500 501 505 506 507 508 509 510 511 512 514 518 520 523 525 526 527
23 497 502 503 504 506 507 508 509 511 513 514 515 516 518 519 521 522 523 524 526 527 528 530
10 499 505 511 514 516 518 520 528 529 530
10 498 501 502 505 507 513 518 522 527 528
21 497 498 499 501 505 506 507 508 509 511 512 513 516 518 519 520 522 524 526 528 529
16 497 499 500 501 502 509 510 511 513 519 520 522 524 525 528 530
17 500 501 504 506 507 508 510 516 518 519 520 521 522 523 524 526 527
22 497 498 500 501 502 503 504 507 512 513 514 516 517 518 519 520 521 525 526 527 528 530
14 498 500 502 504 510 512 515 516 518 519 521 523 524 529
15 498 500 501 503 504 511 512 513 516 518 521 522 523 526 528
15 497 500 501 503 505 506 507 509 513 518 525 526 527 528 530
18 499 500 502 505 507 509 511 512 514 515 516 517 518 520 524 525 526 530
15 500 501 502 503 504 512 513 516 519 520 521 523 524 525 526
16 498 499 501 508 513 514 515 517 518 519 520 522 524 527 528 530
20 499 500 501 504 505 506 508 509 510 511 515 516 517 519 520 521 523 525 527 530
12 497 498 501 502 506 508 511 513 518 523 526 528
16 497 499 501 505 507 511 512 513 514 516 518 521 524 526 528 530
19 497 498 500 501 503 506 507 508 509 510 511 515 516 519 520 522 524 526 529
11 499 504 506 513 514 516 517 521 523 525 528
23 498 499 500 501 502 504 505 507 508 510 511 512 514 515 516 517 518 523 524 525 526 527 529
11 501 503 505 509 511 514 521 522 523 525 529
23 497 498 499 500 501 503 505 506 507 510 511 512 514 515 517 518 519 521 522 524 525 526 530
16 497 499 500 501 503 507 509 511 513 521 523 524 527 528 529 530
10 500 503 507 508 511 517 519 521 524 526
23 499 501 502 503 504 506 507 509 511 512 513 515 516 517 518 519 522 523 524 526 527 529 530
18 501 504 507 508 510 511 512 514 515 516 517 519 520 523 524 527 528 529
20 497 500 503 504 506 507 509 513 514 516 517 518 522 523 524 525 526 527 528 530
11 500 502 505 508 512 513 514 515 521 524 527
23 497 499 500 501 503 505 507 509 510 512 513 514 515 516 517 518 520 521 522 524 526 529 530
23 499 500 502 503 504 505 506 508 509 510 511 512 513 514 518 519 521 522 523 525 526 528 529
23 497 500 501 502 503 505 506 507 509 510 511 512 513 514 515 519 520 522 523 527 528 529 530
22 498 499 500 501 504 507 508 509 510 511 513 518 519 520 521 522 523 524 527 528 529 530
13 501 503 504 505 506 509 511 516 519 522 524 527 528
10 497 498 505 511 512 514 516 517 519 520
13 497 498 499 502 506 507 510 513 514 515 516 517 529
14 501 507 508 510 513 517 521 522 523 524 525 526 527 530
21 500 503 504 505 506 508 509 510 511 512 513 514 515 516 518 521 522 523 524 526 530
16 497 501 502 504 506 508 509 517 518 521 522 524 526 527 528 530
15 497 498 499 505 508 509 512 514 516 520 522 523 524 526 528
17 497 498 500 505 508 509 511 514 515 517 518 519 520 522 523 524 527
16 497 498 500 503 505 507 508 513 514 516 517 519 520 522 523 526
22 498 500 501 502 503 505 507 508 509 510 511 512 513 514 515 520 521 522 523 526 528 530
13 497 498 506 507 508 509 510 513 516 521 527 529 530
17 498 500 501 503 504 506 510 511 513 514 515 519 524 526 527 528 529
19 498 499 501 503 504 507 508 509 510 511 513 514 516 519 524 525 527 529 530
22 498 499 500 501 502 504 505 506 509 511 513 515 516 517 519 521 522 526 527 528 529 530
23 499 500 501 502 503 505 506 507 508 509 511 512 513 514 516 517 518 521 526 527 528 529 530
16 497 500 503 504 507 509 510 512 517 520 522 523 524 525 527 528
17 497 498 499 500 501 504 507 508 511 512 516 518 520 522 523 524 527
11 500 505 508 509 513 516 519 521 524 527 530
15 500 503 504 505 509 510 512 514 516 518 520 524 526 527 528
22 498 501 502 503 504 506 508 511 512 513 515 517 519 520 521 522 523 525 526 528 529 530
14 498 499 503 505 508 509 510 512 514 515 523 526 527 528
14 498 501 503 504 505 509 510 511 512 516 522 523 524 528
21 498 501 504 505 506 507 509 510 512 514 515 516 517 519 520 521 522 523 524 528 530
13 497 502 505 506 508 509 514 515 517 521 524 527 530
22 497 501 502 503 504 505 506 507 510 512 513 514 515 519 520 521 522 523 526 527 528 530
13 498 499 500 501 502 506 510 511 513 515 517 526 530
11 497 499 502 504 506 512 513 514 515 520 526
23 499 500 501 502 504 507 509 510 511 512 516 517 518 519 520 521 522 523 524 526 527 528 529
17 498 500 501 502 506 508 510 511 513 516 517 521 522 523 526 529 530
18 497 498 500 502 503 508 509 511 512 513 514 518 519 523 524 528 529 530
11 505 513 514 517 519 521 522 525 526 527 528
18 498 499 500 501 504 507 509 511 513 514 515 516 517 520 521 522 528 530
21 497 498 499 500 501 502 503 505 507 510 511 512 515 518 520 521 523 524 525 526 530
22 497 499 501 503 504 505 506 507 509 510 511 513 514 515 516 518 519 521 522 523 524 526
22 497 498 499 503 504 505 508 509 510 512 513 514 515 517 518 519 520 523 524 525 526 530
11 497 499 500 503 505 508 516 517 518 521 526
20 497 498 499 502 503 504 506 509 514 516 518 519 520 521 522 523 524 525 527 529
23 497 498 500 502 503 504 505 507 508 510 511 512 513 514 515 516 517 519 520 521 526 527 530
16 497 498 499 500 505 507 508 510 511 515 516 522 525 526 527 530
22 497 499 500 502 504 505 508 509 511 512 513 514 515 516 517 519 522 523 524 526 528 529
14 500 502 504 506 509 510 516 518 519 520 521 524 525 530
14 500 503 505 508 510 511 516 517 519 523 524 526 527 529
10 500 505 507 513 515 519 522 523 525 528
16 497 499 500 501 502 504 505 508 511 515 518 520 521 523 526 530
14 498 501 502 507 508 509 512 515 516 521 523 528 529 530
22 497 499 500 501 503 504 506 509 510 512 515 516 517 518 519 521 522 523 525 526 528 529
17 500 503 505 506 510 512 513 514 515 518 519 520 521 526 527 529 530
17 497 502 504 506 507 508 513 514 515 517 520 523 524 526 528 529 530
16 500 501 502 504 505 508 510 511 512 515 517 518 520 521 525 526
14 501 504 505 506 508 509 510 512 515 516 519 520 521 523
19 500 501 502 504 507 509 512 513 515 516 517 518 519 521 523 524 525 526 529
10 497 499 501 505 506 511 514 517 529 530
17 498 499 500 502 504 505 507 510 511 518 519 520 521 523 525 526 530
17 498 500 501 502 503 505 506 507 508 511 513 517 520 522 524 527 529
21 497 498 500 502 503 505 507 508 509 510 512 513 515 516 518 519 520 524 526 529 530
19 497 498 499 500 501 502 505 506 507 509 510 511 513 515 516 517 518 525 526
15 497 505 507 512 513 514 515 517 521 522 524 526 527 529 530
13 498 506 507 509 511 513 516 521 523 524 525 526 528
18 497 499 500 501 502 503 505 507 509 510 512 513 514 518 522 524 526 529
11 497 499 502 503 509 513 515 523 525 526 527
13 498 499 500 501 505 507 508 513 518 523 526 527 529
18 498 499 500 502 503 504 507 510 513 514 515 517 519 520 523 524 525 526
21 500 501 502 504 506 507 508 509 510 512 513 514 516 517 522 523 524 527 528 529 530
15 498 500 502 504 505 507 512 513 521 523 524 526 527 528 529
13 499 501 505 508 515 517 522 523 525 526 527 528 530
20 498 501 503 504 507 508 510 511 512 513 514 515 517 518 519 521 522 523 526 527
13 498 499 500 503 506 511 518 521 522 525 526 529 530
18 497 498 500 504 506 507 509 512 513 516 518 519 520 521 523 527 528 529
19 497 498 499 500 502 506 507 511 513 515 516 518 521 522 523 524 528 529 530
13 497 498 502 503 504 507 513 516 517 519 521 523 525
16 497 500 503 507 508 510 511 514 517 519 522 525 526 527 528 530
16 497 500 505 506 507 511 512 514 516 517 518 520 522 524 526 528
13 497 501 504 506 507 508 514 517 520 521 522 525 526
13 497 498 502 503 512 515 517 519 520 521 523 526 527
16 497 499 500 504 507 508 511 512 516 517 523 524 525 526 527 529
20 497 498 500 501 502 505 507 509 510 511 512 513 515 516 517 522 523 526 528 530
18 498 499 500 501 505 506 508 509 510 511 517 518 523 524 526 527 528 529
17 499 502 503 504 505 507 509 510 511 512 513 516 517 518 519 521 526
19 497 498 500 501 504 506 509 511 513 516 517 518 520 521 522 523 526 527 529
10 500 502 509 510 516 520 521 522 528 530
10 500 502 505 508 513 514 516 521 526 528
19 498 499 503 504 505 506 507 508 512 513 515 519 520 522 523 525 527 529 530
17 498 499 502 503 504 507 509 511 512 518 519 522 524 525 527 528 529
10 497 498 499 514 515 518 521 527 529 530
14 497 498 502 504 506 509 518 519 520 521 523 526 528 529
19 497 499 500 502 505 506 508 510 512 513 514 519 521 523 526 527 528 529 530
23 497 500 502 503 504 505 506 507 508 509 510 511 513 515 516 517 518 519 520 523 524 527 528
22 497 498 499 500 503 504 506 510 511 512 514 515 516 517 518 519 520 522 523 524 528 530
21 497 498 500 501 502 503 504 505 506 507 509 511 512 513 514 516 518 519 526 528 529
20 497 498 500 501 502 503 507 508 511 512 513 514 518 519 520 521 523 528 529 530
22 497 499 501 503 507 509 511 512 513 514 515 517 518 520 521 522 523 524 525 526 528 530
13 498 500 506 507 509 510 514 515 516 517 520 521 530
17 497 503 505 508 510 511 513 514 515 517 518 521 522 525 527 528 530
18 500 503 504 505 506 509 511 512 513 514 515 516 517 519 522 523 528 530
18 497 501 502 504 505 506 507 513 515 518 521 522 523 525 526 527 528 530
10 497 500 501 512 515 518 522 526 527 528
10 497 499 503 507 510 511 513 515 516 530
19 498 499 500 501 502 504 505 506 507 508 510 512 516 519 520 522 526 528 529
18 497 499 500 501 504 505 508 509 512 513 515 516 518 521 523 524 527 529
22 497 498 501 502 503 504 505 506 511 512 513 515 517 518 520 521 523 524 525 526 528 530
12 497 501 503 504 505 511 512 514 518 520 524 530
18 497 498 499 500 503 504 505 508 509 510 511 515 516 518 522 523 525 530
18 499 501 505 507 508 509 510 511 512 514 516 517 520 521 523 524 526 528
23 497 498 499 500 501 502 503 504 506 507 508 509 511 513 515 519 522 523 524 525 526 529 530
21 497 498 499 500 501 502 503 504 506 509 510 511 512 518 519 521 522 525 526 529 530
11 502 503 507 510 514 515 516 518 520 524 525
16 497 499 501 502 503 505 506 507 508 512 513 515 522 526 528 530
13 497 498 504 505 506 510 513 518 520 521 522 523 525
13 498 499 500 501 504 506 510 512 514 519 521 529 530
19 499 500 502 505 506 507 508 509 510 512 513 516 517 520 521 522 523 524 529
19 497 498 501 503 506 508 509 512 513 514 517 518 520 522 523 524 526 528 529
18 499 501 502 503 506 507 509 511 512 513 515 516 517 519 521 523 525 528
15 497 498 502 504 506 510 512 513 514 517 520 521 523 524 527
12 499 503 507 509 511 513 517 520 522 524 528 529
12 497 502 509 511 514 517 519 521 522 523 527 528
12 497 498 501 502 508 514 515 517 521 524 525 528
12 500 504 505 506 508 510 511 512 519 520 523 526
10 500 507 509 512 518 520 521 523 525 526
13 498 499 504 505 509 513 514 517 519 521 523 529 530
13 497 498 500 501 502 507 509 514 518 520 524 527 529
13 502 503 504 510 511 512 513 515 520 524 527 529 530
18 502 503 504 505 506 507 508 512 516 517 519 520 521 525 526 527 529 530
20 497 498 499 501 503 505 506 508 511 514 516 518 520 521 523 524 526 528 529 530
22 499 500 501 502 503 505 506 508 510 511 515 516 518 519 520 521 522 523 524 525 527 528
14 497 499 501 502 504 510 516 518 521 522 523 524 525 529
21 497 499 500 502 505 506 507 508 511 514 515 516 518 519 521 522 525 526 527 528 529
17 498 499 500 502 504 507 509 510 511 516 517 518 519 521 522 526 530
13 499 508 509 510 513 514 516 517 522 523 525 527 529
14 499 500 501 503 508 510 511 513 514 515 517 519 523 527
20 499 500 503 505 506 507 508 509 510 512 514 515 516 517 520 523 526 527 528 529
12 497 504 509 510 511 514 517 518 521 522 525 527
21 497 498 499 501 502 503 504 507 508 510 512 513 514 517 518 519 521 522 525 528 530
15 498 499 507 509 510 516 519 520 521 522 524 525 526 527 529
20 499 500 501 502 503 506 507 508 511 512 514 516 518 520 521 522 523 525 527 528
14 498 499 500 503 509 510 512 516 517 520 521 525 526 530
16 497 499 500 501 505 506 507 509 510 511 512 513 514 518 522 524
15 497 499 500 501 504 506 507 514 518 520 522 524 527 528 529
12 497 501 504 507 509 511 515 517 520 525 527 529
13 497 500 507 512 513 514 515 516 517 523 524 525 530
21 497 500 502 503 504 505 508 510 512 513 514 516 517 518 519 521 522 523 524 526 529
20 497 499 500 501 503 504 505 506 508 512 513 514 515 518 519 521 523 524 525 530
10 498 502 503 504 505 511 512 516 523 526
18 499 501 502 504 505 507 508 513 514 515 516 519 521 524 526 527 529 530
23 497 498 499 500 501 502 505 506 508 510 513 514 515 517 518 519 520 525 526 527 528 529 530
19 497 499 501 502 506 507 510 511 515 517 518 519 520 523 524 527 528 529 530
10 497 504 506 509 511 514 519 520 525 528
23 498 499 501 502 503 504 505 506 508 510 511 512 513 515 517 518 519 521 522 525 526 528 530
14 498 499 508 509 512 513 514 516 517 521 523 526 529 530
13 497 499 500 503 506 507 508 512 514 521 523 525 526
23 497 498 500 502 505 507 508 509 512 513 514 515 516 517 518 520 522 523 524 525 526 529 530
18 498 501 502 503 505 507 508 511 515 517 518 519 522 524 526 527 528 529
10 499 506 508 509 513 516 518 521 523 526
13 497 498 502 503 512 513 517 518 519 522 525 526 527
11 498 500 506 507 508 509 510 518 523 526 527
13 498 499 500 502 506 509 514 519 520 521 524 525 530
21 497 499 500 501 504 508 509 510 512 514 518 519 520 521 522 523 524 525 527 528 530
11 500 505 510 512 513 514 515 516 517 524 527
10 503 504 510 513 514 515 520 524 526 530
12 500 504 506 508 511 515 517 525 526 527 529 530
21 499 500 502 504 508 509 510 511 512 513 514 515 516 517 518 520 521 524 526 527 529
22 497 498 499 500 501 502 503 504 508 513 514 516 517 519 520 521 522 523 524 525 528 529
23 497 498 499 501 502 503 504 505 506 507 509 511 512 513 517 518 520 521 523 525 527 528 530
15 497 499 500 501 502 503 509 510 513 515 517 518 519 521 529
18 499 500 503 504 505 509 514 515 516 517 518 521 522 523 525 526 527 530
18 502 504 506 508 510 511 512 515 516 517 519 521 522 523 524 526 527 530
19 497 500 501 502 503 505 508 509 512 514 515 517 521 522 523 525 526 527 528
12 497 499 501 503 508 513 516 517 525 526 527 530
11 504 507 509 510 512 515 519 520 522 524 526
12 502 503 504 509 514 515 517 522 525 526 527 528
