324 2065
77 1 2 3 4 5 6 7 8 9 10 11 12 13 14 15 16 17 18 19 20 21 22 23 24 25 26 27 28 29 30 31 32 33 34 35 36 37 38 39 40 41 42 43 44 45 46 47 48 49 50 51 52 53 54 55 56 57 58 59 60 61 62 63 64 65 66 67 68 69 70 71 72 73 74 75 76 77
46 1 2 5 6 8 12 14 15 17 18 19 20 21 23 24 25 26 30 31 32 33 37 39 40 41 43 44 47 48 49 50 51 52 53 55 56 57 58 59 61 64 66 68 70 71 73
56 2 4 6 7 8 9 11 13 14 15 16 18 19 20 23 24 26 27 30 31 32 33 34 36 37 38 39 40 42 43 44 45 46 47 48 49 50 51 52 56 57 59 60 61 62 64 65 66 67 68 69 70 71 72 73 75
29 2 4 5 7 8 13 15 16 17 19 21 25 27 29 31 33 38 40 43 45 46 47 56 58 62 63 67 71 74
29 1 6 7 8 14 15 19 24 26 34 35 36 39 43 44 45 49 53 54 57 58 60 61 62 67 69 72 74 77
23 6 7 15 26 28 29 31 35 39 42 44 46 48 49 55 56 58 61 62 68 69 75 77
55 1 2 5 6 7 8 9 10 11 12 14 15 16 17 18 20 21 22 23 24 25 26 27 30 33 34 35 36 37 38 39 40 41 43 44 45 46 48 49 52 53 54 57 58 60 61 63 64 66 67 69 70 71 76 77
57 1 3 4 5 6 9 10 11 12 13 14 15 16 19 20 21 22 23 24 25 27 28 29 30 32 33 34 36 37 38 39 40 43 44 45 46 47 48 49 50 51 52 53 55 56 57 58 59 61 62 63 65 67 68 71 73 74
43 2 3 4 5 6 7 10 11 12 13 16 17 18 20 23 25 27 31 34 36 37 39 40 42 45 48 50 51 54 57 60 62 63 64 66 67 69 70 71 73 74 76 77
58 2 4 5 6 8 9 10 11 13 14 16 17 18 19 22 23 24 25 26 27 28 29 30 36 38 39 40 41 42 43 44 45 47 48 49 50 51 52 53 54 55 56 57 58 59 60 61 63 64 66 67 68 69 70 73 74 75 77
55 1 2 4 6 7 9 10 11 12 13 14 15 16 17 18 19 20 21 23 26 27 28 30 32 33 34 35 37 38 39 40 42 43 44 46 47 48 49 50 55 56 57 58 60 61 62 63 65 66 67 68 69 70 71 73
29 3 5 6 11 16 17 18 22 33 34 40 41 42 43 46 47 49 51 52 57 59 60 63 69 70 71 72 73 74
29 2 3 4 5 9 12 18 20 21 27 29 31 43 44 45 46 49 53 54 55 56 58 60 61 62 71 74 75 77
23 12 13 14 17 18 19 23 27 29 30 31 35 36 38 41 44 45 48 49 55 57 67 73
33 2 3 6 7 16 19 20 22 23 26 29 32 33 37 40 46 47 48 49 50 51 55 56 58 59 60 64 67 68 70 73 74 77
38 3 4 8 9 12 13 14 15 19 21 22 23 24 26 28 31 32 33 36 38 42 43 44 46 47 49 54 57 60 62 64 65 68 69 70 72 74 75
25 4 13 16 19 20 31 33 34 35 36 39 41 42 43 44 45 46 48 49 50 54 63 65 66 76
29 6 13 14 16 21 22 25 26 28 34 36 37 39 42 43 45 47 50 53 55 57 58 59 65 68 70 71 74 77
41 1 2 3 6 7 8 12 14 16 18 20 22 24 25 26 27 29 30 31 33 35 38 39 41 43 46 48 49 50 51 52 57 59 60 62 63 68 69 71 74 75
45 1 4 7 8 11 15 17 18 19 20 22 23 25 28 29 30 31 32 33 34 35 36 37 40 43 44 47 48 49 50 52 53 54 56 58 59 60 64 65 66 68 69 73 74 77
33 3 7 9 11 13 14 15 20 21 24 25 28 29 30 31 32 33 40 45 51 53 58 59 60 63 66 67 69 70 71 73 76 77
53 1 3 4 5 6 7 8 9 10 12 14 16 17 18 19 20 21 22 23 24 25 26 29 31 33 36 38 40 41 44 45 46 47 50 51 53 54 58 59 60 61 63 64 65 66 67 68 70 71 72 75 76 77
47 1 2 3 7 9 13 14 15 17 19 20 21 22 23 25 26 27 28 29 31 33 36 37 38 39 40 41 44 45 46 47 48 49 51 52 53 56 57 61 63 64 67 69 71 72 74 75
52 1 2 3 7 10 11 12 13 14 16 17 19 20 22 23 24 25 27 28 29 30 33 36 37 38 39 41 42 45 46 47 50 51 52 53 55 56 58 59 60 62 63 64 65 66 68 69 70 71 74 76 77
30 2 4 11 12 16 19 23 25 28 29 31 32 33 35 36 37 40 43 44 52 59 60 62 65 72 73 74 75 76 77
47 1 2 3 4 5 7 8 9 10 11 12 13 14 16 21 25 28 30 32 35 38 39 40 41 42 43 44 45 46 47 49 50 52 53 55 57 63 64 65 66 67 70 72 73 74 75 76
43 2 5 7 9 10 13 14 15 17 18 19 21 22 23 25 26 27 28 29 31 32 33 34 35 38 39 40 41 42 44 46 47 48 51 53 56 62 63 64 66 69 74 77
48 2 3 4 5 7 9 11 13 14 15 16 17 18 21 22 24 25 28 29 30 31 33 35 36 37 38 39 40 41 42 43 46 47 49 50 51 53 54 55 59 61 62 65 67 71 75 76 77
30 1 5 10 12 14 18 24 26 35 38 39 42 43 45 51 55 57 58 60 61 64 65 67 68 69 70 74 75 76 77
26 10 14 15 27 28 29 31 37 38 42 43 44 45 51 52 53 55 57 60 62 63 64 65 69 74 77
32 1 6 12 19 20 21 26 28 29 32 35 37 38 39 47 48 49 50 51 52 53 54 55 56 57 59 60 61 66 74 76 77
50 1 2 4 5 6 7 9 11 12 13 16 17 19 20 21 22 24 32 33 34 35 37 38 40 43 45 46 47 48 49 51 52 53 54 56 57 58 59 61 64 65 66 67 69 70 71 73 75 76 77
44 1 4 6 8 9 11 13 14 16 18 19 20 21 26 27 29 31 34 36 38 39 40 41 46 47 50 51 54 55 56 58 59 60 64 66 67 68 70 71 73 74 75 76 77
41 2 6 7 9 10 14 18 19 20 23 24 29 32 33 34 35 38 39 40 41 44 45 46 48 49 51 52 55 61 62 64 65 66 67 68 69 70 71 73 75 77
29 1 7 8 9 15 17 19 20 25 26 28 32 33 39 40 43 45 48 53 56 59 60 61 63 68 72 74 75 77
56 1 2 3 4 5 9 10 11 13 14 15 17 18 19 21 22 24 25 26 27 28 29 30 31 32 33 34 35 38 39 40 41 44 47 48 49 50 51 54 55 56 57 59 60 61 64 65 67 69 70 71 73 74 75 76 77
56 3 4 5 6 7 8 9 10 11 12 13 14 15 16 17 20 21 24 25 27 30 31 34 35 36 37 38 39 41 42 44 45 47 48 49 50 51 52 53 55 56 59 60 61 63 64 65 66 67 70 71 72 73 74 76 77
50 1 2 4 5 7 10 11 12 15 16 17 18 19 20 21 22 23 25 26 27 30 32 34 36 37 38 40 42 43 44 46 49 50 51 52 54 55 57 61 62 63 64 65 66 69 71 72 74 75 77
30 3 6 7 8 10 11 14 18 19 24 25 28 32 33 34 37 38 39 43 45 47 48 56 57 60 67 70 71 73 76
45 3 4 5 6 7 8 9 13 14 16 19 20 23 24 25 26 27 30 31 33 35 38 39 40 41 42 43 45 46 47 50 52 56 58 60 61 63 64 65 67 68 69 75 76 77
35 78 79 80 81 82 83 84 85 86 87 88 89 90 91 92 93 94 95 96 97 98 99 100 101 102 103 104 105 106 107 108 109 110 111 112
19 79 81 83 86 89 90 91 92 95 96 97 99 100 104 106 108 109 111 112
11 79 82 83 85 86 87 88 93 98 100 102
26 78 79 80 81 82 83 85 87 89 91 92 94 95 98 99 100 101 102 103 105 106 107 108 109 110 112
22 79 81 82 84 87 88 89 90 92 95 97 98 99 100 101 102 103 107 108 109 110 111
14 80 82 84 86 87 88 92 101 102 103 106 107 109 112
15 78 80 81 84 85 88 89 92 95 97 101 105 106 110 112
20 78 81 82 83 87 88 92 93 94 95 96 97 99 100 101 102 105 107 108 109
15 79 82 84 86 87 88 89 91 93 94 95 104 106 108 111
27 78 79 80 82 83 84 86 87 88 89 90 93 94 95 97 98 99 100 102 104 105 106 107 109 110 111 112
19 79 81 82 83 84 85 86 89 94 96 98 100 102 103 104 105 108 110 112
18 79 80 81 82 83 84 87 89 90 91 92 94 95 101 106 107 110 111
20 78 80 82 85 87 88 90 93 94 96 97 99 100 101 104 105 106 108 109 111
26 79 80 81 83 85 86 87 89 90 92 94 97 98 99 100 101 102 103 104 105 106 107 108 109 111 112
23 81 82 83 86 87 88 90 91 93 94 96 97 99 100 101 102 103 104 105 106 109 111 112
15 79 83 84 86 90 92 95 96 97 98 101 102 105 107 108
16 78 79 82 84 85 88 90 91 92 95 99 100 102 104 106 109
20 78 80 81 82 83 86 88 89 92 93 95 96 100 101 103 105 106 107 108 110
18 79 80 81 82 87 88 89 90 92 94 96 97 101 105 106 107 108 109
16 79 81 83 84 86 88 89 91 96 97 99 100 101 102 107 109
27 78 79 80 81 82 84 85 86 89 90 91 92 93 94 95 97 98 99 101 104 105 107 108 109 110 111 112
27 78 79 80 82 83 84 85 86 87 88 89 91 92 93 94 95 96 100 102 104 105 106 107 108 109 111 112
24 79 81 83 84 85 86 88 90 91 92 94 95 97 98 99 100 101 102 103 107 108 110 111 112
25 78 79 80 82 83 84 86 87 88 90 92 93 95 96 97 99 101 102 103 104 105 107 110 111 112
13 79 82 93 94 95 96 98 100 101 104 105 110 111
24 80 81 82 84 85 87 88 91 92 93 94 95 97 98 99 100 102 103 105 106 107 108 110 111
16 81 82 83 85 89 90 92 96 99 101 102 105 109 110 111 112
25 79 80 81 82 83 84 85 86 91 92 93 94 95 96 98 100 101 102 103 104 106 107 110 111 112
16 79 80 82 87 88 89 91 92 93 97 99 100 101 104 106 110
26 78 79 81 82 84 85 87 88 89 90 91 92 93 94 95 96 97 98 99 100 101 102 103 104 105 112
16 80 81 82 84 88 89 90 92 93 96 97 98 102 107 108 110
24 79 80 81 85 86 87 90 91 92 93 94 95 96 97 98 99 100 102 104 105 106 108 109 112
21 79 82 83 89 90 91 92 93 95 97 98 99 100 102 104 105 107 109 110 111 112
16 78 81 86 88 92 94 95 96 99 102 103 106 108 109 110 111
25 80 82 83 84 85 86 87 89 90 92 93 94 95 98 99 100 102 103 104 105 106 107 108 110 111
15 79 83 88 90 91 92 95 97 98 101 102 103 109 111 112
14 80 86 90 91 93 96 99 102 104 105 107 109 110 111
14 81 84 85 88 89 93 95 99 101 102 103 105 107 112
21 78 80 81 82 84 85 89 92 95 96 97 98 99 100 101 103 106 107 108 109 110
15 78 80 81 83 87 90 91 95 96 98 100 102 103 107 111
27 78 79 81 83 84 85 86 89 90 92 94 96 97 98 100 101 102 103 104 105 106 107 108 109 110 111 112
26 78 79 81 82 84 85 86 87 88 89 90 91 92 93 94 95 97 99 100 102 104 105 108 109 111 112
19 79 81 83 86 87 90 91 92 93 97 98 99 103 104 105 107 108 109 110
11 79 81 82 89 95 96 97 98 101 104 109
23 79 80 81 82 85 87 88 89 91 93 94 95 96 97 99 104 105 107 108 109 110 111 112
27 78 79 80 81 82 84 86 87 88 89 90 91 92 93 94 95 97 99 100 101 103 105 106 108 109 110 111
25 79 80 81 82 84 87 88 89 90 91 94 96 97 98 99 100 101 102 104 105 107 109 110 111 112
26 81 82 83 84 85 86 87 88 89 90 93 94 95 96 98 99 100 101 103 105 106 107 109 110 111 112
25 78 79 80 81 85 86 87 88 89 90 91 93 94 95 98 99 101 102 103 104 107 108 109 110 112
21 78 81 82 84 85 86 87 89 90 93 95 97 98 99 101 103 105 106 108 110 111
10 88 90 91 95 100 104 107 110 111 112
27 78 80 82 84 85 86 88 90 91 92 93 94 95 96 97 98 100 101 103 105 106 107 108 109 110 111 112
19 78 79 80 82 84 87 91 93 95 97 98 100 104 105 106 109 110 111 112
27 79 80 81 82 84 85 86 87 89 90 91 92 93 94 95 97 98 99 101 103 105 106 107 108 109 110 111
15 79 82 84 85 88 90 91 93 94 95 96 101 102 104 108
33 113 114 115 116 117 118 119 120 121 122 123 124 125 126 127 128 129 130 131 132 133 134 135 136 137 138 139 140 141 142 143 144 145
25 113 114 115 116 117 118 120 121 122 123 127 128 129 130 132 133 134 135 136 138 139 140 142 143 145
20 113 114 115 116 118 119 120 121 123 127 129 130 132 135 137 138 139 140 142 144
12 117 122 127 130 132 133 135 136 138 139 140 141
15 115 116 117 119 122 123 125 129 134 135 136 138 143 144 145
19 113 115 116 119 120 124 125 126 127 128 129 131 134 135 136 138 140 142 143
19 116 120 122 123 124 125 126 127 128 130 133 137 138 139 140 141 142 144 145
12 113 114 115 117 119 121 123 124 126 140 143 144
23 113 114 116 117 118 120 121 122 123 124 127 128 129 132 134 135 138 139 141 142 143 144 145
24 115 116 117 118 120 121 122 123 124 125 127 129 130 131 133 134 135 136 137 138 139 141 143 144
21 113 117 119 121 123 124 125 126 128 129 130 131 132 134 136 137 138 139 140 143 144
21 114 115 116 117 118 120 122 123 124 126 127 129 132 133 135 136 137 139 143 144 145
11 117 121 124 127 128 133 136 138 140 143 145
24 114 115 116 117 118 119 120 123 124 125 126 127 128 129 130 132 133 135 136 138 139 140 142 145
10 113 118 121 123 127 131 135 138 139 145
19 113 114 117 119 120 121 122 123 125 127 128 131 132 133 134 136 137 140 141
25 114 115 116 118 119 120 121 123 124 126 127 128 129 130 132 133 134 135 136 137 138 140 141 142 145
13 113 115 118 126 129 132 133 135 136 138 140 141 144
21 113 114 115 116 117 119 120 121 123 124 125 129 131 132 133 135 141 142 143 144 145
17 113 118 120 121 123 124 128 130 132 133 135 137 139 141 142 143 144
18 113 114 116 117 119 121 124 126 127 132 134 135 136 138 139 141 142 145
16 113 117 118 119 125 127 128 129 135 137 138 139 140 142 143 145
22 113 115 117 119 120 121 122 123 124 125 126 130 133 134 135 138 140 141 142 143 144 145
16 113 116 117 118 119 120 125 131 132 133 136 138 139 140 142 143
15 113 114 116 117 119 120 126 129 133 134 135 138 139 141 145
23 113 114 115 117 118 119 120 122 123 125 126 127 128 129 131 133 134 140 141 142 143 144 145
15 113 114 120 121 124 127 128 131 132 135 137 138 139 141 145
24 114 115 116 117 118 120 121 123 124 125 126 127 128 131 132 135 136 137 138 139 142 143 144 145
13 113 115 118 121 128 131 133 134 136 137 138 141 143
24 114 116 117 118 120 122 125 126 127 129 130 132 133 134 135 136 137 138 139 140 142 143 144 145
11 113 114 117 120 125 128 129 133 134 143 144
16 114 116 120 121 123 124 125 127 128 129 131 132 135 138 143 145
22 113 114 117 118 120 121 122 124 125 129 131 132 133 134 135 136 137 138 140 142 143 145
15 113 116 118 120 121 123 125 127 128 130 135 136 139 142 144
16 115 116 120 122 127 129 131 132 134 135 136 140 141 142 143 145
19 113 114 115 116 118 122 123 124 128 129 130 133 134 137 138 139 140 141 143
15 114 118 119 120 123 127 128 130 133 134 135 138 139 140 143
21 113 117 118 119 120 121 122 123 124 126 127 128 129 130 132 133 135 136 137 138 140
15 113 116 120 121 123 125 126 128 132 135 136 137 140 144 145
24 113 114 115 116 117 118 119 120 121 122 125 126 127 128 129 131 132 133 136 138 142 143 144 145
15 113 116 117 119 122 125 126 128 133 134 137 138 141 142 144
19 115 118 119 121 122 123 124 125 127 130 132 134 136 137 138 139 140 144 145
13 114 116 117 121 123 125 126 130 131 136 142 143 144
17 114 115 118 119 120 122 127 129 130 131 134 135 138 142 143 144 145
19 113 114 116 122 123 124 127 128 129 131 132 134 135 136 139 140 142 144 145
10 117 121 122 124 128 133 135 142 143 144
20 113 114 116 118 119 120 121 123 124 127 128 130 133 134 135 140 141 142 143 144
11 115 116 117 124 125 126 127 128 133 143 145
25 115 116 119 121 123 124 126 127 128 130 131 132 133 134 135 136 137 138 139 140 141 142 143 144 145
23 113 114 115 118 120 122 123 124 127 128 129 130 131 132 133 134 135 137 138 139 141 142 143
15 114 119 120 121 123 127 128 130 131 133 137 138 139 141 143
19 113 114 115 116 118 119 120 121 122 123 126 128 130 131 133 136 142 143 144
23 113 114 115 116 118 120 121 123 124 127 128 129 132 133 134 136 137 139 140 142 143 144 145
25 114 115 116 117 118 120 121 122 123 125 126 128 129 130 132 133 134 135 136 137 139 140 141 143 144
14 113 115 117 118 120 121 122 123 126 133 136 137 141 142
23 113 115 118 121 122 123 126 127 128 129 130 132 133 135 136 137 138 139 140 141 142 144 145
10 113 116 123 124 126 127 135 140 142 144
15 114 116 118 119 121 123 124 125 127 130 131 136 141 143 145
17 113 114 116 118 120 121 127 128 132 133 134 135 138 139 140 143 144
17 114 115 116 118 120 122 124 126 128 129 130 131 136 137 141 142 145
12 114 115 118 119 129 130 131 132 136 140 141 145
16 113 116 119 120 122 126 127 130 132 136 137 138 140 141 142 145
12 113 114 117 120 122 126 128 131 133 141 142 143
12 113 117 118 120 121 124 132 135 139 140 141 143
20 113 114 116 118 119 123 124 125 126 128 130 131 133 137 138 139 140 141 143 145
22 114 116 117 118 120 122 123 125 126 127 128 130 131 132 133 134 136 137 140 142 143 144
24 113 114 115 117 119 121 122 125 126 127 128 129 130 131 132 133 135 136 137 138 140 142 144 145
23 114 115 116 117 119 121 122 123 125 126 127 129 131 132 133 134 136 138 139 141 142 144 145
21 113 114 115 116 117 120 123 124 126 128 130 133 134 136 137 138 139 140 141 144 145
17 115 116 117 120 121 123 125 126 130 131 132 133 135 138 139 140 142
16 115 118 119 121 123 125 126 128 129 130 132 136 137 140 141 144
17 113 114 116 118 119 122 123 124 125 126 127 131 132 134 135 140 143
11 115 119 122 125 129 134 135 137 140 141 143
15 113 115 117 119 120 123 126 128 132 133 137 139 141 142 144
15 115 116 119 121 125 129 130 131 134 135 136 139 141 142 145
23 113 115 116 117 119 122 123 125 126 127 129 130 132 133 134 136 137 138 140 142 143 144 145
14 113 114 120 125 128 129 132 134 135 136 137 138 139 144
16 116 119 121 122 124 127 128 130 131 132 133 138 139 143 144 145
25 115 117 118 119 121 123 124 125 128 129 130 131 132 133 134 135 137 138 139 140 141 142 143 144 145
13 114 117 121 122 123 124 127 133 135 136 140 142 145
26 113 115 116 117 119 122 124 125 126 127 128 129 130 131 132 133 134 135 138 139 140 141 142 143 144 145
22 113 114 116 117 118 120 121 122 124 126 130 131 132 133 134 136 137 138 139 141 143 144
10 117 122 125 128 129 130 131 133 138 139
15 113 115 124 125 127 129 130 131 132 134 135 138 143 144 145
22 113 114 115 117 119 120 121 123 124 125 126 128 130 131 132 134 136 137 139 140 142 144
21 113 114 115 116 117 118 120 121 122 124 125 128 129 131 133 136 137 139 141 142 145
20 116 117 119 120 123 124 126 128 130 131 132 133 134 135 136 139 141 142 143 145
22 113 117 118 120 121 122 123 124 125 126 127 128 129 130 132 135 136 137 138 141 142 145
14 115 116 119 120 121 122 123 126 127 131 134 136 139 142
21 113 115 116 117 118 119 120 121 122 123 126 128 129 130 131 135 139 140 142 143 144
12 116 118 121 123 124 126 128 129 135 141 144 145
17 113 114 115 117 122 124 125 126 127 128 130 136 138 139 143 144 145
18 114 117 120 122 124 127 128 129 130 131 132 133 136 137 140 141 143 145
17 113 114 115 116 117 119 124 125 129 131 137 138 140 142 143 144 145
18 113 117 119 122 123 128 130 132 133 135 137 139 140 141 142 143 144 145
19 147 149 158 163 166 169 174 175 176 188 193 195 196 197 203 208 209 210 213
20 146 147 150 151 152 155 157 160 164 166 168 171 176 181 195 199 204 208 209 212
16 147 153 154 155 161 166 168 170 171 181 185 192 194 198 206 208
21 146 153 155 157 159 161 165 172 173 175 179 187 197 202 204 206 207 210 211 212 213
22 147 149 151 153 155 158 163 164 168 172 178 179 186 187 198 199 200 201 202 203 204 206
31 146 147 149 150 151 152 153 156 157 159 161 164 165 166 175 179 181 185 188 189 191 192 193 194 197 200 203 207 208 209 212
18 147 149 150 161 169 170 172 174 175 178 184 187 202 204 207 210 212 213
29 146 151 152 153 158 159 160 161 162 163 164 168 174 178 181 182 187 191 193 195 196 197 201 202 203 205 206 208 210
21 149 156 158 162 165 169 173 174 178 180 183 184 187 191 199 200 201 204 207 210 212
24 146 147 154 156 157 165 166 167 169 172 176 177 178 184 185 192 193 195 196 197 199 204 206 212
44 146 147 149 152 156 157 159 160 161 162 163 164 165 166 167 168 169 171 172 173 174 176 177 179 182 183 186 191 192 193 194 195 197 198 199 201 202 204 205 206 207 209 210 213
25 146 148 151 153 158 160 162 164 165 168 171 185 189 190 191 193 194 195 196 197 198 200 203 206 211
26 147 148 150 153 154 155 156 163 167 170 176 178 179 183 186 187 189 190 194 195 199 200 202 204 206 211
26 148 158 161 164 167 171 172 175 179 181 182 183 184 188 190 193 195 197 199 201 202 203 209 211 212 213
26 150 151 152 157 159 161 163 167 168 169 170 171 172 177 179 184 187 189 190 194 196 200 201 207 208 212
22 152 155 156 157 159 160 163 165 166 169 170 173 174 177 178 187 192 194 196 204 206 208
26 146 148 150 152 153 154 158 162 163 164 165 168 170 176 183 184 186 192 193 194 196 198 201 202 204 208
13 157 167 171 172 173 175 181 183 196 197 204 206 213
41 146 148 149 150 152 154 157 158 160 161 162 163 166 167 168 175 176 177 178 180 181 182 183 184 185 187 188 189 190 191 192 193 194 197 198 199 202 205 206 212 213
21 148 152 155 156 158 160 162 164 165 174 175 186 187 189 190 191 204 205 207 211 213
17 146 147 153 156 166 169 179 185 188 191 194 195 198 203 209 210 211
16 146 148 154 159 163 166 176 182 183 192 195 196 197 199 201 206
20 146 149 157 161 163 166 168 170 173 176 178 180 183 185 192 194 202 208 209 210
25 148 150 154 157 165 166 170 171 173 175 176 179 180 185 186 188 189 190 192 198 207 209 211 212 213
16 147 148 149 151 156 162 176 177 182 183 186 188 190 191 205 208
24 148 150 151 153 154 155 158 170 175 178 180 181 184 185 187 188 189 190 196 200 203 208 211 212
12 150 153 155 157 162 168 184 188 193 196 202 203
25 152 154 155 156 157 159 163 166 167 173 176 177 179 180 181 182 183 186 188 192 199 201 205 208 209
42 147 149 151 155 156 157 159 160 161 166 167 169 171 172 173 174 175 177 178 179 180 181 182 185 187 188 189 190 191 195 197 199 200 203 205 206 207 209 210 211 212 213
25 149 150 152 153 160 164 165 167 170 173 175 177 178 185 186 187 188 189 190 191 194 208 209 211 213
7 148 177 187 201 206 211 213
12 147 149 151 167 172 173 177 179 181 183 202 206
13 151 153 157 160 165 168 171 179 181 182 190 198 200
12 147 172 175 176 177 184 187 188 191 192 198 204
17 150 152 161 163 168 174 175 176 184 187 192 193 198 199 200 201 212
22 148 149 153 155 160 163 175 179 180 181 183 187 188 194 198 201 202 203 205 207 211 213
34 146 149 152 153 156 158 159 162 164 166 167 169 171 172 174 175 177 178 179 182 184 189 191 193 195 200 201 202 206 207 209 210 211 212
13 146 153 159 160 166 169 180 185 191 205 207 210 211
17 148 154 159 161 164 165 168 170 176 182 184 189 190 201 205 207 208
37 146 148 150 151 152 153 154 155 156 157 159 161 162 163 165 167 169 173 178 182 183 185 186 189 193 194 195 196 201 203 205 207 208 209 210 211 213
31 147 148 150 151 153 155 156 158 162 164 168 171 173 181 182 186 187 189 190 194 195 197 198 201 204 205 206 209 210 211 212
17 151 155 158 161 168 169 171 172 174 179 193 198 202 203 204 205 212
12 150 154 163 164 167 169 184 192 193 196 198 199
21 149 150 151 152 155 158 160 162 163 174 177 178 180 186 187 192 193 199 200 202 212
10 147 156 157 162 180 181 184 200 207 210
22 152 154 156 160 164 172 173 175 177 178 185 187 190 191 192 195 198 199 204 207 209 213
20 153 154 155 158 160 166 174 176 180 181 182 186 188 192 195 197 198 199 210 211
10 148 149 161 181 183 189 200 201 208 212
13 153 155 156 158 172 179 185 190 193 198 205 211 213
14 146 149 152 161 162 168 171 172 174 177 182 185 188 203
21 150 151 157 160 161 163 165 168 170 176 183 185 186 188 190 199 203 204 205 208 213
22 146 147 148 149 156 162 164 165 173 175 178 183 185 191 193 202 203 204 205 206 209 213
48 148 149 153 154 156 158 159 161 162 163 165 167 169 170 172 173 174 175 177 178 179 180 182 183 184 185 186 187 188 189 190 191 192 193 194 196 197 198 200 201 202 203 205 206 207 210 211 213
15 147 151 153 156 161 169 171 172 179 185 196 199 200 201 210
14 161 166 169 172 175 176 179 180 183 185 193 196 207 213
9 148 150 159 171 174 176 180 196 207
12 156 161 167 172 178 183 186 191 194 202 205 211
27 147 150 151 153 154 159 167 169 171 172 177 179 181 182 184 188 193 195 196 197 198 199 200 201 203 206 212
20 146 147 149 150 151 153 154 162 168 176 180 185 186 189 191 198 200 205 207 210
14 151 152 161 162 168 170 171 182 186 189 190 200 208 210
8 146 154 157 165 167 174 178 202
27 147 151 153 155 156 159 164 165 169 170 171 172 173 174 179 186 195 196 200 201 203 204 207 208 209 210 211
30 154 155 158 160 162 163 167 168 169 170 171 172 173 174 176 178 180 182 183 184 186 190 195 196 198 199 202 204 205 210
24 146 147 151 158 159 163 165 166 167 169 170 171 174 176 179 180 182 186 194 197 205 206 210 211
14 151 158 165 166 169 180 191 192 193 196 205 207 208 209
13 147 148 154 155 173 180 181 187 192 194 196 197 198
19 149 158 160 164 166 168 170 171 174 179 180 181 190 197 199 200 202 206 212
25 152 156 160 161 162 165 166 167 169 170 175 183 184 185 188 191 193 194 195 197 205 208 210 211 212
8 150 158 159 164 173 174 191 209
14 147 149 155 156 167 169 172 177 183 184 194 199 200 204
12 146 154 157 173 177 181 182 189 190 192 209 213
26 148 154 155 156 157 158 162 164 165 170 171 178 182 186 188 189 190 194 195 196 197 203 204 208 209 213
19 152 158 160 166 168 170 171 174 178 180 181 185 189 194 195 200 201 203 209
15 149 152 159 160 163 170 177 184 188 191 192 199 200 203 208
18 149 150 152 157 162 163 167 170 175 177 188 189 193 195 203 206 208 212
31 146 148 150 151 152 157 159 160 163 164 167 172 175 176 177 179 182 186 188 189 190 193 195 196 197 202 203 205 209 211 213
22 148 154 158 159 165 166 173 174 178 180 181 182 187 191 192 197 198 202 204 205 211 213
55 146 147 148 149 150 151 152 154 157 159 160 161 162 163 164 165 166 167 168 169 170 171 173 174 175 176 177 178 180 181 182 183 184 186 187 188 189 191 192 194 195 196 197 199 200 201 202 203 204 206 207 208 209 210 212
13 146 155 160 164 168 176 183 184 186 190 194 207 209
14 157 159 160 164 173 175 181 184 197 198 201 210 212 213
24 146 148 150 152 154 155 159 162 164 170 173 177 180 184 185 187 189 192 199 201 204 206 207 212
7 167 172 177 184 199 200 204
12 146 147 149 150 162 168 186 189 191 198 200 210
9 151 155 158 161 169 179 204 205 212
17 146 150 152 155 157 160 164 166 168 171 176 181 195 204 208 209 212
19 152 160 162 165 166 167 169 170 175 183 184 188 191 193 194 195 197 210 212
9 153 157 160 165 168 179 182 190 198
6 151 167 173 177 183 202
13 148 150 151 155 158 175 178 187 188 196 208 211 212
21 146 151 153 158 160 164 165 168 171 185 189 190 191 193 194 197 198 200 203 206 211
12 149 152 160 163 177 184 188 191 192 200 203 208
17 148 155 160 163 175 179 180 181 183 187 188 198 201 203 205 211 213
12 156 160 172 177 187 191 192 195 199 204 207 209
12 147 153 155 161 168 170 171 181 185 192 194 198
10 157 160 164 173 175 181 197 201 210 212
9 151 158 191 192 193 196 205 208 209
16 146 147 150 151 153 154 162 168 176 180 185 186 189 198 200 210
16 148 150 152 155 159 162 164 170 173 177 185 187 201 204 206 207
8 151 156 161 169 172 200 201 210
15 146 148 151 160 164 165 185 193 194 196 197 198 200 203 206
16 150 151 157 160 161 163 165 176 183 185 186 188 190 203 204 213
14 156 160 164 172 175 178 185 187 190 192 198 199 207 209
15 146 151 158 164 168 174 178 181 182 187 191 195 201 206 210
30 146 149 152 153 158 159 162 164 166 167 169 172 177 178 179 182 184 189 191 193 195 200 201 202 206 207 209 210 211 212
8 146 153 160 180 185 191 205 210
5 146 157 165 174 202
18 150 151 152 159 163 169 170 172 177 179 184 190 194 196 201 207 208 212
6 148 150 159 174 196 207
6 148 149 181 200 201 208
11 148 154 159 163 176 182 183 192 195 196 201
12 154 156 160 172 173 177 192 195 198 199 204 207
11 156 159 160 163 165 169 170 173 194 196 204
12 146 153 155 159 172 173 175 202 204 207 212 213
6 146 153 159 166 169 191
13 154 165 166 171 176 185 190 192 198 207 211 212 213
15 149 152 157 163 167 170 175 177 188 189 193 195 203 206 212
15 148 156 158 160 162 164 165 175 187 190 191 205 207 211 213
10 151 161 162 170 171 189 190 200 208 210
18 150 157 160 161 163 165 168 170 176 183 185 186 188 190 199 204 205 208
21 158 161 164 167 171 172 179 181 182 183 184 193 195 197 199 201 202 203 209 211 212
6 153 185 191 205 207 210
6 147 151 167 177 183 206
24 146 152 153 158 160 161 162 163 164 168 174 178 181 187 193 195 196 197 201 203 205 206 208 210
13 153 155 158 160 166 176 180 182 188 192 197 198 211
6 150 164 167 169 193 199
12 153 155 158 166 174 176 182 188 195 198 210 211
12 149 153 160 175 179 180 187 188 194 198 207 211
16 146 151 153 160 162 164 165 171 185 191 194 195 198 200 206 211
10 153 157 165 168 171 179 181 182 198 200
19 148 150 151 154 158 170 175 178 180 181 184 185 187 189 190 200 203 208 211
27 146 148 150 151 152 159 160 163 164 167 172 175 176 177 179 186 188 189 193 195 196 197 202 203 205 211 213
17 153 154 158 160 166 174 176 180 182 186 188 192 197 198 199 210 211
15 153 158 160 166 174 176 180 181 182 186 192 195 198 199 210
12 152 162 163 170 175 188 189 193 195 203 206 208
19 146 148 150 152 153 154 162 163 164 170 183 186 192 193 194 201 202 204 208
11 153 156 161 169 171 179 185 199 200 201 210
13 150 158 170 175 180 181 188 189 196 203 208 211 212
13 150 151 152 155 160 178 180 192 193 199 200 202 212
19 148 155 156 157 162 164 170 171 178 182 186 190 195 196 203 204 208 209 213
15 154 158 159 165 166 174 181 182 187 191 197 202 204 205 213
11 161 170 172 174 175 184 187 202 204 207 210
21 146 147 149 150 151 153 156 161 166 175 179 181 185 191 192 194 197 203 208 209 212
6 147 154 187 194 196 198
27 147 148 151 153 155 156 158 162 164 168 173 181 186 187 189 190 194 195 197 198 201 204 205 206 209 211 212
10 151 157 165 171 179 181 182 190 198 200
9 147 151 169 171 179 185 196 200 210
9 148 154 159 176 182 183 195 197 201
10 148 154 159 161 165 168 182 184 189 205
12 152 158 160 162 164 165 174 187 204 205 207 213
13 156 160 162 170 175 183 185 191 193 195 208 210 211
5 148 183 189 200 201
20 146 148 150 153 154 158 163 165 168 176 183 184 186 192 196 198 201 202 204 208
19 154 155 160 163 168 170 172 173 174 176 178 183 184 186 195 196 204 205 210
9 151 153 165 168 179 181 190 198 200
10 149 151 172 173 177 179 181 183 202 206
14 146 147 150 155 160 164 168 181 195 199 204 208 209 212
13 151 155 158 168 169 171 174 193 198 202 203 204 205
29 146 148 151 152 153 154 155 156 159 162 163 165 167 169 173 178 182 183 185 186 189 193 195 201 203 207 210 211 213
11 147 158 163 169 174 176 188 195 196 197 203
22 148 158 161 164 167 171 172 175 179 181 182 183 184 188 190 195 197 199 201 202 209 213
29 146 150 151 152 153 154 155 156 157 159 161 162 163 165 167 169 173 178 182 183 185 189 193 194 201 203 205 211 213
15 150 151 160 163 170 176 183 185 186 188 190 203 204 205 208
12 150 152 162 163 167 175 177 188 189 193 203 206
7 157 171 181 197 204 206 213
11 147 149 167 172 177 183 184 194 199 200 204
12 157 159 173 175 181 184 197 198 201 210 212 213
18 149 150 151 152 155 158 160 162 163 174 177 178 186 187 192 193 199 202
15 149 150 152 160 165 167 170 173 175 178 185 186 188 189 211
11 150 161 163 168 170 176 183 203 204 205 213
14 146 147 150 151 153 154 162 180 185 189 198 200 205 207
7 155 168 183 184 190 194 209
12 147 153 155 158 164 168 172 179 201 202 203 206
20 148 154 157 165 166 170 171 173 175 179 180 185 186 189 198 207 209 211 212 213
19 151 153 159 167 169 172 177 179 184 188 193 195 197 198 200 201 203 206 212
12 147 154 155 161 166 168 181 192 194 198 206 208
9 147 172 175 184 188 191 192 198 204
9 150 154 167 169 184 192 196 198 199
8 146 147 153 156 169 185 194 211
7 150 154 164 169 192 196 198
10 150 153 162 168 184 188 193 196 202 203
11 157 159 160 164 173 175 197 201 210 212 213
14 146 147 153 156 166 169 179 191 194 195 198 203 209 210
8 146 154 173 181 182 192 209 213
24 147 151 153 155 156 164 169 171 172 173 174 179 186 195 196 200 201 203 204 207 208 209 210 211
18 146 147 148 156 162 164 165 173 178 183 191 193 202 203 205 206 209 213
27 147 155 159 160 161 169 171 172 177 178 180 181 182 185 187 188 189 190 191 197 199 200 206 207 209 211 213
7 147 149 155 156 177 183 194
22 148 150 157 165 166 170 171 173 175 176 179 180 185 186 188 189 190 198 207 211 212 213
7 157 167 171 175 196 197 206
20 151 152 153 158 161 163 164 168 174 178 181 182 191 193 195 196 201 202 205 210
4 187 201 206 211
7 163 177 184 188 191 200 208
12 147 158 169 175 176 188 193 197 208 209 210 213
7 156 161 172 183 186 191 194
12 147 150 161 169 170 174 175 178 202 210 212 213
11 149 150 167 175 188 189 193 195 206 208 212
44 146 147 148 149 150 151 152 154 157 159 161 162 163 165 169 170 171 173 174 176 177 178 180 182 183 184 186 187 188 191 194 195 196 199 200 201 202 203 204 206 207 208 210 212
33 147 149 151 155 156 157 159 160 161 167 169 171 172 174 175 177 178 180 181 182 185 189 195 197 203 205 206 207 209 210 211 212 213
26 146 150 151 152 153 154 155 156 157 159 163 165 167 169 173 178 186 189 193 196 201 203 205 207 208 213
19 147 149 151 153 158 163 164 168 172 178 186 187 198 199 200 202 203 204 206
10 146 147 153 156 185 188 195 203 210 211
23 158 161 164 167 171 172 175 181 182 183 184 188 190 193 195 197 199 201 202 203 209 211 212
15 149 150 151 152 158 160 163 177 180 186 192 193 199 200 202
4 177 206 211 213
11 151 158 165 166 169 191 193 196 205 208 209
9 159 160 164 175 184 197 198 210 213
9 146 155 168 184 186 190 194 207 209
24 147 148 150 151 155 156 158 162 164 168 171 173 181 182 189 194 197 198 201 204 205 210 211 212
15 149 158 160 164 170 171 174 179 180 197 199 200 202 206 212
6 166 180 191 205 207 210
13 147 149 151 153 158 164 168 172 186 198 202 203 206
17 146 149 157 161 166 168 170 173 176 178 180 183 185 192 194 202 210
20 146 148 150 152 154 155 159 164 170 173 180 184 187 192 199 201 204 206 207 212
12 152 159 162 164 170 173 180 184 185 187 204 206
21 148 161 167 171 172 175 179 181 183 188 190 193 195 197 199 201 202 203 209 211 213
11 163 175 179 180 181 187 188 198 203 207 211
14 160 164 166 168 171 174 181 190 197 199 200 202 206 212
37 146 147 149 152 157 159 160 161 162 163 164 165 168 169 171 172 176 177 179 182 186 191 192 193 194 195 197 198 199 201 202 204 205 206 207 209 210
10 146 153 159 166 169 180 185 191 207 210
10 149 159 160 163 184 188 192 199 200 203
15 146 156 157 165 166 167 172 185 192 193 195 196 199 206 212
11 151 161 162 168 171 186 189 190 200 208 210
9 148 159 161 164 168 182 189 190 208
19 150 154 156 163 167 170 176 178 179 183 187 189 190 194 199 202 204 206 211
24 147 148 150 151 153 155 156 158 164 168 171 181 182 186 187 194 195 197 198 201 204 205 211 212
6 146 169 180 185 191 205
18 146 153 155 157 159 161 172 173 175 179 187 202 206 207 210 211 212 213
14 147 153 155 161 168 170 171 181 185 192 194 198 206 208
21 147 150 151 153 154 159 167 169 171 172 179 181 184 188 195 197 198 199 200 201 203
6 153 159 180 185 191 211
19 148 154 158 159 165 173 178 180 181 182 187 191 197 198 202 204 205 211 213
6 146 165 167 174 178 202
18 150 151 152 157 159 161 163 167 170 177 187 189 190 196 201 207 208 212
9 159 160 173 175 181 198 210 212 213
24 147 150 151 153 154 159 167 169 171 172 179 181 182 184 188 193 195 196 198 199 200 201 203 206
15 147 151 155 158 164 179 186 187 198 199 200 202 203 204 206
36 148 153 154 156 158 159 162 163 165 167 169 170 175 177 178 179 180 182 183 187 188 190 192 193 194 198 200 201 202 203 205 206 207 210 211 213
24 146 148 151 153 154 155 156 159 162 165 167 169 178 182 183 185 186 194 196 205 207 209 211 213
5 148 181 183 189 200
28 146 149 152 153 156 158 159 162 164 166 169 171 172 174 177 178 182 184 189 191 193 200 202 206 207 209 211 212
39 146 147 149 157 159 160 161 162 163 164 165 166 167 168 169 171 172 173 174 176 177 179 182 183 186 192 193 194 195 197 198 201 202 204 205 206 207 209 210
11 154 155 161 166 168 170 185 192 194 198 208
29 146 149 150 152 154 160 161 162 163 166 168 175 176 177 178 180 183 185 187 189 190 194 197 198 199 202 205 212 213
30 146 147 149 156 159 160 161 162 163 164 165 167 172 173 174 177 182 183 186 193 194 197 199 201 202 204 205 207 209 210
19 152 156 160 162 165 167 170 175 183 184 188 191 193 194 197 208 210 211 212
9 151 157 160 165 179 182 190 198 200
10 161 169 172 175 176 179 180 183 207 213
21 149 150 152 153 160 164 165 170 175 177 178 185 186 187 188 189 191 194 209 211 213
9 151 161 171 172 179 185 196 200 201
39 146 147 149 150 152 154 159 160 161 162 163 164 167 170 174 175 176 178 181 182 183 184 187 188 191 192 194 195 196 199 200 201 202 204 207 208 209 210 212
19 148 150 155 156 158 162 168 186 187 189 190 195 197 201 206 209 210 211 212
6 150 158 159 164 173 191
6 150 164 173 174 191 209
15 146 147 149 162 164 173 175 178 185 191 202 203 204 206 209
10 151 153 157 165 168 171 179 182 190 198
12 151 155 158 161 171 193 198 202 203 204 205 212
17 160 161 162 166 167 169 170 175 183 184 188 191 194 195 197 210 212
20 150 151 152 157 159 161 163 167 170 171 172 177 179 184 187 189 194 207 208 212
18 147 148 151 155 156 158 164 168 173 182 189 190 198 204 205 206 209 211
11 147 154 155 161 166 168 170 171 192 194 198
20 146 147 154 156 157 165 166 167 169 172 176 177 184 185 192 193 197 204 206 212
20 146 147 154 156 157 165 166 167 169 172 176 178 192 195 196 197 199 204 206 212
14 148 150 151 153 158 170 178 181 187 188 189 203 208 211
8 148 164 168 170 182 184 189 208
21 149 152 156 157 159 161 179 181 185 188 191 192 193 194 197 200 203 207 208 209 212
15 151 152 153 159 160 163 164 182 187 191 195 202 203 205 206
7 151 167 172 173 179 183 202
32 149 154 156 158 159 161 162 165 167 169 173 175 178 179 180 182 183 184 185 187 188 189 190 194 196 198 202 203 205 206 207 211
17 148 154 156 157 158 164 170 178 186 189 190 194 195 197 204 208 213
9 150 153 155 157 162 168 184 188 203
4 158 164 173 191
11 159 160 164 175 181 184 197 198 201 210 213
35 149 156 157 159 161 166 167 169 171 172 174 177 178 179 180 181 182 185 187 188 189 191 195 197 199 200 203 205 206 207 209 210 211 212 213
18 152 155 156 157 159 163 166 167 173 177 180 181 182 183 186 188 199 205
19 146 147 156 157 165 166 169 172 176 177 184 185 192 193 195 196 197 199 212
7 147 172 175 184 191 192 198
6 158 159 164 173 174 191
7 146 171 172 174 182 188 203
9 157 167 173 175 181 183 197 204 213
8 161 168 169 171 172 179 202 212
10 149 158 166 175 193 196 197 203 210 213
13 148 153 154 155 178 180 185 187 188 190 196 203 208
7 146 157 165 167 174 178 202
16 146 155 159 161 165 172 173 175 187 197 204 206 207 210 211 212
6 147 148 155 187 192 198
19 152 156 160 161 162 166 169 175 183 184 185 191 193 194 195 205 210 211 212
12 150 151 161 163 170 183 185 186 188 190 204 205
12 150 151 157 160 168 170 176 183 190 203 204 213
7 153 156 158 172 179 185 205
22 150 154 157 165 166 170 171 173 175 176 179 185 186 189 190 192 198 207 209 211 212 213
19 146 148 150 152 154 155 162 170 173 177 180 187 192 199 201 204 206 207 212
9 154 161 164 182 184 190 201 205 207
20 146 147 151 158 159 163 165 167 169 171 174 176 179 180 186 194 197 206 210 211
9 147 149 176 177 186 190 191 205 208
18 148 154 158 159 165 166 174 178 180 181 182 187 192 197 198 204 205 213
10 153 154 158 166 176 181 182 186 192 198
15 146 147 149 150 154 162 168 176 185 186 189 191 200 205 210
11 159 164 173 175 181 184 198 201 210 212 213
11 147 156 161 169 171 179 185 196 200 201 210
9 151 153 157 160 168 181 182 190 200
21 149 152 153 160 164 165 170 173 177 178 185 186 187 188 189 191 194 208 209 211 213
6 150 167 184 192 193 199
9 146 159 166 180 191 205 207 210 211
17 150 153 155 156 167 176 178 179 183 186 187 195 199 200 202 206 211
14 146 153 157 159 161 165 172 173 175 197 204 210 211 213
8 147 153 161 169 172 179 196 200
28 146 147 148 151 152 154 160 161 162 165 166 168 169 177 186 187 188 189 191 192 194 195 196 202 204 207 210 212
13 152 155 156 157 163 167 173 177 179 180 188 199 209
8 146 147 156 166 169 185 191 211
10 147 151 162 176 177 183 186 188 205 208
7 152 161 168 170 171 189 200
8 150 154 164 167 184 193 196 199
22 146 152 153 159 160 161 162 164 168 174 178 182 187 195 196 197 201 202 203 206 208 210
14 149 150 152 162 163 167 170 175 193 195 203 206 208 212
15 152 156 165 166 169 183 185 188 191 195 197 208 210 211 212
23 148 154 155 156 157 158 164 165 170 171 178 182 189 190 194 195 196 197 203 204 208 209 213
22 147 150 151 153 154 167 172 177 179 181 182 184 193 195 196 198 199 200 201 203 206 212
7 146 154 177 189 192 209 213
17 146 150 152 154 155 159 170 177 180 184 187 189 192 204 206 207 212
23 147 150 153 156 157 161 164 165 166 175 179 181 185 189 192 193 194 200 203 207 208 209 212
13 146 147 148 156 162 165 173 175 185 193 202 206 213
13 147 158 163 165 169 176 179 180 182 194 205 206 210
11 146 159 163 166 182 183 192 196 197 199 206
11 147 150 162 185 186 189 191 198 200 205 207
10 153 155 156 158 172 179 193 205 211 213
5 146 154 165 167 174
14 147 150 161 169 172 174 175 178 184 187 202 207 212 213
14 147 149 151 153 158 163 168 178 179 187 199 200 202 204
10 157 159 160 164 175 181 184 198 201 210
7 156 167 169 177 183 194 200
30 149 154 156 158 163 165 167 172 175 177 178 179 180 184 185 186 187 189 193 196 197 200 201 202 203 205 206 210 211 213
10 146 147 153 166 179 185 194 195 198 209
5 146 154 165 167 178
9 150 154 164 167 169 184 193 196 198
29 146 150 153 155 156 157 159 161 162 163 165 167 169 173 178 182 183 185 186 194 195 196 201 203 205 207 208 210 211
17 152 156 157 159 163 165 169 170 174 177 178 187 194 196 204 206 208
31 146 149 152 156 157 160 161 163 164 165 166 167 168 171 173 174 176 177 179 182 183 192 193 195 197 198 201 205 206 207 209
9 149 160 164 166 170 174 179 200 212
11 146 148 154 159 163 176 182 192 196 197 199
25 146 149 152 156 158 159 164 166 167 169 171 172 175 177 178 179 182 184 189 191 193 200 209 210 211
20 146 147 149 151 156 157 161 166 175 185 188 189 191 192 194 197 200 203 207 209
12 151 153 156 169 171 172 179 185 196 199 201 210
8 157 175 181 184 198 201 212 213
6 161 167 178 186 191 194
18 146 148 152 154 155 159 164 170 177 180 184 185 187 192 199 201 206 212
22 148 161 164 167 171 172 179 181 182 184 188 190 193 195 197 199 202 203 209 211 212 213
15 152 157 159 160 163 165 169 170 173 174 187 192 194 204 206
24 146 147 149 150 151 152 156 157 159 161 175 179 181 185 188 189 192 193 194 200 203 207 208 209
13 147 148 153 154 163 167 178 190 194 199 202 206 211
21 146 148 150 152 157 160 172 175 176 179 182 186 188 189 193 195 196 197 203 205 213
14 156 158 162 169 173 174 178 187 199 200 204 207 210 212
18 146 147 151 158 159 163 165 166 167 174 176 179 180 182 186 205 210 211
18 146 152 158 159 166 169 171 172 174 182 184 191 195 200 201 202 207 212
17 149 150 151 152 158 160 163 174 178 180 186 192 193 199 200 202 212
10 149 163 168 173 176 192 194 202 208 209
10 156 161 167 178 183 186 191 202 205 211
21 146 148 152 153 154 158 162 163 164 168 176 184 186 192 193 194 196 198 202 204 208
7 150 153 162 184 193 196 203
7 148 159 171 174 176 180 207
17 148 155 163 175 179 181 183 187 188 194 201 202 203 205 207 211 213
11 147 148 149 151 176 183 186 190 191 205 208
11 149 150 152 167 175 177 188 195 203 206 212
12 147 148 149 164 175 178 183 191 202 203 209 213
13 147 149 162 164 165 183 193 202 203 204 205 209 213
10 151 155 169 171 174 179 202 203 204 205
6 158 159 164 174 191 209
14 147 151 158 163 167 169 170 171 174 176 180 186 194 197
36 148 149 154 156 158 159 161 162 163 165 167 169 172 173 177 178 180 183 184 185 187 188 189 190 192 193 196 198 200 201 205 206 207 210 211 213
15 149 158 160 164 166 170 171 174 180 190 197 199 200 202 212
12 149 153 179 180 181 183 187 201 202 203 205 207
41 148 149 153 154 156 158 159 161 163 165 167 169 170 172 173 174 177 178 180 182 183 184 185 186 187 189 190 191 192 194 196 197 200 201 203 205 206 207 210 211 213
14 152 155 164 165 174 175 186 187 189 190 204 207 211 213
12 147 157 165 166 167 184 185 192 193 195 196 197
12 146 149 161 168 170 176 180 183 185 194 209 210
14 150 157 162 163 167 170 177 188 189 193 195 206 208 212
9 147 153 166 171 181 185 192 194 208
17 151 159 164 169 170 171 172 173 174 186 200 203 204 207 208 209 211
6 151 167 172 173 177 181
7 156 161 172 178 191 194 211
20 148 154 155 156 157 158 162 164 165 170 182 186 189 190 195 196 197 203 204 213
14 146 148 152 154 158 164 165 170 183 186 192 194 204 208
15 151 153 159 161 168 174 182 191 195 196 197 201 203 208 210
29 146 149 152 153 156 158 159 162 164 166 169 171 172 174 175 177 178 182 184 189 191 193 201 206 207 209 210 211 212
13 152 160 166 168 171 174 178 180 181 185 189 201 203
10 158 164 171 179 180 181 200 202 206 212
32 146 147 148 149 151 152 157 159 161 164 165 166 167 169 170 171 173 174 176 181 186 187 188 192 194 197 200 201 203 204 206 208
13 147 153 154 155 168 170 171 181 185 192 194 206 208
13 147 153 154 155 166 168 170 171 181 185 192 194 198
8 146 154 157 173 189 190 192 213
13 146 147 148 149 173 175 183 185 202 203 204 209 213
24 146 148 150 152 153 154 155 156 157 159 161 162 165 169 173 182 186 193 195 196 201 203 207 208
10 156 161 167 172 178 183 191 194 202 211
4 157 165 167 174
9 147 151 156 161 172 185 196 199 200
18 148 154 155 157 162 165 170 171 178 182 188 189 190 194 195 197 203 213
10 157 159 160 164 175 184 197 201 210 212
11 148 154 165 180 181 191 192 204 205 211 213
14 148 149 151 156 162 176 177 182 183 186 188 190 205 208
15 146 147 150 152 155 160 164 168 171 176 181 195 199 204 212
16 150 153 158 170 175 178 180 181 184 185 187 188 189 190 203 208
13 156 158 162 165 173 178 183 187 191 199 200 204 207
11 149 150 152 157 167 170 177 193 195 206 208
12 147 149 150 161 169 170 172 175 184 202 207 210
17 156 158 165 169 173 174 178 180 183 184 187 191 200 204 207 210 212
18 148 149 153 155 160 163 175 179 187 194 198 201 202 203 205 207 211 213
9 147 148 149 176 182 186 188 190 191
12 149 156 162 169 178 183 187 191 199 201 207 210
14 147 150 154 167 171 182 184 188 193 195 199 200 203 206
18 151 152 157 161 163 170 172 177 179 184 187 190 194 196 201 207 208 212
30 157 159 160 162 163 165 166 167 170 175 176 177 178 180 182 183 186 187 188 192 197 199 200 201 203 207 208 209 210 212
4 146 154 165 178
17 156 161 162 166 167 169 175 183 184 188 193 195 197 205 208 210 212
16 147 148 163 170 176 178 179 187 189 190 195 199 200 202 204 206
28 147 149 152 159 161 165 166 168 169 172 173 174 176 177 182 186 192 193 194 195 197 198 199 201 202 204 206 213
15 148 156 158 160 164 165 174 175 186 187 190 191 204 207 213
36 146 149 150 154 155 157 160 161 164 165 167 168 169 170 174 176 177 178 180 182 186 191 192 194 196 197 198 199 200 201 202 204 207 208 209 210
39 146 147 152 153 154 155 157 158 163 164 165 166 169 171 172 174 175 178 183 185 186 187 189 190 192 194 196 198 200 201 202 203 204 206 207 210 211 212 213
30 146 151 152 160 161 163 164 165 166 167 168 173 174 176 177 179 181 182 185 189 195 196 198 200 203 207 208 209 211 213
21 146 147 148 153 159 161 163 170 171 172 173 175 178 183 185 187 192 196 203 211 213
26 146 148 150 161 164 165 167 168 170 171 175 177 178 179 181 184 190 192 193 195 196 199 207 209 211 212
32 146 147 148 150 151 152 156 157 158 159 160 161 165 172 176 177 180 184 185 186 187 192 194 198 199 201 202 203 208 210 212 213
44 146 148 150 151 153 156 157 158 161 164 165 166 167 168 169 170 172 173 175 176 177 178 179 182 183 184 186 187 188 189 191 192 194 195 198 199 200 203 204 206 207 208 210 211
45 147 148 149 150 151 152 153 156 157 158 159 160 161 162 164 169 176 177 178 179 181 182 183 184 185 188 189 190 192 193 194 195 196 197 198 199 200 202 203 204 205 207 208 209 212
28 149 161 162 164 165 167 168 169 172 174 177 178 180 182 186 187 189 192 196 197 200 202 203 204 206 207 208 209
33 146 147 148 151 153 156 159 160 161 162 164 166 170 173 174 177 178 188 189 190 191 193 195 200 202 203 204 205 206 207 208 210 212
39 149 150 151 154 156 157 158 159 160 161 162 163 164 165 170 171 172 175 179 180 181 187 188 189 192 195 196 197 199 200 203 204 205 206 208 210 211 212 213
26 148 149 151 155 156 158 159 161 162 163 165 169 171 173 178 181 186 188 190 197 199 205 207 208 212 213
35 146 147 153 154 158 159 161 162 164 165 168 169 173 175 176 180 183 184 186 188 189 191 192 195 197 198 199 200 201 202 204 206 207 209 211
24 147 152 153 158 161 162 163 170 172 179 182 183 188 189 190 192 198 200 202 206 207 211 212 213
45 148 149 150 151 154 155 156 157 160 161 162 164 166 167 168 171 172 173 175 177 182 183 184 185 186 187 188 189 190 192 193 194 195 196 197 198 199 201 203 204 205 206 208 209 213
44 146 147 150 151 152 153 155 157 158 160 163 164 166 167 168 170 171 172 173 174 175 178 185 186 187 189 190 192 194 195 196 200 201 202 203 204 205 206 208 209 210 211 212 213
38 147 148 151 152 154 155 158 162 163 165 166 167 168 170 173 174 176 177 179 180 181 183 184 187 189 190 191 195 198 199 201 202 203 204 206 207 209 212
30 146 147 152 154 156 157 159 164 170 172 175 179 182 183 187 189 192 193 194 195 197 198 199 200 202 208 209 210 211 212
33 147 149 152 153 155 156 157 158 159 164 165 166 169 174 177 180 185 186 187 189 190 191 193 196 199 200 202 203 204 207 208 209 211
32 147 152 154 156 160 161 162 163 164 166 169 173 175 178 179 180 181 182 186 189 192 195 196 197 198 199 200 201 202 210 211 212
35 146 147 148 149 153 155 159 160 165 167 171 173 175 176 177 178 179 181 182 185 186 188 189 190 192 193 194 196 197 198 199 202 203 204 205
41 146 148 151 154 156 157 159 160 161 164 166 169 170 171 172 173 174 177 180 181 182 183 184 185 186 190 192 194 195 197 198 199 200 202 203 204 206 208 210 212 213
34 146 147 148 151 154 155 156 160 164 166 169 170 171 172 175 176 177 178 179 181 182 183 186 187 188 192 193 200 202 205 208 210 211 213
36 146 150 151 153 155 156 158 163 166 167 168 169 176 177 178 180 183 184 185 189 191 192 193 194 196 197 198 199 200 202 207 208 209 210 211 213
30 147 149 151 155 158 161 164 165 168 170 171 172 175 176 177 179 180 182 183 184 193 194 196 200 201 202 203 206 208 212
41 146 149 150 153 154 155 156 157 159 161 162 164 165 167 168 170 171 172 173 174 178 181 182 183 184 185 187 189 192 193 194 196 197 198 199 203 205 207 208 209 210
47 146 147 148 149 151 152 153 154 155 159 160 162 163 166 168 169 170 171 172 173 175 176 178 180 182 184 185 186 187 190 192 193 194 196 197 198 199 200 201 203 205 206 207 209 211 212 213
41 146 148 149 150 153 154 157 159 160 163 164 165 166 167 170 172 174 175 176 178 179 180 183 184 188 189 190 192 194 195 197 200 202 203 204 205 207 208 210 211 213
20 149 153 155 157 159 170 171 172 175 179 184 188 190 191 192 193 200 209 211 212
34 146 147 149 151 152 153 155 156 157 158 159 161 163 164 168 174 177 180 181 183 184 185 187 189 190 191 195 196 197 198 199 201 203 204
30 146 147 148 149 150 153 154 155 157 159 162 165 169 175 176 179 182 186 187 188 189 194 196 197 198 201 203 206 210 213
36 146 147 150 153 154 155 157 158 159 160 162 163 167 168 172 173 174 181 182 183 184 185 186 188 190 191 192 193 198 202 203 207 208 209 210 212
35 146 147 148 149 150 151 152 153 156 158 159 163 166 168 172 175 176 179 181 183 184 187 188 190 192 193 197 198 201 202 203 204 206 210 211
38 147 150 152 153 154 156 157 159 160 161 163 165 166 167 168 169 174 175 177 179 184 186 187 190 191 193 195 196 198 199 201 202 203 204 207 208 209 212
29 147 151 163 165 171 173 174 175 176 177 180 181 183 184 191 193 196 197 199 200 201 202 203 206 207 208 209 210 211
22 148 149 150 152 153 156 159 169 170 179 189 190 191 192 193 194 195 196 203 209 210 213
37 146 147 148 152 154 155 156 158 159 160 162 165 168 169 171 173 174 179 180 181 188 190 191 192 193 194 195 196 199 200 203 204 205 206 210 211 213
27 147 152 153 155 159 161 162 166 170 171 176 179 180 187 188 189 191 193 194 197 198 200 203 205 206 208 213
23 149 150 154 156 164 167 169 170 171 178 179 182 188 191 193 194 200 201 205 206 210 211 212
30 150 152 153 154 156 157 158 161 162 164 167 168 170 171 172 179 181 184 185 189 191 192 193 195 196 197 198 200 202 205
41 147 148 149 150 151 153 154 156 157 159 160 162 164 165 166 170 171 174 176 177 178 182 183 184 185 188 190 191 193 194 196 197 198 204 205 206 209 210 211 212 213
32 151 153 154 155 156 160 161 165 166 167 168 169 172 173 175 180 181 185 190 191 193 195 197 198 200 201 202 204 206 211 212 213
24 146 150 154 156 157 163 164 165 166 171 176 177 179 183 185 190 192 194 195 198 201 210 211 213
21 146 149 152 154 155 157 159 162 168 170 173 179 180 184 185 195 199 201 203 209 210
39 147 148 150 153 156 159 160 161 163 164 167 168 169 171 173 174 177 178 179 182 183 184 185 186 187 190 191 192 193 196 198 199 200 202 206 207 209 210 212
28 146 147 149 150 153 157 158 159 163 164 166 169 173 175 176 177 187 192 195 196 197 198 199 201 202 204 208 210
37 147 148 149 151 153 154 156 158 159 160 163 164 165 166 168 171 172 174 176 177 180 183 184 191 192 193 194 195 196 199 201 202 204 205 207 211 212
36 146 150 153 155 156 157 158 160 162 163 165 170 173 174 177 178 181 183 185 186 187 188 189 190 191 193 194 196 197 198 201 203 205 209 211 213
27 146 151 155 157 161 163 165 169 175 176 178 179 180 182 183 184 187 189 192 193 198 202 204 208 211 212 213
24 148 151 153 156 157 162 163 164 166 167 169 172 173 175 176 184 186 187 194 198 201 203 205 207
46 147 148 150 151 152 154 155 156 157 158 163 164 168 169 170 171 172 174 175 176 179 180 181 182 183 184 185 186 188 190 191 192 193 195 196 197 198 199 200 201 203 205 207 209 210 213
40 147 148 149 152 153 154 155 156 158 162 164 165 168 170 171 172 173 175 176 178 179 182 183 185 186 187 189 191 192 194 195 196 197 199 202 203 204 207 208 211
40 146 149 153 154 155 158 159 160 161 162 163 164 165 167 169 170 172 174 175 177 178 182 183 184 186 189 191 192 195 196 197 200 204 206 207 208 209 210 211 212
23 146 151 153 167 168 173 176 177 178 182 186 190 193 195 198 202 203 204 206 208 210 211 212
44 147 148 150 151 152 153 154 155 156 158 160 161 165 166 167 168 170 172 173 174 176 178 180 181 183 184 187 188 189 190 192 193 195 196 197 198 199 200 201 205 209 211 212 213
30 147 152 154 157 158 159 160 162 163 165 167 171 173 174 175 177 178 181 186 188 192 193 194 196 197 199 202 209 210 211
42 146 147 149 152 154 155 156 157 158 159 160 161 162 163 164 167 168 171 172 175 177 178 182 183 184 185 186 187 190 191 192 195 196 197 198 200 205 208 210 211 212 213
42 146 149 151 152 154 156 157 158 159 160 162 165 166 170 171 173 175 176 178 179 180 182 183 186 187 189 190 191 193 198 199 200 201 203 204 205 206 207 208 209 211 213
29 147 150 151 156 157 158 160 164 168 170 172 173 179 181 183 184 187 189 190 191 196 198 201 205 207 208 209 212 213
38 146 147 151 156 157 158 159 161 162 163 165 167 168 170 171 174 176 178 179 185 186 187 189 191 192 193 194 196 197 198 200 203 204 207 208 209 212 213
42 146 149 150 151 152 156 158 159 160 161 162 163 164 165 166 168 169 172 173 175 176 178 179 182 185 186 187 191 192 194 195 197 198 199 201 202 204 205 207 208 211 212
46 146 147 148 149 150 151 152 153 156 157 159 160 162 164 166 170 171 172 174 177 178 179 180 181 182 183 185 186 187 189 190 191 193 194 195 197 198 199 200 201 202 204 207 209 210 213
21 147 157 159 160 161 163 168 174 176 177 180 183 190 191 195 196 201 206 208 210 212
26 146 152 153 155 161 163 165 169 170 173 174 175 176 178 184 194 195 199 200 201 202 203 205 206 208 211
22 146 148 157 159 162 164 165 169 171 175 177 181 183 185 186 196 198 199 200 207 209 210
42 146 147 153 154 156 157 159 161 162 164 166 168 169 173 174 175 177 178 179 181 182 183 184 185 186 187 188 190 191 192 193 194 195 197 198 200 203 204 206 207 211 212
45 146 147 148 149 150 153 154 156 157 158 160 161 162 163 164 165 166 167 168 169 170 172 175 177 178 179 180 181 182 184 186 188 192 194 195 196 199 201 203 204 205 208 210 212 213
27 147 152 154 155 158 167 170 171 172 174 181 182 184 186 188 192 193 197 198 199 203 204 205 208 210 211 212
24 151 152 158 161 163 165 167 169 172 174 175 186 187 188 190 192 193 196 199 200 203 206 207 211
24 147 149 154 156 157 158 161 163 168 170 171 174 176 181 183 186 189 194 199 200 201 203 204 207
37 146 147 148 150 151 152 153 154 157 158 159 160 162 163 164 166 169 175 178 180 181 184 186 187 188 192 193 195 196 201 202 205 207 209 210 211 212
25 146 150 151 152 154 155 161 162 165 167 169 171 181 182 188 189 190 192 193 196 197 199 204 206 208
42 146 149 150 154 156 158 160 161 162 163 164 165 166 167 168 169 170 172 175 176 177 178 182 183 184 185 187 188 189 192 194 195 196 199 201 204 205 206 207 208 209 210
42 147 148 149 150 151 152 153 154 158 159 160 161 163 166 167 170 171 175 177 179 180 182 183 189 190 192 194 195 197 199 200 201 202 203 204 205 208 209 210 211 212 213
34 148 154 155 156 157 158 159 164 166 167 168 170 171 172 178 179 180 182 183 184 185 186 189 190 195 196 198 199 202 203 205 206 210 213
35 147 148 154 157 158 159 160 162 163 164 165 166 170 172 173 176 177 180 181 185 186 189 190 191 193 194 196 197 199 200 201 202 207 209 210
43 146 148 149 150 153 155 156 157 158 159 161 162 163 164 165 166 168 171 172 177 178 181 182 185 186 188 189 190 193 198 199 200 203 204 205 206 207 208 209 210 211 212 213
28 153 154 158 159 164 165 166 167 169 172 173 174 175 177 179 181 182 183 186 187 188 189 193 196 197 201 204 208
29 148 149 153 155 156 157 158 159 160 162 164 165 167 169 170 171 180 181 183 184 185 187 188 193 197 198 207 208 213
36 149 150 155 156 158 160 161 163 166 169 170 172 174 175 177 178 179 181 182 183 187 188 191 192 194 195 196 197 198 199 201 204 206 208 209 212
46 146 147 148 149 150 151 152 153 156 158 159 160 161 163 164 165 166 167 168 170 171 173 174 176 177 179 182 183 184 185 186 187 188 189 190 191 197 198 200 201 202 203 204 206 207 209
25 148 149 151 153 157 158 159 160 164 165 170 172 174 175 178 180 182 184 187 190 191 199 204 209 210
31 147 149 156 158 160 161 162 167 170 172 173 176 177 178 183 184 186 187 188 189 190 193 194 195 196 201 202 204 205 207 211
36 146 147 150 152 154 156 157 158 161 166 167 168 171 173 176 179 180 181 182 186 189 190 191 193 196 199 201 202 203 204 205 208 209 210 212 213
23 156 158 161 162 164 165 168 169 171 173 174 177 178 187 197 198 199 200 203 204 205 209 213
22 151 152 157 160 161 164 166 169 170 171 173 180 186 188 194 196 197 198 200 203 209 212
32 146 147 148 149 152 154 155 157 159 165 166 167 168 169 170 172 173 176 177 182 183 184 185 186 188 196 199 202 205 210 211 212
34 146 147 148 151 152 155 156 158 161 162 164 167 168 175 176 177 178 179 180 181 182 183 187 189 190 194 196 199 201 202 207 208 210 213
46 146 147 150 153 154 155 156 157 158 160 162 163 164 165 166 168 169 170 171 172 177 179 180 181 184 185 186 188 189 190 191 193 194 195 196 197 200 202 203 204 205 206 207 208 210 213
27 148 153 155 157 158 161 163 164 166 168 169 170 171 180 182 184 187 191 194 197 198 199 205 207 209 210 211
27 147 150 154 155 156 161 164 165 168 171 172 177 178 180 183 184 185 186 188 193 196 198 201 204 208 211 212
37 146 149 150 151 153 154 155 157 158 159 160 162 163 164 165 167 169 175 176 177 180 181 182 183 184 185 189 191 192 195 196 197 201 204 205 206 208
33 148 151 152 154 156 160 162 164 165 167 171 172 176 177 178 179 180 181 184 185 188 190 191 195 196 199 200 201 202 203 205 208 209
23 147 149 157 158 160 164 165 168 170 171 175 178 182 183 184 193 196 197 198 201 203 210 213
33 146 147 153 155 157 158 159 161 162 164 165 168 171 172 173 177 178 184 185 186 188 192 194 195 198 199 200 202 203 205 206 207 213
38 146 147 148 149 151 153 154 156 158 160 162 164 165 168 169 170 171 173 175 176 180 182 183 185 186 188 189 190 191 192 193 197 200 206 207 208 210 211
37 147 150 151 154 155 156 160 161 162 163 164 166 170 171 172 173 174 178 179 180 184 189 191 194 196 197 199 200 201 202 203 204 205 206 209 210 213
22 150 155 159 160 164 166 168 169 170 171 172 175 177 178 179 180 181 185 192 196 212 213
37 147 148 150 151 152 154 157 159 160 163 164 165 166 167 172 173 174 177 179 184 185 187 190 192 193 194 195 196 197 198 199 201 202 206 209 212 213
43 146 149 151 152 153 156 157 159 161 162 163 164 165 167 168 169 170 171 172 174 175 176 177 180 182 183 184 185 188 189 191 192 198 199 200 203 204 206 208 210 211 212 213
28 146 149 151 153 154 156 157 158 166 169 171 172 173 175 182 183 187 192 196 197 198 199 201 202 208 209 211 213
39 146 149 150 151 152 154 156 157 158 160 162 163 164 165 167 168 169 174 178 179 180 185 187 188 189 190 192 193 195 196 197 198 200 205 206 207 209 210 211
27 147 153 155 160 164 167 168 175 176 178 181 185 186 188 192 197 199 202 203 204 205 206 207 208 209 210 212
40 147 149 150 151 152 153 154 155 157 158 159 160 161 162 165 166 168 169 171 172 173 175 176 177 178 180 182 183 184 186 190 194 199 205 207 208 210 211 212 213
22 147 149 152 153 154 158 159 161 164 169 170 171 172 173 179 182 183 188 189 193 196 201
38 146 147 148 149 151 152 154 155 156 157 158 161 163 166 168 169 170 173 174 175 178 179 180 182 183 184 186 189 192 194 195 197 199 201 205 207 208 210
41 146 148 150 151 152 154 155 156 157 158 160 161 162 165 166 168 169 170 171 174 179 180 181 185 188 189 190 192 193 194 196 197 198 199 200 202 206 210 211 212 213
26 146 153 156 159 160 161 163 165 166 170 171 172 176 177 179 180 183 185 191 197 199 201 204 207 211 213
47 147 148 149 150 151 152 153 154 155 156 157 159 166 167 169 170 171 173 174 175 176 177 178 181 182 183 184 185 187 188 190 191 192 193 195 196 197 200 201 202 204 205 206 207 208 212 213
39 147 148 149 150 153 154 157 158 159 161 163 164 166 167 168 171 172 174 177 179 180 182 184 186 187 189 190 191 192 193 198 202 203 204 206 207 209 210 211
33 147 148 155 156 159 161 162 166 168 169 173 174 175 176 179 180 182 184 185 186 189 192 194 195 196 199 200 201 202 203 204 207 212
36 146 149 152 153 155 156 157 159 160 161 163 165 166 167 168 171 172 178 181 185 186 188 189 190 192 193 194 196 199 200 202 204 206 207 209 210
42 148 150 151 152 153 156 158 159 160 163 164 165 167 168 169 170 172 173 174 177 180 182 183 184 185 188 189 190 191 192 193 196 197 198 199 200 202 203 207 209 211 213
30 146 148 151 152 157 158 159 162 167 173 175 177 179 183 184 185 186 189 190 192 193 195 197 200 202 204 206 207 209 210
23 150 153 154 155 160 165 167 168 171 175 181 182 184 192 194 198 201 204 205 208 209 211 212
20 148 149 161 164 166 169 170 172 173 174 177 181 186 191 192 195 198 204 210 211
41 146 147 148 149 154 155 156 159 161 162 164 166 168 169 171 172 174 176 177 179 180 181 182 183 186 188 189 190 191 193 194 197 198 203 204 206 208 209 210 212 213
34 147 149 151 152 153 155 156 161 162 166 167 168 169 171 173 174 175 176 177 178 179 184 185 186 197 198 201 202 205 207 208 210 211 212
47 146 147 148 149 150 151 153 156 157 158 159 161 162 163 164 166 167 168 169 174 176 179 180 182 184 185 186 187 188 190 191 192 194 195 196 197 199 200 201 203 206 207 208 210 211 212 213
34 150 152 153 156 158 159 160 162 164 167 168 170 171 177 178 183 187 189 191 192 193 195 196 198 199 200 203 204 207 208 209 210 212 213
31 146 149 150 152 155 159 162 164 165 167 171 173 174 175 176 177 178 180 181 182 183 190 195 196 198 199 205 206 207 208 209
20 146 154 156 159 160 173 175 177 181 187 188 195 196 198 203 206 207 208 212 213
21 147 150 151 153 162 164 165 170 174 178 180 181 186 187 188 191 202 204 205 207 211
46 146 147 149 150 151 154 157 158 159 160 161 162 163 164 165 166 168 171 172 173 174 176 177 180 181 183 185 186 187 188 189 190 191 192 193 195 196 198 199 202 203 204 206 209 211 212
29 146 147 148 149 151 152 154 166 167 168 173 175 179 180 181 183 184 185 188 191 192 193 195 197 199 201 205 206 207
21 146 154 163 164 173 176 177 180 183 185 187 188 193 194 196 199 201 202 204 210 212
33 148 152 153 156 157 158 160 161 162 164 167 168 170 174 175 176 180 181 183 184 185 190 191 192 193 195 198 199 200 202 205 209 212
27 146 147 148 149 150 151 152 153 154 155 156 157 158 164 168 173 174 176 180 188 191 195 196 197 201 204 209
32 147 148 154 155 158 162 163 164 165 167 168 169 171 173 177 179 181 182 185 189 190 191 194 195 197 198 199 200 201 203 205 213
31 148 149 150 151 154 161 162 163 164 165 166 168 174 176 179 181 182 183 184 187 188 189 192 193 195 196 198 200 202 204 208
35 148 149 151 155 157 160 163 164 165 166 168 171 174 175 178 180 181 183 184 185 186 187 189 191 194 197 198 200 202 203 204 205 208 209 212
46 146 150 151 152 153 155 156 157 159 161 162 163 164 166 167 168 169 170 171 172 173 174 176 177 178 179 180 182 183 184 185 186 188 189 190 191 192 193 196 198 201 202 203 204 209 211
43 146 147 148 153 154 155 157 158 160 161 162 164 168 169 171 172 174 175 176 178 179 180 181 182 183 185 186 187 189 190 192 193 195 196 197 198 199 201 202 206 210 211 213
41 146 150 151 152 153 154 155 156 159 160 161 163 164 166 169 171 172 173 174 176 177 179 180 184 186 187 189 190 193 194 195 196 199 200 201 205 206 208 209 211 213
23 146 153 156 157 158 159 161 162 166 167 168 170 178 179 181 183 190 191 195 206 207 212 213
26 148 151 155 157 160 162 163 164 166 168 172 175 178 179 180 181 187 196 197 200 201 203 204 210 211 213
47 146 149 152 153 154 156 158 159 160 162 164 167 168 169 170 172 173 174 175 176 177 178 179 180 182 184 186 188 189 190 191 192 194 195 196 198 199 201 202 204 205 207 208 209 210 211 213
39 146 147 150 151 153 157 159 161 162 167 168 169 171 172 174 175 178 179 181 183 184 185 186 187 188 189 190 191 198 199 200 201 204 206 208 210 211 212 213
41 146 147 148 150 152 154 155 157 158 160 161 164 165 166 167 168 169 170 171 174 175 180 181 182 184 185 187 188 190 191 193 194 196 197 202 204 205 206 207 209 212
25 147 153 156 158 160 163 164 165 168 169 170 173 177 178 180 181 184 186 187 188 198 199 201 210 213
30 146 148 149 150 156 159 162 164 165 167 168 169 170 172 173 175 176 177 182 187 188 191 195 200 203 204 207 209 212 213
26 146 148 153 154 155 157 160 164 167 168 171 174 177 181 182 186 188 189 190 195 197 200 203 206 209 212
29 147 151 153 155 159 161 165 166 167 169 170 171 173 177 178 179 182 186 187 190 191 192 194 195 204 208 211 212 213
33 146 147 148 151 152 153 154 155 158 160 161 164 169 175 176 177 180 183 184 186 187 190 193 194 195 196 198 201 203 205 210 211 213
22 146 148 152 153 162 164 166 169 170 172 173 176 178 181 185 186 190 192 195 201 202 207
28 146 153 155 156 160 164 165 167 171 176 178 181 182 183 184 187 188 191 197 199 200 202 203 204 205 208 209 212
38 153 154 155 156 158 160 162 164 165 166 167 170 171 173 174 175 177 179 180 182 184 186 189 190 191 192 193 194 195 196 197 199 200 201 204 207 211 213
33 147 149 150 152 156 159 162 164 167 170 171 172 173 174 175 178 180 182 184 186 187 188 190 192 196 198 204 206 207 208 210 211 212
43 147 148 151 153 155 159 160 161 162 163 164 166 168 169 171 172 173 174 176 177 178 180 181 182 183 184 185 186 188 191 192 193 194 201 202 203 204 205 206 208 209 211 212
21 149 154 157 158 159 162 164 167 172 173 174 175 178 180 192 195 198 205 209 210 213
21 154 155 157 165 166 168 169 172 173 174 176 181 185 186 189 190 195 198 199 202 209
20 146 163 165 168 169 172 173 174 175 176 183 188 189 192 194 196 197 199 202 204
30 148 149 151 155 159 160 162 167 168 171 172 173 174 175 176 178 180 181 183 185 186 187 188 189 199 201 205 206 207 210
27 156 161 163 164 165 169 170 175 180 181 182 184 191 192 193 198 199 200 201 202 203 205 206 207 208 209 210
44 146 149 150 153 155 156 157 160 161 163 164 165 166 168 171 172 174 176 177 178 180 181 184 186 188 191 192 193 194 195 197 199 200 201 202 203 204 205 208 209 210 211 212 213
22 147 148 149 155 157 158 160 164 165 169 173 181 182 187 188 192 193 194 198 200 203 212
23 146 147 149 150 152 154 155 156 159 160 163 167 169 170 176 179 184 189 196 202 205 209 213
44 147 149 150 151 153 156 157 158 159 160 161 163 164 165 168 169 170 171 172 173 174 175 177 178 180 181 183 184 185 187 188 192 193 194 195 196 197 201 204 206 209 211 212 213
41 146 149 150 154 157 158 161 162 163 164 165 166 168 169 173 174 175 176 179 180 185 186 187 188 189 191 194 195 196 197 199 200 201 202 203 206 207 209 210 211 213
28 150 151 156 157 158 159 160 161 162 163 165 172 173 177 178 179 181 182 184 189 193 194 195 203 206 211 212 213
39 146 148 150 151 152 153 154 157 160 162 164 166 168 169 171 173 176 177 178 179 180 184 186 188 190 191 192 193 195 196 197 200 201 203 204 205 206 207 213
38 149 152 155 157 161 163 164 165 167 168 169 170 171 173 174 175 178 181 182 183 186 187 189 190 192 194 197 198 200 202 203 204 205 206 207 209 210 212
27 146 148 156 157 164 166 167 170 171 172 175 176 177 181 184 186 187 190 191 192 195 199 200 210 211 212 213
39 147 148 149 150 151 152 153 155 156 157 158 160 161 163 164 165 166 167 168 169 172 175 176 177 182 184 185 187 188 193 194 195 197 200 202 205 206 208 209
41 146 149 150 152 153 154 155 156 158 160 162 164 165 167 168 169 171 172 173 174 175 179 180 182 183 184 187 188 189 192 193 194 196 197 198 201 202 207 209 210 213
35 147 150 151 152 153 156 157 158 160 165 166 167 168 169 171 172 174 175 177 183 185 187 188 191 192 194 201 202 203 204 206 208 209 211 212
37 146 147 149 150 152 153 156 157 158 160 162 163 165 169 170 172 173 174 178 181 183 184 185 187 190 191 192 194 197 198 199 200 204 206 210 212 213
43 146 147 148 149 151 152 153 155 156 157 158 159 160 163 164 165 166 169 170 171 172 173 175 176 177 180 183 185 186 187 190 191 192 195 197 199 200 202 203 205 207 208 213
23 146 149 155 156 158 160 162 164 170 171 177 179 180 181 185 187 192 193 196 200 204 209 212
20 146 147 152 153 157 160 165 167 168 171 172 181 187 192 196 197 205 208 210 213
47 147 148 150 154 156 158 160 161 162 163 164 165 166 168 169 170 171 173 175 176 177 178 179 180 181 183 186 187 188 191 193 194 195 196 199 200 201 204 205 206 207 208 209 210 211 212 213
31 148 150 154 155 157 158 160 167 169 171 174 177 181 183 185 186 188 189 191 193 194 199 201 203 204 205 206 208 209 212 213
25 146 148 149 157 161 166 169 170 171 173 176 178 179 180 185 189 190 194 197 200 204 206 207 208 212
21 155 161 162 163 171 174 175 179 183 187 188 194 195 196 197 200 202 203 207 208 213
24 148 149 154 157 159 162 164 167 168 170 171 172 173 181 185 186 187 190 192 194 195 202 207 209
21 147 148 150 158 160 164 173 178 180 182 190 191 196 197 200 201 202 203 204 211 213
20 151 155 158 159 161 162 163 168 170 173 174 176 183 187 190 191 197 203 207 208
40 146 147 148 150 153 155 156 157 158 159 161 163 167 169 171 172 173 174 175 176 179 184 186 187 188 192 193 194 195 196 197 202 203 204 205 208 209 211 212 213
26 149 151 155 161 162 164 165 170 173 175 179 185 186 188 189 192 195 198 199 204 205 206 207 208 209 212
28 146 147 148 150 151 154 157 163 164 166 168 171 172 174 176 177 178 182 184 185 189 192 200 201 206 208 209 213
22 146 147 148 150 152 155 157 158 163 167 176 177 178 189 192 193 197 198 203 209 210 211
34 147 151 153 155 160 161 164 165 166 167 168 169 170 171 172 173 175 178 181 184 186 188 192 194 195 196 197 198 200 203 205 207 209 211
24 149 151 153 157 158 161 162 164 167 171 175 181 182 183 185 186 189 193 196 199 201 204 205 211
30 147 148 149 154 155 158 159 160 161 163 164 166 168 169 172 178 181 183 186 187 188 192 195 197 198 199 200 201 212 213
41 146 147 151 153 154 156 157 158 159 160 161 162 165 166 167 168 170 171 173 174 175 178 180 181 182 183 184 188 189 191 192 193 194 195 198 203 205 206 209 210 212
38 146 148 150 151 153 154 155 156 157 159 160 161 162 163 164 166 168 170 172 180 182 183 186 187 188 189 191 193 194 199 203 204 205 209 210 211 212 213
28 147 148 154 158 162 163 164 165 166 167 168 170 177 181 182 185 189 191 192 194 197 199 200 201 203 204 211 212
20 148 150 151 155 172 178 179 180 186 191 197 199 200 204 205 207 208 210 212 213
44 146 147 148 150 151 152 153 154 157 159 160 161 162 164 168 171 172 175 176 180 181 182 183 184 185 186 189 190 191 192 193 195 196 197 199 200 201 202 206 207 209 210 211 212
40 149 152 153 154 155 156 158 159 161 162 163 166 167 168 169 171 175 176 177 180 181 183 185 186 187 189 190 191 192 194 196 199 201 202 205 206 208 209 211 212
41 146 147 148 149 150 152 153 155 156 157 158 159 160 164 165 166 168 170 171 173 176 179 180 181 182 184 186 187 188 190 192 193 194 199 200 201 204 205 206 207 211
45 146 147 148 150 151 155 157 158 159 160 161 162 165 166 168 169 170 171 173 174 176 177 179 181 184 187 189 190 191 193 194 195 196 197 198 199 200 201 204 205 206 209 210 211 213
42 146 149 150 152 153 155 156 160 161 164 166 167 168 169 170 171 176 179 181 182 183 184 185 187 189 191 192 193 196 197 198 199 200 201 204 205 206 207 208 210 211 213
44 146 150 151 152 153 155 157 158 159 160 161 162 163 164 169 170 171 172 173 175 179 180 182 183 185 186 187 190 191 192 193 195 196 197 198 199 200 206 207 208 209 210 212 213
45 147 150 152 154 155 156 157 158 159 160 161 162 163 165 166 168 169 170 171 172 173 174 175 176 179 180 181 182 186 189 191 193 194 198 199 201 202 203 204 205 206 207 209 210 213
42 146 148 149 150 151 155 156 157 158 160 162 165 166 167 168 169 170 171 174 175 176 177 179 181 182 183 187 190 191 192 193 194 195 198 201 202 203 208 209 210 211 212
35 148 149 150 152 153 155 158 159 160 161 162 164 165 168 170 174 175 177 178 179 187 189 192 193 194 201 202 204 205 206 207 210 211 212 213
46 146 147 148 149 150 152 153 154 155 157 159 160 163 164 165 166 167 172 174 175 176 177 178 179 180 181 186 187 188 189 190 192 196 197 198 199 203 204 205 206 208 209 210 211 212 213
29 149 151 152 153 160 161 163 167 169 173 176 178 179 180 184 187 188 189 191 194 196 199 203 204 206 208 210 211 213
30 148 150 153 155 156 158 159 162 164 165 166 167 170 171 175 176 177 180 181 183 191 193 195 201 205 206 207 210 211 212
41 147 148 149 152 153 155 157 163 166 169 170 172 173 174 175 176 177 178 180 181 183 184 185 186 187 188 189 190 193 194 195 196 198 199 202 204 206 207 208 209 210
43 146 147 150 151 152 153 155 156 157 158 159 160 162 166 167 169 170 172 174 175 177 179 180 181 182 183 185 186 189 193 196 198 200 202 203 204 205 206 208 209 210 211 212
25 146 148 149 150 153 154 156 157 162 164 170 171 177 180 184 187 189 191 195 199 203 205 208 211 213
29 149 155 156 157 162 165 166 167 168 169 170 171 174 175 176 178 189 193 194 198 199 201 203 207 208 209 210 211 212
47 147 148 149 150 151 152 153 155 157 158 159 160 161 162 163 164 166 168 172 173 175 177 178 179 180 181 182 184 188 189 191 192 193 194 195 196 197 200 201 202 203 205 206 208 211 212 213
40 146 147 148 151 153 155 156 157 158 159 160 162 163 167 169 170 171 177 179 183 184 185 186 188 189 192 193 194 195 196 197 198 202 203 205 207 208 211 212 213
40 146 148 149 150 151 153 154 155 157 158 161 162 165 166 167 168 169 173 177 178 180 183 184 187 189 190 192 194 196 197 198 199 200 201 202 203 206 207 209 210
28 146 148 149 152 158 162 163 165 167 168 172 175 181 183 184 186 190 191 195 196 197 199 200 205 209 210 211 213
43 146 147 149 150 151 152 153 156 158 160 161 165 166 168 170 171 172 175 177 178 179 180 183 184 185 186 188 189 190 192 194 198 199 200 201 204 206 207 208 209 210 211 212
44 146 147 148 149 150 151 152 153 155 156 157 159 160 161 163 164 165 166 170 171 172 173 174 176 177 179 182 185 186 187 189 190 194 195 196 199 200 201 202 204 205 208 209 213
33 148 150 152 154 156 157 158 159 161 162 164 165 166 170 171 172 174 175 180 181 182 184 185 188 189 192 195 202 204 205 206 208 210
46 146 148 149 152 153 154 156 157 158 160 161 162 163 165 166 167 168 169 170 171 172 174 175 176 178 180 181 182 183 185 186 189 190 191 192 193 194 202 203 205 206 207 209 210 211 213
37 146 148 150 151 152 153 158 159 161 162 164 166 167 168 169 171 172 173 176 181 183 188 189 190 192 193 194 195 196 198 200 201 206 207 211 212 213
23 147 149 152 156 159 161 163 171 173 178 179 180 186 191 192 193 196 200 202 206 210 211 213
25 147 149 150 151 152 153 156 157 158 164 165 167 168 172 173 183 186 188 191 195 200 202 206 211 213
21 146 147 155 158 164 170 173 174 176 177 181 182 183 185 191 192 197 203 207 210 211
29 148 150 152 156 157 160 161 164 165 166 171 172 175 176 182 183 184 185 186 187 193 196 197 198 200 204 205 208 210
45 146 147 150 151 152 153 154 155 156 158 159 162 163 164 165 167 169 170 171 174 176 177 178 180 181 182 189 190 191 192 193 194 195 197 198 200 203 204 205 207 208 209 210 212 213
43 146 148 150 151 153 155 156 157 158 159 160 161 162 164 169 171 172 175 176 177 179 181 183 185 186 187 189 191 192 195 196 197 199 200 201 203 206 207 208 209 211 212 213
24 146 148 153 154 157 161 162 165 166 167 172 176 178 179 180 181 185 186 189 194 198 199 209 213
33 146 148 150 151 154 159 161 162 163 166 168 169 170 172 174 176 179 180 181 182 183 186 187 189 190 191 192 195 198 200 201 205 207
26 147 153 156 158 160 161 162 163 171 178 180 183 184 190 191 192 195 196 199 201 204 205 206 208 212 213
39 146 150 152 154 155 156 158 159 162 163 164 165 166 170 172 173 174 177 179 181 182 183 185 186 188 189 190 192 196 200 201 202 204 205 208 210 211 212 213
30 146 149 151 152 153 154 156 157 162 165 172 173 174 177 178 179 181 182 183 185 189 194 196 201 205 206 207 208 210 211
44 146 147 148 149 151 153 154 156 158 159 160 162 163 164 165 166 167 170 171 172 176 178 179 180 181 182 183 185 186 188 189 190 193 194 195 196 198 202 203 204 205 206 207 212
26 147 150 151 152 154 157 158 161 163 165 166 167 168 176 177 179 180 193 194 197 201 202 205 208 209 211
36 146 148 151 152 153 155 157 158 160 162 164 165 166 167 170 171 172 173 174 179 180 182 183 188 189 190 191 192 193 198 202 203 204 206 209 213
28 149 151 153 154 155 156 158 159 162 165 170 176 178 179 183 184 185 187 189 192 193 197 202 203 204 206 210 213
31 146 147 148 150 152 153 154 156 161 162 164 167 168 173 175 176 183 184 185 187 189 190 192 194 197 199 203 206 210 211 212
23 154 163 165 167 169 170 176 177 178 179 182 186 187 191 193 194 198 199 200 205 207 210 213
22 148 149 150 154 156 160 162 164 165 166 169 170 171 177 180 185 192 194 195 196 203 213
38 148 149 151 154 160 161 163 164 168 169 170 171 172 176 177 178 180 181 183 184 185 187 188 191 192 193 194 195 196 197 199 200 202 203 204 205 211 213
29 146 147 148 150 151 154 155 156 158 161 168 170 172 174 175 179 180 183 185 186 188 192 195 196 199 201 205 207 212
21 147 150 153 158 159 160 162 164 167 171 178 179 183 188 191 197 200 201 205 207 210
42 149 150 151 154 156 157 159 160 161 162 163 165 166 167 168 170 176 177 178 179 180 181 182 184 185 186 187 188 189 191 193 195 198 200 201 202 203 204 206 209 210 212
32 146 147 149 152 155 156 160 162 163 164 165 167 176 178 179 181 184 187 188 189 193 195 196 198 199 200 203 206 207 210 212 213
37 149 150 152 153 154 157 159 160 164 165 167 168 169 170 171 172 177 178 179 180 182 183 184 185 188 191 192 195 197 200 201 203 204 208 210 212 213
44 146 148 149 151 153 154 157 158 163 164 166 167 169 170 171 172 173 174 175 176 177 180 183 184 185 186 187 188 189 191 192 193 195 197 198 199 200 202 203 204 205 207 209 211
38 146 147 151 152 153 160 161 162 163 164 166 168 169 170 172 173 174 176 178 179 180 181 183 184 185 189 191 193 194 196 197 198 200 201 208 210 211 212
38 148 150 151 153 154 156 158 159 161 163 166 167 168 171 176 178 180 181 182 184 185 186 187 188 189 192 193 197 198 199 201 203 204 206 209 210 211 212
38 146 147 148 149 150 151 153 154 155 156 161 163 164 167 169 170 172 173 174 175 176 177 179 180 181 183 184 185 194 195 200 201 203 204 206 207 208 210
42 148 149 151 152 154 155 156 158 159 161 163 165 168 169 172 174 175 176 178 179 181 182 183 184 186 187 188 189 190 191 194 196 197 198 202 203 207 208 210 211 212 213
31 149 150 151 153 154 155 156 157 159 161 163 171 172 173 174 175 178 179 180 184 188 192 195 198 199 202 206 208 209 211 212
24 150 155 156 161 162 167 169 181 182 183 185 186 189 190 191 192 194 195 196 198 200 202 204 209
44 147 148 149 150 151 152 154 155 160 162 163 165 166 167 168 169 173 175 176 177 178 179 180 182 183 184 187 188 189 190 191 194 198 199 201 203 205 206 207 208 209 211 212 213
38 147 148 151 152 153 155 158 160 162 166 167 168 169 170 171 175 176 178 179 180 181 182 184 186 191 192 197 199 200 201 203 206 207 208 209 210 211 212
34 146 150 153 154 158 161 162 163 167 169 170 173 175 177 178 179 180 181 184 186 188 189 192 193 195 196 200 201 204 207 208 209 212 213
40 149 153 155 157 158 160 161 163 165 166 168 169 170 171 172 173 174 175 176 177 178 179 182 185 187 188 189 190 191 194 195 196 197 199 200 202 203 204 207 213
29 146 147 151 152 153 155 156 157 158 160 162 164 166 169 174 175 179 182 183 185 187 190 193 194 196 201 203 210 212
21 147 152 156 158 165 168 169 175 178 179 184 185 192 194 195 196 197 206 208 211 213
34 148 149 154 159 160 161 162 164 168 170 171 173 174 176 177 178 179 180 185 189 191 194 195 196 197 198 200 201 203 204 205 211 212 213
37 146 147 148 151 152 154 156 164 167 168 170 171 174 175 178 179 181 182 185 187 189 192 193 194 197 200 201 202 203 204 205 206 208 209 210 212 213
24 148 150 151 154 155 157 158 159 164 165 169 172 185 186 187 188 190 191 195 206 207 209 210 212
39 146 147 148 153 154 157 161 162 163 165 168 170 174 175 178 179 181 182 183 184 185 186 188 190 191 192 194 195 197 200 201 203 205 206 208 209 211 212 213
28 151 156 157 162 163 164 165 168 169 170 171 172 174 175 178 183 185 187 191 192 194 200 201 202 205 207 210 213
47 147 148 149 152 153 154 156 157 158 160 161 162 163 165 167 168 169 170 171 172 173 174 177 178 179 181 182 183 184 186 188 191 192 193 194 195 196 197 198 199 202 203 204 207 209 211 213
20 148 149 153 158 165 166 178 180 181 182 187 190 191 194 195 196 205 206 207 208
34 146 147 150 151 154 158 164 167 168 169 170 171 173 176 178 180 181 182 188 190 191 192 196 197 198 199 200 201 204 206 207 209 210 212
34 149 151 153 155 156 159 160 161 162 164 166 171 179 180 181 182 183 184 185 186 191 192 193 194 195 196 197 198 199 200 206 208 209 211
29 146 147 149 150 152 158 159 160 162 163 166 167 168 170 172 173 176 181 182 184 185 188 189 196 198 202 203 204 205
36 147 149 150 151 157 161 163 164 165 166 167 170 172 173 174 175 176 181 182 185 188 190 193 195 196 197 198 202 203 206 207 208 210 211 212 213
28 146 147 148 150 152 153 154 157 159 163 164 165 168 173 175 180 181 182 183 184 185 187 189 191 192 193 196 199
47 147 148 149 151 152 155 156 157 158 159 160 161 162 163 164 166 168 170 174 175 176 180 181 182 183 185 186 187 189 190 191 192 193 194 196 197 199 200 201 202 203 204 205 206 208 209 212
33 147 148 151 152 154 155 159 160 163 164 166 167 169 171 176 180 181 182 184 186 190 191 192 195 199 200 203 205 206 207 208 211 212
34 146 149 150 151 153 155 158 160 161 162 163 164 166 168 169 171 178 179 181 184 186 188 191 192 193 195 196 197 200 202 206 209 210 211
35 147 150 151 152 155 156 157 158 161 163 165 166 167 168 170 172 173 174 176 178 179 181 184 185 186 187 188 190 196 201 203 206 207 209 211
33 149 151 155 156 157 158 159 160 167 169 172 173 175 176 181 183 185 186 187 189 192 193 195 197 198 199 201 202 203 205 206 209 211
35 146 147 148 149 150 158 159 162 165 166 167 168 170 171 172 173 177 178 179 180 181 188 189 192 193 194 196 197 200 202 203 207 208 211 212
45 146 147 148 151 152 153 157 158 159 160 163 165 167 168 169 171 173 174 175 177 178 179 180 182 183 184 185 186 188 189 190 193 194 196 197 198 199 201 204 208 209 210 211 212 213
46 146 148 150 154 155 156 157 159 160 161 162 163 165 167 168 169 170 171 174 175 176 177 181 182 184 185 186 187 189 193 194 195 196 197 198 200 201 203 204 205 206 207 208 209 212 213
36 147 150 151 153 154 155 158 160 161 162 164 165 166 167 170 172 173 174 175 177 178 179 182 187 190 192 193 195 198 199 201 206 207 210 211 213
22 148 149 150 152 154 155 161 162 166 167 175 181 184 185 186 191 192 204 205 207 208 213
29 151 153 154 159 164 165 172 173 174 175 176 177 178 179 182 183 185 186 190 192 193 194 195 196 199 204 205 209 210
37 152 153 154 158 161 162 163 166 169 172 174 175 177 178 179 180 182 183 184 185 186 188 189 190 191 199 200 201 202 203 204 205 206 208 210 212 213
46 146 147 148 150 151 152 153 154 155 156 157 159 164 165 166 168 169 170 171 172 173 174 175 177 178 179 180 185 186 187 189 190 191 192 193 197 198 200 202 204 206 207 208 210 212 213
46 147 150 151 153 154 155 156 158 159 161 163 164 165 166 168 169 172 173 174 177 178 179 181 182 184 185 186 188 190 191 192 193 194 195 196 197 199 200 202 203 205 206 207 208 210 211
35 147 152 153 159 160 162 163 164 165 167 169 172 174 179 181 182 184 186 189 190 191 193 196 197 198 201 202 203 204 205 206 208 209 210 212
32 147 150 154 156 157 158 159 163 164 169 172 173 175 177 178 180 183 186 189 190 191 192 193 196 200 201 204 208 209 210 212 213
33 147 148 149 152 153 154 155 156 157 158 159 161 167 168 171 174 177 178 179 180 181 185 186 188 189 194 199 201 203 206 207 210 213
20 147 149 157 161 163 166 168 169 176 177 178 179 180 181 182 184 193 201 210 212
37 147 148 149 150 151 152 153 155 156 157 159 161 162 163 165 166 167 171 172 173 174 175 177 178 181 182 184 185 186 188 190 193 195 197 201 205 206
34 146 147 149 151 152 156 161 162 164 165 166 168 169 171 173 174 176 177 179 181 183 190 191 194 197 198 201 204 205 206 208 210 212 213
27 149 150 151 154 156 157 159 168 170 171 175 178 179 182 184 185 189 195 198 199 200 201 206 207 208 211 213
35 148 149 150 152 153 154 155 156 158 159 164 166 171 173 176 177 179 180 182 184 185 188 189 191 192 195 198 199 200 203 207 208 209 210 213
39 147 148 150 151 152 153 155 156 158 159 160 161 163 165 168 170 171 173 174 175 178 179 180 182 185 186 189 191 194 196 197 199 200 202 205 207 208 209 212
21 149 151 158 159 164 168 172 175 178 181 186 187 188 189 193 194 197 200 201 206 207
23 147 157 159 162 164 165 166 169 180 182 183 184 187 188 192 193 197 201 203 204 206 207 210
44 146 148 151 153 154 155 156 157 158 161 162 165 166 170 172 173 174 175 177 178 180 182 183 184 185 186 188 190 191 192 193 194 196 199 201 202 205 206 207 208 209 210 211 213
27 146 148 151 158 161 164 165 166 167 170 171 172 174 175 179 182 187 189 190 191 194 198 199 202 203 205 213
40 148 150 151 154 155 156 157 161 162 163 165 166 168 171 173 175 178 180 182 183 185 186 188 189 190 191 192 194 195 196 198 199 200 201 202 205 206 208 209 210
26 146 149 150 151 155 156 159 163 164 166 168 170 173 174 176 180 183 184 197 199 200 201 202 203 209 212
27 146 153 156 157 162 164 165 167 168 169 170 172 173 174 179 180 188 190 191 193 198 200 202 206 207 208 210
23 147 149 151 152 153 159 165 166 169 171 172 179 181 182 192 195 198 199 202 206 207 208 210
24 148 153 154 155 157 158 159 161 162 168 169 170 173 175 176 180 185 187 191 192 204 207 209 210
39 146 147 150 151 152 156 163 164 165 167 168 171 172 173 174 178 179 180 181 182 187 188 190 191 192 194 195 197 199 201 202 203 205 206 207 209 210 211 212
30 152 153 154 155 156 157 162 165 166 167 171 173 174 178 179 180 181 187 189 190 191 194 197 198 200 205 206 208 211 212
44 146 148 149 150 152 153 154 155 156 158 160 161 162 164 167 168 169 171 173 174 175 176 178 179 181 183 186 187 188 189 190 194 195 197 198 200 202 205 207 208 209 211 212 213
30 146 147 148 149 153 154 156 158 161 166 168 169 170 173 174 182 184 185 187 190 191 192 193 194 202 204 205 207 209 213
40 151 152 155 157 159 160 161 163 164 165 167 170 171 172 173 174 176 177 179 181 183 185 186 192 193 194 195 196 197 198 199 200 203 205 206 207 210 211 212 213
41 146 147 148 149 150 152 153 154 161 164 165 167 168 170 173 174 175 176 177 178 179 180 181 182 185 187 188 189 190 191 193 196 197 199 200 201 203 204 205 211 212
26 148 152 155 161 163 170 172 176 177 179 180 183 184 185 189 191 194 197 200 201 202 207 208 210 212 213
29 147 152 159 162 164 166 168 169 172 174 175 176 177 178 181 182 184 186 187 188 190 191 195 196 198 202 203 204 208
24 147 148 151 152 155 158 161 166 167 170 172 173 179 181 183 187 192 194 196 206 207 209 210 211
23 149 154 156 158 161 164 165 166 169 171 173 178 180 183 185 187 188 196 198 199 202 206 207
44 147 149 150 151 154 156 157 158 159 163 164 165 166 167 168 172 174 176 179 180 181 182 185 186 187 188 189 192 193 194 195 196 197 198 200 201 202 206 207 208 209 210 211 213
23 147 148 153 158 163 164 165 166 167 172 174 175 176 182 184 187 188 197 198 199 201 206 210
42 146 150 152 153 154 155 156 160 161 162 163 164 165 166 167 168 170 171 173 174 176 178 179 182 183 185 186 190 191 192 193 194 197 198 200 201 203 205 207 208 209 213
31 147 148 149 152 156 160 165 166 167 168 169 170 172 173 174 175 184 185 188 190 192 198 199 200 203 204 207 208 210 212 213
32 146 149 151 153 154 155 161 162 163 164 165 166 170 172 173 177 178 179 181 182 186 190 191 192 196 200 201 202 204 205 209 212
35 146 147 148 151 152 153 155 158 162 164 165 166 167 169 172 175 176 177 178 179 181 183 184 185 186 189 193 195 197 198 199 201 204 207 209
36 146 148 149 150 151 152 155 156 157 159 161 162 163 164 166 170 172 175 176 177 178 183 185 189 191 193 194 195 197 199 200 201 205 207 208 210
25 149 152 154 157 158 167 168 169 170 172 177 179 181 182 183 184 187 188 192 194 196 198 207 208 213
30 146 149 150 160 161 162 163 167 169 170 171 173 177 179 180 182 183 188 191 193 196 197 198 201 204 205 208 209 212 213
39 148 149 152 153 154 155 159 160 161 165 166 167 171 172 173 174 176 178 181 182 183 184 185 189 190 191 192 194 196 197 198 199 201 202 205 210 211 212 213
36 147 149 151 153 154 156 157 159 160 161 163 166 167 169 170 171 176 177 178 179 183 185 186 190 193 195 198 200 203 206 207 208 209 210 211 212
25 146 148 152 157 165 167 169 170 171 173 174 175 176 179 183 188 189 191 192 194 199 201 208 211 212
35 148 149 152 153 154 155 156 161 163 166 167 168 173 174 175 180 181 183 186 187 188 189 191 193 194 195 197 202 203 204 205 207 208 212 213
43 146 148 150 151 153 154 155 156 159 160 162 165 167 169 170 171 172 175 176 177 178 179 181 182 186 188 189 190 191 192 193 194 195 196 201 204 206 207 208 209 210 211 212
40 146 147 150 151 154 155 157 158 159 161 162 164 165 166 169 171 172 178 179 180 181 182 183 185 189 191 192 193 196 197 198 200 201 204 205 206 208 210 212 213
26 146 148 151 154 155 157 160 161 165 169 172 173 176 179 183 186 189 190 192 193 195 196 197 199 202 211
47 146 149 150 151 153 154 155 157 158 159 160 161 162 164 166 168 169 170 171 172 174 175 177 178 179 182 184 186 187 188 189 190 191 193 194 197 198 199 202 204 205 207 208 209 210 211 212
27 147 148 150 157 160 163 165 168 169 170 175 177 178 180 184 190 192 194 196 197 200 202 205 208 209 210 213
24 149 150 151 153 154 159 165 173 174 175 177 178 179 181 184 185 190 196 197 199 200 204 208 213
33 151 152 153 155 157 158 159 164 168 169 170 177 180 182 184 185 186 188 191 192 193 195 198 199 201 203 204 205 206 207 208 210 211
31 149 151 152 157 163 164 166 167 168 170 171 173 176 177 178 180 182 185 189 190 191 193 197 198 199 200 203 207 209 211 212
29 146 147 148 153 158 160 161 163 164 166 167 169 174 178 183 187 189 193 195 196 197 201 203 204 206 207 209 210 213
38 146 147 150 153 156 158 159 160 161 163 164 165 171 172 173 174 176 177 178 180 185 187 189 191 192 196 197 198 199 200 201 202 203 206 207 209 212 213
27 148 152 158 160 162 165 167 168 169 172 173 180 187 188 190 191 193 195 196 197 198 203 204 207 208 212 213
24 148 150 154 156 157 158 159 162 164 166 167 168 169 170 176 179 183 184 185 189 190 193 204 208
44 147 149 150 151 153 157 160 161 162 163 164 165 167 169 171 172 173 174 175 176 177 178 179 180 184 186 188 189 192 194 195 196 197 198 199 200 201 202 203 205 207 210 211 213
45 146 147 149 150 153 154 155 157 160 162 163 164 165 167 170 171 172 173 174 175 177 178 179 180 181 182 183 184 185 186 187 190 193 194 196 198 200 201 202 203 204 205 208 211 212
28 146 147 155 156 158 159 161 162 165 166 173 177 179 183 184 187 188 189 192 194 196 203 205 206 208 210 211 212
45 146 151 152 153 154 155 157 158 159 160 161 162 163 165 166 167 168 169 170 171 173 174 175 178 179 183 185 186 187 189 191 192 193 194 195 196 198 199 202 206 207 208 209 210 213
23 151 155 157 159 161 162 163 167 171 173 175 178 181 186 188 194 196 199 201 204 206 209 213
36 146 149 151 155 156 157 159 161 162 163 164 165 168 170 171 172 175 178 179 180 181 183 184 185 186 193 194 196 199 201 202 203 206 210 212 213
41 214 215 216 217 222 223 225 227 232 233 234 235 241 242 245 246 248 249 250 252 253 254 258 259 262 263 267 268 271 272 273 275 276 278 279 280 281 288 289 290 291
12 229 234 239 242 246 247 252 254 258 269 280 291
38 214 216 217 220 221 224 225 226 227 232 234 236 240 242 243 244 245 246 251 254 256 258 262 263 264 265 266 267 269 274 275 277 278 280 284 286 287 292
20 218 219 220 223 233 238 245 247 257 264 265 270 271 275 277 280 283 287 288 292
25 215 224 225 229 232 236 240 242 244 252 255 256 259 260 267 274 276 279 281 282 284 286 290 291 293
12 215 221 226 228 229 231 232 242 251 265 271 282
45 214 216 217 218 219 220 221 223 224 227 229 233 241 242 244 245 246 249 251 253 255 257 258 259 262 264 265 266 268 269 270 271 272 276 278 280 282 283 286 287 288 290 291 292 293
13 216 217 221 222 231 235 237 241 248 249 254 258 261
26 215 216 219 222 224 228 230 234 237 241 243 245 248 254 256 261 262 263 267 274 278 279 280 282 283 291
16 224 240 252 254 256 258 261 263 264 265 266 272 274 277 283 290
12 218 225 227 233 240 241 243 257 264 265 276 281
55 214 215 220 222 223 224 225 226 231 233 234 237 238 239 240 241 242 245 246 248 249 250 251 252 254 256 259 260 261 262 263 264 265 266 267 268 269 270 271 272 273 274 278 281 282 283 284 285 286 287 288 289 291 292 293
29 215 216 219 226 228 229 230 235 238 239 241 247 250 251 253 254 266 268 269 270 272 273 279 283 284 285 287 288 290
13 219 220 221 235 238 248 254 255 258 259 270 276 292
39 216 219 220 222 223 228 229 232 236 238 240 242 243 244 248 251 254 256 257 258 261 263 264 268 269 270 272 273 274 275 277 280 281 284 285 286 288 289 291
25 216 217 218 219 221 227 228 229 230 232 235 236 243 244 247 253 255 257 258 275 276 277 279 280 290
18 222 229 232 240 246 250 251 252 256 261 263 264 267 269 273 283 284 287
31 215 216 217 226 227 229 234 235 236 239 243 247 248 252 257 258 259 261 266 270 274 279 280 281 282 283 286 287 289 291 292
20 214 218 222 227 230 233 235 239 240 241 243 244 252 256 268 274 276 284 287 291
14 218 221 225 230 231 242 249 256 265 267 268 269 271 278
35 215 222 225 226 228 230 231 232 234 235 236 237 238 239 240 243 247 248 250 252 254 256 260 261 263 267 273 274 275 277 279 281 284 285 289
16 222 223 224 232 233 238 240 245 246 250 255 263 273 276 288 293
12 219 221 226 235 244 256 266 268 273 274 289 292
46 214 215 216 217 219 220 223 224 226 228 233 234 235 236 237 238 239 240 241 246 247 248 249 250 253 255 257 259 261 262 263 264 265 266 267 268 272 277 278 281 284 285 286 288 289 293
13 221 228 235 240 245 246 249 256 279 280 281 286 290
36 214 217 220 222 225 227 230 231 232 233 236 237 238 240 243 245 248 251 253 255 257 259 260 261 262 264 271 275 277 278 279 282 283 285 288 290
20 214 219 220 224 227 235 241 242 249 251 254 261 262 263 267 274 282 289 290 291
38 214 215 216 224 225 227 228 229 231 235 238 239 240 242 244 248 249 253 254 256 261 263 267 268 270 272 273 276 279 281 282 283 285 286 288 289 291 293
44 214 215 216 218 220 222 223 224 225 226 228 229 230 233 235 236 237 238 241 242 243 244 246 250 251 253 257 259 262 263 264 265 267 268 270 271 276 280 282 283 284 289 290 292
22 215 222 223 229 233 235 238 247 250 252 255 257 259 260 272 276 279 283 285 288 289 291
19 215 218 224 227 229 246 249 252 254 256 258 268 269 270 272 276 289 291 292
39 214 217 218 220 221 225 229 230 231 233 234 235 240 242 245 246 249 250 252 253 254 257 258 260 261 262 264 265 266 267 270 274 276 280 281 282 285 286 291
21 214 219 232 242 244 245 247 250 251 252 254 256 260 262 266 272 273 274 275 278 292
30 216 222 224 226 228 230 231 232 233 235 236 239 240 242 248 252 259 263 269 272 275 276 277 278 281 285 289 290 291 292
22 214 216 217 218 225 227 236 237 241 242 244 253 262 274 275 277 278 279 282 285 289 290
23 215 220 228 230 231 235 236 242 243 244 247 248 249 250 259 260 268 269 278 284 286 288 291
41 215 216 219 222 223 224 226 227 228 232 236 237 238 239 241 243 244 247 248 251 255 256 259 263 268 269 271 272 273 275 277 278 279 283 284 287 288 289 290 292 293
37 214 216 219 220 221 223 225 232 233 235 236 237 238 241 244 247 248 250 253 260 261 262 264 266 267 271 273 274 277 278 279 280 281 283 286 290 293
20 215 216 218 223 224 228 241 249 250 263 265 267 270 272 276 281 284 286 287 293
17 215 231 236 238 241 243 245 255 257 262 265 272 274 279 283 289 290
36 214 216 217 218 219 220 222 226 227 230 232 233 234 240 242 244 247 248 249 253 254 259 260 261 263 264 266 267 275 280 281 282 284 285 288 293
51 214 217 218 220 221 222 223 224 225 227 231 232 233 234 236 237 240 242 243 244 245 246 248 249 252 255 256 257 258 259 260 261 262 263 264 265 267 271 274 275 276 277 278 280 281 282 286 289 291 292 293
24 216 225 234 238 245 248 249 254 257 260 261 263 264 266 267 269 270 272 273 275 283 285 286 289
49 214 215 218 219 220 221 222 223 226 228 229 232 233 235 239 240 241 243 244 245 246 247 249 251 252 253 257 258 259 260 263 264 270 271 273 274 276 277 278 279 281 283 284 285 288 290 291 292 293
36 218 223 225 226 227 229 232 235 236 238 239 244 247 249 250 251 252 253 257 259 264 265 268 269 270 273 275 276 281 284 285 286 288 290 292 293
31 216 217 224 225 227 230 231 234 236 237 238 242 248 250 254 255 256 261 262 265 266 267 268 269 272 275 280 282 286 287 289
24 217 222 226 228 230 231 234 239 240 242 243 245 251 255 257 259 263 265 275 282 284 285 287 288
16 216 221 225 228 238 239 242 249 254 255 262 263 278 283 286 292
33 214 217 224 225 227 229 230 232 236 237 242 244 247 250 252 254 255 259 260 264 267 268 269 270 276 277 278 284 285 288 291 292 293
24 215 219 225 229 234 237 243 244 245 246 247 249 254 255 256 260 261 264 265 267 268 273 283 288
38 215 218 221 223 226 228 232 233 234 238 240 244 246 247 248 250 253 255 256 258 259 265 268 269 271 272 273 277 278 279 280 283 285 286 287 288 292 293
34 218 221 222 225 227 229 230 231 232 242 243 244 245 251 252 254 256 258 260 269 270 271 273 274 275 276 279 280 282 283 287 290 291 292
22 214 226 227 228 230 234 239 243 246 250 251 253 262 263 266 268 269 272 273 278 285 289
20 218 219 228 230 231 237 239 241 248 249 253 261 268 270 271 273 281 282 290 293
16 218 222 231 232 243 247 250 253 260 265 266 267 269 272 281 285
25 216 226 229 230 234 235 236 237 238 239 248 255 258 263 267 269 270 277 280 283 284 287 288 289 293
19 214 219 220 228 237 241 244 251 253 254 260 262 264 272 275 277 284 285 290
18 214 217 220 221 231 233 240 242 246 255 258 260 266 271 272 277 287 289
25 214 217 218 225 226 227 232 237 238 239 245 251 255 262 267 270 271 273 276 280 282 285 289 292 293
26 214 217 218 220 221 223 227 238 241 250 251 253 257 258 262 266 270 271 274 279 280 282 284 286 287 293
36 217 219 221 227 231 232 234 239 240 245 247 248 249 252 254 255 256 258 260 261 266 269 272 273 274 275 277 278 279 281 285 286 287 288 291 293
27 215 223 224 226 228 230 231 233 234 239 243 245 247 249 257 260 265 266 268 271 272 280 281 286 288 291 293
30 215 217 219 220 223 224 226 227 229 230 233 235 236 237 240 245 246 248 251 258 261 271 275 279 284 287 288 289 290 293
22 215 217 220 221 222 223 224 228 231 246 249 253 259 261 268 271 279 282 285 286 290 291
23 216 218 219 223 226 231 234 238 239 248 251 253 261 262 263 265 266 273 275 282 283 287 289
42 217 218 219 220 221 222 223 226 230 232 233 234 236 237 241 243 245 246 247 250 251 252 255 257 258 259 260 262 264 265 266 269 271 274 275 277 278 280 284 287 290 292
24 217 219 220 223 224 236 237 246 247 250 253 255 258 259 262 277 278 279 280 281 288 290 292 293
18 214 234 241 244 252 256 257 259 264 268 270 273 274 276 277 280 282 291
39 218 219 220 221 224 226 228 229 230 231 236 237 238 239 240 243 244 247 251 255 256 257 260 261 264 265 266 269 270 274 277 282 283 284 285 286 287 292 293
41 214 215 217 218 221 224 225 226 227 230 231 233 234 235 237 239 241 245 246 247 249 250 252 253 255 259 260 262 265 266 267 271 276 278 279 282 283 287 290 292 293
27 221 223 224 225 228 229 235 237 239 246 250 251 252 256 258 268 269 270 271 273 276 277 278 286 287 291 292
16 216 219 221 222 223 229 233 234 241 246 253 257 275 279 281 287
11 215 220 222 233 241 243 257 258 271 272 274
22 216 217 222 225 229 230 231 236 237 239 243 245 252 257 260 264 266 270 275 276 281 284
17 214 218 220 221 223 227 238 253 258 270 274 279 280 282 286 287 293
19 217 226 228 231 234 239 240 242 243 245 255 257 259 263 265 275 285 287 288
15 215 224 227 229 246 249 252 254 258 269 270 272 276 289 292
15 216 218 223 226 231 234 238 239 261 262 266 273 275 287 289
18 216 226 229 230 234 237 238 239 248 258 267 277 280 283 284 287 289 293
11 215 222 223 235 238 247 272 276 283 289 291
23 215 217 218 225 230 233 235 239 241 246 247 249 250 252 260 265 266 267 271 278 283 290 292
8 215 221 228 231 232 251 265 271
11 218 224 229 246 252 256 258 268 269 272 276
26 214 217 222 225 227 232 233 235 241 242 245 246 248 250 252 253 254 259 262 267 268 271 272 279 280 291
17 216 217 225 229 231 236 237 239 243 245 252 257 266 270 275 281 284
18 217 219 220 223 224 237 246 247 250 255 258 259 278 279 280 281 290 292
12 225 234 248 254 261 263 266 269 270 273 283 286
18 216 217 218 227 229 230 232 235 236 243 244 253 255 257 277 279 280 290
9 218 225 227 233 243 257 264 265 276
19 217 219 220 226 227 229 230 233 236 237 245 246 251 258 261 271 279 290 293
15 219 228 230 239 241 248 249 253 261 268 270 273 281 282 290
10 218 225 227 233 240 243 257 265 276 281
11 218 223 224 241 249 250 263 265 267 287 293
9 229 242 246 247 252 254 258 280 291
16 215 216 228 230 238 239 241 247 251 253 254 269 270 272 288 290
28 217 220 225 227 230 231 232 233 237 240 243 245 248 251 255 257 259 260 261 262 264 275 277 278 282 283 288 290
35 214 215 216 217 220 223 224 226 228 233 235 237 238 239 240 241 246 247 249 250 255 257 259 261 262 263 264 265 266 267 272 278 281 284 293
25 214 215 216 224 225 228 229 231 242 244 253 254 256 261 263 268 270 272 273 279 281 283 285 288 291
14 215 216 223 224 228 241 263 265 270 272 276 286 287 293
18 216 217 222 225 229 230 231 237 239 243 257 260 264 266 270 276 281 284
26 221 225 230 232 243 244 245 251 252 254 256 258 260 269 270 271 274 276 279 280 282 283 287 290 291 292
29 218 221 222 225 227 230 231 232 242 243 244 245 256 258 260 269 271 273 274 275 276 279 280 282 283 287 290 291 292
25 214 216 218 219 220 221 227 242 245 251 255 258 264 266 269 271 272 278 282 283 286 287 288 290 291
18 215 217 220 221 222 223 228 231 246 249 259 268 271 282 285 286 290 291
11 219 220 221 235 248 254 255 258 270 276 292
15 219 220 224 227 241 242 249 251 254 262 267 274 289 290 291
10 215 224 249 252 256 269 272 289 291 292
16 216 234 248 249 254 257 260 261 263 267 269 272 273 283 286 289
20 215 216 219 222 224 228 230 234 237 243 245 256 261 262 263 267 274 280 282 283
21 219 226 228 230 235 238 241 247 250 251 253 254 266 268 270 272 273 279 283 285 288
36 214 215 217 221 224 225 226 227 231 233 234 235 237 239 241 245 246 247 249 250 252 255 260 262 265 266 267 271 276 278 279 282 283 287 292 293
38 214 215 218 220 222 223 225 226 228 230 233 235 236 237 238 241 242 244 246 250 251 253 257 262 263 264 265 267 270 271 276 280 282 283 284 289 290 292
16 225 234 238 245 248 249 254 260 261 263 264 267 272 273 283 285
9 228 235 245 249 256 279 280 281 286
26 214 217 218 219 220 222 226 227 230 232 233 234 240 247 248 249 253 260 261 263 266 275 280 281 284 285
29 215 216 219 222 223 224 226 232 237 238 239 243 244 247 248 255 256 259 263 268 271 273 275 277 278 283 289 290 293
26 216 219 220 221 227 229 241 242 244 245 246 249 251 257 258 259 262 266 268 269 276 283 286 287 288 290
21 214 215 217 218 221 225 227 231 234 239 241 249 252 259 262 266 267 276 278 283 293
22 218 221 223 230 232 234 236 243 246 247 251 257 258 260 262 266 271 274 278 284 287 292
11 216 217 236 239 245 252 257 266 270 276 281
20 215 224 225 229 232 240 242 244 252 255 259 260 274 276 279 281 282 286 290 291
15 216 232 233 235 236 239 240 242 252 259 269 275 276 281 289
13 214 217 220 221 231 240 246 255 258 260 271 287 289
27 218 221 227 229 231 232 243 244 245 251 252 254 256 258 260 270 271 273 274 276 279 280 282 283 287 291 292
22 214 217 225 233 234 235 240 242 245 246 249 257 258 260 261 267 270 274 280 282 286 291
29 216 217 222 223 225 232 233 234 235 242 246 248 249 250 252 254 258 259 262 263 267 268 272 273 275 276 279 280 281
8 222 231 247 250 260 266 267 272
12 219 228 231 239 249 261 268 271 273 281 282 293
17 218 219 228 230 231 239 241 248 249 261 268 270 271 273 282 290 293
15 217 222 225 231 236 237 239 245 260 264 266 270 275 276 284
12 216 218 223 239 253 261 263 266 275 282 287 289
15 217 222 230 234 239 240 242 245 255 259 263 275 284 285 287
8 218 225 233 243 257 264 276 281
26 218 221 222 225 227 230 231 242 243 245 251 252 254 256 258 260 270 271 273 276 279 280 282 283 290 292
15 214 217 226 227 232 239 251 255 262 270 271 276 282 285 289
14 215 222 229 233 235 238 247 252 257 260 272 283 289 291
24 215 216 218 220 228 229 230 235 236 238 242 244 246 259 262 263 264 265 268 271 276 282 283 290
17 217 220 221 222 223 224 228 246 249 253 259 261 268 271 282 286 290
10 217 221 222 235 241 248 249 254 258 261
12 219 232 245 247 252 254 256 266 272 273 275 292
20 222 226 228 230 231 232 233 235 236 240 248 263 272 275 276 277 278 281 291 292
11 219 220 228 237 244 251 253 260 262 264 275
18 216 222 225 229 231 236 237 239 243 245 252 257 264 266 270 275 276 284
23 215 218 221 227 230 231 234 235 245 246 249 250 252 260 262 267 271 276 279 282 283 287 290
15 222 229 232 240 250 251 252 256 263 264 267 269 273 283 287
15 216 226 228 230 231 233 240 252 277 278 285 289 290 291 292
10 218 231 232 243 247 253 266 272 281 285
18 215 216 219 222 224 228 230 234 241 243 254 256 261 274 278 279 283 291
12 231 238 241 243 245 255 257 262 265 272 279 283
32 216 220 224 225 227 232 234 236 240 242 243 244 245 246 251 254 262 263 264 265 266 267 269 274 275 277 278 280 284 286 287 292
14 215 222 223 229 233 235 238 250 257 260 272 279 283 285
15 215 217 219 220 226 230 235 246 251 258 271 275 279 287 293
10 215 216 218 223 241 250 263 265 276 293
11 240 252 254 256 258 264 265 272 274 283 290
27 214 215 217 218 221 226 227 233 234 237 239 247 249 252 253 255 259 260 265 266 271 276 278 282 283 287 293
9 246 250 251 256 267 273 283 284 287
12 220 228 236 243 244 247 250 259 269 278 284 288
9 221 226 235 244 256 266 268 273 289
13 214 217 232 237 238 251 255 267 276 280 282 289 293
10 228 235 240 245 246 249 256 279 280 281
10 231 236 241 245 255 262 265 272 274 289
12 214 217 220 231 240 242 246 258 271 272 277 289
11 224 232 233 238 245 250 255 263 273 288 293
9 222 223 224 233 246 250 255 288 293
15 216 217 218 221 228 230 232 235 243 244 247 255 275 277 290
21 215 222 225 228 230 236 237 238 240 243 247 248 254 260 261 267 274 275 279 284 285
9 225 233 240 241 243 257 264 276 281
9 219 220 221 235 238 248 254 255 259
14 226 230 234 235 238 239 258 263 267 280 284 288 289 293
23 214 217 221 226 227 230 231 235 245 247 249 250 252 253 260 265 271 279 283 287 290 292 293
19 221 222 229 230 232 242 243 244 245 252 258 260 273 274 279 280 282 287 291
26 215 216 222 223 232 233 235 241 246 248 249 250 252 253 254 258 259 263 268 273 275 278 280 281 289 291
31 217 219 227 231 232 234 239 240 245 247 248 249 254 255 256 260 261 266 272 273 274 275 277 278 279 281 285 286 287 288 291
26 215 217 226 227 229 234 235 236 239 243 247 248 258 259 261 266 270 274 279 280 281 282 283 289 291 292
21 218 221 225 229 230 231 242 245 246 249 252 253 257 260 261 262 265 270 280 285 286
16 215 220 226 227 233 235 236 240 251 258 261 275 287 288 289 293
13 216 223 231 239 248 251 265 266 273 275 283 287 289
19 215 217 220 224 226 227 229 230 233 235 236 237 248 251 271 275 284 287 289
14 238 245 254 257 260 263 266 267 269 272 275 285 286 289
25 214 225 227 230 231 232 233 236 237 238 243 245 248 251 253 255 257 259 260 261 271 277 279 282 290
18 214 216 227 236 237 242 244 253 262 274 275 277 278 279 282 285 289 290
10 218 225 227 240 241 243 257 265 276 281
14 216 223 224 228 241 249 263 265 267 276 281 284 286 293
9 222 223 224 232 238 263 273 276 288
25 215 226 232 233 238 240 247 248 250 255 256 258 259 268 273 277 278 279 280 283 285 286 287 288 293
23 216 217 220 224 227 234 236 240 242 243 245 254 256 263 264 266 267 274 275 277 284 287 292
14 218 227 246 252 254 256 258 268 269 270 272 276 289 291
23 214 224 225 227 229 230 232 236 237 242 244 250 254 255 259 260 269 277 284 285 288 292 293
8 218 225 227 240 241 243 264 276
17 216 225 234 238 245 248 249 254 257 261 264 267 270 272 285 286 289
32 214 217 218 221 224 225 230 231 233 234 235 239 241 245 246 249 252 253 255 259 262 265 266 267 271 276 278 279 287 290 292 293
27 216 217 218 222 226 230 232 233 240 242 244 247 248 249 253 259 260 261 263 264 275 280 281 282 284 288 293
8 216 222 231 235 237 248 249 261
22 218 221 225 229 232 243 252 254 256 258 269 270 271 273 276 280 282 283 287 290 291 292
13 215 221 223 224 228 246 259 261 271 285 286 290 291
18 214 217 225 229 230 237 242 244 252 254 255 259 264 268 270 277 288 293
23 216 219 223 229 232 236 242 244 248 251 254 256 257 258 264 270 274 280 281 284 285 286 288
29 216 217 218 221 223 227 229 233 241 244 245 251 253 257 258 259 264 265 268 270 271 276 278 280 283 286 287 291 293
9 217 220 231 233 240 258 260 266 277
19 215 216 219 222 230 234 237 241 245 248 256 262 263 267 278 279 280 283 291
29 214 215 219 220 221 226 228 229 232 233 239 240 244 246 249 253 258 259 260 263 271 276 277 278 283 290 291 292 293
26 217 219 221 227 231 232 239 240 248 249 254 255 256 258 260 266 269 272 274 278 281 285 286 287 288 291
8 228 235 240 245 246 249 280 281
12 232 240 250 251 252 261 263 264 267 269 284 287
14 216 221 222 223 229 233 234 241 246 253 257 275 279 287
15 216 219 223 226 238 239 248 251 253 262 263 266 282 287 289
12 215 219 234 246 254 255 256 260 264 267 268 273
8 222 232 253 260 266 267 281 285
19 214 217 218 221 223 227 241 250 253 257 258 266 270 271 280 282 284 286 287
6 234 252 254 269 280 291
7 221 228 240 245 249 280 281
17 218 219 231 238 239 248 251 253 261 262 263 265 266 273 282 283 289
14 224 240 252 254 258 261 263 264 266 272 274 277 283 290
12 218 228 231 237 241 248 249 261 268 270 281 293
18 217 222 228 231 234 239 242 245 251 255 257 263 275 282 284 285 287 288
20 215 222 224 230 234 243 245 248 254 256 261 262 267 274 278 279 280 282 283 291
10 221 228 235 240 245 256 279 281 286 290
17 215 229 234 243 244 245 247 254 255 256 260 261 265 267 268 273 288
20 222 225 226 228 230 231 232 237 238 240 243 248 250 252 254 261 263 267 275 279
10 218 228 239 241 253 268 270 271 273 281
18 215 219 229 235 238 239 247 250 251 254 268 269 270 272 279 283 284 288
17 221 229 235 237 239 251 256 268 269 270 271 273 276 277 278 286 287
9 224 252 256 261 263 264 265 272 277
26 214 217 224 227 229 230 232 237 242 244 247 250 252 254 255 264 267 268 269 277 278 284 285 288 291 293
18 215 224 229 232 236 240 244 252 255 256 259 260 279 281 282 290 291 293
39 214 215 216 217 219 223 224 228 233 234 236 237 238 239 240 241 246 247 249 250 253 255 257 259 261 262 263 264 265 266 267 268 272 277 281 284 288 289 293
31 216 217 220 224 225 226 227 232 234 236 240 242 243 244 245 251 254 258 263 264 267 269 274 275 277 278 280 284 286 287 292
22 216 219 220 232 235 237 238 241 244 247 248 250 260 261 264 267 273 277 279 283 290 293
23 216 218 219 221 223 224 241 245 257 258 259 264 265 268 270 271 272 276 280 282 283 290 293
17 217 226 231 234 239 240 242 243 245 251 255 257 259 263 265 284 285
23 214 217 218 221 229 230 231 233 234 240 249 250 252 254 261 262 265 266 270 274 282 286 291
24 217 219 227 232 234 240 245 247 248 249 252 255 258 261 266 269 272 275 277 278 279 281 285 291
16 214 219 220 228 241 244 251 254 260 262 272 275 277 284 285 290
18 215 225 234 237 243 244 247 249 254 255 261 264 265 267 268 273 283 288
8 232 247 250 253 265 266 267 281
24 223 225 226 227 229 232 235 236 238 244 247 251 252 253 257 259 264 269 270 275 286 288 290 292
22 224 225 227 229 231 235 239 240 242 244 248 253 256 263 267 268 270 273 282 289 291 293
10 214 241 244 252 256 264 268 274 282 291
16 222 229 232 240 246 251 252 256 263 264 267 269 273 283 284 287
17 214 232 242 244 245 247 250 251 254 260 262 266 272 274 275 278 292
12 216 219 234 238 239 248 251 253 263 282 283 287
31 221 223 226 228 232 233 234 240 244 246 247 248 250 255 256 258 259 265 268 269 271 272 273 277 278 279 283 285 286 288 292
18 217 222 226 231 234 239 240 242 243 245 255 257 259 263 275 284 285 288
15 214 217 220 221 231 233 240 242 246 255 266 271 272 287 289
18 217 218 221 228 229 230 235 236 243 244 247 253 255 258 276 277 279 290
7 226 235 244 266 273 274 292
27 215 218 221 232 233 234 238 246 247 248 250 253 255 256 258 259 269 271 272 273 277 278 280 285 287 288 293
37 214 215 218 219 220 221 223 226 228 229 232 233 240 241 243 244 246 247 249 251 252 253 257 258 259 260 264 270 271 274 276 278 279 281 283 290 292
20 221 225 227 229 230 231 232 244 245 252 254 256 258 260 275 276 279 280 283 291
20 215 220 231 235 236 242 243 244 247 248 250 259 260 268 269 278 284 286 288 291
22 216 219 229 230 235 238 241 250 251 254 266 268 269 270 272 273 283 284 285 287 288 290
25 219 220 223 224 226 228 234 235 236 238 240 247 248 249 259 264 266 267 268 277 278 281 284 288 289
34 216 217 219 220 223 226 228 233 236 237 238 239 240 241 246 247 248 249 250 253 259 262 264 265 266 268 272 277 278 281 286 288 289 293
28 218 221 222 225 227 229 230 232 243 244 245 252 254 256 258 260 269 271 273 274 275 276 279 280 282 287 290 291
30 215 216 217 222 223 225 227 232 234 235 241 245 248 249 250 253 258 259 263 267 268 271 272 276 278 280 281 289 290 291
21 216 217 219 221 227 228 229 230 235 236 243 244 247 253 255 258 275 276 277 279 290
8 223 233 238 255 263 273 288 293
7 228 240 246 249 279 281 290
18 217 228 230 231 234 239 240 242 243 245 257 259 263 265 275 282 284 288
12 216 221 225 228 238 239 249 254 255 263 278 283
13 219 228 229 230 232 236 243 253 257 258 276 279 280
15 217 226 230 231 234 239 242 245 259 263 265 282 284 285 287
9 229 232 246 250 251 256 263 284 287
13 215 231 236 241 243 245 255 257 265 274 283 289 290
25 214 224 225 227 229 230 232 236 237 244 247 250 252 254 264 267 268 269 276 278 284 285 288 292 293
36 214 215 217 218 221 224 226 227 230 231 233 234 235 245 246 247 249 250 253 255 259 260 262 265 266 267 271 276 278 279 282 283 287 290 292 293
15 222 229 233 247 250 252 255 257 259 260 276 279 283 285 291
15 217 223 236 237 247 250 253 255 258 279 280 281 288 290 292
12 227 228 234 239 250 262 263 266 268 272 273 289
18 215 219 234 237 243 245 246 247 249 254 255 256 260 261 264 265 273 288
17 214 219 232 244 247 250 251 254 256 260 262 266 272 273 274 278 292
24 216 218 219 220 222 226 227 230 233 234 240 242 244 247 248 261 264 266 267 275 280 285 288 293
32 214 216 219 220 223 225 232 233 235 237 238 241 244 247 248 250 260 261 262 264 266 267 271 273 274 277 278 279 281 286 290 293
20 223 224 226 228 230 231 233 243 245 257 260 265 266 268 271 272 280 286 291 293
21 215 224 225 229 232 236 240 244 255 256 259 260 267 274 276 281 282 284 286 290 291
8 216 228 242 249 254 263 286 292
15 214 219 220 224 227 241 249 251 254 261 262 263 267 289 291
20 216 217 218 219 221 228 229 230 232 236 243 244 253 257 275 276 277 279 280 290
26 215 218 221 228 232 233 234 238 240 247 250 253 255 258 259 265 268 269 271 273 277 280 287 288 292 293
8 216 217 222 237 241 248 254 261
13 217 220 224 247 250 255 258 262 279 281 290 292 293
11 216 217 221 231 235 237 241 248 249 254 258
24 219 220 226 229 230 231 236 240 243 244 247 251 255 256 257 260 261 264 270 277 282 283 284 285
19 221 222 225 227 232 243 251 258 269 270 271 274 275 276 279 280 282 283 290
10 220 235 238 248 254 255 259 270 276 292
21 215 226 228 232 236 237 243 248 251 256 272 273 275 277 278 279 283 284 289 290 292
21 215 216 219 226 228 230 235 238 239 247 251 253 254 266 268 269 270 272 273 279 287
11 214 234 241 256 264 273 274 277 280 282 291
9 215 233 241 243 257 258 271 272 274
28 216 217 219 220 221 223 224 227 233 241 242 244 249 251 255 257 262 264 265 266 269 272 276 278 280 287 290 291
32 215 216 219 222 223 224 226 228 232 236 237 238 239 241 243 251 255 259 268 269 271 272 273 275 277 278 279 283 287 288 290 293
28 214 215 216 224 227 228 229 231 235 240 242 244 248 253 256 263 267 268 270 272 273 276 279 281 286 288 289 293
23 215 216 220 225 226 228 229 230 233 236 237 241 242 243 250 253 257 259 270 276 282 289 290
9 241 245 255 257 262 272 279 289 290
11 222 229 240 246 250 251 256 263 273 283 284
36 214 215 216 220 222 223 224 225 228 229 230 233 235 237 238 242 243 246 250 253 257 259 262 264 265 267 268 270 271 276 280 282 283 284 289 292
7 218 225 242 256 268 271 278
21 216 217 218 219 227 228 230 232 235 236 243 244 247 257 258 275 276 277 279 280 290
22 217 225 227 230 231 234 236 237 238 242 250 254 255 261 262 265 266 272 280 282 286 289
25 214 216 217 219 220 222 227 230 234 244 247 248 249 253 259 264 266 267 275 280 281 284 285 288 293
22 216 222 224 226 230 231 232 233 236 239 240 263 269 275 276 277 281 285 289 290 291 292
18 214 217 218 225 227 236 237 244 253 262 274 275 278 279 282 285 289 290
41 214 215 220 222 223 225 226 231 233 234 238 239 240 242 245 246 248 249 251 256 259 260 261 262 263 264 265 266 267 269 273 278 281 283 284 285 286 287 288 291 293
38 216 217 219 220 221 223 224 227 229 233 241 242 245 246 249 251 253 255 257 258 259 262 265 266 268 269 270 272 276 280 283 286 287 288 290 291 292 293
6 218 225 233 257 265 276
15 215 229 233 238 247 250 252 255 257 259 260 272 283 288 291
14 215 218 227 229 246 249 252 254 256 268 269 276 291 292
19 214 226 227 228 230 234 239 246 250 251 262 263 266 268 272 273 278 285 289
13 219 225 243 244 246 249 256 260 261 265 267 268 273
18 217 219 221 227 231 239 240 248 249 252 261 266 273 274 277 279 281 286
7 221 228 235 246 279 280 281
22 218 219 226 227 230 233 234 242 244 247 259 260 261 264 267 275 280 281 282 284 285 293
16 214 219 232 242 244 245 247 251 252 256 260 266 272 274 275 292
16 223 225 229 237 246 250 251 252 256 269 271 273 277 278 286 291
11 220 228 237 241 244 254 260 275 277 284 290
7 221 226 235 244 266 268 292
24 216 224 226 228 230 231 233 235 236 239 240 242 248 259 263 272 275 276 277 278 289 290 291 292
23 218 223 225 227 235 238 250 251 252 257 264 265 268 269 273 275 276 284 285 286 288 290 292
14 215 222 223 235 247 250 252 255 257 272 279 283 288 289
14 222 229 232 240 246 250 251 261 263 264 267 269 273 287
42 214 217 218 220 221 222 223 224 225 227 234 236 237 240 243 244 248 249 252 256 257 258 259 260 261 262 263 264 265 267 271 274 275 276 278 280 281 282 286 289 292 293
31 215 218 221 223 226 228 232 234 238 244 246 247 248 250 253 255 256 258 259 269 271 273 277 278 279 280 283 285 286 287 288
26 216 220 223 229 232 236 238 240 242 243 244 248 251 254 256 257 258 264 270 272 275 277 281 285 286 288
19 216 217 222 229 230 231 236 237 239 243 245 252 257 260 266 275 276 281 284
10 215 218 224 228 250 263 270 281 284 293
23 215 216 222 227 234 235 241 245 248 249 250 258 259 262 263 267 268 272 276 278 280 289 291
19 216 217 222 225 229 230 231 236 237 243 245 252 260 264 266 270 275 281 284
15 215 224 225 229 236 240 242 252 256 260 267 284 290 291 293
11 215 236 238 245 255 257 262 279 283 289 290
12 218 222 232 243 250 260 265 267 269 272 281 285
13 215 216 218 224 241 249 250 270 272 276 281 284 287
15 218 223 226 234 238 248 253 261 262 263 265 266 275 282 283
10 215 221 228 229 231 232 242 251 265 271
19 214 226 227 228 230 234 239 243 246 250 251 253 266 268 269 272 278 285 289
15 214 219 232 242 247 250 251 254 260 262 266 273 274 275 292
10 216 217 221 222 241 248 249 254 258 261
11 214 230 239 243 262 263 266 268 269 272 289
32 214 216 217 219 223 225 227 228 229 230 235 236 237 240 243 245 249 253 254 256 262 264 271 272 274 275 282 284 285 288 290 292
53 215 216 218 219 221 222 224 225 226 227 228 230 233 234 237 238 240 241 242 244 245 248 249 250 251 252 253 254 255 256 257 261 262 263 265 267 268 269 272 274 275 276 279 281 282 283 284 285 286 287 290 291 292
43 214 215 217 218 219 220 221 222 224 225 226 227 229 230 237 238 240 241 243 247 249 250 253 254 255 256 263 264 268 269 270 271 272 273 274 279 280 281 282 285 291 292 293
24 216 226 227 229 231 237 238 239 244 245 255 257 259 260 264 265 270 276 279 281 282 285 288 291
38 214 217 220 225 226 228 229 230 233 234 235 237 238 239 240 241 244 245 246 249 250 254 258 260 264 266 272 273 275 276 280 281 282 283 284 285 286 287
46 214 215 217 218 219 220 224 225 230 231 232 233 234 236 239 240 245 246 247 248 251 255 256 257 258 260 262 263 264 267 268 269 271 272 275 276 278 280 281 282 284 286 287 289 290 292
46 215 217 218 220 221 222 226 228 229 230 231 233 234 236 239 241 242 244 245 247 248 250 251 252 253 258 260 262 263 264 265 267 269 270 271 272 274 277 283 284 285 286 287 288 289 293
39 214 215 218 224 226 229 231 232 233 236 237 239 241 242 243 246 247 248 250 255 257 259 260 261 263 264 266 269 271 272 274 275 278 279 281 285 286 292 293
36 214 216 218 219 220 221 222 223 226 230 233 236 241 243 248 249 251 252 254 261 262 263 265 267 269 270 272 277 278 279 281 282 283 284 285 287
31 215 216 219 223 227 229 232 233 235 236 237 244 247 249 250 251 252 254 255 260 261 262 263 266 273 275 279 283 286 287 291
39 216 222 224 226 227 228 230 231 232 234 236 237 238 240 243 248 250 251 252 253 254 256 257 259 260 261 266 267 268 271 275 276 277 283 284 287 290 292 293
28 214 216 217 219 223 226 228 233 234 243 244 245 246 248 251 252 255 257 258 265 268 269 276 277 281 285 286 293
52 214 215 217 219 220 223 224 225 226 227 229 232 233 237 238 240 242 243 245 246 247 248 249 250 251 252 254 255 256 257 258 260 261 262 263 264 265 269 271 273 274 275 277 278 281 282 283 284 286 290 291 293
45 215 216 217 219 222 226 228 232 233 235 237 238 241 242 244 245 246 247 248 249 251 252 255 258 262 263 266 269 270 271 272 273 274 277 278 279 280 284 285 286 287 288 289 290 291
33 214 215 216 218 219 223 226 227 232 235 238 239 240 241 242 243 244 258 260 262 265 266 267 272 273 276 277 280 282 283 284 285 288
26 216 221 225 230 231 237 238 239 240 242 244 249 251 255 256 258 260 261 264 271 273 274 275 277 282 284
39 214 215 219 220 221 223 226 229 233 234 235 238 239 242 244 246 250 251 252 254 255 256 257 261 262 269 271 272 273 275 278 280 282 283 286 287 288 291 293
32 214 216 217 218 222 233 235 237 238 239 240 243 244 249 250 252 253 254 258 261 268 269 270 271 272 274 275 280 281 283 284 288
28 214 215 218 220 221 226 228 229 234 237 238 239 242 247 255 257 258 265 266 267 269 270 273 276 278 290 292 293
26 215 216 223 224 225 227 233 234 238 240 245 247 251 252 253 257 261 264 266 274 275 277 281 284 287 291
39 216 218 219 220 225 228 230 232 234 236 237 238 239 240 242 243 244 245 246 248 249 250 254 259 261 262 263 264 265 266 270 272 273 277 278 280 288 289 292
37 214 215 218 221 223 224 225 226 229 230 231 234 236 237 240 242 243 245 247 248 254 255 256 258 261 264 265 267 269 271 277 278 281 283 285 286 290
24 218 220 229 230 231 232 233 235 238 241 242 248 252 254 258 260 263 269 270 274 280 284 288 293
37 214 215 216 218 222 227 228 230 231 235 236 237 238 239 243 244 245 246 248 249 255 260 261 262 263 265 269 271 275 276 277 280 282 283 287 289 292
32 216 217 220 223 224 225 227 228 229 230 232 234 236 237 246 264 266 269 270 271 275 278 280 282 283 284 286 287 288 290 292 293
54 214 215 216 218 220 221 222 225 228 229 230 231 232 234 236 237 238 239 241 242 245 247 249 250 251 252 253 254 256 257 258 259 260 263 264 265 269 270 271 273 274 275 276 279 280 281 282 283 285 286 288 291 292 293
39 214 216 217 219 221 222 223 224 226 232 234 235 244 248 251 254 255 256 262 263 264 265 266 267 269 270 272 273 275 279 282 283 284 285 286 288 289 291 292
33 216 217 222 224 225 226 227 229 230 234 235 238 239 244 246 249 250 251 255 257 260 262 263 266 269 271 272 277 285 286 287 288 290
30 216 218 225 229 231 236 238 239 241 242 244 245 250 255 256 262 265 267 270 271 272 273 275 277 279 281 282 287 292 293
40 216 218 223 225 226 227 230 232 233 236 237 238 242 244 245 246 248 250 251 252 254 255 256 261 262 264 265 267 269 270 271 272 273 278 283 284 286 287 289 291
45 214 215 217 218 220 225 226 227 228 229 230 233 235 236 238 240 245 246 251 252 253 255 256 257 258 260 261 263 265 266 267 268 270 275 276 277 278 279 281 287 289 290 291 292 293
46 214 218 219 220 221 224 226 227 228 230 236 238 241 242 244 248 249 250 251 252 254 255 256 258 261 262 263 264 265 267 268 270 272 273 277 281 282 283 284 285 286 287 288 289 290 292
29 214 215 221 222 223 225 228 231 232 236 238 240 241 244 246 250 251 252 254 258 260 263 265 267 275 276 277 286 287
39 214 215 216 217 218 219 222 223 224 228 229 230 234 238 239 243 244 246 247 250 252 254 255 257 261 265 266 267 268 269 270 271 272 274 275 276 281 284 286
30 217 219 228 233 234 239 240 241 245 247 249 250 252 254 255 258 260 263 267 268 269 271 272 273 276 279 284 290 291 293
29 215 216 217 219 220 227 232 233 234 235 236 240 243 245 252 270 272 274 275 279 282 285 287 288 289 290 291 292 293
53 214 215 216 217 218 219 220 221 222 223 224 226 228 229 231 232 234 236 237 240 241 242 246 248 250 251 252 254 255 256 258 260 261 262 263 266 267 269 271 274 275 276 278 282 283 284 285 286 288 289 290 291 293
37 214 215 216 218 220 221 223 229 232 234 237 238 239 240 241 249 254 255 256 258 260 261 263 264 266 267 270 271 272 276 279 284 286 287 289 291 293
51 214 215 216 217 218 219 221 223 224 225 227 228 230 231 232 234 236 237 239 242 243 244 246 247 248 250 254 255 260 261 263 264 266 267 269 270 272 275 276 278 279 281 284 285 287 288 289 290 291 292 293
45 214 215 216 217 218 219 222 224 225 226 229 232 235 236 237 238 239 240 242 243 246 247 249 250 251 253 255 258 261 263 266 267 268 272 273 274 277 278 281 283 286 289 290 292 293
42 214 215 216 218 221 222 223 228 231 232 236 240 241 242 243 244 245 246 248 250 252 254 255 256 257 258 260 261 262 263 266 267 274 275 276 277 281 283 285 290 291 292
33 215 216 219 220 226 230 231 232 235 245 246 252 254 256 257 258 260 261 264 268 269 270 271 277 278 279 281 285 286 287 288 291 293
42 214 215 216 220 221 222 223 224 225 227 228 229 232 234 236 237 238 240 241 244 247 250 251 252 253 254 257 261 263 265 267 268 274 276 280 281 282 283 285 287 291 293
49 214 217 218 219 220 223 224 225 227 228 231 232 235 236 237 240 243 245 246 248 249 250 251 253 254 255 256 258 259 260 261 263 264 265 266 267 270 272 273 274 277 278 279 280 281 284 286 289 292
26 216 218 223 226 227 236 237 238 242 244 246 248 252 257 262 263 267 268 270 271 276 278 280 281 285 290
48 214 218 219 221 222 223 224 228 231 233 234 235 238 240 241 244 245 248 249 250 251 254 255 258 259 260 263 264 265 266 268 269 270 271 272 274 276 277 279 280 284 285 286 288 289 290 291 292
36 215 216 223 225 226 227 228 229 231 233 234 235 246 252 254 255 256 258 259 260 261 266 267 268 269 271 277 278 281 282 284 286 287 288 289 291
52 214 215 216 219 222 223 224 226 227 229 234 235 236 238 239 240 241 242 243 244 247 248 249 250 251 252 253 254 255 256 257 259 260 261 263 264 265 266 267 269 271 272 273 275 277 279 283 284 287 290 291 293
38 214 215 218 220 222 223 224 225 226 228 230 233 237 238 240 241 244 245 246 247 248 249 250 251 254 255 258 259 263 274 279 280 283 286 287 288 292 293
33 216 217 220 221 222 223 224 231 235 246 247 248 249 250 251 256 257 259 263 264 266 267 270 271 276 278 279 282 285 288 289 290 293
37 214 217 218 221 224 226 227 228 230 233 234 236 239 240 241 243 248 253 254 255 256 259 260 263 265 266 271 272 273 274 276 279 282 285 286 287 291
44 215 219 220 224 228 229 231 232 234 235 237 239 241 242 243 246 247 248 249 252 253 254 257 259 260 262 263 266 267 270 272 274 275 276 277 278 281 282 284 285 289 290 291 292
24 215 220 227 228 229 234 236 241 242 251 252 253 255 260 261 263 265 269 272 273 274 277 284 291
48 214 216 219 220 222 224 225 227 229 231 232 235 237 240 241 242 244 245 246 247 248 249 250 251 252 254 257 258 259 262 264 266 267 269 270 271 272 273 274 275 277 279 281 283 284 290 291 293
37 214 215 216 218 219 220 221 222 223 225 227 228 229 233 235 236 242 245 246 248 249 250 251 252 254 255 256 257 260 268 271 273 274 275 276 287 289
36 215 216 218 220 223 224 226 230 232 235 237 241 243 245 246 247 248 249 250 251 252 257 262 265 267 269 272 275 277 280 281 282 284 286 287 291
36 218 219 222 223 227 228 232 235 239 240 245 247 248 250 251 253 254 257 260 261 263 265 267 268 269 272 274 275 277 278 280 284 285 288 289 291
34 219 221 222 224 225 227 231 233 234 235 238 240 243 248 254 255 256 257 259 260 262 264 269 272 273 275 277 280 284 287 289 290 291 293
47 214 215 217 218 221 222 223 226 227 230 231 232 233 235 236 237 238 239 240 242 250 253 255 258 262 263 265 266 267 269 270 273 274 275 276 278 280 281 282 284 285 286 287 288 289 291 292
34 214 217 218 219 223 227 228 232 235 236 237 239 241 242 243 244 246 247 257 262 263 265 266 269 273 275 280 286 287 288 289 290 291 292
36 216 221 223 224 228 230 231 235 238 239 244 246 248 251 253 254 257 259 266 270 271 272 274 275 276 277 278 281 282 283 286 288 289 290 291 293
33 215 217 221 222 223 225 226 234 235 236 237 240 244 247 250 251 252 255 256 257 259 260 262 263 265 269 272 273 274 278 282 291 292
37 216 217 219 220 221 223 225 226 227 229 235 236 237 239 240 241 242 245 246 247 248 250 251 258 264 267 271 272 273 274 276 280 285 288 290 291 292
43 214 219 220 222 223 225 229 231 232 235 236 239 241 242 244 245 246 248 250 251 252 254 262 268 269 271 272 274 276 277 278 279 280 281 282 284 285 287 289 290 291 292 293
49 214 216 217 219 222 223 225 226 227 228 229 231 232 233 236 237 240 241 243 244 245 246 247 249 250 251 253 257 258 262 263 265 267 269 270 271 273 274 275 278 279 280 283 284 285 287 288 290 291
40 216 218 219 220 221 222 223 224 228 232 235 236 237 238 240 241 248 251 253 254 255 256 257 263 269 271 272 273 275 276 277 279 281 284 286 288 290 291 292 293
42 214 215 216 218 219 220 221 223 224 227 228 229 231 233 236 237 238 241 242 243 245 250 253 258 259 260 262 264 265 270 271 277 280 281 282 283 284 285 286 287 288 291
55 214 215 217 218 220 221 222 223 227 229 230 231 233 235 236 237 239 241 242 243 245 246 248 251 252 254 255 256 258 259 262 263 264 265 266 267 269 271 272 273 278 279 280 281 283 284 285 286 287 288 289 290 291 292 293
49 214 215 216 217 218 219 220 222 225 228 229 231 232 233 234 238 241 242 245 247 248 250 251 252 253 254 257 261 264 266 267 268 269 270 273 274 275 277 278 280 281 282 285 287 289 290 291 292 293
51 217 219 220 221 225 226 228 229 232 233 234 235 236 237 238 241 242 243 244 246 247 248 249 252 254 255 256 257 258 263 264 266 267 268 270 271 272 273 274 277 278 279 281 282 284 285 286 287 289 290 292
52 214 215 219 220 221 222 224 225 226 227 229 230 231 232 233 235 237 238 239 241 242 243 244 245 246 247 248 249 253 258 260 262 264 265 266 269 270 271 274 276 277 278 279 280 281 283 284 285 286 287 288 289
53 215 217 219 220 221 222 223 224 227 228 229 230 234 235 236 239 240 242 243 244 245 246 248 249 250 251 254 256 257 258 259 260 262 263 264 265 266 269 275 276 277 278 280 281 282 283 284 285 286 287 289 290 291
47 214 215 217 218 221 222 223 228 229 231 232 233 234 235 236 239 241 243 244 245 249 250 251 252 254 256 259 260 262 264 266 267 270 271 274 277 280 284 285 286 287 288 289 290 291 292 293
46 214 215 216 217 220 223 224 225 232 236 237 240 243 244 245 246 247 251 253 254 255 257 258 259 264 265 266 267 268 270 271 272 273 274 276 278 279 281 283 284 286 287 288 289 292 293
42 214 215 216 218 220 222 223 224 225 227 228 229 230 231 236 237 238 239 241 243 248 249 250 254 255 256 258 260 261 262 263 264 270 271 272 274 275 277 280 282 284 287
55 218 219 220 221 222 223 224 225 227 228 230 232 233 235 238 240 241 242 243 244 245 246 247 248 249 250 253 254 255 257 258 259 260 261 263 266 268 269 270 271 272 274 275 278 279 280 281 282 283 285 288 289 290 291 293
45 216 217 222 224 225 226 228 230 231 232 233 235 236 237 239 240 241 242 243 244 245 246 249 251 253 257 258 261 262 263 264 267 269 270 272 274 275 278 281 283 284 286 290 291 292
43 215 216 219 220 223 227 228 230 232 235 236 237 238 240 242 246 248 251 252 253 254 255 256 258 260 261 262 263 265 267 268 269 272 273 275 276 280 282 284 285 286 289 291
43 215 216 217 219 221 223 227 228 231 232 234 235 236 238 240 241 242 243 248 250 252 254 255 257 258 262 264 266 268 269 270 271 272 273 274 276 278 279 282 284 288 290 293
55 214 215 216 218 219 220 222 223 224 225 226 228 235 236 239 240 241 243 244 245 246 247 250 253 254 255 256 257 258 259 260 262 264 265 266 267 268 269 270 271 272 273 274 275 276 278 281 282 283 284 285 286 290 291 292
44 214 215 216 218 223 224 227 230 233 234 235 239 240 241 242 243 244 246 247 249 253 254 255 256 257 258 259 262 263 267 269 270 271 272 274 275 277 278 283 284 285 287 288 291
29 216 220 222 223 228 232 234 236 239 240 241 243 244 245 248 253 256 259 260 266 268 273 274 279 282 284 288 292 293
54 215 216 217 218 219 220 221 222 223 225 226 228 229 231 232 234 235 237 239 240 241 243 244 246 248 249 250 251 252 256 257 261 265 266 267 270 271 273 274 275 276 277 278 279 281 282 283 284 285 287 289 290 292 293
44 215 216 217 218 219 223 225 226 227 228 230 232 234 236 237 240 241 242 243 244 245 250 251 253 254 255 257 258 261 263 266 269 270 273 275 276 278 279 280 283 284 286 288 292
44 215 216 217 218 220 225 227 228 229 230 231 232 234 236 238 239 241 246 248 249 251 252 254 255 256 262 264 265 266 267 268 270 271 272 273 275 276 277 281 285 288 289 291 292
29 218 220 222 224 226 228 230 234 235 243 246 252 253 254 257 258 264 269 271 272 275 276 280 281 283 284 288 289 291
48 217 218 220 221 223 224 225 226 227 228 231 232 234 235 236 238 240 241 242 243 244 245 249 250 252 254 255 258 260 262 263 264 265 266 267 271 272 274 275 277 278 279 282 283 287 288 291 293
50 214 215 217 218 220 222 223 224 225 226 227 229 231 233 236 237 238 239 241 242 243 244 245 246 249 251 252 253 256 257 258 259 263 267 269 270 271 272 273 275 277 278 279 280 281 283 286 287 291 292
32 214 216 218 221 222 226 234 236 243 245 246 249 250 256 257 258 259 262 263 266 267 270 273 274 276 281 284 287 288 289 290 292
27 218 219 221 224 230 232 234 236 237 243 246 248 251 254 257 258 259 260 262 266 274 284 286 287 288 291 292
28 215 216 222 223 226 227 229 231 234 236 242 244 245 252 256 258 261 262 263 267 268 272 274 278 279 281 287 290
41 214 215 218 221 223 224 227 228 229 231 232 233 235 236 240 242 244 245 251 252 254 256 258 261 262 264 266 267 269 272 276 277 278 279 280 284 285 286 287 289 290
24 215 216 220 225 227 229 230 231 240 242 250 253 255 261 264 266 268 271 275 277 279 283 290 292
43 214 216 221 222 226 227 228 230 233 235 237 238 239 240 241 244 247 248 249 251 254 256 257 260 261 265 267 269 272 276 277 278 282 283 284 285 286 287 288 289 290 291 292
34 217 219 222 225 226 227 228 229 233 234 235 237 243 244 246 250 251 255 256 257 258 261 262 264 265 266 268 270 272 273 274 275 286 287
54 215 216 218 221 223 224 225 227 228 229 231 233 234 235 236 238 239 240 242 243 244 245 247 251 252 254 256 257 258 259 260 261 262 263 266 268 269 270 272 275 276 280 281 282 284 285 286 287 288 289 290 291 292 293
47 215 218 220 221 222 224 225 226 229 230 233 235 236 238 239 241 244 246 247 248 249 251 253 255 256 258 262 263 264 265 267 268 269 271 272 274 276 278 279 280 281 282 283 288 291 292 293
46 214 215 217 219 220 221 222 223 224 225 226 229 230 231 232 233 234 237 240 243 245 246 247 249 251 254 255 257 260 262 263 268 269 270 271 273 277 280 281 283 284 285 287 288 290 293
34 214 215 216 221 225 228 233 236 239 242 246 249 251 252 260 261 262 265 268 269 270 272 273 274 275 277 278 279 280 281 282 285 286 291
44 215 216 217 219 222 224 226 227 228 229 232 233 234 235 236 237 240 242 243 244 245 247 248 249 251 253 254 255 257 258 259 261 262 267 269 270 272 274 277 282 283 284 288 291
54 214 215 216 217 218 219 220 221 222 223 225 226 228 229 230 231 234 236 237 238 239 240 241 243 244 247 254 255 256 257 259 261 263 264 265 266 267 270 272 273 274 275 276 279 280 281 282 284 285 288 289 290 291 293
37 214 217 219 220 221 224 227 230 231 233 235 236 242 243 244 245 248 249 250 255 256 258 259 260 261 262 266 267 272 275 279 281 285 287 289 290 292
51 216 217 218 220 221 222 224 225 227 228 230 232 234 235 237 238 240 241 242 243 244 245 246 250 251 252 254 256 257 258 259 261 262 263 264 266 268 269 273 276 277 278 280 281 282 283 286 287 291 292 293
34 214 217 218 222 224 225 229 230 232 233 238 240 242 246 249 251 254 255 257 260 263 265 268 270 271 273 274 277 279 281 283 286 290 292
28 219 220 222 224 227 229 234 238 239 245 246 252 255 256 257 258 262 264 266 267 272 273 279 282 285 286 291 293
44 214 215 216 219 220 221 222 224 225 226 227 232 234 235 236 238 241 242 243 244 246 247 249 250 251 252 253 254 256 261 263 264 266 267 268 270 271 273 274 276 278 281 289 290
38 216 220 221 222 224 228 229 230 231 232 236 237 238 240 241 242 243 250 253 254 262 263 264 265 266 270 273 275 280 281 282 284 287 288 289 290 292 293
47 214 217 218 219 220 222 223 224 226 229 230 233 236 237 238 241 242 243 245 246 247 248 250 252 253 254 256 258 259 260 261 262 265 266 269 270 272 273 274 277 278 279 280 283 284 288 291
43 214 216 217 222 223 224 225 226 227 229 230 232 233 235 237 239 240 241 243 244 245 246 247 249 250 251 253 254 255 256 260 261 263 265 270 273 276 277 280 281 286 287 289
49 215 216 217 218 219 220 221 222 224 225 226 227 232 233 234 235 236 240 244 245 247 248 249 251 252 253 257 258 259 261 262 263 266 267 270 271 273 274 278 279 280 281 282 284 285 286 287 289 290
35 214 215 217 218 219 225 227 228 231 232 233 236 239 240 241 242 245 247 251 253 254 258 259 261 265 266 268 273 274 278 280 282 286 287 290
49 215 216 220 221 222 223 224 226 228 229 232 233 234 238 239 240 243 244 245 248 249 250 253 254 257 258 260 261 262 263 264 265 267 269 270 271 272 274 275 277 278 279 282 284 286 287 288 292 293
27 214 219 223 226 230 237 238 240 244 248 249 251 255 256 257 260 264 268 271 272 275 276 278 279 282 287 291
30 216 218 227 228 230 233 241 242 245 246 247 248 252 254 255 260 261 263 264 266 276 277 279 281 282 283 284 286 288 292
24 221 225 226 231 232 233 238 242 255 260 264 266 267 268 271 273 276 282 284 285 286 287 288 293
43 214 215 219 224 225 228 232 235 236 239 240 241 242 244 245 247 251 254 256 258 260 262 263 264 265 266 267 268 269 270 272 275 276 278 279 282 283 286 287 288 291 292 293
35 225 226 227 230 231 232 235 239 240 241 243 244 246 248 250 252 253 254 257 259 261 262 263 264 265 267 269 276 277 283 286 287 289 291 293
55 214 216 217 218 219 220 223 224 225 226 227 228 229 230 231 234 235 237 241 242 243 246 247 248 249 250 251 252 253 256 259 260 261 262 263 264 266 271 272 273 274 275 276 277 278 279 282 284 285 287 288 289 290 292 293
27 215 216 218 224 234 235 236 239 240 243 248 250 254 255 257 266 267 275 276 278 280 282 284 288 289 292 293
30 217 224 226 227 228 231 232 233 235 237 241 244 245 249 253 254 260 261 264 265 269 272 274 275 279 283 285 287 288 290
26 215 216 217 220 223 225 226 229 231 234 240 252 254 259 263 265 270 271 273 274 276 284 285 290 291 293
42 214 215 216 217 219 220 221 222 224 225 226 227 228 230 231 232 233 234 236 240 241 243 244 245 249 263 267 268 269 271 272 273 274 275 278 279 281 286 287 289 290 293
46 214 215 216 217 219 221 223 225 226 227 228 232 234 239 244 246 247 248 249 251 255 259 260 261 262 264 266 267 268 269 270 271 272 275 276 277 278 280 281 284 286 287 288 289 290 292
40 214 215 216 218 219 222 223 224 226 229 235 236 237 241 242 245 246 248 250 252 253 254 255 257 259 262 266 267 268 269 270 272 278 281 284 286 287 289 290 291
39 215 216 217 218 219 221 225 226 230 233 234 235 236 238 240 242 245 250 251 252 253 254 256 259 261 264 267 269 270 271 272 275 277 281 287 288 289 292 293
44 214 216 218 219 223 226 229 230 232 234 235 237 238 240 241 242 244 245 247 248 249 251 252 255 257 259 260 263 265 267 269 271 274 275 276 277 278 279 281 283 285 286 290 293
24 216 217 225 228 232 234 236 237 240 244 247 261 262 263 265 272 273 274 279 280 284 286 288 291
32 214 215 218 219 220 224 225 227 229 230 232 234 243 251 256 261 262 268 269 270 271 274 275 277 280 283 285 286 287 288 290 291
44 214 215 216 217 220 222 223 224 226 228 230 231 232 233 234 236 237 240 241 248 252 254 255 258 260 263 265 266 267 268 269 270 272 273 276 278 279 280 281 283 285 286 290 291
37 216 217 219 223 224 226 227 228 233 234 238 239 241 242 243 245 246 247 248 251 253 255 256 262 265 267 270 271 273 274 275 279 281 284 289 291 293
26 215 219 221 235 236 239 241 242 243 252 253 255 257 259 260 266 267 269 270 272 273 276 279 290 291 293
43 218 220 221 222 224 226 227 228 230 231 233 235 236 237 238 239 240 242 244 245 247 248 252 256 260 262 263 264 267 269 270 272 273 275 279 283 286 287 288 289 291 292 293
34 214 216 219 223 224 225 226 227 228 229 234 236 237 239 244 245 250 253 254 257 258 259 262 263 268 271 272 274 278 282 285 287 291 293
27 219 221 223 225 227 234 236 237 240 242 243 244 246 250 252 254 255 265 266 269 274 279 283 289 290 292 293
45 217 218 220 221 225 226 227 228 229 231 234 236 237 238 242 243 244 248 250 251 254 257 258 259 260 261 262 263 265 266 268 269 270 273 274 275 277 278 279 280 281 282 289 292 293
36 215 217 220 221 223 224 227 229 230 231 235 237 238 240 242 247 248 250 251 254 258 260 269 270 272 273 276 279 281 282 285 286 287 291 292 293
46 215 218 219 220 221 222 224 225 227 228 229 232 235 236 237 240 241 244 249 250 251 252 255 256 257 258 259 260 261 265 266 267 269 270 271 272 276 277 280 281 286 287 288 290 291 293
35 214 215 216 218 221 222 223 224 225 227 229 234 235 236 240 241 245 252 254 257 258 260 261 265 267 268 272 274 275 280 283 285 286 291 293
35 214 218 219 221 222 224 225 226 228 231 233 238 242 243 244 245 249 252 255 256 260 261 266 267 271 273 275 277 278 282 285 286 287 290 292
32 214 221 223 225 228 231 233 234 235 236 237 239 241 247 248 249 250 253 254 256 258 261 263 266 273 280 282 285 287 291 292 293
24 214 219 220 224 229 230 235 238 241 244 250 255 257 261 267 269 274 275 278 283 284 287 290 291
42 214 215 218 220 221 224 225 228 229 232 236 237 240 241 242 243 246 247 249 251 253 254 255 257 259 260 262 264 267 268 272 273 278 279 281 283 286 287 288 290 291 292
34 214 216 217 218 219 220 221 223 226 227 228 229 230 231 233 235 239 242 244 245 251 252 253 256 258 268 270 272 275 280 282 284 287 292
39 214 215 216 217 218 221 222 223 224 229 230 233 236 237 238 239 240 242 248 251 254 259 260 263 264 265 266 267 270 271 275 277 278 279 283 285 286 287 289
27 214 220 233 234 235 236 239 242 243 246 247 258 259 261 262 266 269 270 273 274 275 276 277 278 284 291 292
55 215 216 217 218 219 220 223 224 226 227 228 229 230 231 232 233 235 238 239 240 241 242 243 246 248 250 251 252 254 255 256 260 263 264 265 266 267 268 269 270 271 273 277 278 279 280 281 283 285 286 288 289 290 291 292
48 215 218 220 221 223 226 227 229 231 233 234 235 236 237 238 239 241 242 243 244 245 249 250 257 258 260 261 262 264 265 267 268 269 271 274 275 276 277 278 280 282 283 286 287 288 290 291 293
51 214 215 216 217 218 220 221 222 223 224 226 227 228 229 230 231 232 233 234 235 236 237 240 241 242 243 244 248 249 251 252 253 254 255 259 260 261 263 264 265 266 267 268 269 272 274 281 284 286 289 290
29 217 219 224 231 233 238 241 243 246 247 249 252 253 254 258 259 262 263 265 268 271 272 274 276 277 281 284 286 293
29 215 217 219 222 224 225 226 230 234 236 238 239 242 247 248 249 250 255 259 260 264 270 271 272 277 279 280 286 288
45 217 218 220 221 222 223 224 226 227 228 230 231 232 233 234 235 236 243 245 247 248 249 251 252 254 255 258 259 262 263 266 272 273 274 275 278 280 282 283 285 287 288 291 292 293
41 215 218 220 222 224 227 229 230 231 232 235 236 239 240 242 243 244 245 248 255 256 259 262 263 264 265 267 268 271 272 275 277 278 280 281 283 284 286 289 290 291
34 215 216 218 219 223 224 225 227 228 231 232 233 236 237 242 243 247 248 249 251 252 254 255 262 263 266 267 272 275 276 278 283 285 292
42 214 215 217 218 223 224 225 226 227 228 230 233 240 241 243 244 245 251 252 254 255 256 257 258 259 260 261 262 266 269 274 275 280 281 282 283 285 288 289 290 291 293
30 214 224 225 226 228 229 230 233 234 236 237 241 244 246 249 250 253 254 255 256 261 264 270 271 274 276 280 283 286 290
52 214 215 216 217 218 220 221 222 224 225 227 228 235 236 238 239 241 242 243 245 246 247 248 249 251 252 253 257 258 259 260 262 263 266 267 272 273 274 275 278 279 280 281 282 285 286 287 288 289 290 291 292
35 219 220 224 225 226 227 229 232 233 236 237 248 249 250 251 252 253 254 256 257 258 259 261 264 265 266 267 270 272 274 275 277 281 283 289
50 214 215 217 222 223 224 226 227 228 230 231 235 237 238 239 240 243 244 245 246 249 251 252 253 254 255 262 263 264 266 268 269 271 273 274 275 276 277 278 279 280 281 282 283 284 287 289 290 292 293
46 216 217 220 221 222 224 227 230 231 232 233 234 235 236 241 243 245 246 247 248 249 251 252 253 254 255 256 259 260 263 264 266 268 269 271 272 273 275 276 277 278 280 285 290 292 293
29 214 217 218 223 224 228 229 230 231 237 241 243 245 247 250 254 257 259 261 265 267 275 276 280 281 287 290 292 293
30 221 222 223 225 226 229 230 234 237 239 244 247 250 252 258 259 261 263 265 267 270 271 273 274 278 280 282 287 290 291
33 214 215 216 219 220 222 227 236 239 245 248 250 252 254 255 260 261 264 266 267 268 269 270 271 275 276 277 279 283 285 288 289 291
40 215 216 218 219 221 223 224 225 230 231 234 237 238 241 243 247 249 252 253 254 259 260 261 262 265 267 269 270 273 274 278 281 282 283 284 285 286 291 292 293
26 214 224 228 229 230 232 234 235 243 247 248 250 252 253 255 256 257 261 264 265 268 273 275 277 282 293
54 214 215 216 219 221 223 226 228 229 230 232 233 238 239 241 242 243 244 246 247 248 251 253 254 255 256 258 259 261 262 263 264 267 268 269 270 271 273 275 276 277 278 279 281 282 283 285 286 287 288 290 291 292 293
47 215 219 220 221 222 224 227 230 231 233 235 237 238 239 243 247 248 249 250 254 255 256 259 260 262 263 264 265 268 269 270 272 274 275 277 278 279 280 281 283 286 288 289 290 291 292 293
49 214 215 218 219 220 222 224 225 226 228 230 232 233 234 236 237 238 239 245 246 247 248 249 251 255 256 257 260 262 263 265 266 267 268 269 270 271 274 277 280 281 283 285 286 287 288 289 290 292
40 214 217 223 226 229 230 231 232 233 234 235 237 238 241 242 245 247 250 255 257 259 262 267 268 270 271 272 273 274 275 276 277 278 279 282 285 286 287 288 289
50 215 217 218 219 220 222 227 230 231 233 234 236 237 238 239 241 242 246 247 249 250 251 253 254 255 256 258 260 263 264 265 266 267 269 270 272 273 274 275 276 278 281 284 285 286 287 289 290 291 292
25 220 221 223 233 242 245 247 250 254 259 263 265 266 271 275 278 279 282 284 285 286 288 289 290 293
42 214 215 218 219 221 222 223 228 231 232 233 236 237 238 241 243 249 250 252 255 256 258 259 262 263 264 267 268 271 272 274 275 278 282 283 284 286 287 289 290 291 293
27 218 221 224 226 232 234 235 237 238 241 244 246 251 255 258 259 261 263 269 274 275 276 277 283 285 292 293
45 214 216 221 223 225 226 228 230 231 232 233 235 236 238 244 247 248 249 252 253 255 258 260 262 264 266 267 268 269 270 271 272 274 275 276 277 278 279 281 282 283 286 290 291 293
50 214 215 216 217 218 220 221 222 223 226 227 228 229 230 231 232 233 234 237 238 239 240 245 246 247 248 250 252 253 254 257 258 259 260 262 265 266 269 272 274 276 279 280 281 283 285 286 287 290 292
47 215 216 217 219 221 222 224 225 226 228 230 232 234 237 239 240 241 243 245 246 247 248 251 252 255 257 258 261 262 264 265 266 267 268 271 272 273 274 275 278 280 286 287 289 291 292 293
35 214 219 220 222 223 224 225 232 235 237 239 241 245 248 249 251 252 253 254 256 257 262 263 264 266 268 269 270 271 272 273 275 277 286 287
28 216 221 223 227 228 229 231 232 233 239 243 245 247 249 251 260 261 268 273 274 275 277 278 279 284 287 288 292
25 214 215 217 220 222 223 226 227 231 236 238 247 257 267 268 272 273 274 275 277 282 283 285 291 292
33 214 220 221 222 223 224 228 233 235 237 238 242 245 253 256 257 259 264 266 268 271 278 279 280 281 282 285 287 289 290 291 292 293
41 215 219 220 222 223 224 225 227 229 231 232 233 237 239 241 242 244 247 248 249 251 254 256 259 260 262 263 264 265 266 267 268 271 273 280 281 282 287 289 291 292
47 216 218 221 223 226 227 228 231 232 233 235 237 239 240 241 244 245 246 248 249 251 252 256 257 258 259 261 263 265 266 267 269 270 271 274 275 277 278 280 281 284 285 286 287 289 291 293
48 214 217 218 219 220 222 223 226 227 228 232 233 235 236 238 241 242 243 244 246 249 251 254 255 256 258 259 260 262 263 266 267 268 270 272 273 275 277 278 280 283 284 285 286 288 289 291 293
24 216 222 223 224 232 237 238 240 241 242 244 245 247 248 252 255 256 263 264 266 273 281 283 292
51 215 216 218 219 220 221 222 223 224 226 227 228 230 233 235 236 240 241 244 245 248 249 251 252 253 255 256 258 260 262 264 269 270 271 273 274 275 276 278 279 280 283 284 285 286 287 288 289 291 292 293
41 216 217 219 220 221 223 224 227 228 230 231 234 236 238 240 241 242 244 249 250 251 252 253 257 258 259 262 263 264 265 266 269 270 271 272 274 278 285 286 287 289
50 215 216 217 218 219 220 221 223 225 229 230 233 234 235 237 239 240 241 242 243 248 249 250 254 255 257 258 259 260 261 263 264 266 271 272 273 274 275 277 279 280 281 284 285 286 289 290 291 292 293
46 215 217 219 220 223 225 227 228 230 231 233 234 235 237 239 240 246 247 248 249 254 256 258 259 260 262 263 264 265 266 267 269 270 272 274 275 277 279 282 283 287 288 290 291 292 293
27 215 216 221 225 227 229 234 235 237 238 243 248 250 251 256 257 258 262 269 273 274 277 280 284 287 290 293
50 214 215 216 218 219 221 222 223 224 225 226 228 229 230 234 237 240 242 243 244 245 246 247 249 250 252 255 256 257 261 262 263 264 266 267 272 274 276 277 279 280 281 282 283 285 286 287 290 291 292
31 214 216 224 226 228 229 230 232 235 236 238 242 243 244 248 249 250 252 255 260 262 263 270 271 272 280 282 283 284 287 292
31 216 220 222 225 228 232 234 235 237 238 241 245 247 249 253 258 259 261 263 270 271 278 279 280 281 282 283 284 285 289 293
40 214 215 220 221 224 228 229 230 231 232 235 238 239 245 248 250 252 256 257 258 259 261 262 263 264 265 270 273 277 278 279 281 282 285 287 289 290 291 292 293
45 214 215 216 218 221 223 224 225 226 227 228 230 231 233 234 239 240 242 243 244 247 249 251 252 257 259 261 262 265 266 267 269 270 277 278 279 282 284 285 287 288 289 290 291 293
24 219 223 224 226 227 228 244 249 250 251 253 260 264 269 271 273 276 278 281 283 284 286 289 293
41 216 217 218 220 221 222 223 230 231 235 241 242 244 246 250 251 254 255 258 260 261 262 263 268 269 270 273 274 276 277 279 280 281 283 284 285 287 288 289 291 292
24 214 219 225 226 227 228 231 235 246 248 249 253 254 255 257 260 265 274 277 278 285 288 291 293
53 214 215 217 218 219 221 222 223 224 225 228 229 230 231 232 233 234 235 236 237 238 239 240 242 244 245 249 252 253 257 258 259 260 261 263 266 270 271 272 273 274 275 276 278 279 280 283 284 285 287 290 291 293
51 214 216 222 223 224 225 226 227 228 230 231 232 233 235 236 237 238 240 242 244 247 248 249 250 251 252 253 255 258 261 262 265 266 267 268 269 270 271 272 274 275 276 278 280 283 284 289 290 291 292 293
54 216 217 218 220 221 222 224 225 226 227 230 231 233 236 237 239 240 242 243 244 245 248 249 250 251 254 255 256 257 258 259 261 262 263 264 265 268 269 270 271 273 274 275 278 279 283 285 286 287 288 289 291 292 293
39 214 215 216 218 222 223 224 227 228 229 233 234 236 237 238 243 244 246 247 249 250 256 260 262 263 264 265 267 268 269 271 276 279 280 281 282 283 284 293
29 219 220 222 224 228 229 230 231 237 245 246 249 250 251 255 257 259 260 261 262 265 266 273 276 278 284 285 286 291
27 214 217 219 221 222 237 238 239 240 245 246 247 249 252 254 259 263 265 267 268 270 276 279 282 284 285 291
30 216 217 218 221 222 226 228 233 238 240 243 247 248 249 251 255 256 257 261 263 266 270 277 279 280 284 288 291 292 293
49 216 218 219 220 227 229 230 232 234 235 236 237 238 239 241 244 245 246 247 248 254 255 256 257 258 260 261 263 264 266 267 268 269 271 272 273 274 276 277 278 283 285 286 287 288 289 290 292 293
33 214 216 218 219 220 222 227 228 234 237 242 246 248 250 251 255 256 260 262 265 268 270 271 274 280 282 283 286 287 288 289 290 291
36 215 217 223 225 230 232 233 234 235 237 238 239 241 244 245 247 248 250 251 254 255 257 259 264 267 269 270 271 274 278 279 283 286 288 291 293
34 214 215 217 219 221 223 225 228 229 231 236 237 238 244 245 246 250 253 256 257 258 259 260 261 262 266 270 274 278 283 284 289 291 292
55 215 217 219 220 221 223 224 225 226 227 228 229 231 232 234 236 240 242 243 244 245 247 248 250 251 252 253 255 256 257 258 259 261 262 263 264 266 269 270 271 272 273 274 276 279 280 282 283 284 286 288 289 290 291 292
33 220 221 222 223 224 226 228 229 233 234 235 236 240 241 245 248 250 252 256 257 261 268 269 271 272 278 280 282 284 288 290 291 293
54 214 217 219 220 221 222 223 226 228 229 230 232 233 234 235 236 237 238 241 242 243 244 247 250 251 252 254 255 256 260 261 262 263 264 265 268 270 271 273 276 277 278 279 280 281 283 284 285 287 289 290 291 292 293
31 214 219 220 221 222 224 226 230 232 234 235 237 244 245 246 248 249 250 252 256 257 259 263 264 274 280 281 285 287 288 291
33 214 215 218 222 223 226 229 231 233 234 235 238 239 246 247 251 252 253 255 256 259 266 271 273 274 275 276 282 286 290 291 292 293
53 217 218 219 222 223 225 228 229 231 232 234 235 236 239 241 243 244 245 247 248 249 250 252 254 255 256 258 259 260 262 263 264 265 266 267 268 269 271 274 275 277 279 280 281 283 285 286 287 288 290 291 292 293
38 215 218 219 221 222 226 227 229 231 232 234 241 245 246 249 251 259 264 265 266 267 268 269 270 271 273 275 276 277 278 280 282 283 284 285 286 291 293
38 214 215 216 217 225 227 229 230 233 236 238 239 240 241 242 247 248 249 250 252 254 257 258 260 261 262 263 264 269 271 277 278 281 282 283 288 290 292
47 214 215 217 218 219 221 223 225 226 227 230 231 233 235 240 241 244 245 247 248 249 250 254 255 256 259 261 262 265 267 268 270 271 273 274 275 276 278 279 280 281 282 283 284 286 289 290
54 214 215 216 217 219 221 222 223 224 225 227 229 230 231 232 233 234 235 237 239 240 241 242 244 245 246 247 248 249 250 252 253 254 255 256 258 260 261 263 266 268 269 270 271 275 278 280 283 284 285 287 288 289 291
37 215 216 219 220 224 226 233 234 237 239 241 242 244 245 248 250 251 252 253 255 257 259 261 263 267 269 270 274 277 281 282 283 284 286 287 289 291
30 216 218 219 221 229 237 240 242 244 252 254 255 256 258 259 260 265 267 271 272 274 277 280 281 284 285 287 288 289 292
55 214 215 217 219 220 221 222 224 225 226 227 228 229 230 231 232 233 234 235 237 238 239 241 242 243 244 245 249 250 254 257 260 262 264 265 268 269 272 273 275 276 277 278 279 280 281 282 283 285 286 287 288 290 292 293
24 214 217 219 220 222 223 226 231 232 234 239 242 249 260 261 262 263 269 271 276 278 280 285 292
25 215 217 219 220 223 225 227 234 235 236 237 239 244 251 256 257 260 262 265 266 269 273 282 287 289
25 215 218 219 224 226 227 228 242 249 251 252 267 268 269 271 272 276 278 279 281 283 286 287 288 290
52 214 215 216 217 218 219 220 222 223 224 225 227 228 230 231 233 234 235 238 241 245 246 247 249 251 252 255 256 258 259 261 264 265 266 268 270 271 272 275 276 277 279 282 283 284 285 286 287 288 289 291 293
53 216 218 220 221 222 226 227 229 230 231 232 233 234 235 236 238 240 241 243 246 247 248 249 250 251 253 254 255 256 257 258 259 260 261 262 263 265 266 269 270 271 273 274 277 278 279 281 283 287 288 291 292 293
44 215 216 222 223 227 228 231 232 234 236 237 239 240 241 242 244 247 249 251 252 254 256 257 258 259 260 262 263 264 265 268 269 270 271 275 276 280 282 283 284 285 287 288 292
34 214 216 221 222 223 224 227 228 235 237 240 244 247 248 249 250 252 257 258 259 260 266 268 269 270 271 277 280 284 285 287 289 290 293
24 215 219 220 222 223 238 240 252 253 254 257 258 259 260 264 268 274 275 276 277 279 281 291 292
53 215 216 217 218 219 220 222 223 224 225 226 227 230 232 233 235 236 239 241 242 247 248 250 251 254 255 256 257 261 262 263 264 266 268 270 271 272 275 276 277 278 279 280 282 283 284 285 286 287 288 289 290 292
55 217 219 220 222 224 225 226 227 229 230 231 233 235 237 238 240 241 242 243 244 246 247 248 250 251 252 253 254 255 259 262 263 265 266 267 268 269 270 272 273 275 276 277 278 279 280 282 283 284 285 286 287 288 290 293
41 214 215 216 224 225 228 229 231 233 235 237 238 240 242 245 246 247 249 250 251 253 255 257 259 260 261 263 266 268 269 271 272 273 275 276 277 281 283 284 290 293
25 214 215 216 221 225 228 230 232 235 248 249 250 252 257 259 265 267 268 269 270 279 283 284 286 288
49 214 215 217 218 220 221 222 223 227 229 230 232 233 235 238 240 242 243 244 246 247 248 251 253 254 256 257 258 259 263 264 265 266 270 271 272 273 275 276 277 278 281 282 283 284 285 288 289 290
33 216 218 220 224 225 227 229 230 231 233 237 238 241 243 245 247 250 254 259 260 264 269 270 271 273 275 279 284 285 286 287 288 292
47 216 217 218 219 223 225 228 229 230 233 235 236 237 238 241 242 244 245 247 248 249 250 252 254 255 257 259 261 262 265 268 272 273 275 277 279 280 281 282 283 284 286 288 289 291 292 293
24 214 217 227 228 232 234 240 244 250 258 259 265 270 273 275 276 277 278 279 280 284 285 290 292
47 214 215 217 219 221 222 224 226 229 232 233 234 235 236 237 238 241 244 245 246 247 248 249 251 255 256 259 260 262 263 266 267 268 270 272 273 274 276 277 278 280 281 285 287 288 289 290
29 216 220 227 228 229 231 233 236 237 238 240 241 243 245 247 249 255 258 262 263 264 269 271 272 273 275 277 286 293
29 215 219 224 225 227 229 232 233 235 238 241 242 243 246 247 252 254 256 262 264 266 267 268 272 273 276 284 286 290
36 214 215 216 218 219 221 222 224 225 228 233 237 240 244 247 248 252 253 255 256 262 265 267 269 271 272 273 274 275 280 281 284 285 287 289 291
43 214 215 217 218 219 221 223 225 226 230 232 235 237 239 240 241 243 244 245 249 250 251 252 256 259 262 263 265 268 273 274 277 278 279 281 283 284 285 287 288 289 292 293
40 214 215 216 218 219 220 221 224 225 226 227 228 230 232 233 234 236 237 239 242 243 245 247 249 250 252 256 260 262 269 270 273 274 278 280 281 287 290 292 293
32 215 216 217 219 221 223 224 225 228 231 232 234 236 238 240 241 254 255 258 265 268 271 272 273 274 282 283 285 286 290 291 292
25 221 226 229 231 233 236 239 242 243 247 249 251 253 254 257 261 264 265 272 278 281 283 286 290 293
47 215 216 217 219 221 223 225 227 228 230 234 235 236 238 239 240 241 242 243 244 245 248 249 250 252 254 256 257 258 259 261 265 267 268 271 272 273 274 276 280 281 283 284 287 288 290 293
27 218 220 221 223 225 236 237 239 240 244 248 251 252 254 258 259 260 263 265 268 269 274 278 286 287 288 292
33 214 218 223 226 228 232 235 236 239 243 244 247 249 252 255 260 261 263 264 265 267 270 273 274 276 279 280 281 282 283 289 291 293
42 214 215 217 218 223 224 225 226 227 228 230 232 236 238 242 244 245 247 248 250 252 253 254 258 259 260 261 262 268 271 272 273 274 275 276 277 278 280 282 287 288 290
39 216 219 221 222 223 224 227 228 231 232 234 235 236 241 242 246 247 249 251 252 253 256 257 260 261 262 268 269 270 271 273 274 276 279 280 281 282 287 291
49 216 218 219 221 222 224 225 227 228 229 230 232 233 236 237 240 241 242 243 244 247 248 252 255 256 257 258 260 261 266 267 269 270 271 272 274 275 276 278 279 280 281 282 286 287 288 289 290 293
43 214 215 216 219 224 225 226 230 234 235 237 238 239 244 245 247 249 250 253 255 256 257 258 259 260 262 263 264 266 267 269 270 271 272 273 277 278 279 280 287 288 291 292
34 214 219 225 228 232 233 234 237 238 239 241 245 248 250 251 252 253 254 255 256 260 261 262 263 265 269 271 274 280 283 285 287 292 293
45 214 215 218 219 221 224 225 227 228 229 232 233 234 237 239 240 245 246 249 250 251 252 256 261 262 264 266 267 268 269 270 271 273 277 278 279 280 281 285 287 288 289 290 291 292
54 215 216 217 218 220 225 226 228 229 230 231 232 233 237 238 239 241 242 243 244 245 246 250 253 254 255 256 257 258 259 260 261 263 264 265 266 267 271 273 274 275 276 278 279 281 282 283 284 286 287 289 290 292 293
47 214 215 217 219 222 224 227 229 230 232 233 234 236 237 239 240 241 245 247 249 250 251 254 257 258 259 260 261 262 263 265 268 269 270 271 273 274 277 279 280 282 283 284 285 286 289 293
43 214 219 220 221 222 224 225 227 233 234 236 238 240 241 242 244 246 248 251 253 254 256 259 260 261 262 263 265 269 271 273 275 276 277 278 279 280 282 283 288 289 292 293
33 214 215 217 219 221 225 227 229 230 231 232 235 237 241 246 248 249 252 254 257 262 270 273 275 279 280 281 283 284 287 288 289 292
46 215 216 218 219 220 222 223 224 225 227 228 230 231 232 234 236 237 238 239 242 244 248 249 250 252 255 256 259 261 262 265 266 268 272 273 275 276 278 280 281 283 286 288 291 292 293
45 214 215 216 217 219 220 221 222 227 228 229 234 239 241 242 243 244 245 246 247 249 250 251 253 254 256 257 259 260 262 266 267 269 272 275 276 277 278 279 280 281 283 286 287 289
48 214 216 217 219 223 224 226 228 229 230 231 232 234 239 240 242 243 244 245 249 251 252 253 254 255 256 257 259 261 262 263 264 266 267 269 271 272 273 274 278 279 281 283 285 286 287 290 293
52 216 217 219 220 221 223 224 225 226 232 233 235 236 237 238 239 241 242 243 244 246 249 251 252 253 255 257 259 261 262 264 265 267 268 269 270 271 272 273 274 275 276 277 278 280 281 282 283 287 289 291 293
49 214 216 220 221 222 223 224 225 226 230 231 232 234 236 237 238 239 240 241 242 245 246 248 249 252 253 254 255 258 261 262 263 264 265 267 270 273 274 275 277 278 281 282 284 287 288 289 292 293
25 216 218 219 220 222 225 229 230 231 232 234 239 241 244 252 265 268 269 271 278 280 281 284 286 288
6 296 302 305 306 309 313
15 295 296 297 298 300 303 305 307 308 310 311 314 318 320 321
14 296 298 299 301 302 303 307 309 311 315 316 320 321 322
12 295 298 301 305 308 309 310 314 316 319 321 322
8 294 308 313 315 316 319 322 324
7 303 307 310 312 317 318 320
14 294 296 298 301 304 305 310 312 316 317 319 320 321 324
6 299 313 314 316 318 323
6 303 306 307 309 318 320
10 299 302 303 306 308 309 312 314 319 322
9 297 298 306 310 311 313 314 322 324
8 299 300 304 315 316 318 319 321
12 300 301 302 303 306 307 308 311 312 319 322 323
15 294 295 299 300 301 308 309 311 312 315 316 317 318 319 321
8 294 296 299 304 310 313 322 324
7 304 307 308 315 322 323 324
9 295 296 297 300 304 315 317 318 321
9 305 306 307 310 313 314 322 323 324
12 298 300 301 305 306 307 312 314 317 318 320 324
11 295 297 299 303 304 309 312 313 317 322 323
11 294 295 298 300 301 303 310 312 314 316 319
12 295 298 300 301 302 303 306 308 311 314 316 320
18 294 295 296 297 298 302 303 304 305 306 309 310 315 316 318 319 321 324
4 294 304 309 317
8 294 296 305 307 309 312 317 320
14 296 297 298 299 300 303 305 308 311 312 317 318 323 324
6 294 297 311 312 313 318
11 296 297 298 304 309 310 315 316 320 321 324
9 297 298 299 300 301 303 305 314 317
11 295 298 302 307 310 311 314 315 321 323 324
13 294 297 305 308 310 311 312 315 317 319 320 323 324
5 294 300 316 318 324
20 294 295 296 297 299 302 303 305 308 309 310 312 314 315 317 318 319 320 323 324
8 294 296 298 301 302 318 320 324
3 294 304 309
4 301 305 311 320
7 294 297 302 304 308 310 319
10 296 299 302 303 308 311 313 315 316 319
16 294 295 298 299 302 303 306 307 308 310 315 316 319 320 322 323
8 295 298 301 303 315 320 321 324
10 295 300 302 306 307 308 309 311 314 323
17 294 295 301 302 304 306 307 309 310 313 314 315 316 319 320 321 322
8 294 295 299 305 313 314 317 318
10 296 300 305 306 307 309 311 312 317 322
10 295 296 298 299 301 305 306 314 321 323
6 297 298 301 308 314 322
5 298 301 311 321 322
6 300 304 306 307 313 316
6 297 300 304 312 317 318
7 295 296 301 303 307 310 311
13 299 300 301 307 308 311 312 313 314 317 320 322 323
20 294 296 297 299 300 301 303 304 305 306 308 309 312 313 316 317 318 319 320 322
19 294 295 296 299 300 302 304 305 310 311 312 313 315 316 317 319 321 323 324
15 296 297 300 301 304 305 309 311 312 313 314 317 318 321 324
12 300 305 306 307 308 310 311 314 315 316 319 321
6 295 297 310 321 322 323
13 297 298 302 304 305 310 312 313 314 315 321 322 324
13 294 295 296 304 306 308 309 311 312 316 320 321 322
6 297 300 302 304 309 311
17 294 297 298 299 301 302 306 308 309 310 311 313 316 317 318 321 322
13 296 299 300 302 303 304 306 307 315 317 320 323 324
18 295 296 298 299 300 301 302 303 304 306 307 309 313 314 316 318 321 322
8 297 299 304 306 309 314 315 322
11 298 302 305 308 312 313 317 319 320 321 323
7 297 299 303 313 315 318 322
6 295 301 302 303 308 323
7 297 299 311 317 318 320 321
14 295 296 300 303 304 305 307 312 314 315 319 320 323 324
9 302 307 310 313 315 318 319 323 324
12 299 301 302 306 312 313 315 316 319 322 323 324
11 297 305 307 309 312 315 317 318 319 321 323
18 294 295 296 299 300 301 303 306 307 308 309 311 316 317 318 319 320 323
11 294 295 305 306 308 310 313 314 319 323 324
7 296 297 298 302 303 304 320
8 294 298 307 310 313 316 323 324
5 303 307 309 318 320
6 300 305 314 315 316 321
7 294 295 305 306 310 313 319
5 315 318 319 323 324
10 295 300 308 309 311 312 316 317 319 321
6 299 301 312 316 319 324
8 298 299 302 303 309 311 321 322
6 295 298 303 315 320 324
4 307 308 322 323
8 300 305 307 308 310 315 319 321
9 299 302 312 313 315 316 322 323 324
5 298 301 308 314 322
3 295 303 308
6 297 309 317 318 319 323
6 296 305 307 312 317 320
3 297 303 320
6 297 310 311 314 322 324
4 312 317 318 320
1 294
10 294 296 298 301 304 310 316 317 319 321
15 294 295 296 299 300 301 303 306 307 308 309 311 319 320 323
7 305 307 310 313 322 323 324
9 296 300 302 304 307 315 317 320 323
6 294 295 298 301 314 316
4 308 315 316 324
4 297 299 318 320
5 299 303 306 312 322
6 296 302 308 311 313 319
4 297 304 309 322
14 294 295 296 297 299 303 308 309 310 315 317 320 323 324
1 304
6 296 302 303 308 316 319
5 298 317 319 320 323
9 295 300 303 305 307 312 314 315 323
6 305 306 307 310 314 322
3 295 297 321
10 300 301 302 303 307 308 311 312 319 322
7 294 295 305 308 310 313 314
3 296 306 313
7 296 300 302 303 304 306 324
5 300 304 315 318 321
6 300 301 307 308 320 322
2 294 304
8 299 300 301 308 313 314 317 320
7 296 297 304 309 310 320 321
3 300 316 324
1 294
11 295 296 304 306 308 309 311 312 316 320 322
4 296 299 310 322
4 295 299 317 318
5 296 297 302 303 320
4 300 304 315 321
8 298 301 304 312 316 319 321 324
3 307 309 318
5 299 303 315 318 322
7 296 299 302 303 308 311 319
14 294 296 302 303 305 306 309 310 315 316 318 319 321 324
8 297 305 307 309 312 315 318 321
3 298 301 314
4 298 301 311 321
4 298 310 313 324
5 294 308 319 322 324
12 297 298 299 300 303 305 308 311 312 317 318 324
6 296 305 307 309 312 317
5 294 295 305 314 318
5 294 313 315 319 322
9 295 296 307 312 314 319 320 323 324
2 301 321
8 295 297 299 303 304 312 313 322
5 295 299 306 314 323
9 297 302 304 312 313 315 321 322 324
9 298 301 305 309 314 316 319 321 322
4 294 296 318 320
1 309
17 294 295 296 297 299 302 303 305 308 312 314 315 318 319 320 323 324
2 294 304
13 295 296 299 300 303 306 308 311 316 318 319 320 323
1 294
5 299 306 314 319 322
4 299 313 314 316
4 313 314 318 323
9 296 297 300 303 308 310 314 320 321
5 294 307 310 323 324
12 296 297 300 301 305 309 311 312 313 314 317 324
4 295 297 304 315
3 310 312 320
13 295 296 299 300 303 306 307 308 311 316 317 318 320
4 295 302 303 308
17 294 297 299 300 301 304 305 306 308 309 312 313 316 317 318 319 322
4 301 303 308 323
10 296 298 303 305 311 312 317 318 323 324
8 296 304 305 307 315 320 323 324
15 295 296 299 300 305 310 311 312 313 315 316 317 319 321 324
8 295 296 298 299 301 305 306 314
5 303 306 307 309 320
3 294 297 312
7 300 308 312 313 314 320 322
13 294 295 296 300 302 305 311 312 313 316 317 319 324
6 305 306 308 313 319 324
3 304 309 311
8 295 300 301 303 308 311 314 316
10 296 298 299 302 303 307 315 316 320 321
8 306 307 308 310 311 314 316 321
5 294 297 304 308 310
8 295 300 302 307 308 309 314 323
1 304
2 316 324
5 296 307 309 312 322
12 294 295 301 306 307 308 311 316 318 319 320 323
15 295 296 298 299 300 301 302 303 306 309 313 314 316 318 322
9 301 302 306 308 309 313 316 317 321
9 294 305 308 310 311 312 315 319 323
10 299 301 304 306 308 312 313 316 319 322
4 303 310 312 318
16 294 296 297 299 301 304 305 306 308 309 313 316 318 319 320 322
7 295 296 298 306 314 321 323
7 306 307 310 313 322 323 324
6 299 302 303 309 314 319
6 296 302 308 313 316 319
4 296 297 302 303
1 304
9 296 299 303 306 308 309 311 318 319
11 296 301 304 305 312 316 317 319 320 321 324
10 294 296 297 298 302 303 304 310 319 321
10 294 298 299 302 306 307 315 316 319 322
7 297 298 306 313 314 322 324
4 306 307 318 320
8 297 303 305 308 312 317 318 323
11 294 297 305 308 310 311 312 315 317 319 324
11 296 300 304 305 307 312 314 315 319 323 324
15 294 296 297 298 302 303 304 305 306 309 310 316 318 319 324
4 301 308 314 322
5 297 300 302 304 309
5 296 298 302 304 320
3 294 316 318
3 297 322 323
10 299 301 303 304 305 306 308 316 320 322
11 295 300 303 304 305 307 312 314 315 319 320
6 297 299 304 314 315 322
9 295 296 300 303 304 305 307 314 324
7 298 301 302 306 314 316 320
5 299 303 313 315 318
5 304 310 313 322 324
10 296 306 308 309 311 312 316 320 321 322
12 295 296 303 309 310 312 314 315 318 319 320 324
3 296 305 309
5 297 300 302 304 311
6 312 314 317 318 320 324
8 297 298 309 310 315 320 321 324
6 295 299 304 309 312 322
6 306 310 313 314 322 324
3 299 318 323
11 294 295 296 304 306 308 311 312 316 320 321
9 294 295 302 305 306 309 315 318 324
15 295 297 302 303 305 308 309 312 314 315 317 318 319 320 323
4 294 297 311 318
14 294 295 299 300 304 305 310 312 313 316 317 319 323 324
6 302 306 312 313 316 323
3 297 312 318
8 296 300 305 306 307 309 311 322
12 294 298 302 306 308 309 311 316 317 318 321 322
9 294 295 305 306 308 310 313 319 324
2 311 322
6 295 296 306 309 320 321
2 305 320
11 296 299 302 303 304 306 309 314 316 318 321
2 294 316
5 298 300 312 314 316
7 308 310 311 315 316 319 321
4 298 301 314 322
9 295 298 302 310 311 314 315 323 324
6 301 308 313 314 317 323
3 321 322 323
6 298 301 310 314 319 321
5 303 312 317 322 323
6 300 308 311 314 316 320
5 297 299 303 309 322
7 299 300 301 307 308 312 314
5 298 305 312 319 321
3 296 298 304
9 296 298 299 301 303 307 311 315 322
15 294 295 296 297 299 302 303 305 309 310 315 318 320 323 324
10 294 296 297 303 305 306 315 316 319 324
7 305 306 308 313 314 319 323
6 306 310 314 322 323 324
5 297 298 302 304 320
11 295 296 299 301 308 309 311 316 317 320 323
6 305 306 310 313 322 324
9 299 302 304 310 311 313 319 321 323
5 298 307 311 314 321
4 300 304 317 318
12 298 299 300 302 303 304 307 309 313 314 316 322
8 302 306 308 309 312 314 319 322
9 294 295 304 308 309 312 320 321 322
4 297 302 304 311
7 297 298 306 310 313 322 324
2 304 317
13 294 297 298 299 301 302 306 310 313 316 317 318 321
3 297 304 318
9 298 300 301 305 306 314 318 320 324
4 299 304 306 314
8 298 299 302 306 310 311 313 318
7 298 306 311 313 314 322 324
14 294 295 297 298 302 303 304 305 309 315 316 318 319 321
6 294 298 310 313 316 323
8 295 298 299 305 306 314 321 323
8 299 301 302 306 312 313 315 324
8 294 297 305 308 315 317 323 324
3 299 313 323
5 303 306 309 318 320
6 302 308 313 317 321 323
3 304 307 313
2 309 317
9 295 296 300 304 305 314 319 320 324
11 296 298 299 301 302 303 307 315 316 321 322
5 295 298 301 315 321
8 305 306 311 314 315 316 319 321
7 294 295 296 304 308 311 312
2 294 317
5 294 295 313 314 317
8 297 305 307 312 317 318 319 323
7 297 303 309 312 317 322 323
4 300 304 317 318
8 304 305 310 312 314 321 322 324
11 296 297 298 299 303 308 311 312 318 323 324
16 294 296 297 299 301 303 304 305 308 311 313 314 317 319 322 324
12 295 297 298 301 302 305 313 314 318 319 320 324
12 294 298 299 300 301 302 305 309 310 311 312 320
10 298 302 304 306 307 310 313 318 320 321
10 298 301 302 307 310 311 315 318 319 320
11 294 295 297 298 301 306 310 314 317 319 320
12 296 302 307 309 311 312 313 314 316 320 321 324
20 294 296 298 299 300 301 302 303 305 307 308 310 311 313 314 318 319 320 323 324
18 294 295 296 297 298 300 302 303 304 307 309 311 312 314 316 318 323 324
14 295 298 299 300 302 303 304 307 309 311 312 314 318 319
12 294 296 297 300 301 302 303 307 309 314 320 324
13 294 295 299 301 308 309 310 312 315 316 318 321 323
17 295 297 298 299 300 302 303 304 305 306 309 312 314 315 318 321 323
18 295 297 298 300 302 305 306 308 311 312 314 315 317 318 319 321 322 324
10 294 298 301 302 307 309 311 312 318 321
15 294 295 299 303 304 305 306 307 309 310 311 312 313 317 323
14 294 297 298 301 302 304 305 311 312 313 319 322 323 324
18 294 295 298 299 301 303 306 307 309 312 315 316 317 319 320 321 322 324
17 294 295 297 299 301 304 305 306 309 310 311 312 313 314 317 323 324
9 295 300 302 303 307 313 314 321 323
18 294 296 297 298 300 302 303 305 306 308 309 312 314 315 316 320 321 322
9 294 298 305 308 309 310 312 315 320
16 294 295 296 304 309 310 311 312 313 314 315 317 318 319 320 322
14 297 299 300 304 305 308 309 315 317 318 319 322 323 324
17 297 298 299 301 302 304 307 308 309 310 312 314 315 316 318 319 320
12 294 295 296 301 306 310 312 315 316 317 323 324
11 296 297 301 302 303 307 308 312 315 319 324
9 294 295 299 306 308 309 314 316 320
11 294 297 298 305 307 309 310 313 320 321 324
18 294 295 297 298 302 303 304 305 306 309 312 314 316 318 320 321 323 324
14 296 297 299 300 302 303 304 306 307 310 311 319 321 322
16 295 297 298 300 301 304 307 308 310 312 313 317 318 319 321 323
14 294 295 296 298 304 305 306 312 316 317 318 319 321 323
10 297 298 299 306 311 312 313 317 321 322
15 294 297 299 302 303 304 305 307 308 311 313 316 317 319 322
12 297 305 309 311 312 317 318 319 320 321 322 323
12 294 295 300 302 304 306 307 312 316 318 319 321
15 294 297 298 299 301 303 304 307 311 312 313 315 318 319 322
11 294 295 297 304 306 307 308 310 317 318 323
10 294 296 297 299 302 311 313 319 321 322
20 294 295 296 297 298 299 301 302 303 305 306 307 309 315 316 317 321 322 323 324
17 295 296 298 299 302 304 305 306 307 308 311 312 316 319 320 321 322
10 294 297 305 307 308 312 315 317 318 319
19 294 295 298 302 306 308 309 310 312 313 315 316 317 318 319 320 321 322 324
14 297 298 300 303 305 308 309 313 314 315 318 320 322 324
16 295 300 302 304 305 307 309 310 312 315 316 317 320 321 323 324
11 294 297 299 305 307 308 309 311 313 322 323
12 296 300 307 310 311 313 315 316 317 319 322 324
14 295 297 299 300 302 305 306 307 308 312 313 317 318 319
20 295 298 299 300 301 303 304 305 306 307 308 309 310 311 313 314 317 318 321 322
13 294 298 299 300 303 306 308 309 313 314 317 318 321
10 302 303 306 307 308 314 315 316 317 322
15 295 300 301 302 304 305 306 311 314 316 318 319 321 323 324
20 295 296 297 299 300 302 303 306 308 311 312 314 315 316 317 318 319 321 322 323
21 294 295 296 300 302 303 304 305 306 307 308 310 311 312 314 316 317 319 321 323 324
15 295 296 297 299 300 303 304 306 307 308 310 313 315 317 323
18 296 297 298 299 304 305 307 309 310 311 312 313 314 316 317 319 321 323
14 294 295 296 298 300 303 304 305 306 308 309 310 315 324
13 294 295 296 297 298 304 308 310 313 315 316 321 324
10 297 300 308 311 312 315 318 320 321 322
11 296 303 306 308 309 311 312 315 319 321 322
21 295 296 297 298 302 303 304 306 307 308 311 312 313 314 315 316 319 321 322 323 324
20 296 298 299 301 302 303 304 306 307 308 309 311 312 314 315 317 318 320 323 324
10 299 300 302 306 311 314 315 316 317 321
20 294 295 297 299 300 301 304 305 306 307 308 309 310 316 317 318 321 322 323 324
13 295 296 299 300 301 304 306 308 311 313 319 323 324
11 294 296 301 302 303 304 305 309 310 317 324
19 294 296 301 302 303 304 305 306 307 308 309 312 315 316 317 321 322 323 324
12 298 300 304 308 310 312 313 314 318 319 321 323
12 294 300 303 305 306 308 309 317 318 321 322 324
17 294 296 297 300 301 302 303 304 306 307 310 312 313 314 315 319 320
16 294 297 299 300 301 302 303 305 308 309 310 311 312 316 321 324
16 295 297 298 301 302 303 304 305 306 307 308 310 313 314 315 316
15 294 297 299 301 305 306 307 311 315 318 319 320 321 322 323
19 294 295 296 299 301 302 303 304 305 306 310 311 312 313 314 318 319 322 324
16 295 297 299 300 301 302 304 308 309 310 311 312 313 314 317 322
11 296 297 303 305 308 311 312 314 317 318 320
20 295 297 298 300 301 302 304 308 309 310 312 313 314 316 318 319 320 322 323 324
14 295 296 298 301 303 304 312 315 316 319 320 321 322 323
16 294 295 297 299 300 303 305 311 312 314 315 318 320 321 323 324
20 294 295 296 297 298 299 303 304 306 307 308 310 312 313 314 315 317 318 320 323
10 294 295 303 304 310 312 314 317 318 323
12 296 297 298 299 300 301 302 304 310 311 316 322
18 295 296 297 298 299 300 305 307 311 313 315 316 317 318 320 321 322 323
17 297 298 301 303 304 305 306 308 309 312 314 318 319 320 322 323 324
16 294 298 304 307 308 309 311 313 314 316 317 318 319 322 323 324
15 296 298 300 303 304 306 308 309 310 314 317 319 320 323 324
14 294 295 298 302 310 312 313 314 315 318 319 320 321 323
14 294 296 297 298 302 306 307 308 315 316 318 320 322 324
21 295 296 297 298 299 300 301 302 304 306 307 308 310 311 312 313 315 316 318 320 321
19 294 295 298 300 301 303 304 305 306 307 309 310 311 315 316 317 318 320 324
10 294 300 301 306 307 308 315 316 317 324
21 294 297 298 299 300 301 303 305 306 307 308 312 313 315 316 319 320 321 322 323 324
19 294 295 303 307 308 309 310 311 312 313 314 315 316 318 319 320 322 323 324
21 294 295 296 297 298 299 301 303 305 306 307 308 309 313 314 315 316 317 319 321 322
14 294 295 296 297 298 300 302 305 306 309 313 318 319 324
17 296 297 298 299 302 303 304 305 307 311 314 316 318 320 321 323 324
14 296 299 300 302 303 307 308 309 310 313 317 318 320 323
15 295 296 301 304 306 307 308 309 310 317 318 319 321 322 324
14 295 297 299 301 304 307 309 311 313 314 316 317 319 324
9 295 298 300 308 309 311 313 320 322
10 294 298 300 306 314 316 317 321 322 324
11 294 295 297 299 302 303 304 313 314 317 324
20 295 296 298 299 300 302 303 304 305 307 310 311 313 314 315 318 319 321 322 323
14 294 296 297 298 299 301 305 306 308 311 315 318 319 323
13 295 296 298 302 308 310 313 315 316 318 320 321 324
20 294 295 296 297 298 301 302 303 304 305 308 309 312 315 316 317 321 322 323 324
16 294 297 298 300 302 303 307 310 311 313 314 315 317 318 320 321
17 294 296 298 301 303 304 306 308 309 310 312 313 314 316 320 321 324
18 294 295 298 299 302 303 304 306 307 308 309 311 313 315 316 318 319 324
10 296 299 302 303 310 312 314 317 321 324
17 294 295 296 298 300 301 302 304 305 308 309 310 316 317 321 322 323
21 294 295 296 297 298 300 301 302 303 306 307 309 312 313 315 316 317 318 320 323 324
14 294 296 301 305 307 308 309 310 312 313 317 319 320 323
14 295 298 300 302 306 307 308 310 311 312 314 315 316 321
15 297 298 299 300 306 308 313 316 318 319 320 321 322 323 324
16 295 296 297 301 303 304 306 308 310 314 315 319 320 322 323 324
17 294 295 298 299 300 301 303 304 305 306 307 312 313 316 317 320 323
13 303 304 307 308 310 311 313 314 315 317 320 321 323
19 295 298 300 301 302 307 308 309 310 311 313 314 315 316 318 320 321 322 324
15 295 296 297 300 301 304 306 307 309 311 312 315 322 323 324
17 295 298 300 301 302 305 308 309 310 311 312 314 318 319 320 322 324
11 294 295 296 298 299 300 302 307 313 317 323
10 296 297 299 303 306 309 312 317 319 321
14 294 302 304 308 309 311 312 314 316 317 318 319 321 322
12 294 296 300 304 306 310 313 316 318 319 320 324
10 294 296 297 313 316 317 318 320 321 322
19 294 296 297 298 299 300 302 303 304 307 310 314 316 318 319 320 321 323 324
14 296 297 299 302 307 308 310 312 314 316 317 318 322 324
16 294 295 296 299 301 303 305 306 307 309 313 314 315 318 322 324
14 294 296 297 298 300 301 306 311 313 315 319 321 322 324
20 294 296 298 300 301 302 303 304 305 306 308 310 311 312 315 316 317 320 322 324
14 294 301 302 303 305 308 312 313 314 315 317 318 319 324
11 296 298 301 302 303 305 307 308 315 318 319
21 294 295 296 297 299 300 301 302 303 304 306 307 308 309 310 312 316 317 319 322 324
12 296 297 298 299 301 308 309 314 316 317 320 323
19 294 295 296 300 303 304 306 307 309 310 312 314 315 317 318 320 321 323 324
9 294 296 297 300 301 303 304 312 322
13 297 298 301 304 305 306 307 309 312 313 317 318 320
10 297 300 301 304 311 312 315 316 323 324
11 298 300 301 304 305 308 309 311 317 320 324
21 295 296 297 298 299 301 303 304 305 306 307 309 310 312 313 314 316 318 321 322 324
13 296 297 298 304 307 310 311 312 313 314 315 321 324
11 295 296 300 302 305 306 309 311 312 317 324
11 295 296 300 305 307 308 315 318 320 322 323
10 300 302 307 308 309 310 313 317 320 323
19 294 295 296 298 299 300 301 303 308 310 311 312 314 316 318 319 320 323 324
18 294 298 299 301 302 305 307 309 310 312 315 316 317 319 320 322 323 324
20 294 295 296 297 298 300 301 305 306 307 308 311 312 313 315 319 320 321 323 324
16 294 295 303 304 306 307 314 315 316 317 319 320 321 322 323 324
17 294 296 297 299 301 302 303 304 306 307 310 312 316 317 320 321 324
21 294 295 296 299 302 303 304 306 307 308 310 312 313 315 316 317 318 319 321 322 324
9 295 296 298 305 311 312 313 316 321
18 294 296 297 300 301 302 304 305 311 312 314 315 317 318 319 321 323 324
9 295 301 302 303 304 308 321 322 323
17 294 295 296 298 300 301 303 304 305 309 315 316 317 318 321 322 324
11 296 297 299 300 301 303 311 316 319 321 322
20 296 297 298 299 300 301 303 305 306 308 309 310 311 313 315 316 318 319 320 322
11 295 297 298 300 310 314 315 319 321 322 323
10 294 297 301 304 305 316 317 320 323 324
15 294 297 298 299 301 304 305 309 310 311 315 316 318 320 324
16 299 300 301 302 305 306 307 309 311 312 315 316 317 318 319 323
19 295 297 298 300 301 302 304 305 306 309 312 313 316 317 319 320 321 322 323
15 295 300 301 303 304 306 307 308 310 311 314 315 319 322 324
10 295 300 301 304 305 307 309 316 320 323
14 294 297 301 303 304 307 309 310 311 313 315 317 320 322
15 297 298 300 301 302 303 304 306 309 311 312 316 317 319 320
12 296 297 298 299 301 315 316 317 319 321 322 324
13 294 297 301 303 304 307 309 310 311 315 318 323 324
11 296 298 302 304 305 309 310 317 318 322 324
13 294 295 299 300 305 306 308 309 311 314 315 316 321
21 294 297 298 299 300 301 302 303 304 305 306 308 309 311 313 314 316 317 318 319 321
13 294 295 296 297 302 303 309 311 315 317 318 319 322
12 294 296 303 306 307 308 309 310 314 316 320 324
20 294 296 297 298 299 303 306 308 309 310 311 313 314 315 316 317 319 320 322 324
20 294 295 296 298 299 300 301 302 304 305 306 309 311 314 316 317 318 319 321 323
16 294 295 296 297 298 300 304 305 307 308 312 316 317 318 320 323
10 297 299 301 304 309 313 315 317 318 319
18 295 300 301 302 303 305 307 309 310 311 312 314 318 319 321 322 323 324
9 298 302 303 304 306 316 318 319 322
20 294 295 296 297 299 301 306 307 308 310 311 312 313 314 316 317 318 319 320 321
20 294 295 297 299 300 301 302 303 304 305 306 307 308 310 312 314 315 318 319 322
17 294 297 299 301 304 305 306 309 311 312 314 316 318 319 322 323 324
11 297 300 301 302 307 308 311 313 315 316 319
19 295 300 301 302 303 305 306 307 308 309 310 311 312 315 316 318 321 323 324
17 296 297 298 305 306 307 309 310 311 312 315 317 318 319 320 321 322
18 294 295 297 299 300 305 306 307 308 310 313 316 317 318 319 321 322 323
20 294 296 298 299 302 303 304 307 308 309 311 312 313 314 315 316 317 319 323 324
16 294 295 296 298 301 303 305 307 308 309 313 315 316 317 321 323
10 296 298 301 302 304 315 316 318 320 321
19 294 295 296 298 299 300 301 302 303 306 307 309 310 312 313 314 316 317 324
20 295 296 297 298 299 300 302 303 304 305 306 311 313 314 315 316 317 318 321 323
16 294 295 296 298 299 301 302 303 308 310 311 312 316 318 319 324
10 294 295 296 299 303 306 307 312 321 323
16 294 295 296 297 298 301 302 303 306 307 309 310 312 313 320 324
17 295 297 300 301 303 304 305 306 309 311 312 313 314 316 320 322 323
15 294 297 301 303 304 305 307 308 310 313 315 317 318 319 320
20 294 295 296 297 298 299 300 302 307 309 310 311 312 313 314 316 317 320 321 323
19 296 300 301 303 304 305 306 307 308 309 310 311 312 315 318 319 320 321 324
11 296 297 298 302 304 306 307 314 316 317 321
12 294 295 302 303 304 305 308 309 311 314 321 323
21 295 296 297 299 302 303 304 305 306 307 309 311 312 313 314 316 317 318 319 320 321
20 295 296 299 300 302 303 306 307 308 309 310 311 313 314 318 320 321 322 323 324
21 294 295 296 297 298 299 300 301 302 303 304 306 307 309 310 314 317 318 319 322 324
21 294 295 297 298 300 302 303 304 305 306 307 308 310 312 313 314 317 319 320 322 323
20 294 296 300 301 302 303 304 305 306 307 308 309 310 312 313 315 318 320 322 324
20 295 296 297 298 303 304 305 306 308 309 311 313 314 315 316 317 318 320 322 324
13 295 296 297 298 304 307 309 314 318 320 321 323 324
14 294 295 299 300 301 302 303 306 308 311 319 320 322 324
12 300 302 303 307 308 309 310 311 313 319 320 322
9 295 297 302 304 314 315 316 317 324
17 295 296 297 301 303 304 307 308 309 310 314 317 319 320 321 322 324
18 295 297 300 301 302 303 305 307 312 313 314 315 316 317 318 319 321 324
20 294 296 297 298 299 300 301 302 303 304 306 308 309 310 314 315 317 320 323 324
21 294 295 296 297 298 300 301 303 305 306 307 308 309 313 314 315 318 320 321 322 323
11 294 295 302 304 307 308 311 312 314 317 324
9 297 298 299 312 313 315 320 321 322
14 295 297 298 302 305 308 310 311 312 313 316 319 322 323
11 295 296 300 303 309 310 311 316 318 321 324
19 295 297 298 300 302 303 304 308 310 311 312 314 316 319 320 321 322 323 324
19 296 297 298 299 301 303 305 306 307 308 310 311 312 315 318 321 322 323 324
12 296 297 298 299 300 306 307 310 311 313 317 323
19 295 296 297 298 299 302 304 306 307 311 313 314 317 318 319 320 321 322 324
17 296 299 300 303 305 306 309 311 312 313 315 316 318 319 320 321 323
15 294 298 299 302 303 307 309 310 312 317 318 321 322 323 324
