345 2069
74 1 2 3 4 5 6 7 8 9 10 11 12 13 14 15 16 17 18 19 20 21 22 23 24 25 26 27 28 29 30 31 32 33 34 35 36 37 38 39 40 41 42 43 44 45 46 47 48 49 50 51 52 53 54 55 56 57 58 59 60 61 62 63 64 65 66 67 68 69 70 71 72 73 74
31 1 6 13 15 16 18 19 23 25 29 30 31 35 39 41 43 45 46 48 49 52 54 56 60 61 63 64 68 69 70 74
53 1 2 3 4 5 6 7 8 9 11 13 15 17 18 19 20 21 22 23 26 27 28 29 31 32 33 34 35 36 37 38 41 42 44 45 46 48 49 53 55 56 58 60 61 62 64 66 67 68 70 71 73 74
51 1 2 4 5 6 7 10 11 12 13 14 15 16 17 18 20 21 22 25 26 27 30 31 33 34 36 38 40 41 45 47 48 49 50 51 54 55 56 57 59 60 63 64 66 67 69 70 71 72 73 74
56 3 6 7 8 9 10 11 12 16 18 19 21 22 23 24 25 27 28 29 31 33 35 36 37 38 39 40 41 43 44 45 46 47 48 49 50 51 53 54 55 56 57 58 60 61 62 64 65 66 67 69 70 71 72 73 74
33 6 10 14 15 16 17 18 19 22 23 24 26 29 30 31 32 36 41 42 43 44 46 48 50 55 57 58 59 61 62 66 68 72
47 1 3 4 5 8 9 10 11 12 14 16 17 18 19 20 22 24 26 27 28 31 34 35 36 38 39 41 42 43 47 49 50 53 54 55 56 59 60 62 63 64 65 66 68 70 73 74
56 1 3 4 5 6 7 8 9 10 14 16 17 19 20 21 22 23 24 25 26 27 30 31 32 33 34 36 38 39 40 41 43 45 46 47 48 49 50 51 53 57 58 59 61 62 63 65 66 67 68 69 70 71 72 73 74
25 3 6 8 10 11 12 15 23 24 27 36 38 43 44 46 48 52 53 54 58 62 63 66 68 72
49 1 2 4 5 9 10 12 14 15 16 17 18 19 21 22 23 24 25 26 27 28 30 33 34 36 40 41 42 43 45 46 48 50 51 52 55 56 57 58 59 60 61 62 64 65 70 72 73 74
25 2 11 13 18 21 23 28 30 31 32 35 37 39 41 44 45 47 49 53 55 59 63 64 71 72
26 6 8 9 12 17 20 23 26 27 30 31 35 37 42 58 59 62 63 64 65 66 67 69 70 72 73
25 2 3 4 6 9 19 20 24 29 30 31 32 33 34 36 47 50 52 53 55 56 61 64 65 68
48 1 3 7 11 12 13 14 15 16 17 20 21 22 25 26 27 29 30 31 32 33 34 35 36 39 44 45 46 47 48 49 50 51 52 53 54 55 56 57 58 59 62 63 64 66 69 72 73
50 3 4 7 8 9 10 12 13 14 15 16 17 18 19 20 21 27 28 31 32 33 34 35 36 37 38 39 40 41 42 43 44 45 46 47 50 52 55 56 58 60 61 63 64 68 69 71 72 73 74
51 1 4 5 6 7 8 9 10 11 12 13 14 15 16 17 20 21 22 23 24 25 26 27 28 29 30 32 34 35 36 38 40 41 43 44 45 46 50 52 53 54 58 59 60 62 64 66 67 70 72 74
42 1 8 9 12 13 14 15 16 17 20 21 23 24 25 29 30 31 32 33 34 37 39 40 41 42 44 45 46 52 53 55 57 58 62 63 64 65 66 68 72 73 74
45 2 5 6 7 8 9 10 11 12 13 14 17 19 20 23 24 25 26 32 35 36 39 40 41 43 44 46 47 48 53 55 57 58 59 60 61 64 65 67 68 69 70 71 73 74
23 1 3 4 5 11 16 25 27 32 34 38 40 41 42 47 49 54 55 60 62 67 71 74
56 1 2 5 6 7 8 9 10 11 13 15 17 18 19 20 21 22 23 24 25 26 27 28 29 30 32 33 35 36 39 40 42 44 45 46 47 48 49 51 52 53 55 56 58 60 61 62 63 64 66 67 68 69 72 73 74
25 6 7 9 11 13 17 19 20 24 27 28 32 33 34 36 38 41 42 47 50 52 56 59 65 74
46 1 2 3 6 7 9 11 12 13 14 15 16 18 19 22 23 24 27 28 29 31 32 33 36 37 38 39 40 41 42 43 44 45 47 48 51 54 55 58 59 60 61 62 68 73 74
39 1 5 6 7 9 10 14 15 17 20 21 24 25 26 27 29 31 32 33 36 43 44 46 47 48 51 52 53 54 55 58 60 63 64 65 66 69 71 73
22 2 4 15 20 21 24 26 29 30 31 38 39 40 46 49 54 55 58 59 66 69 74
49 1 2 6 9 10 12 14 16 20 21 22 24 25 26 28 29 30 31 32 34 37 38 40 41 43 44 45 46 47 48 49 50 52 53 54 55 57 58 59 61 63 64 66 67 69 70 71 72 73
25 3 10 13 19 20 22 23 24 30 31 32 36 41 44 46 54 58 59 60 63 65 67 71 72 73
24 1 2 6 10 12 14 17 18 20 25 26 28 32 36 39 46 48 54 55 58 68 70 71 73
29 6 7 8 9 13 15 19 21 23 24 25 30 33 35 42 46 47 48 49 51 54 56 58 59 63 64 65 69 71
24 5 6 11 13 14 17 22 27 30 35 37 40 42 45 50 56 57 58 61 62 66 69 71 72
36 3 4 6 7 10 16 19 20 22 25 26 30 31 32 34 35 36 38 40 41 42 49 50 51 54 55 57 59 60 62 63 64 65 72 73 74
32 2 4 5 7 11 14 16 18 22 25 26 30 31 33 34 38 41 42 45 46 49 51 54 55 59 60 63 66 69 72 73 74
27 2 5 7 11 14 20 23 24 25 27 30 37 38 39 40 41 44 47 51 54 59 60 63 65 68 73 74
33 1 2 3 4 6 7 8 9 10 11 12 15 21 23 24 30 31 38 39 43 45 46 50 51 53 54 56 57 58 59 66 72 73
56 1 2 3 4 5 6 9 10 11 12 15 16 17 18 19 20 21 23 25 26 28 29 30 31 32 33 36 38 40 41 42 43 44 47 48 49 50 51 52 54 56 57 58 59 60 61 62 63 64 66 67 68 71 72 73 74
41 1 4 5 6 7 8 10 12 13 14 15 16 18 19 22 24 25 26 27 29 31 32 33 37 38 40 41 42 43 46 47 49 50 51 54 55 59 66 68 70 73
56 2 3 4 8 9 10 11 12 13 14 15 16 17 19 20 23 24 25 26 27 28 29 31 32 33 35 36 37 39 40 41 42 43 45 46 47 49 50 52 53 54 55 57 58 59 60 62 63 64 66 68 69 70 71 72 74
55 1 2 4 5 8 11 12 13 14 15 17 18 19 20 22 23 25 29 30 32 34 35 36 37 38 39 40 41 42 43 44 45 46 47 48 51 52 55 56 57 58 59 60 61 62 63 64 65 67 68 69 70 71 73 74
43 2 5 6 7 8 10 14 15 16 17 18 19 20 22 23 25 27 28 29 30 32 36 37 38 39 41 42 44 46 47 50 51 52 55 56 61 62 66 69 71 72 73 74
55 1 2 4 6 7 8 10 11 12 14 15 16 17 19 21 22 25 27 29 31 32 33 34 35 36 37 38 39 40 41 42 43 44 45 46 48 49 50 51 52 53 54 56 57 58 59 60 61 62 65 66 67 70 71 72
45 2 3 6 7 9 10 11 12 14 16 20 21 22 23 25 28 29 30 31 32 33 37 39 40 43 46 50 51 52 53 54 55 56 57 59 61 62 63 64 66 67 68 69 70 71
56 2 3 4 5 6 7 9 12 14 15 18 19 20 21 22 23 24 25 27 28 29 30 32 35 36 37 38 39 40 41 44 45 46 47 48 49 52 53 54 56 57 58 59 60 61 62 63 65 66 68 69 70 71 72 73 74
41 1 3 4 5 6 7 8 10 15 16 17 19 20 24 25 28 29 30 31 32 33 36 37 40 44 45 50 52 54 55 56 57 58 60 65 66 67 71 72 73 74
35 3 4 6 7 10 11 12 14 15 19 20 21 24 25 27 30 31 34 35 36 38 39 41 44 47 51 53 54 55 57 60 61 62 63 67
23 7 8 12 14 16 19 22 23 24 25 33 35 42 43 45 55 60 63 64 66 69 73 74
33 1 2 7 8 10 14 16 18 19 20 21 22 23 26 29 33 34 35 36 40 41 46 52 54 55 57 58 59 63 65 67 68 71
48 1 2 3 4 5 8 9 10 11 12 15 16 18 20 21 23 25 26 29 31 34 35 36 37 39 40 42 43 45 46 50 51 52 54 55 57 58 60 61 64 66 67 68 70 71 72 73 74
57 1 2 3 5 6 7 10 11 14 15 17 18 20 21 22 23 24 26 27 28 29 30 31 32 33 34 37 38 39 40 41 42 43 45 46 47 49 51 53 54 55 56 57 59 60 61 62 63 65 66 67 68 69 70 71 73 74
75 75 76 77 78 79 80 81 82 83 84 85 86 87 88 89 90 91 92 93 94 95 96 97 98 99 100 101 102 103 104 105 106 107 108 109 110 111 112 113 114 115 116 117 118 119 120 121 122 123 124 125 126 127 128 129 130 131 132 133 134 135 136 137 138 139 140 141 142 143 144 145 146 147 148 149
43 77 79 80 83 84 85 86 87 88 90 91 92 93 94 97 100 101 105 106 111 113 114 116 117 118 120 123 126 127 128 130 131 135 136 137 138 139 140 141 142 143 144 149
43 75 78 80 81 82 84 85 86 87 88 89 90 92 97 98 99 100 101 102 103 104 107 108 109 111 113 116 117 119 120 121 122 123 125 127 129 130 132 133 138 144 146 148
39 80 82 83 85 89 90 91 93 94 97 99 100 101 102 106 108 109 110 111 115 118 119 120 123 126 127 129 133 134 137 138 139 140 141 144 146 147 148 149
35 78 79 80 81 82 85 87 91 94 95 101 103 105 107 111 112 113 114 115 116 118 127 129 131 132 133 135 137 139 141 144 146 147 148 149
23 77 78 82 85 95 97 98 100 103 104 105 113 115 122 125 126 135 136 140 141 143 148 149
50 75 76 77 78 81 82 84 87 90 91 92 94 98 99 101 102 103 104 105 107 108 109 110 111 113 114 116 117 119 120 121 125 126 127 128 129 130 133 134 135 136 137 140 142 143 144 145 147 148 149
48 75 76 77 78 80 83 85 88 89 91 94 95 97 98 100 102 103 105 106 107 109 110 111 113 115 116 117 118 119 120 123 124 125 126 127 128 131 132 135 139 141 142 143 144 145 147 148 149
51 76 77 78 80 81 83 86 88 89 90 91 94 96 97 98 99 100 101 102 103 105 109 110 111 112 113 114 115 116 120 122 124 125 126 127 129 130 131 132 133 134 135 137 139 140 141 142 143 145 148 149
23 83 84 86 89 91 93 95 98 100 107 109 110 111 113 116 117 119 120 129 130 132 138 139
24 75 80 85 91 92 97 100 105 106 109 110 112 115 116 117 118 119 125 129 132 134 135 139 149
36 77 82 83 85 93 96 98 99 100 103 104 105 106 107 108 111 112 114 115 117 118 119 122 126 127 134 135 136 137 138 139 142 144 146 147 149
57 75 76 78 81 82 83 84 85 86 88 90 91 92 93 94 95 96 97 98 99 100 101 102 103 104 105 106 107 112 113 114 116 117 118 119 120 121 122 123 124 126 127 129 130 132 133 134 136 137 138 139 141 142 143 144 148 149
54 77 78 80 81 82 84 86 87 88 91 92 93 94 96 97 99 101 103 104 106 107 108 109 111 112 113 114 115 116 117 118 119 120 121 122 123 124 126 127 128 130 131 132 135 136 137 139 140 141 142 143 146 147 149
48 75 76 78 79 81 83 85 86 88 90 91 92 93 96 97 98 101 102 104 105 106 108 109 110 114 115 116 117 119 121 124 125 126 127 128 129 131 133 138 139 140 141 142 144 146 147 148 149
41 75 76 79 81 82 84 87 92 93 95 98 100 103 104 105 107 108 110 112 113 118 119 120 121 122 123 125 128 129 132 133 134 136 137 140 142 143 145 147 148 149
29 82 83 85 86 87 89 90 92 94 103 110 111 112 113 116 117 121 123 124 126 129 131 134 135 138 139 140 141 142
52 75 77 78 79 80 81 82 84 85 86 87 88 90 91 92 95 96 98 99 101 105 107 108 110 113 115 116 118 119 120 121 122 123 125 126 127 128 129 130 132 133 134 135 136 138 139 141 142 143 145 147 149
24 81 82 86 88 89 90 95 96 100 101 106 108 110 116 118 122 126 129 130 133 135 136 143 146
38 75 81 82 83 84 85 86 87 94 96 102 103 105 106 107 109 111 113 114 115 116 118 122 123 124 125 126 127 129 130 132 134 136 139 142 143 144 147
46 75 77 78 81 82 84 87 88 89 90 92 93 94 96 97 98 99 100 102 104 106 107 108 109 110 112 114 116 118 119 120 121 122 123 125 130 131 133 136 139 140 141 142 144 147 148
32 77 83 84 85 86 87 90 91 93 94 96 105 108 111 113 115 120 122 126 130 131 132 133 135 137 138 139 142 144 145 147 149
52 76 78 79 80 81 82 83 84 85 88 89 91 93 95 96 97 99 100 101 103 104 105 106 108 109 111 112 114 115 118 122 123 124 125 126 127 128 129 130 131 132 133 136 137 139 140 141 142 143 144 147 149
30 79 83 84 85 90 92 93 95 96 108 111 113 117 118 120 121 123 124 125 127 129 131 135 136 137 138 141 143 144 149
32 75 78 85 86 87 89 90 91 93 94 95 98 102 105 106 109 110 118 119 120 121 130 131 132 134 135 137 139 140 145 146 149
52 75 76 80 83 84 85 86 87 88 89 91 94 95 96 97 99 101 102 103 106 107 109 111 112 113 114 116 117 118 119 122 123 124 126 127 128 129 131 132 133 134 135 137 140 141 142 143 144 145 146 147 148
28 75 79 81 86 88 90 98 99 100 102 103 105 106 109 115 117 120 123 128 129 130 132 133 134 136 138 146 149
42 75 76 79 80 81 82 83 85 87 88 90 92 94 96 99 100 101 102 103 106 108 109 110 113 115 116 117 118 119 126 127 129 132 133 134 135 137 142 143 144 145 146
55 75 78 79 80 81 82 85 86 87 88 89 91 94 98 99 100 101 103 104 105 106 107 108 110 112 113 114 115 116 118 119 120 121 123 124 126 127 129 130 131 132 133 134 135 136 137 139 140 141 142 143 144 146 147 148
31 78 81 82 85 89 92 97 98 105 106 108 109 110 112 113 117 119 122 124 125 126 127 128 130 131 136 141 143 145 148 149
37 75 76 78 79 81 82 84 85 87 90 91 92 93 94 96 98 99 101 111 113 115 116 118 124 125 128 130 131 132 138 139 140 141 142 144 146 147
51 75 76 77 78 79 80 84 86 87 88 90 91 92 94 95 96 97 98 99 102 103 104 105 106 107 109 111 112 113 116 117 118 119 121 122 124 127 129 130 131 133 136 137 138 139 142 143 145 147 148 149
24 76 87 89 92 100 102 111 117 119 120 122 123 125 126 128 131 132 134 135 136 137 138 141 149
57 75 77 79 81 82 83 84 85 86 88 90 91 92 94 95 96 97 98 99 101 102 103 105 106 107 108 110 112 113 117 121 122 123 124 125 126 127 128 129 130 131 132 133 134 135 136 137 139 140 141 142 144 145 146 147 148 149
54 75 76 77 78 79 80 83 85 88 89 91 92 95 97 98 99 100 101 102 104 105 106 107 110 111 113 114 115 116 118 119 122 124 125 126 128 129 131 132 134 136 137 138 139 140 141 142 143 144 145 146 147 148 149
55 75 76 77 81 82 84 85 87 88 90 91 95 98 99 101 102 103 104 105 106 107 109 110 113 114 115 116 118 119 120 121 122 123 125 127 128 129 130 131 132 133 134 135 136 137 138 140 141 142 144 145 146 147 148 149
32 75 76 77 79 80 85 87 88 90 92 94 96 101 102 103 106 108 114 115 116 119 122 125 128 130 134 135 138 142 144 145 148
37 75 77 78 81 83 84 85 86 87 90 94 95 96 99 100 101 102 103 107 111 113 116 120 121 123 124 128 130 133 135 138 139 140 142 143 147 148
33 78 81 83 86 87 88 90 93 96 102 105 108 109 110 111 113 114 120 121 122 124 126 127 130 132 133 136 137 142 143 144 146 148
54 75 76 77 78 79 81 82 83 84 85 86 87 89 91 92 94 95 96 97 100 101 102 104 105 108 109 110 111 112 113 114 115 116 117 118 119 120 121 122 123 124 126 127 130 133 136 138 139 141 142 144 146 148 149
24 75 78 80 82 83 86 90 94 96 97 99 101 110 111 112 115 118 129 131 133 135 138 145 149
34 76 78 83 84 87 88 89 90 91 96 97 104 110 111 114 116 117 118 119 121 123 124 127 128 129 130 134 135 138 141 142 145 148 149
23 78 81 84 86 87 88 89 92 102 104 105 108 109 113 114 120 121 124 125 127 128 130 137
51 76 77 78 81 82 84 86 88 89 90 91 92 93 95 98 99 100 101 102 103 105 106 107 109 110 111 113 114 115 117 121 122 123 125 126 128 130 131 134 135 136 137 138 139 140 141 142 143 144 147 149
47 75 76 78 79 80 81 83 84 87 89 91 92 94 96 97 98 99 100 102 103 104 106 107 110 111 114 116 119 120 121 122 126 128 129 130 131 132 134 135 139 140 141 142 143 146 148 149
53 75 76 77 78 80 81 82 83 88 90 92 93 94 95 96 97 99 101 103 104 106 107 108 110 112 113 114 115 116 117 118 120 122 123 124 125 127 128 129 130 133 134 135 137 138 139 140 142 143 144 146 147 149
40 75 76 78 80 81 83 84 87 88 95 96 97 98 99 100 101 108 109 110 111 115 116 117 119 120 121 122 125 126 127 128 129 130 139 140 141 142 144 145 146
41 75 77 81 82 85 86 88 89 91 93 94 95 101 102 103 105 107 108 109 110 112 114 115 117 119 120 121 122 124 125 127 128 135 136 140 142 143 145 146 148 149
28 75 76 81 83 84 87 88 89 94 95 96 97 99 100 102 116 118 123 126 129 131 132 133 136 145 146 147 149
35 80 86 94 95 96 98 99 102 103 104 105 106 107 108 109 110 111 112 113 114 115 117 123 124 126 127 132 135 138 140 141 142 143 146 147
50 75 76 77 84 85 86 87 89 90 91 92 93 94 95 96 97 98 100 102 103 106 107 108 109 112 113 114 115 117 118 120 121 122 123 124 125 126 128 130 132 133 135 136 137 140 142 143 144 146 148
70 150 151 152 153 154 155 156 157 158 159 160 161 162 163 164 165 166 167 168 169 170 171 172 173 174 175 176 177 178 179 180 181 182 183 184 185 186 187 188 189 190 191 192 193 194 195 196 197 198 199 200 201 202 203 204 205 206 207 208 209 210 211 212 213 214 215 216 217 218 219
44 150 152 154 155 156 157 160 162 166 167 168 169 170 171 172 173 175 176 177 180 181 183 185 186 188 189 191 192 194 195 198 200 204 205 206 207 208 209 211 214 215 216 217 219
53 150 151 152 153 155 156 157 158 159 160 161 163 164 165 166 168 169 170 173 174 175 176 177 178 179 181 183 184 185 186 191 192 193 194 195 196 198 199 200 201 202 204 205 206 207 208 209 210 211 214 216 217 219
43 150 152 153 155 156 157 159 160 161 162 166 167 168 169 170 172 174 175 177 178 184 185 186 187 188 191 192 193 199 200 203 204 205 206 207 208 212 213 214 215 216 217 219
39 150 151 153 154 156 158 159 160 161 162 163 164 165 166 167 172 175 176 177 179 180 181 182 183 190 191 193 198 199 200 201 203 204 205 207 210 214 216 218
54 150 151 152 154 155 156 157 158 159 160 161 163 166 167 168 169 171 172 173 174 175 176 177 178 179 180 181 183 185 186 188 189 190 191 192 193 197 198 199 201 202 204 205 206 207 208 211 212 213 215 216 217 218 219
49 151 152 153 154 155 156 158 159 161 162 165 166 168 169 170 171 173 174 175 176 178 180 181 182 183 184 185 186 188 189 190 192 194 195 196 199 201 202 203 205 206 207 208 209 210 213 216 218 219
31 151 152 153 158 159 161 162 163 164 166 169 171 172 173 179 182 188 189 190 192 193 194 195 199 200 204 207 211 213 214 215
25 152 156 158 159 162 163 166 168 169 174 175 178 179 184 190 191 198 201 204 205 206 210 212 216 219
41 152 154 155 157 161 162 164 165 167 168 169 170 173 174 175 176 177 179 180 182 183 185 186 188 190 191 192 193 197 201 202 203 204 205 207 211 212 215 216 217 218
23 152 154 156 158 162 163 164 171 177 178 184 185 187 188 189 190 191 193 194 197 205 213 215
32 156 158 165 166 167 171 179 181 185 186 188 189 190 192 193 194 196 198 200 202 203 204 205 206 208 209 210 211 214 215 216 218
54 150 151 152 153 154 155 156 157 158 159 160 161 162 163 164 165 166 168 169 171 172 173 174 175 177 178 179 180 181 182 184 187 188 189 191 195 196 197 198 200 201 202 203 204 206 207 209 210 212 214 215 217 218 219
29 151 152 154 158 159 160 162 165 166 167 169 170 171 172 179 180 187 192 194 195 196 197 201 203 206 207 209 214 215
36 153 155 157 159 162 169 170 171 173 175 176 177 178 179 181 185 187 188 191 192 193 195 199 200 202 203 206 207 208 210 212 213 214 216 217 219
40 152 153 158 159 160 161 162 163 164 166 168 170 173 174 176 178 179 182 184 185 188 189 190 193 194 196 197 198 199 202 203 204 206 207 210 212 213 214 215 219
46 150 151 152 153 155 156 157 158 160 161 162 163 164 165 167 168 171 176 177 178 179 180 181 183 184 186 187 188 189 191 195 196 198 199 201 203 206 207 209 210 211 214 215 216 217 219
39 150 152 154 155 156 157 162 165 168 169 170 171 173 176 177 178 179 181 183 185 186 187 188 189 192 195 196 197 199 200 201 203 205 209 213 214 216 217 218
28 152 153 154 155 156 157 160 162 176 180 183 185 186 189 191 192 193 194 197 198 204 205 209 212 213 214 216 218
37 150 151 152 153 154 155 156 157 160 163 164 165 166 168 169 172 173 176 178 179 181 183 185 186 189 193 194 195 199 200 202 207 208 211 215 216 218
51 150 151 152 153 155 156 158 159 160 161 162 163 164 168 169 170 171 173 175 176 178 179 181 182 183 184 186 187 188 193 194 196 197 198 199 200 201 202 203 205 206 207 208 210 211 212 213 215 216 217 219
50 150 151 152 153 154 156 157 159 161 162 163 165 166 167 169 172 173 174 175 177 178 179 180 182 183 184 186 187 188 190 191 192 196 197 198 199 200 201 202 204 205 206 207 209 210 212 213 214 216 217
8 221 224 228 231 235 239 246 249
14 220 221 225 226 227 230 232 239 240 241 244 247 248 249
4 241 244 245 248
4 228 233 236 249
20 220 221 222 223 226 227 228 229 230 235 236 237 239 241 242 243 245 248 249 250
6 220 238 239 241 245 248
7 223 230 234 239 243 247 249
9 230 232 235 238 239 240 241 248 249
8 221 223 230 232 236 243 245 246
9 222 224 226 229 234 237 240 241 245
6 222 226 232 234 236 242
6 225 229 230 237 238 244
10 220 221 225 228 229 231 235 242 248 250
8 221 222 224 229 233 236 237 239
11 221 223 229 231 232 233 237 238 242 248 249
11 220 222 223 224 225 228 233 241 242 244 247
15 221 223 224 225 230 232 236 237 240 241 244 246 247 249 250
5 225 226 234 239 250
11 224 225 231 232 233 234 238 240 244 246 247
6 224 227 232 237 238 245
8 224 226 232 237 241 242 244 245
6 232 235 238 239 245 246
6 222 226 227 228 239 245
22 220 221 222 223 224 226 228 229 230 231 232 233 235 237 238 239 240 241 242 244 247 248
8 222 226 233 236 240 241 244 246
7 222 228 232 235 239 240 247
18 220 222 224 227 228 230 231 232 233 234 236 237 238 243 245 246 247 250
8 220 223 225 230 231 244 249 250
11 220 223 227 233 240 241 243 245 247 248 250
7 225 230 239 240 244 247 250
6 229 240 241 244 247 249
11 220 221 224 226 229 231 233 237 238 243 250
6 223 230 236 242 244 248
13 220 221 223 225 227 230 235 236 239 246 248 249 250
9 220 225 230 232 233 235 241 243 244
9 225 227 234 236 243 245 246 249 250
7 222 226 227 231 240 246 250
13 220 222 224 226 227 228 234 235 236 241 243 245 246
16 220 221 222 223 225 226 228 233 237 242 243 244 245 246 247 250
9 223 230 231 233 237 241 242 244 248
20 222 224 225 226 228 230 231 232 233 234 235 237 238 239 242 243 244 245 248 249
11 220 221 223 225 227 229 230 235 236 240 248
12 222 228 231 233 234 238 239 243 246 247 249 250
5 232 238 240 242 247
12 220 222 224 227 228 231 233 235 237 238 242 248
16 220 221 222 227 228 230 233 234 235 240 242 244 246 248 249 250
9 224 225 226 228 231 239 246 248 249
9 220 222 223 233 238 240 242 243 244
15 221 222 223 224 226 228 234 236 237 238 239 240 242 247 249
6 224 227 229 231 234 236
15 222 224 228 229 231 234 235 236 237 241 242 243 244 248 250
11 221 224 233 235 236 238 239 241 243 246 247
9 228 231 232 233 238 242 243 244 247
4 220 229 232 240
9 221 222 225 228 235 236 238 243 246
11 221 226 227 231 232 236 237 238 243 245 250
7 225 227 234 241 245 246 249
14 220 223 225 226 227 228 230 231 234 235 243 246 249 250
11 220 221 223 227 229 236 240 241 246 247 250
9 229 230 234 235 239 240 246 248 249
7 221 227 229 232 235 236 247
10 224 228 230 232 233 234 235 244 247 249
16 220 221 223 225 226 227 230 232 233 238 239 240 245 246 247 249
15 223 224 225 226 229 231 232 236 237 238 239 241 243 245 247
17 221 222 224 226 227 228 229 233 234 236 237 240 241 242 243 247 248
9 220 222 226 228 237 240 244 249 250
6 230 234 237 241 245 250
9 224 226 227 234 239 245 247 249 250
8 221 223 225 229 236 237 242 243
13 221 223 225 226 229 235 239 240 241 242 244 248 249
27 220 221 222 223 224 225 226 227 229 230 231 232 234 235 237 238 239 240 241 242 243 244 245 246 247 248 250
11 223 225 227 229 230 231 232 234 242 245 248
10 220 229 231 233 234 235 238 242 243 248
7 227 229 231 245 246 248 250
17 222 223 224 228 229 231 233 234 235 236 237 238 242 243 245 246 250
7 224 225 226 228 231 239 248
4 224 236 237 239
4 220 225 230 249
4 228 232 235 247
6 221 222 229 233 237 239
3 224 231 234
8 225 228 230 234 235 243 246 250
7 221 223 231 233 237 238 242
4 229 241 244 249
5 224 226 232 237 244
5 220 234 235 243 248
5 230 235 238 239 248
13 225 228 230 231 232 233 237 238 242 243 245 248 249
3 241 244 248
5 231 232 233 244 247
10 221 226 227 230 232 239 241 244 247 248
5 230 234 235 239 248
7 221 223 230 236 246 248 249
17 222 225 228 230 231 232 233 234 235 237 238 239 243 244 245 248 249
3 224 227 238
9 220 221 223 225 227 230 246 249 250
3 241 245 248
13 221 222 224 226 228 234 236 238 239 240 242 247 249
8 223 230 232 237 240 246 247 250
3 225 239 250
5 223 233 241 248 250
5 220 230 232 241 243
15 220 224 228 230 231 232 233 234 236 237 238 243 245 247 250
4 232 238 240 247
4 245 246 248 250
8 221 226 227 231 236 237 238 243
5 223 230 236 242 248
9 222 224 228 229 231 235 236 237 250
7 221 222 225 235 238 243 246
8 220 227 231 233 237 238 242 248
10 221 224 226 228 233 237 241 242 243 247
6 227 234 239 247 249 250
9 221 223 225 226 235 239 241 244 248
3 232 239 246
9 224 225 232 233 234 240 244 246 247
4 224 227 234 236
3 235 239 245
6 224 228 230 232 233 249
6 229 234 235 239 246 248
5 225 230 231 244 249
6 224 232 237 241 244 245
6 220 222 228 237 249 250
7 220 222 223 240 242 243 244
6 222 224 227 233 242 248
6 224 233 237 238 243 250
2 244 245
5 226 228 237 240 244
15 220 222 223 226 228 229 230 235 236 237 241 242 243 248 250
9 220 225 227 230 235 236 246 248 249
3 232 238 247
5 230 232 235 238 249
4 229 231 246 248
6 228 231 232 233 243 244
6 229 231 245 246 248 250
6 228 233 242 243 244 247
7 228 232 233 242 243 244 247
12 220 222 224 228 230 232 233 234 243 245 247 250
6 224 225 226 228 231 249
5 230 234 237 245 250
6 230 232 238 239 240 249
14 220 221 223 224 226 230 231 232 235 237 238 240 241 244
7 228 230 232 234 235 247 249
3 220 229 240
4 232 238 240 242
5 229 234 237 240 241
4 225 234 239 250
5 222 228 235 239 240
4 235 238 239 245
5 225 240 244 247 250
3 225 226 234
9 223 225 226 231 238 239 241 245 247
10 222 228 231 233 234 238 239 247 249 250
11 220 222 224 227 228 234 235 236 241 245 246
9 221 223 228 233 242 243 244 246 250
10 220 225 226 227 230 232 239 240 248 249
8 223 225 227 228 230 231 234 243
6 222 224 229 233 236 237
9 220 222 224 225 228 241 242 244 247
11 223 226 227 229 235 237 239 242 245 248 249
7 231 233 237 241 242 244 248
10 224 228 231 234 237 241 242 243 244 248
3 239 241 248
9 226 227 231 232 236 237 238 243 250
3 221 227 235
7 220 236 240 241 246 247 250
3 222 228 235
8 220 223 224 225 233 241 244 247
2 225 250
5 224 225 231 239 248
15 220 222 224 228 230 231 232 233 234 236 243 245 246 247 250
8 224 228 229 231 235 236 241 242
5 227 234 239 245 249
3 228 239 240
4 226 227 228 245
3 240 241 247
7 229 230 234 239 240 248 249
6 221 235 236 239 241 246
6 224 229 233 236 237 239
7 224 230 233 234 235 247 249
3 224 229 234
6 225 227 243 245 246 249
10 221 222 227 229 237 240 241 242 243 247
3 220 241 248
3 222 232 242
10 220 222 224 228 231 233 235 237 238 248
5 220 223 227 243 245
7 222 224 226 229 237 240 241
4 232 239 240 247
5 222 226 227 231 250
5 227 229 231 245 248
4 222 226 228 239
6 232 235 238 240 241 249
6 220 225 230 244 249 250
6 221 224 238 239 241 243
3 238 239 248
11 222 224 226 228 231 232 237 239 245 248 249
4 230 232 245 246
16 220 222 223 226 228 230 232 233 235 237 238 239 240 241 244 247
7 221 222 228 235 238 243 246
14 220 223 225 226 228 233 237 242 243 244 245 246 247 250
12 221 222 223 226 229 230 236 237 239 248 249 250
7 229 234 235 240 246 248 249
5 221 232 235 236 247
14 220 221 223 225 227 229 232 234 235 237 239 240 243 244
6 223 227 229 236 241 247
14 221 222 224 227 228 229 236 237 240 241 242 243 247 248
3 220 229 232
8 221 225 227 230 236 246 249 250
5 221 223 232 236 245
9 223 227 233 240 241 243 247 248 250
6 221 223 225 236 237 242
2 233 236
4 221 225 229 236
3 224 227 245
9 220 227 230 232 239 244 247 248 249
7 221 225 228 235 242 248 250
8 220 221 226 227 230 232 247 248
4 233 236 240 244
7 223 229 231 232 242 245 248
5 225 228 229 235 242
4 225 240 247 250
8 223 224 225 231 236 237 238 245
4 222 226 240 246
5 220 222 233 243 244
11 221 223 224 226 234 236 237 239 240 242 247
8 222 228 231 234 239 247 249 250
5 228 232 233 238 244
3 230 237 238
7 223 230 231 233 241 242 248
11 220 223 225 226 228 233 242 243 244 245 250
4 225 230 235 244
8 223 225 227 230 231 232 234 248
4 230 234 237 250
6 223 225 229 236 240 248
3 227 232 238
14 220 222 227 228 230 231 232 233 234 237 243 246 247 250
5 233 236 240 241 244
3 227 229 236
9 222 228 231 233 239 243 246 249 250
12 220 221 223 225 232 233 238 239 240 245 246 247
4 225 226 234 239
5 223 230 234 239 247
3 241 244 248
2 226 239
3 229 240 244
7 224 226 228 235 241 243 246
2 229 232
4 222 226 228 240
6 230 231 237 241 244 248
10 224 226 228 230 231 235 237 242 245 249
8 227 235 236 239 246 248 249 250
11 221 225 229 235 239 240 241 242 244 248 249
10 220 222 226 227 228 234 235 236 243 245
6 230 237 241 242 244 248
4 221 230 232 236
6 225 226 231 239 248 249
9 221 222 225 237 242 243 245 246 250
7 226 227 234 239 245 247 250
10 220 224 227 228 231 233 235 237 242 248
8 220 233 240 241 243 245 247 250
5 229 231 232 242 245
7 220 223 233 238 240 242 244
6 222 228 235 239 240 247
16 220 222 226 227 228 229 230 236 239 241 242 243 245 248 249 250
3 229 237 238
13 220 221 222 228 233 234 235 240 242 244 246 248 249
4 227 234 246 249
7 222 229 234 237 240 241 245
5 222 229 233 236 239
4 234 237 241 250
7 221 222 225 228 235 236 246
2 232 240
8 223 227 229 240 241 246 247 250
5 225 234 243 249 250
4 234 237 241 245
8 221 224 228 234 236 237 242 247
17 220 222 223 226 227 228 235 236 237 239 241 242 243 245 248 249 250
4 224 232 242 244
5 231 232 233 238 242
15 223 224 225 226 229 230 231 235 237 238 239 241 243 247 250
3 239 241 245
4 225 227 241 249
6 221 225 228 231 235 250
9 220 223 227 229 236 240 241 246 250
8 229 231 233 234 235 238 243 248
8 222 228 231 233 234 238 239 250
5 226 236 240 241 246
13 220 221 223 225 226 227 230 232 233 238 245 247 249
4 223 234 243 247
13 220 221 223 225 227 230 232 238 239 240 245 246 247
2 240 242
5 234 236 245 246 250
3 225 240 244
9 222 224 226 227 228 234 241 243 246
3 232 235 245
4 229 241 244 249
11 222 224 229 231 234 235 236 241 242 243 244
8 221 225 226 230 239 240 247 248
14 221 222 224 226 227 228 229 233 234 236 237 241 242 248
8 223 224 226 228 236 237 242 247
7 230 232 238 239 240 248 249
14 221 222 223 224 226 229 230 232 237 239 242 244 248 250
9 220 221 223 225 227 230 235 248 249
8 220 223 226 228 233 237 242 247
4 225 240 244 247
7 220 221 225 227 235 236 240
4 224 234 245 247
3 224 227 234
3 234 236 242
5 220 238 241 245 248
6 221 224 228 231 239 246
5 222 226 233 240 244
6 229 231 234 235 238 242
7 229 234 235 239 240 246 249
11 220 222 223 226 235 236 239 241 242 245 250
8 221 223 225 230 235 248 249 250
7 225 231 232 234 238 240 246
8 223 225 229 230 235 236 240 248
13 221 223 224 225 230 232 236 237 240 241 244 249 250
3 239 245 248
13 220 221 222 228 233 234 235 240 242 244 248 249 250
9 221 227 231 236 237 238 243 245 250
15 222 225 226 228 230 231 232 233 234 235 238 242 243 244 248
9 224 225 231 232 233 234 238 246 247
9 224 225 231 232 233 234 240 244 246
3 225 234 250
5 232 235 238 239 246
10 224 226 230 232 234 238 239 242 244 249
7 221 223 231 232 233 237 248
4 229 231 245 250
3 224 231 236
9 220 222 227 231 233 235 237 242 248
6 224 228 241 242 244 247
6 229 231 232 233 242 249
2 244 248
13 223 224 228 229 231 233 235 237 238 242 245 246 250
8 224 230 232 240 241 244 246 250
18 220 221 222 223 224 225 226 227 228 229 231 237 240 241 242 244 245 246
11 223 225 228 229 235 236 239 240 242 243 245
20 220 221 223 225 226 227 228 229 230 231 232 233 239 240 242 243 244 248 249 250
12 221 223 224 227 231 235 236 237 242 244 246 250
9 222 225 226 230 232 245 246 247 248
14 220 222 224 228 231 234 237 238 240 241 246 248 249 250
17 221 222 224 227 228 229 231 234 236 237 238 239 242 244 245 248 249
16 221 222 223 225 227 228 230 231 232 238 239 240 241 244 246 247
18 220 221 222 225 226 227 228 230 231 233 235 236 241 243 244 247 249 250
19 220 225 226 227 228 230 231 232 234 235 236 238 240 242 243 244 246 247 250
15 224 229 231 233 235 236 237 238 239 241 242 244 245 249 250
11 220 224 229 233 234 236 239 241 242 247 248
19 220 221 226 227 228 229 230 231 235 237 238 240 241 242 243 245 246 249 250
9 221 223 226 229 236 240 243 246 247
14 222 223 230 231 232 233 239 240 241 242 244 245 246 247
20 220 221 223 226 228 230 231 232 233 234 235 237 238 241 243 245 246 247 248 249
20 221 222 226 227 228 229 230 231 232 233 235 239 242 243 244 245 247 248 249 250
11 221 225 226 228 229 230 234 237 243 244 249
11 222 223 225 228 231 234 239 242 243 245 246
17 220 221 223 224 227 228 233 234 237 239 240 242 243 244 245 247 250
9 221 223 227 229 231 233 236 239 245
12 221 224 228 236 237 238 239 240 241 242 247 249
17 221 222 223 225 229 230 232 233 235 236 242 243 245 246 247 248 249
16 220 221 222 223 225 228 229 230 232 235 236 237 241 245 249 250
12 227 228 232 234 235 238 239 241 244 245 248 250
17 221 224 225 226 229 231 233 235 236 239 241 244 245 246 247 248 249
21 220 221 222 223 225 226 228 229 230 231 232 235 236 239 240 242 243 245 247 248 250
9 223 228 230 232 236 238 242 248 250
17 220 222 225 227 228 230 232 235 237 239 240 241 244 245 246 248 250
14 221 222 224 225 226 228 233 235 237 239 243 244 247 250
17 220 221 222 225 227 229 230 231 233 234 236 238 240 243 245 246 247
10 224 226 230 231 238 240 243 245 249 250
14 222 223 224 229 233 237 238 240 241 242 243 245 246 248
21 221 226 229 230 231 232 233 234 235 236 237 239 240 241 242 243 244 245 247 248 250
18 220 222 224 226 227 229 232 235 237 238 239 240 242 245 246 247 248 249
21 221 222 225 227 228 230 231 232 234 235 236 237 238 240 241 243 244 245 246 247 248
17 223 224 225 226 227 228 229 231 232 233 236 238 242 243 248 249 250
18 221 222 225 226 229 231 233 235 237 239 240 241 242 243 244 245 246 250
16 223 224 225 229 230 231 234 236 238 239 240 241 242 244 247 250
18 220 222 223 224 225 226 230 231 232 235 237 239 243 246 247 248 249 250
12 223 224 226 233 234 235 239 240 241 244 245 249
9 221 222 223 224 233 240 243 246 249
19 220 222 225 226 227 232 233 234 235 236 238 240 241 243 244 245 247 248 250
21 220 221 222 223 224 225 227 228 230 231 234 235 237 239 240 241 244 246 247 248 249
15 222 223 224 225 226 231 234 236 237 240 241 243 245 248 249
20 220 222 223 224 226 227 228 235 236 238 239 240 241 242 243 244 245 247 248 250
21 220 222 223 227 230 231 232 233 235 236 237 238 239 241 243 244 245 246 247 248 250
18 224 229 230 231 232 233 234 235 236 237 240 241 242 243 244 247 249 250
15 223 224 227 228 231 232 235 237 238 239 240 243 244 247 250
20 221 222 223 224 225 226 227 229 231 232 234 236 238 239 240 241 243 246 247 249
18 220 221 222 223 224 227 228 229 232 235 237 239 242 244 246 247 249 250
14 220 222 224 225 227 228 231 235 237 240 241 244 245 246
14 222 224 225 226 228 229 231 232 241 242 244 246 248 250
13 221 227 228 229 230 232 233 234 237 239 246 248 250
12 223 229 231 233 236 237 238 240 241 244 246 248
11 220 223 224 226 229 237 239 240 242 246 249
17 220 221 223 225 227 228 229 233 234 235 237 238 239 240 241 245 248
19 222 223 224 225 226 227 228 230 233 238 239 240 242 243 244 246 248 249 250
14 221 222 223 224 225 228 229 231 232 234 237 243 245 250
21 220 221 222 223 225 227 228 230 231 233 234 235 236 239 241 243 244 245 246 248 250
10 223 225 230 233 234 235 238 243 247 249
13 221 223 227 228 231 232 236 237 240 241 245 247 249
12 222 226 228 230 233 234 237 239 244 247 248 249
18 223 226 228 229 230 234 235 238 239 240 242 243 245 246 247 248 249 250
13 220 221 223 225 229 230 231 236 240 243 245 247 250
21 221 224 226 227 229 230 231 232 233 235 237 238 240 241 242 243 244 245 248 249 250
15 225 227 229 230 231 232 233 234 235 236 240 241 243 247 250
13 220 224 225 228 233 237 238 239 241 242 243 244 250
17 220 222 225 226 228 230 235 236 237 238 240 241 242 243 244 248 249
17 220 221 223 225 229 232 233 234 235 236 239 241 242 243 246 249 250
10 220 221 222 224 227 230 232 236 243 245
17 220 223 224 227 228 229 231 232 233 235 237 238 239 242 245 249 250
12 227 228 230 233 234 237 240 242 244 247 249 250
16 220 222 223 228 230 231 233 234 235 236 238 241 243 244 245 246
10 220 221 224 232 233 238 240 241 245 247
12 220 221 222 223 230 234 235 238 244 246 248 250
18 220 221 222 223 225 227 228 230 232 233 237 240 242 244 246 247 248 249
15 220 222 225 229 231 232 234 236 237 241 242 243 244 247 250
10 221 223 227 228 231 232 240 245 247 248
9 220 223 226 230 237 239 245 246 247
14 223 224 225 226 227 228 230 232 235 240 242 243 246 249
14 225 227 232 233 236 237 239 240 242 243 244 245 247 250
9 220 223 225 230 233 236 239 244 249
13 220 222 227 228 230 231 232 237 239 240 243 244 247
10 223 225 226 228 230 232 233 246 247 249
9 220 223 228 229 230 234 236 241 250
20 221 223 225 226 227 229 230 231 232 233 234 235 236 238 239 240 241 243 245 249
9 229 231 232 233 234 237 240 243 244
18 221 222 224 226 227 228 229 233 234 235 237 238 239 241 243 244 245 250
11 220 221 223 228 230 232 233 234 236 237 242
10 220 221 223 226 235 238 239 241 242 248
15 224 225 227 229 230 234 235 237 239 240 242 243 244 245 250
16 220 225 227 229 234 235 236 238 239 242 243 245 246 247 248 250
17 220 221 222 223 225 226 227 228 230 231 235 240 241 244 245 246 250
17 221 222 223 224 225 227 228 229 234 235 240 242 243 246 247 248 250
17 220 223 225 226 227 229 232 234 235 237 238 239 243 245 247 248 250
14 222 225 227 228 231 232 237 238 241 243 246 248 249 250
19 220 221 222 225 227 228 231 234 235 236 237 239 240 241 243 246 247 248 250
17 221 222 225 227 228 229 232 233 234 235 236 239 240 241 243 244 246
14 220 223 225 230 231 236 238 239 240 242 243 246 248 249
11 221 224 225 231 233 234 235 237 239 241 248
20 220 221 224 225 226 227 228 231 233 234 235 239 240 242 243 245 246 248 249 250
10 224 229 236 237 238 241 244 245 247 249
21 220 222 223 225 227 230 231 232 234 237 238 239 241 242 243 245 246 247 248 249 250
16 220 222 227 231 233 236 238 240 241 243 244 245 246 247 248 249
18 220 221 225 226 227 229 231 232 233 235 236 238 241 242 244 247 248 250
20 221 222 223 224 225 226 228 229 232 234 237 239 240 242 243 245 246 247 248 250
16 221 222 223 225 226 227 230 231 236 239 240 241 242 243 248 249
14 221 222 223 224 226 229 230 231 233 235 236 241 247 249
21 220 221 222 224 225 226 228 229 230 232 233 234 237 238 239 240 244 246 247 248 249
15 223 227 228 230 231 233 235 236 237 238 243 246 247 248 249
12 220 221 226 229 232 233 239 242 243 244 246 247
13 220 221 222 223 226 228 234 236 237 240 242 244 247
21 220 221 222 223 224 226 232 233 235 236 237 238 239 241 242 243 244 246 247 248 250
10 220 223 224 227 230 235 237 238 246 249
21 220 221 222 223 224 225 226 227 229 230 233 234 238 242 243 244 245 246 247 248 249
14 224 225 226 228 229 230 233 234 236 237 239 241 245 250
17 220 221 225 226 227 228 229 230 234 237 238 239 241 242 246 249 250
19 222 223 225 226 229 231 232 233 234 235 236 238 239 241 243 244 245 247 248
12 221 225 226 229 234 235 240 242 243 244 245 248
13 221 222 227 229 230 233 235 239 241 243 245 246 247
18 220 221 222 225 229 231 232 234 237 238 239 241 243 244 246 247 249 250
12 225 226 227 228 230 231 233 235 237 243 245 247
18 223 224 225 228 230 231 233 235 237 238 239 240 241 245 247 248 249 250
18 220 221 222 223 226 228 229 233 234 235 238 240 243 246 247 248 249 250
16 220 222 223 226 227 228 231 232 234 237 240 242 243 244 246 249
10 223 224 229 231 232 233 234 235 241 245
13 220 222 227 231 233 235 237 241 242 243 247 248 250
14 223 224 225 226 230 231 233 234 237 238 241 243 245 248
10 224 226 235 236 237 241 244 245 246 249
15 220 221 223 224 225 231 233 234 239 240 241 244 246 248 250
12 220 221 224 225 230 232 236 241 242 244 249 250
14 230 231 232 233 234 235 237 238 243 245 246 248 249 250
18 221 224 225 227 229 230 231 233 234 236 237 240 244 245 247 248 249 250
13 221 223 225 226 228 232 237 239 240 243 247 248 249
18 220 222 223 228 229 232 234 235 237 239 240 241 242 243 244 245 246 247
20 220 222 223 225 226 228 230 232 234 235 236 237 238 243 245 246 247 248 249 250
12 221 223 225 226 227 230 233 236 241 244 248 250
14 220 224 227 230 231 233 234 236 238 240 241 242 249 250
11 221 222 224 232 233 234 236 243 245 246 249
14 224 226 231 233 235 238 240 242 243 244 245 246 248 249
9 223 228 231 232 237 238 239 245 249
17 220 222 224 228 229 233 234 235 236 237 238 241 243 244 246 248 249
17 220 221 222 223 224 227 232 233 235 236 237 238 239 243 247 248 250
10 229 230 231 233 235 239 242 245 246 249
12 220 221 223 224 228 231 235 236 237 238 241 242
10 223 226 228 233 237 238 246 247 249 250
19 222 224 225 227 229 230 231 232 234 235 237 238 239 240 241 242 245 247 248
21 220 221 223 224 225 226 227 228 232 233 234 236 239 240 241 243 244 246 248 249 250
12 227 230 231 232 234 235 236 238 242 243 248 250
17 220 224 225 226 227 229 231 232 237 240 242 243 244 247 248 249 250
18 221 223 224 227 229 231 233 234 235 237 238 239 241 243 244 247 249 250
18 220 223 225 227 228 229 230 232 233 234 235 237 238 240 245 246 248 249
21 220 221 222 223 227 229 230 233 234 237 238 239 240 241 242 243 244 247 248 249 250
10 222 225 230 234 235 238 241 242 244 248
16 220 225 226 227 228 229 232 233 234 235 236 237 244 245 247 250
12 221 223 225 226 228 229 235 236 238 239 244 250
9 220 221 226 230 231 233 242 244 250
14 220 221 223 225 226 231 233 238 240 242 243 245 247 250
17 220 223 225 230 232 235 236 238 240 241 242 243 245 246 248 249 250
20 220 225 226 227 228 229 230 232 233 236 237 238 241 242 243 244 245 246 248 249
11 220 221 226 229 232 237 238 243 244 247 250
14 220 221 222 223 226 232 237 239 241 244 245 246 247 250
9 221 224 225 232 239 240 241 244 250
11 223 227 230 231 233 234 238 240 243 244 248
16 220 222 227 229 230 231 232 233 234 236 238 240 243 245 247 250
12 220 222 223 225 228 232 233 236 238 239 246 248
17 221 227 228 229 231 232 233 234 236 237 238 239 243 244 246 248 249
13 220 223 225 228 230 231 232 236 239 242 245 246 250
10 223 226 231 232 237 241 242 244 247 250
21 220 221 224 225 226 228 230 231 232 233 234 235 236 238 239 241 244 245 246 247 249
17 221 222 223 224 228 230 237 238 239 240 241 242 243 246 247 248 250
16 220 224 226 229 230 231 233 234 236 237 238 240 241 243 245 249
9 220 225 228 233 235 239 241 243 246
15 221 222 226 232 234 235 237 238 239 240 242 243 244 245 250
18 223 224 225 226 227 228 229 231 232 234 236 239 242 243 244 245 246 248
15 221 223 224 227 228 229 230 231 232 234 239 241 243 247 249
14 221 226 229 230 231 233 235 241 242 244 245 246 247 250
20 222 223 224 225 227 228 229 230 231 232 233 234 235 238 240 241 242 245 248 249
11 221 227 230 231 232 234 238 243 245 246 250
11 220 223 226 227 228 231 235 236 241 244 247
14 220 222 226 228 232 234 236 239 241 242 243 244 245 248
18 220 222 223 224 225 226 228 230 231 233 234 236 237 238 245 246 247 248
16 220 221 222 223 224 225 226 230 231 233 234 236 240 241 245 246
12 220 222 228 231 237 239 241 243 244 245 247 249
21 221 223 224 227 228 230 231 232 233 234 236 237 238 241 242 244 245 246 247 248 249
20 220 221 222 223 226 228 229 230 233 234 239 240 242 243 244 245 246 247 248 250
17 220 223 224 225 226 233 234 236 237 239 240 241 244 247 248 249 250
11 221 222 223 226 230 238 242 245 246 248 250
21 220 221 222 223 224 229 230 231 232 234 235 236 237 239 240 242 243 244 246 248 250
15 220 221 225 227 229 230 236 237 239 242 243 244 245 246 248
10 221 223 225 230 231 232 233 238 241 243
17 220 221 222 223 228 230 234 237 238 239 240 241 242 245 246 247 250
13 220 222 223 225 226 228 230 234 237 243 244 245 249
17 220 221 225 227 229 230 233 236 237 239 240 241 242 243 244 248 250
15 220 221 224 225 228 229 230 232 238 240 241 245 246 249 250
13 223 224 225 226 228 229 230 231 240 243 244 246 249
12 223 224 225 231 232 235 238 239 240 248 249 250
18 220 221 222 223 228 231 232 233 235 237 239 240 241 244 245 246 249 250
20 221 223 224 225 226 229 231 234 235 237 239 241 242 243 244 245 246 247 248 249
15 221 222 224 225 226 227 228 233 234 237 242 244 245 246 249
21 220 221 225 226 227 228 229 231 232 235 236 237 238 240 242 244 245 246 248 249 250
9 221 222 224 226 230 234 239 241 249
15 220 221 222 223 226 228 232 234 235 236 240 241 243 246 249
14 220 224 228 231 232 235 236 238 240 242 245 246 248 250
15 223 225 226 229 231 233 235 236 240 241 244 245 246 248 250
16 223 224 225 231 232 233 234 235 236 240 241 243 244 246 247 248
17 220 222 224 225 226 227 228 229 230 231 232 236 240 243 245 247 249
15 220 224 226 227 228 233 238 239 240 241 242 246 247 249 250
16 220 225 227 228 229 231 234 235 236 237 239 241 242 245 249 250
9 220 221 224 233 237 238 240 246 248
19 220 221 225 226 227 228 230 234 237 239 241 242 243 244 245 246 247 248 250
19 221 222 225 226 229 230 231 232 234 235 236 239 240 242 244 247 248 249 250
13 220 221 228 230 232 234 236 238 239 240 241 242 248
17 221 222 226 227 230 232 233 234 236 240 241 242 243 245 246 247 250
18 220 222 223 225 228 229 230 231 233 234 235 239 240 242 243 245 246 249
16 221 222 223 226 229 230 232 234 237 239 242 244 245 246 249 250
16 222 224 228 230 231 234 235 237 238 239 240 242 243 245 249 250
19 220 221 225 226 227 229 230 231 232 233 234 236 237 240 242 244 246 247 250
20 220 221 224 225 226 227 228 230 232 233 234 236 237 239 240 241 242 246 247 250
16 220 222 228 229 233 235 237 238 241 243 244 246 247 248 249 250
14 224 225 226 227 229 230 232 234 235 237 239 240 244 248
20 222 224 225 226 227 230 232 233 234 236 237 238 240 241 243 244 245 247 248 250
17 222 224 227 229 230 231 233 234 236 238 239 241 242 247 248 249 250
13 221 223 225 227 229 231 233 242 243 244 246 248 250
19 221 222 226 227 228 230 231 232 233 234 235 239 240 241 244 246 247 248 250
11 223 229 231 233 234 235 238 240 242 244 249
9 220 221 226 228 233 234 239 240 246
17 220 222 225 228 229 231 233 235 236 237 239 240 243 244 246 248 249
19 221 223 224 226 227 230 231 232 233 235 236 239 240 241 242 245 246 247 249
15 221 222 225 227 228 229 231 233 236 237 238 239 240 244 245
13 221 225 226 227 238 240 241 243 244 245 246 247 249
17 221 222 223 224 225 226 227 228 233 235 240 241 242 243 244 247 250
11 221 225 228 230 232 236 239 240 244 247 250
15 221 222 224 227 233 234 237 238 239 240 241 243 244 245 248
10 220 221 226 229 231 232 239 240 241 242
10 221 225 228 230 232 238 239 240 244 249
13 220 221 222 223 224 230 234 236 237 240 244 245 246
18 221 225 226 227 230 231 233 234 235 238 240 241 242 244 246 247 248 250
15 222 223 225 226 227 228 229 230 232 233 235 236 240 249 250
11 225 226 227 230 231 232 235 236 237 238 248
16 220 224 228 229 230 233 234 235 238 240 241 242 245 247 248 250
17 220 223 224 226 228 229 233 234 235 236 239 242 244 245 247 249 250
15 220 223 224 225 228 229 230 233 236 237 239 245 246 247 249
15 220 222 226 228 230 231 233 234 235 236 237 240 242 245 250
14 220 221 222 223 226 229 232 234 235 236 246 247 248 249
17 222 224 226 228 229 231 232 233 238 239 240 244 245 246 247 248 249
11 221 224 232 235 236 237 238 240 244 245 247
11 220 221 223 232 234 236 238 243 244 247 249
20 220 221 222 224 225 226 227 228 229 230 232 233 234 235 236 240 241 242 245 246
12 220 221 224 227 228 232 235 237 240 244 247 249
12 220 221 224 225 226 227 228 232 233 236 243 247
15 220 223 224 225 227 229 232 237 240 244 245 246 247 248 250
13 221 223 227 228 230 231 232 233 238 241 244 249 250
17 220 222 225 226 227 228 231 232 234 235 237 238 239 242 247 249 250
14 221 226 227 230 231 234 236 240 243 244 245 246 247 250
19 220 222 224 226 227 229 230 231 232 237 238 239 240 243 245 246 247 249 250
17 220 222 223 224 225 228 233 237 238 239 240 243 245 246 247 249 250
16 224 225 226 227 229 232 235 236 237 239 240 241 245 248 249 250
10 222 223 225 227 229 236 240 243 245 248
14 220 222 223 229 231 232 234 235 237 242 246 248 249 250
19 220 221 222 223 224 226 229 230 231 233 236 238 240 241 243 245 247 248 250
18 220 223 224 225 226 229 230 232 234 238 239 240 241 244 245 246 248 249
19 255 257 261 264 272 274 279 283 285 286 291 292 293 295 296 298 299 302 304
19 254 258 259 262 265 267 268 271 272 274 275 277 282 287 289 290 299 303 305
25 252 255 257 259 263 265 266 268 270 273 275 276 277 278 279 280 282 293 295 296 297 299 302 303 305
30 252 253 254 257 259 260 266 267 268 269 273 275 276 277 279 280 282 284 286 287 290 292 293 296 297 298 300 301 303 305
15 253 257 258 262 264 265 266 272 276 280 281 285 290 295 303
13 252 253 257 260 267 269 283 285 287 295 298 302 304
11 260 261 264 271 272 281 286 287 289 290 300
31 251 252 253 254 257 258 261 263 267 268 269 270 272 274 275 276 280 282 287 290 291 292 294 296 297 298 299 300 301 304 305
16 251 252 253 258 259 262 263 265 268 270 271 273 281 289 294 301
14 256 266 269 275 277 278 280 282 284 287 288 290 297 300
9 257 262 264 279 281 282 287 294 300
19 251 253 259 260 264 266 268 269 271 272 273 281 286 291 297 298 302 303 304
13 252 261 262 264 267 271 272 278 284 285 286 301 303
13 251 254 261 262 274 276 278 280 281 291 294 297 299
11 254 255 259 265 269 270 275 277 278 296 303
10 253 256 258 269 283 284 285 292 298 301
25 251 252 253 254 256 260 262 265 268 271 273 274 275 277 279 284 285 288 291 294 296 297 300 302 304
40 251 252 254 255 256 259 260 261 263 267 268 269 270 271 273 274 275 277 278 279 282 283 284 286 287 288 289 291 292 293 294 296 297 298 299 300 301 302 304 305
20 253 256 257 258 261 264 265 269 274 278 279 280 282 291 296 297 299 303 304 305
17 252 254 255 257 258 266 276 278 283 286 287 288 289 291 292 294 302
24 251 258 259 260 261 262 266 270 271 276 277 279 280 283 284 286 287 289 291 292 296 298 302 305
8 253 255 258 276 281 296 298 302
9 251 254 262 267 274 288 291 294 304
26 251 252 255 256 257 261 262 270 271 272 273 276 278 281 285 287 289 290 291 294 295 297 298 300 301 305
29 252 254 256 257 258 261 262 267 269 271 272 274 275 278 279 281 285 287 288 289 290 291 294 296 297 298 299 300 303
21 251 253 255 259 260 264 265 266 269 271 272 273 274 278 279 281 282 289 296 302 304
17 251 252 254 256 257 258 261 271 274 278 282 284 287 293 299 301 302
25 251 255 256 258 261 262 263 264 265 270 271 272 274 278 281 283 285 288 289 291 294 295 299 302 304
11 267 272 275 276 277 279 280 283 289 300 303
18 252 253 254 255 257 263 265 267 268 274 278 281 282 293 295 300 301 303
29 253 254 258 259 260 263 264 265 266 267 268 269 274 275 277 279 280 282 283 284 286 288 292 293 296 299 302 303 304
16 251 252 253 256 261 266 276 278 279 284 286 288 291 295 296 304
13 256 264 269 272 273 275 285 288 290 294 297 299 304
4 260 268 280 298
28 251 252 253 254 255 256 258 259 261 262 264 265 271 272 275 276 277 279 283 286 289 293 295 297 301 302 303 304
20 253 263 265 269 270 273 284 285 287 290 292 293 295 296 300 301 302 303 304 305
7 257 269 280 285 294 297 302
21 251 252 253 256 258 266 272 274 276 280 284 285 286 288 290 291 293 297 298 301 305
12 260 266 269 270 278 281 284 288 292 294 299 300
13 251 255 259 262 265 266 268 276 277 280 281 293 300
17 256 263 264 270 273 274 275 279 284 286 288 289 290 291 292 303 305
25 252 256 258 259 260 261 264 270 271 274 279 280 282 283 285 287 290 292 293 294 300 301 303 304 305
12 259 262 266 275 285 292 294 296 301 302 304 305
34 253 254 256 257 260 263 264 265 266 268 269 270 272 273 274 275 276 277 279 281 282 283 284 285 286 288 289 293 295 296 299 300 303 305
16 260 261 268 269 270 272 275 277 281 290 296 297 298 300 304 305
36 252 254 255 256 257 258 261 262 263 265 267 270 274 275 276 277 278 279 280 282 283 284 285 287 288 289 290 292 293 294 295 296 299 300 301 305
15 254 265 268 274 275 277 280 283 287 288 290 291 292 299 300
13 255 260 263 264 270 273 281 283 292 293 298 300 301
14 251 256 259 263 264 265 267 273 274 282 285 293 295 303
19 251 253 254 255 256 257 263 264 271 272 276 278 284 287 288 290 295 300 303
27 253 255 259 260 262 263 264 265 266 268 269 270 273 281 285 286 288 290 291 292 294 295 296 297 298 304 305
6 254 260 267 276 303 305
12 254 258 261 271 272 278 282 294 296 297 299 301
13 251 254 255 262 263 265 268 272 273 276 277 281 284
17 253 257 266 267 269 275 278 286 288 289 291 295 296 297 298 299 302
10 254 259 263 269 272 280 287 289 296 305
19 251 256 257 259 260 263 266 269 270 273 279 282 289 293 294 295 297 304 305
17 253 255 256 257 258 260 265 271 274 276 278 283 285 291 294 298 300
13 256 257 268 276 277 280 283 284 285 287 295 299 305
26 251 253 255 259 260 263 264 265 266 268 270 273 276 277 280 282 283 284 286 292 293 295 301 302 304 305
20 252 258 261 265 267 269 270 273 274 277 279 281 282 283 286 289 291 293 297 299
30 255 257 258 259 261 263 264 266 267 269 270 272 276 278 280 281 282 283 286 287 289 290 292 293 295 298 299 301 303 305
42 251 252 254 255 256 257 258 260 261 262 264 266 267 269 270 272 273 274 275 277 278 279 281 282 283 284 285 286 289 291 292 293 294 295 296 298 299 300 301 302 304 305
15 257 263 267 268 273 274 280 282 285 287 290 291 296 298 305
13 253 259 263 265 268 271 276 280 287 288 290 297 303
7 254 288 292 294 298 301 303
11 264 266 273 281 284 288 290 293 297 299 303
8 253 262 271 279 280 284 299 301
35 251 252 254 255 259 260 262 263 266 267 268 270 271 272 273 275 276 277 281 283 284 285 286 287 288 289 290 292 293 294 295 298 300 301 302
24 255 256 259 260 262 264 265 266 271 273 277 278 279 281 283 284 285 286 288 289 293 295 302 303
17 251 252 261 262 267 268 270 275 277 279 282 286 292 295 301 302 304
22 252 255 256 257 258 259 260 264 266 267 268 271 272 275 277 279 282 283 286 288 289 298
21 251 252 255 258 259 261 262 267 271 278 280 287 290 291 292 294 297 298 301 302 304
14 260 261 263 267 268 271 273 283 289 292 295 299 302 304
14 252 258 261 262 263 267 270 275 286 290 291 293 297 300
9 256 263 264 274 275 289 290 303 305
7 251 254 274 288 291 294 304
26 255 257 258 259 261 263 264 266 267 269 270 272 276 278 280 282 283 286 287 289 292 295 299 301 303 305
12 251 252 253 261 276 278 279 286 288 291 295 296
14 251 256 259 260 263 266 269 270 273 282 289 297 304 305
10 251 254 261 276 278 280 281 291 294 299
8 274 275 277 283 287 288 291 299
23 253 255 259 260 262 263 265 266 268 269 273 281 285 286 288 290 291 292 294 297 298 304 305
4 251 254 262 304
11 251 268 275 277 282 286 292 295 301 302 304
17 251 255 256 261 265 271 272 281 283 285 288 291 294 295 299 302 304
7 256 266 277 280 282 284 290
16 255 260 264 265 268 270 273 288 290 291 294 295 297 298 304 305
10 257 276 277 283 284 285 287 295 299 305
16 253 255 259 260 262 263 266 268 269 270 273 288 292 294 298 305
11 260 263 264 270 273 281 292 293 298 300 301
14 255 258 261 262 271 278 280 287 290 291 292 294 302 304
7 262 264 279 281 282 294 300
8 254 262 274 276 278 280 291 294
19 252 255 256 257 258 259 260 266 268 271 272 275 277 282 283 286 288 289 298
26 252 253 254 257 259 260 266 267 269 273 275 276 277 280 284 286 287 292 293 296 297 298 300 301 303 305
13 251 252 254 257 258 261 271 274 282 293 299 301 302
11 256 257 258 261 271 274 278 287 293 299 301
16 252 261 264 270 271 274 283 285 290 292 294 300 301 303 304 305
13 251 252 253 256 276 278 279 284 286 288 291 295 304
23 251 253 255 259 260 263 264 266 268 270 273 276 277 282 283 284 286 292 293 295 301 302 305
10 251 252 256 261 266 276 286 288 296 304
15 252 253 254 255 257 263 265 268 278 281 282 293 295 300 303
10 251 256 259 263 264 265 267 274 282 285
17 251 252 255 258 259 261 262 267 271 278 292 294 297 298 301 302 304
9 251 252 261 267 275 279 286 292 302
11 257 261 264 265 278 280 291 296 299 303 304
15 253 257 264 265 269 274 278 279 280 291 296 297 299 303 304
14 251 253 259 260 266 268 271 273 281 286 291 297 303 304
11 257 261 272 274 279 283 293 295 296 299 304
8 251 253 258 259 262 270 281 294
7 251 254 274 288 291 294 304
19 253 257 258 261 269 270 272 276 280 282 287 290 294 296 297 298 300 304 305
10 251 256 259 263 264 265 273 274 295 303
12 252 256 257 258 260 264 266 268 271 277 283 286
11 251 262 274 276 278 280 281 291 294 297 299
14 252 255 266 276 278 283 286 287 288 289 291 292 294 302
3 288 292 294
10 260 263 273 281 283 292 293 298 300 301
14 251 256 257 258 261 271 274 278 282 284 287 293 299 302
7 260 264 271 272 286 289 290
8 254 259 272 280 287 289 296 305
22 251 253 255 259 263 264 266 268 270 273 276 277 280 282 283 284 286 292 295 302 304 305
11 258 259 262 268 271 272 274 277 282 287 305
16 251 255 258 261 262 264 270 272 274 278 281 283 285 295 299 304
11 255 260 265 271 274 276 278 283 285 294 298
28 251 256 259 260 261 263 267 268 269 270 273 274 278 279 283 284 286 287 288 291 293 294 296 297 299 301 302 304
11 264 269 272 273 275 285 288 290 294 299 304
23 255 257 258 259 263 264 266 267 272 278 282 283 286 287 289 290 292 293 298 299 301 303 305
23 251 252 253 254 255 256 258 259 261 262 264 265 271 272 275 276 277 279 283 289 297 303 304
12 251 257 259 260 270 273 289 294 295 297 304 305
9 252 262 264 267 272 284 285 286 301
36 251 252 254 255 256 257 260 261 262 264 266 270 273 274 275 277 278 279 281 282 283 284 286 289 291 292 293 295 296 298 299 300 301 302 304 305
20 255 256 258 261 262 264 265 270 271 272 274 281 283 285 288 289 291 295 302 304
7 257 277 280 283 284 295 305
9 252 255 257 276 278 288 289 291 302
3 260 280 298
18 251 252 255 258 259 261 262 267 271 278 280 287 291 292 294 301 302 304
11 256 264 270 274 275 288 289 290 292 303 305
11 252 254 255 257 267 281 282 293 295 301 303
16 255 259 266 269 270 276 282 286 290 292 293 295 299 301 303 305
20 254 257 258 261 267 271 274 278 279 285 287 288 289 290 294 296 297 298 299 303
16 252 255 257 266 273 275 276 277 278 282 293 297 299 302 303 305
6 256 276 280 283 284 287
7 253 255 276 281 296 298 302
9 251 252 256 257 261 274 278 293 301
17 251 256 257 261 262 270 272 273 281 285 289 290 294 295 297 300 301
18 251 252 253 254 260 262 265 268 271 275 279 285 288 294 297 300 302 304
13 251 252 254 258 271 274 278 282 287 293 299 301 302
23 252 254 256 257 258 261 262 267 269 271 275 278 279 281 285 287 288 291 294 296 298 299 303
22 251 252 257 261 264 267 270 272 274 278 279 281 283 284 289 291 292 298 299 300 302 304
11 261 272 274 286 291 292 293 295 296 298 302
12 266 272 274 276 284 285 286 290 291 298 301 305
6 254 259 263 289 296 305
10 264 274 275 279 284 286 289 291 292 305
6 259 265 270 277 278 296
15 251 253 255 259 264 265 266 271 273 278 279 281 289 296 304
9 253 257 274 276 283 285 291 294 300
24 251 252 253 254 257 258 261 263 267 269 270 274 275 280 282 290 291 292 294 296 299 300 301 304
24 253 254 257 263 264 265 268 272 273 274 276 277 282 283 284 285 286 288 289 295 296 299 300 303
19 253 255 260 262 264 265 266 273 281 286 288 290 291 292 294 296 297 298 305
13 255 256 262 281 283 285 286 288 289 293 295 302 303
30 251 252 254 259 260 262 263 266 267 268 271 273 275 276 277 281 283 284 285 286 288 289 290 292 293 294 295 300 301 302
12 251 252 254 256 258 261 271 287 293 299 301 302
4 279 282 287 294
10 257 268 276 277 280 283 284 285 287 295
19 254 255 259 262 266 267 268 270 273 275 276 277 281 283 284 290 293 294 298
19 252 261 270 271 274 279 280 282 283 285 287 290 292 293 294 301 303 304 305
11 260 261 268 272 277 281 290 297 298 300 304
13 251 253 259 266 268 269 271 272 273 297 298 303 304
7 267 275 276 277 280 289 300
8 260 264 271 272 281 286 287 289
6 254 259 263 269 287 289
10 256 257 276 277 280 283 285 295 299 305
6 251 254 262 274 288 294
11 252 260 267 269 283 285 287 295 298 302 304
9 254 258 271 272 278 282 294 297 299
15 258 259 261 270 271 274 279 285 287 290 292 293 294 301 305
32 252 254 255 257 258 260 261 262 267 269 270 272 273 274 275 278 279 282 283 285 286 289 292 293 294 296 298 299 300 302 304 305
6 257 262 264 279 282 294
7 251 255 262 265 266 281 300
14 252 256 257 270 272 276 281 285 291 294 295 300 301 305
12 260 261 263 267 271 273 289 292 295 299 302 304
7 262 271 279 280 284 299 301
8 251 262 263 265 268 272 277 281
8 251 256 264 265 267 273 293 295
8 254 275 280 287 290 292 299 300
9 253 257 260 285 287 295 298 302 304
20 253 255 259 260 263 264 265 266 268 273 277 280 283 284 292 293 301 302 304 305
4 257 280 294 297
10 257 263 273 282 285 287 290 291 296 305
8 266 286 288 289 297 298 299 302
12 251 252 261 262 267 275 279 282 286 292 302 304
12 253 263 269 273 285 287 292 293 295 301 302 305
23 252 255 256 258 261 263 265 267 274 275 277 279 283 284 287 288 289 290 292 294 296 300 305
12 258 265 267 269 270 273 277 279 281 282 289 297
19 251 253 257 258 261 267 268 269 274 275 290 291 292 294 298 300 301 304 305
11 251 252 256 266 276 278 284 286 288 291 296
4 258 296 298 302
9 252 257 258 283 288 289 291 294 302
20 253 258 259 264 265 266 267 268 269 274 275 277 279 280 282 292 293 299 303 304
34 251 252 254 255 256 257 258 266 267 269 270 272 273 274 277 278 281 282 283 284 285 286 291 292 293 294 295 296 298 300 301 302 304 305
23 251 255 262 263 266 267 270 272 273 275 276 281 283 284 286 287 288 289 294 298 300 301 302
12 251 258 259 262 271 280 291 292 294 297 301 304
16 251 253 256 266 272 274 276 284 286 288 290 291 293 297 298 301
11 259 260 266 268 271 272 281 298 302 303 304
34 251 252 254 255 256 257 258 260 261 264 267 269 270 272 273 274 277 278 279 282 284 286 289 292 294 295 296 298 299 300 301 302 304 305
5 257 279 281 282 287
16 251 253 259 260 264 266 268 269 271 272 273 281 286 297 298 303
26 252 256 257 260 261 264 266 267 269 272 274 275 277 278 279 281 283 284 289 293 294 295 296 300 302 305
8 254 259 263 272 280 287 289 296
11 257 263 267 268 274 282 287 290 291 298 305
15 256 258 259 264 271 274 279 280 285 287 292 300 301 303 305
14 251 255 259 260 264 265 269 271 272 273 274 278 282 302
9 253 257 266 275 278 291 296 299 302
7 255 264 273 281 292 298 300
16 257 258 261 264 265 269 274 278 280 282 291 296 299 303 304 305
10 254 268 275 280 283 287 288 290 292 300
16 254 258 262 265 267 268 271 272 274 275 277 287 289 290 303 305
10 251 262 274 278 280 281 291 294 297 299
16 251 252 258 266 272 274 276 280 284 285 286 288 291 293 297 305
5 254 288 292 294 301
6 254 276 278 280 294 299
19 258 260 266 270 271 276 277 279 280 283 284 286 287 289 292 296 298 302 305
11 258 261 263 267 270 275 286 290 291 293 297
5 254 259 263 272 280
14 254 258 262 265 267 268 271 274 277 282 287 289 290 303
19 255 259 262 263 265 269 270 273 285 286 288 290 291 295 296 297 298 304 305
11 256 264 269 272 273 285 288 290 294 297 304
22 252 254 258 261 262 265 275 276 278 279 282 283 284 285 289 290 293 294 295 296 300 305
6 271 279 280 284 299 301
16 252 253 254 259 260 266 268 275 276 277 280 292 297 298 300 301
3 260 268 280
10 256 257 268 276 277 280 285 295 299 305
13 252 261 265 267 270 273 277 279 283 286 289 291 293
22 253 254 258 263 264 265 266 269 274 275 279 280 282 283 284 286 288 293 296 299 302 303
12 251 252 253 258 262 263 265 268 270 271 289 301
8 266 269 278 281 284 288 294 300
7 251 262 267 274 288 291 294
10 256 266 275 277 282 284 288 290 297 300
7 253 256 258 283 285 292 298
8 254 261 262 274 276 280 291 294
7 257 264 279 281 282 287 294
14 260 262 265 266 273 277 279 281 284 285 288 293 295 303
8 254 255 259 270 275 277 296 303
16 251 253 254 255 256 257 263 264 272 276 278 284 290 295 300 303
6 260 261 264 272 281 286
6 258 269 283 284 285 292
9 251 254 274 276 278 280 281 294 299
12 255 257 263 265 267 268 278 281 282 293 300 301
16 254 258 262 265 267 271 272 274 275 277 282 287 289 290 299 303
8 252 262 264 267 272 285 286 301
13 254 255 257 258 266 278 283 286 288 291 292 294 302
6 258 276 281 296 298 302
10 252 254 255 278 286 288 291 292 294 302
11 257 264 265 266 272 276 281 285 290 295 303
11 257 258 262 264 265 266 272 276 281 290 295
6 253 271 279 280 284 301
9 260 261 264 271 272 281 286 287 290
12 256 263 264 270 279 284 288 289 290 292 303 305
15 251 255 261 262 270 271 272 273 278 289 290 294 295 298 305
25 255 257 258 261 263 264 266 267 269 270 272 276 278 280 281 282 283 286 289 290 292 295 298 301 305
9 257 258 261 271 278 282 284 301 302
8 253 256 257 271 278 283 285 298
9 252 261 262 267 268 277 282 302 304
9 251 261 262 274 278 281 294 297 299
8 272 276 277 280 283 289 300 303
9 263 264 270 273 281 283 292 293 301
13 251 252 261 281 285 287 289 291 294 298 300 301 305
9 254 255 262 263 265 272 273 277 281
5 253 256 284 292 298
4 254 292 298 303
8 254 263 269 272 280 287 289 296
13 253 255 256 257 258 265 271 276 278 283 291 294 298
24 252 254 255 256 260 261 268 270 271 277 278 279 283 286 287 289 291 294 296 297 298 300 301 305
7 262 275 292 296 302 304 305
17 252 258 261 265 267 269 270 273 274 277 279 281 283 291 293 297 299
6 271 281 286 289 290 300
5 262 279 281 282 300
6 253 255 258 281 296 302
14 253 258 261 264 265 269 274 280 282 291 299 303 304 305
16 255 260 264 265 266 273 278 281 283 284 285 286 289 293 295 302
21 252 255 257 263 265 266 268 270 273 275 276 279 280 282 293 295 296 297 302 303 305
23 251 252 253 254 257 258 261 263 267 268 269 274 275 276 280 282 287 292 294 298 299 301 305
16 259 260 265 266 271 273 277 278 279 281 283 285 288 295 302 303
16 252 257 260 266 267 268 273 275 276 277 284 286 297 298 300 305
15 256 263 270 273 274 275 279 284 286 288 289 290 291 292 305
22 251 252 256 257 261 270 271 272 273 276 278 281 285 287 289 290 291 294 295 297 301 305
8 266 269 270 281 288 294 299 300
9 255 260 270 273 292 293 298 300 301
23 252 255 259 261 263 267 268 270 275 277 279 282 283 286 287 288 291 296 298 299 301 302 304
8 251 255 262 268 276 281 293 300
8 255 263 264 273 281 292 293 301
6 253 262 271 279 284 301
10 252 253 257 260 267 269 283 285 298 304
9 269 272 273 275 285 290 294 297 304
5 253 255 258 276 298
11 252 253 254 255 257 265 274 281 295 300 303
11 259 263 268 271 276 280 287 288 290 297 303
10 251 256 261 271 274 282 284 287 299 302
6 254 263 280 289 296 305
5 261 286 287 289 290
25 251 252 254 259 260 263 267 268 270 272 273 275 276 277 281 285 287 288 289 290 292 293 295 300 301
25 254 256 260 263 265 266 268 269 270 272 273 274 276 281 282 283 284 285 286 288 293 296 299 303 305
10 261 270 275 277 281 290 296 298 304 305
10 253 257 262 264 265 276 280 281 285 290
11 252 261 262 267 268 270 277 279 286 302 304
6 254 262 280 281 294 299
18 253 257 267 268 275 276 277 279 280 282 284 286 287 296 297 300 303 305
16 253 255 259 264 265 266 271 272 273 274 278 281 282 289 302 304
12 257 266 269 275 278 286 288 289 295 296 298 299
14 251 261 262 267 268 270 275 282 286 292 295 301 302 304
16 252 255 256 257 258 260 266 267 268 271 272 275 277 282 288 298
11 257 263 267 273 280 282 285 287 290 296 298
8 254 255 258 266 276 288 292 294
20 255 259 260 262 263 266 267 272 273 275 283 285 287 288 293 294 295 300 301 302
10 262 265 271 274 277 282 289 290 299 303
30 251 252 254 259 260 262 263 266 267 268 270 271 272 273 275 276 277 281 284 286 287 288 289 290 292 293 294 295 301 302
5 288 294 298 301 303
8 278 281 284 288 292 294 299 300
15 253 258 259 263 264 267 268 274 277 282 284 286 288 302 303
7 252 262 263 270 291 297 300
16 251 258 260 261 262 266 276 277 279 284 287 292 296 298 302 305
6 262 264 279 281 282 287
7 266 270 278 281 288 294 300
9 255 274 285 286 293 298 299 302 304
20 253 258 259 260 263 264 265 266 268 269 274 275 277 279 282 286 288 293 296 303
16 254 259 262 265 267 268 271 272 274 282 287 289 290 299 303 305
35 251 252 254 255 256 259 260 261 263 267 268 269 270 271 273 275 277 278 282 284 286 287 288 291 292 293 296 297 298 299 300 301 302 304 305
8 260 261 264 272 281 287 290 300
25 251 252 255 256 259 263 267 268 269 273 275 278 279 282 283 284 287 288 291 292 296 297 299 301 302
12 258 261 267 269 270 273 277 281 282 289 297 299
19 253 254 256 257 260 264 265 268 270 272 274 284 286 293 295 296 299 300 303
10 252 262 264 271 272 284 285 286 301 303
6 252 269 285 287 295 298
13 251 252 256 257 258 261 271 278 282 284 287 299 301
22 252 255 257 258 261 274 277 278 279 282 283 284 285 287 288 292 294 295 296 300 301 305
12 251 261 267 268 277 279 282 286 295 301 302 304
15 251 253 255 266 269 271 273 274 278 279 281 282 289 302 304
5 257 269 280 294 302
9 253 257 260 269 285 287 295 302 304
12 253 257 262 264 265 266 272 281 285 290 295 303
7 264 265 273 282 285 295 303
23 253 254 257 260 263 265 266 268 269 270 272 273 276 279 281 283 284 285 286 295 296 300 303
13 251 253 259 260 264 266 268 271 281 286 298 303 304
7 257 262 264 279 281 294 300
2 268 298
16 251 253 255 260 264 265 269 271 272 278 279 281 282 289 296 302
6 258 271 272 278 299 301
10 262 264 267 271 278 284 285 286 301 303
13 259 261 274 279 280 282 283 285 287 293 294 301 304
17 251 253 256 258 266 272 274 276 285 286 288 290 291 297 298 301 305
7 253 262 265 280 281 285 295
7 252 253 257 260 283 285 302
10 260 269 270 272 275 277 281 290 304 305
19 254 260 263 264 266 268 275 276 277 279 281 284 286 289 293 295 299 300 305
28 251 253 255 256 260 263 264 265 269 270 271 273 274 275 276 282 283 287 290 291 292 293 294 297 298 300 301 305
32 251 253 254 257 258 259 262 265 267 268 270 271 274 275 276 277 278 279 280 281 282 285 290 291 292 294 296 297 298 299 302 305
22 252 255 257 261 262 268 270 271 272 274 276 280 281 282 287 292 293 295 296 297 298 305
36 251 253 254 255 258 260 262 263 264 265 267 268 269 271 272 273 275 276 279 280 281 282 283 284 285 286 289 291 293 296 297 298 299 301 302 305
26 251 252 255 256 257 259 261 262 269 270 271 273 275 276 277 278 279 282 283 284 285 293 295 298 299 303
24 252 257 258 261 262 263 264 269 272 273 274 276 280 281 287 288 289 290 291 292 294 295 302 304
33 252 254 255 256 258 260 261 262 263 264 266 268 270 271 273 274 275 276 279 280 281 282 283 290 292 293 294 295 296 298 300 301 304
19 255 256 258 262 265 268 269 272 275 277 278 279 283 286 287 288 296 299 304
18 253 257 260 262 263 264 265 269 270 272 274 276 279 284 289 291 292 297
21 251 252 254 256 257 259 264 267 269 271 272 276 277 278 283 285 289 291 294 297 305
36 251 253 254 256 257 259 260 261 263 264 265 266 268 270 271 272 275 276 278 279 281 282 283 284 285 286 288 289 291 292 293 294 295 299 300 303
24 253 254 255 256 257 258 259 260 262 263 265 266 269 271 273 275 282 283 285 287 293 297 302 305
19 251 254 255 259 264 266 270 272 273 275 277 280 282 287 288 291 295 299 301
21 251 256 257 258 259 262 266 267 268 274 276 284 286 287 293 295 296 298 300 303 304
27 252 257 258 259 263 267 269 272 275 276 277 279 280 282 283 284 285 288 290 291 292 296 298 299 300 302 303
35 251 252 253 255 256 258 259 260 262 263 266 268 269 270 272 273 274 275 278 279 282 283 285 287 288 289 290 291 293 297 299 300 302 304 305
31 251 254 255 257 259 260 262 263 266 270 271 274 275 277 278 279 280 282 283 284 288 289 290 291 293 294 295 297 299 301 303
36 251 252 254 257 258 259 262 263 264 265 266 267 268 269 270 271 272 275 277 278 280 281 282 284 285 287 288 289 290 292 298 299 300 302 304 305
19 254 256 257 263 273 274 275 279 281 282 284 291 292 295 298 299 301 302 304
34 251 252 253 254 255 257 258 262 263 265 266 270 271 272 273 274 276 277 278 279 281 282 284 285 287 292 297 299 300 301 302 303 304 305
30 251 254 256 258 259 260 263 264 266 269 270 273 274 277 278 279 281 282 284 287 290 291 295 296 298 299 300 303 304 305
18 254 258 263 264 265 271 273 275 277 281 284 286 293 294 296 299 300 301
23 251 253 254 256 260 268 269 270 271 272 273 278 280 281 283 285 289 291 296 298 299 302 303
29 252 255 257 258 260 261 262 264 265 269 270 271 272 277 278 279 280 283 284 285 286 289 290 292 293 295 297 301 304
34 253 256 257 258 259 260 261 262 263 264 265 271 274 275 277 278 279 280 281 282 283 284 285 286 290 291 293 296 297 299 300 301 302 303
35 251 252 253 254 255 257 258 262 263 264 265 266 267 269 274 276 279 280 284 285 286 287 288 289 290 293 294 296 298 300 301 302 303 304 305
16 253 258 264 266 267 268 270 272 274 275 279 284 288 290 296 297
31 254 255 256 257 260 263 264 265 266 268 270 273 274 277 278 279 280 281 282 284 286 287 290 291 292 293 295 296 302 304 305
32 251 252 254 255 258 261 262 265 267 268 269 270 274 276 277 278 279 280 282 285 286 288 289 291 292 293 294 297 300 303 304 305
34 251 253 256 257 259 260 262 265 266 268 269 272 273 275 276 278 279 280 281 282 283 286 287 288 289 290 291 292 294 295 298 301 304 305
34 253 254 256 258 260 261 263 264 267 269 270 273 274 276 277 278 280 282 283 284 286 287 289 291 292 293 294 296 297 298 300 301 304 305
28 252 253 257 258 260 262 268 271 274 276 278 279 283 284 285 286 288 289 290 291 292 295 297 298 300 302 303 304
25 251 252 254 257 258 260 263 264 265 268 269 273 275 279 280 281 282 291 293 294 298 299 300 302 304
20 255 256 260 263 267 270 272 277 280 281 283 288 289 292 295 297 299 301 303 305
31 251 252 253 254 255 258 261 262 264 266 272 273 275 278 279 280 281 282 284 285 289 290 292 293 294 296 297 298 299 300 305
29 251 256 257 258 260 261 262 268 270 271 272 274 277 281 282 285 287 288 289 290 293 294 295 296 297 299 300 303 304
22 254 255 259 262 263 267 268 271 273 274 276 278 280 281 285 287 288 291 293 296 298 305
29 252 255 257 259 261 265 267 268 269 270 272 273 275 278 279 281 285 288 289 291 292 296 297 298 299 300 301 303 304
35 251 252 254 257 258 259 261 262 263 264 266 268 269 272 274 277 279 281 282 285 286 288 289 290 292 293 294 295 296 297 298 300 302 303 305
20 252 254 260 262 264 267 270 272 274 275 276 277 282 284 292 294 296 299 301 303
22 251 257 262 263 267 269 270 271 272 274 275 276 278 284 286 288 290 292 294 298 301 304
22 253 257 261 264 265 266 270 273 278 279 283 286 287 290 293 294 299 300 301 302 303 305
21 252 256 258 259 260 261 262 266 268 277 278 280 282 286 287 290 293 295 298 299 300
29 251 254 255 256 257 259 261 263 265 266 267 268 269 272 273 274 275 276 280 282 285 291 292 293 295 299 300 301 303
38 252 253 254 255 256 257 261 262 264 265 266 267 269 270 272 273 274 275 278 280 281 282 283 284 285 286 290 291 292 293 294 295 296 299 300 301 302 303
34 252 254 256 258 261 262 263 264 265 267 268 269 270 271 273 278 281 284 286 287 289 290 291 292 293 294 295 296 297 298 299 300 304 305
24 252 254 256 259 262 263 264 265 269 274 276 279 280 281 282 283 284 285 286 288 292 294 295 303
30 251 253 258 262 263 266 267 268 272 273 274 275 276 277 278 281 282 284 286 288 289 290 293 294 295 296 297 300 302 304
22 251 256 260 264 270 271 276 277 279 280 283 284 285 287 288 290 293 294 296 297 301 302
33 253 255 257 259 264 265 266 267 270 272 275 276 277 278 279 280 281 282 284 286 287 288 289 292 293 294 298 299 300 301 303 304 305
35 252 254 255 256 257 259 261 263 264 265 266 268 269 271 273 274 275 276 277 280 282 285 287 288 290 292 295 296 297 299 300 301 302 303 304
33 251 254 255 257 258 262 263 266 267 268 271 272 273 274 275 277 278 279 281 283 285 286 287 288 292 295 296 298 299 300 301 302 304
36 251 254 255 257 258 260 262 263 264 265 266 267 268 270 271 273 276 277 280 281 282 283 284 285 286 287 288 289 291 292 296 298 299 302 304 305
31 252 254 256 257 258 260 262 263 265 267 269 270 271 272 276 278 279 282 283 284 287 289 292 293 294 295 296 300 301 303 305
33 251 252 254 255 256 257 258 262 264 265 267 268 269 270 271 272 276 279 281 284 289 290 291 292 293 294 295 297 298 300 302 303 305
33 251 252 253 254 255 258 260 261 262 265 268 269 270 274 275 278 279 281 283 284 285 286 287 288 290 291 293 294 295 297 298 299 305
21 252 255 256 258 262 263 264 269 271 272 274 280 281 284 289 292 293 294 300 302 305
38 254 256 257 258 259 260 262 263 265 267 268 270 271 272 276 277 278 279 280 282 285 286 287 288 289 291 292 295 296 297 298 299 300 301 302 303 304 305
29 251 253 255 256 257 260 261 262 263 264 266 267 276 278 280 282 283 284 285 288 289 291 293 295 296 301 302 304 305
19 255 257 258 261 262 265 268 271 279 283 287 290 292 293 295 299 301 303 304
22 251 253 255 256 259 261 262 267 269 272 276 279 280 282 286 287 290 298 299 300 301 303
33 251 253 255 256 257 259 262 263 265 266 267 270 271 273 277 279 281 282 285 286 287 288 290 291 292 293 294 295 296 298 300 303 304
29 251 254 259 261 262 263 264 265 266 269 270 271 273 274 277 278 281 282 283 284 285 287 289 292 293 296 299 303 305
21 251 252 254 255 258 260 262 263 276 279 281 283 286 288 289 292 293 296 298 304 305
24 251 252 255 256 263 264 271 272 273 274 277 278 280 281 282 286 287 288 291 292 294 295 296 297
28 251 253 258 261 263 264 265 266 267 268 272 274 275 281 283 286 287 288 289 290 294 295 297 298 300 301 302 305
27 253 254 255 256 258 260 261 263 267 269 271 275 276 277 279 281 282 284 285 288 292 294 296 298 300 302 305
28 252 255 256 257 259 262 263 264 265 267 268 272 274 276 278 282 283 284 286 289 290 291 296 298 299 300 302 305
32 252 254 258 259 261 262 263 264 265 268 269 270 271 272 279 281 283 287 288 290 291 292 293 294 295 297 299 300 301 303 304 305
27 253 254 256 258 259 265 266 267 269 270 278 279 280 282 285 287 289 290 291 293 294 295 297 299 300 303 305
37 252 254 255 256 257 258 259 262 263 265 266 267 268 269 270 271 272 274 276 277 280 281 283 284 285 287 289 290 292 294 295 296 297 298 300 304 305
24 252 253 254 255 259 263 265 266 267 269 270 272 276 277 278 283 284 292 294 295 296 298 304 305
19 251 252 254 263 264 270 272 273 283 284 288 289 290 292 294 298 299 300 302
20 251 252 253 264 266 268 271 275 276 278 279 283 284 288 290 291 293 295 301 303
17 255 259 260 263 264 265 269 271 274 276 277 278 279 293 295 301 303
29 252 256 257 259 260 261 263 265 266 267 269 270 274 277 278 279 280 281 285 286 288 289 290 294 297 299 301 302 304
27 251 253 254 255 257 260 262 263 267 271 272 274 276 278 279 280 281 282 283 285 289 291 293 295 299 302 304
31 251 252 253 254 257 260 261 263 264 265 266 268 271 272 273 276 277 278 279 280 282 283 286 288 294 295 296 298 299 300 303
22 251 254 255 256 258 263 265 269 272 274 277 280 281 283 286 288 290 292 293 294 300 305
30 251 253 254 255 258 262 264 267 269 270 274 275 277 279 280 281 283 284 285 289 291 293 294 295 297 298 299 301 302 303
32 252 253 256 257 259 260 261 262 265 266 268 269 270 271 274 276 277 278 280 281 282 283 286 287 291 294 297 300 301 302 303 304
27 251 254 259 260 261 262 263 266 268 269 272 273 276 279 280 281 282 283 284 289 290 291 292 294 297 300 301
33 251 252 253 256 259 260 262 265 267 269 272 274 275 276 277 279 280 282 283 285 286 287 288 292 294 295 297 298 299 300 301 302 305
33 251 252 253 254 255 256 259 262 264 265 268 269 270 271 273 274 276 277 278 279 280 283 284 286 291 292 293 294 296 298 301 303 304
37 251 252 254 255 256 257 258 260 262 263 265 267 268 269 271 272 274 275 276 277 281 283 286 287 288 289 290 291 292 294 297 298 299 300 301 302 305
35 251 253 254 255 256 257 258 259 260 261 262 263 265 267 268 269 270 271 273 274 276 280 283 285 286 289 291 292 294 296 297 298 300 303 305
17 253 261 262 268 271 272 276 282 285 288 289 290 291 297 298 300 302
34 251 252 254 255 256 258 259 260 263 264 266 268 269 273 274 275 280 281 282 283 284 285 286 287 288 289 292 293 294 296 297 298 300 304
30 253 254 256 257 258 260 261 262 263 266 267 270 271 273 274 275 276 277 286 287 289 292 293 294 296 299 300 301 303 304
22 251 252 254 257 259 260 263 265 267 269 272 275 277 284 288 290 293 295 298 300 303 304
17 256 257 259 263 266 273 276 280 282 285 289 293 294 295 300 301 304
34 251 252 253 254 255 256 257 260 261 266 272 273 274 276 277 278 279 281 285 286 287 288 289 290 292 294 295 297 298 299 300 302 303 304
29 253 257 258 260 262 263 264 265 268 269 270 271 272 275 276 277 278 279 281 283 284 286 288 292 293 295 299 302 305
20 251 252 256 259 260 261 264 268 273 274 275 281 284 286 288 291 293 295 297 305
37 255 256 258 259 260 261 262 263 264 265 266 267 268 270 272 274 277 278 280 281 282 284 285 287 288 289 290 291 292 293 295 297 298 301 302 303 304
30 251 252 253 256 258 262 264 266 267 268 269 270 271 272 274 276 279 281 284 285 287 289 290 294 295 296 297 299 303 304
23 252 254 256 257 258 266 269 271 274 277 280 281 282 283 284 289 290 291 294 295 296 299 300
24 251 255 257 258 260 261 262 263 265 270 274 275 276 277 278 283 285 288 289 292 293 296 298 299
37 251 252 253 254 255 256 257 258 260 261 262 263 264 265 266 267 270 273 274 275 277 279 281 284 285 286 287 289 290 291 294 295 297 298 302 304 305
34 255 256 257 259 260 261 263 264 265 266 268 270 272 273 275 276 277 278 282 283 284 285 287 288 290 291 292 293 294 296 297 298 299 302
26 253 259 262 264 267 269 270 271 272 276 278 280 281 284 285 286 287 292 293 294 297 298 301 302 303 305
23 251 254 255 258 259 260 261 265 270 274 276 282 284 285 286 287 288 290 291 294 296 301 302
29 251 252 255 261 262 263 265 266 267 268 269 272 273 274 275 276 281 282 283 285 286 287 290 293 294 295 297 301 304
30 253 254 255 257 260 262 263 266 268 270 271 274 275 276 277 279 281 282 285 287 288 289 293 294 295 296 297 300 302 305
22 251 254 258 265 266 269 272 274 275 276 277 278 280 282 284 288 290 295 296 298 301 303
34 252 253 254 256 259 262 263 264 265 267 269 271 272 273 274 275 278 279 280 282 283 284 286 287 288 289 290 291 294 295 296 302 303 305
25 251 254 255 256 257 261 263 267 268 269 270 277 280 281 284 286 287 288 292 297 298 299 300 302 304
30 251 253 254 256 257 258 259 261 262 265 266 267 270 274 275 276 277 278 281 282 285 286 288 290 291 292 294 297 301 303
25 251 252 254 255 258 263 265 266 271 274 275 279 280 282 285 287 293 294 295 298 299 301 303 304 305
30 251 254 255 256 258 261 262 263 264 266 268 270 271 272 274 275 277 278 281 283 284 287 291 293 294 295 296 298 302 303
17 251 258 261 264 266 270 275 276 278 286 288 293 296 298 299 302 303
34 251 252 256 259 261 264 265 267 268 269 275 276 278 279 280 281 283 284 285 286 287 288 289 290 291 292 294 295 299 300 301 303 304 305
38 251 252 253 255 256 257 258 259 261 263 264 266 267 269 271 273 274 275 276 277 278 281 284 285 286 287 288 290 291 292 293 295 296 297 299 302 303 304
23 251 252 253 255 256 259 261 263 267 271 274 278 279 287 289 291 292 293 297 299 300 302 303
26 251 253 255 257 261 264 266 267 270 274 275 278 280 282 283 287 288 290 291 292 296 298 299 301 302 304
27 252 254 256 260 261 262 263 264 266 267 268 269 275 277 278 279 280 281 284 285 286 290 291 293 295 297 304
26 252 255 256 258 259 261 263 266 267 268 274 277 279 282 286 287 288 289 290 291 293 295 296 299 301 305
29 252 257 259 261 262 263 264 265 266 267 270 271 272 273 278 283 284 286 287 290 291 293 294 295 296 297 299 300 302
34 253 254 258 261 262 264 265 267 270 271 273 274 278 279 280 282 283 284 285 286 287 288 289 290 291 292 294 295 296 298 300 301 302 303
31 251 253 255 256 258 259 261 262 264 266 267 268 269 271 273 274 275 277 278 281 282 284 286 291 296 298 299 300 301 302 304
17 256 257 259 262 266 267 269 271 275 277 280 281 285 288 295 299 300
23 251 252 255 257 260 263 264 268 270 273 279 280 281 282 283 289 290 291 293 295 300 303 304
20 252 258 261 263 267 268 269 271 274 276 278 279 281 283 287 292 297 298 304 305
33 251 255 256 258 263 264 265 266 267 268 269 270 272 273 279 281 282 283 285 286 288 290 291 292 293 295 297 298 299 300 301 302 304
35 251 254 255 257 258 260 262 264 266 267 270 271 273 274 276 278 279 280 281 283 284 285 288 289 290 291 292 293 294 295 297 299 302 303 304
22 255 258 259 260 262 266 271 273 277 281 282 284 288 289 292 293 294 296 298 301 302 305
28 254 257 258 259 260 261 262 263 264 265 266 271 272 277 278 280 283 285 286 287 288 291 293 295 298 299 301 303
37 252 257 258 260 261 262 264 265 266 267 269 270 271 272 273 275 276 277 279 282 284 286 287 288 289 290 291 292 293 295 297 298 299 302 303 304 305
35 253 254 256 257 258 263 264 265 266 267 268 269 270 272 275 276 278 281 283 284 285 287 289 292 294 296 297 298 299 300 301 302 303 304 305
18 252 253 254 257 259 260 264 272 273 279 280 283 286 287 288 289 294 300
36 251 253 254 255 256 259 262 263 264 265 266 267 268 269 270 273 277 279 280 283 284 285 287 288 290 291 293 294 295 296 297 298 300 302 303 305
28 251 261 262 263 266 268 271 272 273 274 275 276 278 279 280 285 286 287 288 289 290 293 295 296 299 300 304 305
23 255 257 258 266 269 271 275 277 279 280 282 283 285 287 288 290 291 294 295 296 298 301 302
25 255 258 259 262 263 264 265 268 269 272 273 274 276 280 282 283 289 291 294 296 299 300 301 303 304
28 251 252 253 254 255 260 262 265 269 270 271 278 279 282 283 284 285 291 292 293 294 296 297 298 299 300 301 304
24 252 253 256 257 261 262 264 267 268 271 276 278 280 281 283 285 287 291 295 296 299 300 301 305
27 251 252 256 258 260 262 263 264 266 267 273 274 275 279 282 284 285 286 287 288 290 291 292 293 294 295 296
34 251 254 255 256 259 260 263 264 265 267 268 269 271 273 276 279 280 281 282 283 285 290 291 292 293 294 295 296 297 298 299 300 302 305
38 251 252 253 254 255 256 257 258 259 260 261 262 265 268 269 270 272 274 275 276 278 279 282 283 285 286 288 289 290 291 292 293 294 297 298 299 302 305
18 255 257 259 262 271 281 282 283 286 291 294 296 300 301 302 303 304 305
28 251 253 254 256 257 258 261 264 265 266 267 269 270 276 282 283 288 292 294 296 297 298 299 300 301 302 303 304
16 258 260 264 267 273 275 280 281 282 283 284 285 293 295 301 305
38 251 252 255 256 257 258 259 264 265 266 267 268 269 270 273 275 276 277 278 279 280 281 282 283 284 285 288 289 290 293 294 295 296 297 298 301 302 303
26 251 254 255 256 259 263 264 265 266 267 269 270 271 272 274 276 277 278 281 286 287 292 294 295 300 301
38 251 252 253 256 257 259 260 262 265 266 269 270 271 273 276 278 279 281 282 284 285 286 288 289 290 291 292 293 295 296 297 298 300 301 302 303 304 305
31 251 252 254 256 257 259 260 261 263 265 268 272 273 274 275 277 278 281 283 284 287 288 291 292 294 296 299 300 303 304 305
25 251 252 254 255 256 259 260 261 263 265 266 268 270 271 273 275 277 278 279 282 286 290 291 299 300
22 252 253 255 257 258 264 265 268 271 277 278 280 281 282 287 289 291 292 296 297 302 303
35 253 255 256 257 258 260 262 265 267 268 270 273 274 275 276 277 278 279 281 282 283 284 286 290 292 293 294 295 296 297 299 300 302 304 305
30 251 253 254 255 256 258 262 263 264 266 267 272 276 279 280 281 282 284 286 287 289 291 293 294 295 296 299 300 304 305
28 251 252 253 256 261 263 266 267 268 269 270 271 274 275 276 277 278 281 285 286 287 290 291 296 297 299 300 304
29 251 252 253 255 256 257 260 262 263 264 266 267 271 272 273 276 279 281 282 283 284 286 296 297 298 300 302 303 305
17 254 257 258 260 267 268 276 281 282 284 289 291 292 296 299 302 304
21 251 253 256 258 262 265 270 271 274 277 279 281 284 285 287 288 289 290 295 296 302
24 251 255 256 257 258 262 263 264 268 269 274 275 278 279 282 283 285 289 290 292 296 298 299 303
33 251 254 255 256 257 258 259 260 261 262 264 265 268 269 270 275 276 277 279 281 283 284 286 291 292 294 295 296 299 300 301 303 305
19 252 255 262 267 271 273 274 276 279 281 282 286 291 292 295 296 298 302 303
26 251 252 254 257 258 259 260 262 263 265 267 269 270 275 278 281 282 285 287 289 294 298 299 302 304 305
35 253 254 256 257 258 260 261 262 264 265 266 267 269 270 271 275 277 280 281 282 285 287 288 290 294 295 296 297 298 299 300 301 302 303 305
23 251 255 259 260 261 265 269 272 278 281 282 286 287 288 289 291 294 296 299 301 302 303 305
36 252 255 256 257 258 260 261 263 264 266 267 269 270 272 273 274 275 277 278 279 280 283 284 285 289 291 293 294 295 296 297 298 301 302 303 305
36 254 255 256 257 259 260 262 263 264 265 267 270 271 272 274 275 276 277 279 281 283 285 287 288 290 291 293 294 295 297 298 299 301 302 304 305
35 253 254 255 256 257 259 260 261 263 264 265 266 267 270 272 273 275 276 280 281 283 284 285 287 289 290 291 294 296 299 300 301 302 303 305
37 251 252 253 255 256 257 258 259 260 261 263 264 265 268 270 272 273 275 276 280 283 285 287 288 291 293 294 295 296 297 298 299 300 301 302 303 305
24 252 257 258 261 263 264 268 270 271 272 275 278 279 281 285 287 288 289 292 293 300 301 303 304
32 251 252 254 255 256 258 259 260 264 266 267 270 271 273 274 275 276 277 279 280 282 283 285 287 288 290 294 297 298 299 303 304
34 252 253 254 255 256 259 260 261 262 263 265 267 268 269 272 273 274 275 276 277 278 281 282 283 284 288 290 292 295 298 301 302 303 304
35 252 255 256 260 261 262 265 266 267 268 270 271 272 273 274 276 277 279 280 281 282 283 284 286 289 290 291 292 294 296 298 299 301 304 305
20 253 256 259 262 263 265 268 270 271 272 273 283 284 285 286 295 296 301 303 305
20 252 254 255 256 260 263 267 269 270 271 272 273 278 280 283 284 290 291 292 302
30 253 254 255 256 258 259 261 263 268 269 270 271 273 274 275 276 281 286 288 289 292 293 295 296 297 298 299 302 304 305
17 251 253 258 263 266 268 270 271 272 273 276 284 287 296 298 303 305
18 251 252 255 262 266 269 270 271 274 275 277 284 286 290 295 296 300 303
32 252 253 254 257 258 259 260 264 265 266 267 269 271 272 273 274 276 279 281 283 284 285 286 287 290 291 292 294 296 298 299 305
31 251 252 253 254 256 263 264 266 269 270 271 273 274 276 277 280 283 285 286 287 288 290 291 292 293 294 297 300 301 302 304
35 254 256 257 259 260 261 262 263 264 265 266 267 268 269 274 275 279 281 282 283 284 287 288 289 290 291 292 294 295 299 300 301 302 304 305
26 253 256 257 259 260 267 271 272 273 274 276 279 280 286 287 288 290 291 294 295 296 298 299 301 302 304
35 252 253 254 259 260 261 263 265 266 267 270 271 272 273 274 276 277 278 280 281 282 284 285 286 287 288 290 293 294 295 296 298 301 304 305
35 252 255 257 258 259 260 261 262 263 264 267 268 270 272 273 274 275 276 277 278 284 285 288 290 291 292 293 294 297 298 299 301 302 304 305
30 251 252 253 256 258 259 260 262 263 264 265 266 270 272 273 275 277 278 280 282 283 284 285 287 289 291 292 299 302 304
38 252 253 254 256 258 261 263 264 265 266 267 268 269 271 272 274 275 276 278 279 280 284 286 288 289 290 291 292 294 295 297 298 299 300 302 303 304 305
27 254 257 258 259 260 261 262 268 270 271 274 276 277 278 280 284 286 287 288 289 290 293 296 297 299 301 303
23 251 252 253 254 255 257 259 260 261 262 265 269 270 274 278 280 285 287 291 293 294 300 302
29 255 256 258 259 260 263 264 266 267 268 270 272 273 275 278 279 280 283 284 286 287 290 292 294 297 298 299 301 303
16 255 256 263 279 284 285 287 289 291 292 293 296 298 303 304 305
16 251 256 260 261 262 265 273 282 283 293 294 295 299 301 303 305
21 251 254 256 257 258 265 268 272 275 276 278 287 288 289 291 293 295 298 299 300 301
27 252 253 254 257 259 260 263 266 267 268 269 271 272 275 276 280 282 287 289 290 296 298 299 301 302 304 305
24 254 256 258 259 260 265 268 269 273 275 278 279 280 284 285 287 288 294 296 298 299 303 304 305
37 252 253 254 255 259 260 262 263 267 268 269 270 271 272 273 274 275 276 278 280 281 282 283 284 287 288 291 292 293 294 295 299 301 302 303 304 305
33 251 252 253 254 255 257 258 260 261 262 263 265 266 269 270 271 272 274 278 279 281 282 284 286 289 290 291 292 294 297 302 303 305
38 251 253 257 259 260 261 262 263 264 266 267 268 269 272 274 276 277 278 280 282 283 284 286 287 288 289 290 292 294 295 296 297 298 301 302 303 304 305
31 254 257 258 261 265 266 267 270 271 272 275 276 277 279 280 281 283 285 287 288 289 290 292 294 295 298 299 300 303 304 305
18 251 255 256 257 261 265 268 272 274 277 280 285 291 292 294 296 299 300
36 251 252 253 254 257 258 259 260 261 262 263 264 265 267 268 269 272 273 275 278 280 282 284 286 287 288 289 291 293 294 297 298 299 301 302 304
30 251 252 257 258 259 261 264 268 269 270 273 277 279 280 281 282 284 287 289 290 291 292 293 295 297 299 300 301 304 305
19 254 255 261 265 266 272 273 274 276 282 283 285 288 289 290 293 295 303 304
17 251 253 256 257 258 261 269 270 271 274 275 280 281 287 292 298 300
23 253 256 257 258 262 264 267 268 269 271 272 273 274 276 278 281 286 287 289 297 298 302 304
23 252 253 256 259 262 264 268 269 270 272 275 277 279 280 282 283 284 286 288 292 293 299 304
16 251 254 258 260 261 264 270 275 276 279 282 283 284 286 287 294
32 253 256 260 263 264 265 266 267 268 272 273 274 275 276 277 278 279 281 282 283 285 290 291 292 294 298 300 301 302 303 304 305
37 251 253 254 255 256 257 258 259 260 262 263 267 268 270 272 273 274 275 276 277 279 280 281 282 283 284 285 286 293 294 295 297 299 300 301 302 305
35 251 252 253 254 255 257 258 259 260 261 262 263 264 266 267 269 270 273 277 278 281 282 284 285 286 287 288 289 290 291 294 295 298 299 302
27 251 253 259 260 261 262 265 269 273 276 278 279 280 281 283 285 286 290 291 292 293 298 299 301 302 304 305
38 251 252 253 254 255 256 258 259 260 261 262 264 266 267 269 270 275 276 277 278 279 282 283 285 287 288 289 290 291 292 293 295 296 297 300 301 302 305
24 251 259 265 268 269 270 271 274 280 281 282 283 284 290 292 293 294 295 297 298 299 301 302 303
21 251 252 254 258 259 262 268 270 272 274 275 276 284 286 290 291 292 297 298 301 302
17 253 257 266 268 269 272 274 277 281 282 285 290 291 293 294 300 305
18 254 258 261 265 267 276 277 281 284 288 289 295 297 300 301 302 303 305
19 251 252 255 256 259 260 263 264 276 277 279 284 285 286 290 294 296 300 302
29 251 252 254 255 256 258 259 262 263 264 266 268 274 277 284 286 287 288 290 292 293 295 296 297 298 300 301 302 304
16 252 259 263 266 267 270 281 283 285 290 292 294 295 298 301 305
30 251 252 253 254 256 258 260 261 262 269 270 273 274 276 278 282 283 286 287 288 292 293 294 296 298 299 301 302 303 304
24 252 257 258 259 261 262 263 266 269 272 274 275 278 282 283 285 286 287 291 295 296 297 300 305
27 251 253 255 258 259 260 261 269 270 271 273 277 279 280 282 283 284 285 287 289 291 292 298 299 300 302 303
28 252 253 255 256 258 260 263 264 266 268 271 272 274 276 278 281 282 283 285 290 292 293 295 296 297 300 302 305
28 251 253 254 256 258 264 265 266 269 272 273 274 279 280 282 284 285 288 292 294 295 297 299 301 302 303 304 305
32 251 252 253 256 257 258 259 260 261 263 264 266 268 269 272 273 274 275 277 278 280 283 287 288 290 291 293 295 296 300 301 305
23 252 254 258 261 262 269 270 271 276 277 280 283 285 287 292 294 295 296 298 299 300 301 303
36 254 255 257 258 259 261 264 265 266 267 268 269 272 273 274 275 276 277 278 279 280 281 282 283 288 290 291 292 296 298 299 300 301 303 304 305
36 251 252 253 254 255 258 260 261 262 264 265 267 268 269 270 271 272 273 275 278 280 282 283 286 287 288 289 290 291 292 293 297 298 300 303 305
25 253 256 257 260 261 262 263 269 270 271 272 274 275 276 277 278 279 283 285 286 288 290 291 296 302
31 252 254 257 258 260 261 262 264 265 266 268 269 270 271 272 273 274 276 277 280 282 284 286 288 290 292 293 294 297 298 301
20 253 254 256 257 260 262 265 267 272 274 275 280 281 283 284 285 299 303 304 305
19 251 253 254 255 257 262 266 269 271 275 282 286 288 289 290 294 295 302 305
28 252 255 257 258 259 260 261 262 264 267 269 271 272 273 274 278 284 287 288 289 291 292 296 297 301 302 303 304
30 251 253 255 256 259 260 268 269 270 271 272 273 278 279 280 281 283 284 287 290 292 294 295 296 297 298 299 300 303 304
36 251 252 253 254 255 256 257 258 262 263 264 266 270 272 274 275 276 278 282 284 285 287 289 290 291 292 294 296 297 298 299 300 302 303 304 305
22 251 252 253 254 256 263 264 265 268 269 271 272 274 275 280 285 286 292 294 297 301 304
21 256 258 259 260 261 264 269 270 273 276 277 281 283 285 287 293 294 295 297 300 301
22 251 253 254 257 259 260 263 265 269 272 273 274 275 277 282 289 290 295 297 298 299 301
28 256 259 260 261 262 263 266 267 270 272 274 275 277 280 281 283 284 287 289 292 293 294 295 297 299 302 304 305
22 251 253 262 264 266 268 270 272 275 276 277 279 285 286 288 290 291 292 293 294 295 304
34 253 255 256 257 258 259 260 263 264 265 267 268 269 271 273 274 276 279 284 287 288 289 291 292 293 294 296 297 298 301 302 303 304 305
21 254 255 256 258 259 263 264 269 271 272 278 279 280 285 289 292 294 296 297 298 301
28 252 254 256 258 260 263 265 266 267 270 276 278 279 280 281 282 283 285 287 289 292 294 296 297 298 299 302 305
21 251 255 256 260 261 262 263 271 272 279 280 281 282 283 288 289 290 293 296 300 305
36 251 254 255 256 257 258 259 260 261 262 263 264 268 270 272 273 274 277 279 280 281 282 283 286 287 288 290 291 295 296 297 299 301 303 304 305
30 251 252 253 255 256 257 258 260 262 264 265 267 268 269 270 272 274 277 282 283 286 287 290 292 293 295 300 302 303 304
23 251 252 256 259 261 263 267 270 272 273 274 276 280 285 286 287 288 289 297 298 301 302 303
31 251 252 255 256 257 258 259 264 265 267 268 269 271 272 274 276 282 284 285 288 291 292 293 294 296 297 298 299 302 303 304
24 253 254 255 256 259 262 266 269 276 277 278 279 282 285 288 289 291 296 297 298 300 301 302 303
35 251 254 256 259 260 261 262 264 265 266 268 269 270 271 273 274 275 277 278 280 281 282 283 284 285 287 289 290 293 295 298 299 302 303 305
24 251 253 254 257 259 261 263 265 267 270 271 273 276 279 283 284 285 286 287 293 298 299 302 304
20 251 255 256 263 267 268 269 271 272 273 278 282 285 286 289 298 299 300 303 305
20 254 255 262 265 269 270 273 274 275 277 279 280 282 283 285 289 293 294 296 298
34 252 253 258 259 261 262 263 266 268 271 272 273 274 275 276 277 278 279 282 284 285 287 289 293 295 296 297 298 299 300 301 302 303 305
34 251 252 253 255 258 260 263 265 266 268 269 270 272 274 275 280 282 283 284 285 286 287 288 291 292 293 294 296 297 300 301 302 303 304
25 254 255 260 261 262 268 269 270 271 272 274 275 276 279 282 285 287 289 290 291 295 299 300 302 303
21 251 253 254 259 265 267 269 270 275 279 281 282 284 285 286 287 288 299 301 302 303
30 252 255 256 258 259 260 261 263 264 265 266 271 273 274 275 276 280 283 286 287 288 289 290 291 293 295 297 298 302 303
28 251 257 259 264 265 266 268 269 270 273 275 281 282 285 286 289 290 291 292 293 294 295 297 299 300 302 303 304
26 251 253 254 255 256 257 258 259 267 268 273 276 281 282 284 285 289 293 294 295 298 299 302 303 304 305
25 251 253 256 257 258 259 261 264 267 270 271 276 277 278 279 280 283 284 288 290 291 293 299 300 305
36 251 252 254 255 256 257 258 259 261 262 264 267 268 270 271 272 276 278 279 281 282 283 284 285 286 288 290 292 294 297 298 301 302 303 304 305
24 252 254 256 257 259 264 269 271 274 275 278 279 284 287 291 293 294 296 297 298 299 301 303 305
18 254 255 261 264 267 268 269 271 279 281 287 293 296 298 300 301 303 305
27 251 252 254 255 256 260 262 263 265 266 269 271 273 277 278 280 281 283 286 287 288 291 295 297 299 300 304
27 254 260 261 263 267 268 269 271 272 273 274 276 278 282 283 285 288 289 290 291 292 293 297 298 300 301 305
27 251 252 255 256 257 259 262 265 267 272 276 278 279 280 282 284 288 289 293 294 296 297 300 302 303 304 305
24 252 254 255 256 258 259 260 262 265 268 269 273 276 280 281 284 285 286 288 295 300 301 303 304
38 253 257 259 261 262 264 265 266 268 269 270 271 272 273 274 275 276 277 278 279 280 281 282 283 284 285 287 289 290 292 293 296 298 299 301 303 304 305
30 251 252 255 258 259 261 263 264 266 267 269 270 272 274 275 276 277 281 283 286 287 289 290 294 297 298 300 303 304 305
29 253 254 256 257 258 259 262 266 269 271 273 276 277 278 280 283 284 285 289 292 295 296 297 298 299 301 302 303 305
31 252 255 257 259 260 262 263 265 266 270 271 272 277 278 279 280 281 284 285 286 289 290 292 294 296 298 299 301 303 304 305
38 251 253 254 255 257 259 260 262 263 265 268 269 270 273 274 275 276 277 278 279 280 281 284 285 287 288 290 292 294 296 297 298 299 301 302 303 304 305
27 251 252 253 254 256 257 262 264 266 268 269 271 273 275 276 278 280 282 283 284 286 287 288 289 295 298 299
31 252 253 255 256 257 260 263 265 267 269 273 277 278 282 283 284 286 287 288 289 290 292 294 295 296 297 298 299 300 303 304
31 253 254 255 256 257 260 261 262 263 264 269 270 271 272 273 275 277 278 279 280 281 284 286 290 291 293 296 297 298 303 304
27 252 253 255 256 262 264 265 266 269 270 272 273 274 276 279 281 284 286 289 293 294 295 296 297 298 301 304
18 253 257 258 259 262 266 268 270 274 280 286 287 289 291 293 295 296 297
27 253 256 258 259 260 261 262 265 267 273 274 276 277 280 281 283 284 286 287 291 293 295 296 300 302 303 304
29 252 253 255 256 257 258 262 263 264 265 267 268 269 271 273 274 276 277 283 284 287 290 293 295 296 300 303 304 305
33 251 252 253 254 255 256 257 258 259 260 261 263 268 269 270 272 274 277 279 283 284 286 288 289 290 294 296 297 298 299 300 302 305
18 252 254 256 259 260 262 270 272 273 277 281 286 292 293 294 297 301 302
22 252 254 259 260 261 263 266 271 273 277 279 281 283 284 285 287 291 296 297 302 303 305
30 251 252 253 254 255 256 257 261 263 265 269 272 274 277 279 280 282 283 284 286 287 289 292 295 300 301 302 303 304 305
30 251 252 253 255 256 257 258 259 260 261 262 264 268 271 274 275 276 278 279 283 285 287 289 290 291 292 293 295 301 302
18 252 258 261 262 263 267 268 269 270 276 277 279 281 287 291 293 296 305
19 251 253 258 259 263 267 268 271 272 273 275 279 284 285 287 288 291 302 304
19 306 307 308 310 312 313 315 316 317 318 322 323 327 329 330 333 334 335 336
13 309 312 315 317 323 327 328 329 332 333 336 337 339
12 306 311 313 314 317 320 322 323 327 330 332 338
9 307 313 315 321 324 325 330 331 345
15 309 311 313 315 320 322 326 327 330 332 334 338 341 343 344
25 306 308 309 310 311 312 315 317 318 319 325 326 327 330 331 332 333 336 338 339 340 341 342 343 344
11 310 318 320 321 324 325 326 332 333 337 344
13 306 308 311 314 318 319 320 328 333 335 336 338 342
13 306 307 313 320 323 325 326 330 337 338 339 342 344
11 314 315 318 322 327 333 337 338 339 341 342
12 312 314 315 318 320 323 324 325 326 339 342 343
4 312 316 334 343
13 307 308 310 311 312 314 318 319 325 332 333 339 340
6 308 322 329 335 338 343
7 309 316 321 322 323 328 329
17 307 309 310 312 314 315 316 318 319 320 323 325 334 340 341 344 345
12 310 311 318 329 331 332 333 334 336 337 342 345
17 309 310 312 314 315 320 321 322 325 329 330 331 332 335 336 339 345
14 308 309 310 314 316 319 323 326 327 333 338 339 343 344
5 307 308 311 328 343
10 306 318 319 323 324 326 327 337 338 341
10 306 307 309 312 313 320 321 331 335 340
14 306 308 311 314 315 317 323 325 326 328 332 334 335 341
8 313 316 317 333 334 340 342 344
13 308 311 315 318 321 322 326 328 329 332 338 339 342
15 308 310 311 316 317 319 323 324 325 329 332 334 336 343 345
5 307 312 323 329 338
16 308 311 313 318 320 323 324 326 327 328 329 333 336 339 341 344
4 326 328 330 344
10 306 307 312 313 315 316 317 319 326 330
14 306 307 312 315 317 325 330 334 335 338 340 342 343 345
6 312 313 328 329 330 336
17 309 311 312 317 318 319 321 324 327 328 329 331 333 335 340 341 345
9 307 309 314 319 321 324 325 327 339
29 306 307 308 310 311 312 313 314 315 317 318 320 322 323 327 328 329 330 331 332 333 336 337 339 340 341 342 343 344
11 309 316 319 321 324 325 326 334 335 338 345
17 306 311 313 317 321 324 326 327 328 330 331 332 333 336 337 339 342
9 310 312 319 320 330 339 340 343 345
21 309 311 314 319 320 321 324 325 326 328 331 332 337 338 339 340 341 342 343 344 345
27 306 307 308 310 311 313 314 316 318 319 320 321 322 324 325 326 330 331 334 335 338 340 341 342 343 344 345
17 307 309 313 316 318 321 322 324 327 329 331 333 336 337 338 342 344
4 311 315 322 345
17 306 307 309 314 315 317 318 320 321 324 326 327 328 331 336 338 345
16 306 307 309 311 312 314 317 322 323 327 328 330 331 338 339 343
10 308 313 322 323 325 329 333 341 342 343
20 309 312 315 318 319 321 325 326 328 329 331 333 334 335 336 337 339 341 342 343
27 306 308 309 310 311 314 315 316 318 319 321 322 324 326 327 330 331 333 334 336 339 340 341 342 343 344 345
13 306 310 311 328 330 332 333 334 335 336 337 340 345
25 306 307 308 310 312 314 316 317 318 319 321 323 324 325 328 329 331 333 335 336 337 339 340 342 345
15 307 313 314 316 320 321 322 323 324 328 329 334 335 337 345
7 315 327 334 335 338 342 343
16 306 307 317 318 320 321 324 325 331 332 334 335 337 340 341 342
10 310 311 312 316 319 330 335 337 340 344
12 306 315 318 322 329 331 333 335 338 340 342 344
15 307 308 309 313 316 317 319 321 322 327 329 331 338 341 344
8 313 317 320 325 328 332 335 337
16 309 310 312 314 317 319 322 325 327 328 331 333 336 339 341 345
14 309 310 317 322 323 326 327 329 332 337 339 340 341 344
13 306 313 317 320 324 326 330 331 336 337 341 344 345
19 306 309 311 313 316 319 322 324 325 329 331 332 334 335 340 341 342 343 345
3 332 334 339
18 308 309 310 311 314 318 320 321 322 324 327 328 329 332 335 340 341 342
10 308 310 314 315 316 322 332 334 336 343
11 308 310 313 317 328 330 334 336 337 343 345
13 308 313 315 316 319 329 334 335 336 340 341 342 345
24 306 307 308 311 313 315 316 318 320 321 323 324 326 329 330 332 334 335 337 338 340 342 343 344
12 323 325 331 333 334 336 337 338 339 343 344 345
8 307 308 310 316 324 340 344 345
10 309 310 314 316 319 321 322 331 332 337
21 307 308 310 312 314 315 317 318 320 321 323 326 327 328 330 333 336 337 338 339 344
28 306 307 308 309 312 313 314 315 316 317 319 320 321 322 323 324 325 326 327 328 330 335 338 339 340 341 343 344
27 306 307 309 310 312 313 314 316 317 319 320 323 324 325 327 330 331 333 334 335 336 337 340 341 343 344 345
8 311 312 316 320 323 326 332 341
9 306 307 309 312 314 322 327 331 339
21 306 307 308 310 313 314 318 319 320 322 324 326 330 331 334 335 338 340 341 344 345
13 307 314 316 320 321 323 324 328 329 334 335 337 345
8 306 317 320 322 323 327 330 338
10 311 312 317 322 323 327 330 331 338 339
5 307 324 325 330 345
6 309 316 326 334 338 345
8 310 314 316 319 321 322 332 337
1 339
13 308 309 310 311 314 320 322 327 328 335 340 341 342
23 306 308 309 311 314 315 318 319 321 322 324 326 327 330 333 334 336 340 341 342 343 344 345
2 329 338
4 320 325 328 337
13 306 307 308 312 313 315 316 318 323 327 330 333 335
13 307 308 310 315 317 321 327 328 330 333 337 338 339
8 315 322 331 333 335 340 342 344
8 307 311 312 314 318 332 333 340
12 309 310 317 322 323 327 329 332 337 339 340 344
10 306 307 311 312 314 322 328 330 331 338
10 309 310 312 314 321 322 329 330 331 332
10 309 313 322 326 327 330 332 334 338 343
9 311 315 317 326 328 332 334 335 341
10 307 309 314 316 319 323 325 340 344 345
14 307 309 312 314 315 316 318 319 323 325 340 341 344 345
3 307 308 343
14 307 317 318 320 321 324 325 331 332 334 337 340 341 342
10 308 311 318 321 326 328 329 338 339 342
8 312 314 318 320 326 339 342 343
8 313 315 316 319 329 335 336 341
4 316 333 342 344
12 306 311 314 315 317 323 325 326 328 332 334 335
5 313 320 328 335 337
10 306 312 315 325 330 335 340 342 343 345
3 307 311 343
9 308 310 311 324 332 335 340 341 342
9 309 310 312 315 319 320 323 325 341
15 306 308 310 311 314 316 319 322 331 333 334 339 343 344 345
17 306 308 309 311 312 315 319 325 326 327 333 336 338 339 341 342 344
8 309 310 316 319 321 322 331 337
9 314 315 318 322 327 333 337 338 341
5 319 320 330 340 343
11 306 308 311 314 317 323 325 328 332 335 341
21 306 307 308 310 311 312 314 315 320 322 323 330 331 332 333 336 337 339 340 342 343
6 306 320 336 341 344 345
8 318 319 324 326 327 337 338 341
11 309 311 312 318 321 324 329 333 340 341 345
12 308 310 311 317 324 325 329 332 334 336 343 345
3 326 328 330
9 310 320 321 324 325 326 333 337 344
7 310 319 323 326 327 339 343
8 308 313 315 319 329 336 341 345
10 308 310 316 319 329 332 334 336 343 345
7 312 329 332 333 336 337 339
9 308 311 315 318 322 326 332 339 342
8 308 310 311 316 332 334 336 345
12 308 310 312 314 321 323 324 328 329 333 335 340
18 306 308 310 311 312 318 325 327 330 331 332 336 338 339 341 342 343 344
7 311 332 333 335 336 340 345
9 309 312 317 323 328 332 336 337 339
4 312 328 329 330
6 308 313 322 325 341 343
4 307 312 323 338
8 314 315 318 322 338 339 341 342
7 331 334 337 338 339 343 345
4 309 316 321 329
8 307 313 316 321 324 328 329 337
8 306 308 317 323 325 326 328 334
19 306 311 313 314 318 319 320 321 324 326 330 331 334 335 340 342 343 344 345
10 309 315 321 322 329 330 331 332 335 345
3 307 323 338
22 306 307 309 310 312 313 314 316 317 319 320 323 324 325 330 331 333 334 336 341 343 345
15 307 309 316 318 321 322 324 327 329 331 333 336 338 342 344
8 308 318 321 322 326 328 329 342
19 307 308 312 314 316 317 320 321 323 326 327 328 330 335 338 340 341 343 344
10 308 310 311 314 318 319 325 333 339 340
9 325 331 333 334 337 338 343 344 345
6 317 328 330 337 343 345
15 306 308 310 312 313 316 317 322 323 327 329 330 333 335 336
2 307 329
8 308 314 315 316 322 332 334 343
8 306 317 320 326 331 337 341 344
2 311 322
5 315 327 334 338 343
13 309 315 318 319 328 329 333 334 335 337 339 341 343
5 307 310 324 340 345
13 308 318 320 324 326 327 328 329 333 336 339 341 344
15 307 308 310 312 313 315 316 318 322 323 327 329 333 335 336
9 309 310 314 320 322 332 335 339 345
8 308 310 314 316 323 326 327 338
3 328 330 344
6 315 322 331 333 340 342
10 317 321 326 327 328 332 333 336 337 339
10 312 315 317 323 327 328 329 332 333 336
7 315 318 327 333 338 339 342
6 321 324 326 332 337 344
11 309 310 312 314 317 322 333 336 339 341 345
23 306 307 308 310 311 312 313 314 317 318 320 322 323 327 328 330 332 333 336 339 340 342 344
4 310 324 340 344
22 306 308 310 311 312 315 317 319 326 327 330 331 332 333 336 338 339 340 341 342 343 344
9 306 307 318 324 325 331 332 334 337
3 312 316 343
7 312 313 315 317 319 326 330
6 306 314 317 320 327 330
9 306 311 314 315 317 325 326 328 341
9 314 315 318 322 327 333 337 339 341
3 322 335 343
2 326 330
23 306 307 308 310 311 313 314 316 319 320 321 322 324 325 330 334 335 338 340 341 342 343 344
22 306 307 308 310 311 313 314 318 320 321 322 324 325 326 330 331 334 335 341 342 343 345
19 306 309 310 313 314 316 317 320 323 324 327 330 331 333 335 337 343 344 345
7 307 313 315 321 324 330 331
6 315 327 334 335 338 342
8 310 319 322 325 331 333 339 341
20 308 309 312 313 314 315 317 320 321 323 324 326 327 328 335 338 339 340 343 344
10 306 311 328 330 332 333 335 336 337 340
4 315 335 342 343
5 315 334 338 342 343
6 313 316 333 334 342 344
3 328 329 336
2 334 343
7 306 307 320 325 326 337 344
11 306 313 317 324 326 330 331 336 341 344 345
7 306 307 312 313 320 335 340
10 306 311 328 330 332 333 335 336 340 345
7 317 326 329 339 340 341 344
7 309 310 314 319 322 332 337
11 307 309 310 312 314 315 319 320 325 344 345
14 306 311 317 324 326 327 328 330 332 333 336 337 339 342
6 323 331 336 339 344 345
8 309 310 314 317 327 328 331 345
6 311 331 333 334 336 337
6 308 310 314 315 316 334
7 306 307 315 325 338 342 345
5 306 307 309 312 340
13 306 311 317 321 326 327 328 331 332 336 337 339 342
10 306 308 311 314 315 317 323 325 328 341
5 313 317 328 334 337
20 306 308 309 312 313 314 315 319 321 322 323 324 325 326 330 335 338 341 343 344
8 311 313 317 323 327 330 332 338
11 306 310 311 328 330 333 334 335 336 337 345
9 307 315 320 321 326 328 331 336 338
10 306 313 317 324 326 330 331 337 344 345
9 308 313 316 319 329 334 336 341 342
5 307 310 340 344 345
10 310 311 318 329 331 333 336 337 342 345
7 310 322 326 327 329 332 340
13 308 310 314 318 320 324 328 329 332 335 340 341 342
14 307 312 319 320 323 324 327 331 335 336 340 341 343 345
6 307 309 320 321 331 340
12 309 310 314 316 319 326 327 333 338 339 343 344
14 309 312 314 315 320 321 322 329 330 332 335 336 339 345
9 315 318 320 323 324 325 326 342 343
5 310 316 319 321 331
14 309 311 314 319 320 324 326 328 331 332 338 339 340 341
2 334 339
9 306 309 314 318 321 324 327 328 331
14 306 309 314 315 317 318 320 321 324 326 327 331 336 338
5 313 316 317 334 344
14 310 312 316 317 319 323 329 331 333 335 336 339 342 345
7 323 325 331 338 339 344 345
13 307 309 310 313 314 316 320 327 330 335 337 343 344
11 308 313 315 316 319 329 335 336 341 342 345
6 310 312 330 337 340 344
13 306 313 317 321 324 326 327 328 330 331 333 336 342
2 312 343
4 309 316 322 323
10 307 312 315 317 325 330 334 340 343 345
8 311 316 323 324 329 332 336 345
8 306 312 317 330 335 338 342 345
19 307 309 310 313 317 319 320 323 324 325 327 330 331 333 334 335 340 343 344
6 310 311 329 334 342 345
4 312 316 332 341
4 309 321 328 329
8 308 311 318 326 328 329 332 342
12 307 308 309 316 319 321 322 329 331 338 341 344
4 320 328 335 337
5 307 309 312 313 320
7 312 325 330 338 340 343 345
10 306 307 312 317 325 330 334 335 338 342
11 306 317 320 324 326 330 331 336 337 341 344
14 313 316 318 321 322 324 327 329 331 333 336 338 342 344
20 308 311 314 315 316 318 319 322 324 327 330 331 333 334 336 339 341 342 343 345
4 313 316 342 344
11 311 316 317 319 324 325 329 334 336 343 345
5 307 315 321 330 331
11 307 308 313 316 321 322 327 331 338 341 344
11 307 313 314 322 323 328 329 334 335 337 345
10 306 311 313 317 324 326 328 330 339 342
6 317 328 330 337 343 345
2 334 339
13 306 307 309 312 314 317 322 323 327 331 338 339 343
14 307 313 316 318 321 322 324 329 333 336 337 338 342 344
19 306 307 308 310 312 313 314 317 318 322 328 329 330 331 336 337 340 341 344
3 312 328 330
9 308 313 319 329 334 335 340 341 345
5 309 316 324 325 338
18 307 310 312 314 315 317 320 321 323 326 327 328 330 333 336 337 339 344
11 306 313 316 319 322 325 329 332 341 342 345
6 310 313 317 328 330 337
8 313 321 326 327 328 333 336 342
23 306 308 311 312 313 315 317 320 322 323 327 328 329 331 332 333 336 337 339 340 342 343 344
2 326 328
12 307 314 316 320 321 323 328 329 334 335 337 345
10 308 318 320 323 324 328 333 336 339 344
14 309 313 318 321 322 324 327 329 331 333 336 337 338 344
3 307 312 338
10 313 317 324 326 328 330 333 337 339 342
4 322 329 335 338
2 328 344
11 311 317 321 324 328 331 333 335 340 341 345
3 327 335 338
7 306 307 312 313 321 331 340
18 307 310 313 316 319 320 321 324 326 330 331 334 335 340 341 342 343 344
14 309 314 319 321 324 325 328 331 338 339 341 343 344 345
8 314 315 318 327 333 337 338 339
4 324 325 330 345
11 307 309 313 316 318 321 322 329 333 338 344
10 311 314 315 323 325 326 328 332 334 341
5 311 316 319 335 337
8 306 310 311 328 332 333 336 345
11 309 314 316 319 323 326 327 338 339 343 344
5 308 313 334 337 343
7 306 319 323 326 327 338 341
3 335 338 343
3 326 328 344
5 310 316 324 340 345
18 306 308 310 313 314 316 319 322 325 326 330 331 334 335 340 343 344 345
16 309 311 314 320 321 324 326 331 337 338 339 340 342 343 344 345
21 306 307 308 310 312 314 316 317 318 319 321 323 325 329 331 333 336 337 339 342 345
8 308 313 317 328 330 336 337 343
7 308 314 316 322 332 334 336
6 308 323 329 333 341 342
17 306 307 310 313 314 316 318 322 324 325 331 334 335 338 340 344 345
17 307 310 312 314 315 317 320 321 326 327 330 333 336 337 338 339 344
5 321 324 325 327 339
10 308 310 316 319 326 327 333 338 339 344
3 312 313 336
9 310 318 320 321 325 332 333 337 344
15 306 311 313 315 320 323 324 326 329 330 332 334 337 340 342
8 307 310 311 318 319 333 339 340
14 306 311 313 317 324 327 328 330 331 333 336 337 339 342
26 306 307 308 310 311 312 313 314 315 317 318 320 322 327 328 329 330 331 332 333 337 339 341 342 343 344
12 307 317 321 324 325 331 332 335 337 340 341 342
10 307 312 314 315 319 323 325 341 344 345
8 315 316 334 335 336 341 342 345
6 313 317 320 325 328 337
5 315 317 319 326 330
11 306 307 309 311 314 317 322 323 327 330 343
3 308 322 343
9 306 308 314 319 320 328 335 336 342
17 308 310 311 312 315 317 325 327 330 331 332 336 339 340 341 343 344
11 309 310 312 315 320 323 325 334 340 341 345
9 308 311 315 318 322 328 329 338 339
12 309 311 313 316 324 329 332 334 335 340 342 343
12 309 319 321 324 325 326 332 337 338 340 341 343
15 308 310 311 314 318 320 321 322 324 327 329 332 335 341 342
14 308 313 320 323 324 326 327 328 329 333 336 339 341 344
10 306 307 317 324 325 332 335 337 340 341
3 308 322 338
9 307 318 319 320 323 334 341 344 345
18 307 308 310 311 314 316 318 324 325 326 331 334 340 341 342 343 344 345
10 311 317 319 323 325 329 332 334 336 343
2 332 334
11 309 314 317 319 325 327 331 333 336 341 345
8 310 311 312 316 319 330 337 344
19 306 308 310 311 313 314 316 318 319 322 324 325 326 330 335 338 342 344 345
2 334 343
3 315 334 338
11 309 311 312 314 317 323 327 328 330 331 339
22 306 307 308 310 311 316 318 319 320 321 322 324 325 326 330 331 334 340 341 343 344 345
4 309 321 324 339
4 327 338 342 343
4 312 313 329 330
2 322 345
6 308 313 322 325 329 341
6 306 318 323 324 327 341
15 311 319 320 321 325 326 328 331 332 337 338 340 342 343 344
9 310 311 318 329 334 336 337 342 345
2 326 328
1 339
8 315 318 322 327 338 339 341 342
15 309 311 312 317 318 321 324 327 328 329 331 333 335 341 345
10 313 317 324 327 328 330 331 333 337 339
15 306 308 316 319 321 322 323 324 325 326 327 328 338 339 340
21 306 307 308 310 312 314 316 317 318 321 324 325 328 329 331 333 335 336 339 340 342
8 323 325 337 338 339 343 344 345
11 306 310 311 328 330 334 335 336 337 340 345
23 306 309 312 313 314 316 317 319 320 323 324 325 327 330 331 333 334 335 336 340 341 343 344
11 307 309 313 316 321 327 331 333 338 342 344
9 307 308 310 314 319 325 332 339 340
9 307 310 311 314 318 319 332 333 339
6 310 311 329 336 342 345
8 307 316 320 321 322 324 337 345
6 311 312 320 323 326 341
12 311 314 320 321 324 325 339 341 342 343 344 345
6 312 315 323 324 325 343
9 313 316 318 321 322 327 331 336 338
7 309 314 319 321 331 332 337
7 309 312 317 323 333 337 339
6 325 333 334 336 337 338
5 306 307 316 317 319
12 306 308 311 315 323 325 326 328 332 334 335 341
11 307 314 316 320 322 323 328 329 334 335 345
2 307 323
14 309 310 312 314 315 320 322 330 331 332 335 336 339 345
5 308 322 329 335 338
13 306 309 314 315 316 318 321 324 336 339 340 344 345
24 306 307 312 313 315 318 320 322 323 327 328 329 330 331 332 333 336 337 339 340 341 342 343 344
3 307 308 311
14 309 310 312 314 315 321 325 329 330 331 332 335 336 345
7 313 316 317 333 334 342 344
6 310 318 325 326 332 344
4 314 324 325 339
11 310 311 316 317 319 324 329 332 336 343 345
8 311 313 324 326 328 333 339 344
11 306 307 320 323 325 326 337 338 339 342 344
14 309 310 312 314 315 320 321 322 325 330 331 335 336 339
11 314 315 318 323 327 328 330 333 336 337 338
2 334 339
19 306 307 308 309 310 312 319 321 322 326 327 332 333 334 335 337 338 341 342
21 306 307 309 310 311 312 313 315 317 319 320 321 324 326 327 329 330 335 336 340 345
13 307 311 314 317 323 328 330 331 332 336 339 342 344
16 307 308 310 312 313 317 318 320 321 326 328 335 341 343 344 345
18 307 310 312 313 317 318 322 325 327 329 330 335 336 339 341 342 343 344
27 306 307 308 310 311 312 313 315 316 317 323 324 325 326 327 328 329 330 334 335 337 338 339 340 341 342 343
21 307 309 310 311 312 314 315 316 318 321 322 323 325 326 332 335 336 337 341 343 344
18 306 308 309 310 312 314 316 317 318 320 323 324 325 327 328 334 338 344
17 308 309 311 313 314 315 317 321 323 324 326 327 328 329 332 342 343
25 308 309 310 312 313 315 318 319 322 324 325 326 328 329 330 332 333 335 338 339 340 341 343 344 345
21 307 310 311 314 316 320 323 324 325 327 328 329 330 334 336 337 338 339 340 344 345
14 309 310 314 315 316 320 321 325 326 329 332 340 341 343
23 306 307 311 313 316 317 319 320 321 323 324 326 327 328 331 332 333 335 336 337 339 343 345
14 307 308 309 311 314 318 319 322 323 324 328 331 338 339
13 307 312 314 315 322 323 328 332 335 339 340 343 345
21 306 307 314 315 320 321 322 323 326 329 330 332 333 334 335 336 340 341 343 344 345
15 306 307 309 312 315 323 325 326 329 330 335 336 338 340 341
20 309 311 312 313 314 315 318 320 322 323 324 326 330 332 333 337 339 341 343 345
12 306 311 314 320 322 324 327 334 339 341 343 344
24 306 309 310 311 313 315 316 319 321 322 323 325 327 329 331 335 336 337 338 340 341 343 344 345
14 307 308 312 313 320 323 324 328 330 335 338 340 344 345
22 306 307 309 310 311 314 315 316 317 319 321 322 324 327 330 332 335 336 337 341 344 345
23 307 311 314 316 317 318 319 321 323 327 328 329 330 331 333 334 336 338 339 340 342 343 344
21 306 311 312 313 314 318 319 322 323 324 325 327 330 332 334 335 336 337 338 343 345
22 306 308 311 312 313 314 319 320 321 322 323 325 326 328 329 330 333 334 335 336 339 340
27 308 309 310 311 314 315 316 317 318 319 320 322 324 325 326 328 330 332 334 335 336 337 338 341 342 343 345
16 307 311 312 313 316 324 325 326 330 332 334 337 338 341 342 345
13 306 309 312 315 317 323 326 328 330 332 336 343 344
21 306 307 309 311 312 314 318 321 323 325 327 329 331 332 333 336 337 340 343 344 345
16 307 308 309 311 312 314 316 317 320 321 324 336 339 340 342 343
24 306 307 308 309 311 312 313 315 318 321 322 324 325 332 333 334 335 336 337 339 340 342 343 344
22 306 307 308 312 313 315 317 318 320 321 322 323 327 328 329 330 332 334 337 340 344 345
23 306 308 309 310 311 312 314 315 316 322 323 326 329 330 331 334 336 337 338 339 343 344 345
26 306 308 309 310 312 313 314 315 316 317 318 320 321 323 324 325 327 328 331 333 334 335 338 341 343 345
13 310 312 314 316 320 321 328 330 332 336 340 341 344
22 307 308 310 313 314 316 317 318 320 322 323 324 325 332 333 335 337 339 340 341 342 344
14 309 311 313 316 317 319 322 325 326 328 331 333 338 343
14 307 310 311 313 314 315 323 324 325 326 336 338 344 345
27 306 307 308 311 312 313 314 315 316 317 318 320 321 322 325 326 328 333 334 335 336 337 339 341 342 343 345
17 310 312 314 315 317 318 323 324 327 328 330 331 333 335 337 340 344
26 308 309 310 311 312 313 314 316 317 318 319 320 322 327 328 329 330 331 337 338 339 340 341 343 344 345
19 306 307 314 319 320 321 322 325 328 330 331 332 333 335 338 339 341 342 344
23 307 308 309 312 313 315 316 319 320 321 323 325 326 330 331 332 335 337 338 339 341 342 343
22 307 310 311 313 315 316 317 319 321 322 323 324 327 331 335 336 337 339 341 342 344 345
18 306 308 309 312 315 317 321 322 323 329 334 335 336 337 338 339 343 345
17 307 309 310 314 315 318 326 327 328 330 331 334 336 337 338 339 344
15 306 313 314 315 318 321 322 323 329 330 331 333 338 342 343
12 307 312 313 314 316 322 324 328 329 339 340 341
27 306 307 308 310 311 312 314 315 316 317 318 319 320 321 322 323 325 326 328 329 330 336 337 338 340 342 343
26 307 308 310 311 313 314 315 316 317 318 320 321 324 326 327 328 330 331 334 336 337 338 339 340 342 345
18 307 309 311 313 314 318 320 322 323 324 327 330 331 332 337 341 344 345
22 307 308 313 314 315 317 318 319 322 323 325 326 327 328 329 330 333 335 338 340 343 345
20 307 309 311 314 315 316 317 320 321 323 325 326 327 328 330 332 334 336 342 344
17 306 307 309 310 312 313 318 321 323 324 325 328 333 335 339 344 345
18 306 307 309 311 318 320 324 325 326 329 334 336 338 339 340 341 344 345
14 307 308 313 314 316 318 319 323 324 327 329 330 331 334
17 309 310 311 312 313 315 317 319 323 324 327 329 334 337 340 343 344
12 307 309 310 312 315 319 322 323 328 338 339 340
15 307 309 312 313 315 318 328 331 333 337 338 340 342 344 345
15 309 311 312 315 321 322 323 324 328 330 337 338 340 344 345
26 306 307 308 310 311 312 313 314 315 316 317 318 320 324 326 328 330 334 336 337 339 340 342 343 344 345
25 308 309 311 312 313 315 316 318 319 321 322 323 324 325 326 327 329 330 333 335 336 338 341 342 345
16 309 314 319 320 322 323 326 327 328 330 331 333 335 337 342 343
27 308 309 311 315 316 317 319 320 321 322 323 324 326 328 329 331 332 333 336 337 338 339 341 342 343 344 345
12 313 314 315 322 323 324 327 332 339 341 342 344
16 306 309 311 317 318 320 327 328 332 335 338 339 340 341 343 345
26 306 307 308 311 313 314 315 316 318 319 320 323 324 325 327 329 330 331 332 335 336 337 342 343 344 345
26 306 307 310 311 312 313 317 318 319 322 323 325 329 331 332 333 334 335 336 337 338 340 341 343 344 345
23 306 307 308 311 312 313 314 315 318 320 323 324 326 327 328 331 333 334 337 338 341 342 344
24 308 309 310 311 312 313 316 317 318 319 322 323 326 327 329 330 331 332 334 335 337 339 340 343
27 306 308 309 313 314 317 318 321 322 323 326 327 328 329 330 331 332 333 334 335 336 337 339 340 342 343 344
15 310 314 315 316 319 320 324 327 329 331 332 333 335 336 343
21 306 310 311 312 313 317 321 323 325 326 328 330 332 336 337 338 339 340 343 344 345
26 306 307 310 311 312 313 314 315 319 320 323 324 325 328 329 330 331 332 333 337 338 339 341 343 344 345
22 306 307 308 309 313 314 315 316 318 319 320 321 326 328 329 330 331 334 337 338 341 343
26 306 307 308 309 312 313 314 315 316 317 319 320 321 322 324 325 330 332 333 335 338 339 340 341 343 344
22 306 309 311 313 315 316 317 320 321 322 323 326 327 328 330 332 334 336 338 339 340 341
27 306 307 308 309 310 311 312 313 314 316 317 318 319 320 323 325 326 327 330 331 333 334 335 336 337 338 344
26 306 308 309 310 312 315 316 317 321 322 324 326 328 329 330 331 332 333 334 336 337 338 339 342 343 345
21 307 309 310 311 313 315 317 321 323 325 326 327 328 329 331 333 334 341 343 344 345
26 307 308 311 312 313 314 315 316 319 322 323 325 326 327 330 331 333 334 336 337 339 340 342 343 344 345
15 308 309 310 311 316 317 319 323 324 325 328 329 336 338 341
20 307 308 310 312 314 315 316 319 323 324 325 327 330 331 334 335 336 340 341 345
20 307 308 309 314 315 317 318 324 325 326 327 329 332 333 335 337 338 340 341 342
25 306 308 309 310 311 312 313 314 315 316 317 320 322 325 327 332 333 334 335 336 338 339 341 342 343
22 306 307 308 309 310 311 313 314 316 318 320 322 325 327 330 331 332 333 335 337 341 345
19 307 309 313 315 317 319 321 322 325 326 329 333 335 337 338 340 341 342 345
24 309 310 312 314 316 317 318 319 320 321 323 324 328 329 331 333 335 336 337 338 340 341 342 343
21 307 308 309 310 315 317 318 320 322 325 329 331 333 334 338 339 341 342 343 344 345
18 308 309 312 315 316 320 321 322 328 329 330 331 332 335 341 342 343 345
22 306 311 314 315 318 319 320 321 322 324 325 328 329 330 332 335 336 337 339 340 342 345
18 309 312 314 315 318 319 324 325 329 330 332 333 335 338 339 341 342 345
20 306 307 308 309 313 314 315 319 322 323 325 327 332 333 334 336 338 341 342 343
21 306 307 308 309 310 313 315 316 317 319 320 321 326 327 329 331 336 339 341 344 345
17 306 309 311 312 316 319 322 323 326 328 332 333 337 340 343 344 345
27 306 307 309 310 311 313 315 316 317 318 319 320 321 322 324 327 329 332 333 336 337 339 341 342 343 344 345
16 306 307 309 310 311 316 320 323 329 330 334 335 340 343 344 345
17 306 309 311 313 314 315 321 323 327 328 329 335 336 337 338 342 343
14 306 309 311 313 314 319 322 326 328 329 335 336 341 344
16 307 310 311 314 323 327 331 332 333 334 335 337 339 343 344 345
17 306 307 310 312 315 319 320 323 328 330 331 333 335 339 340 341 343
12 310 316 323 327 328 332 336 338 340 342 343 345
19 306 307 309 312 313 314 315 316 319 321 323 326 329 331 334 335 336 339 340
12 311 314 315 317 321 322 327 332 334 335 341 342
27 306 311 312 313 315 316 319 320 321 322 323 324 325 326 327 329 330 331 334 335 336 337 340 341 342 344 345
25 306 307 308 309 310 314 316 318 320 323 324 326 329 330 331 335 336 337 338 339 340 342 343 344 345
12 307 308 311 313 314 315 325 326 331 334 342 343
17 306 308 310 311 312 313 315 316 318 324 326 332 333 335 338 339 343
27 306 308 309 311 315 316 317 319 320 321 322 323 325 327 328 329 330 331 332 333 335 338 339 341 342 343 344
24 307 309 311 312 313 315 317 319 320 321 322 324 325 326 328 329 332 333 335 336 338 341 342 345
17 308 314 315 316 318 320 323 325 326 327 328 330 333 339 340 342 345
21 307 308 309 310 312 318 319 324 325 326 327 328 329 331 332 334 338 340 343 344 345
27 306 307 308 309 310 311 312 313 315 316 317 318 319 322 323 326 328 330 332 333 334 335 336 337 339 343 345
18 306 309 311 312 315 318 319 320 321 322 324 326 331 332 334 340 343 344
25 307 308 312 313 315 316 318 319 320 322 324 325 326 327 329 332 335 336 338 339 340 341 342 343 344
23 306 308 309 311 312 313 316 319 321 322 324 327 328 329 330 331 334 337 338 339 340 341 343
24 306 307 310 311 314 315 316 319 322 324 325 326 328 330 331 332 334 336 337 338 340 341 343 344
18 306 307 312 313 314 317 319 321 322 325 326 327 329 331 334 338 339 342
17 308 311 314 316 317 319 325 326 328 330 332 334 335 336 337 341 342
27 307 309 310 311 312 313 314 315 317 318 319 322 323 325 326 328 330 332 333 335 336 338 339 340 342 344 345
17 309 312 313 315 317 318 319 324 325 328 330 334 337 342 343 344 345
24 306 308 309 310 311 312 313 316 317 318 319 321 322 323 324 325 327 328 329 333 334 335 341 342
20 306 307 312 314 315 318 320 324 325 327 328 329 330 333 334 335 336 338 339 342
25 306 307 309 311 313 315 316 317 318 319 320 322 324 325 326 328 330 332 334 335 337 338 339 341 343
26 307 310 311 312 313 314 315 316 318 320 321 322 323 324 326 328 329 330 331 332 334 336 337 342 343 344
13 307 310 313 314 316 319 320 325 331 336 337 341 344
27 306 308 312 313 314 315 316 317 318 319 320 324 325 326 327 328 329 330 333 335 337 338 340 341 342 343 345
13 309 318 320 321 325 327 328 330 335 338 342 343 344
23 306 307 308 309 314 315 316 318 319 320 325 326 327 328 329 330 331 333 334 336 337 339 344
16 308 310 313 314 321 323 326 327 330 332 333 335 338 343 344 345
20 306 307 308 310 315 318 322 324 327 329 332 336 338 339 340 341 342 343 344 345
12 310 312 313 319 320 324 330 331 338 339 343 345
15 309 315 316 317 319 320 325 327 329 331 337 338 339 343 345
25 306 307 308 309 311 312 313 316 317 319 321 323 327 328 329 330 331 333 336 337 338 339 340 341 345
17 306 308 309 313 316 319 323 324 325 326 328 331 335 337 339 340 345
21 306 307 309 310 312 313 314 315 318 319 322 323 325 328 329 330 335 336 340 343 345
14 312 314 317 320 323 325 327 328 329 331 337 339 342 344
21 306 307 308 309 310 314 317 323 324 326 327 328 331 333 334 340 341 342 343 344 345
13 314 316 317 319 326 327 334 335 336 338 339 341 344
16 308 310 311 313 314 315 320 323 324 326 327 329 331 333 335 338
21 306 309 313 314 316 319 320 321 322 323 324 325 326 327 330 331 336 337 338 343 345
25 306 307 308 311 313 314 316 317 318 319 321 323 324 326 327 330 331 333 335 336 337 339 340 342 343
23 307 308 310 311 312 313 314 315 316 317 319 321 323 324 325 330 335 336 337 338 343 344 345
21 306 308 309 310 312 313 314 316 317 319 321 322 331 332 334 335 336 338 343 344 345
14 307 311 316 317 321 324 329 332 336 337 338 339 340 341
21 306 307 308 315 316 317 319 321 322 326 328 330 331 332 333 335 336 339 340 341 345
27 309 311 312 313 315 316 317 318 319 320 321 322 323 324 325 326 328 332 333 334 335 336 338 339 341 342 344
22 306 307 308 309 310 312 314 315 316 319 320 325 327 328 330 332 334 335 337 340 341 343
16 309 311 314 316 317 318 321 324 326 327 329 331 333 341 342 345
19 306 308 311 314 315 316 317 325 326 327 329 331 332 333 334 336 337 338 339
12 310 314 318 320 322 323 326 327 328 332 338 343
16 308 318 320 321 322 323 325 330 332 333 334 335 337 338 339 340
22 306 308 313 314 315 316 317 318 319 321 323 324 325 327 328 329 331 332 335 336 337 338
18 306 308 309 310 312 319 320 323 324 325 330 331 333 335 336 340 344 345
24 306 308 312 313 315 316 319 320 321 322 324 326 327 329 330 332 333 334 337 338 340 341 343 344
24 307 308 310 311 312 313 314 316 317 322 323 325 326 327 328 329 330 331 332 337 338 342 343 344
23 306 311 314 315 316 318 319 320 322 323 324 327 328 329 333 335 337 338 339 341 342 343 344
22 307 309 310 313 315 316 317 320 322 324 325 326 327 328 329 334 335 336 337 338 342 343
25 306 307 309 310 312 316 318 321 322 323 324 325 326 327 328 329 330 331 333 335 337 338 339 341 342
21 306 309 310 313 314 316 317 318 319 320 323 324 326 332 336 337 340 341 343 344 345
15 307 309 311 312 314 316 322 323 324 326 330 332 337 339 340
19 308 311 312 316 318 321 325 326 328 329 330 332 334 338 339 341 342 343 344
15 310 313 315 316 319 323 324 325 326 333 334 335 336 337 338
25 306 307 308 309 311 314 315 316 318 319 320 322 324 325 326 327 328 330 331 333 336 338 339 340 344
16 311 314 315 318 320 322 323 325 326 327 334 336 337 338 339 342
16 313 315 316 317 320 321 323 324 326 328 329 334 337 341 342 343
23 306 307 309 310 311 312 314 319 320 321 322 324 326 327 331 332 334 335 338 341 342 343 345
22 307 309 310 311 312 317 318 319 320 324 327 328 330 331 333 334 335 339 340 341 343 344
18 307 308 310 311 316 317 318 320 321 323 324 325 326 330 338 341 343 344
17 307 308 311 312 315 322 323 325 326 327 330 331 332 333 335 342 343
14 309 310 311 314 323 324 326 328 329 330 334 337 344 345
25 306 307 308 309 311 313 315 317 319 320 322 325 326 327 329 330 333 334 337 338 339 340 342 344 345
15 306 312 313 317 319 321 323 328 329 332 336 338 339 340 342
12 306 317 319 320 323 324 325 327 328 332 339 343
21 307 310 312 315 316 320 321 322 324 326 328 331 335 336 337 338 341 342 343 344 345
17 308 311 313 314 317 320 321 324 326 329 331 332 334 335 336 340 344
13 314 315 323 324 325 330 332 337 338 339 340 342 345
17 306 310 311 313 315 319 320 326 328 330 334 335 337 338 342 343 345
20 306 307 308 309 312 313 315 317 319 321 322 324 325 327 328 329 331 335 339 345
12 306 307 309 314 319 323 331 335 339 342 343 345
22 306 308 309 311 312 314 315 317 319 321 327 328 330 331 332 334 335 336 337 341 342 344
14 307 308 309 312 316 319 320 324 333 339 340 342 343 345
22 307 312 314 315 319 320 321 323 326 328 329 330 331 335 336 338 339 340 341 342 343 344
14 312 313 317 318 319 320 327 329 330 331 334 338 341 345
27 306 308 309 311 314 315 316 317 318 319 320 322 323 324 325 327 328 330 331 332 334 335 338 340 342 343 344
20 306 314 316 317 318 319 320 321 325 327 328 329 331 333 334 337 338 339 341 343
22 306 307 308 309 311 314 319 320 322 323 324 325 326 327 328 329 331 337 338 339 344 345
16 307 316 321 322 323 326 328 329 330 331 332 337 338 341 342 345
18 309 310 311 314 315 317 318 323 324 327 329 331 335 336 337 340 342 344
16 306 308 309 313 316 317 320 321 333 334 335 337 340 341 342 343
19 307 309 313 314 316 317 318 319 323 325 327 329 330 334 337 339 342 344 345
23 306 308 310 312 313 314 315 316 317 319 320 321 324 330 333 335 336 337 339 340 341 343 345
26 306 307 308 310 311 312 314 315 317 318 319 320 323 324 328 329 330 331 332 335 337 338 340 341 343 344
12 309 310 316 320 321 322 323 329 330 335 337 340
22 306 308 309 313 316 318 319 320 323 324 325 329 331 332 333 335 337 338 340 343 344 345
14 308 310 311 313 314 317 319 332 337 339 341 342 343 344
13 306 307 308 311 318 320 323 325 329 331 333 338 341
20 306 310 313 314 316 318 320 321 322 324 327 328 332 333 334 336 338 339 342 345
14 306 307 310 311 312 313 316 317 322 323 325 326 331 340
16 308 311 312 317 318 320 323 324 328 329 338 339 340 341 344 345
18 307 311 314 315 317 318 319 323 324 326 329 333 337 338 341 343 344 345
12 307 308 309 315 316 322 326 330 336 337 338 343
13 310 313 314 315 316 319 321 329 332 334 343 344 345
27 306 308 309 310 312 315 317 319 320 321 323 324 325 327 328 329 331 333 334 335 336 337 340 341 342 343 345
25 307 308 312 314 317 318 319 322 323 324 325 326 328 329 330 331 332 333 334 339 340 341 342 344 345
17 307 309 311 316 317 318 320 323 324 325 326 327 331 332 333 339 341
24 306 307 310 311 312 313 314 315 316 317 318 321 322 324 326 328 329 330 335 338 339 340 342 345
19 310 313 315 316 317 318 320 321 323 324 327 328 336 338 339 340 341 342 345
21 310 311 315 316 317 318 319 320 322 323 324 327 331 332 334 335 336 338 343 344 345
26 306 307 308 309 310 311 312 313 314 315 317 318 319 320 322 323 327 330 331 334 335 336 337 338 341 345
24 308 312 313 314 315 316 318 320 321 324 325 326 328 330 331 332 334 336 337 339 340 342 343 344
17 306 308 309 311 315 316 317 318 320 323 326 329 331 335 338 339 341
22 308 309 311 312 314 315 316 319 320 321 323 325 330 331 332 334 335 337 338 343 344 345
13 313 315 316 318 320 325 326 327 328 329 330 332 343
21 308 309 311 312 313 315 316 317 321 322 323 325 326 327 328 330 333 337 338 340 341
18 306 308 310 315 316 319 320 321 322 324 325 329 337 338 339 341 343 344
25 310 312 313 315 316 317 318 320 321 324 325 326 328 329 330 331 333 334 336 337 338 340 341 342 345
18 307 310 312 316 320 321 322 324 329 331 334 336 338 340 341 342 343 345
16 306 308 310 317 319 320 326 327 328 331 333 340 341 342 344 345
18 310 313 314 315 316 319 322 325 326 331 332 333 334 335 336 337 342 343
18 306 308 310 312 316 317 320 325 327 329 331 332 334 337 341 342 343 345
22 306 309 310 313 314 315 316 317 319 321 322 323 324 325 326 328 331 334 339 340 341 345
19 307 309 311 318 319 322 323 327 328 329 330 331 332 334 336 337 338 340 345
13 307 313 316 317 322 324 328 331 337 339 340 341 342
14 306 308 312 313 315 322 323 324 326 331 335 338 341 343
13 308 309 312 314 318 320 321 322 325 329 338 340 341
20 308 311 312 314 316 318 319 325 326 327 330 331 332 336 337 338 341 342 343 345
14 306 307 308 311 314 318 323 325 326 327 329 343 344 345
12 306 307 312 313 315 317 324 325 329 331 341 345
16 309 311 313 314 317 319 323 329 330 331 332 336 337 343 344 345
25 307 308 309 310 312 313 314 315 316 317 318 319 321 323 327 328 329 330 331 333 336 337 339 341 342
19 307 308 311 312 313 319 323 326 327 329 330 331 334 335 337 338 342 344 345
15 308 310 313 316 319 320 323 324 327 328 331 334 339 342 344
16 307 311 312 313 315 318 322 323 325 326 331 332 333 337 338 339
15 306 310 313 314 315 316 320 323 325 326 331 334 340 342 345
17 306 310 313 315 319 323 324 326 327 328 331 332 333 335 336 338 343
18 307 309 311 313 315 319 320 321 322 327 329 332 336 337 340 342 343 345
20 310 312 313 314 315 316 317 319 321 324 328 331 332 333 337 338 339 340 341 344
26 306 307 313 314 316 317 318 319 321 322 323 325 328 332 333 334 335 336 337 338 339 340 341 342 344 345
23 306 308 309 310 312 314 315 318 319 320 321 322 326 327 329 333 334 335 336 337 339 341 343
22 306 307 309 310 311 313 318 319 320 321 322 325 326 329 331 334 335 336 341 343 344 345
26 307 308 312 313 318 319 320 321 324 325 326 327 328 329 331 332 333 335 336 338 340 341 342 343 344 345
20 306 308 309 311 316 317 320 325 326 327 329 330 331 332 333 337 338 341 342 344
21 306 308 309 310 312 314 317 318 319 321 323 326 327 328 331 335 337 339 340 341 345
26 307 308 310 311 312 313 315 316 317 319 323 324 325 326 328 329 330 334 335 338 339 340 342 343 344 345
23 307 309 310 311 312 315 320 321 324 326 327 329 330 331 332 333 336 337 339 341 342 343 344
19 306 312 313 314 315 316 322 323 324 326 327 329 330 332 333 334 336 340 341
15 306 311 312 313 319 326 327 330 332 334 335 338 340 341 344
25 306 308 309 310 311 313 314 317 319 320 322 323 324 325 326 328 330 331 335 336 337 340 341 342 345
16 310 312 313 314 320 323 327 328 331 332 335 337 338 339 340 341
24 307 308 310 311 312 313 314 317 318 319 320 321 324 329 331 334 335 336 338 340 341 342 344 345
18 307 309 312 313 318 319 321 323 328 331 332 333 334 336 337 338 343 345
15 306 307 308 311 314 315 319 322 326 328 329 330 332 336 337
13 306 311 317 318 321 325 326 327 328 330 340 341 343
21 306 310 316 318 319 320 321 322 323 324 326 328 329 332 333 334 338 341 343 344 345
18 307 309 313 317 318 319 321 322 323 324 325 326 330 332 334 339 341 344
19 306 307 308 313 315 316 318 321 322 323 324 330 331 333 334 336 340 341 343
24 306 307 308 309 311 312 313 318 319 321 323 324 325 326 327 330 332 333 338 339 340 341 343 345
13 306 308 309 313 319 320 321 325 327 330 331 334 345
20 309 310 312 314 315 316 318 320 326 329 330 331 332 334 335 338 340 342 343 344
17 307 308 312 314 317 318 320 322 325 330 333 334 337 338 340 341 343
17 306 310 311 312 319 320 321 323 326 328 335 336 337 339 340 343 344
27 306 307 310 311 312 314 315 316 317 320 321 322 323 325 327 328 329 332 333 334 335 336 338 339 341 342 345
18 306 307 308 309 312 313 315 318 321 327 330 332 335 336 337 341 343 344
19 307 310 311 313 315 317 319 323 324 325 327 329 330 331 332 333 334 339 342
15 308 309 311 312 314 318 320 321 326 327 340 341 342 343 345
19 308 309 312 313 316 319 322 323 326 329 331 332 333 334 337 339 341 344 345
14 308 312 313 318 323 328 331 332 336 337 338 339 340 343
13 306 312 319 321 323 325 327 329 332 333 335 341 342
21 307 308 310 312 314 316 318 319 320 323 327 329 332 333 334 335 338 340 343 344 345
25 307 308 309 311 312 313 314 315 317 318 320 321 323 325 326 327 328 329 330 337 338 339 340 342 344
13 309 312 318 324 325 330 336 338 339 340 342 344 345
22 309 310 311 312 313 314 317 320 321 323 324 327 328 330 331 334 336 337 339 341 344 345
13 307 309 314 319 321 323 328 333 336 339 340 341 344
15 309 313 314 316 317 318 323 328 330 333 337 339 340 343 344
15 309 310 311 313 315 321 322 323 329 330 331 333 338 339 344
27 307 308 309 310 311 312 313 314 315 316 317 321 322 323 326 328 329 333 334 336 337 338 339 342 343 344 345
20 308 309 310 312 313 314 321 322 324 325 326 327 330 332 336 337 338 341 344 345
13 312 313 314 315 316 318 320 321 324 334 338 343 345
15 306 310 312 313 314 315 318 320 324 326 331 334 337 338 344
22 310 315 318 319 321 322 323 324 325 327 328 330 331 332 334 335 336 337 341 342 343 344
14 308 310 313 317 318 320 322 329 331 334 340 341 342 344
16 309 316 319 320 322 323 325 329 331 335 336 339 340 342 343 345
23 306 310 311 315 318 319 320 321 325 326 327 329 330 331 332 333 335 336 340 341 342 343 344
12 308 312 317 320 321 325 327 330 333 337 338 341
13 306 307 311 314 317 318 322 324 325 328 332 333 337
19 309 311 312 317 318 322 323 325 326 328 330 332 333 334 340 342 343 344 345
12 314 316 318 320 322 326 327 328 332 334 336 342
15 306 307 309 312 319 324 327 330 331 334 336 337 340 343 345
21 306 309 310 311 312 315 316 317 320 321 322 323 326 328 330 333 334 335 338 343 345
13 307 310 312 313 318 320 327 328 331 335 336 339 340
14 308 312 313 316 318 321 324 325 329 331 332 336 337 338
21 307 309 313 314 316 318 319 320 324 327 328 329 333 334 336 337 338 340 341 342 343
16 306 310 313 317 322 324 326 328 329 334 336 337 341 342 344 345
15 306 311 312 313 314 316 317 320 321 328 330 333 334 343 345
13 307 314 317 320 322 324 329 330 335 338 339 340 342
12 306 307 311 313 315 323 327 330 333 341 343 345
23 307 308 309 310 311 312 315 317 318 320 321 323 325 326 329 332 334 335 336 338 339 340 341
12 307 308 311 316 318 319 321 322 323 329 332 337
27 306 307 308 312 314 315 316 317 318 319 321 322 323 324 326 328 329 330 332 333 335 338 339 341 342 344 345
17 306 308 310 311 312 315 316 318 322 324 326 327 330 336 337 339 341
23 307 311 312 315 316 319 320 321 323 324 327 328 330 331 333 336 337 338 340 341 342 343 345
17 306 310 312 313 314 316 317 319 320 321 323 327 328 339 341 342 345
25 308 309 310 312 318 319 323 324 325 326 327 328 329 330 332 334 335 337 338 339 340 341 342 344 345
21 306 308 310 316 317 318 319 321 322 324 325 327 328 331 333 334 335 336 337 340 341
27 306 308 310 312 313 315 316 319 320 323 324 326 327 328 329 330 331 332 333 335 336 337 338 341 343 344 345
22 306 308 309 310 311 312 316 317 318 320 321 322 323 324 325 328 330 331 333 336 341 345
12 313 318 323 324 325 328 330 334 340 341 344 345
25 306 308 309 312 314 316 320 322 323 324 325 327 329 330 331 332 333 334 335 338 339 341 342 343 344
16 306 307 308 317 318 320 321 322 325 328 329 331 332 337 338 344
16 306 307 308 311 312 315 316 319 321 322 323 326 335 337 339 345
17 307 308 309 310 312 313 315 318 325 326 327 329 331 332 335 337 341
26 306 307 308 309 310 311 312 313 315 317 318 320 321 323 324 326 327 328 329 331 335 336 338 341 342 345
13 307 311 314 317 318 327 330 338 339 340 341 344 345
18 311 313 316 318 319 320 323 325 327 330 331 332 333 334 336 337 344 345
19 306 310 311 315 316 317 320 321 322 323 324 326 334 336 337 338 339 340 341
13 309 311 312 313 315 316 319 322 330 331 333 338 342
16 310 311 312 315 318 321 323 324 327 329 331 333 335 336 337 338
20 306 308 310 311 313 314 316 317 318 321 322 324 326 327 334 336 337 339 340 341
15 309 310 313 314 318 326 331 334 335 336 339 340 341 342 344
