525 2606
50 1 2 3 4 5 6 7 8 9 10 11 12 13 14 15 16 17 18 19 20 21 22 23 24 25 26 27 28 29 30 31 32 33 34 35 36 37 38 39 40 41 42 43 44 45 46 47 48 49 50
34 1 2 3 4 5 10 11 15 16 17 18 19 20 22 24 25 27 28 29 32 33 34 36 37 38 39 40 41 42 44 45 48 49 50
28 1 2 3 6 7 8 9 13 14 15 16 17 20 22 23 25 27 28 29 30 31 34 35 38 40 46 47 48
19 2 4 6 9 11 12 15 16 18 19 21 30 33 34 41 42 43 47 48
31 1 8 9 10 11 12 13 14 15 17 18 20 22 24 26 29 32 33 34 35 36 39 40 41 42 43 45 46 48 49 50
25 5 6 7 9 12 15 16 17 19 22 27 29 31 34 36 37 38 39 40 41 42 43 44 46 50
26 1 2 5 8 10 15 16 18 19 21 23 25 29 31 32 34 35 36 37 38 40 41 42 45 47 48
22 3 5 6 9 10 11 12 16 17 18 20 23 25 27 31 33 35 36 37 44 49 50
30 2 4 5 7 8 9 10 11 13 14 15 19 21 23 27 28 29 32 34 36 37 39 40 42 44 45 47 48 49 50
18 3 10 13 14 15 19 22 23 26 28 31 32 34 37 41 47 49 50
21 3 6 7 10 11 12 14 15 16 17 22 23 28 30 33 35 39 43 44 48 49
25 1 3 4 6 8 9 12 14 16 19 20 21 22 24 26 27 28 29 31 34 38 40 47 48 49
30 1 2 6 7 8 9 10 12 13 14 15 17 18 20 23 24 26 29 30 33 34 36 37 38 40 41 42 45 47 49
22 1 5 6 7 8 10 13 15 16 18 19 20 24 26 33 36 37 38 40 43 46 49
29 3 5 6 8 9 10 11 13 16 17 18 21 25 26 27 28 30 31 32 33 34 42 43 44 45 46 47 49 50
23 1 4 9 10 12 14 18 19 21 22 23 25 26 28 31 32 33 41 42 43 44 45 46
22 2 3 4 6 9 10 13 14 15 19 20 21 22 26 28 30 31 35 38 40 42 47
37 1 5 7 8 9 10 11 12 13 14 15 18 19 20 21 22 23 24 25 26 27 28 29 30 31 33 34 35 38 40 41 43 44 45 46 49 50
37 1 2 3 4 6 8 9 11 12 13 14 16 17 19 21 22 23 24 25 26 27 28 29 30 33 34 35 36 37 38 40 41 42 44 45 47 49
31 1 2 3 6 7 8 9 10 11 12 14 15 18 21 22 26 29 30 33 35 37 39 40 42 43 44 46 47 48 49 50
33 4 5 6 8 9 10 11 16 17 18 19 20 21 22 23 24 25 26 27 28 31 32 35 36 37 38 39 41 42 45 47 48 49
18 2 3 5 9 13 15 21 23 24 26 27 35 37 39 43 47 48 50
29 1 4 6 7 8 9 10 12 13 14 15 17 18 19 21 23 24 25 29 30 31 32 33 35 36 40 42 45 49
29 8 10 11 14 15 17 19 20 21 22 23 25 26 27 29 30 31 33 34 36 38 39 40 42 43 45 46 47 50
30 1 4 7 9 10 12 13 14 15 17 19 21 22 23 24 25 27 28 29 30 31 33 35 37 38 39 41 42 43 45
20 2 4 7 9 10 15 16 17 19 20 21 23 29 35 36 37 39 40 41 47
38 3 5 6 8 10 11 12 13 14 15 16 17 18 20 21 22 23 25 26 27 29 30 31 33 34 36 37 38 40 41 43 44 45 46 47 48 49 50
32 2 3 4 7 8 9 10 13 14 15 18 20 21 22 23 26 27 31 32 33 36 37 38 39 41 42 43 44 46 47 49 50
30 1 3 6 9 12 14 15 16 18 19 21 22 23 25 26 28 29 30 34 35 37 38 40 42 43 44 46 47 48 49
37 1 2 3 4 6 7 9 11 12 13 14 15 16 17 18 19 21 22 24 25 27 29 30 33 34 35 36 37 39 40 42 43 44 45 46 49 50
26 1 2 4 5 6 7 9 13 15 17 18 19 20 23 25 26 28 32 36 37 38 44 45 46 47 50
37 1 2 3 4 5 6 7 8 9 10 11 12 13 14 15 16 17 19 20 21 25 27 28 29 30 31 32 34 37 38 39 40 41 43 47 49 50
21 1 2 3 7 9 11 12 13 18 20 22 28 33 34 37 41 42 44 46 48 49
15 1 4 11 16 19 23 25 29 30 33 34 41 46 49 50
38 1 2 4 5 7 8 9 10 11 13 14 15 16 17 19 21 23 24 26 27 28 29 31 33 34 37 38 39 40 42 43 44 45 46 47 48 49 50
26 2 4 5 6 9 10 14 15 17 20 21 23 24 25 26 30 31 33 34 36 38 39 42 44 46 50
30 2 3 5 6 9 10 11 13 16 17 19 21 22 23 25 26 27 29 30 31 32 34 35 37 41 42 44 45 46 50
32 1 3 5 6 8 9 10 11 13 16 19 20 21 24 25 26 28 30 31 32 33 34 35 36 37 38 41 44 45 47 49 50
31 1 3 4 6 7 8 9 10 13 14 16 18 20 22 23 24 26 28 31 33 36 38 39 42 43 44 45 46 47 48 49
29 1 3 4 5 7 8 9 13 16 17 18 20 21 23 28 29 31 32 33 34 35 37 38 39 43 47 48 49 50
31 1 4 5 7 8 10 13 15 16 17 20 21 22 23 25 27 28 29 30 31 32 33 34 37 38 39 40 41 47 48 50
30 1 2 4 5 6 7 8 9 10 11 12 16 19 21 22 24 25 26 27 33 34 37 38 40 41 42 45 46 47 48
37 2 3 4 6 7 8 9 12 13 14 15 16 18 19 20 21 22 23 24 26 28 29 31 32 33 34 35 36 37 38 39 42 43 45 47 48 50
15 2 3 15 19 21 22 23 30 31 32 33 37 38 39 40
39 1 2 3 5 6 7 8 10 11 13 14 15 16 19 20 22 23 24 25 26 28 29 30 32 33 34 35 36 37 41 42 43 44 45 46 47 48 49 50
59 51 52 53 54 55 56 57 58 59 60 61 62 63 64 65 66 67 68 69 70 71 72 73 74 75 76 77 78 79 80 81 82 83 84 85 86 87 88 89 90 91 92 93 94 95 96 97 98 99 100 101 102 103 104 105 106 107 108 109
39 51 52 53 54 55 58 60 61 62 64 65 66 69 71 73 76 77 78 79 80 81 82 84 85 86 87 88 89 93 94 96 100 101 102 103 104 105 107 109
34 51 52 54 55 56 60 63 65 67 68 71 73 75 78 79 81 82 83 84 85 86 89 90 91 92 94 97 98 99 101 103 104 105 106
27 52 53 57 60 62 63 71 74 75 76 77 80 81 82 85 89 90 91 95 97 98 99 100 101 104 108 109
21 52 55 57 59 61 63 65 67 77 87 88 92 93 96 98 99 100 101 102 104 106
37 53 54 55 56 57 58 59 61 62 64 65 68 69 70 71 72 73 75 79 80 83 84 85 86 88 90 91 92 95 96 99 100 101 103 104 107 109
28 52 60 61 63 66 67 68 70 72 73 75 80 82 83 86 87 89 90 91 92 93 95 97 99 102 104 105 109
21 51 53 57 59 61 64 66 67 68 76 78 79 88 90 92 93 95 96 99 102 104
34 51 53 54 55 61 62 63 65 66 68 70 71 72 73 75 76 77 78 79 82 83 84 85 86 87 88 89 94 96 97 100 103 106 108
20 54 57 59 63 64 65 71 75 78 82 83 85 86 87 95 97 100 101 107 108
19 53 57 58 62 69 70 75 77 79 81 82 90 93 97 98 100 101 103 105
18 55 57 62 64 71 72 75 83 84 85 92 94 96 100 103 106 107 109
28 54 55 56 59 62 63 64 65 67 70 73 75 77 80 81 83 84 87 94 96 97 98 100 101 103 104 107 108
35 51 52 53 56 57 58 59 60 62 64 66 67 69 73 74 76 79 81 82 85 87 89 91 92 93 94 95 96 97 99 101 102 104 108 109
33 51 54 56 57 58 59 61 62 63 64 66 67 68 71 75 76 81 82 84 85 86 89 90 92 93 95 96 98 99 100 104 107 109
38 51 52 54 55 57 58 59 60 61 62 64 65 67 69 71 72 73 74 77 79 81 82 83 84 86 87 91 92 93 96 97 100 104 105 106 107 108 109
37 57 58 59 61 62 63 64 66 67 69 70 71 72 74 75 77 78 79 81 82 83 85 86 89 91 92 93 94 97 98 99 101 102 104 105 106 108
23 51 52 57 58 60 63 65 66 67 70 76 79 87 94 95 96 98 99 100 102 106 107 108
19 52 53 60 61 66 67 69 71 77 80 81 83 84 86 92 93 98 101 102
37 51 53 54 55 58 59 60 61 63 66 68 71 73 74 76 79 80 81 82 83 84 85 86 88 89 90 91 93 95 96 101 103 104 105 106 107 109
39 51 52 53 54 55 56 57 58 59 60 62 63 64 65 66 67 68 69 72 76 78 79 83 85 87 88 90 91 92 93 94 95 96 98 101 103 105 107 109
37 51 52 53 56 58 59 65 66 67 68 69 71 72 73 74 75 78 79 82 85 86 87 88 89 90 91 93 94 95 99 100 101 103 104 105 106 108
27 55 56 60 61 62 64 65 66 67 68 69 71 72 74 77 80 81 82 83 87 91 93 95 96 97 100 105
46 52 53 54 55 56 58 59 60 62 63 64 65 66 67 68 69 72 74 77 78 79 80 83 84 85 86 87 88 89 90 91 92 93 95 96 97 98 99 100 101 102 103 105 106 108 109
27 51 52 56 57 58 59 60 62 63 64 67 69 72 76 79 85 87 88 89 92 94 95 100 101 103 106 108
40 51 52 53 55 57 58 60 61 63 65 66 70 71 72 73 74 75 76 78 79 81 82 83 84 88 89 91 92 93 95 96 97 98 99 100 102 105 106 107 108
23 54 56 57 59 63 65 67 73 74 76 77 80 81 82 83 84 91 92 95 98 101 102 106
32 51 52 53 54 56 58 60 62 63 65 68 70 73 75 76 78 79 81 82 84 87 88 90 91 93 95 96 97 102 103 106 107
43 51 52 54 55 56 57 58 61 62 63 65 66 69 70 71 73 75 76 77 79 80 82 84 85 86 87 88 89 91 92 93 94 96 97 98 100 102 103 104 105 106 107 108
24 56 60 62 64 65 66 68 72 76 77 81 84 89 90 92 93 94 97 100 101 104 105 107 108
18 54 56 57 59 64 67 68 76 79 84 92 98 99 103 104 106 108 109
43 51 52 53 55 57 58 61 62 63 67 68 69 70 71 73 74 75 77 80 81 82 83 85 86 88 89 90 91 92 93 94 96 98 99 101 102 103 104 105 106 107 108 109
41 51 52 53 54 55 56 59 60 61 62 65 66 67 68 70 72 73 75 77 78 79 80 82 83 84 85 86 87 88 89 92 94 95 96 98 99 101 104 105 106 109
26 52 56 58 60 61 63 65 66 69 70 78 83 84 87 88 89 90 91 92 97 98 101 103 105 106 107
38 51 52 53 54 56 58 59 60 61 62 64 66 67 68 69 70 71 72 73 75 76 77 80 82 83 84 87 89 92 93 94 95 97 98 101 102 107 109
21 55 63 66 68 74 75 78 80 81 82 86 88 89 92 94 98 100 101 104 105 108
42 52 54 56 57 59 62 63 64 65 66 67 69 71 73 74 75 76 77 78 79 82 83 84 85 86 87 88 91 92 93 94 95 97 98 100 102 103 104 105 107 108 109
31 52 53 54 57 59 60 62 63 65 68 69 71 72 78 80 82 85 89 91 92 93 94 95 97 99 101 102 106 107 108 109
31 51 52 53 54 56 58 61 63 71 72 74 75 77 83 84 85 86 87 90 93 94 96 97 98 100 101 104 106 107 108 109
33 51 52 53 55 56 57 61 62 63 66 68 69 70 71 74 75 78 80 82 85 86 90 91 93 95 97 99 100 102 104 105 107 108
30 52 53 57 58 59 61 63 66 68 72 74 76 77 78 79 81 82 83 84 87 88 96 97 98 100 102 105 106 107 108
19 51 52 53 57 58 60 68 69 79 80 81 88 90 91 100 101 106 108 109
24 53 55 58 63 64 66 69 71 73 75 78 81 86 87 89 93 96 98 100 101 103 104 106 108
28 51 52 53 57 59 62 64 67 68 69 73 75 76 77 80 85 88 89 90 92 93 94 98 102 103 104 105 109
18 51 55 56 57 64 65 66 67 81 84 89 91 95 97 98 103 107 108
40 51 52 53 54 56 57 59 60 61 62 63 64 65 66 67 68 69 70 71 72 73 74 76 77 79 82 83 84 87 90 91 93 97 98 99 101 102 103 105 109
36 52 54 55 57 58 59 60 61 62 63 66 67 68 69 70 71 73 74 75 77 79 80 85 87 88 90 91 93 96 98 99 100 101 102 106 109
31 51 53 54 55 56 57 60 65 69 70 72 74 75 76 77 79 80 85 86 87 92 95 96 97 99 101 102 103 104 107 108
23 54 57 60 63 64 66 69 70 71 72 77 80 82 83 89 90 92 93 95 100 101 102 109
27 51 52 55 56 57 59 60 61 63 64 65 67 68 69 71 74 75 76 81 84 85 87 95 96 100 106 107
39 52 53 56 57 58 59 60 61 64 70 71 73 74 75 76 77 78 79 80 81 82 83 84 87 88 90 91 92 96 98 99 100 102 103 104 105 106 107 108
31 51 53 54 55 56 57 58 60 61 62 63 64 65 68 70 72 74 77 78 79 82 85 86 88 89 97 103 104 105 107 108
30 52 54 55 58 59 60 64 65 67 68 71 72 74 77 81 83 84 86 87 92 93 96 99 100 101 104 105 106 107 108
20 54 55 63 66 67 73 75 77 80 84 85 87 92 93 95 100 103 106 107 109
30 51 56 57 59 60 62 63 64 65 66 73 76 78 80 82 83 85 86 90 91 92 94 95 97 98 101 103 104 106 109
46 51 53 54 55 58 59 61 62 63 64 66 68 69 70 71 72 73 74 75 76 77 79 80 82 83 84 85 87 88 89 90 92 93 94 96 97 100 101 102 103 104 105 106 107 108 109
43 51 52 53 54 55 56 57 58 59 60 61 62 63 65 66 67 69 71 72 73 74 78 79 80 81 82 84 85 86 88 89 92 94 95 98 99 100 101 102 104 106 108 109
21 52 54 55 56 60 74 79 80 82 84 85 87 91 95 96 97 98 104 105 107 109
34 51 52 58 60 62 63 64 67 71 72 73 74 75 76 77 78 79 82 83 84 85 86 87 88 89 91 92 95 97 99 102 105 108 109
40 51 53 56 57 58 59 62 63 64 65 67 69 70 71 72 73 74 75 76 78 79 81 83 84 85 89 90 91 92 93 94 95 96 97 98 99 103 104 108 109
38 51 52 53 55 57 58 59 61 64 65 67 68 69 70 71 74 76 77 80 81 83 84 86 87 88 90 91 92 93 95 96 97 100 101 102 106 107 109
29 53 56 57 59 60 62 63 66 67 68 69 71 72 74 81 84 86 88 89 92 93 95 97 98 100 102 104 106 108
31 52 54 59 60 61 62 64 65 68 69 71 72 74 77 80 81 82 83 84 86 87 88 90 91 95 98 101 102 103 106 107
43 51 52 53 55 56 57 58 59 60 61 63 64 65 66 67 72 73 76 77 78 79 80 81 82 83 84 85 86 87 88 89 90 91 92 95 96 98 99 102 104 105 106 107
24 52 53 56 57 66 67 73 74 76 77 80 83 84 88 89 96 97 98 100 101 104 105 106 108
28 53 54 57 58 59 61 68 69 76 78 79 80 82 84 86 87 90 91 93 95 96 97 98 102 103 104 107 108
22 51 53 61 64 68 69 70 78 79 80 86 89 90 91 92 94 95 98 99 105 106 107
32 51 52 54 55 59 60 62 66 69 70 71 74 75 76 78 79 82 84 85 86 87 89 90 94 95 96 99 100 103 104 106 109
58 110 111 112 113 114 115 116 117 118 119 120 121 122 123 124 125 126 127 128 129 130 131 132 133 134 135 136 137 138 139 140 141 142 143 144 145 146 147 148 149 150 151 152 153 154 155 156 157 158 159 160 161 162 163 164 165 166 167
27 114 115 116 123 124 126 127 128 129 130 132 135 137 138 139 140 141 143 145 148 150 151 152 155 158 163 164
26 112 113 115 116 117 121 124 126 127 128 130 134 136 138 144 145 146 148 149 151 152 153 157 161 162 167
45 110 111 112 113 114 115 116 117 118 119 121 122 123 124 125 127 129 130 131 132 133 136 137 138 139 140 141 142 144 145 150 151 153 154 156 157 158 159 160 161 162 163 164 166 167
35 110 111 112 114 115 117 118 119 121 122 123 124 125 127 129 131 135 136 137 139 140 141 145 146 147 148 149 152 153 155 163 164 165 166 167
17 115 117 120 124 130 135 136 143 144 145 148 149 151 153 155 157 167
26 110 111 112 114 117 118 119 120 122 132 135 137 140 141 146 147 148 150 151 153 154 162 164 165 166 167
39 111 112 113 114 117 118 119 123 126 127 128 129 134 135 136 137 138 139 140 142 143 144 146 147 148 149 150 151 152 153 154 155 158 160 161 162 164 165 167
18 113 116 117 119 124 131 132 141 143 147 149 151 156 158 159 161 162 167
36 110 111 113 116 118 122 124 125 126 128 131 132 133 134 135 136 138 140 141 144 145 146 147 149 150 151 153 154 155 156 157 158 162 165 166 167
33 110 111 112 114 115 116 117 118 119 120 121 123 125 126 130 131 132 135 138 139 140 143 144 146 149 151 152 153 155 157 159 162 166
20 111 113 115 121 122 125 132 140 144 146 153 154 158 159 161 162 163 164 166 167
27 116 117 118 119 121 123 124 125 128 129 130 132 133 135 136 137 138 146 147 152 153 154 155 158 160 162 165
20 111 113 114 122 123 126 128 129 132 137 145 150 153 154 158 159 160 165 166 167
23 112 114 116 117 120 121 125 131 132 134 135 138 141 143 145 146 147 150 151 161 162 163 164
21 110 117 119 122 124 125 130 131 136 137 138 143 144 149 151 156 157 161 163 164 167
41 110 111 112 113 117 118 119 121 122 124 125 126 129 132 134 135 136 137 139 140 141 142 143 145 146 147 148 150 151 153 154 155 156 157 159 160 161 162 163 166 167
19 110 113 114 116 120 123 124 129 131 132 135 142 143 152 157 158 163 165 167
36 111 113 114 115 116 119 120 122 123 125 126 129 131 134 135 136 137 138 139 140 141 142 143 144 146 147 148 149 153 155 156 159 160 162 163 164
43 111 112 114 115 116 117 118 119 120 121 124 125 126 127 128 129 130 132 133 134 135 136 137 139 141 144 146 148 150 151 152 153 154 156 157 158 159 160 161 162 163 165 167
37 110 111 113 115 117 119 120 121 122 123 124 125 126 127 129 131 132 133 134 138 139 140 144 146 147 148 149 150 151 153 155 158 161 162 163 165 166
22 110 111 113 116 118 120 123 124 129 131 132 133 136 138 139 140 142 143 146 148 152 163
18 111 123 124 128 130 133 135 136 137 141 144 145 146 148 149 153 166 167
41 111 113 115 116 117 118 119 120 121 122 123 124 125 127 129 130 131 132 133 134 136 138 139 141 142 143 144 145 146 147 151 152 153 154 155 156 157 162 163 164 167
18 111 118 122 131 136 137 141 143 146 152 153 154 157 159 162 163 165 167
17 110 111 115 116 118 124 127 132 137 139 149 150 152 153 157 158 159
26 111 113 115 116 118 120 125 126 128 133 135 136 137 140 141 143 144 145 150 151 152 153 154 161 166 167
75 168 169 170 171 172 173 174 175 176 177 178 179 180 181 182 183 184 185 186 187 188 189 190 191 192 193 194 195 196 197 198 199 200 201 202 203 204 205 206 207 208 209 210 211 212 213 214 215 216 217 218 219 220 221 222 223 224 225 226 227 228 229 230 231 232 233 234 235 236 237 238 239 240 241 242
45 168 170 174 175 178 181 183 185 186 187 190 191 192 193 194 196 198 199 200 201 204 206 207 208 212 213 214 215 216 217 218 219 220 222 223 225 229 230 232 233 234 236 237 239 242
54 168 173 178 179 181 182 184 185 187 188 189 190 192 193 194 195 196 197 198 199 200 202 203 206 208 209 211 212 213 214 215 216 217 218 219 220 221 222 223 224 225 226 227 228 229 230 231 233 237 238 239 240 241 242
54 168 169 171 172 173 174 175 177 178 180 181 183 184 185 187 188 189 190 191 193 195 196 197 200 202 203 204 206 208 209 211 212 214 215 216 217 218 219 221 222 224 225 226 228 229 231 232 233 234 236 237 238 239 240
55 168 169 171 172 174 175 176 177 178 179 180 181 182 184 186 187 189 190 191 192 193 195 198 199 202 205 206 207 208 209 210 211 213 214 215 217 218 219 221 224 226 227 229 230 231 232 233 234 235 236 238 239 240 241 242
24 168 173 175 183 184 190 191 192 195 197 202 206 209 210 212 214 218 227 230 235 236 237 240 242
34 168 169 170 173 177 179 182 187 188 189 190 193 194 195 198 199 200 207 211 212 213 216 219 221 222 225 226 227 228 232 234 235 239 242
32 169 172 177 184 186 189 190 191 195 198 200 201 202 205 207 208 213 215 216 217 219 220 221 222 223 226 227 228 230 233 238 241
24 172 176 179 183 187 188 193 194 197 199 202 204 205 206 208 211 214 218 224 228 229 231 232 239
33 169 175 176 180 184 186 187 189 190 191 196 198 200 204 205 207 208 210 211 212 213 216 218 227 228 229 230 232 234 236 238 239 241
45 168 170 171 174 176 177 179 181 182 183 184 185 186 188 189 190 192 195 196 197 199 200 201 202 205 206 207 211 213 214 217 220 221 222 224 225 228 229 230 232 233 237 238 240 241
41 168 169 170 171 174 175 176 180 181 185 186 187 189 191 193 194 195 196 198 200 202 203 205 209 210 213 215 217 220 221 225 227 229 230 231 232 235 237 238 241 242
32 168 169 172 174 176 177 179 182 186 187 191 193 195 198 200 202 203 207 209 211 212 217 219 221 223 224 229 231 234 237 240 241
53 168 169 170 171 172 173 174 175 176 177 178 180 181 183 185 186 187 189 191 192 193 195 196 197 198 200 201 202 203 205 206 207 208 212 213 214 217 218 220 222 224 225 228 229 231 232 233 234 236 237 238 240 241
33 168 169 170 171 175 178 179 181 184 185 189 192 193 195 199 203 204 206 208 210 215 217 218 219 224 225 232 234 235 237 238 239 242
38 169 170 172 173 174 177 181 182 183 184 185 187 188 191 193 195 198 200 201 202 203 206 209 211 213 214 215 216 218 220 222 227 231 232 233 237 238 239
32 169 172 173 175 176 181 182 187 193 195 197 198 201 202 203 205 208 209 212 213 214 216 218 220 226 228 229 230 233 234 238 241
29 173 174 175 178 182 183 184 185 186 188 190 196 198 200 202 204 205 207 208 209 212 213 221 225 235 236 239 241 242
31 168 170 172 174 177 178 184 186 188 191 192 194 200 201 203 204 206 208 210 213 214 218 221 222 230 232 235 239 240 241 242
46 168 170 174 175 176 177 179 181 182 183 185 186 189 190 191 192 193 194 196 197 198 199 208 210 212 215 216 217 218 220 222 223 224 226 229 230 231 233 234 235 237 238 239 240 241 242
33 177 180 182 183 184 185 187 190 191 197 198 202 203 205 206 208 209 210 211 213 214 215 216 217 219 223 224 227 230 231 235 238 242
55 169 170 171 172 173 175 177 178 180 181 182 184 185 186 187 188 189 190 191 192 193 195 196 197 198 199 200 201 202 204 205 206 208 209 210 214 216 217 218 220 221 224 225 226 227 228 229 230 231 232 237 238 240 241 242
25 168 170 171 178 180 183 184 191 192 202 207 208 211 212 218 219 220 225 227 231 233 234 238 239 240
27 168 170 172 178 181 183 186 190 194 198 199 201 203 204 206 207 211 213 219 220 227 230 232 237 238 240 242
58 168 169 170 171 173 174 175 176 179 180 181 183 184 185 186 188 189 190 191 192 193 194 195 196 197 198 199 200 201 202 203 204 205 206 208 209 210 212 214 215 216 218 219 220 221 224 225 226 227 228 231 232 234 235 237 238 241 242
59 168 169 170 171 172 173 174 175 177 178 179 180 182 184 185 187 188 190 191 192 193 195 197 198 200 201 202 203 204 208 209 210 212 213 214 215 216 217 218 219 221 222 224 225 226 227 228 229 230 231 234 235 236 237 238 239 240 241 242
59 168 169 170 171 173 174 177 178 179 180 181 183 185 186 187 188 189 190 191 192 194 195 196 197 198 200 201 202 204 206 207 208 209 210 211 212 213 214 215 216 217 218 219 220 221 223 224 225 226 228 230 232 233 234 237 239 240 241 242
39 169 171 172 173 177 178 179 180 183 184 185 191 192 195 196 198 199 200 201 203 205 208 211 213 215 216 217 218 219 221 224 225 226 235 237 239 240 241 242
43 168 169 170 172 174 175 177 178 181 183 184 185 186 187 188 189 190 191 192 193 195 197 198 199 201 203 207 208 209 211 214 215 216 217 219 227 229 233 235 237 238 239 240
42 168 170 172 175 177 178 181 184 186 189 190 191 194 199 201 202 204 206 207 210 211 212 213 214 217 218 219 220 221 225 229 230 231 232 233 234 235 236 237 238 239 240
50 169 171 172 173 174 175 180 181 184 186 187 188 189 192 194 195 196 198 199 200 201 202 204 206 207 210 212 213 214 216 217 219 221 222 223 224 225 226 227 228 229 230 231 232 234 235 236 237 239 242
23 170 171 176 181 184 187 189 193 194 196 198 205 207 211 212 214 215 226 229 234 236 238 241
52 169 170 171 172 173 175 177 178 179 180 181 182 185 187 188 189 190 194 196 199 200 202 203 205 206 207 208 209 210 211 212 213 214 215 217 221 223 226 227 228 229 232 233 234 235 236 237 238 239 240 241 242
36 168 171 172 173 177 180 182 184 185 186 188 189 192 193 196 197 198 199 206 208 210 211 213 214 215 217 218 220 225 226 227 229 230 235 238 242
23 168 170 172 176 182 183 186 192 193 195 202 205 209 214 216 219 222 223 225 227 236 239 240
38 168 169 170 171 174 175 181 183 184 189 190 191 192 194 196 197 198 199 201 202 203 204 207 213 214 216 219 221 223 224 225 229 230 234 235 237 238 239
41 168 169 171 172 173 175 177 179 180 183 186 187 188 190 191 192 193 195 196 199 200 201 203 204 205 209 210 211 214 216 219 222 224 226 227 228 230 233 240 241 242
24 168 171 173 174 175 184 190 191 200 201 202 204 205 206 209 211 212 214 223 226 228 235 237 241
53 171 172 175 179 180 181 183 185 186 187 188 189 190 191 192 193 194 195 196 197 199 202 203 204 205 206 207 208 209 211 212 213 214 215 218 219 220 221 222 223 224 226 228 230 231 232 233 234 236 237 238 239 242
52 170 172 174 175 177 179 181 183 184 188 189 190 191 192 193 194 195 196 198 199 200 203 204 205 206 207 208 209 210 211 212 214 215 216 217 218 219 220 221 222 223 225 227 229 231 232 234 236 237 238 239 242
22 169 175 176 181 184 185 186 187 189 196 199 200 210 213 220 221 231 234 235 237 239 240
30 168 169 171 173 175 177 180 182 199 203 204 207 210 213 214 217 218 219 220 227 228 229 231 233 235 236 237 238 239 240
32 168 170 171 173 175 177 178 182 185 186 192 194 195 198 199 204 209 213 214 216 218 219 221 222 223 225 228 234 236 240 241 242
33 169 170 171 177 179 180 181 182 184 186 187 190 191 194 195 201 202 205 208 215 220 221 223 224 227 228 229 230 231 235 238 239 242
38 171 174 176 178 180 181 182 188 189 190 191 192 196 197 198 200 201 202 203 205 206 208 210 211 212 213 217 218 219 221 223 224 227 232 235 238 239 240
31 172 176 180 183 184 190 191 192 193 194 196 197 198 202 204 205 207 209 210 212 214 215 216 217 221 231 232 235 236 239 241
35 170 171 172 173 175 176 178 183 188 190 192 193 194 196 197 198 199 202 209 211 214 220 222 223 225 227 228 231 232 235 237 238 239 241 242
27 170 172 174 180 182 185 191 192 194 195 200 206 208 210 212 215 216 219 220 222 223 225 226 231 232 233 240
36 168 169 170 175 178 180 182 183 184 187 189 191 192 194 200 201 208 209 210 211 213 216 218 219 222 225 226 228 229 232 233 234 235 239 241 242
45 168 171 172 174 175 176 177 178 179 180 181 182 184 185 186 187 190 191 194 195 197 198 199 200 201 203 204 205 209 210 213 214 217 219 221 223 224 225 226 229 230 233 234 238 241
45 169 170 172 174 175 176 178 180 181 183 188 190 192 193 194 195 196 198 199 201 202 203 204 206 207 208 211 212 215 221 223 225 226 227 228 229 230 234 235 236 237 239 240 241 242
37 170 171 176 179 181 189 190 191 192 193 196 197 198 201 202 204 205 207 208 209 212 213 215 217 218 220 222 223 224 225 226 236 237 238 239 240 241
55 170 171 172 174 176 177 178 179 180 182 183 184 185 186 188 189 191 192 193 195 197 198 199 200 201 203 204 205 206 208 210 211 212 213 214 215 217 218 220 222 223 224 225 226 227 228 229 231 232 233 237 238 239 240 242
49 168 169 171 172 175 176 177 178 180 181 182 184 186 187 188 189 190 191 192 193 194 195 200 201 205 206 207 208 210 212 214 215 218 220 221 222 223 226 227 229 231 232 234 236 237 238 239 241 242
70 243 244 245 246 247 248 249 250 251 252 253 254 255 256 257 258 259 260 261 262 263 264 265 266 267 268 269 270 271 272 273 274 275 276 277 278 279 280 281 282 283 284 285 286 287 288 289 290 291 292 293 294 295 296 297 298 299 300 301 302 303 304 305 306 307 308 309 310 311 312
30 246 247 250 251 252 255 259 262 263 270 271 273 275 278 279 283 285 286 287 288 293 294 296 297 300 304 307 308 311 312
38 244 245 246 247 249 250 251 254 256 257 258 259 262 264 266 272 273 274 276 277 278 279 281 287 289 291 292 293 294 295 296 297 301 302 304 309 310 311
28 246 247 249 255 256 258 262 275 276 279 282 288 289 291 292 293 294 296 298 301 302 303 306 308 309 310 311 312
24 246 250 251 252 255 256 258 260 266 271 273 275 280 282 283 284 285 288 290 292 293 294 298 307
55 243 244 245 247 249 250 251 252 253 254 255 256 257 259 261 262 263 264 265 266 267 268 269 270 271 273 274 275 276 278 280 281 286 287 288 289 290 291 292 293 294 295 296 297 298 300 301 303 304 305 307 308 309 311 312
53 243 244 245 246 247 248 249 250 251 252 253 255 256 257 259 260 261 262 263 264 267 268 269 271 272 274 275 276 277 279 280 283 284 285 287 288 290 294 295 296 297 298 299 300 301 302 303 304 305 306 307 309 311
50 244 245 246 247 248 250 252 254 255 256 257 258 259 260 262 264 265 266 267 269 270 271 272 273 274 275 276 277 279 281 283 285 286 287 289 290 291 292 293 294 295 296 297 298 300 301 305 306 308 311
27 244 249 250 252 254 257 258 261 262 264 265 269 270 271 273 274 275 279 286 287 288 299 300 301 307 309 310
44 243 244 250 251 253 254 258 260 261 264 266 267 270 271 272 273 275 276 277 278 279 280 281 282 283 285 286 289 291 294 297 298 299 300 301 302 303 304 305 307 309 310 311 312
47 245 246 247 249 251 253 254 255 256 259 260 261 262 263 264 266 267 268 269 270 271 272 273 275 277 280 281 282 283 286 287 289 290 291 292 294 296 298 299 301 303 304 307 308 309 310 312
41 244 248 250 251 252 253 256 257 258 260 261 262 263 264 268 270 271 272 273 275 276 277 279 280 281 282 283 284 286 288 289 290 291 294 295 296 298 303 305 311 312
52 243 244 246 247 248 250 252 253 254 255 256 257 258 259 260 261 262 263 264 268 272 273 274 276 278 279 280 281 282 283 284 285 286 287 288 289 290 291 292 293 294 295 297 298 299 300 301 302 303 307 309 312
19 315 319 322 323 326 330 334 335 336 341 347 353 356 358 359 360 361 364 372
25 314 316 319 321 323 325 329 330 331 336 338 339 343 345 346 347 352 353 354 356 365 367 369 370 374
23 316 319 321 322 328 329 330 332 335 338 339 340 343 344 350 357 360 362 364 366 367 368 369
22 317 320 321 323 324 328 329 330 334 339 343 348 349 350 352 353 357 359 363 365 370 374
8 317 318 331 334 346 360 363 364
32 314 316 317 319 320 322 323 324 329 332 333 334 336 337 340 343 348 349 351 354 355 356 358 359 361 362 363 365 366 367 370 373
18 318 320 322 326 333 335 338 339 341 344 348 350 356 357 359 363 369 373
19 315 317 320 331 335 339 347 348 349 351 352 354 357 358 365 369 370 371 374
10 315 317 328 334 337 341 344 350 360 368
19 317 318 324 326 329 331 332 334 336 346 348 349 350 354 357 364 365 369 371
17 327 328 329 331 336 341 344 346 347 350 352 353 360 365 366 370 374
17 321 334 336 342 343 346 350 351 352 358 360 362 363 366 368 370 374
19 313 315 320 323 325 326 333 336 337 341 345 346 347 352 353 363 371 373 374
21 313 316 318 321 324 326 328 330 332 334 337 338 341 342 344 346 353 354 358 360 371
13 313 329 330 334 342 352 357 364 367 368 369 370 371
13 313 321 326 339 342 356 359 361 362 363 364 372 373
28 313 315 321 322 323 324 327 328 331 333 335 338 339 342 344 346 349 351 352 354 359 360 361 362 367 368 369 370
25 313 318 321 322 323 324 329 333 334 336 337 338 340 341 342 344 346 350 355 361 362 364 366 372 373
34 313 314 316 322 323 325 327 328 329 331 333 336 337 338 341 342 343 346 348 349 353 355 359 361 362 363 364 366 367 369 370 371 372 374
14 317 318 324 327 334 342 348 349 351 354 355 356 365 370
23 314 315 316 317 318 320 327 328 331 335 338 339 345 346 348 355 356 358 360 363 365 366 372
15 314 315 318 319 322 329 331 334 335 340 343 348 357 364 365
23 315 317 319 322 323 330 332 334 335 338 340 343 345 348 349 351 354 355 357 358 367 369 371
24 315 320 321 322 326 329 330 333 336 345 347 348 349 350 355 356 361 365 366 367 368 369 370 373
26 314 319 325 328 329 331 332 333 334 335 339 344 345 347 350 351 355 357 361 364 365 366 368 369 370 373
18 319 321 323 324 325 326 332 333 337 340 343 344 349 351 354 359 361 374
11 320 322 333 335 340 348 351 355 361 362 371
32 314 315 317 319 321 322 323 324 325 326 329 330 333 338 340 341 345 346 350 352 353 355 358 359 360 361 364 365 367 370 371 372
45 313 314 315 316 317 318 319 320 322 323 324 325 326 327 328 329 330 331 332 333 335 337 338 339 340 341 344 345 347 348 349 353 354 355 356 357 359 361 364 365 367 369 371 372 373
44 313 314 316 319 321 322 323 324 325 326 328 330 332 333 334 335 336 337 339 343 344 345 347 348 349 350 351 354 355 356 357 358 360 363 364 365 366 367 368 369 370 371 373 374
28 315 317 318 319 320 321 324 326 330 332 334 335 339 340 344 345 347 350 351 352 354 356 357 358 360 365 368 373
22 313 315 316 319 321 322 325 327 333 335 341 342 343 344 347 351 355 359 366 367 372 374
18 315 317 318 320 327 329 331 338 340 341 342 346 352 353 359 361 362 372
22 315 318 322 325 326 327 332 333 338 341 345 346 347 351 354 356 358 364 366 367 368 371
36 313 315 316 317 318 320 321 322 323 324 326 327 330 336 337 338 340 341 342 343 346 348 349 352 353 354 356 358 359 360 362 363 367 371 372 374
17 313 316 320 324 326 333 334 335 340 345 346 353 357 358 368 371 374
15 313 321 326 327 328 330 335 342 346 347 352 353 364 369 372
18 315 316 318 320 323 325 329 330 332 342 343 347 350 351 354 359 367 369
9 314 316 318 320 324 325 333 337 368
15 315 318 325 331 338 339 341 344 345 350 357 360 368 371 374
12 313 317 333 334 344 345 355 357 360 366 373 374
17 317 318 321 326 340 341 342 343 347 348 350 352 354 359 365 371 373
14 313 319 323 324 338 342 351 353 358 359 362 371 372 374
8 322 336 341 347 350 353 362 373
24 313 314 315 316 319 320 322 323 329 330 332 334 336 337 338 339 344 345 355 357 360 363 368 370
22 313 314 317 318 319 321 322 327 328 330 332 335 337 342 344 345 353 359 363 364 368 374
25 320 321 323 327 328 332 333 337 338 341 344 346 347 349 351 352 354 356 361 362 369 370 371 372 374
26 314 315 317 323 325 327 328 330 331 332 336 338 341 343 344 347 348 349 350 351 354 359 360 366 369 373
16 313 318 324 326 327 332 342 349 357 358 359 363 364 366 372 373
18 313 314 316 319 331 335 336 337 340 342 344 355 360 361 362 369 372 373
31 319 320 322 324 325 326 328 330 331 334 336 338 340 342 344 347 349 350 354 355 359 360 361 362 363 364 366 367 368 369 372
21 316 317 318 321 326 327 330 331 333 338 340 341 344 347 357 358 360 362 363 367 374
21 315 325 326 331 333 336 338 347 348 349 350 356 357 358 365 366 369 370 371 372 373
21 324 325 327 328 331 333 335 346 349 351 353 356 358 361 362 364 366 367 369 372 374
41 314 315 317 319 320 322 323 325 327 329 331 333 335 336 339 340 343 345 347 348 349 350 351 352 355 356 357 359 361 362 363 364 365 366 367 368 369 370 372 373 374
19 316 320 323 324 329 334 339 340 341 343 346 351 352 354 355 360 361 362 367
18 313 314 319 321 324 328 331 332 334 340 343 351 352 355 365 367 368 370
9 316 325 326 327 330 332 356 363 367
6 314 331 358 359 361 372
9 314 319 328 343 345 353 359 360 368
18 313 315 323 324 325 334 336 342 349 350 353 354 361 365 369 371 372 373
19 318 319 321 322 329 337 339 342 352 355 356 361 362 363 364 365 367 370 372
30 313 316 321 324 327 328 329 331 333 337 338 339 342 343 344 345 346 350 351 352 355 357 363 366 368 369 370 371 373 374
23 314 319 320 322 328 329 332 335 337 339 343 345 346 348 351 352 355 356 359 364 366 368 370
17 314 319 322 328 331 335 337 341 348 352 353 358 363 365 370 371 372
21 314 320 323 328 330 337 338 339 340 345 352 353 356 358 360 361 362 363 368 370 373
26 315 316 317 323 325 327 329 330 336 337 342 345 346 347 349 353 354 358 360 361 362 364 366 371 372 374
34 314 316 317 318 319 320 325 326 329 330 332 334 336 337 340 341 343 345 347 348 350 353 355 356 357 358 363 364 365 366 371 372 373 374
15 321 324 326 327 336 338 339 340 346 349 356 361 362 364 368
13 314 317 318 320 325 332 340 348 349 354 362 365 367
16 314 316 325 327 328 332 335 337 339 340 341 343 344 352 354 357
15 316 317 318 321 323 327 329 332 337 339 346 351 352 365 374
30 313 316 318 320 327 328 331 332 334 335 336 337 339 342 343 344 347 348 349 351 354 356 357 362 363 366 368 369 373 374
22 313 316 317 324 325 326 330 336 339 342 345 350 353 355 358 359 360 363 366 367 368 373
16 313 314 315 333 335 341 343 345 348 353 356 357 358 370 371 373
25 314 316 319 322 323 324 329 333 334 336 337 343 349 351 354 355 356 358 361 362 365 366 367 370 373
13 315 317 322 332 334 335 343 351 354 355 358 367 369
13 313 324 326 327 332 357 358 359 363 364 366 372 373
24 314 317 319 320 325 335 336 343 345 347 348 349 350 351 355 357 361 362 363 365 370 372 373 374
9 314 322 331 337 348 352 353 363 365
14 321 322 323 324 328 333 344 346 349 354 359 362 367 369
12 316 317 318 321 323 332 337 339 346 351 352 365
16 316 326 330 331 333 338 340 341 344 347 357 360 362 363 367 374
11 313 329 330 334 342 352 357 367 368 370 371
21 319 322 324 328 330 331 334 338 340 342 344 347 349 350 354 360 361 363 366 367 368
16 316 323 325 327 329 330 336 345 349 353 354 361 362 371 372 374
12 313 319 323 324 338 342 353 358 359 362 371 374
25 314 315 317 319 320 327 329 331 335 336 340 348 349 351 352 356 357 361 362 363 364 368 369 373 374
14 314 315 327 328 331 335 338 339 345 348 355 363 365 366
17 315 320 321 322 326 333 345 347 348 350 355 356 361 366 367 370 373
17 315 325 326 331 333 336 338 347 349 350 358 366 369 370 371 372 373
14 315 320 321 322 326 336 347 348 365 366 367 368 369 370
14 313 314 315 333 335 341 343 345 348 356 357 358 370 373
6 316 325 330 332 356 367
9 313 330 334 352 357 364 369 370 371
15 316 320 324 329 339 340 341 343 346 352 355 360 361 362 367
15 319 320 322 328 329 335 337 339 346 348 351 355 356 359 366
8 321 326 339 342 361 362 372 373
26 313 316 321 324 327 328 329 331 333 337 338 339 342 346 350 351 352 357 363 366 368 369 370 371 373 374
30 314 319 322 325 327 329 331 333 335 339 343 345 348 350 351 352 355 356 361 362 363 364 366 367 368 369 370 372 373 374
21 314 325 328 331 332 333 334 335 339 344 347 350 351 355 357 361 364 365 368 370 373
16 315 325 333 336 338 347 349 350 356 357 358 366 369 370 371 373
12 313 316 317 324 326 342 345 350 358 360 363 366
18 313 316 317 324 325 326 330 339 345 350 353 355 358 359 360 363 366 367
9 317 321 340 347 352 354 365 371 373
6 317 318 331 346 360 364
7 314 328 343 345 353 359 368
14 313 315 316 319 320 329 337 338 339 345 355 360 368 370
13 314 322 328 335 337 348 352 358 363 365 370 371 372
13 315 320 327 329 331 338 340 341 342 353 361 362 372
12 314 315 318 322 329 334 335 340 343 348 357 364
8 316 327 328 332 337 339 352 357
16 314 321 325 330 336 338 339 343 346 347 352 353 354 356 367 370
15 313 315 320 323 325 326 333 337 346 347 352 353 371 373 374
14 317 320 321 323 328 330 339 348 349 353 359 363 365 374
33 314 315 317 319 320 322 323 325 327 331 333 335 336 339 340 345 347 348 349 350 351 352 356 357 361 362 363 364 365 367 372 373 374
13 313 314 317 321 322 327 330 332 353 359 363 364 374
17 318 320 327 328 335 336 337 339 343 349 354 356 357 362 363 369 374
11 314 316 327 332 335 337 340 343 344 352 354
13 315 317 318 320 329 331 338 342 346 352 353 359 362
7 319 328 343 345 353 360 368
11 315 319 323 326 334 336 347 353 359 364 372
15 313 314 318 319 321 327 328 330 335 337 342 345 353 363 368
12 315 320 321 322 326 329 336 349 350 361 367 373
5 316 326 330 332 363
13 315 318 320 323 325 329 330 332 343 347 350 351 367
10 315 323 333 336 341 345 347 352 353 371
17 315 321 322 323 327 328 331 335 338 339 349 352 361 362 367 368 370
16 320 321 323 328 333 341 344 352 354 356 361 362 370 371 372 374
13 313 321 326 327 328 330 335 342 346 352 353 364 372
11 314 320 323 337 352 353 356 358 360 363 370
9 321 326 336 338 339 346 349 364 368
14 319 321 323 324 325 326 333 340 344 349 351 359 361 374
12 318 325 331 339 341 344 345 350 357 360 368 371
12 315 319 326 334 336 341 347 353 358 359 364 372
13 313 314 316 319 331 335 336 340 342 344 360 361 369
12 323 325 334 336 342 349 350 353 354 365 369 373
10 326 327 336 338 339 346 349 356 361 368
12 321 326 327 336 339 340 346 349 361 362 364 368
24 313 314 316 322 323 325 328 331 333 336 342 343 346 348 349 353 355 362 363 364 366 369 371 374
25 317 319 321 322 324 325 326 329 330 333 340 341 345 350 352 353 355 358 359 360 364 365 367 370 372
28 313 314 316 322 323 325 328 331 333 337 338 342 343 346 348 349 353 359 361 362 363 364 366 367 369 370 372 374
10 313 321 326 342 356 359 361 364 372 373
6 333 334 345 357 360 373
26 319 320 324 325 326 328 330 331 334 336 338 342 344 347 349 350 354 355 360 361 362 363 366 367 369 372
13 314 318 322 329 331 334 335 340 343 348 357 364 365
4 336 347 350 362
9 334 346 351 352 360 362 366 368 370
8 327 328 330 335 342 346 347 369
16 320 324 329 334 339 340 341 343 346 351 352 354 355 360 361 367
6 319 328 343 345 359 360
10 323 328 330 337 338 339 352 362 368 370
10 313 315 320 323 333 336 347 352 373 374
11 317 321 326 340 341 342 347 350 352 359 373
15 313 321 322 327 328 333 335 344 346 351 354 360 361 367 370
11 314 318 320 325 332 348 349 354 362 365 367
22 315 316 317 325 327 329 330 337 345 347 349 353 354 358 360 361 362 364 366 371 372 374
14 315 322 323 326 330 334 335 336 341 347 358 359 360 372
13 315 317 319 330 332 334 335 338 340 345 355 367 369
23 313 315 322 323 324 327 328 331 333 335 339 342 346 349 351 352 354 360 361 362 367 368 370
9 315 318 329 342 352 353 359 361 362
23 314 317 318 319 320 325 326 329 330 332 336 345 347 350 353 355 356 357 365 371 372 373 374
34 314 320 323 325 327 329 331 333 335 336 339 340 343 347 348 349 350 351 352 355 356 357 359 361 362 363 365 366 367 368 369 370 372 373
14 313 317 318 321 327 330 332 335 342 344 345 353 359 364
5 314 331 359 361 372
11 316 328 332 337 339 340 341 344 352 354 357
18 313 314 318 319 321 322 327 328 330 332 342 344 345 353 359 364 368 374
8 314 317 318 325 332 354 365 367
8 317 318 325 348 354 362 365 367
8 314 317 318 325 332 348 349 354
10 324 326 327 338 339 340 349 361 362 364
16 313 315 321 322 323 324 331 335 342 349 354 359 360 361 362 368
29 314 315 317 319 322 323 325 327 331 336 340 343 345 347 348 349 350 351 352 359 361 362 363 365 367 369 370 372 374
18 314 319 325 328 329 331 334 335 347 350 357 361 365 366 368 369 370 373
9 314 317 318 320 340 348 349 362 367
14 318 319 321 329 337 339 342 352 355 361 363 364 365 367
12 327 328 329 341 344 346 347 350 360 365 366 370
16 313 316 318 321 326 330 334 337 338 341 342 344 346 353 360 371
8 317 318 327 342 351 354 356 365
10 320 326 339 341 348 350 357 359 369 373
11 313 321 326 342 359 361 362 363 364 372 373
10 313 321 326 342 356 359 361 362 363 364
7 314 316 318 320 325 333 368
13 315 316 317 329 330 337 346 347 349 353 362 371 372
6 314 319 328 353 360 368
7 313 334 344 345 355 360 366
11 317 318 327 329 331 338 341 342 346 352 372
11 319 323 324 338 342 351 353 359 362 372 374
13 315 325 327 329 346 349 353 354 358 361 364 366 372
8 319 328 343 345 353 359 360 368
13 313 314 318 319 321 322 327 328 330 332 335 353 363
8 315 335 341 343 345 358 370 373
9 323 325 326 332 333 337 340 359 374
29 313 314 322 323 325 327 328 329 331 333 336 337 338 341 346 348 353 359 361 362 363 364 366 367 369 370 371 372 374
13 316 317 318 321 327 332 337 339 346 351 352 365 374
15 316 321 322 325 327 333 335 342 344 351 355 359 366 372 374
18 316 317 323 329 330 336 342 346 347 349 353 354 358 361 362 366 371 374
11 314 317 318 320 332 340 348 349 354 362 367
18 321 323 328 332 333 338 346 347 349 351 352 354 361 362 369 370 371 372
8 317 333 345 355 357 360 366 374
7 315 318 325 338 344 357 360
18 316 321 323 325 330 331 336 338 339 343 346 353 354 356 365 367 370 374
14 321 334 336 342 343 346 350 351 358 360 363 366 368 370
10 313 323 338 342 358 359 362 371 372 374
11 321 323 329 332 337 339 346 351 352 365 374
19 313 316 324 328 329 333 337 338 339 344 346 351 352 355 357 363 366 371 373
19 319 328 330 334 338 342 344 347 349 350 355 359 360 362 363 364 367 369 372
37 313 319 321 322 323 324 325 326 332 333 334 335 336 337 339 343 344 345 347 348 349 350 351 354 355 356 358 360 363 364 365 366 367 368 370 371 373
5 314 319 343 353 359
18 313 315 316 322 325 327 333 335 341 342 343 344 347 351 355 366 367 372
23 316 317 318 319 320 329 330 336 337 340 341 343 345 347 350 353 355 356 357 358 363 372 374
14 316 317 318 330 331 338 341 344 357 358 360 362 363 367
12 314 320 323 340 353 356 358 361 362 363 368 373
14 315 316 318 323 329 330 342 343 347 350 351 354 359 367
9 313 324 326 340 345 346 353 368 374
21 320 321 327 328 332 333 337 338 341 344 347 349 351 352 354 356 361 362 369 371 374
20 315 320 326 329 330 333 345 347 348 349 350 355 356 361 365 367 368 369 370 373
30 313 315 316 317 318 320 321 322 323 326 327 330 336 338 340 341 342 343 348 349 353 356 358 359 362 363 367 371 372 374
18 315 322 323 324 327 328 331 335 339 344 346 349 351 352 359 362 367 369
11 318 321 329 339 342 352 355 362 364 370 372
7 322 336 341 347 350 353 362
21 316 321 324 327 333 337 338 342 343 344 345 350 352 357 363 368 369 370 371 373 374
17 315 320 326 329 330 333 336 347 355 356 361 365 366 367 369 370 373
16 314 319 320 322 323 329 330 332 336 338 339 344 345 360 368 370
12 315 324 334 336 349 350 353 354 369 371 372 373
12 327 329 331 341 344 346 347 350 360 365 366 370
10 315 322 329 331 334 335 340 343 348 365
7 314 319 328 343 345 359 360
19 315 320 322 326 329 330 333 336 345 347 348 350 355 365 367 368 369 370 373
10 326 336 338 339 346 349 356 361 362 368
8 315 331 339 344 350 357 360 368
6 320 325 332 349 354 365
9 320 329 341 346 351 352 360 362 367
21 313 318 322 323 324 333 334 336 337 338 340 341 342 344 346 350 361 364 366 372 373
21 323 327 328 332 333 337 338 341 344 346 347 349 351 352 354 356 361 362 369 371 374
23 315 317 319 320 321 324 326 330 334 335 339 340 344 345 347 350 351 352 354 356 357 358 365
25 315 317 319 322 323 327 329 333 339 340 343 345 347 349 351 352 355 356 357 362 363 366 367 369 372
15 313 318 319 321 322 327 328 332 335 344 345 353 359 363 374
14 315 316 318 320 323 329 330 332 342 351 354 359 367 369
17 314 320 329 332 334 343 348 351 354 355 356 361 365 366 367 370 373
10 314 315 341 343 353 356 357 370 371 373
16 317 318 324 329 331 332 334 336 346 348 349 350 357 364 365 371
10 316 324 329 334 339 340 343 346 354 367
17 319 320 322 328 332 339 343 345 346 348 351 352 355 356 359 368 370
7 330 335 342 346 347 353 364
37 314 316 319 321 322 323 324 325 326 328 330 332 333 334 335 336 337 339 343 344 345 347 350 351 356 357 358 360 363 364 365 366 367 368 369 370 374
16 317 318 324 326 332 334 336 346 348 349 350 354 357 364 365 369
6 322 336 347 350 353 373
9 313 321 326 342 356 362 363 364 372
3 314 358 361
10 318 324 327 334 348 349 354 356 365 370
11 327 329 331 346 347 350 352 353 360 365 366
23 313 315 321 322 323 324 327 328 331 333 338 339 342 344 346 349 351 352 359 361 362 367 370
13 314 318 319 322 327 328 335 337 342 345 363 364 374
12 314 320 328 330 337 338 339 340 356 358 360 370
28 314 315 317 319 322 323 324 325 326 329 330 338 340 341 345 346 350 352 355 358 359 360 361 364 365 367 370 372
18 313 321 323 324 327 331 342 344 346 352 354 359 360 361 362 367 368 370
19 313 315 316 319 321 322 325 327 333 335 341 343 344 347 351 359 367 372 374
10 315 331 338 339 341 344 345 350 371 374
29 313 314 316 319 323 324 326 330 333 335 336 343 344 345 348 351 355 356 357 364 365 366 367 368 369 370 371 373 374
16 315 318 322 325 326 327 338 345 346 347 354 356 358 364 367 368
18 316 320 327 328 332 334 337 339 342 344 347 348 349 351 356 366 368 369
22 315 317 323 325 327 328 330 331 332 336 338 341 343 344 347 348 349 350 351 360 369 373
6 317 331 334 346 360 364
9 317 318 321 326 340 342 347 359 371
13 320 324 329 334 339 340 341 343 351 352 360 362 367
9 314 315 318 319 322 334 340 364 365
14 313 314 321 328 331 332 334 343 351 352 355 365 367 368
10 313 321 326 327 328 342 346 347 353 369
23 314 317 318 319 320 326 329 330 332 337 341 343 348 350 353 357 363 364 365 371 372 373 374
15 319 322 323 330 332 334 340 343 349 351 354 355 357 367 369
25 316 321 324 327 328 329 331 333 338 339 342 343 344 350 351 352 355 357 363 366 368 369 370 371 373
12 321 322 329 337 339 342 352 355 362 365 370 372
16 316 320 323 324 329 334 341 343 346 351 352 355 360 361 362 367
14 313 316 324 326 333 334 335 340 346 353 357 358 371 374
22 314 317 319 322 323 326 329 330 333 338 340 341 346 353 355 359 360 361 364 370 371 372
7 322 333 335 340 348 351 371
13 317 321 327 330 333 340 341 357 358 360 362 367 374
10 313 324 325 336 342 349 354 361 365 371
10 316 325 327 328 335 337 340 344 352 357
18 315 319 320 321 330 334 335 339 340 344 347 351 352 356 360 365 368 373
20 320 323 327 332 333 337 338 344 346 347 351 352 354 356 361 362 370 371 372 374
15 317 318 324 326 331 332 336 346 348 350 354 357 364 365 369
13 327 328 329 331 336 344 347 350 352 360 366 370 374
11 317 326 327 331 333 338 344 347 358 363 367
14 319 321 324 325 326 332 333 337 340 343 344 349 351 354
12 328 330 338 340 345 353 360 361 362 363 370 373
11 319 323 324 333 337 340 344 349 354 359 374
11 317 323 328 330 334 343 350 359 363 370 374
8 313 329 334 342 364 368 369 370
10 319 323 324 325 326 333 337 343 344 351
4 331 358 361 372
7 313 334 342 364 367 369 370
30 314 316 319 320 325 326 329 330 332 334 337 340 341 343 345 347 348 350 353 355 356 357 358 363 364 365 366 371 372 374
10 313 318 324 326 327 349 358 364 366 373
26 313 314 316 322 323 325 328 331 333 336 337 338 341 342 343 348 349 353 355 359 362 363 364 367 371 374
9 314 319 322 328 331 348 352 365 372
13 318 322 326 333 339 341 348 350 356 359 363 369 373
12 327 328 341 344 346 347 350 352 365 366 370 374
16 320 325 330 331 338 340 344 347 349 350 354 359 364 366 367 368
11 313 317 319 322 327 328 330 332 335 359 364
22 314 316 319 320 323 324 329 334 336 340 348 349 354 355 358 359 361 362 365 366 367 373
6 314 316 318 320 324 333
19 321 322 323 327 328 331 333 335 338 342 346 352 354 359 360 361 362 367 370
9 320 325 337 345 346 352 353 371 373
11 317 318 324 327 334 342 348 349 355 356 365
18 315 319 322 323 330 332 334 335 338 340 348 351 354 355 357 358 369 371
9 314 317 320 325 332 340 348 354 365
8 327 328 332 339 340 341 352 354
18 314 315 317 318 320 327 328 331 338 345 346 348 356 358 363 365 366 372
15 314 315 320 327 328 331 335 339 345 355 356 358 360 366 372
30 313 315 316 317 318 321 322 324 326 330 336 337 338 340 341 342 343 346 352 353 354 356 358 359 360 362 363 367 372 374
25 313 316 317 318 320 321 322 323 327 330 340 342 343 352 353 354 356 358 360 362 363 367 371 372 374
23 314 316 317 319 320 323 324 329 332 334 337 343 348 349 351 354 359 361 362 363 365 366 367
24 314 317 318 319 320 325 330 332 334 336 337 340 341 353 355 357 363 364 365 366 371 372 373 374
20 314 316 319 323 325 329 330 331 336 338 343 345 346 347 353 354 365 369 370 374
9 320 329 331 340 341 342 352 361 362
9 315 326 333 337 345 353 363 371 373
13 313 315 316 319 322 329 330 337 339 344 345 355 370
15 327 328 329 331 341 346 347 350 352 353 360 365 366 370 374
5 314 343 359 360 368
10 318 319 329 337 339 342 355 356 363 370
11 314 323 328 330 337 338 345 360 362 368 370
18 323 325 327 330 331 336 338 341 343 344 347 349 350 351 359 360 366 369
18 315 320 321 322 326 329 333 336 345 349 350 355 361 365 366 368 369 370
5 318 346 360 363 364
12 313 323 324 325 336 342 349 353 361 365 371 373
17 320 323 328 330 337 338 339 340 345 352 353 356 358 360 361 363 373
6 314 328 343 359 360 368
11 314 317 321 330 332 335 337 342 359 363 364
15 315 322 323 326 330 335 336 341 347 358 359 360 361 364 372
22 319 322 324 325 326 328 330 331 334 336 340 350 354 355 360 361 363 366 367 368 369 372
18 314 321 325 329 330 331 336 338 339 343 345 346 352 353 356 367 370 374
11 321 326 327 338 340 346 349 356 361 362 368
15 314 317 327 328 330 331 338 343 348 349 350 354 359 366 369
12 313 314 319 331 335 336 337 340 362 369 372 373
8 324 326 336 340 356 362 364 368
7 314 316 318 320 325 337 368
10 322 333 338 339 341 344 348 350 356 359
10 325 336 342 349 350 353 354 369 371 372
11 317 320 331 338 340 342 346 353 361 362 372
14 319 321 323 324 332 333 337 340 343 349 351 354 361 374
5 314 331 358 359 372
11 327 328 336 344 346 347 350 352 360 365 370
12 313 316 319 335 336 340 342 344 361 362 369 372
17 315 317 319 321 324 325 326 329 330 340 345 353 358 359 365 367 372
13 315 320 331 335 347 348 351 352 354 358 370 371 374
20 320 321 323 327 333 337 338 341 344 346 347 349 351 352 354 362 369 370 372 374
21 313 318 322 323 324 329 334 336 337 338 340 341 342 344 350 355 361 362 364 366 372
4 317 318 346 360
5 315 317 337 344 360
9 321 324 327 336 338 340 356 362 364
6 341 347 350 353 362 373
8 318 338 341 344 345 350 368 374
18 319 320 322 324 325 326 330 331 336 338 340 350 355 362 363 364 367 368
12 318 326 332 333 341 345 346 354 356 358 368 371
11 313 314 315 335 343 345 353 356 357 358 371
13 321 324 326 327 336 338 340 346 349 356 361 362 364
11 313 319 323 324 338 351 353 358 359 372 374
8 327 328 335 337 341 343 344 354
4 314 358 361 372
9 313 324 334 342 349 350 353 361 373
26 316 318 320 327 328 331 332 334 335 336 337 339 343 344 347 349 351 354 356 357 362 366 368 369 373 374
24 314 316 317 320 323 324 329 332 333 334 336 337 340 343 349 351 354 358 361 362 363 365 366 370
15 320 323 330 338 339 345 352 353 356 358 360 363 368 370 373
13 320 322 335 337 339 343 346 351 355 356 366 368 370
9 324 325 326 337 349 351 354 359 374
13 328 337 341 346 347 351 352 354 356 361 362 372 374
6 316 330 332 356 363 367
7 322 336 341 347 350 362 373
13 315 316 318 323 325 329 330 342 343 347 351 359 367
16 314 317 319 321 323 326 345 346 350 352 353 358 359 361 367 372
18 313 316 321 324 326 328 330 332 334 338 341 342 346 353 354 358 360 371
16 320 321 323 327 328 332 333 344 347 349 351 352 361 369 370 372
15 315 320 322 326 329 330 333 345 347 349 355 361 365 369 370
9 319 322 335 341 348 352 363 370 372
13 314 325 328 331 338 343 344 347 348 350 351 366 369
14 315 316 318 323 325 329 332 342 343 351 354 359 367 369
7 318 325 338 339 341 344 368
16 314 316 319 331 335 336 337 340 342 344 355 360 362 369 372 373
16 317 318 324 326 329 331 332 334 346 348 349 350 357 365 369 371
12 326 329 331 332 336 348 349 357 364 365 369 371
24 313 315 316 317 320 321 322 323 324 327 330 336 337 338 341 343 348 349 352 353 356 360 372 374
9 319 326 330 334 347 353 356 361 364
3 331 358 372
5 316 326 327 330 332
7 313 317 333 334 344 366 374
8 333 334 345 355 357 366 373 374
15 315 322 325 326 327 332 333 338 341 345 351 354 358 364 367
30 313 314 316 322 323 325 327 328 329 331 336 337 341 342 343 348 349 353 355 359 361 362 363 364 366 367 369 370 371 372
13 327 329 331 336 344 346 347 350 352 360 365 370 374
14 314 327 328 330 331 336 338 341 343 347 348 349 366 373
6 322 333 335 348 351 371
22 315 318 319 321 322 324 326 328 333 334 336 337 338 341 344 345 347 349 355 362 367 368
19 313 316 326 327 328 329 333 337 343 344 345 352 358 364 365 366 368 369 370
19 318 322 324 330 332 333 339 341 343 346 349 353 354 356 359 366 370 371 372
41 314 315 316 317 318 319 320 321 325 328 329 330 333 334 335 336 337 338 339 340 342 343 345 348 351 352 353 355 356 358 359 360 363 365 367 368 369 371 372 373 374
30 313 316 317 318 319 322 323 325 327 329 331 335 341 343 344 346 347 349 351 354 357 358 359 360 361 365 367 369 372 374
21 314 319 320 323 325 327 330 333 336 338 342 343 344 349 350 360 365 367 370 373 374
39 313 314 315 317 318 319 320 321 325 326 328 329 335 337 338 339 342 343 344 346 350 351 352 353 354 356 358 359 360 361 362 363 364 366 367 369 370 372 374
28 314 315 316 317 318 324 325 329 331 332 333 335 340 341 342 344 347 348 350 351 355 356 357 359 361 365 367 372
31 313 314 316 322 323 324 327 328 331 332 335 336 338 340 343 345 346 350 351 353 354 355 356 358 362 363 365 366 369 370 371
29 313 314 315 318 320 323 324 325 327 328 329 331 334 335 338 340 343 344 346 349 350 352 353 356 360 363 365 370 372
29 315 316 317 319 322 324 325 326 329 330 331 336 338 339 345 347 348 349 350 352 353 355 357 358 360 365 367 369 372
39 313 316 317 318 319 321 322 323 324 326 331 333 334 335 336 340 341 343 345 346 347 348 349 350 352 356 357 358 359 361 362 363 364 367 368 369 370 372 374
39 314 315 317 319 321 322 326 329 331 334 335 336 337 338 339 340 343 344 345 348 349 350 351 352 354 355 356 357 358 361 362 363 364 366 369 371 372 373 374
42 313 314 316 317 319 322 323 325 327 328 333 334 335 336 337 338 339 341 344 345 346 347 350 352 353 354 356 357 358 359 360 361 363 364 365 366 367 368 369 371 372 374
29 313 314 316 322 323 327 332 333 334 335 336 337 338 344 348 351 353 354 356 357 359 364 365 368 369 370 371 372 373
38 315 316 317 320 321 323 324 325 327 332 334 335 336 338 339 342 344 345 347 348 350 352 353 354 356 357 358 361 362 363 365 366 367 368 369 370 371 372
39 313 314 315 317 320 321 322 323 324 325 326 327 329 330 331 332 333 334 336 338 341 343 344 345 347 348 350 351 352 354 356 358 362 363 364 365 366 368 374
25 314 317 322 325 326 328 330 332 339 347 349 352 353 354 355 356 357 358 359 361 362 363 368 369 373
24 314 316 318 321 323 324 326 328 331 332 333 337 343 347 349 351 353 354 355 363 365 371 373 374
43 313 316 317 318 320 321 323 324 325 326 327 328 330 331 336 337 338 339 340 341 342 343 348 349 350 351 352 354 355 356 357 359 360 362 363 364 367 368 369 370 371 373 374
28 314 315 316 317 320 322 326 327 328 333 334 335 338 339 341 344 346 347 348 353 356 357 359 361 363 364 366 371
29 313 316 318 322 323 324 326 327 328 333 336 338 343 346 347 350 351 352 353 354 355 361 364 365 367 368 369 371 373
41 313 315 318 319 320 321 323 324 325 326 328 331 333 334 337 339 340 341 343 345 347 348 349 350 351 352 353 354 355 357 358 361 362 364 365 366 367 368 371 372 374
29 315 318 320 321 323 328 329 330 331 333 336 340 343 345 347 348 349 355 356 357 360 361 364 366 368 369 371 372 374
24 317 323 327 331 337 338 342 343 344 346 347 350 353 355 356 358 359 361 362 364 365 369 370 374
26 313 314 317 321 326 327 332 333 335 338 342 343 344 349 350 352 353 356 357 359 360 363 364 372 373 374
43 315 316 318 319 320 321 322 324 325 326 327 328 330 332 333 334 335 336 338 340 341 343 344 345 346 347 350 351 353 355 356 357 361 362 364 365 366 367 369 370 371 372 374
32 315 317 320 321 323 325 327 332 333 334 335 336 337 339 341 342 344 347 348 349 351 357 358 360 361 365 366 367 369 370 371 374
19 315 316 319 320 329 330 333 335 338 340 345 353 354 355 357 358 364 365 371
23 316 317 318 319 321 322 323 326 328 331 333 334 338 342 345 346 354 358 363 364 366 370 374
36 313 315 317 318 319 321 322 323 324 328 330 334 335 338 341 342 343 344 348 350 351 352 353 354 355 357 358 359 360 361 364 365 367 369 372 373
33 314 315 316 317 321 324 326 330 331 337 339 340 341 343 346 347 348 349 351 352 355 358 359 360 362 363 364 365 366 368 369 372 374
37 314 316 317 318 321 322 324 326 327 328 329 331 334 336 337 338 339 340 341 342 343 344 347 348 349 350 351 354 356 357 361 363 364 366 370 371 372
36 313 314 315 319 322 323 324 325 326 327 328 329 330 331 332 335 337 339 340 342 343 344 345 349 354 357 358 360 362 365 366 367 369 370 373 374
26 315 319 322 324 327 329 330 334 335 337 338 340 343 346 347 348 349 350 351 354 356 359 361 367 369 373
32 313 314 315 318 319 320 321 325 326 329 330 331 333 334 335 336 337 341 347 351 352 355 357 358 359 360 364 367 369 370 371 374
34 313 314 317 318 323 326 327 330 333 334 335 336 339 340 341 342 343 344 347 348 350 352 355 357 359 361 362 365 366 368 369 372 373 374
27 313 317 320 328 329 331 332 333 335 338 339 340 346 347 348 350 352 353 354 358 359 360 361 362 364 370 372
36 315 317 318 319 320 323 324 325 326 327 328 332 333 336 337 339 341 343 346 347 348 350 352 354 355 356 357 359 360 362 366 368 369 370 371 373
24 315 316 317 321 322 323 328 329 333 335 336 338 339 340 342 349 354 355 356 357 360 364 369 374
21 313 314 318 320 325 330 334 335 337 346 349 350 355 358 362 363 367 369 372 373 374
27 318 321 322 323 326 329 330 332 334 335 337 338 339 342 343 345 346 347 351 355 356 357 360 365 372 373 374
31 315 324 329 330 331 332 338 341 342 343 345 346 347 348 349 350 351 352 356 357 358 360 361 362 364 366 369 371 372 373 374
33 314 315 316 318 319 320 328 331 333 338 340 342 344 345 347 348 350 352 353 354 357 358 361 362 365 366 368 369 370 371 372 373 374
39 313 314 315 317 318 320 322 323 324 325 327 328 330 333 334 335 336 338 339 342 343 344 345 348 349 354 356 358 360 361 362 363 364 365 367 368 369 370 372
35 313 315 317 318 320 324 325 326 327 329 331 332 333 334 339 340 341 343 346 348 349 350 354 355 356 358 359 360 363 365 366 367 368 369 370
28 313 318 319 320 321 323 324 325 330 337 341 344 347 349 352 354 355 356 359 361 364 365 367 368 370 371 372 374
35 314 316 317 319 321 323 324 328 329 332 333 334 337 339 340 342 344 346 348 350 352 354 357 358 359 360 361 364 365 366 368 369 371 373 374
38 313 315 316 320 321 324 325 327 328 330 331 332 334 336 337 338 342 343 345 346 347 348 349 351 353 356 357 358 360 361 362 363 364 368 370 371 373 374
27 314 315 317 319 320 321 324 326 329 330 331 332 335 337 341 343 346 347 352 354 361 367 368 370 372 373 374
23 314 318 319 325 327 330 342 344 347 349 350 352 354 355 358 360 362 363 369 370 371 373 374
32 313 316 319 320 325 326 328 332 333 334 335 336 337 340 341 343 344 345 347 349 351 355 357 360 362 365 366 367 368 369 371 374
24 314 318 320 328 330 331 334 339 340 342 343 346 349 350 358 361 362 363 365 367 369 371 372 373
36 314 315 317 319 320 321 322 325 327 328 329 330 338 339 340 341 343 345 347 348 349 352 353 354 356 358 360 361 362 363 365 366 368 370 372 374
20 313 317 322 325 327 332 333 337 338 340 341 345 348 352 355 358 360 364 366 371
41 313 314 315 317 319 320 321 322 325 326 327 331 332 333 334 339 340 342 344 345 346 347 348 349 350 351 352 353 354 357 358 361 362 365 366 367 368 369 371 373 374
31 313 314 315 316 317 323 324 326 330 331 332 333 335 336 338 341 342 344 346 348 349 352 353 356 357 359 360 361 364 365 374
34 314 315 316 319 320 323 324 325 326 327 328 329 333 336 337 340 342 344 345 351 352 353 355 356 357 358 361 362 364 365 367 368 370 372
30 315 317 320 323 325 327 328 331 332 333 335 336 337 342 346 349 350 351 352 358 359 360 361 364 365 366 368 369 371 374
20 324 327 329 332 334 335 336 342 343 344 345 350 351 355 358 360 364 367 368 374
26 313 315 317 326 329 331 332 334 335 336 337 343 346 347 349 351 352 355 357 359 360 363 366 371 373 374
36 313 314 317 318 319 320 321 322 324 328 329 331 334 335 336 338 339 340 342 350 351 353 354 355 357 358 359 360 361 362 367 369 370 371 372 374
40 313 315 317 318 319 320 322 324 325 326 327 328 329 330 331 332 334 336 337 339 340 341 343 347 348 350 351 352 354 357 359 360 361 362 363 364 366 367 369 370
20 316 320 321 324 326 328 330 333 338 339 345 346 349 356 357 359 366 367 369 371
19 322 325 326 331 334 336 342 343 344 345 347 352 356 360 361 362 365 366 371
26 315 316 317 321 325 327 328 330 331 332 334 336 337 338 342 347 350 355 358 361 362 364 368 370 372 374
29 313 316 319 320 321 322 326 327 328 330 331 333 335 339 341 342 344 356 359 360 361 362 363 365 369 370 371 372 373
28 315 316 317 319 321 325 326 328 329 331 339 341 342 343 344 345 347 348 352 353 354 357 360 366 368 372 373 374
33 314 317 320 323 324 328 329 331 332 335 336 337 339 341 343 344 347 348 349 353 355 357 359 360 361 362 363 364 367 368 369 371 373
32 317 318 319 320 321 323 329 330 331 332 333 334 335 339 340 341 342 344 351 354 356 357 358 360 362 363 364 365 366 368 370 374
22 314 317 320 322 325 326 328 329 331 333 336 347 348 351 353 355 358 365 366 368 370 373
41 313 314 315 316 317 319 321 322 323 324 325 326 327 328 329 330 331 332 333 334 336 337 338 344 346 350 351 352 355 356 357 359 360 363 364 366 367 368 370 371 372
29 313 315 320 322 323 324 325 329 330 331 332 333 336 337 338 340 342 344 354 356 358 360 361 365 367 369 370 372 374
25 313 317 318 320 321 326 327 328 330 334 335 336 342 343 344 348 350 351 352 357 359 361 367 368 370
29 313 316 318 319 320 321 322 328 330 331 332 334 335 336 339 341 343 344 347 348 352 356 360 361 364 366 372 373 374
34 315 316 317 318 319 320 321 322 324 325 328 329 330 331 333 334 339 344 345 348 349 351 353 356 357 359 361 363 364 365 366 372 373 374
28 315 317 318 320 323 324 325 326 330 332 333 334 335 340 341 343 344 348 349 352 354 361 363 365 366 368 369 370
20 313 319 320 322 323 327 330 331 333 334 335 336 337 339 349 352 357 359 368 372
32 313 317 320 321 322 324 326 332 333 336 337 338 339 340 341 342 343 344 347 348 354 356 357 359 362 363 364 366 367 372 373 374
33 313 315 317 318 320 321 323 324 325 327 329 330 331 334 335 338 339 340 343 344 348 352 353 354 356 357 361 363 365 367 368 370 373
33 313 320 321 323 326 329 330 331 332 333 335 336 338 339 341 342 343 344 345 346 351 352 354 357 359 360 361 366 369 370 372 373 374
26 313 314 316 317 319 323 327 329 334 335 336 337 338 339 342 344 346 352 353 354 356 357 358 359 362 367
26 313 316 319 322 326 330 331 334 342 344 345 346 351 352 353 355 360 362 363 365 366 367 369 370 372 373
33 313 314 315 316 318 321 322 323 324 325 327 328 333 334 335 336 346 350 351 353 354 356 360 363 364 365 366 368 369 371 372 373 374
24 313 314 318 320 322 326 327 329 332 333 335 338 345 347 353 356 358 360 361 366 367 368 369 372
36 313 315 316 317 319 320 323 328 329 330 331 334 335 336 337 338 339 340 341 342 345 351 352 353 355 356 357 358 360 362 363 364 365 371 373 374
33 313 315 316 317 320 327 329 331 333 334 335 337 339 340 342 344 345 347 348 349 358 359 360 362 363 364 366 367 369 370 371 373 374
29 313 315 318 320 323 325 326 328 330 331 333 334 339 340 342 343 347 350 351 354 355 357 358 361 362 363 364 369 371
28 313 314 316 317 320 325 326 327 329 331 336 337 338 341 343 345 346 350 353 355 358 360 364 366 370 371 373 374
30 313 314 315 319 323 324 325 326 330 335 336 337 339 340 341 343 346 350 351 352 353 355 356 357 359 361 362 366 370 374
29 315 317 319 322 323 328 333 334 336 337 338 339 340 341 342 344 345 348 349 350 352 354 355 358 362 364 365 368 370
35 315 316 317 318 321 323 324 326 327 328 329 331 332 334 335 338 340 343 344 345 347 348 353 359 361 362 363 364 366 368 369 370 371 372 374
36 313 314 315 316 317 319 322 323 324 325 326 328 329 331 332 335 336 337 338 340 344 346 347 348 354 357 359 360 361 363 366 367 368 371 372 373
28 316 318 323 328 329 336 339 340 342 343 346 348 350 351 353 354 356 359 361 362 365 367 368 369 370 371 372 374
27 314 317 320 323 325 326 332 333 334 335 336 338 340 343 345 349 350 352 357 359 361 363 365 366 367 370 374
24 315 316 318 328 329 335 336 337 340 341 344 349 350 352 353 354 355 359 361 363 364 369 371 373
27 314 316 320 321 322 329 331 336 339 341 342 343 345 348 349 350 357 358 362 363 364 365 366 367 368 373 374
34 314 315 317 318 319 320 325 327 329 330 332 333 334 336 338 339 340 341 342 347 348 353 354 356 357 358 360 361 362 364 365 366 369 372
38 313 315 316 319 320 321 324 325 326 327 329 331 332 338 340 341 342 343 344 345 348 350 351 352 353 354 355 356 357 360 365 367 368 369 370 371 372 373
36 314 315 316 317 318 322 323 330 332 333 335 336 337 338 339 341 342 343 346 348 349 350 351 352 353 354 357 360 363 365 367 368 369 370 371 374
22 313 322 323 325 326 328 330 334 338 340 346 347 348 352 355 358 360 363 367 369 372 373
19 313 314 315 323 328 329 330 333 338 341 344 350 352 358 361 362 366 370 372
23 315 318 319 323 324 325 331 334 335 337 338 340 341 347 348 352 354 357 358 363 365 366 374
33 316 317 319 320 321 322 327 328 329 330 331 333 334 338 339 341 344 345 346 347 348 349 352 353 354 359 360 361 365 366 367 369 374
33 313 314 315 316 317 322 324 325 327 328 330 333 335 340 341 342 345 348 349 353 355 356 358 359 361 363 365 366 367 368 369 370 372
25 313 315 318 319 320 322 324 326 331 333 334 337 340 343 344 350 353 357 362 363 365 366 368 371 374
29 313 314 316 317 318 321 322 330 331 335 338 339 340 341 342 344 347 350 353 354 359 360 361 362 364 367 368 372 374
40 319 321 325 326 327 328 329 330 331 332 333 334 335 336 337 338 341 342 344 347 348 349 352 353 355 356 358 359 361 362 364 365 366 367 368 369 370 371 373 374
20 315 316 318 320 322 324 330 332 334 335 338 339 344 350 352 353 356 362 367 372
22 313 317 321 327 328 330 331 332 337 345 346 348 349 350 355 366 368 369 371 372 373 374
29 314 315 316 319 322 327 331 332 335 339 341 343 344 345 346 348 349 350 351 352 353 354 355 357 358 362 363 364 372
25 315 316 320 325 330 332 336 337 339 341 343 345 347 348 349 357 358 361 362 366 367 368 369 370 374
40 313 314 315 316 320 321 322 324 326 328 329 330 332 333 335 337 338 342 343 345 346 349 350 351 352 353 355 357 358 359 360 361 364 366 367 368 369 370 371 373
21 314 315 319 322 326 327 331 332 333 334 336 337 339 343 349 353 356 359 361 364 370
19 314 315 316 323 324 326 329 330 332 334 340 341 355 356 360 362 364 366 373
40 315 316 317 318 319 320 321 322 325 328 329 332 333 334 335 336 338 339 340 341 344 347 350 355 356 357 358 360 362 363 364 366 367 368 369 370 371 372 373 374
36 313 314 315 319 320 322 323 324 326 327 328 330 331 332 335 337 339 340 342 344 345 346 349 351 353 356 358 360 361 362 364 368 369 370 371 373
25 320 325 326 331 333 335 336 343 346 347 348 351 352 356 357 359 360 361 362 364 367 369 371 372 374
20 316 318 320 322 331 333 335 341 342 344 348 351 352 353 355 357 363 369 371 372
37 313 315 317 318 319 320 321 324 325 326 327 330 331 333 334 335 336 339 340 342 344 346 347 348 350 351 355 357 361 362 363 364 370 371 372 373 374
26 315 316 317 318 319 322 323 325 327 329 330 336 337 345 346 351 352 354 356 357 360 363 367 368 370 374
36 313 314 316 317 318 322 324 325 327 328 330 331 334 335 337 338 340 342 344 345 346 348 349 352 353 357 358 360 363 364 365 368 369 370 371 374
32 314 315 316 320 324 325 328 334 337 338 339 340 345 346 347 349 351 352 354 355 356 357 358 360 361 362 365 366 368 371 373 374
35 314 315 316 317 321 322 323 324 325 326 327 329 331 333 335 336 337 340 341 343 349 350 351 353 354 356 357 358 360 363 369 371 372 373 374
28 314 316 323 324 326 327 328 331 332 335 336 339 342 344 346 347 348 351 355 358 359 362 364 365 366 367 368 369
39 313 315 316 317 319 320 321 322 323 324 325 326 327 329 330 332 333 336 337 339 340 341 345 347 348 351 353 355 356 358 359 360 362 363 365 366 369 371 372
37 317 318 323 325 326 327 328 329 330 331 333 335 336 337 338 340 341 342 345 347 348 349 350 352 354 355 356 358 360 362 363 365 367 368 371 372 373
36 314 315 318 319 322 323 324 326 327 329 330 332 334 338 339 341 342 345 347 349 350 351 352 353 355 358 360 362 364 365 368 369 370 371 372 373
39 313 314 315 316 319 320 321 325 327 328 330 331 335 337 338 339 340 341 342 343 345 346 348 349 350 352 353 354 355 356 361 362 363 364 365 366 369 372 374
22 316 321 323 325 327 329 335 336 340 342 343 349 351 356 358 360 362 363 367 369 370 372
40 313 315 316 318 319 320 322 323 324 329 332 333 334 336 338 341 342 343 344 346 347 348 351 352 353 354 355 356 357 358 359 360 361 362 363 365 368 369 370 373
37 313 315 317 319 321 323 325 327 329 331 332 334 335 337 339 340 341 343 344 345 346 348 350 351 353 354 355 356 357 360 363 365 366 367 372 373 374
31 313 316 321 323 324 325 327 330 332 333 334 337 338 339 341 345 347 348 350 351 353 355 356 357 358 360 362 366 367 369 372
36 315 316 317 320 321 322 323 324 329 330 332 333 335 336 338 342 343 344 345 347 349 350 351 356 357 359 360 361 364 365 367 368 369 371 372 374
24 315 317 320 321 327 329 330 332 334 340 342 343 348 351 354 355 357 359 362 363 365 367 368 373
26 313 314 316 318 319 320 323 327 328 331 332 333 335 336 338 339 342 346 351 355 360 362 367 370 371 374
33 314 315 318 319 323 325 326 327 328 329 331 332 334 335 336 339 341 342 344 346 348 349 350 353 360 362 364 365 367 368 369 371 373
21 314 316 319 327 329 332 336 340 341 342 347 349 351 354 357 360 361 364 365 366 373
28 314 316 319 320 322 323 325 326 327 328 330 331 334 336 337 341 342 343 346 349 350 351 354 356 363 371 372 374
27 317 319 320 321 324 330 332 333 334 337 339 340 341 342 345 346 347 350 352 353 355 359 368 369 370 372 373
41 314 315 317 318 320 321 322 324 326 328 330 331 332 333 334 335 336 337 339 343 344 345 348 349 350 351 352 353 355 356 358 360 361 362 363 364 365 367 368 369 371
31 314 316 318 319 323 328 330 331 338 339 341 347 348 349 350 352 354 355 356 358 359 360 361 363 364 365 366 368 369 371 374
21 314 321 326 328 331 332 337 340 341 342 344 345 347 349 355 358 363 365 367 369 370
36 314 318 319 321 325 326 327 329 330 331 332 333 334 335 336 338 339 341 346 347 348 349 354 357 358 360 361 362 364 365 367 368 369 370 372 373
26 314 315 316 319 320 321 325 333 334 336 338 340 341 344 345 346 352 355 356 358 362 367 369 370 371 373
24 314 315 317 318 320 321 322 323 326 327 328 334 337 343 349 351 352 353 354 358 363 366 370 374
40 314 316 317 318 319 320 321 322 325 327 328 329 330 331 332 334 337 338 340 342 343 345 352 354 355 356 357 358 359 360 361 362 363 365 367 369 370 372 373 374
37 313 316 317 318 319 320 321 324 325 326 328 329 333 337 340 341 342 343 345 347 348 351 352 353 354 355 356 358 359 360 362 366 367 368 371 372 373
19 313 315 318 321 325 333 334 336 342 343 344 347 350 354 359 362 364 370 374
29 313 317 318 319 320 326 327 328 330 331 332 333 335 337 338 340 341 342 343 349 350 351 352 356 358 361 363 364 370
20 313 317 320 325 329 330 333 337 340 342 343 349 350 354 359 363 364 365 368 374
24 315 316 319 320 323 325 327 328 331 332 334 339 340 347 352 354 355 356 357 360 362 365 369 370
27 313 314 315 317 318 322 325 326 327 328 333 335 336 337 338 340 344 352 355 357 360 361 363 367 370 371 372
34 313 314 315 316 317 321 323 325 326 329 330 331 332 334 336 337 338 342 343 345 347 349 351 359 360 361 362 363 365 367 368 370 373 374
40 313 314 315 316 319 320 321 323 324 325 326 329 330 331 333 334 335 337 338 340 341 342 344 345 347 348 349 350 353 356 357 360 362 365 366 369 371 372 373 374
42 313 314 315 318 319 320 321 324 325 326 327 328 329 332 334 335 337 338 341 342 344 346 347 349 350 354 355 356 357 358 359 360 361 363 364 367 368 369 371 372 373 374
36 313 315 319 320 322 325 326 327 330 333 335 336 337 338 339 340 341 342 343 345 346 348 349 350 351 352 354 355 356 358 360 361 363 369 372 374
29 314 315 316 318 321 322 324 325 327 332 337 339 340 341 342 343 347 348 349 353 356 359 360 363 364 365 368 373 374
38 313 314 315 320 321 322 324 325 326 329 331 333 334 340 341 343 344 345 347 348 349 350 353 355 356 357 358 359 361 363 364 365 366 370 371 372 373 374
27 313 314 315 317 319 321 325 327 328 330 331 335 343 347 349 354 355 356 357 358 360 363 365 368 369 373 374
26 314 316 321 324 330 332 333 334 335 341 343 344 345 347 350 351 354 357 358 362 365 366 367 368 371 373
41 313 314 315 316 318 320 322 324 325 328 329 330 331 332 335 336 338 341 343 344 346 347 348 349 352 353 355 356 357 358 359 360 362 365 366 367 368 369 371 372 374
21 313 316 319 323 331 333 335 336 337 342 349 350 355 358 360 361 363 364 366 369 372
43 313 314 317 320 324 325 326 327 330 332 333 337 338 339 341 342 344 345 346 348 349 351 352 353 354 355 356 357 358 359 360 361 362 363 364 365 368 369 370 371 372 373 374
31 313 315 319 320 321 323 324 325 328 330 331 332 334 337 341 342 343 346 351 353 354 358 359 362 363 366 367 370 371 373 374
38 313 314 315 316 317 319 321 322 323 325 326 327 328 333 334 335 338 339 340 342 343 346 350 352 354 357 358 359 362 364 365 366 368 369 370 372 373 374
19 313 315 316 319 320 322 323 329 331 337 341 347 348 352 353 356 364 367 369
31 314 318 319 321 323 324 326 329 330 333 334 338 340 341 345 346 347 348 350 355 356 357 359 360 361 366 367 368 369 370 372
21 314 318 324 327 328 332 335 340 341 343 346 348 349 353 360 363 364 370 371 373 374
28 315 316 317 318 319 323 324 327 330 332 335 336 340 344 345 346 349 351 352 354 355 357 358 359 369 371 372 374
18 318 319 324 334 335 336 342 343 355 356 357 360 361 364 365 368 372 373
33 313 314 316 318 320 321 322 325 327 330 332 335 336 337 338 339 342 343 344 347 349 350 351 352 354 355 357 361 362 364 367 371 374
30 313 317 320 321 328 329 330 331 333 334 335 337 338 339 342 347 348 349 350 351 353 357 360 362 363 365 367 368 369 373
30 314 315 320 321 322 323 326 327 329 330 332 333 338 340 342 343 344 346 354 357 359 360 361 363 364 369 370 372 373 374
39 313 314 315 316 317 318 319 321 322 323 325 326 333 336 337 338 339 340 341 343 344 346 347 348 349 350 351 352 354 355 358 359 361 364 365 366 367 372 373
39 313 314 316 318 319 320 321 322 324 327 328 330 331 334 335 336 337 338 339 340 341 343 344 345 346 347 349 351 352 354 356 357 358 359 361 362 363 367 369
23 316 320 322 323 328 329 332 333 334 337 342 348 350 352 353 354 357 358 363 364 365 367 369
41 313 314 316 317 318 319 320 322 324 325 326 327 328 329 330 331 335 336 338 341 342 343 344 348 349 350 351 352 354 356 357 358 359 361 364 367 368 370 371 372 373
40 313 314 315 316 317 318 320 321 323 324 325 330 332 335 336 337 338 339 340 341 342 343 345 346 347 348 349 350 355 356 360 361 362 364 365 366 369 371 373 374
27 316 321 322 323 324 325 328 330 331 333 340 341 345 349 351 355 356 358 360 366 367 369 370 371 372 373 374
36 313 315 317 318 319 320 321 323 324 326 328 330 332 336 337 339 340 341 343 344 345 346 350 352 354 355 356 357 360 361 363 365 370 371 372 374
32 313 314 320 321 324 331 332 335 336 337 340 343 345 346 347 348 349 350 351 355 356 357 358 360 361 362 363 364 366 370 371 374
19 315 318 319 324 326 328 333 337 343 345 347 348 351 352 358 359 362 369 373
21 313 314 319 321 322 324 325 326 331 332 335 336 344 345 349 351 355 356 359 361 365
23 313 318 322 325 328 329 332 334 337 339 347 348 350 351 354 357 358 359 362 363 364 368 374
24 317 318 321 322 323 324 328 331 332 333 334 339 340 341 344 348 349 352 353 354 363 364 367 374
31 313 314 316 317 323 325 326 328 330 331 332 333 334 335 336 337 340 342 349 351 355 357 358 361 362 363 366 367 368 369 373
19 314 321 325 330 331 333 344 345 348 353 354 355 357 358 364 366 371 372 373
25 315 316 318 321 324 325 333 334 335 336 340 341 342 343 346 349 352 353 355 356 357 362 363 366 370
34 313 314 315 317 318 319 320 322 326 329 331 332 333 336 338 339 340 341 343 349 353 356 357 358 359 362 363 365 366 367 368 369 372 374
35 314 315 316 317 320 322 323 324 326 327 330 335 336 337 338 339 340 342 343 345 346 349 350 351 356 360 361 364 365 366 368 369 370 372 373
27 316 317 321 322 323 324 325 326 328 330 331 332 337 338 340 342 345 347 349 353 354 355 357 364 367 371 372
26 316 319 320 321 322 323 324 325 326 329 331 332 339 341 348 353 354 361 362 363 364 365 366 370 372 374
40 313 314 315 316 318 320 321 322 323 324 325 327 329 330 331 332 333 334 335 336 338 339 340 341 344 345 347 348 350 351 352 355 357 358 360 363 364 367 371 372
30 314 316 317 319 321 322 323 325 329 330 331 332 335 336 338 341 342 344 345 346 347 349 352 353 360 363 364 366 369 372
19 317 322 324 327 328 329 330 331 333 335 340 344 353 357 360 367 368 370 373
35 313 316 317 318 320 326 328 329 331 332 333 334 335 337 338 339 340 341 342 344 346 347 348 350 351 352 353 356 359 360 363 364 368 370 374
35 313 314 315 317 319 320 321 324 328 329 331 332 335 336 338 339 340 341 343 344 346 347 350 351 352 353 355 356 357 359 362 364 369 370 373
28 313 314 315 320 328 330 331 332 334 335 337 339 340 341 343 345 346 351 352 353 356 360 364 367 369 370 371 372
33 313 316 319 321 323 325 333 334 337 338 339 341 343 347 348 349 350 351 353 356 357 358 359 361 362 363 364 365 367 368 370 371 373
36 313 315 316 317 318 321 326 330 332 333 335 337 339 340 343 344 345 347 348 349 350 352 353 354 355 356 357 358 361 362 363 365 368 371 372 373
18 315 316 318 319 320 326 327 333 334 336 337 339 340 344 351 353 357 371
19 313 318 320 323 325 326 329 330 331 332 343 347 352 353 354 357 359 360 370
33 313 316 318 322 325 327 330 333 335 338 339 340 342 343 344 345 347 348 350 351 354 355 356 357 358 360 362 364 365 366 368 369 373
31 314 315 317 319 320 321 323 325 327 328 329 331 332 336 338 345 346 347 349 350 355 356 357 358 359 360 363 364 366 368 374
29 313 321 322 323 326 327 328 329 331 334 335 337 338 339 346 351 353 354 356 358 359 360 361 362 363 365 367 370 373
29 314 316 318 320 324 326 327 328 329 335 336 337 342 343 345 346 347 349 350 352 356 357 358 360 362 369 370 372 373
38 316 317 318 319 321 322 324 327 328 329 331 333 335 336 337 338 340 341 343 346 347 348 350 351 352 354 356 359 360 361 363 364 365 366 368 372 373 374
26 317 327 330 334 335 336 339 341 342 343 346 352 355 356 357 358 359 360 361 362 363 366 368 369 372 374
32 313 314 317 319 320 322 323 326 328 329 331 332 333 337 341 342 344 345 348 351 352 355 357 359 361 362 363 364 365 368 369 372
19 315 319 323 326 330 332 333 342 346 349 354 355 356 359 363 365 368 369 373
38 315 316 321 322 324 329 331 332 333 335 336 338 339 340 341 342 343 344 346 348 350 351 353 354 355 356 357 358 361 362 363 364 365 366 367 371 373 374
27 316 317 318 319 320 325 327 328 331 332 336 337 339 340 342 343 345 346 348 355 359 362 363 365 366 367 371
23 313 314 315 316 318 324 332 333 334 336 338 339 341 343 345 350 355 358 361 367 368 370 372
25 313 316 317 321 325 327 331 333 336 337 338 342 343 347 352 353 355 356 359 361 362 364 365 367 370
31 315 318 321 323 325 326 327 328 330 331 332 337 339 341 347 348 349 350 353 354 355 358 359 361 363 364 366 367 368 369 370
33 313 314 316 317 318 322 323 324 327 328 329 332 334 335 337 339 345 347 348 350 352 354 355 363 364 365 366 368 369 370 371 372 374
40 317 319 322 323 324 325 326 327 328 330 331 332 333 334 335 336 337 338 343 344 345 346 348 349 350 353 354 356 358 359 361 362 364 366 367 368 369 372 373 374
31 313 315 317 320 322 323 324 325 326 327 332 333 338 339 341 343 344 350 352 355 358 359 360 361 363 365 366 368 370 372 374
28 315 317 318 320 322 324 325 326 330 334 338 342 343 344 346 347 349 351 352 353 354 359 364 367 369 370 372 374
28 313 314 316 317 318 319 320 321 323 327 329 332 336 337 338 343 345 347 349 357 361 363 365 366 368 371 372 373
33 314 315 316 317 321 322 327 330 332 333 337 338 342 343 344 345 346 347 349 350 351 354 355 357 359 363 364 365 366 367 371 373 374
40 313 314 315 317 318 319 320 321 322 323 326 327 330 331 332 334 336 337 338 339 340 347 349 350 352 353 354 355 356 357 358 359 361 363 364 365 366 369 370 371
41 313 314 316 317 318 319 320 321 323 325 326 328 329 330 333 335 336 337 341 342 345 346 347 348 349 351 354 355 358 359 361 362 363 364 365 366 367 369 371 372 374
29 315 317 319 323 325 327 328 329 332 333 334 339 345 346 349 351 352 353 355 357 360 361 362 364 367 368 369 372 373
24 313 325 326 327 329 331 336 338 339 340 345 347 348 351 352 354 355 357 358 360 363 367 368 369
38 313 314 316 318 320 322 323 324 325 326 328 330 331 332 336 337 338 340 343 344 345 347 349 351 352 353 354 355 357 358 359 360 365 366 369 370 373 374
18 314 319 321 323 324 331 333 335 336 338 340 347 350 351 352 359 372 374
24 313 320 323 327 330 332 334 339 341 342 345 346 350 351 355 358 362 363 364 366 367 369 371 372
21 313 315 318 320 321 322 327 330 341 346 353 356 358 360 361 363 365 367 368 373 374
41 313 315 316 317 318 319 322 323 324 325 326 328 331 332 333 334 335 336 337 338 339 340 342 343 344 345 348 349 350 351 353 357 358 359 360 361 365 366 367 368 372
35 314 317 318 319 320 323 324 326 334 335 337 338 339 341 343 345 346 347 348 349 350 351 352 355 356 357 358 362 363 368 369 370 371 373 374
40 313 314 315 316 318 319 320 321 322 323 324 326 329 330 332 336 337 338 339 340 341 343 346 353 354 355 356 358 359 360 361 362 363 364 366 367 369 371 372 373
38 314 315 316 319 321 322 323 327 330 334 335 336 338 339 341 342 344 346 348 351 353 354 355 356 357 359 361 363 364 365 366 367 368 370 371 372 373 374
34 313 315 320 321 324 325 326 330 332 333 335 338 339 340 344 345 347 348 350 353 354 355 357 359 360 362 363 364 365 366 367 372 373 374
27 319 321 328 331 332 335 336 337 340 343 344 346 347 348 349 350 351 354 358 360 361 363 365 369 371 372 373
37 315 316 317 319 320 324 325 329 331 332 334 335 336 337 338 339 340 341 343 344 345 348 349 350 352 353 354 355 358 360 361 366 367 369 370 371 372
22 313 314 316 318 322 325 329 330 332 334 340 344 346 350 361 362 365 367 368 370 371 372
42 313 314 315 316 317 318 320 321 322 324 325 326 328 329 335 336 337 338 339 340 342 344 345 347 348 353 355 357 360 361 362 363 364 365 366 367 368 369 371 372 373 374
26 314 317 318 320 327 328 331 332 336 337 338 342 344 345 350 353 354 355 357 358 361 364 365 366 369 373
33 315 316 317 318 319 322 323 325 327 328 330 334 335 336 337 338 342 343 344 345 346 347 348 351 354 358 360 363 365 366 368 373 374
38 315 317 319 321 322 323 324 325 326 327 329 330 331 332 335 336 338 339 343 344 345 347 349 350 351 352 353 355 356 359 360 365 366 368 369 370 371 373
34 313 317 320 321 323 324 326 327 329 330 333 334 335 338 340 342 343 346 348 350 354 355 356 358 360 361 362 363 364 365 366 370 371 373
39 313 314 315 317 318 319 320 321 322 326 327 332 334 335 337 338 339 340 341 342 343 344 345 348 349 350 351 352 355 356 357 359 360 365 366 368 369 370 374
40 313 314 315 316 319 320 324 325 326 330 331 332 337 338 340 341 343 344 345 346 348 351 354 355 356 358 359 360 361 362 363 364 365 366 367 369 370 371 372 373
25 313 316 318 321 322 323 327 329 330 331 334 335 340 342 344 347 348 349 353 359 360 364 372 373 374
40 314 315 318 321 322 323 326 327 330 331 332 333 336 337 338 339 340 341 343 344 346 347 348 349 351 352 353 357 359 361 362 363 364 366 367 368 369 370 373 374
35 313 316 318 320 323 326 327 328 329 332 334 335 336 340 341 342 343 348 349 352 353 355 357 358 359 361 362 363 364 365 368 369 370 371 374
33 314 316 317 319 323 325 326 330 331 332 333 334 336 337 338 340 342 343 344 346 347 350 351 352 354 358 362 363 364 366 371 372 373
23 317 319 321 324 325 330 334 335 338 339 340 342 351 353 354 355 359 360 362 367 368 371 374
40 313 314 315 316 317 318 320 321 324 325 326 327 328 329 332 333 334 335 339 340 341 343 344 346 349 350 351 355 356 357 358 359 360 362 364 366 367 372 373 374
40 316 317 318 319 320 322 324 326 327 328 329 330 334 335 336 337 338 340 341 343 344 345 347 348 351 354 355 357 358 360 361 362 364 365 366 367 368 369 373 374
33 313 314 316 320 323 325 326 329 330 332 333 334 335 336 337 339 340 341 342 344 349 350 351 352 357 358 360 362 363 367 368 369 370
39 313 315 316 318 319 321 322 323 324 325 326 327 329 330 331 333 334 336 338 342 343 344 348 349 350 351 352 355 356 358 359 360 362 363 365 366 367 369 370
32 314 319 323 324 326 327 328 329 330 331 333 334 337 338 340 342 345 347 348 349 350 353 357 358 359 361 362 363 368 370 372 373
41 313 314 315 317 318 319 320 321 323 324 327 329 330 332 334 335 336 337 338 339 341 342 344 345 346 347 349 353 354 355 356 357 358 359 360 362 364 365 366 368 370
37 314 315 316 317 318 319 320 321 322 323 324 328 329 332 333 336 339 340 341 342 343 344 345 346 347 349 351 353 354 355 357 361 363 364 365 373 374
20 315 316 318 320 334 335 336 342 343 345 348 351 352 357 358 362 363 364 365 371
19 314 315 322 333 336 338 339 340 348 353 355 359 360 362 363 365 368 373 374
42 313 314 315 316 317 318 319 320 321 323 325 328 330 331 332 333 334 335 336 338 342 343 344 348 352 353 355 356 358 359 360 361 363 365 366 367 368 369 370 371 373 374
41 313 314 316 317 318 320 321 324 325 326 328 329 331 332 333 336 337 340 343 344 346 347 348 350 352 353 355 356 357 358 360 362 363 365 366 367 368 369 371 373 374
32 313 314 315 317 318 319 322 325 326 328 330 333 335 342 343 345 347 348 349 350 351 352 356 357 361 362 364 366 367 368 370 373
18 315 318 320 321 325 334 337 341 344 348 350 360 363 367 368 369 371 374
26 313 316 317 325 326 328 332 333 334 335 337 345 348 349 350 354 355 356 358 359 362 366 368 371 372 374
36 313 316 317 319 320 321 323 324 326 327 329 330 332 334 337 343 344 345 346 347 348 349 350 351 353 355 356 357 359 362 363 364 365 368 371 373
20 315 316 326 327 328 329 336 337 338 342 343 345 347 350 352 355 356 365 372 373
36 313 315 317 318 319 321 322 323 325 327 329 330 331 332 334 337 338 340 341 342 343 344 345 346 350 352 354 355 362 363 367 368 369 370 373 374
19 313 314 315 323 325 331 336 337 343 346 348 349 350 353 356 359 364 369 374
38 313 315 316 317 318 320 321 323 324 325 326 328 332 333 334 335 336 338 339 343 344 345 348 350 351 352 355 356 359 361 364 366 368 369 370 372 373 374
25 313 315 316 322 323 324 329 331 333 335 338 340 342 344 346 347 349 355 357 359 361 363 366 372 373
19 315 316 321 323 328 331 332 336 337 342 344 346 347 350 358 359 360 367 374
36 313 314 315 316 317 320 324 325 328 330 332 333 334 335 337 338 340 343 345 346 350 351 354 355 356 357 358 362 363 365 366 368 369 370 371 372
40 313 315 316 320 322 323 324 325 326 328 329 330 331 332 333 334 336 337 338 340 342 343 344 346 348 349 350 354 356 357 359 360 361 362 364 365 366 371 372 373
42 313 315 317 318 319 320 321 322 323 325 327 328 329 330 331 332 334 335 337 339 340 341 343 345 346 347 349 350 351 354 355 356 358 359 361 363 364 367 368 369 370 374
19 314 317 322 325 329 331 337 338 339 341 346 347 349 352 358 359 369 371 372
24 313 318 319 322 326 332 334 335 338 339 343 346 349 350 351 354 355 356 361 365 366 367 373 374
20 315 316 318 319 326 327 332 334 336 338 339 340 344 352 353 357 358 361 369 373
41 314 317 318 319 320 321 324 325 326 327 328 331 332 333 334 335 336 340 341 342 343 344 346 347 348 349 350 351 352 355 356 357 360 362 365 367 368 369 370 371 373
26 314 315 325 326 327 328 330 338 339 341 342 344 345 348 351 352 355 356 359 361 363 366 369 370 371 374
43 313 314 316 317 318 319 320 321 322 323 324 325 327 328 329 330 332 333 334 335 336 337 338 342 343 344 345 347 349 350 351 352 353 354 356 361 363 364 365 368 370 371 372
40 313 314 316 320 321 322 323 325 326 328 329 330 331 332 333 334 335 338 341 342 343 344 346 347 350 351 352 356 357 359 361 362 363 364 365 366 367 368 371 374
24 313 319 321 322 324 325 331 333 334 335 339 346 347 350 353 357 358 362 363 364 366 371 372 373
34 314 316 317 320 325 326 328 329 330 331 332 333 336 339 340 343 344 347 349 350 351 352 354 355 356 360 362 363 365 366 367 368 370 371
22 317 322 325 328 329 330 331 335 338 339 340 342 347 348 352 353 357 361 363 364 372 373
22 313 315 321 323 325 331 332 335 337 338 342 343 344 352 354 355 356 357 359 360 364 366
37 313 315 320 322 323 324 326 328 329 333 334 335 338 339 340 341 344 345 346 348 350 351 352 353 354 355 356 357 359 361 363 364 365 366 368 369 372
42 313 314 315 316 317 318 319 320 322 324 325 326 327 329 333 334 335 336 338 339 341 342 343 344 346 349 350 351 354 356 357 359 360 362 363 365 366 367 368 370 373 374
23 320 326 329 330 331 332 333 336 337 341 343 349 350 354 359 361 363 364 366 370 372 373 374
30 313 315 316 317 318 319 322 324 325 331 332 333 334 338 340 341 342 343 346 348 349 359 360 361 365 366 367 370 371 373
27 313 315 316 319 320 322 326 330 332 336 337 338 340 343 344 345 349 352 353 357 359 361 363 365 371 372 374
43 313 314 315 316 317 318 319 320 321 322 323 324 325 327 329 330 332 333 334 336 337 338 339 340 342 345 346 348 349 350 351 353 354 355 360 362 363 365 366 367 368 370 372
40 313 315 316 317 320 322 324 325 327 331 332 333 334 336 337 338 340 341 342 343 346 347 349 350 351 352 353 355 357 358 359 360 364 365 367 369 371 372 373 374
34 316 318 320 322 323 327 328 330 332 333 334 335 338 339 340 341 342 348 349 350 351 359 361 362 363 364 365 367 368 369 370 371 372 374
19 313 322 325 327 329 334 336 344 349 350 351 358 360 365 367 370 371 373 374
22 313 314 319 322 326 327 333 336 342 343 346 348 352 353 356 358 360 361 362 363 366 367
24 313 314 317 318 322 324 327 329 331 333 338 341 343 347 348 351 353 355 358 367 370 372 373 374
31 313 318 319 323 325 329 333 335 336 337 339 340 342 343 347 348 351 352 353 354 355 356 357 359 360 361 364 368 369 372 373
31 313 318 321 323 325 327 330 331 332 335 336 338 339 340 341 343 344 346 351 352 360 361 363 364 365 366 368 369 370 371 372
39 313 314 315 321 322 323 327 328 329 330 331 334 335 336 337 338 339 340 342 343 345 347 348 349 350 353 354 355 356 357 360 361 362 363 364 367 370 373 374
41 314 315 316 319 320 321 323 324 325 327 328 329 333 334 335 337 339 340 341 342 343 345 349 350 352 353 355 356 357 360 361 363 364 365 366 367 368 369 370 371 374
43 313 314 316 319 322 323 324 327 328 329 330 331 332 333 334 335 337 338 342 343 345 346 347 350 351 352 353 355 356 357 358 359 360 361 362 364 368 369 370 371 372 373 374
33 313 315 316 317 320 322 324 326 328 330 332 333 337 340 341 343 345 347 348 349 353 354 355 356 358 360 362 363 365 366 368 370 373
19 314 315 321 333 334 335 338 340 343 344 346 347 350 351 352 357 360 361 367
28 313 315 316 317 323 325 330 333 336 338 341 342 344 346 348 349 350 351 355 359 361 362 363 366 367 368 369 372
34 313 314 315 316 317 319 321 322 323 324 325 329 338 339 340 341 343 345 346 348 354 357 358 359 360 362 363 366 367 369 370 372 373 374
30 314 316 321 322 325 326 330 331 332 334 336 339 344 345 349 351 354 355 357 358 359 360 361 363 365 366 368 369 372 374
31 313 316 318 323 324 325 326 327 328 330 331 332 334 335 337 339 342 344 345 346 349 350 351 355 356 362 363 364 370 371 374
42 313 314 316 317 318 319 321 323 324 328 329 331 332 333 335 337 338 339 340 341 342 344 345 347 348 350 351 354 355 357 358 359 360 362 363 364 367 368 369 370 371 373
28 313 314 315 317 324 326 328 332 335 336 338 339 342 345 346 347 348 349 351 359 360 362 363 364 365 369 370 374
41 313 315 316 317 318 319 320 321 323 324 325 327 328 329 331 333 334 335 337 339 341 344 345 348 349 353 354 355 356 357 359 361 362 363 364 366 367 369 370 371 372
32 314 315 318 319 322 324 326 329 331 334 337 338 339 340 342 344 346 347 349 350 351 352 353 355 360 362 364 366 369 371 372 373
27 313 314 318 322 324 325 326 329 330 336 340 341 346 348 353 354 355 357 361 362 363 364 367 368 371 372 374
21 320 322 327 330 334 335 340 346 350 352 354 355 356 359 360 363 364 368 370 373 374
42 314 315 317 319 321 323 324 325 328 329 330 333 334 335 336 337 340 341 342 343 344 346 347 349 351 352 353 354 355 356 357 358 359 363 364 365 366 368 371 372 373 374
33 316 317 318 319 321 325 326 327 329 331 333 334 336 338 339 341 343 346 347 349 350 352 353 354 356 359 360 364 366 369 370 373 374
24 314 315 318 321 322 326 329 338 339 341 342 345 347 348 358 359 361 362 364 366 368 369 371 374
31 313 316 318 319 320 321 322 324 325 331 333 334 338 339 343 344 345 346 349 350 352 356 357 358 359 364 366 367 368 370 374
38 314 315 316 317 318 319 320 321 324 325 327 328 329 336 337 338 340 342 343 344 345 347 349 350 351 353 354 355 357 358 359 360 362 364 367 368 369 371
34 314 316 318 319 320 322 324 327 329 330 331 334 337 339 340 341 342 345 348 349 352 355 357 358 359 360 365 366 367 368 369 370 372 373
23 376 377 383 384 386 387 388 389 390 393 395 396 399 403 405 406 408 409 410 411 412 415 419
23 376 378 381 383 385 387 393 395 396 399 400 401 404 405 406 407 408 412 414 415 416 417 418
8 377 379 383 389 392 394 401 417
7 381 382 384 396 402 413 415
19 376 377 379 383 387 388 393 395 397 398 400 401 403 404 405 410 411 415 417
21 376 377 378 381 382 383 385 388 391 392 393 394 401 402 403 406 408 409 410 412 417
14 375 380 385 387 388 394 395 397 401 410 413 414 415 417
4 383 398 403 404
10 379 383 384 385 386 390 407 408 409 419
12 375 376 379 382 384 388 389 398 406 407 412 415
6 380 387 393 403 405 416
22 375 377 379 380 382 384 386 388 389 390 391 392 394 397 398 402 403 409 410 411 413 419
14 376 378 380 383 385 387 395 397 398 399 401 404 413 418
31 375 376 378 379 382 383 384 385 386 387 388 392 393 395 398 399 400 401 402 406 407 409 410 411 412 413 415 416 417 418 419
15 380 382 387 390 391 394 396 397 398 405 410 412 413 415 416
15 375 382 389 391 393 394 395 402 403 406 408 409 410 411 416
15 375 377 380 386 390 392 396 398 401 404 405 408 412 417 418
17 376 378 381 383 385 387 391 393 394 395 397 407 409 413 414 415 419
13 379 382 384 388 389 399 400 402 403 406 410 411 416
21 378 380 381 382 383 384 385 387 390 394 398 402 404 406 407 408 410 411 413 414 415
22 375 377 381 382 383 384 385 386 393 398 400 401 403 404 406 410 412 414 415 416 417 418
22 375 378 379 380 381 382 385 391 392 394 397 398 400 401 402 404 407 413 414 416 417 418
9 376 377 378 381 387 398 407 413 415
9 375 376 377 385 391 397 398 409 418
23 376 378 379 380 387 388 389 390 391 392 394 395 396 397 399 402 405 407 408 409 411 413 419
14 375 382 384 395 396 397 398 401 402 403 407 408 410 413
13 376 379 389 391 394 404 406 409 411 412 414 417 418
9 378 380 394 395 400 401 406 412 417
11 376 377 381 383 392 403 408 409 416 418 419
26 375 378 380 381 382 384 385 386 389 390 391 392 394 396 399 402 406 407 408 409 412 413 414 416 418 419
14 378 382 385 387 388 396 399 404 406 407 411 412 415 416
16 379 383 388 389 392 397 399 400 403 404 409 410 411 414 415 418
11 375 386 389 390 397 399 405 411 414 415 418
13 375 381 384 386 390 393 394 395 398 406 407 408 419
11 376 378 382 385 391 401 405 412 413 416 417
13 380 383 384 386 388 390 392 397 399 401 404 405 412
16 375 377 381 382 388 389 391 392 393 397 403 410 411 413 415 418
12 375 376 379 380 393 394 396 397 402 409 410 418
15 375 377 378 385 387 388 392 401 402 405 407 408 410 413 417
16 375 376 378 379 381 383 384 385 386 393 395 401 403 406 408 419
15 377 380 385 387 392 394 401 402 408 410 413 414 416 417 419
14 380 384 390 393 394 397 398 399 404 411 412 414 418 419
14 377 388 389 392 399 400 402 404 407 409 411 414 417 418
11 380 381 383 387 392 393 395 404 410 411 412
16 376 379 381 382 383 386 389 391 395 396 400 403 406 409 415 416
15 375 386 387 389 390 395 400 405 406 407 411 414 416 417 418
13 379 380 384 387 395 396 398 400 404 407 413 416 419
17 377 378 382 383 385 387 388 390 392 395 400 405 406 407 411 413 414
10 375 388 397 399 403 405 409 416 417 419
5 377 380 387 396 402
14 379 384 386 389 390 394 396 400 401 405 407 408 416 419
31 375 377 379 381 382 384 386 388 389 390 391 392 393 394 396 400 402 403 405 406 407 408 409 410 411 412 414 415 416 417 419
18 378 381 383 386 390 391 393 395 396 397 399 400 403 404 405 409 411 418
11 378 382 388 399 402 403 406 413 414 415 417
28 375 381 382 383 385 386 387 389 390 391 394 395 396 397 398 399 401 403 404 405 406 408 409 410 411 412 416 419
23 375 376 380 381 384 386 390 391 393 395 397 398 400 402 403 405 408 409 410 413 414 418 419
19 376 377 378 379 380 385 388 391 392 393 394 397 399 401 408 409 410 412 419
17 376 377 378 379 380 384 388 392 393 400 402 407 413 414 415 417 418
10 376 387 396 398 399 402 404 405 414 416
30 376 377 378 381 382 384 385 387 388 389 390 391 392 393 396 397 398 400 402 403 406 407 408 410 413 414 415 416 418 419
11 378 382 384 386 391 393 396 400 402 406 412
18 377 378 380 381 383 385 386 387 388 390 392 393 399 400 405 415 416 419
9 381 384 391 399 408 415 416 417 419
28 375 376 379 381 382 383 384 385 387 388 391 395 396 398 402 403 404 405 406 407 408 409 411 413 414 415 417 419
14 376 377 379 386 389 391 392 393 395 396 400 401 412 418
25 375 379 382 383 384 385 386 390 391 394 395 396 399 400 401 402 406 408 411 412 413 415 417 418 419
8 379 385 396 400 414 417 418 419
14 376 377 378 381 388 389 392 397 398 404 407 409 410 414
9 379 389 390 398 399 404 405 407 411
17 377 378 380 386 389 390 392 393 394 397 399 400 401 410 412 416 418
7 386 389 398 401 403 404 412
14 377 380 381 389 390 391 394 396 397 403 404 405 408 414
15 375 379 380 383 386 394 395 399 401 404 405 409 411 412 417
14 378 381 382 385 390 398 402 404 406 407 408 411 414 415
7 377 388 399 400 411 414 418
10 380 384 390 393 394 398 404 411 412 418
9 375 387 388 394 395 397 410 414 415
9 380 382 390 394 397 405 412 413 415
12 377 378 385 387 388 401 405 407 408 410 413 417
13 379 388 389 392 397 399 400 403 404 409 414 415 418
11 376 377 381 389 392 397 398 404 409 410 414
13 375 377 384 385 386 398 406 410 412 415 416 417 418
6 382 384 386 391 393 400
11 375 376 378 381 384 385 393 395 401 403 406
11 376 379 389 391 394 406 409 411 412 414 417
7 375 388 399 403 416 417 419
19 380 384 385 389 390 391 392 394 396 399 402 406 407 408 409 412 414 416 419
8 378 384 386 391 396 400 402 412
9 376 377 381 392 403 408 409 416 418
25 375 376 378 379 382 384 385 386 387 388 393 395 398 400 401 402 406 407 409 410 411 412 415 417 418
13 375 378 380 391 392 397 400 401 404 413 414 416 418
6 388 402 403 406 413 414
16 378 381 383 386 391 393 395 396 397 399 403 404 405 409 411 418
17 378 381 383 385 387 393 396 401 404 407 408 412 414 415 416 417 418
9 378 385 391 401 405 412 413 416 417
6 379 383 389 392 394 417
8 379 383 384 385 386 390 408 409
15 375 379 384 386 388 389 393 402 405 410 411 414 415 416 417
6 375 397 399 405 409 419
7 382 384 386 391 393 396 402
11 378 381 383 385 387 393 394 409 414 415 419
16 375 376 379 382 383 388 391 395 396 405 408 411 413 414 415 417
4 377 380 387 396
8 375 381 384 390 393 398 407 419
14 377 378 380 386 389 390 392 397 399 400 401 410 412 418
6 379 382 384 406 407 412
12 378 380 386 390 392 393 394 399 400 410 412 418
7 386 389 397 399 411 415 418
9 375 389 395 405 406 407 411 414 417
7 376 391 392 395 396 400 401
11 380 385 387 392 394 401 402 408 413 414 417
23 375 376 378 379 382 383 384 385 386 387 393 395 399 400 402 406 409 410 415 416 417 418 419
9 382 384 388 399 402 403 406 411 416
9 377 378 381 388 389 397 398 407 409
6 378 382 386 393 400 412
8 376 377 378 381 387 407 413 415
7 396 404 406 411 412 415 416
19 376 378 384 385 387 390 396 397 398 400 403 406 407 408 410 414 415 418 419
18 376 380 381 384 386 390 391 393 395 397 398 408 409 410 413 414 418 419
9 376 377 381 383 403 408 409 416 418
5 397 399 409 416 417
4 381 384 402 415
8 375 385 387 394 395 413 414 415
17 375 379 383 385 387 388 391 395 398 403 405 408 409 411 414 417 419
7 376 381 383 408 409 416 418
9 375 391 395 402 403 406 409 410 411
26 377 379 381 384 386 388 389 390 392 393 394 396 400 402 403 405 406 407 408 409 411 412 414 415 416 419
15 375 379 382 384 386 389 390 391 392 394 397 403 409 413 419
9 375 386 389 390 397 399 405 415 418
7 380 385 394 401 402 416 419
6 380 381 395 404 410 412
9 382 389 391 394 403 406 409 410 411
8 376 377 383 392 408 409 416 418
12 378 380 386 389 393 394 399 400 401 410 412 418
9 376 381 383 392 403 408 416 418 419
6 385 396 400 417 418 419
12 377 386 389 392 393 397 399 400 401 410 412 418
8 377 380 381 394 396 397 404 405
10 377 378 381 389 392 397 398 404 407 414
11 379 384 386 389 394 396 400 405 407 416 419
17 376 377 383 386 387 388 389 390 393 395 403 405 406 408 409 410 419
7 380 386 390 392 397 404 405
10 378 392 400 402 407 413 414 415 417 418
9 378 382 388 402 403 406 413 415 417
6 377 379 383 389 392 417
17 375 378 380 382 385 386 389 390 394 399 406 407 408 412 413 414 416
15 376 377 381 384 385 389 390 391 397 406 407 408 413 416 419
13 378 383 385 386 387 388 390 393 399 405 415 416 419
12 375 382 389 391 393 395 402 406 408 409 410 416
15 382 383 384 385 394 398 402 404 407 408 410 411 413 414 415
11 379 384 389 394 400 401 405 407 408 416 419
9 378 384 386 393 396 400 402 406 412
6 376 378 385 401 405 417
8 375 379 380 393 396 397 402 409
12 377 380 386 389 390 392 394 399 400 401 410 418
9 387 395 396 398 400 404 407 413 416
11 377 380 387 394 402 408 413 414 416 417 419
2 383 398
12 376 377 378 380 384 388 400 402 407 415 417 418
6 376 377 385 391 409 418
10 375 376 379 380 393 394 397 409 410 418
9 376 378 382 391 401 405 412 413 416
15 376 377 378 381 383 385 391 393 401 403 406 409 410 412 417
6 379 384 385 407 408 419
9 376 377 386 389 391 396 400 401 418
9 376 377 381 388 389 392 397 407 410
3 377 380 387
7 378 382 388 402 414 415 417
5 376 377 378 387 398
6 386 389 398 401 403 404
23 382 383 385 386 387 389 390 391 395 396 397 398 399 403 405 406 408 409 410 411 412 416 419
9 383 387 392 393 395 404 410 411 412
9 375 376 379 382 384 389 406 412 415
12 375 376 378 381 383 384 385 386 395 401 403 406
8 388 397 399 403 405 409 416 419
7 378 394 395 400 401 406 417
11 379 383 388 395 398 400 401 403 404 411 415
8 375 376 379 382 384 389 407 412
11 375 377 381 382 389 391 397 403 410 411 415
7 388 389 399 406 410 411 416
6 383 387 392 395 410 412
12 376 381 382 383 386 389 391 395 403 406 409 416
8 375 377 396 401 404 405 417 418
7 379 384 388 399 400 410 416
12 378 380 389 394 395 397 402 405 407 408 409 419
18 378 379 380 381 382 385 391 394 397 398 401 402 404 407 413 414 416 417
10 377 386 390 392 396 398 401 404 412 417
4 387 393 405 416
7 389 390 399 404 405 407 411
7 376 378 381 398 407 413 415
6 396 400 414 417 418 419
10 375 377 380 386 396 401 404 405 412 418
12 377 378 380 390 394 397 399 400 410 412 416 418
18 375 378 379 381 382 385 391 392 394 397 398 400 401 404 414 416 417 418
12 377 378 385 386 387 388 392 393 400 405 415 419
5 376 377 381 407 415
12 375 381 382 383 384 406 410 412 414 415 417 418
10 376 377 378 385 388 392 393 401 408 410
13 377 380 385 387 392 394 402 410 413 414 416 417 419
13 377 378 380 386 389 392 393 399 400 410 412 416 418
17 381 382 383 384 385 393 398 400 401 403 406 410 414 415 416 417 418
7 380 394 395 400 401 406 417
10 379 384 387 395 396 398 400 404 413 419
9 375 386 394 395 399 404 411 412 417
19 375 381 383 386 389 390 394 396 397 398 401 403 404 405 406 408 411 416 419
9 380 382 390 394 397 405 413 415 416
4 381 382 396 415
2 403 404
5 382 401 405 416 417
22 377 382 384 386 388 389 392 396 400 403 405 406 407 408 409 410 411 412 414 415 416 417
10 384 389 390 394 400 401 405 407 408 416
16 375 378 380 382 385 394 397 398 400 402 404 407 413 414 417 418
9 375 382 395 396 402 403 407 408 410
10 384 390 393 397 398 399 404 411 412 419
3 383 398 403
23 376 377 378 381 384 385 387 388 389 390 391 392 397 398 400 407 410 413 414 415 416 418 419
8 389 399 402 404 407 409 417 418
6 383 384 386 390 407 408
8 376 382 391 401 405 412 413 417
9 375 385 388 401 402 405 407 408 417
12 379 383 389 392 397 399 403 404 410 411 414 415
9 375 377 381 391 393 397 410 415 418
8 375 380 394 395 397 401 414 415
13 375 377 381 382 391 392 393 397 403 411 413 415 418
10 379 383 392 404 409 410 411 414 415 418
9 376 381 382 383 386 389 396 400 406
11 379 384 387 395 396 398 400 404 407 416 419
10 381 384 393 394 395 398 406 407 408 419
7 376 378 395 399 404 413 418
10 377 381 382 388 389 392 393 397 403 410
3 383 403 404
3 398 403 404
12 377 378 380 386 389 393 394 397 410 412 416 418
15 376 378 385 387 391 393 394 395 397 407 409 413 414 415 419
8 376 377 392 403 408 409 416 418
10 375 376 379 380 393 396 402 409 410 418
11 375 377 385 392 401 402 405 408 410 413 417
12 375 381 382 388 389 391 397 403 410 411 413 415
5 376 387 402 405 416
8 376 391 406 409 412 414 417 418
12 382 383 385 387 390 392 405 406 407 411 413 414
20 376 377 381 384 385 387 389 390 391 392 393 396 397 398 403 406 407 410 413 419
8 375 376 379 380 396 402 409 418
14 378 386 390 391 393 395 396 397 399 400 403 404 411 418
8 377 385 388 402 405 410 413 417
16 375 376 379 382 384 395 396 398 402 404 407 411 414 415 417 419
13 375 377 390 392 396 398 401 404 405 408 412 417 418
5 377 378 398 407 413
6 391 399 408 415 417 419
3 380 387 405
4 395 406 412 417
17 375 376 381 384 386 390 391 395 397 398 400 402 403 405 408 413 414
26 375 378 379 382 383 384 385 387 388 392 393 395 398 399 400 401 402 406 407 410 412 413 416 417 418 419
10 375 386 387 390 400 406 407 411 416 418
7 387 390 396 405 412 413 415
7 376 377 381 398 407 413 415
14 380 388 389 392 394 395 396 397 399 402 407 408 411 413
21 376 377 378 381 384 387 388 391 392 396 397 398 400 403 406 407 410 413 415 416 419
19 377 383 384 386 387 389 390 393 396 399 403 405 406 409 410 411 412 415 419
5 375 377 391 398 409
9 384 389 394 400 401 405 408 416 419
17 375 379 382 383 385 386 391 396 399 400 401 402 406 411 415 418 419
9 376 378 381 385 387 393 395 407 413
8 380 383 384 392 397 399 401 405
11 377 380 386 392 396 404 405 408 412 417 418
8 375 377 390 396 401 405 417 418
14 379 381 382 384 385 387 388 391 396 402 405 406 415 419
6 378 388 399 413 414 415
6 376 377 378 381 398 413
10 381 386 390 393 396 397 403 405 411 418
7 382 384 388 399 400 403 406
8 382 388 389 400 403 406 410 411
7 375 376 384 398 406 407 415
8 376 377 386 391 392 395 400 401
6 379 384 388 406 412 415
5 376 377 378 407 415
8 380 386 388 390 392 399 404 405
6 379 383 389 392 401 417
9 384 387 395 396 398 400 404 407 416
8 375 376 379 384 389 406 412 415
7 379 389 390 399 404 407 411
11 377 380 389 390 391 394 396 404 405 408 414
8 375 376 379 381 384 393 395 408
8 380 381 383 392 393 395 404 411
9 375 386 389 397 399 405 411 414 418
11 380 382 390 394 396 397 398 405 410 415 416
24 375 381 382 385 386 387 389 390 391 394 397 398 399 401 403 404 405 406 409 410 411 412 416 419
7 376 379 382 384 388 389 398
8 382 385 391 401 405 412 413 417
8 387 395 397 398 401 404 413 418
18 376 383 384 386 387 388 389 390 393 395 396 403 405 406 409 410 411 415
16 375 380 381 382 384 385 386 389 399 402 406 409 412 413 416 419
9 378 382 385 391 401 405 413 416 417
7 379 385 386 390 408 409 419
13 376 380 381 386 391 397 398 400 402 405 409 410 418
8 379 384 385 386 407 408 409 419
10 387 390 391 394 396 398 405 410 412 416
11 377 378 379 380 394 397 399 409 410 412 419
9 384 386 388 390 392 401 404 405 412
7 379 390 398 399 405 407 411
10 375 380 385 387 394 395 410 413 414 415
25 375 379 382 384 386 388 389 390 391 392 393 394 396 400 402 405 406 407 408 410 412 415 416 417 419
11 383 385 387 388 390 393 399 400 405 415 419
14 375 376 378 379 381 383 384 385 386 393 395 401 403 419
19 375 376 380 384 386 390 391 393 398 400 402 403 405 408 409 410 413 418 419
3 383 398 404
12 375 377 380 386 390 398 401 404 405 408 417 418
9 375 389 400 405 407 411 414 416 418
18 376 378 379 380 388 389 390 391 394 395 397 399 402 405 408 409 411 413
12 376 377 379 386 389 391 392 393 400 401 412 418
10 378 383 386 391 393 399 400 404 409 418
10 376 380 383 385 395 397 398 401 404 413
15 375 381 384 393 395 398 402 405 408 409 410 413 414 418 419
6 377 381 383 408 409 418
11 376 377 378 380 384 388 392 414 415 417 418
7 381 387 392 393 395 404 411
10 380 383 384 386 388 390 397 399 405 412
3 380 387 405
13 375 380 383 386 394 395 399 401 404 405 411 412 417
11 376 378 383 385 388 392 401 403 406 410 412
5 387 393 403 405 416
7 379 387 395 396 398 404 419
8 384 386 390 393 394 406 407 408
9 383 385 388 390 392 395 405 413 414
10 379 380 393 394 396 397 402 409 410 418
5 380 387 393 405 416
7 384 386 390 400 401 405 408
17 381 382 384 391 392 393 394 400 402 403 407 409 410 411 414 415 417
7 377 388 389 392 404 410 414
16 376 378 379 380 388 389 391 392 394 395 396 399 402 411 413 419
14 376 377 378 379 380 384 392 400 402 407 413 414 415 417
18 375 381 383 390 391 394 397 398 399 403 404 406 408 410 411 412 416 419
17 376 377 383 384 386 387 388 395 396 403 405 406 408 411 412 415 419
9 386 389 397 399 405 411 414 415 418
9 380 386 387 388 390 392 400 405 419
9 376 377 392 403 408 409 416 418 419
25 376 377 379 381 384 386 389 390 391 393 394 401 402 403 404 406 407 408 409 410 411 412 413 415 418
24 375 380 381 382 384 385 388 389 392 393 395 396 398 399 401 402 403 405 406 409 411 413 417 419
18 375 376 377 384 385 387 388 393 399 400 401 405 410 411 412 413 415 418
27 376 378 379 380 381 382 383 384 385 389 390 392 393 394 395 397 398 401 402 403 405 407 408 409 412 413 418
19 377 380 382 383 385 387 390 392 393 396 400 403 404 405 407 411 413 417 419
22 375 377 378 384 385 387 392 393 395 396 398 399 400 401 406 407 409 412 413 415 417 418
16 375 377 388 397 401 403 405 406 408 410 413 414 416 417 418 419
29 375 376 377 378 379 380 381 383 384 385 386 387 388 389 390 393 395 399 403 404 406 407 409 410 412 413 414 415 416
13 384 390 392 394 395 398 400 401 402 404 413 418 419
16 376 380 382 383 387 389 391 393 395 396 410 411 413 415 416 417
31 375 377 378 382 383 384 385 388 389 390 391 392 393 394 397 398 399 400 401 403 405 407 408 410 411 412 415 416 417 418 419
28 375 377 378 380 381 382 385 387 390 392 393 394 395 396 397 398 399 400 401 403 406 407 408 409 411 412 414 415
16 381 387 388 389 394 395 396 397 399 402 403 408 409 410 417 419
25 376 377 378 381 382 385 388 391 392 393 397 398 399 400 401 403 405 406 407 408 409 410 411 413 415
19 375 376 377 379 381 383 384 385 386 389 391 394 397 404 406 408 413 416 417
29 375 377 378 380 381 382 383 385 386 387 389 390 391 394 395 396 397 399 400 401 404 406 407 408 409 413 415 417 418
19 376 378 379 381 382 385 387 393 395 396 398 399 405 411 412 414 417 418 419
16 377 384 386 391 394 396 397 398 402 403 405 406 407 410 416 417
20 375 376 377 378 379 382 383 384 386 387 389 390 391 392 399 404 405 408 415 418
28 377 378 382 384 385 389 390 391 392 394 395 396 397 398 399 400 402 405 406 407 409 410 411 412 413 414 417 418
23 375 376 380 384 385 387 388 389 391 393 397 398 399 402 403 404 405 409 414 415 416 417 419
24 375 379 381 386 387 388 391 393 395 396 397 399 400 402 403 404 405 406 410 411 412 414 417 418
15 376 378 381 383 384 389 391 399 403 404 405 411 413 415 416
14 378 380 382 384 386 394 395 396 399 402 410 411 413 416
16 377 378 381 385 390 391 394 397 401 402 404 405 410 413 415 417
22 382 386 387 389 391 394 395 397 399 400 401 403 404 405 406 408 412 413 414 416 418 419
24 376 378 382 384 385 386 387 392 393 394 395 396 397 399 404 405 406 407 409 413 416 417 418 419
31 376 378 381 383 384 385 386 387 392 393 394 395 397 398 399 400 401 402 403 404 405 407 408 409 411 412 413 414 415 416 419
14 382 387 388 390 392 393 399 400 401 402 409 413 414 417
21 376 377 378 382 383 384 391 392 393 394 395 400 403 404 406 409 412 414 417 418 419
15 377 378 379 384 385 389 391 392 395 398 406 409 412 415 416
29 375 376 377 379 381 382 383 384 387 388 391 393 394 395 396 397 398 402 403 404 406 407 409 411 414 415 416 418 419
28 375 376 378 379 381 384 386 387 388 389 390 391 393 395 397 398 399 400 401 402 407 409 411 412 413 415 416 418
21 377 381 382 383 384 386 387 388 390 397 401 403 408 409 411 412 413 415 416 418 419
28 376 377 378 379 380 381 382 383 384 386 388 390 392 393 394 395 398 400 401 402 405 408 409 410 413 415 417 419
19 375 377 382 384 389 390 394 395 396 397 399 401 404 405 408 409 412 414 415
26 378 379 382 383 387 388 389 390 391 393 395 397 398 399 401 403 404 410 411 412 413 414 416 417 418 419
14 378 379 380 386 390 394 398 402 403 404 408 412 417 418
28 376 377 378 379 382 383 384 385 387 389 393 395 396 397 398 399 402 403 406 408 409 410 414 415 416 417 418 419
24 375 378 380 382 383 384 385 386 387 389 390 392 393 399 400 402 406 408 410 412 413 414 416 417
16 375 377 379 381 382 384 385 386 389 390 398 399 401 407 410 416
18 375 378 379 385 386 387 388 389 395 399 400 403 405 407 408 409 412 417
29 375 376 377 379 383 384 385 387 390 392 393 394 396 398 400 401 402 405 406 407 408 409 410 413 415 416 417 418 419
19 377 383 386 387 391 392 394 395 396 398 400 402 405 407 409 411 415 416 418
19 375 377 378 379 383 384 387 389 392 395 399 401 405 406 407 412 413 415 416
14 375 376 379 390 398 399 407 408 411 412 413 415 416 417
24 377 378 381 382 383 384 385 386 389 391 392 396 397 399 402 403 406 407 408 411 412 416 418 419
27 375 376 377 379 380 381 383 384 386 387 389 394 395 397 398 400 402 403 405 407 410 412 413 415 416 417 418
15 377 381 382 384 386 389 394 397 400 401 408 411 413 414 417
26 375 376 380 385 386 388 390 392 393 394 395 396 397 400 401 402 403 404 405 407 411 413 415 416 418 419
29 375 377 378 379 380 381 382 383 384 385 388 389 391 393 395 397 398 400 402 403 404 407 408 409 412 413 416 417 419
17 381 382 387 388 389 391 394 397 398 402 404 407 409 410 411 412 416
27 376 377 378 379 383 386 387 388 392 394 395 396 398 399 400 402 404 406 408 409 411 412 414 416 417 418 419
25 376 378 382 384 385 386 388 390 395 396 398 399 400 403 404 405 406 407 408 410 411 412 415 416 418
17 376 377 378 382 385 388 390 392 399 400 402 405 408 412 414 417 418
19 375 376 378 380 385 386 387 389 391 393 395 396 399 400 402 407 412 417 419
21 375 377 378 380 386 389 390 391 395 396 399 400 401 405 407 408 410 414 417 418 419
26 376 378 380 382 384 388 389 390 391 392 394 395 397 399 400 402 403 404 406 408 411 412 415 416 418 419
20 375 376 380 383 384 388 390 391 393 397 403 406 407 408 409 411 415 416 418 419
29 376 377 378 380 381 382 385 386 391 394 395 397 398 399 400 401 402 407 408 410 411 412 413 414 415 416 417 418 419
18 376 378 379 382 383 388 390 391 392 393 396 397 403 404 408 412 413 418
23 377 379 380 382 384 387 388 389 390 391 392 393 394 396 399 400 404 409 410 411 414 415 416
22 377 378 382 387 388 389 390 392 393 394 396 397 399 401 402 404 405 408 410 412 415 419
26 377 379 380 381 382 383 384 385 389 390 395 397 401 402 403 404 405 406 407 408 411 412 414 416 417 418
13 375 377 382 389 394 395 398 399 403 405 409 411 419
20 379 384 391 392 393 394 396 397 398 399 401 402 403 408 409 411 412 413 416 418
16 375 377 378 379 380 382 383 391 398 399 403 404 408 409 414 417
24 375 377 378 379 380 388 392 395 396 397 400 401 402 403 404 405 406 407 409 410 414 415 418 419
24 377 378 379 383 385 387 388 390 391 392 393 397 398 399 400 401 403 405 409 410 414 415 416 417
24 377 378 379 380 382 383 387 388 389 393 394 399 400 402 404 406 408 409 411 412 414 417 418 419
27 375 376 377 380 383 385 386 387 388 391 393 395 397 400 401 402 403 405 408 409 411 412 413 416 417 418 419
18 375 376 378 379 381 384 388 393 396 397 401 403 404 405 413 415 416 418
20 375 382 383 385 387 388 390 391 399 400 401 402 404 406 407 408 411 414 415 416
26 375 377 378 379 381 382 383 384 386 387 388 392 393 394 395 396 398 401 408 409 411 413 414 415 416 419
23 376 378 379 381 383 384 386 387 388 390 391 394 395 396 398 401 403 407 408 409 415 418 419
26 376 377 381 383 385 386 387 388 389 392 393 394 395 396 398 400 401 402 404 406 407 413 414 415 416 418
25 375 376 377 379 381 382 383 385 388 391 392 393 395 397 398 399 403 404 409 412 413 416 417 418 419
19 377 379 380 381 388 391 393 394 395 398 401 405 406 409 414 415 417 418 419
30 376 377 380 381 383 384 385 386 388 391 392 394 395 397 398 399 400 403 404 405 406 407 408 409 412 413 414 417 418 419
16 375 377 378 380 381 390 394 398 399 402 407 409 412 413 416 419
27 377 378 379 380 383 384 385 386 388 389 392 394 395 396 399 400 402 403 404 405 407 410 411 413 414 416 417
21 375 378 379 381 383 386 387 388 389 395 396 399 402 404 405 408 411 412 415 416 418
13 379 380 384 385 390 391 393 395 400 405 413 414 415
24 375 378 380 382 383 384 385 387 390 392 394 397 398 399 400 402 406 409 410 412 413 415 418 419
30 375 376 377 380 383 384 385 386 387 392 393 395 396 397 399 400 402 406 407 408 409 410 411 412 413 414 416 417 418 419
30 377 378 379 380 381 383 386 388 389 390 391 392 394 397 398 399 400 401 402 403 404 405 407 408 409 410 412 414 416 417
22 375 376 378 379 381 383 385 388 391 392 403 404 406 407 408 409 410 411 413 415 418 419
24 381 382 385 386 389 391 392 393 394 397 399 401 402 404 406 408 409 410 411 412 415 416 417 418
15 376 378 386 387 390 391 396 397 400 403 406 410 411 413 416
28 375 376 379 381 382 384 385 386 388 389 390 391 392 393 398 400 402 403 407 408 410 411 413 414 415 416 418 419
26 375 377 378 380 381 382 384 385 386 389 391 393 395 401 402 404 405 408 409 410 411 412 413 415 417 419
21 375 377 382 383 384 385 387 389 390 392 393 395 396 398 399 402 409 412 416 417 418
29 376 378 379 380 382 383 385 386 387 388 389 391 394 395 396 398 399 401 402 405 406 408 409 410 411 412 414 416 419
20 379 380 381 382 385 387 390 391 392 393 394 398 400 404 409 414 415 416 417 418
17 375 377 378 379 381 385 386 387 396 397 398 400 402 403 406 407 409
23 376 377 378 382 385 386 388 389 392 393 397 398 399 403 407 408 411 413 414 415 416 418 419
16 380 383 386 388 392 393 394 399 400 401 408 409 410 411 414 419
19 376 378 379 385 386 387 388 390 391 393 394 395 397 404 405 412 414 415 419
20 376 379 381 383 386 387 388 390 391 395 397 399 400 401 402 403 404 408 409 417
25 375 379 380 381 382 383 384 385 386 387 394 397 398 400 403 405 406 407 408 409 410 412 416 417 418
17 379 383 384 388 392 393 396 397 400 403 406 410 411 414 415 418 419
23 375 377 379 385 388 389 390 392 394 397 400 403 405 406 410 411 412 413 415 416 417 418 419
25 376 379 380 381 382 383 384 387 393 394 395 396 397 398 400 402 404 405 406 410 412 413 414 417 418
28 375 376 377 378 379 380 383 384 388 389 390 391 392 394 396 398 399 400 402 405 406 408 409 414 415 416 418 419
21 375 377 380 383 385 388 389 390 393 396 398 401 404 405 406 409 411 412 415 417 419
24 381 383 384 385 386 389 390 394 395 396 397 398 399 400 401 402 403 404 405 407 410 417 418 419
24 375 379 380 382 383 386 387 388 389 390 392 394 396 397 398 401 409 410 412 413 416 417 418 419
27 376 377 378 380 381 382 383 384 385 387 393 394 395 397 398 399 400 401 403 406 407 409 411 414 415 416 419
25 376 377 380 383 384 387 388 389 391 392 394 397 400 401 403 404 405 407 410 411 413 414 415 417 418
16 378 381 383 384 385 387 391 393 395 400 404 407 409 415 416 419
23 376 377 379 381 385 386 387 389 393 394 395 398 400 403 404 406 408 409 410 414 416 417 418
21 375 376 379 380 383 384 386 387 396 397 398 399 401 403 408 410 411 412 413 416 419
17 378 380 382 383 384 387 389 393 394 398 407 408 409 414 415 416 417
18 376 377 382 384 387 390 397 400 401 402 407 408 411 415 416 417 418 419
15 383 387 390 394 395 396 404 405 406 407 412 415 416 417 418
28 376 377 378 383 384 386 387 388 390 391 393 397 399 401 403 404 405 406 407 408 409 411 413 415 416 417 418 419
19 377 379 380 383 384 389 392 393 397 398 400 404 407 410 412 415 416 418 419
17 376 378 385 386 389 392 394 396 397 399 400 403 408 409 411 415 416
17 377 381 391 397 400 401 403 404 405 406 407 409 410 412 413 415 419
30 375 376 378 383 386 387 388 389 390 391 392 393 395 396 397 398 399 400 402 403 405 406 407 408 409 411 414 415 416 418
28 375 378 379 380 382 383 384 385 388 389 390 392 393 394 397 401 402 403 405 406 411 412 414 415 416 417 418 419
23 375 376 377 379 380 383 385 386 387 388 392 394 395 396 400 401 404 405 406 409 410 412 416
24 375 379 380 381 382 383 387 390 393 394 396 397 398 399 401 403 404 410 411 413 414 417 418 419
19 376 378 382 383 390 391 392 394 398 400 401 403 404 406 407 410 411 417 419
16 378 379 382 383 385 386 387 388 393 398 400 403 409 412 415 417
29 375 377 379 380 381 384 386 387 388 389 390 391 392 393 394 397 399 403 407 409 410 411 412 413 414 415 416 418 419
18 375 376 377 380 382 384 397 399 400 403 404 405 407 411 412 413 414 416
21 378 380 384 385 386 387 388 390 394 395 397 399 401 402 403 404 405 408 411 415 416
16 377 380 381 383 391 392 393 396 399 405 406 407 412 417 418 419
27 375 380 381 385 387 393 395 396 397 398 400 401 402 403 404 405 406 407 408 409 411 412 415 416 417 418 419
31 375 376 377 378 380 383 388 389 391 393 395 396 397 398 401 402 403 404 405 407 408 409 410 411 413 414 415 416 417 418 419
14 377 378 380 382 389 392 397 402 408 409 411 412 413 419
30 375 376 377 378 379 380 381 383 384 385 386 387 389 390 391 392 394 396 397 398 401 402 403 404 405 406 408 412 413 414
13 375 376 381 383 384 385 392 400 403 414 416 418 419
29 375 377 378 379 380 382 384 385 386 389 390 392 393 395 398 399 401 402 403 404 405 406 407 408 411 412 413 416 418
26 375 376 377 378 380 381 384 385 388 393 394 395 397 400 401 403 404 405 406 407 408 410 412 415 418 419
22 375 376 379 380 381 383 386 387 388 391 393 396 398 401 403 404 406 407 409 416 417 418
19 375 387 389 390 391 394 395 397 402 403 404 405 406 407 408 409 410 414 419
18 376 382 386 389 390 392 393 395 397 398 403 408 409 410 413 414 415 416
15 376 377 383 384 391 394 396 398 403 405 409 410 411 413 415
29 375 379 382 383 385 388 390 391 392 394 395 396 397 398 399 400 401 403 404 405 406 410 411 412 413 414 415 417 418
24 376 379 381 384 386 387 388 389 390 393 395 396 403 404 405 406 407 408 409 411 413 415 418 419
27 375 376 377 379 380 381 383 385 386 388 390 392 394 398 399 401 403 404 407 408 410 411 414 415 416 417 418
21 381 382 383 386 391 394 395 397 399 400 401 403 404 405 406 407 411 412 413 414 419
22 375 376 378 379 380 382 383 384 389 390 391 392 394 395 396 404 407 408 410 414 415 416
23 375 377 381 386 389 390 391 393 395 398 399 400 403 404 405 406 408 410 413 414 415 417 418
13 376 379 384 387 393 398 401 408 412 413 415 416 419
13 376 380 384 385 391 393 394 398 399 402 406 412 414
23 376 379 387 389 390 391 393 394 396 400 403 404 405 406 407 408 409 410 411 413 415 416 419
29 375 377 378 380 381 383 387 389 390 391 392 393 394 396 397 398 399 400 401 402 403 404 405 407 410 411 413 416 418
21 375 379 382 385 386 387 388 394 395 396 398 400 403 405 406 407 408 410 411 414 416
29 376 377 378 381 383 385 386 387 389 390 391 393 394 395 396 397 400 402 403 408 409 412 413 414 415 416 417 418 419
17 375 376 380 381 384 386 389 391 393 394 395 399 401 405 412 416 418
24 376 377 378 380 383 384 386 388 392 393 394 395 396 397 399 400 402 404 405 407 410 411 413 419
22 380 381 382 383 384 389 390 391 392 393 394 395 401 402 404 405 406 408 409 412 415 419
29 375 378 381 382 383 386 387 388 389 390 391 392 393 394 396 397 398 402 404 405 406 408 409 410 412 414 417 418 419
26 375 377 382 383 388 392 394 395 398 399 400 401 402 403 404 405 407 408 409 410 411 413 414 415 416 419
26 375 376 377 379 380 381 382 383 384 385 388 389 390 391 393 395 398 405 406 407 409 411 416 417 418 419
24 375 376 377 379 381 389 390 391 392 393 394 399 401 402 404 405 407 409 411 412 416 417 418 419
28 375 376 378 379 381 383 384 385 386 388 390 394 395 397 398 400 401 402 403 406 408 409 410 411 415 416 417 419
21 378 380 381 385 386 390 391 393 394 396 397 398 404 406 412 413 414 415 416 417 419
29 376 378 379 380 381 382 383 384 385 387 388 389 390 391 393 394 395 396 397 399 400 402 404 410 411 413 414 415 416
22 375 376 377 384 385 386 390 391 393 394 400 401 403 405 407 409 414 415 416 417 418 419
22 375 376 380 381 382 385 386 389 390 392 394 398 401 403 405 406 408 410 412 413 414 418
25 382 383 384 385 386 388 389 390 391 392 393 397 399 400 402 404 405 407 408 410 411 414 416 418 419
20 376 377 382 383 385 386 387 390 395 397 401 406 408 409 411 414 415 416 417 418
29 375 377 378 380 381 382 383 384 387 389 391 392 393 395 396 397 398 399 401 402 403 404 405 408 412 414 417 418 419
20 375 376 378 379 380 383 384 386 389 390 392 398 401 402 404 406 410 411 414 418
16 381 383 388 390 395 396 397 398 401 403 404 405 411 413 414 419
25 375 376 377 379 381 387 388 390 397 398 400 401 402 404 405 406 407 408 409 411 412 413 414 416 419
17 378 380 383 389 392 393 396 398 399 405 408 411 412 414 417 418 419
30 377 379 381 382 383 384 386 387 388 389 390 392 393 394 395 396 397 399 401 402 405 407 408 410 413 414 415 416 417 419
24 376 378 379 380 382 385 386 387 390 392 393 395 397 398 400 404 405 408 409 411 413 415 417 418
29 376 377 379 381 382 385 386 388 389 390 391 392 396 397 398 399 400 402 403 404 407 408 411 412 414 415 416 417 418
16 377 383 384 387 389 390 392 397 399 400 406 407 411 412 415 416
22 375 378 381 383 391 392 393 399 400 401 402 403 404 405 406 408 409 412 413 416 417 418
23 375 378 379 381 383 384 388 389 391 393 394 395 397 398 403 404 405 406 408 410 415 416 419
14 375 376 380 381 382 383 384 393 396 399 402 406 415 419
28 376 377 381 382 384 385 386 388 389 390 392 393 394 396 397 398 399 400 404 406 409 410 411 412 414 416 417 419
26 375 376 377 380 381 382 387 389 390 393 394 396 397 398 399 402 403 404 405 409 411 412 413 414 416 417
23 375 380 383 385 386 387 389 390 392 394 395 397 399 402 405 408 412 414 415 416 417 418 419
24 378 380 385 386 389 390 391 393 395 396 397 398 401 403 404 406 407 408 409 413 414 416 417 419
30 375 377 378 379 380 383 384 385 386 387 389 391 392 393 396 397 398 399 400 401 402 405 406 408 411 412 413 415 416 419
23 377 379 380 382 383 384 388 389 390 391 393 394 396 399 403 405 406 408 410 411 412 416 417
28 378 379 380 382 384 387 388 389 392 393 394 396 397 399 400 401 402 403 404 406 407 409 410 412 413 415 416 417
18 380 381 382 384 386 390 395 398 400 403 404 407 408 410 411 415 418 419
14 375 378 381 384 385 387 388 397 398 401 402 404 412 419
23 376 379 381 383 385 390 393 394 397 399 401 403 404 405 406 408 410 411 413 415 416 417 419
19 375 377 380 382 383 384 385 389 392 396 397 400 404 405 409 411 413 415 416
19 375 377 378 379 382 384 385 387 392 393 394 400 401 406 408 411 412 417 419
29 375 377 378 379 380 381 385 386 388 389 390 391 393 395 396 397 400 401 403 404 405 406 410 411 412 413 414 415 418
20 375 378 379 380 383 385 387 389 390 393 397 398 404 406 407 408 410 413 415 417
21 376 377 378 379 382 386 387 388 389 391 393 394 397 401 402 403 405 407 408 417 419
20 376 378 379 381 382 383 386 387 389 390 391 392 394 397 399 403 407 410 415 417
18 375 378 382 383 388 390 391 392 394 395 401 404 405 407 408 409 414 417
17 375 376 380 384 387 389 393 394 397 398 400 402 403 404 405 408 417
16 375 385 387 388 389 392 393 396 397 401 406 411 413 414 416 419
20 377 380 383 386 387 388 389 390 391 393 395 403 404 406 408 409 412 414 415 417
20 377 378 381 382 384 385 389 392 393 396 397 400 403 406 407 408 410 415 417 418
30 375 376 377 381 382 383 384 385 386 387 388 389 390 393 397 400 401 402 403 404 405 406 407 411 412 414 416 417 418 419
15 380 382 388 390 391 393 394 395 400 402 403 406 407 412 418
28 375 376 379 381 385 386 387 388 389 390 391 392 393 394 396 397 399 402 405 406 407 408 409 411 412 415 416 417
29 375 376 378 379 381 382 383 384 386 389 390 391 392 393 394 398 400 402 403 405 406 407 408 409 410 412 413 415 417
13 381 382 384 387 390 391 398 400 401 403 406 407 419
17 376 377 379 381 382 385 388 389 395 397 403 405 406 408 410 412 419
15 377 380 381 384 387 388 390 393 399 400 403 413 415 418 419
18 379 380 381 383 386 389 393 394 396 398 400 401 404 405 408 412 418 419
14 376 377 380 385 387 389 393 398 399 401 402 411 412 418
24 375 376 379 380 381 382 385 386 387 388 389 390 392 394 395 399 400 404 405 410 411 412 416 417
23 375 376 378 381 382 384 386 389 390 391 394 395 397 399 403 404 406 408 409 413 415 416 418
27 375 377 378 379 381 382 383 385 386 387 388 390 392 393 395 399 403 404 405 406 409 410 411 413 414 416 417
22 376 377 379 380 384 385 386 387 388 389 390 391 393 394 398 402 403 410 411 414 417 419
23 375 377 380 381 384 386 389 392 394 395 398 399 401 404 405 406 408 412 414 415 416 417 418
25 376 378 379 380 384 385 387 388 389 390 396 398 399 400 401 403 404 406 408 409 412 413 414 416 418
15 376 381 383 385 386 388 390 391 393 407 409 410 415 416 419
27 375 377 378 379 380 383 384 386 389 392 395 396 398 399 400 401 402 403 404 405 407 409 413 414 415 417 419
27 375 377 381 382 384 389 390 391 393 394 396 397 398 399 400 402 404 405 406 407 409 410 411 412 413 414 417
13 376 380 381 384 388 389 392 399 400 407 409 417 419
28 375 376 379 380 385 386 387 388 389 390 391 392 394 396 397 398 400 404 405 406 408 410 412 414 415 416 417 419
16 382 383 386 391 392 393 394 395 398 403 406 411 413 415 416 419
23 376 378 380 381 382 384 385 386 388 391 393 394 395 397 399 406 410 412 413 414 416 417 418
15 377 379 383 387 391 395 396 400 401 403 404 408 409 410 413
31 375 376 377 382 385 387 388 389 390 392 393 394 396 398 399 400 401 402 403 404 405 406 407 408 410 411 415 416 417 418 419
19 376 379 381 382 387 391 393 396 398 399 400 401 406 407 409 411 412 416 417
23 375 376 378 379 386 387 388 389 390 391 396 397 400 403 406 407 410 411 412 413 414 416 417
17 382 384 386 387 390 395 396 397 401 403 404 405 407 414 415 417 418
16 375 376 379 381 383 387 388 391 392 397 398 402 405 411 416 418
29 376 377 378 379 380 383 386 387 388 389 390 392 394 395 396 397 398 399 400 401 402 406 408 411 412 413 414 416 417
31 376 377 378 379 380 382 383 385 387 389 391 392 393 394 395 397 399 400 401 402 404 406 407 410 411 412 414 415 416 418 419
19 378 381 383 387 389 390 391 395 396 397 398 399 401 408 411 414 415 416 418
17 377 378 381 386 387 388 395 396 400 404 405 408 409 410 412 416 418
19 376 377 383 386 387 389 392 397 400 401 403 407 408 411 412 414 416 417 419
18 375 376 380 383 386 393 395 396 402 404 405 408 412 413 414 415 416 417
16 381 384 386 387 388 390 394 395 398 401 404 406 407 416 417 419
27 375 376 377 378 379 381 383 384 385 387 389 390 391 392 393 394 398 401 402 405 406 408 413 414 415 416 419
30 375 376 377 378 379 380 382 383 384 385 387 390 391 392 393 394 395 398 403 406 407 408 409 410 411 412 414 416 417 419
17 375 376 377 383 387 391 394 395 397 400 404 406 409 410 414 417 419
16 376 377 378 385 388 392 394 399 400 402 403 405 409 411 414 418
21 375 377 378 380 382 385 386 387 391 392 398 399 401 402 404 408 410 412 416 417 418
28 375 376 378 381 382 383 385 387 388 390 392 393 395 398 400 401 404 405 407 408 411 412 413 414 415 416 417 419
26 376 379 380 381 382 385 389 390 392 393 394 395 400 402 403 404 406 407 408 409 410 412 413 414 416 419
29 375 378 379 380 381 382 385 387 389 391 392 394 395 396 397 398 400 402 403 406 407 408 409 410 411 412 414 415 419
16 375 377 378 384 387 389 391 393 394 399 400 401 402 411 412 413
15 376 377 378 386 390 391 394 396 397 402 403 407 417 418 419
27 375 377 378 379 380 383 385 386 392 393 395 396 397 398 399 403 404 405 406 407 410 411 412 414 415 416 417
26 376 377 380 381 382 383 384 386 387 388 390 391 394 396 397 399 401 405 406 409 413 414 415 416 417 418
19 375 376 380 381 391 394 395 398 401 402 403 404 406 407 408 413 414 418 419
21 377 379 380 385 387 389 391 393 396 399 401 405 407 410 411 412 413 414 415 417 419
20 375 379 380 381 382 383 384 386 390 396 397 400 402 404 406 407 415 417 418 419
31 375 379 380 382 383 385 386 388 389 390 391 392 395 396 398 399 400 401 402 403 405 406 407 408 410 411 412 413 415 417 419
27 375 376 378 379 383 384 385 387 393 394 395 396 397 399 400 403 405 406 407 408 409 410 413 414 416 417 418
14 375 378 382 388 389 390 393 399 400 407 410 413 415 417
29 376 378 379 381 382 385 386 387 388 391 392 394 395 396 397 398 399 401 402 403 405 409 410 412 414 415 416 417 418
14 378 381 383 384 386 387 390 391 394 395 402 405 411 412
22 375 377 382 384 387 388 389 391 393 394 396 397 398 400 407 410 411 412 414 415 417 418
25 376 377 378 379 380 382 383 385 386 387 388 389 394 395 397 398 399 401 402 403 404 406 411 413 418
25 378 380 383 387 389 390 391 392 393 395 396 399 401 402 403 404 405 408 411 412 413 414 415 417 419
27 375 381 383 384 385 386 387 388 389 391 394 397 398 400 402 405 406 407 408 409 411 412 413 414 415 417 419
13 375 376 381 382 386 390 398 404 408 409 415 417 419
22 375 376 377 383 384 386 387 388 389 395 396 398 399 400 402 405 406 407 409 415 416 419
23 375 377 379 381 383 385 386 387 390 391 392 393 395 398 402 404 405 406 411 412 414 417 418
30 375 376 378 379 381 382 384 385 386 387 388 390 391 392 394 395 399 400 402 403 406 407 408 409 410 411 413 414 416 419
28 375 376 379 381 382 385 386 390 391 392 393 394 395 396 398 399 400 401 404 406 409 410 411 413 414 416 417 418
24 376 378 379 380 384 385 386 387 388 390 391 394 396 397 399 402 405 406 407 408 409 412 413 419
10 424 426 435 439 440 446 448 450 453 454
13 420 421 423 425 431 432 433 434 441 442 443 451 456
12 422 427 429 430 436 437 439 442 444 445 451 459
12 422 424 427 429 433 434 440 442 444 446 450 453
11 423 424 426 430 437 446 447 452 454 456 457
9 421 428 432 434 443 448 450 452 460
12 420 422 427 434 435 440 443 450 453 455 459 460
11 424 429 430 431 434 435 446 450 452 456 459
7 436 443 448 449 453 456 458
8 423 426 428 431 447 451 455 459
26 420 421 422 423 424 425 426 429 431 432 437 438 440 442 444 448 449 450 451 452 454 455 456 457 459 460
9 425 428 431 433 438 441 442 444 451
15 420 425 426 429 437 440 441 443 444 445 447 450 453 454 455
12 424 425 434 436 441 442 444 447 456 457 459 460
25 420 421 422 423 426 427 429 434 435 436 437 438 439 440 441 442 445 446 450 451 455 456 457 458 459
5 430 435 438 454 456
8 427 434 435 441 444 450 452 456
9 420 422 427 432 440 445 448 453 455
10 428 430 431 432 433 443 447 449 452 453
12 423 424 430 431 433 437 438 439 446 447 456 459
5 426 433 450 454 458
11 423 426 427 432 433 440 444 445 447 449 451
14 421 428 429 430 432 435 436 437 444 445 446 447 450 452
15 427 428 430 433 434 435 436 439 441 443 445 446 447 453 458
7 428 429 436 438 444 455 459
17 422 423 424 426 427 429 433 438 440 441 442 444 446 447 449 457 460
13 423 424 426 427 431 433 435 438 439 442 446 457 459
11 423 425 430 437 439 442 447 449 450 453 459
9 420 423 430 436 437 443 446 449 456
14 420 425 428 430 431 445 447 449 452 455 456 458 459 460
18 422 425 429 431 433 435 436 440 441 442 443 444 447 448 451 453 455 456
10 423 427 428 430 432 443 448 449 451 460
5 423 428 438 454 458
12 421 422 424 429 437 438 439 441 444 445 457 458
9 422 427 428 431 432 434 440 453 458
10 423 424 426 427 428 448 450 452 453 457
7 420 421 434 440 444 447 451
10 423 425 431 436 437 438 442 446 455 460
9 421 429 432 436 439 445 448 449 458
9 422 424 429 435 450 451 452 457 460
9 426 427 428 434 436 442 452 457 458
10 420 421 432 435 437 438 445 454 457 460
12 420 425 431 433 436 440 446 452 453 455 456 459
15 421 423 428 429 430 431 435 437 438 439 443 446 449 451 452
10 429 433 435 442 444 447 450 451 454 455
11 420 425 426 434 438 441 448 449 453 454 458
10 420 421 427 430 432 438 445 448 454 456
8 424 427 428 430 432 434 442 456
12 421 425 426 428 430 440 446 448 449 452 453 457
16 422 423 424 427 431 433 439 440 442 443 451 455 456 457 459 460
11 422 427 430 437 445 447 449 452 457 458 460
8 421 422 425 441 445 448 455 460
27 421 422 423 424 426 427 429 432 433 434 435 436 437 438 439 440 441 442 443 444 446 448 450 451 453 454 457
18 421 423 424 425 429 430 431 432 434 435 436 437 440 449 450 451 453 460
12 422 429 430 431 432 433 434 437 443 445 446 459
11 425 430 436 439 441 443 448 449 452 456 458
4 424 449 452 459
13 421 424 425 426 438 439 441 445 448 452 457 459 460
32 420 421 422 423 424 426 427 429 430 431 432 433 434 435 436 439 441 442 443 444 445 448 449 450 451 452 454 455 456 457 458 460
14 422 425 428 429 430 432 437 441 445 450 452 454 455 460
30 420 421 422 424 426 427 428 429 431 432 433 434 435 436 438 440 441 443 444 445 446 448 451 452 454 455 456 457 458 460
10 422 426 433 441 444 446 447 448 454 459
11 420 421 422 424 426 428 433 447 451 454 457
10 422 427 432 433 437 441 443 447 451 458
12 429 430 432 439 440 443 445 448 449 453 458 459
26 422 424 425 427 428 429 431 432 434 436 437 439 440 442 444 445 447 449 450 451 452 453 455 457 459 460
13 420 424 425 435 438 441 446 447 449 453 454 456 458
12 420 429 432 435 440 443 444 449 450 451 453 454
22 423 425 426 428 431 433 434 436 437 439 440 441 442 443 444 446 447 449 453 455 458 459
19 420 421 422 425 428 436 437 438 439 441 442 443 448 453 454 455 457 458 460
14 420 421 426 427 430 432 434 437 439 445 446 450 457 460
9 425 428 437 438 440 446 447 453 459
7 426 434 435 442 447 450 454
10 420 421 423 426 433 441 443 446 448 458
12 420 424 429 436 439 442 445 450 455 456 459 460
7 423 431 434 435 438 444 454
6 424 425 444 448 454 460
13 420 427 428 438 439 442 443 445 452 455 456 457 458
18 421 422 423 431 433 435 436 438 439 446 448 449 451 452 457 458 459 460
7 423 426 431 433 440 455 457
19 420 421 425 435 436 438 439 440 441 442 444 447 449 451 454 455 456 458 460
24 420 421 425 428 430 431 432 434 435 436 437 439 443 445 448 450 451 452 453 454 455 456 458 459
7 420 423 430 437 443 449 456
8 421 428 430 448 449 452 453 457
6 430 432 445 448 454 456
15 421 423 433 435 436 438 439 446 448 449 451 452 458 459 460
3 449 453 458
7 421 438 441 445 457 459 460
14 424 425 432 434 440 442 444 447 450 451 452 455 457 460
6 421 422 445 448 455 460
20 420 421 424 425 429 432 437 438 440 442 444 449 451 452 454 455 456 457 459 460
5 439 448 450 453 454
15 423 425 429 430 431 432 434 435 436 437 440 450 451 453 460
9 420 428 438 443 445 452 455 456 457
3 424 449 459
7 427 428 430 436 439 445 446
6 423 431 434 435 438 444
26 420 421 422 423 424 426 427 429 430 431 432 433 434 435 436 441 442 444 445 449 452 454 456 457 458 460
5 421 427 430 432 445
9 423 427 433 440 444 445 447 449 451
13 422 423 426 429 433 438 440 442 444 446 447 449 460
8 420 426 440 441 443 444 447 453
9 423 424 426 427 433 438 442 446 457
6 422 430 431 432 446 459
8 420 421 424 426 433 447 451 457
9 421 429 435 437 444 445 446 447 450
8 425 426 440 446 448 452 453 457
19 422 423 424 426 427 429 432 433 434 435 436 438 440 441 442 444 450 451 453
5 429 436 444 455 459
7 420 421 432 439 445 446 450
5 423 434 435 438 454
6 432 433 441 443 447 458
3 424 449 459
5 428 431 447 451 455
6 423 424 426 428 452 453
10 421 425 435 439 441 444 447 454 456 458
11 420 441 442 444 447 449 454 455 456 458 460
3 448 454 460
4 423 438 454 458
8 423 424 426 430 437 446 447 452
8 429 430 432 445 448 453 458 459
5 426 434 435 447 454
4 427 435 441 450
7 433 435 442 444 447 450 451
5 437 441 447 451 458
7 420 423 430 436 437 443 449
7 426 428 434 436 442 452 458
7 423 426 428 448 450 452 453
11 428 429 430 432 436 437 444 445 447 450 452
12 421 423 428 429 430 431 435 438 439 449 451 452
5 421 427 432 438 456
22 422 425 427 428 429 431 432 434 436 437 440 442 444 447 449 450 452 453 455 457 459 460
6 423 432 448 449 451 460
7 423 425 430 439 442 453 459
14 422 423 433 436 438 439 446 448 449 451 452 457 458 460
5 429 432 436 439 449
13 420 422 423 426 427 434 436 442 446 451 457 458 459
4 427 431 432 440
2 424 459
6 427 439 452 455 456 458
5 421 441 445 455 460
4 428 434 448 450
14 422 426 427 429 433 438 440 442 444 446 447 449 457 460
5 434 438 448 449 454
6 429 436 439 445 448 458
3 431 433 457
7 425 430 436 448 449 452 456
7 426 439 440 446 448 453 454
5 425 428 438 447 453
6 428 440 448 452 453 457
14 420 422 424 431 440 448 449 450 454 455 456 457 459 460
13 425 428 429 434 436 437 440 450 451 452 453 455 457
6 427 436 442 444 445 459
7 420 438 445 452 455 456 457
6 423 424 426 452 454 456
2 424 452
6 428 432 433 443 447 453
13 422 423 431 433 435 439 446 449 452 457 458 459 460
15 423 425 426 428 433 434 437 439 441 442 444 446 449 453 458
8 423 427 432 433 440 445 447 451
3 435 438 454
4 444 450 452 456
8 422 424 427 433 434 440 444 450
9 421 422 429 438 439 441 444 445 458
9 421 429 435 436 437 446 447 450 452
6 442 445 450 455 456 459
9 420 427 434 435 440 450 455 459 460
7 420 426 433 441 443 448 458
4 425 444 448 454
15 420 421 423 426 427 429 434 437 438 439 441 442 450 456 457
10 422 427 429 430 437 439 442 444 445 459
7 422 427 445 449 457 458 460
7 428 429 432 435 436 446 452
7 423 431 433 437 439 446 447
8 420 427 439 442 443 445 455 456
7 421 424 426 441 445 459 460
12 420 421 436 437 438 441 443 448 453 454 457 460
22 422 424 425 427 429 431 432 434 436 437 439 440 442 444 447 449 451 453 455 457 459 460
10 422 425 433 440 442 443 444 447 453 455
5 437 445 447 457 460
13 425 429 431 434 436 440 444 445 447 449 450 451 455
20 420 421 422 429 431 433 434 435 436 439 441 443 444 445 449 451 454 455 457 458
6 429 435 447 451 454 455
7 423 426 431 447 451 455 459
9 422 424 426 428 433 447 451 454 457
6 431 432 433 443 452 453
10 424 427 433 439 440 442 443 457 459 460
4 426 442 450 454
15 422 424 426 427 437 438 440 441 442 444 446 448 451 453 457
8 420 421 423 426 441 443 446 458
9 423 424 430 431 433 438 446 447 459
8 423 425 431 438 442 446 455 460
16 424 425 427 428 429 431 432 434 436 444 445 450 452 457 459 460
6 420 421 434 440 444 451
10 422 429 430 431 432 433 434 445 446 459
5 425 436 443 452 456
9 420 425 426 434 438 441 453 454 458
7 425 432 433 434 441 443 451
3 426 433 454
7 426 429 437 447 450 453 454
10 423 431 433 435 438 439 451 457 458 459
19 423 425 426 431 433 434 436 440 441 442 443 444 446 447 449 453 455 458 459
12 422 423 424 433 439 440 442 443 451 456 457 460
10 428 434 436 439 441 443 445 447 453 458
5 420 440 444 447 451
6 423 426 427 433 435 459
9 420 424 438 447 449 453 454 456 458
8 420 424 445 450 455 456 459 460
4 444 448 454 460
6 426 427 448 450 453 457
6 420 438 452 455 456 458
11 421 423 429 430 431 435 437 439 443 446 449
6 430 439 443 448 452 458
7 420 421 435 437 454 457 460
21 420 423 424 425 429 431 432 437 438 440 444 448 449 450 451 452 454 455 457 459 460
18 420 422 423 426 427 429 434 436 437 438 440 441 442 451 455 457 458 459
8 423 424 428 448 450 452 453 457
18 420 421 430 432 434 435 436 437 439 443 448 450 451 453 454 455 456 459
6 421 437 438 445 454 460
8 422 427 432 433 437 443 447 451
6 422 432 433 443 447 451
12 421 423 428 429 430 435 437 438 439 449 451 452
10 422 429 430 431 432 433 434 437 445 459
5 427 437 447 451 458
11 422 423 424 427 433 442 451 456 457 459 460
7 420 425 428 430 445 452 460
4 423 431 433 457
10 420 427 438 443 445 452 455 456 457 458
10 423 426 427 431 433 438 439 442 446 459
7 422 430 437 439 442 445 451
3 425 444 454
13 428 430 433 434 435 436 439 441 445 446 447 453 458
10 428 430 433 434 435 439 443 446 447 458
17 422 424 427 428 432 434 439 440 442 444 445 447 449 451 452 453 455
6 423 431 433 440 455 457
8 422 430 431 432 433 443 446 459
10 424 425 436 441 442 444 447 456 457 459
2 452 459
6 427 430 439 442 445 459
6 424 435 439 442 446 459
13 421 422 433 435 436 438 446 448 449 452 457 459 460
7 429 432 435 443 444 451 453
8 423 430 433 437 438 439 447 459
4 436 443 449 456
21 420 421 422 423 424 426 429 432 437 438 440 444 448 449 450 452 454 455 457 459 460
5 426 428 433 451 457
7 423 432 433 440 444 445 447
21 420 422 425 426 429 431 432 433 434 436 438 440 441 446 448 449 451 456 457 458 460
17 424 425 428 431 436 437 438 439 440 443 446 449 450 452 456 458 460
27 420 422 423 424 425 426 427 428 430 431 432 433 434 436 442 443 445 446 447 448 449 450 452 454 455 457 460
24 420 421 422 423 424 425 427 432 433 434 435 437 438 439 440 441 443 446 450 451 455 456 458 460
19 421 422 428 430 432 436 437 438 439 441 443 444 446 447 448 451 454 458 460
23 420 421 422 423 425 427 428 429 430 440 441 443 445 447 448 451 452 454 455 456 457 458 460
28 420 421 423 425 426 427 428 429 430 431 433 435 436 439 440 441 442 443 445 447 449 450 451 452 453 454 457 459
19 421 424 425 426 428 429 432 433 434 437 442 444 445 447 451 453 456 457 459
24 421 422 423 424 426 427 428 429 434 437 438 440 441 442 443 444 445 449 453 454 456 458 459 460
26 420 421 422 423 424 426 427 431 432 433 434 435 436 437 438 439 441 443 445 451 452 453 454 455 456 457
22 422 424 427 428 429 430 431 432 435 436 437 438 440 442 446 448 450 451 456 457 459 460
28 420 421 423 425 426 427 429 430 431 435 436 438 439 440 441 442 444 445 447 450 451 452 454 455 456 457 459 460
15 421 422 427 432 433 439 440 442 443 448 450 452 453 456 459
21 420 421 425 427 428 429 431 432 436 439 440 442 443 446 447 448 449 450 453 457 459
15 420 421 430 431 433 440 441 446 449 450 451 452 455 456 458
15 421 423 426 428 432 438 439 440 442 447 449 450 452 453 454
28 420 421 422 423 424 425 426 427 429 431 432 433 434 438 441 443 445 446 447 448 449 451 452 454 455 456 458 460
15 420 421 422 431 432 433 436 441 442 445 449 450 454 455 459
17 425 428 431 432 435 436 437 438 439 440 441 442 443 444 453 455 456
27 420 422 424 425 426 427 428 429 430 433 434 435 436 438 440 441 442 443 448 450 453 454 455 456 457 458 460
28 420 421 425 427 430 431 432 435 436 437 438 439 441 442 443 444 445 446 447 448 450 451 453 454 455 456 457 459
28 420 421 422 424 427 428 432 434 436 439 440 441 442 443 444 445 446 447 448 450 451 452 454 455 456 457 459 460
28 420 421 423 425 426 428 429 430 432 433 435 438 439 441 442 444 446 448 449 450 451 452 453 454 455 457 458 459
14 428 433 435 439 440 442 446 447 450 451 452 455 459 460
23 421 422 424 427 432 433 434 435 436 439 440 442 443 445 447 449 451 452 453 455 456 457 460
14 423 424 425 434 438 439 440 443 444 447 451 452 453 454
26 421 422 423 424 425 427 429 430 433 434 435 437 438 439 440 441 442 444 448 449 452 453 456 457 459 460
21 423 424 430 431 433 434 435 436 441 443 444 445 447 449 450 451 453 454 455 456 460
19 421 422 423 429 430 433 435 436 439 440 442 445 446 448 449 451 454 455 458
14 421 423 429 431 438 441 448 453 454 455 456 457 459 460
17 425 426 427 428 432 433 434 436 437 438 439 443 447 451 454 457 460
24 420 422 423 424 427 429 431 432 433 435 437 438 440 441 444 447 448 449 450 451 455 456 459 460
19 422 423 430 431 432 433 434 435 436 437 440 441 442 443 447 448 450 453 456
16 421 422 429 431 436 440 441 442 444 448 452 453 454 455 456 457
23 420 422 424 425 429 431 433 435 436 439 440 441 443 444 445 446 447 449 451 452 457 458 459
23 420 422 424 425 428 429 430 432 434 436 437 438 440 442 444 446 447 450 451 452 453 455 457
19 421 422 424 429 431 432 433 434 436 437 440 446 449 450 452 454 456 459 460
12 421 422 425 427 429 433 434 446 451 453 454 460
26 420 422 425 428 430 431 433 435 436 437 438 439 440 441 442 443 444 445 446 448 450 454 455 457 458 459
23 420 422 425 426 428 429 430 431 432 435 436 438 439 440 441 442 444 446 449 451 455 456 457
13 421 426 432 434 435 436 440 441 443 445 452 453 460
20 423 424 427 428 429 430 431 434 435 437 438 441 445 450 451 454 455 456 457 458
13 420 421 422 425 428 437 438 442 446 450 456 459 460
17 423 427 429 430 432 435 439 441 444 446 447 449 450 451 453 454 457
22 421 422 423 424 425 430 431 432 433 436 437 438 439 440 441 443 446 449 450 453 454 456
21 420 421 424 425 427 428 429 430 432 438 442 443 446 447 448 449 450 451 452 457 458
19 421 423 424 427 428 429 431 434 435 437 441 442 443 446 448 449 455 457 459
22 420 428 429 430 431 433 436 437 438 440 441 442 444 445 446 449 452 455 456 457 459 460
19 421 422 423 426 427 428 429 432 434 442 443 445 446 447 448 453 454 455 458
12 420 423 426 428 437 440 443 446 447 453 457 460
26 421 422 425 426 427 428 430 431 432 433 434 435 436 438 440 442 443 444 445 447 448 451 453 456 457 459
13 420 427 429 433 435 438 439 442 445 446 450 451 456
18 421 423 424 426 431 436 440 441 444 445 446 447 448 452 453 454 458 459
26 420 426 428 429 431 433 435 437 439 441 444 445 446 448 449 450 451 452 453 454 455 456 457 458 459 460
20 422 427 428 430 432 433 434 435 436 437 439 442 445 448 449 450 454 458 459 460
20 420 424 425 428 431 434 435 436 439 440 441 442 443 444 445 447 450 451 454 459
19 420 421 422 424 425 427 430 434 435 438 442 443 446 448 449 450 451 458 459
17 420 421 423 424 426 428 434 439 442 443 445 446 448 450 452 456 458
19 422 423 426 427 428 434 435 441 443 444 445 446 447 448 452 453 455 456 459
27 421 422 423 424 427 429 430 431 432 436 437 438 439 441 443 444 446 447 449 450 451 452 453 455 457 458 459
25 420 422 426 427 428 430 431 432 437 438 440 441 442 443 444 445 446 447 448 449 450 451 452 455 458
19 420 424 427 428 429 434 438 439 441 443 444 445 446 449 450 452 453 456 460
12 426 429 430 432 439 441 446 447 451 452 456 458
21 420 421 423 427 430 432 433 440 441 442 443 444 445 446 447 448 449 452 453 456 457
25 422 427 428 431 433 436 437 438 440 441 442 444 445 446 447 448 449 450 453 454 456 457 458 459 460
28 420 421 422 423 424 425 426 427 428 429 430 431 432 434 437 441 442 443 445 446 451 453 455 456 457 458 459 460
19 420 421 425 427 429 432 434 435 439 441 442 444 445 449 450 454 457 458 459
13 420 424 425 429 430 432 433 439 447 453 454 456 458
27 422 423 424 425 426 427 428 429 430 431 432 433 434 435 436 438 439 440 444 446 447 448 449 450 451 455 458
23 422 423 426 427 428 429 432 433 434 435 437 438 439 442 444 446 449 450 452 454 455 457 459
21 420 422 423 425 429 431 434 435 439 442 445 447 450 451 452 453 454 456 458 459 460
15 420 421 422 423 426 430 434 443 445 448 449 450 451 454 459
27 420 421 424 425 426 429 430 432 433 434 435 437 438 439 440 444 446 447 448 449 450 451 452 453 454 458 460
23 421 422 423 424 427 428 429 431 432 435 437 438 440 441 445 448 450 451 453 454 455 457 458
17 421 422 429 430 431 433 440 448 449 452 453 454 456 457 458 459 460
23 420 424 427 429 430 431 432 433 435 436 437 438 439 440 442 443 444 448 452 453 454 455 456
18 421 422 429 431 432 433 437 438 441 442 445 447 449 451 452 453 454 458
22 420 421 424 427 428 432 437 438 441 442 443 444 445 448 449 450 451 453 454 457 459 460
19 421 424 425 426 427 428 431 432 436 437 439 441 446 448 449 451 452 458 459
25 421 422 423 427 428 431 433 434 438 442 443 444 445 447 448 449 450 451 452 453 454 455 456 458 459
17 421 423 425 426 432 433 434 436 439 441 443 446 448 450 451 452 457
21 425 427 428 430 431 436 438 439 440 441 443 444 446 447 448 449 452 453 457 459 460
26 420 422 423 424 425 427 428 429 432 433 436 439 440 442 444 445 447 448 449 450 451 452 453 455 457 459
22 420 423 424 428 429 431 432 433 436 438 439 441 442 444 445 447 449 450 451 452 453 459
17 420 425 426 427 429 437 438 440 441 445 449 455 456 457 458 459 460
17 422 423 425 426 428 429 430 431 433 437 441 444 446 449 454 458 460
25 422 423 426 427 428 429 431 432 433 435 436 437 440 441 442 444 446 447 449 451 452 455 456 457 459
15 420 421 422 425 428 439 440 445 446 448 452 454 455 456 460
27 422 423 424 425 426 427 428 429 430 431 434 435 436 440 441 442 443 445 447 448 449 450 452 455 456 457 458
12 424 428 429 430 435 436 438 440 444 445 449 457
21 420 421 422 423 425 428 433 434 436 440 441 442 443 444 448 451 452 453 457 458 459
17 420 424 425 434 436 438 439 440 442 443 448 449 451 453 454 458 460
27 420 422 423 426 427 430 431 432 433 434 435 436 437 440 444 445 446 447 448 449 450 451 453 456 457 458 459
22 420 422 424 427 428 429 430 431 432 435 437 438 442 443 444 445 446 447 450 454 455 458
22 421 422 423 424 427 428 431 432 435 436 442 444 446 447 448 449 450 454 455 458 459 460
14 420 422 423 427 429 434 435 438 440 446 449 450 454 455
17 421 423 426 432 434 438 439 440 444 445 449 450 451 452 454 455 459
20 420 421 422 423 426 427 430 432 433 434 435 441 443 444 453 454 455 456 457 459
14 424 425 427 428 429 434 437 443 445 446 448 451 453 460
18 420 423 424 428 429 431 432 433 435 436 439 441 442 447 448 453 456 457
25 420 421 423 424 425 428 429 432 434 435 436 438 439 441 445 448 449 450 452 453 455 456 457 458 460
18 421 422 423 426 429 432 434 436 437 439 441 446 450 452 455 457 458 460
20 420 422 424 426 427 428 431 433 434 435 436 437 440 446 447 448 450 451 453 457
26 423 424 426 427 428 429 431 433 434 435 436 439 440 441 442 443 444 448 451 452 454 455 456 458 459 460
23 420 424 426 434 435 436 437 438 439 441 442 443 446 447 449 451 453 454 455 456 458 459 460
18 420 421 423 424 425 427 428 432 435 436 437 447 448 455 456 457 458 459
12 422 424 427 428 431 435 441 446 452 458 459 460
27 421 422 423 425 426 427 428 431 432 433 436 439 440 443 444 445 447 448 449 451 452 453 454 455 456 457 460
26 420 421 424 426 428 429 433 434 435 436 438 441 442 443 446 447 448 449 450 451 452 454 455 457 458 460
25 423 424 425 426 428 429 432 433 434 435 436 437 440 441 445 448 450 451 452 454 455 456 457 458 459
20 421 422 423 427 431 432 433 438 440 443 444 445 446 449 451 452 453 455 456 457
14 421 425 426 433 434 438 439 443 452 454 455 456 458 459
23 420 424 425 426 427 429 430 431 432 435 436 438 441 442 443 446 447 451 453 454 457 459 460
27 420 422 423 425 426 427 428 429 430 432 433 435 437 438 439 443 444 445 446 448 449 451 453 454 456 457 459
16 421 424 426 427 429 431 432 440 444 447 449 451 452 457 459 460
15 420 422 426 430 432 434 436 439 442 444 449 452 453 455 460
13 420 423 427 431 440 441 446 450 454 455 456 457 459
23 421 424 425 426 427 429 433 435 438 439 441 442 444 445 447 450 451 453 454 456 457 458 459
16 422 424 425 428 430 437 439 440 444 445 447 449 450 451 455 456
14 424 427 431 432 433 438 445 446 449 451 452 456 457 458
15 420 421 422 425 426 427 430 431 432 436 442 444 451 453 456
18 421 422 423 428 429 432 433 434 436 438 440 442 445 450 451 452 456 457
18 420 422 424 425 427 429 430 431 433 436 437 445 447 452 453 454 456 460
18 425 429 430 431 433 436 437 438 441 442 445 450 452 453 454 457 459 460
22 421 422 425 426 428 430 432 436 437 438 439 441 443 444 445 446 448 449 450 452 457 460
15 421 422 424 425 435 436 438 444 445 448 449 453 454 457 460
16 422 426 427 428 430 434 435 440 441 443 444 448 450 451 452 457
16 425 429 431 433 434 435 438 442 443 444 445 448 452 455 456 457
14 420 429 433 436 438 440 442 445 450 454 456 457 458 459
26 420 421 422 424 425 426 427 428 430 431 435 436 437 439 443 444 446 447 448 450 453 454 455 456 457 459
17 420 425 429 430 434 436 438 439 443 444 445 446 450 451 454 456 457
24 420 421 423 425 426 428 429 431 432 435 436 437 438 439 440 441 442 444 449 450 455 458 459 460
24 421 425 426 427 428 430 431 432 433 435 436 439 441 442 443 444 449 451 452 453 455 456 458 459
21 421 422 426 432 433 434 437 439 440 444 446 448 449 450 451 452 453 454 456 458 460
22 422 424 425 427 428 431 432 433 434 435 436 437 441 444 445 446 447 451 455 457 458 459
27 420 422 424 426 428 429 434 435 436 438 439 440 441 442 444 445 446 447 449 450 452 453 455 457 458 459 460
24 420 423 425 426 427 428 429 430 432 433 435 436 437 439 440 442 444 445 449 450 452 453 455 456
13 421 423 430 435 437 439 444 446 449 450 453 454 456
26 421 422 425 426 427 431 432 433 435 438 439 440 441 442 443 444 445 446 448 450 451 453 454 456 459 460
22 420 422 426 427 428 429 430 431 432 434 435 436 439 440 445 446 447 450 453 454 455 456
26 420 422 423 424 425 428 429 430 431 432 433 434 436 437 438 439 443 444 447 448 449 450 452 453 456 459
14 421 423 430 431 432 434 437 440 444 452 453 454 455 460
13 420 421 424 427 432 438 439 444 448 449 452 458 459
14 423 424 427 428 433 437 440 441 444 445 454 455 458 459
25 420 423 424 426 427 428 429 432 433 434 436 438 440 441 442 443 444 448 450 451 452 455 457 458 459
18 420 423 427 431 432 435 437 438 440 442 443 444 448 450 451 452 456 457
17 421 422 424 428 431 434 439 443 445 446 447 448 449 452 453 454 457
26 420 421 423 425 427 428 429 430 434 435 436 437 438 439 440 442 443 446 447 448 449 451 455 457 459 460
16 421 424 426 427 429 431 432 433 434 435 440 443 448 454 458 459
15 421 422 424 425 427 433 435 440 441 442 443 448 454 458 460
27 421 422 424 426 430 431 432 434 435 436 437 438 439 440 442 443 444 445 448 449 450 452 453 454 455 458 460
19 421 423 426 427 428 431 432 435 437 438 440 441 445 446 448 449 452 455 459
12 423 424 425 436 439 440 448 452 453 455 458 459
14 420 423 432 434 435 436 438 439 440 446 447 448 455 456
24 424 425 426 427 430 432 433 434 435 436 437 438 440 443 446 449 450 451 452 454 456 458 459 460
19 424 425 426 427 428 431 432 435 436 437 440 441 449 451 454 455 456 457 459
19 422 423 424 425 426 427 428 430 436 438 441 442 443 446 447 448 449 457 460
17 420 423 424 427 428 433 437 439 441 444 446 450 453 454 455 458 459
18 421 422 423 424 428 430 432 436 438 442 444 449 450 452 454 456 457 458
25 420 421 422 424 425 426 427 428 431 432 434 435 440 442 445 446 447 448 451 452 454 455 456 457 458
25 422 426 429 430 431 433 434 435 436 437 438 439 442 443 445 446 447 449 450 451 452 454 455 458 460
21 421 424 427 429 430 432 433 434 435 439 440 443 445 447 449 450 452 456 457 459 460
18 421 423 424 426 427 432 433 441 444 445 447 448 451 453 454 457 458 460
17 423 425 429 430 432 433 435 437 438 440 446 447 449 450 451 452 459
19 420 421 425 426 427 432 433 435 439 441 442 446 448 449 455 456 457 458 459
12 470 478 479 485 487 488 493 499 502 513 521 525
19 462 471 473 477 482 484 485 489 500 501 505 510 511 512 516 518 520 523 525
24 461 463 465 467 471 474 477 479 482 483 484 485 486 491 494 495 498 504 506 512 514 515 517 525
18 463 466 469 476 485 494 495 497 498 502 504 509 511 513 518 519 522 523
15 462 467 475 483 489 491 493 498 500 505 507 508 513 519 521
19 463 466 469 471 474 476 488 493 496 501 502 504 507 508 510 511 513 519 525
19 461 465 466 471 472 476 479 481 482 487 492 494 496 501 502 504 510 517 523
9 462 468 485 489 492 500 516 517 525
8 478 488 490 506 509 512 521 524
23 461 468 470 471 472 473 474 478 480 486 487 489 493 496 499 500 506 507 508 510 515 517 520
35 462 463 466 467 468 471 473 476 477 478 483 484 485 487 489 490 492 494 495 496 498 499 501 502 504 505 508 511 515 517 518 519 520 521 524
25 464 470 471 472 473 474 477 479 483 494 495 496 498 499 505 506 508 509 510 511 514 518 520 522 523
39 463 465 466 467 469 471 472 475 476 477 478 479 480 481 482 485 486 487 493 494 495 496 497 498 501 502 504 505 507 508 510 511 512 515 516 518 519 520 522
36 461 462 465 467 468 469 470 472 474 475 477 478 481 483 484 485 488 490 492 494 495 497 498 499 504 506 507 511 513 517 518 519 520 522 524 525
16 462 466 469 470 471 472 474 475 489 492 495 496 507 510 519 525
16 466 467 475 478 481 485 487 489 491 497 498 503 512 513 514 520
6 463 471 495 502 513 514
13 465 475 478 481 482 487 491 493 497 503 504 512 513
18 461 463 466 467 469 476 480 484 486 488 490 501 502 507 515 519 521 524
12 465 473 474 475 484 485 490 499 517 518 520 525
17 461 462 463 465 466 469 470 473 485 492 494 495 496 504 505 510 512
34 467 468 470 473 475 477 478 479 480 483 484 486 487 490 491 492 493 494 497 499 500 503 504 506 507 508 511 512 516 517 519 521 522 524
8 478 487 494 498 505 518 519 524
25 461 462 464 465 466 469 472 474 476 481 482 485 488 489 496 498 501 505 509 510 515 518 520 523 525
20 461 472 475 480 482 491 492 494 495 504 507 508 509 510 512 517 518 519 522 523
30 468 471 472 474 476 477 478 480 481 482 484 488 489 490 491 499 500 501 503 507 508 509 511 515 516 517 519 522 523 524
21 464 467 471 474 475 478 487 490 492 496 497 498 502 505 508 509 510 511 513 516 520
22 461 465 467 468 469 470 471 473 474 477 482 483 488 489 491 495 501 509 511 514 520 523
11 461 465 478 481 491 494 497 499 500 509 524
23 461 463 464 466 468 469 474 475 476 481 486 487 488 490 492 494 499 502 503 504 508 522 524
17 464 466 470 471 473 474 475 482 492 493 498 499 503 505 507 510 521
14 468 469 473 477 479 481 483 484 486 489 493 506 521 525
19 462 464 465 467 477 479 481 482 484 488 490 491 492 501 512 514 516 521 524
15 463 465 466 482 495 500 501 503 507 515 517 518 522 523 524
32 461 462 465 466 467 470 472 473 475 477 479 480 481 482 483 487 491 492 493 495 498 503 504 507 510 511 514 516 517 518 522 523
15 461 468 472 476 480 491 492 496 504 505 508 513 519 523 524
26 461 462 464 468 470 473 474 483 484 488 489 490 491 492 499 500 503 506 509 513 514 517 521 523 524 525
24 462 463 464 469 471 474 475 477 484 486 487 488 491 493 499 501 503 509 511 513 514 515 518 519
41 462 464 466 468 469 470 472 473 475 476 478 480 481 487 488 489 490 492 493 496 497 499 500 501 502 503 505 507 508 509 510 511 513 516 518 519 520 521 522 523 524
12 468 476 481 482 486 498 499 505 506 509 514 522
33 462 463 464 465 466 467 468 469 471 473 474 476 477 481 483 484 486 489 490 496 497 498 500 501 503 505 506 511 514 515 516 520 524
5 475 483 503 505 525
24 463 468 470 474 477 478 484 485 486 488 490 497 499 503 506 509 511 514 515 516 518 520 524 525
25 463 464 468 469 471 474 476 484 485 486 489 494 496 497 499 500 501 502 505 508 513 515 519 520 525
21 463 468 473 477 478 481 482 483 486 489 493 495 496 500 503 504 505 513 515 519 524
33 462 464 468 469 470 473 483 484 486 488 492 493 494 495 496 499 500 504 505 506 508 509 510 511 515 517 518 519 521 522 523 524 525
19 461 466 467 471 474 475 485 488 491 492 494 498 499 501 507 508 517 518 521
41 461 465 466 467 468 470 472 473 476 478 479 480 481 482 483 485 489 490 492 494 495 496 497 498 500 502 504 505 506 507 508 510 512 516 517 520 521 522 523 524 525
40 461 462 464 465 466 467 468 470 474 475 478 479 480 482 483 484 486 488 489 490 493 494 495 498 500 501 503 504 505 508 509 510 512 514 515 517 520 522 524 525
22 461 462 476 480 481 483 484 486 488 496 497 500 501 504 506 512 514 515 517 518 519 523
18 464 467 475 479 483 486 487 493 497 498 502 506 513 514 518 520 521 525
16 461 463 465 471 472 474 476 477 479 480 482 490 501 502 507 516
21 462 463 466 476 480 485 490 492 493 496 497 499 503 507 508 510 513 516 517 521 522
41 461 463 466 467 470 471 472 474 475 476 477 478 480 482 484 487 489 491 492 493 494 495 496 499 500 501 504 505 506 507 509 510 511 513 515 516 517 519 520 523 524
15 462 463 464 471 478 479 482 487 488 497 500 502 509 511 522
15 461 464 469 472 473 474 481 484 485 492 500 504 512 516 520
23 465 467 470 472 478 479 480 483 491 493 495 496 497 498 506 507 509 513 514 515 517 519 521
33 461 462 464 465 468 469 470 471 472 473 475 477 479 482 483 485 487 492 496 501 502 503 504 505 508 510 512 515 517 518 519 521 525
50 462 463 465 466 467 468 470 471 475 476 477 478 479 480 482 483 486 487 488 489 490 491 493 494 495 496 497 498 499 501 502 503 505 506 507 508 509 510 511 513 514 515 517 518 519 521 522 523 524 525
24 464 467 468 470 472 475 477 479 480 482 484 485 486 487 490 495 498 512 514 515 516 518 521 522
29 463 464 466 471 473 476 479 480 482 486 487 489 491 493 496 500 501 502 503 505 508 509 510 512 514 515 516 521 523
15 461 462 470 472 476 480 485 488 491 494 499 504 512 514 519
7 464 469 473 480 495 512 522
30 461 464 465 469 470 472 474 475 479 480 481 482 486 488 491 493 497 500 503 506 507 509 510 512 513 514 516 522 523 525
8 472 479 480 506 510 512 520 522
14 464 472 475 479 481 484 486 500 502 504 506 512 515 525
19 461 464 465 467 473 478 479 480 490 491 494 500 504 508 511 513 517 523 524
18 463 477 483 484 485 487 488 493 497 501 502 503 512 515 516 518 520 521
23 466 467 469 470 477 481 483 486 489 493 494 495 498 501 503 506 507 510 512 514 515 516 521
24 462 464 465 468 469 473 479 481 483 485 486 488 490 497 498 502 503 508 512 514 518 521 522 525
17 462 464 465 469 470 476 484 487 490 497 502 509 511 514 516 523 525
25 463 469 471 472 473 476 477 481 485 487 491 492 496 497 499 502 506 507 511 513 516 518 519 521 523
13 463 468 469 477 485 487 495 502 509 511 513 516 520
11 462 473 483 489 492 503 505 506 517 520 523
32 463 466 467 474 476 478 480 481 484 486 488 489 490 491 493 494 495 497 498 499 500 506 507 509 511 513 514 516 520 522 523 524
13 465 467 472 478 479 489 490 491 494 508 522 524 525
9 475 489 491 493 498 500 508 513 521
12 461 468 472 476 480 491 492 505 508 513 519 524
12 461 464 467 473 480 490 494 504 508 511 517 524
12 461 464 465 467 473 480 490 491 494 500 523 524
6 465 473 475 485 520 525
23 461 462 465 468 469 470 471 473 477 479 482 483 492 496 503 504 508 510 512 517 518 521 525
5 479 506 512 520 522
20 462 464 465 468 469 473 481 483 485 486 490 497 498 502 503 512 518 521 522 525
15 467 479 483 491 496 497 506 507 509 513 514 515 517 519 521
12 461 463 466 467 469 480 488 502 507 515 519 521
9 462 463 465 466 469 473 492 495 496
17 461 465 469 470 474 479 480 481 482 503 510 512 513 514 516 523 525
19 462 468 473 479 481 483 486 488 490 497 498 503 508 512 514 518 521 522 525
26 461 462 465 466 467 470 472 473 475 477 479 481 482 487 492 493 495 498 503 510 511 514 516 518 522 523
8 466 475 482 498 499 505 507 521
17 468 471 472 474 476 478 481 482 484 489 499 500 501 503 519 522 524
8 465 478 487 491 497 503 504 513
37 462 465 466 467 468 470 476 477 478 479 480 482 486 488 491 494 495 496 497 498 499 501 502 503 505 506 508 509 510 511 513 515 518 522 523 524 525
3 475 505 525
8 474 484 485 490 499 518 520 525
4 463 502 513 514
7 483 489 503 506 517 520 523
9 465 466 482 500 507 515 518 523 524
7 462 463 464 478 482 488 522
18 472 474 476 477 478 480 481 482 484 488 489 499 501 507 511 515 516 522
9 466 469 476 485 494 502 509 518 522
12 466 471 475 485 488 491 492 494 501 508 518 521
22 468 471 474 477 480 482 484 488 489 490 491 501 503 507 509 511 515 516 519 522 523 524
6 468 476 481 505 506 522
10 462 465 466 473 485 492 494 495 505 510
17 463 473 477 478 481 483 486 489 493 495 496 500 503 504 513 515 524
19 468 470 471 472 473 474 478 486 487 493 496 499 500 506 507 508 515 517 520
13 463 467 469 476 480 484 486 488 490 501 502 515 519
13 465 474 479 483 486 491 494 495 498 504 506 517 525
26 461 462 465 467 468 472 474 475 477 481 483 484 485 488 490 495 497 498 499 504 513 517 518 519 522 524
25 461 463 466 467 470 474 475 476 477 478 482 484 487 493 500 501 504 507 509 511 515 516 519 520 524
4 487 505 518 524
28 461 466 467 470 473 478 479 480 481 485 489 490 494 495 496 497 500 502 505 506 507 508 510 516 517 521 522 524
31 465 466 467 469 471 475 476 477 478 479 481 482 485 486 487 493 494 497 498 501 502 504 507 508 510 511 512 515 518 519 522
23 461 462 465 466 470 472 473 475 477 479 480 481 482 487 503 504 507 514 516 517 518 522 523
9 465 467 472 479 489 490 491 508 524
22 473 475 478 480 486 487 490 492 494 497 499 500 503 504 506 508 511 512 517 519 522 524
11 463 468 469 485 495 502 509 511 513 516 520
22 462 464 468 470 473 474 483 484 489 490 492 499 500 503 506 509 513 514 517 521 523 525
18 462 463 464 469 471 474 475 477 484 486 487 488 491 493 501 511 518 519
8 476 481 486 498 505 506 509 522
17 463 466 476 480 485 490 493 496 497 499 503 507 510 516 517 521 522
11 472 473 474 486 489 499 500 506 510 517 520
24 463 466 467 474 476 478 484 486 488 491 493 494 495 497 498 499 500 506 507 511 514 516 520 524
8 462 467 489 491 505 507 519 521
28 464 468 469 472 473 475 476 480 481 487 489 490 492 493 496 497 499 500 502 503 505 507 510 513 516 518 521 522
6 480 506 510 512 520 522
19 463 474 477 478 484 485 488 490 497 503 506 509 511 514 515 516 518 520 525
21 461 464 465 469 470 472 474 479 481 482 486 488 497 500 503 509 510 512 522 523 525
24 465 466 467 469 475 478 479 480 481 485 486 487 493 494 495 498 501 504 507 511 512 519 520 522
13 471 472 473 474 486 487 493 496 500 510 515 517 520
14 472 475 480 482 491 494 504 507 509 510 518 519 522 523
11 465 475 478 481 482 493 497 503 504 512 513
15 469 472 477 481 485 487 492 496 497 511 513 516 518 519 521
14 462 473 477 482 484 485 489 500 505 512 518 520 523 525
15 478 481 482 483 486 489 493 496 500 503 504 505 513 519 524
13 462 464 465 469 476 484 487 490 497 502 509 514 523
5 479 480 506 512 520
12 461 463 466 468 469 481 488 490 492 502 522 524
10 470 472 485 491 494 499 504 512 514 519
16 464 471 474 475 487 492 496 498 502 505 508 509 510 511 516 520
6 465 478 482 487 497 504
22 463 466 476 479 482 486 489 491 493 500 502 503 505 508 509 510 512 514 515 516 521 523
15 462 471 473 477 484 485 489 500 505 511 512 516 518 520 523
8 461 465 478 481 491 500 509 524
20 470 471 472 474 479 483 494 495 496 498 499 506 508 509 510 511 514 518 520 522
4 469 473 480 522
8 462 468 485 489 492 500 517 525
13 462 466 469 470 471 472 475 489 492 495 507 519 525
12 461 465 477 482 483 484 485 506 512 515 517 525
11 463 483 484 485 488 493 497 501 503 520 521
7 470 479 485 493 499 513 525
8 473 483 489 492 505 506 517 520
10 461 462 463 465 485 492 494 495 496 512
10 463 468 469 477 487 495 509 511 513 516
19 461 464 465 468 469 470 473 475 477 479 483 485 496 504 510 518 519 521 525
16 466 469 474 476 488 493 496 501 502 507 508 510 511 513 519 525
7 465 466 507 515 517 518 522
16 461 463 466 467 469 480 484 486 488 490 501 502 507 519 521 524
18 470 471 472 474 477 479 483 494 495 496 508 509 510 514 518 520 522 523
24 463 474 476 478 484 488 489 490 491 493 494 495 497 499 500 506 507 509 511 513 514 520 522 524
8 463 482 500 503 507 522 523 524
17 468 471 472 476 482 484 490 491 500 501 503 507 508 511 519 522 523
14 464 465 467 477 479 481 482 484 488 490 491 492 521 524
17 464 468 470 472 475 477 479 480 482 484 486 487 490 512 516 521 522
13 462 463 464 469 471 487 488 493 503 511 514 515 519
10 463 484 487 488 501 502 512 516 520 521
12 468 473 481 482 483 493 496 503 513 515 519 524
5 479 480 506 512 522
9 463 466 495 500 503 517 522 523 524
18 476 480 481 484 489 490 491 493 494 497 499 506 507 511 513 514 522 523
11 462 463 464 471 479 482 487 488 500 502 511
9 463 465 482 500 503 507 522 523 524
12 471 475 490 492 497 498 502 505 508 509 510 513
17 463 473 477 478 481 482 486 489 493 495 496 500 503 504 505 519 524
17 461 462 464 472 474 476 481 482 488 489 496 498 501 515 518 520 525
3 483 503 525
10 469 473 484 485 492 500 504 512 516 520
30 462 463 466 467 468 471 473 477 478 483 484 485 487 489 490 492 494 495 496 498 499 502 504 505 511 515 518 519 521 524
8 467 475 483 489 493 508 513 521
16 463 464 466 468 469 474 475 481 486 487 490 492 494 504 508 524
18 463 469 472 473 476 487 491 492 497 499 507 511 513 516 518 519 521 523
24 471 472 474 476 480 481 484 488 490 491 500 501 503 507 508 509 511 515 516 517 519 522 523 524
9 465 475 478 481 487 491 493 504 512
13 461 467 471 474 485 488 491 492 494 507 517 518 521
28 462 464 465 466 467 468 469 471 473 474 476 483 484 486 489 490 496 497 498 500 501 503 505 506 511 515 516 524
4 469 480 512 522
9 461 464 473 481 485 492 500 504 516
3 483 503 505
25 462 463 471 473 477 483 484 485 489 490 492 494 496 498 499 501 502 504 505 511 515 519 520 521 524
16 461 468 470 472 473 474 478 486 489 493 496 499 507 510 517 520
23 461 467 470 472 474 476 477 478 480 482 484 487 491 494 496 499 506 507 511 516 519 523 524
12 466 467 471 474 488 491 492 494 498 508 517 518
7 478 487 499 502 513 521 525
9 468 476 481 486 498 505 506 509 522
11 463 465 469 470 473 485 492 496 505 510 512
8 462 472 476 491 494 499 512 514
8 464 475 479 481 484 500 504 525
16 461 472 475 480 482 491 494 504 509 510 512 517 518 519 522 523
3 471 495 513
16 461 467 471 474 477 479 482 484 486 491 494 495 504 514 515 525
31 461 462 465 467 468 470 472 474 481 483 484 485 488 492 494 495 497 498 499 504 506 507 511 513 517 518 519 520 522 524 525
12 462 463 464 471 475 477 486 491 493 499 511 514
10 461 468 472 480 492 505 508 513 519 523
9 468 473 477 479 481 489 493 506 525
25 461 462 465 467 468 470 472 475 477 478 483 484 488 490 492 494 495 497 498 499 504 517 518 522 524
10 461 472 480 492 504 505 513 519 523 524
14 465 466 471 472 476 479 487 492 494 496 502 504 517 523
19 468 470 477 478 484 485 486 490 497 499 503 506 509 514 515 518 520 524 525
14 466 469 476 485 495 497 498 502 504 509 511 513 519 522
12 461 480 483 484 488 496 504 506 514 517 518 519
13 466 469 485 494 495 498 502 504 509 513 518 519 523
13 483 485 487 488 493 501 503 512 515 516 518 520 521
12 463 469 474 484 487 488 499 501 503 509 511 519
5 488 490 509 521 524
32 462 464 466 468 469 472 473 475 476 478 480 481 487 490 492 493 496 497 500 501 502 503 507 508 509 510 516 519 520 521 522 523
30 462 463 466 467 468 471 473 476 477 478 483 484 485 487 489 490 494 495 498 501 502 504 505 508 511 515 518 520 521 524
9 462 464 479 482 487 488 502 509 522
11 475 479 481 486 500 502 504 506 512 515 525
20 461 464 468 469 470 475 477 482 483 487 492 496 502 504 508 510 512 517 518 521
15 463 464 477 484 486 487 488 491 499 501 509 513 514 515 519
15 462 481 484 486 496 497 500 501 504 506 512 514 515 517 523
11 461 466 469 474 475 476 481 488 499 502 508
6 482 486 506 509 514 522
11 464 472 479 484 486 500 502 506 512 515 525
19 462 464 471 474 475 477 484 486 487 488 491 493 499 503 509 511 515 518 519
16 463 464 468 474 485 489 494 496 497 500 502 505 508 513 519 520
15 463 466 469 474 476 488 493 496 501 502 504 508 510 513 519
20 463 469 471 472 473 476 477 481 485 492 496 497 502 506 507 511 516 519 521 523
11 464 479 486 493 502 506 513 514 520 521 525
5 490 506 512 521 524
13 476 480 481 486 497 500 501 504 506 512 515 518 519
15 463 464 473 476 480 482 486 496 501 505 508 510 512 515 516
4 463 471 513 514
8 481 482 486 499 505 506 514 522
32 461 462 465 466 467 468 470 474 475 478 479 480 482 483 484 486 488 489 490 493 495 498 503 504 505 510 514 517 520 522 524 525
9 469 472 474 481 485 492 500 512 516
17 462 464 465 468 473 479 483 485 486 488 490 497 502 512 518 522 525
18 463 469 471 476 477 485 487 491 496 497 502 506 507 511 513 519 521 523
22 463 467 474 476 478 481 484 490 491 493 494 495 499 500 506 507 511 514 516 520 522 523
13 467 477 482 484 486 487 490 495 498 515 516 518 521
10 462 470 471 474 492 495 496 507 510 519
15 462 471 473 477 484 485 489 505 510 512 516 518 520 523 525
10 462 463 466 469 473 485 492 495 496 510
19 463 468 470 474 477 484 485 488 490 497 499 506 509 511 514 516 518 524 525
8 464 472 481 486 500 506 512 515
31 461 462 464 466 468 474 478 479 480 482 483 484 486 489 490 493 494 495 500 501 503 504 505 509 510 512 514 517 520 522 525
23 461 462 464 465 469 470 471 472 475 477 479 483 492 496 501 502 505 508 510 512 518 519 521
12 461 462 463 470 485 492 494 495 496 504 505 510
7 462 485 489 492 516 517 525
9 477 484 487 488 493 512 516 518 521
9 466 475 478 485 487 489 512 514 520
18 462 476 480 481 483 484 488 496 497 500 501 504 506 514 515 517 518 519
24 461 468 469 470 473 475 477 483 485 487 492 496 501 502 504 505 508 510 512 517 518 519 521 525
14 477 483 484 485 487 488 493 497 502 503 515 516 520 521
7 465 478 490 491 508 522 525
4 464 469 473 495
7 467 472 489 491 494 524 525
14 461 465 470 471 474 482 483 488 489 495 501 509 511 514
10 470 473 474 475 492 498 503 507 510 521
23 461 462 465 467 468 469 470 477 478 481 485 488 490 494 495 497 498 499 507 519 520 524 525
6 478 481 494 497 509 524
13 463 466 469 494 495 498 502 504 509 511 513 518 522
20 466 467 469 470 483 486 489 493 494 495 498 501 503 506 507 510 512 514 515 521
27 463 466 467 474 476 478 480 481 484 486 488 489 491 493 494 495 497 499 506 507 511 513 514 516 522 523 524
31 463 465 466 467 469 472 476 477 478 479 480 481 482 485 486 487 494 495 496 497 498 501 502 507 510 511 512 515 516 520 522
2 483 505
17 467 470 481 483 486 489 494 495 498 501 503 506 507 510 514 515 516
8 461 470 472 480 485 499 504 514
10 462 470 472 476 480 488 499 504 514 519
19 463 465 469 471 472 477 478 481 485 494 497 498 502 504 505 507 515 518 522
3 502 513 514
14 472 475 480 482 491 494 495 507 508 509 512 517 518 523
11 461 463 466 467 484 488 501 502 515 519 524
13 463 477 483 484 487 493 497 502 503 512 515 516 521
4 480 506 510 512
11 466 467 475 481 485 487 489 491 498 512 520
9 461 465 478 481 491 494 497 509 524
26 461 464 465 467 474 475 478 480 482 483 484 486 488 490 494 495 498 501 503 505 510 512 514 515 520 522
18 462 463 464 471 475 477 484 486 487 493 499 501 503 509 511 513 515 519
11 477 483 484 485 487 488 512 515 516 518 520
23 461 463 466 467 471 475 476 477 478 480 482 487 489 495 499 500 501 504 510 513 517 523 524
24 461 464 466 467 474 478 479 480 482 483 484 486 488 489 490 495 500 505 508 515 517 520 522 525
6 478 487 494 498 505 519
12 461 464 467 473 478 479 500 504 508 511 513 517
13 461 463 465 466 469 470 485 494 495 496 504 505 512
4 463 471 495 514
9 469 472 473 481 484 485 500 504 516
12 461 467 471 474 475 491 494 499 507 508 517 521
8 468 479 481 483 489 493 521 525
24 464 465 467 468 471 474 476 477 481 483 486 489 490 496 498 500 501 503 505 506 511 514 520 524
12 464 466 470 471 473 475 482 493 499 503 510 521
13 462 477 482 484 489 500 505 510 512 516 518 520 525
7 463 468 469 487 502 513 516
13 468 472 473 474 480 486 487 499 506 508 510 517 520
9 461 462 465 466 470 473 485 496 512
18 464 465 468 469 481 483 485 488 490 498 502 503 508 512 514 518 521 522
12 477 483 485 487 488 493 501 502 512 515 516 520
12 461 464 469 472 473 481 484 485 492 500 504 512
11 461 462 470 472 480 485 494 499 504 514 519
14 463 464 466 469 474 475 481 487 490 492 494 504 508 524
23 468 471 472 476 477 478 480 481 482 484 488 490 491 499 500 501 503 509 511 515 516 517 523
11 465 475 478 487 491 493 497 503 504 512 513
13 471 477 484 500 505 510 511 512 516 518 520 523 525
18 462 476 480 481 483 484 486 488 496 497 500 506 512 514 515 517 518 519
8 469 473 481 484 493 506 521 525
12 464 470 477 479 480 482 487 490 516 518 521 522
11 461 470 472 476 485 488 491 499 504 514 519
8 475 481 482 487 493 503 512 513
16 461 464 466 469 474 475 476 486 487 488 490 492 502 504 522 524
6 473 483 489 492 506 523
13 464 467 474 487 490 492 496 498 502 508 509 510 511
15 464 467 468 470 472 477 479 484 486 487 495 512 515 521 522
14 462 465 477 479 482 484 488 490 491 492 501 512 521 524
15 461 464 465 469 472 476 481 485 488 498 501 509 518 523 525
16 463 464 469 471 484 486 489 494 497 499 501 513 515 519 520 525
11 461 472 482 491 494 495 504 508 510 517 522
13 462 466 469 470 471 472 489 492 495 496 507 519 525
15 465 466 471 472 476 479 481 487 492 494 501 502 510 517 523
24 465 466 467 469 472 476 480 486 487 493 494 495 497 501 502 505 507 508 510 511 516 518 519 522
22 466 467 476 480 481 486 489 491 493 494 495 497 498 499 500 507 509 511 513 514 516 524
8 463 472 474 476 479 480 501 516
18 466 467 469 477 483 486 493 495 498 501 503 506 510 512 514 515 516 521
15 461 462 463 465 466 470 473 485 492 494 495 496 505 510 512
29 462 463 468 471 473 476 477 478 483 484 487 489 490 492 494 495 496 499 501 502 504 505 508 511 515 517 518 521 524
9 465 467 472 478 479 490 508 524 525
11 464 467 478 490 494 500 508 511 517 523 524
8 462 471 472 475 489 492 495 496
26 461 462 464 465 466 474 475 479 480 483 486 493 500 501 503 504 505 508 509 512 514 515 517 520 522 525
9 463 468 477 485 487 495 511 513 516
16 463 468 473 477 478 481 482 483 486 489 493 495 496 500 519 524
5 472 506 510 512 522
26 466 467 474 476 478 480 481 484 486 489 490 491 493 494 495 497 499 500 506 507 509 513 514 520 522 524
15 463 469 471 484 491 493 499 501 503 509 511 513 515 518 519
17 462 464 468 470 474 488 490 491 492 503 509 513 514 517 521 524 525
10 462 463 464 479 482 487 488 500 509 511
9 462 464 470 484 487 490 497 502 509
18 461 462 465 466 467 473 475 477 479 480 498 503 504 507 511 514 516 518
19 462 465 467 468 469 470 472 477 478 481 483 484 490 504 513 517 522 524 525
10 461 482 492 494 495 508 509 510 512 522
13 466 469 485 494 495 498 502 504 509 511 518 519 523
10 465 466 471 472 494 496 502 504 517 523
16 464 466 468 474 475 476 486 487 492 494 499 502 504 508 522 524
17 463 468 473 477 478 481 483 486 489 495 496 503 504 505 513 515 524
9 462 464 471 478 479 487 488 500 522
12 472 480 491 492 494 504 507 509 510 512 518 519
29 467 468 470 473 477 478 480 484 486 487 490 491 492 493 494 497 499 500 504 506 507 508 511 512 517 519 521 522 524
7 462 468 485 492 500 517 525
13 461 463 464 466 469 476 486 487 494 499 504 522 524
20 461 467 471 474 477 479 482 483 484 485 486 491 494 495 498 512 514 515 517 525
8 463 468 469 485 487 495 511 513
28 462 463 465 466 468 470 471 475 476 480 486 488 489 490 491 493 495 496 499 502 505 509 510 513 514 518 521 522
14 467 469 477 486 493 494 501 506 510 512 514 515 516 521
10 463 469 485 504 509 511 513 518 519 523
9 468 472 476 496 504 508 513 519 524
9 462 470 476 480 485 488 504 512 514
14 461 462 480 481 484 488 496 501 506 514 515 517 518 523
4 478 509 512 524
15 464 471 476 479 480 482 486 487 491 496 501 503 509 515 521
16 461 465 472 476 479 481 482 487 492 494 496 501 504 510 517 523
18 463 469 471 472 473 476 477 481 487 492 496 502 506 507 511 516 518 521
12 462 466 469 471 472 474 475 489 492 495 496 507
15 462 465 469 470 476 487 490 497 502 509 511 514 516 523 525
6 468 477 485 487 495 513
27 467 468 470 473 475 477 479 480 483 484 486 487 490 491 492 493 497 499 500 506 507 508 511 512 517 519 522
7 477 485 502 509 513 516 520
5 462 485 516 517 525
27 461 464 465 466 467 474 475 478 479 482 484 486 489 493 494 495 498 500 501 504 508 509 515 520 522 524 525
9 461 464 469 472 473 474 481 500 516
8 462 471 482 487 497 500 502 511
12 471 472 479 481 482 487 492 494 496 504 517 523
15 461 463 464 469 475 476 481 486 488 490 492 502 503 508 522
12 462 469 470 471 472 474 475 492 496 507 510 525
15 461 462 465 466 469 470 473 485 492 494 495 496 504 510 512
37 462 463 467 470 471 473 479 480 483 484 485 487 488 491 492 493 496 497 499 500 501 503 505 506 508 509 510 511 512 513 515 516 517 520 521 522 525
19 463 464 466 470 472 473 475 480 481 483 484 486 488 491 500 504 511 518 524
27 463 465 467 468 472 479 480 486 488 490 491 494 495 496 500 502 503 504 511 512 515 517 518 519 522 523 525
30 461 463 464 465 466 467 469 470 472 476 477 480 481 484 487 490 493 496 499 501 504 509 514 516 517 518 520 521 523 524
29 462 469 470 471 474 475 476 480 482 484 486 487 488 489 490 492 493 498 499 501 503 504 506 512 514 515 518 523 525
29 462 463 464 467 470 471 473 476 477 478 479 481 484 487 490 491 492 493 494 495 496 506 507 510 512 516 517 518 520
44 461 462 463 464 467 469 470 471 474 475 478 479 480 481 482 483 484 485 487 488 489 490 492 493 495 497 498 500 501 503 504 505 507 509 511 513 516 517 519 520 522 523 524 525
32 461 462 463 466 467 468 469 470 471 472 474 479 483 484 487 488 490 495 497 499 501 502 507 508 511 515 516 517 519 523 524 525
32 462 463 464 465 466 467 472 475 476 479 481 483 485 487 488 491 494 495 496 500 501 506 507 508 512 514 515 517 518 520 522 525
28 461 462 463 468 470 471 472 474 475 476 479 481 485 486 490 492 494 495 498 499 502 503 504 505 506 512 520 524
34 461 462 470 471 472 473 475 478 482 483 485 486 488 491 493 495 496 500 501 502 505 506 507 508 511 512 513 515 516 517 520 521 524 525
25 463 464 466 468 469 470 473 478 479 481 483 484 489 490 492 493 496 498 499 500 506 508 510 513 515
24 461 463 464 467 469 470 472 478 479 480 481 483 485 490 495 501 503 508 510 512 513 517 519 521
29 463 464 467 470 471 472 476 477 478 479 480 485 489 491 492 493 497 499 500 507 509 511 514 515 516 517 518 524 525
26 461 462 464 465 468 471 473 474 478 483 484 486 489 492 493 494 498 500 502 512 513 515 516 519 523 525
42 461 464 466 467 468 469 470 471 472 474 475 478 479 481 482 483 485 486 487 488 489 490 492 496 500 506 507 508 509 510 511 512 513 514 516 518 519 521 522 523 524 525
33 463 466 468 471 473 474 475 477 478 482 483 485 488 492 494 495 496 497 498 500 502 509 510 511 512 513 514 515 519 520 521 522 525
33 462 463 464 465 466 469 471 473 479 480 482 484 489 490 491 492 494 495 497 498 500 501 503 506 508 509 510 514 515 516 522 523 525
35 461 462 465 466 467 469 471 473 475 477 480 481 482 484 487 488 492 494 496 498 500 501 503 505 507 508 509 513 514 516 517 520 522 524 525
31 461 462 464 468 471 472 473 474 475 478 484 486 487 488 489 491 492 496 497 499 500 501 503 505 510 511 514 519 520 522 525
22 462 463 464 465 469 470 472 473 477 480 484 489 491 500 501 503 505 508 515 519 520 524
35 461 462 464 465 467 471 472 473 474 475 476 478 481 482 483 484 486 487 489 490 496 497 498 500 501 503 504 505 509 514 516 517 518 523 525
38 461 462 467 468 469 471 472 475 476 477 479 481 482 483 486 487 488 489 490 492 495 497 498 506 507 509 511 512 513 515 516 518 519 520 521 523 524 525
25 464 465 468 472 474 477 478 481 482 484 485 489 490 494 496 500 503 507 508 510 511 512 516 518 524
35 461 463 464 465 466 468 475 476 478 480 482 485 487 489 490 491 492 493 494 495 496 498 500 504 505 508 510 512 513 514 515 518 519 523 525
37 463 464 465 468 469 470 471 473 474 476 478 482 483 484 485 486 489 490 492 493 494 495 497 498 502 503 504 505 507 508 513 515 517 521 522 523 524
32 461 462 466 467 474 478 479 480 481 482 483 484 487 488 489 490 491 498 499 500 501 502 504 505 506 507 510 512 517 518 519 523
26 462 464 470 471 473 474 481 483 487 488 490 492 495 496 497 498 500 501 502 506 508 511 512 513 515 521
27 462 463 465 468 469 473 479 482 483 484 490 492 493 495 497 500 501 506 507 508 510 511 512 515 517 521 524
43 461 463 464 467 469 470 471 472 474 475 476 477 480 482 483 487 488 490 492 494 497 498 499 500 501 503 504 506 507 508 509 510 511 512 513 514 515 516 518 519 520 522 524
35 462 463 465 466 467 470 478 479 480 481 482 483 484 485 487 490 491 492 494 495 496 497 498 499 500 501 502 504 507 508 512 517 518 521 523
25 461 463 464 466 467 470 472 473 482 483 484 485 487 491 497 499 502 504 505 508 511 516 520 521 522
28 462 464 470 472 473 475 480 481 482 483 486 487 490 492 494 496 497 498 500 504 505 506 512 513 516 522 523 525
40 461 462 464 465 466 467 468 469 470 472 473 478 479 480 482 483 484 485 486 489 490 491 493 495 497 498 500 501 502 503 504 505 511 512 513 516 517 520 522 524
32 461 462 463 464 466 468 469 470 471 475 476 481 482 483 484 485 490 491 492 498 500 504 505 510 511 513 514 516 517 518 519 524
34 461 462 464 467 469 471 474 475 477 478 479 480 482 487 490 491 496 497 498 500 502 504 507 510 513 514 517 518 519 520 521 522 523 524
33 461 466 468 469 472 475 476 477 479 480 483 484 485 487 488 491 493 494 495 502 503 508 510 511 512 513 514 516 519 520 521 524 525
24 464 469 472 473 475 477 478 481 484 485 486 487 492 495 498 503 504 506 509 510 512 515 519 523
32 461 462 463 466 467 469 471 478 481 484 485 487 489 490 492 494 495 496 500 501 502 503 505 506 508 509 511 512 517 520 521 524
33 465 466 469 470 478 479 480 481 483 485 486 488 489 490 492 494 495 497 500 502 506 507 509 510 512 513 515 516 517 518 519 523 525
31 461 468 470 474 475 476 478 479 481 483 486 490 492 494 495 501 502 505 508 509 511 512 513 514 516 517 518 519 523 524 525
20 464 467 471 472 474 481 484 486 488 490 494 500 502 508 509 511 516 520 523 525
31 461 462 463 465 470 474 475 477 479 480 481 488 491 497 498 499 500 501 502 504 505 506 510 511 512 516 518 519 521 523 524
45 461 462 463 464 465 466 467 475 476 477 478 479 480 481 483 484 485 486 487 488 490 491 494 495 496 497 500 502 503 505 507 509 511 512 513 514 516 517 518 519 520 521 522 524 525
19 466 470 471 472 474 478 479 483 486 487 488 491 494 498 499 509 515 516 517
39 461 462 463 465 466 467 468 469 470 474 475 476 477 478 484 485 487 491 492 494 495 496 497 498 501 502 503 505 507 508 510 512 513 514 515 518 520 521 522
39 462 463 466 468 472 473 474 475 478 480 481 483 485 486 487 490 492 493 494 495 499 501 502 503 507 508 509 510 511 513 515 516 517 518 520 522 523 524 525
43 461 464 465 467 468 469 470 472 473 477 479 481 482 483 484 486 489 492 494 495 497 499 500 502 503 505 506 507 508 509 510 511 512 513 514 515 517 519 520 521 522 523 525
36 461 462 463 464 465 466 467 469 470 471 472 477 478 480 483 488 490 492 493 496 499 500 501 502 503 504 508 509 510 511 513 514 516 520 522 524
20 461 463 464 465 472 476 480 481 485 486 493 495 503 506 507 508 512 515 522 523
25 461 462 463 466 469 470 475 478 479 480 483 484 485 487 489 492 499 500 503 506 509 510 511 512 520
39 462 463 467 468 470 471 472 473 475 476 477 478 483 484 487 489 492 494 497 499 502 503 504 505 506 507 508 509 510 511 512 514 516 517 518 519 520 522 523
41 461 462 464 465 466 468 470 474 475 476 477 478 479 480 482 483 484 486 487 488 489 491 494 495 497 498 499 500 501 503 504 507 510 511 512 516 517 520 521 524 525
26 461 464 469 470 472 476 481 482 483 486 487 488 489 492 495 497 499 506 508 516 517 518 519 520 521 524
22 462 470 472 474 475 476 481 482 485 487 491 495 496 501 502 503 510 513 516 521 523 525
27 461 466 467 469 470 471 475 479 480 482 483 485 488 490 491 494 497 498 499 502 503 507 509 511 517 520 523
44 461 462 463 464 465 466 468 473 474 476 477 479 480 481 484 486 487 488 491 494 495 496 497 498 499 500 501 502 503 506 509 512 513 514 515 516 517 519 520 521 522 523 524 525
24 461 465 466 471 474 476 477 479 487 489 491 496 497 500 504 506 507 508 509 511 513 515 517 524
35 464 465 467 469 470 471 474 475 479 483 485 486 488 491 492 493 494 495 496 498 499 500 501 502 503 504 506 508 511 513 514 517 518 521 522
40 461 463 464 465 467 468 470 471 472 473 475 476 477 479 480 482 483 487 488 491 492 494 496 498 502 503 505 507 509 510 511 513 514 515 517 518 520 522 524 525
35 461 463 464 467 468 471 472 475 476 477 482 485 486 489 490 491 493 494 495 496 497 501 502 507 508 509 510 511 513 517 519 521 522 523 525
26 462 464 466 469 470 472 477 478 482 483 484 486 488 493 497 499 501 502 504 510 512 514 515 519 522 525
22 462 475 478 479 482 485 487 488 498 499 501 502 503 506 508 510 511 517 521 523 524 525
41 462 464 465 468 470 471 472 474 475 476 477 478 479 480 481 483 484 485 487 489 490 492 493 494 495 499 500 502 505 506 507 508 509 510 511 512 514 515 516 519 522
28 461 465 467 468 469 472 474 478 482 483 486 488 491 492 493 495 496 502 507 509 510 514 516 517 521 522 523 524
27 471 473 475 477 479 480 484 485 488 490 491 492 496 497 499 503 504 507 508 510 513 517 518 521 523 524 525
33 461 463 467 470 473 474 475 476 477 478 480 482 487 488 492 495 496 497 500 501 503 504 506 511 513 515 517 518 520 521 522 523 525
20 461 462 467 470 471 472 475 476 477 480 482 492 494 498 499 502 511 514 515 516
20 464 465 469 470 474 478 480 486 488 490 493 495 496 505 506 509 510 522 523 524
34 464 466 467 469 473 475 477 478 480 482 483 485 487 488 489 491 494 495 496 497 499 502 506 508 510 511 513 514 515 516 517 519 521 522
37 462 465 466 468 471 472 473 474 475 477 478 479 480 482 483 485 487 488 491 492 495 497 499 500 502 503 504 507 508 509 512 513 519 520 521 523 524
22 463 468 480 483 486 488 489 491 492 498 501 502 504 506 509 512 513 514 519 522 523 524
40 461 464 465 466 468 469 470 471 472 474 475 476 477 478 479 480 482 484 488 489 490 491 492 493 494 495 496 498 500 502 503 508 511 512 514 515 516 519 522 524
20 463 468 470 472 475 480 482 483 484 485 493 494 500 504 512 514 516 518 521 522
21 467 469 470 474 480 482 484 487 495 497 498 499 500 502 505 506 508 509 522 523 524
41 461 462 465 466 467 468 469 471 474 475 480 481 483 485 486 487 488 489 490 491 494 496 498 499 500 504 507 508 509 510 511 512 515 516 517 519 520 522 523 524 525
32 461 465 466 467 468 472 474 475 477 478 480 481 482 485 486 487 488 490 491 492 494 497 499 502 506 507 508 510 517 518 519 522
27 461 464 466 469 470 471 473 475 478 480 485 488 489 492 498 499 502 507 509 512 513 516 517 518 519 524 525
39 461 462 463 466 467 470 472 473 474 475 478 482 483 485 486 487 488 489 491 493 494 496 497 498 499 501 507 509 511 512 513 515 516 517 519 520 521 522 525
36 461 463 464 466 467 468 471 473 476 477 480 483 485 486 487 489 491 494 498 501 502 507 508 509 511 512 513 515 517 518 519 520 521 522 523 525
42 462 463 464 465 466 467 468 469 470 472 473 474 475 477 478 480 481 482 484 486 489 490 491 492 494 496 497 500 504 506 508 509 511 513 515 517 518 519 520 521 522 524
30 462 463 464 465 467 474 475 476 477 480 481 482 485 487 488 490 491 493 495 496 498 499 506 510 512 518 519 520 522 523
25 461 465 466 467 468 470 474 484 487 493 494 500 501 503 505 507 508 510 511 512 515 517 519 522 523
31 462 463 464 465 466 468 469 470 472 475 480 481 483 484 486 487 490 493 495 499 500 504 506 509 510 512 513 516 517 519 521
28 461 462 465 466 467 468 471 476 479 481 483 487 488 495 496 497 498 501 502 507 512 513 515 516 518 519 520 523
21 461 475 477 484 485 493 494 501 502 503 504 505 506 509 510 512 516 519 522 523 525
44 461 462 463 464 467 468 470 471 472 473 475 476 477 478 479 481 482 484 487 488 491 492 494 496 498 500 501 503 504 505 506 507 508 510 511 514 515 516 517 520 522 523 524 525
45 461 463 465 466 467 468 472 473 474 475 476 477 478 479 480 481 482 483 484 486 487 488 489 492 494 495 497 498 499 501 502 503 504 506 507 509 512 514 516 517 520 521 522 523 524
34 462 466 467 468 469 470 471 475 479 480 481 483 486 487 488 489 490 493 494 500 501 502 503 504 505 506 507 509 515 518 520 522 524 525
24 464 468 470 474 475 479 480 482 483 491 493 495 496 497 499 505 506 508 515 517 518 519 521 525
41 461 466 467 471 472 473 475 476 477 478 479 480 481 482 483 484 485 487 489 490 492 493 494 499 501 502 503 505 506 508 509 510 512 513 516 517 518 519 523 524 525
27 466 468 472 483 487 488 489 491 498 499 500 501 502 504 506 507 508 509 510 512 514 515 516 520 521 524 525
24 464 467 471 475 479 480 481 482 484 486 487 491 493 494 496 504 507 508 509 510 518 519 523 525
41 461 464 465 466 467 469 471 472 474 475 476 477 478 480 481 486 490 491 492 493 494 495 497 499 500 502 503 505 506 508 509 510 511 513 514 516 517 519 521 523 524
27 461 462 465 466 467 468 470 475 479 481 483 484 491 493 497 498 503 506 508 512 513 517 518 520 522 523 524
21 462 464 466 472 478 481 488 489 493 496 499 501 503 504 505 510 514 515 516 518 523
36 462 463 464 467 469 470 472 473 477 478 479 480 482 484 485 486 487 491 492 496 498 499 500 503 504 505 506 509 510 514 516 518 519 520 521 524
44 463 465 466 469 471 472 474 475 476 477 478 479 480 481 482 483 484 485 486 491 494 495 496 497 498 499 501 502 504 505 506 507 508 510 512 514 515 517 518 519 522 523 524 525
28 468 470 474 478 482 484 485 488 489 490 492 495 496 497 499 502 504 505 507 508 509 512 514 517 520 523 524 525
21 461 473 475 480 487 489 490 491 493 497 498 501 505 510 511 512 518 519 520 524 525
24 462 468 470 471 472 477 480 481 483 487 489 493 494 502 508 509 511 513 514 516 518 521 522 523
24 464 466 468 471 473 480 483 486 487 489 493 495 496 498 499 500 501 504 505 507 511 512 514 517
38 463 465 466 469 470 471 472 475 476 477 480 482 483 484 485 486 488 489 493 496 497 499 502 503 505 507 508 509 510 511 513 515 516 517 519 521 522 523
28 461 463 468 469 472 473 474 475 477 479 481 482 483 484 485 488 489 490 491 497 498 505 512 514 518 519 522 524
41 461 463 464 465 466 467 468 471 473 474 475 476 477 479 480 481 482 483 485 486 488 489 490 491 496 497 499 503 505 507 509 510 512 513 516 517 519 520 522 524 525
24 462 463 464 467 470 475 477 480 487 488 495 496 499 501 504 508 509 510 516 517 519 523 524 525
41 461 463 464 466 467 468 469 470 471 472 473 474 475 476 477 478 479 481 483 485 486 487 488 490 492 493 495 496 497 498 499 501 502 503 506 513 514 516 517 519 521
30 462 464 465 466 469 470 473 474 477 479 489 490 494 495 497 502 504 506 508 509 510 511 515 516 517 518 521 523 524 525
28 463 464 469 470 471 473 474 475 477 478 480 483 484 485 488 493 501 502 506 508 509 513 514 518 519 521 522 523
40 462 463 464 467 469 470 471 472 474 475 476 479 480 483 486 487 489 490 491 493 496 498 499 500 501 502 503 504 505 506 508 509 510 514 515 521 522 523 524 525
24 462 463 467 469 470 471 472 473 486 490 491 492 493 494 499 500 503 504 506 507 510 517 523 524
36 462 464 465 467 469 470 473 474 477 478 479 481 482 485 486 487 488 489 490 492 496 497 498 501 503 508 509 510 511 512 513 515 517 522 524 525
26 461 462 465 466 469 470 473 474 475 477 478 479 481 491 495 497 499 502 507 511 512 514 516 520 522 524
24 461 463 466 470 472 473 476 479 482 483 484 485 487 490 491 492 500 501 509 510 514 519 520 523
28 464 467 468 472 474 475 477 478 480 482 485 487 491 493 495 496 498 500 502 503 508 510 511 513 515 519 521 522
20 463 465 468 470 473 475 477 478 480 489 491 494 495 505 508 510 511 513 515 524
23 465 467 470 472 473 474 477 481 489 491 492 495 500 501 504 507 508 509 511 515 517 518 524
31 462 467 469 470 473 476 478 480 486 488 489 492 493 496 497 500 501 503 507 508 510 511 514 515 516 517 519 520 522 523 525
44 461 462 463 465 468 469 470 471 472 474 475 477 479 482 483 484 487 488 489 490 491 493 494 495 496 497 498 499 500 501 502 503 505 508 510 511 514 516 518 519 521 522 524 525
29 461 462 464 465 466 468 469 472 473 474 479 483 487 488 489 490 495 497 499 500 504 505 507 509 510 513 520 522 523
44 461 462 463 464 465 466 467 469 470 472 473 475 478 479 480 481 482 483 485 486 487 489 491 494 496 500 501 502 503 504 506 507 511 512 513 514 515 517 518 519 521 522 523 524
44 461 462 463 464 465 466 469 470 471 472 474 478 479 481 482 483 484 486 487 488 490 492 493 494 495 496 497 498 499 501 502 504 505 506 507 509 512 513 515 516 520 522 524 525
40 462 464 466 467 468 469 471 473 474 476 477 478 481 482 483 489 491 494 495 496 497 498 499 500 502 505 507 508 509 511 513 517 518 519 520 521 522 523 524 525
24 464 465 468 470 471 472 475 477 488 492 493 494 495 496 497 499 505 509 510 512 516 517 518 520
33 462 464 466 475 477 478 480 481 484 485 488 492 494 496 497 499 500 501 502 503 505 508 509 512 514 515 517 518 519 521 522 524 525
42 461 462 465 466 467 469 470 473 475 477 478 479 481 482 483 484 486 487 488 489 492 493 494 495 496 498 499 500 503 504 506 507 509 511 512 513 514 515 516 518 520 525
22 462 463 465 466 467 468 471 473 474 476 483 484 488 492 496 500 506 509 511 515 517 519
31 464 465 467 469 470 473 474 477 478 480 481 484 486 489 490 491 493 494 496 497 498 499 501 507 508 509 513 514 515 517 521
29 461 463 467 468 469 471 472 473 474 475 477 482 483 484 485 491 494 495 498 499 501 502 503 504 506 511 514 519 521
34 461 463 465 467 469 470 471 472 474 475 479 481 482 485 486 487 488 489 491 495 497 499 502 503 504 507 510 511 512 514 517 518 520 523
20 461 469 476 477 479 482 484 485 486 488 489 490 494 500 505 508 510 514 516 523
36 461 463 465 467 468 469 471 475 476 477 480 481 482 484 487 488 492 493 494 495 496 499 500 501 503 504 507 509 511 514 515 517 519 520 524 525
38 463 464 465 468 469 472 473 474 475 476 477 478 479 480 481 482 483 484 485 486 489 490 491 493 496 498 502 503 505 512 513 517 519 520 521 522 523 524
24 462 466 467 469 471 474 476 478 479 481 485 488 490 492 494 501 502 503 504 510 512 513 514 525
44 461 462 463 465 467 468 471 472 473 474 475 476 477 478 479 480 481 483 485 488 489 490 491 495 496 497 498 500 501 502 503 504 505 507 508 511 512 515 516 518 520 521 524 525
31 464 466 467 469 470 476 477 478 480 481 482 483 484 485 489 494 496 497 498 499 502 505 507 509 510 512 513 514 516 517 520
40 461 462 465 467 468 469 472 473 474 476 477 482 485 486 489 490 491 492 493 495 496 497 500 501 502 504 505 507 510 512 513 515 516 517 518 519 520 523 524 525
26 462 463 464 467 468 471 474 476 478 480 484 485 488 492 493 496 502 503 507 508 510 512 516 522 523 525
33 461 462 463 465 468 469 470 471 475 476 477 478 481 482 488 491 494 496 497 498 501 504 505 509 510 511 513 516 519 521 522 523 525
21 461 466 471 473 475 476 478 482 483 486 489 491 493 495 496 503 506 512 513 514 518
21 466 471 474 477 482 483 485 486 488 489 490 494 495 501 502 504 505 508 514 515 518
35 463 464 465 466 467 468 472 474 475 481 482 483 486 487 488 489 490 492 493 494 498 499 500 504 505 510 512 514 516 517 519 520 522 523 525
36 463 466 467 468 469 472 473 474 475 478 480 483 484 488 491 492 493 494 495 497 498 501 502 504 505 506 507 508 509 512 514 519 521 522 524 525
29 461 463 465 468 470 471 472 474 475 478 481 483 485 486 487 498 499 500 502 503 507 510 514 516 517 519 520 523 525
24 461 463 467 469 470 475 476 482 483 485 486 491 493 495 498 502 505 507 508 510 514 518 520 521
28 462 466 467 470 473 475 479 480 481 482 487 488 489 492 495 502 503 505 506 508 509 512 517 519 521 523 524 525
25 464 470 471 472 476 478 479 480 484 485 486 487 489 493 494 497 498 500 503 509 512 516 522 523 524
36 462 464 465 467 469 472 473 474 475 477 479 480 481 482 484 485 487 495 496 497 498 500 501 502 504 505 507 510 511 514 515 518 520 521 523 525
31 462 464 465 469 478 479 483 484 488 489 490 492 494 497 499 502 503 504 506 507 508 509 510 513 514 519 520 521 522 524 525
34 461 462 464 466 469 471 473 475 476 477 479 480 481 485 487 492 494 495 496 497 498 505 506 507 508 509 511 512 513 515 516 523 524 525
35 461 464 465 466 467 470 472 473 475 477 478 482 484 486 490 492 494 495 498 499 501 502 503 504 505 507 510 511 513 515 517 518 519 523 525
39 461 466 468 472 474 475 476 478 479 480 482 485 486 487 488 489 490 491 492 493 494 495 496 497 498 500 502 503 504 505 510 515 517 518 519 520 523 524 525
29 461 466 467 468 474 478 481 483 484 486 487 488 492 495 496 499 502 503 504 505 506 507 510 515 517 520 521 522 523
34 461 462 463 466 467 468 469 470 471 472 473 474 476 477 478 481 483 484 485 487 489 491 497 501 505 508 510 513 515 520 521 523 524 525
33 463 464 465 466 467 474 482 483 485 486 487 491 492 494 495 496 500 501 503 504 505 506 508 509 510 511 512 513 518 519 520 524 525
24 463 466 468 469 470 473 475 479 485 487 488 495 502 503 505 506 509 510 514 515 516 517 523 525
31 461 464 467 468 471 472 475 476 482 483 486 487 488 493 494 495 496 498 499 500 501 504 507 508 512 513 514 517 519 520 523
24 461 465 466 472 474 477 479 481 486 487 488 493 494 495 497 498 503 509 512 513 515 516 521 524
20 461 467 468 469 470 477 484 487 491 492 497 499 500 501 503 509 513 519 522 523
22 462 464 468 470 471 472 474 475 479 490 492 495 496 498 501 504 506 508 513 515 517 520
40 461 462 464 465 466 467 468 469 470 471 473 478 479 481 482 484 485 486 487 488 489 491 492 498 500 501 503 507 510 511 512 513 514 515 517 519 521 522 523 524
33 462 466 468 469 470 472 475 476 479 483 484 485 486 487 488 490 493 494 498 500 501 503 504 507 508 509 510 511 514 515 516 517 520
28 461 462 465 467 469 470 471 475 477 478 481 482 487 489 490 497 499 504 505 507 508 509 511 515 521 522 523 525
26 464 470 473 481 483 485 489 490 491 494 495 497 499 501 502 504 505 510 511 512 513 517 521 523 524 525
39 461 462 463 464 466 468 469 470 471 472 473 474 475 476 478 480 481 482 483 486 488 489 491 493 494 498 499 500 501 502 504 505 509 510 511 512 519 521 523
43 461 462 463 464 465 466 468 470 471 472 473 474 475 477 479 481 482 483 484 488 489 490 492 493 494 495 496 498 499 500 501 504 506 511 513 514 515 518 519 521 522 523 525
40 461 465 466 467 469 470 471 472 473 475 477 483 484 486 487 488 490 491 492 494 495 496 498 499 500 503 504 505 506 507 509 510 511 512 517 518 521 522 524 525
21 463 466 469 473 475 478 482 483 484 485 486 490 493 495 499 500 504 508 512 514 515
36 461 464 466 469 471 476 478 479 481 482 484 485 487 489 491 492 493 495 496 497 501 504 507 508 509 510 513 514 516 517 518 521 522 523 524 525
36 461 463 465 468 469 471 472 478 480 482 483 485 486 487 488 489 490 494 495 496 497 501 506 507 511 512 513 514 517 518 519 520 521 522 523 525
34 462 468 471 472 473 474 476 477 478 479 480 482 486 489 490 492 493 496 499 500 502 504 505 508 509 512 513 514 515 516 517 518 519 525
21 467 470 477 479 484 485 486 493 494 499 504 505 508 510 511 515 518 519 521 523 525
42 462 463 465 466 467 468 469 470 471 472 473 474 480 482 483 485 489 491 492 494 495 496 497 498 499 501 503 505 506 507 509 510 511 512 513 517 518 519 521 522 523 525
35 461 463 464 465 467 469 472 473 475 477 479 480 481 482 484 488 490 491 492 493 494 501 502 505 506 509 513 514 516 517 518 519 520 523 525
41 461 462 463 465 466 467 471 472 473 475 478 480 481 483 484 486 488 489 490 491 493 494 495 497 498 499 502 503 504 508 509 510 511 513 514 515 516 517 518 519 522
43 461 464 466 467 468 469 470 471 473 474 476 477 478 479 481 482 483 484 485 486 487 488 489 490 491 492 494 495 500 502 504 505 507 508 510 511 513 514 518 521 522 524 525
36 464 465 466 468 469 471 474 475 476 478 479 480 481 485 488 492 493 497 500 501 503 505 506 507 508 509 510 511 513 515 517 519 521 522 523 524
24 461 464 468 469 472 473 475 476 478 482 484 485 486 487 490 493 496 501 507 510 513 514 517 524
32 462 464 468 469 470 472 473 475 477 481 483 484 487 488 492 493 495 496 498 499 501 509 511 512 513 514 516 518 519 522 524 525
21 461 463 467 470 471 473 479 480 481 482 485 491 494 506 508 514 516 517 518 521 522
29 462 463 464 466 467 468 470 471 473 475 476 477 481 484 488 489 495 497 498 499 501 504 505 506 509 510 513 516 520
40 461 462 465 467 469 470 471 472 473 474 476 477 478 480 481 482 485 486 488 489 490 492 497 498 500 501 502 503 505 506 508 509 510 514 516 517 521 522 524 525
28 461 465 469 472 473 476 478 480 482 486 488 491 492 493 494 500 501 503 504 507 508 509 510 514 518 519 521 524
26 469 472 475 478 483 484 485 489 491 492 495 498 499 500 503 505 508 509 511 513 515 518 520 522 524 525
29 461 463 465 467 469 470 471 473 474 475 477 479 480 481 483 489 493 496 499 502 503 505 506 508 511 512 516 521 522
41 463 464 465 466 468 469 470 473 475 477 478 479 480 481 482 485 486 487 488 489 492 494 497 500 502 503 506 507 508 509 510 511 513 514 515 516 517 518 521 522 523
36 461 462 464 466 467 468 469 470 471 472 473 477 482 483 487 490 493 495 497 499 501 502 503 504 505 506 507 508 509 510 515 516 519 520 521 523
20 465 466 469 471 477 478 479 484 485 486 489 497 498 499 500 502 503 504 512 519
21 463 468 471 472 481 482 485 486 490 491 494 499 501 502 504 506 507 511 516 520 524
23 464 465 469 470 476 477 478 480 486 489 491 499 500 502 506 508 510 513 514 518 519 520 522
19 467 470 474 475 476 478 479 489 490 495 496 497 498 500 502 506 513 517 524
26 466 467 472 477 480 481 483 486 489 494 495 498 499 500 501 502 505 506 508 510 513 515 516 520 521 525
36 466 470 471 472 474 475 476 480 481 482 483 485 488 490 491 492 493 494 495 497 499 501 503 504 505 506 507 510 514 515 520 521 522 523 524 525
22 461 462 463 465 466 467 472 473 486 488 490 496 497 501 502 505 506 507 508 509 519 525
32 463 465 466 467 468 470 474 475 477 479 480 484 485 487 493 494 495 497 498 499 502 503 506 509 511 513 515 517 518 523 524 525
30 461 463 464 465 466 470 473 474 475 476 477 480 482 483 484 490 491 495 498 502 509 512 513 514 515 519 521 522 524 525
41 461 462 463 464 465 466 467 469 470 473 474 475 476 480 481 482 484 486 487 489 490 491 492 493 496 497 498 499 500 501 503 504 506 509 510 512 513 516 519 522 523
26 461 462 464 465 470 471 478 485 486 488 489 490 493 500 503 504 505 508 511 513 514 516 518 519 522 525
24 462 464 467 468 470 473 475 480 483 485 491 494 496 499 502 506 509 512 513 518 519 521 523 524
43 461 462 463 464 465 466 467 469 470 476 480 481 482 483 486 488 489 490 491 494 495 497 498 499 501 504 505 506 507 508 509 510 513 514 515 516 517 518 520 521 522 523 524
34 462 463 464 466 468 469 470 474 475 479 482 483 486 487 488 489 490 492 493 497 500 501 503 506 507 508 509 511 512 513 515 522 524 525
31 465 467 468 469 470 472 474 475 476 478 482 485 486 487 488 491 492 493 494 495 496 499 500 505 508 509 512 514 518 521 522
33 461 463 474 478 480 481 482 484 486 489 491 492 493 494 495 497 498 499 502 503 504 505 506 507 514 517 519 520 521 522 523 524 525
43 461 462 465 467 470 473 475 477 478 479 480 482 483 485 486 489 490 492 493 494 495 496 498 499 500 502 504 505 506 508 509 510 512 514 515 516 517 519 521 522 523 524 525
31 462 466 467 468 469 470 474 476 477 478 481 485 487 488 489 493 494 495 498 500 504 505 509 511 515 516 519 520 522 523 525
41 463 465 466 467 468 469 472 473 474 475 476 478 479 481 483 484 486 487 489 490 491 494 495 496 497 499 500 501 502 504 506 507 508 509 511 516 517 518 519 520 523
36 462 463 465 466 468 469 470 471 472 473 475 477 478 482 484 486 489 490 494 495 498 499 500 504 505 506 507 508 510 512 515 517 518 520 522 525
25 463 464 466 468 469 470 475 480 483 484 487 488 490 494 495 500 504 505 510 512 516 517 519 521 524
19 465 466 469 474 481 482 483 485 487 490 495 496 502 503 505 513 515 517 520
28 462 471 473 474 478 482 483 485 487 490 491 495 497 498 500 501 502 503 508 509 510 513 514 517 520 522 524 525
32 461 462 463 464 465 466 467 470 471 472 475 477 484 487 489 490 491 493 496 498 500 501 504 510 512 514 515 516 517 519 520 521
37 461 463 471 474 475 478 479 480 481 484 485 486 487 488 490 491 493 494 495 498 500 501 502 503 506 507 510 513 515 516 518 520 521 522 523 524 525
37 463 464 465 466 468 469 470 474 475 477 478 479 481 482 483 484 491 497 498 501 503 504 505 506 507 508 511 512 513 514 515 517 519 520 521 522 524
40 461 462 466 469 470 471 472 473 474 475 478 479 480 482 483 485 489 490 491 492 495 497 498 499 500 501 502 503 506 507 508 509 513 515 517 518 519 520 522 523
32 462 465 466 470 471 473 474 476 477 479 480 485 489 491 492 495 496 497 498 499 502 503 508 515 517 518 519 520 521 522 523 524
19 470 473 474 479 481 487 488 489 495 498 504 509 511 512 516 517 519 521 523
32 461 463 467 468 470 471 472 476 477 478 479 480 481 485 487 489 492 493 495 496 497 500 502 505 507 508 511 515 516 517 522 523
37 461 462 466 467 468 470 471 472 473 474 475 476 478 486 488 489 493 495 497 498 500 502 503 505 506 507 508 509 510 511 512 514 515 518 521 522 525
42 461 463 464 465 466 467 470 471 472 473 474 475 476 477 479 481 482 487 488 489 490 491 492 495 498 499 502 503 504 505 506 507 512 513 514 515 517 518 519 520 523 525
23 463 464 468 469 471 477 478 479 487 489 491 492 493 494 495 499 500 501 502 512 515 516 521
41 465 467 468 470 472 473 474 475 476 479 480 482 483 484 485 489 490 491 492 493 494 495 499 500 501 502 503 505 508 509 511 512 513 514 515 517 520 521 523 524 525
23 463 468 474 475 477 479 481 483 484 488 490 494 497 500 501 505 510 511 515 517 518 524 525
35 463 464 469 470 474 476 480 481 485 488 489 490 491 493 494 495 496 498 499 500 501 504 506 507 508 511 512 514 515 517 519 520 521 522 524
34 463 467 468 469 471 472 473 475 476 477 478 479 485 486 489 491 494 497 498 500 503 506 507 511 512 513 514 515 516 517 518 520 522 524
20 461 465 469 471 475 476 477 487 490 496 497 498 502 503 507 511 512 518 520 524
35 464 465 466 469 470 472 473 474 476 478 479 480 481 482 484 486 487 489 490 491 495 496 499 501 502 503 505 507 508 510 516 517 520 522 523
29 462 463 466 468 469 471 472 474 475 476 477 478 480 482 483 486 488 495 501 503 504 505 506 507 517 518 521 523 525
29 461 462 464 465 473 474 475 479 480 481 483 485 487 489 492 498 499 501 503 506 508 511 512 516 517 521 522 523 524
32 461 463 464 465 467 469 470 471 472 473 474 475 477 483 484 486 490 491 495 499 502 506 507 508 509 510 514 516 518 520 521 525
39 461 463 465 466 467 469 470 477 478 479 483 484 485 486 487 488 489 490 492 493 494 497 498 499 501 505 506 509 510 511 512 513 514 515 517 521 522 524 525
43 462 464 465 466 467 468 469 470 471 473 475 476 477 478 479 480 481 482 484 485 486 487 488 489 492 493 494 496 498 499 500 506 508 510 512 514 515 516 517 519 520 522 523
32 462 464 465 466 468 472 473 474 476 477 478 479 481 483 485 487 490 491 493 495 500 501 504 506 508 510 511 513 518 520 523 524
21 464 467 471 474 475 483 484 485 488 490 494 498 500 501 502 513 519 521 522 524 525
41 461 466 468 469 470 472 474 475 476 477 478 479 480 481 482 484 485 486 487 488 491 494 496 497 499 501 503 504 507 508 511 512 513 515 516 517 518 519 520 521 523
34 464 465 466 467 468 469 470 471 476 478 479 480 483 487 489 491 492 494 495 496 497 498 500 501 503 504 508 509 512 513 517 518 519 523
28 463 464 467 470 472 473 476 480 481 482 484 486 487 489 490 492 494 495 501 504 511 512 513 514 515 516 517 519
28 461 462 463 466 468 469 471 473 475 476 479 484 489 490 492 497 499 500 503 506 509 510 514 515 518 519 520 523
44 461 463 464 467 470 471 472 473 474 476 478 479 480 481 482 483 484 486 488 489 491 492 493 494 497 498 499 500 501 502 504 507 508 510 511 513 516 517 519 521 522 523 524 525
22 462 467 475 477 478 480 481 482 484 485 487 490 496 497 504 513 514 516 517 519 521 523
21 465 468 470 471 472 473 475 480 481 482 485 492 493 499 501 506 510 512 519 521 522
43 462 463 464 467 468 472 473 474 475 476 477 478 479 482 484 485 486 487 488 489 490 491 492 495 496 497 498 499 501 502 503 505 506 507 510 511 512 513 515 521 522 524 525
38 461 462 464 465 466 468 470 472 475 477 478 479 481 482 483 489 491 492 493 494 495 497 500 502 503 504 505 506 507 508 510 512 513 515 516 517 518 523
29 463 464 465 466 468 475 480 483 484 486 487 488 491 492 494 498 499 500 501 503 508 509 511 516 518 519 521 522 523
23 462 467 472 474 484 485 486 487 492 493 495 497 498 500 501 502 504 508 513 521 522 523 524
41 462 464 465 467 468 469 470 472 475 476 477 478 479 481 482 483 484 485 488 491 492 493 494 496 499 500 501 502 503 504 505 508 509 510 512 516 517 519 520 522 525
45 461 462 463 465 466 468 469 473 474 475 476 479 482 483 484 485 486 487 488 490 491 493 494 495 496 497 498 500 502 503 504 505 507 508 509 510 511 512 513 515 519 521 522 523 524
43 462 463 464 465 466 467 468 469 470 471 472 474 476 478 480 481 482 484 487 488 490 494 495 496 497 498 501 502 503 504 506 507 509 510 512 514 515 516 517 521 522 523 524
30 467 469 471 472 473 474 475 476 477 481 482 483 488 489 490 491 493 495 497 499 503 504 508 514 517 518 519 521 524 525
34 463 464 466 469 470 472 474 476 477 481 483 484 486 488 491 493 498 499 500 501 503 504 505 506 507 508 509 510 511 518 519 520 521 524
29 461 463 465 469 470 471 472 473 479 482 484 487 490 492 493 494 496 502 504 506 508 510 514 517 518 520 522 524 525
26 461 471 472 474 476 478 479 484 485 492 494 496 498 499 504 505 506 512 514 516 517 518 519 522 523 524
26 461 462 464 465 469 470 472 477 478 479 486 487 488 491 494 499 501 502 506 507 508 509 511 517 519 522
19 461 471 475 479 480 482 485 488 492 493 494 495 499 506 507 513 515 518 523
35 464 466 467 468 470 472 474 476 478 482 486 487 489 490 491 492 493 494 496 497 498 501 505 506 508 509 512 513 514 515 516 517 520 523 524
42 461 464 465 469 470 472 473 477 478 479 480 482 483 484 485 486 487 488 489 492 493 494 495 498 499 500 501 503 504 505 507 509 510 511 512 513 514 515 518 520 521 523
37 462 466 467 468 471 473 476 477 478 481 482 483 484 487 491 492 493 494 496 499 501 503 505 506 507 509 511 515 517 518 519 520 521 522 523 524 525
19 462 466 469 470 473 478 487 489 491 492 496 497 504 509 511 513 518 520 524
34 463 466 467 469 470 471 474 476 483 485 486 488 489 490 493 494 497 498 499 501 502 504 505 508 509 510 511 512 516 519 520 522 524 525
26 468 474 476 477 478 481 482 484 487 490 491 492 493 495 497 501 505 507 508 510 512 514 515 516 521 524
23 464 469 470 472 475 479 481 485 488 491 494 495 501 505 506 507 509 511 512 515 518 519 523
41 462 463 464 466 467 469 471 472 473 474 475 476 478 479 480 481 486 487 489 490 491 492 493 495 497 499 500 501 502 505 509 511 514 515 516 517 518 519 520 521 524
32 463 465 466 469 472 475 476 477 478 479 480 484 486 487 494 495 496 497 498 499 501 503 504 505 506 507 508 511 512 522 524 525
38 461 464 465 466 468 469 471 472 473 474 476 481 483 485 486 487 488 490 491 494 497 498 500 501 502 503 504 506 507 509 510 511 514 516 517 522 523 525
43 461 462 464 465 466 467 469 471 473 474 475 477 478 479 480 481 482 483 484 486 487 488 490 492 493 495 496 497 499 506 508 509 510 511 512 514 516 517 519 520 522 523 525
44 462 463 464 467 468 469 470 471 472 473 475 477 479 480 482 484 486 488 489 490 491 492 493 495 497 498 499 500 502 503 504 505 509 510 511 512 513 514 516 517 518 520 524 525
36 461 462 463 464 465 467 469 470 471 472 473 475 476 477 479 481 482 485 490 491 493 494 495 497 501 506 509 510 514 515 517 518 522 523 524 525
35 461 462 463 466 469 470 472 473 475 477 479 480 482 483 484 485 489 490 494 495 496 497 498 499 502 503 504 506 513 514 515 516 520 522 524
27 461 464 466 470 472 474 476 477 478 480 487 491 494 495 498 500 501 504 505 509 512 515 516 517 519 521 525
30 461 464 467 469 474 478 479 480 481 482 483 485 487 490 491 494 495 502 504 505 510 511 512 515 517 518 521 522 523 525
43 463 464 465 466 468 471 473 474 475 476 477 478 479 481 483 484 485 486 487 488 490 492 493 494 497 498 500 501 502 503 505 507 508 509 510 511 512 514 516 518 519 522 523
29 462 463 464 467 468 469 472 473 474 481 488 489 492 494 498 499 500 503 504 505 509 510 511 513 516 520 522 523 525
31 461 462 464 466 467 469 470 472 475 476 478 480 482 487 488 490 491 492 493 500 501 502 503 508 513 514 517 518 519 520 523
28 463 464 465 469 474 476 477 478 479 480 481 483 486 490 491 496 497 499 503 506 510 513 515 519 520 521 523 525
31 463 464 465 466 467 469 471 472 474 476 479 480 481 482 487 488 490 491 492 496 497 499 505 508 512 515 519 520 521 523 525
43 462 463 464 465 467 469 470 471 472 473 475 477 478 479 481 482 483 484 485 487 489 490 492 493 494 495 496 498 502 503 504 505 506 508 510 511 512 513 516 519 520 522 523
42 461 463 465 466 468 469 472 477 479 480 482 483 484 485 486 487 488 489 491 492 493 494 495 496 497 498 500 502 503 504 506 507 508 509 510 511 513 516 517 520 524 525
29 462 464 465 467 469 471 474 475 477 480 481 483 485 487 490 491 492 494 496 497 500 502 503 505 507 514 516 524 525
45 461 462 464 465 467 468 470 472 474 475 476 477 478 481 482 483 486 487 488 489 490 491 492 495 497 498 499 500 501 502 503 504 505 506 507 508 509 512 513 514 515 517 518 522 523
32 465 467 471 472 473 476 481 482 483 484 485 486 487 488 489 491 494 496 497 498 499 500 502 504 505 506 512 516 518 519 520 522
19 461 462 468 474 479 480 488 492 493 496 502 508 510 511 514 515 520 521 522
45 461 462 463 464 465 468 470 472 474 475 476 477 479 480 481 483 484 485 486 487 491 492 494 495 496 499 502 503 505 506 507 508 510 511 512 514 515 516 517 518 519 520 523 524 525
29 461 462 472 473 474 475 477 481 482 483 486 489 492 496 497 499 500 501 504 507 508 510 512 513 515 518 520 524 525
23 461 464 465 466 467 468 475 477 481 484 487 489 490 494 499 501 510 511 512 516 519 520 521
22 461 462 466 467 475 476 479 481 482 485 490 492 496 501 511 515 516 518 520 522 524 525
28 461 463 466 468 469 470 472 473 474 476 480 482 484 485 489 492 494 498 503 505 506 507 509 512 513 515 518 523
24 461 462 465 469 470 471 472 474 476 478 480 482 485 486 487 489 494 499 500 504 509 515 518 523
28 461 462 466 467 468 469 473 474 475 480 482 488 489 490 492 493 494 500 501 502 507 510 511 515 519 520 522 523
25 461 462 463 465 474 477 478 481 482 483 484 486 487 489 491 494 495 496 498 501 503 505 512 523 525
41 461 464 466 467 470 471 472 476 478 480 482 483 484 485 486 487 489 493 494 495 496 497 498 500 501 502 503 504 506 508 509 510 511 514 516 517 518 520 522 524 525
23 461 471 472 482 483 488 489 490 491 492 495 498 499 501 508 509 510 512 515 516 522 523 524
36 461 462 463 465 469 470 474 477 479 482 483 484 486 488 490 492 493 495 497 498 499 500 501 502 504 508 511 513 515 516 517 519 522 523 524 525
29 461 465 466 468 472 475 476 479 483 484 486 487 488 489 490 492 494 495 499 500 502 503 508 512 514 518 521 524 525
43 461 462 464 468 469 470 471 473 475 476 477 478 479 481 482 483 484 485 488 489 491 492 493 494 495 497 498 499 502 503 504 505 508 510 511 513 517 518 519 522 523 524 525
39 462 464 465 467 468 473 477 478 479 480 483 485 486 489 490 491 492 493 494 495 496 497 498 499 503 505 508 509 510 511 512 513 516 517 518 519 521 524 525
44 463 464 465 466 467 469 470 471 472 473 476 477 478 479 483 484 485 487 488 489 491 492 493 494 496 499 500 501 503 505 506 507 508 511 513 515 517 518 519 520 521 522 523 524
37 461 462 463 464 467 468 470 471 474 476 480 483 484 486 490 492 494 496 497 498 499 500 501 502 504 505 509 510 512 513 515 516 517 518 519 520 522
39 461 462 463 464 467 468 469 471 472 474 477 478 480 481 483 484 485 486 487 488 493 494 497 502 503 504 506 507 508 509 510 513 515 516 517 519 521 523 525
24 461 462 463 466 469 474 475 476 482 483 485 489 493 495 497 500 501 506 508 512 514 516 518 519
26 463 465 466 468 469 471 474 477 478 479 480 490 493 494 495 498 500 504 507 508 509 511 516 519 520 523
33 461 463 466 468 469 470 471 473 474 475 477 479 483 484 485 486 487 488 489 491 496 501 503 504 506 507 508 511 513 517 520 522 523
