510 3237
46 1 2 3 4 5 6 7 8 9 10 11 12 13 14 15 16 17 18 19 20 21 22 23 24 25 26 27 28 29 30 31 32 33 34 35 36 37 38 39 40 41 42 43 44 45 46
19 2 3 4 6 8 12 13 15 17 19 24 26 29 34 36 37 38 42 45
36 1 2 4 6 7 8 9 12 13 14 15 16 18 19 20 21 22 23 24 25 26 27 28 29 31 32 34 35 36 39 40 41 42 43 45 46
16 1 10 11 13 19 21 26 27 31 33 36 37 38 41 44 45
36 1 2 5 7 8 9 10 11 13 14 15 17 18 19 20 21 22 23 24 25 26 28 29 30 31 33 34 36 37 38 39 41 43 44 45 46
33 2 4 5 6 8 9 10 11 12 14 15 16 17 18 19 21 22 23 24 26 28 30 31 33 36 37 38 40 41 42 43 44 45
29 1 2 3 4 5 8 9 10 12 13 14 17 18 19 20 21 22 23 25 30 33 34 35 37 39 42 44 45 46
26 2 3 4 5 11 12 13 17 19 21 22 23 24 26 27 30 31 32 33 34 35 37 38 40 42 45
36 1 2 3 4 6 7 8 10 11 12 13 14 15 16 17 20 21 22 23 25 26 27 28 30 32 34 35 36 37 38 41 42 43 44 45 46
27 2 3 4 5 7 8 10 11 12 15 18 19 20 21 24 25 26 27 28 33 34 35 41 42 44 45 46
13 3 4 10 12 15 19 24 27 32 35 36 39 44
29 1 2 7 9 10 11 12 13 14 15 16 17 18 19 20 21 23 24 26 29 31 33 36 37 38 39 43 45 46
24 1 3 4 5 7 9 10 12 14 15 16 17 18 20 22 24 26 31 33 34 38 39 43 44
36 1 3 4 5 7 8 9 10 11 12 14 15 16 17 18 19 20 22 24 25 26 27 28 29 30 33 35 36 37 38 39 40 41 43 44 46
27 1 5 6 7 8 10 12 13 14 16 17 18 19 20 22 24 25 27 29 30 33 34 35 37 41 42 43
20 3 4 6 10 13 14 15 16 20 23 24 26 32 33 34 38 39 43 44 46
21 3 8 9 12 13 15 16 18 20 22 24 25 26 27 29 38 40 41 43 44 46
20 3 6 9 10 11 18 19 22 24 25 27 28 31 33 34 37 41 42 43 46
14 4 5 7 12 13 14 17 18 20 21 26 27 33 46
27 2 3 4 6 8 9 10 16 17 18 20 22 23 24 25 27 28 29 30 31 32 34 36 40 42 43 45
24 1 2 3 4 6 7 12 17 19 21 22 23 24 26 27 29 32 33 34 39 40 41 45 46
19 1 2 4 9 12 16 17 19 20 24 27 30 32 34 41 43 44 45 46
26 2 9 10 12 14 15 20 22 25 26 27 28 29 32 33 34 35 36 37 39 40 41 42 44 45 46
30 1 3 5 7 8 9 12 14 15 16 18 20 22 24 25 26 27 28 30 31 35 36 37 38 39 40 42 43 44 45
34 1 2 3 5 6 7 11 13 15 16 17 18 19 20 21 22 23 24 25 26 27 28 30 32 33 35 36 37 39 40 41 42 43 45
26 1 3 8 10 11 12 13 14 16 17 18 21 23 25 26 29 31 32 35 37 39 41 42 44 45 46
35 1 2 4 5 6 7 8 9 10 12 15 16 17 19 20 21 22 24 25 26 29 30 31 32 33 34 36 38 39 40 41 42 43 44 45
28 3 4 6 7 9 10 12 13 15 16 21 22 23 24 25 26 27 31 32 33 34 39 40 41 42 44 45 46
28 1 3 4 6 7 11 13 14 16 18 19 22 23 24 25 27 30 31 32 33 34 35 38 39 40 41 42 44
31 1 2 3 4 5 8 9 10 12 13 19 20 21 22 24 25 26 27 29 30 31 32 33 36 38 39 40 42 43 44 45
29 2 5 6 7 8 9 11 13 14 15 19 21 22 23 24 25 26 27 29 30 31 33 35 39 40 41 43 44 45
33 3 4 5 8 9 10 11 13 14 16 17 18 19 20 22 24 26 27 28 30 32 33 34 35 36 38 39 40 41 43 44 45 46
27 2 5 7 8 9 10 12 14 15 17 18 19 21 22 24 28 29 30 32 33 34 35 39 40 41 42 46
32 1 2 4 5 6 10 12 13 14 16 18 19 20 22 23 24 26 27 29 30 32 33 34 37 38 39 41 42 43 44 45 46
33 1 2 3 6 8 10 11 13 14 16 19 20 21 22 23 24 25 26 27 28 30 31 32 33 34 35 36 37 38 41 42 43 44
23 1 3 5 7 8 12 15 16 17 18 20 24 25 28 31 33 34 35 36 37 38 43 45
15 7 14 15 20 22 23 24 27 29 37 38 42 44 45 46
16 5 7 13 14 17 19 21 26 27 33 35 37 38 40 41 44
19 1 3 7 10 14 16 17 20 21 22 25 30 32 33 34 38 42 45 46
19 1 6 7 8 9 10 14 18 19 21 22 28 31 32 35 37 39 40 45
29 1 2 3 5 6 7 9 11 12 15 17 18 19 20 21 24 25 27 29 31 33 34 35 37 38 39 41 43 46
14 1 7 13 14 20 22 23 25 33 34 42 44 45 46
14 1 3 8 11 12 13 17 20 23 25 30 32 36 42
36 1 2 3 4 5 7 10 11 12 13 14 15 16 17 18 19 20 21 23 24 25 26 27 28 29 30 31 32 33 35 36 37 39 40 41 45
18 6 8 10 11 12 13 14 16 19 25 28 33 40 41 43 44 45 46
16 11 13 14 15 16 18 21 23 24 25 26 28 37 38 43 45
36 1 2 3 4 5 6 7 8 9 10 11 14 15 16 17 19 20 22 23 24 25 27 28 29 31 32 33 34 35 36 37 38 39 40 42 44
28 1 2 5 6 8 10 11 12 15 16 17 19 20 21 25 26 27 28 29 31 32 34 35 36 39 41 42 46
25 1 2 4 5 7 11 13 15 16 17 18 19 22 23 24 25 26 27 30 31 34 35 37 44 45
18 4 8 10 12 15 17 18 21 23 25 28 31 34 36 41 42 43 44
17 6 7 8 10 11 19 23 26 28 30 32 35 38 39 41 42 45
14 1 3 5 7 10 11 14 15 18 23 25 26 28 46
27 3 4 6 12 13 14 18 20 21 22 23 24 26 27 28 30 31 35 36 37 38 40 41 42 43 44 45
17 4 5 9 15 17 20 25 26 27 30 32 33 34 35 37 45 46
27 4 5 7 8 9 10 13 14 15 16 18 23 24 25 27 28 29 32 33 34 35 37 38 39 40 43 44
15 4 5 11 15 16 19 20 21 23 25 28 29 33 38 39
29 1 5 6 8 9 10 11 12 14 15 16 17 21 23 26 28 29 30 31 33 34 35 37 39 40 43 44 45 46
15 2 4 16 18 19 24 26 27 30 35 36 39 40 44 45
16 2 4 7 8 23 24 27 28 30 34 36 40 41 43 44 46
28 1 2 3 4 6 9 11 13 17 18 19 20 21 23 24 25 27 29 30 31 32 33 34 36 43 44 45 46
23 1 2 4 7 8 13 14 17 18 19 21 24 29 30 31 33 34 38 41 43 44 45 46
30 2 3 4 5 6 7 8 9 13 14 15 18 20 21 22 24 25 26 29 31 33 35 37 38 39 41 42 43 44 46
25 2 4 5 6 9 10 11 12 13 14 22 25 26 27 28 30 31 33 34 35 39 41 42 45 46
18 1 4 7 8 11 12 13 15 18 19 22 25 28 32 34 41 43 45
24 7 8 10 12 13 14 15 17 19 21 23 24 25 26 28 29 30 33 35 37 40 41 43 44
16 2 3 5 9 12 16 19 21 22 23 29 32 34 37 40 46
30 1 3 4 6 7 8 9 10 11 14 16 17 18 20 21 23 26 27 29 30 34 35 37 38 39 40 41 43 44 46
15 2 4 6 11 16 17 24 25 28 29 32 33 35 42 46
23 1 4 6 8 9 10 11 13 14 15 18 19 21 22 23 25 27 28 35 38 39 41 45
28 2 4 5 6 8 9 10 11 13 14 16 17 19 21 23 25 26 28 29 30 31 34 35 40 42 43 44 46
18 3 4 6 11 12 15 16 20 23 26 28 33 34 37 38 39 40 41
16 4 6 8 9 18 21 22 30 31 33 36 40 42 43 45 46
21 1 6 8 10 11 12 21 25 27 28 29 33 34 35 37 39 41 43 44 45 46
26 2 3 5 6 7 13 15 16 18 20 21 22 23 24 25 26 27 30 31 32 33 35 41 43 45 46
36 3 5 6 7 8 9 11 12 13 15 16 18 19 21 22 23 24 25 26 27 29 30 31 32 33 34 35 36 37 38 39 40 41 42 43 45
32 2 3 5 8 11 12 15 16 17 18 19 20 21 22 23 25 26 28 30 31 32 34 35 37 38 39 41 42 43 44 45 46
35 1 2 4 6 9 11 12 13 14 16 18 19 20 21 22 24 26 28 29 30 31 32 33 34 35 36 37 38 39 40 41 43 44 45 46
26 1 2 5 8 10 12 15 16 17 19 20 21 24 28 29 30 31 34 35 39 40 41 42 43 44 45
31 47 48 49 50 51 52 53 54 55 56 57 58 59 60 61 62 63 64 65 66 67 68 69 70 71 72 73 74 75 76 77
15 48 49 51 52 53 55 56 60 61 63 64 65 69 71 73
21 47 48 49 50 53 54 55 56 60 61 63 64 68 69 70 72 73 74 75 76 77
18 47 48 49 53 54 55 56 57 58 60 63 64 65 66 68 72 74 76
14 51 53 55 56 57 59 60 64 66 68 69 71 75 77
22 47 48 49 50 51 52 54 56 57 58 60 61 62 65 66 70 71 72 73 74 76 77
23 47 48 49 50 52 53 54 55 56 57 58 59 60 61 63 64 65 66 71 72 75 76 77
10 53 54 55 59 63 66 70 72 74 76
23 47 48 51 53 54 55 57 58 59 60 62 63 64 66 67 68 69 70 71 72 73 74 77
21 48 49 52 53 55 56 60 61 62 63 64 66 67 68 69 71 73 74 75 76 77
15 48 49 51 56 58 59 61 63 64 69 70 71 73 74 76
16 48 50 51 52 53 54 55 57 59 60 66 68 69 70 72 76
23 48 49 50 51 52 53 54 56 57 58 60 61 62 66 67 69 70 72 73 74 75 76 77
16 48 50 52 55 58 61 63 65 66 70 71 72 73 74 76 77
13 47 49 54 55 56 58 64 66 67 71 73 75 77
22 47 48 49 50 53 54 55 56 57 59 60 61 62 63 65 66 68 69 70 71 72 76
21 48 49 50 51 52 53 54 56 57 58 60 64 65 66 67 68 69 70 73 74 77
21 48 49 50 53 54 55 57 58 59 61 62 63 65 66 68 69 70 71 72 75 77
19 47 48 49 51 52 53 58 59 61 62 63 64 65 68 69 71 73 75 77
17 47 48 50 53 55 58 59 60 61 64 67 69 70 71 72 73 76
22 47 48 49 50 52 53 54 55 56 58 59 60 61 63 68 70 71 73 74 75 76 77
17 50 51 52 53 54 55 56 60 61 63 64 67 68 71 73 74 77
24 47 49 50 51 52 53 54 55 58 59 61 62 63 64 66 67 68 69 70 71 72 73 74 75
17 47 49 50 53 54 55 57 61 62 63 66 67 69 71 72 74 77
22 49 50 51 53 54 56 58 59 60 61 62 63 64 65 66 67 69 70 72 73 74 77
17 50 51 54 57 59 60 63 65 66 68 69 71 72 73 74 76 77
22 47 48 49 50 51 52 53 54 58 60 62 63 64 65 67 69 70 71 72 75 76 77
23 47 50 51 52 54 56 57 58 60 61 63 64 65 66 67 69 71 72 73 74 75 76 77
23 48 49 51 52 54 55 57 58 59 60 61 62 63 65 66 68 69 70 72 73 74 75 77
11 49 52 53 54 58 59 63 68 71 73 76
15 49 51 52 56 60 61 62 63 64 65 66 67 68 69 71
19 48 50 53 55 56 57 58 62 63 64 66 68 69 70 72 73 74 76 77
10 47 49 53 54 57 65 66 67 76 77
19 47 48 49 50 52 54 56 58 61 62 63 65 67 68 70 71 72 75 76
9 52 55 58 59 60 62 68 73 77
20 47 48 50 51 53 54 55 56 59 61 62 64 65 68 69 70 73 74 75 76
23 47 48 49 50 51 52 53 54 55 56 57 61 62 63 64 65 66 68 69 70 73 75 77
20 47 48 49 50 51 52 53 56 59 60 61 64 66 67 69 70 72 73 75 76
19 47 49 51 52 53 54 55 57 58 61 62 63 65 66 67 68 70 73 75
17 47 48 50 54 56 58 59 62 65 66 68 69 70 71 73 74 75
28 78 79 80 81 82 83 84 85 86 87 88 89 90 91 92 93 94 95 96 97 98 99 100 101 102 103 104 105
14 78 80 81 83 84 86 91 92 95 98 99 101 103 104
12 79 80 83 88 89 92 93 96 98 100 103 105
22 78 80 81 82 83 85 86 88 89 91 92 93 94 95 96 99 100 101 102 103 104 105
10 78 80 81 85 87 89 97 98 99 105
21 80 81 82 85 87 89 90 91 92 93 94 95 96 98 99 100 101 102 103 104 105
15 78 80 81 82 83 86 87 88 90 92 96 97 101 102 104
12 79 80 82 84 89 91 94 98 99 103 104 105
12 80 84 85 86 87 89 91 93 96 102 103 104
11 79 80 83 86 90 92 94 96 98 99 102
9 78 84 88 90 93 94 99 101 104
18 80 81 83 84 85 86 87 88 89 90 95 96 99 100 102 103 104 105
14 80 81 83 84 86 87 88 89 90 93 94 98 100 102
18 78 80 81 82 85 87 89 90 92 93 95 96 97 98 101 102 104 105
9 78 83 84 88 91 95 97 103 104
9 80 82 84 85 86 87 97 100 101
15 78 81 82 83 84 85 86 88 91 93 95 97 98 99 103
19 78 80 82 83 85 86 87 88 89 90 92 93 94 96 98 99 101 102 105
19 79 81 82 84 85 86 87 88 90 91 92 93 96 98 99 100 101 102 103
8 81 84 88 94 97 98 99 101
14 81 83 84 86 88 89 90 91 93 95 101 102 104 105
17 78 82 83 84 85 86 87 88 89 90 94 95 98 99 101 102 105
10 81 84 85 87 88 93 95 96 98 103
13 79 80 84 86 87 88 89 91 94 97 98 101 102
21 78 79 80 81 84 85 86 88 89 90 91 92 93 94 96 97 99 100 102 103 104
12 79 84 86 87 90 91 92 99 100 102 104 105
12 80 81 84 85 87 88 89 92 94 95 101 103
18 78 79 80 83 84 85 86 87 88 89 91 95 98 99 101 102 103 105
13 81 82 83 84 85 88 89 90 92 99 100 101 104
22 79 80 81 84 85 86 87 90 91 93 94 95 96 97 98 99 100 101 102 103 104 105
17 79 80 82 83 84 85 86 87 88 89 92 93 95 96 97 102 104
11 78 80 81 86 87 88 97 98 99 102 105
13 78 79 80 81 83 85 86 87 89 90 95 102 104
21 79 81 82 83 84 86 89 91 92 93 94 95 96 97 98 99 100 101 102 104 105
22 78 79 84 85 86 88 89 90 91 92 93 94 95 97 98 99 100 101 102 103 104 105
12 78 79 80 81 90 91 92 95 98 99 100 101
20 78 80 81 82 83 84 85 88 89 91 93 95 96 97 98 99 100 101 102 105
18 78 79 85 86 87 89 92 94 95 96 97 98 99 100 101 102 103 104
13 80 84 86 90 92 93 95 98 99 100 101 103 105
16 78 79 80 81 84 85 87 88 90 92 95 96 97 98 101 102
20 79 80 81 83 84 87 88 89 90 91 92 93 94 95 96 98 100 102 104 105
20 78 79 81 83 84 86 88 90 91 92 93 94 95 96 97 99 100 101 103 105
13 78 81 82 84 87 94 95 96 100 101 102 104 105
16 78 80 81 82 87 89 90 92 95 96 98 99 102 103 104 105
10 80 81 83 88 89 96 97 100 102 104
17 78 82 83 84 85 86 88 90 91 92 94 95 97 98 100 103 105
13 80 84 87 89 90 91 92 96 98 100 102 103 105
16 79 82 84 85 87 88 89 90 91 92 93 94 98 99 101 103
20 78 79 80 83 85 86 87 88 89 90 92 94 95 97 98 99 102 103 104 105
12 81 82 83 87 89 95 97 99 100 101 102 104
17 78 79 82 84 85 86 87 88 89 91 92 93 95 96 102 103 105
14 78 79 83 85 86 89 90 91 92 93 94 95 103 104
18 78 79 83 84 85 86 87 88 89 92 93 95 96 97 99 102 104 105
13 78 82 85 86 89 91 92 93 97 98 101 103 105
21 80 81 82 84 85 86 87 88 89 90 91 92 93 95 96 97 98 100 101 102 104
15 78 79 81 82 84 85 87 90 92 96 98 99 100 102 103
10 80 84 89 90 91 95 100 101 104 105
17 78 82 84 85 87 89 91 92 96 97 98 100 101 102 103 104 105
19 78 81 82 83 84 85 86 89 91 93 94 96 98 99 100 101 102 103 104
14 79 81 83 85 86 87 89 91 92 95 97 99 101 105
15 79 80 83 84 85 89 91 92 93 96 99 100 102 103 105
20 79 81 82 83 84 86 87 89 90 91 92 95 97 98 99 100 101 102 103 105
19 78 79 82 84 85 86 87 90 91 92 93 95 97 99 101 102 103 104 105
67 106 107 108 109 110 111 112 113 114 115 116 117 118 119 120 121 122 123 124 125 126 127 128 129 130 131 132 133 134 135 136 137 138 139 140 141 142 143 144 145 146 147 148 149 150 151 152 153 154 155 156 157 158 159 160 161 162 163 164 165 166 167 168 169 170 171 172
27 107 108 109 111 112 114 118 120 121 126 128 133 135 136 138 139 140 145 146 148 152 158 159 165 169 170 171
50 106 107 108 110 111 113 114 115 117 118 121 122 123 124 127 128 129 130 132 134 135 136 137 138 139 141 142 143 144 145 146 147 148 149 150 151 152 154 156 157 161 162 165 166 167 168 169 170 171 172
41 108 109 112 114 115 118 120 121 122 123 124 127 128 130 132 133 136 137 138 139 141 142 143 144 145 146 148 150 151 152 153 154 156 158 164 166 167 168 169 170 171
26 107 108 111 112 117 121 126 130 131 134 137 139 140 141 145 146 147 156 159 160 165 166 169 170 171 172
27 108 110 115 117 119 121 123 124 126 128 129 135 137 139 140 141 145 148 149 151 152 154 160 165 166 168 170
45 107 108 109 111 113 114 115 116 117 118 120 123 124 125 126 127 128 129 130 131 132 133 134 139 141 146 147 148 149 150 151 152 153 154 156 158 161 163 164 165 166 167 168 169 171
42 106 108 110 111 112 113 114 115 117 118 119 121 123 124 126 127 128 129 130 132 133 134 135 136 137 139 141 142 143 144 146 148 149 151 153 154 158 159 162 164 170 172
46 109 110 112 114 115 116 117 120 122 123 124 126 128 130 131 133 135 136 137 138 139 140 141 144 146 148 150 151 152 153 155 156 157 158 159 160 161 162 163 164 166 167 168 170 171 172
36 108 111 112 113 115 118 120 121 122 124 125 126 127 131 132 135 138 140 141 142 143 145 146 149 151 156 157 158 160 161 162 163 166 169 170 172
25 107 109 115 117 118 120 122 124 127 129 132 133 135 139 142 143 144 147 150 151 156 157 159 160 172
29 106 107 109 110 111 113 116 118 121 125 126 127 130 131 132 137 141 142 143 145 151 152 156 160 164 168 170 171 172
27 106 108 109 111 113 114 116 118 121 122 124 132 134 138 140 146 147 148 151 152 154 157 163 165 166 167 169
29 107 110 111 115 117 118 119 120 122 124 128 133 136 137 141 142 145 148 149 151 152 153 157 160 165 167 168 171 172
47 106 107 108 109 110 111 113 115 116 117 118 119 120 122 123 124 126 127 128 129 131 132 133 134 135 138 139 140 141 142 143 144 146 149 152 154 155 157 160 161 162 167 168 169 170 171 172
43 107 108 110 111 113 114 115 116 118 120 121 122 123 124 125 128 129 130 131 134 135 138 140 141 145 147 148 150 151 152 154 156 157 159 161 162 163 164 165 168 170 171 172
33 106 107 110 111 112 113 117 119 121 126 127 128 129 132 133 136 137 139 141 146 147 148 149 153 154 159 160 161 162 164 166 167 169
22 106 117 121 126 134 135 138 140 141 143 146 152 154 155 157 159 163 166 167 168 169 170
30 108 109 111 113 117 122 126 129 130 132 133 134 136 137 140 141 142 143 146 147 151 154 155 156 158 159 165 167 168 172
28 106 107 109 111 112 115 117 119 120 121 129 132 135 136 138 139 145 146 147 149 150 151 152 156 160 162 164 171
47 106 107 108 109 110 111 112 116 117 119 120 121 122 124 125 126 128 130 131 132 134 135 137 138 139 140 142 143 144 145 146 149 150 151 152 153 154 155 156 157 158 162 164 167 169 170 171
51 107 109 110 111 112 115 116 118 119 120 121 122 123 124 125 126 127 128 132 134 135 137 138 139 140 142 143 144 145 146 147 148 150 151 152 153 154 156 157 158 159 160 161 162 163 164 165 166 169 170 172
25 111 126 130 132 135 136 140 142 143 145 147 148 151 154 155 157 158 159 160 161 162 166 167 168 172
33 109 110 112 114 116 123 124 127 131 132 140 141 145 146 147 148 149 151 152 155 156 157 158 160 162 163 165 166 167 168 170 171 172
21 108 113 121 128 129 130 132 134 135 142 145 146 147 150 155 158 161 163 165 167 172
24 112 114 115 116 118 121 125 135 136 137 140 141 142 144 146 150 151 152 154 155 156 161 163 169
28 106 108 119 121 123 126 127 133 134 140 142 143 146 149 150 151 152 153 155 159 160 161 162 163 165 166 168 172
22 110 111 118 120 121 122 123 124 125 127 130 132 134 138 139 150 151 154 159 162 167 170
21 111 112 114 116 122 128 131 135 137 139 141 142 143 144 148 150 159 160 161 163 170
37 110 111 115 116 117 118 121 122 124 125 128 129 130 131 133 135 143 144 145 146 147 148 150 152 154 155 156 157 158 160 163 165 166 167 170 171 172
28 106 110 117 118 122 123 129 130 131 132 133 137 139 140 141 142 143 144 149 151 156 159 161 162 164 166 170 171
28 114 116 117 119 122 123 126 128 129 130 131 134 135 137 138 140 142 143 145 146 149 150 153 157 160 163 165 168
26 107 111 113 116 118 120 122 123 127 129 134 135 137 138 139 142 144 148 155 156 159 160 162 163 165 167
35 106 107 108 110 111 114 115 116 118 119 121 127 128 129 131 132 133 134 136 137 138 139 141 144 147 148 150 154 155 156 162 163 165 168 169
29 106 113 115 118 121 123 125 127 130 132 137 139 143 144 145 147 148 149 150 152 154 157 162 164 165 167 170 171 172
45 106 108 110 111 112 115 116 117 118 119 121 122 123 124 125 128 134 135 136 137 139 140 142 143 145 147 148 149 150 151 152 153 155 157 158 159 162 163 164 165 166 167 168 170 172
26 106 107 109 110 112 113 115 123 125 126 127 128 129 130 131 132 133 136 138 141 157 158 160 161 163 167
34 106 107 109 111 115 116 118 120 123 124 125 128 132 134 135 141 142 143 144 147 149 150 152 154 156 157 158 159 160 162 165 167 171 172
42 106 107 108 109 113 120 121 123 124 125 126 129 130 132 133 136 138 139 140 141 142 144 145 148 149 150 151 152 155 157 158 160 162 163 164 165 166 167 168 169 171 172
34 106 107 108 109 110 112 113 114 116 117 119 121 123 124 125 128 131 132 133 134 136 138 142 143 146 147 148 151 152 162 166 168 171 172
45 106 107 108 109 111 112 115 118 119 120 121 123 124 127 128 129 130 132 133 135 136 138 140 142 143 144 146 147 148 152 153 154 157 158 159 160 161 162 164 165 166 167 168 169 172
25 107 108 109 111 113 115 117 120 121 123 124 126 129 130 133 137 140 143 147 150 153 155 158 162 166
36 107 108 109 113 114 115 117 118 122 124 125 126 128 130 131 133 135 136 137 139 140 145 147 148 151 153 154 156 158 159 161 162 164 167 170 171
25 106 108 110 112 113 114 116 123 130 132 142 144 145 151 152 155 156 157 159 160 163 164 166 168 172
33 108 109 111 113 116 118 120 122 124 128 129 132 133 134 135 137 138 144 145 146 147 150 151 153 158 159 160 162 164 165 167 170 172
51 107 108 110 111 112 113 114 115 117 119 122 123 125 126 127 128 129 130 131 133 134 135 136 137 139 140 141 142 145 146 147 148 149 150 151 152 153 154 155 156 157 160 162 164 165 166 167 168 169 170 172
52 106 109 110 113 115 116 117 118 119 120 121 122 123 124 125 126 127 128 130 132 133 134 135 136 137 138 139 140 142 143 144 147 148 149 150 151 152 153 154 156 157 158 159 161 162 163 165 166 167 170 171 172
41 107 110 111 114 115 116 117 119 120 122 123 124 126 128 130 131 133 134 137 140 141 143 144 146 147 148 151 152 154 155 156 157 160 161 163 164 166 167 169 170 171
23 108 111 113 116 117 119 128 130 134 135 136 137 145 146 151 159 163 165 166 167 168 171 172
22 108 115 116 121 124 126 132 133 134 135 136 144 145 150 152 155 157 158 161 164 166 172
44 106 107 108 110 111 113 114 117 118 119 120 121 123 124 125 126 128 129 130 131 135 140 141 142 143 144 145 147 148 149 150 151 155 157 158 159 162 163 164 167 168 170 171 172
47 106 108 109 111 112 114 115 117 118 120 121 122 123 124 125 129 130 131 132 133 135 136 139 141 143 144 145 146 147 148 149 151 152 154 155 156 157 158 159 161 162 164 165 167 170 171 172
27 109 110 113 116 118 126 127 128 130 131 132 137 139 148 150 151 154 155 156 157 159 163 168 169 170 171 172
41 107 109 111 113 114 117 119 120 122 123 125 128 130 132 133 134 137 138 139 140 141 142 143 145 146 149 151 152 153 154 155 158 160 161 162 163 165 167 170 171 172
37 106 107 109 110 114 115 117 119 121 123 124 125 126 127 132 136 137 138 139 141 142 146 151 154 155 158 159 160 161 162 163 164 165 167 169 171 172
50 106 109 110 111 112 114 115 116 117 119 120 121 123 124 126 129 130 131 132 133 134 135 136 139 140 141 142 143 144 145 147 153 154 155 157 158 159 160 161 162 163 164 165 166 167 168 169 170 171 172
41 108 109 111 113 115 118 120 122 124 125 127 128 130 131 132 133 134 136 137 138 140 142 143 144 145 147 149 150 151 153 154 155 156 159 161 162 164 166 168 170 172
27 106 108 110 111 114 115 118 122 123 124 128 137 138 141 142 149 150 153 154 157 158 159 160 161 170 171 172
37 106 107 108 109 111 112 113 120 121 123 124 125 130 131 133 135 136 140 142 143 144 147 148 149 150 152 156 157 159 160 161 162 163 165 167 169 172
38 106 108 109 111 112 113 114 118 120 121 122 123 124 125 128 129 131 132 134 136 137 138 139 141 143 146 149 150 154 158 159 160 161 163 165 166 167 170
45 109 110 111 113 114 115 117 118 119 120 121 123 124 125 126 127 128 131 132 133 134 135 137 138 140 143 144 145 148 149 150 152 155 157 158 159 161 162 163 165 166 167 168 170 171
53 106 109 110 111 112 114 117 118 119 120 121 122 123 124 125 127 128 129 130 131 132 133 134 135 136 137 138 139 140 141 142 143 145 146 148 149 150 151 152 155 158 159 160 161 162 163 164 165 166 167 168 170 172
47 106 109 110 111 114 115 117 118 119 120 121 122 123 125 126 127 128 129 130 131 134 135 136 137 139 140 141 142 143 145 146 147 148 149 150 151 155 156 158 159 161 163 165 166 168 171 172
33 108 109 110 112 113 116 118 129 130 132 133 134 135 137 138 139 140 143 144 145 146 148 149 150 153 155 156 157 158 161 165 168 169
39 106 108 109 111 114 115 116 117 119 120 121 122 124 125 126 129 130 131 133 137 140 144 145 146 148 150 151 152 154 157 160 161 163 165 166 167 168 171 172
21 106 108 109 111 117 119 121 122 127 128 130 146 147 149 157 159 164 166 167 171 172
26 107 109 112 113 114 119 122 124 133 139 140 141 142 144 146 149 152 154 155 156 157 161 164 165 167 171
47 107 108 109 110 111 113 114 116 117 119 121 122 124 125 126 127 130 131 133 134 135 136 137 139 140 142 143 146 147 148 149 152 153 156 157 158 159 160 162 164 165 166 167 168 170 171 172
35 106 107 108 111 112 113 115 116 117 118 119 120 125 127 129 137 139 140 142 144 145 147 148 150 151 152 154 155 157 162 164 166 167 168 170
22 107 109 112 115 116 120 121 125 128 132 135 139 141 144 146 151 152 157 159 161 164 171
26 107 116 117 118 119 120 122 126 127 131 133 140 141 143 153 155 156 157 158 160 162 164 167 168 169 170
43 107 108 109 110 111 113 114 116 117 118 122 123 124 126 127 128 130 132 135 137 140 141 144 146 147 150 151 152 153 154 155 156 157 158 160 161 162 166 167 168 170 171 172
44 107 109 111 113 114 115 116 117 122 123 124 125 126 128 129 131 135 139 140 141 142 143 144 145 147 148 149 150 151 152 153 155 156 157 158 159 160 161 162 167 168 169 170 172
44 106 108 109 110 111 112 113 114 116 117 118 121 123 124 127 131 133 134 136 137 138 140 142 144 145 148 149 150 151 153 155 157 158 159 160 161 162 164 165 166 168 169 170 171
37 107 110 112 113 114 115 117 118 119 120 121 122 123 124 125 126 127 128 133 134 135 138 144 147 149 151 154 155 156 157 158 161 162 165 169 170 172
41 107 109 110 113 115 116 117 118 119 123 124 125 126 127 129 130 131 136 137 138 140 141 142 143 146 148 150 152 154 155 156 157 158 160 161 162 165 167 168 169 171
22 109 110 112 116 117 126 133 135 139 141 142 145 148 152 155 156 157 158 163 168 169 171
33 106 107 108 109 110 112 113 116 117 118 119 121 125 127 131 132 134 135 139 147 148 149 152 155 157 159 160 163 164 166 167 169 171
43 106 107 108 110 111 112 114 115 117 121 122 123 124 126 128 130 131 132 134 135 136 137 138 139 140 144 146 148 150 151 153 155 156 159 160 161 162 163 167 168 170 171 172
39 107 110 111 113 114 117 118 120 121 122 124 127 129 132 133 134 135 136 139 140 143 147 148 150 152 153 155 157 158 159 160 161 162 163 164 166 167 168 169
36 108 109 110 113 114 117 120 121 124 126 129 130 132 133 137 138 139 141 146 147 149 150 154 155 157 158 160 161 163 164 165 167 168 169 170 172
40 106 107 110 111 115 117 118 119 120 122 123 124 125 127 128 131 132 133 134 135 137 139 140 141 142 143 144 148 151 153 154 157 159 160 161 164 165 166 167 172
45 106 107 110 111 114 115 116 118 119 120 121 122 124 126 127 128 129 131 132 138 139 140 142 143 144 145 146 149 150 151 153 154 155 156 158 159 160 161 162 164 166 168 169 170 171
45 108 110 111 112 114 115 118 119 120 121 122 125 126 127 128 129 130 135 137 138 139 141 142 143 144 145 146 147 148 149 150 152 153 154 159 161 162 164 165 167 168 169 170 171 172
27 107 111 114 119 120 121 127 129 130 132 134 138 142 145 146 148 151 154 157 159 160 164 167 168 170 171 172
41 106 107 108 109 110 111 112 115 117 119 120 122 126 127 128 130 131 132 133 134 135 136 137 143 144 145 146 147 148 150 154 155 156 158 160 163 164 165 166 167 169
40 106 108 109 110 112 113 117 118 120 123 128 129 134 135 137 138 140 141 142 144 145 147 149 151 153 154 155 156 158 159 160 161 163 164 166 168 169 170 171 172
48 107 108 109 110 111 112 113 114 115 116 117 118 119 120 121 122 123 124 125 126 127 130 132 136 137 138 139 141 142 146 149 150 151 152 154 156 157 158 159 161 163 164 165 166 167 169 170 171
24 106 110 112 115 116 117 120 123 126 128 135 141 143 144 147 151 152 156 157 164 166 168 169 171
40 106 107 108 109 110 111 115 117 120 121 123 124 126 128 129 130 132 133 136 138 139 141 144 145 146 147 148 150 151 153 154 155 156 158 161 162 164 167 171 172
25 106 113 114 115 120 121 126 127 129 130 131 132 133 141 143 144 147 150 151 152 154 155 159 169 171
45 106 108 109 110 111 112 113 114 116 117 120 121 122 125 126 127 129 130 133 134 136 137 138 139 140 141 142 143 145 146 149 150 153 154 155 156 158 159 160 161 163 166 168 169 171
47 106 108 110 111 112 113 115 116 117 118 119 120 121 122 123 124 125 126 128 129 130 131 133 136 138 139 140 141 142 143 145 146 148 151 152 153 155 156 159 160 161 163 165 166 167 170 172
74 173 174 175 176 177 178 179 180 181 182 183 184 185 186 187 188 189 190 191 192 193 194 195 196 197 198 199 200 201 202 203 204 205 206 207 208 209 210 211 212 213 214 215 216 217 218 219 220 221 222 223 224 225 226 227 228 229 230 231 232 233 234 235 236 237 238 239 240 241 242 243 244 245 246
57 173 174 175 176 177 178 179 180 181 182 183 184 186 187 189 190 194 197 198 199 200 201 202 203 204 205 206 207 208 211 212 213 214 215 216 217 218 219 220 221 222 224 225 227 228 229 230 232 233 237 238 240 241 242 243 244 245
49 173 176 178 180 181 182 184 185 186 187 188 190 192 193 195 196 197 198 201 204 206 207 208 209 211 214 215 216 218 219 220 221 223 224 225 226 227 228 229 231 232 235 236 238 241 242 244 245 246
38 173 175 176 177 179 180 185 188 191 192 194 195 199 200 201 204 206 208 209 212 215 216 217 218 219 223 224 225 226 227 228 231 235 238 239 241 244 245
57 174 175 176 179 180 181 182 183 184 185 186 187 188 189 192 193 194 195 196 198 199 200 201 202 203 204 205 206 207 209 210 213 214 215 216 219 220 222 223 224 226 227 228 229 230 231 235 236 237 238 239 240 241 243 244 245 246
57 173 174 175 177 178 179 180 182 183 184 186 187 189 190 191 192 193 194 197 199 200 201 202 203 204 205 206 207 208 209 210 211 212 213 214 215 216 218 220 221 222 223 224 225 228 229 230 231 233 234 235 236 237 238 243 244 245
54 174 175 178 179 180 181 183 185 186 187 188 192 193 194 195 197 198 199 200 201 203 205 206 207 208 209 210 212 213 214 215 216 217 218 219 221 223 225 226 227 229 231 232 233 234 235 237 239 240 241 242 243 244 245
37 175 178 180 183 185 186 187 191 192 194 195 196 197 200 201 202 203 206 208 209 212 215 216 221 222 225 227 230 231 232 236 237 238 239 240 241 244
22 176 177 179 183 188 190 194 196 197 200 202 203 206 208 212 219 221 228 232 234 236 238
58 174 175 177 178 179 180 182 183 184 185 187 188 189 190 191 192 193 194 195 196 197 198 200 201 202 203 204 205 208 210 212 213 214 215 216 219 221 222 225 227 228 229 230 231 232 233 234 235 236 237 238 239 240 242 243 244 245 246
53 174 175 176 177 179 181 182 183 184 185 186 187 191 193 194 195 196 197 199 201 203 204 205 206 207 208 209 211 212 213 215 216 217 218 220 221 223 225 226 227 230 233 234 236 237 238 239 240 241 242 244 245 246
24 174 175 177 179 180 185 191 193 195 199 201 208 209 211 212 216 221 222 225 226 231 237 238 244
42 175 176 178 179 180 182 183 186 187 188 192 193 201 203 204 205 208 210 211 212 213 215 216 218 221 222 223 224 226 227 228 231 232 233 235 237 238 239 240 241 243 244
30 173 174 175 177 178 180 181 183 185 188 189 194 195 196 197 200 204 207 209 212 213 214 220 227 228 231 234 238 243 245
50 174 175 177 178 180 181 182 185 186 189 190 191 192 193 194 196 197 199 200 201 202 203 204 206 207 209 210 212 214 215 216 217 218 219 221 222 223 224 225 227 228 229 230 231 233 236 238 240 241 244
36 173 178 182 184 186 187 188 189 190 192 193 196 198 200 204 208 209 210 211 213 214 218 219 220 221 222 226 229 233 234 238 239 242 243 244 246
22 247 248 249 253 254 255 260 261 262 263 265 268 272 274 275 276 277 279 284 285 286 288
21 247 251 252 253 256 262 263 266 268 269 273 274 276 277 278 279 282 283 284 286 287
18 247 248 254 255 257 262 264 269 271 272 275 278 281 282 283 288 289 290
16 249 251 253 254 256 257 260 263 264 265 268 270 272 281 282 290
20 249 251 252 254 260 262 265 266 268 269 270 271 275 277 278 279 280 283 285 287
6 251 266 271 276 287 289
15 250 253 258 259 261 262 265 266 274 275 276 278 285 287 288
15 258 260 261 262 265 266 273 276 277 280 282 283 284 287 290
10 249 261 264 266 269 274 277 278 280 284
32 247 248 249 251 254 258 259 261 262 263 264 265 266 267 269 270 271 272 274 275 276 278 279 280 281 282 283 284 287 288 289 290
17 247 249 253 256 259 260 266 267 270 273 274 276 277 282 287 288 289
11 259 264 268 269 276 278 279 280 284 287 289
16 247 250 251 255 263 265 267 268 272 279 283 285 286 287 288 289
18 247 248 252 253 256 257 264 267 268 269 271 274 275 278 279 281 285 288
18 247 249 251 252 255 256 257 263 268 269 271 273 277 279 280 282 284 286
16 247 250 253 257 258 261 264 265 271 274 275 278 284 286 288 289
7 252 259 261 262 270 273 276
9 251 256 260 263 268 269 273 280 290
27 247 248 250 251 252 253 254 256 257 258 260 262 263 264 265 269 270 271 272 274 276 277 278 279 280 283 289
28 248 249 251 252 254 255 256 259 260 262 263 266 267 268 269 270 272 273 276 277 279 280 281 282 283 285 287 290
5 256 271 273 281 290
9 253 254 264 269 270 275 276 289 290
22 250 251 252 256 257 258 259 264 266 267 269 270 271 273 278 280 281 282 283 287 289 290
17 249 250 251 256 259 263 267 268 269 271 274 277 278 279 287 288 290
9 247 248 250 252 255 259 262 274 286
10 249 252 257 259 267 273 278 281 284 287
12 249 254 255 256 259 262 271 272 277 279 280 286
17 248 251 257 258 261 263 264 265 266 270 274 275 276 282 284 288 290
16 248 250 253 257 263 264 266 267 269 275 277 282 284 285 288 289
13 248 252 253 254 257 258 259 260 262 270 275 276 282
9 247 249 257 259 261 270 274 279 283
7 254 260 268 269 274 275 289
17 248 253 255 257 261 262 265 266 270 272 273 276 280 283 284 285 286
23 247 249 250 251 254 255 258 260 261 263 266 268 270 273 275 277 278 280 284 285 286 287 290
21 248 252 253 256 257 259 262 264 265 267 269 271 272 274 276 279 281 282 283 288 289
13 248 250 251 253 258 263 267 273 277 281 287 288 290
29 248 250 252 253 254 256 257 261 262 263 266 268 269 270 273 274 275 276 277 278 280 282 283 284 285 286 287 289 290
9 255 271 274 277 279 280 282 285 286
18 247 248 250 253 255 256 257 258 263 265 267 276 279 281 282 285 286 290
16 247 248 250 251 256 258 260 261 262 263 265 266 268 272 283 288
10 247 252 254 258 260 264 275 281 282 289
11 249 250 251 254 255 259 263 270 272 286 289
9 247 250 252 255 257 267 270 273 283
12 249 251 254 256 258 260 268 272 274 278 279 283
13 248 249 251 253 256 260 265 271 274 277 281 285 286
20 249 250 252 255 256 258 261 263 265 270 271 273 274 277 279 280 281 285 287 290
15 247 250 252 253 260 267 268 269 273 278 281 283 285 287 289
19 249 251 252 259 261 262 264 266 270 271 272 273 277 278 280 283 284 287 288
7 268 269 275 276 284 285 286
11 255 271 273 274 275 278 279 280 284 285 287
10 250 254 258 264 270 275 280 281 288 290
11 254 258 261 262 263 266 272 275 282 288 290
11 249 253 254 257 258 260 261 268 270 277 280
15 250 252 255 257 261 263 265 268 271 275 278 279 280 281 286
15 252 254 255 256 260 262 264 265 266 271 272 278 280 282 289
26 249 250 251 252 253 256 258 259 260 261 263 265 266 267 268 270 273 274 276 277 279 280 284 285 286 287
11 248 254 260 264 267 270 272 281 283 289 290
12 248 251 254 258 262 264 269 272 283 284 285 290
11 248 254 262 264 265 270 271 272 277 278 285
9 247 255 265 271 280 281 286 287 290
12 250 252 253 255 256 257 260 268 273 277 285 286
15 247 249 251 255 258 259 260 264 265 267 271 272 279 281 288
17 249 255 259 261 266 267 268 273 275 281 282 284 285 286 287 288 290
24 247 248 251 253 254 257 259 260 262 264 266 267 268 269 272 275 276 278 282 283 284 286 288 289
24 247 248 250 253 255 256 257 258 259 261 263 264 267 272 273 274 276 281 282 284 286 288 289 290
9 247 252 253 261 279 281 284 286 288
13 248 249 255 257 259 260 261 265 267 271 272 285 289
17 247 248 250 252 258 259 261 262 266 267 269 276 277 283 286 288 289
18 256 263 264 265 267 269 272 273 275 278 279 281 282 283 284 285 288 290
15 249 250 255 257 258 259 266 267 274 275 276 282 283 287 289
11 247 250 258 261 266 267 276 277 283 286 289
7 254 258 268 272 274 278 283
8 250 253 257 264 267 277 284 289
9 258 261 264 265 270 275 284 288 290
11 252 255 257 261 263 265 268 271 275 279 281
18 248 250 253 255 256 263 267 272 273 274 276 281 282 284 286 288 289 290
8 249 252 257 259 267 273 281 287
12 250 251 256 258 266 270 271 278 280 283 289 290
8 255 271 274 275 278 279 284 285
8 261 264 266 269 274 277 278 284
12 247 251 253 257 260 264 267 268 272 275 282 289
9 254 255 257 262 264 275 278 281 282
5 279 281 284 286 288
5 254 268 269 275 289
7 251 262 269 272 283 284 290
12 247 250 252 253 260 268 269 273 281 283 285 289
17 248 256 257 259 262 264 265 269 271 272 274 276 279 281 283 288 289
6 253 255 257 260 273 286
5 251 266 271 276 287
6 250 264 270 275 280 281
16 249 251 252 259 261 262 264 266 270 271 272 273 278 280 284 288
21 248 252 253 254 256 263 266 269 270 273 274 276 277 280 282 283 284 285 286 289 290
13 249 250 256 259 263 267 268 269 271 274 277 278 279
4 249 274 279 283
14 248 249 254 256 260 262 266 269 272 277 280 281 285 287
11 247 249 251 258 260 264 267 272 279 281 288
8 249 253 254 257 258 260 261 270
9 249 251 256 263 277 279 282 284 286
12 253 258 259 262 265 266 274 275 278 285 287 288
14 250 253 263 264 266 267 269 275 277 282 284 285 288 289
11 247 249 255 259 264 265 267 271 272 279 281
14 247 248 250 253 255 256 257 258 265 267 281 285 286 290
13 250 253 258 261 262 266 274 275 276 278 285 287 288
10 248 255 259 260 261 265 271 272 285 289
14 248 250 263 264 266 267 269 275 277 282 284 285 288 289
17 254 261 263 268 269 270 273 274 275 276 277 278 280 283 284 287 290
18 252 253 256 257 259 262 264 269 271 272 274 276 279 281 282 283 288 289
7 252 253 256 268 273 277 285
7 249 261 264 266 269 274 284
15 248 253 254 256 261 262 263 266 268 273 278 280 284 286 289
9 250 251 254 255 259 263 272 286 289
4 247 250 255 274
7 260 263 268 269 273 280 290
4 268 269 275 289
11 254 255 256 262 265 266 271 272 278 280 289
13 250 257 258 264 269 271 273 278 281 282 283 289 290
7 255 271 273 274 279 284 287
9 253 260 267 268 269 273 281 287 289
4 274 277 280 286
21 248 250 252 254 257 261 263 266 268 269 270 275 277 278 280 282 285 286 287 289 290
12 247 248 253 257 260 264 276 278 283 284 286 288
6 250 254 255 272 286 289
16 249 251 254 260 262 265 266 268 269 271 277 278 279 280 285 287
14 247 248 250 253 257 263 267 273 276 281 282 284 288 290
22 248 249 254 258 259 261 262 263 265 266 269 271 272 274 275 278 281 282 283 284 288 290
7 248 252 254 257 262 270 276
5 254 264 280 281 288
10 247 248 252 262 267 269 276 277 286 288
7 248 251 254 264 269 283 284
18 247 248 251 254 260 262 264 266 267 268 272 275 276 282 284 286 288 289
22 248 249 251 252 254 255 256 259 262 263 266 267 268 269 270 272 273 277 282 283 285 287
13 252 254 255 256 262 264 265 271 272 278 280 282 289
10 247 254 262 264 271 272 281 283 288 289
14 247 250 251 255 263 265 268 272 279 283 285 286 287 288
15 250 251 252 257 259 266 267 270 271 273 278 281 282 287 290
6 247 250 252 257 270 273
12 249 251 252 262 265 269 271 275 279 283 285 287
8 247 252 253 273 278 283 285 287
6 254 255 259 277 279 286
11 252 256 264 269 271 272 274 279 281 282 283
16 249 251 252 259 261 262 264 266 270 272 273 277 278 280 283 284
4 247 255 280 290
8 249 251 260 265 270 272 282 290
11 247 250 252 267 268 269 273 278 281 283 285
7 250 255 259 270 272 286 289
9 247 251 255 258 259 260 265 271 272
5 252 264 275 282 289
14 252 253 256 257 264 269 272 274 276 279 281 282 283 288
8 252 256 257 260 273 277 285 286
9 250 259 266 267 274 276 282 283 289
5 255 265 271 281 287
10 249 250 257 259 266 267 274 275 282 289
24 248 250 252 253 254 257 261 262 263 266 269 270 273 274 275 276 277 280 282 283 285 286 287 290
7 254 258 264 270 275 288 290
12 263 264 267 273 275 278 279 281 282 283 285 290
12 250 255 257 258 259 267 272 273 281 282 288 290
13 250 253 257 258 261 264 265 271 274 275 286 288 289
13 248 250 257 263 264 266 267 269 275 277 282 284 285
23 249 251 252 254 256 259 260 262 263 266 267 268 269 272 276 277 279 280 281 282 283 285 287
8 249 255 257 259 266 274 275 287
15 256 263 265 267 269 272 275 278 279 281 282 283 284 288 290
6 269 276 279 280 287 289
9 250 253 259 262 266 274 285 287 288
4 269 276 284 285
8 264 268 278 279 280 284 287 289
5 258 275 282 288 290
5 247 248 252 259 274
6 252 259 261 270 273 276
6 264 265 270 277 278 285
7 249 254 256 258 278 279 283
8 254 257 258 260 261 268 270 277
6 255 274 279 282 285 286
4 247 257 261 283
14 247 249 251 252 256 263 269 271 273 277 279 280 284 286
6 264 269 274 277 280 284
6 269 275 276 284 285 286
5 252 261 279 284 288
5 260 269 273 280 290
5 248 260 264 270 289
5 247 255 265 281 287
15 247 250 251 256 257 258 262 263 264 265 269 274 277 280 289
7 247 250 268 269 281 283 285
14 249 250 251 253 260 263 266 267 270 274 280 284 286 287
17 247 248 251 253 254 257 259 260 264 269 272 275 276 282 283 284 288
16 247 253 254 255 260 261 262 265 268 272 277 279 284 285 286 288
4 260 269 274 275
11 250 253 258 261 262 265 266 274 278 285 287
12 252 255 256 262 265 266 271 272 278 280 282 289
5 255 271 275 280 285
10 248 252 253 254 257 260 262 270 275 276
2 256 290
7 247 261 279 281 284 286 288
10 249 254 255 256 259 262 272 277 279 280
12 249 256 259 260 266 267 270 274 277 282 288 289
9 250 255 257 263 265 271 275 281 286
10 253 259 267 271 274 276 279 281 282 288
10 247 248 254 255 272 275 278 281 282 288
15 249 250 252 256 258 261 263 270 273 274 277 279 281 285 290
12 251 253 254 256 257 260 265 268 270 272 282 290
8 250 251 263 268 279 283 286 289
18 247 249 250 251 254 260 261 263 268 270 273 277 280 284 285 286 287 290
13 247 249 251 252 255 256 257 263 268 269 273 279 280
14 247 252 253 256 257 264 267 271 274 275 278 281 285 288
14 251 256 257 258 266 267 270 271 273 281 282 283 287 289
7 250 252 257 267 270 273 283
10 254 256 260 262 264 265 266 271 272 278
25 248 251 252 254 255 256 259 260 262 266 267 268 269 270 272 276 277 279 280 281 282 283 285 287 290
11 251 254 256 257 260 263 265 268 270 272 282
9 250 263 264 267 275 277 285 288 289
8 250 267 269 273 278 281 285 289
10 248 250 252 258 261 262 269 286 288 289
8 248 252 258 266 267 269 276 288
7 254 258 260 264 275 281 289
8 258 260 265 276 282 284 287 290
13 249 254 255 261 262 263 272 275 276 277 284 286 288
13 249 255 261 266 267 268 275 281 282 284 285 286 288
12 252 258 264 266 267 269 270 273 280 281 282 290
10 249 251 259 261 264 266 272 283 284 288
9 253 256 268 269 271 274 278 281 285
11 247 250 251 255 263 265 267 272 283 286 289
8 250 251 258 267 277 281 287 288
16 248 252 254 255 260 263 266 270 276 277 279 280 281 283 285 290
7 264 268 269 276 280 284 287
4 253 254 264 290
18 249 252 254 256 259 266 268 269 272 273 276 277 279 280 281 283 285 290
15 247 251 253 263 266 268 274 276 277 278 279 282 283 284 286
14 247 251 252 253 263 266 268 269 276 277 278 282 284 287
4 260 269 273 280
8 251 256 263 268 269 273 280 290
9 251 259 262 266 272 280 283 287 288
6 253 257 260 268 277 280
12 247 254 255 257 262 264 275 281 282 288 289 290
4 266 271 276 289
18 247 252 253 256 262 266 268 273 274 276 277 278 279 282 283 284 286 287
12 249 250 255 256 258 265 271 273 277 280 281 285
10 247 248 255 256 258 265 267 276 285 286
10 247 248 250 251 260 261 263 266 272 283
6 254 257 258 268 270 277
15 253 254 260 262 264 266 268 269 275 276 278 282 286 288 289
11 249 250 255 257 258 259 266 274 276 283 289
18 247 248 250 253 258 259 261 263 267 272 273 274 282 284 286 288 289 290
15 248 253 257 259 260 262 264 266 268 269 275 276 278 282 288
8 250 252 256 257 260 268 273 285
14 247 250 253 257 258 264 265 271 274 278 284 286 288 289
11 249 260 267 270 273 274 276 277 282 287 288
6 250 258 264 270 275 288
8 248 262 264 265 271 272 278 285
7 253 254 270 275 276 289 290
5 254 268 269 274 275
12 247 248 251 256 260 261 262 266 268 272 283 288
3 254 269 274
6 251 253 258 273 287 288
15 247 249 252 255 256 257 263 268 271 273 277 280 282 284 286
17 248 250 251 252 256 258 260 263 265 269 270 272 274 276 277 278 283
14 251 257 264 266 267 270 271 278 280 282 283 287 289 290
7 254 258 264 270 275 280 281
9 254 261 263 266 272 275 282 288 290
4 247 249 261 274
6 250 252 253 257 273 277
13 255 259 266 267 268 275 281 282 284 285 286 287 288
15 247 248 252 253 256 257 264 269 274 275 278 279 281 285 288
3 273 281 290
8 247 252 254 258 260 264 282 289
14 247 250 253 257 258 261 264 265 271 274 278 284 288 289
10 247 251 256 260 261 262 266 268 283 288
7 248 254 258 264 269 283 284
23 250 252 254 256 257 261 262 263 266 268 269 273 275 276 277 278 280 282 284 286 287 289 290
8 251 256 258 260 272 274 278 279
10 258 260 262 265 273 277 280 284 287 290
5 264 268 279 280 287
11 247 253 256 257 269 271 274 278 279 281 285
5 251 266 276 287 289
14 255 259 261 266 267 268 273 275 281 282 285 287 288 290
13 247 249 255 258 259 260 264 267 271 272 279 281 288
7 248 253 254 257 258 259 270
4 260 269 274 289
13 247 248 253 256 267 269 271 274 275 279 281 285 288
8 251 253 260 263 272 281 282 290
28 247 248 249 251 254 258 261 262 263 264 266 267 269 270 271 272 274 276 278 279 280 282 283 284 287 288 289 290
20 247 249 250 251 254 258 260 261 263 266 270 273 275 277 278 280 284 285 286 287
15 247 248 250 253 256 257 263 265 267 279 281 282 285 286 290
7 247 249 257 259 261 270 274
4 247 281 286 287
3 271 273 281
3 276 284 285
5 251 266 271 276 287
5 254 269 270 289 290
26 249 250 252 253 256 260 261 263 265 266 267 269 270 272 273 274 275 276 278 280 281 282 284 288 289 290
27 247 248 250 251 252 254 256 258 259 260 261 263 264 267 271 273 274 275 276 277 279 280 282 285 286 287 290
19 252 255 256 257 259 261 263 267 269 270 273 274 275 276 277 278 279 283 290
18 248 249 251 253 254 255 256 257 258 259 265 266 269 270 279 281 284 288
28 248 249 253 254 255 256 257 260 261 262 266 267 268 269 270 271 272 273 274 277 278 279 281 284 285 288 289 290
30 247 248 249 251 252 256 257 258 261 263 264 267 268 269 270 271 272 273 274 275 276 277 278 280 281 283 284 285 288 289
30 248 249 250 251 252 254 255 256 257 259 260 261 262 264 265 266 267 269 270 271 275 276 278 279 281 282 283 285 289 290
17 248 249 252 255 256 258 260 261 265 267 270 273 279 282 286 287 289
15 248 250 253 254 256 257 261 266 272 274 278 279 285 289 290
22 247 249 250 251 252 253 257 258 259 260 262 263 265 266 271 272 275 281 282 284 286 290
19 248 249 252 255 258 259 262 264 266 270 271 272 273 280 281 282 283 284 287
24 248 250 252 253 255 259 260 262 263 266 267 272 273 276 277 280 281 282 283 284 285 287 288 290
13 248 253 257 258 259 262 266 267 270 272 273 283 285
13 247 248 249 253 256 263 270 276 279 282 284 285 290
19 247 248 251 252 258 260 263 264 265 267 269 271 272 277 279 282 283 286 290
25 247 248 249 250 251 252 253 254 257 258 259 263 264 266 269 270 274 275 276 277 280 282 286 287 288
21 247 250 254 258 260 262 265 267 268 269 271 272 274 275 276 278 279 280 281 287 290
30 247 248 251 252 254 257 260 261 262 265 266 267 268 270 271 272 273 274 275 276 278 279 280 283 284 286 287 288 289 290
15 249 250 253 256 257 260 267 276 278 279 281 285 286 288 290
15 247 249 252 255 260 261 263 267 268 272 274 275 281 283 290
29 247 251 252 253 254 256 257 258 259 261 264 265 266 267 272 274 276 277 279 280 281 282 283 284 285 286 287 288 289
19 247 251 254 259 260 263 264 267 268 270 273 274 275 276 277 278 280 286 287
17 251 252 255 256 257 268 270 271 272 275 276 278 279 281 283 285 286
24 247 249 252 256 257 259 260 264 266 267 269 270 273 275 276 277 278 281 282 283 284 287 288 290
19 251 252 253 254 258 259 260 261 266 267 271 272 277 283 284 285 286 288 290
25 247 248 253 255 256 257 258 260 264 265 266 267 268 269 271 273 274 278 282 283 285 286 287 288 289
26 247 249 250 251 252 253 254 255 258 262 265 267 268 269 272 273 276 278 281 282 283 284 286 287 288 289
14 247 251 252 253 254 261 263 269 272 280 282 283 285 286
23 247 249 250 253 257 262 263 264 266 267 268 269 271 272 273 274 276 277 278 282 286 289 290
14 248 249 250 255 260 262 263 266 272 276 279 282 285 286
14 249 250 256 262 265 266 270 271 278 279 280 281 284 285
20 251 252 254 255 259 262 263 265 266 267 272 273 274 275 276 278 279 283 286 288
13 253 256 257 259 271 274 276 278 279 285 287 288 289
14 247 251 257 259 264 265 268 269 275 276 277 279 288 289
27 247 248 253 254 257 258 259 260 261 263 264 265 267 268 269 271 272 277 279 280 281 283 284 286 287 288 290
23 247 249 251 252 253 255 256 257 259 260 262 263 264 266 271 272 273 277 280 284 285 286 288
25 247 250 251 253 255 256 257 258 259 260 261 262 263 264 265 268 269 270 273 276 278 283 285 286 287
17 247 251 254 255 256 262 265 267 268 271 275 276 279 280 281 284 285
21 247 250 251 252 255 256 257 258 259 260 262 265 266 267 269 273 278 281 288 289 290
16 252 253 254 259 264 267 268 269 273 274 277 278 281 282 285 290
29 247 248 250 251 252 253 256 258 259 260 264 265 266 267 268 270 271 274 275 276 278 282 284 285 286 287 288 289 290
27 248 249 251 253 257 258 259 263 264 265 266 267 268 270 271 272 273 276 281 282 283 285 286 287 288 289 290
27 247 253 255 256 257 258 259 260 263 264 267 268 270 273 274 276 278 279 280 281 282 283 286 287 288 289 290
28 247 248 250 251 252 254 255 256 257 260 261 266 267 268 271 273 274 275 276 277 279 280 281 284 285 286 289 290
22 247 251 255 257 258 259 264 265 266 268 270 273 274 275 276 277 278 285 286 287 288 289
22 249 250 252 254 255 256 257 260 261 263 264 265 266 267 268 270 271 272 274 275 287 288
28 248 250 251 252 254 256 257 258 259 260 261 262 265 266 268 269 270 271 273 277 278 279 281 282 283 286 287 289
14 247 249 254 255 256 269 274 275 278 279 280 281 288 290
27 248 249 252 253 254 255 258 259 260 261 263 264 266 267 269 272 273 276 278 279 281 282 283 284 286 288 290
21 247 248 251 253 254 255 258 261 262 263 264 268 269 270 271 272 275 277 278 280 290
17 247 252 254 258 259 261 262 265 266 269 274 275 279 281 283 284 290
29 247 249 251 252 253 254 256 258 259 263 264 265 267 269 270 271 272 274 275 277 278 280 281 282 284 285 286 288 289
23 247 248 250 253 258 259 262 263 264 265 266 267 268 270 271 274 276 278 279 280 281 286 289
19 247 252 253 255 256 257 259 260 262 264 268 273 274 276 280 282 288 289 290
13 249 252 253 257 263 268 269 271 272 276 280 287 289
29 247 248 249 250 251 253 258 259 260 261 262 263 267 268 269 271 272 276 277 278 280 282 283 284 286 287 288 289 290
19 248 254 255 256 259 264 265 267 268 270 272 275 277 279 280 281 284 287 288
16 250 253 254 259 260 261 264 265 266 267 268 273 278 283 284 290
29 247 248 250 251 252 255 256 257 258 260 261 262 263 265 266 268 269 271 272 273 274 275 276 277 278 279 280 282 285
29 250 251 252 253 256 257 258 259 260 261 264 265 268 269 271 272 274 277 278 281 282 283 284 285 286 287 288 289 290
15 251 255 258 259 261 264 266 267 268 271 273 275 277 283 286
22 250 252 253 254 261 262 263 264 266 267 268 270 272 274 278 279 282 283 284 286 288 289
24 247 248 249 250 251 256 258 259 261 262 264 265 266 269 270 272 275 276 277 278 280 281 285 289
20 247 249 251 254 256 260 261 263 269 270 271 275 277 279 280 282 284 287 289 290
19 248 251 255 259 260 261 264 266 267 268 274 276 280 281 283 285 286 287 288
19 247 248 249 255 256 258 261 263 268 269 270 273 275 276 277 278 285 286 289
25 247 248 249 250 251 257 261 263 264 265 266 268 270 273 275 277 278 279 280 281 284 285 286 287 290
15 248 251 253 257 260 270 272 274 280 281 283 285 287 288 289
26 247 251 252 254 255 257 260 263 264 266 267 270 271 272 273 275 276 277 278 279 280 281 285 287 288 290
20 247 248 249 251 252 254 259 260 261 264 265 270 275 277 280 283 285 287 288 290
26 247 249 250 251 253 256 257 260 261 262 264 268 270 272 273 274 275 276 277 279 280 281 284 285 287 288
20 248 249 250 251 253 256 259 263 268 270 271 272 273 274 280 281 284 285 286 287
29 247 249 250 254 255 256 258 259 260 261 263 264 265 268 270 271 272 273 275 276 277 278 279 280 282 284 286 288 289
21 247 248 249 253 254 255 258 261 262 264 265 267 269 273 275 276 280 281 282 285 290
21 254 255 257 258 260 261 262 263 264 271 272 274 275 276 278 280 281 286 287 288 290
30 247 250 251 252 253 254 255 258 260 261 262 264 265 266 268 270 271 272 274 275 276 278 279 280 281 283 284 287 288 289
20 250 252 253 254 255 257 260 262 265 268 270 272 275 277 278 280 282 283 284 288
30 248 249 251 253 255 256 258 260 261 262 263 264 266 267 268 269 270 271 274 275 276 277 278 281 285 286 287 288 289 290
25 249 252 254 255 256 258 259 261 262 266 267 268 269 270 271 273 274 276 277 282 284 285 286 287 289
15 249 250 251 252 255 257 263 264 273 275 278 281 287 289 290
28 248 249 253 256 257 258 261 262 263 264 265 266 268 269 270 271 274 276 277 278 279 281 282 283 284 285 288 289
19 253 256 257 258 259 263 264 269 274 275 277 281 282 283 284 285 287 288 290
14 247 250 254 260 261 266 267 270 276 277 281 282 286 288
14 250 251 255 258 261 262 267 268 270 273 274 276 281 288
26 247 248 249 251 252 253 255 256 258 260 261 262 264 266 268 269 271 273 274 277 278 280 281 284 286 289
28 250 252 253 254 255 256 257 258 263 264 267 268 269 271 272 273 274 275 276 277 279 280 281 283 285 287 289 290
14 248 249 252 258 263 264 266 273 275 278 279 282 284 290
16 247 249 252 254 255 259 264 267 270 272 275 278 279 283 286 287
16 247 248 252 256 262 266 272 275 277 278 279 284 285 286 287 290
24 248 250 255 256 257 259 261 263 265 267 268 269 270 272 273 276 277 279 280 281 286 287 288 290
27 248 250 251 253 254 256 259 260 261 262 264 265 267 269 272 274 275 276 277 278 281 282 285 286 287 288 289
24 248 249 251 252 253 254 256 257 258 259 260 261 276 277 278 279 280 282 283 284 285 287 288 290
24 248 251 252 255 257 260 261 262 264 265 266 267 273 274 275 276 277 278 282 283 284 286 287 290
20 247 248 249 250 251 252 257 260 261 262 263 264 265 266 267 268 274 280 283 287
19 249 251 253 255 258 260 263 265 266 272 274 275 280 281 284 285 286 289 290
25 248 251 252 253 254 256 257 258 259 261 262 263 264 266 269 270 274 275 277 279 280 282 283 289 290
13 252 253 254 256 260 267 268 274 277 278 282 287 288
27 248 249 250 251 254 255 257 259 262 264 265 266 267 270 272 273 274 275 277 278 281 282 285 286 287 288 289
15 247 248 250 251 252 253 258 261 263 264 269 270 278 279 290
16 248 249 255 258 259 267 268 270 272 274 276 277 278 284 285 286
26 247 248 252 253 255 256 258 259 260 262 263 265 267 269 270 271 272 274 275 276 277 281 284 285 287 290
28 247 248 249 250 251 252 253 254 256 257 263 264 266 267 268 271 272 273 274 278 279 281 282 285 287 288 289 290
20 250 251 253 255 256 257 258 260 262 265 266 268 269 270 274 278 280 282 287 290
29 249 251 252 254 255 257 258 260 262 263 264 265 267 268 273 274 275 277 278 279 280 281 282 284 285 286 287 288 289
15 249 250 258 261 262 264 266 269 270 274 276 279 282 285 288
26 247 250 251 252 253 255 257 258 260 262 264 267 268 270 271 272 273 275 276 279 282 283 286 287 288 289
15 250 251 254 260 262 263 268 271 274 279 283 284 285 289 290
13 249 252 256 257 258 260 270 276 277 280 282 283 284
18 249 250 251 258 264 266 268 269 271 274 276 278 282 283 286 287 288 289
13 247 248 252 254 258 262 264 266 273 275 277 280 283
17 247 251 252 256 257 259 263 264 265 267 269 274 277 278 282 283 287
22 248 249 250 253 255 257 258 259 261 262 264 265 270 272 273 274 277 278 283 287 288 289
16 249 251 253 256 260 261 268 269 273 274 275 281 282 285 286 289
27 249 250 253 254 256 257 259 260 261 262 263 264 265 266 267 270 271 276 277 278 279 280 281 285 287 288 289
23 249 250 252 254 256 257 258 264 268 269 270 272 273 274 275 279 280 281 285 287 288 289 290
16 248 251 253 257 258 259 263 266 269 272 277 278 284 286 289 290
25 249 250 251 252 253 257 260 263 264 265 267 268 269 273 274 275 276 278 279 281 282 283 284 285 286
18 248 249 250 251 254 262 265 266 267 269 270 276 279 282 284 285 287 290
25 247 248 249 250 252 255 256 259 260 262 263 266 267 270 272 276 277 279 280 281 282 284 285 289 290
26 248 249 251 253 255 256 257 261 262 263 264 266 269 270 271 273 274 277 278 279 281 283 286 287 288 290
13 248 249 253 255 258 264 266 268 270 280 284 286 287
23 247 248 249 250 251 253 255 256 257 258 260 262 263 266 267 268 277 279 281 283 286 287 288
18 250 251 252 255 257 259 262 263 265 266 271 272 273 274 278 281 286 287
28 247 248 250 251 253 255 258 259 261 262 263 265 267 269 273 274 275 276 277 278 282 283 284 285 286 287 288 289
14 250 254 255 256 258 268 269 272 273 279 283 288 289 290
16 247 250 251 252 253 255 267 270 274 276 278 279 281 283 284 288
19 250 252 256 257 258 261 264 267 270 271 275 277 278 281 282 283 287 289 290
14 251 253 254 255 259 268 275 277 282 283 286 287 288 290
22 250 251 252 254 255 256 258 259 261 263 265 273 274 275 278 279 280 281 284 285 286 290
29 248 250 251 252 255 257 258 259 260 261 262 263 264 265 266 267 268 269 273 274 275 276 278 279 280 284 285 286 287
13 250 256 258 260 267 269 270 272 275 276 277 287 290
27 248 249 250 254 255 256 257 258 259 260 261 263 264 269 275 276 277 278 279 281 283 284 285 286 288 289 290
16 249 250 252 255 256 259 267 268 269 271 273 275 278 283 285 288
21 247 248 250 256 257 261 262 263 265 267 268 269 270 272 274 277 281 284 286 287 288
20 249 251 252 253 254 256 257 264 267 271 272 273 274 276 277 278 284 285 286 288
24 247 250 251 252 261 262 263 265 269 270 271 272 273 274 275 278 279 281 282 283 284 285 286 289
24 247 249 251 252 254 257 258 259 260 261 263 267 269 271 273 275 276 278 279 280 281 283 285 289
14 250 254 257 258 263 267 270 273 275 277 279 282 283 289
13 250 255 256 267 269 274 275 277 279 281 283 287 290
25 247 248 249 250 252 253 254 257 260 261 263 265 266 269 272 273 274 278 279 280 284 285 287 289 290
26 249 250 251 254 255 256 260 262 266 267 269 271 272 273 275 276 277 278 280 281 282 283 284 285 286 289
30 247 248 249 250 252 253 254 255 258 259 261 262 263 264 265 267 268 270 275 276 278 280 281 283 284 285 286 288 289 290
16 247 249 250 252 256 259 261 264 267 270 271 276 277 281 285 290
18 250 252 254 255 258 264 265 266 267 269 273 277 281 282 284 287 289 290
15 248 249 254 260 261 263 264 265 266 271 277 281 282 285 286
28 248 249 252 253 254 255 256 259 262 264 266 267 269 270 271 272 273 274 276 277 278 279 283 284 286 287 288 289
16 247 248 257 258 260 262 263 268 270 274 276 277 278 286 289 290
21 247 249 252 253 254 256 259 265 266 269 270 274 275 276 279 280 281 282 284 286 290
16 247 249 250 252 253 254 255 259 268 270 276 280 284 285 288 289
13 247 248 249 251 255 258 260 262 263 265 272 282 288
24 247 248 250 251 253 255 256 257 260 261 264 265 266 268 269 270 274 276 279 280 282 286 287 289
13 248 250 251 252 253 259 265 270 274 277 280 282 289
13 251 252 257 263 267 274 275 279 280 285 286 289 290
21 248 250 252 260 261 262 266 268 269 270 273 275 276 278 279 281 282 285 287 288 289
28 247 248 251 253 254 255 261 262 263 264 265 266 267 268 270 271 272 276 277 279 280 282 283 285 286 287 288 289
25 248 249 250 252 254 255 257 258 261 265 266 268 269 270 271 272 278 279 282 284 285 286 287 288 289
27 247 248 251 252 253 255 256 258 259 260 261 262 264 265 268 269 271 275 279 280 281 282 283 284 285 286 287
25 248 250 251 252 254 258 260 262 263 266 267 268 269 271 272 274 275 278 280 281 285 286 287 289 290
24 248 251 253 254 255 256 257 260 261 262 263 265 266 268 270 271 272 273 276 282 283 284 285 289
18 248 252 253 254 259 260 261 262 266 267 271 272 280 283 286 287 288 289
14 251 255 261 262 263 264 265 266 267 271 272 281 289 290
13 256 260 261 264 266 268 270 274 275 280 281 289 290
23 247 248 249 254 257 259 260 264 266 268 269 270 271 273 275 276 277 281 283 285 286 287 288
18 247 248 249 250 263 264 266 268 270 273 277 279 281 282 285 286 288 290
15 247 256 257 258 265 270 271 273 274 275 276 284 285 286 288
29 250 251 252 253 254 255 258 260 261 262 263 266 267 268 270 271 272 273 274 275 276 279 280 284 285 286 287 289 290
27 249 253 254 257 260 261 262 263 264 267 268 269 270 271 274 275 276 278 279 280 282 283 284 285 287 289 290
28 248 249 253 254 255 256 258 260 261 262 263 264 265 266 267 269 270 271 272 274 275 276 277 281 284 286 288 289
18 247 249 251 254 255 256 261 263 265 267 268 269 273 275 278 281 288 289
14 249 251 264 266 267 271 274 275 276 280 282 285 286 289
25 249 250 251 252 256 257 258 259 260 261 262 268 269 271 272 273 275 279 281 282 284 285 288 289 290
26 247 250 253 254 255 256 259 260 261 262 263 264 266 268 269 270 271 274 275 280 282 284 285 286 288 289
15 251 256 257 259 262 263 266 267 268 273 278 279 280 283 286
20 247 249 252 253 254 257 259 260 261 262 264 267 268 269 271 272 277 285 289 290
21 248 252 254 255 257 259 260 263 264 267 268 269 270 272 274 275 276 277 280 281 285
30 247 250 252 253 256 257 258 259 260 261 262 263 264 265 266 269 270 271 272 276 277 280 281 282 284 285 286 287 289 290
18 252 253 255 256 257 258 260 261 266 269 270 273 276 277 280 281 286 287
17 248 249 250 252 253 254 255 256 260 267 270 274 275 276 278 280 281
21 247 251 252 253 254 258 259 260 262 263 269 271 272 274 275 278 281 284 285 287 288
13 248 251 253 255 257 263 269 273 278 279 281 283 285
25 248 250 251 252 255 258 260 261 264 265 268 269 270 271 272 273 274 276 278 282 285 286 287 288 290
14 248 250 255 257 265 268 273 274 279 282 284 285 289 290
16 248 251 253 258 262 264 268 272 273 274 279 281 283 286 287 290
17 250 251 254 259 262 265 268 274 275 278 279 280 284 285 286 287 289
28 247 250 251 252 254 255 256 258 259 260 262 264 266 268 269 270 274 275 276 277 280 282 283 285 286 287 289 290
22 251 253 254 256 257 260 262 266 268 269 272 273 274 275 279 280 283 284 286 287 288 289
25 250 251 252 253 256 257 259 260 261 264 267 268 269 272 273 275 277 278 279 282 283 284 286 287 289
25 247 248 249 252 253 254 255 256 257 260 263 264 265 266 271 272 275 277 280 281 286 287 288 289 290
19 247 248 250 256 258 259 260 262 263 265 266 267 270 277 280 283 286 287 290
25 247 248 250 251 254 257 262 264 270 271 272 273 275 277 278 279 280 281 282 284 285 286 287 288 289
26 250 251 253 256 257 258 260 261 262 264 265 266 267 268 271 272 275 276 278 280 284 285 286 287 288 290
20 247 248 262 265 266 268 269 270 271 272 274 275 276 277 279 280 282 283 286 288
17 248 249 253 254 256 257 261 265 268 269 272 274 280 281 285 286 290
25 247 249 250 252 256 258 260 262 265 267 268 269 270 271 274 275 277 278 279 281 282 287 288 289 290
17 247 251 252 254 255 258 259 263 266 270 271 272 274 278 283 284 286
16 248 251 253 259 270 271 273 274 275 276 280 281 282 283 287 288
20 248 250 251 254 256 257 258 260 263 264 265 266 270 272 274 277 278 279 280 284
26 247 248 249 250 252 254 255 256 257 260 261 262 263 264 270 271 273 274 276 279 280 281 283 284 286 290
21 249 253 255 256 257 258 259 262 264 265 270 271 272 273 276 278 279 280 282 284 290
24 249 250 252 254 256 258 259 262 263 266 269 270 271 272 275 277 282 283 284 285 286 287 288 290
18 248 250 251 253 256 257 260 261 269 273 276 280 281 282 285 288 289 290
23 247 248 249 250 253 255 257 258 264 266 267 269 270 271 272 275 276 280 283 284 286 287 290
23 247 254 255 256 257 259 262 264 267 268 269 270 274 275 276 277 280 283 284 285 286 287 290
28 250 251 252 253 254 255 257 259 261 264 265 266 267 268 269 270 272 275 276 277 278 279 280 281 284 288 289 290
15 253 254 256 257 262 267 271 272 274 275 277 278 280 283 287
23 247 248 249 250 254 255 256 257 258 260 263 265 266 267 268 271 274 276 277 281 282 284 290
22 247 248 252 257 258 259 261 262 263 265 266 267 268 270 271 274 278 282 283 284 285 289
16 249 253 255 260 262 264 272 273 275 280 281 282 284 285 286 287
26 248 249 253 254 256 257 260 261 262 266 267 268 269 271 273 276 278 279 280 283 284 285 286 287 288 290
16 247 249 255 257 262 263 264 266 267 270 271 276 279 280 285 287
17 249 253 255 258 260 261 263 265 268 271 274 275 277 278 284 286 290
28 248 250 252 255 256 258 259 260 264 265 266 267 269 270 271 275 276 277 278 279 280 281 282 284 285 287 288 289
21 247 250 253 255 257 260 262 263 265 269 271 272 273 274 279 280 281 282 284 287 289
13 249 254 256 263 269 274 276 277 280 283 284 287 290
16 250 254 259 260 261 265 266 269 270 272 274 275 284 286 287 288
23 249 251 252 255 257 258 261 265 266 269 270 271 272 273 275 277 278 280 282 286 287 288 290
25 247 248 252 255 257 258 259 261 263 264 265 267 270 271 273 274 276 280 282 283 284 285 286 287 288
26 292 293 297 299 300 302 303 304 305 310 311 312 314 316 319 320 324 325 326 328 329 330 333 337 338 339
17 296 297 298 300 302 303 311 313 314 315 316 319 320 324 332 337 338
8 310 318 323 326 327 329 336 339
16 291 292 296 305 307 310 311 315 317 319 324 328 329 333 334 337
7 296 298 306 311 323 330 335
9 292 294 300 302 308 310 314 317 333
19 291 292 296 302 304 308 311 312 313 314 316 322 323 324 326 329 331 332 338
16 298 300 301 304 308 309 312 313 318 321 325 326 330 332 335 339
17 293 296 297 299 305 309 312 316 318 322 323 324 327 328 329 333 334
23 291 294 295 296 298 301 306 307 308 309 313 315 317 318 321 322 323 327 331 332 334 335 336
8 294 312 314 315 316 321 322 325
17 300 304 310 311 312 315 316 318 320 321 326 329 330 332 335 336 337
21 291 293 295 296 297 299 300 301 303 304 310 311 317 323 326 327 328 329 332 335 339
29 291 293 294 295 296 299 300 302 303 305 307 310 313 314 315 316 318 320 321 322 323 324 325 327 329 334 335 336 337
19 291 292 294 301 303 304 306 309 311 314 320 321 322 323 324 330 331 333 334
15 293 294 301 302 307 309 312 313 319 321 325 326 327 328 329
23 293 295 297 299 301 305 309 310 315 317 318 319 320 321 325 327 328 330 333 334 335 336 337
22 293 294 295 298 302 308 310 311 315 317 321 322 324 325 326 327 330 332 333 335 338 339
15 291 292 295 299 303 304 306 318 324 325 326 331 333 336 338
14 295 297 298 300 307 308 309 313 316 319 326 329 331 335
18 292 293 294 299 304 305 306 307 308 309 317 321 322 325 328 330 334 335
12 294 299 310 313 318 320 322 323 324 330 331 339
15 298 299 301 305 306 313 314 316 319 322 327 328 334 336 339
17 293 295 298 301 302 303 308 312 315 316 321 324 327 329 337 338 339
11 291 293 300 302 304 308 315 316 329 333 336
9 291 301 303 305 309 314 316 318 319
11 296 299 304 305 310 311 314 321 327 328 339
9 296 297 303 306 319 326 332 334 337
18 291 294 296 298 300 305 306 308 313 314 318 320 321 325 328 332 335 337
20 291 292 295 297 299 300 303 304 305 308 310 314 315 317 318 324 331 332 336 338
12 292 293 302 312 318 320 323 324 325 332 337 338
10 292 293 295 298 303 305 306 309 328 338
16 292 293 295 297 302 307 309 310 323 329 331 333 334 336 338 339
27 291 293 295 296 297 299 301 302 304 307 312 315 317 321 322 325 326 329 330 331 332 334 335 336 337 338 339
16 295 297 298 299 300 305 307 308 312 313 317 326 332 335 337 339
32 291 292 294 295 298 300 301 302 303 304 306 307 308 310 311 313 314 315 317 319 320 321 325 326 330 331 332 335 336 337 338 339
29 291 294 297 301 303 304 305 308 309 310 311 319 320 321 322 323 324 325 326 327 328 329 331 332 333 334 335 336 339
19 292 293 294 295 299 300 303 306 308 311 314 317 319 321 322 323 330 332 336
6 291 295 301 312 331 333
20 292 293 295 296 298 299 300 302 306 307 312 313 314 315 316 317 318 330 337 338
28 292 293 295 297 298 299 302 303 304 307 312 313 314 315 316 319 322 324 325 326 328 329 330 332 334 336 337 338
5 316 320 327 328 329
7 316 320 322 333 334 337 339
15 300 301 302 309 312 314 316 317 320 322 323 332 334 335 337
15 299 301 303 304 311 312 315 316 317 319 322 324 326 327 330
10 293 295 299 303 309 315 317 321 332 336
31 291 292 293 294 295 296 297 298 299 300 301 304 305 307 310 311 313 314 316 318 319 320 322 324 325 327 330 331 335 336 337
17 293 294 295 297 299 302 303 306 314 316 320 322 323 327 331 336 338
13 297 298 301 302 304 309 318 324 325 326 335 338 339
10 304 305 306 309 318 319 322 323 325 328
8 295 296 305 319 325 326 330 334
12 291 294 301 303 306 315 317 322 330 333 334 336
22 291 294 296 297 299 301 302 307 308 313 314 317 319 322 323 324 325 327 331 333 334 339
7 306 310 311 313 320 335 337
18 302 303 306 308 309 312 315 317 321 323 326 328 329 332 333 334 338 339
7 294 298 300 303 306 307 339
22 291 292 294 296 297 299 300 307 310 311 313 314 317 320 326 330 331 332 333 334 335 336
17 292 295 298 301 305 307 309 311 312 314 317 321 325 327 328 335 338
14 293 296 302 310 315 316 318 319 325 327 328 329 336 338
17 291 293 297 298 304 307 312 316 320 322 323 324 327 329 332 336 337
19 293 294 296 297 298 305 307 308 310 311 313 315 319 321 327 328 329 330 339
20 292 297 298 301 304 306 308 309 311 312 317 319 326 328 330 331 332 333 338 339
21 291 294 296 300 301 305 306 308 309 310 311 317 318 320 321 323 327 331 333 335 339
12 291 296 305 307 310 312 313 315 331 333 334 337
19 292 296 302 303 308 310 315 317 321 324 325 326 329 330 331 333 335 337 338
22 292 294 298 300 303 305 306 308 309 310 311 313 314 316 318 319 320 323 324 327 328 333
18 292 296 297 299 300 304 306 307 312 313 320 323 328 329 331 334 336 337
20 292 298 302 305 306 307 308 309 313 318 319 320 324 330 331 333 334 336 337 338
12 300 301 307 312 314 316 319 323 325 327 333 338
15 299 301 303 306 309 311 313 315 318 321 328 331 335 338 339
15 291 293 294 295 297 300 304 307 309 311 312 318 320 323 332
20 291 292 294 296 297 298 302 304 305 308 318 322 324 326 328 329 330 331 334 339
12 300 304 310 312 315 316 321 326 329 330 332 335
14 291 294 295 296 299 302 303 313 315 321 322 324 327 334
4 306 311 313 320
5 296 298 306 323 335
8 304 305 309 319 322 323 325 328
13 292 295 298 301 305 307 309 311 312 314 321 327 338
24 291 294 301 303 304 305 308 309 310 311 319 320 322 323 324 325 327 329 331 332 333 335 336 339
6 301 307 312 319 323 327
12 292 293 295 307 309 310 329 331 333 334 336 339
13 293 294 295 310 311 317 322 325 326 330 333 338 339
15 302 308 310 311 315 321 322 324 325 326 327 333 335 338 339
7 294 314 315 316 321 322 325
21 293 296 297 299 301 302 304 312 315 317 321 322 325 329 331 334 335 336 337 338 339
12 293 296 309 312 316 318 322 323 324 327 333 334
15 302 306 308 309 312 317 321 323 326 328 329 332 333 334 338
14 294 296 300 306 308 309 310 311 318 321 323 331 335 339
8 293 295 303 309 315 317 321 332
12 292 293 294 299 304 321 322 325 328 330 334 335
13 299 301 303 304 311 312 315 316 317 319 322 324 327
23 292 293 295 298 299 302 303 307 312 313 314 315 316 319 322 325 326 328 329 332 334 336 337
14 292 296 297 299 300 306 307 312 313 329 331 334 336 337
6 293 302 312 318 320 332
11 291 295 297 300 304 307 309 311 318 320 323
8 295 298 303 305 306 309 328 338
4 310 311 335 337
13 291 292 302 304 308 311 312 313 314 316 323 326 331
10 300 301 312 314 316 319 323 325 327 333
7 292 312 318 320 323 325 338
20 295 297 298 302 303 307 312 313 314 315 319 322 324 325 326 328 329 330 332 334
5 293 298 303 306 328
12 298 300 301 304 309 313 318 321 326 330 332 339
9 294 318 320 322 323 324 330 331 339
10 296 302 310 315 316 325 327 328 336 338
6 295 296 305 319 325 334
6 296 298 306 323 330 335
10 292 305 306 308 318 319 324 330 336 338
3 320 328 329
8 304 305 306 309 318 322 323 328
20 294 304 305 308 309 310 321 322 325 326 327 328 329 331 332 333 334 335 336 339
12 298 301 306 308 315 317 318 322 331 332 334 336
13 291 294 299 301 307 308 313 322 323 325 327 331 339
5 291 295 301 312 331
12 303 308 309 312 317 321 323 329 332 333 334 338
9 293 296 299 318 324 327 328 333 334
8 292 293 297 307 309 310 334 338
14 295 297 299 303 304 305 308 314 315 317 318 324 332 336
22 291 293 300 302 303 305 307 313 314 315 316 320 321 322 323 324 325 329 334 335 336 337
14 292 295 298 304 307 312 313 316 319 322 326 328 332 336
14 296 297 298 300 303 311 314 315 319 320 324 332 337 338
13 292 293 294 299 300 303 308 314 317 319 323 330 332
13 304 312 315 316 320 321 326 329 330 332 335 336 337
10 294 310 313 318 320 322 323 324 330 339
4 311 313 320 335
6 302 308 310 314 317 333
11 299 301 305 314 316 319 322 327 328 334 336
11 293 301 309 312 313 319 321 325 326 328 329
9 293 294 304 307 317 321 325 328 334
21 292 293 299 300 302 303 304 310 312 314 316 319 320 324 325 326 328 329 330 337 338
5 296 311 323 330 335
4 310 311 320 335
11 292 298 304 308 311 312 319 326 328 332 338
7 293 295 303 309 317 332 336
13 299 303 306 309 311 313 315 318 321 331 335 338 339
7 292 293 302 320 323 332 338
4 310 311 335 337
6 296 304 310 314 321 339
8 297 301 302 304 309 318 338 339
11 292 296 302 303 315 317 321 330 331 333 335
4 294 298 307 339
9 292 301 305 311 312 314 317 321 328
4 292 300 314 317
14 293 294 295 297 299 302 314 316 320 322 323 327 336 338
10 298 305 307 308 313 317 332 335 337 339
14 291 294 296 298 306 313 314 318 320 321 325 328 332 337
6 291 315 331 333 334 337
10 291 292 295 303 304 306 325 326 333 338
13 300 304 311 312 315 316 318 320 321 326 330 335 337
8 304 305 306 309 319 322 323 328
6 312 314 315 316 321 322
11 293 297 298 304 307 312 320 322 324 332 337
12 292 295 297 307 309 323 329 331 333 334 336 339
6 292 298 305 306 309 328
6 293 298 303 305 328 338
10 299 301 303 315 316 317 319 324 326 327
20 294 295 298 300 301 302 306 307 311 313 314 315 317 319 320 321 326 330 336 338
15 297 298 300 303 311 313 314 315 316 319 320 324 332 337 338
11 291 293 296 301 304 311 317 323 326 328 335
8 298 300 301 309 312 313 321 332
9 299 304 310 311 314 321 327 328 339
15 291 296 302 304 308 311 312 313 316 322 323 329 331 332 338
13 291 294 296 300 301 305 310 318 323 327 331 335 339
4 291 295 331 333
9 291 293 302 304 308 316 329 333 336
12 294 298 303 305 310 311 314 316 319 320 324 328
22 292 293 297 299 300 303 304 305 310 311 312 316 319 320 324 326 329 330 333 337 338 339
18 291 295 297 299 301 302 304 307 312 315 317 325 326 332 335 337 338 339
13 292 302 303 310 324 325 326 330 331 333 335 337 338
14 303 308 309 312 317 323 326 328 329 332 333 334 338 339
6 292 293 298 305 306 328
12 291 295 299 303 304 311 323 326 327 328 332 335
10 292 296 308 317 324 326 330 335 337 338
7 291 293 300 308 315 316 336
12 297 305 309 310 315 318 319 321 327 328 330 333
20 295 297 299 301 309 315 317 318 319 320 321 325 327 328 330 333 334 335 336 337
12 293 295 296 300 303 304 323 326 327 329 332 335
19 291 293 295 299 302 303 305 307 310 313 315 316 318 322 323 324 325 334 336
7 296 307 312 331 333 334 337
15 291 297 303 304 305 308 310 314 315 317 318 324 331 336 338
10 295 298 300 307 308 309 313 329 331 335
13 291 294 298 300 306 308 313 314 318 325 332 335 337
12 292 294 296 297 298 304 305 324 328 329 330 331
11 292 298 302 307 308 319 330 331 334 336 338
12 296 297 299 309 312 316 322 323 324 327 333 334
8 294 310 313 318 322 323 330 339
16 291 292 303 304 306 309 311 314 320 321 322 323 324 331 333 334
10 303 306 309 315 317 326 328 329 332 334
12 298 301 304 308 312 313 321 325 326 330 332 339
6 295 298 303 305 309 338
13 293 294 295 297 299 303 306 316 322 323 327 331 336
12 292 296 302 304 311 312 314 316 329 331 332 338
6 310 318 323 327 329 339
22 291 292 294 295 298 302 303 304 306 307 308 311 313 314 315 320 330 331 332 335 336 338
13 292 296 300 304 306 307 312 313 320 329 331 334 336
9 301 308 309 312 313 321 325 326 335
2 316 328
15 291 309 319 320 322 323 324 325 327 328 329 331 332 333 334
11 301 302 309 314 316 317 320 332 334 335 337
8 291 296 305 312 313 333 334 337
12 292 295 297 303 304 308 314 315 317 331 336 338
3 298 311 330
10 291 294 303 306 317 322 330 333 334 336
9 300 301 304 308 312 313 321 325 339
8 312 318 320 323 324 325 332 338
19 292 294 295 298 301 302 307 308 313 314 315 317 320 321 326 330 332 338 339
14 295 297 301 305 309 310 320 321 325 327 328 330 333 337
15 294 296 297 298 307 308 310 313 315 319 321 327 328 329 330
6 303 305 309 314 316 318
6 312 314 315 316 322 325
12 292 295 299 303 304 306 318 325 326 331 333 338
6 318 323 326 327 329 336
6 293 320 325 332 337 338
9 291 296 302 312 316 322 323 324 331
12 293 296 297 305 307 308 310 313 315 328 330 339
10 302 315 317 323 326 328 329 332 334 338
25 291 293 294 295 296 299 302 303 305 310 313 314 315 318 320 321 322 323 324 325 327 329 334 335 337
13 292 301 309 311 312 314 317 321 325 327 328 335 338
8 295 298 299 308 312 326 335 337
6 301 304 309 324 325 338
5 316 322 333 337 339
12 292 302 308 310 317 321 324 329 331 335 337 338
11 300 301 302 309 312 314 320 322 323 335 337
8 301 307 314 316 319 323 325 333
7 291 303 306 315 330 333 336
21 292 293 295 297 298 299 304 307 314 315 319 324 325 326 328 329 330 332 334 336 337
11 293 294 296 297 298 305 310 321 327 329 339
4 291 316 318 319
11 297 298 307 308 309 313 319 326 329 331 335
3 291 295 312
12 291 292 304 308 310 314 315 318 324 331 332 338
12 291 292 305 307 310 311 315 317 324 329 333 334
19 291 295 296 298 301 306 307 309 313 318 321 322 323 327 331 332 334 335 336
14 292 295 298 307 309 311 312 317 321 325 327 328 335 338
6 291 301 306 315 330 336
8 291 293 308 315 316 329 333 336
3 316 333 337
8 293 295 297 307 309 323 329 339
7 301 307 312 323 327 333 338
12 295 297 298 300 307 308 309 313 316 326 329 331
16 292 294 303 305 306 308 309 310 313 314 318 319 320 323 324 333
12 293 296 299 305 316 322 323 324 327 328 329 333
8 300 304 310 315 318 321 329 336
11 298 299 306 314 316 319 322 328 334 336 339
13 300 304 311 312 315 316 321 326 329 330 335 336 337
8 291 307 309 311 312 318 323 332
13 292 297 307 309 310 323 329 331 333 334 336 338 339
10 292 311 312 313 314 316 324 326 329 332
4 314 316 321 322
6 293 300 302 308 329 336
10 297 298 307 308 309 313 316 319 329 331
8 291 295 300 309 311 318 320 323
8 296 297 299 312 318 328 333 334
13 293 294 299 304 305 307 308 317 321 322 330 334 335
24 291 293 294 299 300 303 305 307 310 313 314 315 316 320 321 322 323 324 325 327 329 334 336 337
10 298 300 301 308 312 313 318 321 325 339
9 292 299 307 308 309 321 322 328 335
14 294 300 301 305 310 311 318 320 321 323 327 331 335 339
19 293 295 297 299 301 305 309 310 317 318 319 320 321 325 328 330 333 334 337
14 292 293 294 295 299 300 303 308 311 314 323 330 332 336
3 316 327 328
13 302 303 306 308 317 321 323 326 328 329 333 334 338
6 304 306 309 319 322 328
17 293 295 297 299 301 309 310 315 317 320 321 325 330 333 335 336 337
8 293 295 299 309 315 317 321 336
6 291 300 308 316 329 333
14 291 296 304 311 312 313 314 316 322 324 326 329 331 338
5 306 310 311 320 337
9 306 311 313 318 321 328 335 338 339
11 299 303 304 311 312 315 316 319 324 326 327
5 293 302 308 316 333
10 293 301 307 312 313 319 325 326 328 329
11 292 298 306 307 309 313 318 330 331 334 336
13 295 298 301 302 303 308 312 315 321 324 329 337 339
6 301 302 318 325 326 338
8 293 296 299 305 309 322 327 334
13 297 298 301 304 306 308 309 326 330 332 333 338 339
8 291 293 307 316 320 323 329 336
6 294 303 317 330 333 334
15 295 297 304 307 313 314 319 324 326 328 329 330 334 337 338
8 296 305 310 312 313 315 334 337
8 298 301 302 312 315 321 329 338
7 292 312 320 323 324 337 338
9 300 301 316 319 323 325 327 333 338
15 293 294 297 302 303 306 314 316 320 322 323 327 331 336 338
17 292 297 298 301 306 308 309 311 312 319 326 328 330 331 332 338 339
10 299 301 304 311 312 317 319 324 326 330
13 291 296 304 311 312 313 316 322 323 324 326 329 332
4 316 320 328 329
8 300 307 309 313 316 319 326 335
10 298 300 302 303 315 319 324 332 337 338
5 294 300 302 314 317
12 298 300 301 308 309 312 313 318 321 326 330 332
9 299 303 312 315 316 317 324 326 330
10 298 299 301 305 314 316 319 334 336 339
7 297 303 306 326 332 334 337
10 292 295 307 311 312 314 317 325 327 338
10 301 302 304 309 318 324 325 326 335 339
18 291 292 294 296 297 299 300 307 310 311 314 317 320 326 330 333 334 336
13 292 296 300 304 307 312 313 320 328 329 331 336 337
2 328 329
10 294 296 298 304 305 308 322 326 328 339
17 292 298 300 303 305 306 308 311 313 314 316 319 320 323 324 327 328
4 294 315 316 321
5 296 319 325 326 334
16 291 295 299 300 305 307 310 314 315 316 320 322 325 329 336 337
14 294 296 297 298 305 307 308 311 313 319 327 328 329 330
18 292 293 296 297 299 301 305 311 313 314 320 322 324 325 327 330 335 336
8 304 305 310 311 321 327 328 339
9 301 302 307 309 313 319 325 326 329
18 291 292 294 297 299 307 310 311 313 317 320 326 330 332 333 334 335 336
24 291 294 295 298 301 302 303 304 306 310 311 313 314 315 317 320 321 325 326 331 332 335 336 338
11 295 297 298 299 308 313 317 332 335 337 339
10 298 300 301 304 308 321 326 330 335 339
4 292 294 310 317
7 301 303 309 313 328 338 339
10 299 301 313 314 316 327 328 334 336 339
4 320 322 333 334
13 296 297 298 300 303 313 314 315 319 320 324 332 337
13 295 298 301 302 303 308 312 315 321 324 329 337 339
9 312 315 317 323 326 329 334 338 339
9 291 295 299 306 318 326 331 333 338
11 293 297 298 304 307 320 322 323 324 329 336
13 292 293 294 299 304 307 308 309 317 321 325 328 335
3 291 301 312
10 292 293 303 306 308 311 314 322 330 336
10 291 294 301 315 317 322 330 333 334 336
12 293 298 302 308 312 315 316 321 327 329 337 338
9 295 298 300 305 307 308 313 326 335
14 292 297 298 306 308 309 311 312 317 328 331 332 338 339
12 300 302 309 312 314 316 317 322 323 332 335 337
11 292 295 298 301 305 307 314 321 325 327 338
18 294 303 310 311 320 321 322 323 324 325 328 331 332 333 334 335 336 339
6 303 306 315 322 333 336
7 293 300 302 304 315 329 336
7 293 294 301 302 325 327 328
9 291 301 303 306 315 322 333 334 336
11 292 299 304 307 308 317 321 322 325 330 335
15 293 294 296 297 305 308 310 311 313 315 327 328 329 330 339
17 291 292 295 297 299 303 304 305 308 310 314 315 318 324 332 336 338
10 291 301 303 306 315 317 330 333 334 336
9 291 292 303 306 309 311 321 323 333
13 292 293 294 299 304 306 308 321 322 325 328 334 335
13 294 298 301 306 307 308 317 318 322 323 327 335 336
7 298 307 308 309 313 316 331
5 295 296 319 325 334
8 303 306 311 318 328 331 338 339
15 292 293 295 298 299 302 303 304 312 314 325 329 334 336 337
11 299 301 303 306 309 315 318 328 331 335 338
17 292 296 303 308 310 315 317 324 325 326 329 330 331 333 335 337 338
11 302 308 310 317 321 324 325 329 330 333 337
10 292 293 299 300 303 306 308 322 323 332
11 295 297 298 305 307 308 312 317 326 332 339
26 292 295 298 300 301 302 306 307 310 311 313 314 315 317 319 320 321 325 330 331 332 335 336 337 338 339
20 291 294 296 301 306 308 309 313 315 317 318 321 322 323 327 331 332 334 335 336
12 292 293 296 298 299 307 312 313 315 316 330 337
8 304 309 318 324 326 335 338 339
10 305 307 310 311 315 324 328 333 334 337
14 294 295 308 310 315 322 324 326 327 330 333 335 338 339
10 292 295 300 303 304 305 314 324 331 336
9 291 305 307 315 317 319 324 329 333
6 294 299 313 323 330 331
6 291 303 305 314 316 318
10 291 305 307 310 312 313 315 331 333 334
6 292 302 312 318 323 338
4 316 322 333 337
5 291 303 314 316 318
22 292 293 297 299 300 303 304 305 310 311 314 316 319 320 324 325 326 328 333 337 338 339
12 296 297 302 303 311 315 316 319 320 332 337 338
13 291 295 297 304 308 310 315 317 324 331 332 336 338
6 300 302 308 310 314 333
10 294 310 313 318 320 322 323 324 330 339
8 292 293 295 303 305 306 309 328
12 291 292 294 296 297 298 308 326 328 329 331 339
5 298 311 323 330 335
4 294 300 306 339
4 298 323 330 335
10 291 292 301 303 304 314 322 323 331 333
22 292 294 296 299 303 304 306 310 312 313 314 318 319 320 322 329 331 333 335 337 338 339
24 294 295 296 298 302 306 307 310 311 312 314 315 316 318 319 320 321 323 330 331 332 333 334 336
32 291 292 293 294 296 297 298 301 302 303 304 307 310 311 312 314 316 317 318 319 322 325 326 327 328 330 331 332 335 336 338 339
17 291 292 296 298 300 303 304 308 311 313 314 319 323 325 328 333 336
27 293 296 300 302 303 305 307 309 311 312 313 314 316 318 319 321 322 323 324 325 326 327 331 334 335 336 338
28 292 293 295 296 298 302 303 304 306 309 310 312 313 314 315 317 319 322 324 325 326 328 330 333 334 336 337 338
18 291 292 293 295 301 302 309 313 321 323 324 325 327 333 334 335 336 339
22 291 293 294 297 299 300 301 304 305 310 311 320 322 323 324 325 329 331 332 334 335 339
17 296 298 299 300 301 302 303 307 310 313 321 325 329 331 333 336 339
20 291 293 295 301 302 307 308 309 314 315 316 323 326 327 329 330 332 333 337 338
19 292 297 298 300 304 306 310 313 316 317 318 319 320 321 324 325 327 329 330
31 291 292 293 294 296 297 298 299 300 301 303 304 306 307 309 310 311 312 313 318 323 324 326 327 329 330 332 334 335 336 337
21 292 293 295 296 304 306 308 309 310 315 316 322 323 325 326 332 335 336 337 338 339
20 291 293 294 295 302 303 305 306 308 309 312 314 316 318 323 325 327 329 333 337
27 291 293 294 295 298 301 303 305 310 312 313 314 315 316 317 318 322 324 325 326 329 330 331 332 333 335 336
28 291 294 295 296 297 298 299 303 304 305 306 308 309 314 317 319 320 321 322 325 326 327 328 330 333 334 335 339
21 293 294 295 296 297 298 299 304 305 306 314 316 322 323 324 326 327 332 336 338 339
14 292 295 296 303 304 305 307 309 312 315 317 321 334 338
32 292 293 294 297 298 300 301 303 304 306 308 309 310 311 314 315 316 317 319 320 321 324 326 327 331 332 334 335 336 337 338 339
20 291 292 293 294 295 296 297 301 304 309 311 312 314 315 320 321 324 325 334 337
25 293 296 297 298 299 301 308 309 312 316 317 318 319 321 326 328 329 330 331 332 333 335 336 338 339
21 291 294 296 300 303 307 309 310 316 319 321 322 324 328 329 330 331 332 335 338 339
32 293 295 296 297 298 299 300 302 304 305 307 308 309 310 311 313 314 315 317 322 324 327 328 329 330 332 333 334 335 336 337 338
15 291 296 303 304 306 312 313 315 318 322 327 328 330 333 339
20 293 294 299 301 302 304 305 306 309 310 314 315 316 318 319 324 326 330 331 335
31 292 293 294 295 296 299 300 301 302 303 304 305 307 308 309 311 314 315 316 320 323 325 326 327 328 329 333 334 336 337 339
26 291 295 296 297 299 301 302 303 305 306 311 314 315 316 318 320 321 324 329 330 332 334 335 336 337 339
24 293 294 295 296 297 298 299 301 305 309 311 314 315 316 318 322 323 324 327 328 329 333 334 336
15 291 293 296 297 301 304 305 306 308 309 310 317 319 320 339
15 291 292 294 295 304 310 315 318 319 321 324 325 333 335 337
33 292 294 295 296 297 298 299 300 301 302 306 307 310 311 312 313 315 318 319 322 325 326 327 328 329 331 332 333 334 335 337 338 339
18 291 297 299 300 301 310 312 313 315 316 317 319 320 328 332 334 337 338
18 292 294 296 297 299 301 303 305 311 313 315 317 323 324 329 335 336 339
27 291 292 294 295 296 297 299 300 302 303 306 309 310 313 315 318 320 327 328 329 330 332 333 334 335 338 339
34 291 292 294 296 297 298 299 300 303 304 305 308 309 310 313 314 315 316 317 319 323 324 325 326 327 329 330 331 332 334 335 336 338 339
32 291 294 295 298 299 300 302 303 304 305 307 311 313 314 317 318 319 320 321 322 323 325 326 328 329 330 331 333 334 335 337 338
31 291 294 295 296 297 298 302 303 305 306 307 308 309 310 311 312 314 315 316 317 318 321 323 326 329 331 333 334 335 337 339
29 291 293 294 295 298 300 301 302 304 306 308 309 310 312 315 318 319 320 322 323 324 325 328 332 333 334 335 336 337
26 291 295 296 297 298 302 304 305 309 310 312 313 314 315 319 320 321 322 326 327 328 330 333 334 335 338
28 294 295 296 297 298 299 301 302 303 304 308 310 311 313 315 316 318 319 320 321 323 328 329 332 334 335 336 338
16 294 296 300 306 307 313 315 317 318 319 320 321 324 328 333 338
28 291 293 296 298 299 300 302 303 304 306 308 309 312 314 316 320 322 323 324 326 328 329 332 333 334 335 337 339
29 294 298 299 301 305 306 308 309 310 312 314 317 319 320 321 322 323 324 325 327 328 331 332 333 334 336 337 338 339
30 291 292 293 295 296 297 298 299 301 303 304 305 307 308 311 312 313 315 316 317 318 319 320 321 322 325 332 337 338 339
30 291 292 293 294 299 302 303 304 306 308 309 311 312 313 314 315 317 318 319 320 324 326 329 330 331 332 335 336 337 338
24 291 292 293 294 295 297 298 299 301 305 306 308 315 316 323 325 327 329 330 331 334 335 336 337
24 294 295 296 297 298 299 300 301 302 304 307 309 310 312 316 323 326 327 328 329 333 334 336 339
20 293 294 299 300 301 304 305 306 309 310 311 318 319 320 326 329 333 334 335 338
15 294 295 296 297 307 308 309 313 316 319 320 322 325 331 336
33 297 298 299 300 302 303 304 305 307 308 309 312 313 314 315 316 317 318 319 320 321 324 325 327 328 329 332 333 334 335 336 337 338
30 291 293 295 296 297 298 299 301 303 304 306 307 308 310 311 312 314 316 317 318 319 321 322 323 324 330 331 333 335 336
19 294 295 297 299 301 305 309 310 312 313 315 317 323 326 330 331 332 336 338
28 292 293 294 297 298 299 300 302 306 310 311 312 313 315 317 319 320 321 324 325 326 327 328 329 330 332 335 339
18 293 295 299 302 305 310 311 314 316 318 324 325 327 328 332 335 338 339
16 293 294 295 299 303 304 308 311 312 316 321 322 330 331 336 338
32 292 295 296 297 298 302 303 304 306 307 308 309 310 312 314 315 318 321 322 323 325 326 327 330 332 333 334 335 336 337 338 339
22 292 293 294 297 298 299 302 305 309 312 315 316 318 321 322 326 330 331 332 335 336 338
15 293 296 297 302 303 304 308 309 310 314 317 320 329 333 336
27 293 295 296 298 299 300 301 302 303 304 306 307 308 309 312 313 317 320 322 324 325 327 328 329 332 333 335
22 292 293 294 295 297 298 301 302 303 308 309 314 315 317 319 320 324 326 327 328 332 333
23 291 292 296 302 303 311 312 313 315 316 318 319 320 321 322 323 324 325 333 336 337 338 339
18 293 294 298 299 301 308 310 315 316 318 322 323 326 328 332 333 334 339
28 291 292 294 295 296 297 298 299 304 305 306 307 308 310 312 318 319 320 321 325 327 328 329 330 331 334 336 339
16 299 302 303 304 306 307 309 310 316 321 322 324 334 335 337 338
31 292 296 297 300 301 302 304 305 306 307 311 313 314 316 317 318 319 320 322 324 325 326 327 330 331 332 333 334 335 336 337
22 291 292 296 297 299 301 307 309 311 313 316 317 320 321 325 327 328 329 336 337 338 339
31 292 293 295 296 297 298 299 300 302 303 306 307 308 309 315 317 318 319 320 322 323 324 327 328 330 331 332 333 335 336 338
17 292 294 297 298 302 306 308 309 311 315 317 319 321 324 327 335 336
30 291 292 293 294 295 297 298 299 300 301 303 305 306 308 309 314 315 316 318 319 323 324 326 329 330 331 332 333 334 335
31 291 292 294 295 297 298 299 301 302 306 307 310 311 312 313 314 316 317 318 320 321 322 323 324 326 327 328 330 331 334 336
33 291 293 294 295 296 299 300 303 305 306 307 308 309 310 311 314 316 317 318 319 320 321 322 323 324 326 330 332 333 334 335 338 339
33 292 293 294 295 297 298 300 301 302 304 305 306 307 309 311 312 313 316 317 318 321 324 326 327 329 331 333 334 335 336 337 338 339
15 291 292 302 306 308 317 318 320 325 326 333 334 336 337 339
34 292 293 294 300 301 304 305 307 310 311 312 313 314 315 316 317 318 319 321 322 324 325 326 327 329 330 331 332 333 334 335 336 337 339
33 294 295 297 298 299 301 302 304 307 309 310 311 313 314 315 316 317 319 320 321 322 323 324 325 327 328 329 332 333 334 335 336 337
27 292 293 294 296 297 300 302 303 304 305 306 309 310 313 314 315 316 321 322 324 329 332 334 335 337 338 339
26 291 294 295 297 300 301 303 304 306 307 308 312 313 315 316 317 318 319 320 321 324 327 328 329 335 337
33 293 294 296 297 300 302 303 304 306 307 308 309 310 313 314 316 318 321 322 323 324 325 326 327 329 330 331 332 333 334 335 337 338
19 293 294 298 300 302 304 306 309 310 312 314 315 316 331 333 335 336 337 339
31 291 295 296 297 298 299 301 303 304 305 306 307 308 310 311 312 313 314 315 316 317 319 321 324 325 326 329 331 334 335 339
24 292 293 296 301 305 307 309 310 314 315 316 317 318 319 320 321 327 328 329 330 333 334 335 339
16 291 294 295 297 299 300 302 306 308 314 322 327 328 329 331 339
18 293 300 301 305 307 310 312 313 317 318 319 320 321 328 331 332 336 337
17 291 292 297 305 306 311 316 318 319 327 328 329 333 334 335 337 339
31 291 292 293 294 295 296 297 298 299 300 301 302 303 305 309 310 311 312 314 315 316 317 318 321 322 326 328 332 336 337 339
17 299 301 302 306 310 313 319 321 324 325 327 328 329 331 333 334 339
28 291 293 294 296 297 300 301 303 305 307 309 311 316 317 318 320 321 323 324 325 326 327 329 331 333 336 337 338
29 291 293 296 299 303 304 305 307 309 310 311 312 313 315 317 318 320 322 324 325 328 329 331 332 334 335 337 338 339
28 292 293 295 296 297 298 300 302 304 305 307 310 311 312 313 316 318 320 323 324 325 329 331 334 335 336 337 339
17 293 295 303 306 308 311 317 318 319 322 326 331 332 333 334 337 338
19 296 298 300 302 303 305 308 314 316 317 321 322 327 328 330 331 333 336 339
30 292 293 295 296 297 299 303 304 307 308 310 312 313 315 316 320 321 322 323 324 325 326 327 328 329 330 331 333 336 339
16 291 294 295 303 304 313 315 317 319 321 327 329 331 332 333 336
33 293 294 295 296 297 298 300 301 302 303 304 305 306 309 310 311 312 316 318 320 321 322 323 324 328 329 330 331 332 333 335 336 338
22 291 293 297 298 299 305 308 309 310 311 312 315 316 317 318 320 322 323 326 328 329 338
27 293 294 296 297 300 302 303 306 307 308 310 311 313 314 315 317 318 319 323 326 328 329 330 333 336 337 339
26 294 295 299 301 302 303 304 305 306 307 309 311 316 319 320 323 324 327 329 331 332 333 335 336 337 338
23 293 294 295 299 300 304 306 311 312 314 318 320 323 324 326 327 331 332 333 334 336 338 339
30 291 292 293 294 295 297 301 302 303 304 305 306 307 308 312 314 316 318 319 320 322 323 324 329 331 332 335 337 338 339
21 291 294 295 298 301 303 305 306 307 310 315 318 319 322 328 329 330 331 332 333 337
33 292 294 297 298 299 300 301 302 303 305 307 308 309 310 311 312 313 315 318 319 322 323 326 328 329 330 331 332 335 336 337 338 339
24 295 296 297 299 301 302 303 304 305 307 308 312 316 318 320 323 324 326 327 330 335 337 338 339
26 293 294 295 296 298 300 302 303 305 306 310 312 313 320 321 323 324 325 330 332 333 334 335 336 337 338
23 292 293 295 297 300 303 305 307 308 309 312 314 315 316 319 323 325 327 328 330 333 334 339
24 292 294 298 301 302 305 308 309 313 317 319 322 324 325 326 327 330 331 332 333 334 336 338 339
29 291 292 297 299 300 301 302 305 310 312 315 316 317 318 319 320 321 322 324 325 328 329 330 333 334 335 336 337 339
18 292 294 296 298 300 307 316 320 321 322 323 327 328 329 331 334 335 339
30 291 292 293 294 296 297 298 303 304 305 307 308 311 315 316 319 320 321 323 324 325 326 328 330 331 332 333 334 337 339
27 293 294 296 300 302 303 306 307 308 309 312 314 317 318 319 320 322 323 325 326 328 329 330 334 335 336 339
31 291 292 296 298 299 300 301 302 304 305 307 308 309 310 311 313 314 315 319 320 321 323 326 327 328 329 331 332 334 335 338
14 291 292 295 297 299 302 304 305 308 310 313 318 323 339
16 291 298 300 302 304 309 310 311 313 315 316 317 319 327 330 332
26 293 294 295 298 299 302 304 306 311 313 314 316 317 318 319 320 322 324 327 329 330 331 333 335 336 337
27 293 294 298 299 300 301 302 304 308 310 311 313 315 316 317 318 320 321 322 326 327 328 329 334 335 337 339
23 293 295 296 298 299 305 306 307 308 310 312 313 314 319 323 324 325 326 328 329 330 333 337
27 292 293 294 295 296 297 298 299 303 307 308 309 310 312 313 315 318 319 320 325 326 327 329 331 333 334 336
25 291 298 300 302 304 306 308 309 310 311 312 313 314 315 319 320 322 327 329 330 331 333 336 338 339
27 292 293 294 296 298 300 301 303 304 307 309 310 311 312 313 314 317 318 319 320 321 324 325 331 332 334 335
29 293 294 295 296 297 298 303 304 305 306 307 309 310 311 313 316 317 320 322 323 324 327 329 331 332 333 335 336 338
28 291 294 295 297 301 302 303 305 306 307 308 310 312 314 316 318 319 321 322 323 330 331 332 333 335 337 338 339
31 291 292 293 294 296 300 301 305 306 307 309 311 312 313 316 317 320 322 323 326 327 328 329 330 331 334 335 336 337 338 339
23 292 294 298 300 301 302 303 304 305 306 309 312 313 314 319 321 329 330 331 332 337 338 339
32 291 293 294 295 296 297 298 299 300 302 303 304 305 306 307 309 310 313 314 315 317 319 322 324 329 332 333 335 336 337 338 339
16 296 297 298 300 303 304 308 312 316 322 325 327 330 332 335 337
15 292 293 295 296 299 304 305 312 313 317 319 326 329 333 337
28 293 295 297 298 299 300 301 303 306 308 311 312 314 316 317 318 319 321 322 323 324 327 328 329 333 335 337 338
31 291 292 294 296 298 300 303 304 305 306 308 311 312 313 314 315 316 318 319 320 321 324 325 327 330 333 334 335 336 338 339
19 291 293 294 295 296 297 300 302 304 305 307 309 314 317 319 321 322 330 332
20 292 293 296 300 305 307 309 312 315 316 317 320 325 327 328 332 334 336 338 339
18 292 293 295 296 300 307 308 309 310 311 312 317 319 325 326 330 333 336
22 293 294 297 300 301 303 306 308 310 311 313 315 316 317 322 323 328 331 332 334 336 339
23 291 293 294 296 299 300 308 310 312 314 317 321 322 323 324 325 328 331 332 333 334 336 339
25 291 295 301 304 305 307 311 312 314 316 317 318 320 321 323 324 326 328 329 330 331 332 333 335 338
19 291 292 295 296 297 298 304 305 306 309 310 313 314 317 320 326 329 331 339
21 293 294 297 300 301 303 305 311 320 321 322 324 325 326 327 330 334 335 336 337 338
31 293 295 297 299 302 303 304 306 307 308 309 313 314 315 317 318 319 320 322 323 325 326 328 330 331 333 334 336 337 338 339
21 291 293 294 296 301 306 307 308 310 311 312 313 314 316 319 323 327 328 329 332 334
20 296 298 299 303 305 308 309 311 313 317 319 320 325 326 331 332 334 335 336 337
27 292 294 295 297 298 299 301 304 305 306 307 310 314 316 317 318 320 322 325 326 327 328 329 331 333 335 336
23 294 296 301 303 304 306 309 310 311 316 320 321 323 325 326 327 328 330 331 333 336 337 339
20 291 293 294 295 298 299 302 305 307 309 310 313 321 323 328 330 331 336 337 339
33 293 295 296 298 299 300 302 303 304 305 308 311 312 313 314 317 318 319 320 321 322 323 324 325 326 327 329 331 333 334 336 337 339
32 297 298 299 300 301 302 303 304 305 307 309 310 311 312 314 315 316 317 319 320 321 322 323 325 326 327 334 335 336 337 338 339
26 292 295 296 297 303 306 307 309 311 312 313 316 318 319 320 323 324 325 327 328 329 330 331 334 336 339
23 291 294 295 296 299 301 304 307 309 314 316 317 318 321 322 324 326 327 328 330 332 333 337
20 294 297 298 301 303 304 305 309 313 314 317 318 319 322 323 327 330 333 334 339
15 291 297 303 308 310 312 320 323 324 326 330 332 334 338 339
33 293 294 295 297 302 304 305 309 310 311 312 313 314 316 317 318 319 320 321 322 323 324 326 329 330 331 332 333 334 335 336 337 338
18 294 298 299 305 306 307 309 310 311 312 318 320 321 322 326 330 333 334
25 297 299 300 301 303 304 307 309 312 313 314 315 318 319 320 321 322 323 328 329 330 333 336 338 339
32 291 292 294 295 296 299 300 302 304 306 307 308 309 312 313 314 316 317 318 319 321 322 324 326 327 329 331 332 335 336 337 338
28 292 293 294 297 298 299 300 301 305 306 309 310 311 312 314 316 319 321 323 325 327 331 332 333 334 335 337 339
24 293 294 295 296 297 300 301 305 309 310 311 312 314 317 320 321 323 324 325 329 331 332 335 339
21 294 297 299 300 302 304 307 315 317 318 325 326 329 330 331 332 333 334 336 337 338
16 295 297 300 302 304 305 309 311 314 316 317 321 331 335 338 339
15 297 301 302 303 304 305 306 308 309 311 321 323 330 338 339
30 292 298 299 300 301 302 303 306 310 311 312 314 316 317 318 319 320 321 323 324 326 327 328 329 330 331 333 334 336 338
19 291 298 300 304 306 308 310 314 316 318 323 324 325 326 329 330 332 336 337
20 295 300 301 303 304 309 310 313 315 316 317 320 322 325 327 328 331 336 338 339
17 292 295 296 299 301 302 303 304 311 317 318 320 322 331 332 333 338
22 293 295 296 297 299 300 302 304 306 311 313 314 317 319 322 328 329 330 333 337 338 339
19 293 296 300 305 307 308 309 314 316 317 323 325 326 328 331 333 334 336 337
15 293 295 301 302 303 304 308 311 318 319 320 323 324 325 327
18 294 297 298 304 308 311 313 314 315 317 326 327 328 329 330 333 337 338
16 291 293 295 297 298 299 303 311 313 320 322 330 332 337 338 339
25 291 293 294 295 297 300 303 305 309 310 312 313 317 323 325 327 328 329 330 333 334 335 336 338 339
29 291 294 295 298 300 302 303 305 307 308 310 311 312 315 317 319 321 324 325 326 327 330 332 334 335 336 337 338 339
23 291 294 295 298 299 301 309 311 313 314 315 316 319 320 321 323 325 326 330 335 336 338 339
20 291 295 296 297 298 303 308 311 312 313 316 317 319 321 323 327 329 330 333 335
29 292 293 295 296 297 301 305 306 307 308 310 311 312 313 314 315 317 319 320 322 323 324 325 329 332 334 335 336 338
30 291 292 295 298 299 300 302 303 304 305 309 310 313 314 315 317 319 320 321 324 326 327 328 329 330 331 332 333 335 338
15 293 298 299 301 302 304 307 311 312 315 318 322 327 334 336
25 291 293 294 295 296 298 300 307 308 309 311 314 316 318 321 323 324 325 326 328 329 330 333 336 338
20 295 299 300 308 309 310 311 315 318 323 324 325 326 327 328 330 332 334 337 339
14 291 295 296 298 300 303 307 314 324 326 329 330 333 337
24 292 295 296 299 300 301 302 303 306 309 311 314 315 316 318 319 320 325 332 333 335 336 338 339
19 292 293 295 303 306 309 311 313 314 318 323 325 327 328 329 331 332 333 334
28 292 293 294 296 298 301 302 303 304 306 308 309 310 311 312 314 315 316 317 318 321 323 324 326 328 330 334 339
28 293 295 297 300 301 304 305 306 308 311 314 315 316 319 321 322 323 325 326 327 330 331 333 334 335 336 338 339
21 294 295 297 298 301 305 309 311 315 316 319 320 322 327 331 332 333 334 337 338 339
22 292 294 295 297 299 300 301 302 303 304 306 307 308 315 318 319 320 328 329 331 334 337
21 292 293 294 296 297 302 303 304 306 309 311 312 320 321 324 325 326 333 336 337 338
15 293 300 301 302 304 307 311 312 317 322 324 325 329 330 338
21 291 292 295 299 302 303 305 307 308 310 314 324 327 328 331 332 333 335 336 337 339
23 292 294 296 297 298 302 303 305 307 309 310 311 313 315 323 325 327 330 333 334 335 338 339
32 291 292 293 295 296 299 301 303 304 305 308 311 312 313 314 315 317 320 321 322 323 324 325 326 327 328 329 330 331 333 335 337
20 291 293 294 295 300 303 307 308 311 315 318 319 323 324 329 333 335 337 338 339
31 291 293 294 297 300 301 302 303 304 305 306 307 308 309 311 314 315 316 317 319 321 323 325 329 330 331 332 333 334 336 338
34 293 294 295 298 299 301 302 303 304 305 306 307 308 311 312 313 314 317 318 321 322 323 325 326 327 328 330 331 333 335 336 337 338 339
21 293 294 297 301 302 303 304 305 307 309 312 318 319 325 326 327 328 332 334 337 339
17 295 296 307 308 311 312 313 318 320 322 324 326 330 331 334 335 337
31 291 293 295 296 298 299 300 302 305 306 307 308 309 311 312 314 315 317 319 321 324 325 326 327 329 331 332 335 336 337 339
31 291 292 293 295 296 297 298 299 300 301 302 305 307 311 312 313 314 315 318 319 324 325 326 329 330 331 333 335 336 337 338
29 293 294 295 296 298 303 305 306 307 309 310 314 316 318 321 322 323 324 326 328 329 331 332 333 335 336 337 338 339
29 291 292 293 294 297 298 299 301 302 303 305 306 308 309 311 314 315 316 318 323 327 328 329 331 333 334 335 336 337
25 293 295 296 297 300 301 305 307 310 312 313 314 316 318 320 321 322 324 326 329 334 335 336 337 339
33 291 293 294 295 296 298 301 302 303 305 309 311 312 313 314 315 316 318 319 321 322 323 325 326 327 329 330 331 333 335 336 338 339
21 293 295 296 299 302 304 305 306 307 308 311 312 320 324 326 331 332 333 334 335 338
21 291 295 296 297 298 300 301 305 306 310 311 314 315 318 321 327 328 329 330 333 334
25 291 294 298 299 306 307 308 310 311 312 315 316 319 320 321 322 324 326 327 328 329 332 333 337 339
23 295 297 298 301 302 305 307 308 311 313 315 320 322 323 326 329 330 331 332 333 335 337 338
16 291 297 300 304 306 307 308 311 312 313 316 323 325 326 330 332
19 293 296 297 299 306 308 309 316 319 320 322 324 325 326 328 333 334 336 338
26 298 300 303 304 305 309 310 313 314 315 316 317 318 319 323 324 325 326 327 328 330 331 332 337 338 339
32 291 293 295 296 297 298 299 302 305 306 309 311 313 314 317 318 319 320 321 322 323 325 327 329 330 331 332 334 335 336 337 338
20 292 293 294 295 296 297 299 301 303 307 308 310 318 319 320 324 329 335 336 338
33 291 293 294 296 297 298 301 303 304 306 307 309 310 311 312 313 314 315 317 318 319 320 324 325 327 329 330 331 332 334 336 337 339
16 292 294 295 300 303 305 308 309 317 318 325 329 330 334 337 339
32 291 292 293 294 296 297 299 300 304 307 308 310 311 312 315 316 317 318 320 322 323 324 327 328 329 330 331 334 335 336 337 339
16 292 295 301 302 304 307 308 309 312 319 323 325 326 329 330 332
15 292 293 296 297 301 303 305 306 313 315 317 330 333 334 338
23 292 295 297 300 303 308 309 310 311 312 313 316 317 318 320 322 323 324 330 331 335 336 339
25 291 292 293 294 295 302 305 306 310 312 313 314 315 316 318 321 323 324 326 327 328 331 335 336 337
29 294 296 297 299 301 303 304 306 308 309 310 311 312 314 315 316 318 319 320 321 322 323 324 326 328 329 330 335 337
19 292 294 296 298 299 300 308 309 314 315 319 320 326 327 328 329 334 337 339
18 298 299 302 303 308 309 312 314 315 316 319 320 325 326 331 332 334 337
27 291 292 293 294 295 298 300 301 305 306 307 308 312 315 316 319 320 322 323 324 325 326 329 335 336 337 338
22 291 294 295 298 302 304 305 306 307 308 309 312 314 316 319 321 324 328 329 330 333 337
32 292 294 295 296 297 298 299 300 301 302 304 305 307 310 311 313 314 316 317 321 322 324 325 326 328 329 331 333 334 337 338 339
30 291 293 296 297 299 301 302 303 307 308 311 312 313 315 317 320 321 322 324 326 327 328 329 330 334 335 336 337 338 339
33 291 293 296 297 300 301 303 305 306 307 308 309 311 312 313 315 316 317 318 319 320 321 323 325 326 328 329 330 331 333 336 338 339
17 291 292 294 299 303 304 306 307 310 312 317 318 320 328 329 330 336
16 291 293 295 296 297 306 318 319 322 325 329 330 332 333 334 337
18 294 296 302 303 304 305 306 307 310 311 314 317 320 322 324 330 335 339
28 291 292 296 298 304 305 307 308 310 311 313 314 316 318 320 324 325 326 327 328 329 330 332 334 335 336 337 338
29 293 294 295 296 299 300 301 302 304 305 307 309 311 312 314 316 317 318 319 320 323 325 326 327 329 330 332 338 339
25 291 293 295 296 297 298 300 302 306 307 308 311 312 316 318 319 321 323 326 329 331 332 333 337 338
24 291 294 295 296 297 303 309 310 312 313 314 317 321 323 325 326 328 329 331 332 333 335 336 339
15 296 304 306 309 311 316 318 322 327 329 330 334 335 336 339
28 292 294 295 296 299 301 304 307 308 309 311 313 314 315 317 319 320 323 325 327 330 331 332 333 334 337 338 339
22 293 294 296 301 302 305 311 312 313 314 315 316 317 318 319 324 330 333 334 335 337 339
34 291 292 293 294 295 296 297 300 301 302 303 304 306 308 310 311 312 313 314 315 316 317 322 326 327 328 330 331 332 334 335 336 337 339
31 291 293 294 295 296 298 300 302 303 305 307 308 310 311 312 314 316 317 318 319 320 321 323 325 329 330 332 333 334 335 336
25 291 293 294 297 299 300 302 303 304 305 309 310 312 317 318 321 324 325 326 327 328 331 332 338 339
20 291 292 294 297 298 300 301 303 306 307 309 312 313 314 315 327 329 335 337 338
28 291 292 294 297 298 300 304 308 309 310 311 312 313 314 317 319 320 321 322 325 326 327 329 333 334 336 338 339
31 291 295 297 299 300 301 302 303 305 307 309 311 312 314 315 316 317 318 319 320 322 323 324 325 327 328 329 331 332 337 339
28 292 295 296 297 302 304 305 306 307 308 310 311 314 315 316 317 318 319 321 322 324 325 326 327 329 331 336 338
30 292 293 294 295 296 297 298 299 300 301 302 304 307 312 314 316 317 319 320 321 322 324 326 327 328 329 333 334 335 338
22 291 295 298 299 300 304 309 313 314 319 320 321 322 323 327 328 330 332 333 335 336 338
29 291 292 297 298 299 300 301 303 304 306 307 308 310 312 314 318 320 321 322 324 327 330 332 333 335 336 337 338 339
33 291 292 295 296 299 301 302 303 304 305 306 309 310 311 312 313 314 316 317 319 320 323 324 325 327 329 330 332 333 335 336 337 339
15 299 303 306 309 314 317 321 324 325 326 328 331 332 335 336
25 291 292 295 296 298 301 303 304 307 308 309 310 311 312 314 315 317 318 320 321 324 325 329 331 336
31 291 292 293 294 295 296 298 299 301 302 303 304 306 308 309 312 313 315 316 318 320 324 325 326 329 330 332 333 334 336 339
25 293 295 298 299 300 302 303 304 305 306 308 311 314 315 316 318 319 320 322 324 326 328 329 331 338
22 292 293 296 297 298 301 306 310 313 314 315 316 317 320 321 322 325 326 328 330 334 338
27 291 293 294 295 298 299 300 303 305 306 308 309 311 315 316 318 320 321 322 325 326 327 328 329 334 335 336
14 294 295 299 300 304 309 317 319 325 326 334 335 336 337
20 291 292 294 295 297 299 304 305 311 312 313 314 316 317 318 322 327 328 332 333
22 293 294 295 297 298 299 300 302 304 305 306 308 309 310 316 319 324 325 327 330 332 335
19 296 299 301 302 304 306 308 311 314 316 318 321 324 325 331 332 334 335 338
27 292 293 296 298 299 300 302 303 304 306 308 310 311 315 316 319 322 323 324 327 328 329 330 331 335 337 339
20 292 293 296 299 300 302 305 306 309 312 313 314 318 320 322 324 325 335 337 338
33 291 292 295 296 297 299 300 301 302 304 305 308 309 310 311 312 313 314 316 317 318 319 320 324 325 326 327 329 333 336 337 338 339
22 291 295 296 297 299 302 304 306 308 309 312 313 317 321 323 331 332 333 335 336 338 339
28 291 293 294 295 297 299 300 303 304 305 309 312 313 315 316 318 321 322 323 324 325 328 330 331 332 333 338 339
26 292 293 299 300 303 304 305 306 307 308 311 312 313 315 317 318 319 320 321 323 326 328 331 336 337 338
31 293 295 297 299 301 302 304 305 306 308 309 310 311 315 316 317 319 320 322 323 326 327 330 331 332 333 334 335 336 337 338
34 291 292 293 295 299 300 302 303 305 306 309 310 312 313 314 315 316 317 318 319 322 323 325 326 327 328 329 330 331 333 334 336 338 339
17 292 293 294 297 298 302 303 305 307 311 317 326 327 328 332 333 337
17 293 295 300 301 311 313 317 320 322 323 325 329 332 333 334 336 339
17 294 297 307 309 315 316 318 319 320 321 324 326 332 333 336 337 338
19 291 294 296 297 298 302 306 315 316 320 322 324 325 326 327 330 331 335 336
26 292 293 294 295 296 298 299 300 301 302 304 305 309 311 313 314 318 322 323 325 330 334 335 336 337 339
18 293 294 295 296 298 301 302 304 305 312 314 316 321 323 325 326 329 339
26 292 295 296 297 299 300 301 303 304 305 308 310 311 313 314 316 318 319 325 326 328 333 334 337 338 339
23 291 292 295 298 301 304 305 307 309 310 311 313 315 317 321 324 326 329 332 333 336 337 339
31 292 293 294 295 297 298 299 301 302 305 307 308 311 312 317 318 319 322 324 325 326 327 328 329 330 332 335 336 337 338 339
24 291 294 298 302 303 306 307 308 309 311 313 314 315 316 317 319 322 324 325 329 331 333 337 338
22 292 293 294 297 298 300 301 302 303 304 308 313 314 319 321 325 326 332 333 334 337 339
16 292 297 299 302 304 305 309 311 314 318 320 321 328 330 336 337
20 293 294 295 296 298 299 301 305 310 320 322 323 326 327 329 330 333 334 335 336
29 291 292 293 294 295 296 297 299 303 304 305 306 307 309 310 311 312 314 316 317 318 320 324 325 331 332 334 336 339
26 291 293 295 298 300 302 303 304 306 309 313 314 317 318 319 320 321 322 324 325 328 330 331 333 335 338
31 292 295 296 298 299 300 301 305 311 314 315 316 317 319 320 322 323 324 325 326 327 328 329 330 331 332 333 336 337 338 339
19 291 292 293 297 301 302 304 306 310 311 312 318 321 324 325 326 332 336 338
28 293 294 295 296 298 300 302 303 305 306 307 309 310 311 313 318 319 320 327 330 331 332 333 334 335 336 337 338
28 291 292 293 295 296 297 298 300 306 307 312 314 316 317 318 320 321 323 325 326 328 329 331 332 333 335 336 337
20 292 293 294 299 302 304 305 306 307 311 314 322 323 324 326 328 329 333 334 337
17 295 296 297 298 300 302 308 311 313 316 319 321 324 329 332 334 338
18 291 292 294 297 298 299 305 308 310 315 319 325 327 332 333 335 337 339
31 291 295 296 297 298 299 300 301 302 304 306 310 311 312 313 314 315 316 317 319 320 321 322 324 326 327 329 331 333 334 337
33 291 293 294 295 296 298 299 301 303 304 305 306 307 309 310 311 313 316 317 318 319 321 322 324 325 326 327 333 334 335 336 338 339
28 297 299 300 301 304 305 307 308 309 310 311 313 314 315 316 318 319 320 322 324 325 330 331 334 335 336 338 339
27 295 296 297 298 300 301 302 303 306 308 309 310 314 316 317 319 325 326 327 328 329 331 333 334 335 336 337
18 294 297 301 305 308 309 311 315 321 322 325 327 328 329 331 333 335 337
32 291 292 294 295 297 299 300 303 308 309 311 312 313 314 315 316 318 319 320 322 323 324 325 326 327 328 332 333 334 337 338 339
19 291 298 299 302 304 305 306 307 312 313 316 317 323 324 327 328 336 337 338
30 291 292 295 296 299 300 301 302 303 304 306 308 309 310 312 314 315 318 319 320 323 324 327 328 329 330 331 333 334 339
23 292 294 297 300 301 305 306 309 311 312 313 314 318 319 320 323 324 325 328 331 335 336 338
31 291 293 297 298 299 300 302 303 304 305 310 311 312 313 314 317 318 319 322 323 324 326 327 328 329 331 332 333 336 338 339
24 291 293 295 297 299 301 302 303 304 305 306 308 310 312 315 319 321 324 328 331 332 334 335 337
27 291 294 296 297 299 303 307 312 315 316 318 319 321 322 323 324 325 326 328 329 330 331 332 334 335 337 338
15 291 293 294 302 308 309 313 314 316 321 326 328 333 334 336
16 291 292 293 294 295 296 300 301 304 307 308 311 315 316 328 339
32 291 292 293 294 298 299 300 301 303 304 305 311 312 314 315 316 317 321 322 323 324 327 329 330 331 332 333 335 336 337 338 339
24 292 293 294 295 297 299 300 302 304 306 307 311 316 320 322 323 324 325 330 332 333 335 336 339
29 291 292 293 297 299 300 302 303 305 306 307 308 310 311 312 313 314 316 317 321 324 325 326 328 330 335 336 337 339
33 292 293 294 297 298 299 302 303 305 306 310 311 313 315 316 317 319 321 322 323 324 325 326 327 328 329 330 332 333 334 336 337 338
33 291 294 297 298 299 300 301 302 303 305 308 309 310 311 312 313 315 316 317 318 319 320 321 322 324 325 327 328 332 335 336 338 339
31 291 295 296 297 298 299 300 301 302 303 304 305 309 310 311 312 314 315 316 319 322 325 327 328 329 330 331 333 334 337 339
25 291 292 299 300 304 305 307 308 311 312 313 314 315 316 318 320 326 327 328 330 332 333 334 335 338
26 292 293 294 295 298 299 300 301 302 304 308 309 312 317 320 322 323 326 327 330 331 332 334 335 337 339
15 291 292 298 299 300 303 308 309 315 319 326 328 329 330 337
28 291 292 295 297 298 299 300 303 304 307 309 313 314 315 316 318 319 320 321 322 325 326 327 330 332 333 335 337
39 340 343 346 347 349 352 354 356 359 363 364 366 369 372 377 378 379 380 382 383 384 385 386 387 388 389 391 392 394 395 397 398 401 402 403 404 411 412 413
30 340 346 347 349 351 353 354 356 362 363 364 366 371 374 375 384 386 387 391 392 394 396 397 398 401 403 408 410 415 416
16 340 345 355 357 359 360 363 364 365 366 375 380 383 386 406 409
26 344 347 352 357 358 361 362 363 367 371 372 373 379 381 383 385 387 391 394 397 401 406 407 410 413 414
24 343 347 348 351 358 362 365 366 367 376 379 385 386 390 394 395 396 398 399 400 402 404 407 412
24 344 345 348 353 356 361 362 364 367 368 372 375 383 385 392 394 398 399 400 401 402 403 407 413
17 347 348 351 360 363 371 373 380 387 392 397 399 401 408 415 416 417
50 340 343 345 346 348 349 351 353 355 356 358 360 361 362 363 364 365 366 368 370 371 372 373 374 375 376 378 385 387 391 392 393 394 395 396 397 398 400 401 404 405 406 407 408 410 412 413 414 415 416
16 343 349 350 354 358 359 364 367 372 382 390 394 400 404 405 411
28 341 344 347 350 357 359 360 362 370 371 372 375 378 382 383 385 386 387 391 393 395 396 400 402 406 410 413 414
21 340 341 346 351 354 355 364 365 367 368 372 377 381 385 388 389 395 397 401 413 417
23 348 351 354 356 362 373 374 379 382 388 390 393 394 397 398 399 400 403 404 407 408 412 414
28 343 350 351 353 354 356 360 365 366 368 369 370 376 377 382 386 389 393 395 398 400 402 403 404 405 408 409 412
39 341 342 344 345 348 350 351 353 355 357 358 360 361 362 365 367 368 370 371 373 374 375 376 381 390 393 396 399 400 405 406 407 408 409 410 414 415 416 417
23 342 345 346 348 350 356 357 364 367 371 377 379 385 392 393 394 397 398 401 403 408 411 414
39 341 343 347 348 349 350 351 353 357 360 363 367 370 371 372 373 374 375 380 381 382 383 385 388 390 391 394 396 397 398 400 403 404 405 406 408 410 411 412
21 340 345 346 349 351 357 358 359 365 368 369 373 378 380 383 385 389 391 395 397 407
28 343 347 353 354 355 356 360 361 364 366 367 370 371 376 382 384 387 390 392 394 396 399 400 401 405 408 409 416
15 342 345 348 353 362 368 373 375 384 396 397 401 402 414 416
22 341 343 347 352 353 370 371 376 377 383 384 385 387 389 391 404 405 406 412 415 416 417
30 346 347 355 356 357 363 369 370 374 376 378 380 383 385 388 391 392 393 395 398 399 403 406 407 408 409 410 412 415 417
11 341 344 354 360 374 379 381 385 391 397 414
33 341 353 356 357 358 361 363 366 371 377 378 380 382 384 385 386 387 388 390 391 393 396 397 400 402 404 405 407 408 409 410 411 412
28 341 342 344 347 350 352 354 357 359 367 369 377 379 380 381 382 383 384 386 388 389 390 399 402 403 409 411 417
21 342 344 346 349 352 356 358 361 364 365 366 367 369 378 379 382 384 389 409 410 414
29 342 344 350 355 357 361 367 368 370 372 373 376 377 378 379 381 383 388 395 400 402 404 405 406 407 409 412 413 414
28 341 342 346 347 349 351 358 359 365 370 373 377 378 379 380 382 386 387 389 390 391 393 396 397 408 410 411 415
22 341 344 347 348 349 354 355 358 359 360 364 365 370 383 388 389 393 399 402 404 412 413
26 341 345 349 350 352 356 361 362 366 368 370 372 377 382 387 390 391 392 393 394 403 405 406 411 412 416
9 340 346 355 374 384 388 390 416 417
15 341 342 345 348 349 359 364 375 378 380 392 396 399 411 415
32 340 342 344 345 346 348 358 363 365 366 367 378 379 380 381 386 388 390 392 393 395 397 398 399 400 401 403 407 408 411 413 414
36 346 347 349 350 353 355 356 357 359 362 365 366 369 372 375 384 386 387 392 395 396 398 399 400 401 403 404 406 407 408 411 412 413 415 416 417
17 342 348 352 362 363 375 377 386 388 398 402 403 404 406 410 414 415
19 341 343 344 346 347 349 350 361 369 376 381 387 389 392 396 401 402 405 410
26 340 343 350 352 354 355 357 360 363 366 369 371 374 376 381 384 388 395 404 405 406 409 412 414 416 417
21 342 344 346 350 354 355 356 364 368 369 370 371 373 374 377 383 395 399 401 413 414
21 342 355 356 359 363 367 368 369 370 371 372 373 378 386 387 390 394 395 405 407 412
45 340 342 343 344 345 346 347 348 349 350 351 352 354 355 359 360 362 364 365 367 368 369 370 372 373 374 375 376 379 381 383 389 392 394 395 398 399 401 403 406 413 414 415 416 417
16 349 351 359 360 361 370 371 372 385 386 391 393 409 412 413 414
15 343 346 354 363 374 380 381 383 389 392 394 397 404 407 411
27 344 345 353 356 358 359 360 361 362 363 371 374 378 379 380 382 390 392 394 399 403 406 409 411 412 414 416
25 341 342 345 348 352 355 356 358 367 368 369 377 378 382 395 396 398 399 400 401 403 405 406 410 416
4 351 384 394 399
24 349 350 351 354 355 356 357 359 360 361 362 364 368 369 372 373 374 375 382 394 396 402 409 410
21 340 346 347 351 362 370 373 377 388 389 391 393 396 400 401 404 405 406 413 415 417
45 341 342 343 344 346 348 349 350 352 353 354 359 363 365 366 368 370 372 373 376 379 381 382 384 386 387 388 389 390 391 392 394 395 396 398 400 401 404 405 406 408 409 413 415 417
17 341 350 351 353 358 360 365 366 377 381 389 398 406 408 413 414 415
31 340 342 343 345 348 351 352 358 361 363 364 367 368 370 371 373 376 377 378 380 382 383 388 389 390 393 394 402 405 409 410
27 346 351 352 361 362 366 367 371 373 375 377 378 380 381 382 384 387 391 395 398 400 401 403 409 411 414 417
31 340 342 344 345 349 352 353 355 356 357 359 360 361 366 370 372 375 377 385 389 391 392 393 394 397 404 407 408 414 415 417
19 341 343 352 355 361 369 370 374 375 376 378 381 383 387 406 412 413 416 417
13 345 355 356 360 371 372 374 379 387 392 397 402 416
23 342 344 346 348 355 357 359 360 367 375 376 378 379 381 385 388 389 397 399 400 410 413 415
22 349 355 359 360 361 370 373 377 378 380 382 383 387 388 389 391 393 410 411 414 415 416
20 340 351 353 354 358 360 362 363 365 372 373 380 384 386 388 389 390 391 399 415
16 344 347 349 359 366 368 382 395 396 400 402 404 405 407 409 410
17 340 341 344 351 352 360 361 365 366 371 377 379 381 386 387 389 413
4 340 345 361 375
19 341 343 345 348 352 358 359 360 365 369 380 382 385 389 390 393 399 411 417
29 342 343 345 346 352 353 354 356 361 364 366 367 368 374 376 377 379 388 390 392 397 403 404 407 409 411 412 416 417
32 340 341 342 344 345 346 350 352 353 354 356 357 363 364 368 369 371 372 374 375 381 384 392 397 401 403 405 406 408 409 413 417
20 343 345 353 357 370 374 375 377 386 390 391 396 402 403 405 406 407 411 412 413
20 340 342 343 345 350 356 357 363 369 372 374 379 386 390 392 394 397 405 407 416
20 342 352 353 358 367 368 370 371 372 377 378 384 385 391 395 411 413 415 416 417
9 353 368 376 385 396 406 408 410 415
47 341 343 346 347 348 350 351 354 358 362 363 364 365 367 368 369 371 373 374 376 378 379 380 381 382 383 384 386 387 388 390 395 396 398 399 400 401 402 403 405 406 409 410 411 412 413 416
34 340 341 345 348 349 351 352 360 361 363 365 366 367 378 379 382 385 387 388 390 391 392 393 394 396 402 403 405 406 407 411 415 416 417
30 342 343 347 348 349 350 352 357 366 369 370 373 375 376 383 384 386 387 391 393 396 398 400 402 404 405 407 408 410 415
15 342 354 357 361 363 367 380 383 384 394 395 399 408 411 412
17 340 348 349 355 358 363 365 369 373 380 381 389 398 401 405 408 415
23 343 347 353 357 358 359 362 372 375 376 380 381 384 386 389 397 398 400 404 408 409 410 412
31 340 342 344 345 346 352 354 355 356 359 362 365 366 368 369 378 379 386 387 389 392 393 395 399 401 402 407 409 414 415 416
29 347 351 355 356 357 358 360 362 364 367 369 371 374 377 378 380 383 385 393 397 399 402 403 407 410 411 412 414 416
20 340 341 350 354 355 359 362 368 372 376 381 383 385 388 393 394 395 398 400 404
29 341 343 344 348 349 350 352 353 358 359 364 365 366 368 369 375 376 378 381 382 385 386 390 398 403 407 409 410 414
40 340 343 344 345 346 347 348 349 352 354 357 361 362 364 374 375 376 379 380 382 383 384 385 388 391 392 393 396 397 399 400 401 402 403 404 409 410 411 416 417
29 340 343 347 351 353 354 358 363 364 365 369 371 373 374 380 383 384 386 395 396 398 401 402 404 407 408 409 414 417
12 341 344 350 372 374 379 381 393 411 412 413 417
8 358 361 364 376 377 384 413 417
22 340 344 347 350 353 357 362 364 365 366 373 375 376 379 384 387 388 390 402 408 415 417
28 347 349 363 367 370 372 373 375 380 381 382 383 385 388 390 394 396 397 398 400 403 404 405 406 408 410 411 412
28 341 342 344 346 348 349 353 354 363 368 370 373 376 381 382 387 390 391 392 394 400 401 404 405 406 408 409 413
7 360 371 372 374 379 392 416
20 340 346 347 351 354 363 364 366 371 384 387 391 394 396 401 403 408 410 415 416
19 350 352 356 361 362 366 368 377 382 391 392 393 394 403 405 406 411 412 416
11 346 347 351 377 393 396 401 404 406 413 415
27 340 342 344 345 346 358 363 366 367 378 379 380 381 386 388 392 393 397 398 399 400 401 403 408 411 413 414
18 347 351 356 363 364 366 374 375 384 391 394 396 401 403 408 410 415 416
36 342 343 344 346 348 349 352 353 354 359 365 366 368 370 373 376 379 381 382 384 386 387 388 391 392 394 395 398 401 404 405 406 408 409 415 417
10 341 344 350 374 379 393 411 412 413 417
24 341 343 348 350 351 358 362 368 369 373 376 379 380 384 386 390 396 399 400 401 402 409 410 411
24 342 344 348 350 351 355 357 358 361 362 368 373 375 376 390 393 400 405 406 410 414 415 416 417
11 347 348 360 363 387 397 399 408 415 416 417
19 340 344 347 350 353 362 364 365 366 373 375 376 379 384 387 402 408 415 417
23 342 343 345 346 352 353 354 356 364 366 368 374 376 379 388 392 397 403 407 411 412 416 417
18 346 351 352 367 371 373 375 378 380 382 384 387 391 395 401 409 411 417
4 361 364 376 384
15 344 345 356 361 362 364 367 372 375 385 392 399 403 407 413
25 341 353 356 358 361 371 377 378 380 382 385 386 387 388 390 396 397 400 402 405 408 409 410 411 412
6 358 364 376 377 413 417
15 351 353 358 360 362 365 373 380 386 388 389 390 391 399 415
12 347 348 351 373 380 387 392 397 399 415 416 417
9 343 349 350 354 359 372 382 400 404
19 350 355 357 361 367 368 370 372 377 378 379 381 383 388 404 405 406 413 414
5 368 376 385 406 410
21 342 343 347 348 349 350 357 366 369 370 373 383 384 386 387 391 402 404 405 407 415
11 344 348 355 357 360 367 379 388 397 399 415
16 350 355 357 367 368 370 372 378 379 381 388 400 404 409 412 414
30 340 345 348 349 351 360 363 365 366 367 378 379 382 385 387 388 390 391 392 393 394 396 402 403 405 406 407 411 415 416
13 350 351 353 360 365 366 377 381 389 398 408 414 415
10 340 344 351 360 361 365 379 381 389 413
26 342 344 351 353 355 358 360 361 365 368 370 371 375 390 393 396 400 405 406 407 408 409 410 414 415 417
6 361 364 376 377 384 417
11 348 360 363 371 373 387 397 399 401 408 415
8 345 355 357 363 364 366 380 409
10 341 350 351 353 358 360 406 408 414 415
8 359 360 361 372 386 409 413 414
11 343 346 363 374 380 381 383 389 392 394 407
10 341 343 344 349 350 361 376 381 392 396
4 376 377 384 413
13 342 344 346 350 355 364 368 369 373 377 401 413 414
35 340 343 344 345 346 347 348 349 352 354 357 361 362 364 374 375 376 379 380 382 383 384 388 391 392 393 396 397 400 401 402 404 409 416 417
16 340 346 347 351 370 373 377 388 391 400 401 404 406 413 415 417
17 340 346 347 370 373 377 388 389 391 396 400 401 404 405 413 415 417
26 347 349 350 353 356 357 362 366 372 386 387 392 396 398 399 400 401 404 406 407 408 411 412 413 415 416
28 343 345 347 348 349 351 354 360 362 367 368 369 370 372 373 374 375 379 381 383 389 394 395 399 401 403 413 417
12 341 343 346 349 369 381 392 396 401 402 405 410
19 349 359 360 361 370 373 377 378 380 383 387 388 389 391 393 410 411 414 416
18 340 346 349 351 363 366 371 384 386 392 396 397 398 401 403 408 415 416
17 343 345 353 357 370 374 375 386 390 391 396 402 405 406 407 411 412
14 340 345 346 349 365 368 369 373 380 383 385 391 397 407
12 342 352 362 363 377 386 398 402 403 406 410 415
19 348 351 356 373 374 379 382 388 390 393 397 399 400 403 404 407 408 412 414
13 340 341 350 359 362 368 372 381 383 388 394 398 400
18 345 356 359 360 361 362 371 374 378 379 390 394 399 406 409 412 414 416
14 342 346 348 356 357 364 377 379 385 397 398 403 408 414
22 340 344 346 348 352 354 361 374 376 379 380 382 383 384 385 391 392 393 396 400 401 416
35 343 344 345 346 347 349 351 352 355 359 360 362 364 365 367 368 369 370 372 373 374 376 379 381 383 389 392 395 398 399 401 403 406 416 417
31 340 343 344 346 347 348 349 352 354 361 362 364 374 376 379 380 382 384 385 388 391 392 393 399 400 403 404 409 410 411 417
14 342 343 350 356 363 372 374 379 386 390 392 394 397 405
19 341 343 347 352 353 371 376 377 383 384 385 387 391 404 406 412 415 416 417
36 341 342 343 344 346 348 349 352 354 359 363 365 366 370 372 373 379 381 386 387 388 389 390 392 394 395 396 398 400 401 404 405 408 413 415 417
15 342 352 353 358 367 368 370 371 372 377 378 385 411 415 416
6 340 355 374 384 388 390
11 342 357 361 363 367 383 384 394 399 411 412
12 340 341 344 351 352 361 371 379 381 386 389 413
23 344 345 353 356 358 359 360 361 363 371 374 378 379 380 382 390 392 394 399 406 412 414 416
24 347 349 350 353 355 356 357 359 362 369 384 386 387 395 398 401 403 404 406 411 412 413 416 417
8 348 375 377 402 403 406 414 415
15 349 350 351 356 357 359 360 361 362 364 368 369 373 375 410
12 341 354 355 362 368 376 381 385 388 393 398 400
14 341 350 354 355 362 368 376 381 385 394 395 398 400 404
17 343 345 353 370 375 377 386 390 396 402 403 405 406 407 411 412 413
14 347 348 360 363 371 380 387 392 397 399 401 408 415 416
12 340 341 344 351 352 360 361 371 379 387 389 413
15 342 344 346 348 357 360 367 375 378 381 385 388 389 397 400
21 346 351 361 366 367 371 373 375 378 380 381 382 387 391 395 398 400 401 403 409 414
18 341 345 349 350 361 362 368 370 372 377 382 387 391 403 405 406 412 416
13 341 350 358 360 365 366 377 381 389 398 406 413 415
17 341 343 352 355 361 369 370 374 375 376 378 381 383 387 406 413 417
19 340 343 350 352 354 355 357 366 369 371 374 376 381 384 405 406 409 412 417
11 342 344 352 361 364 366 379 382 384 410 414
14 340 351 353 354 358 363 365 372 373 386 388 390 391 399
21 341 342 344 350 352 359 367 369 377 380 381 382 383 384 386 389 390 402 409 411 417
33 341 342 344 346 349 350 352 359 365 366 368 370 372 373 376 382 384 386 387 388 389 390 395 396 398 400 401 404 405 406 408 409 413
11 342 352 367 370 371 378 385 395 411 413 415
10 351 353 360 365 366 381 398 408 414 415
22 340 346 347 354 356 363 364 366 374 375 386 391 392 394 396 397 398 401 408 410 415 416
24 341 342 344 347 350 352 354 357 367 369 377 379 382 383 384 386 389 390 399 402 403 409 411 417
12 355 357 360 376 381 385 389 397 399 400 410 413
18 341 343 347 352 353 370 371 376 383 384 385 387 389 404 405 406 416 417
25 342 343 348 349 350 352 357 366 369 370 373 375 376 383 384 386 387 391 396 400 404 405 407 408 415
11 342 354 361 363 380 383 394 395 408 411 412
12 341 351 352 360 361 365 366 371 379 386 387 389
13 345 349 351 358 365 368 373 378 380 385 389 395 407
17 343 346 352 354 356 364 367 374 376 377 379 388 390 392 407 411 416
17 340 346 351 362 370 377 388 389 393 400 401 404 405 406 413 415 417
11 340 341 344 351 352 361 365 371 379 381 413
15 342 352 358 367 370 371 372 377 378 384 385 395 411 415 417
24 340 343 346 349 352 354 363 366 372 377 379 380 383 385 386 387 391 392 394 397 401 403 411 413
9 345 348 352 358 360 365 380 393 417
25 340 343 347 351 353 354 358 364 365 369 371 373 374 380 384 386 395 396 398 401 402 407 408 409 417
31 343 345 347 352 361 362 364 374 375 376 379 380 382 383 384 385 388 391 392 393 397 399 400 401 402 403 409 410 411 416 417
26 346 347 355 356 357 363 369 370 374 376 378 383 385 388 391 392 393 395 398 399 403 406 407 409 415 417
11 341 347 348 349 355 360 364 365 370 389 412
7 353 368 385 406 408 410 415
4 376 396 408 410
16 342 352 353 358 367 368 370 371 372 377 378 385 391 413 416 417
9 343 350 358 359 364 367 394 400 411
22 341 342 344 347 352 357 359 367 369 379 381 382 383 384 386 388 389 390 402 409 411 417
7 345 348 349 359 375 378 399
18 341 343 344 352 358 365 368 369 375 376 378 381 382 386 390 398 407 409
15 346 355 357 369 370 376 380 383 388 392 395 398 403 410 412
19 341 356 357 361 371 378 380 384 385 386 390 393 397 400 404 407 409 410 412
15 341 352 361 369 370 374 375 376 378 381 387 406 412 413 417
13 342 348 353 362 368 373 375 384 396 397 401 402 416
30 346 347 350 353 355 357 359 362 365 366 369 372 384 386 387 392 395 398 399 400 401 403 404 408 411 412 413 415 416 417
15 347 357 358 361 362 367 381 385 387 391 397 406 407 413 414
15 341 352 358 359 365 368 375 378 382 385 390 407 409 410 414
21 341 342 345 348 355 356 358 367 368 369 378 382 395 396 399 400 401 403 406 410 416
18 342 344 345 352 357 359 360 366 370 372 375 377 385 389 391 393 397 407
19 350 352 357 366 369 373 383 384 386 387 391 396 398 400 404 405 407 408 415
28 340 343 346 347 349 352 356 359 363 366 369 372 378 379 383 384 387 388 389 391 392 395 397 401 403 404 411 412
16 348 351 354 356 362 373 382 388 390 398 400 404 407 408 412 414
6 358 364 376 377 384 413
23 342 343 346 352 353 354 356 361 364 366 367 368 374 376 388 390 397 403 404 411 412 416 417
17 347 351 353 354 358 363 365 369 373 374 384 395 398 401 408 409 417
19 340 344 347 350 353 357 362 364 365 366 375 376 379 384 390 402 408 415 417
23 340 343 346 349 352 354 356 363 364 366 372 377 384 385 387 388 391 395 398 402 403 411 412
15 342 344 350 357 367 368 370 377 379 395 400 402 406 412 413
21 344 345 348 353 356 362 364 367 368 372 375 383 385 392 394 398 399 400 401 402 407
16 352 362 366 367 373 378 382 387 391 395 400 401 403 409 414 417
14 340 345 346 349 357 358 365 368 369 373 378 383 385 391
9 345 355 360 371 374 387 392 397 402
10 341 351 358 366 377 381 389 398 413 415
9 348 362 363 377 386 388 398 402 406
27 340 341 342 345 350 352 354 356 363 364 368 369 371 372 374 375 381 384 392 397 401 403 406 408 409 413 417
27 340 346 347 349 352 354 357 361 362 364 374 379 383 384 385 391 392 393 396 397 400 401 409 410 411 416 417
13 340 349 358 365 369 373 380 381 398 401 405 408 415
21 343 350 354 365 368 369 370 376 377 382 386 389 393 395 398 403 404 405 408 409 412
9 342 354 357 361 380 384 395 399 411
19 353 358 363 366 377 378 380 385 386 388 390 400 402 404 405 407 409 411 412
13 340 350 354 355 357 366 381 384 395 405 406 416 417
17 342 356 359 363 367 368 369 370 371 372 373 378 386 387 405 407 412
8 344 372 374 379 381 411 412 413
16 351 353 354 358 360 362 363 372 373 380 384 386 388 389 391 415
31 341 343 346 347 348 350 354 358 362 363 365 367 368 369 371 374 376 378 379 380 381 387 388 390 398 399 405 406 410 411 412
41 342 343 344 347 350 351 354 355 360 363 365 366 368 370 371 373 374 375 379 381 382 383 384 385 387 388 389 391 393 394 395 399 400 401 402 404 405 409 412 414 416
46 341 342 343 344 345 349 352 353 354 356 358 359 360 361 362 363 365 367 369 370 372 377 378 379 380 381 382 384 389 392 394 396 397 399 400 401 404 405 406 407 408 409 411 414 415 416
44 340 341 342 343 346 347 348 350 352 353 359 360 363 365 366 367 369 371 374 375 376 377 379 380 382 383 384 386 387 390 391 393 394 396 397 399 400 405 407 408 410 411 413 416
23 342 343 344 345 346 357 368 369 371 378 384 385 386 387 388 391 401 404 409 412 413 414 417
44 340 341 343 344 346 349 350 352 356 358 359 360 361 362 364 365 367 368 371 374 375 377 378 380 383 386 387 388 389 391 392 393 396 397 398 399 401 402 405 407 408 411 412 417
28 340 342 343 347 348 349 350 351 356 362 373 374 377 381 383 387 388 393 401 402 403 406 407 408 411 413 415 416
24 340 342 345 348 351 354 357 358 359 366 373 376 382 383 386 388 389 395 396 400 401 404 405 412
28 341 344 347 350 355 356 359 360 362 364 365 369 370 371 376 377 381 382 385 390 391 392 395 400 402 404 408 416
54 341 343 347 349 350 351 352 353 356 357 358 360 361 363 364 365 366 367 368 369 370 371 373 374 375 376 377 380 381 383 384 385 386 387 389 390 391 392 395 396 398 399 400 401 402 403 404 405 406 407 409 411 414 415
49 340 341 342 343 346 348 350 351 357 358 362 363 364 366 367 369 371 373 374 375 376 379 381 382 383 385 387 388 389 390 391 392 393 394 396 398 399 400 401 402 405 406 411 412 413 414 415 416 417
34 340 342 344 348 358 359 361 364 366 369 373 374 377 379 380 381 393 394 396 400 401 402 403 404 405 406 407 409 410 411 412 413 416 417
47 342 343 347 349 350 352 355 357 358 359 361 362 363 364 367 369 371 372 373 374 375 376 377 381 382 383 384 385 387 388 390 391 396 397 398 399 400 401 406 407 408 409 411 413 415 416 417
24 342 343 344 347 348 351 354 368 370 376 377 381 382 386 387 391 400 405 411 412 414 415 416 417
27 341 343 348 352 353 355 360 363 367 368 375 376 378 381 383 387 389 391 394 395 397 400 401 407 414 416 417
53 340 341 345 346 348 349 350 351 355 356 358 359 362 363 364 365 366 367 369 372 374 375 376 377 378 379 382 385 386 387 389 390 391 392 393 394 396 397 399 400 402 403 404 405 406 407 409 410 413 414 415 416 417
25 340 346 347 348 350 352 355 356 360 361 366 368 378 379 381 382 384 385 392 403 410 411 413 414 415
29 343 344 348 352 356 357 362 364 367 368 370 372 376 377 380 382 388 389 396 399 401 402 404 405 408 409 411 416 417
40 340 341 342 344 345 348 350 352 353 355 359 361 362 364 365 367 370 373 374 378 379 380 381 384 391 392 394 397 398 401 404 405 406 407 409 411 412 413 415 417
52 342 343 344 346 347 348 349 350 351 352 353 355 356 358 359 361 363 364 365 366 368 370 371 372 375 377 378 380 382 387 388 389 390 391 392 393 394 395 396 397 398 399 401 403 409 410 411 412 413 414 415 417
29 341 342 343 348 355 361 363 366 373 374 376 377 378 380 382 383 384 388 389 392 395 396 397 399 402 403 407 413 414
42 341 343 344 346 347 349 354 355 358 360 361 365 366 367 368 372 375 376 380 381 384 385 386 387 389 390 392 393 394 397 399 400 402 403 404 408 409 410 414 415 416 417
25 344 345 347 349 368 369 370 371 372 373 374 376 380 383 386 387 389 394 401 402 404 405 411 414 416
30 340 343 346 347 349 351 352 354 357 358 359 361 363 364 366 368 373 376 381 382 383 385 389 390 394 395 400 405 413 416
51 340 341 343 345 346 349 350 352 354 355 359 360 361 362 363 364 365 366 367 369 370 371 372 373 374 375 376 378 381 382 383 385 388 389 390 391 392 393 397 399 401 402 403 404 406 409 410 411 413 414 415
24 345 351 357 360 361 371 372 373 376 386 393 396 398 399 401 402 404 406 409 411 414 415 416 417
36 340 342 343 344 346 351 358 360 361 363 367 368 369 371 372 373 375 376 379 380 381 387 389 392 395 396 398 399 403 405 406 408 410 413 415 417
52 342 344 346 347 352 353 356 357 358 360 362 363 364 365 368 369 370 371 372 373 374 378 379 380 381 382 383 385 386 387 388 389 390 392 393 395 396 397 398 400 401 402 404 405 407 409 410 411 412 415 416 417
32 342 344 346 347 350 351 352 354 355 356 359 360 363 364 365 370 374 376 380 382 385 390 391 392 394 396 398 402 405 406 408 410
42 340 342 346 347 349 351 354 355 356 357 359 360 361 364 365 366 368 371 372 373 374 375 377 378 380 382 385 386 390 391 392 393 396 398 399 400 403 404 409 410 412 416
23 353 358 359 360 362 363 366 373 376 378 380 382 383 384 387 390 394 398 399 402 404 410 414
46 340 341 342 344 345 346 348 349 350 352 353 354 355 360 362 363 364 365 366 367 369 372 373 374 375 379 381 383 384 385 386 387 389 390 394 395 397 399 400 404 406 410 412 414 416 417
52 341 342 343 345 346 347 348 349 350 351 352 353 354 355 357 358 359 361 362 364 365 366 368 371 373 375 376 378 379 380 382 383 384 385 387 390 391 392 393 394 395 396 397 404 409 410 411 412 413 415 416 417
26 345 348 349 355 356 359 367 369 370 371 378 379 380 382 385 386 388 393 394 395 396 401 407 409 411 413
35 341 342 346 350 354 356 358 360 362 363 366 369 373 374 377 378 380 382 388 390 391 394 395 397 398 400 401 402 404 407 410 411 412 414 416
48 343 344 345 346 352 354 356 357 358 359 360 362 363 364 367 368 369 370 371 374 375 376 378 379 381 385 388 389 391 392 393 394 395 396 398 399 400 401 402 403 404 405 406 410 411 414 415 416
39 340 341 342 343 344 347 352 353 357 359 360 362 363 364 365 368 369 373 376 378 383 384 385 386 387 388 389 391 392 393 394 395 399 400 401 402 407 410 413
29 341 342 345 347 348 350 352 356 357 360 361 362 369 370 376 381 384 386 387 388 391 394 399 401 404 405 411 414 416
47 340 342 345 346 348 349 350 352 354 355 356 357 358 360 362 366 368 369 371 374 375 378 379 381 383 385 386 387 390 391 392 394 395 396 397 399 400 401 402 404 407 408 409 410 411 412 417
24 340 343 345 346 349 352 363 372 373 377 381 384 387 390 396 398 399 400 404 405 407 413 414 417
46 340 344 345 346 348 349 351 353 354 356 358 360 367 368 370 372 373 374 375 376 379 380 381 382 384 386 387 389 394 396 397 400 401 403 404 405 406 407 408 409 410 412 413 414 415 416
48 340 341 342 345 346 347 348 351 352 353 354 355 357 358 360 361 362 364 366 367 369 370 372 379 380 382 383 384 385 387 388 389 390 391 392 396 399 400 401 402 403 405 406 407 413 414 416 417
47 340 341 342 344 345 348 351 354 356 358 359 361 362 365 366 367 369 371 372 374 375 376 377 378 381 382 384 386 388 393 395 396 397 398 399 400 403 404 405 406 407 408 409 411 412 415 416
31 340 341 342 344 345 346 347 348 351 356 357 358 365 367 370 371 375 381 384 394 397 398 399 400 402 403 408 411 412 416 417
42 341 342 343 344 345 348 350 351 354 356 357 358 359 360 361 363 368 371 374 376 379 380 382 384 385 387 388 389 391 393 395 396 399 400 403 404 407 409 412 414 416 417
50 340 341 342 345 347 348 350 351 354 355 356 360 361 363 364 365 366 368 370 372 373 374 378 380 381 385 386 387 388 389 390 391 393 395 397 399 400 401 402 403 404 408 409 410 411 412 413 414 415 417
41 340 344 345 346 349 350 352 353 354 356 358 359 360 361 363 366 369 370 371 372 374 375 376 377 378 383 385 386 388 391 392 394 395 397 402 403 404 405 406 411 415
53 340 341 342 343 344 345 346 348 349 350 351 353 354 355 358 360 363 364 366 369 371 373 374 378 380 381 383 385 386 387 388 389 390 391 392 394 395 397 398 401 402 403 404 406 407 408 409 410 411 414 415 416 417
35 340 342 343 344 346 349 350 353 356 357 358 362 364 365 366 368 371 376 377 378 380 382 383 385 386 388 390 391 399 400 402 404 412 414 416
49 340 342 343 344 346 348 350 351 352 354 355 357 359 360 364 366 367 368 370 371 375 376 377 378 380 381 382 383 386 387 388 390 392 394 395 396 397 398 400 402 403 405 406 407 412 413 414 415 417
47 340 342 343 345 346 347 348 350 352 353 354 355 356 358 359 361 362 363 364 365 368 369 371 372 374 375 376 381 382 383 384 385 386 388 389 391 394 395 396 400 402 405 406 408 412 413 414
29 341 346 347 350 356 357 360 361 362 363 364 365 366 367 372 374 384 391 394 398 400 401 402 405 406 411 412 415 416
46 341 343 344 346 347 348 349 350 352 353 354 359 363 366 367 368 371 373 374 376 377 378 379 380 381 383 385 387 388 389 390 391 392 394 395 397 401 403 407 408 411 412 413 414 415 416
49 341 342 344 349 350 352 353 354 355 356 357 358 359 360 361 362 363 364 365 366 367 369 372 375 376 379 380 382 383 384 386 387 389 390 391 393 394 396 397 398 401 406 407 408 409 411 412 414 415
26 340 341 344 347 349 350 356 358 360 363 365 367 373 374 375 381 390 392 394 395 399 408 411 412 415 417
34 340 344 347 349 355 356 358 360 361 363 366 367 368 370 371 373 374 381 382 388 389 390 391 393 394 397 398 399 401 403 405 410 414 416
28 342 343 344 345 346 350 352 353 359 360 371 374 379 384 385 386 387 390 391 394 399 401 404 410 411 413 414 415
28 340 343 347 348 352 358 360 363 364 365 366 367 373 377 380 382 385 388 389 391 393 396 397 401 405 406 407 410
26 342 345 346 347 349 364 366 367 370 371 373 382 389 390 391 394 396 397 401 402 404 405 406 407 408 416
29 341 343 349 356 360 362 364 366 368 369 370 371 373 378 382 384 389 391 394 395 396 397 401 406 407 408 409 412 414
30 341 342 343 345 348 350 355 357 360 363 367 369 373 375 379 380 381 382 383 388 391 392 393 394 395 398 401 405 409 410
44 341 342 343 344 346 347 348 352 354 355 356 361 365 366 369 370 373 374 375 376 378 381 383 384 385 386 387 388 389 392 394 397 398 399 402 403 404 406 409 410 412 413 416 417
28 340 343 345 349 352 354 355 356 362 366 367 369 375 376 385 389 392 394 395 399 400 402 407 410 411 414 415 417
51 340 342 343 344 346 347 348 349 351 353 354 355 356 358 359 365 366 367 368 369 370 371 373 374 376 377 380 385 386 387 388 389 390 391 392 393 396 397 398 399 402 403 404 406 408 409 410 413 414 415 416
24 344 352 353 357 359 360 363 373 374 377 379 383 388 396 398 399 400 401 402 403 405 409 416 417
54 341 342 343 345 346 347 351 352 353 355 356 357 358 360 361 362 363 364 365 366 367 368 369 370 371 373 374 375 377 378 379 380 381 382 384 385 387 391 392 393 394 395 399 401 402 404 405 407 409 410 412 414 415 416
33 342 343 345 347 348 350 355 360 361 362 364 372 375 376 378 380 387 389 391 392 393 395 398 399 400 402 403 405 408 414 415 416 417
37 340 341 343 344 345 348 349 350 351 358 359 360 361 362 363 365 367 368 369 370 374 376 377 379 384 386 389 391 393 397 398 400 408 409 410 411 415
34 344 346 347 352 353 354 358 362 363 366 368 374 375 376 379 380 382 383 384 386 388 389 390 392 395 397 399 400 401 402 409 410 413 417
51 340 342 344 348 349 351 352 354 355 356 357 358 360 362 363 364 366 367 370 371 372 373 376 377 378 379 380 381 382 385 388 390 391 393 394 395 396 399 400 401 402 403 404 407 409 410 411 412 413 414 415
26 348 351 357 358 361 368 370 371 372 375 376 382 387 388 391 392 396 398 399 400 401 405 406 407 408 410
38 341 347 349 351 355 356 360 361 362 363 365 366 367 371 372 373 374 375 376 377 378 379 380 382 383 386 389 392 397 400 403 405 406 407 409 410 412 416
46 340 341 342 343 344 345 346 347 348 349 350 351 353 355 360 362 365 368 370 373 374 378 381 382 383 384 385 386 387 388 389 390 392 393 395 396 397 403 404 405 406 407 410 411 415 417
52 340 341 342 345 346 347 348 349 350 352 355 357 358 359 360 362 364 367 368 369 370 371 372 373 374 375 376 379 380 381 382 385 386 387 388 390 391 392 394 397 398 401 402 403 404 407 408 410 411 412 413 414
28 343 345 348 351 355 361 364 366 367 375 377 378 380 384 388 389 390 391 392 393 395 401 403 405 406 408 416 417
36 341 342 343 344 346 348 352 353 356 357 360 362 363 364 366 367 370 374 375 377 378 380 381 385 387 389 392 394 396 397 401 402 405 406 409 416
38 340 341 343 344 348 349 350 352 356 358 359 360 361 364 367 368 370 374 375 376 379 381 388 390 391 392 394 396 398 402 403 406 408 411 412 415 416 417
27 343 344 345 346 347 352 354 361 363 365 366 370 371 372 378 380 382 387 392 400 404 406 407 408 409 413 415
32 340 341 344 347 352 356 358 363 365 367 369 370 371 374 375 376 380 382 384 388 390 392 394 395 398 402 403 408 410 411 412 413
25 340 341 347 349 354 361 366 370 371 375 378 380 381 385 390 392 399 403 404 405 407 408 410 411 415
51 340 342 343 345 347 348 352 353 354 356 357 358 359 361 362 363 365 368 369 370 371 372 373 374 375 376 378 380 382 383 385 387 388 391 393 395 398 400 402 403 404 405 406 408 409 410 411 412 413 416 417
36 342 343 344 345 348 349 350 351 353 354 357 358 359 360 362 364 365 370 371 373 374 375 378 379 384 385 387 389 391 392 396 399 403 413 414 417
42 343 344 345 346 347 348 354 355 356 358 360 364 368 370 373 375 376 378 380 381 382 386 388 389 390 391 392 393 396 397 399 400 402 403 404 405 408 410 412 413 416 417
28 343 344 346 347 350 356 358 363 368 371 372 373 378 381 384 386 388 390 394 400 401 403 404 406 408 411 415 416
47 340 341 342 343 344 345 349 351 352 357 360 362 363 368 369 370 371 372 373 379 380 381 382 384 386 388 389 391 392 393 394 395 396 397 398 401 402 403 405 406 409 410 412 413 415 416 417
46 340 342 343 345 347 348 351 352 353 355 357 358 359 361 362 367 368 371 373 374 375 377 379 380 384 385 386 387 389 390 392 393 395 396 397 398 399 400 401 403 408 409 410 413 415 417
44 340 341 345 347 348 349 350 351 353 354 358 359 360 365 366 368 369 370 371 373 375 376 378 379 380 381 382 385 389 391 393 394 397 398 401 402 404 405 410 411 413 414 415 417
41 341 342 345 346 347 348 349 353 358 359 360 362 363 368 370 377 379 382 383 384 386 390 393 394 396 398 400 401 402 404 405 407 408 409 410 411 412 413 414 415 417
47 343 344 345 346 348 350 351 353 354 355 356 358 360 361 364 367 368 369 370 371 372 374 376 377 380 381 384 389 391 392 393 395 396 397 398 399 400 401 402 403 404 408 409 412 413 415 416
47 340 341 343 344 345 346 347 350 353 354 355 358 362 363 365 366 367 371 372 373 374 375 377 379 380 381 382 383 384 385 389 391 393 395 396 397 399 400 402 403 404 406 408 409 413 415 416
30 341 342 346 347 349 354 359 360 363 364 367 369 371 374 375 376 382 383 387 390 391 393 395 396 398 399 410 413 416 417
26 340 341 343 345 347 354 355 363 365 366 368 371 374 381 384 389 390 395 396 400 404 409 411 412 415 417
33 340 344 346 347 348 349 354 355 356 357 358 362 363 364 366 372 374 378 379 381 393 394 398 399 400 402 403 404 405 407 408 409 410
48 340 341 343 344 347 348 349 352 353 354 357 358 359 361 364 365 366 367 370 372 374 375 379 380 381 382 384 386 387 389 390 391 392 395 396 397 399 402 403 404 406 407 409 411 412 413 414 415
53 342 343 344 347 348 351 352 353 354 355 356 357 358 359 360 361 363 364 366 367 369 371 372 375 376 377 379 380 381 382 384 385 386 387 388 391 392 393 395 397 398 399 402 403 404 406 407 408 410 411 412 414 415
53 342 343 344 346 348 349 350 352 353 355 356 357 359 360 363 364 366 367 368 370 371 372 374 375 376 378 379 380 381 382 383 384 385 386 388 392 393 394 395 397 400 402 403 404 408 409 410 411 412 413 414 415 417
39 341 342 346 348 349 351 352 353 354 356 359 361 363 367 369 371 372 377 378 379 381 383 385 388 390 394 395 396 400 402 403 405 408 411 413 414 415 416 417
53 340 341 342 343 345 347 349 350 352 354 355 356 357 360 361 362 363 365 367 368 370 371 372 373 374 375 376 377 378 379 380 381 382 383 384 389 390 391 392 393 394 397 398 399 404 405 406 407 412 413 414 415 416
46 341 343 344 345 346 347 348 351 352 353 354 355 356 357 358 359 360 362 367 368 369 371 374 375 377 379 381 383 384 388 389 392 393 394 396 397 398 399 402 404 405 407 408 412 414 417
27 342 344 349 351 353 359 361 363 364 369 372 376 379 381 383 384 385 387 390 392 398 401 403 404 406 407 408
46 341 342 346 348 349 350 352 353 354 355 358 359 360 361 363 364 365 367 369 370 371 373 377 379 384 385 386 387 388 391 392 393 395 396 397 398 399 400 403 404 405 407 408 410 415 416
31 342 346 347 350 351 352 355 356 357 363 364 367 369 372 374 376 381 383 387 390 393 396 397 405 407 410 412 413 415 416 417
41 340 341 342 344 349 351 353 355 356 357 359 360 362 363 364 365 370 371 372 373 374 378 382 383 384 386 387 388 390 391 392 397 400 401 402 403 405 407 412 415 417
28 341 345 347 348 349 352 357 359 364 365 366 368 371 374 378 379 382 389 394 396 398 400 403 404 405 407 411 415
40 343 345 348 349 351 352 354 356 358 359 361 362 365 366 367 369 371 372 374 375 380 382 384 385 386 387 389 390 391 393 399 400 401 404 406 407 408 409 412 413
31 340 346 347 349 355 357 358 361 363 366 368 371 372 375 378 379 385 387 391 393 394 395 397 400 404 408 409 410 412 415 416
46 340 341 342 345 347 349 351 352 353 354 355 356 358 361 363 366 369 371 373 374 375 376 377 378 381 382 384 385 387 389 390 392 396 398 401 402 405 406 408 409 410 412 413 414 415 417
49 340 341 343 345 346 348 349 353 354 356 357 358 359 361 363 364 367 369 371 372 373 374 376 377 378 380 381 382 386 387 388 390 391 392 393 395 396 397 399 400 401 403 405 406 408 409 411 413 417
27 341 342 343 345 346 350 351 354 356 359 361 363 367 368 369 374 384 387 392 393 394 397 399 401 406 412 413
41 340 342 343 344 345 346 347 348 349 353 354 355 362 363 364 368 374 376 377 378 379 380 382 383 386 389 394 395 396 399 400 402 403 404 405 409 411 413 414 415 416
32 340 345 348 349 351 352 353 354 355 357 358 367 369 373 374 375 380 385 386 391 393 400 401 403 405 406 409 410 411 414 416 417
33 340 344 347 349 351 352 354 360 361 363 368 369 374 376 377 378 381 382 384 386 387 389 392 393 398 401 407 409 411 412 413 414 417
30 340 346 353 355 357 358 359 361 362 365 368 372 376 378 381 383 389 394 398 399 402 403 405 407 409 410 412 413 415 416
23 340 341 342 345 357 358 361 363 364 369 370 375 378 386 388 390 393 397 398 409 410 415 417
42 341 343 345 346 349 351 354 355 356 358 361 363 364 366 367 370 372 373 375 379 380 381 383 384 385 387 389 391 394 396 397 398 401 403 404 405 406 407 410 413 415 416
49 340 342 344 346 347 349 350 351 352 355 356 357 360 363 365 366 367 368 369 370 375 376 377 378 379 380 381 383 387 389 391 392 394 396 397 398 399 400 401 402 404 405 407 408 412 413 415 416 417
52 340 344 346 347 348 349 351 352 353 355 356 357 358 361 362 363 366 367 369 370 371 372 374 375 377 378 379 380 383 384 386 387 389 390 391 392 394 396 397 399 400 401 402 404 406 407 409 412 413 414 415 416
54 340 341 342 343 345 349 350 352 353 354 355 358 360 363 364 365 366 368 369 370 371 372 373 374 379 381 382 383 384 385 387 388 391 394 395 396 397 398 399 400 401 403 404 405 406 407 408 410 411 412 413 414 416 417
52 340 342 343 344 345 346 347 349 351 352 354 355 357 358 359 360 361 364 367 369 370 371 372 374 375 376 378 379 380 381 385 388 391 392 393 394 396 397 398 400 401 402 403 404 405 406 407 408 412 414 415 416
34 340 348 352 354 355 356 357 360 364 365 366 367 369 372 374 375 380 385 389 393 394 395 397 398 401 402 405 408 410 411 412 413 414 417
45 340 342 347 348 349 350 351 352 354 355 357 361 362 363 365 368 370 371 372 373 374 375 376 379 380 381 382 383 385 387 390 391 392 395 396 400 401 404 406 407 409 410 412 414 417
42 340 342 343 344 345 347 350 353 355 358 360 365 366 367 368 369 371 372 374 376 377 378 381 382 385 386 389 390 394 395 396 397 398 401 403 404 408 410 411 412 413 415
37 343 345 346 347 348 350 351 354 355 357 359 360 362 366 369 372 373 374 377 380 381 382 384 385 387 391 393 395 398 400 401 403 404 410 411 413 414
40 340 341 342 343 344 346 347 351 353 354 355 356 359 360 361 364 366 368 370 372 374 377 380 381 382 384 385 386 390 392 394 395 399 401 403 404 408 409 412 415
43 340 343 345 346 347 349 350 351 357 359 360 361 364 367 368 369 370 371 372 374 376 377 378 379 380 384 386 388 389 392 393 395 397 398 400 401 402 403 404 408 409 410 412
49 340 341 343 344 345 347 348 349 351 352 356 357 359 361 362 364 366 368 369 370 372 373 374 375 376 378 379 381 384 386 388 389 390 395 396 397 398 400 402 403 404 405 406 411 412 414 415 416 417
29 344 346 347 349 352 353 356 357 361 367 369 370 372 374 380 382 383 386 387 390 392 395 396 401 403 405 408 411 412
46 341 342 343 344 345 349 354 355 356 357 358 359 360 362 363 366 367 368 369 374 375 377 380 381 388 389 390 391 392 393 395 396 398 400 401 402 403 404 405 406 409 412 414 415 416 417
31 340 341 343 345 346 349 353 354 356 357 358 359 362 366 367 370 372 378 379 380 382 386 390 394 398 400 403 405 410 412 414
33 340 342 344 347 349 350 352 355 356 357 358 361 362 363 367 368 369 376 378 380 383 384 390 392 393 394 395 399 400 402 405 406 414
47 342 344 345 346 348 349 352 353 355 356 360 361 363 364 365 366 370 372 373 374 375 376 378 380 381 382 383 385 388 391 392 393 394 395 396 397 398 399 400 405 407 408 409 411 412 413 417
24 340 344 351 354 355 359 362 363 364 368 369 370 373 375 377 379 380 381 390 392 395 398 399 415
35 340 341 342 343 345 349 350 351 352 353 355 362 366 368 369 374 375 377 378 379 387 389 390 391 396 401 402 407 410 411 412 413 414 415 417
25 344 351 354 365 371 373 375 376 377 379 380 385 389 393 395 403 404 406 407 409 410 412 413 414 417
40 340 343 345 348 349 351 352 353 354 363 364 366 367 369 374 375 376 377 378 379 380 383 385 387 388 389 390 391 393 395 397 398 399 400 402 403 409 410 411 417
25 347 357 361 366 367 368 370 371 376 381 384 386 387 388 389 391 394 395 400 403 405 408 411 412 416
46 340 341 344 348 349 352 353 355 359 363 365 366 367 368 371 373 374 375 376 377 380 381 383 384 387 389 390 391 393 394 396 397 398 399 400 401 402 403 404 407 408 409 411 413 414 417
28 340 341 342 353 354 357 364 369 370 373 375 380 383 386 387 388 389 390 392 397 400 402 403 406 413 414 416 417
49 340 341 342 344 346 347 349 350 351 352 353 354 359 360 361 362 364 365 366 367 368 369 371 372 375 377 384 385 386 387 389 390 394 396 397 398 400 402 403 405 406 408 409 410 411 412 413 414 416
50 340 342 343 344 345 347 348 349 351 353 354 356 358 360 365 366 367 369 370 371 375 377 380 381 382 383 384 386 389 390 391 392 393 394 395 396 397 398 401 402 404 407 408 409 410 411 413 414 415 417
39 340 341 342 343 345 346 347 349 351 353 356 358 360 363 365 368 370 376 377 378 381 386 388 389 391 393 395 396 397 402 403 404 406 407 408 409 410 416 417
43 342 349 350 351 352 354 356 357 358 359 360 361 363 364 365 366 369 370 371 374 375 378 379 381 382 383 386 388 390 391 394 396 402 403 405 408 409 411 412 414 415 416 417
26 340 341 342 346 347 349 357 358 359 371 372 374 379 384 387 388 391 392 395 405 406 409 412 413 414 415
40 340 342 345 347 350 352 353 355 356 358 363 370 372 373 374 376 377 378 380 381 382 384 385 388 390 391 392 393 396 397 398 403 404 405 407 408 410 411 413 414
45 342 343 347 348 349 350 351 353 354 357 359 361 364 365 366 368 371 372 375 376 377 380 383 384 386 388 390 391 393 394 395 397 399 402 403 404 405 409 410 411 412 413 414 415 417
51 340 342 343 344 345 346 348 349 350 351 353 355 356 357 358 359 360 364 365 366 367 369 370 372 373 375 376 378 379 380 381 382 383 384 387 389 391 392 394 401 402 403 404 405 407 408 409 412 414 415 416
54 340 343 344 347 348 349 350 352 353 354 355 357 359 360 361 362 363 364 368 370 372 373 374 375 377 378 379 380 384 385 386 387 388 390 392 393 394 395 396 398 399 400 404 405 406 407 409 410 411 412 413 415 416 417
41 341 343 345 346 347 349 350 351 352 353 356 357 360 366 368 369 370 371 373 374 375 377 379 380 381 382 383 384 388 389 394 395 396 398 400 404 406 407 408 409 416
6 420 421 424 431 438 441
13 418 419 422 425 426 428 429 432 433 436 437 439 440
7 418 421 428 431 433 440 441
8 422 426 429 430 432 435 437 439
8 418 420 426 427 428 429 433 435
10 419 422 425 429 431 434 436 437 439 441
2 424 426
6 425 430 433 434 438 441
7 420 422 424 429 432 433 435
6 422 424 425 426 427 431
5 420 427 428 429 435
6 424 425 429 430 432 440
3 423 433 437
10 418 423 429 430 432 434 435 436 438 440
7 419 421 424 425 436 439 440
7 419 424 426 432 433 434 436
4 421 433 438 439
15 418 420 421 422 423 424 426 428 430 431 436 437 438 440 441
12 418 421 422 423 428 430 431 435 437 439 440 441
10 419 420 421 422 423 426 430 433 436 441
8 418 424 425 432 434 438 440 441
10 421 423 429 431 433 436 437 438 439 440
10 419 423 425 429 431 432 435 436 440 441
12 418 419 420 426 427 428 429 431 432 435 436 441
3 420 421 440
7 418 424 429 432 438 439 440
8 418 423 426 431 432 434 438 439
11 421 422 426 428 429 433 434 437 438 439 441
5 422 425 433 434 436
8 421 423 428 430 434 436 438 440
1 419
5 423 427 430 434 435
6 418 422 426 434 438 439
8 423 428 429 430 433 435 436 440
12 421 422 423 424 425 430 433 434 437 438 439 440
7 418 422 429 430 435 436 437
7 421 424 426 428 431 432 441
7 419 420 423 425 429 432 437
4 420 427 428 432
8 418 425 426 427 431 437 439 441
5 419 421 423 426 428
8 418 420 421 433 434 437 438 439
5 419 422 423 436 439
9 419 422 423 427 429 431 432 436 439
8 419 420 421 428 433 437 439 441
10 418 423 424 427 429 431 432 435 439 441
8 420 428 430 433 435 436 437 441
8 419 421 422 424 425 427 429 440
7 425 427 428 431 434 435 437
7 418 422 424 433 436 438 440
6 418 419 421 432 434 437
8 419 420 422 423 425 427 429 440
9 418 419 422 423 427 429 434 436 440
9 419 425 427 429 432 433 434 435 439
9 418 420 421 424 426 428 435 437 440
5 424 428 434 437 439
12 420 424 425 430 433 434 435 437 438 439 440 441
4 422 427 428 430
4 420 424 428 440
13 421 422 425 426 427 429 430 431 433 434 435 438 439
9 419 420 423 424 425 427 434 436 438
10 420 422 424 425 426 427 431 438 439 441
10 418 419 422 424 425 426 430 434 435 441
9 422 423 430 431 432 434 437 438 441
9 419 420 421 427 428 431 435 436 441
6 419 426 428 430 437 438
5 420 425 427 429 438
10 421 426 427 428 430 431 434 435 439 441
8 420 425 430 433 435 437 438 439
11 418 419 420 423 424 428 432 436 437 440 441
9 419 423 425 426 427 431 432 434 441
13 418 419 420 423 424 425 427 430 431 432 435 436 440
7 418 422 427 429 431 432 436
6 421 426 430 431 433 437
14 418 420 421 423 424 426 427 428 430 432 433 435 438 440
7 426 430 431 433 436 438 441
4 418 421 432 435
4 421 426 433 437
5 421 424 425 436 439
9 418 421 423 428 430 431 435 439 441
4 420 426 428 433
5 426 430 433 438 441
5 418 424 436 438 440
6 419 423 427 431 432 441
5 418 424 432 438 440
5 425 427 431 435 437
8 418 423 430 432 434 435 436 440
6 418 420 421 433 434 439
4 430 433 434 441
5 421 426 427 430 441
9 418 420 426 427 428 431 432 435 436
7 418 424 426 427 435 438 440
7 421 428 430 431 434 435 439
6 418 425 432 438 440 441
5 422 429 430 432 439
4 420 435 437 438
5 428 434 436 438 440
6 419 423 424 425 434 436
6 421 423 425 433 437 438
4 428 429 430 433
5 423 427 429 434 436
5 420 424 431 438 441
7 418 419 423 424 430 431 432
3 426 433 437
4 431 433 440 441
2 420 427
5 419 420 428 431 435
7 418 419 422 424 426 430 441
9 418 420 423 424 432 436 437 440 441
4 418 419 421 434
4 420 425 432 437
3 425 430 438
3 418 433 440
4 423 427 430 435
5 418 419 422 427 436
3 433 434 438
3 420 429 435
2 418 435
5 421 424 426 435 440
3 420 427 435
3 424 428 434
2 420 421
4 424 426 427 431
7 419 422 424 425 426 430 435
3 421 431 438
5 425 427 428 435 437
6 418 422 427 429 432 436
2 423 428
5 423 428 430 433 440
3 419 423 439
7 419 425 429 431 434 439 441
8 418 420 423 424 427 430 432 436
7 419 420 423 424 425 436 438
10 421 426 427 429 430 433 434 435 438 439
2 420 424
2 423 437
3 422 434 436
3 427 430 434
1 426
2 419 423
6 419 420 422 423 430 436
1 424
4 433 435 436 440
2 432 435
3 424 428 440
4 421 427 436 441
7 420 428 430 433 435 437 441
2 427 428
6 418 420 427 429 433 435
4 420 427 429 435
3 422 433 434
4 424 429 433 435
4 419 420 421 436
7 422 428 431 435 437 439 441
3 425 428 434
3 428 431 435
1 421
3 438 439 440
1 426
4 420 433 434 438
6 419 427 429 432 436 439
5 422 430 434 438 441
6 420 421 433 434 437 439
6 421 422 425 426 431 435
8 418 429 432 434 435 436 438 440
5 419 428 430 437 438
5 418 422 430 435 436
4 419 421 433 439
4 426 431 433 438
6 423 430 431 439 440 441
5 418 421 434 437 439
9 418 419 423 428 432 436 437 440 441
4 424 429 432 440
2 428 435
7 420 424 425 426 431 439 441
5 418 420 426 428 435
4 422 426 438 439
3 423 427 435
6 422 425 434 437 438 439
6 418 423 431 434 438 439
3 421 426 433
2 420 421
3 422 426 434
6 421 426 428 430 434 441
9 419 423 424 425 427 431 432 436 440
3 424 427 431
4 421 431 438 441
6 421 422 424 425 429 440
5 424 429 438 439 440
4 420 427 434 436
10 418 422 425 426 428 432 433 436 437 440
3 420 427 429
3 422 434 438
4 421 425 439 440
6 422 423 427 431 436 439
6 418 420 426 429 433 435
7 418 419 420 425 430 432 440
7 419 425 429 432 435 440 441
4 421 426 431 432
9 418 421 423 427 428 430 432 433 440
4 420 424 432 433
7 420 430 433 435 436 437 441
3 419 422 436
6 424 425 432 434 438 440
3 427 430 435
7 418 423 429 431 432 439 441
4 424 431 438 441
5 422 429 431 432 436
5 419 424 436 439 440
4 420 426 427 435
6 418 420 433 437 438 439
1 433
5 420 433 434 438 439
3 420 424 428
5 422 425 434 436 441
3 424 426 431
5 419 420 428 437 439
4 421 431 440 441
3 418 422 437
5 424 427 429 435 439
4 426 428 432 441
4 422 424 427 431
2 422 433
3 422 424 427
3 420 424 428
5 418 433 436 438 440
3 423 427 430
5 423 429 430 438 440
5 419 427 429 431 439
5 418 426 431 438 439
6 419 426 430 433 436 441
5 421 427 428 435 436
4 424 432 438 440
5 428 429 435 436 440
4 431 433 436 441
4 422 424 427 431
4 426 435 437 439
8 419 425 429 431 432 435 436 441
5 421 428 434 436 440
5 418 425 431 439 441
8 418 421 422 428 430 439 440 441
4 427 431 432 436
3 434 438 441
4 418 419 434 437
5 418 423 436 437 440
4 422 433 436 438
3 419 424 436
2 420 427
7 420 430 433 438 439 440 441
6 419 429 431 432 435 441
4 419 423 425 440
3 419 421 426
3 418 419 421
5 419 420 423 425 429
7 419 423 425 431 432 434 441
2 420 440
4 419 426 433 436
5 418 419 424 426 430
4 419 421 425 440
5 418 423 431 432 438
3 423 436 439
7 418 423 431 432 434 438 439
8 418 427 429 431 432 435 439 441
5 421 423 430 436 438
3 424 426 432
2 422 430
4 418 433 437 438
3 420 427 428
5 418 423 427 431 432
6 419 423 426 431 434 441
5 424 425 426 427 431
6 419 421 422 424 425 429
8 423 425 429 431 432 435 436 440
5 428 430 433 436 440
8 422 426 428 433 434 438 439 441
7 418 429 430 432 434 435 438
2 428 437
5 423 429 430 435 440
7 418 423 424 427 430 431 435
5 427 431 432 435 439
1 421
2 438 439
11 421 422 426 427 430 431 433 434 435 438 439
9 421 423 428 430 431 435 437 440 441
3 419 425 436
5 425 428 431 435 437
2 423 437
2 422 427
2 422 436
6 419 420 421 422 430 441
2 430 435
2 420 428
4 426 431 436 438
4 418 424 433 440
8 420 422 425 427 431 438 439 441
7 425 429 431 434 436 437 439
5 418 429 432 435 436
4 421 431 433 437
6 419 421 422 423 430 433
4 427 428 429 435
7 419 425 427 429 433 434 435
6 421 431 434 435 439 441
3 421 436 439
3 422 424 426
5 424 432 433 434 436
4 422 423 436 439
6 419 426 432 433 434 436
6 418 420 423 432 436 440
6 420 424 429 432 433 435
7 422 425 431 434 436 437 439
5 419 423 431 434 441
11 418 420 423 425 427 430 431 432 435 436 440
4 429 430 436 440
4 421 424 438 441
5 426 427 431 434 439
2 424 428
7 418 420 426 427 429 432 436
3 428 434 439
3 419 420 425
4 424 426 428 441
4 418 431 433 440
4 424 429 433 435
4 425 430 433 438
6 420 423 424 427 436 438
6 418 421 433 434 437 438
3 425 426 431
4 422 429 430 435
2 422 436
6 418 419 429 434 436 440
8 421 422 433 434 437 438 439 441
2 433 437
5 420 422 425 426 431
4 420 427 429 435
7 420 428 430 433 435 437 441
5 423 426 431 432 439
10 418 426 428 429 432 433 436 437 439 440
5 422 432 434 437 441
7 419 425 429 432 433 434 435
2 428 430
10 418 421 424 426 427 428 430 432 435 440
6 422 423 430 431 437 438
3 423 427 434
3 428 437 439
2 421 439
6 418 424 425 432 434 440
4 418 422 438 439
8 420 422 424 426 427 431 438 439
6 418 419 420 431 436 441
3 433 434 436
4 418 427 437 441
9 418 421 422 424 428 437 438 440 441
2 421 438
4 423 427 434 435
2 418 432
6 426 430 431 433 436 438
5 421 427 428 431 435
3 424 425 440
5 425 430 435 437 438
2 424 428
8 422 423 430 431 432 437 438 441
7 419 429 431 434 436 437 439
3 419 422 436
5 419 420 423 429 432
1 437
5 420 430 433 435 441
3 418 429 436
4 418 427 428 433
6 423 429 432 434 438 440
2 434 436
3 420 427 438
6 424 425 432 434 438 440
3 424 432 441
5 423 426 431 432 439
9 420 421 422 424 425 426 427 430 441
15 418 419 422 424 426 427 428 431 432 433 434 435 437 439 440
15 418 420 422 423 425 426 427 429 431 434 435 436 437 440 441
16 418 419 422 423 424 426 428 429 431 434 435 436 437 438 440 441
11 418 419 420 422 426 429 431 436 437 438 441
14 418 420 421 422 423 425 427 428 429 434 435 438 439 440
15 418 424 425 426 427 428 430 431 432 433 434 436 439 440 441
9 418 420 421 426 427 428 433 434 439
16 418 419 420 421 422 423 425 426 427 429 430 431 435 436 440 441
13 418 422 427 428 429 430 432 433 434 436 437 439 441
11 421 422 423 425 426 428 430 434 435 436 439
12 418 419 420 421 425 427 428 434 435 436 438 441
10 418 425 426 429 431 432 433 437 438 440
13 418 420 421 422 423 429 431 432 433 434 435 436 441
9 418 427 428 433 435 436 438 439 440
15 418 419 420 421 425 427 429 430 431 432 433 434 435 436 437
12 418 421 424 425 426 428 431 433 436 437 438 440
13 418 419 420 423 425 426 427 428 430 431 432 433 439
11 421 422 423 424 425 431 434 435 437 438 441
11 418 422 423 425 426 428 430 432 436 439 441
11 420 421 422 423 424 430 431 434 437 439 441
13 418 420 421 422 428 430 431 434 435 437 438 440 441
7 421 427 430 432 433 436 438
12 418 421 425 427 428 429 430 431 433 434 436 440
9 422 423 424 431 433 437 438 439 440
14 419 421 422 424 425 426 427 428 429 432 434 437 438 440
12 419 420 425 426 427 428 430 435 437 438 439 440
14 418 419 420 422 423 424 425 426 431 433 434 438 440 441
15 418 419 420 421 424 428 429 430 432 433 434 436 438 440 441
13 418 419 420 422 424 425 426 430 431 432 433 434 440
12 420 422 423 426 429 431 434 435 436 437 440 441
12 418 422 425 427 428 430 431 433 435 436 439 441
8 418 425 428 429 434 435 436 440
13 418 419 422 425 426 428 429 432 433 435 437 438 441
7 418 421 422 428 429 435 441
8 419 423 430 432 433 435 437 441
12 419 421 423 424 425 426 433 435 436 438 439 440
7 419 420 427 428 429 432 438
11 418 421 423 425 427 429 430 433 434 435 438
8 419 421 423 426 427 428 435 438
10 422 423 424 425 429 430 435 437 438 441
7 420 421 423 428 432 433 436
9 419 426 428 429 430 433 435 438 439
13 418 421 423 425 427 429 430 431 433 434 436 437 439
7 422 424 427 428 433 436 438
11 418 419 423 426 427 428 430 431 432 439 441
9 421 425 427 430 431 433 434 438 440
9 418 420 422 426 429 431 435 437 439
12 419 420 421 422 423 424 430 433 436 437 439 440
16 418 419 420 421 422 423 424 426 427 430 431 432 433 434 439 440
15 422 423 424 425 426 427 428 429 430 431 434 438 439 440 441
8 426 427 432 433 434 435 440 441
13 418 419 421 424 426 429 430 431 432 433 438 440 441
10 419 421 430 431 432 434 435 437 438 440
16 419 420 421 423 424 425 426 427 429 430 431 432 434 435 438 441
7 420 423 424 426 428 432 436
16 418 419 420 421 423 424 427 428 429 431 432 433 434 435 439 440
10 418 421 424 428 429 431 433 439 440 441
13 418 421 423 425 426 427 430 431 432 434 436 438 441
12 418 419 421 422 423 426 430 431 432 433 438 439
10 418 419 420 422 424 426 434 438 439 441
15 419 422 423 424 426 428 430 431 432 433 435 436 438 440 441
13 418 419 421 423 426 427 430 431 432 435 439 440 441
8 418 420 421 422 424 432 436 438
10 418 422 423 425 429 432 433 436 439 440
9 418 420 429 431 432 433 436 437 441
7 425 430 432 434 439 440 441
7 418 423 425 427 434 435 439
13 420 421 422 423 425 426 428 429 432 433 435 436 439
14 418 419 422 423 425 426 427 430 433 434 435 437 438 441
16 420 421 423 425 427 428 431 432 433 434 435 436 437 438 439 440
13 419 421 422 425 427 429 432 433 434 436 437 439 440
7 422 424 429 432 433 437 438
16 419 420 421 422 423 424 426 428 430 432 436 437 438 439 440 441
10 419 421 425 429 430 433 436 438 439 441
9 423 424 427 429 431 432 433 434 439
15 420 421 423 425 426 428 429 430 431 433 434 435 438 440 441
8 419 422 423 425 428 431 434 436
8 418 419 420 428 429 432 438 439
14 419 421 423 424 427 428 429 433 434 435 437 439 440 441
8 419 422 425 426 427 435 437 441
14 418 420 422 423 424 426 427 428 429 436 437 438 440 441
9 420 421 422 426 428 437 439 440 441
11 418 420 421 422 423 424 429 436 438 439 440
13 420 422 423 426 430 431 432 434 436 437 439 440 441
8 418 419 428 432 433 434 438 440
15 418 419 420 421 426 427 430 431 432 433 435 436 438 440 441
14 418 419 424 425 426 427 429 430 431 433 435 436 440 441
15 419 420 422 425 426 427 429 430 431 432 434 435 438 439 441
16 418 419 420 421 423 424 425 428 431 433 434 435 437 438 439 441
12 418 420 425 426 427 430 431 436 437 438 439 440
14 421 422 424 425 426 430 432 433 434 435 438 439 440 441
12 419 422 423 424 430 431 432 434 436 437 439 441
13 418 419 420 422 423 424 427 428 430 432 433 434 440
7 419 421 429 433 437 438 440
14 418 421 424 425 427 428 429 430 433 435 436 437 440 441
11 418 421 422 423 424 427 429 431 432 437 439
14 418 419 424 425 426 427 428 430 432 434 437 438 440 441
9 418 419 421 424 425 434 437 438 440
11 418 424 426 429 430 431 433 434 436 439 441
15 419 420 421 422 423 427 429 430 432 433 434 435 436 439 441
15 420 422 427 428 429 430 431 432 433 435 437 438 439 440 441
8 420 422 423 427 431 438 439 440
12 419 421 424 427 430 431 432 433 435 439 440 441
12 418 419 420 424 427 428 429 431 434 437 438 440
12 418 419 421 423 424 426 427 431 434 436 438 439
13 418 420 421 422 423 425 428 430 435 436 437 438 441
15 418 422 423 425 426 427 428 429 430 431 432 436 438 439 441
9 420 421 422 424 433 435 436 439 440
12 421 423 424 426 427 428 430 434 435 439 440 441
11 420 422 423 427 429 431 432 434 436 438 441
8 418 419 424 425 428 434 437 438
12 418 419 420 421 422 423 427 429 431 436 437 438
15 420 421 422 427 429 431 432 433 434 435 436 437 438 439 440
8 418 420 421 426 428 432 433 439
11 418 419 421 422 426 427 430 431 436 437 438
10 422 426 427 431 432 433 434 437 438 441
14 421 423 424 425 429 430 432 434 435 436 438 439 440 441
7 419 424 428 433 434 435 436
9 419 421 422 423 424 427 432 435 440
13 420 421 424 425 429 430 431 432 434 435 437 438 439
14 418 419 420 422 425 426 429 430 433 435 436 439 440 441
13 418 419 420 423 426 428 429 430 432 435 436 437 439
9 418 420 422 424 425 427 434 438 439
15 418 419 422 424 426 427 429 430 431 434 435 437 438 439 441
14 418 420 422 423 426 428 430 431 432 433 437 438 439 440
11 423 424 427 428 429 432 433 434 435 440 441
16 418 419 424 425 426 427 428 429 430 431 432 434 436 438 439 441
12 418 419 423 425 428 430 432 435 437 438 439 441
12 421 423 424 425 428 429 430 431 433 438 439 440
8 421 423 425 427 430 431 437 438
15 418 420 421 423 424 425 427 428 429 431 433 435 436 437 441
12 419 423 425 427 428 431 432 433 435 438 439 440
10 418 426 428 429 430 431 437 439 440 441
12 418 419 420 424 429 434 435 436 437 438 439 441
9 418 420 422 423 428 430 431 432 437
12 419 420 421 427 428 429 430 431 432 434 440 441
9 418 419 420 425 428 433 435 436 437
14 419 423 424 425 426 429 430 431 432 433 434 437 438 440
10 421 423 425 427 432 433 434 435 437 440
15 422 423 424 425 426 427 428 430 431 434 435 436 437 438 440
11 418 419 422 423 431 432 433 434 435 436 438
15 419 420 421 422 424 425 427 428 432 433 434 435 436 437 438
10 418 421 422 424 427 429 431 432 436 438
12 418 420 421 422 427 428 433 434 435 438 440 441
11 418 421 422 424 425 431 432 433 435 437 441
7 421 422 427 428 434 435 441
13 419 421 423 425 426 427 429 430 431 432 433 437 439
16 418 419 422 423 424 425 426 427 428 430 431 432 433 435 438 441
15 418 419 421 423 424 425 426 429 431 432 433 435 436 439 441
7 423 425 426 434 436 438 441
11 419 420 421 422 425 426 427 429 436 438 440
12 418 422 424 425 426 427 428 431 432 434 436 439
15 418 419 420 421 422 423 425 426 429 433 434 436 437 438 440
11 418 419 421 424 425 426 429 430 432 434 437
11 418 424 425 426 427 431 432 434 437 438 441
15 418 420 422 423 426 427 428 431 432 433 435 438 439 440 441
11 423 424 425 427 428 429 431 432 433 435 438
7 424 427 431 432 438 440 441
10 420 422 424 426 428 430 431 434 439 441
8 418 419 429 432 434 435 438 440
14 419 420 421 423 424 427 428 429 430 431 436 437 438 440
13 419 423 424 426 428 430 431 432 436 437 438 440 441
16 419 422 424 425 426 427 428 429 431 432 433 434 435 439 440 441
9 418 419 427 430 431 433 434 435 438
12 419 421 422 424 426 428 430 432 434 435 439 440
14 420 421 422 424 428 431 432 433 434 436 437 438 439 441
10 418 421 424 426 430 431 434 436 438 441
15 418 420 421 424 425 426 428 429 430 431 432 433 434 436 439
9 418 419 420 425 430 432 433 436 437
10 423 425 426 427 430 432 437 438 439 441
16 420 422 424 425 426 427 428 430 431 432 433 435 437 439 440 441
7 418 419 422 423 431 432 441
14 418 419 420 422 423 424 430 431 433 434 435 436 440 441
12 419 420 421 422 423 429 430 431 432 433 434 440
12 419 421 423 424 425 426 431 432 433 437 438 440
11 418 425 427 428 433 435 436 438 439 440 441
10 421 422 424 425 426 429 430 432 436 437
16 418 419 421 422 423 424 425 426 427 430 431 432 435 436 439 441
13 421 422 423 425 426 427 428 429 431 434 435 436 440
16 419 420 421 424 426 427 428 430 432 433 434 435 437 438 439 441
16 418 419 420 421 422 423 425 427 428 430 431 432 434 436 438 439
10 420 423 424 428 430 431 432 437 438 441
10 419 423 425 427 429 430 435 436 438 440
14 419 420 421 422 424 425 428 431 432 433 435 437 440 441
12 418 421 422 423 424 425 426 428 430 432 433 439
9 420 422 425 427 430 431 435 438 441
15 418 419 420 423 425 426 427 428 430 431 433 435 437 438 439
8 420 421 423 424 426 427 434 438
9 420 422 424 428 430 435 437 438 441
7 422 425 428 429 431 434 439
8 418 423 426 427 431 439 440 441
13 421 424 425 426 427 429 430 431 433 436 439 440 441
7 423 424 427 433 434 435 438
11 418 420 421 424 427 431 433 434 437 438 441
9 419 420 421 422 423 427 430 436 438
9 419 420 423 424 429 436 437 440 441
14 418 420 422 423 425 427 428 429 430 434 435 436 437 441
7 418 431 432 435 436 438 440
10 418 419 420 421 423 424 425 427 434 438
12 419 421 424 425 428 430 431 434 435 436 437 438
13 418 419 420 421 422 424 425 428 431 432 433 439 440
12 419 421 422 424 425 427 430 433 435 439 440 441
12 418 419 420 424 426 427 428 430 433 434 439 441
15 418 419 420 421 422 424 425 426 427 429 430 433 434 439 440
14 419 420 423 424 427 428 429 431 432 435 436 438 439 441
11 420 426 427 429 430 431 433 434 435 436 441
14 420 422 423 425 426 427 428 429 431 433 434 436 437 438
14 419 420 422 423 425 426 427 428 429 430 431 432 440 441
15 418 419 421 423 425 427 428 429 430 433 434 435 437 438 441
9 422 424 427 429 430 432 435 437 441
8 420 424 425 429 431 433 437 439
13 419 420 422 423 428 430 434 435 437 438 439 440 441
14 418 420 421 422 423 424 426 427 428 430 435 436 437 438
7 418 422 423 425 431 433 440
13 419 421 422 423 424 425 428 430 432 433 434 438 440
14 418 419 420 421 425 427 428 431 432 433 434 435 437 439
16 418 419 421 422 423 424 426 428 431 432 433 434 435 437 438 441
9 418 423 428 429 430 437 438 439 441
8 420 422 423 426 430 433 437 438
14 418 419 420 421 422 424 425 426 430 431 434 437 439 441
7 419 424 426 427 430 434 437
12 418 422 424 425 431 432 433 434 435 436 437 439
12 418 420 422 426 428 429 431 432 433 434 437 438
13 418 420 422 424 425 426 428 430 432 436 438 440 441
15 419 420 421 422 423 424 428 429 431 433 434 435 436 437 439
10 421 423 424 425 429 430 432 436 439 441
12 420 422 424 425 429 430 435 436 437 439 440 441
14 418 419 421 424 425 428 429 430 431 432 433 436 437 439
13 418 419 427 431 432 433 434 436 437 438 439 440 441
11 418 421 423 424 425 426 428 433 434 438 439
10 418 419 420 423 426 429 430 432 433 440
7 420 421 426 431 433 437 438
14 418 419 420 421 424 425 428 430 431 432 435 437 438 441
8 418 423 432 435 436 437 438 440
9 423 424 426 428 432 433 434 435 436
12 419 421 422 423 427 430 433 434 438 439 440 441
8 418 419 423 424 430 435 438 441
9 421 423 424 430 436 437 438 439 441
9 420 423 424 427 428 431 433 434 441
15 418 419 420 421 422 426 427 428 429 431 432 434 437 439 441
8 420 421 423 427 431 438 440 441
8 421 423 425 426 429 437 439 441
12 421 422 423 429 430 431 432 434 435 436 437 441
12 418 420 422 424 427 428 432 433 434 436 439 440
10 418 420 421 423 424 426 427 429 431 437
9 418 420 423 425 426 428 429 437 439
16 418 419 420 421 422 423 427 428 430 431 433 435 436 437 439 441
10 420 423 428 429 430 432 434 436 440 441
8 423 424 430 431 432 433 434 436
15 418 419 420 421 422 424 425 427 433 434 435 436 437 439 440
7 422 423 425 432 434 436 437
12 420 422 423 424 429 431 432 433 434 435 439 440
9 418 424 430 436 437 438 439 440 441
9 423 424 425 427 430 431 432 433 438
14 418 420 421 426 427 428 429 430 431 432 433 435 438 439
10 425 426 428 430 431 434 435 438 440 441
14 419 421 422 424 426 427 429 432 434 435 437 439 440 441
16 419 420 421 422 423 425 426 427 429 430 431 435 436 437 438 441
8 426 428 430 431 432 436 440 441
10 420 422 423 424 426 428 430 431 433 440
11 421 422 425 427 429 430 432 434 436 439 441
15 420 421 424 425 426 428 429 430 431 432 435 436 438 439 440
12 420 422 423 426 427 429 430 433 434 435 440 441
16 419 420 421 424 425 427 428 429 430 431 432 434 435 437 439 440
14 418 419 420 421 422 424 425 428 430 433 435 438 440 441
9 418 421 425 432 433 434 435 436 437
14 419 420 421 422 423 424 427 429 430 433 434 435 437 438
11 418 419 420 421 423 427 428 432 433 436 438
12 420 422 423 425 428 431 432 433 434 437 438 440
14 418 419 420 421 423 424 426 428 429 430 431 432 436 438
14 418 420 421 423 424 425 428 429 431 434 438 439 440 441
13 418 419 421 422 423 424 425 427 428 430 431 433 438
9 420 421 423 425 426 427 428 437 441
9 418 420 421 427 430 436 437 438 441
13 418 419 420 422 423 424 425 426 429 431 435 437 441
12 418 419 420 421 425 426 428 432 434 435 436 440
15 418 419 420 421 422 423 424 425 428 429 432 436 439 440 441
7 418 421 430 431 438 439 440
7 419 423 425 427 432 433 438
12 419 424 425 427 428 429 430 431 433 434 438 439
14 419 420 422 423 425 427 431 432 433 434 435 437 438 439
13 418 419 420 421 423 424 425 427 431 434 436 437 441
14 418 419 420 422 424 425 426 428 429 430 431 432 436 438
13 419 420 423 425 427 428 429 430 435 436 437 438 441
11 418 420 422 424 425 429 431 432 439 440 441
11 418 420 422 424 429 431 433 436 438 439 441
16 419 420 421 424 426 427 428 429 431 432 433 434 435 438 439 441
10 421 424 426 428 430 431 436 437 440 441
11 418 419 422 427 430 432 433 436 438 439 441
11 418 419 420 424 426 428 431 433 435 436 440
11 418 426 427 429 432 433 434 435 436 438 439
10 420 425 427 428 429 431 433 434 437 439
11 419 421 422 424 425 426 428 431 434 436 439
15 420 422 424 425 429 430 431 434 435 436 437 438 439 440 441
13 418 421 424 425 426 427 428 429 431 433 435 437 441
14 419 422 423 424 425 426 427 428 432 433 436 437 438 441
14 418 419 422 425 426 427 429 430 433 434 435 437 438 440
13 419 420 421 426 428 429 431 433 434 436 437 440 441
31 442 444 445 446 447 448 451 457 459 462 463 464 465 467 469 472 473 476 479 481 484 487 497 498 499 502 503 506 507 508 510
23 446 451 454 456 457 459 464 469 471 479 480 486 488 491 493 497 498 499 502 503 505 506 507
13 442 451 455 463 471 476 479 481 482 493 494 498 504
16 447 448 450 451 453 458 460 469 478 484 485 491 503 506 509 510
13 444 451 457 462 463 467 475 483 484 488 490 499 501
17 444 445 450 453 455 459 463 466 467 480 481 482 486 489 500 502 508
19 443 446 449 451 452 456 457 460 468 469 474 477 485 487 492 501 503 509 510
26 442 443 445 449 455 457 463 465 466 467 470 473 479 481 482 483 486 489 490 494 495 496 497 498 499 504
24 442 445 446 447 448 450 451 454 456 466 474 482 484 485 486 487 491 495 496 499 501 504 505 506
24 442 444 447 448 451 452 453 456 461 463 470 471 477 478 480 483 486 488 490 492 499 500 503 507
24 444 449 451 453 454 456 460 461 462 466 467 468 469 474 482 484 485 486 490 494 496 498 499 509
9 443 449 454 464 466 467 494 495 501
22 442 443 444 445 447 449 450 456 457 461 465 467 468 474 480 482 491 493 500 501 503 509
17 442 447 448 451 452 461 463 469 477 478 481 489 492 496 498 499 509
20 443 445 447 450 454 456 457 460 461 466 468 469 470 472 473 478 494 496 508 509
17 450 455 458 468 473 474 476 489 497 498 502 504 505 506 508 509 510
15 442 447 454 461 470 473 476 478 484 488 490 496 504 506 507
20 443 445 447 450 457 458 465 466 467 473 478 483 486 489 492 501 503 507 509 510
26 448 451 453 454 455 458 459 460 462 464 466 469 471 472 473 475 478 479 484 487 499 502 505 506 507 508
23 443 446 452 454 463 464 465 467 470 474 478 479 480 482 486 488 493 498 500 502 503 506 509
44 442 443 444 445 447 452 454 455 456 457 458 460 461 462 464 465 466 468 473 476 477 478 479 480 481 482 483 484 485 486 489 490 491 492 494 496 498 500 501 504 506 507 508 509
24 443 444 449 452 457 458 460 461 469 470 473 478 479 480 483 488 489 492 493 497 498 500 503 509
24 442 443 444 447 458 459 463 465 466 468 474 476 481 483 485 486 487 489 491 492 495 499 503 510
27 447 451 453 455 457 460 462 466 468 469 472 473 477 481 483 484 485 489 490 491 494 496 499 501 507 508 510
19 442 447 451 452 456 457 458 464 467 478 479 482 484 485 495 496 499 500 508
20 444 448 450 452 456 460 463 466 470 474 480 482 483 486 489 492 501 503 507 508
38 443 446 448 450 451 454 458 460 464 465 466 471 472 474 477 478 479 480 481 483 484 485 486 487 488 490 491 492 494 498 499 501 502 503 504 507 508 509
16 442 447 449 451 460 465 472 473 482 484 487 496 497 498 504 508
10 448 451 461 465 468 470 478 482 485 506
18 445 446 451 452 456 459 462 468 470 472 473 482 491 493 499 503 506 507
26 450 452 454 455 459 462 463 464 470 471 475 477 478 485 486 490 491 492 495 500 502 503 505 506 507 510
36 444 446 448 449 452 453 454 456 459 460 461 462 464 468 469 470 472 474 475 477 480 484 485 487 488 490 491 495 496 497 499 500 502 505 506 508
16 442 444 449 453 458 462 463 465 467 468 472 475 482 485 487 510
16 443 444 449 450 454 459 473 477 479 484 490 495 498 502 505 507
20 448 449 453 455 458 462 464 465 467 476 477 482 483 488 489 491 492 497 502 510
20 443 452 453 455 456 466 467 469 473 475 480 490 492 495 496 499 501 503 506 508
38 443 449 450 452 453 454 455 456 458 460 461 466 468 470 471 474 475 477 478 480 482 483 485 486 488 489 490 491 492 493 494 495 496 500 501 504 505 509
16 442 448 455 458 460 461 464 467 469 475 478 488 490 500 502 504
6 447 478 490 500 504 508
29 442 444 446 451 452 459 463 471 474 475 479 480 481 484 485 486 487 490 493 495 498 499 500 501 503 504 505 506 507
18 444 446 452 456 459 461 462 468 471 474 475 476 480 488 492 501 502 505
15 451 452 454 456 469 471 473 475 479 480 482 484 490 496 497
25 442 444 445 451 456 457 458 459 462 468 472 476 479 481 483 484 485 487 490 491 492 494 495 497 498
19 442 444 445 448 449 450 456 458 459 461 471 475 476 487 492 495 497 504 505
26 446 447 450 452 455 460 463 464 465 466 469 473 474 475 477 480 482 486 488 489 493 499 501 503 504 505
9 454 464 472 477 487 493 500 507 508
15 444 445 447 449 457 462 463 473 476 493 495 497 500 506 510
26 442 443 446 447 449 450 453 454 455 458 465 469 472 474 476 480 482 489 491 498 504 505 506 507 508 509
28 446 447 449 451 454 457 458 459 462 464 465 468 470 474 477 478 482 483 484 486 487 488 491 500 504 505 507 510
15 443 445 452 460 463 469 471 473 475 476 481 487 502 507 508
20 442 450 451 457 461 466 468 471 478 483 486 487 488 491 493 500 501 502 505 506
18 443 448 449 453 454 461 467 470 471 478 496 500 502 506 507 508 509 510
21 442 444 445 448 450 460 461 463 471 472 476 479 481 485 489 493 494 497 498 502 509
16 449 450 454 471 476 479 481 483 485 489 492 498 501 505 508 510
27 443 445 446 447 450 457 463 464 465 470 471 472 475 477 478 479 480 491 492 493 497 500 501 505 506 507 508
21 453 455 459 462 463 464 465 467 468 471 472 475 476 477 481 490 494 502 507 508 510
34 446 449 450 453 454 455 456 457 458 459 460 462 465 466 468 470 474 476 479 480 482 485 487 488 491 495 497 501 502 503 504 505 506 508
19 445 446 457 459 460 462 465 469 472 475 479 481 482 484 485 487 491 493 496
17 451 458 463 467 472 475 476 478 486 488 491 493 496 499 501 504 509
18 443 444 445 446 448 453 457 461 467 469 474 476 480 481 483 488 501 509
19 443 444 447 453 457 463 465 466 474 477 480 484 486 487 494 495 496 497 509
12 442 446 453 456 457 465 482 483 492 494 503 510
21 448 450 453 455 465 470 472 473 474 476 477 480 481 486 489 491 498 504 506 509 510
18 448 458 462 464 465 471 472 475 479 483 491 493 494 495 497 498 499 505
25 446 448 449 450 451 453 459 463 467 469 470 471 472 474 475 487 488 493 495 497 499 502 503 505 510
18 443 444 445 464 467 471 472 473 475 483 484 486 490 493 494 500 507 510
3 452 489 510
21 445 448 452 456 459 460 461 464 466 471 473 477 478 479 485 492 494 496 502 503 510
30 442 444 446 454 455 456 457 459 462 464 467 472 474 477 479 480 484 486 489 490 491 492 493 494 500 501 503 505 509 510
21 444 445 448 453 454 455 458 459 462 464 465 470 472 475 484 489 490 492 507 509 510
9 456 458 466 468 479 489 493 494 499
14 447 449 450 453 458 466 483 488 495 496 497 498 499 504
26 446 448 449 450 453 455 457 460 461 462 464 467 470 472 477 493 494 498 500 501 502 504 505 506 508 509
24 445 447 448 452 455 460 461 462 464 466 468 469 470 471 474 480 481 485 487 489 497 500 506 508
9 468 470 481 486 487 493 495 497 500
29 443 444 445 446 449 454 459 460 461 462 463 466 468 469 471 475 483 487 488 490 492 493 494 497 501 502 503 505 507
15 442 448 455 458 459 473 476 481 483 487 488 495 502 503 504
16 442 452 453 455 456 459 461 467 468 469 470 475 482 489 496 505
28 443 446 447 449 452 456 460 463 467 469 473 474 476 477 479 480 481 482 485 494 495 496 497 498 499 503 504 508
21 446 452 463 470 476 477 481 483 485 486 488 489 490 492 494 495 496 497 498 504 510
24 443 445 448 450 452 455 460 461 466 470 473 474 476 477 481 483 484 489 492 494 495 496 501 509
49 442 443 445 446 447 449 451 453 454 455 457 458 459 461 462 464 465 467 468 469 471 472 473 475 476 477 478 479 481 484 485 487 488 490 491 493 494 495 496 497 498 499 500 502 504 505 506 509 510
4 445 478 488 507
10 447 450 451 458 484 491 503 506 509 510
15 448 453 455 458 462 465 476 477 482 483 488 489 491 492 497
13 445 447 450 457 467 473 486 489 492 501 507 509 510
12 446 451 454 456 464 469 479 491 498 502 506 507
32 443 449 450 452 453 454 455 456 458 460 461 466 468 470 471 474 475 477 478 480 482 485 486 488 490 491 492 493 494 495 496 504
17 442 444 456 457 458 462 468 472 479 483 485 487 490 491 494 497 498
12 443 455 456 467 469 480 490 492 496 499 503 508
14 443 448 453 454 461 470 478 496 500 502 507 508 509 510
8 456 461 467 468 469 470 482 505
13 443 450 456 461 467 468 474 480 482 493 501 503 509
6 481 486 493 495 497 500
8 448 451 461 465 468 470 482 506
8 442 447 473 478 484 488 490 504
16 450 455 459 463 464 470 485 486 490 491 500 502 503 505 507 510
18 443 445 446 450 457 465 470 471 475 477 478 479 480 492 497 501 505 508
6 458 466 489 493 494 499
7 451 461 465 470 478 482 506
13 449 450 454 471 476 479 481 485 489 492 505 508 510
11 448 455 461 464 467 469 475 488 500 502 504
13 444 448 460 461 463 472 481 485 493 494 497 502 509
12 442 453 455 456 461 468 469 470 475 489 496 505
17 448 450 452 456 463 466 470 474 480 482 483 486 489 492 501 503 507
5 464 477 493 500 508
21 442 444 447 448 452 453 456 461 463 470 471 478 483 486 488 490 492 499 500 503 507
14 443 448 453 454 467 471 478 496 502 506 507 508 509 510
9 442 451 455 463 479 481 482 498 504
19 442 443 444 445 447 449 457 461 465 467 468 474 480 482 491 493 500 501 503
12 451 452 454 456 469 471 473 479 480 482 490 497
16 446 452 477 481 486 488 489 490 492 494 495 496 497 498 504 510
7 471 473 475 479 480 490 497
16 442 448 460 461 463 471 472 476 479 481 485 489 494 497 498 502
12 442 447 470 473 476 478 484 488 496 504 506 507
12 481 483 485 486 488 490 495 496 497 498 504 510
14 453 455 459 464 465 467 468 471 476 477 494 507 508 510
16 451 453 454 455 458 460 462 469 471 473 487 499 502 506 507 508
8 451 469 475 480 484 490 496 497
12 442 448 458 460 464 467 469 475 478 490 500 504
15 452 455 456 467 469 475 480 490 492 495 496 499 501 506 508
4 466 479 489 499
12 443 444 449 450 454 473 477 479 490 502 505 507
21 442 451 463 471 474 475 479 480 481 484 486 487 490 493 495 499 500 501 504 505 507
11 448 450 455 465 472 473 480 481 491 506 510
15 443 444 447 450 456 465 467 474 480 491 493 500 501 503 509
11 442 452 453 456 468 469 475 482 489 496 505
13 443 457 458 470 478 479 480 489 492 493 497 503 509
7 468 470 481 487 493 495 497
15 444 446 456 459 461 462 468 471 474 475 476 480 488 501 505
5 443 449 467 494 495
20 447 450 457 463 465 471 472 475 478 479 480 491 492 493 497 500 501 505 507 508
6 443 449 454 466 494 495
22 443 446 448 454 458 460 464 466 471 472 474 477 478 479 483 486 488 492 494 498 501 504
14 443 447 457 464 470 472 475 479 480 493 497 500 505 508
19 446 448 451 459 463 467 469 470 471 472 474 475 487 488 493 495 502 505 510
12 449 454 461 467 470 478 496 502 507 508 509 510
13 446 452 463 470 476 481 485 490 494 495 496 498 510
19 445 447 448 452 455 464 466 468 469 470 474 480 481 485 487 489 500 506 508
21 442 444 446 454 455 456 457 459 464 472 479 484 486 489 492 493 494 500 503 509 510
11 442 444 449 450 456 457 461 467 468 493 509
2 478 507
8 451 471 473 475 480 484 490 496
16 446 457 459 460 462 465 472 475 479 481 482 484 487 491 493 496
10 447 454 461 470 476 478 488 490 496 506
8 442 448 461 464 478 490 500 502
19 443 445 448 450 452 455 460 473 474 476 477 481 483 484 489 492 494 495 496
9 451 452 454 456 473 479 480 482 497
26 443 445 447 452 454 456 457 461 464 465 466 468 476 478 479 480 481 482 483 486 491 500 501 504 506 508
16 447 448 455 460 462 464 466 469 471 474 480 481 485 489 500 508
8 442 456 467 468 469 475 489 496
14 442 445 447 449 450 456 457 467 480 482 493 500 503 509
2 478 507
10 443 446 456 460 468 469 474 477 492 510
15 443 447 457 463 465 466 474 477 480 486 487 495 496 497 509
11 452 476 481 486 489 494 496 497 498 504 510
12 442 449 453 463 465 467 468 472 475 482 487 510
9 442 446 456 457 465 483 492 503 510
15 449 453 456 461 462 468 482 484 485 490 494 496 498 499 509
15 444 446 448 453 461 467 469 474 476 480 481 483 488 501 509
11 448 458 462 471 479 491 494 495 497 498 505
10 442 444 449 453 465 468 472 475 485 487
16 446 447 450 452 460 463 464 466 473 475 477 486 493 501 504 505
11 447 450 457 466 468 469 473 478 494 496 509
5 470 481 486 493 495
10 459 460 465 475 481 484 485 487 493 496
18 455 459 462 463 464 465 467 468 471 472 476 477 490 494 502 507 508 510
22 446 447 450 452 455 463 464 465 466 469 474 475 477 480 482 488 493 499 501 503 504 505
21 442 443 447 450 453 454 455 458 465 469 474 476 489 491 498 504 505 506 507 508 509
11 443 452 466 469 475 492 495 496 501 503 506
1 510
25 442 444 446 454 455 456 457 459 462 467 472 474 484 486 489 490 491 492 494 500 501 503 505 509 510
43 443 445 447 449 451 453 455 457 458 459 461 462 464 465 467 468 469 472 473 475 476 477 478 479 485 487 488 490 491 493 494 495 496 497 498 499 500 502 504 505 506 509 510
8 451 454 471 473 482 484 490 496
10 443 444 449 450 459 473 479 495 498 505
11 443 449 454 470 478 496 500 502 508 509 510
11 444 447 449 457 462 463 493 497 500 506 510
21 447 451 453 455 460 462 466 468 472 473 477 481 483 484 485 489 491 494 499 507 510
16 442 444 447 451 457 462 463 464 473 481 484 487 502 503 506 508
13 442 455 459 473 476 481 483 487 488 495 502 503 504
14 448 455 458 464 465 467 476 477 482 483 488 491 492 497
12 453 459 462 463 465 467 475 476 481 490 502 508
8 452 453 455 456 461 475 482 505
15 450 455 465 470 472 473 474 476 480 486 491 498 504 509 510
17 453 455 459 462 463 465 467 468 471 472 475 476 477 481 490 502 510
16 444 448 452 456 460 463 466 470 474 480 482 483 486 489 507 508
14 452 460 464 466 473 474 480 486 488 489 493 501 503 504
22 446 447 449 452 460 463 467 469 473 474 476 477 479 480 481 482 485 496 498 499 503 504
17 452 463 476 477 483 485 486 488 489 490 492 494 495 496 497 498 504
10 447 448 450 451 458 484 503 506 509 510
10 448 458 471 475 493 495 497 498 499 505
16 442 446 459 463 475 479 480 481 484 485 490 493 495 500 504 505
16 444 449 452 458 460 461 470 473 479 480 488 489 492 500 503 509
12 444 448 454 462 464 472 475 484 492 507 509 510
8 442 447 451 463 478 481 492 499
13 442 448 455 459 473 476 481 483 487 488 495 502 504
15 451 454 457 462 465 468 470 477 478 483 484 486 487 488 500
18 442 443 446 447 449 453 458 465 469 474 476 482 491 504 505 506 508 509
12 442 451 452 461 463 469 477 478 481 492 496 509
6 456 466 468 479 493 494
15 448 449 453 458 462 464 465 476 477 483 488 489 492 497 502
14 443 445 450 473 474 477 481 483 484 492 494 495 496 509
12 442 447 461 473 476 478 484 488 490 496 504 507
13 442 452 455 456 461 467 468 469 470 475 489 496 505
19 446 447 449 456 467 469 473 474 477 480 482 485 494 495 496 498 503 504 508
6 446 456 465 483 494 510
13 447 448 452 455 461 464 468 469 474 480 485 489 500
23 443 444 445 446 449 454 459 460 461 462 466 469 475 488 490 492 493 494 497 501 503 505 507
12 448 450 455 472 473 474 481 486 498 504 506 510
13 452 461 466 473 474 476 483 484 489 492 494 501 509
18 446 452 463 470 481 483 485 486 488 490 492 494 495 496 497 498 504 510
6 468 470 481 487 495 497
11 449 450 454 476 481 483 489 492 501 508 510
13 442 448 455 458 467 469 475 478 488 490 500 502 504
12 442 447 448 451 452 461 469 477 481 492 498 509
9 451 457 460 468 474 492 501 509 510
21 445 451 456 457 458 462 468 472 476 481 483 484 485 487 490 491 492 494 495 497 498
14 443 445 447 450 454 456 457 461 468 470 473 478 494 496
23 446 449 450 458 459 460 462 465 466 468 470 474 480 482 487 491 495 497 501 502 503 506 508
16 446 452 463 470 477 481 483 485 486 488 492 494 495 497 498 504
14 445 448 453 454 459 462 464 470 472 475 484 490 509 510
11 442 458 460 461 467 475 478 488 490 500 502
27 451 455 457 458 461 462 464 465 467 468 469 471 472 473 477 479 481 485 490 491 493 495 496 499 500 502 505
12 446 452 463 476 481 483 486 489 492 494 504 510
13 442 445 446 447 448 454 484 485 486 487 491 501 506
14 442 444 445 448 450 471 472 476 479 481 489 493 494 509
16 447 450 455 464 466 473 474 477 486 488 489 493 499 501 503 505
15 447 451 452 456 458 464 467 478 479 482 484 495 496 500 508
11 447 457 463 465 477 480 487 494 496 497 509
5 456 458 466 493 499
12 449 454 471 479 481 483 492 498 501 505 508 510
9 452 459 461 468 471 474 488 502 505
22 444 446 454 455 456 457 459 462 467 472 474 479 480 484 486 491 492 500 501 505 509 510
10 442 444 471 472 479 489 493 497 502 509
14 442 444 447 452 453 456 470 471 477 480 483 490 492 500
21 442 444 447 448 451 452 456 461 463 470 471 477 478 480 483 486 488 492 500 503 507
12 442 454 461 470 473 478 484 488 490 496 506 507
14 442 450 451 461 466 468 471 483 487 488 491 493 502 506
12 444 445 447 449 457 462 463 476 493 495 497 510
14 444 453 456 461 466 468 474 482 484 485 490 498 499 509
14 446 456 459 462 468 470 472 473 482 491 493 499 506 507
12 444 445 446 448 467 469 474 476 481 488 501 509
13 444 446 452 459 461 474 475 476 480 488 492 501 505
7 445 452 463 469 471 475 502
10 444 451 457 462 467 483 484 488 490 501
9 451 467 475 483 484 488 490 499 501
13 442 447 452 456 457 464 467 479 482 484 485 499 508
13 448 449 453 455 457 460 461 470 477 501 502 505 508
12 444 460 462 466 467 468 469 485 490 494 499 509
18 448 450 453 455 465 473 474 476 480 481 486 489 491 498 504 506 509 510
4 447 478 490 500
31 443 449 450 452 453 454 456 458 461 466 468 471 475 477 478 480 482 485 486 488 489 490 491 492 493 494 495 496 504 505 509
10 452 455 456 466 469 473 475 480 496 501
10 442 451 455 463 471 479 481 493 494 504
19 446 452 456 463 469 473 476 477 479 481 482 485 495 496 497 498 499 503 508
7 454 464 472 477 487 493 500
14 447 451 456 457 458 464 467 478 479 484 495 496 499 500
16 444 449 453 456 461 462 466 467 468 469 474 484 485 486 496 499
24 442 443 444 445 455 456 460 462 465 466 468 477 478 479 483 484 485 486 489 491 492 498 508 509
18 444 445 448 454 455 458 459 464 465 470 472 475 484 489 490 507 509 510
13 452 455 460 461 464 471 474 480 481 485 489 506 508
35 442 445 447 452 454 455 456 457 458 460 462 464 465 466 468 473 476 477 478 479 481 482 483 484 486 489 490 494 496 498 501 504 506 507 509
7 451 457 462 475 483 484 499
18 442 444 454 455 457 464 467 474 479 484 489 490 492 493 501 503 509 510
12 442 448 458 459 476 481 483 487 495 502 503 504
13 448 455 458 460 461 464 467 469 475 478 490 500 504
21 450 452 460 463 464 466 469 473 475 477 480 482 486 488 489 493 499 501 503 504 505
10 442 448 455 458 460 461 467 488 490 504
18 445 448 452 456 459 460 461 471 473 477 478 479 485 492 494 502 503 510
11 452 456 469 475 480 490 492 496 499 501 503
13 445 446 448 453 457 461 467 469 474 481 483 488 509
4 456 468 489 494
14 444 445 451 456 457 459 462 483 487 490 494 495 497 498
6 443 449 454 464 467 501
24 442 444 445 446 448 451 457 459 464 465 467 472 473 481 484 487 498 499 502 503 506 507 508 510
15 450 452 455 462 464 470 477 490 491 495 500 502 505 506 507
15 443 448 449 453 454 461 467 470 471 496 500 502 507 509 510
22 443 444 454 459 460 461 463 466 468 469 471 475 487 488 490 493 494 497 502 503 505 507
13 442 445 448 450 451 456 466 482 484 486 496 501 504
14 447 455 466 468 473 483 485 489 490 494 499 501 508 510
16 442 450 451 457 461 468 471 478 483 487 488 493 501 502 505 506
7 456 458 466 479 489 493 494
22 444 445 446 449 454 461 462 463 466 468 469 471 483 488 492 493 494 497 501 502 505 507
23 451 453 454 455 458 459 460 462 464 469 471 472 473 475 478 479 484 487 499 502 505 506 507
12 451 458 463 467 478 486 488 491 493 496 499 509
22 446 448 449 450 453 455 457 460 461 462 464 467 470 477 493 498 501 502 504 505 506 509
7 444 451 463 483 484 490 501
25 449 450 453 455 456 457 458 459 462 465 466 468 470 474 476 480 485 488 491 495 497 501 504 506 508
12 442 461 470 473 476 478 484 488 490 504 506 507
22 444 446 452 459 463 474 475 480 481 484 485 486 487 490 493 495 499 500 503 504 505 506
15 444 446 459 463 474 475 481 485 495 498 500 501 503 504 505
14 449 451 460 462 467 468 474 482 485 486 490 496 498 509
13 448 458 462 464 471 475 479 483 491 493 494 495 505
16 451 456 457 459 469 471 480 486 488 493 497 502 503 505 506 507
12 450 453 465 470 472 474 476 477 491 506 509 510
18 446 448 450 451 453 459 463 467 469 470 471 472 487 488 493 497 502 505
8 445 460 473 475 476 502 507 508
17 442 443 444 445 449 450 456 457 467 474 480 482 491 493 501 503 509
15 443 446 449 451 457 460 469 474 477 485 487 492 503 509 510
15 442 444 457 472 479 480 484 486 489 490 492 493 500 503 510
13 446 456 457 464 469 479 486 491 493 497 502 505 507
9 447 453 460 478 484 491 503 506 510
15 459 463 464 468 472 475 476 477 481 490 494 502 507 508 510
21 446 449 453 455 456 457 458 459 460 468 470 474 476 482 488 491 497 501 503 505 506
37 442 443 444 445 447 452 454 455 456 457 460 462 464 466 468 473 476 477 478 479 480 481 482 483 484 485 486 489 490 491 492 496 498 500 501 506 509
16 443 444 447 453 457 463 465 466 477 480 484 486 494 495 496 509
16 445 446 457 460 462 469 472 475 479 481 482 484 485 487 491 493
9 451 458 463 491 493 496 501 504 509
1 489
10 458 467 476 478 486 488 491 501 504 509
16 442 451 457 461 466 468 471 478 483 488 491 493 501 502 505 506
10 444 445 464 472 473 483 490 493 500 510
13 443 445 448 450 470 473 474 477 481 489 495 496 509
12 446 452 465 467 478 480 486 493 502 503 506 509
11 443 467 471 472 473 483 484 486 493 494 500
11 444 450 455 459 467 480 482 486 500 502 508
10 444 445 472 483 484 493 494 500 507 510
21 446 449 450 451 459 463 467 469 470 471 472 474 475 487 493 495 497 499 502 505 510
14 446 452 463 477 481 483 485 486 492 495 496 497 498 504
19 442 444 445 446 447 451 457 459 462 463 465 467 469 476 479 481 484 499 510
12 448 450 452 466 470 474 480 482 483 492 501 507
19 444 449 451 454 456 460 461 462 466 467 468 469 484 485 490 494 496 498 499
16 445 447 455 460 462 464 466 468 470 471 480 481 485 497 500 508
14 451 454 456 459 464 469 480 486 488 497 502 503 506 507
14 450 468 473 474 476 489 497 498 502 504 505 506 509 510
30 446 450 451 454 458 460 464 465 466 472 474 477 478 479 480 481 484 485 486 487 488 490 491 498 499 501 503 504 507 508
22 443 452 456 460 463 467 469 473 476 477 480 481 482 485 494 496 497 498 499 503 504 508
15 446 456 459 469 471 480 486 493 497 499 502 503 505 506 507
6 444 457 467 488 490 501
11 454 459 469 486 493 497 498 499 502 503 506
18 446 447 457 459 462 464 465 468 470 474 477 482 483 484 487 488 504 507
13 442 447 449 450 453 455 469 472 482 489 498 505 508
14 443 453 454 461 467 470 471 478 496 500 507 508 509 510
18 446 447 449 451 454 457 458 462 464 465 470 482 483 486 487 488 505 507
20 442 443 445 449 455 457 463 466 467 470 473 479 481 482 483 490 496 497 498 499
13 445 456 461 464 466 477 478 479 485 494 496 503 510
3 445 488 507
15 442 444 445 448 450 461 463 471 472 479 481 497 498 502 509
25 444 446 448 452 453 454 456 459 460 461 462 464 468 469 474 477 484 485 488 490 495 502 505 506 508
17 446 448 450 455 457 462 464 467 470 494 498 502 504 505 506 508 509
22 447 449 454 457 459 465 468 470 474 477 478 482 483 484 486 487 488 491 500 504 505 507
25 446 447 449 451 454 457 458 459 462 464 465 468 470 474 477 483 484 486 487 488 491 504 505 507 510
31 442 443 444 445 452 456 457 458 460 462 464 466 468 473 476 479 481 482 483 485 486 489 490 491 492 494 496 498 506 507 508
13 442 444 445 456 457 458 459 479 481 483 487 494 497
14 449 450 451 453 459 463 467 470 474 487 493 495 505 510
17 447 451 454 457 458 459 462 464 470 483 484 488 491 500 504 505 510
17 443 444 447 459 463 465 466 476 481 483 486 487 489 492 495 503 510
13 445 449 457 463 465 467 483 486 489 490 495 497 498
16 448 452 456 459 461 464 466 471 473 478 485 494 496 502 503 510
12 443 449 452 458 460 470 473 492 493 498 500 509
21 442 445 446 447 448 451 457 459 462 464 465 472 473 476 481 484 487 497 498 506 508
21 446 448 451 453 459 463 467 469 470 471 474 475 487 488 493 495 497 499 502 503 505
15 443 448 449 453 454 461 467 470 478 496 502 507 508 509 510
22 444 445 446 447 448 451 457 459 462 463 464 467 469 472 476 479 484 497 498 502 507 508
10 443 454 461 468 469 470 473 478 494 509
16 449 451 452 456 457 460 468 469 474 477 485 492 501 503 509 510
16 446 448 450 451 453 459 463 470 474 475 487 488 497 499 503 510
25 442 444 451 452 459 463 471 474 475 479 480 481 484 485 486 490 493 495 499 500 501 504 505 506 507
14 443 444 445 464 467 472 473 475 484 486 490 493 500 510
2 452 489
18 442 447 448 451 452 453 461 463 470 477 478 480 488 490 499 500 503 507
17 443 452 453 455 456 466 467 469 475 480 490 492 499 501 503 506 508
2 478 488
14 448 450 451 453 458 460 469 478 484 485 491 503 506 510
17 443 446 449 452 456 463 467 469 474 476 477 480 482 485 497 499 503
8 442 452 459 467 468 469 475 482
9 442 455 458 473 476 483 495 502 503
8 454 470 473 476 478 484 488 496
18 446 452 463 470 476 477 481 485 486 488 489 492 494 495 496 498 504 510
8 447 448 450 453 458 460 484 509
16 445 449 454 463 466 468 471 483 487 488 490 492 494 501 502 503
12 453 459 462 463 464 467 468 471 475 476 494 508
17 448 453 454 455 458 459 462 464 465 470 472 484 489 492 507 509 510
20 446 447 449 451 458 459 462 464 468 470 474 477 478 482 488 491 500 504 507 510
15 443 446 448 453 457 461 467 469 476 480 481 483 488 501 509
14 443 444 464 467 471 472 475 484 490 493 494 500 507 510
21 444 451 452 459 463 471 474 475 480 481 484 485 486 487 493 499 500 501 504 505 506
14 443 447 458 459 463 465 476 481 486 491 492 495 499 503
30 443 448 450 451 460 464 465 466 471 474 477 478 481 484 485 486 487 488 490 491 492 494 498 499 501 503 504 507 508 509
18 446 450 452 455 463 466 469 473 475 477 480 482 486 488 499 503 504 505
10 442 446 453 456 457 465 482 483 492 510
17 443 444 449 458 461 469 470 473 478 480 492 493 497 498 500 503 509
16 446 452 463 470 476 477 481 483 485 486 490 492 494 496 504 510
12 443 463 465 470 474 478 480 488 498 500 503 509
15 443 444 445 464 471 472 473 483 486 490 493 494 500 507 510
4 456 458 494 499
9 442 452 455 468 469 475 489 496 505
9 458 476 489 497 504 505 506 508 510
9 444 445 462 473 476 493 495 500 506
12 443 447 450 454 457 461 466 470 472 494 496 509
11 443 445 452 460 463 471 473 475 487 502 507
6 448 461 465 470 478 482
4 470 481 495 500
17 442 445 446 447 450 454 456 466 482 484 487 491 495 496 499 501 504
15 449 457 458 461 469 470 478 479 489 492 493 498 500 503 509
8 449 457 462 463 473 493 500 510
11 445 447 457 463 473 476 493 495 497 500 506
25 442 443 445 446 455 458 460 464 466 467 468 470 471 480 481 483 484 491 492 493 494 498 500 501 506
46 443 444 445 446 447 450 452 455 456 457 458 459 460 461 467 468 469 470 471 473 476 477 478 479 480 483 484 485 486 487 489 490 491 492 494 495 496 497 498 499 502 503 505 507 508 510
42 442 443 444 445 446 451 454 458 459 460 462 463 465 466 467 468 471 472 473 474 475 479 483 486 487 488 489 491 493 494 495 496 498 499 501 502 503 504 506 507 509 510
30 442 443 445 446 448 449 454 456 460 461 462 465 469 470 473 474 475 476 478 480 483 484 485 487 494 496 498 501 502 506
43 443 445 448 451 452 453 455 456 457 459 461 462 464 466 467 468 470 472 473 474 477 478 480 481 483 486 487 488 489 492 493 494 496 497 498 500 502 503 505 506 507 509 510
23 443 453 457 460 463 464 469 472 474 477 478 479 480 482 488 491 493 497 503 507 508 509 510
37 443 446 448 451 452 454 455 457 459 462 466 468 470 471 472 473 474 475 476 477 478 480 484 485 488 489 490 493 494 495 497 498 499 501 503 504 508
42 442 444 445 450 451 452 453 455 456 457 458 459 460 461 462 465 469 471 472 473 477 479 480 481 482 484 485 486 487 488 493 494 495 497 498 500 501 502 503 507 508 509
44 442 445 447 449 452 453 454 456 458 459 460 464 465 466 470 472 473 474 475 478 480 481 482 484 485 486 487 488 489 490 491 492 493 495 496 498 499 500 503 504 506 507 509 510
46 442 443 444 446 447 448 449 450 452 453 457 459 460 461 462 463 465 467 468 469 470 471 473 474 476 477 479 481 482 483 484 485 486 487 488 491 495 496 497 498 501 502 503 504 506 509
44 442 443 444 445 447 449 451 452 453 454 455 457 458 461 462 464 465 466 469 473 474 475 479 480 483 484 485 487 489 490 491 492 494 495 496 497 498 499 500 501 502 503 504 505
35 443 444 445 446 447 449 450 452 454 456 457 459 461 463 466 470 471 472 475 477 479 480 481 488 489 491 492 493 494 496 503 505 507 508 509
38 442 446 447 448 449 451 453 455 456 457 458 459 461 462 464 466 468 469 470 471 472 476 479 480 482 483 485 486 487 489 491 495 501 502 503 505 506 510
23 443 444 449 453 456 461 462 463 469 474 475 479 481 482 487 488 491 493 494 502 506 508 509
31 442 444 447 448 450 451 453 454 455 460 462 467 468 469 470 474 478 479 482 483 485 487 490 492 493 494 501 502 503 504 508
24 449 450 458 460 462 463 464 469 470 473 474 476 480 481 483 486 487 490 495 504 505 506 507 508
20 443 444 455 456 457 459 460 464 468 470 490 491 494 495 496 497 499 502 507 508
43 443 444 445 446 447 448 452 453 454 455 456 457 460 462 463 464 466 468 469 472 473 475 476 477 478 479 481 483 484 486 488 489 490 491 492 497 498 499 500 502 505 509 510
44 444 445 447 448 450 451 453 456 457 459 460 463 464 466 467 469 471 472 473 474 475 477 478 479 480 481 482 484 485 486 489 490 491 492 496 497 499 502 503 505 507 508 509 510
24 443 444 445 448 449 450 457 460 462 467 469 470 472 473 475 481 484 487 498 501 502 504 507 509
28 444 446 447 451 452 465 466 467 468 469 473 474 477 478 481 483 484 485 486 489 493 496 497 503 505 506 507 510
38 442 444 445 446 448 450 451 452 453 454 457 462 464 465 468 469 472 473 474 475 477 479 481 482 484 487 488 489 493 494 495 497 499 501 502 505 506 507
40 442 443 446 448 451 452 453 454 455 456 457 459 461 463 464 466 467 468 469 474 475 476 477 480 482 486 488 489 492 494 495 496 497 498 499 502 503 504 506 510
21 444 449 450 452 459 460 461 471 473 480 481 483 485 489 490 494 495 497 498 502 509
27 444 448 450 454 457 463 464 465 468 469 471 474 475 477 483 484 485 486 487 490 495 496 497 501 504 506 508
23 443 445 447 455 456 459 463 464 467 474 478 479 480 481 482 488 489 491 495 498 499 500 506
38 442 444 447 449 454 456 460 461 462 465 467 468 470 473 474 475 476 477 479 480 484 485 486 489 490 491 492 493 494 496 498 499 500 501 503 504 507 508
23 443 444 446 449 451 452 455 456 458 472 475 476 478 483 485 489 490 492 493 498 501 509 510
37 444 445 448 450 453 455 456 463 464 466 467 468 469 470 471 472 473 475 476 477 478 479 480 484 485 486 488 489 490 491 495 497 500 501 502 507 508
41 443 444 445 446 448 449 450 451 452 454 455 456 459 460 462 463 464 468 469 473 477 478 479 481 482 483 484 486 488 489 490 491 492 494 498 500 501 504 506 507 508
47 444 445 446 447 448 449 450 452 453 454 455 456 457 460 461 463 464 466 467 469 473 474 476 478 479 480 481 484 485 486 488 489 490 491 492 494 496 497 498 499 500 501 502 503 505 506 507
20 446 447 454 458 459 461 466 468 470 479 488 489 490 491 492 494 499 500 501 503
30 445 446 450 456 458 461 462 463 464 466 467 468 469 472 473 474 475 476 478 480 485 486 487 489 492 496 497 500 501 508
29 446 450 452 454 459 460 461 463 464 465 466 471 472 473 477 478 482 486 488 490 492 495 497 502 504 506 507 509 510
25 442 443 444 446 448 449 453 457 459 460 461 462 466 471 476 479 488 490 491 495 498 501 503 509 510
30 442 443 446 448 450 454 456 462 463 464 465 468 469 470 471 472 473 475 483 484 486 489 491 492 495 500 503 506 507 509
25 442 443 447 450 451 453 455 456 458 460 462 464 466 468 476 479 481 486 490 492 494 496 497 498 506
44 442 443 445 447 449 450 451 452 453 455 456 458 460 462 463 466 468 469 470 471 472 474 475 476 477 478 480 481 482 483 484 486 487 488 491 493 494 498 503 504 505 508 509 510
42 442 444 445 446 447 449 451 453 454 456 458 459 460 461 462 463 464 467 468 469 470 472 474 475 476 482 483 484 486 487 488 489 490 492 493 498 499 502 503 504 506 507
25 442 443 446 448 449 454 457 466 467 469 470 471 476 477 481 487 488 493 494 496 498 502 508 509 510
42 442 444 446 448 449 452 453 454 455 456 457 458 461 463 464 466 467 468 469 470 471 474 475 476 478 486 487 489 490 491 492 496 497 498 499 501 502 503 504 505 506 510
43 443 445 446 447 448 450 452 453 454 455 457 459 460 461 463 465 467 468 470 471 472 474 477 479 480 481 482 483 484 487 489 490 491 493 494 495 497 500 501 503 505 508 509
38 443 445 446 448 452 453 457 458 461 462 463 464 466 467 469 471 475 478 479 480 481 482 483 485 487 490 491 493 494 496 497 498 499 504 505 506 509 510
21 444 446 450 456 458 462 465 466 469 471 472 474 475 480 486 490 491 492 494 507 510
38 442 444 445 446 447 448 449 453 454 456 459 461 466 467 468 469 471 472 478 479 480 481 482 483 484 488 489 492 493 494 495 496 497 498 502 507 509 510
45 443 447 449 450 451 452 454 455 456 459 463 464 466 468 469 470 471 473 474 475 477 478 479 480 481 482 484 485 486 487 488 489 491 493 494 495 496 499 500 503 504 505 506 507 509
28 443 446 447 448 453 454 456 459 460 461 462 467 469 476 480 481 482 486 491 494 499 500 502 503 505 508 509 510
31 443 445 446 449 451 453 454 455 457 458 462 464 466 467 469 470 474 476 478 479 480 485 486 489 490 495 500 503 507 508 509
21 443 445 447 449 450 455 456 457 468 472 481 485 486 489 490 491 499 500 502 507 510
31 442 443 444 446 447 449 451 454 456 460 462 465 466 469 470 472 473 474 476 478 480 485 486 489 491 494 495 497 504 505 510
34 442 443 445 448 452 454 455 456 459 463 466 468 469 470 472 474 475 477 478 479 481 484 488 489 491 492 498 500 501 502 507 508 509 510
32 443 444 445 446 447 450 455 464 466 468 470 471 473 478 480 481 484 485 486 489 492 493 495 496 497 498 500 502 504 505 506 509
39 442 446 447 448 451 453 454 455 456 458 459 460 461 462 463 464 466 469 475 476 477 479 482 484 487 488 489 491 493 494 495 496 499 500 501 504 506 507 510
47 442 443 445 446 447 448 449 450 452 453 454 456 457 459 461 462 464 465 468 469 470 472 473 475 478 479 480 482 484 486 487 488 489 490 491 493 495 496 499 500 502 503 505 506 508 509 510
43 443 445 446 447 449 452 454 458 461 462 464 466 467 468 469 471 472 473 474 477 482 483 484 485 486 487 488 489 491 492 493 494 495 497 498 499 501 503 505 506 507 508 510
46 442 443 444 445 446 447 449 450 455 456 457 458 459 460 461 462 463 464 467 470 471 472 473 474 477 479 480 482 483 484 486 490 492 495 496 498 499 500 501 502 504 506 507 508 509 510
29 443 447 452 454 459 462 463 466 467 468 469 472 473 474 475 477 478 481 482 483 488 489 490 493 494 497 498 500 505
44 443 444 445 449 450 452 453 455 457 458 460 461 463 465 466 471 472 473 474 475 477 481 482 484 485 486 488 489 490 491 492 495 497 498 499 500 501 503 504 505 506 508 509 510
20 444 448 452 453 454 455 457 459 467 471 472 479 481 487 493 494 497 499 507 508
43 442 443 444 447 449 450 452 453 454 455 456 458 459 466 471 473 475 478 480 482 483 484 486 487 488 489 490 492 493 494 495 496 498 499 500 501 502 504 505 506 507 508 510
43 442 444 445 446 447 449 450 452 453 454 455 456 457 460 461 464 465 466 474 475 476 477 478 479 480 481 482 483 488 489 490 492 493 495 498 499 500 501 503 504 508 509 510
35 443 444 445 446 447 449 451 453 456 460 461 463 465 467 468 469 471 472 473 475 476 478 483 484 485 490 493 494 495 497 499 500 502 503 508
40 442 443 444 445 446 448 454 456 458 459 460 462 464 465 466 467 468 471 472 473 474 475 476 479 480 484 485 486 490 493 495 500 501 502 504 505 506 508 509 510
38 443 444 446 448 449 450 451 452 454 455 457 458 459 460 463 464 465 468 469 470 475 476 477 478 479 481 482 484 485 486 487 493 494 502 505 508 509 510
22 447 448 458 461 462 466 472 473 475 477 478 479 480 485 490 497 498 500 501 503 509 510
33 442 443 454 456 457 459 460 463 464 467 468 471 475 476 477 478 481 482 483 485 488 490 492 496 498 500 501 502 504 505 506 508 510
34 442 443 444 446 447 454 455 458 461 462 464 465 466 467 471 474 476 479 480 483 485 486 488 490 492 496 498 500 503 504 506 507 509 510
33 443 444 445 448 450 452 455 457 459 464 466 467 472 473 474 479 480 481 482 484 487 489 490 491 495 499 500 505 506 507 508 509 510
35 442 443 444 445 452 453 456 457 460 462 464 465 467 468 470 472 473 475 477 478 482 483 486 488 489 490 495 499 500 501 503 504 507 508 510
22 446 447 448 453 461 463 466 467 472 477 478 479 481 482 485 489 498 503 504 505 509 510
46 443 445 447 448 449 450 451 453 455 458 460 461 463 464 465 466 467 468 469 470 473 474 475 477 478 479 480 482 483 484 485 486 487 488 489 491 494 495 499 501 502 504 505 506 508 509
37 443 444 447 450 451 452 453 457 458 459 460 461 462 464 466 469 473 474 475 476 477 478 479 483 484 485 486 492 495 497 499 501 502 503 504 507 508
39 443 445 446 450 451 452 456 457 459 460 461 462 463 465 467 468 470 472 474 475 477 478 483 485 488 489 491 492 493 495 496 497 498 502 503 505 506 508 510
38 443 444 446 447 448 449 452 453 454 460 461 463 465 467 468 469 470 471 475 478 479 481 482 483 485 486 487 490 491 496 497 499 500 501 503 505 506 509
29 444 445 448 454 455 458 461 463 467 468 472 474 477 480 483 485 486 487 488 491 496 497 499 500 505 506 507 508 510
29 446 447 449 450 455 459 463 464 469 471 474 475 476 477 478 479 482 483 484 485 488 492 497 500 501 502 507 508 509
27 442 443 444 445 447 455 456 458 461 462 466 472 473 475 476 480 486 487 490 493 494 495 496 498 499 506 508
30 443 444 450 456 457 458 462 463 467 469 470 471 474 475 476 477 478 481 483 490 495 497 498 499 500 505 506 508 509 510
33 442 445 446 450 453 454 456 458 468 469 470 471 473 475 477 478 479 480 483 484 486 487 491 492 494 495 497 498 499 503 504 505 507
31 442 443 448 449 450 451 452 453 454 459 460 461 462 464 466 467 470 471 473 475 477 479 486 491 493 496 500 504 505 506 510
39 442 444 445 448 450 451 452 455 458 462 464 465 467 470 471 472 473 475 476 477 478 479 480 483 485 486 488 491 492 494 495 497 498 501 503 507 508 509 510
35 445 447 448 449 450 451 452 453 454 455 456 459 461 462 465 466 469 472 475 476 481 484 486 487 489 490 492 496 500 501 503 504 507 508 510
27 443 444 451 452 453 454 458 461 462 463 464 466 469 472 475 477 484 486 487 490 491 493 494 500 501 505 508
41 442 451 453 454 455 459 460 462 463 465 466 467 468 470 471 473 475 476 477 479 480 481 482 483 484 487 488 489 491 492 493 495 496 497 502 503 505 506 507 508 509
38 445 447 448 452 453 454 455 457 458 463 465 468 470 472 473 474 475 477 478 479 482 484 485 487 490 491 493 494 495 497 499 500 501 502 503 504 508 509
47 442 443 446 447 449 451 455 456 457 458 459 460 461 462 464 465 468 469 470 471 473 475 476 477 478 479 480 483 486 487 488 489 490 491 492 493 494 496 497 498 499 501 502 504 507 509 510
33 442 448 449 450 452 459 460 461 463 465 468 469 472 474 475 479 480 482 484 485 486 487 489 490 496 497 498 499 500 501 504 507 508
20 443 446 447 448 450 452 455 457 458 463 464 466 469 472 486 490 491 501 503 508
22 449 454 455 458 460 462 463 465 469 470 472 473 474 479 481 482 485 486 498 502 505 507
33 442 443 445 446 450 451 453 455 456 457 459 461 463 464 467 473 474 475 476 478 485 488 489 492 493 496 497 499 501 502 505 507 508
34 442 443 448 450 453 454 455 456 460 463 464 466 468 469 470 472 476 477 479 480 481 483 484 486 487 488 489 491 494 495 496 498 500 509
46 444 445 447 448 449 450 452 453 454 456 457 458 464 465 466 469 470 471 472 474 475 476 477 479 480 483 484 485 486 487 488 492 493 494 495 496 497 498 501 502 503 505 506 508 509 510
25 443 446 455 457 459 461 464 466 467 470 477 480 482 484 487 489 491 492 495 497 499 500 506 507 510
41 442 444 446 448 449 452 458 460 461 462 463 464 465 466 469 472 473 474 476 478 480 481 482 483 484 486 488 490 492 493 494 497 498 499 500 501 504 505 506 507 508
44 443 447 448 450 452 454 455 457 459 460 461 463 464 465 466 467 470 471 472 473 476 477 478 479 480 481 484 485 486 489 490 492 494 495 496 498 499 500 501 503 504 507 508 510
23 443 444 453 455 459 460 464 466 467 472 473 474 484 487 488 490 494 495 497 506 507 508 510
22 442 443 444 448 450 452 455 459 464 472 475 483 484 488 495 496 497 501 503 505 507 509
43 443 444 446 447 448 450 451 455 456 458 461 463 467 468 469 471 472 474 476 477 479 482 483 484 485 486 487 488 489 490 493 494 496 497 498 499 501 502 504 505 508 509 510
31 442 445 446 448 449 451 452 454 457 459 460 461 464 471 472 477 480 481 483 488 489 491 492 493 494 496 500 502 506 508 509
29 442 443 444 445 449 452 453 458 459 463 464 470 471 475 477 478 482 484 486 489 492 495 497 501 502 503 505 507 510
43 442 444 446 447 449 451 455 457 458 460 461 462 463 464 467 468 469 470 472 473 475 476 477 479 480 481 482 483 484 485 487 488 489 493 494 495 496 497 500 501 503 507 508
26 443 445 449 450 454 458 468 470 472 473 480 481 482 484 485 488 489 490 492 493 496 499 501 502 503 508
33 445 447 449 450 451 454 455 458 463 466 467 468 469 471 473 475 476 477 479 480 481 482 486 490 491 499 500 501 502 503 504 507 510
33 442 443 444 445 447 449 450 452 454 455 456 457 460 461 464 467 471 474 476 477 478 485 487 489 491 492 494 497 498 501 505 507 510
31 444 448 452 454 457 459 463 464 467 468 470 471 472 473 474 477 478 479 482 487 488 490 494 495 496 498 503 504 506 508 510
43 444 445 446 449 450 451 452 453 455 457 459 460 462 465 466 468 469 470 471 472 474 475 476 479 480 482 483 486 487 488 489 490 492 495 496 499 500 501 502 504 506 507 509
40 443 445 446 448 449 451 452 453 455 456 457 464 466 467 469 470 471 473 474 478 482 483 486 487 489 491 492 493 494 495 496 498 500 504 505 506 507 508 509 510
29 444 445 447 448 449 451 452 455 456 458 461 464 465 466 468 472 479 483 485 487 488 491 492 494 497 500 502 508 509
22 443 451 454 457 458 459 462 465 468 471 472 473 474 478 481 484 488 497 498 503 507 509
20 447 449 451 453 457 461 463 466 467 470 471 476 482 485 487 492 493 495 501 506
37 443 444 446 447 448 450 451 453 454 456 458 461 462 467 472 475 476 479 482 484 487 488 489 490 491 492 494 495 496 497 498 499 501 505 506 508 509
44 442 444 445 447 448 451 452 453 454 456 457 459 460 461 462 463 464 465 466 467 468 470 474 475 476 477 478 481 484 486 487 488 490 491 494 496 498 499 500 503 505 506 509 510
37 444 445 447 449 451 452 453 455 457 460 462 463 464 465 470 471 472 474 475 478 479 482 484 485 487 488 489 490 491 496 497 498 500 504 505 507 508
28 443 445 450 451 454 457 461 464 465 466 468 473 475 476 477 481 482 485 487 488 492 495 496 498 504 508 509 510
23 442 443 447 449 450 451 454 456 462 466 473 476 481 485 487 488 494 495 498 500 505 508 509
42 444 445 447 448 451 452 453 455 456 457 458 459 460 465 466 467 468 471 472 473 474 477 478 480 483 486 489 490 492 493 494 495 496 500 501 502 503 504 506 507 508 510
28 442 443 445 447 448 450 459 460 466 467 468 472 474 478 479 483 486 491 492 494 496 497 498 499 501 502 504 507
36 442 444 447 449 454 457 459 461 463 467 469 470 471 473 475 476 477 478 479 482 483 485 486 487 488 492 494 495 496 498 499 500 504 506 507 510
26 444 446 447 449 450 455 457 459 460 472 476 480 483 486 487 488 491 492 494 495 496 497 498 499 502 507
34 442 444 445 454 455 456 457 458 459 460 461 466 467 468 473 476 477 479 481 482 484 486 487 488 490 492 494 495 496 497 501 507 508 510
25 443 444 446 448 454 455 457 460 462 465 471 474 476 477 479 480 485 490 491 493 497 499 504 505 508
42 442 443 446 447 448 451 455 456 458 459 460 461 463 464 466 468 469 470 471 473 474 476 477 479 480 482 484 485 490 491 493 495 497 498 499 502 503 504 505 507 508 509
41 445 447 448 449 451 452 454 455 457 458 459 460 461 462 463 467 468 471 472 473 474 475 477 479 480 482 484 486 487 488 492 494 495 497 498 499 500 501 504 505 507
24 442 443 445 446 448 451 452 453 455 459 461 465 466 468 472 482 483 485 493 494 495 501 503 510
45 442 443 445 446 447 450 451 452 453 454 455 456 460 466 468 469 471 473 474 475 477 478 479 480 481 483 484 485 486 487 488 490 491 493 495 496 498 499 502 503 505 506 507 508 510
23 444 446 451 452 463 464 466 468 473 478 480 485 486 487 488 492 493 494 495 499 501 504 505
33 442 443 446 448 449 450 451 452 454 458 459 461 463 464 465 466 470 471 474 476 477 486 489 490 493 494 495 497 499 500 506 507 508
39 444 448 449 450 451 452 453 455 457 458 460 461 462 463 464 468 469 470 472 475 477 478 481 482 484 485 488 489 491 492 493 494 498 499 500 503 505 508 510
37 444 445 448 449 450 452 453 456 457 458 461 463 464 465 467 468 471 472 474 476 479 481 483 484 485 488 489 494 495 497 498 499 501 505 506 507 510
24 443 444 445 446 453 455 456 459 460 461 465 469 472 475 477 478 481 487 489 490 497 500 505 510
38 442 444 445 446 447 449 450 454 455 457 458 461 463 465 466 468 470 472 476 477 479 480 483 485 488 489 492 494 495 497 498 499 500 501 503 504 508 510
32 442 443 447 449 451 453 456 459 460 461 467 469 470 473 474 475 476 477 478 479 480 482 483 484 486 492 493 496 498 500 503 506
47 442 443 444 447 448 449 452 453 454 455 456 457 458 459 460 461 464 466 468 469 470 471 472 473 475 476 477 478 480 481 482 483 484 485 486 489 490 491 492 493 497 500 502 504 507 509 510
40 443 444 447 448 451 452 454 455 456 458 459 461 463 466 470 473 474 475 476 477 480 483 486 487 488 490 492 495 496 498 499 500 501 502 503 504 505 506 508 509
37 442 443 444 445 451 454 457 458 459 461 463 464 466 467 469 471 472 473 477 478 479 481 483 484 487 488 489 492 493 494 496 497 499 502 503 505 507
40 442 443 446 448 449 450 452 453 454 458 461 462 463 466 467 468 469 470 471 474 475 478 480 482 483 484 486 488 489 491 492 493 498 499 502 504 505 506 509 510
25 447 451 452 457 459 465 466 467 468 472 473 474 476 477 478 482 483 484 485 491 493 494 496 502 510
36 444 446 447 448 449 450 451 452 454 458 459 461 462 466 467 468 469 470 472 476 477 478 479 480 483 485 490 491 492 494 496 499 504 505 508 510
24 442 444 448 450 451 452 453 461 464 466 469 471 475 480 484 486 487 497 501 502 504 505 506 510
28 445 446 447 449 453 455 456 458 460 463 467 469 471 474 475 477 479 487 491 492 499 500 503 504 505 507 508 510
36 443 444 445 446 448 451 455 457 458 460 461 462 463 464 465 468 470 471 472 473 474 476 478 483 485 487 488 491 493 496 497 504 505 506 507 509
23 444 450 452 454 455 456 457 460 464 465 468 469 479 480 482 485 488 490 494 495 499 506 509
41 442 444 451 452 455 456 457 458 459 460 461 464 465 466 468 470 471 472 474 475 476 477 478 479 480 481 484 486 487 488 492 495 499 501 502 504 505 506 508 509 510
40 442 443 450 451 452 453 458 459 460 461 463 465 466 468 470 471 472 474 476 478 479 480 481 484 486 487 488 491 492 493 494 495 496 499 500 501 503 506 508 509
20 442 445 452 459 460 461 466 477 478 486 492 495 496 497 498 501 503 507 509 510
39 443 444 445 450 452 459 460 461 463 464 466 467 470 471 473 474 475 478 479 480 481 483 484 485 486 487 489 491 494 495 497 498 500 501 502 504 505 506 507
42 442 443 444 447 448 449 450 451 452 454 455 456 458 459 461 462 463 466 468 469 471 475 477 478 480 481 483 484 485 487 488 490 493 495 496 497 498 500 502 505 507 510
26 443 444 446 450 453 456 458 459 461 465 466 471 477 478 479 481 482 485 491 496 502 503 504 505 506 509
38 442 447 448 449 450 452 453 454 455 456 457 458 459 460 462 464 465 468 469 470 472 473 474 475 478 480 484 485 489 491 492 494 499 500 502 503 505 506
21 446 448 450 454 457 458 459 461 463 469 472 478 480 484 490 493 495 496 506 507 508
36 446 447 449 450 452 453 454 456 459 461 463 467 468 469 472 473 475 477 478 479 481 482 485 487 488 489 490 491 494 497 500 501 502 508 509 510
39 443 444 445 455 456 458 459 460 462 463 464 465 470 471 472 473 474 475 477 479 480 481 482 483 484 486 488 489 491 492 493 496 498 499 500 502 504 507 509
39 442 443 444 447 449 450 451 454 455 457 458 461 462 464 465 467 470 471 472 473 474 478 480 481 483 484 487 488 489 492 495 497 498 499 500 502 503 506 508
23 442 445 446 448 449 453 455 466 470 473 477 483 486 487 490 491 492 496 501 502 503 507 510
21 445 446 447 451 453 454 455 456 458 462 464 467 474 477 478 479 483 490 492 506 510
46 443 444 445 446 447 448 449 450 453 454 455 456 457 458 461 462 464 466 467 468 469 470 472 475 476 478 479 481 482 483 484 485 486 489 490 492 493 494 497 500 501 502 505 506 507 510
43 442 443 444 445 446 448 449 450 451 452 453 454 456 457 459 460 462 463 464 467 468 470 471 475 477 478 479 480 483 484 485 487 488 490 493 494 495 500 501 502 506 508 509
44 442 443 446 449 454 455 456 457 461 463 464 465 466 468 470 471 472 473 474 475 476 477 479 480 481 482 485 486 487 488 489 490 491 493 495 497 499 500 501 502 506 507 508 509
35 442 445 446 449 451 455 456 457 459 460 462 464 469 470 471 474 476 477 478 479 480 484 486 493 494 495 496 497 498 500 503 504 505 506 510
22 443 445 446 451 453 462 465 470 473 474 476 478 479 480 484 489 490 491 495 496 503 507
47 443 444 445 448 451 452 453 454 455 456 458 459 460 463 464 466 467 468 469 470 472 474 475 476 479 480 482 484 485 486 487 489 491 492 493 494 496 498 499 500 501 502 506 507 508 509 510
29 442 443 445 447 449 451 457 458 459 462 464 467 470 471 472 479 480 483 487 490 491 493 495 499 501 504 507 508 510
46 442 443 444 445 447 448 449 450 451 454 457 458 459 460 462 463 464 466 471 474 475 476 477 478 479 480 481 483 486 487 491 492 493 494 495 497 498 499 500 501 505 506 507 508 509 510
48 442 445 447 448 450 452 453 454 458 459 460 461 465 466 467 468 469 470 471 472 473 474 475 476 477 478 479 480 482 483 485 486 487 488 490 491 492 495 496 497 499 500 501 503 504 505 506 509
40 442 443 445 447 449 450 451 452 457 460 461 462 463 464 466 467 469 471 472 473 475 476 478 479 482 488 489 490 491 492 495 496 497 498 499 500 501 502 503 504
36 442 443 446 452 455 456 457 458 459 461 462 464 465 466 467 469 473 475 480 481 483 486 489 490 491 492 495 496 497 499 501 505 506 507 508 509
40 444 445 447 449 450 451 452 455 456 458 460 464 465 468 471 473 475 476 479 480 481 482 484 485 488 490 492 493 494 497 498 500 501 503 504 505 507 508 509 510
48 442 444 445 447 448 450 451 452 453 454 455 456 457 459 460 463 465 466 467 470 471 472 474 475 476 478 479 482 483 484 485 486 487 488 489 491 492 493 494 495 498 499 501 503 504 506 507 510
42 442 443 445 447 448 449 450 452 453 454 455 457 458 460 461 463 464 465 467 469 470 471 475 477 479 480 482 483 484 489 491 492 493 494 496 498 500 502 503 506 508 509
38 442 443 444 446 449 450 451 452 453 454 455 457 460 462 463 464 467 468 469 472 473 476 477 480 485 486 487 489 490 491 494 497 499 503 505 508 509 510
41 442 444 445 446 447 449 451 452 453 455 458 459 461 463 465 466 468 469 470 474 475 476 478 481 483 485 487 488 489 490 493 495 498 499 500 501 502 503 504 508 510
37 442 444 447 448 449 453 454 455 456 457 458 463 465 468 470 471 474 476 477 478 481 483 486 489 490 492 493 494 495 496 498 500 505 506 507 508 509
35 442 443 444 446 449 453 454 458 459 460 461 465 466 467 470 471 473 475 476 478 479 483 484 489 491 493 494 496 497 499 500 505 506 507 508
47 444 445 446 448 450 452 454 457 458 460 461 464 465 467 468 469 471 472 473 475 476 478 479 481 482 483 484 485 486 487 488 489 491 492 495 496 497 499 500 502 503 504 505 506 508 509 510
42 447 450 452 453 454 455 456 457 458 460 461 462 464 465 466 467 470 473 476 478 479 480 483 484 485 486 487 490 492 494 495 496 497 498 499 500 502 504 505 506 507 508
45 442 444 447 451 452 453 454 455 457 458 460 462 464 465 468 469 470 471 473 474 475 477 478 479 480 481 482 483 484 487 489 490 491 492 494 495 496 497 498 501 504 506 507 509 510
23 443 446 449 450 455 457 458 464 466 470 472 473 478 481 483 490 491 492 493 496 503 508 510
39 443 444 447 448 450 453 454 455 456 462 466 467 468 469 470 475 476 478 479 481 482 483 484 487 488 490 491 493 495 496 498 499 501 502 503 506 507 508 510
38 442 443 444 445 448 450 451 453 455 457 461 462 464 465 466 467 469 470 471 474 475 478 479 482 484 485 486 487 488 489 493 495 496 498 502 505 509 510
28 444 447 452 453 455 460 463 464 466 469 472 473 475 479 480 484 485 486 487 491 492 493 498 499 504 506 507 509
21 444 452 454 458 459 460 463 465 470 471 477 478 482 485 495 499 500 501 506 507 509
30 442 443 445 446 449 451 452 457 458 461 462 463 464 470 476 477 479 480 483 485 488 489 493 494 495 496 502 507 508 509
20 442 446 450 451 452 457 462 463 466 471 472 473 476 482 484 491 494 495 497 506
43 445 447 448 449 450 452 455 456 457 458 459 460 462 465 467 470 471 473 475 476 478 479 481 482 483 484 485 486 488 490 492 494 495 496 497 500 501 502 503 504 505 506 509
25 446 448 451 452 454 456 458 463 466 471 473 476 478 479 481 483 485 490 491 492 496 497 500 504 509
27 443 445 446 447 456 463 469 471 473 475 476 477 479 483 484 485 487 489 494 495 498 499 501 505 506 508 509
25 442 444 446 448 455 458 459 461 462 463 468 469 471 474 476 483 484 491 492 495 496 500 501 503 504
40 443 445 446 447 448 449 450 452 454 455 457 458 459 460 462 463 464 465 466 467 469 470 472 475 476 479 480 481 482 483 488 493 495 496 501 502 503 504 506 508
34 442 446 451 454 455 456 457 458 460 463 465 466 468 474 476 478 482 485 486 487 490 492 493 494 495 500 501 502 503 505 506 507 508 510
29 442 444 450 451 453 455 456 457 460 463 464 465 470 471 472 473 475 480 481 486 487 488 494 496 503 504 505 507 508
44 443 445 447 449 451 452 454 459 460 461 462 463 464 465 467 468 469 470 472 474 475 478 479 481 483 484 486 490 491 492 494 495 496 497 501 502 503 504 505 506 507 508 509 510
43 444 445 448 449 453 454 456 457 458 459 461 462 463 465 466 468 469 470 471 474 476 477 478 482 485 487 488 489 491 492 493 495 496 497 498 500 501 503 505 506 507 508 510
40 442 443 445 446 448 449 450 451 453 454 455 457 458 459 460 461 462 463 466 467 468 471 472 479 480 482 483 484 486 488 490 492 494 498 501 503 507 508 509 510
31 442 444 447 448 451 452 454 456 457 460 464 465 470 471 472 476 479 480 481 483 485 489 490 492 495 497 498 501 506 507 510
34 444 445 446 447 448 449 451 452 454 455 460 461 464 466 467 468 474 475 476 477 480 481 491 493 494 495 496 497 499 502 503 505 507 509
45 442 443 444 447 448 452 453 454 455 458 459 460 462 463 464 465 466 467 468 470 472 474 476 477 481 482 483 485 486 487 488 489 490 492 496 497 498 499 501 504 506 507 508 509 510
24 442 443 448 449 451 453 457 458 460 463 465 469 473 475 479 483 484 485 489 490 491 495 497 504
34 443 444 446 447 449 450 451 454 456 460 463 467 468 469 470 471 472 474 475 476 478 482 484 486 489 491 494 496 499 503 504 506 509 510
47 442 443 445 446 447 448 449 450 453 454 458 459 460 461 462 463 464 465 467 468 469 470 477 478 479 480 481 482 484 485 486 487 491 492 493 495 496 498 499 500 502 503 505 507 508 509 510
40 444 445 446 448 449 451 453 455 459 460 464 465 468 471 472 473 474 475 476 480 484 485 486 488 489 490 491 493 494 496 498 499 500 501 502 505 507 508 509 510
47 442 443 444 446 447 450 451 453 454 455 456 457 458 459 462 463 464 465 467 468 469 470 471 474 475 476 477 478 482 483 484 487 489 490 493 494 495 496 498 499 500 501 502 503 504 507 508
37 442 443 444 445 446 447 449 450 451 455 456 459 461 466 468 471 475 477 478 480 481 482 483 487 488 489 491 492 494 497 498 499 502 503 504 505 506
36 443 449 451 452 455 456 457 458 459 460 462 463 465 467 469 471 472 473 474 477 478 479 481 483 484 489 493 495 497 498 499 501 503 505 507 510
29 443 446 449 451 452 453 455 458 461 462 463 467 469 470 471 477 478 479 484 491 496 499 500 504 505 506 507 508 510
38 442 444 445 447 448 449 451 455 459 461 465 467 468 469 471 474 475 476 477 478 479 481 482 483 484 485 486 490 492 493 494 496 497 499 502 505 506 507
44 445 446 447 448 451 453 454 455 456 457 458 461 462 463 464 468 470 471 472 475 476 478 479 480 481 482 483 485 486 487 489 491 492 493 495 498 499 500 501 503 506 507 509 510
45 442 443 444 447 450 451 452 453 454 455 456 458 459 461 462 463 464 465 469 472 473 474 476 477 478 480 482 483 487 488 490 495 496 498 499 500 501 502 504 505 506 507 508 509 510
47 442 443 444 447 448 449 450 451 453 454 455 457 459 460 461 462 463 465 467 468 469 471 473 474 476 477 479 480 481 482 483 484 485 487 489 492 494 495 496 498 499 500 502 503 504 505 510
30 443 446 448 452 453 457 463 464 467 469 471 472 478 480 483 485 488 490 491 493 495 497 500 501 502 503 505 507 508 510
35 442 445 448 451 454 455 456 457 458 460 461 462 463 466 467 469 470 472 476 477 478 480 481 482 483 484 485 486 487 488 490 491 500 508 509
46 442 443 444 447 448 449 450 451 453 454 455 457 458 459 460 461 462 463 465 466 467 468 470 472 473 474 477 478 479 481 482 485 487 488 490 491 492 493 494 496 497 498 499 501 504 507
47 443 444 446 449 450 451 452 460 461 462 463 464 465 468 470 471 473 474 475 476 477 478 479 480 481 483 484 485 486 490 491 493 494 495 496 497 498 499 500 502 503 504 505 507 508 509 510
24 445 446 447 450 451 456 460 464 467 470 471 477 481 484 489 491 492 493 496 498 499 500 504 507
25 442 443 449 453 455 459 462 465 466 467 468 469 474 475 479 482 490 493 494 496 498 499 501 503 508
28 442 443 445 448 450 451 452 454 456 457 459 461 464 465 466 470 471 475 478 480 487 488 490 494 498 500 503 505
30 443 447 448 455 457 458 460 462 463 464 466 467 469 471 476 477 479 484 485 486 490 491 492 493 496 497 503 505 506 509
24 442 443 445 446 450 454 462 463 465 466 469 474 478 479 480 482 484 487 490 493 494 496 501 503
26 447 448 450 452 459 460 462 464 465 469 471 472 474 476 480 482 483 484 486 489 492 494 499 503 504 510
23 442 443 447 449 450 452 454 458 462 463 467 468 473 476 483 489 496 501 502 505 506 509 510
41 444 445 447 448 449 455 456 457 460 461 463 464 465 466 467 469 470 473 474 476 478 479 481 482 483 485 486 487 489 492 493 494 496 499 500 501 504 505 507 509 510
45 442 443 444 445 446 449 451 452 453 454 455 458 461 464 465 466 467 469 470 471 474 476 477 478 481 482 486 487 488 490 491 494 495 496 497 498 499 500 501 502 503 504 507 508 510
42 442 443 444 445 446 449 450 451 452 458 459 460 463 466 467 471 473 475 479 480 481 482 483 485 486 487 489 491 492 495 496 498 499 500 501 502 503 504 505 508 509 510
26 442 443 446 448 449 457 459 464 467 468 471 473 474 475 478 482 485 487 492 494 499 504 505 506 507 508
30 446 447 452 453 454 455 456 459 460 462 463 467 468 469 470 471 472 474 480 482 483 485 486 491 493 497 498 502 503 506
35 443 446 449 450 452 456 458 460 462 464 465 466 469 470 475 476 478 479 483 484 487 489 490 491 492 493 494 496 498 499 501 504 506 508 510
42 442 443 445 446 447 448 449 452 454 457 458 460 462 463 465 466 467 468 469 470 471 472 474 475 476 478 479 481 482 483 487 488 489 490 492 493 496 498 499 500 501 504
26 444 445 449 454 457 458 461 463 464 467 469 471 476 477 480 485 492 493 495 497 499 501 503 505 506 510
47 442 444 445 447 448 451 453 456 458 459 460 461 462 463 464 465 466 467 468 469 470 471 472 474 476 478 480 481 484 486 487 488 489 491 493 494 495 496 497 498 499 501 502 503 504 507 509
39 444 445 446 448 449 450 451 453 456 459 460 462 463 464 466 467 468 469 471 474 475 476 477 479 480 483 484 486 489 490 495 496 497 498 499 500 501 506 510
30 444 447 450 451 452 454 455 456 458 461 464 469 470 472 473 474 475 477 479 483 489 491 496 499 501 503 504 505 507 508
24 447 449 450 453 462 466 470 473 474 476 477 479 480 481 486 487 494 497 499 502 503 505 506 508
21 448 449 451 460 462 466 471 472 473 478 479 481 482 483 484 493 497 498 500 501 505
46 443 444 446 447 448 451 452 453 455 458 459 461 462 463 464 466 467 468 470 472 476 477 478 479 480 481 483 485 488 489 491 492 493 494 495 497 498 499 501 503 504 505 506 507 509 510
39 442 443 446 447 449 452 458 459 460 461 462 467 468 469 470 471 472 473 476 478 483 486 487 488 489 490 491 492 494 495 498 499 501 502 503 505 508 509 510
45 445 446 447 448 449 451 453 454 455 458 459 461 462 463 466 468 469 471 474 475 478 481 483 484 485 486 487 488 489 490 491 492 493 494 495 496 498 500 501 503 504 505 507 509 510
47 442 443 445 446 449 450 453 454 455 456 457 458 459 460 462 463 464 465 469 471 473 474 475 477 479 481 483 484 486 488 489 490 492 494 495 496 497 498 500 501 502 504 505 507 508 509 510
28 443 445 447 449 453 455 458 460 463 465 466 468 472 473 474 478 480 482 487 488 489 490 491 494 502 504 505 508
47 442 444 445 446 447 449 450 451 452 455 456 460 461 462 463 464 465 466 467 468 469 472 473 474 475 478 479 481 482 485 486 487 492 493 494 496 497 498 499 501 502 503 505 506 507 509 510
30 442 444 445 446 447 448 450 451 452 454 455 456 460 462 463 470 474 479 481 484 489 490 491 492 493 496 502 504 505 509
34 442 449 450 451 454 456 457 458 459 461 466 472 473 478 479 480 482 486 487 488 489 490 491 492 494 495 496 499 501 503 504 506 509 510
40 443 444 445 446 450 452 455 457 460 461 463 464 466 467 472 473 475 476 477 478 479 480 481 482 484 485 487 488 490 494 496 498 499 501 502 503 504 508 509 510
36 442 443 444 445 447 448 450 451 452 454 457 458 459 463 465 469 470 472 474 478 481 482 483 484 488 489 493 494 496 497 501 505 506 507 509 510
23 444 455 458 459 461 466 469 470 471 472 473 477 478 480 482 484 486 491 493 500 501 503 504
31 442 444 449 453 454 456 457 459 461 463 465 467 468 470 472 477 484 487 489 490 491 492 494 495 497 498 500 501 502 507 508
45 442 443 444 446 447 448 449 450 452 454 456 457 459 461 462 463 465 466 467 468 469 470 472 473 474 476 478 479 480 481 483 484 485 486 487 489 493 494 497 498 500 503 504 505 507
37 443 444 445 446 447 449 452 453 454 455 459 460 461 463 464 466 467 470 472 473 474 476 480 481 482 486 492 496 497 498 500 501 503 505 507 508 509
27 445 449 451 455 457 460 463 464 468 470 471 472 473 477 479 482 484 488 489 491 493 494 496 499 500 506 510
42 442 443 444 446 449 451 453 456 457 458 459 462 463 464 465 466 467 468 469 470 471 473 475 476 477 480 481 487 488 491 493 494 497 498 499 500 501 502 503 505 506 508
24 442 445 446 452 453 454 457 459 460 463 466 469 478 479 480 481 482 484 490 491 495 497 502 507
40 442 443 445 448 450 451 453 455 456 457 458 460 461 462 466 467 468 470 471 472 474 476 477 478 479 480 484 485 488 489 491 492 493 495 497 500 504 505 508 509
41 442 444 445 446 447 451 452 454 455 457 459 460 461 463 465 466 468 469 470 471 473 474 475 476 477 478 479 480 481 482 483 486 488 494 499 500 502 503 506 507 509
45 442 443 444 446 447 448 450 451 452 453 456 459 460 461 463 464 465 466 467 468 469 470 473 478 479 481 482 483 485 487 488 489 493 494 495 496 498 499 500 501 502 503 508 509 510
30 442 443 445 454 455 457 461 464 466 467 468 469 471 474 475 478 482 483 486 487 491 494 495 496 502 503 504 505 508 509
46 442 443 445 446 447 448 449 450 454 455 456 457 458 460 461 462 463 465 467 468 470 473 476 477 478 479 480 481 482 484 485 488 491 493 494 496 497 499 500 501 504 506 507 508 509 510
29 443 445 446 448 451 452 454 458 460 462 465 468 471 474 476 478 483 485 486 487 492 493 494 497 498 500 504 506 507
35 442 443 446 448 449 452 453 454 462 463 466 469 471 473 474 476 480 482 484 488 490 491 493 494 497 499 500 501 503 504 505 506 508 509 510
47 442 443 444 445 447 450 451 452 453 455 456 457 459 461 464 465 467 468 469 471 473 474 475 476 477 478 479 480 482 483 484 486 487 488 489 490 495 497 498 499 501 503 504 505 506 507 508
38 443 444 445 446 448 450 451 454 456 457 458 460 461 462 463 467 468 469 470 472 473 475 476 478 479 484 488 489 492 493 496 499 500 501 503 506 507 510
31 442 443 445 447 455 456 457 462 464 468 469 470 474 475 480 481 482 483 484 485 486 489 490 491 496 498 501 503 505 508 509
46 442 444 445 446 447 448 449 450 452 453 454 455 458 459 460 461 462 463 464 466 467 470 474 476 477 480 481 482 483 484 487 488 489 490 491 493 494 495 496 498 500 501 503 504 507 508
22 444 448 451 457 458 460 463 467 468 472 474 475 476 479 482 483 491 495 497 499 507 508
35 442 443 447 449 451 452 453 456 457 458 459 462 463 468 469 475 476 478 481 482 483 484 485 489 490 492 493 494 495 496 498 500 506 509 510
31 445 447 449 450 451 454 462 465 470 471 474 476 478 479 480 482 484 485 487 488 489 493 495 498 499 501 502 503 504 505 507
24 444 446 450 451 456 461 464 467 469 470 473 475 476 478 486 489 492 494 499 500 503 504 507 509
31 446 447 448 449 450 452 456 458 459 462 464 465 466 469 471 472 475 476 477 480 481 483 485 486 488 492 495 497 498 502 504
45 444 446 447 449 450 452 453 454 455 456 458 461 462 465 466 467 468 469 471 472 475 476 478 479 480 482 485 486 488 490 492 495 496 497 498 499 500 501 502 503 504 505 506 509 510
33 443 444 445 447 450 452 458 460 462 467 468 470 473 476 477 478 479 480 482 483 484 485 486 491 492 493 494 497 501 502 503 505 508
34 442 444 447 448 449 451 452 453 454 455 457 458 460 461 462 468 475 476 478 479 481 483 485 486 488 489 495 496 498 499 503 507 508 510
35 445 446 447 448 450 451 453 455 456 457 458 459 460 463 465 469 472 475 477 479 481 482 485 486 487 490 491 493 496 498 499 503 505 507 509
25 446 447 451 454 456 457 462 463 467 471 472 473 474 476 477 486 487 488 498 504 505 506 508 509 510
32 442 446 448 450 455 456 459 460 461 463 465 466 469 470 471 474 479 480 482 485 486 489 490 491 493 495 496 499 501 502 505 508
44 442 444 445 448 449 450 451 452 453 454 455 457 458 462 463 464 465 467 468 469 472 473 474 475 477 478 480 482 483 484 485 487 489 492 494 495 496 497 498 499 500 501 504 509
32 442 451 456 458 459 467 468 469 470 471 473 478 480 481 482 484 485 486 487 488 489 491 493 494 495 498 500 503 504 505 507 508
37 443 444 448 451 452 453 456 458 461 462 463 464 465 466 468 469 470 471 473 476 478 479 480 482 486 487 489 492 495 498 499 501 503 504 505 509 510
38 443 444 446 447 450 452 454 455 457 459 461 462 467 468 470 473 474 475 479 481 482 483 484 485 487 488 490 493 494 495 496 498 501 503 504 507 508 510
47 442 445 448 449 451 452 453 454 456 457 459 461 462 463 464 465 467 468 469 470 472 473 474 475 476 477 478 480 482 486 487 489 491 492 493 495 496 498 499 500 501 502 504 505 506 507 508
36 444 451 452 453 454 457 458 459 460 462 464 468 470 475 476 477 479 481 483 485 488 489 491 492 493 494 495 496 497 498 502 503 504 506 508 509
23 442 446 447 449 450 453 454 458 463 467 471 481 483 484 485 486 487 489 492 493 496 502 508
39 442 443 444 446 447 448 453 455 456 458 460 461 464 466 467 468 469 470 471 473 474 476 478 479 480 481 482 489 490 491 492 493 495 496 497 499 505 506 510
38 442 446 447 449 452 453 454 457 459 460 461 462 463 466 468 470 471 473 474 475 478 483 484 485 486 487 490 491 492 494 497 498 500 501 505 506 507 510
44 442 443 445 447 448 450 451 454 459 461 462 463 466 467 470 471 473 474 475 476 478 479 480 482 483 485 487 488 489 490 492 494 496 497 499 500 501 502 505 506 507 508 509 510
22 445 448 453 454 455 457 463 468 476 478 480 481 482 483 486 487 488 489 494 506 507 508
36 442 445 448 449 452 455 456 458 459 460 461 462 464 468 469 470 472 473 476 477 481 484 485 487 489 490 491 492 494 495 498 499 502 503 504 507
44 443 446 447 448 449 450 451 452 455 456 457 458 461 462 463 464 465 467 470 471 472 473 474 477 478 480 482 484 485 486 488 493 494 496 497 498 499 500 501 503 505 506 507 509
44 442 444 445 446 447 448 450 452 454 455 457 458 460 461 462 463 464 466 468 470 472 473 474 476 479 481 482 483 485 486 487 490 492 494 495 496 497 500 501 502 505 506 507 509
35 442 445 448 449 452 456 457 458 459 460 461 468 469 471 473 475 476 478 482 483 484 486 488 489 493 494 495 499 501 502 504 505 506 508 509
47 443 444 445 447 448 449 450 451 454 455 456 457 458 459 460 466 467 468 469 470 471 472 476 478 479 480 481 484 485 486 487 488 489 491 492 493 495 496 497 498 504 505 506 507 508 509 510
21 444 445 450 451 453 459 460 469 472 479 480 481 482 484 489 494 498 500 505 508 509
39 442 445 447 450 453 454 455 456 457 458 460 462 463 464 467 468 469 470 472 475 481 482 483 485 486 487 489 490 491 492 494 495 497 499 501 503 504 508 509
31 444 446 449 451 456 458 460 463 464 470 473 476 477 478 480 482 483 485 486 487 488 490 495 496 497 499 501 503 505 506 507
27 443 445 446 449 450 451 452 453 458 463 465 473 474 476 478 482 491 492 494 497 498 499 503 505 508 509 510
42 442 443 444 452 453 456 457 460 461 462 463 466 467 468 469 470 473 476 478 479 480 481 484 485 487 488 490 491 492 494 495 496 497 498 499 502 503 504 506 508 509 510
37 443 446 447 448 449 450 452 454 455 457 458 459 460 461 462 464 467 470 472 473 475 476 477 480 485 486 487 488 494 498 499 500 503 504 505 508 510
33 444 446 448 449 450 451 452 455 459 464 465 469 471 472 473 474 475 477 478 479 481 483 484 487 490 492 494 495 496 498 504 507 510
43 443 444 446 449 451 453 454 456 457 458 459 460 463 464 465 466 467 469 470 471 473 474 475 476 477 478 479 481 482 483 485 486 487 490 492 495 500 502 503 504 505 507 508
21 446 450 453 456 458 460 461 464 467 472 475 479 480 482 483 487 491 495 496 497 510
35 446 447 448 449 450 451 456 459 461 462 465 469 470 472 477 478 479 481 482 483 484 485 486 487 491 493 494 495 498 499 500 501 505 507 508
45 442 443 447 448 449 450 451 452 454 457 458 459 460 461 462 463 466 468 469 470 472 473 474 477 478 481 483 484 486 487 489 491 492 493 494 495 498 501 502 503 504 506 508 509 510
47 443 444 445 446 447 448 449 451 453 456 457 461 462 463 464 466 467 468 469 471 473 474 476 477 478 480 481 482 483 485 487 488 491 492 493 495 496 497 498 499 501 502 504 505 506 507 509
26 445 446 447 449 450 451 453 455 460 464 465 468 475 478 483 484 485 486 487 491 493 494 495 501 507 508
35 442 443 444 445 448 453 454 455 461 464 465 468 471 473 475 476 480 482 484 485 487 488 492 493 494 496 497 498 499 501 502 503 504 507 509
35 443 445 449 451 453 454 455 457 460 461 463 464 465 466 467 469 470 471 473 474 476 478 479 484 490 491 492 494 497 501 503 504 506 507 508
40 444 446 447 448 455 458 459 460 461 465 466 467 468 469 470 471 472 473 474 476 477 478 479 480 482 484 485 489 491 493 494 497 498 500 501 502 504 506 509 510
37 445 446 447 448 449 450 453 455 456 457 460 462 463 464 465 467 468 469 471 473 477 479 480 482 485 488 489 490 492 498 499 500 502 503 504 506 509
35 442 446 448 449 450 451 452 453 454 456 457 461 463 467 470 473 475 476 477 479 481 484 485 487 488 490 491 492 496 498 501 503 505 506 508
36 443 447 448 449 451 454 455 456 457 459 463 464 466 467 468 469 470 473 474 476 477 480 483 486 491 492 493 495 496 498 501 503 504 505 507 510
43 442 443 444 446 447 451 455 456 457 458 463 464 466 468 469 470 471 472 476 478 480 482 483 484 485 486 487 489 490 491 492 495 497 498 499 500 501 502 503 504 505 506 510
48 442 443 445 446 447 448 449 450 451 452 454 455 456 458 459 460 461 463 464 465 466 467 468 471 472 474 476 478 479 480 481 482 483 484 488 490 492 495 497 499 501 502 503 504 505 508 509 510
21 447 453 459 462 464 465 468 471 478 487 489 490 491 492 494 495 497 499 501 505 510
45 442 443 444 445 446 450 452 454 455 456 461 464 465 467 468 469 470 471 474 475 476 477 482 483 484 485 487 488 490 491 492 493 495 496 497 498 499 500 502 503 505 506 508 509 510
40 443 444 447 448 449 450 451 452 454 455 456 457 459 463 465 466 467 468 471 472 474 476 478 481 483 485 487 490 491 494 496 497 498 502 503 505 506 508 509 510
21 444 445 446 447 461 462 469 471 472 479 480 486 488 491 493 495 498 502 503 505 509
29 443 445 446 448 449 450 451 454 455 458 461 464 470 474 476 477 478 479 480 482 484 488 490 491 495 496 498 500 501
37 443 445 449 451 452 455 456 457 458 459 460 466 467 468 469 471 474 477 480 481 482 484 486 489 490 491 493 494 495 496 498 499 501 502 503 506 508
25 443 456 458 460 461 463 466 469 471 473 474 476 480 483 484 485 489 492 496 497 498 499 501 504 509
