348 2805
33 1 2 3 4 5 6 7 8 9 10 11 12 13 14 15 16 17 18 19 20 21 22 23 24 25 26 27 28 29 30 31 32 33
22 1 2 3 4 6 7 8 9 11 12 16 17 18 20 22 23 24 25 27 28 30 31
13 6 7 9 10 12 16 19 26 28 29 30 32 33
26 1 2 3 4 5 6 10 11 12 13 14 15 16 17 19 21 22 23 24 25 26 27 29 31 32 33
13 4 7 9 13 15 18 19 21 22 24 25 29 30
13 1 3 6 8 10 11 14 15 23 28 30 32 33
13 1 2 8 10 12 16 17 18 24 26 28 30 33
13 2 3 6 10 11 12 15 22 23 25 26 27 31
21 1 3 4 6 10 14 15 16 17 20 21 22 24 25 26 27 29 30 31 32 33
17 1 7 8 9 12 14 15 19 21 22 23 24 25 27 29 30 32
25 2 3 5 6 7 8 9 10 11 12 13 14 15 17 18 19 20 21 23 26 28 29 30 32 33
24 2 3 4 5 8 9 11 13 14 16 17 18 19 20 21 22 23 24 25 26 27 28 29 30
22 1 2 3 5 6 7 9 12 13 15 17 18 19 21 22 23 25 26 29 30 31 32
19 1 2 3 4 6 7 9 10 11 12 15 16 17 18 25 26 30 32 33
17 2 3 6 7 8 11 12 13 15 16 18 20 23 24 25 26 27
20 1 2 3 4 5 6 8 10 12 13 15 16 17 18 20 21 27 28 29 30
10 2 6 10 14 20 24 26 28 30 32
21 3 6 9 10 11 13 14 15 16 17 18 20 21 22 25 26 27 28 29 31 32
11 1 2 4 6 8 9 11 15 27 28 32
13 4 7 8 10 14 16 17 18 25 28 29 30 31
21 2 4 5 6 7 8 11 12 13 14 19 22 23 24 25 26 27 28 29 31 32
24 1 2 3 4 5 6 8 10 12 14 15 16 18 19 20 21 22 24 25 26 27 28 30 31
21 3 4 5 8 10 12 13 14 15 16 17 20 21 22 25 27 28 29 30 31 32
21 3 4 5 6 7 9 10 12 13 16 17 18 19 22 23 25 26 28 29 30 32
17 4 5 6 7 8 9 11 13 14 15 18 20 21 22 26 27 30
25 1 2 6 7 8 9 10 11 12 13 14 15 16 18 19 20 21 23 24 25 26 27 29 31 33
21 3 4 5 6 8 10 13 14 16 17 18 19 20 21 23 26 28 29 30 31 32
24 1 3 4 5 8 9 10 11 12 14 17 19 21 22 23 24 25 26 27 29 30 31 32 33
23 2 4 5 7 8 10 11 12 13 14 18 20 21 22 25 26 27 28 29 30 31 32 33
25 1 2 4 5 7 8 9 12 13 14 16 18 19 20 21 22 23 24 25 26 27 28 29 31 33
15 5 9 11 14 17 21 22 23 24 25 26 28 29 31 32
18 1 2 3 6 7 8 9 10 13 14 17 22 23 25 26 27 30 32
18 2 3 5 6 7 9 10 11 12 15 16 20 22 23 26 27 29 30
11 1 4 5 7 12 13 23 25 28 32 33
15 1 5 8 10 12 15 17 19 22 23 26 27 29 31 32
13 8 9 10 12 14 15 16 17 20 25 28 29 31
19 2 3 4 5 6 7 8 9 10 13 17 21 22 25 27 28 30 31 32
19 1 3 4 5 6 8 9 10 11 12 14 15 19 20 25 26 28 30 31
25 1 3 4 5 7 9 10 11 12 13 14 15 19 20 21 22 23 25 26 27 28 29 31 32 33
15 1 4 5 7 9 12 14 15 17 23 24 25 26 27 32
12 1 11 14 16 22 25 26 28 29 30 31 33
11 2 3 10 19 21 24 25 26 27 29 30
19 2 4 5 9 10 11 12 13 14 15 16 17 18 21 23 24 25 27 33
16 1 7 8 12 14 15 16 17 18 21 22 26 27 28 29 31
20 1 3 5 7 9 12 13 14 15 16 18 19 21 24 26 28 29 30 31 32
21 1 3 4 6 8 10 11 12 13 15 18 19 20 21 22 23 25 26 29 32 33
19 2 3 4 6 7 8 9 12 13 14 17 20 21 25 26 28 29 31 33
11 5 8 16 19 23 24 25 27 28 31 33
10 8 9 10 11 13 14 15 16 23 27
24 2 3 4 5 6 7 8 9 10 13 14 16 19 20 22 23 25 26 27 28 29 30 32 33
23 1 3 4 6 8 9 11 13 15 17 18 19 20 21 22 23 25 26 27 30 31 32 33
22 2 3 4 5 6 7 9 12 14 16 17 18 19 20 22 24 25 26 27 29 30 32
10 3 5 10 12 16 17 19 22 23 27
17 1 2 4 5 7 8 10 12 13 14 15 16 18 22 30 32 33
23 1 5 6 7 9 10 11 12 13 14 16 17 18 20 21 22 23 25 26 27 28 31 33
14 1 3 8 9 10 20 21 23 24 25 27 28 30 31
20 2 6 7 11 12 14 15 16 17 18 19 20 23 25 27 28 29 30 31 33
9 4 5 14 15 18 21 24 25 27
15 1 2 3 5 6 11 14 16 17 20 26 27 28 29 33
16 3 4 6 7 8 9 12 15 18 24 25 27 29 30 32 33
10 3 6 13 15 16 19 23 25 28 32
12 1 3 7 9 13 18 19 21 25 27 31 33
11 2 4 6 8 9 11 13 17 22 27 31
25 1 2 5 7 8 9 12 13 14 16 18 19 20 21 23 24 25 26 27 28 29 30 31 32 33
19 2 4 5 8 9 10 11 12 13 14 15 16 17 19 20 21 28 29 31
25 2 3 4 5 6 7 8 9 10 11 12 13 15 16 17 19 20 22 23 24 26 27 28 29 33
9 1 2 3 12 15 17 20 28 31
21 2 4 7 8 9 10 12 14 15 16 19 21 22 25 26 27 28 29 30 31 33
22 2 3 5 6 10 11 12 14 17 18 19 21 24 25 26 27 28 29 30 31 32 33
19 1 6 8 11 12 14 16 18 19 20 21 22 23 24 25 26 28 29 30
16 2 3 4 8 12 17 20 22 23 24 26 27 28 30 31 32
17 4 6 7 8 9 10 11 12 21 23 25 26 27 30 31 32 33
10 6 13 16 17 18 22 24 27 30 31
19 1 3 6 7 9 10 11 12 14 15 16 17 20 22 23 26 28 29 32
20 2 3 4 5 6 9 11 12 13 15 17 19 22 25 26 28 29 30 31 33
24 1 3 4 5 6 10 11 13 15 16 17 18 20 21 22 23 24 25 27 29 30 31 32 33
17 1 4 5 6 12 13 14 15 16 21 23 24 25 26 28 30 32
25 2 3 4 6 7 8 9 11 12 13 15 17 18 19 21 22 23 24 26 27 28 29 30 32 33
13 1 2 4 5 9 10 11 12 13 14 18 22 27
18 1 3 5 7 8 9 10 14 16 17 20 23 24 25 26 28 29 33
25 1 2 3 4 6 8 9 10 11 12 13 14 16 17 18 19 20 21 23 24 25 26 30 31 33
15 1 4 5 7 12 14 19 21 24 26 27 28 29 32 33
25 1 2 3 6 8 9 10 11 13 15 16 17 18 19 20 23 24 26 27 28 29 30 31 32 33
62 34 35 36 37 38 39 40 41 42 43 44 45 46 47 48 49 50 51 52 53 54 55 56 57 58 59 60 61 62 63 64 65 66 67 68 69 70 71 72 73 74 75 76 77 78 79 80 81 82 83 84 85 86 87 88 89 90 91 92 93 94 95
47 34 35 36 37 39 40 41 42 43 45 46 47 48 51 52 54 55 57 59 62 64 65 66 67 68 69 70 71 72 73 74 75 76 77 78 79 81 83 84 86 87 88 89 91 92 93 95
39 34 35 36 38 39 40 41 45 48 49 51 53 55 60 61 64 65 66 68 69 70 74 75 76 78 79 80 81 82 84 85 86 87 88 89 92 93 94 95
28 35 36 37 39 40 41 43 45 46 48 51 53 54 55 57 61 64 67 69 72 78 79 80 84 85 86 91 95
44 34 35 36 37 38 39 42 43 44 45 47 50 52 53 54 57 60 61 62 63 64 65 66 68 69 70 71 72 73 75 76 77 80 82 84 85 86 88 89 90 91 92 94 95
33 34 36 38 40 41 42 43 44 45 48 49 50 52 53 54 55 56 58 60 63 68 69 70 72 74 76 77 78 79 81 83 86 90
45 35 37 38 39 40 43 44 45 46 47 48 49 50 51 55 56 58 59 60 61 62 63 64 66 69 70 71 72 73 74 75 79 80 81 82 83 86 87 88 89 90 91 92 94 95
20 34 38 39 40 41 45 46 50 60 61 72 73 74 77 80 82 83 86 92 93
41 37 38 39 40 41 44 45 46 47 48 49 51 52 54 56 59 60 61 64 65 66 67 68 69 71 73 74 75 76 79 80 81 82 83 84 85 87 88 90 93 94
35 35 37 39 41 42 44 45 52 54 55 57 58 59 63 66 67 68 69 72 73 74 76 77 78 80 81 82 83 84 86 88 89 91 93 94
44 35 36 38 40 41 42 45 47 48 50 51 52 53 55 56 58 59 60 62 63 65 66 67 68 69 71 72 75 76 77 79 80 81 82 85 86 87 88 89 90 91 92 93 94
43 34 35 36 37 38 41 42 44 46 47 48 49 53 54 56 58 59 60 61 62 66 67 68 69 71 73 74 76 77 78 79 81 82 83 84 85 86 87 89 90 91 93 94
35 34 36 37 40 42 43 44 45 46 50 51 53 55 56 57 58 59 62 63 64 66 68 75 76 77 79 80 84 85 86 87 88 89 94 95
48 34 37 39 41 42 45 46 47 48 49 50 51 52 53 54 55 56 57 58 59 60 61 62 63 64 65 66 67 68 69 70 72 74 75 76 77 78 80 81 82 84 86 87 88 90 91 92 95
21 34 35 39 41 44 45 50 51 53 55 63 66 68 72 73 76 77 83 85 86 88
38 38 39 40 42 43 46 49 50 53 54 56 59 60 62 63 65 66 67 69 70 71 72 73 75 77 78 79 81 82 83 84 87 89 90 91 92 93 95
23 34 40 43 44 45 47 51 58 60 61 62 66 67 71 72 73 74 75 77 86 88 89 95
48 35 36 38 39 40 41 42 43 44 45 46 47 48 49 51 52 53 54 56 58 59 60 62 63 64 65 67 68 70 71 72 73 74 76 78 79 80 81 82 84 85 87 88 89 90 92 93 95
25 34 36 37 43 44 48 50 51 52 54 55 56 57 58 60 61 63 69 71 77 78 81 87 88 95
39 35 36 37 38 39 40 41 42 43 46 50 51 52 53 55 57 58 59 60 61 63 65 68 69 70 71 72 73 76 79 80 81 84 85 86 87 89 90 94
29 35 38 39 40 41 42 48 50 51 52 55 59 62 64 65 70 71 73 74 75 77 80 81 82 83 88 90 92 93
25 35 36 37 39 41 43 49 51 52 57 59 62 63 64 65 66 68 72 76 79 81 82 87 89 91
43 34 35 36 39 40 41 42 43 44 45 46 47 49 50 51 52 55 56 58 59 63 64 65 67 68 70 71 72 73 75 76 77 78 79 80 81 84 85 86 88 89 90 95
34 37 39 40 42 43 44 45 46 47 48 51 53 55 57 58 61 64 66 68 69 71 73 76 78 79 80 81 84 85 86 87 91 92 95
47 36 37 38 39 40 41 42 43 44 46 47 48 49 50 52 53 56 57 58 59 60 62 63 65 66 68 69 72 73 74 75 76 77 78 80 82 83 84 85 86 87 88 89 90 91 92 93
38 34 35 36 37 40 41 42 43 44 45 48 50 51 52 53 55 57 58 59 61 64 66 67 69 70 71 74 75 77 79 80 81 83 85 87 88 89 93
38 35 37 39 41 43 44 45 47 48 52 53 54 56 57 59 60 61 62 64 67 68 70 71 73 74 78 79 80 83 84 85 86 87 88 89 91 93 95
45 34 36 37 38 39 40 41 42 43 45 47 49 50 51 52 53 55 56 57 58 60 61 62 63 65 67 68 70 73 75 76 77 78 80 81 83 85 86 87 88 89 90 92 94 95
26 36 38 40 43 44 45 46 49 52 61 63 69 70 71 72 73 75 76 80 82 84 85 86 89 92 94
46 34 35 36 38 42 43 45 48 49 50 51 54 55 56 57 58 59 61 62 63 65 66 68 69 71 72 73 74 76 77 78 79 80 81 82 83 84 85 86 88 89 90 91 92 93 95
20 34 39 42 46 47 48 50 52 54 57 58 65 67 68 70 71 72 77 89 91
37 36 37 38 41 44 48 49 51 53 58 60 61 63 64 66 67 68 69 70 71 72 73 75 76 77 78 79 81 83 84 85 89 90 91 93 94 95
40 34 36 37 38 39 40 41 44 46 50 52 53 54 55 57 58 59 60 61 62 63 64 65 68 69 70 71 72 73 76 78 79 80 81 84 85 88 92 94 95
44 34 35 36 37 40 41 42 43 44 45 47 49 51 52 53 54 55 57 58 64 65 66 67 71 72 73 75 76 77 78 79 80 82 83 84 85 86 87 88 89 90 92 93 95
23 34 38 39 42 43 45 47 48 49 50 52 54 56 59 60 62 67 72 74 76 89 91 92
49 34 35 36 38 39 40 41 42 44 45 46 48 50 51 52 53 54 55 56 57 59 60 61 62 63 64 65 66 67 68 69 70 74 75 77 80 81 83 84 85 86 87 88 89 90 92 93 94 95
29 34 35 36 43 44 46 47 49 51 52 56 57 59 62 68 70 71 72 73 75 76 79 84 85 90 91 93 94 95
36 34 35 36 39 40 41 42 43 44 47 49 52 54 55 59 60 61 64 65 67 68 69 70 71 72 76 77 78 80 81 83 85 88 91 92 95
30 34 35 37 39 43 44 49 52 53 59 61 62 64 65 68 69 70 71 72 73 74 78 79 81 86 87 90 93 94 95
32 34 35 43 45 46 47 48 49 50 51 54 56 59 60 62 64 66 68 69 70 72 73 75 76 78 80 83 84 85 87 88 92
47 34 35 36 37 38 39 41 43 44 47 48 50 51 53 54 55 56 59 60 62 63 64 65 66 67 68 69 72 74 75 76 77 79 81 82 83 84 85 86 88 89 90 91 92 93 94 95
38 34 35 36 37 38 39 40 43 44 45 47 48 49 51 52 53 56 60 61 63 64 65 68 70 71 73 74 75 76 78 80 81 82 83 84 86 90 91
45 34 35 38 40 41 42 43 44 46 47 48 50 53 54 55 57 60 61 63 64 65 66 67 68 69 70 71 72 74 76 78 79 81 82 83 84 85 86 87 88 89 90 91 92 93
49 35 36 38 39 41 42 43 44 45 46 47 48 49 51 52 54 55 57 58 59 62 63 64 65 66 68 69 70 71 72 73 74 75 76 77 79 80 81 82 83 84 85 87 89 90 92 93 94 95
31 35 36 38 40 42 47 50 51 52 53 56 58 60 65 67 70 72 74 75 80 81 83 84 85 86 88 89 90 91 93 94
43 35 36 37 38 40 41 42 43 44 45 46 47 48 51 53 54 57 58 59 61 63 64 66 68 69 70 71 72 73 75 76 77 80 83 84 85 86 87 88 91 92 93 95
42 34 36 37 42 43 45 46 48 49 51 52 53 54 56 57 58 61 64 65 66 67 69 70 71 73 74 75 78 79 80 81 84 85 86 87 88 89 91 92 93 94 95
33 34 36 38 39 41 44 45 46 47 48 49 53 57 60 62 64 65 66 68 69 70 72 73 74 75 76 83 84 85 87 89 92 95
21 43 44 48 50 52 54 57 61 62 63 65 67 68 73 82 83 86 87 90 92 94
19 34 37 40 41 42 43 51 52 54 57 63 69 71 72 74 77 88 93 94
26 37 38 39 42 46 47 49 52 53 59 60 62 66 67 68 69 71 73 74 77 82 83 86 88 90 94
33 34 36 38 39 40 41 44 49 50 51 52 55 56 60 61 66 68 69 70 74 76 78 79 81 82 83 85 86 88 89 90 92 94
31 35 37 39 41 49 50 51 54 56 58 59 61 62 64 65 66 70 74 75 76 77 78 79 80 81 88 89 91 93 94 95
34 35 38 40 43 44 47 49 50 51 52 53 54 56 57 61 62 63 64 67 69 72 73 75 76 77 78 80 84 86 90 92 93 94 95
28 36 37 38 42 44 46 47 50 52 54 55 56 60 61 62 64 65 68 70 71 74 79 80 83 84 85 88 94
19 34 35 39 48 51 55 57 59 60 61 64 66 68 69 73 77 88 89 93
30 34 36 40 44 45 46 47 49 52 53 55 56 57 59 60 61 63 65 70 72 74 76 79 82 86 89 90 91 94 95
20 37 38 40 43 45 47 48 49 50 53 55 58 61 73 78 84 87 88 89 93
18 34 37 38 46 47 48 49 52 54 55 62 63 64 69 73 74 79 85
24 34 37 38 41 44 46 47 48 49 50 53 56 57 62 64 65 66 67 72 77 78 83 89 95
27 35 37 38 41 45 48 50 52 57 58 60 63 64 67 68 70 72 74 80 81 83 85 86 88 90 91 94
25 34 35 37 39 43 44 47 51 54 55 56 57 59 62 63 68 69 73 75 76 78 81 83 87 88
37 35 36 38 41 42 43 45 47 48 49 50 51 52 59 60 62 63 64 65 67 68 69 71 73 74 75 79 80 82 85 88 89 90 92 93 94 95
20 36 39 41 45 48 57 60 64 65 66 68 69 70 78 82 85 91 92 94 95
30 35 36 37 39 40 42 46 47 48 49 50 52 54 59 60 61 62 67 70 72 73 80 81 84 86 87 88 89 92 94
25 35 38 39 40 46 47 53 54 55 56 62 66 67 68 69 72 73 74 80 81 82 86 90 91 92
25 37 40 41 44 45 51 52 53 54 58 59 60 61 62 63 64 65 70 78 79 84 85 90 93 94
43 34 35 37 38 39 40 41 42 44 45 46 47 50 51 52 53 54 56 57 61 62 63 64 70 71 74 76 78 80 81 82 83 84 85 86 87 88 89 90 92 93 94 95
25 34 35 37 38 40 45 46 48 57 58 64 65 66 67 72 74 75 77 83 84 86 88 90 91 93
24 36 37 38 40 42 47 50 52 58 59 60 61 63 69 71 72 75 76 77 79 80 83 87 91
19 36 37 39 41 47 48 53 57 60 67 80 81 82 83 85 87 92 93 95
44 34 35 36 37 42 43 44 46 47 48 49 50 51 52 53 54 55 56 57 59 62 64 65 66 67 68 69 71 72 73 74 76 79 83 84 85 86 87 88 89 90 91 93 94
27 34 35 36 38 43 44 45 48 49 52 54 55 56 57 59 64 67 70 71 72 79 80 81 86 87 93 94
45 34 35 37 38 39 42 43 44 45 47 48 49 50 51 52 53 54 55 56 57 58 59 60 63 64 68 69 71 72 73 75 76 77 78 79 81 82 83 84 85 86 89 90 93 94
57 96 97 98 99 100 101 102 103 104 105 106 107 108 109 110 111 112 113 114 115 116 117 118 119 120 121 122 123 124 125 126 127 128 129 130 131 132 133 134 135 136 137 138 139 140 141 142 143 144 145 146 147 148 149 150 151 152
37 96 97 98 99 100 101 102 103 104 105 106 110 111 115 119 121 122 124 126 128 130 131 132 133 134 135 136 137 138 139 140 141 143 144 149 150 151
29 98 100 102 103 107 109 110 111 113 116 118 120 121 122 125 126 127 128 129 130 131 132 135 136 139 143 144 148 149
26 98 99 100 101 102 103 107 111 113 116 118 120 123 124 126 129 132 134 135 138 140 144 145 146 149 151
22 97 98 100 101 103 104 106 110 117 121 125 126 127 128 136 142 143 145 147 149 150 151
41 96 97 98 99 101 102 104 106 107 108 109 111 113 115 116 118 121 122 123 124 125 126 127 128 129 130 132 133 134 136 138 140 141 142 144 145 147 148 149 150 152
31 96 99 102 103 104 105 106 110 111 113 115 117 118 119 120 121 122 126 127 129 130 132 133 134 135 137 140 141 142 144 145
40 96 97 98 101 103 105 107 108 109 111 112 114 115 116 117 118 121 122 124 125 126 127 128 129 131 132 133 135 136 139 141 142 144 145 146 147 149 150 151 152
33 96 97 100 101 104 107 108 109 112 113 117 118 119 121 122 123 125 128 129 130 132 133 134 136 137 138 139 142 143 144 148 150 152
35 98 99 100 101 103 106 108 109 110 111 113 114 115 121 123 124 125 126 127 128 129 130 131 132 133 139 140 141 142 145 146 148 149 150 152
25 97 105 107 109 112 113 115 116 117 119 122 123 129 131 132 134 135 140 142 145 147 149 150 151 152
42 97 98 99 100 101 102 103 104 105 106 108 109 110 112 114 115 118 119 120 121 122 123 125 126 127 128 129 130 131 132 133 135 139 140 141 144 145 147 148 150 151 152
24 97 99 100 102 105 107 108 114 117 122 123 124 125 129 130 131 133 134 135 143 144 147 151 152
28 96 97 107 109 110 112 113 114 115 117 119 121 122 125 126 127 128 129 131 133 134 135 138 139 140 141 145 148
31 96 99 101 102 104 105 107 109 111 112 116 117 120 122 123 124 125 126 129 130 131 134 136 138 139 140 141 143 144 147 151
22 103 104 106 108 110 112 114 115 119 122 124 126 127 132 136 142 143 145 146 148 151 152
22 97 103 104 106 111 115 116 117 121 124 125 126 127 130 131 132 133 135 137 142 143 148
44 96 97 99 100 102 103 104 106 107 108 109 110 111 112 113 114 115 119 120 121 122 124 125 126 127 128 129 130 132 133 134 135 137 138 139 141 142 143 144 148 149 150 151 152
20 97 102 103 105 112 113 119 120 121 122 124 128 131 132 133 135 138 142 143 146
35 96 97 98 99 101 102 104 107 109 110 111 112 113 114 117 120 123 124 126 127 128 130 131 133 139 140 141 143 144 145 147 149 150 151 152
28 97 101 102 105 107 109 110 111 112 113 122 123 124 125 127 128 129 131 132 135 137 143 144 146 147 149 150 151
27 96 98 103 106 108 110 112 113 115 116 123 125 126 127 128 130 133 135 137 139 140 141 145 147 148 150 151
39 96 97 98 99 100 101 104 105 106 107 108 109 114 115 117 118 120 121 122 126 127 128 130 131 133 135 137 138 139 140 141 142 143 144 145 149 150 151 152
31 96 99 100 101 107 108 110 111 112 114 116 117 118 119 123 126 127 128 129 131 132 134 137 138 139 140 141 142 143 150 151
45 96 97 99 100 101 102 103 104 105 107 110 111 112 113 114 115 116 118 120 121 122 123 124 125 126 128 129 130 131 132 133 135 136 137 139 140 141 142 143 144 145 147 148 151 152
35 97 98 99 100 101 102 105 106 108 109 110 112 114 115 116 117 120 122 124 125 126 127 129 130 133 135 140 141 142 143 144 146 147 148 149
45 96 99 100 102 103 104 106 107 108 109 110 111 113 114 116 117 118 119 120 122 123 124 126 127 128 129 130 132 133 134 135 136 137 138 139 141 143 144 145 146 147 148 149 150 151
22 101 105 106 110 112 113 115 116 118 121 122 125 126 132 133 136 142 143 144 146 148 151
17 98 101 104 108 109 110 113 114 115 118 120 123 128 131 138 141 142
18 96 100 103 105 108 114 119 120 128 132 133 137 144 145 146 148 151 152
35 96 98 99 101 103 104 105 106 108 109 110 113 114 115 116 117 119 123 124 127 128 129 130 131 133 134 135 136 139 142 144 147 148 149 150
30 96 98 99 100 101 102 103 105 108 109 110 111 113 119 126 127 129 131 133 134 136 137 139 140 141 143 144 147 148 150
31 99 100 102 103 104 110 111 112 113 115 117 119 120 122 123 125 126 128 129 131 134 135 136 138 140 141 143 144 145 151 152
19 96 98 102 106 109 112 113 114 116 117 122 123 124 131 134 144 145 146 147
32 96 97 99 103 105 108 109 113 114 115 118 120 122 124 125 126 128 129 130 131 132 133 134 135 136 140 141 142 146 147 150 151
17 101 103 108 111 112 115 117 118 121 125 129 130 135 139 142 145 147
44 96 97 98 99 100 101 102 103 105 106 107 109 110 111 113 114 115 117 119 121 122 123 124 125 127 128 129 132 133 135 136 138 139 140 141 142 143 146 147 148 149 150 151 152
21 96 97 99 100 101 106 108 109 111 128 129 132 135 136 141 144 145 146 147 149 150
31 96 97 98 99 100 104 105 106 108 110 111 113 116 117 118 119 122 124 126 129 132 136 137 138 141 142 144 147 150 151 152
32 98 99 100 102 104 107 110 111 112 113 115 116 117 118 119 120 121 123 125 126 128 131 134 136 140 142 143 146 147 148 150 152
22 97 98 100 102 113 117 119 120 123 124 128 129 130 131 133 137 138 141 142 145 147 148
27 100 101 102 103 104 112 117 119 120 121 122 124 127 128 130 132 133 138 140 143 144 145 146 147 149 150 151
37 96 97 99 101 103 105 107 109 111 112 113 114 115 116 117 119 120 121 123 124 125 127 131 132 133 134 135 136 137 139 140 141 144 145 146 147 149
35 96 97 98 99 103 104 106 107 108 111 113 114 115 118 120 121 122 126 127 128 129 131 132 136 137 139 140 141 142 143 144 148 149 150 152
27 100 102 105 106 109 111 113 114 115 117 119 123 124 127 128 130 131 133 137 140 141 142 144 147 148 149 152
44 96 97 100 101 102 103 104 105 106 107 108 113 114 115 116 117 118 119 120 122 123 125 126 128 129 131 133 134 135 137 138 139 140 141 142 143 144 145 146 147 148 149 150 152
22 96 97 98 100 105 107 110 113 114 117 118 120 122 129 131 132 134 135 137 139 140 141
39 96 97 100 101 103 104 105 106 107 108 109 114 115 116 117 118 120 122 123 124 128 130 131 132 135 136 137 138 140 142 143 144 145 146 147 148 149 150 152
37 96 99 100 101 102 104 105 106 108 109 111 113 114 115 119 121 122 124 126 127 129 130 131 132 133 135 136 137 138 139 140 141 142 143 147 149 150
42 96 97 98 99 100 101 103 104 105 106 108 109 110 111 112 113 114 115 116 119 121 122 123 124 126 127 128 131 132 133 135 138 139 141 142 144 145 146 149 150 151 152
43 96 97 98 100 101 102 104 105 106 107 108 109 111 112 115 117 118 119 120 122 123 124 125 126 127 128 129 132 135 136 137 138 139 141 142 143 145 146 147 148 149 150 152
18 96 98 100 101 110 111 113 117 125 127 128 130 131 135 138 139 147 149
36 96 97 99 101 102 104 106 109 110 111 112 114 115 116 117 118 119 121 123 125 126 127 129 130 133 134 135 138 140 141 142 146 147 150 151 152
21 100 103 104 106 107 108 110 111 112 113 116 124 126 128 135 136 137 141 143 150 152
38 96 97 100 101 102 104 105 107 109 112 113 114 116 119 120 121 123 124 125 126 127 128 129 130 131 132 133 134 136 137 140 141 142 143 145 147 150 152
62 153 154 155 156 157 158 159 160 161 162 163 164 165 166 167 168 169 170 171 172 173 174 175 176 177 178 179 180 181 182 183 184 185 186 187 188 189 190 191 192 193 194 195 196 197 198 199 200 201 202 203 204 205 206 207 208 209 210 211 212 213 214
34 153 154 155 156 158 159 160 164 165 167 168 169 170 171 172 173 175 183 185 188 189 192 193 198 199 200 201 202 206 207 208 211 213 214
39 153 154 155 156 160 164 165 166 168 170 171 172 174 175 178 179 180 181 182 183 184 187 188 190 191 192 196 197 199 200 201 203 204 206 207 208 210 212 214
37 153 157 160 161 163 164 168 169 170 171 173 174 177 178 179 180 181 182 183 184 186 192 196 197 198 199 201 203 205 206 207 208 209 210 211 212 213
26 154 156 157 158 159 160 165 167 170 171 174 180 184 190 191 192 194 197 198 199 203 204 208 210 211 213
20 154 160 161 163 164 165 167 170 171 172 173 174 177 178 179 189 193 197 198 200
27 157 158 160 164 165 166 170 171 174 175 179 180 181 182 183 184 186 189 190 192 193 196 197 201 202 203 205
47 153 155 156 157 158 159 161 162 164 166 167 168 169 170 172 173 174 176 177 179 180 181 182 183 185 189 190 191 192 195 196 197 198 199 200 201 202 203 204 205 206 207 208 210 211 213 214
39 153 154 155 156 157 160 161 163 164 165 168 169 170 171 172 178 179 180 184 185 186 189 191 192 193 195 196 197 199 201 202 203 206 209 210 211 212 213 214
39 153 155 157 159 160 161 162 163 165 166 167 171 172 173 174 175 177 180 182 183 186 188 189 190 191 192 193 194 196 197 199 202 203 205 207 208 211 212 214
30 154 158 160 161 162 169 171 173 174 179 182 183 185 186 187 188 191 193 194 195 196 200 201 203 204 208 211 212 213 214
22 153 154 157 158 159 161 163 165 167 170 171 174 184 186 189 192 193 200 201 205 208 214
33 153 155 157 158 160 162 163 166 167 170 171 172 175 176 181 184 186 189 190 191 192 193 195 197 199 200 202 204 209 210 211 213 214
36 153 154 156 157 158 162 163 164 167 169 174 175 176 177 179 180 181 186 187 188 189 190 192 194 196 197 201 202 204 205 206 207 209 211 212 214
42 155 156 157 158 159 163 164 165 166 167 169 170 171 172 173 174 175 178 179 180 181 182 183 184 185 186 188 191 192 194 195 196 197 198 199 200 201 207 208 210 213 214
34 157 158 162 163 164 165 166 167 168 169 170 171 172 173 174 178 182 183 187 188 189 192 193 195 196 197 200 201 206 208 211 212 213 214
36 156 158 159 160 161 162 164 165 167 168 170 171 172 174 175 179 182 184 185 186 187 188 190 192 193 194 195 199 200 201 205 206 207 208 211 214
23 153 154 158 159 161 166 172 174 177 181 184 190 191 192 193 196 197 199 200 205 209 210 212
45 153 154 155 156 160 163 164 165 166 167 168 169 171 173 174 175 176 177 179 180 182 183 184 186 187 188 189 191 194 195 197 198 199 200 201 202 204 205 206 208 209 211 212 213 214
34 153 156 159 162 163 165 167 169 172 173 174 175 176 178 180 181 182 183 186 187 188 191 192 194 198 199 200 201 202 207 209 210 211 213
23 159 161 162 163 167 171 172 179 183 184 189 190 193 197 198 200 202 203 206 209 211 212 213
41 155 158 159 160 162 163 165 166 167 169 171 175 176 177 178 181 182 184 187 188 189 190 191 193 195 197 198 199 200 201 202 203 204 206 207 208 210 211 212 213 214
21 155 159 161 162 169 173 174 176 180 186 189 191 192 197 198 200 202 203 210 211 214
22 156 163 164 167 169 170 171 173 177 179 180 183 188 190 192 195 197 202 208 211 212 213
42 153 156 157 158 159 160 161 162 163 165 166 167 170 171 173 176 177 180 181 182 185 186 187 188 189 190 192 194 195 198 201 202 204 205 206 207 208 210 211 212 213 214
22 153 161 167 171 176 181 183 185 189 190 191 192 193 195 201 203 204 205 206 207 213 214
43 154 155 157 158 161 164 165 166 167 168 169 170 172 173 174 176 178 179 180 181 182 183 184 185 186 189 190 191 192 193 194 197 198 201 202 203 205 206 207 209 211 213 214
45 153 155 156 157 158 159 160 161 162 164 165 166 167 169 172 173 174 175 176 177 178 180 183 184 185 186 188 189 190 191 192 193 194 195 196 199 201 202 203 204 205 207 209 211 214
33 160 165 168 169 170 171 172 173 174 178 182 183 184 185 186 187 191 193 194 195 196 198 200 202 203 204 206 208 210 211 212 213 214
26 153 154 156 160 161 165 166 167 173 177 181 182 185 189 190 194 195 199 200 203 205 207 208 209 213 214
40 154 155 157 158 160 162 163 165 167 169 170 172 173 174 175 176 180 181 183 184 186 188 189 191 192 193 194 195 197 199 200 203 205 207 209 210 211 212 213 214
27 156 159 163 165 168 170 171 173 175 176 177 183 185 188 189 190 194 195 198 199 203 204 205 206 208 209 213
27 153 156 160 161 164 169 170 172 173 175 180 181 182 183 184 189 191 193 195 196 199 200 201 203 205 212 214
34 153 154 155 156 157 158 160 161 162 164 165 167 173 174 179 182 183 184 189 190 193 195 196 198 200 201 202 204 206 208 209 211 212 214
47 154 155 156 157 158 160 161 162 163 164 166 167 168 169 170 171 172 173 174 175 178 179 180 181 185 186 187 188 189 190 191 192 193 196 198 199 201 202 203 204 207 208 209 210 211 213 214
31 153 154 156 157 160 162 163 165 167 169 170 172 173 174 176 177 178 182 183 184 185 189 197 198 199 202 205 207 208 210 212
48 153 154 155 156 157 158 159 161 162 163 164 166 169 170 171 172 173 174 175 177 178 180 181 183 184 185 186 187 188 189 190 191 192 194 195 196 200 202 203 205 206 207 208 209 210 211 212 213
28 153 154 155 156 160 162 163 165 166 169 175 180 182 186 189 190 191 192 194 197 204 205 206 207 210 212 213 214
43 154 155 158 159 160 162 163 165 166 167 170 171 173 175 176 177 178 179 180 181 182 183 185 186 187 189 190 191 193 194 195 198 199 200 202 203 204 207 209 211 212 213 214
43 153 154 156 158 161 162 163 165 167 169 170 171 172 174 175 176 177 180 182 183 184 185 186 188 189 190 191 192 194 196 197 199 202 204 205 206 207 208 209 210 212 213 214
29 154 158 159 160 161 162 166 170 171 172 173 175 180 181 182 184 186 188 189 193 194 196 197 199 200 202 204 208 211
42 154 157 158 159 161 162 164 165 166 168 169 170 172 173 174 175 176 177 178 179 183 185 186 188 189 190 191 192 193 194 195 196 199 200 202 203 204 206 207 208 211 212
35 153 154 157 158 159 161 163 164 166 167 168 170 171 174 177 178 179 180 182 183 184 185 186 187 188 189 190 191 195 197 200 203 205 211 213
47 154 155 156 157 158 159 160 162 163 164 165 166 168 172 173 176 177 178 179 180 181 182 183 184 185 187 188 189 191 192 193 194 196 198 199 200 201 202 203 204 206 207 209 210 211 212 214
48 154 155 158 159 160 161 162 164 165 166 167 168 169 170 172 173 175 176 177 178 179 180 181 182 183 185 186 190 191 194 195 196 197 198 199 200 201 202 203 204 205 206 207 208 209 211 213 214
21 154 156 158 159 160 165 168 173 183 192 194 196 197 198 201 203 204 206 208 212 214
25 153 154 155 156 158 161 163 167 170 171 172 176 180 184 185 187 188 189 190 198 199 203 208 212 214
49 153 154 155 156 157 158 160 161 163 165 166 167 169 170 171 172 174 175 176 178 179 180 181 183 184 185 186 187 188 191 192 193 194 195 199 200 201 202 203 204 205 206 207 209 210 211 212 213 214
24 154 156 158 159 160 165 169 172 173 174 176 177 180 181 182 183 187 190 193 196 202 206 211 213
22 153 155 161 165 166 167 172 177 178 179 180 183 189 191 195 198 199 202 204 210 211 213
26 154 155 157 159 161 166 168 169 173 175 176 180 182 187 188 189 194 199 201 203 205 206 208 209 210 212
19 158 165 174 176 178 183 185 186 187 191 193 195 197 198 201 203 204 205 213
27 158 159 162 163 165 167 170 173 174 175 178 179 180 183 184 186 187 188 194 199 200 203 204 206 207 209 212
20 154 156 157 159 161 163 168 171 176 177 182 185 187 188 191 196 203 206 210 212
43 153 155 158 161 162 163 164 165 166 167 168 169 170 172 173 175 176 177 178 179 181 182 183 184 185 187 188 190 191 192 193 194 195 198 201 203 204 205 207 208 209 212 214
25 153 156 161 162 164 165 166 171 173 174 176 178 179 181 182 183 187 191 195 196 206 207 208 213 214
49 153 154 155 156 157 158 159 160 161 162 164 165 166 167 168 169 174 175 176 177 178 179 180 181 182 183 185 186 187 189 190 191 193 194 195 196 197 198 199 200 201 203 207 208 209 210 211 213 214
44 154 156 157 158 161 162 164 165 166 168 169 172 173 174 175 176 178 179 180 181 183 184 185 186 187 188 189 190 192 193 195 196 197 198 199 200 201 202 206 207 208 209 212 214
27 154 156 158 159 161 166 170 171 173 176 180 181 184 191 194 198 199 201 202 203 205 206 207 209 210 211 213
24 157 158 160 161 162 169 171 173 175 176 179 180 183 184 197 198 199 201 202 203 208 209 210 212
23 153 155 157 165 168 169 171 172 173 174 175 177 178 180 188 189 194 203 207 208 210 212 213
19 153 154 160 162 163 167 168 172 175 182 189 190 191 194 202 205 206 208 214
39 153 154 157 158 159 161 163 165 166 168 170 171 172 174 175 178 179 181 182 184 187 188 189 192 193 194 196 197 198 200 202 205 207 208 209 210 211 212 214
40 153 155 156 157 158 160 162 163 166 167 168 169 171 172 173 175 177 179 180 183 184 186 188 192 194 196 197 198 200 201 202 203 204 205 206 207 209 210 211 212
44 153 155 156 157 158 159 160 161 162 168 169 170 171 172 173 174 175 176 177 179 180 181 182 183 185 186 187 188 189 191 193 195 196 199 200 201 202 203 205 206 207 208 212 214
29 155 158 160 161 162 163 166 169 171 174 175 177 178 180 182 188 193 194 196 199 200 201 202 204 207 208 210 211 214
39 153 154 156 158 159 162 164 165 169 170 171 175 176 179 180 181 183 184 185 186 188 192 194 196 197 198 199 201 203 204 205 206 207 208 209 210 212 213 214
35 153 155 157 160 162 167 169 170 176 177 178 179 180 181 182 185 187 188 189 190 191 192 193 195 199 200 201 202 203 204 205 206 208 210 213
25 157 158 160 161 162 163 167 168 169 170 174 175 176 182 189 190 191 194 196 197 198 204 210 211 214
40 153 155 156 157 158 162 163 164 165 167 168 170 171 175 176 178 180 181 183 185 186 187 188 189 191 192 194 195 197 200 201 203 204 206 208 209 210 212 213 214
32 154 159 160 161 162 164 168 169 172 175 177 178 180 181 186 187 188 191 192 193 195 196 197 200 201 202 203 205 206 207 209 213
48 153 154 155 156 157 159 160 161 163 164 165 166 167 169 170 171 172 175 176 177 179 180 182 183 184 185 186 187 188 190 191 192 193 194 196 197 199 200 201 202 203 204 205 206 207 208 210 213
44 153 156 157 158 159 160 162 163 164 166 167 168 170 173 175 177 178 179 181 182 185 186 189 190 191 192 193 194 197 198 199 201 202 203 204 205 206 207 208 209 210 211 212 214
45 154 155 157 158 160 161 162 163 164 166 167 169 170 172 173 174 176 177 178 179 181 182 183 184 186 187 188 189 190 193 195 196 197 198 199 201 202 203 204 205 208 209 210 211 213
23 157 158 161 163 169 170 172 173 181 183 185 186 189 193 196 197 199 204 206 207 209 211 213
48 155 156 157 159 160 161 163 165 166 167 168 169 172 173 174 175 176 177 178 179 181 182 183 184 185 186 188 189 190 191 192 193 194 195 196 197 198 199 201 202 203 204 205 206 207 209 210 213
42 153 154 155 157 159 165 166 167 168 169 170 171 172 174 175 176 177 178 180 181 182 183 185 188 189 191 193 194 195 196 198 202 203 204 205 206 207 208 210 211 212 213
41 154 157 158 159 160 161 163 164 165 169 170 171 174 175 176 177 178 179 180 181 182 183 185 186 189 192 193 194 196 197 200 201 203 204 205 206 207 208 211 213 214
19 155 158 162 164 172 175 176 183 187 188 191 193 194 196 200 201 203 211 214
42 153 154 156 157 158 159 160 163 164 166 168 171 172 173 175 176 177 178 181 182 183 184 185 186 188 189 190 192 193 195 197 198 201 203 205 206 207 208 211 212 213 214
27 153 158 159 161 165 166 167 168 170 171 172 173 177 181 182 183 185 190 192 194 197 201 203 205 210 212 213
36 155 157 159 160 161 163 165 166 168 170 173 177 179 180 181 183 184 186 187 189 191 192 193 194 195 197 198 200 201 202 206 207 209 212 213 214
45 153 156 157 160 161 162 165 166 168 169 170 171 172 173 174 175 176 178 179 180 182 184 185 186 187 188 189 190 191 193 194 195 198 200 201 202 203 204 206 207 208 211 212 213 214
36 153 154 155 159 160 162 163 164 165 166 167 168 170 172 177 178 179 180 182 183 186 188 189 190 191 193 194 198 200 202 207 208 209 210 211 214
49 154 155 156 157 158 159 160 164 166 168 169 171 172 173 174 175 176 178 180 181 182 184 186 187 188 189 190 191 192 194 195 196 197 198 200 201 202 203 204 205 206 207 208 209 210 211 212 213 214
12 216 219 226 227 229 234 235 239 242 243 249 252
18 222 226 227 230 231 232 238 239 241 244 247 248 250 251 252 253 254 255
6 215 219 228 229 240 250
14 216 218 219 222 229 233 235 236 237 239 240 242 243 250
20 215 216 219 221 225 226 227 230 231 232 236 237 239 241 244 247 249 250 251 252
6 218 229 236 245 248 249
4 215 223 227 238
22 215 216 219 221 223 228 229 230 231 232 234 235 240 241 242 243 246 247 248 251 253 254
7 215 227 230 235 237 253 254
6 226 229 230 242 253 255
23 217 219 222 223 225 226 227 228 229 230 233 235 236 237 238 239 242 244 250 251 252 253 255
15 221 227 229 232 235 236 238 239 240 241 243 245 247 250 252
22 215 217 221 222 225 226 227 228 230 231 233 234 235 236 237 238 240 246 249 250 251 255
18 217 220 222 224 225 226 227 228 232 241 244 246 250 251 252 253 254 255
25 215 216 219 220 223 229 230 231 235 236 237 239 240 241 242 243 244 245 247 249 250 251 252 254 255
8 217 223 229 238 240 242 248 255
10 221 226 230 232 235 243 247 249 253 254
19 215 216 220 222 225 227 228 230 231 232 237 241 242 246 247 250 251 253 255
15 215 218 221 227 228 231 235 244 245 246 247 248 250 251 255
12 221 223 224 226 230 232 241 244 245 247 252 253
12 215 218 223 226 230 231 232 236 238 242 245 251
8 217 222 226 233 234 240 241 249
12 217 220 221 225 228 239 240 241 244 246 253 255
17 215 216 218 219 221 233 235 236 237 238 240 241 247 248 249 251 252
11 216 218 225 232 233 234 236 238 243 247 251
11 215 216 219 221 223 230 231 233 237 240 245
7 217 223 228 229 233 246 249
7 215 218 225 227 241 245 253
11 222 224 225 226 230 234 239 243 244 250 255
19 217 218 220 222 224 225 226 227 233 236 237 238 239 244 245 249 250 252 255
7 216 217 218 225 227 246 251
6 215 227 234 246 248 254
16 217 218 221 222 224 225 226 227 228 232 233 234 238 246 248 253
12 222 223 226 239 240 242 245 246 249 250 252 255
5 218 219 222 223 224
21 216 220 221 227 228 229 231 233 234 236 237 239 241 242 243 244 247 249 250 252 253
13 215 218 220 221 223 224 231 241 245 248 250 253 255
17 218 219 224 232 233 235 236 237 240 241 242 245 246 249 250 251 253
19 215 220 221 222 226 227 228 229 231 233 235 242 246 248 249 250 252 253 254
12 215 217 222 225 233 234 242 246 248 249 254 255
13 218 220 222 224 228 233 234 235 243 245 246 253 254
14 216 218 219 220 223 224 226 228 230 231 237 244 251 253
22 216 217 218 219 221 222 224 226 228 229 230 235 237 240 241 245 248 249 250 251 252 255
12 220 221 223 224 227 229 231 233 238 241 252 255
10 219 220 223 228 229 232 236 242 247 251
24 216 217 218 219 220 221 222 223 224 225 227 231 236 239 240 241 245 246 247 248 250 251 252 254
14 216 224 225 230 231 232 238 242 246 247 250 251 252 255
1 232
10 216 223 227 228 234 239 247 248 252 254
14 215 217 220 221 222 225 226 229 230 231 238 243 244 255
27 215 217 218 219 220 221 222 223 226 227 228 229 233 234 235 236 237 239 240 241 243 244 245 248 249 253 254
8 218 224 235 237 243 246 253 255
16 215 216 218 219 220 221 224 225 234 235 236 237 240 242 243 245
9 217 220 225 228 231 238 249 251 255
29 215 216 217 218 219 222 225 226 228 230 232 234 235 236 237 239 240 242 243 244 245 246 247 248 249 250 251 253 254
11 217 219 220 221 224 228 229 231 241 244 248
12 218 229 234 235 236 238 239 242 243 247 248 249
16 217 219 221 223 224 226 233 234 235 238 239 240 243 244 252 254
14 215 217 227 230 231 233 234 238 240 244 245 249 252 254
22 216 217 218 219 223 224 225 230 232 234 236 237 238 239 240 241 243 244 245 247 251 255
19 217 219 221 223 224 228 229 231 233 235 236 239 242 243 244 246 248 250 251
18 215 216 218 220 221 224 231 232 234 240 241 243 245 246 247 248 249 254
5 231 233 236 242 254
11 215 228 232 233 234 235 237 238 243 244 249
17 216 219 222 224 227 229 233 234 235 237 243 247 248 249 250 252 254
15 215 217 225 226 230 232 235 238 240 245 246 248 251 254 255
19 216 218 219 220 223 224 229 232 239 241 242 243 244 245 247 248 252 253 254
14 216 220 222 226 230 234 237 238 240 247 249 252 254 255
10 217 222 225 228 230 232 237 240 246 254
6 233 236 238 244 247 251
10 216 220 223 229 232 236 237 239 242 254
10 220 225 232 234 239 243 244 246 247 253
18 220 222 223 224 231 233 234 236 237 238 239 241 242 244 245 248 252 255
8 219 224 225 230 238 243 252 253
9 216 221 222 225 226 239 241 248 250
13 217 220 223 227 228 229 231 232 242 245 246 253 254
12 215 220 225 227 228 230 232 241 242 246 247 255
8 221 230 232 235 243 247 253 254
5 215 230 235 237 254
7 216 231 232 246 247 250 255
4 216 225 227 251
8 216 223 229 232 236 239 242 254
19 215 216 219 220 223 230 231 237 239 240 241 242 243 244 247 250 251 252 255
11 215 217 220 221 222 225 229 231 238 244 255
13 218 222 224 225 226 233 236 238 244 249 250 252 255
9 218 219 220 223 231 237 244 251 253
4 218 229 245 248
8 229 234 235 238 239 242 247 248
8 223 224 226 230 232 244 247 253
8 219 220 228 229 231 241 244 248
6 218 224 235 237 253 255
7 222 225 228 230 232 237 246
18 216 217 218 219 222 224 226 228 229 237 241 245 248 249 250 251 252 255
15 215 220 221 222 226 227 228 229 233 246 249 250 252 253 254
7 215 220 221 225 238 243 244
11 220 222 224 231 233 236 237 239 242 244 248
12 216 219 221 224 230 235 237 248 249 250 251 252
8 216 223 229 232 236 237 242 254
7 219 223 228 229 242 247 251
16 215 216 218 220 221 224 231 232 234 240 243 245 246 248 249 254
10 219 223 226 228 230 231 237 244 251 253
5 215 227 235 237 253
3 229 248 249
16 215 216 219 221 223 228 230 231 232 234 240 241 242 243 251 253
9 215 216 219 240 247 248 249 251 252
13 221 227 229 232 235 236 238 239 241 243 245 247 252
4 218 219 222 223
7 215 228 233 235 237 238 249
7 219 220 223 228 229 247 251
15 215 220 221 226 227 229 231 233 246 248 249 250 252 253 254
8 222 226 239 240 242 245 249 250
6 220 228 229 232 242 247
19 217 218 219 223 224 225 230 234 236 238 239 240 241 243 244 245 247 251 255
3 223 229 246
5 224 225 226 243 255
7 223 230 231 233 237 240 245
14 222 227 230 231 232 238 239 241 248 250 251 252 254 255
15 216 219 222 224 227 229 233 234 237 247 248 249 250 252 254
6 217 222 233 234 241 249
3 236 244 251
8 219 220 223 228 232 236 242 247
14 220 221 231 233 234 236 237 239 241 244 247 249 250 252
4 236 238 244 251
5 223 228 239 247 248
6 217 229 238 240 242 248
8 217 222 225 228 230 232 246 254
3 233 238 244
14 222 227 232 238 239 244 247 248 250 251 252 253 254 255
11 216 224 225 230 231 232 242 246 247 251 255
18 215 219 220 223 229 230 236 237 239 240 242 244 245 247 249 250 251 252
10 217 220 227 228 229 231 232 246 253 254
11 215 217 220 222 225 226 229 230 238 243 255
9 215 218 220 221 231 245 248 253 255
21 215 216 217 218 219 222 225 226 228 232 234 236 237 240 243 245 247 248 250 251 253
7 221 223 227 231 233 252 255
5 217 225 228 251 255
12 219 224 232 235 237 240 241 242 245 249 250 253
5 225 230 238 252 253
6 232 233 235 237 238 243
5 221 230 247 249 253
13 220 224 225 227 228 232 241 244 250 252 253 254 255
15 216 217 219 223 224 225 232 236 237 238 241 243 245 247 255
10 221 223 224 226 232 241 244 245 252 253
10 215 217 220 222 226 230 231 238 243 244
8 221 223 224 226 230 232 247 252
13 216 223 229 230 231 235 237 240 241 244 251 252 255
10 215 221 228 231 235 247 248 250 251 255
7 219 220 224 228 231 244 248
8 215 228 232 233 234 235 243 244
8 215 217 227 230 234 238 240 252
22 215 216 217 218 222 225 226 228 232 234 235 237 239 240 244 245 246 247 250 251 253 254
7 222 223 226 239 242 252 255
7 227 228 234 239 247 248 252
10 216 218 220 223 224 226 230 231 237 244
7 215 222 233 246 248 249 255
2 215 238
7 223 228 234 239 248 252 254
7 217 227 229 231 232 245 253
11 216 218 219 229 232 239 241 243 244 247 252
6 216 222 226 239 248 250
10 215 217 222 225 234 242 248 249 254 255
3 218 225 241
5 215 228 229 240 250
4 229 238 240 255
13 216 219 227 229 233 235 237 243 247 248 249 250 252
5 226 232 243 247 254
7 217 220 221 228 229 241 248
13 217 221 222 225 226 227 228 232 233 234 238 246 248
15 217 219 222 225 227 231 239 241 245 246 247 248 250 251 252
12 217 219 224 226 234 235 238 239 240 243 244 252
9 222 231 232 238 248 251 252 253 254
6 217 223 238 242 248 255
10 215 220 222 226 229 231 233 249 250 254
10 220 224 231 236 237 238 239 244 245 255
10 215 231 232 234 240 241 243 247 248 254
11 215 217 225 228 231 235 236 237 240 250 255
6 218 235 237 243 246 255
11 216 221 228 231 234 236 239 243 244 249 253
2 236 242
17 215 217 221 222 225 227 228 231 233 234 235 236 238 240 249 250 255
10 220 221 222 228 229 231 235 249 252 254
10 221 227 232 236 238 240 241 245 247 250
8 217 222 230 232 237 240 246 254
6 215 227 235 237 253 254
7 216 227 228 239 248 252 254
11 217 227 231 233 234 238 240 244 245 252 254
9 215 227 230 238 240 244 245 252 254
14 215 218 219 220 221 222 228 233 234 236 239 244 245 249
17 215 216 219 220 223 230 235 237 242 243 244 245 247 249 250 251 255
3 215 219 228
21 215 217 219 220 226 227 228 233 234 235 236 237 239 241 243 244 245 248 249 253 254
7 226 230 232 235 247 249 253
9 217 225 228 239 240 244 246 253 255
4 222 226 241 248
8 216 231 232 238 242 247 250 252
13 215 218 219 221 235 236 237 238 240 241 248 251 252
16 216 219 220 223 224 229 232 239 241 242 244 245 247 248 253 254
10 216 218 222 229 233 236 240 242 243 250
18 217 219 222 223 225 227 228 229 230 233 235 236 239 242 244 250 252 255
11 217 221 223 228 231 233 235 236 242 250 251
6 216 225 226 239 248 250
7 222 223 239 242 246 252 255
14 217 218 225 230 232 234 236 237 239 240 244 245 251 255
16 215 216 219 220 230 231 236 237 240 241 244 247 249 250 251 255
3 218 227 241
8 215 220 224 234 235 237 240 243
16 215 216 221 225 226 227 230 231 232 236 237 239 241 244 249 250
6 220 225 228 238 249 255
14 215 216 218 224 231 232 234 241 243 245 246 247 248 249
4 226 229 230 253
11 217 220 223 227 228 229 232 245 246 253 254
16 217 218 219 221 224 226 228 229 230 237 240 241 248 250 252 255
4 233 244 247 251
14 215 216 218 219 221 233 236 237 238 240 247 248 251 252
6 215 223 230 231 240 245
10 218 223 226 231 232 236 238 242 245 251
4 233 238 244 251
10 218 224 235 237 241 245 246 249 251 253
9 217 219 220 224 228 231 241 244 248
14 223 224 229 232 239 241 242 243 244 245 247 252 253 254
8 215 218 226 230 231 236 245 251
5 219 228 229 240 250
6 224 235 243 246 253 255
4 233 236 238 251
9 219 220 223 226 228 231 237 251 253
4 217 220 225 249
4 238 244 247 251
15 220 222 223 224 231 234 236 237 239 242 244 245 248 252 255
3 233 236 242
7 223 227 228 239 247 248 254
6 216 217 218 225 246 251
11 215 216 219 226 227 231 232 236 237 239 250
10 218 234 235 236 238 239 242 243 247 249
11 216 219 220 223 224 226 228 230 231 244 251
4 225 230 238 252
4 233 236 242 254
6 222 234 235 243 245 253
12 227 228 232 241 244 246 250 251 252 253 254 255
10 215 217 225 230 238 240 248 251 254 255
3 215 234 248
9 215 218 223 226 230 231 232 238 242
4 227 234 246 248
14 219 224 232 233 235 236 237 240 241 245 246 249 250 253
19 215 216 217 218 219 222 225 228 232 235 236 237 240 243 244 245 246 247 251
16 216 217 219 223 224 225 232 234 237 239 240 241 244 245 247 255
7 220 225 228 231 249 251 255
14 216 218 219 224 226 228 229 235 237 240 241 248 250 252
9 216 218 219 220 224 230 237 244 251
14 215 216 219 223 229 231 236 237 243 244 247 249 252 254
12 215 221 227 231 235 244 245 246 247 248 250 251
4 218 229 236 248
8 221 230 235 243 247 249 253 254
10 215 217 222 225 233 234 242 246 254 255
12 217 221 223 224 226 233 234 235 238 239 243 252
17 215 217 221 222 227 228 230 231 233 234 235 236 237 240 246 249 250
11 216 223 229 230 232 234 235 241 248 253 254
5 215 218 225 227 245
10 215 220 221 222 225 226 230 231 238 244
8 217 220 228 229 231 241 244 248
13 217 218 221 224 226 227 228 232 233 234 238 248 253
7 215 220 231 241 248 250 253
9 215 218 220 223 224 241 248 250 253
3 231 242 254
13 219 223 229 230 240 241 242 246 247 248 251 253 254
4 236 238 244 251
7 217 220 221 224 228 241 244
4 222 226 234 241
8 215 217 225 234 246 248 249 255
9 222 223 226 239 240 242 249 250 252
5 215 218 225 241 245
10 222 225 233 234 242 246 248 249 254 255
11 216 220 222 234 237 238 240 247 249 254 255
7 216 221 222 226 241 248 250
2 231 254
8 219 224 232 233 235 241 242 249
4 218 236 248 249
5 228 234 247 252 254
12 215 219 221 228 229 231 234 240 246 248 251 254
24 215 218 219 220 221 225 227 228 229 230 232 233 234 237 238 239 240 242 244 245 246 247 248 249
15 217 219 225 230 232 234 238 239 240 243 245 246 250 251 252
17 215 222 223 224 225 226 227 232 234 236 237 240 245 246 247 250 255
15 217 218 219 222 223 225 228 229 230 240 248 252 253 254 255
25 215 219 222 223 224 225 226 227 228 230 233 235 236 237 239 240 241 242 243 244 246 247 252 254 255
21 216 217 219 221 227 230 231 233 234 235 237 238 240 243 244 245 247 248 252 254 255
14 223 224 225 230 234 237 239 240 241 244 249 251 252 254
23 215 216 218 219 221 222 223 224 226 227 228 232 235 236 239 243 245 246 247 248 249 252 254
18 221 226 227 229 230 231 234 236 237 238 240 242 246 247 249 250 251 252
20 215 216 219 226 228 231 232 233 234 235 239 241 242 243 245 246 248 249 252 254
13 217 219 223 231 232 235 237 239 240 242 246 248 253
13 215 222 225 228 229 237 243 245 247 248 249 254 255
27 215 217 219 220 222 223 224 225 226 227 229 230 231 232 233 234 235 237 239 243 244 248 249 250 251 253 254
18 220 221 223 224 225 231 232 234 235 236 237 238 241 242 243 246 247 250
16 215 217 220 223 224 228 230 231 232 234 236 237 240 243 248 252
15 218 219 224 225 226 228 229 234 237 238 239 241 243 245 248
21 215 218 220 223 224 227 230 231 232 233 234 237 240 242 244 245 246 250 252 253 255
14 215 216 222 223 224 225 227 230 232 236 238 239 243 254
22 216 218 223 224 225 227 228 229 230 233 234 236 237 239 241 242 243 245 247 249 250 253
28 215 217 218 220 222 224 227 228 232 233 234 235 236 238 240 241 242 244 245 246 247 248 249 251 252 253 254 255
28 215 217 218 222 223 224 225 227 228 229 231 232 238 239 240 241 242 244 245 247 248 249 250 251 252 253 254 255
13 215 219 223 224 225 229 233 236 237 241 245 246 247
19 215 219 222 226 229 230 232 233 234 236 237 239 241 242 246 248 250 251 252
22 215 216 219 220 221 222 223 224 225 228 230 231 233 234 235 237 241 244 246 247 248 255
20 215 217 224 225 227 228 229 230 234 239 240 241 244 246 247 248 249 252 253 255
12 215 219 228 235 237 238 239 243 245 247 251 254
26 215 216 217 221 225 227 228 229 230 231 233 235 237 238 239 240 241 242 245 246 247 249 252 253 254 255
25 215 217 219 221 222 223 224 225 226 227 228 230 233 236 241 243 244 245 248 249 250 251 252 254 255
21 215 216 217 218 220 221 223 224 226 229 231 232 233 237 240 241 242 243 245 247 255
17 216 217 218 220 221 222 223 225 230 231 236 237 242 245 249 250 252
27 215 216 218 220 221 222 223 224 225 226 227 230 231 232 233 236 237 240 244 245 246 249 250 251 252 253 254
27 218 221 224 225 226 227 228 229 230 232 233 236 237 239 242 243 245 246 247 248 249 250 251 252 253 254 255
20 215 217 218 222 226 227 228 229 233 236 238 239 240 242 247 248 249 252 253 255
21 215 216 219 223 226 230 233 234 235 236 238 239 241 242 243 244 247 251 253 254 255
16 217 218 220 222 225 226 227 233 234 236 237 238 239 243 246 249
17 216 217 220 221 223 226 229 233 234 237 238 242 243 244 248 249 255
16 217 219 221 222 223 224 228 231 234 237 241 245 246 247 248 250
14 218 221 225 227 229 232 233 241 243 244 246 249 251 255
23 215 216 217 219 220 221 222 223 226 227 228 233 235 236 238 243 244 245 246 249 252 254 255
14 215 216 218 219 222 224 225 226 229 230 235 236 237 250
15 215 218 220 224 226 230 234 235 237 239 240 243 247 249 251
15 216 217 223 229 230 231 234 242 244 245 247 248 250 252 254
13 218 219 227 232 233 238 239 240 242 246 247 252 254
18 221 223 224 227 228 229 231 233 234 235 238 240 243 245 247 251 253 255
22 215 216 218 219 222 223 226 230 232 234 235 239 241 242 244 245 246 247 249 250 253 254
13 216 217 218 220 229 231 234 238 239 248 251 252 254
15 219 221 223 224 226 228 229 230 237 238 239 242 250 251 252
21 219 220 224 225 228 233 234 236 237 238 241 242 243 246 248 250 251 252 253 254 255
25 215 219 220 222 223 224 226 228 229 231 232 233 235 236 238 240 242 243 245 246 247 250 251 252 254
22 215 217 218 220 221 222 224 225 227 229 230 233 235 238 242 243 245 247 248 249 251 253
21 215 216 220 224 225 226 232 233 234 235 237 238 239 240 241 243 248 249 251 252 254
15 216 218 220 221 222 227 228 235 237 238 239 251 252 253 255
27 216 217 218 220 222 223 224 225 226 228 229 231 232 233 234 236 238 240 241 242 243 244 245 246 247 249 252
14 215 226 227 228 229 230 240 241 243 246 247 251 253 255
22 218 221 223 224 228 229 232 233 234 235 236 237 238 242 243 244 246 247 250 251 252 255
14 215 226 227 228 229 231 234 236 244 249 251 253 254 255
20 215 216 218 224 225 227 228 234 236 237 240 241 243 247 248 249 250 251 253 254
15 215 217 222 223 228 233 234 235 240 243 246 249 251 254 255
14 215 217 218 224 225 227 232 242 243 246 249 250 251 253
12 220 221 224 226 228 231 235 237 239 240 244 248
12 218 223 224 226 227 228 232 242 243 250 253 255
25 215 217 220 221 223 226 228 229 230 231 232 233 235 236 237 239 240 242 244 245 248 249 250 251 254
20 216 217 221 222 223 225 230 232 234 237 241 242 243 245 248 250 252 253 254 255
17 216 217 219 220 225 226 229 231 236 237 239 240 241 243 245 246 251
23 215 216 217 220 222 223 224 228 231 233 234 236 238 239 240 241 242 245 248 249 250 253 254
19 217 218 220 225 226 227 228 230 232 238 241 242 243 245 246 247 248 249 250
23 215 219 221 222 223 224 227 228 229 230 234 235 238 239 241 243 245 248 249 250 251 252 253
17 216 217 218 222 226 227 231 232 233 236 237 238 239 242 243 247 249
13 217 224 225 228 229 230 231 235 243 246 248 252 255
18 215 217 218 220 221 224 227 229 232 233 236 237 243 246 248 251 253 254
19 215 216 218 220 221 222 223 224 225 229 231 234 242 243 244 245 251 254 255
24 215 217 220 221 223 225 226 227 228 229 230 233 235 236 238 239 241 244 245 249 250 252 253 255
13 218 226 227 229 231 233 240 241 242 250 251 252 253
16 219 220 222 227 229 231 238 239 240 245 247 249 250 252 253 255
18 221 226 229 230 231 233 235 238 239 240 245 246 248 249 250 251 254 255
26 216 217 219 220 221 222 225 226 231 232 233 234 235 238 239 241 243 244 245 246 247 249 252 253 254 255
20 215 217 226 227 228 229 230 232 235 236 238 240 241 242 243 244 245 246 251 255
15 219 221 223 225 227 235 237 241 242 243 248 251 252 253 255
19 221 223 224 225 226 227 228 230 232 233 234 235 242 243 246 247 248 250 253
15 215 216 222 225 226 227 234 236 238 241 243 245 252 253 254
16 216 217 221 223 225 226 228 231 240 242 243 249 250 251 253 254
16 215 216 218 220 224 233 234 237 239 241 242 243 246 249 253 254
16 216 219 220 222 225 232 234 235 237 239 240 242 244 246 249 255
19 215 216 219 223 226 229 230 234 235 237 240 244 245 246 247 251 253 254 255
17 219 221 222 225 227 229 232 233 234 235 238 239 241 242 246 250 251
18 215 219 221 222 223 224 225 230 231 233 236 237 238 239 242 249 250 251
21 216 218 219 223 226 227 229 230 231 232 233 235 238 239 241 244 245 248 250 251 253
12 220 230 232 233 235 239 240 243 244 246 249 250
21 217 223 225 226 227 228 229 231 234 235 237 238 241 242 245 246 248 250 252 254 255
26 215 218 219 220 223 224 225 226 227 228 230 231 233 234 236 238 239 241 246 247 248 249 252 253 254 255
13 215 217 218 226 229 231 237 238 242 244 253 254 255
23 215 216 217 220 221 224 226 231 232 233 234 235 239 240 241 242 244 245 246 247 249 251 254
13 218 221 223 228 232 237 238 243 247 251 252 253 255
25 215 216 217 221 223 224 227 228 231 232 233 234 236 237 238 239 240 242 243 244 245 247 249 251 255
24 216 217 218 219 220 223 224 226 227 228 229 231 233 238 239 240 242 245 246 247 248 249 250 255
26 215 216 217 219 220 221 225 226 228 229 230 232 234 235 238 241 244 245 246 247 248 249 252 253 254 255
22 215 216 218 220 221 223 224 226 228 230 232 233 235 236 238 241 242 244 245 250 252 255
27 215 216 217 218 219 220 222 223 224 225 226 227 228 230 231 233 234 235 238 239 242 244 247 248 250 252 255
17 217 218 219 220 227 229 235 238 239 240 241 244 246 247 251 252 255
22 221 222 223 224 225 227 229 230 231 232 233 236 238 240 241 245 246 248 249 251 253 254
25 215 218 220 221 222 223 224 225 226 228 229 230 231 232 237 238 239 244 247 248 249 251 252 253 255
19 219 221 222 224 225 227 229 234 235 236 237 238 242 243 248 249 250 253 254
17 215 217 222 224 226 228 230 231 234 235 237 241 244 245 250 252 254
20 218 220 221 222 223 224 229 232 236 240 241 242 244 246 247 248 249 250 254 255
28 215 217 218 219 220 222 224 225 227 228 230 231 233 234 235 236 240 242 243 244 246 248 249 250 252 253 254 255
15 216 217 227 230 231 232 238 239 240 242 245 248 251 254 255
18 215 219 220 222 224 227 231 234 235 236 237 238 239 245 247 252 253 254
25 216 218 221 223 225 227 229 230 231 232 233 234 235 238 241 243 244 245 246 248 250 251 252 254 255
16 217 219 222 230 231 232 233 238 239 240 244 245 247 253 254 255
16 218 219 220 221 224 227 229 234 238 245 246 247 249 250 251 255
18 215 216 217 221 225 231 232 233 234 235 238 239 241 244 246 251 253 254
21 215 216 217 218 221 225 227 228 230 231 232 234 237 239 240 244 245 247 249 250 252
23 217 218 220 221 222 223 224 226 229 232 233 234 235 239 241 242 243 245 248 249 251 252 255
20 215 216 220 221 223 224 227 231 237 238 240 243 245 246 247 248 250 251 253 254
18 217 221 222 223 231 232 233 234 237 240 241 242 245 248 249 250 253 254
14 216 218 221 222 225 227 230 237 238 246 249 250 251 255
23 215 216 218 224 225 227 228 231 232 235 236 237 238 241 243 245 247 250 251 252 253 254 255
14 215 218 219 223 224 225 228 229 236 238 240 243 245 252
20 215 218 219 220 221 222 225 226 230 232 233 234 236 239 241 242 245 247 248 254
15 215 217 219 222 223 225 227 228 233 237 245 247 251 254 255
22 215 217 221 222 223 224 225 226 230 232 233 235 236 237 239 241 247 248 249 251 253 255
19 215 216 217 223 224 225 227 231 233 234 235 238 239 240 243 245 250 252 253
27 216 217 218 219 220 221 223 224 227 228 230 231 232 234 236 237 239 240 241 243 244 246 247 252 253 254 255
20 216 217 219 222 227 228 232 234 235 237 242 243 244 245 246 247 249 251 252 255
18 216 222 223 224 228 229 230 233 234 236 239 240 241 247 248 249 250 251
24 215 216 219 220 222 223 224 225 227 228 229 230 232 233 234 238 239 240 242 245 246 250 251 254
26 215 216 217 218 219 220 222 225 226 227 229 230 232 233 235 236 238 239 240 244 245 246 247 250 254 255
25 216 222 223 226 227 228 229 230 231 233 234 235 236 238 239 241 242 245 246 247 248 250 253 254 255
14 222 224 225 228 231 232 234 237 238 241 242 244 246 250
18 215 220 221 223 224 226 228 229 235 237 239 240 244 245 246 248 250 254
18 216 217 218 219 220 221 222 227 228 230 232 238 241 245 246 247 250 251
25 215 216 217 218 219 221 222 223 225 227 228 232 235 236 237 242 243 246 247 248 249 250 251 252 255
27 216 217 218 221 222 224 225 226 227 228 229 233 234 238 240 242 243 244 245 246 248 249 250 252 253 254 255
12 216 220 221 224 226 227 232 237 238 240 250 253
26 215 216 218 221 223 224 225 228 229 230 232 234 235 236 237 238 240 241 243 244 245 248 249 252 253 254
22 216 222 224 225 228 229 230 232 234 235 236 237 240 243 244 245 247 248 249 250 251 255
25 215 216 218 219 220 221 225 227 229 230 231 232 233 234 236 237 239 243 245 248 249 252 253 254 255
28 215 217 218 220 222 223 224 225 228 230 232 233 234 235 238 239 240 241 242 243 245 246 247 250 251 252 254 255
19 216 218 222 223 224 225 226 233 235 236 237 238 239 241 246 247 248 250 251
13 217 218 220 226 228 231 236 237 239 240 245 249 250
26 216 218 219 221 224 225 227 228 230 231 232 233 234 235 237 238 239 240 242 248 249 250 251 252 254 255
21 215 217 218 220 222 223 224 228 232 233 234 235 236 240 241 245 246 249 250 253 254
13 215 219 220 222 224 229 232 233 235 240 244 246 255
12 218 219 220 221 224 226 228 230 232 234 250 254
15 215 221 222 223 226 229 230 231 234 236 237 238 241 247 251
28 215 216 217 218 219 220 226 228 229 230 231 232 233 234 235 236 237 238 239 240 241 242 244 245 249 251 254 255
23 215 216 219 222 223 224 226 227 228 230 233 234 237 238 239 242 244 245 248 249 251 252 253
13 215 218 228 230 231 232 233 234 243 245 246 247 250
12 221 222 223 226 231 236 243 244 247 251 253 255
21 217 219 220 222 224 225 227 228 229 230 231 233 234 237 238 240 241 242 246 251 253
15 216 218 219 221 224 228 231 235 241 242 248 249 250 251 252
23 224 225 227 230 232 233 235 237 238 239 240 241 242 243 244 246 247 248 250 251 253 254 255
18 216 217 218 219 221 223 224 228 229 230 231 239 241 242 243 249 250 254
14 217 220 222 223 225 227 229 231 232 236 238 243 246 247
23 215 217 218 219 220 222 224 226 233 234 236 237 238 239 242 245 247 249 250 251 252 253 255
25 215 216 217 218 219 220 221 223 225 226 227 228 230 231 233 235 236 237 239 240 243 245 247 250 252
24 215 217 219 223 224 225 226 227 229 230 232 234 236 237 238 239 240 243 244 245 246 249 252 253
23 215 216 218 219 222 224 225 227 228 229 230 231 233 235 239 240 242 243 246 247 250 252 253
13 216 219 220 223 229 230 235 240 244 245 247 251 253
18 217 219 220 221 223 227 228 231 232 234 235 238 239 241 245 247 248 252
26 216 217 218 219 220 221 222 224 225 227 230 232 233 234 236 237 239 240 242 243 245 248 249 250 253 255
21 215 217 218 219 222 223 224 232 233 235 240 242 243 245 246 247 249 250 251 253 255
14 215 216 220 222 229 234 236 243 247 248 249 250 253 254
19 221 222 224 225 227 229 230 233 234 236 237 238 240 241 245 249 251 252 255
12 215 217 219 224 226 230 231 233 238 241 247 251
25 215 216 217 218 219 221 222 223 224 225 227 230 232 233 239 240 242 243 244 245 248 251 252 254 255
16 217 219 220 222 224 229 230 237 239 242 244 245 249 250 252 255
13 215 220 226 227 228 233 234 238 243 244 245 246 254
20 215 216 218 220 221 222 223 225 227 230 231 237 238 239 240 242 244 246 251 253
15 215 217 221 223 224 235 236 237 239 241 242 250 252 253 254
25 215 216 217 219 220 221 222 224 225 226 227 228 229 230 233 236 238 240 242 243 244 248 251 252 254
21 215 218 220 221 223 224 226 228 229 230 232 238 240 241 247 248 249 250 251 253 255
17 215 217 222 225 226 228 229 232 236 237 238 239 240 248 252 254 255
18 219 220 221 222 224 225 229 231 233 234 235 237 241 242 246 247 250 255
17 216 218 219 229 231 233 234 236 238 240 241 243 245 247 249 250 253
22 217 219 221 223 224 226 227 230 232 233 239 240 242 244 245 246 247 248 249 251 253 254
18 215 216 218 221 222 223 226 227 229 230 238 239 240 243 245 246 247 248
13 215 219 223 228 230 239 240 241 242 243 247 251 253
17 221 222 225 229 231 233 235 238 241 242 243 245 246 248 250 251 252
18 215 216 220 225 227 232 233 234 235 236 237 239 240 244 246 247 249 254
22 215 216 217 222 223 225 226 227 228 229 233 236 239 242 244 245 246 248 250 253 254 255
22 216 217 219 223 224 225 226 227 229 233 234 236 237 240 241 242 245 246 248 249 253 254
17 219 220 225 229 233 236 237 238 239 243 245 246 247 250 251 252 255
16 217 218 219 223 226 227 230 231 236 238 240 247 249 251 252 254
15 216 217 221 224 230 233 237 240 243 245 247 248 250 252 254
20 218 221 225 229 230 231 233 234 237 239 240 241 243 244 245 247 249 250 252 253
26 215 216 217 218 219 221 222 226 227 228 229 232 234 235 237 238 239 240 241 245 246 249 250 251 252 254
24 215 218 220 221 223 225 227 228 231 232 236 237 238 240 241 242 243 245 247 248 250 252 253 254
18 216 219 224 225 227 229 230 231 232 233 241 244 245 250 251 252 254 255
17 217 227 229 230 231 233 234 236 238 239 242 243 244 245 247 249 253
17 216 218 220 222 223 225 233 235 236 237 242 243 244 245 252 253 255
15 216 222 223 224 225 227 229 230 231 233 235 244 247 250 252
24 217 219 220 223 224 225 226 227 230 231 233 234 235 236 237 238 242 243 244 246 247 250 253 254
20 221 222 223 224 228 229 230 231 237 239 240 241 242 243 244 247 248 250 251 254
17 215 216 217 219 220 224 226 227 231 240 241 243 245 246 250 252 253
16 215 216 223 224 228 230 231 233 234 235 237 240 241 243 244 254
18 215 217 219 221 224 227 234 236 237 238 239 240 242 243 244 246 250 253
19 215 219 222 226 227 228 230 231 233 241 242 243 244 246 247 249 250 251 254
16 215 218 219 229 230 235 236 237 238 241 242 244 246 249 253 255
20 215 216 219 220 221 222 223 227 230 233 234 235 239 241 244 246 247 248 249 251
19 215 219 220 221 222 224 228 229 232 233 239 240 241 242 245 246 248 249 252
18 215 217 218 219 223 224 225 226 233 236 238 243 245 250 251 252 253 255
22 215 216 217 220 221 222 223 227 228 229 231 233 235 237 241 242 243 245 246 247 248 255
18 215 217 218 221 228 230 233 236 237 238 243 245 248 250 251 252 253 254
27 215 216 217 219 221 223 226 227 228 229 232 233 235 236 237 239 240 241 242 244 245 246 247 250 252 253 255
18 219 221 222 223 224 227 229 230 231 232 236 237 240 245 246 252 253 255
15 256 258 259 260 261 265 273 276 278 279 282 283 284 287 289
8 260 263 271 274 278 281 282 288
16 260 261 262 265 266 270 273 274 276 277 279 280 283 285 288 290
7 259 267 270 272 274 281 290
19 256 262 264 265 267 268 269 271 272 273 274 275 276 277 278 287 288 289 290
12 256 257 260 265 266 271 273 275 280 284 287 289
14 257 260 266 267 268 270 276 279 280 281 283 285 288 290
11 256 262 263 264 273 275 279 282 284 288 290
15 258 259 261 262 265 267 268 269 273 274 277 281 282 283 288
19 256 257 259 260 265 268 269 271 272 275 277 278 279 282 283 284 285 287 288
9 258 259 265 267 271 272 278 287 290
16 257 258 263 265 266 269 270 271 275 280 283 284 287 288 289 290
15 256 258 260 261 263 266 269 272 281 282 283 284 285 286 287
7 257 269 273 276 277 288 289
12 258 260 261 262 265 266 269 276 280 282 285 289
8 257 261 262 263 269 278 282 286
3 264 276 277
9 258 261 266 271 273 274 275 284 289
2 270 274
21 256 258 259 261 262 263 264 265 269 271 272 273 274 275 277 278 282 284 286 287 289
9 259 263 265 272 275 278 281 286 289
17 258 259 261 262 263 266 267 268 270 271 279 280 282 285 287 288 290
27 256 257 258 259 261 262 264 265 266 267 268 269 270 272 273 275 276 277 279 280 283 284 285 286 287 289 290
18 256 257 260 264 266 267 269 270 271 272 276 277 280 285 287 288 289 290
10 256 258 265 267 273 274 280 281 285 290
11 256 260 271 272 275 276 278 280 284 289 290
7 269 271 276 277 278 283 288
15 259 260 261 262 265 267 268 274 275 279 281 284 285 286 290
17 256 258 261 262 263 265 267 277 279 282 284 285 286 287 288 289 290
10 258 259 262 263 265 273 274 275 279 283
8 258 261 262 267 269 278 281 282
11 259 263 268 274 277 279 283 285 286 288 290
10 267 268 273 274 275 277 279 284 287 290
13 256 257 259 263 264 270 271 272 278 281 283 286 288
11 260 261 265 268 269 272 277 280 281 285 287
7 258 261 264 270 273 289 290
17 256 257 258 259 263 266 269 273 275 278 281 282 284 285 286 289 290
18 260 261 262 264 265 267 268 270 271 272 274 276 277 279 280 283 287 288
7 261 268 278 281 282 284 286
18 256 257 260 264 265 269 272 273 274 275 276 277 278 281 283 284 286 289
9 262 263 266 267 274 276 280 281 286
13 256 257 258 263 264 266 270 272 273 280 282 287 289
8 260 261 268 275 281 283 284 285
26 256 257 259 260 262 263 264 265 267 268 269 270 272 276 277 278 279 280 281 282 283 285 286 287 288 290
11 258 265 270 271 274 276 277 280 281 287 288
4 259 264 266 273
12 257 258 261 264 266 272 273 275 276 279 284 285
11 256 262 263 264 266 270 274 279 280 282 286
17 260 261 262 263 265 268 269 271 275 278 279 282 283 285 287 288 289
20 257 262 263 264 266 267 268 269 270 271 272 274 275 277 280 281 285 286 288 290
8 256 257 258 266 273 280 284 286
4 264 270 272 276
19 256 257 258 259 263 264 267 268 269 271 272 275 278 281 282 284 286 287 289
20 257 259 262 264 265 267 268 270 271 273 274 275 276 277 278 279 280 288 289 290
18 257 259 260 264 266 268 269 270 271 272 273 274 275 276 278 280 281 283
7 260 263 271 277 280 281 289
14 256 259 262 265 267 268 269 278 282 283 286 287 288 290
20 256 257 260 261 262 263 267 268 269 272 275 278 279 282 283 284 285 286 289 290
12 256 257 258 264 266 267 273 274 277 283 287 290
19 256 259 260 261 262 264 267 268 272 273 274 276 277 278 279 281 282 285 286
7 259 260 264 270 271 276 284
9 257 263 264 266 270 279 285 286 287
16 257 258 259 260 261 263 266 270 279 280 281 282 283 284 285 286
16 259 260 262 266 270 271 273 274 276 278 279 280 282 283 284 289
14 260 261 262 268 269 270 271 276 279 280 282 284 285 288
10 266 268 272 275 277 279 283 287 288 289
13 257 258 259 266 267 270 271 274 276 278 283 286 289
19 256 257 258 261 263 264 265 267 268 269 272 275 277 281 285 286 287 288 290
8 257 259 270 272 278 281 283 286
9 259 263 268 274 277 283 286 288 290
12 256 257 264 266 269 270 277 280 285 287 289 290
5 261 265 269 280 281
5 261 268 278 281 282
5 260 261 268 275 283
8 257 259 266 267 276 278 286 289
12 256 257 260 261 262 267 268 275 278 282 284 285
10 259 261 263 266 267 268 280 282 285 287
11 256 257 264 266 271 272 277 280 285 287 288
10 259 261 262 265 267 268 274 281 282 288
15 256 257 260 266 267 269 271 276 277 280 285 287 288 289 290
4 267 272 281 290
9 257 258 267 271 274 276 283 286 289
16 257 258 261 262 264 266 267 268 277 280 283 284 285 287 289 290
9 257 260 266 268 270 280 281 283 288
6 260 261 275 281 283 284
5 258 262 278 281 282
10 257 260 264 276 277 278 281 283 284 289
6 263 266 267 276 280 281
10 256 257 259 263 264 272 278 281 283 288
9 259 266 270 279 281 282 283 284 286
9 262 263 266 270 274 279 280 282 286
4 264 266 286 287
5 257 261 262 278 286
14 257 259 260 264 269 270 271 272 274 275 276 278 281 283
7 262 264 274 279 280 282 286
9 258 261 262 265 266 269 276 282 289
7 266 268 275 277 279 287 289
3 264 272 276
6 256 258 266 273 284 286
9 260 268 270 276 279 281 283 285 288
6 256 257 258 266 280 284
8 262 263 264 275 282 284 288 290
7 256 257 264 266 273 274 283
5 263 264 279 285 287
10 257 263 267 268 272 275 277 281 286 287
11 256 264 267 268 269 271 272 273 276 277 287
7 257 258 261 264 272 273 284
16 256 259 261 262 264 265 269 272 275 277 278 282 284 286 287 289
14 259 260 264 266 268 269 270 273 274 275 276 280 281 283
4 259 260 264 276
5 258 261 264 289 290
3 269 273 288
2 266 273
4 275 283 284 285
14 258 259 261 262 263 266 267 270 271 279 282 285 287 290
12 258 261 262 263 264 271 274 275 277 284 287 289
5 263 274 279 283 288
6 262 263 267 276 280 286
15 256 258 259 261 262 263 264 265 269 271 278 282 284 286 289
6 261 266 271 273 275 289
5 257 266 273 280 284
15 256 259 260 261 262 264 272 274 276 278 279 281 282 285 286
10 256 258 265 271 272 274 277 278 282 286
10 259 265 267 268 269 278 282 286 287 290
4 270 273 289 290
10 263 268 271 275 278 282 285 287 288 289
8 259 263 268 277 279 285 286 288
5 262 263 274 276 286
11 257 259 263 264 270 271 272 278 283 286 288
8 260 270 278 279 280 283 284 289
6 263 273 279 282 284 288
9 260 261 263 269 281 282 283 285 286
8 268 272 275 277 279 287 288 289
6 256 257 263 264 272 282
9 256 257 258 273 274 277 283 287 290
9 256 257 260 265 266 275 284 287 289
5 257 263 266 270 279
4 259 265 272 286
15 259 260 264 266 268 270 271 273 274 275 276 278 280 281 283
9 257 260 267 276 279 281 285 288 290
9 260 271 272 276 278 280 284 289 290
14 256 258 261 262 263 265 277 282 284 285 286 288 289 290
12 257 261 263 267 268 272 275 281 285 286 288 290
11 260 264 266 267 269 270 272 276 277 280 288
9 256 262 263 264 273 275 279 282 288
16 257 262 263 264 266 267 268 269 272 274 275 277 281 285 288 290
13 258 261 263 265 267 277 279 282 286 287 288 289 290
7 266 268 272 275 277 279 283
14 260 261 262 264 265 267 270 271 276 277 280 283 287 288
12 256 258 261 262 263 265 267 277 282 285 286 287
5 265 268 269 285 287
12 262 264 265 268 271 272 275 276 277 278 288 290
9 265 268 272 273 274 276 277 289 290
19 257 258 262 265 266 269 270 272 273 275 276 277 279 280 283 285 287 289 290
15 256 259 261 262 264 265 268 272 277 279 280 283 284 286 287
11 260 261 262 264 265 267 270 271 272 280 283
9 256 262 263 264 266 274 280 282 286
6 256 260 266 273 284 287
8 260 261 268 272 280 281 285 287
6 260 263 274 278 281 282
17 256 260 261 262 263 267 268 269 272 278 279 283 284 285 286 289 290
4 271 274 278 288
7 258 259 267 272 278 287 290
4 267 270 272 281
8 256 257 259 264 270 271 281 286
8 256 257 260 265 266 273 275 284
15 256 259 260 267 268 272 273 274 276 277 278 281 282 285 286
6 258 264 266 273 274 290
4 257 261 278 286
2 266 273
5 260 281 283 284 285
12 262 267 268 269 272 273 274 277 278 288 289 290
20 256 259 261 262 264 266 267 269 270 272 273 276 277 279 280 283 284 285 286 287
6 256 258 266 273 280 284
9 257 259 266 269 270 271 273 278 281
14 257 259 262 264 265 267 271 273 276 277 278 280 288 289
9 256 260 261 262 268 272 276 277 285
6 273 274 277 279 284 290
6 257 261 264 266 275 279
12 257 266 267 270 276 279 280 281 283 285 288 290
12 256 258 263 264 269 272 277 281 285 286 288 290
11 256 257 266 269 273 278 281 284 286 289 290
10 258 259 261 262 263 267 270 279 287 290
8 259 262 265 278 283 286 287 290
7 257 258 263 264 266 273 289
6 256 257 266 273 280 284
5 263 272 278 286 289
8 262 265 273 274 277 280 285 290
3 259 264 266
7 256 262 275 279 282 284 288
12 256 259 262 265 268 278 282 283 286 287 288 290
9 257 258 259 266 270 274 276 278 283
10 256 257 263 264 270 272 278 281 283 288
6 262 263 266 270 280 282
10 260 261 268 271 276 279 280 282 284 285
6 258 259 267 274 276 283
17 257 259 262 265 267 268 270 271 273 274 275 276 277 279 280 289 290
5 269 271 276 278 283
10 256 263 266 269 272 282 283 284 285 287
12 256 260 261 263 266 272 281 282 283 284 285 286
6 259 263 265 272 278 286
4 259 270 274 281
6 256 265 266 271 275 289
5 258 262 269 278 281
9 262 268 274 279 281 284 285 286 290
8 257 258 266 270 273 280 282 287
4 263 274 282 288
17 256 257 260 261 262 267 269 272 275 278 279 282 283 284 285 289 290
7 262 267 274 276 280 281 286
14 257 260 264 265 269 272 274 275 276 281 283 284 286 289
5 257 258 273 284 286
7 258 259 262 263 273 274 275
10 262 263 268 270 271 272 275 280 281 285
5 258 261 266 275 284
3 264 266 273
7 256 258 265 273 280 285 290
7 257 261 264 272 273 279 285
9 257 258 264 266 274 277 283 287 290
7 259 263 264 272 283 286 288
9 257 258 264 266 273 277 283 287 290
15 256 258 261 262 263 265 267 279 282 284 285 287 288 289 290
14 257 260 264 266 269 271 272 273 274 275 276 280 281 283
9 262 266 270 274 276 280 282 283 284
7 258 261 266 271 274 275 284
5 261 270 273 289 290
7 259 263 268 277 283 286 288
5 261 270 273 289 290
5 261 265 268 269 281
8 256 261 263 272 283 284 285 287
11 256 258 263 265 267 277 279 284 287 289 290
6 260 263 274 278 281 288
8 259 262 267 269 273 274 283 288
6 266 272 275 277 283 287
5 268 275 283 287 289
6 257 264 270 279 285 286
16 257 259 262 264 265 267 268 270 271 273 274 275 278 279 280 290
9 259 260 270 276 278 279 280 284 289
6 258 272 273 275 279 284
6 261 262 263 278 282 286
5 256 264 279 282 284
6 257 263 264 270 279 285
2 259 273
10 256 258 263 264 269 271 278 282 286 289
1 270
11 261 262 268 269 270 271 276 279 282 285 288
5 269 276 277 278 283
3 264 273 289
11 263 266 267 268 269 270 272 274 275 281 286
5 270 271 277 281 288
7 261 263 266 284 285 286 287
6 266 272 277 283 287 289
4 273 276 277 288
13 256 257 264 267 270 276 278 279 280 283 285 286 290
10 257 258 259 266 270 271 274 276 283 286
8 258 259 266 270 271 274 276 278
3 259 264 273
2 272 276
4 259 270 281 290
7 267 273 274 275 277 284 290
1 274
12 257 259 260 264 266 269 274 275 276 278 281 283
8 257 259 266 267 271 274 278 286
9 265 270 271 274 276 277 281 287 288
6 256 257 259 263 272 288
7 260 267 268 276 279 285 290
1 274
17 256 257 259 265 268 269 271 272 275 278 279 282 283 284 285 287 288
5 261 264 270 273 290
5 271 277 278 283 288
4 258 278 281 282
2 264 272
7 256 258 265 267 273 285 290
10 257 258 259 270 271 274 276 278 283 289
11 256 258 261 264 267 268 269 275 277 285 288
10 264 266 269 271 272 277 280 285 287 289
9 259 263 268 274 277 279 285 288 290
4 261 278 282 286
8 256 263 266 269 272 283 284 285
7 258 266 271 274 275 284 289
5 263 274 283 286 290
12 258 259 260 261 263 279 280 281 282 283 284 285
10 260 272 273 275 278 281 283 284 286 289
5 260 268 281 284 285
8 268 277 279 283 285 286 288 290
2 264 277
14 257 262 263 268 272 275 278 282 283 284 285 286 289 290
8 267 268 273 274 277 279 287 290
14 259 260 262 264 268 272 273 274 277 278 279 282 285 286
5 260 263 274 281 288
7 265 270 271 276 280 281 287
5 257 258 273 280 284
10 256 265 267 268 269 282 286 287 288 290
23 256 257 259 261 262 264 265 266 267 268 269 270 272 273 276 277 279 280 284 285 286 287 289
10 256 262 265 267 268 269 283 286 287 290
12 256 262 264 265 267 268 269 271 274 275 287 288
9 258 259 260 280 281 282 284 285 286
9 257 258 259 266 270 274 278 283 289
7 260 263 271 274 278 282 288
7 257 258 266 267 271 278 286
11 256 257 259 263 264 271 272 278 281 286 288
8 258 259 262 267 277 282 283 288
5 268 278 281 282 286
10 260 261 263 268 269 271 282 285 287 289
5 259 275 278 286 289
5 256 258 265 280 285
8 256 258 265 267 274 280 281 285
14 256 257 259 265 268 271 272 275 279 282 284 285 287 288
6 258 261 271 273 284 289
6 261 268 281 283 284 285
7 261 262 263 269 278 282 286
14 261 264 265 267 268 270 271 274 276 277 279 280 287 288
7 256 262 263 275 282 288 290
10 258 264 266 272 273 275 276 279 284 285
8 258 265 266 270 275 283 287 290
7 256 262 264 270 279 282 286
12 259 260 261 262 265 268 274 275 281 284 285 290
11 256 259 263 264 271 272 278 281 283 286 288
14 258 261 263 265 267 279 282 284 285 286 287 288 289 290
13 256 257 260 264 265 269 274 276 277 281 284 286 289
9 262 264 265 268 276 277 280 283 288
12 257 263 264 268 269 271 275 278 281 282 284 287
12 263 264 267 268 269 270 272 275 277 285 288 290
10 257 258 266 270 272 273 280 282 287 289
3 259 266 273
3 269 273 288
15 256 264 266 267 269 270 271 272 276 277 280 287 288 289 290
5 259 265 271 287 290
9 256 258 259 264 269 271 272 278 282
9 258 265 270 271 274 277 280 281 287
10 256 257 258 264 266 267 273 274 283 290
9 258 260 261 262 266 276 282 285 289
7 263 264 266 270 279 286 287
7 262 266 267 274 280 281 286
11 256 261 263 267 272 275 278 279 282 283 284
4 257 261 262 278
13 256 258 261 263 265 267 282 284 285 286 287 288 290
4 261 268 284 286
2 264 277
15 256 259 261 262 264 268 273 274 276 277 279 281 282 285 286
7 256 262 273 275 282 284 290
1 274
7 256 265 266 271 273 287 289
3 278 281 282
6 259 268 283 285 286 290
9 263 264 273 275 279 282 284 288 290
5 263 271 277 280 281
5 259 262 273 274 275
16 257 260 264 266 269 270 271 272 273 274 275 276 278 280 281 283
1 274
5 256 257 266 273 280
7 258 262 263 273 275 279 283
5 256 262 264 266 280
23 257 258 260 261 262 264 265 267 269 270 271 272 275 276 277 282 284 285 286 287 288 289 290
14 256 257 258 261 262 270 273 274 276 278 279 283 285 290
12 257 259 260 262 266 267 270 273 278 285 289 290
10 257 261 266 271 276 280 285 287 288 290
21 257 258 259 261 262 268 269 270 271 273 276 277 279 280 281 282 283 284 286 287 289
18 259 260 261 263 264 265 266 269 271 273 274 277 283 284 286 287 289 290
21 256 257 258 261 262 263 264 265 267 268 269 272 273 274 275 277 278 282 286 287 289
15 257 262 263 264 265 266 267 269 272 273 277 281 283 285 287
11 260 262 264 266 267 270 272 280 286 288 289
17 257 258 259 262 263 264 266 268 270 271 275 276 278 285 286 287 289
15 256 258 259 266 268 270 272 275 276 277 278 279 285 287 288
14 256 259 261 263 264 267 269 271 273 274 275 277 278 281
14 256 261 262 264 265 267 271 274 275 278 280 283 286 287
14 261 262 263 264 265 266 269 270 271 272 275 277 284 288
16 256 257 260 261 264 268 270 271 274 275 276 278 280 281 284 286
13 257 258 259 269 275 276 278 282 283 284 286 288 290
23 259 260 261 262 263 264 265 266 267 269 270 271 272 274 275 280 281 282 284 286 287 288 289
12 257 259 262 263 264 267 269 276 279 285 288 290
12 256 257 265 269 270 272 274 275 278 281 287 288
23 256 257 259 260 263 264 266 268 269 270 272 274 276 277 278 279 280 283 284 285 287 288 289
16 256 258 259 263 265 267 268 269 273 277 278 279 282 285 289 290
24 256 257 258 259 260 262 266 267 268 269 270 272 273 275 276 279 280 281 283 284 285 288 289 290
24 256 257 258 259 261 263 266 268 269 270 272 274 275 276 277 278 279 281 283 284 285 287 288 290
20 258 260 262 264 265 267 268 269 270 272 273 275 276 280 282 283 285 286 288 290
15 257 259 263 265 270 273 274 277 278 279 281 285 288 289 290
16 257 259 261 262 263 265 274 277 278 279 280 281 282 283 284 286
21 256 258 261 262 265 266 267 268 271 272 274 275 278 280 281 284 285 286 288 289 290
14 256 257 261 262 263 264 272 274 276 278 279 280 285 286
20 260 262 265 267 270 271 272 274 276 277 279 281 282 283 284 286 287 288 289 290
15 256 258 259 264 267 269 270 271 272 273 274 280 284 286 287
15 257 260 262 268 269 273 277 278 280 282 285 286 287 288 289
22 257 258 259 261 262 263 264 265 266 269 272 273 277 278 279 280 281 283 284 286 288 289
11 256 257 260 264 267 273 275 280 281 283 286
24 257 258 259 260 261 263 264 265 266 267 268 269 271 272 275 276 277 279 280 281 282 283 284 285
12 257 259 260 267 268 273 274 275 276 279 284 287
13 257 259 260 262 263 265 268 271 278 280 282 284 289
19 256 258 263 265 266 267 270 272 273 275 276 277 278 279 280 284 287 288 290
19 256 257 258 259 262 264 265 267 268 269 270 271 272 274 278 285 288 289 290
20 259 260 262 264 266 269 270 271 273 274 276 278 279 283 284 285 286 287 288 290
15 257 258 264 266 267 272 274 275 276 277 278 281 283 285 288
22 257 258 260 262 263 264 265 267 268 270 271 272 273 274 277 278 281 283 285 287 289 290
11 258 259 261 262 265 267 271 274 275 277 278
22 257 258 259 260 261 267 268 269 270 273 275 276 279 281 282 283 284 285 287 288 289 290
17 258 260 262 263 267 268 271 276 277 279 283 284 285 286 287 288 289
11 258 260 266 268 269 270 274 281 282 283 287
18 257 258 259 262 263 267 269 270 273 276 278 282 283 286 287 288 289 290
21 257 258 259 260 261 264 266 267 268 269 272 274 276 277 280 282 283 285 286 287 290
15 257 261 263 264 267 268 269 270 272 276 281 282 285 287 288
12 257 258 262 266 272 273 275 276 281 282 285 288
22 256 257 259 261 262 264 265 267 268 270 271 272 273 279 280 281 282 284 286 287 288 289
15 257 258 262 265 268 269 270 271 272 274 275 279 285 286 290
14 256 258 260 263 264 266 278 279 280 283 286 288 289 290
22 258 259 260 261 262 263 264 265 266 267 268 272 274 275 278 279 282 283 287 288 289 290
15 257 261 262 263 265 267 268 269 270 273 276 279 281 282 288
15 256 265 269 271 276 278 280 281 282 283 284 285 286 287 288
15 257 261 263 264 267 269 272 273 276 277 280 283 284 286 289
11 257 261 264 266 268 271 272 276 278 283 290
13 259 261 266 268 271 278 280 281 282 285 287 288 290
17 256 257 261 267 268 269 270 273 275 280 281 282 283 285 286 288 290
24 256 258 259 260 261 262 263 264 265 266 267 269 270 273 274 275 277 278 279 283 284 286 287 290
17 256 257 259 263 265 266 267 270 272 275 277 278 279 282 285 287 289
22 256 257 258 259 260 261 262 264 266 267 268 270 271 274 277 279 281 282 284 286 287 289
18 259 260 261 262 265 268 269 270 271 272 276 277 278 280 281 285 286 288
21 256 257 258 259 261 262 263 264 265 266 269 271 272 275 277 278 280 285 287 288 290
12 258 260 261 268 272 273 275 282 285 288 289 290
21 256 257 258 260 262 264 265 268 269 270 271 276 277 279 280 281 282 285 288 289 290
17 257 258 260 262 264 265 266 270 272 274 275 276 280 282 284 288 290
21 260 262 263 264 265 266 269 271 272 273 275 277 280 281 283 284 285 287 288 289 290
16 260 261 265 266 267 268 269 271 274 275 278 279 282 283 284 289
20 256 257 258 260 263 268 269 270 271 272 273 274 275 276 277 279 281 283 284 289
14 256 260 262 264 266 267 272 277 279 280 283 286 289 290
21 256 258 259 263 264 265 266 267 268 269 270 271 277 278 279 282 283 284 285 286 287
22 256 259 260 261 262 263 265 266 269 271 273 274 275 278 279 284 285 286 287 288 289 290
16 257 258 259 261 265 266 268 270 272 281 282 284 285 287 288 289
23 256 260 262 263 264 265 267 268 269 270 271 272 273 275 276 277 279 281 282 284 286 288 290
22 256 257 258 259 263 264 265 267 268 269 272 273 274 275 276 277 278 279 280 284 288 289
11 257 260 263 264 271 272 276 277 278 284 290
23 257 259 260 262 263 264 266 267 269 270 271 273 275 276 277 278 279 283 284 286 288 289 290
16 257 259 260 261 262 263 265 268 269 271 272 274 278 284 286 287
15 257 258 259 263 267 273 274 275 279 281 282 283 284 288 290
18 256 257 260 261 262 264 269 270 271 272 276 280 282 284 285 287 288 290
17 256 262 264 265 266 267 269 270 275 277 281 282 284 285 286 288 289
17 257 259 261 262 263 264 268 270 271 275 276 277 279 283 284 285 287
18 257 258 260 261 264 266 267 268 270 273 274 277 278 279 282 286 287 288
21 256 258 261 262 266 268 269 271 272 273 274 275 279 280 282 283 285 286 287 288 289
19 257 258 259 260 261 262 266 267 270 271 272 274 275 276 281 282 284 285 290
24 258 259 260 263 264 266 267 268 269 272 273 274 275 276 277 278 279 280 281 282 283 284 286 287
11 257 262 264 265 271 273 281 282 283 284 287
21 258 261 262 263 265 267 268 269 270 271 272 274 275 277 278 279 280 283 284 285 286
23 257 258 259 266 267 271 273 274 276 277 278 279 280 281 282 283 284 285 286 287 288 289 290
12 259 265 272 275 276 277 280 281 284 285 287 290
12 260 262 263 264 266 268 270 278 281 288 289 290
12 257 260 265 266 267 269 271 273 276 278 284 289
22 256 258 259 264 265 266 267 269 271 272 275 276 278 279 280 281 283 286 287 288 289 290
15 258 259 266 268 269 271 274 275 277 281 282 283 285 286 288
12 258 260 265 271 275 279 281 282 284 285 286 290
13 257 260 262 263 265 268 271 272 274 276 281 284 288
13 262 263 265 268 269 270 271 275 285 286 288 289 290
24 256 257 261 262 264 265 266 267 268 270 271 272 274 276 277 278 279 280 281 285 286 287 288 290
17 257 259 260 264 265 270 271 274 276 278 279 281 282 287 288 289 290
22 256 257 258 259 267 268 269 270 271 273 274 275 277 278 280 281 282 284 286 287 288 289
22 262 263 264 265 266 267 268 269 272 273 274 275 277 278 279 280 281 283 287 288 289 290
17 256 260 261 263 266 269 273 277 278 279 280 281 283 284 287 288 289
13 256 260 263 264 266 267 268 269 270 274 281 282 285
10 260 261 262 265 267 281 284 285 286 288
23 256 257 258 260 261 262 263 266 268 269 271 273 274 275 276 277 279 282 283 286 288 289 290
21 256 257 258 262 263 265 266 267 268 269 270 272 273 274 275 277 279 283 286 287 290
14 256 257 262 266 268 272 275 281 283 285 286 287 289 290
19 256 257 258 259 260 262 263 264 266 270 271 272 273 274 275 277 278 282 289
15 259 262 265 266 268 272 274 275 277 278 283 284 287 288 289
12 261 262 266 268 271 276 278 279 285 287 289 290
20 256 257 259 261 264 265 266 267 268 269 271 272 275 277 281 283 285 287 288 289
24 257 258 260 262 263 266 267 269 270 271 272 273 275 276 278 279 281 282 284 285 286 287 288 289
15 260 262 264 266 267 268 270 273 274 278 280 283 284 285 290
10 256 257 268 269 270 273 274 285 287 289
20 256 259 263 264 265 266 267 268 270 272 273 274 275 276 280 283 285 286 287 290
16 256 257 262 267 268 269 271 272 273 274 277 280 284 285 287 290
18 256 258 259 260 262 263 265 267 270 273 274 276 277 278 282 286 288 290
15 256 257 259 261 263 264 267 270 273 275 276 277 279 285 288
11 258 259 261 262 263 265 268 269 274 279 280
14 256 258 260 262 263 264 268 269 270 274 280 286 287 288
20 256 258 261 263 265 266 268 269 270 271 272 275 276 277 278 281 282 284 287 290
17 257 258 259 260 261 264 265 269 270 271 273 276 282 284 286 288 289
17 256 257 258 259 263 266 270 271 273 276 281 282 283 284 285 289 290
21 256 257 260 262 263 264 265 267 271 272 273 274 275 276 278 280 283 285 287 288 290
18 258 259 261 262 266 267 268 270 272 275 276 277 279 281 284 285 288 289
21 256 257 259 260 261 262 266 267 268 270 272 273 275 277 278 280 283 285 286 287 288
21 256 257 259 260 261 263 265 268 269 270 273 277 280 281 282 283 284 286 287 288 290
23 256 258 259 260 261 262 263 264 265 266 267 268 271 272 275 276 278 279 281 283 284 287 289
10 256 258 259 263 265 271 273 279 281 282
15 257 260 264 268 273 275 276 279 281 283 284 285 286 287 288
10 258 259 260 262 269 270 282 286 287 288
15 256 257 261 263 266 267 268 269 270 274 275 280 282 285 289
15 257 258 261 262 263 264 265 267 272 275 277 278 286 288 290
21 257 259 260 263 264 265 266 268 271 272 274 275 276 279 282 283 284 287 288 289 290
23 256 258 260 262 264 266 268 269 270 271 272 273 274 275 276 280 282 283 284 285 286 289 290
22 257 259 260 261 262 263 266 268 269 270 271 272 275 276 277 281 282 285 287 288 289 290
15 257 258 261 262 264 267 269 270 274 275 278 279 282 289 290
21 258 259 260 262 263 267 268 270 271 272 273 277 278 279 280 282 283 284 285 289 290
18 256 257 258 259 261 262 263 266 267 269 275 277 279 280 284 286 288 289
12 256 258 260 261 264 267 270 272 274 278 279 285
21 256 257 259 260 261 262 264 265 268 270 272 273 275 279 280 282 284 286 287 288 289
11 259 261 262 266 269 275 276 279 285 287 290
10 256 258 263 271 272 274 280 284 285 288
14 256 257 258 261 268 275 277 279 281 282 283 286 289 290
21 258 260 263 264 265 266 267 268 271 272 276 277 279 280 281 282 283 285 286 288 290
12 258 264 266 267 268 270 273 279 281 285 286 287
23 257 260 265 266 267 268 270 271 272 273 274 277 278 280 281 282 283 285 286 287 288 289 290
23 256 258 259 260 261 262 263 264 266 271 272 274 275 278 280 281 282 283 284 285 287 288 289
18 258 259 261 262 264 265 268 269 270 271 272 276 281 282 284 285 288 289
24 256 257 258 260 265 267 268 271 272 273 275 276 278 279 280 281 282 284 285 286 287 288 289 290
17 256 257 260 261 262 266 267 269 270 272 274 275 282 283 285 289 290
15 258 263 266 267 268 271 272 273 275 277 284 285 287 288 289
13 258 259 260 261 263 265 266 272 279 282 283 285 288
17 259 260 261 264 266 269 270 271 272 275 276 278 282 283 286 289 290
22 256 257 258 261 262 263 264 265 266 267 269 270 271 272 275 280 281 283 286 288 289 290
17 256 258 260 261 262 263 269 271 273 274 275 277 279 281 283 284 289
19 257 258 259 260 262 263 268 270 271 272 275 278 279 280 281 283 286 287 290
21 258 260 261 263 264 266 267 268 269 270 272 274 275 278 279 280 282 284 285 286 287
24 256 257 258 259 261 263 266 267 269 271 273 274 275 276 277 279 281 282 283 284 285 286 287 290
13 259 262 265 266 268 272 273 274 280 281 285 286 288
22 257 259 260 262 263 265 266 269 271 272 273 274 276 279 280 281 283 284 285 286 287 290
12 256 260 262 265 266 267 270 274 277 283 284 290
15 257 259 263 264 267 273 274 275 278 281 282 283 284 285 290
18 259 260 261 262 266 268 270 274 276 280 281 282 283 285 287 288 289 290
19 256 258 260 263 264 265 266 267 270 271 272 276 280 281 282 283 286 288 290
15 256 259 260 266 267 270 275 276 277 278 282 283 285 287 289
21 256 257 258 259 262 263 264 265 267 268 271 273 274 278 279 280 284 286 287 289 290
18 257 258 259 260 265 266 267 269 271 273 276 277 279 282 284 285 287 289
14 257 258 260 261 263 265 268 273 274 276 277 278 283 286
12 258 259 262 265 270 272 276 277 278 281 283 289
16 257 261 268 270 271 274 275 277 278 279 281 283 284 287 288 290
16 257 259 264 266 269 275 276 277 280 281 282 283 284 286 287 290
21 256 259 260 262 263 265 267 268 269 270 273 274 275 279 280 284 286 287 288 289 290
15 256 258 259 263 265 266 268 269 273 276 279 281 283 285 289
13 256 258 264 266 267 269 271 272 276 278 282 284 288
14 258 259 260 261 263 264 272 275 278 279 281 282 283 288
23 256 257 258 259 260 262 263 265 266 267 271 273 276 277 278 279 280 283 285 287 288 289 290
16 261 262 265 266 267 269 270 271 273 275 277 279 282 283 286 288
11 256 259 266 269 271 272 274 276 280 282 284
18 259 260 261 262 263 264 265 271 277 278 280 283 284 285 286 287 288 289
14 257 258 261 262 264 269 270 276 279 283 284 285 288 289
20 259 260 261 263 264 265 266 267 269 270 271 276 277 278 279 280 284 285 288 289
10 256 259 260 263 264 275 278 283 284 286
10 257 261 265 268 271 272 275 280 289 290
17 256 257 258 260 261 268 269 272 275 276 278 283 284 285 287 288 290
17 256 258 259 260 264 265 268 269 270 272 277 278 282 284 288 289 290
12 258 270 271 276 277 278 279 280 286 287 289 290
11 264 265 267 270 272 273 275 276 280 284 290
16 256 257 258 261 262 264 270 272 274 276 284 285 286 287 288 290
22 256 260 261 263 264 265 266 267 269 274 276 278 279 280 282 284 285 286 287 288 289 290
24 256 258 260 262 263 266 268 269 270 271 272 274 275 276 277 278 281 282 283 284 285 288 289 290
11 258 260 261 262 263 264 266 271 273 282 284
13 256 258 262 266 268 272 273 275 277 278 281 282 288
16 256 260 261 262 263 267 269 272 275 276 278 280 281 282 283 287
19 258 261 264 265 267 268 270 271 273 274 275 277 278 279 280 281 284 288 290
14 256 258 259 269 272 276 278 279 281 283 286 287 288 289
10 261 264 265 275 279 283 285 287 289 290
16 259 260 263 266 267 269 271 272 274 276 279 280 281 283 288 289
21 256 260 261 262 263 266 267 268 269 270 275 276 277 278 280 281 283 285 286 289 290
11 256 257 261 270 271 272 279 282 283 284 286
11 258 262 268 269 272 279 282 283 284 285 286
22 257 258 260 261 262 263 266 267 269 272 273 277 278 279 280 281 283 285 286 287 288 290
13 256 258 260 262 263 270 271 272 282 283 284 289 290
11 256 257 260 267 269 272 276 279 281 282 285
12 256 257 260 264 266 269 271 272 277 281 283 287
12 258 262 263 264 269 276 278 281 282 284 287 288
13 259 261 262 265 271 274 277 278 279 280 282 283 284
19 259 262 266 267 268 269 270 271 272 273 274 275 280 281 282 283 285 287 290
17 258 261 262 264 266 267 268 270 271 273 278 279 280 281 285 287 288
19 259 262 263 264 265 266 267 268 269 270 271 272 273 274 276 279 284 287 290
18 258 259 260 261 263 265 267 268 269 272 276 279 283 284 285 286 289 290
11 259 261 263 264 266 271 276 277 280 282 285
19 256 258 262 263 265 266 267 268 269 270 271 272 275 276 281 282 285 286 290
15 258 260 262 263 267 269 273 275 276 280 281 282 285 286 288
19 256 257 258 259 260 261 262 268 269 273 274 275 276 280 281 283 287 289 290
19 256 257 258 259 260 263 264 265 268 269 272 274 275 278 280 281 285 286 287
15 257 258 260 262 265 270 271 272 273 275 282 284 286 287 289
20 256 258 260 262 265 268 269 270 273 275 276 278 280 282 283 284 285 288 289 290
19 257 260 261 262 263 264 265 266 267 268 273 276 279 283 286 287 288 289 290
15 256 258 259 260 261 262 265 266 268 274 276 278 279 282 283
15 257 259 262 264 267 268 269 271 274 277 278 279 282 286 290
13 257 264 266 267 270 271 276 278 279 281 282 285 290
19 257 261 262 263 264 265 268 270 276 277 278 280 281 282 283 284 285 286 287
17 256 258 259 260 261 262 263 267 270 271 275 278 279 280 281 283 290
13 257 259 260 265 267 268 269 272 276 282 283 286 290
13 256 260 265 268 270 275 276 279 281 284 285 286 290
12 256 259 260 261 264 274 275 276 279 282 286 288
17 257 259 260 265 269 270 271 274 276 277 279 282 283 284 285 287 290
13 256 258 259 260 262 268 269 272 275 278 282 287 289
20 259 260 261 262 265 267 268 269 271 272 273 278 279 282 283 284 286 287 288 290
10 257 258 260 265 267 273 276 283 289 290
19 258 259 260 262 264 265 266 270 271 273 277 279 280 283 284 285 287 288 289
15 258 260 261 263 265 267 270 271 272 273 280 284 285 288 290
11 258 260 261 267 268 273 274 279 281 285 288
17 256 258 260 261 266 268 269 270 272 275 278 281 282 283 285 288 289
12 256 266 268 271 273 277 279 280 282 283 288 290
18 256 257 259 261 262 263 267 269 270 274 276 278 280 282 283 285 286 289
10 267 270 279 282 283 285 287 288 289 290
18 256 258 259 262 263 264 267 269 270 274 276 278 280 281 282 286 287 289
16 264 266 267 268 271 272 273 275 276 278 280 281 282 285 287 290
15 259 262 264 265 266 269 270 276 277 280 284 285 287 289 290
14 256 257 264 265 270 274 275 278 279 281 283 287 288 290
20 261 264 265 267 268 270 271 273 274 275 276 278 279 281 282 284 286 287 289 290
22 256 257 259 263 264 265 266 267 269 271 273 275 276 278 279 280 284 285 286 287 289 290
14 256 257 260 262 264 265 266 270 275 280 281 284 288 290
20 256 258 259 260 266 267 268 269 270 271 272 274 275 276 277 279 283 285 286 287
13 256 257 260 262 265 271 273 278 281 283 284 287 288
18 256 257 259 261 262 263 264 265 267 268 270 271 273 274 278 279 280 284
10 257 258 263 266 269 271 273 277 279 280
21 257 258 264 265 266 268 269 271 272 275 276 277 279 280 282 283 285 286 287 288 290
10 258 264 268 269 271 277 281 285 286 289
16 256 257 261 264 268 269 275 279 280 281 283 284 285 286 287 288
22 258 260 262 263 264 265 266 270 271 272 273 274 275 279 280 281 285 286 287 288 289 290
15 256 257 258 262 266 268 270 275 277 279 280 281 285 287 289
19 259 261 267 268 269 270 271 273 275 276 278 279 280 282 284 286 287 288 290
11 256 260 264 265 267 276 277 278 281 286 288
14 258 259 261 266 268 270 274 275 276 278 279 280 282 287
11 256 257 260 261 265 267 273 274 281 282 290
12 263 266 267 268 271 272 274 275 279 282 284 287
10 260 261 264 267 270 279 280 283 284 287
12 258 265 267 268 274 275 281 282 283 288 289 290
23 256 257 258 261 264 266 268 269 270 271 272 273 275 277 278 279 281 283 284 285 286 288 290
15 256 257 258 260 261 264 266 269 273 274 275 280 282 288 290
12 258 261 263 265 267 270 278 280 282 287 288 290
21 258 259 260 261 265 267 269 271 272 273 274 275 277 278 282 284 285 286 287 288 289
23 257 258 260 263 265 267 268 270 271 272 273 274 275 277 278 280 281 282 283 284 285 286 290
13 258 264 267 269 275 276 277 278 281 284 285 286 290
10 256 257 259 262 270 276 282 288 289 290
21 258 259 260 262 266 267 269 271 273 276 277 279 280 282 283 284 286 287 288 289 290
19 256 257 259 262 264 265 267 268 270 271 272 276 277 280 281 284 285 286 288
14 256 261 264 265 266 268 273 274 277 282 285 286 287 289
17 257 258 259 260 261 266 268 270 273 274 275 276 277 278 282 285 287
15 256 260 262 263 266 270 271 272 273 277 282 284 286 289 290
23 258 259 261 262 263 264 265 266 267 269 270 272 275 276 277 279 281 283 284 286 287 289 290
20 256 257 258 260 262 271 272 273 275 277 278 279 281 282 283 284 285 287 288 289
16 258 262 263 267 269 273 274 275 279 280 281 283 284 285 288 289
23 256 259 262 263 265 266 269 270 271 272 273 274 275 277 278 280 281 282 283 285 287 288 290
24 256 257 259 260 264 265 267 268 269 270 271 272 273 274 275 276 278 279 282 283 284 286 289 290
22 256 257 262 263 265 266 267 268 269 271 272 275 276 277 278 279 282 284 285 286 287 290
14 256 260 262 263 265 266 270 273 274 275 281 285 286 287
13 256 257 259 261 263 268 272 273 277 279 280 288 290
14 256 259 262 263 264 266 269 272 276 277 279 281 289 290
15 258 262 263 264 265 266 270 272 274 279 283 284 285 288 290
10 258 261 266 269 270 274 275 281 284 287
15 291 294 295 296 297 298 301 302 310 312 317 320 321 324 325
10 291 297 300 301 304 314 315 322 324 325
4 292 294 319 321
6 291 297 300 316 323 324
14 291 292 295 296 298 299 301 304 311 312 313 314 317 320
11 291 293 302 306 311 313 314 315 316 317 320
8 295 296 302 304 307 319 323 324
8 291 294 305 307 310 313 318 319
14 293 294 296 297 299 303 309 311 315 317 318 320 323 325
13 295 296 298 303 305 306 310 312 313 316 318 320 323
8 293 299 302 307 308 309 311 317
14 291 293 294 295 297 300 305 306 310 311 314 316 318 322
9 292 300 301 303 308 317 320 321 325
16 294 298 300 303 304 308 311 313 314 315 317 318 319 321 323 324
11 292 295 300 301 302 304 306 319 321 322 324
18 291 292 294 295 300 302 303 304 307 311 312 313 314 316 320 321 324 325
15 292 293 303 304 305 307 308 311 313 314 315 316 319 322 323
10 292 295 296 302 303 305 309 314 322 323
4 300 311 320 325
17 293 296 297 298 299 301 305 306 308 309 310 315 317 318 319 322 323
6 294 297 305 307 318 320
20 291 292 293 295 296 297 299 300 301 302 305 306 308 311 312 313 316 318 320 324
3 302 306 317
15 292 294 295 297 298 301 305 307 309 310 312 318 319 324 325
17 291 292 293 296 298 300 301 303 308 309 313 316 317 319 322 324 325
8 300 302 303 308 316 318 323 325
9 291 292 300 304 307 315 317 318 320
15 291 295 296 298 299 301 305 306 307 309 312 315 316 317 320
10 299 300 302 303 304 305 312 313 316 324
18 292 293 294 296 298 300 303 307 308 309 310 311 312 315 319 320 321 322
19 291 292 293 295 296 297 299 301 302 305 306 307 309 310 312 316 320 322 325
18 291 292 294 300 301 302 303 309 310 311 312 313 314 315 317 320 322 324
4 300 310 312 324
15 291 292 293 294 296 298 300 303 308 310 314 316 317 323 325
10 291 293 299 307 308 312 315 319 321 324
14 291 295 297 301 304 306 310 311 313 314 315 317 322 323
11 294 297 298 301 304 306 310 313 316 317 318
6 297 302 305 307 313 315
30 291 292 295 296 297 298 299 300 301 303 304 305 307 308 309 310 311 312 313 314 315 316 317 318 319 320 321 322 323 324
9 296 299 300 303 304 308 321 322 323
26 293 294 295 296 297 298 299 301 302 303 305 306 308 309 310 311 312 313 314 316 319 321 322 323 324 325
15 291 293 296 297 298 306 308 310 311 314 315 318 321 323 325
10 291 298 305 307 308 310 312 313 314 316
9 294 298 300 302 308 310 312 313 316
10 293 295 303 304 307 314 318 319 323 324
5 308 312 313 317 323
21 292 293 294 296 298 299 300 302 303 305 307 308 309 312 316 318 319 320 321 324 325
10 292 294 295 301 307 309 317 319 320 322
7 296 301 303 309 315 321 325
12 291 293 294 302 303 306 307 309 311 316 318 323
9 293 294 298 306 311 312 314 316 322
6 292 293 297 300 322 325
8 294 308 310 311 313 314 319 324
10 292 296 302 303 306 307 310 313 315 318
27 292 293 295 296 297 298 299 300 301 302 303 304 306 308 309 311 312 314 315 316 317 320 321 322 323 324 325
19 292 294 303 304 305 306 308 310 312 313 315 316 317 319 320 321 322 323 324
9 292 298 299 302 304 307 319 320 324
7 295 299 314 319 320 321 325
9 301 306 311 312 318 319 320 321 322
13 293 294 297 305 306 307 309 310 315 319 321 322 324
13 295 297 298 299 304 306 307 308 316 319 321 323 325
9 291 297 299 305 309 310 313 315 318
12 293 294 298 301 304 305 308 309 311 312 317 322
5 295 299 304 309 324
12 295 299 302 304 306 310 311 312 314 315 321 323
11 291 292 296 297 301 305 309 311 320 321 325
4 293 296 305 318
5 299 306 315 317 322
6 302 303 304 318 321 323
15 294 298 303 304 307 309 310 314 315 317 319 321 322 323 325
5 299 300 306 309 318
14 291 295 297 299 301 304 305 313 314 316 318 323 324 325
19 292 295 296 297 298 299 301 304 305 308 313 314 315 317 319 320 321 322 325
16 291 293 295 296 297 298 299 300 301 302 307 309 311 314 318 325
5 293 294 302 306 325
10 293 296 298 300 302 303 308 318 320 325
12 292 296 297 298 299 301 308 313 314 315 320 321
6 293 298 306 312 314 316
8 293 295 303 304 314 318 319 323
4 295 304 309 324
10 291 302 303 309 310 311 313 315 317 324
3 295 299 304
2 300 310
5 301 306 319 320 321
15 292 293 295 299 300 301 302 305 308 311 312 316 318 320 324
7 294 305 307 310 315 321 324
10 291 295 305 313 314 316 318 323 324 325
14 293 294 296 299 303 306 308 309 312 313 316 319 322 325
4 297 300 316 324
11 293 294 296 297 299 303 311 318 320 323 325
8 293 303 304 307 318 319 323 324
11 291 293 296 297 298 299 301 307 309 314 325
6 291 302 303 307 316 323
10 296 298 303 305 306 312 313 316 320 323
12 291 292 298 300 301 308 309 313 317 319 324 325
5 295 309 317 319 322
12 293 297 298 306 308 310 311 314 315 318 321 323
4 292 297 300 322
14 298 299 301 302 306 309 310 312 313 314 322 323 324 325
5 299 309 313 315 318
3 300 310 312
5 295 299 319 320 325
15 292 304 305 306 308 310 312 313 315 316 319 320 321 322 324
8 291 300 301 304 314 315 324 325
5 295 302 309 322 323
12 294 295 297 298 301 302 310 317 320 321 324 325
8 291 293 295 297 305 310 316 318
3 294 305 318
11 300 303 304 308 313 315 317 318 321 323 324
4 297 302 305 307
2 306 322
8 292 294 297 298 301 305 307 309
9 294 298 303 313 314 315 317 319 324
18 291 292 295 296 297 299 300 301 303 305 308 310 313 314 317 318 322 323
6 293 302 308 309 311 317
14 293 296 297 298 301 305 308 309 310 315 317 319 322 323
9 292 295 297 307 310 312 318 319 325
15 292 297 299 301 304 305 308 313 314 315 317 319 320 321 325
6 299 300 303 304 305 316
8 298 304 311 315 317 318 323 324
6 291 301 304 315 322 324
7 291 298 305 307 310 313 316
4 301 303 317 320
6 291 299 309 310 313 315
11 292 295 297 298 301 305 309 312 318 319 324
7 298 300 303 308 310 316 323
12 291 292 295 298 299 301 304 311 312 313 314 320
5 297 301 304 322 324
17 291 293 295 296 297 299 300 301 305 306 308 311 312 313 316 318 320
6 300 302 303 308 316 318
4 295 299 304 309
7 291 293 299 308 315 319 324
6 295 304 310 314 315 321
7 296 299 300 303 304 308 321
12 292 293 294 296 300 303 309 311 312 315 319 321
4 291 297 323 324
8 291 293 296 297 298 310 311 315
9 293 294 300 303 308 316 317 323 325
5 301 307 309 317 319
6 291 294 305 310 313 319
5 296 299 303 304 322
8 291 293 297 300 305 306 310 322
1 302
8 294 295 296 297 301 317 321 324
11 294 297 303 309 311 315 317 318 320 323 325
8 298 303 307 309 319 321 323 325
3 299 317 322
9 296 298 303 305 310 312 316 318 320
6 293 294 298 311 314 316
9 291 292 301 303 309 310 312 313 314
13 293 297 298 305 306 308 309 310 315 317 318 319 323
14 292 295 298 299 301 304 308 313 314 317 319 320 322 325
15 292 294 296 298 300 303 307 308 309 310 312 315 320 321 322
3 303 309 321
7 294 296 299 311 318 320 323
6 291 294 305 307 313 319
10 291 298 299 301 306 307 309 316 317 320
6 293 306 311 312 314 322
5 297 302 305 313 315
5 302 303 305 314 322
11 293 297 305 307 309 310 315 319 321 322 324
5 296 299 300 304 321
8 295 296 302 303 309 314 322 323
9 295 299 302 304 312 314 315 321 323
4 302 304 307 323
7 294 308 310 311 314 319 324
2 296 305
6 303 304 305 312 316 324
6 293 294 311 312 316 322
6 292 299 307 319 320 324
1 302
13 291 293 296 297 298 306 308 310 311 314 318 321 323
9 296 297 298 299 301 309 310 318 323
5 301 303 309 315 325
10 293 297 305 306 307 309 310 315 322 324
4 299 300 306 318
4 296 303 315 325
22 293 295 296 298 299 300 301 303 304 306 308 309 312 314 315 316 317 320 321 323 324 325
6 298 305 307 308 313 314
24 292 293 295 296 297 298 299 300 301 302 303 304 306 309 311 312 315 316 317 320 322 323 324 325
15 292 295 296 301 302 306 308 309 311 314 315 316 317 323 324
4 302 307 313 315
5 292 298 307 319 324
6 294 298 300 302 310 316
11 293 297 299 300 302 306 308 312 313 316 318
7 307 309 314 317 321 322 323
11 294 298 304 308 313 315 317 318 319 323 324
9 300 307 309 310 311 312 319 320 321
5 293 294 298 312 322
3 295 299 304
7 292 302 303 307 313 315 318
8 292 299 302 304 307 319 320 324
6 300 302 303 308 323 325
5 294 297 305 318 320
11 291 292 295 307 313 314 316 320 321 324 325
5 292 293 297 300 322
4 299 304 309 324
20 293 295 296 297 298 299 301 302 303 305 306 308 309 310 312 313 321 322 323 325
6 291 299 307 308 315 319
5 291 307 319 321 324
4 291 297 299 310
9 291 293 302 306 311 313 314 316 320
5 293 297 300 322 325
3 293 302 306
3 299 306 318
8 295 296 299 305 306 312 317 320
4 304 318 321 323
12 293 294 297 299 303 309 311 315 318 320 323 325
4 299 319 320 325
7 293 303 304 314 318 323 324
4 291 300 316 323
7 293 294 301 304 305 308 309
9 293 303 304 305 307 311 314 316 323
4 295 299 309 324
5 303 307 310 315 318
5 292 302 307 310 315
7 292 295 302 309 314 322 323
6 300 302 303 304 305 312
9 291 297 298 306 308 314 315 323 325
8 291 292 300 304 307 315 318 320
8 291 299 307 308 312 315 319 321
9 291 299 301 304 313 314 316 323 324
11 291 294 295 296 297 298 301 310 312 320 325
3 314 320 321
7 295 296 305 306 312 318 323
3 294 297 320
11 292 293 303 304 305 307 308 311 314 315 322
15 292 295 296 297 298 299 304 305 308 313 314 317 319 321 325
14 293 294 296 298 300 303 307 308 309 311 312 319 320 321
6 296 301 303 309 315 321
14 291 293 296 298 300 301 303 308 313 317 319 322 324 325
10 294 298 300 302 312 316 318 319 321 324
5 295 302 307 319 324
7 297 298 299 306 308 319 323
9 293 303 304 308 311 314 315 319 323
13 291 295 298 299 301 305 306 307 309 312 315 316 317
8 294 295 297 298 301 317 321 324
12 291 294 296 298 300 303 310 314 316 317 323 325
3 308 313 317
13 292 304 306 308 310 313 316 317 319 320 321 322 324
5 300 301 317 320 321
8 294 302 306 307 311 316 318 323
11 292 293 294 296 303 308 310 314 316 323 325
8 302 306 311 313 314 316 317 320
7 301 306 311 312 319 320 322
7 291 293 303 306 307 309 311
5 297 300 301 315 325
4 303 304 321 323
8 291 305 307 310 312 313 314 316
3 297 305 313
15 293 296 298 300 303 307 308 309 310 312 315 319 320 321 322
6 293 312 315 319 321 324
8 291 298 305 308 310 312 314 316
6 297 300 304 322 324 325
5 296 303 309 314 322
23 292 293 295 296 297 298 299 300 303 304 306 308 311 314 315 316 317 320 321 322 323 324 325
8 298 304 307 315 321 322 323 325
4 296 309 315 321
3 293 302 306
5 301 303 315 321 325
8 291 293 299 307 312 319 321 324
15 293 296 298 301 305 306 308 309 310 315 317 318 319 322 323
6 291 297 299 309 313 315
5 300 302 303 318 323
5 293 297 300 322 325
15 291 292 295 300 302 303 304 307 311 312 314 316 320 321 324
12 291 293 295 296 297 301 302 307 309 311 318 325
8 292 294 295 301 307 309 319 320
10 294 297 298 301 302 310 317 321 324 325
10 291 295 297 301 310 311 314 317 322 323
3 291 316 323
2 315 317
5 297 302 307 313 315
19 292 293 296 297 298 299 300 301 304 306 308 309 311 314 317 321 322 323 325
8 292 295 296 298 311 312 313 317
8 303 305 311 313 314 315 319 322
14 293 296 297 298 299 304 306 309 312 315 316 317 322 323
4 299 300 306 309
6 302 304 310 311 312 321
3 297 305 307
2 315 322
5 301 306 311 319 320
11 291 293 297 299 301 305 306 311 313 318 320
4 297 305 307 320
14 294 296 300 303 307 308 310 311 312 315 319 320 321 322
11 293 303 304 305 307 308 311 313 315 316 322
8 293 304 307 314 318 319 323 324
6 291 298 307 308 310 313
12 292 293 296 298 300 303 307 309 312 319 320 322
10 291 293 294 295 300 306 311 314 316 318
7 292 301 303 308 320 321 325
3 295 309 324
5 294 305 310 318 319
5 296 299 304 322 323
5 293 314 318 319 324
20 293 294 297 298 299 301 302 303 305 306 308 309 310 311 312 313 316 319 322 323
20 293 295 296 297 299 301 302 303 305 308 309 311 312 313 314 316 321 322 323 325
6 293 298 306 312 314 316
12 291 297 301 304 306 310 311 313 314 315 317 323
7 291 297 299 305 309 313 315
11 296 297 298 304 308 313 314 315 319 321 322
21 293 294 295 296 297 298 299 301 302 305 308 310 311 313 314 316 319 322 323 324 325
9 294 297 298 301 306 310 316 317 318
8 291 293 297 298 311 314 323 325
8 292 295 301 307 309 317 319 322
8 292 295 302 303 309 314 322 323
13 291 292 294 301 302 311 313 314 315 317 320 322 324
6 295 299 314 319 320 321
3 306 309 318
3 303 304 323
6 295 299 314 319 320 325
6 295 307 314 318 323 324
5 295 300 304 319 321
9 293 296 298 299 300 302 309 314 325
4 300 303 318 323
3 297 305 315
10 291 300 302 303 304 307 311 316 324 325
10 291 292 298 300 303 316 317 319 322 325
17 292 293 295 296 297 299 300 301 302 306 308 311 312 316 318 320 324
11 291 292 293 294 298 300 308 316 317 323 325
7 294 296 309 317 318 323 325
17 296 299 300 302 304 308 309 311 312 314 315 317 321 322 323 324 325
6 291 293 294 302 316 323
2 312 323
6 293 303 304 307 318 323
11 294 298 303 304 308 311 315 317 318 319 323
10 294 296 297 299 311 315 317 318 323 325
9 293 303 306 307 309 311 316 318 323
4 292 299 302 319
8 291 304 305 313 314 318 323 325
5 292 293 297 300 322
12 292 295 298 301 305 307 309 310 318 319 324 325
7 294 295 307 309 317 319 320
6 293 302 308 309 311 317
6 294 310 311 313 314 324
9 303 305 307 311 315 316 319 322 323
10 292 294 300 301 302 309 310 311 312 322
2 311 325
6 291 300 304 314 322 324
7 291 300 314 315 322 324 325
7 295 304 306 311 314 321 323
5 299 305 309 313 318
6 295 296 302 307 319 323
14 291 292 293 296 298 300 301 303 309 313 317 319 324 325
4 300 302 318 325
4 293 297 300 325
9 293 294 297 305 307 310 315 319 324
9 293 297 303 309 315 317 318 320 323
8 294 298 307 309 310 315 322 325
4 308 313 317 323
7 291 297 300 314 315 324 325
19 292 293 296 298 300 301 303 304 308 309 311 312 314 315 316 317 320 324 325
12 292 294 295 298 305 307 309 312 318 319 324 325
14 292 295 296 297 298 299 305 313 315 317 319 320 322 325
10 291 294 295 300 302 304 311 316 324 325
6 292 295 302 306 319 321
8 291 297 301 304 305 316 324 325
7 291 307 308 315 319 321 324
2 302 317
4 299 315 317 322
7 296 297 310 311 315 321 323
7 297 304 306 310 313 316 318
3 293 294 306
5 302 306 321 322 324
8 291 296 298 299 305 309 312 316
8 292 295 296 302 303 305 314 322
13 294 298 300 303 304 308 313 315 318 319 321 323 324
3 293 306 325
6 308 310 313 314 319 324
8 292 293 294 296 300 310 323 325
7 294 298 306 312 314 316 322
9 293 294 298 301 305 309 311 317 322
8 294 300 303 314 317 318 319 321
7 295 298 305 306 310 312 313
10 295 299 302 304 306 310 311 315 321 323
19 291 292 293 294 295 297 300 302 303 306 307 309 315 318 319 322 323 324 325
11 293 295 299 304 308 311 313 314 319 320 324
22 292 293 294 295 296 299 300 302 303 305 308 310 312 313 314 315 318 319 320 321 324 325
12 292 293 296 299 301 307 311 313 314 315 318 321
23 291 293 294 296 297 298 300 302 304 306 307 308 309 310 315 316 318 319 320 322 323 324 325
14 291 294 297 300 301 305 306 308 310 311 312 313 316 318
17 298 299 301 302 303 305 307 312 313 315 316 317 318 319 322 323 325
15 291 295 296 299 300 303 305 313 314 316 317 318 320 321 325
14 291 292 296 299 301 303 305 307 313 314 317 318 319 323
19 291 292 293 296 297 298 301 304 307 309 311 312 314 315 316 317 321 322 323
17 293 294 295 299 300 301 303 309 310 311 316 317 318 320 321 323 324
11 294 297 299 302 306 310 315 316 320 322 325
21 291 292 293 294 295 300 302 304 306 308 312 313 314 316 317 318 319 320 323 324 325
12 291 296 298 300 307 310 312 313 318 319 322 325
20 291 293 296 297 298 300 301 303 307 308 311 312 314 316 317 318 320 321 322 324
10 292 302 303 304 310 314 317 321 323 325
11 294 295 296 297 298 299 306 307 312 315 321
19 291 292 295 296 298 300 302 304 305 306 311 314 315 317 319 320 321 323 325
17 292 293 296 297 299 300 303 305 310 312 313 316 319 320 321 322 325
17 291 292 294 296 298 299 304 306 307 311 312 313 315 318 321 323 324
12 296 297 304 305 307 309 310 311 312 320 322 325
13 293 294 297 298 302 303 307 310 313 318 319 320 324
19 291 295 296 297 299 301 302 305 307 308 310 312 314 316 317 322 323 324 325
19 291 292 293 295 297 298 299 301 302 308 309 310 312 314 316 319 320 321 323
11 292 294 297 298 303 304 309 312 320 322 324
16 292 293 294 295 299 301 303 307 310 311 315 316 317 318 321 325
14 291 292 296 298 301 306 309 310 312 316 318 319 321 323
11 297 302 303 305 307 308 311 312 318 321 324
24 291 293 295 296 298 299 301 302 303 304 305 306 308 309 310 311 312 314 317 318 319 321 324 325
22 291 292 294 296 298 300 301 302 303 304 308 309 311 312 313 314 318 319 321 322 324 325
23 295 296 297 298 300 301 302 303 305 307 308 311 313 314 315 316 319 320 321 322 323 324 325
21 291 292 293 294 295 296 299 300 301 302 305 306 308 309 313 315 316 317 318 320 323
23 291 293 294 295 296 297 302 303 304 305 308 309 310 311 312 314 316 317 318 321 322 323 325
12 291 294 299 301 305 309 310 311 313 317 319 325
23 292 293 294 297 299 300 301 302 304 306 307 308 309 310 312 313 316 317 318 319 323 324 325
19 292 295 296 297 298 301 302 303 306 308 312 314 316 318 319 320 322 323 325
12 292 293 295 297 303 306 309 311 317 319 320 322
11 293 294 301 305 310 311 312 315 317 320 321
12 295 300 303 304 306 307 309 312 316 323 324 325
22 291 294 295 297 298 299 300 303 304 305 307 308 310 311 312 315 316 319 320 321 323 324
13 294 297 299 301 302 303 307 308 311 312 318 324 325
12 292 294 297 303 305 308 309 311 312 315 316 324
18 292 294 295 296 297 299 303 304 308 312 314 317 318 319 321 322 323 325
24 291 292 293 294 295 296 297 298 299 300 301 302 303 304 306 307 312 313 315 317 319 321 322 323
19 291 292 296 298 301 303 306 310 312 313 314 315 316 317 318 319 320 322 325
16 291 294 295 296 301 302 303 304 305 308 311 312 313 316 321 325
20 291 292 293 294 296 298 300 304 308 309 310 313 314 315 316 317 318 320 323 325
22 294 295 296 298 299 300 302 304 306 307 308 309 311 312 314 316 317 318 319 320 323 324
16 294 295 296 297 298 301 302 303 304 308 309 310 315 317 321 324
14 297 298 299 303 304 305 309 311 312 313 314 320 322 325
13 293 295 296 297 300 301 304 309 314 315 316 317 321
12 291 292 298 304 306 310 312 315 316 317 322 324
18 296 297 300 303 305 306 307 308 309 311 316 317 319 320 321 322 323 325
15 291 292 295 297 299 301 302 308 312 313 315 317 319 321 325
18 293 294 295 298 300 301 305 306 309 310 313 315 316 317 319 320 321 323
20 292 294 295 296 299 301 305 306 307 309 311 314 315 316 319 320 321 322 323 325
10 291 293 294 299 302 303 315 317 322 324
17 293 296 297 298 300 301 302 303 305 311 312 314 317 319 323 324 325
20 292 294 295 296 297 299 300 302 303 305 307 308 310 313 314 316 319 320 324 325
22 291 294 295 297 299 300 301 303 306 307 311 312 313 314 315 316 317 318 320 323 324 325
12 292 293 294 296 305 310 312 313 314 317 319 324
22 291 292 293 295 297 298 299 301 304 305 306 308 309 311 313 315 316 317 318 321 322 325
11 292 296 300 303 307 310 311 313 318 321 323
22 291 293 295 298 299 301 302 303 304 307 308 312 313 314 318 319 320 321 322 323 324 325
24 291 292 293 294 299 300 302 303 304 306 307 310 311 312 313 314 316 317 318 320 321 322 323 324
22 291 295 296 299 300 301 303 304 305 306 307 308 309 311 313 315 316 317 319 321 322 324
23 292 294 298 299 301 303 305 306 307 308 309 310 312 313 314 317 318 319 320 321 322 323 324
19 292 293 296 297 299 300 302 303 304 305 306 308 309 310 312 314 317 318 321
19 292 293 294 295 296 299 300 301 303 304 305 306 308 309 317 318 319 321 325
19 293 294 295 297 298 299 300 304 305 307 309 312 313 315 317 319 320 322 324
13 292 293 300 302 306 308 311 313 314 316 317 319 320
20 291 292 293 294 295 298 300 303 304 305 306 309 310 311 312 316 319 320 321 324
13 292 297 298 301 305 310 311 314 316 317 319 324 325
16 291 293 294 295 296 297 299 300 302 304 307 310 311 316 321 324
19 291 293 294 295 296 300 302 305 307 308 309 311 313 314 317 318 319 320 321
19 291 293 294 295 297 298 302 304 305 306 308 309 311 313 315 317 321 322 324
17 292 294 297 298 301 304 305 306 309 311 312 313 316 317 321 323 325
24 291 292 293 295 296 297 298 299 300 301 304 305 306 307 310 313 314 315 316 318 319 323 324 325
15 292 293 297 299 301 303 305 309 310 316 317 318 320 323 324
23 291 293 297 298 299 300 301 302 303 306 307 308 310 311 312 313 314 316 318 320 322 324 325
20 292 293 294 296 297 299 300 301 303 305 307 308 310 311 315 317 318 319 321 322
10 299 304 305 310 311 315 316 318 320 323
14 292 297 299 300 301 306 310 311 313 315 318 320 321 325
19 293 294 295 297 298 300 301 304 306 308 311 312 313 315 317 320 321 323 324
24 291 293 294 295 296 298 299 300 301 302 303 305 306 307 308 310 313 314 315 316 318 321 323 325
21 291 293 294 297 300 301 302 303 304 305 307 308 309 310 311 312 314 315 318 319 325
11 291 292 293 296 299 300 301 302 305 310 318
14 292 293 295 297 300 304 305 308 309 312 318 319 320 321
20 294 295 297 299 300 301 302 303 305 311 313 314 315 317 318 320 321 322 324 325
12 294 299 300 302 303 305 306 308 309 310 322 323
14 291 295 299 300 303 305 311 312 313 314 317 318 321 325
20 292 295 297 298 300 301 305 306 310 311 314 316 317 318 319 320 321 322 323 325
12 295 296 297 298 299 301 303 304 307 309 312 317
11 295 297 300 301 315 316 318 321 322 323 324
16 291 292 294 295 296 297 299 303 305 309 314 316 318 319 320 322
12 293 294 299 301 302 307 311 314 315 317 320 321
20 294 295 297 298 299 300 301 303 306 307 309 311 312 313 315 317 318 320 321 325
19 292 293 295 296 299 300 302 303 307 308 309 311 312 315 317 319 321 322 325
12 291 295 296 297 299 305 306 307 311 315 320 322
13 292 298 299 301 303 304 306 307 308 310 317 319 325
14 291 292 300 301 304 305 307 308 311 315 318 319 320 321
14 294 298 300 301 304 306 309 310 314 315 318 321 322 324
23 291 292 293 295 297 298 299 300 302 306 308 309 310 312 313 315 316 317 318 319 320 321 323
21 291 293 295 297 298 299 301 302 303 304 306 307 308 311 317 319 320 321 322 324 325
12 292 293 294 299 310 311 314 316 319 321 324 325
24 292 294 295 296 298 299 300 301 303 304 305 306 307 309 310 313 314 316 317 321 322 323 324 325
10 298 302 305 308 311 314 315 316 317 318
20 291 294 295 297 299 300 303 304 305 306 310 311 312 313 315 317 318 319 320 325
20 292 293 295 300 302 303 304 305 306 308 309 311 313 314 316 317 320 322 324 325
13 292 295 298 300 301 302 304 311 313 315 318 319 320
15 291 294 297 298 299 300 302 304 305 307 308 314 321 322 323
13 295 296 297 300 302 303 305 306 307 308 312 313 316
22 291 292 293 294 295 296 297 298 299 301 302 304 307 310 312 314 316 317 321 322 323 324
10 293 296 297 298 299 301 303 304 314 323
17 292 293 296 297 298 299 303 305 306 307 309 310 314 316 317 319 321
15 297 298 301 302 303 304 305 308 309 311 312 313 317 323 325
21 291 293 294 295 298 299 302 303 304 305 306 308 311 313 315 316 318 320 321 324 325
20 292 293 295 296 297 298 300 302 305 307 308 309 310 312 315 317 319 320 322 324
18 291 294 296 301 303 305 306 307 308 312 313 314 315 316 319 321 323 324
16 293 297 298 301 302 304 305 307 308 312 314 316 317 321 323 324
11 294 297 298 300 303 307 310 311 313 314 321
11 291 292 293 294 297 299 300 301 303 311 321
11 291 292 293 306 307 310 314 318 319 320 321
12 291 300 302 303 312 313 314 315 317 321 322 325
16 291 292 294 298 299 300 303 305 306 308 309 310 316 317 321 323
13 291 293 294 295 296 297 303 304 305 311 312 318 324
17 292 295 300 301 303 304 305 306 307 311 315 317 318 319 322 323 325
21 291 293 295 296 298 299 302 303 306 307 308 309 310 313 316 317 319 320 321 322 324
11 296 297 305 308 309 310 311 313 316 320 325
17 293 294 296 297 299 300 301 307 308 310 312 315 318 319 320 321 325
12 292 293 294 296 300 307 314 316 317 318 324 325
13 291 292 294 297 305 307 313 315 318 319 321 322 324
13 296 298 299 303 306 311 312 314 315 316 317 324 325
19 292 293 296 300 302 303 304 305 306 310 313 314 316 317 319 322 323 324 325
11 292 294 297 298 300 304 307 308 309 315 325
11 293 297 298 303 307 311 313 314 316 322 324
17 291 292 296 297 301 302 303 304 305 306 307 311 312 316 318 319 321
13 291 294 299 301 302 304 307 309 310 311 315 319 323
21 293 295 297 298 301 303 304 306 307 308 311 312 313 314 316 320 321 322 323 324 325
22 291 293 295 298 299 300 301 303 307 308 309 310 311 312 313 314 315 317 319 321 323 324
20 291 293 295 296 297 299 301 303 304 305 306 307 308 310 311 312 313 314 316 321
22 291 292 294 295 301 302 303 305 307 308 309 311 312 313 314 316 319 321 322 323 324 325
21 291 292 293 294 295 299 300 302 304 308 309 310 312 314 315 318 320 321 322 323 325
13 293 294 298 299 306 307 310 311 313 317 319 320 321
20 291 292 295 296 297 298 301 303 305 307 309 312 314 316 319 320 321 323 324 325
19 291 294 296 297 298 301 302 303 304 307 309 311 312 313 320 321 322 323 325
14 292 293 294 295 304 306 309 310 313 314 315 318 319 323
19 291 292 295 296 298 299 300 301 302 305 307 308 309 312 314 316 319 320 321
20 291 292 294 295 297 300 301 302 307 308 311 312 314 315 316 317 318 320 322 323
14 291 292 304 305 306 308 313 315 317 320 321 323 324 325
14 294 296 297 298 299 301 302 305 306 309 313 314 321 325
24 291 292 293 294 296 297 299 300 301 302 303 304 306 307 308 309 310 311 313 314 319 322 324 325
18 291 293 298 299 300 301 302 304 306 309 310 313 314 315 316 319 321 322
22 291 292 293 294 297 300 301 302 304 305 307 311 312 314 315 316 318 320 321 322 323 325
17 291 293 294 295 296 298 305 307 309 310 311 314 318 319 321 322 325
11 301 302 303 305 306 308 311 319 320 321 325
21 291 296 297 298 299 300 303 304 307 309 310 312 313 315 316 318 319 320 321 322 324
18 291 296 297 299 300 301 302 304 305 306 311 313 314 315 322 323 324 325
18 293 295 296 301 304 305 306 307 308 310 312 314 315 318 319 321 322 325
21 294 299 300 301 305 307 308 309 310 311 313 315 316 317 318 320 321 322 323 324 325
19 291 295 299 300 301 302 303 304 305 306 307 311 312 313 314 315 319 320 325
24 292 293 294 295 297 298 300 302 303 304 305 306 308 309 311 312 313 316 317 319 320 322 323 324
23 292 293 295 297 300 301 302 303 304 306 307 308 310 311 313 314 315 316 317 318 320 323 324
12 291 294 297 303 310 315 317 318 321 322 323 324
15 292 293 295 298 299 300 302 305 307 309 313 314 315 322 324
13 293 294 301 303 304 305 307 311 313 318 319 320 324
22 292 294 295 298 303 304 305 306 307 309 310 311 312 313 314 315 317 318 319 321 323 324
14 291 295 296 297 298 299 302 305 306 307 311 315 318 325
10 295 299 303 304 305 307 311 316 317 320
23 292 293 294 296 297 299 300 303 304 305 307 308 309 310 311 313 315 317 318 319 320 321 322
23 296 297 300 301 302 303 304 305 306 308 309 310 312 314 315 316 317 318 319 320 322 324 325
14 291 294 295 297 304 308 312 313 315 316 318 320 321 325
20 291 294 295 297 299 300 302 304 308 309 311 312 316 317 318 319 320 323 324 325
14 291 296 298 299 300 303 305 307 312 314 316 319 320 322
11 292 296 297 302 303 305 306 318 319 320 321
12 293 294 295 297 299 302 303 307 314 319 322 325
17 293 296 297 298 299 302 303 304 308 313 315 316 317 318 319 323 325
15 292 295 297 298 302 303 304 305 309 313 315 317 318 321 324
19 291 292 297 298 300 301 304 306 307 308 309 310 313 317 318 320 321 322 325
15 291 296 297 300 303 304 306 307 310 311 313 315 318 319 320
13 292 293 294 296 297 301 302 303 307 312 315 319 324
24 292 294 296 297 298 299 300 303 304 307 308 309 310 312 314 315 317 318 320 321 322 323 324 325
21 291 292 293 295 297 299 300 302 304 305 308 312 313 316 317 318 319 320 321 322 325
12 296 302 303 305 306 307 308 310 312 313 314 320
23 291 292 293 295 296 298 301 302 304 305 306 308 309 310 313 314 316 317 319 322 323 324 325
14 294 298 303 305 306 307 309 310 316 317 321 322 323 324
20 291 293 296 297 300 301 302 303 305 308 309 310 312 313 314 315 317 319 320 323
20 294 295 297 298 299 301 302 304 305 306 307 310 316 317 319 320 322 323 324 325
10 293 294 295 300 303 304 306 307 316 325
21 291 292 294 296 297 298 300 301 303 305 306 307 308 309 310 312 314 315 316 317 318
23 292 294 296 299 300 301 303 304 305 307 308 309 311 312 313 317 318 319 320 321 323 324 325
21 291 292 294 295 296 297 298 299 301 302 303 306 310 311 312 315 317 318 319 320 325
13 291 293 294 296 299 304 308 312 318 319 321 323 325
14 292 293 295 297 300 302 304 309 310 311 315 317 319 323
23 291 292 293 294 296 298 299 300 301 302 303 304 306 307 309 311 312 313 314 315 318 324 325
24 291 292 293 294 295 296 298 299 301 303 304 305 306 308 309 310 311 313 316 317 319 320 322 325
20 291 292 293 296 297 298 301 304 305 306 310 311 313 315 316 318 319 320 321 322
16 292 293 294 295 297 298 299 304 305 306 307 309 315 322 323 325
20 291 292 294 295 296 298 300 301 302 303 308 311 312 314 317 318 320 321 323 324
14 292 294 296 298 300 303 304 306 307 311 320 321 324 325
18 291 292 295 298 301 302 306 307 309 311 314 316 318 319 321 322 323 324
17 294 297 298 299 304 308 312 313 316 317 318 319 320 322 323 324 325
22 293 294 295 296 297 298 299 301 303 305 306 307 308 309 312 314 317 318 320 323 324 325
22 292 293 295 298 299 301 302 303 304 305 306 307 308 313 315 317 318 319 321 322 323 325
24 291 292 295 296 297 298 299 302 303 307 309 310 311 313 314 315 316 317 319 320 321 322 323 325
21 292 293 294 296 298 299 302 303 306 307 308 309 312 313 314 316 317 318 319 323 324
22 291 292 294 297 298 299 300 303 304 306 307 310 312 313 314 315 316 317 320 322 324 325
19 292 294 295 296 299 300 303 306 308 310 311 312 313 315 316 317 318 319 325
23 292 294 295 296 297 298 300 302 304 305 306 307 308 309 313 315 316 318 320 322 323 324 325
21 291 294 295 297 298 302 304 305 306 307 308 309 310 312 313 316 319 321 323 324 325
13 293 294 296 305 307 308 314 316 317 319 322 323 324
21 291 292 293 295 296 300 301 302 303 304 305 306 308 310 312 315 316 318 319 322 324
12 292 294 295 297 300 306 308 313 316 318 320 323
23 291 293 294 295 296 297 298 300 302 306 308 310 312 313 315 316 317 319 320 321 322 324 325
14 294 298 299 301 302 306 309 311 312 313 315 318 320 321
23 291 295 297 298 299 300 302 303 304 305 307 308 309 312 314 315 316 317 318 319 321 324 325
13 291 293 297 300 302 303 305 313 315 316 318 319 323
18 291 293 298 299 300 303 305 308 309 310 312 314 317 318 320 322 323 324
23 291 293 296 297 298 299 300 301 303 304 305 306 308 310 312 313 315 316 317 321 323 324 325
19 291 293 296 300 302 303 304 305 306 307 309 310 311 313 315 319 322 324 325
16 294 301 302 303 304 308 311 312 314 317 318 319 322 323 324 325
10 292 293 296 300 304 306 308 309 314 316
13 293 294 295 301 303 304 305 306 311 315 317 318 325
11 292 294 300 304 311 314 315 316 317 319 321
11 295 296 298 300 301 307 310 312 313 319 321
12 292 295 298 300 301 302 306 312 318 319 320 322
13 297 300 301 303 304 307 309 311 312 317 319 320 321
19 291 292 293 295 297 298 299 302 304 306 307 309 310 311 313 315 317 319 323
24 291 293 294 295 297 298 300 302 304 305 306 307 309 310 312 314 315 316 318 321 322 323 324 325
17 292 293 294 295 296 298 299 303 304 309 310 313 314 315 318 319 324
13 291 292 293 294 295 299 300 301 307 309 316 321 322
13 297 299 300 304 307 308 309 319 320 321 322 323 325
24 292 293 294 295 296 297 298 299 300 302 303 304 306 309 310 311 313 315 317 319 320 321 322 323
18 292 293 296 297 298 301 302 303 307 308 312 315 318 319 320 322 323 325
14 294 295 296 297 298 302 305 308 309 314 316 317 322 325
16 292 293 295 296 297 299 301 303 306 308 310 311 316 319 322 325
12 295 299 301 304 306 307 309 313 317 319 321 323
12 291 293 298 299 302 305 306 307 311 313 318 325
23 291 292 293 295 297 298 299 302 304 307 308 310 311 312 313 314 315 318 319 320 321 323 324
20 291 296 297 298 299 300 301 302 304 305 307 309 310 311 316 317 318 321 323 325
12 291 293 296 297 300 305 308 309 313 314 319 321
16 292 298 300 301 302 303 307 308 310 313 317 318 320 321 324 325
21 292 295 296 297 298 299 303 304 305 306 307 308 309 310 313 318 321 322 323 324 325
16 291 292 293 296 297 300 303 305 306 309 310 313 315 318 319 323
16 291 292 295 297 302 303 304 305 310 311 314 315 316 318 319 323
23 291 294 295 296 297 298 299 300 301 302 303 304 305 308 309 311 312 314 315 316 317 321 324
15 292 293 294 296 297 300 301 302 303 304 306 312 319 322 323
11 302 306 310 312 313 316 318 320 321 323 325
13 291 292 294 295 296 301 305 306 307 311 313 315 317
22 291 292 293 294 296 297 301 304 306 307 309 310 311 313 314 315 317 319 320 321 322 325
22 291 292 293 294 297 299 300 303 305 307 310 311 312 314 316 317 319 320 322 323 324 325
23 291 292 293 294 295 297 298 299 300 301 302 305 308 309 310 313 316 317 318 319 320 321 325
10 296 300 304 307 311 312 314 319 321 324
24 291 292 293 295 296 297 299 300 304 305 306 307 309 310 311 312 313 316 317 319 321 323 324 325
21 292 293 294 295 297 298 299 300 302 303 305 308 311 315 316 317 321 322 323 324 325
12 291 295 298 307 308 311 313 318 321 322 323 325
16 291 293 294 297 300 305 306 307 308 311 314 315 316 317 322 323
21 293 294 296 298 299 301 302 303 305 306 308 309 310 312 313 317 318 319 320 321 322
23 291 292 293 295 296 299 300 302 303 304 305 308 309 310 311 312 314 315 319 321 322 323 324
24 291 293 294 295 296 297 299 300 303 304 305 307 308 309 310 311 312 314 316 317 322 323 324 325
14 292 301 304 305 306 308 310 311 313 314 315 316 318 324
17 291 294 295 298 300 301 307 308 309 312 313 314 317 318 320 321 322
14 292 295 301 302 304 306 307 309 310 312 316 321 324 325
22 292 294 295 297 299 301 302 304 305 306 308 309 311 313 314 317 319 320 321 322 324 325
16 292 293 294 295 296 297 298 300 303 308 311 317 319 322 323 325
12 291 297 302 303 305 309 311 317 318 319 323 325
15 293 297 299 300 304 306 308 313 316 317 321 322 323 324 325
22 292 293 294 295 297 299 300 302 303 304 305 307 308 309 312 313 314 315 319 322 324 325
19 293 294 295 298 300 302 303 304 305 307 312 314 316 317 319 320 322 323 325
12 294 296 299 300 306 310 312 314 316 320 324 325
22 292 295 298 299 300 301 302 303 305 306 307 308 309 311 314 315 316 318 319 323 324 325
11 291 295 296 299 300 306 309 311 317 321 325
22 292 293 295 296 298 301 302 305 306 307 308 309 310 312 313 314 315 316 317 318 320 323
15 291 294 295 296 297 298 300 301 302 310 313 314 315 316 319
20 296 298 299 303 305 306 308 309 312 314 315 316 317 318 320 321 322 323 324 325
22 291 293 294 295 296 297 298 300 301 304 307 309 310 312 313 315 317 319 321 322 323 324
13 301 302 304 306 308 309 312 313 314 317 320 324 325
20 292 294 295 297 298 299 300 302 304 306 308 309 311 315 317 319 320 321 324 325
24 291 293 294 296 297 298 299 300 301 303 304 306 307 309 312 314 315 316 317 319 320 322 324 325
16 291 293 295 297 299 302 303 306 309 310 312 315 317 319 322 324
15 291 293 294 295 297 298 302 304 305 310 314 316 320 323 325
23 291 292 295 296 298 299 300 301 303 304 306 307 308 309 310 311 314 315 319 320 321 323 325
13 292 294 301 303 304 307 308 317 318 319 320 324 325
21 292 293 295 298 299 301 303 304 305 306 307 309 311 314 316 318 319 320 322 323 325
24 291 293 295 297 298 300 301 302 303 304 305 306 307 308 311 312 314 315 317 319 320 321 323 324
10 292 295 300 301 304 305 316 319 324 325
22 292 293 294 297 298 300 301 302 303 306 307 309 310 313 314 315 316 317 318 319 321 322
16 293 295 297 298 299 300 304 306 308 309 310 316 317 322 323 325
16 295 298 306 308 309 310 311 312 313 314 315 316 322 323 324 325
19 293 294 296 298 299 302 303 306 311 313 314 315 316 319 320 321 322 324 325
18 291 294 295 298 301 302 304 306 311 313 314 315 316 318 321 322 324 325
23 292 293 294 296 297 298 302 303 304 305 306 307 308 309 310 311 314 315 316 318 319 323 325
12 291 295 296 297 298 302 305 307 315 320 323 324
13 291 293 295 297 303 304 307 308 310 316 320 321 323
21 291 294 296 298 299 301 302 303 304 305 308 309 310 312 313 314 315 317 319 320 325
21 291 293 296 297 299 300 301 303 304 305 307 310 312 315 316 318 320 321 322 323 324
22 291 292 293 295 296 297 298 299 300 302 304 305 306 312 315 317 318 319 320 321 324 325
23 291 293 294 296 297 298 299 302 305 306 308 309 310 311 312 314 315 317 318 319 320 321 325
17 294 295 300 305 306 308 309 311 312 313 314 315 317 319 321 323 325
19 291 292 293 294 301 302 303 304 311 313 315 316 317 318 320 322 323 324 325
9 326 328 330 331 332 333 336 341 342
6 336 340 343 345 346 347
8 327 328 329 330 331 332 333 334
5 326 329 332 342 345
9 326 328 336 339 342 343 344 345 347
5 333 335 336 345 347
11 335 336 337 338 340 341 342 343 344 345 347
8 327 334 336 340 341 342 343 345
5 333 336 340 343 347
3 330 344 345
6 327 329 335 338 339 347
5 330 334 338 341 346
13 326 328 329 330 331 332 333 334 335 338 340 345 346
5 327 333 338 343 348
16 326 327 329 330 332 334 335 336 338 339 341 342 343 344 345 346
3 332 338 341
10 326 335 337 338 342 343 344 346 347 348
6 328 330 333 337 338 348
5 332 338 339 342 343
10 327 336 337 339 341 342 343 344 347 348
6 326 329 334 337 342 345
4 326 328 333 345
20 326 327 328 329 331 333 334 335 336 337 338 339 340 341 342 343 344 345 346 347
3 327 345 347
5 327 329 334 338 340
10 326 334 336 337 338 341 342 344 345 347
7 328 331 332 333 334 339 348
3 326 335 336
11 326 328 330 331 333 335 338 339 342 344 348
8 326 327 328 330 331 342 343 345
7 326 329 332 338 339 340 346
6 328 337 338 340 341 342
3 329 337 341
3 327 332 334
5 327 330 335 341 348
9 329 330 334 335 336 337 339 341 346
10 329 332 333 334 335 337 339 340 347 348
3 335 344 348
10 328 330 331 333 334 336 337 341 342 343
9 327 328 333 336 337 338 339 341 347
7 336 337 339 343 344 347 348
4 331 340 346 348
6 329 330 337 342 344 348
13 329 330 331 333 334 335 336 337 341 343 345 346 347
5 331 332 339 341 346
6 329 331 336 344 345 347
7 326 327 328 334 338 340 343
13 327 329 330 331 332 335 337 339 340 341 344 346 347
7 331 333 338 339 340 343 347
8 326 328 330 333 334 335 340 348
7 328 331 333 337 340 347 348
9 326 329 331 338 339 343 344 345 347
4 327 337 341 346
5 330 334 335 343 344
11 326 328 332 334 338 340 341 343 344 345 347
5 329 332 339 346 347
8 328 332 335 337 339 342 344 348
7 330 331 332 335 341 342 346
5 327 338 341 345 347
9 326 328 331 332 340 342 344 345 347
10 326 328 333 334 336 338 342 343 345 348
5 327 328 332 337 340
5 326 327 329 330 346
5 326 327 329 331 345
10 328 331 332 333 334 337 340 342 343 344
5 327 331 332 340 343
12 327 329 330 331 333 335 336 337 339 342 346 348
5 328 332 336 344 346
5 329 330 339 346 348
11 327 329 330 331 333 334 335 337 340 346 348
14 326 327 329 331 332 333 334 335 336 339 343 346 347 348
8 328 329 330 333 335 339 346 348
5 336 338 341 344 346
10 326 327 328 332 338 339 340 342 344 348
3 330 332 348
4 326 331 335 344
8 334 337 340 343 344 345 346 348
5 336 339 340 341 345
9 330 333 334 335 336 341 342 346 348
6 327 334 336 341 342 343
8 327 328 332 339 340 342 344 348
1 348
4 328 333 334 339
1 330
6 328 333 336 338 342 343
10 327 330 331 335 336 337 339 342 346 348
2 330 343
3 338 343 348
5 326 335 338 344 347
4 329 339 346 348
7 327 329 330 331 335 337 346
4 341 342 343 345
4 331 332 339 341
4 337 343 344 348
5 330 331 338 339 342
2 329 345
3 336 340 345
5 328 330 333 338 348
4 327 328 337 340
6 326 328 334 343 345 348
4 330 334 335 343
8 326 328 334 338 342 343 345 348
1 329
5 328 331 332 334 348
3 338 339 347
1 348
1 348
3 328 331 348
6 328 331 333 342 343 344
4 330 334 340 348
5 329 335 339 341 346
6 328 332 335 339 342 344
4 328 330 337 348
2 339 346
3 335 336 345
7 331 333 334 337 342 343 344
10 327 329 330 332 335 339 341 344 346 347
3 327 330 341
6 328 329 330 331 332 333
7 329 330 334 336 337 341 346
2 333 345
4 335 336 345 347
6 326 334 336 342 343 345
13 326 327 329 330 332 334 335 336 338 339 342 343 346
7 327 337 341 343 344 347 348
4 327 331 340 343
6 327 336 340 341 342 343
12 326 327 329 334 335 336 338 339 342 343 345 346
7 328 332 338 340 344 345 347
3 329 332 340
6 330 331 332 335 342 346
3 329 339 346
9 326 332 334 338 341 343 344 345 347
7 326 327 332 338 339 340 344
7 329 333 334 335 336 346 347
4 328 330 338 348
5 331 339 340 343 347
5 328 330 333 335 346
6 328 331 337 340 347 348
4 328 333 337 339
1 345
8 326 328 336 339 342 343 345 347
2 331 343
3 340 346 347
3 337 347 348
2 326 328
5 326 330 333 334 335
5 336 337 339 341 342
3 330 337 342
5 327 333 336 339 347
5 326 329 343 344 347
5 329 331 333 335 337
3 337 338 348
2 330 344
2 326 346
6 330 333 334 335 346 348
7 328 331 340 342 344 345 347
5 330 332 335 341 342
4 326 329 331 345
2 332 342
4 328 331 344 347
4 328 339 342 348
3 327 337 340
3 328 333 337
7 326 328 332 334 343 345 347
5 328 332 333 342 344
5 329 334 339 340 348
2 335 344
16 326 327 328 329 331 333 334 335 336 339 340 343 344 345 346 347
16 326 327 329 331 334 335 336 337 338 339 340 342 343 344 346 347
4 328 332 337 340
1 345
4 336 344 345 347
8 326 330 331 332 333 334 338 346
5 328 334 336 342 343
10 330 333 334 335 336 341 343 345 346 347
3 326 331 345
1 332
4 327 328 338 340
2 326 333
3 333 336 347
11 326 327 333 334 335 336 339 343 346 347 348
10 326 328 330 331 332 333 334 338 340 346
3 339 342 343
6 326 328 330 334 335 340
3 329 332 342
2 327 328
7 326 330 331 333 336 341 342
3 331 339 346
4 331 332 341 346
5 328 329 330 333 334
2 337 346
5 330 331 335 341 342
5 332 334 338 343 347
1 329
4 337 342 344 348
7 326 328 330 331 336 341 342
2 344 345
5 337 338 341 344 345
2 327 334
1 345
5 326 333 334 340 348
5 326 331 340 342 347
4 328 331 333 348
5 328 331 337 340 347
6 328 329 330 333 335 339
2 332 341
3 331 340 346
3 329 331 344
4 327 332 337 340
4 328 337 340 342
1 335
2 327 332
6 326 328 330 333 335 348
3 326 331 335
4 327 338 341 347
2 326 344
3 326 328 345
6 326 328 333 335 339 344
2 332 347
10 326 327 332 333 335 336 339 343 346 348
2 345 347
2 338 341
2 326 335
5 326 328 332 340 347
2 329 337
3 332 338 343
4 329 330 339 348
2 332 341
7 329 333 334 335 337 339 340
14 326 327 329 330 332 334 335 336 338 339 343 344 345 346
3 329 330 337
4 328 332 333 339
4 326 334 340 343
6 328 329 330 335 339 348
4 329 339 346 347
2 340 346
2 331 340
5 330 331 332 341 346
8 327 332 334 338 339 341 345 346
4 329 330 335 348
2 330 348
4 331 332 333 334
4 329 339 346 348
6 332 333 334 340 343 344
2 332 346
6 328 331 332 334 339 348
3 329 330 339
3 340 345 347
5 328 331 340 342 344
4 328 340 341 342
4 337 340 343 345
4 330 332 333 334
4 326 327 330 346
8 334 336 337 338 341 342 344 345
4 328 332 333 339
7 329 331 338 343 344 345 347
3 326 330 346
3 331 332 346
3 336 341 346
9 326 328 330 331 334 335 340 345 346
11 327 329 330 331 332 337 339 340 341 344 347
4 331 333 339 343
5 328 333 334 335 340
3 328 332 340
3 327 331 332
4 328 336 339 344
2 332 341
2 337 341
2 326 336
6 327 340 341 342 343 345
5 340 343 345 346 348
12 326 327 329 331 332 333 334 335 336 339 346 348
4 330 334 335 343
2 337 341
2 332 341
4 336 340 345 346
3 332 340 346
5 328 337 338 340 341
4 326 334 337 342
3 328 337 348
5 326 329 343 344 347
5 337 343 346 347 348
2 327 328
2 326 331
3 329 337 348
2 330 344
4 330 335 341 348
8 329 331 333 337 341 343 346 347
2 327 334
4 331 344 345 347
11 329 330 331 332 337 339 340 341 344 346 347
3 336 341 346
5 328 331 333 337 340
3 331 341 346
8 328 331 332 333 337 340 342 344
13 326 327 329 334 335 338 339 341 342 343 344 345 346
7 326 328 340 342 344 345 347
7 328 329 333 334 335 338 346
3 333 347 348
3 339 340 345
4 327 341 345 347
6 326 328 339 342 344 345
5 332 333 340 347 348
10 328 329 334 337 339 340 342 343 345 346
7 335 336 338 340 341 343 345
6 333 334 335 341 342 346
6 327 330 331 335 337 339
3 326 334 337
2 331 348
6 326 328 332 334 343 344
13 326 327 331 333 334 336 337 338 340 341 342 344 347
3 327 341 345
3 332 339 343
3 329 332 338
3 326 327 334
4 328 329 335 339
5 332 334 343 344 345
8 326 327 329 335 338 342 343 346
6 328 332 337 339 342 348
8 326 336 337 338 341 342 344 347
4 330 331 332 341
8 334 336 338 341 342 344 345 347
2 327 345
7 326 335 338 342 346 347 348
2 331 344
2 327 337
2 329 340
7 327 328 333 337 339 341 347
4 327 336 342 343
5 336 337 338 339 347
4 329 338 339 347
3 328 336 346
2 340 346
7 328 332 337 339 342 344 348
4 331 332 339 346
8 326 327 332 338 339 342 344 348
11 326 332 334 335 336 338 339 341 343 344 345
1 335
6 327 336 339 342 343 347
3 327 341 345
7 329 330 331 333 339 342 346
2 326 345
8 327 336 337 339 342 343 344 347
2 326 345
2 339 346
10 326 328 329 334 338 339 342 344 345 346
6 326 328 338 340 342 344
5 328 331 334 339 348
8 327 329 332 336 338 339 342 345
7 329 331 333 337 343 345 346
5 330 331 332 333 334
7 326 329 331 339 343 345 347
7 326 327 331 332 335 343 348
3 332 336 346
5 330 331 332 342 346
5 333 334 335 346 348
5 326 330 331 342 345
3 331 340 348
11 329 330 331 334 335 336 337 341 343 345 347
2 330 341
8 336 338 340 341 343 344 345 347
5 328 330 333 334 341
5 328 331 340 342 345
4 335 339 344 348
7 326 330 332 334 335 340 345
4 326 330 343 345
4 330 334 335 343
10 328 329 330 331 332 333 334 338 340 345
2 329 331
4 335 336 345 347
5 326 330 342 343 345
4 329 339 346 347
3 326 329 342
6 326 327 328 342 343 345
4 328 330 333 337
2 334 338
4 327 333 338 348
5 336 339 341 342 347
8 331 333 334 337 340 342 343 344
8 329 333 335 337 339 340 347 348
4 330 334 335 340
8 326 333 334 338 342 343 345 348
6 332 335 337 339 342 344
2 327 332
7 326 328 331 333 339 344 348
6 327 336 340 341 342 345
3 327 329 339
5 334 337 340 346 348
2 336 345
5 326 332 338 340 346
8 332 333 334 335 337 339 347 348
2 328 337
4 337 340 345 348
2 333 345
7 330 332 334 335 337 343 345
14 326 327 328 329 333 334 335 336 337 338 340 343 344 348
10 331 332 333 334 336 337 338 339 341 345
11 328 330 334 335 336 339 340 341 343 345 346
8 329 333 334 335 337 338 341 343
12 328 330 331 332 333 335 336 339 341 342 344 347
8 327 336 338 340 341 343 345 347
7 329 330 334 338 341 342 348
7 329 333 335 339 342 346 348
10 326 328 330 331 333 336 337 343 345 348
8 330 332 333 340 342 343 344 347
10 328 329 331 333 334 335 337 338 344 346
7 327 328 333 340 343 344 348
14 327 329 330 333 334 335 336 337 338 339 341 343 346 347
9 328 330 332 334 336 338 341 344 346
10 329 332 333 336 337 340 343 345 346 347
12 327 331 334 335 336 337 339 340 341 343 344 347
7 328 330 333 335 339 343 348
12 326 328 329 331 333 335 339 342 344 345 346 348
12 326 329 330 335 336 338 340 341 342 344 345 348
13 326 328 329 331 332 333 337 338 340 341 342 343 347
11 327 328 331 332 338 340 342 344 345 347 348
7 327 329 334 340 341 345 347
10 326 329 330 333 334 335 337 339 340 346
7 327 334 338 339 340 341 344
8 327 335 337 339 340 341 343 345
13 327 330 331 334 335 336 337 339 341 342 344 345 347
14 326 328 330 331 333 334 335 338 339 340 343 344 346 348
7 330 332 333 334 339 341 348
13 326 328 330 332 335 336 337 338 340 342 343 345 346
14 326 329 330 331 335 336 337 339 341 342 343 344 345 348
13 326 328 330 331 332 334 335 336 337 339 341 343 346
13 327 330 332 334 335 336 338 341 342 343 344 347 348
7 327 328 330 331 339 340 344
13 328 330 333 334 335 337 338 339 340 342 345 347 348
13 326 330 331 332 333 334 336 337 338 342 343 344 345
11 326 327 328 330 331 337 338 339 342 344 345
12 326 328 329 330 331 333 335 340 341 342 345 347
7 334 338 344 345 346 347 348
7 328 331 339 340 343 345 347
13 327 328 329 330 331 332 333 337 338 340 341 344 347
15 328 329 330 332 336 339 340 341 342 343 344 345 346 347 348
12 326 328 329 330 332 335 337 338 339 340 342 343
12 326 328 332 335 337 339 340 341 343 344 345 346
10 327 329 330 331 333 335 337 342 345 346
12 326 328 329 331 333 335 336 337 338 341 343 347
13 331 332 333 334 335 336 339 340 341 342 344 345 346
9 332 333 338 339 340 343 344 345 348
14 326 327 329 332 333 336 337 340 341 344 345 346 347 348
11 326 327 328 330 332 334 336 340 341 342 344
10 326 328 331 337 340 341 342 343 345 346
13 326 327 329 331 332 333 336 337 338 339 340 345 348
8 328 330 331 334 335 338 344 347
11 326 330 334 335 340 342 343 344 345 346 347
15 326 327 328 329 330 333 334 335 336 337 340 344 345 347 348
7 333 335 338 341 343 345 347
13 329 330 331 334 336 337 339 340 341 342 343 347 348
7 327 329 332 335 340 341 344
14 327 328 330 331 332 334 335 338 340 341 342 343 345 348
13 329 331 333 334 335 336 338 339 340 341 344 346 348
15 326 327 328 329 331 332 333 334 338 340 344 345 346 347 348
8 329 334 335 336 338 340 342 344
9 326 327 332 333 334 335 339 340 344
15 327 328 332 333 336 337 338 339 340 341 342 343 344 345 346
13 327 328 331 333 334 335 336 337 339 340 341 345 348
12 330 331 333 335 337 340 341 343 344 346 347 348
10 326 329 331 338 339 340 341 345 347 348
11 326 330 331 332 335 336 337 338 341 345 346
10 326 329 330 335 336 337 338 343 344 347
8 326 328 330 337 339 340 343 345
12 326 329 330 333 334 335 337 338 339 340 343 345
12 326 330 331 333 336 337 341 343 344 346 347 348
14 326 327 331 332 333 334 337 338 339 341 342 343 344 347
9 327 331 335 341 342 343 344 346 347
8 326 327 328 331 332 336 340 342
13 327 328 329 330 331 333 334 335 339 342 344 345 347
7 326 327 335 336 338 341 346
9 327 329 331 333 335 338 340 341 345
10 330 332 333 334 336 338 339 341 342 347
7 327 328 335 338 340 343 346
8 327 329 332 333 335 339 343 345
11 326 327 330 332 334 336 339 340 342 343 344
13 326 327 330 331 332 333 334 339 342 344 345 346 347
7 326 328 333 335 339 346 347
11 326 328 330 333 335 337 338 339 341 344 345
12 326 327 328 329 331 335 336 343 344 345 346 347
15 328 329 330 332 333 334 336 338 340 341 343 344 345 346 347
7 331 332 334 337 341 342 343
7 333 334 335 336 340 341 346
13 327 329 330 331 332 333 336 340 341 343 346 347 348
12 327 329 331 332 334 336 342 344 345 346 347 348
12 326 328 331 333 336 337 339 340 342 344 346 348
9 326 328 329 334 336 338 342 345 347
15 326 327 330 331 332 335 336 337 339 341 342 343 344 346 347
13 326 327 330 331 333 334 335 336 337 338 339 341 343
10 327 330 336 337 339 343 344 345 346 348
9 326 327 333 334 338 339 342 344 347
10 326 329 330 334 335 338 340 341 345 348
14 326 328 329 330 332 333 334 336 340 342 344 345 347 348
13 327 329 330 331 334 335 336 338 339 342 343 345 348
12 327 328 330 331 333 334 335 343 344 345 346 348
10 327 334 336 338 341 343 344 345 346 347
8 334 335 336 337 340 345 346 347
10 326 330 332 333 334 335 338 343 346 348
14 326 327 328 329 330 331 335 337 338 339 340 341 344 348
7 328 330 332 334 335 336 343
11 329 331 332 333 335 336 338 339 340 343 348
15 327 328 331 332 333 335 336 337 338 340 343 344 345 346 347
10 330 331 334 337 339 340 342 343 345 347
10 326 327 328 331 332 333 338 342 344 348
15 327 330 331 332 333 335 336 337 339 340 341 342 344 346 347
8 326 329 331 333 338 343 345 346
10 326 327 328 329 331 333 334 340 341 345
7 329 331 337 338 342 343 348
10 329 330 331 333 335 336 339 344 346 348
7 326 327 332 335 337 338 345
9 328 329 334 339 341 342 343 344 346
8 326 327 332 337 339 343 345 348
7 327 334 337 339 340 346 347
10 326 327 331 336 337 338 341 342 346 348
13 326 328 331 332 333 334 340 341 342 345 346 347 348
8 329 330 335 339 340 341 347 348
11 326 327 328 331 332 335 337 344 345 346 347
12 326 328 330 331 332 333 334 336 338 340 341 347
15 327 329 330 332 333 334 337 339 341 343 344 345 346 347 348
11 326 327 329 331 332 335 336 338 340 347 348
7 326 331 334 335 336 340 341
11 328 329 330 331 333 337 340 341 343 347 348
8 326 331 333 335 338 341 342 347
8 327 329 331 332 335 337 339 341
8 327 328 330 333 336 338 346 347
14 327 328 330 332 335 337 338 339 340 341 342 345 346 348
14 326 327 329 330 331 333 335 338 340 343 344 346 347 348
11 327 329 330 331 334 335 338 340 344 345 346
9 327 335 336 337 340 341 342 344 347
11 328 329 330 331 339 341 342 343 344 346 347
7 327 330 331 332 339 343 346
11 327 328 332 333 334 338 341 343 345 347 348
11 326 327 331 333 334 337 338 345 346 347 348
7 326 331 334 338 341 343 344
10 326 328 330 331 332 339 342 343 346 347
9 335 336 338 340 341 343 345 346 348
8 330 336 337 340 343 346 347 348
9 330 332 336 337 338 339 340 341 344
7 326 330 338 340 342 343 346
8 331 332 333 336 341 345 347 348
13 327 328 329 330 337 338 340 341 342 343 344 346 347
8 327 328 334 336 339 343 347 348
12 327 330 331 332 335 338 340 342 343 345 346 347
14 326 329 331 332 333 336 337 338 339 340 343 346 347 348
13 326 330 331 333 334 335 336 338 339 340 343 346 347
15 328 330 331 332 333 334 335 340 341 342 343 345 346 347 348
14 327 328 330 332 334 335 336 337 338 339 341 343 344 345
11 326 330 333 334 335 338 339 341 343 347 348
12 326 328 330 334 336 337 338 339 340 342 343 347
7 329 333 335 344 345 346 348
9 326 330 332 340 343 344 346 347 348
8 328 333 334 338 341 342 345 348
7 327 329 333 334 339 340 345
13 326 329 330 331 334 335 336 337 342 344 345 346 348
8 326 327 328 330 336 339 342 345
10 327 328 330 331 332 334 336 337 339 345
14 326 329 331 334 335 336 337 338 340 342 344 345 346 347
8 331 332 336 338 340 341 346 347
14 327 328 330 331 333 334 335 336 337 338 344 346 347 348
9 333 334 335 336 337 338 339 340 346
7 328 332 339 340 343 344 348
15 326 329 331 332 334 335 338 339 341 342 343 344 345 346 347
14 326 327 328 329 332 333 334 337 338 339 341 344 345 347
12 326 328 331 335 339 340 341 343 344 345 346 347
9 329 330 331 332 340 342 345 346 348
7 331 335 339 340 341 343 345
13 328 329 330 331 332 333 338 339 340 342 344 345 346
12 328 329 330 333 336 337 341 342 343 344 346 347
13 333 335 336 337 338 339 341 343 344 345 346 347 348
12 329 332 334 335 337 341 342 343 344 345 347 348
11 327 329 330 331 333 337 339 341 346 347 348
8 326 328 329 331 336 338 340 341
8 330 335 339 341 342 346 347 348
15 327 328 330 331 332 336 337 338 339 343 344 345 346 347 348
11 329 330 331 333 334 337 339 341 344 345 346
10 326 327 328 329 338 339 340 343 346 348
7 327 330 331 333 336 341 346
13 326 328 329 332 334 335 337 338 340 341 344 346 348
13 326 327 331 332 333 335 337 338 340 343 345 346 348
14 326 327 331 332 334 335 337 339 340 342 343 345 346 348
13 326 328 329 332 334 335 336 338 342 343 344 347 348
10 326 330 332 334 335 336 337 343 344 346
6 326 329 336 340 341 347
10 327 329 333 334 335 336 340 344 345 348
14 326 329 331 334 335 337 338 339 341 342 343 345 347 348
12 326 327 328 333 335 336 338 340 341 344 347 348
9 328 330 331 333 336 337 340 341 342
12 326 327 328 329 330 334 337 342 343 344 345 347
15 326 327 328 329 331 332 333 334 335 339 340 341 343 344 346
16 328 330 331 332 333 334 335 336 337 339 340 341 342 344 345 348
9 326 328 330 333 337 340 341 342 345
12 326 329 330 331 333 334 337 338 339 343 344 345
11 326 327 328 330 332 335 337 339 342 344 345
10 326 327 328 329 332 333 339 340 343 347
14 326 328 331 333 334 335 336 338 342 343 344 345 346 347
8 329 331 332 335 338 340 341 348
9 326 329 332 333 334 339 340 344 347
12 326 328 331 332 334 335 337 338 340 341 342 345
12 329 331 333 335 337 341 342 343 344 346 347 348
7 326 329 330 332 337 341 348
8 328 332 334 336 338 341 342 344
6 326 327 330 336 338 348
15 327 328 329 330 331 332 333 335 336 339 341 342 343 345 346
15 327 328 329 330 331 332 334 336 337 339 340 342 344 347 348
14 326 327 328 329 330 334 335 336 339 340 341 343 345 346
15 327 329 330 332 333 334 339 340 341 343 344 345 346 347 348
8 326 327 329 332 333 334 342 348
11 327 329 331 332 333 334 335 338 343 347 348
12 330 331 332 333 335 337 338 339 345 346 347 348
12 326 327 329 330 333 334 337 338 341 343 345 346
15 327 328 329 330 331 332 337 338 339 340 341 345 346 347 348
7 327 328 332 335 340 342 343
13 326 329 330 331 334 337 338 339 340 341 342 345 348
8 326 336 337 338 339 343 346 348
13 329 330 331 332 335 336 337 338 339 340 342 345 347
15 327 329 331 333 334 335 336 337 339 340 342 343 344 345 346
8 332 334 335 338 341 343 344 346
7 327 330 332 333 339 347 348
10 330 331 332 333 334 339 342 343 344 346
11 326 328 330 334 335 336 337 338 340 342 347
15 326 327 330 331 332 335 336 337 338 339 342 343 345 346 347
8 330 335 338 339 340 342 347 348
13 327 328 330 333 334 335 337 340 343 345 346 347 348
11 326 329 330 331 335 336 337 340 343 344 346
7 326 328 329 332 342 343 347
14 326 327 329 331 332 333 334 335 336 337 338 340 343 347
11 327 329 330 332 333 336 339 340 342 344 347
14 326 327 328 330 331 333 336 337 338 341 344 345 346 348
7 327 328 331 342 344 345 346
15 326 328 329 330 331 332 334 335 336 338 339 341 342 343 345
15 328 329 331 332 333 335 336 337 340 341 343 344 346 347 348
14 326 328 329 330 331 332 333 336 338 339 340 341 346 348
12 328 330 331 332 333 334 335 336 340 343 346 348
10 327 330 332 336 337 340 343 345 346 348
8 329 331 332 333 335 336 337 346
9 326 327 328 331 336 337 343 344 346
8 327 328 331 333 335 337 340 344
15 326 327 328 329 330 333 335 336 338 340 343 344 346 347 348
7 328 332 335 337 341 344 346
8 333 336 337 338 340 342 344 346
13 326 327 328 330 331 333 334 337 341 343 344 346 348
12 326 327 331 333 335 337 339 340 342 343 347 348
15 326 327 328 329 331 332 333 334 339 340 344 345 346 347 348
13 328 333 335 336 337 338 339 340 342 343 346 347 348
10 329 331 334 335 338 341 342 345 346 347
7 326 331 333 334 344 345 347
11 328 330 333 334 336 337 339 344 345 346 347
8 326 329 331 332 334 335 338 345
14 326 327 329 330 332 335 337 338 339 341 343 345 346 348
15 328 329 332 333 334 336 337 339 340 341 342 344 345 347 348
14 328 330 331 332 333 334 336 337 338 342 343 344 346 347
12 326 328 330 332 334 340 341 342 344 345 346 347
9 327 332 337 340 341 342 343 344 345
15 327 329 331 332 335 336 337 339 341 342 343 344 345 346 348
8 327 328 332 336 340 342 343 344
10 328 329 333 334 336 340 341 344 345 346
8 328 331 336 341 342 343 346 347
13 326 328 329 330 332 335 337 338 339 342 343 345 348
9 329 330 332 333 335 336 337 339 345
11 329 331 332 333 334 335 336 342 343 347 348
7 328 334 337 338 343 345 347
13 326 329 331 332 333 334 338 340 341 342 343 344 346
8 326 328 333 334 341 342 343 348
11 326 327 331 332 334 335 336 341 346 347 348
11 327 328 329 331 333 336 337 338 339 342 346
14 326 327 328 329 330 332 337 338 339 340 341 342 347 348
9 327 333 335 336 340 345 346 347 348
11 326 330 331 332 334 338 340 342 343 346 348
10 328 329 330 332 334 336 338 340 343 347
10 326 328 331 332 333 334 335 340 343 348
11 326 327 329 330 332 333 334 337 342 343 345
10 327 331 332 333 334 341 342 344 347 348
7 337 339 341 342 344 346 347
9 330 335 337 338 341 342 343 344 348
8 327 332 333 336 338 339 340 342
8 327 330 332 334 337 339 343 348
12 328 329 330 333 335 336 338 341 344 345 346 348
13 326 327 328 330 331 338 339 340 343 345 346 347 348
12 327 328 329 330 333 334 338 339 342 344 345 348
10 326 327 332 334 335 338 340 342 345 346
14 327 329 331 332 334 335 336 337 340 342 344 346 347 348
10 328 329 332 335 336 337 338 344 345 348
13 326 327 329 332 333 334 336 337 339 340 344 345 348
10 326 330 334 335 336 338 343 346 347 348
8 327 331 335 337 339 341 347 348
12 327 328 330 331 333 340 341 342 343 344 345 348
13 327 328 329 331 334 336 338 340 342 343 344 345 346
11 329 330 331 334 335 338 339 341 343 344 347
14 328 329 330 332 334 335 337 338 340 341 343 345 347 348
12 327 328 330 333 334 335 336 340 341 342 343 344
14 326 327 328 329 331 332 333 337 338 340 341 342 343 348
13 328 329 330 332 333 334 339 340 343 344 346 347 348
9 328 332 334 335 342 344 346 347 348
13 326 327 329 331 332 333 334 335 342 343 345 346 348
15 326 329 330 331 333 335 336 337 338 339 340 341 342 343 345
12 326 327 328 332 333 336 339 340 342 344 346 347
14 326 327 328 330 331 332 333 334 340 341 343 346 347 348
9 326 327 335 337 338 342 344 345 347
12 326 327 331 332 333 335 338 340 341 342 344 346
15 327 328 330 331 332 333 334 335 336 338 339 341 344 346 348
12 326 327 328 333 336 338 341 343 344 345 347 348
11 326 327 330 331 333 334 339 340 341 342 343
14 327 328 330 331 333 335 337 338 339 341 342 344 345 346
7 327 335 341 343 344 346 347
10 326 329 330 331 333 336 337 339 341 348
6 328 331 336 340 346 348
11 326 331 332 334 335 338 341 343 345 347 348
15 326 328 331 332 333 335 336 338 339 340 341 343 346 347 348
14 329 330 331 334 335 336 338 339 341 343 344 345 346 348
10 327 328 330 333 336 338 343 344 345 348
10 328 331 332 333 334 336 337 343 345 347
