424 2591
79 1 2 3 4 5 6 7 8 9 10 11 12 13 14 15 16 17 18 19 20 21 22 23 24 25 26 27 28 29 30 31 32 33 34 35 36 37 38 39 40 41 42 43 44 45 46 47 48 49 50 51 52 53 54 55 56 57 58 59 60 61 62 63 64 65 66 67 68 69 70 71 72 73 74 75 76 77 78 79
43 4 5 6 7 10 11 14 16 17 18 22 24 25 26 27 29 30 31 32 33 36 39 40 41 44 45 47 48 49 51 52 53 54 57 61 62 64 70 72 74 75 77 79
27 1 3 5 6 7 10 11 14 15 21 23 24 27 29 32 33 35 40 48 54 55 63 65 66 67 75 76
31 1 5 7 10 11 13 15 19 20 21 22 23 24 25 28 29 32 34 36 42 43 56 57 58 60 63 65 67 74 76 78
51 1 2 3 4 5 6 7 9 11 12 13 15 16 17 18 20 21 22 23 24 25 27 28 29 31 33 35 37 38 39 45 46 51 52 53 55 56 57 58 60 61 63 64 66 67 68 71 72 75 77 79
58 2 3 4 6 7 10 12 13 14 15 16 17 18 19 21 22 23 25 26 28 30 31 32 34 38 39 40 41 42 43 45 46 48 49 50 51 54 55 56 57 58 59 60 62 63 64 65 67 68 69 71 72 74 75 76 77 78 79
35 2 3 4 6 9 10 14 18 20 22 25 26 27 28 29 35 36 39 44 47 49 50 51 53 55 57 59 61 62 63 64 65 66 71 77
46 1 3 7 8 9 10 11 14 21 22 23 24 25 26 27 28 29 31 33 35 39 40 41 42 43 48 49 52 53 54 56 57 58 59 60 62 63 67 69 71 72 73 74 76 77 78
24 1 4 6 7 15 18 24 27 34 35 37 46 47 49 50 56 59 61 63 68 69 70 75 79
60 1 3 4 5 6 7 8 9 10 11 12 13 14 15 16 17 19 20 21 23 24 25 26 27 29 30 31 32 33 35 37 38 39 40 41 43 44 45 46 47 48 52 54 55 56 59 61 62 63 67 68 69 70 72 73 74 75 76 77 78
62 1 3 4 5 6 7 8 9 10 11 12 13 14 15 16 17 18 20 22 23 25 26 27 29 30 31 32 33 34 35 36 37 39 40 41 44 45 47 48 49 50 51 52 53 54 55 56 58 59 60 61 62 64 65 67 70 71 72 73 74 77 78
37 2 3 6 10 12 13 16 18 20 22 23 24 25 27 28 29 33 36 37 41 42 43 45 46 47 48 52 53 55 56 60 61 69 72 73 74 76
42 2 6 8 9 14 15 18 19 20 21 22 25 26 28 31 32 33 34 35 38 39 40 44 46 47 48 49 52 54 56 59 60 61 62 66 67 70 71 72 73 75 79
61 1 2 3 4 5 6 7 9 10 12 15 16 17 18 19 20 22 23 24 25 26 27 28 29 30 31 32 33 35 36 38 39 41 42 43 44 45 47 48 49 50 51 52 54 56 58 59 60 63 64 65 66 67 69 71 72 74 75 77 78 79
29 1 3 5 6 9 11 13 15 18 21 24 25 27 44 46 47 48 49 52 55 58 60 62 63 65 68 71 76 77
53 1 2 3 5 6 7 8 9 14 17 19 21 22 23 24 25 27 29 31 32 34 35 36 37 38 42 43 44 45 47 48 49 51 52 53 54 55 58 62 63 64 65 66 68 70 71 72 73 74 75 77 78 79
47 2 3 4 9 10 11 12 14 15 16 17 19 22 25 26 28 29 30 31 33 34 36 37 40 42 43 45 47 48 49 50 52 58 60 61 62 63 64 66 68 71 73 74 75 76 78 79
43 2 5 6 8 9 13 14 16 17 18 20 22 23 24 25 26 27 28 31 32 34 36 37 38 41 42 43 47 49 51 55 58 59 61 65 66 67 68 69 71 72 74 78
32 7 10 12 14 16 17 18 21 22 24 26 29 33 41 42 43 46 52 56 57 58 60 61 62 64 68 70 71 72 73 75 79
60 1 2 3 6 8 9 10 11 12 14 16 17 18 21 22 23 24 25 26 28 29 30 32 33 34 35 36 37 38 39 40 41 42 43 44 48 49 50 51 52 53 54 55 57 58 59 60 62 63 65 66 68 69 70 72 73 75 76 78 79
32 1 2 3 4 5 6 19 22 24 25 26 27 30 32 35 38 39 48 49 51 54 55 57 61 63 64 65 67 69 72 77 78
55 4 5 10 11 14 15 16 18 19 20 21 22 23 24 27 28 29 30 31 33 35 36 37 38 39 40 43 44 45 46 48 49 50 52 53 54 55 56 58 59 61 62 64 66 68 70 71 72 73 74 75 76 77 78 79
30 1 2 9 10 14 16 17 18 19 20 21 23 24 29 35 40 45 48 51 54 55 56 57 59 63 64 66 67 73 78
34 4 6 9 12 13 15 17 19 20 22 27 28 31 32 33 37 38 39 42 45 53 55 56 58 59 62 65 66 67 68 70 72 73 78
52 1 2 5 8 9 10 11 12 13 14 15 17 18 19 20 21 22 25 26 27 29 30 32 33 34 35 38 39 40 42 43 44 45 47 50 51 53 54 56 57 59 60 61 63 64 67 69 71 73 76 77 78
55 1 2 3 5 6 7 8 9 11 12 14 15 16 18 19 20 21 23 24 25 26 27 28 29 31 32 33 34 37 38 41 42 43 44 45 46 47 48 49 50 51 53 55 57 61 63 65 66 67 68 69 70 71 75 79
61 1 2 3 4 6 7 8 10 11 12 13 14 16 18 21 22 23 24 26 27 29 30 34 35 36 37 38 39 40 41 42 43 44 45 46 47 48 49 50 51 52 53 56 58 59 60 61 62 66 67 68 69 70 71 72 73 74 75 77 78 79
29 3 6 7 9 11 12 15 18 22 31 33 39 43 44 45 46 49 50 57 59 65 67 69 70 71 73 75 77 79
31 1 4 5 6 24 25 26 28 29 31 32 33 36 39 44 47 49 52 53 58 60 61 62 63 66 67 68 70 71 72 75
40 4 5 6 7 8 12 13 14 15 22 25 27 28 30 31 32 34 36 37 41 43 45 46 49 55 56 58 59 60 63 64 65 68 69 70 71 72 74 77 79
61 1 2 3 4 5 8 9 10 11 13 14 15 17 19 20 21 22 24 25 26 27 28 29 31 32 33 34 35 36 37 38 39 40 41 42 43 44 45 46 47 48 50 51 52 53 54 55 57 58 59 63 65 66 69 71 72 73 74 75 78 79
50 1 2 6 7 8 14 15 17 19 20 23 24 26 27 29 32 33 34 35 37 38 40 41 45 47 48 51 52 53 54 55 56 59 60 61 62 63 64 65 66 67 68 70 72 74 75 76 77 78 79
33 1 2 4 5 6 13 16 17 18 19 21 27 30 31 32 37 40 44 48 50 53 54 57 58 59 60 61 70 71 73 77 78 79
35 8 12 15 16 17 19 21 22 23 24 27 28 29 31 32 34 36 37 39 42 43 45 46 48 51 54 56 57 59 63 67 71 72 75 79
33 1 2 7 9 10 11 12 13 14 17 19 20 27 31 34 35 36 42 48 51 53 57 59 60 61 64 68 69 71 74 75 77 78
31 9 11 12 13 14 15 16 18 19 20 23 24 27 30 34 38 43 47 51 52 54 57 60 62 63 68 72 73 75 76 77
27 1 2 4 7 9 16 22 24 34 35 36 40 41 42 44 49 52 54 58 64 66 69 74 76 77 78 79
53 2 3 4 6 7 8 10 11 13 15 16 17 18 22 24 27 29 30 31 32 33 34 35 36 37 38 40 41 43 46 47 50 51 52 54 55 57 58 60 61 63 64 65 66 67 68 69 70 72 73 74 77 79
38 6 7 9 11 12 13 14 16 17 18 22 28 29 30 31 32 34 36 39 40 44 45 46 48 50 56 59 60 61 62 67 70 72 73 74 75 78 79
43 1 2 3 4 6 11 12 15 16 19 20 21 24 25 26 27 28 29 30 31 32 33 34 38 39 40 43 50 51 53 55 56 58 61 63 65 66 67 71 72 73 75 77
40 2 7 8 9 11 12 13 14 17 18 19 20 23 24 25 26 34 38 39 44 45 46 48 53 55 56 58 59 62 63 64 67 69 70 71 72 74 75 77 79
54 1 2 3 4 6 7 10 11 12 13 16 17 18 19 20 21 22 24 25 26 27 28 32 34 36 37 39 40 41 42 44 46 47 48 51 52 53 54 55 58 59 63 64 65 66 67 68 69 70 72 74 77 78 79
58 1 3 4 5 7 8 9 11 12 16 17 18 19 20 21 22 24 25 26 27 30 32 33 34 35 37 38 39 40 42 44 45 49 50 52 53 54 55 56 57 58 59 61 62 63 64 66 67 68 69 70 72 73 75 76 77 78 79
42 1 3 5 7 8 10 12 13 14 15 16 20 22 23 25 27 28 29 31 32 34 35 36 40 41 42 43 44 46 47 51 52 53 57 59 65 66 67 69 71 74 78
25 1 9 12 13 14 16 19 20 21 24 25 37 42 45 50 52 58 61 64 65 66 69 73 78 79
44 2 6 7 9 12 13 14 15 16 17 20 22 24 25 27 28 29 30 31 32 33 34 35 36 37 39 40 42 43 47 48 49 50 51 53 59 62 63 66 70 71 74 75 77
28 1 3 4 7 10 15 16 18 19 20 21 26 39 40 41 43 45 46 50 55 56 58 62 68 72 74 76 79
55 2 5 6 7 8 9 10 11 12 13 15 17 18 19 23 24 25 26 27 29 30 32 33 34 35 36 37 38 39 40 41 42 44 45 46 47 48 50 52 53 54 56 60 61 62 63 65 66 68 69 72 73 75 76 79
26 1 3 9 11 15 21 22 27 28 29 31 34 35 38 40 44 47 52 53 58 59 61 72 74 76 79
31 3 4 5 6 7 9 10 14 16 17 18 22 24 26 34 35 36 39 45 46 47 50 56 59 61 62 63 68 77 78 79
44 1 2 3 9 10 11 12 15 16 17 18 19 20 22 24 29 30 33 35 36 38 39 40 41 42 44 45 48 50 54 56 57 60 63 64 65 69 70 72 73 74 76 78 79
57 1 2 5 6 7 9 11 12 13 14 17 18 19 20 21 22 23 24 25 26 27 31 33 34 35 36 38 39 40 41 42 43 46 47 48 49 50 51 52 53 54 56 58 60 61 62 63 65 66 67 68 69 70 73 74 77 78
62 1 2 3 4 5 6 9 10 11 12 13 14 15 16 17 19 20 22 23 24 25 26 29 30 31 32 33 34 36 37 38 39 40 41 42 43 44 45 46 47 48 49 50 51 52 53 55 57 58 60 61 63 64 65 68 69 70 71 73 74 75 78
24 1 3 6 9 14 15 24 25 28 31 35 36 41 46 47 50 51 54 57 59 64 67 71 76
28 1 3 5 6 14 15 17 18 19 26 28 29 33 37 42 43 45 48 49 50 51 54 55 60 61 64 70 73
49 1 3 5 6 7 9 10 12 13 16 17 18 21 24 26 29 32 34 35 37 38 41 47 48 49 50 51 53 55 56 58 59 60 62 63 64 65 66 67 68 69 70 71 72 74 75 76 78 79
45 3 6 7 9 10 13 14 15 16 18 20 21 24 27 29 30 31 32 34 36 37 38 39 42 43 44 47 48 50 54 57 59 60 61 63 64 65 66 69 70 71 75 77 78 79
25 1 2 3 6 9 11 18 21 24 36 37 42 45 46 47 50 53 55 58 61 62 66 68 71 76
30 2 3 5 9 13 19 20 22 26 27 28 30 32 33 34 37 39 41 43 46 47 48 49 50 54 61 63 66 69 78
53 1 2 3 4 6 7 9 10 12 13 15 16 17 18 22 24 26 27 29 31 32 33 34 35 37 38 39 40 43 44 45 46 47 48 49 54 55 56 59 60 63 64 65 67 70 71 72 74 75 76 77 78 79
32 5 6 7 8 9 11 13 15 17 21 23 24 25 26 28 30 34 37 41 43 49 50 52 54 57 59 61 65 68 72 75 79
33 2 4 5 9 10 11 12 15 20 23 24 25 26 28 30 32 34 36 40 44 50 51 52 54 57 58 59 65 66 68 76 77 78
29 3 9 11 13 19 20 27 28 32 33 36 41 43 45 48 49 50 53 54 57 58 65 67 68 75 76 77 78 79
57 2 3 4 5 7 8 11 12 13 15 16 17 19 20 21 22 23 24 25 27 30 32 33 35 36 38 39 40 42 43 44 46 47 48 51 52 53 54 55 56 57 58 59 60 61 63 64 65 66 67 70 71 72 74 75 76 77
50 1 2 4 6 11 12 13 14 16 18 19 20 23 24 25 27 31 34 35 37 38 43 44 45 46 47 49 50 51 52 55 56 57 58 59 60 61 62 63 64 66 67 68 69 70 72 73 75 77 78
44 4 5 8 9 13 15 17 18 19 21 23 24 25 26 29 33 34 35 39 40 41 42 44 45 46 49 52 53 54 57 59 60 61 63 65 67 68 70 71 73 74 76 78 79
44 2 5 6 13 14 15 16 17 18 19 20 21 23 24 25 27 28 31 32 33 35 36 39 40 43 44 46 47 49 55 56 57 58 61 62 63 64 65 66 68 72 75 76 77
62 1 3 4 5 6 7 8 11 12 13 14 15 16 17 19 20 21 22 23 24 25 26 28 29 30 31 37 38 39 40 41 42 44 45 46 47 50 51 52 53 55 56 57 58 60 61 62 63 65 66 67 68 70 71 72 73 74 75 76 77 78 79
51 2 4 5 6 7 8 12 13 14 15 16 18 19 20 21 23 24 25 26 27 28 29 30 31 34 36 37 38 42 43 45 46 47 48 49 50 51 53 56 57 61 62 63 66 67 69 71 72 73 74 75
31 1 3 5 6 7 9 10 11 15 17 22 27 30 31 36 38 40 41 42 43 46 47 52 54 56 66 67 69 74 77 79
47 2 4 5 6 8 9 10 11 13 16 17 18 20 22 23 26 28 30 32 33 34 35 36 37 38 39 40 42 43 46 48 49 50 52 54 55 56 59 60 62 64 69 72 73 75 76 78
58 1 3 4 6 7 8 9 10 11 12 13 15 16 17 18 19 20 21 24 25 27 28 30 31 33 34 35 36 38 42 43 44 45 46 47 49 50 52 54 55 56 58 59 60 61 62 63 65 67 68 69 71 72 73 74 75 77 79
50 1 2 3 5 7 9 13 14 16 17 18 22 23 24 26 28 29 30 31 33 34 39 40 41 42 43 44 47 48 49 50 51 52 54 55 58 60 61 63 64 66 68 69 72 74 75 76 77 78 79
51 2 3 4 5 11 12 14 15 16 17 18 19 22 23 24 25 28 29 30 31 32 33 34 35 36 37 42 43 44 46 49 50 51 52 54 57 58 60 61 62 64 65 67 69 72 73 74 75 76 77 79
47 1 2 3 5 6 8 9 10 11 12 13 14 17 22 23 25 26 27 28 33 35 37 42 44 45 46 47 48 53 56 57 58 59 60 61 63 64 65 66 67 69 70 71 73 75 77 78
49 2 3 4 5 6 7 8 10 11 12 13 15 18 21 22 25 26 27 28 29 30 36 37 38 40 41 42 43 46 50 51 53 54 55 56 61 63 65 66 67 68 69 70 71 72 73 74 77 79
31 1 2 5 6 8 9 10 13 14 16 17 19 28 30 31 32 33 35 36 38 40 44 46 54 57 60 63 65 66 70 75
79 80 81 82 83 84 85 86 87 88 89 90 91 92 93 94 95 96 97 98 99 100 101 102 103 104 105 106 107 108 109 110 111 112 113 114 115 116 117 118 119 120 121 122 123 124 125 126 127 128 129 130 131 132 133 134 135 136 137 138 139 140 141 142 143 144 145 146 147 148 149 150 151 152 153 154 155 156 157 158
58 81 82 83 84 85 86 87 89 90 91 92 95 97 98 101 104 106 108 109 110 111 114 115 116 117 118 120 122 123 124 125 127 128 129 130 131 132 133 134 135 136 137 139 140 142 143 145 146 147 148 150 151 152 153 154 156 157 158
43 85 89 90 92 93 95 98 99 100 101 104 107 109 110 111 112 114 115 116 117 119 122 123 124 125 128 129 130 131 135 136 138 139 140 141 142 143 144 146 147 149 150 153
32 84 92 95 96 98 101 103 107 108 109 112 113 115 117 119 120 123 124 125 128 129 134 135 138 139 143 148 149 151 153 157 158
48 81 82 85 86 88 89 91 92 94 96 98 99 100 101 104 105 106 107 108 109 111 112 113 116 118 119 120 121 122 125 126 131 132 133 134 135 136 137 138 139 140 144 148 149 152 154 155 156
59 80 81 82 83 84 85 86 87 88 89 91 93 94 95 96 97 98 101 102 103 105 106 107 108 109 110 111 112 113 114 115 116 118 119 120 121 122 123 127 128 131 132 134 136 138 139 140 141 143 144 147 148 149 150 152 155 156 157 158
56 80 81 83 84 88 89 90 91 93 94 96 97 98 99 100 101 102 103 104 105 106 107 108 111 112 113 114 115 116 117 119 122 124 125 126 127 129 130 133 134 135 136 139 140 141 142 143 144 145 148 149 150 152 156 157 158
50 81 82 84 85 86 87 88 89 90 91 92 93 96 97 99 100 102 103 105 106 107 111 112 114 116 121 123 124 125 127 130 131 132 133 134 135 138 139 140 141 142 144 146 150 151 152 153 154 155 156
51 80 81 82 83 84 85 88 91 93 94 96 97 99 100 101 103 105 106 107 109 110 112 113 114 115 116 118 119 120 121 123 124 125 128 129 131 135 139 140 142 143 144 147 148 149 151 152 153 154 155 156
33 82 84 85 87 88 98 101 103 104 106 115 117 120 121 125 126 127 131 133 135 137 138 141 143 147 148 149 152 153 154 155 157 158
25 82 83 91 95 97 99 100 101 102 114 115 121 124 126 127 129 130 132 133 135 140 149 150 154 156
58 81 82 83 84 85 87 88 90 92 93 94 96 97 98 99 100 101 102 103 104 106 109 110 111 112 113 114 115 116 120 121 123 124 126 128 129 130 131 132 133 134 135 136 137 138 139 140 142 143 144 145 146 148 151 154 156 157 158
52 80 82 84 85 86 88 90 91 94 95 96 98 99 101 104 105 107 110 111 112 113 114 115 116 117 119 122 124 125 126 127 128 129 130 131 133 135 137 138 139 140 143 144 147 151 152 153 154 155 156 157 158
41 80 81 82 85 87 93 94 95 97 100 101 104 106 107 110 111 115 116 117 121 122 123 124 125 128 131 132 133 135 137 138 139 140 141 146 150 152 153 154 156 157
41 80 81 83 84 90 92 95 97 99 101 102 106 107 109 111 112 114 115 116 118 119 122 125 127 128 133 134 135 136 137 138 141 144 145 147 151 152 153 154 155 157
23 81 84 94 99 102 104 107 108 117 118 119 120 121 124 126 129 134 136 141 142 145 146 151
40 80 82 85 86 87 88 90 91 92 95 96 98 99 103 107 109 110 114 120 122 123 126 127 129 130 132 134 136 137 138 141 145 146 148 149 150 153 155 156 158
40 82 83 84 86 91 93 95 97 99 100 101 104 107 108 109 110 112 115 116 117 119 120 121 122 124 126 129 130 131 132 139 140 141 142 143 146 150 152 154 157
32 81 88 90 93 97 99 100 101 106 109 111 113 119 120 122 123 124 125 127 131 137 139 140 143 144 145 146 150 151 153 157 158
55 82 84 85 86 88 91 92 93 94 95 96 97 98 99 100 102 103 104 105 106 108 109 110 111 112 114 115 116 118 120 121 122 123 124 125 128 129 135 137 139 141 142 143 144 145 146 147 149 150 151 153 154 155 157 158
48 80 81 82 83 84 85 88 91 92 93 95 96 99 100 101 102 103 104 105 107 108 109 110 111 115 116 118 122 123 125 126 128 129 132 133 135 136 137 141 142 146 147 148 149 150 152 153 155
52 81 82 84 86 87 88 90 91 92 93 95 96 97 99 100 101 102 103 104 105 108 109 110 112 115 116 118 122 125 126 128 129 130 131 132 133 135 136 137 138 141 142 144 146 147 149 150 151 153 156 157 158
26 82 89 91 92 98 100 101 104 105 114 123 124 126 127 129 130 137 140 141 149 151 152 153 156 157 158
46 80 83 84 85 88 89 90 92 93 94 95 96 98 101 102 104 106 107 108 109 112 113 114 115 116 118 119 122 123 127 129 130 131 132 137 139 140 143 145 146 150 152 153 154 157 158
34 80 81 82 83 84 85 87 90 91 94 96 99 102 103 104 105 109 113 118 123 126 130 132 137 142 143 144 145 148 149 150 153 156 158
47 80 81 83 84 85 88 90 94 95 97 99 100 103 104 106 107 108 111 112 113 117 118 119 120 122 123 124 126 127 129 131 132 134 135 136 138 139 144 146 147 148 150 151 152 154 156 158
56 80 81 83 84 87 88 91 93 94 95 96 97 99 100 101 103 104 105 109 110 112 113 114 115 116 117 119 120 123 124 125 126 128 129 131 134 135 136 137 138 139 140 141 143 145 146 147 148 149 150 151 152 154 155 157 158
43 80 81 87 88 92 93 94 95 96 97 98 103 105 106 111 113 114 117 119 120 123 124 125 128 130 131 133 136 138 139 140 141 142 143 144 146 147 150 152 153 156 157 158
32 80 83 85 89 91 96 100 101 102 103 104 108 111 112 113 114 121 122 125 126 127 129 130 133 139 142 143 149 151 152 153 157
48 81 83 85 89 94 95 97 98 99 101 103 104 107 110 111 112 113 115 116 118 119 121 126 127 128 130 131 132 133 134 137 138 140 141 142 144 146 147 148 149 151 152 153 154 155 156 157 158
47 80 81 82 83 84 85 89 90 92 94 95 97 99 100 101 104 105 106 107 108 110 112 113 114 115 117 121 123 126 128 129 133 136 137 138 141 143 144 147 148 150 151 153 154 155 156 157
47 80 81 82 83 84 85 86 87 89 90 91 92 95 97 98 100 104 105 110 115 116 118 121 123 124 125 126 129 130 131 132 133 136 137 139 141 142 143 144 146 147 148 150 151 153 155 156
29 84 86 87 88 89 90 96 105 113 115 118 120 121 129 133 134 136 138 139 140 142 143 145 148 149 150 153 157 158
59 80 81 82 84 87 88 90 92 93 95 97 98 99 101 104 105 106 107 109 111 112 113 116 117 118 120 122 123 124 125 126 127 128 131 132 133 134 136 137 138 139 140 141 142 143 145 146 147 148 149 150 151 152 153 154 155 156 157 158
27 81 82 83 86 91 92 96 97 103 106 109 110 111 117 119 121 125 129 133 134 136 137 144 147 148 150 152
29 81 83 85 86 87 89 90 91 94 97 99 100 106 107 111 115 121 123 125 127 134 135 136 141 148 152 153 156 158
26 80 81 88 89 94 96 97 99 104 113 114 121 123 127 128 129 130 131 137 138 139 141 143 150 155 157
30 80 82 84 86 87 91 93 95 100 102 106 107 110 111 115 117 119 120 125 129 131 135 136 138 146 147 148 151 152 156
37 80 81 82 86 92 94 95 97 98 100 101 105 107 109 114 116 119 121 123 126 127 128 130 136 137 138 139 141 142 145 146 147 149 151 156 157 158
49 83 84 86 88 90 91 92 93 97 98 99 100 101 103 104 107 109 110 111 112 113 114 115 116 117 120 121 122 124 125 126 127 130 132 133 134 136 137 139 141 142 143 145 146 147 148 151 154 156
44 80 84 85 86 87 88 89 90 91 92 93 95 96 97 101 102 103 104 107 108 113 114 116 118 120 123 127 130 132 133 135 136 137 139 141 143 144 146 147 150 153 155 156 158
56 80 81 82 88 90 92 93 94 95 96 97 98 102 103 104 105 106 107 108 109 110 111 112 113 115 117 119 120 122 124 125 126 127 128 131 132 133 135 136 137 138 139 140 141 142 144 147 148 149 151 152 153 154 155 156 158
24 83 84 85 87 89 90 96 101 110 115 120 121 122 129 131 133 138 141 143 144 146 150 151 158
35 81 83 87 93 96 98 99 100 102 105 106 108 109 116 120 122 123 125 128 129 134 136 139 141 143 144 145 149 150 151 152 153 155 157 158
28 83 86 87 88 89 91 96 98 102 107 108 110 111 114 116 118 124 130 133 134 135 140 144 146 148 154 157 158
46 81 83 84 85 86 88 90 91 93 97 98 99 100 102 103 104 105 106 107 110 113 115 116 121 125 128 129 130 132 133 134 136 138 140 141 142 143 144 146 147 148 149 150 152 155 157
37 80 81 85 86 89 92 94 96 97 98 99 106 107 112 113 119 120 121 123 125 130 131 132 134 136 137 138 139 140 144 145 147 152 153 155 157 158
48 80 81 84 87 88 93 94 95 96 97 99 100 101 102 103 106 107 108 109 110 111 115 117 120 121 122 126 127 128 130 131 132 133 134 139 141 142 145 147 148 149 150 151 154 155 156 157 158
42 80 81 82 83 85 89 91 94 95 96 98 100 103 104 106 107 108 110 112 114 116 117 120 121 123 124 126 130 131 133 134 136 139 143 147 148 149 150 151 152 155 158
37 81 83 84 85 91 92 93 95 98 101 103 106 107 109 111 115 117 120 121 123 124 126 128 132 133 134 137 138 143 146 147 149 151 153 154 155 156
31 82 84 86 95 96 97 100 103 104 106 110 112 113 114 116 122 123 127 128 130 133 134 136 137 139 141 144 150 151 155 156
58 80 81 82 84 86 88 89 91 92 93 94 95 96 98 99 100 101 102 104 105 106 107 108 109 110 111 112 114 115 116 118 120 122 125 126 127 128 129 130 131 132 133 134 136 137 138 139 141 142 145 146 148 150 151 154 155 157 158
57 80 83 85 86 87 90 91 92 93 95 96 97 100 101 102 106 107 108 109 111 112 114 115 116 117 118 119 121 123 124 126 127 128 129 130 132 133 134 135 137 138 139 140 141 143 144 145 147 149 150 152 153 154 155 156 157 158
41 82 85 86 88 89 90 91 92 97 99 101 102 103 106 108 110 111 113 116 117 118 119 121 124 125 126 131 133 134 135 136 137 138 139 142 143 144 151 153 154 155
35 81 84 85 90 92 93 95 96 99 100 101 102 104 105 106 109 111 112 114 116 119 121 122 124 125 129 131 132 135 137 142 145 149 152 157
51 80 82 84 85 86 88 89 90 91 92 93 94 95 96 97 98 100 101 107 109 114 116 119 121 123 124 125 126 127 130 131 132 133 135 136 137 138 139 141 142 143 144 145 146 147 149 151 153 155 156 157
28 82 84 85 86 88 94 99 101 103 105 109 110 115 118 119 122 124 125 127 129 137 143 146 149 154 155 157 158
31 85 89 91 94 95 98 99 105 108 110 112 119 121 123 124 126 127 128 130 131 133 134 135 137 140 141 142 146 147 154 156
36 80 86 87 91 92 93 94 95 100 102 105 106 107 108 112 113 115 117 119 122 128 130 139 140 143 145 146 147 148 151 152 154 155 156 157 158
60 80 81 82 83 84 85 86 88 90 91 92 93 94 95 96 97 98 99 101 103 104 105 106 107 108 109 110 112 113 115 116 120 121 122 125 127 128 129 130 131 132 133 135 136 139 141 142 143 144 147 148 149 150 151 152 153 155 156 157 158
34 80 82 86 90 93 94 96 98 99 100 101 104 107 108 112 119 127 128 131 133 134 136 138 139 141 143 144 145 146 151 152 153 156 157
47 82 83 84 88 91 92 93 94 96 97 100 101 102 103 107 109 111 112 115 116 119 120 123 124 125 126 127 128 129 134 135 136 137 138 139 140 141 142 143 146 148 150 151 152 154 155 158
41 80 81 82 83 86 87 89 92 93 94 95 96 97 98 99 100 101 103 104 106 110 112 118 119 122 123 126 128 131 133 136 137 140 142 147 150 153 154 155 157 158
24 83 85 86 88 95 97 102 105 110 114 120 121 122 127 131 132 133 137 142 147 148 153 154 156
29 81 82 84 85 88 90 93 94 95 96 97 98 100 106 109 110 122 127 129 132 136 140 141 144 147 149 150 154 158
26 80 81 91 97 102 105 106 107 110 112 118 120 121 123 127 128 129 133 134 136 137 138 140 141 149 154
61 80 81 82 83 84 85 86 87 88 89 92 94 95 96 97 98 102 104 105 106 107 108 109 110 111 112 113 115 117 118 119 120 121 122 123 124 125 127 129 133 134 135 136 137 138 139 141 142 143 144 147 148 149 151 152 153 154 155 156 157 158
47 80 82 84 85 86 88 89 90 94 96 97 101 102 103 109 110 115 116 117 118 119 121 123 126 128 129 130 131 132 134 136 138 139 141 142 143 145 146 147 149 151 152 153 154 155 156 157
31 82 89 91 93 95 96 97 98 99 100 101 104 108 115 118 121 123 124 129 131 133 134 137 141 144 145 148 151 153 157 158
42 80 82 85 88 89 91 92 95 96 98 100 101 103 104 108 109 111 112 117 118 119 123 127 129 130 131 136 137 138 139 140 141 143 146 147 149 150 153 154 155 156 157
52 82 83 86 88 89 90 91 92 94 98 99 101 102 103 104 106 109 110 111 112 113 114 115 116 117 118 121 122 123 124 126 127 128 130 131 132 133 134 135 137 140 143 144 145 146 147 148 151 155 156 157 158
61 81 82 84 85 86 87 88 89 90 92 93 94 95 97 98 102 104 105 106 109 110 111 112 113 114 116 117 118 119 120 122 123 126 127 128 129 130 131 132 134 135 136 137 138 139 140 141 142 144 146 147 148 149 150 152 153 154 155 156 157 158
39 80 81 84 85 87 89 90 91 92 93 95 96 100 101 102 103 104 106 108 110 111 115 118 119 122 125 126 129 131 138 147 149 150 151 152 155 156 157 158
62 80 81 82 83 84 86 87 90 91 93 94 95 96 97 101 102 103 104 105 107 108 109 111 113 114 115 116 117 119 122 123 124 125 126 127 128 129 130 131 133 134 135 136 137 138 139 140 141 143 145 146 147 148 149 150 151 152 153 154 155 156 157
29 81 82 87 89 92 95 96 98 100 101 105 109 110 111 116 117 118 120 128 131 137 139 140 144 146 147 148 154 157
27 84 87 88 91 96 97 98 103 108 109 116 117 124 125 129 130 132 133 135 137 139 144 147 150 151 152 158
49 80 82 83 84 85 86 89 90 91 92 94 96 97 100 102 103 105 106 108 109 110 111 112 113 114 118 119 121 122 124 125 126 128 129 130 133 135 136 137 139 140 144 145 148 152 153 155 156 157
42 80 81 82 83 85 86 88 89 92 93 94 95 97 100 101 102 104 106 108 111 115 116 118 121 123 124 126 129 131 132 136 137 140 142 143 145 146 147 150 151 156 158
35 82 92 94 95 96 99 100 102 103 110 111 112 115 116 117 118 120 121 125 127 130 131 132 133 134 138 141 148 149 150 152 154 156 157 158
53 80 82 83 86 87 88 89 90 92 94 95 96 98 99 100 103 104 105 109 110 111 112 114 115 116 118 119 120 122 123 124 125 126 128 129 130 131 135 139 140 141 142 143 144 145 148 149 151 152 154 155 156 158
38 80 82 83 86 88 89 90 92 94 95 96 98 99 104 105 107 110 113 114 118 122 124 128 130 131 134 135 136 138 142 143 144 146 147 150 151 155 157
25 80 82 83 85 88 91 93 94 95 99 103 105 107 109 110 116 122 124 127 129 132 137 139 143 148
45 80 81 83 84 85 88 90 93 97 98 99 100 101 103 104 106 109 110 113 118 119 121 123 126 129 131 132 133 134 135 136 137 138 141 142 143 144 145 146 147 149 154 156 157 158
40 85 88 90 91 92 94 96 97 98 101 105 107 109 110 112 114 118 120 121 122 123 124 125 127 130 131 132 133 134 138 140 141 142 145 146 150 152 155 156 157
34 80 81 84 87 88 91 95 98 99 104 106 107 109 110 111 112 117 118 120 123 126 127 128 131 132 135 138 141 142 143 145 149 150 154
62 80 81 83 84 86 87 88 89 90 92 93 94 95 96 97 98 99 100 103 105 106 107 108 109 110 111 112 113 115 116 117 118 119 120 121 122 123 124 125 128 129 130 131 132 133 134 135 137 138 139 141 142 145 146 147 148 150 151 153 154 156 158
48 80 81 82 83 84 85 86 87 89 90 91 92 93 94 96 97 98 99 101 102 103 104 105 106 111 112 114 115 117 120 127 128 129 130 133 135 137 138 139 141 143 145 147 148 150 151 152 155
56 80 81 82 83 84 85 86 89 92 93 94 96 97 99 101 102 103 104 105 106 107 108 109 110 111 112 115 116 118 122 123 125 127 128 129 130 131 132 133 134 136 138 139 141 142 143 144 145 146 148 149 151 152 155 157 158
25 81 82 84 88 90 91 94 96 98 101 102 103 105 112 113 118 129 130 132 133 140 142 144 150 157
48 80 81 82 85 86 88 90 92 93 94 95 96 97 99 100 101 103 104 105 106 107 108 109 111 113 116 119 120 122 124 126 127 129 130 132 134 135 136 139 142 147 148 149 150 152 154 156 157
28 83 84 90 93 96 98 105 107 109 111 114 116 118 119 124 130 131 134 135 138 141 142 146 148 149 153 154 156
55 80 81 83 85 89 90 94 95 96 97 98 100 101 102 103 104 105 106 107 109 110 114 115 116 118 119 120 121 122 123 125 127 129 130 131 132 133 134 135 137 138 139 140 142 143 145 146 147 150 151 152 153 154 155 156
80 159 160 161 162 163 164 165 166 167 168 169 170 171 172 173 174 175 176 177 178 179 180 181 182 183 184 185 186 187 188 189 190 191 192 193 194 195 196 197 198 199 200 201 202 203 204 205 206 207 208 209 210 211 212 213 214 215 216 217 218 219 220 221 222 223 224 225 226 227 228 229 230 231 232 233 234 235 236 237 238
31 161 162 163 166 167 169 173 178 179 181 183 185 190 194 197 198 199 200 201 207 210 212 217 220 221 222 224 228 231 234 238
52 160 162 163 164 165 166 169 172 173 174 175 177 178 180 182 183 184 185 189 190 191 192 194 196 197 199 201 202 203 204 205 208 209 211 212 214 215 216 218 220 221 222 223 224 225 228 229 230 231 232 234 237
28 160 163 164 165 168 169 171 173 179 180 181 195 196 200 201 205 207 209 210 215 221 223 228 229 232 233 237 238
61 159 160 161 162 163 164 165 166 167 169 170 171 172 174 176 177 178 180 182 183 185 186 187 188 189 191 192 193 194 195 196 198 199 200 201 202 203 204 205 206 207 209 210 211 212 214 215 217 220 221 225 226 227 228 230 231 233 234 236 237 238
30 160 161 168 169 173 174 178 180 181 184 186 188 190 192 197 199 200 205 211 213 214 216 217 221 222 223 226 227 229 235
35 161 162 163 164 166 167 170 173 174 176 178 179 182 183 184 185 187 188 190 194 198 200 203 208 212 214 216 217 219 225 232 234 236 237 238
29 164 174 176 180 183 184 185 186 187 188 189 193 196 197 199 204 207 209 211 222 223 227 228 229 231 233 235 237 238
26 163 167 171 172 173 175 178 182 185 186 190 193 194 201 202 203 210 211 213 219 221 228 230 234 235 237
36 168 169 171 173 175 176 177 178 179 180 182 183 185 186 188 191 193 194 196 198 207 212 213 215 217 218 220 223 225 228 231 232 233 234 237 238
49 159 160 161 162 163 164 165 166 168 169 170 174 175 176 180 181 182 186 187 188 190 191 193 194 196 197 201 202 203 205 206 207 210 211 212 213 215 217 219 220 222 223 226 229 231 234 235 237 238
47 160 161 162 163 164 165 166 167 168 172 173 174 175 176 181 184 186 187 190 192 193 197 198 200 201 203 204 205 211 212 213 214 215 216 218 219 220 221 223 226 228 230 231 232 234 236 237
26 159 163 169 176 177 188 189 192 194 201 202 203 207 208 210 211 213 216 218 219 220 221 222 231 237 238
58 159 160 161 162 163 164 165 167 169 170 171 172 174 175 179 180 182 183 184 185 186 187 188 192 193 194 195 196 197 198 199 200 202 203 205 206 207 208 209 211 215 216 218 219 221 222 223 224 225 226 228 229 230 231 232 233 235 238
36 160 161 169 172 173 175 176 178 179 182 183 184 186 187 188 190 191 193 199 202 205 206 211 212 215 216 220 226 227 229 231 233 234 235 237 238
30 160 163 168 170 173 178 179 181 182 187 188 189 191 201 202 205 208 210 212 213 214 215 216 221 226 228 229 230 234 238
48 159 161 162 163 164 165 166 168 169 170 172 173 177 178 179 180 181 182 184 185 187 188 192 193 196 197 198 199 201 202 205 207 208 209 210 211 212 214 216 217 218 220 225 226 231 234 235 237
48 162 164 165 166 167 170 172 175 177 180 184 185 187 188 190 192 193 195 196 197 198 199 200 201 202 203 204 207 210 212 213 214 217 218 219 220 221 222 227 228 229 230 231 232 233 235 236 237
53 159 160 161 162 163 165 166 169 170 173 175 176 178 179 180 181 186 190 191 193 195 196 197 199 200 201 202 203 204 205 206 207 208 209 210 212 215 216 217 219 220 222 223 225 226 227 228 229 231 232 234 236 237
49 160 161 162 168 169 170 171 172 173 174 175 176 178 181 183 184 185 186 187 189 193 194 196 198 199 200 201 203 204 205 206 207 209 215 216 217 220 221 224 226 227 228 229 230 231 234 235 236 238
40 160 162 164 165 166 167 172 174 177 178 179 181 184 186 188 191 195 196 197 200 203 204 205 206 208 209 210 213 215 216 217 219 220 221 222 226 229 233 235 236
36 159 164 165 167 169 171 172 173 175 176 178 181 182 183 185 191 192 195 196 199 201 203 204 205 208 210 211 213 216 218 222 226 228 229 232 234
51 159 161 162 163 164 166 169 172 173 175 176 178 180 181 182 183 184 188 189 193 194 195 196 197 199 200 201 203 204 205 206 208 209 210 211 212 213 215 216 217 221 222 224 226 227 229 230 232 234 235 237
30 159 162 164 165 167 168 170 175 178 184 185 189 190 191 192 194 195 199 201 204 206 210 212 219 221 223 225 226 230 237
45 161 162 164 165 166 168 169 171 173 174 175 176 178 182 183 187 189 190 191 192 193 194 196 198 201 202 203 205 207 209 212 214 216 217 219 220 225 226 228 229 231 233 234 235 237
36 159 160 163 164 168 170 172 174 177 178 179 181 182 184 185 187 188 190 194 196 203 204 205 206 207 208 211 219 220 221 222 223 224 228 229 232
44 162 165 169 172 173 175 176 177 181 182 183 184 187 188 189 190 191 193 196 197 199 200 203 205 206 207 210 211 213 214 215 216 219 221 222 224 226 227 228 229 230 232 233 234
48 160 163 164 165 166 171 172 177 178 180 181 182 183 186 188 189 191 192 193 194 195 196 197 199 201 202 203 204 205 206 208 210 211 214 215 217 219 220 225 226 227 228 229 232 233 236 237 238
30 159 160 161 162 163 165 168 171 172 176 180 181 182 183 188 191 199 200 207 208 213 214 216 218 229 231 232 233 235 238
39 159 161 162 163 164 167 168 169 170 172 173 174 175 176 178 181 184 185 188 189 190 192 199 201 206 207 211 212 213 216 218 220 221 222 227 231 232 236 238
53 159 161 162 163 164 167 168 173 174 175 176 177 178 179 181 182 183 184 185 188 189 190 191 192 193 194 196 197 198 202 203 204 205 208 211 212 213 217 219 220 221 223 224 226 228 229 230 231 232 233 235 236 237
50 163 165 167 169 170 171 172 174 176 177 181 182 183 185 186 188 190 192 193 197 199 200 202 203 204 205 206 207 208 209 210 212 214 215 216 217 218 219 220 221 222 223 224 225 226 230 231 233 236 238
52 159 160 161 163 164 165 167 168 169 170 171 172 173 176 177 178 180 181 182 183 185 186 189 191 192 194 195 198 199 200 201 202 203 206 207 211 217 219 220 221 223 224 225 226 228 229 231 232 234 235 237 238
42 159 161 162 163 168 169 171 172 173 180 181 182 184 185 187 188 190 191 193 195 196 197 198 199 201 204 206 209 211 214 216 218 221 222 223 225 226 227 230 236 237 238
42 160 161 163 164 166 168 170 172 173 177 183 185 186 188 189 190 191 193 194 197 198 199 200 201 204 207 209 210 212 214 215 216 218 220 222 223 225 231 233 235 236 237
31 160 163 164 165 168 170 172 173 176 177 178 183 184 185 188 189 195 199 201 203 204 205 207 209 211 215 217 220 229 233 238
38 167 168 169 170 175 176 177 178 180 183 185 186 187 188 189 191 192 193 194 198 199 200 203 205 206 208 209 212 216 217 218 219 222 225 226 230 235 236
36 239 240 241 242 243 244 245 246 247 248 249 250 251 252 253 254 255 256 257 258 259 260 261 262 263 264 265 266 267 268 269 270 271 272 273 274
13 240 245 246 251 252 253 254 257 260 264 266 272 273
21 241 244 245 248 249 251 252 253 255 256 257 259 260 261 264 265 266 267 268 271 273
19 239 240 243 245 247 254 257 258 259 260 261 264 266 267 268 271 272 273 274
19 240 242 244 245 248 249 250 253 255 256 257 258 259 263 264 266 270 273 274
12 239 240 241 246 257 258 259 263 264 267 272 274
23 239 240 241 242 243 244 245 251 252 253 255 256 259 263 264 265 266 268 269 270 271 273 274
14 239 241 245 248 251 254 255 258 260 261 262 264 266 270
12 241 244 246 247 248 249 253 262 263 264 266 271
23 239 240 241 243 244 245 247 248 250 251 252 255 256 258 262 263 264 266 267 268 270 273 274
16 240 242 243 249 254 255 256 258 259 260 261 262 266 269 270 273
23 239 240 241 242 243 244 245 247 248 250 252 253 256 258 259 261 262 265 267 269 272 273 274
11 246 247 251 252 253 254 258 259 263 264 271
14 239 242 247 248 249 250 252 253 258 265 267 268 269 273
27 239 241 242 245 246 248 250 251 252 253 255 256 257 258 259 262 263 264 265 266 267 268 269 270 271 272 274
14 241 242 244 245 246 252 255 257 260 262 266 267 271 273
24 239 240 241 243 246 248 250 252 253 254 258 259 260 262 263 264 265 266 267 268 270 272 273 274
23 243 244 245 246 248 250 252 255 256 257 258 259 260 261 263 265 266 268 269 270 271 272 273
13 239 240 247 248 251 254 256 260 261 263 269 272 274
15 239 241 243 244 245 246 249 250 251 254 255 264 266 271 272
26 239 241 242 245 246 247 250 251 253 255 257 258 259 260 261 262 263 264 266 267 268 269 270 272 273 274
16 240 246 248 250 251 252 254 255 257 259 261 263 266 267 269 271
11 239 246 247 251 252 258 259 262 264 266 268
21 239 241 245 246 248 250 253 254 255 258 259 260 261 262 263 264 265 266 267 268 274
12 240 244 246 249 252 256 260 263 269 270 271 272
23 239 240 241 242 243 244 247 249 252 255 257 258 261 263 264 265 266 269 270 271 272 273 274
18 239 240 241 242 246 249 251 252 253 254 256 258 262 263 264 271 272 274
23 239 240 241 242 243 245 249 253 254 256 257 259 261 262 264 265 266 267 268 269 271 272 274
15 240 241 243 245 246 253 255 259 260 261 263 265 266 270 274
18 242 244 246 247 249 250 252 255 256 258 259 260 263 264 266 268 271 273
23 239 241 242 245 246 247 250 251 252 254 255 256 259 260 261 262 263 265 266 268 270 272 274
19 239 240 241 242 245 246 248 249 250 251 256 257 259 260 262 263 266 270 272
14 239 242 246 248 250 251 254 255 259 266 267 269 272 274
18 239 242 243 244 245 247 253 254 256 259 260 261 262 263 265 266 272 274
22 239 240 241 242 243 246 247 248 250 251 252 253 254 255 258 259 260 263 266 271 272 274
25 239 240 241 242 244 247 250 251 252 253 254 255 256 257 258 259 260 262 263 264 267 268 270 271 273
24 240 241 242 243 244 245 246 248 250 251 252 256 257 258 261 263 265 266 267 269 271 272 273 274
19 240 242 244 246 248 249 250 251 252 255 258 259 264 269 270 271 272 273 274
23 241 242 244 245 246 247 248 250 253 254 255 256 257 259 262 264 266 267 268 270 271 273 274
16 239 243 245 246 249 250 252 256 257 258 260 262 268 271 272 273
23 240 241 242 244 245 246 247 250 252 253 254 255 257 258 260 261 263 264 268 269 270 272 274
19 239 240 242 244 246 247 249 250 251 253 258 259 260 261 263 265 269 271 273
21 240 241 244 245 248 249 251 254 256 257 258 259 260 261 262 263 266 267 269 271 272
20 239 240 241 243 245 246 247 248 250 251 257 259 260 263 265 266 268 269 272 273
26 239 240 242 243 244 245 246 247 248 249 250 252 253 254 255 257 258 259 263 264 265 267 268 269 270 274
20 239 240 243 245 246 247 248 249 251 252 253 254 256 265 267 268 269 270 272 273
19 239 244 245 247 251 252 253 255 257 259 263 264 265 266 267 268 270 272 273
22 239 241 242 243 244 247 248 250 253 254 255 257 258 261 264 265 266 267 268 270 271 272
16 240 241 243 244 249 250 251 259 261 265 266 267 269 271 273 274
22 239 240 243 245 247 250 251 252 253 255 257 259 261 262 264 265 266 268 269 271 273 274
15 241 244 246 247 249 253 254 256 260 261 263 267 272 273 274
18 241 245 246 250 252 253 255 256 258 259 260 263 267 268 269 270 271 274
21 240 241 242 244 246 247 248 256 257 258 259 260 263 264 265 266 267 268 270 272 273
16 239 240 241 243 246 247 249 255 260 262 263 264 265 266 270 271
12 240 244 245 247 249 253 257 265 269 271 273 274
24 239 240 241 242 243 244 245 247 248 250 251 252 253 254 255 258 259 260 263 266 269 272 273 274
10 240 244 245 249 252 253 259 260 263 269
18 239 242 243 246 249 250 254 255 260 262 263 265 266 269 270 272 273 274
27 241 242 243 244 245 246 247 248 249 250 252 254 255 257 258 259 260 261 263 265 266 267 268 271 272 273 274
25 239 240 241 242 243 244 245 246 248 249 250 252 253 255 256 257 258 259 260 261 263 264 270 273 274
20 242 243 245 246 248 250 252 254 255 256 258 261 262 263 265 266 268 270 271 273
15 239 240 241 242 243 244 246 250 256 257 258 259 260 268 271
27 239 241 242 243 244 245 246 247 248 249 250 251 252 253 254 257 258 259 261 264 266 267 268 270 272 273 274
23 239 242 245 247 248 249 253 254 255 256 258 260 261 262 265 266 267 268 269 270 272 273 274
14 239 241 244 246 247 249 251 252 262 267 270 271 272 274
27 239 240 243 244 245 246 247 248 250 251 252 253 254 255 256 257 258 260 261 263 264 265 266 270 272 273 274
19 239 240 243 246 249 251 255 257 259 261 263 264 265 266 267 269 270 273 274
14 240 242 244 247 248 249 250 254 256 257 263 264 270 271
12 244 252 253 254 255 258 259 261 262 265 270 273
22 241 242 244 245 249 251 254 255 257 258 261 262 263 264 266 267 269 270 271 272 273 274
17 239 241 242 244 245 246 250 251 252 257 259 261 262 263 265 266 272
15 241 243 247 250 251 256 259 263 266 267 268 269 270 272 274
22 239 241 243 246 249 250 252 253 254 255 256 259 262 264 266 268 269 270 271 272 273 274
17 241 243 244 245 247 248 250 252 257 259 260 261 265 266 267 268 272
20 239 240 244 246 248 249 250 252 254 256 257 259 260 261 263 264 266 272 273 274
28 239 240 241 242 243 244 245 247 249 251 252 255 256 257 258 260 261 262 264 265 266 267 268 269 270 272 273 274
18 241 242 243 244 245 247 248 250 251 253 255 259 260 262 263 266 268 272
25 239 240 241 242 244 245 247 250 251 252 253 254 256 257 260 261 262 263 264 265 266 267 269 270 274
15 242 244 247 251 258 259 261 262 264 267 268 270 272 273 274
21 239 241 242 245 246 247 250 253 254 255 257 258 259 261 263 266 267 268 271 273 274
26 239 242 243 244 245 246 247 248 249 251 253 254 255 256 257 258 259 260 262 263 264 265 266 267 269 273
23 239 243 244 245 246 247 248 249 251 252 254 255 258 259 260 264 265 266 267 269 270 271 274
22 275 276 277 278 279 280 281 282 283 284 285 286 287 288 289 290 291 292 293 294 295 296
8 278 279 280 281 284 290 292 296
15 276 278 279 280 281 284 285 286 287 289 290 291 293 295 296
8 275 276 280 283 285 290 292 296
17 275 276 279 280 281 282 283 284 285 286 287 289 290 291 292 295 296
14 276 278 279 282 284 285 288 289 290 291 293 294 295 296
16 276 279 280 282 283 284 285 286 287 289 291 292 293 294 295 296
11 278 279 280 281 282 283 285 286 288 291 292
15 275 276 281 282 284 285 287 288 289 291 292 293 294 295 296
11 277 280 282 283 284 287 288 289 291 292 294
13 276 278 279 280 282 283 286 288 290 291 292 295 296
13 275 276 277 281 285 287 289 290 291 292 293 294 296
12 276 278 279 282 283 286 290 291 292 294 295 296
14 276 278 279 281 282 283 284 285 286 287 291 293 295 296
13 275 276 280 281 282 284 285 286 287 290 291 293 295
17 275 276 277 278 279 280 283 284 285 286 288 289 290 291 292 293 294
16 276 277 280 281 282 283 284 285 287 288 289 291 292 293 294 295
13 275 276 277 278 280 281 283 284 288 291 293 294 296
8 275 276 277 284 287 290 291 292
11 275 276 280 281 284 286 288 290 293 294 295
13 276 277 279 280 281 285 286 287 288 289 292 294 296
10 275 282 283 284 286 287 289 291 294 295
9 276 277 281 287 288 289 290 294 295
11 275 276 283 284 285 288 289 290 294 295 296
8 276 278 279 281 285 287 289 295
16 275 276 277 278 279 282 284 285 286 287 288 291 292 293 295 296
6 278 279 282 285 286 296
10 275 280 284 287 289 290 291 294 295 296
6 302 306 307 310 320 323
4 303 309 315 323
4 303 307 308 318
6 302 307 313 314 318 321
14 297 298 299 303 304 309 312 313 314 316 317 318 319 322
6 303 310 314 316 317 318
6 299 300 302 317 321 323
5 297 298 300 319 322
8 299 300 303 304 311 321 322 323
15 297 298 299 300 302 304 306 308 310 314 318 319 320 321 322
6 302 305 307 308 316 319
10 300 302 305 306 308 309 314 317 321 323
17 297 299 300 301 303 304 305 306 308 309 310 311 313 315 316 318 321
6 305 307 311 315 320 321
17 298 299 301 302 303 304 306 308 310 312 314 315 316 320 321 322 323
4 298 305 316 319
6 297 300 301 305 310 312
3 306 314 318
4 303 305 316 317
11 297 300 305 309 310 314 316 317 318 321 322
7 299 304 307 310 311 316 317
6 297 300 311 314 318 319
13 300 301 302 305 306 307 308 310 311 315 320 321 323
7 297 300 305 308 312 315 323
12 299 301 304 308 309 310 313 314 316 317 318 323
7 297 303 304 313 319 320 322
10 297 300 305 307 309 311 313 317 318 319
8 297 302 305 308 310 312 317 319
6 306 308 309 312 314 320
20 297 298 299 300 301 302 303 305 306 307 308 309 310 311 312 314 319 321 322 323
16 297 300 301 302 303 307 308 309 310 313 314 315 317 318 320 322
4 297 298 309 311
4 298 311 319 320
9 299 304 305 306 308 316 317 318 322
7 304 313 315 316 317 318 320
6 299 303 307 314 321 322
9 298 299 303 304 309 316 317 319 321
7 297 303 310 311 315 316 318
6 298 302 305 309 317 320
5 299 303 308 313 317
9 298 300 303 307 311 313 314 315 319
12 298 300 301 304 305 306 309 310 313 319 322 323
11 298 299 304 305 306 311 312 316 319 321 323
9 301 308 312 313 314 318 319 321 322
19 297 298 301 302 305 306 307 308 309 310 312 313 314 315 316 317 318 319 320
12 304 306 307 308 309 310 312 314 315 318 319 322
10 298 301 304 305 309 312 315 316 321 322
7 297 298 300 302 305 306 320
4 301 303 306 307
16 297 299 300 301 302 307 308 311 312 313 314 316 317 318 320 323
5 300 304 308 309 320
4 297 302 312 315
7 303 307 310 311 312 321 322
4 300 313 314 319
12 301 303 305 307 309 311 312 313 315 316 317 323
9 297 300 301 302 304 309 310 320 322
7 299 311 314 316 317 320 321
10 298 302 307 312 314 317 319 320 322 323
8 297 302 305 307 311 321 322 323
11 298 299 306 307 308 311 312 314 315 318 321
10 297 299 301 304 306 308 315 316 318 323
5 314 315 318 322 323
3 313 319 323
9 302 307 308 311 313 315 320 322 323
4 302 303 306 312
10 298 299 301 307 310 311 312 315 316 318
12 299 300 301 303 304 306 310 312 313 317 320 321
7 297 298 299 316 320 321 323
11 298 303 304 305 306 309 310 315 319 321 322
19 298 299 300 301 303 304 306 307 309 311 313 314 315 316 318 320 321 322 323
5 300 302 306 311 320
9 297 301 302 309 310 312 320 321 323
8 300 301 302 303 305 311 313 317
8 298 301 304 305 307 313 319 322
8 298 299 301 306 312 313 315 319
7 302 304 312 313 315 320 323
12 297 301 304 308 309 310 312 313 315 317 318 323
10 299 301 303 304 306 309 310 316 317 322
5 298 299 308 311 319
4 297 300 305 310
5 298 310 311 312 318
2 303 323
5 297 311 313 317 318
9 297 299 307 313 314 316 317 318 323
5 297 300 301 310 312
10 297 299 302 305 306 307 308 311 312 323
6 304 313 315 316 317 318
4 300 301 302 304
6 299 304 307 310 311 316
3 303 314 321
6 298 299 306 313 315 319
3 300 302 311
3 297 309 311
5 298 304 316 317 319
5 298 307 308 312 321
7 298 304 305 306 316 321 323
8 298 307 310 311 312 315 316 318
4 314 315 318 322
2 313 319
3 302 321 323
5 297 303 310 315 316
3 302 306 320
7 302 308 309 314 317 321 323
1 318
4 302 307 310 320
7 300 302 306 314 317 321 323
12 298 299 304 306 309 311 314 318 320 321 322 323
2 302 303
3 299 303 313
7 305 306 307 308 310 315 320
10 298 301 304 305 306 309 310 319 322 323
4 297 298 300 306
4 303 313 319 320
2 300 319
9 297 298 303 304 309 313 316 318 322
7 304 305 309 312 316 321 322
3 305 316 319
5 300 302 305 306 323
2 300 304
14 297 298 301 302 305 306 309 310 312 313 316 317 318 319
1 313
6 299 300 303 304 322 323
6 303 304 306 315 319 321
10 298 299 301 302 303 304 308 314 321 322
6 298 307 312 317 320 322
11 297 299 300 302 307 308 311 312 314 318 320
5 301 303 304 309 317
6 297 300 305 307 309 318
3 309 315 323
3 302 311 320
1 306
7 302 308 311 313 315 320 322
5 302 307 311 315 323
9 297 300 307 308 311 316 317 318 320
3 297 298 300
4 303 304 313 320
2 297 311
3 304 308 309
6 306 308 309 315 318 319
4 305 310 312 319
3 315 318 322
3 297 299 321
6 298 306 308 315 318 321
3 313 317 318
7 298 299 306 311 316 319 321
6 300 307 311 313 315 319
7 307 309 311 312 315 316 323
1 323
11 297 298 300 304 308 310 314 318 319 321 322
7 301 304 305 309 310 322 323
4 297 298 300 305
2 319 323
6 301 312 313 318 319 321
4 300 302 311 320
6 297 300 308 312 315 323
8 297 300 305 307 311 313 317 319
3 297 300 306
4 299 306 308 318
9 298 299 300 302 306 310 314 319 322
6 297 302 305 308 317 319
3 297 298 311
4 299 302 317 323
2 314 315
9 300 301 307 308 311 313 316 317 320
3 299 302 321
6 304 307 308 309 310 322
4 299 303 307 321
6 308 314 318 319 321 322
9 304 306 308 309 310 314 315 318 319
7 304 306 307 309 310 318 322
2 298 316
5 302 308 313 315 323
6 301 307 312 315 316 318
9 301 303 305 309 311 313 316 317 323
5 308 313 315 320 323
8 297 300 305 307 309 311 313 317
5 304 307 311 316 317
2 309 311
2 303 306
6 299 300 304 311 321 322
13 298 299 302 303 304 308 310 314 315 316 320 322 323
4 299 303 308 317
5 299 304 310 311 316
11 300 301 305 306 307 310 311 315 320 321 323
4 297 300 310 320
11 300 301 302 303 308 309 310 313 314 315 322
4 307 313 319 322
7 302 308 311 313 315 322 323
9 300 301 304 305 306 309 310 319 322
2 303 306
7 301 308 312 313 319 321 322
4 300 301 305 310
3 305 310 312
10 297 302 305 307 310 312 313 315 318 319
2 303 315
11 298 301 302 303 304 306 308 320 321 322 323
4 297 300 311 319
9 298 304 305 306 309 310 319 321 322
3 299 316 320
4 299 311 316 317
3 314 318 321
6 297 305 310 316 317 318
5 297 305 311 321 322
6 297 305 307 311 321 323
6 302 305 311 321 322 323
3 314 315 322
1 318
3 297 309 311
2 319 323
2 298 319
7 305 307 309 311 313 316 317
10 297 301 302 307 308 311 313 314 316 323
8 298 299 307 311 312 315 316 318
5 300 301 302 303 305
2 314 318
8 303 304 305 306 315 319 321 322
5 305 307 315 320 321
5 308 310 312 317 319
9 297 304 308 309 313 315 317 318 323
6 299 306 311 312 315 321
3 311 319 320
2 309 311
9 299 301 304 309 313 316 317 318 323
7 298 300 307 311 313 315 319
8 301 305 306 308 309 311 318 321
3 303 317 318
2 299 308
2 314 318
4 300 311 314 319
4 297 316 320 321
6 300 307 313 314 315 319
3 297 302 312
10 300 301 303 304 306 310 312 313 317 321
6 305 314 316 318 321 322
2 302 306
9 297 301 304 308 309 310 312 315 317
3 297 311 314
6 307 312 314 317 320 322
3 298 316 319
9 298 299 307 308 312 314 315 318 321
7 297 304 306 308 316 318 323
6 297 301 304 308 309 315
10 297 299 300 306 308 310 314 319 321 322
3 297 308 323
3 297 309 311
6 300 303 304 311 322 323
12 297 300 303 304 305 306 310 311 315 316 318 321
6 298 300 303 311 313 314
9 300 301 302 305 308 310 311 315 320
6 301 308 312 313 314 322
2 304 309
5 299 300 302 317 323
3 298 309 311
3 303 306 307
4 305 307 313 322
11 298 300 302 304 310 314 318 319 320 321 322
5 297 305 309 316 322
3 297 298 311
2 306 307
4 299 300 317 321
10 301 302 306 307 308 311 315 320 321 323
3 315 318 323
9 297 300 309 310 314 317 318 321 322
6 298 299 311 312 316 318
8 298 302 312 314 319 320 322 323
7 302 307 314 317 319 320 322
6 301 303 305 311 313 317
5 302 305 308 317 319
6 298 312 314 319 320 323
5 302 313 314 318 321
8 298 301 304 305 309 312 316 321
3 305 308 319
3 302 313 315
5 297 303 311 316 318
5 300 301 302 320 322
8 303 305 309 313 315 316 317 323
3 300 311 320
3 298 319 320
5 300 303 311 322 323
5 298 304 305 313 319
10 301 305 307 309 311 313 315 316 317 323
8 304 307 308 310 314 318 319 322
12 297 300 301 303 307 308 309 313 314 317 318 320
12 297 299 303 304 309 312 313 314 316 317 319 322
5 300 305 306 309 323
2 314 322
6 297 302 305 312 317 319
5 303 314 316 317 318
6 297 302 309 312 321 323
7 302 307 308 311 313 322 323
4 297 305 317 319
4 299 316 317 320
5 299 303 309 310 322
5 297 305 307 311 321
4 305 309 317 320
3 315 318 322
17 297 299 300 301 302 303 305 306 307 308 309 310 311 312 319 322 323
10 301 303 305 307 309 311 313 315 317 323
9 297 298 299 300 302 314 319 320 321
7 297 301 302 310 312 321 323
5 305 308 309 321 323
8 298 301 307 310 312 315 316 318
3 299 314 322
2 297 312
6 306 307 308 310 314 318
2 302 315
7 297 300 302 309 310 320 322
2 301 307
2 306 314
7 298 299 309 312 316 317 319
4 297 308 310 312
4 299 300 321 323
1 306
5 302 304 312 313 320
9 301 302 305 306 307 308 311 315 321
7 301 302 305 307 308 320 321
2 316 317
5 299 316 320 321 323
4 299 307 314 322
2 311 320
5 297 298 316 320 323
5 302 305 312 317 319
2 309 311
8 301 303 304 309 310 316 317 322
4 304 316 317 322
9 306 307 308 309 310 312 314 315 322
8 298 300 301 304 310 313 322 323
3 305 315 321
8 299 303 304 306 309 310 317 322
7 299 301 308 310 313 317 318
2 301 306
3 300 317 323
3 297 308 315
4 297 303 310 315
10 303 304 309 312 313 316 317 318 319 322
3 298 319 320
7 298 307 311 312 314 315 318
6 297 302 308 310 317 319
8 299 301 303 304 310 316 317 322
16 297 299 300 302 303 304 305 306 307 310 311 313 315 319 321 322
16 298 299 300 301 306 307 309 310 312 314 315 316 317 318 322 323
12 297 298 300 302 303 308 311 314 315 317 318 320
13 297 302 304 305 309 312 313 314 315 316 318 320 323
15 297 298 300 301 305 307 308 311 312 313 314 318 320 321 322
18 297 299 300 301 302 303 304 305 306 309 311 312 313 315 319 320 321 322
8 310 311 312 315 318 321 322 323
10 297 299 302 303 305 307 309 316 319 321
16 297 298 299 300 301 308 309 311 312 315 316 317 318 319 321 323
8 298 299 300 303 308 309 315 318
14 297 299 300 301 302 305 309 313 314 315 320 321 322 323
17 297 302 305 307 309 310 311 312 313 314 316 317 318 319 320 321 322
18 299 300 301 303 305 306 307 309 311 313 314 315 316 317 318 319 320 321
15 297 300 301 302 305 306 307 309 311 315 317 318 320 321 322
8 299 300 306 310 312 315 319 321
9 297 298 299 302 306 308 309 313 320
16 297 299 302 303 304 305 307 310 311 313 314 316 318 319 320 322
13 307 309 310 311 313 315 316 317 318 319 320 321 322
15 297 298 299 301 302 306 308 309 312 314 315 316 317 318 322
17 297 298 300 301 302 304 307 308 309 312 313 314 317 318 319 321 323
9 300 301 304 308 316 317 320 321 323
8 297 301 308 310 312 314 319 320
16 298 300 303 304 305 307 308 309 313 315 316 318 319 320 321 322
17 297 300 301 302 303 305 307 309 311 312 313 314 316 318 321 322 323
10 297 298 302 308 309 312 313 318 319 321
15 297 299 300 301 302 305 308 310 312 313 317 318 319 320 321
13 297 302 305 306 307 309 310 313 315 317 318 322 323
13 297 298 301 302 303 304 305 307 308 309 310 313 314
14 297 299 300 302 309 310 311 312 313 314 317 321 322 323
11 300 301 303 306 309 311 316 318 319 321 322
14 297 301 302 304 305 306 311 312 314 318 319 321 322 323
16 300 302 303 304 305 306 307 309 310 312 313 318 320 321 322 323
12 298 300 301 302 305 306 310 314 316 317 321 323
11 297 302 303 304 309 310 316 317 318 320 322
11 299 300 302 303 307 313 314 316 319 321 322
8 297 310 311 312 316 318 319 320
11 299 300 304 305 308 311 317 318 319 320 322
11 298 300 301 303 304 311 312 313 317 318 321
12 301 303 305 307 310 311 313 314 316 318 320 323
18 297 298 299 301 302 304 307 308 309 310 311 314 315 316 317 318 321 323
14 297 298 301 302 307 308 309 310 312 314 315 316 322 323
11 298 299 301 302 303 308 309 311 316 317 323
10 301 304 305 308 310 314 316 317 318 323
16 299 300 301 304 305 307 308 309 312 313 314 315 316 318 319 321
9 300 301 302 303 307 308 313 315 321
18 298 299 300 303 304 307 309 311 312 313 315 316 317 318 319 320 322 323
15 297 298 300 302 303 307 308 311 313 314 315 318 320 322 323
13 301 302 305 311 312 314 316 317 319 320 321 322 323
14 298 300 302 303 304 305 309 312 313 314 315 317 320 321
12 297 298 299 300 305 309 314 315 316 317 320 322
11 298 301 302 306 307 309 312 315 316 320 323
18 297 298 299 300 301 303 304 308 310 311 313 314 315 316 317 320 321 323
15 297 298 299 304 307 308 310 312 313 314 315 317 318 321 323
11 297 298 300 301 305 312 315 319 320 322 323
13 298 301 307 308 311 313 315 316 317 319 320 321 322
13 303 304 305 306 308 311 312 313 315 318 320 322 323
17 297 298 299 300 301 302 305 306 307 308 309 310 312 313 316 318 321
12 297 302 306 307 308 312 315 317 318 319 320 322
13 298 299 302 303 306 308 311 312 313 314 320 321 322
17 297 299 300 301 302 303 304 305 306 308 310 312 316 317 318 321 322
8 298 301 310 312 313 314 319 320
15 297 299 300 301 302 303 304 309 312 314 315 320 321 322 323
8 298 303 306 308 309 310 315 321
12 299 304 305 306 308 309 310 311 313 315 319 320
11 298 299 300 301 302 305 307 313 316 317 319
16 299 300 301 302 305 306 308 309 310 311 313 315 316 321 322 323
9 301 303 304 310 313 319 321 322 323
14 300 301 303 304 306 309 310 312 314 315 317 318 321 322
10 297 298 301 305 308 309 313 319 321 323
18 298 299 302 303 304 305 307 310 311 312 314 315 316 317 318 320 322 323
11 298 299 300 303 305 307 310 312 316 319 322
9 300 301 302 306 307 308 316 321 322
12 297 300 301 303 304 306 309 310 312 318 321 323
18 297 298 299 302 303 305 306 307 308 309 310 313 315 316 318 321 322 323
17 297 298 300 302 303 307 308 309 310 311 312 313 316 319 320 322 323
10 297 299 300 301 304 306 314 315 319 320
9 298 301 306 310 315 319 320 322 323
18 297 298 299 300 301 302 303 304 305 306 312 314 315 317 319 321 322 323
14 298 299 300 301 302 304 306 307 309 312 313 316 318 322
15 299 300 303 304 305 308 310 312 314 316 317 320 321 322 323
9 297 301 306 307 311 313 317 318 321
14 297 298 299 300 304 306 308 309 314 315 316 318 320 323
9 298 306 308 309 310 311 312 313 315
8 297 299 301 304 305 307 313 322
8 300 301 311 312 315 316 317 323
16 299 300 302 304 305 306 308 310 312 313 314 315 317 318 321 322
13 297 298 299 306 307 309 313 317 318 319 321 322 323
15 298 300 303 305 306 310 312 314 315 316 317 318 319 321 323
18 297 298 300 301 302 303 304 306 307 308 309 312 313 317 318 319 321 322
13 298 300 305 306 308 309 311 312 315 316 317 319 323
9 300 301 308 309 311 313 316 317 318
14 297 299 302 303 304 307 308 310 311 312 319 320 321 323
11 297 298 299 308 310 311 312 314 316 317 320
13 298 299 302 306 307 309 310 311 312 314 316 321 322
11 301 306 310 311 312 316 317 318 319 321 323
9 299 302 303 305 312 313 317 321 323
16 300 301 304 305 306 308 310 311 313 314 315 316 317 318 321 323
14 298 301 306 307 308 310 311 313 315 316 318 319 320 323
16 298 300 302 303 304 305 306 307 308 309 311 313 314 316 317 322
11 298 303 307 310 311 314 317 318 319 321 323
18 298 299 302 303 304 305 306 308 309 310 311 312 314 316 317 318 322 323
12 302 303 304 307 308 311 313 314 315 316 318 319
9 304 305 308 309 310 313 317 318 320
15 298 299 300 302 303 305 307 310 314 315 316 318 319 320 323
18 297 298 299 300 301 302 306 307 310 311 312 314 315 316 318 319 320 321
14 298 299 300 303 307 308 309 310 313 314 315 317 320 323
12 297 299 300 302 304 305 308 312 314 315 319 323
13 298 300 303 305 307 308 311 314 315 316 317 319 321
17 297 300 301 302 303 305 307 310 312 313 314 315 316 317 318 319 321
13 301 302 304 306 307 310 313 314 316 317 321 322 323
9 297 299 303 304 305 308 309 313 315
17 297 298 299 300 301 302 304 306 308 312 313 315 316 318 320 321 323
17 297 298 299 305 306 308 309 311 312 313 314 315 316 319 321 322 323
15 298 300 301 308 309 310 313 314 316 317 318 319 320 321 323
18 297 298 299 300 301 305 307 309 310 311 312 313 316 317 318 319 320 323
8 297 300 302 308 309 312 317 322
10 298 300 302 303 305 309 311 312 314 318
9 302 304 305 306 307 308 314 316 323
12 297 298 300 301 302 304 308 309 310 316 319 320
17 297 298 299 300 303 304 305 306 309 310 312 313 314 316 317 321 323
13 297 299 300 304 305 310 311 314 315 316 319 320 322
18 297 299 300 301 303 305 306 308 309 310 312 313 314 315 316 317 321 322
8 298 302 305 308 309 315 318 322
11 300 301 303 304 308 310 311 312 317 320 322
10 298 299 304 306 307 312 317 318 320 323
17 297 299 302 304 306 307 308 309 311 312 313 314 315 317 319 321 322
14 300 302 303 306 307 308 309 311 313 316 317 319 322 323
11 298 300 308 311 313 314 316 317 318 321 322
15 298 299 300 303 304 305 306 307 308 309 310 312 316 321 323
17 297 298 299 301 305 307 308 310 312 314 315 317 318 320 321 322 323
16 297 298 299 302 304 305 306 311 312 313 314 317 318 321 322 323
18 297 299 301 302 303 304 307 308 310 311 312 313 314 316 317 318 319 321
18 297 299 300 301 302 303 305 306 307 311 312 313 316 319 320 321 322 323
8 297 298 299 306 311 317 320 322
17 298 299 300 305 307 311 313 314 315 316 317 318 319 320 321 322 323
15 298 299 300 301 304 305 306 307 308 310 314 318 319 321 323
18 297 298 300 304 305 307 308 309 310 312 313 314 315 316 318 319 321 322
12 299 301 305 310 311 312 315 316 317 318 319 321
15 297 298 300 302 304 307 308 309 313 314 315 316 319 322 323
11 299 301 305 307 308 309 310 314 316 318 321
18 297 298 301 302 303 304 306 308 309 310 311 312 313 314 316 319 320 323
14 301 304 307 308 309 310 311 312 315 316 317 318 320 321
9 300 303 305 307 312 319 320 321 322
12 298 300 304 305 306 309 311 312 313 315 318 321
13 297 298 299 300 302 304 307 309 311 314 318 319 322
10 297 301 302 307 309 312 313 319 320 322
14 297 298 300 302 303 306 307 308 309 310 317 318 320 323
14 298 301 305 306 309 313 314 316 317 319 320 321 322 323
18 297 298 299 301 303 304 305 306 308 309 312 313 314 315 316 318 321 323
9 297 298 308 311 312 315 320 321 322
13 299 303 304 305 307 310 312 313 314 316 317 320 322
18 299 300 301 303 305 306 309 310 311 312 313 315 316 318 319 320 321 323
13 297 302 303 304 307 308 309 311 313 314 318 322 323
11 298 299 300 302 309 311 317 318 319 321 323
18 297 298 300 302 304 305 308 309 310 311 313 314 315 316 317 318 321 322
10 298 301 302 305 308 310 311 316 320 323
12 300 301 305 306 308 309 314 316 317 320 322 323
15 297 298 300 301 303 304 306 308 311 312 313 317 318 321 323
11 301 306 309 310 311 312 313 314 316 317 322
18 297 298 299 300 301 302 303 304 306 309 312 313 314 315 318 319 321 323
15 298 302 303 304 305 306 307 310 311 315 318 319 321 322 323
9 298 302 307 308 312 313 314 316 319
12 297 304 305 306 308 310 314 315 316 317 318 322
16 297 298 299 303 304 306 307 313 314 316 318 319 320 321 322 323
16 297 298 299 301 303 306 311 312 314 315 316 317 318 319 320 323
14 297 298 304 306 309 310 311 312 313 314 315 316 317 322
16 298 299 301 302 303 304 306 307 309 312 313 314 316 318 319 320
14 297 298 299 301 303 304 305 306 309 310 312 313 318 319
17 297 298 299 300 302 303 306 307 308 315 316 317 318 319 320 321 323
11 299 300 301 302 303 306 310 313 315 316 317
10 300 302 303 304 305 306 308 310 312 314
8 298 300 308 309 311 316 322 323
16 297 298 299 300 302 305 308 310 311 312 314 316 318 320 321 323
12 298 299 300 301 305 310 315 318 319 320 321 323
17 299 300 302 303 306 307 308 309 310 311 312 313 314 315 317 318 322
13 297 302 304 305 307 308 309 310 313 316 317 318 322
12 298 299 302 304 308 309 310 312 319 320 321 323
17 297 298 299 301 303 304 306 307 311 312 313 314 315 317 319 320 323
18 297 298 302 303 304 306 308 309 310 311 312 313 315 316 318 319 320 322
8 297 314 315 319 320 321 322 323
18 297 299 300 301 302 303 306 308 309 310 311 315 317 318 319 320 321 323
11 297 298 300 301 310 311 316 317 318 321 323
17 297 298 301 305 306 307 308 309 311 312 313 314 315 317 318 321 322
10 298 302 303 304 308 312 315 316 317 319
17 297 298 299 301 302 307 308 309 310 312 315 316 317 318 321 322 323
11 304 305 307 310 311 313 317 318 320 321 323
17 297 298 300 301 305 306 307 309 313 314 315 318 319 320 321 322 323
13 297 299 300 301 302 303 310 311 312 315 318 319 322
17 297 298 299 301 303 306 308 309 310 311 312 313 314 315 320 321 322
14 298 299 300 303 304 306 310 311 312 313 315 318 320 322
17 299 300 301 302 303 305 307 308 309 310 311 312 315 317 318 319 322
16 297 298 300 304 305 306 308 310 313 315 316 317 318 321 322 323
14 297 299 303 304 306 310 312 313 314 315 318 319 320 321
16 297 298 300 302 303 304 305 308 312 313 315 316 318 319 320 323
10 299 302 303 306 307 308 311 316 322 323
13 297 299 300 302 303 304 305 310 314 317 319 322 323
12 299 300 301 302 305 306 308 311 313 315 318 322
11 298 299 302 305 308 309 312 314 315 321 323
9 298 299 301 304 308 318 319 321 322
14 299 301 304 306 307 311 313 315 316 317 320 321 322 323
18 297 298 299 300 302 303 304 305 308 309 310 311 312 313 314 317 318 319
13 299 300 301 303 304 306 310 312 314 315 319 322 323
12 301 303 304 305 306 307 312 313 314 315 321 322
11 299 301 303 304 305 306 309 310 315 316 317
11 297 298 302 305 308 314 316 317 320 321 322
14 298 301 302 305 306 309 310 311 314 315 317 319 320 322
9 299 300 301 306 309 311 313 320 322
14 298 300 301 302 303 304 305 306 308 312 318 319 320 321
8 297 299 302 303 315 316 318 320
14 300 301 303 304 305 306 309 310 312 315 318 319 320 321
11 299 304 306 307 309 310 312 314 315 316 323
17 298 299 300 302 303 304 307 308 309 310 312 314 316 318 320 321 322
12 297 302 304 305 307 308 309 312 313 314 320 321
17 297 298 299 301 302 304 305 307 309 310 312 313 315 319 320 321 323
9 298 299 301 305 306 307 310 312 319
12 298 300 305 306 308 309 311 314 316 319 322 323
11 298 299 301 308 310 311 314 316 319 321 323
9 297 298 306 309 311 312 315 319 322
13 297 298 299 302 305 306 308 310 311 316 319 321 322
13 300 303 305 306 307 308 309 314 315 316 317 320 323
11 297 299 300 303 306 310 311 317 318 320 323
11 297 299 300 304 311 313 315 318 319 320 322
15 297 298 301 302 303 304 305 307 309 313 314 315 317 320 321
12 298 301 305 308 309 310 312 313 316 319 321 323
16 297 299 302 304 305 307 309 312 313 314 316 317 318 320 321 323
12 300 301 302 304 305 306 308 309 316 320 322 323
9 298 302 306 307 314 319 320 321 322
11 298 299 301 302 305 308 310 311 313 320 321
11 297 300 301 302 307 312 313 315 318 321 322
16 297 298 302 303 304 308 309 310 312 313 314 315 316 318 320 321
12 305 306 309 310 312 315 317 319 320 321 322 323
9 297 304 308 310 311 313 314 316 318
13 299 302 303 306 307 309 313 314 315 317 318 320 323
8 303 309 311 313 314 315 317 323
13 297 298 299 300 305 306 307 310 312 315 316 320 322
16 297 298 300 301 305 306 307 308 309 310 313 315 317 318 320 321
12 297 298 302 304 310 311 313 314 315 317 318 320
18 298 299 301 304 306 308 309 310 313 314 316 317 318 319 320 321 322 323
11 298 299 301 307 311 312 313 314 316 318 321
9 297 302 304 305 309 314 316 319 323
18 298 299 301 303 304 305 307 309 310 312 313 314 316 317 318 320 321 323
14 298 302 304 306 311 312 313 316 318 319 320 321 322 323
9 297 298 300 304 309 310 313 314 323
14 297 298 302 303 304 305 306 307 310 311 313 314 319 320
16 298 299 301 304 305 306 307 308 313 315 316 317 318 319 321 322
16 298 299 300 301 302 304 305 308 310 311 312 313 316 319 320 323
18 297 299 300 302 303 304 305 306 307 308 309 311 314 316 320 321 322 323
9 299 300 301 302 313 314 318 321 323
13 297 300 301 302 305 307 308 311 313 314 316 321 323
11 297 303 304 308 309 312 316 317 319 320 322
13 297 301 302 303 305 308 309 311 312 315 317 319 322
18 297 298 299 301 302 304 306 307 310 311 312 313 315 316 319 321 322 323
11 298 299 302 303 304 305 306 307 310 315 318
13 298 300 301 303 304 305 306 308 312 313 317 318 319
10 297 298 304 310 312 316 317 318 319 322
13 297 298 299 301 302 304 309 311 313 314 316 321 323
8 300 305 310 315 317 319 320 322
16 297 299 301 302 304 305 307 308 311 314 315 316 317 318 319 323
16 297 298 299 300 301 303 308 311 312 315 317 318 319 321 322 323
12 298 300 304 308 309 311 313 317 318 319 322 323
14 297 298 299 302 304 305 308 309 310 311 312 314 317 323
10 327 329 334 336 343 349 361 363 364 365
13 324 325 327 332 338 341 343 346 356 357 359 361 366
32 324 326 328 330 331 332 334 335 336 337 338 339 341 342 343 344 345 347 348 351 352 353 355 356 357 358 359 360 362 365 367 368
10 324 325 335 344 346 349 354 355 365 366
10 325 330 335 339 344 345 346 350 351 357
9 330 334 337 342 344 350 351 352 362
9 328 331 341 342 345 346 350 359 368
18 324 325 326 330 331 332 335 337 339 347 348 349 350 351 353 361 362 367
6 327 342 359 361 362 367
9 324 328 335 337 338 352 354 358 361
11 324 325 328 330 334 339 344 351 353 360 365
16 325 326 327 328 333 335 336 340 343 344 347 348 357 358 359 368
7 329 335 338 340 347 353 365
25 324 325 327 329 330 335 336 337 339 340 341 342 343 345 349 351 352 353 356 357 360 363 364 366 367
25 324 325 326 330 331 337 338 339 340 341 342 345 347 350 351 353 356 357 360 361 363 364 365 366 368
10 331 333 342 343 345 351 356 357 362 363
23 325 327 329 330 333 334 335 337 338 341 342 343 345 346 354 355 358 363 364 365 366 367 368
18 327 329 330 334 335 339 340 341 342 347 349 354 358 359 361 363 367 368
18 324 328 331 332 333 335 336 346 347 348 349 351 353 355 357 359 365 367
17 329 330 331 332 335 337 341 342 348 350 351 353 357 358 361 366 368
8 324 329 332 338 346 354 364 367
11 330 331 337 339 350 351 356 360 361 363 365
11 324 326 330 332 341 344 345 347 350 358 366
17 324 325 331 333 340 342 344 346 347 349 351 358 359 361 362 363 368
11 327 336 342 349 352 354 355 356 360 366 368
15 325 326 334 340 342 351 352 353 360 361 362 364 365 366 367
9 326 328 340 345 349 353 355 360 365
22 325 326 330 331 332 335 336 337 338 339 341 347 348 350 352 353 354 357 360 361 362 366
15 326 331 333 336 343 344 350 351 353 355 357 360 364 365 366
7 328 333 336 346 355 359 360
13 326 327 331 334 340 344 345 346 349 353 359 360 362
12 326 327 330 331 337 344 349 352 354 359 367 368
9 329 336 337 341 342 346 349 355 368
22 326 328 329 330 331 332 334 336 337 338 339 340 345 348 352 353 356 357 359 362 363 367
12 327 329 334 341 344 345 352 356 358 360 361 368
6 324 328 332 334 356 361
15 325 326 330 337 338 339 340 342 343 350 354 362 363 364 366
8 327 335 339 342 352 355 360 365
20 327 328 329 332 333 334 335 336 343 344 346 348 349 352 354 355 358 359 362 367
5 324 333 346 351 363
13 327 333 341 342 343 347 350 351 358 360 361 364 368
6 325 327 333 336 347 349
18 325 335 336 339 340 341 345 346 348 350 353 355 357 358 360 362 363 365
10 324 331 336 339 348 349 353 360 361 362
28 326 327 328 329 330 332 334 335 336 337 338 339 341 343 345 348 350 352 353 354 355 356 357 360 364 365 366 367
14 329 331 333 335 336 339 347 348 354 358 363 364 367 368
14 326 328 333 334 335 343 344 347 354 356 358 359 363 364
22 324 326 328 334 338 339 340 343 344 345 346 352 354 355 356 359 360 362 363 364 365 367
9 329 333 338 342 343 347 351 364 366
14 326 327 329 330 334 346 347 348 349 350 353 366 367 368
10 334 341 342 345 349 352 353 355 362 366
11 328 332 335 339 341 343 352 354 364 366 368
4 330 333 354 364
7 337 338 353 355 360 366 368
8 328 329 330 338 341 352 357 359
15 325 326 328 330 333 334 339 341 343 344 351 358 362 364 367
18 324 325 327 329 330 331 336 340 342 345 346 350 351 352 357 361 362 367
13 325 327 329 333 340 346 349 350 354 361 363 364 366
18 324 326 328 329 331 332 333 334 336 338 343 348 349 352 353 356 360 363
13 334 335 339 340 348 356 358 360 361 362 364 365 367
11 326 327 331 332 335 345 350 352 361 363 364
19 325 326 327 330 332 333 336 337 339 340 343 344 351 354 355 361 363 364 366
18 327 328 329 334 340 342 343 344 345 349 355 356 358 359 364 365 367 368
11 337 340 341 347 354 355 358 364 365 366 368
20 326 328 331 332 333 334 338 344 346 347 348 350 354 355 358 359 361 362 365 368
12 325 332 336 339 340 341 344 355 359 360 364 365
12 324 331 332 337 345 346 348 350 357 359 361 363
8 328 332 337 338 345 348 352 356
10 331 337 338 351 353 354 357 359 362 368
23 325 326 328 329 331 332 334 337 338 340 343 345 346 347 348 349 350 353 356 357 358 362 366
17 324 329 334 335 338 347 348 349 352 353 356 357 358 360 362 365 367
10 324 336 341 344 351 359 361 363 367 368
12 326 328 332 340 344 347 350 351 352 356 357 359
14 333 338 340 343 347 348 354 356 357 358 359 362 366 367
6 332 339 341 348 349 365
4 324 325 346 362
30 324 327 328 329 330 331 332 333 335 336 337 338 339 341 343 344 345 346 347 348 349 350 354 355 356 357 358 359 363 368
21 324 325 329 330 333 336 337 338 342 347 348 350 351 355 356 357 358 361 363 365 367
24 324 325 326 327 331 332 333 336 337 342 343 344 345 346 347 349 350 351 353 354 355 363 366 368
8 329 334 340 341 342 345 356 358
12 327 338 343 344 352 354 357 363 364 365 366 368
14 325 328 333 335 339 340 342 346 348 352 355 356 360 367
11 326 331 333 336 343 350 351 353 360 364 365
12 325 329 334 335 337 341 342 345 363 364 367 368
19 325 327 330 335 336 337 339 340 341 342 343 345 352 353 356 363 364 366 367
6 341 344 351 359 363 367
5 329 330 338 341 352
7 331 333 342 345 351 357 362
12 325 327 329 333 338 341 345 354 355 358 366 368
15 326 328 329 330 332 334 336 339 348 352 353 356 357 359 367
7 329 333 340 361 363 364 366
9 325 326 327 328 335 340 343 344 368
9 334 335 338 347 349 356 357 362 365
8 325 336 339 340 355 359 360 364
25 330 331 332 333 335 336 337 338 339 341 343 344 345 346 347 348 349 350 354 355 356 357 358 363 368
5 329 335 338 347 365
3 330 354 364
9 339 340 356 360 361 362 364 365 367
9 341 343 347 351 358 360 361 364 368
23 326 328 329 330 332 336 337 338 339 341 343 345 348 353 354 355 356 357 360 364 365 366 367
12 328 333 334 335 344 347 354 356 358 359 363 364
8 331 342 343 351 356 357 362 363
10 326 330 334 346 348 349 350 366 367 368
14 325 330 331 332 335 339 347 348 349 350 351 353 361 367
12 330 339 341 345 350 351 353 361 364 365 366 368
7 333 335 339 340 342 348 360
11 327 329 334 335 340 341 342 349 354 358 359
6 329 338 341 352 357 359
12 329 331 333 339 347 348 354 358 363 364 367 368
10 326 331 336 344 350 353 357 360 364 366
14 325 329 335 336 339 340 343 345 351 352 357 363 366 367
18 324 325 326 327 331 332 336 342 343 345 346 349 351 353 354 363 366 368
11 326 327 331 334 340 344 346 353 359 360 362
19 326 328 330 332 334 335 336 337 338 341 348 350 352 354 356 357 364 365 366
9 324 328 329 331 343 349 352 353 356
11 325 326 327 330 333 336 339 340 343 354 355
8 324 341 344 351 359 363 367 368
4 337 360 366 368
4 328 330 341 359
8 325 328 330 334 339 351 353 360
8 329 333 336 347 354 358 367 368
19 324 328 331 335 338 341 342 343 344 345 347 351 355 357 358 360 365 367 368
10 325 326 330 339 341 343 351 358 362 364
3 342 359 361
3 346 351 363
8 326 341 344 345 347 350 358 366
14 327 328 329 334 340 342 345 355 356 359 364 365 367 368
11 326 333 336 343 344 351 353 357 364 365 366
20 324 326 327 331 332 333 337 342 343 344 345 346 347 351 353 354 355 363 366 368
9 326 328 340 344 347 350 351 356 359
3 337 353 368
11 326 328 339 340 344 345 346 352 354 355 367
8 324 331 336 339 348 360 361 362
13 325 326 328 333 334 339 341 343 351 358 362 364 367
5 326 328 345 349 353
5 330 337 342 344 362
7 339 341 343 352 354 364 366
14 324 326 328 329 331 333 334 336 338 343 348 352 353 363
6 337 340 347 355 364 365
19 327 328 329 330 332 336 337 341 345 348 350 352 354 355 357 360 364 366 367
5 324 336 341 351 361
7 324 328 335 337 338 352 358
13 324 328 334 338 339 340 343 344 346 355 362 364 367
7 326 332 341 345 347 350 358
3 339 349 365
6 330 337 352 354 359 368
4 330 334 351 352
10 327 338 344 352 354 357 363 364 365 366
11 326 331 333 336 350 351 353 355 357 360 366
3 327 336 349
13 331 332 335 336 337 338 350 352 354 357 360 361 362
10 327 329 340 341 342 347 354 358 361 368
8 326 327 331 332 335 352 363 364
3 346 351 363
8 325 330 339 344 345 346 350 351
13 325 326 334 340 342 352 353 360 361 364 365 366 367
10 325 328 333 335 340 342 346 348 355 367
2 330 364
8 329 340 346 354 361 363 364 366
11 325 326 331 332 335 341 347 348 352 357 360
13 325 327 329 330 331 336 340 346 352 357 361 362 367
5 331 341 342 345 346
3 324 332 334
4 332 339 349 365
11 331 333 335 339 347 348 354 358 364 367 368
6 330 337 339 350 356 363
9 329 330 332 350 351 357 361 366 368
10 326 328 333 334 343 344 354 356 358 364
20 324 327 328 329 331 332 335 337 338 341 343 345 347 348 349 350 355 356 358 359
10 325 328 333 335 339 346 352 355 356 367
18 326 328 330 332 334 336 337 338 339 340 345 348 353 357 359 362 363 367
6 330 337 350 356 361 365
7 324 328 330 344 351 360 365
6 324 351 359 361 363 368
14 329 331 332 335 337 341 348 350 351 353 357 358 366 368
10 329 334 341 344 345 352 356 358 361 368
11 324 334 338 343 345 346 352 355 356 360 364
10 327 329 333 335 344 348 349 354 355 367
5 324 329 332 338 364
11 325 330 331 337 339 349 351 353 361 362 367
3 327 342 359
6 336 342 352 356 366 368
12 326 328 339 340 343 344 355 359 360 363 364 367
2 330 333
3 337 353 366
10 333 338 340 343 347 354 356 357 366 367
14 326 328 332 333 334 338 344 347 348 354 355 359 362 365
16 326 328 329 330 331 334 336 337 338 339 348 356 357 359 363 367
6 339 342 352 355 360 365
17 326 329 331 332 334 336 337 338 340 345 348 353 356 357 362 363 367
5 329 334 340 341 345
14 324 328 331 333 335 336 346 347 348 349 353 357 359 367
9 326 343 344 350 355 357 360 364 365
10 327 328 333 340 343 344 347 348 357 368
5 329 330 341 357 359
13 327 329 330 342 343 349 352 353 357 360 363 364 367
9 329 330 334 335 339 340 349 361 368
8 342 343 347 350 351 360 361 364
23 326 327 328 329 330 332 334 335 337 338 339 343 345 350 353 354 356 357 360 364 365 366 367
10 325 328 333 335 346 348 352 355 356 360
5 324 335 354 355 365
16 324 327 331 332 333 336 342 343 344 345 346 347 350 354 355 363
7 334 335 340 358 360 364 367
8 327 329 334 349 361 363 364 365
6 331 332 345 350 361 363
27 324 328 331 332 334 335 336 337 338 339 341 342 345 347 348 351 352 353 355 356 357 358 359 360 362 365 368
8 324 338 347 349 357 358 360 362
15 324 325 329 330 333 336 337 338 347 351 355 358 361 363 367
13 326 332 335 337 339 341 347 350 352 354 360 361 366
6 327 333 343 347 350 361
5 328 336 355 359 360
9 327 329 333 340 346 349 350 354 361
9 326 331 334 340 344 345 346 360 362
8 333 338 340 343 354 358 359 366
7 325 327 333 340 346 349 363
16 327 328 334 335 336 338 341 343 348 350 352 354 357 360 366 367
2 330 354
4 333 336 347 349
4 339 341 348 365
6 327 329 336 349 361 365
8 325 333 342 346 348 355 356 367
8 326 333 336 350 353 357 365 366
6 327 335 339 342 352 365
6 324 326 330 344 347 366
14 324 329 335 338 347 348 349 353 356 357 360 362 365 367
14 330 331 332 335 337 342 348 350 351 353 358 361 366 368
11 338 340 343 347 354 356 357 359 362 366 367
11 326 330 337 338 339 348 352 357 362 363 367
3 339 348 349
10 328 331 332 347 348 349 351 353 359 367
10 326 331 336 344 350 351 353 355 360 365
5 329 335 338 347 365
5 340 345 355 360 365
16 326 330 335 336 338 341 342 344 345 347 348 351 356 357 359 360
7 331 333 342 351 356 357 362
3 328 333 336
6 325 330 339 344 345 357
8 327 332 335 345 350 361 363 364
6 337 338 353 355 360 366
5 327 336 343 364 365
14 325 336 339 345 346 348 350 353 355 357 358 360 362 365
8 329 336 337 341 342 346 355 368
9 325 328 333 335 340 346 348 356 360
11 326 327 334 346 347 348 349 350 353 367 368
20 327 328 329 330 334 335 338 339 341 343 345 348 350 352 355 356 364 365 366 367
6 329 340 341 342 356 358
9 324 331 333 335 348 349 357 359 365
10 324 331 332 345 346 348 350 357 359 363
8 327 333 340 354 361 363 364 366
7 330 334 339 344 351 353 360
13 324 328 332 333 335 336 348 349 351 353 355 365 367
6 340 345 349 353 355 360
11 328 333 334 336 343 348 352 355 358 362 367
6 328 338 352 354 358 361
2 330 354
9 326 327 330 337 352 354 359 367 368
7 336 339 340 341 355 359 364
7 327 338 352 363 365 366 368
4 329 340 341 358
20 324 326 330 331 334 335 337 339 341 343 344 348 351 352 353 357 358 359 365 368
15 325 326 330 331 335 337 339 347 348 349 350 351 361 362 367
6 327 331 334 340 344 346
6 328 332 337 345 348 352
10 327 329 330 334 335 341 347 349 361 363
16 327 329 334 337 338 341 342 343 345 346 354 355 364 365 366 367
5 351 354 357 362 368
5 324 332 346 354 364
2 330 333
10 325 326 340 351 352 353 361 362 365 366
15 324 325 331 333 340 342 344 346 347 349 351 361 362 363 368
15 326 328 331 332 334 338 348 350 354 355 358 359 361 362 365
4 328 332 345 356
7 329 341 344 345 352 358 360
5 337 338 353 354 359
4 328 338 345 356
6 328 331 342 350 359 368
8 328 333 336 344 348 357 359 368
7 333 338 343 348 357 358 359
19 326 328 329 330 331 332 334 337 338 340 345 348 352 353 356 357 359 363 367
9 330 331 341 342 348 353 358 361 366
5 329 346 354 364 367
17 324 325 326 330 331 338 339 340 341 345 350 351 353 357 364 366 368
8 331 333 342 343 345 356 362 363
12 325 326 334 340 351 352 353 361 362 365 366 367
8 336 339 340 341 344 355 359 365
9 324 332 346 348 350 357 359 361 363
14 325 329 331 332 334 337 338 340 343 346 347 348 349 356
8 327 329 330 346 347 349 350 353
8 324 336 341 359 361 363 367 368
12 325 328 333 335 339 342 346 348 352 355 360 367
4 328 333 336 359
6 336 339 348 349 360 362
9 325 326 328 333 340 343 347 348 357
16 326 327 333 337 342 343 344 346 349 350 351 353 354 355 363 368
4 341 342 350 368
8 324 342 344 346 347 358 363 368
7 335 339 342 352 355 360 365
12 328 331 332 333 335 347 348 351 353 355 357 365
7 325 339 340 346 352 356 360
7 330 339 344 345 346 351 357
10 324 331 332 337 346 348 350 357 359 363
8 327 334 341 352 356 358 361 368
5 325 335 339 344 346
21 328 329 330 332 333 334 336 337 341 343 345 346 350 353 354 356 358 359 360 362 364
20 324 327 333 337 338 339 340 344 346 347 348 349 353 354 355 357 358 364 366 368
25 324 327 330 333 334 335 337 338 340 341 342 349 351 352 353 354 356 358 360 361 362 363 365 367 368
24 324 327 332 333 334 335 337 339 340 341 344 345 346 347 348 351 352 354 355 358 360 362 363 364
13 326 329 330 333 336 344 345 348 353 354 361 362 365
14 327 331 335 337 340 341 344 345 352 354 360 361 363 364
20 324 325 326 329 333 335 337 338 340 342 346 349 350 351 357 359 360 363 364 366
27 325 326 327 330 331 333 334 335 337 340 341 342 345 347 348 349 353 354 355 356 358 360 362 364 365 367 368
22 326 328 329 335 336 338 339 340 343 346 347 348 350 352 353 354 355 357 358 361 363 366
14 327 331 335 337 349 350 351 355 357 358 361 363 365 367
22 325 329 331 332 335 338 339 344 345 347 350 352 353 356 358 359 361 362 363 365 366 368
25 325 326 330 331 335 336 337 338 339 340 342 344 350 352 353 355 357 359 361 363 364 365 366 367 368
17 325 326 328 332 333 340 342 343 345 350 351 352 354 362 363 365 367
22 324 325 327 330 331 332 334 337 339 341 344 345 347 352 353 356 357 358 359 363 364 367
22 325 327 328 330 333 334 339 343 344 350 351 352 353 355 356 357 358 359 360 362 364 367
16 324 331 332 336 337 340 342 345 346 348 349 353 354 357 358 368
25 324 326 328 330 331 332 333 334 335 336 338 342 345 347 349 350 351 352 355 356 357 359 361 364 367
25 324 325 326 327 330 336 337 340 341 345 346 349 350 351 354 355 356 357 358 360 362 363 365 366 367
27 324 325 326 331 332 333 334 335 336 337 338 342 344 345 346 347 348 351 352 353 354 355 358 359 363 364 366
27 326 328 330 331 332 333 334 335 337 340 342 343 344 346 348 352 353 355 356 358 359 360 361 362 364 365 368
15 324 328 331 334 335 338 340 341 345 356 358 359 366 367 368
24 325 327 329 330 331 333 334 335 339 342 343 346 350 351 352 353 355 356 358 362 364 365 367 368
16 326 327 332 338 347 350 352 353 358 359 361 362 363 365 367 368
14 324 329 332 333 335 339 342 346 347 353 356 361 363 367
24 324 326 329 330 331 332 334 335 336 337 342 344 345 346 347 349 353 354 356 357 358 365 367 368
31 324 325 326 327 329 330 333 334 336 337 338 339 340 341 342 343 345 347 349 350 351 352 354 355 356 361 362 364 365 367 368
27 324 326 327 329 330 333 336 337 338 339 341 342 343 344 347 348 353 356 357 358 359 361 362 364 365 366 367
20 325 330 333 334 336 342 344 350 352 353 354 355 356 357 360 362 363 366 367 368
27 324 325 326 327 329 331 334 335 341 342 343 344 345 346 348 349 351 352 353 355 356 358 361 362 363 365 367
20 329 331 332 333 336 338 339 340 343 344 345 346 349 351 354 356 361 363 364 368
21 327 328 329 330 332 339 341 342 343 344 345 346 347 350 352 355 357 358 361 366 367
30 324 325 326 328 329 330 331 332 333 334 337 339 342 346 347 348 349 350 352 353 354 355 356 357 360 361 363 364 365 368
19 327 331 332 335 336 339 340 341 343 344 348 351 352 356 359 360 364 367 368
17 327 329 330 332 333 335 345 347 350 351 353 354 356 357 358 363 367
22 325 327 330 332 333 334 335 336 337 339 349 350 354 355 356 357 360 362 363 364 366 367
14 329 331 332 334 339 352 353 357 360 361 362 364 366 368
25 326 327 330 331 332 333 334 335 337 338 339 341 342 344 346 348 351 353 357 358 359 364 366 367 368
31 325 326 327 328 329 330 332 333 334 335 337 338 341 342 343 344 346 348 349 351 352 353 356 358 360 362 363 364 365 367 368
18 324 326 328 330 333 335 336 339 340 345 347 351 354 357 358 362 365 368
20 327 328 330 331 332 335 336 340 341 342 346 348 349 358 359 360 361 363 367 368
15 324 328 329 335 338 348 350 352 353 356 357 360 363 364 367
18 326 328 329 330 332 333 336 337 340 344 345 347 352 354 356 359 362 368
22 325 327 328 330 334 335 337 340 341 343 346 348 349 350 353 356 358 360 361 363 366 367
30 324 325 327 329 332 334 335 336 338 339 340 341 345 346 347 349 351 352 355 356 357 358 359 360 362 363 364 365 367 368
25 326 327 328 329 330 331 332 336 338 339 342 343 344 345 349 350 351 354 361 362 364 365 366 367 368
30 324 325 327 331 332 333 334 336 337 338 339 340 341 342 343 345 346 348 349 350 352 354 358 360 362 363 364 365 366 368
14 333 334 336 337 338 339 342 346 356 357 358 359 361 362
20 325 326 327 329 330 333 335 336 338 339 344 347 348 350 354 356 359 360 364 368
18 324 326 327 328 333 336 337 338 340 344 346 347 351 353 354 357 361 367
26 324 327 328 329 330 331 333 335 336 338 344 345 347 348 350 353 354 355 356 357 358 362 363 364 366 368
14 327 328 331 333 335 340 343 346 349 354 360 362 365 366
20 325 326 331 332 333 334 335 347 351 353 354 356 358 359 360 362 363 364 366 368
28 326 327 328 329 331 333 334 335 336 337 339 340 341 344 346 348 350 351 354 355 357 358 359 360 362 363 364 368
24 325 326 327 328 330 332 335 337 338 339 340 342 344 347 349 350 352 355 357 362 363 366 367 368
28 324 325 326 327 328 329 330 331 332 333 334 335 338 339 341 342 343 346 348 354 355 356 358 359 360 362 365 367
31 324 325 326 327 329 332 336 337 338 340 341 343 344 345 348 349 350 351 353 355 356 357 358 359 360 361 362 363 364 365 368
20 324 325 328 333 334 336 341 343 345 346 347 349 351 354 359 362 363 365 367 368
26 324 326 332 333 335 338 340 341 342 343 345 346 349 350 351 352 353 354 355 359 361 362 363 365 367 368
16 324 325 326 327 332 334 336 339 340 343 345 350 351 352 356 365
25 324 326 327 328 330 331 332 337 339 340 342 343 345 348 351 353 354 355 359 360 362 363 364 365 366
30 324 325 326 328 329 331 332 334 336 337 340 341 342 343 344 346 348 349 353 354 355 356 357 358 359 361 362 365 367 368
21 325 329 330 332 335 336 340 341 342 345 346 347 348 350 351 356 357 360 361 366 368
17 325 326 332 334 335 336 337 346 347 350 351 352 357 360 361 367 368
28 324 326 327 328 330 334 336 339 340 341 343 344 346 347 352 353 354 355 356 358 361 362 363 364 365 366 367 368
16 324 325 326 336 338 339 340 343 346 352 356 358 359 361 363 367
19 329 332 333 334 335 342 343 348 350 351 353 354 355 357 358 360 364 366 368
17 332 336 337 338 340 341 344 349 352 353 354 355 360 362 363 364 368
29 326 327 329 330 331 332 334 335 336 339 340 341 342 343 344 348 350 353 354 355 356 357 358 359 360 363 365 366 367
21 325 328 330 331 336 338 339 340 341 342 344 348 349 351 352 353 358 359 360 362 366
25 325 326 331 333 334 336 338 340 343 344 345 346 347 348 350 354 355 356 357 358 359 360 362 365 367
23 324 325 326 329 331 333 337 339 340 342 343 352 353 354 357 358 359 361 362 363 365 367 368
22 324 325 331 332 333 334 335 336 337 338 339 341 342 345 348 350 351 354 362 365 367 368
28 324 325 327 329 330 331 332 335 336 339 340 343 344 346 347 348 351 352 354 356 357 358 360 362 363 366 367 368
18 324 325 327 328 330 333 334 344 345 346 348 349 355 356 359 363 365 366
14 326 327 331 333 334 336 346 347 348 349 350 352 362 366
31 324 325 326 329 332 333 334 335 336 337 339 342 343 344 345 349 350 352 353 354 355 356 358 361 362 363 364 365 366 367 368
21 324 327 330 331 334 335 336 337 339 341 342 346 349 350 354 356 359 361 362 363 368
18 325 326 330 331 333 334 339 340 343 345 347 348 352 354 356 358 360 362
17 326 327 329 330 333 335 346 350 351 352 353 355 357 358 365 367 368
25 326 328 330 333 334 335 336 337 338 339 341 342 345 346 348 349 352 353 357 359 361 362 365 367 368
27 326 329 330 331 332 333 338 339 340 345 346 347 348 349 350 351 352 353 355 356 359 360 361 362 364 365 367
30 324 325 326 327 328 329 331 332 333 337 338 340 341 342 343 344 345 346 348 349 350 351 352 353 354 357 358 362 365 366
17 329 334 335 336 340 342 346 350 351 352 354 356 357 360 362 366 367
25 324 325 326 329 331 332 335 336 337 339 343 344 346 350 351 356 357 358 359 360 363 365 366 367 368
31 324 325 326 327 331 332 333 334 335 336 337 339 341 342 346 347 348 349 350 351 352 353 354 357 358 360 361 362 364 365 367
28 326 327 328 329 330 331 332 333 334 336 338 340 341 342 344 346 349 350 352 355 358 359 360 362 363 364 365 367
20 324 325 326 328 334 339 341 342 343 346 347 348 349 352 355 358 365 366 367 368
27 325 328 329 330 332 333 334 335 337 338 342 343 345 350 351 353 354 356 358 359 361 363 364 365 366 367 368
23 324 325 331 333 334 336 337 338 339 342 345 346 348 349 350 352 357 358 359 360 362 364 365
19 325 327 328 329 330 332 335 336 337 339 342 345 354 355 356 357 362 366 368
25 325 329 330 332 334 337 338 340 341 343 344 348 349 350 351 353 355 358 359 361 362 363 364 367 368
19 332 333 337 341 342 343 344 345 346 347 348 350 352 358 361 362 365 367 368
27 324 325 329 330 332 333 334 335 337 338 340 343 344 345 346 347 348 350 351 354 355 357 358 359 360 365 368
16 328 330 333 338 340 341 344 345 352 355 357 358 359 363 367 368
21 325 327 328 330 334 336 337 338 339 342 343 350 354 356 357 359 360 363 365 366 367
24 326 327 328 329 334 338 340 341 342 344 345 350 351 352 354 355 357 359 360 361 362 363 367 368
20 326 329 333 335 337 339 340 343 344 346 353 354 355 356 358 360 361 362 364 367
25 324 326 327 328 330 331 332 334 335 339 340 342 347 348 351 353 354 355 356 357 358 359 360 364 368
18 326 332 333 338 339 340 341 342 343 344 352 358 359 360 361 362 365 368
19 325 327 330 331 333 334 335 339 340 341 342 344 348 351 358 359 361 362 368
21 324 326 327 330 331 332 333 335 339 342 347 348 350 352 354 356 360 364 365 366 368
31 324 325 326 327 328 329 331 332 333 334 335 336 338 339 340 341 345 346 348 351 352 353 354 356 357 361 362 363 364 366 368
22 326 329 330 332 333 334 335 337 338 340 343 346 350 352 354 355 357 360 362 363 365 367
26 325 326 328 329 330 332 335 337 339 341 344 346 347 348 349 351 352 353 357 358 359 360 363 365 366 367
18 324 326 327 334 336 339 342 343 344 346 347 352 354 358 365 366 367 368
27 324 325 326 327 328 329 333 334 335 337 338 342 344 346 349 350 351 352 353 357 358 360 364 365 366 367 368
28 324 325 326 327 328 329 330 331 332 334 336 338 339 340 341 342 343 344 346 347 349 352 353 355 356 359 366 367
16 324 325 327 336 337 338 342 349 350 353 355 357 360 361 367 368
25 324 325 326 328 329 330 332 334 335 336 337 340 341 344 347 348 349 350 353 355 359 362 365 366 367
14 326 329 330 332 334 337 338 341 343 344 348 350 351 361
14 327 328 330 331 336 340 341 349 351 353 356 357 358 367
22 324 329 330 331 332 333 338 341 343 344 347 348 350 351 355 356 358 359 362 363 364 365
28 325 326 327 328 330 331 333 334 335 336 337 338 339 340 341 343 344 345 349 351 352 355 356 363 364 365 366 368
14 329 333 334 335 346 349 350 352 354 355 362 364 365 368
16 324 325 326 328 331 332 337 338 341 345 346 350 354 355 356 359
30 324 326 327 328 330 331 332 334 336 338 340 341 342 343 344 347 348 350 351 354 355 358 359 360 361 363 364 365 366 368
18 324 325 329 330 334 336 337 338 345 346 351 353 356 357 358 362 364 368
24 324 327 328 329 331 333 336 337 340 341 342 343 347 348 349 350 358 359 361 362 363 364 366 367
18 331 334 336 337 339 340 341 344 345 350 352 353 356 357 358 361 363 366
20 326 327 332 333 334 338 341 343 346 347 348 351 355 356 359 360 363 364 367 368
15 328 330 332 333 335 337 339 344 349 354 355 359 360 363 364
30 325 326 327 328 329 332 333 334 335 336 342 343 344 345 347 348 349 350 352 353 354 355 357 358 359 360 361 364 365 368
15 325 328 332 335 336 337 344 347 348 349 356 357 358 365 368
13 328 331 338 340 344 345 348 349 357 364 366 367 368
16 324 331 335 336 339 340 343 344 347 353 357 358 359 363 364 366
26 324 325 328 330 332 333 334 335 336 337 339 340 341 346 347 349 351 356 357 358 359 362 363 364 365 368
16 324 325 335 336 339 340 343 344 349 351 352 353 357 360 364 366
19 327 328 329 331 332 333 340 344 346 347 348 349 351 355 358 359 360 362 363
27 325 327 328 329 331 332 337 339 340 341 344 346 347 348 349 353 355 356 357 359 361 362 363 364 366 367 368
13 325 329 333 340 346 349 352 354 360 361 363 367 368
25 324 325 326 328 330 331 332 333 335 337 341 345 348 350 352 354 355 356 357 358 359 360 362 363 365
20 330 331 333 335 343 344 345 349 351 352 354 355 356 358 361 362 363 365 366 368
23 324 325 327 329 331 333 334 335 338 339 340 341 343 348 351 352 353 356 358 359 362 363 367
30 324 325 326 327 328 336 337 338 339 340 342 343 344 346 347 349 350 351 352 354 355 357 358 359 360 362 363 365 366 368
15 326 327 330 340 341 346 347 348 350 353 354 355 358 359 364
19 324 325 330 332 334 336 338 346 350 355 356 357 361 363 364 365 366 367 368
31 325 326 327 328 329 330 331 332 333 336 337 338 339 340 342 343 345 346 350 352 355 357 358 360 361 363 364 365 366 367 368
22 326 327 330 331 333 334 336 339 340 342 343 344 346 347 348 351 355 356 360 362 364 367
15 325 326 328 330 334 340 343 345 350 355 358 360 363 364 367
29 325 326 327 328 329 332 333 334 335 336 337 338 340 341 342 343 344 345 349 352 353 354 356 359 362 363 366 367 368
23 324 325 326 327 330 334 335 337 338 342 343 344 346 347 349 350 351 352 353 354 357 361 367
28 324 326 329 331 332 333 334 336 338 341 342 343 344 348 350 351 352 353 356 357 358 359 361 363 364 365 366 367
28 324 325 327 328 329 330 331 333 335 336 337 339 340 342 343 345 346 348 350 352 353 354 358 362 365 366 367 368
15 329 333 336 338 343 344 347 348 350 352 354 355 360 362 365
17 325 330 331 332 336 337 341 342 343 348 349 353 354 355 360 361 365
29 324 326 328 329 332 333 336 338 340 341 343 345 346 347 348 350 351 353 354 355 357 358 359 361 362 363 365 366 367
22 324 325 326 327 330 332 337 339 340 343 346 347 353 354 355 356 357 360 361 362 363 364
29 324 325 327 329 330 331 332 333 335 336 337 338 341 342 344 345 347 349 352 353 354 355 356 357 359 361 363 364 368
27 324 325 327 328 330 333 334 336 338 339 340 341 344 345 346 348 349 350 352 354 356 357 361 364 365 367 368
23 324 326 331 332 333 334 335 337 339 340 342 343 344 347 348 350 353 357 358 362 364 365 368
14 324 325 329 332 333 334 339 341 352 353 356 360 362 368
30 325 326 327 328 329 330 331 332 333 336 337 338 339 340 341 343 347 348 349 350 351 354 355 356 359 362 363 365 367 368
27 324 325 327 330 332 333 334 335 336 338 339 340 341 343 344 346 347 348 349 354 355 356 357 359 363 364 368
16 327 328 329 335 336 341 345 351 353 358 359 361 362 364 366 367
17 324 328 330 334 335 337 338 341 342 346 347 349 350 359 360 364 367
13 324 325 326 330 331 340 352 354 357 358 360 366 368
22 324 326 329 330 338 339 341 342 343 344 345 346 349 350 354 355 358 359 362 363 365 368
22 325 327 332 333 334 335 336 338 339 343 348 349 351 355 356 360 361 362 364 366 367 368
25 324 326 327 328 329 330 334 335 336 339 343 344 345 348 350 351 352 357 359 360 361 363 365 367 368
15 324 327 332 333 336 338 341 342 346 347 353 354 360 365 368
18 324 328 330 333 341 342 343 344 347 349 350 352 355 360 361 362 363 365
17 326 328 331 332 334 337 340 341 343 345 347 349 352 356 360 363 366
23 328 329 331 332 336 337 340 341 343 344 347 348 350 351 354 355 356 357 360 362 365 367 368
22 324 329 330 333 335 337 340 342 343 344 346 348 351 353 354 355 357 359 361 363 367 368
18 324 326 327 332 333 335 337 338 342 343 349 356 358 360 361 364 366 367
22 327 328 329 330 332 333 337 338 341 344 345 347 349 351 353 356 359 360 363 364 367 368
27 324 325 326 327 328 331 333 334 335 336 337 339 341 343 345 347 349 351 352 354 355 358 359 362 365 367 368
28 324 325 326 328 331 332 333 334 335 338 342 343 344 347 348 349 351 352 354 356 357 359 361 362 363 365 366 367
23 324 325 326 329 333 334 336 341 346 349 350 353 354 357 358 359 360 361 362 363 364 365 367
17 328 334 335 336 338 339 340 345 347 348 356 357 358 359 361 364 365
28 324 326 327 329 331 332 333 334 335 337 340 343 345 346 347 349 350 351 352 353 357 358 360 362 363 364 366 368
20 325 326 327 328 329 331 344 346 347 348 350 352 353 354 356 357 361 362 363 366
24 325 327 328 329 330 335 336 337 339 341 342 344 346 348 349 356 358 359 360 361 362 363 365 367
18 324 330 335 337 339 342 345 347 348 355 356 361 362 364 365 366 367 368
27 325 328 331 332 333 334 335 337 340 342 345 346 348 349 350 353 354 355 356 357 358 359 360 361 363 364 368
18 328 334 336 340 341 344 346 347 348 352 355 359 361 362 363 365 366 368
22 325 326 328 330 331 332 333 334 335 341 348 351 355 356 358 361 362 363 364 365 366 368
19 325 327 328 331 337 338 341 343 344 347 348 349 351 355 356 359 363 364 368
23 325 326 327 328 329 332 333 335 338 339 341 342 343 347 348 350 351 352 355 358 363 366 368
30 324 325 327 328 329 330 331 332 336 337 338 339 342 344 346 347 348 351 352 353 355 357 358 359 360 361 365 366 367 368
27 325 326 327 328 331 336 337 338 340 341 342 343 344 345 346 347 349 352 354 355 357 358 359 363 364 366 368
18 324 326 327 328 329 335 338 339 340 342 345 346 349 350 357 362 363 365
23 327 329 330 331 333 337 338 340 342 345 346 347 348 351 353 355 357 362 363 364 365 366 367
25 326 327 328 329 332 333 334 335 337 339 340 341 342 344 345 346 347 349 352 354 355 360 362 363 365
23 326 330 331 332 333 334 335 336 338 339 343 345 346 348 352 353 358 360 361 362 363 367 368
23 326 327 329 331 333 334 336 338 339 341 343 346 349 351 352 353 356 357 358 362 364 365 366
29 324 325 328 330 331 332 337 339 340 341 342 345 346 347 348 350 351 352 353 355 356 357 359 360 361 362 363 365 366
27 325 328 330 332 333 334 335 336 337 341 343 344 345 347 348 350 354 356 359 361 362 363 364 365 366 367 368
19 327 328 329 330 332 335 336 340 344 348 350 352 353 355 356 358 362 363 365
20 327 329 331 333 336 337 338 344 345 346 350 351 353 355 356 357 358 363 364 368
15 324 325 327 332 333 334 338 339 345 347 352 355 356 367 368
18 324 326 330 334 336 337 338 340 345 346 348 353 354 355 357 359 364 368
23 324 326 327 328 333 334 336 337 338 345 346 347 350 352 353 354 356 361 363 365 366 367 368
29 324 328 329 331 332 336 338 340 341 342 344 346 348 349 350 352 353 354 356 358 359 360 361 362 364 365 366 367 368
27 327 330 332 333 334 336 337 338 340 341 345 346 347 348 349 350 351 352 353 354 355 358 359 362 364 366 367
26 325 328 329 331 332 334 335 339 342 343 344 345 347 348 349 351 352 353 354 355 356 361 362 363 364 367
23 325 327 329 334 335 336 338 339 340 341 343 344 347 349 350 351 352 353 357 360 362 365 366
22 325 329 331 332 333 334 335 336 341 342 344 346 347 348 350 356 357 360 361 362 364 367
15 325 326 330 333 336 338 340 343 344 345 347 360 363 364 368
29 324 325 326 328 329 331 332 336 337 340 342 343 344 345 348 349 351 353 355 356 357 358 359 361 362 363 364 366 367
21 325 330 331 332 335 338 339 341 348 350 352 353 354 356 357 358 362 364 365 366 368
27 324 327 329 330 332 333 335 337 339 341 344 345 347 348 349 350 353 354 355 356 358 359 360 364 365 366 367
23 324 329 330 333 334 339 340 341 343 344 345 348 350 352 353 354 356 357 359 361 363 366 368
14 326 330 331 333 334 337 344 345 350 358 360 363 366 367
15 333 337 339 340 344 346 347 350 353 355 359 361 363 364 367
24 324 327 330 332 333 334 336 337 338 343 345 347 350 354 356 357 358 359 362 364 365 366 367 368
15 325 326 331 342 347 349 352 353 354 356 358 359 361 364 368
29 324 325 326 327 328 329 330 331 332 333 334 335 336 337 341 342 345 346 349 352 354 355 356 357 358 361 362 365 366
24 324 326 327 329 332 335 336 337 338 339 340 343 345 346 348 350 351 352 356 358 360 362 363 367
21 329 330 334 335 336 338 339 341 342 343 345 347 352 354 355 357 359 361 363 365 367
14 324 325 328 330 336 339 340 341 342 349 351 354 355 367
20 325 327 328 333 336 337 340 341 342 343 344 351 352 353 356 357 358 364 365 368
20 328 329 331 334 335 338 340 342 343 348 349 351 352 354 355 356 357 358 365 368
19 329 330 332 336 337 338 340 342 343 344 346 349 351 353 355 356 358 360 367
14 332 334 338 339 343 349 351 352 354 355 356 358 361 368
19 326 330 331 332 336 338 339 345 348 349 350 351 356 358 359 364 365 366 367
17 329 330 336 338 344 345 346 348 355 358 359 360 361 362 364 365 368
23 329 332 334 335 336 339 340 343 345 346 347 348 349 351 352 353 355 356 358 359 361 364 366
31 324 325 326 327 329 330 332 334 335 336 337 338 339 340 344 345 346 348 350 351 353 355 357 358 360 361 362 363 364 365 366
15 324 327 328 329 330 331 337 342 347 351 353 354 358 363 366
19 324 325 327 328 331 332 333 334 339 342 346 347 349 350 353 357 360 363 365
20 325 329 330 331 332 337 338 339 340 343 344 346 348 354 355 357 358 359 360 365
7 371 377 381 382 383 394 395
16 370 371 373 376 377 379 381 383 384 385 387 391 392 393 394 395
7 370 373 376 385 387 390 392
3 373 376 380
3 376 387 388
9 372 378 381 384 386 389 390 393 394
13 371 373 377 379 382 383 384 388 389 392 393 394 396
7 375 378 380 384 385 386 391
10 371 373 375 378 379 380 382 389 391 395
5 373 375 377 390 393
7 371 381 382 384 385 386 394
14 369 372 373 374 378 379 385 389 390 391 392 393 395 396
18 369 370 372 374 376 377 381 383 384 385 386 387 388 390 392 393 394 396
1 386
6 372 379 380 386 389 391
21 369 370 371 372 373 374 376 377 379 381 382 383 387 388 389 390 392 393 394 395 396
8 369 372 375 376 390 391 394 395
5 369 371 379 387 394
10 369 373 374 376 380 381 385 386 389 392
8 369 370 371 372 375 379 385 392
8 370 374 375 382 387 389 390 395
7 371 382 384 385 387 389 391
14 372 375 376 378 380 381 382 383 388 389 392 393 394 395
8 369 374 375 378 384 388 393 396
9 375 376 377 379 381 389 392 393 395
8 369 372 374 387 390 393 395 396
15 369 370 371 372 373 376 380 381 382 384 386 391 394 395 396
14 370 371 375 376 377 380 381 382 383 384 386 387 388 394
9 373 374 375 379 381 382 385 386 387
15 371 374 376 377 380 382 383 384 385 386 388 389 391 392 394
6 386 387 390 391 392 396
18 369 370 372 374 375 376 377 379 381 382 383 384 385 386 387 389 392 393
9 371 374 375 378 383 385 388 392 395
16 369 370 371 376 378 380 384 388 389 390 391 392 393 394 395 396
7 376 378 379 382 383 385 394
12 369 372 374 375 378 380 382 386 388 389 390 396
13 369 370 372 374 378 379 380 383 389 391 392 395 396
11 370 374 379 380 382 385 386 389 390 392 393
8 377 379 384 386 387 389 391 396
7 370 374 375 376 383 391 392
7 370 373 375 377 381 386 392
13 374 375 377 378 379 383 385 387 388 389 390 392 393
11 370 372 376 378 380 383 384 388 389 391 392
6 369 373 386 391 393 395
3 372 377 383
18 370 371 372 375 377 378 379 382 383 384 387 388 390 391 393 394 395 396
19 369 370 371 372 373 374 378 380 382 383 384 385 386 387 388 390 391 394 396
14 371 374 379 380 381 382 383 384 385 388 389 392 394 396
6 380 381 387 388 390 396
6 371 380 384 388 389 391
9 369 371 373 377 379 387 388 395 396
7 370 375 376 377 378 387 390
10 374 376 377 378 383 386 389 391 393 395
4 369 370 380 394
3 380 382 385
13 369 370 372 373 375 378 379 381 387 390 393 395 396
20 369 370 372 373 374 375 376 377 378 379 380 381 383 388 390 392 393 394 395 396
5 375 377 381 386 396
1 372
17 369 371 372 373 375 376 377 378 381 383 384 387 388 391 394 395 396
14 369 370 371 373 374 377 379 384 385 386 387 390 391 396
9 378 379 381 383 384 385 392 393 396
20 370 371 373 374 377 378 379 380 381 382 383 384 385 386 387 388 389 392 393 396
7 372 373 376 381 382 390 393
22 369 370 371 372 373 374 375 376 377 378 379 380 381 382 383 384 385 388 389 393 394 395
10 371 373 378 380 388 390 391 394 395 396
8 369 371 372 377 386 388 391 394
4 373 382 384 394
15 369 370 372 374 375 376 378 380 381 385 386 387 390 391 395
7 373 374 382 385 390 393 395
5 369 372 387 393 396
4 370 377 387 390
13 369 370 371 372 374 377 381 383 388 389 390 394 395
2 387 394
5 372 379 380 389 391
6 370 375 382 387 389 395
5 378 379 392 393 396
8 371 373 380 390 391 394 395 396
6 377 382 383 384 389 394
6 371 377 379 387 395 396
12 369 370 371 372 373 380 381 384 386 391 395 396
9 369 372 378 380 382 388 389 390 396
1 380
6 370 373 375 377 381 386
3 371 381 394
8 371 375 378 379 380 382 389 391
4 374 385 393 395
12 371 377 379 382 383 384 387 388 390 391 394 396
5 382 384 385 389 391
3 377 381 386
10 370 371 379 382 383 388 390 393 394 396
4 380 384 385 386
8 372 378 381 384 386 389 393 394
4 374 375 383 395
4 386 387 390 391
10 369 372 373 374 385 390 391 393 395 396
5 381 386 390 393 394
3 379 380 391
3 377 382 395
5 372 374 393 395 396
5 369 375 388 393 396
5 376 378 382 383 394
8 372 374 380 381 386 387 390 391
10 374 375 377 385 387 388 389 390 392 393
5 369 384 388 393 396
8 369 370 371 377 384 387 391 396
7 376 377 379 381 389 392 395
5 374 382 389 390 395
1 376
8 370 371 377 380 382 383 388 394
7 370 374 378 383 389 392 395
5 381 384 385 393 396
6 374 375 378 388 392 395
5 371 380 384 388 391
10 372 374 375 378 380 382 386 388 390 396
14 372 373 375 376 377 378 381 383 384 387 391 394 395 396
6 371 374 375 383 392 395
13 369 371 372 373 375 376 377 383 384 387 388 391 394
17 370 372 373 375 376 377 378 379 380 381 383 390 392 393 394 395 396
11 369 372 373 374 378 379 389 390 392 395 396
9 369 372 374 380 382 386 388 390 396
4 369 373 391 393
13 369 370 371 372 373 376 380 381 382 391 394 395 396
12 371 374 379 380 381 382 383 384 388 392 394 396
7 370 372 378 380 383 388 389
5 371 381 383 394 395
11 370 372 374 376 377 381 383 388 390 393 394
10 369 370 372 374 379 381 383 385 392 393
6 370 376 377 378 387 390
5 369 374 375 378 384
5 369 372 390 395 396
12 369 374 375 378 380 381 385 386 387 390 391 395
11 369 372 381 384 385 387 388 392 393 394 396
3 371 379 394
7 372 374 380 382 388 389 390
5 377 383 386 389 393
5 372 375 390 394 395
4 369 372 388 391
5 373 374 376 386 392
8 373 378 380 388 390 394 395 396
3 371 379 387
10 371 373 377 379 382 383 389 392 394 396
11 370 372 373 374 382 384 385 388 390 394 396
6 369 370 371 379 385 392
7 372 381 386 389 390 393 394
6 378 379 381 384 392 393
3 375 377 381
16 369 370 371 372 373 374 378 382 383 384 385 387 390 391 394 396
3 370 380 394
2 372 377
3 381 386 396
4 371 380 388 391
5 370 373 377 381 386
5 372 378 384 389 394
3 371 379 394
4 369 370 385 392
9 369 372 374 375 378 380 388 389 396
12 369 372 374 377 381 384 385 387 388 392 393 396
10 369 370 377 383 384 385 387 390 392 394
1 377
8 370 372 376 378 383 388 391 392
5 372 377 386 388 394
6 369 371 377 386 391 394
6 372 373 381 382 390 393
9 370 374 380 382 385 386 389 392 393
7 373 374 384 387 390 391 396
12 371 374 376 380 383 384 385 386 388 389 391 392
9 372 374 375 378 380 386 388 389 390
6 379 381 383 384 392 393
2 370 380
3 375 381 386
3 375 386 396
4 376 381 382 390
10 370 372 373 375 378 381 387 390 393 395
5 370 375 376 383 391
9 370 372 376 378 380 384 388 391 392
4 382 385 390 393
9 372 374 375 378 380 382 386 389 390
13 369 370 371 373 374 376 379 387 389 393 394 395 396
6 377 379 384 387 391 396
4 375 390 391 395
5 376 377 389 393 395
4 369 373 386 391
5 374 375 376 383 391
5 373 376 385 390 392
6 370 374 387 389 390 395
4 372 375 385 392
6 374 375 382 387 389 390
4 380 381 390 396
11 370 371 377 381 382 383 385 388 392 393 396
4 374 375 378 396
9 369 371 373 380 382 387 390 394 396
7 378 379 383 385 392 393 396
8 369 373 374 385 389 390 391 392
9 371 379 382 384 385 389 392 394 396
5 369 374 390 395 396
7 370 376 378 383 384 389 391
4 380 381 388 396
4 371 384 388 391
4 375 378 384 393
4 379 386 389 391
7 370 372 380 383 384 389 392
15 369 372 374 375 376 377 379 381 384 385 386 387 389 392 393
5 371 373 375 379 395
15 370 373 374 378 379 380 381 382 383 384 386 387 392 393 396
6 371 373 375 378 389 391
14 369 370 372 375 376 377 379 382 383 384 386 387 389 393
8 369 373 374 376 381 386 389 392
7 374 375 381 382 385 386 387
4 375 377 390 393
3 377 386 396
12 369 372 373 374 378 385 389 391 392 393 395 396
7 369 372 374 382 388 389 390
3 370 374 376
11 371 376 377 380 381 382 383 384 386 387 388
8 369 375 378 380 386 390 391 395
7 373 375 379 382 385 386 387
7 379 380 382 383 385 388 394
11 370 373 376 380 381 382 384 386 391 394 396
13 369 371 372 373 377 381 382 383 387 390 393 395 396
2 375 386
7 371 372 377 386 388 391 394
4 378 379 381 384
1 376
12 369 370 374 376 384 385 387 388 390 393 394 396
6 379 384 386 389 391 396
2 372 377
16 369 370 372 374 375 377 379 381 382 384 385 386 387 389 392 393
5 372 376 390 394 395
1 382
3 371 379 394
9 374 379 380 382 385 386 390 392 393
4 373 375 385 386
11 372 374 375 376 378 380 381 385 387 390 391
9 369 376 380 384 389 391 392 393 394
1 380
5 377 384 387 389 396
8 374 376 378 386 389 391 393 395
4 373 376 385 390
11 370 371 372 378 380 382 386 387 390 394 396
4 371 372 379 385
2 380 385
12 370 371 372 378 380 382 384 385 388 390 391 396
11 371 372 373 375 376 381 387 388 391 394 395
6 379 382 384 388 394 396
3 371 380 389
15 369 374 376 377 381 383 384 385 386 387 388 390 392 393 396
10 369 372 374 375 378 380 381 390 391 395
8 370 372 374 378 381 385 390 395
6 371 373 380 390 395 396
4 369 372 376 391
7 378 379 383 384 392 393 396
1 388
2 376 387
8 370 379 380 382 385 389 390 393
18 369 370 371 372 374 375 376 377 378 379 380 381 382 384 385 388 389 395
7 369 371 373 377 388 395 396
3 370 391 392
10 369 371 372 373 376 381 386 394 395 396
3 369 373 386
10 370 378 379 382 383 384 387 388 391 393
8 374 379 380 382 386 389 390 392
3 372 389 391
5 374 387 390 395 396
11 369 370 371 372 376 381 382 386 391 395 396
4 370 374 376 391
3 375 378 380
5 378 381 384 392 393
4 380 381 388 390
15 370 371 374 377 379 380 381 383 385 386 387 389 392 393 396
10 369 372 374 381 382 385 386 387 392 393
6 369 370 371 372 375 385
15 369 371 372 373 374 375 377 378 379 380 381 384 389 393 394
7 374 375 378 380 382 386 389
2 370 394
7 371 373 378 388 391 395 396
5 375 378 380 384 385
6 378 379 381 384 385 392
5 378 379 383 385 394
4 380 381 390 396
8 374 376 377 378 383 389 391 393
3 370 380 394
6 373 374 382 385 393 395
6 369 371 372 375 379 385
5 370 375 377 381 392
3 374 375 392
3 384 385 386
8 372 375 378 380 388 389 390 396
6 369 371 372 377 388 391
10 370 372 373 378 382 383 385 386 387 388
9 370 375 376 377 383 384 387 389 392
4 375 379 381 387
2 377 393
4 375 376 383 391
4 371 384 389 391
12 371 372 373 374 378 379 382 383 384 385 389 395
8 371 373 376 379 381 383 384 394
5 375 378 384 385 391
6 369 375 376 391 394 395
5 369 373 386 393 395
5 374 383 391 393 395
8 372 376 380 382 388 389 393 395
5 373 378 380 390 391
5 373 374 382 386 387
5 371 375 378 392 395
11 369 370 372 374 378 383 389 391 392 395 396
15 369 370 372 374 376 377 381 383 385 386 388 390 392 393 396
4 369 372 376 395
10 370 371 375 377 379 382 387 388 394 396
4 387 391 392 396
6 370 373 376 385 387 392
3 371 379 394
3 379 389 391
3 373 390 393
4 370 377 386 392
8 370 371 373 379 384 385 390 391
2 373 380
5 371 381 384 385 394
14 369 370 374 375 376 377 379 381 382 384 385 389 392 393
3 369 373 395
7 379 380 382 386 390 392 393
13 369 373 375 376 377 378 381 384 387 388 391 394 396
8 369 372 374 378 380 386 388 396
3 384 388 391
4 387 390 391 392
3 372 379 391
9 370 372 373 381 382 384 386 395 396
4 376 378 382 383
2 370 394
6 371 375 379 380 389 391
2 372 383
5 369 380 381 389 392
2 380 382
5 372 379 380 386 391
5 375 376 390 394 395
12 369 372 374 375 376 377 379 380 381 392 395 396
14 369 370 374 377 379 381 382 383 384 385 386 389 392 393
10 369 372 375 378 380 382 386 389 390 396
8 379 381 383 384 385 392 393 396
9 369 370 372 374 376 377 384 388 392
9 372 375 378 382 386 388 389 390 396
2 380 382
4 370 375 381 386
5 370 375 383 391 392
6 369 372 375 376 390 391
7 369 373 377 379 387 388 396
16 369 370 371 373 374 378 380 382 383 384 385 386 387 390 394 396
3 370 373 392
8 370 376 378 384 388 390 393 395
2 370 380
6 369 374 375 378 382 389
8 375 376 380 381 388 389 393 395
4 370 373 390 392
10 369 371 373 374 377 379 384 387 390 396
7 372 376 378 384 388 389 391
8 372 376 380 383 384 388 389 392
3 373 381 390
4 369 390 391 395
6 370 371 372 379 385 392
6 372 378 381 384 393 394
5 381 386 389 390 394
4 369 372 387 393
3 371 382 384
4 373 391 393 395
5 371 373 380 388 390
6 374 387 390 393 395 396
8 374 377 379 383 387 388 390 392
1 388
4 371 382 386 394
5 370 373 375 381 392
6 373 376 381 382 390 393
12 369 370 371 372 374 378 382 386 387 390 391 396
5 375 377 379 381 393
4 381 384 386 393
14 370 371 373 376 377 379 383 384 385 387 391 392 393 395
11 370 371 375 376 377 381 382 384 386 387 394
3 373 382 384
8 371 377 383 384 388 389 393 394
8 371 379 381 383 385 392 394 396
16 371 372 373 375 376 377 378 379 380 382 383 390 392 393 395 396
17 370 371 372 373 374 377 378 380 381 384 385 386 389 390 391 392 395
18 370 371 372 376 377 378 379 380 381 382 384 387 389 390 392 393 394 395
16 369 370 371 373 374 375 377 383 386 387 389 390 391 392 394 395
16 369 370 371 372 373 375 376 380 381 387 388 390 393 394 395 396
9 369 371 373 377 378 380 386 388 391
14 369 372 374 375 379 384 386 387 388 390 391 393 394 395
9 370 371 381 384 387 388 389 392 395
13 371 373 377 378 379 381 383 388 389 390 391 394 396
12 369 370 371 373 375 378 383 385 386 391 392 396
11 374 375 376 377 379 380 381 384 388 393 396
19 370 371 373 374 377 378 379 380 381 382 383 384 385 386 388 389 390 392 395
18 369 371 372 373 374 377 378 379 380 381 385 386 387 390 391 392 395 396
16 369 370 372 374 376 378 380 381 382 386 387 388 389 392 394 395
15 369 370 371 372 374 375 376 378 387 388 389 390 392 394 395
9 372 373 377 380 383 388 392 393 395
12 369 371 377 378 380 382 385 386 388 390 393 395
12 369 370 371 373 375 378 381 382 386 388 393 394
10 372 373 378 380 382 385 388 392 394 395
9 371 374 376 377 385 389 390 391 393
13 369 375 379 380 382 386 388 389 391 392 393 395 396
15 369 373 375 376 379 380 382 383 386 388 390 392 393 394 396
8 372 377 379 385 387 388 393 396
9 371 374 379 382 385 388 389 390 392
16 369 371 372 373 376 377 378 381 383 384 386 388 389 394 395 396
16 369 371 373 375 376 377 378 383 384 385 387 388 390 391 394 396
13 369 370 371 372 373 376 378 380 381 383 393 394 396
18 371 373 374 376 377 378 381 382 383 384 385 386 387 389 390 392 395 396
10 369 370 372 374 376 380 381 384 386 390
14 369 375 376 377 378 380 383 384 385 386 389 391 392 394
9 370 374 378 380 385 389 392 395 396
15 369 370 371 373 374 375 376 379 382 384 385 389 393 395 396
18 371 372 373 374 376 377 378 379 382 386 387 388 389 391 393 394 395 396
18 370 372 373 374 375 376 378 379 380 382 383 384 385 387 391 392 395 396
10 370 373 376 377 379 383 387 389 393 394
10 369 371 372 374 380 381 387 388 391 395
10 373 374 376 381 384 385 390 393 395 396
18 369 371 373 374 375 376 378 380 381 382 384 386 389 390 391 392 394 396
8 371 376 382 383 387 389 391 393
12 371 375 376 377 378 379 381 382 384 388 389 395
13 373 374 378 381 382 384 385 389 390 391 393 395 396
14 370 371 372 373 375 379 381 383 384 389 390 391 392 396
18 369 371 372 374 375 377 378 379 383 384 385 387 388 389 390 392 394 396
16 369 371 372 373 376 377 380 381 382 383 386 388 390 391 392 394
19 370 371 373 374 375 376 377 379 380 381 382 383 384 387 388 389 392 394 396
13 369 371 373 374 375 377 378 379 380 382 391 392 394
17 369 371 373 374 376 377 378 379 380 381 382 383 387 389 391 393 394
18 370 371 372 373 374 375 377 378 379 380 382 383 384 387 388 389 391 392
10 370 375 377 379 380 384 388 394 395 396
15 369 373 374 375 376 378 379 381 385 386 388 389 394 395 396
15 370 371 372 374 375 376 379 380 382 384 386 387 391 393 396
11 369 372 373 375 381 388 390 391 392 395 396
14 369 371 373 374 376 377 379 380 382 383 389 390 391 396
13 369 370 372 373 374 375 378 386 387 388 393 395 396
14 370 373 374 375 376 377 386 387 388 390 391 393 394 396
8 369 376 384 385 387 389 392 396
9 371 373 377 382 385 390 392 393 395
16 369 370 375 376 378 379 380 382 384 386 387 388 389 390 391 392
17 369 370 372 373 375 377 379 382 384 386 387 388 389 390 393 395 396
10 369 374 378 381 383 386 388 389 391 394
8 375 377 379 382 390 393 394 395
19 369 370 371 372 374 377 378 379 381 382 383 384 387 389 390 393 394 395 396
12 370 372 374 375 377 378 385 386 387 388 393 396
15 369 373 374 375 376 377 379 380 381 387 389 391 393 394 395
14 370 371 372 373 376 378 379 383 385 387 390 392 394 395
13 371 373 375 379 380 381 383 388 389 390 391 393 395
16 369 374 376 377 379 380 382 383 384 385 386 388 389 391 392 396
19 369 370 373 375 377 378 379 381 382 384 386 387 389 390 392 393 394 395 396
12 372 378 379 383 385 386 387 388 389 392 393 395
15 370 371 372 374 375 380 383 384 385 386 389 393 394 395 396
15 372 373 374 375 376 380 381 382 383 384 386 389 391 392 396
11 372 374 376 378 380 383 387 388 389 391 396
16 370 371 374 379 381 383 384 385 386 387 388 390 392 393 395 396
18 369 371 372 373 377 378 379 381 382 384 387 388 389 390 391 392 394 396
15 369 370 372 373 374 376 377 382 386 387 389 390 393 394 396
12 372 373 375 377 384 386 387 388 391 392 393 395
11 373 374 375 377 378 379 381 390 392 393 394
19 370 371 372 373 374 375 377 379 380 383 384 385 386 387 388 390 393 395 396
15 369 372 373 375 376 378 381 382 384 385 386 391 394 395 396
13 369 371 372 375 377 379 382 386 387 388 389 390 393
15 369 370 372 373 375 376 377 380 382 383 384 385 389 390 396
18 371 374 376 377 378 379 380 381 382 384 386 388 389 392 393 394 395 396
15 370 371 373 374 379 380 381 382 383 384 386 388 392 394 395
9 371 373 376 382 384 385 386 387 392
12 369 373 377 380 382 387 389 390 391 392 394 396
11 369 371 372 373 376 377 381 383 385 390 392
9 369 372 374 383 384 386 387 393 396
16 369 374 375 376 378 379 380 383 384 385 386 387 389 390 393 396
18 370 371 372 373 374 375 376 377 378 379 381 383 387 389 391 394 395 396
10 369 371 373 378 383 385 387 392 393 396
14 371 375 377 379 380 381 384 387 388 389 390 391 392 394
19 370 371 372 373 375 377 378 379 380 382 383 385 386 388 391 392 393 394 396
11 369 370 373 377 380 381 384 386 388 392 395
13 374 375 378 379 382 383 384 387 390 391 393 394 396
15 369 371 372 375 376 379 381 382 383 384 388 390 393 395 396
15 370 371 372 373 375 376 377 378 382 386 391 392 393 394 396
10 369 370 373 377 379 381 384 391 393 396
13 370 376 380 382 384 385 386 388 389 392 393 395 396
16 369 370 371 372 373 374 377 378 380 382 387 388 389 390 393 394
12 369 370 371 372 379 381 383 385 387 389 392 395
18 369 370 372 373 374 375 378 380 381 382 383 384 385 387 389 393 395 396
13 370 372 373 374 378 379 383 386 387 389 390 394 396
8 375 380 382 384 385 386 393 394
12 373 375 379 380 385 386 387 388 389 391 392 393
19 369 370 371 372 373 375 378 380 381 383 384 386 387 388 390 392 394 395 396
19 369 370 372 373 374 375 378 382 383 384 386 387 388 389 390 391 393 394 395
11 370 372 374 377 378 379 381 382 383 384 394
12 369 370 371 373 376 377 378 379 381 386 391 393
18 369 370 373 374 377 378 379 380 381 384 385 386 387 388 389 391 394 396
15 369 370 372 376 377 379 381 383 385 386 388 390 392 393 396
8 369 370 375 378 382 385 392 395
15 369 370 371 375 376 380 381 383 384 387 388 389 390 391 393
9 369 373 374 375 379 380 386 390 393
12 375 376 379 380 381 382 384 385 387 389 390 394
18 371 373 375 376 377 379 380 381 382 383 384 385 389 391 392 394 395 396
9 369 370 372 379 381 387 388 390 394
9 381 383 386 389 391 392 393 394 395
11 371 375 379 381 385 387 388 391 393 394 396
18 371 372 373 374 376 377 379 380 382 383 384 386 387 388 390 391 394 395
11 370 372 373 378 379 381 386 387 388 393 395
11 369 371 373 375 376 377 381 389 393 394 395
10 369 370 372 373 378 381 382 383 390 396
9 372 373 375 378 379 384 387 393 396
16 369 371 375 376 377 378 379 381 382 383 384 387 389 392 393 394
10 370 373 377 379 380 381 385 387 389 396
17 369 371 373 374 376 377 378 379 380 381 383 385 387 389 390 394 395
14 369 370 377 379 381 383 384 385 387 388 389 390 392 395
12 369 372 374 377 380 381 382 385 387 388 394 395
12 369 370 372 375 382 383 388 389 390 392 394 396
8 369 378 379 382 383 386 388 394
15 369 370 374 376 377 378 380 381 382 387 389 390 391 392 394
10 370 371 375 376 377 381 383 392 394 395
12 371 374 376 377 378 379 386 387 388 389 392 396
12 370 374 377 379 380 381 382 383 388 392 393 395
16 369 370 371 374 378 379 382 383 384 387 388 389 393 394 395 396
16 369 372 373 374 375 376 379 381 383 387 389 392 393 394 395 396
12 369 370 372 374 375 377 381 383 385 390 393 394
14 370 372 374 375 376 379 382 384 387 389 391 392 393 395
16 369 370 371 372 375 376 377 382 383 385 387 390 392 394 395 396
19 369 370 373 374 375 376 377 378 379 380 381 382 387 388 390 391 393 394 396
13 369 370 373 374 379 382 383 384 385 386 387 394 395
18 371 372 373 375 377 378 379 382 383 385 386 389 390 391 393 394 395 396
12 369 374 377 379 384 385 387 389 390 391 394 395
10 369 370 374 375 380 381 383 391 392 395
9 370 375 378 381 382 388 391 395 396
17 369 370 372 375 376 378 379 380 381 382 386 387 388 390 392 395 396
8 373 376 378 391 393 394 395 396
15 370 372 376 377 378 379 384 385 388 389 390 392 393 394 395
8 372 373 375 380 383 389 394 395
8 371 372 373 376 377 379 383 388
17 369 371 373 374 377 380 382 383 384 385 386 387 389 391 392 394 395
16 372 375 376 378 380 382 383 385 386 387 388 390 391 393 395 396
14 369 370 375 376 379 380 382 386 387 388 391 392 394 396
14 369 370 372 374 375 377 380 381 382 386 388 391 395 396
15 370 373 375 376 377 378 379 380 382 385 387 389 390 392 394
13 371 373 375 376 377 381 382 384 387 388 390 393 396
15 371 372 373 375 376 378 379 382 384 387 388 389 390 392 393
14 372 374 378 380 381 382 383 385 386 387 388 391 395 396
10 369 370 373 376 379 386 389 390 393 395
16 370 371 373 374 375 377 378 380 382 385 386 388 390 391 392 394
15 369 374 376 378 383 384 385 387 390 391 392 393 394 395 396
13 369 370 371 374 375 376 380 388 392 393 394 395 396
17 370 371 373 374 378 379 380 383 385 386 388 389 390 391 393 394 395
9 372 373 375 376 381 386 388 389 392
17 369 370 371 372 376 378 379 380 382 383 386 388 390 391 393 394 396
14 370 371 372 375 376 380 381 382 383 386 388 390 392 395
9 371 376 384 385 386 388 389 392 396
10 372 373 377 378 380 385 386 391 392 394
18 369 372 374 375 376 378 379 380 383 384 385 386 388 389 392 393 394 396
8 371 378 381 382 383 392 394 396
11 369 371 372 373 376 377 380 382 388 392 396
8 370 373 374 376 380 384 387 392
11 369 371 373 377 378 380 383 386 388 391 393
11 369 371 374 381 382 384 386 388 390 392 394
18 371 373 375 376 378 379 380 381 382 383 385 387 388 389 392 393 395 396
13 370 371 373 374 376 377 379 382 385 390 392 393 396
16 370 372 374 375 376 377 378 380 381 384 385 388 389 390 394 395
16 370 372 373 374 375 378 379 381 382 385 386 388 391 392 394 396
19 369 370 372 374 375 378 379 380 381 382 383 385 386 388 389 390 392 393 395
11 371 378 379 380 381 383 385 389 391 392 394
17 369 370 372 373 375 376 377 378 379 380 383 384 387 388 389 394 395
16 370 373 376 377 381 382 383 384 385 386 390 391 392 394 395 396
19 369 370 371 372 377 378 380 381 382 383 385 388 389 390 391 392 393 395 396
14 372 374 375 376 379 384 385 387 388 390 391 392 394 395
18 369 371 372 374 375 378 379 380 382 384 387 388 390 391 392 394 395 396
9 369 372 377 379 388 391 392 393 394
15 370 371 372 374 375 377 379 381 383 385 386 387 391 392 394
10 369 374 378 381 386 387 389 391 392 395
9 369 370 371 374 382 385 388 389 394
14 370 371 372 375 377 378 379 381 383 384 385 386 387 393
11 371 374 376 378 379 387 388 389 392 395 396
17 369 370 371 372 373 375 379 380 381 382 384 386 388 389 390 391 392
15 371 372 373 374 375 376 377 379 382 385 388 393 394 395 396
16 369 370 371 373 374 375 377 380 382 387 389 390 391 394 395 396
10 374 376 382 383 385 386 390 392 394 395
10 370 374 376 380 383 385 389 390 391 393
8 375 377 378 387 393 394 395 396
16 371 372 373 374 375 378 379 381 382 388 389 390 391 392 393 395
9 370 375 377 383 388 390 393 394 395
13 369 370 371 373 374 375 376 381 382 383 384 386 391
10 370 372 373 377 378 381 383 386 393 396
15 369 370 372 373 376 378 383 384 385 387 390 392 393 394 396
17 369 370 371 373 374 375 376 380 382 384 386 388 389 390 391 392 395
16 369 373 374 375 377 379 381 382 383 385 387 389 390 391 394 396
11 369 371 373 374 382 383 386 389 391 392 393
16 370 372 374 375 376 378 379 380 383 388 389 390 391 392 394 395
19 369 370 371 373 374 377 378 380 381 382 384 385 386 387 389 390 391 392 395
12 372 380 382 384 385 388 389 390 391 392 394 396
15 369 371 372 376 377 378 382 384 385 388 389 391 393 395 396
9 372 374 375 376 378 383 388 390 392
17 369 370 373 374 375 377 380 383 384 385 386 389 392 393 394 395 396
9 371 376 377 385 386 389 390 392 393
13 369 371 372 373 374 376 378 379 380 382 390 392 394
16 370 373 376 377 378 381 383 385 386 387 388 390 392 394 395 396
14 371 372 374 377 378 380 381 383 385 389 391 393 394 395
15 371 373 374 375 376 379 381 384 385 387 390 391 392 393 395
17 369 371 372 374 376 377 378 379 380 382 383 384 385 386 388 389 393
10 376 377 379 380 383 387 388 389 395 396
14 371 372 374 378 379 381 382 383 386 387 388 390 392 396
8 369 372 377 378 382 383 385 393
18 369 371 372 374 375 376 377 380 383 384 386 388 389 390 391 393 394 396
16 373 374 375 376 379 380 382 383 385 386 390 391 392 393 395 396
16 369 371 372 373 376 377 379 382 383 385 386 390 392 393 395 396
17 370 372 373 374 376 382 383 384 385 386 387 391 392 393 394 395 396
11 370 373 375 379 381 385 386 390 391 395 396
16 371 373 374 375 377 378 381 384 385 387 388 389 390 391 394 396
10 370 372 376 379 384 385 386 387 391 392
14 369 371 376 379 383 384 385 386 388 390 392 393 394 395
15 372 373 374 375 376 382 383 385 387 388 389 390 392 393 396
9 370 378 381 382 384 385 392 393 395
10 371 372 375 382 383 384 385 392 394 396
11 370 371 377 378 380 384 387 388 389 391 392
15 369 370 372 375 376 377 378 382 384 385 389 390 391 392 396
13 370 372 373 378 379 380 381 383 384 388 390 392 393
8 374 376 378 382 384 392 393 395
14 369 371 372 374 375 377 379 384 387 390 391 393 394 396
15 373 374 377 378 379 381 382 384 385 387 389 391 393 395 396
10 372 375 379 381 383 385 387 388 390 393
12 370 371 373 380 381 383 385 388 389 391 392 395
16 369 371 372 373 375 376 377 379 380 381 386 388 391 393 394 396
19 369 370 372 374 375 378 379 382 384 387 388 389 390 391 392 393 394 395 396
10 374 376 377 379 381 383 385 387 389 395
11 369 371 372 373 375 377 384 385 386 388 391
17 369 370 372 373 375 376 377 378 380 381 383 387 388 391 392 393 395
16 369 370 374 375 376 377 379 381 382 383 385 387 389 390 391 396
10 369 375 378 379 381 382 384 390 394 395
18 369 370 371 372 374 375 376 377 382 384 385 386 388 389 390 391 393 395
8 370 374 375 382 386 387 389 391
8 374 377 378 379 381 382 386 388
12 371 373 374 377 381 384 387 388 390 392 393 396
12 369 371 372 373 374 375 376 379 380 385 387 393
8 369 372 377 384 386 390 391 393
8 369 371 373 389 391 393 394 396
19 369 372 373 374 375 376 377 378 379 382 383 385 386 388 389 390 391 392 396
8 371 372 374 384 385 386 387 391
12 370 374 377 378 380 382 383 384 385 388 394 396
12 369 370 371 373 374 379 380 382 383 389 390 396
18 370 374 375 376 381 382 383 384 385 386 387 389 390 391 392 393 394 395
12 369 372 375 378 380 381 386 390 392 393 395 396
12 370 371 375 378 381 385 388 391 392 393 394 395
18 370 371 372 373 374 375 376 377 379 380 382 384 385 386 387 389 390 396
8 371 374 376 377 382 383 389 396
8 381 383 384 386 391 393 394 396
18 369 370 372 373 374 375 376 377 381 383 387 388 389 390 391 392 394 395
10 369 371 372 373 374 375 377 384 387 395
18 370 371 373 374 375 376 377 378 380 384 385 386 388 391 392 393 394 396
19 369 370 371 372 374 375 376 381 382 383 385 386 387 388 390 391 392 395 396
17 369 370 371 372 374 375 376 378 381 382 385 388 389 390 393 395 396
15 369 370 371 372 374 375 376 378 380 382 385 386 388 392 393
14 369 374 375 377 378 379 381 386 387 389 392 393 395 396
11 370 374 376 380 382 385 386 390 392 393 395
19 369 370 371 372 374 375 376 377 378 379 382 383 384 385 387 388 389 390 396
8 371 375 383 384 387 390 393 394
10 373 375 379 381 384 385 386 387 391 394
10 370 371 374 375 384 387 388 389 391 395
14 370 371 372 377 379 380 382 385 386 388 392 393 395 396
16 370 374 375 379 380 381 383 385 386 387 388 390 392 394 395 396
13 369 371 373 374 376 378 381 385 387 391 392 393 396
10 369 370 375 376 378 380 384 390 391 396
9 376 378 380 381 384 386 389 390 393
9 370 376 381 383 385 387 389 393 395
13 371 372 373 374 377 379 382 384 385 387 391 394 396
12 369 371 374 377 379 380 382 384 386 387 392 395
18 369 374 376 378 380 381 382 383 384 386 388 389 390 392 393 394 395 396
10 370 371 374 375 377 382 384 387 390 393
11 370 376 379 381 382 383 385 387 389 390 393
8 372 377 379 380 382 387 388 394
12 371 373 374 375 376 378 381 386 388 393 394 395
12 371 372 373 374 375 377 381 383 387 390 393 395
8 375 379 380 381 383 385 387 394
15 369 370 373 374 375 379 380 381 382 383 384 386 389 394 396
14 369 370 373 375 377 379 381 382 384 387 391 393 394 395
9 369 371 374 378 385 386 388 393 396
9 370 375 377 383 384 388 390 391 396
10 375 377 382 384 385 387 390 391 394 395
10 370 371 376 378 379 380 383 384 385 386
14 372 373 374 375 377 380 381 382 383 387 388 390 394 395
17 369 371 372 373 376 377 378 379 380 383 384 386 389 390 391 393 396
17 369 371 372 374 375 377 378 380 381 385 387 388 389 390 394 395 396
15 372 374 375 378 379 383 384 385 386 388 390 391 393 394 395
15 373 374 375 376 380 381 382 384 386 388 389 392 393 395 396
10 370 371 376 378 379 380 381 382 388 394
12 369 370 378 381 382 384 387 388 389 391 393 394
11 371 372 373 374 383 385 388 389 390 394 395
17 369 370 371 372 375 376 377 379 382 385 387 388 389 390 392 393 395
13 370 374 376 377 378 379 381 385 386 389 391 392 393
12 369 370 374 375 376 378 381 383 386 388 390 396
15 370 372 373 374 376 377 378 379 381 384 387 389 392 393 394
11 369 370 371 372 376 379 383 384 389 394 395
11 374 377 380 381 382 387 390 391 392 393 396
16 370 373 374 377 380 381 382 387 388 389 390 391 392 393 394 395
9 370 371 382 383 384 387 389 392 393
17 371 372 373 376 377 378 380 381 382 384 385 388 390 392 393 394 396
16 369 370 372 373 374 375 381 384 387 388 389 390 391 392 393 394
14 370 371 373 376 378 380 381 382 385 387 388 390 391 392
12 370 372 377 379 380 381 384 385 386 390 392 396
19 369 370 372 374 378 379 380 381 382 384 385 386 387 390 391 392 394 395 396
12 369 370 374 378 382 384 386 387 389 391 392 394
10 373 374 378 381 382 383 384 388 392 396
9 369 373 375 376 380 381 385 389 395
10 370 372 375 378 380 385 387 390 391 394
12 400 401 405 406 407 408 412 416 417 418 419 423
6 397 398 399 401 402 415
13 398 399 400 405 406 407 408 413 415 418 419 422 424
4 413 415 419 423
14 400 401 403 404 405 407 410 411 413 415 417 418 420 424
13 397 398 399 400 406 412 414 415 419 421 422 423 424
10 398 399 400 401 403 406 408 409 417 419
7 401 404 408 413 414 419 423
8 399 401 403 404 417 418 421 424
3 405 411 421
13 397 398 402 405 406 407 408 409 410 411 414 416 422
19 398 399 400 404 405 406 408 409 410 411 412 415 416 418 419 420 421 422 423
17 397 398 399 400 402 404 405 406 411 412 413 415 416 418 421 422 423
8 404 405 407 412 413 414 416 423
8 399 409 414 416 417 418 419 422
9 399 400 402 405 411 416 417 418 422
6 398 404 406 409 414 421
4 409 417 419 423
11 398 402 405 408 409 411 415 417 418 420 424
7 400 402 409 416 417 418 421
6 403 404 411 415 419 423
5 404 405 409 411 416
13 397 399 400 401 402 407 408 411 412 415 416 422 423
8 404 405 410 416 418 420 422 424
8 399 401 403 404 408 412 414 419
7 400 407 409 411 418 420 421
16 397 398 399 402 403 404 409 410 411 413 414 415 420 421 422 424
4 409 415 423 424
7 399 400 403 406 415 417 421
3 400 412 420
13 397 398 400 401 402 403 404 406 407 408 410 423 424
21 397 398 399 400 402 403 405 406 407 409 410 411 412 415 416 417 418 420 421 422 424
7 397 399 401 402 403 404 409
10 397 399 403 404 407 408 410 417 419 421
4 412 413 415 420
12 399 400 401 404 405 406 411 412 415 416 423 424
15 397 401 402 403 404 409 410 411 412 414 416 417 420 421 423
9 397 401 402 403 407 413 414 417 424
7 397 407 410 415 422 423 424
6 398 405 406 411 413 420
11 401 402 404 407 409 410 413 414 418 421 423
8 403 404 407 413 414 417 420 422
5 401 408 409 410 412
9 400 402 412 414 416 418 421 422 424
5 397 404 406 410 414
9 397 403 407 408 409 413 418 420 422
10 401 402 403 407 408 410 413 417 418 420
8 397 399 402 406 415 416 419 423
9 403 405 410 413 417 418 419 420 424
10 397 402 410 411 415 418 420 421 422 424
4 401 409 410 414
8 405 406 408 410 412 414 423 424
13 398 400 407 411 413 415 416 417 418 419 420 421 422
5 399 409 412 413 418
10 397 400 402 406 407 408 410 414 416 420
14 397 398 399 402 406 408 409 412 414 416 419 421 422 423
11 400 405 406 411 412 413 414 416 418 420 422
3 398 401 402
15 397 398 403 404 406 407 408 412 413 415 419 420 421 423 424
12 400 403 404 405 406 407 408 411 413 414 416 420
5 397 408 411 412 414
7 397 398 403 415 416 419 424
10 399 400 405 406 408 411 412 417 420 422
7 398 401 405 417 421 422 424
6 399 401 404 405 408 416
12 399 400 401 403 407 412 413 416 419 421 422 423
9 401 404 405 407 408 410 417 419 423
15 397 398 402 403 406 410 412 413 414 415 417 419 422 423 424
7 398 400 405 411 418 421 424
19 397 398 399 400 401 403 404 406 407 409 410 412 413 414 415 416 419 421 422
11 401 403 407 408 409 410 414 417 419 420 424
10 397 398 399 403 406 409 411 413 415 420
6 410 412 418 421 422 424
8 398 401 402 407 409 413 419 423
7 398 402 410 414 417 419 421
9 402 405 408 411 417 418 420 423 424
9 401 405 406 408 416 417 418 419 423
3 411 415 419
10 398 402 406 412 413 415 417 419 422 424
11 400 407 411 413 416 417 418 419 420 421 422
7 400 407 410 413 415 417 420
6 405 408 410 412 423 424
9 398 404 406 413 415 419 421 423 424
5 403 404 411 419 423
8 403 407 408 414 417 419 420 424
6 401 405 408 417 419 423
2 417 423
3 398 411 421
3 400 411 421
6 397 409 411 413 415 420
9 398 402 406 412 414 415 419 422 423
2 413 419
3 403 411 415
10 397 399 403 404 410 413 414 421 422 424
4 408 410 414 424
6 397 399 407 417 419 421
7 397 399 403 404 408 417 419
4 398 406 411 413
4 401 408 409 410
9 397 404 410 411 413 414 415 420 424
8 397 405 406 408 409 410 414 416
10 397 404 406 407 408 413 419 421 423 424
2 409 423
6 397 399 402 406 416 419
5 410 415 422 423 424
4 407 410 415 424
3 399 404 405
10 400 401 403 404 411 413 417 418 420 424
3 410 418 424
6 400 405 406 407 416 419
6 397 411 418 420 422 424
12 398 403 404 406 407 408 412 413 419 420 423 424
6 397 399 401 402 403 404
4 405 421 422 424
8 402 410 415 418 420 421 422 424
2 415 419
5 398 402 410 419 421
8 398 399 405 406 408 413 418 419
4 398 405 406 411
7 400 405 406 411 413 418 420
5 397 402 410 411 422
10 397 399 400 402 407 408 411 415 416 422
6 408 410 412 414 423 424
2 413 415
13 397 398 399 401 406 407 410 412 414 415 416 419 421
4 397 399 406 419
9 402 405 408 409 415 417 418 420 424
2 415 419
3 397 406 410
6 407 413 414 417 420 422
10 403 404 406 408 412 413 419 420 421 423
7 403 404 407 413 414 417 422
7 406 412 416 417 418 419 423
5 397 399 403 404 408
10 397 400 401 402 407 408 411 415 416 423
3 410 422 423
4 399 406 417 421
9 400 405 406 411 412 413 416 418 422
5 402 409 416 417 418
7 397 402 411 415 418 421 424
7 404 405 406 411 415 416 423
4 398 401 421 422
3 397 408 414
5 397 398 401 402 415
5 398 403 415 416 419
4 398 405 406 413
15 398 399 400 405 406 408 409 410 411 412 415 416 419 420 421
4 399 417 418 421
7 399 400 401 406 409 417 419
7 398 412 414 415 419 422 424
8 400 404 405 413 415 417 418 420
10 399 400 401 403 412 413 419 421 422 423
7 400 407 411 413 415 417 419
3 401 410 412
6 397 403 406 411 415 420
1 411
3 412 413 420
4 407 410 415 422
4 403 413 414 422
7 399 403 413 416 421 422 423
3 405 411 424
4 404 406 410 414
4 401 404 405 408
3 409 415 424
11 398 399 402 404 405 406 411 413 416 418 421
3 398 414 421
9 398 399 400 405 413 415 419 422 424
2 413 419
7 398 402 405 409 411 417 424
2 417 423
8 400 401 406 411 412 415 416 424
9 399 400 401 403 407 412 413 422 423
6 404 405 407 408 417 423
6 397 401 403 413 414 424
1 421
15 398 399 402 405 406 407 409 410 411 415 416 417 420 421 422
4 397 407 410 424
7 400 401 405 406 412 416 424
10 397 398 400 401 403 404 406 408 410 423
4 404 405 413 416
4 400 402 409 421
5 397 407 410 422 423
4 400 402 409 421
3 403 404 423
7 400 402 412 414 421 422 424
7 403 407 409 413 418 420 422
6 404 405 410 416 418 424
6 399 401 408 412 414 419
9 400 401 402 407 408 411 415 416 422
5 399 416 417 419 422
2 412 413
5 401 405 417 422 424
11 399 406 408 409 412 414 416 419 421 422 423
4 398 406 409 414
8 401 402 403 407 408 413 417 420
16 397 398 399 400 401 403 404 406 407 410 412 413 414 415 421 422
9 399 400 406 407 408 413 418 422 424
6 398 401 407 413 419 423
1 400
7 399 403 404 417 418 421 424
1 401
5 400 408 412 417 420
4 399 401 405 408
7 405 406 412 414 416 418 422
7 400 404 407 410 411 420 424
13 397 398 400 401 403 406 407 409 412 414 415 419 421
7 397 398 399 400 412 421 423
5 398 405 411 418 424
3 408 411 414
2 408 411
1 401
6 405 406 411 413 416 422
2 413 420
5 405 411 417 420 424
6 397 398 399 406 409 411
3 397 403 424
2 411 414
7 397 402 411 415 418 421 424
6 405 410 416 420 422 424
6 401 407 409 410 414 419
7 397 407 408 409 418 420 422
7 400 406 407 408 411 416 420
2 397 406
10 398 399 400 406 412 415 419 421 422 423
4 399 406 415 416
5 397 415 416 419 424
5 401 402 407 409 423
10 399 400 404 405 411 412 415 416 423 424
11 397 401 404 410 411 412 414 417 420 421 423
11 403 406 409 411 412 416 417 418 420 422 424
5 403 407 408 413 422
1 405
4 397 404 406 410
8 399 405 406 411 412 417 420 422
9 399 400 401 404 406 411 412 423 424
6 411 412 413 416 420 422
4 398 406 411 420
4 410 412 422 424
9 398 407 411 413 415 416 417 420 421
4 405 408 420 424
5 399 402 406 416 419
11 397 402 406 412 413 414 415 417 422 423 424
8 399 400 401 404 405 412 415 416
8 399 400 401 402 407 411 415 423
4 402 414 417 421
7 406 407 412 416 417 419 423
8 400 401 405 407 410 411 418 424
8 399 403 404 407 408 410 417 419
13 398 405 406 411 412 415 416 418 419 420 421 422 423
4 409 417 418 421
2 399 418
4 404 409 411 416
9 400 401 405 406 408 412 417 418 419
11 400 401 403 404 405 410 415 417 418 420 424
8 398 400 406 407 413 415 418 419
3 412 413 418
5 400 414 416 421 422
7 397 400 402 407 410 414 416
8 397 399 412 414 415 419 423 424
5 399 401 404 405 408
16 398 399 400 405 406 408 409 410 411 412 415 416 418 419 420 422
8 399 400 406 411 412 417 420 422
11 397 399 400 403 409 412 414 416 419 421 422
11 398 399 402 406 407 408 409 415 417 418 419
17 397 399 400 404 406 408 409 410 415 416 417 418 419 420 421 423 424
12 399 401 403 405 406 409 413 417 418 419 420 422
9 397 404 405 409 410 412 416 419 422
12 398 402 404 407 408 409 410 411 414 415 417 419
16 397 398 399 401 404 407 408 409 412 414 415 417 418 419 421 424
13 398 399 400 401 408 409 410 411 412 416 417 419 422
9 400 405 407 410 412 413 415 419 420
10 398 399 403 407 414 419 420 421 422 423
18 397 398 399 400 402 403 405 406 407 412 413 414 415 417 418 420 421 423
17 398 399 400 401 403 405 407 409 410 411 412 414 417 418 419 422 424
10 401 404 405 410 412 416 418 420 421 422
10 397 399 401 402 404 407 408 411 414 416
18 399 400 401 402 403 404 406 407 409 411 412 414 416 418 419 420 422 424
9 398 400 403 406 407 409 415 418 420
10 398 399 401 408 411 414 415 418 419 423
10 397 399 401 402 404 406 407 412 415 424
16 397 398 400 401 402 403 404 405 408 409 410 414 417 421 422 424
9 397 403 409 412 418 419 420 421 422
10 398 402 403 408 413 417 418 419 422 424
15 398 399 401 402 403 406 407 408 409 412 413 416 417 420 423
16 397 398 399 403 405 406 407 409 410 411 413 414 415 417 418 421
13 397 398 400 401 403 405 409 414 415 416 417 418 419
11 397 400 402 403 404 406 411 413 414 417 424
16 397 400 401 403 404 405 406 407 409 411 414 416 418 419 423 424
13 397 399 405 409 411 412 414 415 417 419 420 423 424
10 397 398 399 405 408 412 414 415 416 419
18 397 399 401 402 403 404 405 406 407 409 410 411 412 415 418 419 422 424
15 398 399 400 402 403 404 405 410 412 413 414 415 418 420 422
11 399 402 404 405 406 407 409 413 415 416 418
9 398 400 407 413 416 417 418 419 420
16 397 398 399 401 402 403 407 408 411 412 413 414 415 416 419 421
12 397 398 402 404 405 406 408 411 417 418 422 423
17 397 399 402 403 406 407 409 411 412 414 415 417 418 419 421 422 423
17 397 400 401 402 403 404 406 412 413 414 415 416 417 418 419 423 424
12 397 398 401 405 407 409 414 417 419 420 422 424
13 401 402 403 406 408 410 411 412 413 414 416 419 422
19 397 398 399 401 402 404 405 406 411 412 413 414 415 416 417 420 422 423 424
17 397 398 404 405 406 410 411 412 415 416 417 418 419 420 421 422 424
15 401 403 404 406 407 411 412 414 415 416 419 420 421 422 424
15 399 400 402 404 405 408 409 411 412 414 418 419 421 423 424
8 400 407 410 412 415 416 417 421
13 398 399 401 404 406 408 410 415 416 419 420 423 424
18 397 398 399 402 406 407 410 411 412 413 414 415 416 418 420 422 423 424
10 402 403 404 415 416 417 418 419 422 424
13 397 398 401 405 406 407 411 413 416 417 420 423 424
16 397 398 402 403 404 407 408 409 410 412 413 418 419 421 423 424
13 399 401 408 410 411 412 417 418 419 421 422 423 424
14 397 398 399 400 401 403 407 414 416 418 419 420 421 423
17 397 398 399 401 405 408 409 410 412 413 414 415 417 418 419 421 423
19 397 398 399 403 405 407 408 409 410 411 412 413 414 415 416 417 418 420 421
8 397 399 400 402 405 410 411 413
8 400 404 406 411 414 416 417 424
12 398 399 404 405 406 407 411 413 414 415 420 424
17 397 400 402 403 404 405 406 407 408 409 410 411 412 413 414 415 419
18 397 398 399 400 401 402 403 404 406 408 409 412 413 416 417 419 420 424
10 397 400 405 407 408 410 414 415 420 423
18 397 399 401 403 404 405 406 408 411 413 414 415 417 418 419 420 421 424
10 398 402 408 412 414 415 416 421 423 424
17 397 398 401 403 404 407 408 409 410 412 413 414 415 416 417 423 424
17 398 399 400 404 408 410 412 414 416 417 418 419 420 421 422 423 424
16 399 402 403 404 407 408 411 412 413 415 416 418 419 420 422 424
16 397 402 403 405 408 409 411 412 413 414 415 416 419 421 423 424
16 401 402 403 405 406 408 410 412 413 414 416 418 419 420 421 424
19 399 403 404 407 408 409 411 412 413 414 415 416 417 418 419 420 421 422 423
15 397 399 400 401 402 403 404 406 410 412 414 416 420 421 424
13 399 401 402 403 404 408 409 410 414 415 417 421 424
10 399 400 401 402 404 406 408 411 413 423
16 397 398 399 401 402 403 404 406 409 412 413 416 418 420 421 424
8 397 398 399 402 405 415 418 420
11 397 399 400 402 403 404 411 418 420 422 423
17 398 401 402 403 405 406 408 409 410 412 413 414 417 420 421 423 424
18 397 398 403 404 405 408 409 411 412 415 416 417 418 419 420 422 423 424
8 401 403 404 406 407 409 418 422
19 398 400 401 402 403 404 406 407 408 409 410 411 412 413 415 417 418 419 422
14 397 399 400 401 402 404 407 408 411 414 415 417 419 421
11 397 400 402 403 406 407 408 409 413 416 420
18 397 398 400 401 402 403 406 409 410 411 413 414 415 416 418 419 420 423
10 398 402 403 404 405 407 408 409 420 421
9 397 404 408 410 414 415 420 422 424
16 398 402 403 404 405 406 410 411 412 414 415 417 419 420 422 423
18 400 402 403 404 405 406 407 409 410 411 412 413 414 415 416 417 418 423
17 397 401 402 403 405 406 407 408 409 410 412 413 414 417 420 421 423
12 398 400 405 407 409 412 413 414 418 419 420 423
14 400 401 403 406 410 411 413 415 416 419 421 422 423 424
13 397 399 402 403 404 405 408 409 410 411 412 415 418
14 397 401 402 403 404 407 408 410 411 417 418 421 422 424
12 397 401 402 404 405 406 407 410 412 414 417 422
16 398 399 400 402 403 404 407 409 412 414 416 419 420 421 423 424
14 398 399 400 401 402 408 410 413 414 416 418 420 421 424
12 400 401 403 405 406 408 410 411 412 417 419 424
18 397 399 400 402 404 407 409 411 412 414 415 416 417 419 421 422 423 424
14 397 401 402 405 406 407 408 410 413 416 417 419 422 424
13 398 400 402 403 407 409 413 414 415 416 417 421 422
14 397 400 402 403 409 410 411 413 417 418 420 421 422 424
11 397 398 405 407 409 411 413 414 417 419 422
11 397 398 400 401 405 409 410 411 418 420 424
18 397 399 400 401 403 404 405 407 408 412 413 414 416 417 418 419 423 424
11 398 401 404 405 408 410 413 416 419 421 424
18 397 398 399 400 401 402 403 404 406 408 410 411 412 413 415 416 417 419
18 399 400 402 403 406 407 410 411 412 413 414 415 416 417 418 420 422 423
16 399 400 402 403 404 405 407 408 410 411 413 417 418 419 420 424
14 397 398 400 404 405 406 407 408 410 416 417 419 422 424
16 397 399 403 405 406 408 410 411 415 416 417 420 421 422 423 424
12 402 403 404 408 409 415 416 417 419 421 422 423
9 401 403 404 405 410 411 415 421 424
16 399 401 406 407 408 409 410 411 413 414 416 417 419 420 421 424
16 398 399 400 404 406 408 409 410 412 413 414 416 417 420 421 423
13 397 398 399 401 405 407 408 411 412 413 415 416 423
16 397 398 399 400 403 404 407 408 412 415 416 418 419 420 421 422
12 397 398 400 401 402 405 406 407 408 414 422 424
11 397 400 401 402 408 409 410 413 417 420 424
14 398 400 401 403 404 405 407 414 415 416 417 419 420 421
10 399 405 406 408 413 415 418 419 420 422
19 398 399 400 403 404 405 406 407 409 410 411 412 414 416 419 420 421 422 424
9 400 401 403 404 412 418 421 423 424
11 403 406 407 408 410 412 414 416 419 420 421
13 397 399 400 404 405 407 410 412 413 418 419 420 424
17 401 402 403 404 405 408 410 412 413 414 415 418 419 420 422 423 424
11 398 401 402 405 407 408 409 412 413 419 420
14 398 400 401 403 406 407 409 410 411 412 417 421 422 424
18 398 401 403 404 406 408 410 411 414 415 416 418 419 420 421 422 423 424
11 397 399 401 404 407 413 414 417 418 420 422
8 398 400 404 411 416 417 420 421
15 397 398 399 401 405 408 410 413 414 415 416 419 420 422 424
18 398 399 400 403 406 407 408 411 413 414 416 417 418 419 420 421 423 424
16 397 398 400 401 403 405 407 408 410 415 416 417 420 421 422 423
11 402 403 404 405 407 411 413 414 415 416 419
9 397 398 400 404 405 409 417 422 423
11 400 401 403 406 410 412 418 419 421 422 424
9 397 398 402 406 409 411 412 418 419
19 397 398 399 400 401 402 403 407 408 411 413 414 415 416 417 419 420 421 422
11 398 400 401 404 405 406 408 409 410 417 418
14 399 401 402 404 406 407 408 411 412 413 414 415 418 422
19 397 398 399 402 403 404 405 406 407 409 410 412 414 416 417 420 421 422 424
10 397 398 400 403 407 408 409 410 418 421
12 399 400 403 404 405 407 411 414 418 419 420 424
10 399 404 407 410 411 413 417 418 419 421
16 397 398 399 400 403 404 408 410 411 413 414 415 416 419 420 424
15 400 402 403 405 407 409 410 411 413 414 415 416 417 418 421
17 398 399 402 404 406 407 408 409 412 413 415 418 419 420 422 423 424
17 397 398 400 401 403 404 405 406 407 408 409 411 414 416 422 423 424
13 399 400 405 407 410 412 413 416 419 420 421 422 424
19 397 398 400 401 403 404 405 407 409 410 411 412 415 416 417 420 421 422 423
18 397 399 400 402 403 404 405 406 407 408 413 414 416 418 420 421 422 423
9 397 398 401 410 412 416 420 421 424
11 398 400 407 408 409 410 412 413 414 415 422
18 397 398 399 400 402 403 404 405 406 407 408 409 413 416 418 419 421 424
14 400 402 403 405 407 409 411 412 413 415 416 417 421 424
10 398 399 406 407 409 411 412 414 415 417
18 397 398 400 403 404 406 408 409 411 412 413 417 418 420 421 422 423 424
11 397 399 406 409 411 416 417 418 421 423 424
16 397 398 399 400 401 403 404 408 409 414 418 419 420 421 422 423
16 398 399 402 403 405 410 411 412 413 414 416 417 418 421 422 424
17 397 398 399 406 407 408 409 410 413 414 416 417 418 419 421 422 424
15 397 398 400 401 403 404 408 409 412 414 416 417 418 419 422
16 397 399 401 402 403 408 409 410 414 417 418 419 420 422 423 424
16 397 399 400 401 402 405 406 409 412 416 417 418 419 420 421 422
16 397 399 400 402 403 409 410 412 414 415 416 418 419 420 422 424
10 399 401 402 406 407 409 414 419 422 423
13 399 400 401 406 409 411 412 413 414 415 416 422 424
14 398 401 402 405 406 409 411 412 417 418 419 420 422 423
11 398 406 407 412 413 414 415 418 421 423 424
15 397 398 399 404 407 408 409 414 416 417 419 421 422 423 424
11 402 406 407 408 410 412 413 416 417 419 422
19 397 399 400 401 403 404 406 408 409 410 411 412 413 415 417 418 419 422 424
16 397 400 401 402 403 406 408 409 412 413 414 416 417 418 421 423
17 398 399 400 401 403 405 410 411 412 414 415 417 418 420 421 422 423
11 398 404 407 409 416 418 419 420 421 422 423
12 397 400 402 405 415 416 418 419 421 422 423 424
13 403 404 405 407 410 413 416 417 419 421 422 423 424
9 400 404 405 406 408 415 419 420 422
14 398 400 401 403 404 406 412 416 417 419 420 421 423 424
15 400 401 402 405 406 407 408 410 411 413 416 417 419 421 422
10 400 406 411 412 413 417 418 419 421 422
14 400 402 403 406 407 410 411 412 413 414 415 419 420 424
14 398 399 400 401 405 406 407 410 416 417 419 420 421 422
9 400 403 407 409 412 415 416 420 422
13 398 400 401 402 406 410 412 413 416 420 422 423 424
9 397 399 403 405 408 416 420 422 423
17 397 398 399 400 402 404 405 407 408 411 414 415 416 417 418 421 422
18 398 399 400 401 402 404 406 407 408 409 410 411 413 414 417 418 421 422
9 398 399 409 411 412 415 419 422 423
18 397 399 401 403 405 407 408 409 411 412 415 417 418 420 421 422 423 424
9 403 409 410 411 417 419 420 422 424
14 398 399 403 405 407 408 410 411 413 418 419 421 423 424
19 397 398 399 401 402 403 404 406 408 410 411 412 415 418 420 421 422 423 424
